"","player_id_sofascore","skin_color_dim3","black"
"1",46714,"Medium",0
"2",131815,"White",0
"3",19063,"White",0
"4",13204,"Medium",0
"5",131716,"White",0
"6",156019,"Black",1
"7",147269,"Medium",0
"8",17966,"White",0
"9",928124,"White",0
"10",126699,"Medium",0
"11",26991,"Black",1
"12",43903,"Medium",0
"13",186845,"White",0
"14",802149,"Black",1
"15",50490,"White",0
"16",137667,"White",0
"17",15444,"White",0
"18",2009,"White",0
"19",84854,"Black",1
"20",4726,"Medium",0
"21",27678,"White",0
"22",5846,"Black",1
"23",47908,"Black",1
"24",19438,"White",0
"25",750,"Medium",0
"26",250737,"White",0
"27",47743,"Black",1
"28",294597,"White",0
"29",329519,"White",0
"30",844480,"White",0
"31",836168,"White",0
"32",158241,"Medium",0
"33",357756,"White",0
"34",590262,"White",0
"35",39482,"Medium",0
"36",587628,"Medium",0
"37",893640,"Medium",0
"38",832208,"White",0
"39",845386,"White",0
"40",8713,"Black",1
"41",249629,"Medium",0
"42",5712,"White",0
"43",592794,"White",0
"44",153257,"Medium",0
"45",41234,"Medium",0
"46",126071,"Black",1
"47",99546,"White",0
"48",40965,"White",0
"49",138605,"White",0
"50",158277,"Medium",0
"51",106258,"White",0
"52",784655,"White",0
"53",32493,"Medium",0
"54",133236,"Medium",0
"55",838232,"White",0
"56",136322,"Medium",0
"57",263651,"White",0
"58",880207,"Medium",0
"59",338991,"Medium",0
"60",331405,"Black",1
"61",44848,"White",0
"62",42147,"White",0
"63",548178,"Medium",0
"64",191188,"Black",1
"65",814589,"White",0
"66",587962,"Medium",0
"67",249399,"White",0
"68",55314,"White",0
"69",824509,"Medium",0
"70",318607,"White",0
"71",34125,"White",0
"72",227864,"Medium",0
"73",67769,"Medium",0
"74",89510,"Medium",0
"75",135700,"Medium",0
"76",839981,"Medium",0
"77",96370,"White",0
"78",188405,"White",0
"79",359226,"Black",1
"80",851284,"Black",1
"81",823733,"Medium",0
"82",76095,"White",0
"83",826707,"Medium",0
"84",131108,"White",0
"85",10122,"White",0
"86",98212,"Medium",0
"87",589620,"White",0
"88",44001,"White",0
"89",49406,"White",0
"90",15635,"White",0
"91",132704,"White",0
"92",123208,"Black",1
"93",187121,"White",0
"94",122711,"White",0
"95",41448,"Medium",0
"96",97978,"White",0
"97",184421,"Medium",0
"98",783716,"White",0
"99",249251,"White",0
"100",130801,"White",0
"101",146613,"White",0
"102",892673,"White",0
"103",5544,"White",0
"104",325129,"White",0
"105",801280,"Black",1
"106",126963,"White",0
"107",151960,"White",0
"108",11657,"White",0
"109",43970,"White",0
"110",332155,"White",0
"111",893642,"White",0
"112",288321,"White",0
"113",32040,"White",0
"114",287573,"White",0
"115",6557,"Medium",0
"116",41157,"White",0
"117",139267,"Medium",0
"118",293581,"Medium",0
"119",187119,"White",0
"120",18083,"Medium",0
"121",359272,"Medium",0
"122",138165,"Medium",0
"123",44906,"White",0
"124",804434,"Medium",0
"125",39348,"Black",1
"126",97404,"Black",1
"127",235400,"Medium",0
"128",822468,"Black",1
"129",29746,"Medium",0
"130",793645,"White",0
"131",80406,"White",0
"132",100580,"Medium",0
"133",15529,"Medium",0
"134",46972,"White",0
"135",100570,"White",0
"136",4370,"Medium",0
"137",548848,"White",0
"138",152420,"Medium",0
"139",27569,"Medium",0
"140",108484,"Black",1
"141",26097,"Medium",0
"142",186855,"White",0
"143",555540,"Medium",0
"144",758876,"Medium",0
"145",864898,"White",0
"146",851596,"Medium",0
"147",14990,"White",0
"148",611210,"White",0
"149",79853,"Medium",0
"150",815202,"White",0
"151",829932,"Medium",0
"152",12673,"Black",1
"153",14251,"Medium",0
"154",19394,"Medium",0
"155",787642,"White",0
"156",10077,"White",0
"157",151470,"White",0
"158",541574,"Medium",0
"159",826198,"White",0
"160",812946,"Black",1
"161",877103,"Medium",0
"162",2695,"Medium",0
"163",318603,"White",0
"164",109461,"White",0
"165",238408,"Black",1
"166",148745,"Medium",0
"167",189135,"White",0
"168",21992,"White",0
"169",839818,"Black",1
"170",53816,"Medium",0
"171",11621,"Medium",0
"172",148458,"Medium",0
"173",569556,"White",0
"174",851222,"Medium",0
"175",284363,"White",0
"176",227212,"Medium",0
"177",273405,"White",0
"178",850035,"Medium",0
"179",126816,"White",0
"180",13592,"White",0
"181",23213,"White",0
"182",331447,"White",0
"183",76122,"Medium",0
"184",111416,"White",0
"185",45923,"White",0
"186",249929,"Medium",0
"187",267619,"White",0
"188",293127,"White",0
"189",317301,"White",0
"190",35656,"White",0
"191",44932,"Medium",0
"192",328103,"White",0
"193",2951,"Medium",0
"194",55119,"Medium",0
"195",139397,"Medium",0
"196",5465,"Medium",0
"197",61445,"White",0
"198",842513,"Black",1
"199",295973,"Medium",0
"200",320979,"White",0
"201",559470,"White",0
"202",38574,"White",0
"203",14376,"Medium",0
"204",329175,"White",0
"205",151003,"White",0
"206",79680,"White",0
"207",17814,"White",0
"208",356352,"White",0
"209",100389,"White",0
"210",115516,"White",0
"211",377118,"White",0
"212",33381,"White",0
"213",38162,"Black",1
"214",195850,"White",0
"215",119242,"Black",1
"216",82943,"White",0
"217",18954,"Medium",0
"218",165583,"Medium",0
"219",885197,"Black",1
"220",365992,"White",0
"221",14718,"Medium",0
"222",168647,"White",0
"223",46798,"White",0
"224",371222,"Medium",0
"225",43476,"White",0
"226",48077,"White",0
"227",220223,"White",0
"228",800417,"Black",1
"229",158235,"Black",1
"230",139229,"Black",1
"231",38618,"White",0
"232",331853,"Black",1
"233",170887,"White",0
"234",830551,"Medium",0
"235",98003,"Medium",0
"236",46799,"Black",1
"237",363860,"White",0
"238",892924,"Black",1
"239",367056,"Black",1
"240",43905,"White",0
"241",44104,"White",0
"242",836683,"Medium",0
"243",865651,"White",0
"244",2949,"White",0
"245",107936,"Medium",0
"246",49518,"Medium",0
"247",187205,"White",0
"248",27982,"Medium",0
"249",158615,"Medium",0
"250",108800,"White",0
"251",294313,"Medium",0
"252",32742,"Black",1
"253",823984,"Medium",0
"254",78893,"Black",1
"255",363856,"White",0
"256",287057,"White",0
"257",235672,"Medium",0
"258",147467,"White",0
"259",43910,"Medium",0
"260",131916,"White",0
"261",29718,"Medium",0
"262",44003,"White",0
"263",573596,"Medium",0
"264",32985,"Medium",0
"265",142037,"Medium",0
"266",172599,"White",0
"267",96649,"White",0
"268",147368,"White",0
"269",25522,"White",0
"270",41008,"White",0
"271",131342,"White",0
"272",22975,"Medium",0
"273",43941,"Medium",0
"274",190159,"White",0
"275",127000,"White",0
"276",280613,"White",0
"277",100569,"Medium",0
"278",803031,"White",0
"279",124992,"Medium",0
"280",138156,"White",0
"281",256219,"Medium",0
"282",385320,"White",0
"283",27234,"White",0
"284",215956,"Black",1
"285",141664,"White",0
"286",40983,"Medium",0
"287",41270,"White",0
"288",1127439,"Medium",0
"289",592012,"White",0
"290",333589,"Medium",0
"291",26025,"White",0
"292",76063,"White",0
"293",573616,"White",0
"294",826186,"White",0
"295",341143,"White",0
"296",12656,"Medium",0
"297",14933,"White",0
"298",147465,"Medium",0
"299",156566,"White",0
"300",893998,"White",0
"301",385386,"Black",1
"302",347494,"Medium",0
"303",41310,"White",0
"304",350210,"White",0
"305",232224,"Black",1
"306",253367,"White",0
"307",369866,"White",0
"308",135590,"White",0
"309",28142,"White",0
"310",327429,"White",0
"311",133735,"White",0
"312",48563,"White",0
"313",183483,"White",0
"314",28186,"Medium",0
"315",139410,"White",0
"316",791190,"White",0
"317",68076,"White",0
"318",11692,"White",0
"319",97938,"Medium",0
"320",46800,"Medium",0
"321",257587,"Medium",0
"322",830288,"Medium",0
"323",91046,"White",0
"324",43908,"Medium",0
"325",885683,"Black",1
"326",553686,"Black",1
"327",330705,"White",0
"328",126236,"White",0
"329",113700,"White",0
"330",25577,"Medium",0
"331",250547,"White",0
"332",888537,"White",0
"333",19352,"White",0
"334",176615,"Medium",0
"335",44136,"White",0
"336",580638,"White",0
"337",877201,"White",0
"338",100568,"White",0
"339",217784,"White",0
"340",18841,"Black",1
"341",151124,"White",0
"342",148899,"Medium",0
"343",69295,"White",0
"344",148566,"Medium",0
"345",189127,"White",0
"346",15190,"White",0
"347",17799,"White",0
"348",98058,"White",0
"349",132852,"Medium",0
"350",88697,"Black",1
"351",923803,"White",0
"352",233252,"White",0
"353",785444,"White",0
"354",13148,"Black",1
"355",2069,"Medium",0
"356",806968,"Medium",0
"357",23571,"White",0
"358",2033,"White",0
"359",139262,"White",0
"360",788027,"White",0
"361",44138,"Medium",0
"362",100408,"White",0
"363",33596,"Medium",0
"364",115666,"Medium",0
"365",161325,"White",0
"366",797893,"White",0
"367",329417,"Medium",0
"368",41450,"Medium",0
"369",25530,"Black",1
"370",863271,"White",0
"371",122848,"Medium",0
"372",98197,"White",0
"373",126733,"White",0
"374",96702,"Black",1
"375",36784,"White",0
"376",362686,"White",0
"377",189009,"White",0
"378",33903,"White",0
"379",826188,"White",0
"380",826190,"White",0
"381",176301,"Medium",0
"382",916680,"Black",1
"383",352736,"White",0
"384",814624,"White",0
"385",788895,"Black",1
"386",893643,"Black",1
"387",155449,"White",0
"388",839982,"White",0
"389",38533,"Black",1
"390",26937,"White",0
"391",860435,"White",0
"392",361788,"White",0
"393",925133,"Medium",0
"394",796987,"White",0
"395",844234,"White",0
"396",826196,"Medium",0
"397",227866,"White",0
"398",12616,"Medium",0
"399",792312,"White",0
"400",43985,"White",0
"401",356032,"White",0
"402",377302,"White",0
"403",249627,"Black",1
"404",233826,"Medium",0
"405",253387,"White",0
"406",47568,"White",0
"407",46707,"Medium",0
"408",919805,"White",0
"409",152082,"Medium",0
"410",295133,"Medium",0
"411",335887,"White",0
"412",183249,"Medium",0
"413",965008,"White",0
"414",169165,"White",0
"415",931290,"White",0
"416",858148,"White",0
"417",181575,"Black",1
"418",826841,"White",0
"419",139273,"White",0
"420",70930,"Medium",0
"421",373740,"White",0
"422",787404,"White",0
"423",558896,"White",0
"424",840219,"Medium",0
"425",280991,"White",0
"426",596736,"White",0
"427",812829,"White",0
"428",971006,"Black",1
"429",19373,"White",0
"430",284361,"White",0
"431",340525,"White",0
"432",221738,"White",0
"433",552508,"Medium",0
"434",599606,"White",0
"435",148191,"Medium",0
"436",769783,"White",0
"437",947171,"Medium",0
"438",27955,"White",0
"439",816839,"Black",1
"440",930360,"White",0
"441",844498,"White",0
"442",139798,"White",0
"443",960006,"Black",1
"444",937324,"White",0
"445",865798,"White",0
"446",104822,"Black",1
"447",79645,"Medium",0
"448",11654,"White",0
"449",886243,"White",0
"450",2089,"White",0
"451",103156,"Medium",0
"452",871765,"White",0
"453",328109,"White",0
"454",825851,"Black",1
"455",124318,"White",0
"456",13270,"White",0
"457",243175,"Medium",0
"458",362222,"White",0
"459",116623,"Black",1
"460",158621,"Medium",0
"461",148740,"White",0
"462",41444,"Medium",0
"463",24818,"White",0
"464",36912,"Medium",0
"465",914765,"White",0
"466",48543,"White",0
"467",901891,"White",0
"468",2899,"White",0
"469",840510,"White",0
"470",158573,"Black",1
"471",311396,"White",0
"472",782636,"White",0
"473",325121,"White",0
"474",826195,"White",0
"475",148314,"White",0
"476",43852,"Medium",0
"477",556960,"Medium",0
"478",793702,"White",0
"479",954855,"White",0
"480",1023080,"White",0
"481",951927,"Medium",0
"482",827372,"White",0
"483",888949,"Medium",0
"484",991352,"White",0
"485",978285,"Black",1
"486",826192,"Medium",0
"487",928879,"White",0
"488",75994,"White",0
"489",227194,"Black",1
"490",929752,"White",0
"491",942992,"Medium",0
"492",139235,"Black",1
"493",136856,"Medium",0
"494",826185,"White",0
"495",942990,"White",0
"496",80074,"White",0
"497",982601,"White",0
"498",909668,"Medium",0
"499",930191,"White",0
"500",876242,"White",0
"501",1009387,"Medium",0
"502",909669,"White",0
"503",892674,"White",0
"504",970988,"Medium",0
"505",795926,"White",0
"506",861818,"Black",1
"507",1046788,"White",0
"508",928572,"White",0
"509",256667,"White",0
"510",847025,"White",0
"511",826180,"Black",1
"512",876860,"White",0
"513",848420,"White",0
"514",1020897,"White",0
"515",27991,"White",0
"516",928777,"Black",1
"517",867734,"Medium",0
"518",46420,"White",0
"519",862484,"White",0
"520",863276,"White",0
"521",970928,"Medium",0
"522",928800,"White",0
"523",14762,"White",0
"524",340509,"White",0
"525",319847,"Black",1
"526",558738,"White",0
"527",132318,"Medium",0
"528",158599,"Medium",0
"529",190437,"White",0
"530",149606,"Medium",0
"531",34120,"Medium",0
"532",37151,"Medium",0
"533",152769,"White",0
"534",333261,"Medium",0
"535",47741,"Medium",0
"536",31273,"White",0
"537",21535,"White",0
"538",123228,"White",0
"539",69367,"White",0
"540",47171,"White",0
"541",971037,"Black",1
"542",893752,"White",0
"543",928106,"Black",1
"544",795044,"White",0
"545",10589,"Black",1
"546",150383,"White",0
"547",794950,"White",0
"548",74506,"Black",1
"549",31585,"Black",1
"550",105734,"White",0
"551",928857,"Black",1
"552",932856,"White",0
"553",13918,"White",0
"554",24248,"Medium",0
"555",851223,"Medium",0
"556",970978,"Medium",0
"557",958982,"White",0
"558",965014,"White",0
"559",957602,"White",0
"560",1001689,"White",0
"561",798147,"White",0
"562",893993,"Medium",0
"563",815553,"White",0
"564",855850,"Black",1
"565",363792,"White",0
"566",35428,"Medium",0
"567",173349,"Medium",0
"568",139256,"White",0
"569",190435,"Medium",0
"570",43872,"Medium",0
"571",248125,"White",0
"572",81827,"White",0
"573",139524,"Medium",0
"574",165735,"Medium",0
"575",845023,"White",0
"576",79423,"White",0
"577",888219,"Black",1
"578",170499,"Black",1
"579",38764,"Medium",0
"580",552532,"Black",1
"581",917327,"Black",1
"582",279563,"White",0
"583",839223,"White",0
"584",927304,"White",0
"585",881931,"Black",1
"586",907072,"White",0
"587",862373,"Medium",0
"588",253391,"White",0
"589",14374,"White",0
"590",45362,"White",0
"591",100565,"White",0
"592",184417,"White",0
"593",21264,"White",0
"594",296432,"Medium",0
"595",132295,"White",0
"596",41468,"Medium",0
"597",826170,"White",0
"598",7472,"Medium",0
"599",38710,"White",0
"600",874481,"Black",1
"601",1001033,"White",0
"602",1864973,"White",0
"603",798180,"White",0
"604",171677,"Medium",0
"605",40963,"White",0
"606",958521,"White",0
"607",41191,"White",0
"608",587824,"White",0
"609",225132,"Medium",0
"610",848185,"Medium",0
"611",605580,"Medium",0
"612",80110,"White",0
"613",541578,"Black",1
"614",347454,"White",0
"615",789234,"White",0
"616",928796,"White",0
"617",164511,"Black",1
"618",804901,"White",0
"619",826555,"White",0
"620",344847,"Black",1
"621",226972,"White",0
"622",139585,"White",0
"623",24939,"Medium",0
"624",131901,"Medium",0
"625",71203,"White",0
"626",807291,"Medium",0
"627",841199,"White",0
"628",795861,"White",0
"629",41445,"Medium",0
"630",795056,"White",0
"631",794927,"White",0
"632",966869,"White",0
"633",928921,"White",0
"634",587708,"White",0
"635",341495,"Medium",0
"636",831799,"Medium",0
"637",887275,"White",0
"638",838805,"White",0
"639",792311,"White",0
"640",232774,"White",0
"641",807301,"Medium",0
"642",284371,"White",0
"643",357638,"White",0
"644",317699,"Black",1
"645",336813,"Medium",0
"646",310874,"White",0
"647",352802,"Medium",0
"648",308182,"White",0
"649",385330,"White",0
"650",788061,"Black",1
"651",818440,"Medium",0
"652",150611,"Medium",0
"653",802138,"Black",1
"654",909991,"Medium",0
"655",308054,"Black",1
"656",792283,"White",0
"657",187841,"Medium",0
"658",826570,"Medium",0
"659",984039,"White",0
"660",895868,"White",0
"661",795297,"Medium",0
"662",44453,"White",0
"663",983510,"Medium",0
"664",796507,"Medium",0
"665",789958,"Medium",0
"666",851070,"White",0
"667",965011,"White",0
"668",324353,"White",0
"669",983572,"Black",1
"670",849161,"Medium",0
"671",814842,"White",0
"672",943926,"Medium",0
"673",831286,"Medium",0
"674",259281,"White",0
"675",998523,"Black",1
"676",918838,"White",0
"677",1014694,"Medium",0
"678",842364,"White",0
"679",850952,"Medium",0
"680",1009346,"White",0
"681",946985,"Medium",0
"682",965330,"Black",1
"683",356160,"White",0
"684",870263,"White",0
"685",1187063,"Black",1
"686",995284,"Medium",0
"687",840414,"White",0
"688",958517,"White",0
"689",348370,"White",0
"690",925242,"White",0
"691",284367,"White",0
"692",984040,"White",0
"693",144076,"White",0
"694",606940,"White",0
"695",996829,"White",0
"696",1099368,"White",0
"697",34221,"White",0
"698",580750,"Black",1
"699",21608,"White",0
"700",18886,"Medium",0
"701",301164,"White",0
"702",812145,"White",0
"703",42987,"White",0
"704",45925,"Medium",0
"705",901850,"White",0
"706",961688,"Black",1
"707",940692,"White",0
"708",928814,"White",0
"709",827640,"White",0
"710",11601,"Medium",0
"711",862075,"Medium",0
"712",1099371,"Black",1
"713",553606,"White",0
"714",284349,"Medium",0
"715",934498,"Black",1
"716",943212,"White",0
"717",958167,"Black",1
"718",986352,"White",0
"719",984184,"White",0
"720",877414,"White",0
"721",176765,"White",0
"722",1064426,"Medium",0
"723",967510,"Black",1
"724",970862,"Medium",0
"725",982559,"White",0
"726",147700,"White",0
"727",980383,"Medium",0
"728",1009691,"Medium",0
"729",284355,"Black",1
"730",125660,"Medium",0
"731",930851,"Black",1
"732",877371,"White",0
"733",822471,"Black",1
"734",835485,"White",0
"735",814594,"Medium",0
"736",18342,"Medium",0
"737",316170,"White",0
"738",138152,"Medium",0
"739",125407,"Medium",0
"740",122701,"Medium",0
"741",149735,"Black",1
"742",30127,"White",0
"743",876236,"White",0
"744",96372,"White",0
"745",604954,"White",0
"746",1008097,"Black",1
"747",285949,"Medium",0
"748",843200,"White",0
"749",870893,"Medium",0
"750",143061,"White",0
"751",1001770,"Black",1
"752",788255,"Black",1
"753",917007,"Black",1
"754",1002902,"Black",1
"755",914895,"White",0
"756",862697,"White",0
"757",856062,"Black",1
"758",1017649,"White",0
"759",835600,"White",0
"760",973536,"White",0
"761",759520,"Black",1
"762",881024,"White",0
"763",917048,"White",0
"764",918836,"Medium",0
"765",928779,"Medium",0
"766",227082,"White",0
"767",111487,"White",0
"768",587126,"White",0
"769",930189,"Medium",0
"770",812332,"Medium",0
"771",825861,"White",0
"772",250931,"Medium",0
"773",183481,"White",0
"774",21927,"White",0
"775",943595,"White",0
"776",106713,"White",0
"777",224456,"White",0
"778",22447,"White",0
"779",335823,"White",0
"780",880061,"Medium",0
"781",804621,"Black",1
"782",800373,"White",0
"783",76132,"Medium",0
"784",928104,"White",0
"785",788884,"White",0
"786",98075,"White",0
"787",79403,"Black",1
"788",902019,"White",0
"789",25963,"White",0
"790",580512,"Medium",0
"791",373724,"Medium",0
"792",11658,"White",0
"793",186953,"Medium",0
"794",805983,"Medium",0
"795",845344,"White",0
"796",869275,"White",0
"797",133792,"Medium",0
"798",263567,"Medium",0
"799",888340,"White",0
"800",1022084,"White",0
"801",841399,"White",0
"802",967747,"White",0
"803",849274,"Medium",0
"804",901325,"Medium",0
"805",832076,"White",0
"806",788185,"Medium",0
"807",802143,"Black",1
"808",354576,"White",0
"809",191210,"Black",1
"810",139272,"Medium",0
"811",377512,"White",0
"812",232096,"White",0
"813",896180,"Black",1
"814",831290,"Black",1
"815",795541,"White",0
"816",126982,"White",0
"817",926892,"White",0
"818",1032022,"White",0
"819",963398,"Medium",0
"820",142860,"White",0
"821",309156,"Black",1
"822",981644,"White",0
"823",868323,"Black",1
"824",787959,"Medium",0
"825",43830,"White",0
"826",836093,"White",0
"827",187111,"Medium",0
"828",787941,"Black",1
"829",803033,"White",0
"830",149732,"Black",1
"831",287659,"White",0
"832",987489,"Black",1
"833",980624,"White",0
"834",963211,"Black",1
"835",963084,"White",0
"836",788170,"Black",1
"837",915812,"Medium",0
"838",812207,"Black",1
"839",862372,"White",0
"840",587882,"Medium",0
"841",1010062,"White",0
"842",1009268,"White",0
"843",996820,"Medium",0
"844",918482,"Medium",0
"845",966560,"Medium",0
"846",791566,"Medium",0
"847",882004,"White",0
"848",981574,"Medium",0
"849",972886,"White",0
"850",889785,"Medium",0
"851",915280,"Black",1
"852",882041,"White",0
"853",250501,"Black",1
"854",386230,"White",0
"855",997103,"White",0
"856",1012176,"White",0
"857",964153,"White",0
"858",1019953,"White",0
"859",1108921,"Black",1
"860",132661,"White",0
"861",137775,"Medium",0
"862",862475,"Medium",0
"863",1012175,"White",0
"864",28378,"White",0
"865",1067220,"White",0
"866",814214,"White",0
"867",870762,"Medium",0
"868",802142,"Black",1
"869",1012248,"Black",1
"870",824584,"White",0
"871",946888,"Black",1
"872",576078,"White",0
"873",231614,"Black",1
"874",826208,"White",0
"875",876235,"White",0
"876",80802,"Medium",0
"877",1092563,"White",0
"878",1171674,"Medium",0
"879",1050692,"Medium",0
"880",17740,"Black",1
"881",991493,"Medium",0
"882",1000018,"White",0
"883",940262,"Black",1
"884",1105074,"Black",1
"885",997143,"Black",1
"886",1012182,"White",0
"887",1013418,"White",0
"888",922928,"Medium",0
"889",1168044,"Medium",0
"890",327755,"Medium",0
"891",1008111,"White",0
"892",905264,"White",0
"893",922186,"White",0
"894",933263,"Black",1
"895",828971,"White",0
"896",863022,"White",0
"897",994017,"Medium",0
"898",826206,"Black",1
"899",804909,"White",0
"900",914487,"Medium",0
"901",988839,"Black",1
"902",1155625,"White",0
"903",845802,"Black",1
"904",27921,"White",0
"905",965016,"Medium",0
"906",918440,"White",0
"907",1034303,"White",0
"908",1186444,"Black",1
"909",987250,"Black",1
"910",80203,"Medium",0
"911",1010223,"White",0
"912",1136399,"White",0
"913",130802,"White",0
"914",814876,"White",0
"915",1118232,"Black",1
"916",1121578,"White",0
"917",1107477,"White",0
"918",1012383,"White",0
"919",1012172,"White",0
"920",890910,"White",0
"921",1067207,"White",0
"922",917248,"Medium",0
"923",832375,"Medium",0
"924",1133119,"White",0
"925",1050349,"White",0
"926",1216323,"White",0
"927",152276,"Medium",0
"928",17737,"Medium",0
"929",875295,"White",0
"930",610766,"Black",1
"931",39070,"Medium",0
"932",835601,"Black",1
"933",754794,"White",0
"934",353250,"White",0
"935",135647,"White",0
"936",798002,"White",0
"937",357598,"White",0
"938",965778,"Medium",0
"939",98440,"Medium",0
"940",839226,"Medium",0
"941",847097,"Medium",0
"942",25566,"Medium",0
"943",912786,"Medium",0
"944",359640,"Black",1
"945",954888,"Medium",0
"946",913401,"White",0
"947",976037,"White",0
"948",208988,"Medium",0
"949",850891,"White",0
"950",817979,"Black",1
"951",879746,"White",0
"952",352768,"Black",1
"953",770677,"Black",1
"954",377108,"Black",1
"955",807400,"Medium",0
"956",357588,"Medium",0
"957",848279,"Medium",0
"958",575852,"White",0
"959",983059,"Black",1
"960",850971,"Medium",0
"961",786175,"White",0
"962",945616,"White",0
"963",796658,"White",0
"964",859917,"White",0
"965",1137730,"White",0
"966",842158,"Black",1
"967",318657,"White",0
"968",886628,"White",0
"969",796673,"White",0
"970",911350,"Black",1
"971",844609,"White",0
"972",856729,"White",0
"973",934238,"Medium",0
"974",152910,"Medium",0
"975",346676,"White",0
"976",838907,"Medium",0
"977",78939,"White",0
"978",802665,"White",0
"979",822518,"Medium",0
"980",158037,"White",0
"981",758664,"Medium",0
"982",812314,"White",0
"983",541464,"Medium",0
"984",973300,"Medium",0
"985",830667,"White",0
"986",126989,"White",0
"987",924690,"Medium",0
"988",845797,"Medium",0
"989",845271,"Medium",0
"990",149659,"Black",1
"991",844292,"White",0
"992",603738,"Black",1
"993",906110,"Medium",0
"994",965264,"White",0
"995",971005,"White",0
"996",1012179,"White",0
"997",990050,"Medium",0
"998",896569,"Medium",0
"999",889259,"White",0
"1000",869888,"White",0
"1001",30027,"Medium",0
"1002",1082406,"Medium",0
"1003",924973,"White",0
"1004",905453,"Black",1
"1005",886930,"White",0
"1006",897594,"White",0
"1007",960080,"Black",1
"1008",1001828,"Black",1
"1009",928122,"White",0
"1010",893008,"Medium",0
"1011",827473,"White",0
"1012",891346,"White",0
"1013",796443,"Medium",0
"1014",927188,"Black",1
"1015",132410,"White",0
"1016",792308,"Black",1
"1017",831677,"White",0
"1018",859024,"White",0
"1019",818481,"Black",1
"1020",907152,"White",0
"1021",1157713,"Black",1
"1022",918873,"White",0
"1023",989276,"White",0
"1024",1065937,"White",0
"1025",131910,"White",0
"1026",1000366,"Black",1
"1027",965828,"White",0
"1028",1128063,"White",0
"1029",933203,"White",0
"1030",1141665,"Black",1
"1031",1086417,"White",0
"1032",255389,"Medium",0
"1033",932643,"Black",1
"1034",814882,"Medium",0
"1035",867546,"Black",1
"1036",901885,"White",0
"1037",1000015,"Black",1
"1038",1142612,"White",0
"1039",842709,"White",0
"1040",1014682,"White",0
"1041",989371,"Black",1
"1042",795696,"White",0
"1043",355486,"White",0
"1044",988037,"Black",1
"1045",1122910,"Medium",0
"1046",996812,"White",0
"1047",906021,"Medium",0
"1048",1153083,"White",0
"1049",1098541,"White",0
"1050",1015274,"White",0
"1051",787498,"Black",1
"1052",105905,"Black",1
"1053",865646,"White",0
"1054",1014286,"Black",1
"1055",996919,"Black",1
"1056",1100272,"Medium",0
"1057",997215,"Medium",0
"1058",1119364,"Medium",0
"1059",1102659,"White",0
"1060",15497,"Medium",0
"1061",928431,"White",0
"1062",1101992,"White",0
"1063",876259,"White",0
"1064",1069011,"White",0
"1065",1087744,"White",0
"1066",931267,"White",0
"1067",1046323,"White",0
"1068",1001725,"Black",1
"1069",1108074,"White",0
"1070",246319,"White",0
"1071",877037,"Medium",0
"1072",936122,"White",0
"1073",931266,"White",0
"1074",148824,"White",0
"1075",798664,"White",0
"1076",1030829,"White",0
"1077",827934,"Black",1
"1078",920744,"White",0
"1079",1011494,"Medium",0
"1080",110781,"Medium",0
"1081",1086199,"White",0
"1082",965795,"White",0
"1083",843156,"Black",1
"1084",1087316,"White",0
"1085",794784,"White",0
"1086",253369,"White",0
"1087",1133052,"White",0
"1088",1083104,"White",0
"1089",929775,"White",0
"1090",1127232,"Black",1
"1091",146951,"White",0
"1092",954036,"Medium",0
"1093",993389,"Medium",0
"1094",1484652,"White",0
"1095",1414275,"Black",1
"1096",793986,"Medium",0
"1097",1121184,"White",0
"1098",1174458,"White",0
"1099",1120038,"Black",1
"1100",954291,"Black",1
"1101",918862,"White",0
"1102",1136819,"Black",1
"1103",1171621,"White",0
"1104",960441,"White",0
"1105",190399,"Black",1
"1106",259995,"Medium",0
"1107",967722,"Black",1
"1108",824200,"Black",1
"1109",944899,"Medium",0
"1110",929199,"White",0
"1111",357596,"White",0
"1112",319129,"White",0
"1113",44241,"White",0
"1114",22126,"Black",1
"1115",805078,"Medium",0
"1116",126588,"White",0
"1117",845486,"Black",1
"1118",847467,"White",0
"1119",609206,"Black",1
"1120",788284,"White",0
"1121",96547,"Black",1
"1122",545780,"Medium",0
"1123",111802,"Black",1
"1124",305278,"White",0
"1125",869273,"White",0
"1126",947954,"Medium",0
"1127",1142825,"White",0
"1128",826003,"Medium",0
"1129",869795,"Black",1
"1130",1106257,"Black",1
"1131",595900,"White",0
"1132",946006,"Medium",0
"1133",979479,"White",0
"1134",1140001,"Medium",0
"1135",348088,"White",0
"1136",857671,"Black",1
"1137",845291,"White",0
"1138",914501,"White",0
"1139",1137431,"Black",1
"1140",962029,"White",0
"1141",16206,"Medium",0
"1142",906275,"Black",1
"1143",190933,"Medium",0
"1144",921789,"White",0
"1145",846081,"Medium",0
"1146",318967,"Black",1
"1147",1064080,"White",0
"1148",1137268,"White",0
"1149",927030,"White",0
"1150",1397168,"Black",1
"1151",857772,"Medium",0
"1152",841977,"White",0
"1153",856065,"White",0
"1154",1127590,"Black",1
"1155",976381,"White",0
"1156",877013,"Medium",0
"1157",1009661,"White",0
"1158",351434,"Black",1
"1159",976401,"White",0
"1160",962364,"White",0
"1161",855810,"Black",1
"1162",1149011,"White",0
"1163",870211,"White",0
"1164",920391,"Black",1
"1165",383314,"White",0
"1166",965009,"White",0
"1167",1000150,"Black",1
"1168",898815,"White",0
"1169",944327,"Medium",0
"1170",1127191,"Medium",0
"1171",1137366,"White",0
"1172",893549,"Medium",0
"1173",917485,"Medium",0
"1174",280087,"Medium",0
"1175",338099,"White",0
"1176",856638,"White",0
"1177",800408,"Medium",0
"1178",983815,"Black",1
"1179",860306,"White",0
"1180",1086992,"White",0
"1181",839156,"White",0
"1182",834597,"White",0
"1183",882592,"White",0
"1184",934409,"White",0
"1185",984926,"White",0
"1186",1143547,"Black",1
"1187",1105138,"White",0
"1188",1092409,"White",0
"1189",1067204,"White",0
"1190",286087,"White",0
"1191",947929,"White",0
"1192",1100207,"White",0
"1193",992912,"White",0
"1194",1004505,"Black",1
"1195",822163,"Medium",0
"1196",1111640,"White",0
"1197",895592,"White",0
"1198",991416,"White",0
"1199",856216,"Medium",0
"1200",150998,"White",0
"1201",964154,"White",0
"1202",190319,"White",0
"1203",1390489,"White",0
"1204",1063373,"White",0
"1205",1015287,"Black",1
"1206",1101751,"White",0
"1207",1387352,"White",0
"1208",1431516,"Black",1
"1209",1142248,"White",0
"1210",1017372,"White",0
"1211",978562,"Medium",0
"1212",1096210,"Black",1
"1213",26965,"White",0
"1214",98059,"Medium",0
"1215",1164381,"Black",1
"1216",1176744,"White",0
"1217",1095023,"White",0
"1218",1210848,"White",0
"1219",1183625,"White",0
"1220",1520771,"White",0
"1221",807295,"White",0
"1222",283851,"White",0
"1223",1214992,"White",0
"1224",1175821,"Medium",0
"1225",1525361,"Medium",0
"1226",352728,"White",0
"1227",1001847,"White",0
"1228",1397348,"Medium",0
"1229",1466543,"Black",1
"1230",1184308,"White",0
"1231",1149138,"Black",1
"1232",970938,"White",0
"1233",1167928,"White",0
"1234",1136034,"White",0
"1235",1445228,"White",0
"1236",945798,"Black",1
"1237",984998,"White",0
"1238",826064,"White",0
"1239",982615,"Black",1
"1240",884980,"Medium",0
"1241",1069244,"Black",1
"1242",929631,"Medium",0
"1243",974863,"Medium",0
"1244",826189,"White",0
"1245",1154898,"White",0
"1246",1093695,"White",0
"1247",233856,"White",0
"1248",859266,"White",0
"1249",576438,"White",0
"1250",848355,"White",0
"1251",790817,"White",0
"1252",139228,"Black",1
"1253",802034,"Medium",0
"1254",1068581,"White",0
"1255",973290,"Black",1
"1256",1389689,"Medium",0
"1257",1019892,"Medium",0
"1258",1142149,"White",0
"1259",1525367,"Black",1
"1260",979593,"Medium",0
"1261",1471569,"Black",1
"1262",1116577,"Medium",0
"1263",913762,"White",0
"1264",1457821,"Black",1
"1265",1397756,"White",0
"1266",983575,"Medium",0
"1267",1397478,"Medium",0
"1268",1462307,"White",0
"1269",1492729,"Medium",0
"1270",1154617,"Medium",0
"1271",1141167,"White",0
"1272",1858820,"Medium",0
"1273",17756,"White",0
"1274",595572,"Medium",0
"1275",1085555,"White",0
"1276",1100840,"White",0
"1277",1169409,"Black",1
"1278",301162,"Medium",0
"1279",1009363,"Medium",0
"1280",797286,"White",0
"1281",791702,"Black",1
"1282",142148,"Medium",0
"1283",794338,"Medium",0
"1284",58351,"Black",1
"1285",964119,"Black",1
"1286",284441,"Black",1
"1287",817957,"Medium",0
"1288",865523,"Medium",0
"1289",822470,"Black",1
"1290",839909,"White",0
"1291",842582,"Black",1
"1292",852404,"Medium",0
"1293",848287,"Black",1
"1294",787505,"White",0
"1295",97410,"White",0
"1296",1177401,"Medium",0
"1297",360396,"Black",1
"1298",891656,"Medium",0
"1299",830858,"Black",1
"1300",190405,"White",0
"1301",19382,"Black",1
"1302",846441,"White",0
"1303",1017392,"White",0
"1304",892735,"Black",1
"1305",364716,"White",0
"1306",588160,"White",0
"1307",81150,"Medium",0
"1308",217472,"Medium",0
"1309",43954,"White",0
"1310",797596,"Medium",0
"1311",131557,"White",0
"1312",137664,"White",0
"1313",32038,"Medium",0
"1314",44140,"White",0
"1315",815809,"White",0
"1316",339867,"White",0
"1317",827935,"Black",1
"1318",41034,"White",0
"1319",41222,"White",0
"1320",93870,"Medium",0
"1321",80691,"Medium",0
"1322",126563,"White",0
"1323",41026,"White",0
"1324",915451,"Black",1
"1325",152117,"White",0
"1326",130807,"White",0
"1327",134137,"Medium",0
"1328",265147,"Medium",0
"1329",131004,"White",0
"1330",131870,"White",0
"1331",126988,"White",0
"1332",131111,"White",0
"1333",829581,"White",0
"1334",39311,"White",0
"1335",47609,"Medium",0
"1336",370218,"White",0
"1337",789233,"Black",1
"1338",267703,"White",0
"1339",818259,"Medium",0
"1340",147593,"White",0
"1341",305676,"Medium",0
"1342",261013,"White",0
"1343",788834,"Black",1
"1344",806019,"White",0
"1345",863903,"White",0
"1346",332989,"Black",1
"1347",132408,"White",0
"1348",27956,"Medium",0
"1349",11739,"White",0
"1350",171697,"White",0
"1351",132099,"Medium",0
"1352",121181,"White",0
"1353",100579,"White",0
"1354",818469,"Medium",0
"1355",152483,"White",0
"1356",812225,"White",0
"1357",587830,"White",0
"1358",592688,"Medium",0
"1359",75806,"Medium",0
"1360",928766,"Medium",0
"1361",345207,"Medium",0
"1362",32976,"Medium",0
"1363",76032,"White",0
"1364",307266,"Medium",0
"1365",299870,"Medium",0
"1366",151910,"White",0
"1367",44134,"White",0
"1368",780206,"Medium",0
"1369",874583,"Medium",0
"1370",136718,"White",0
"1371",276007,"Medium",0
"1372",139276,"White",0
"1373",169485,"White",0
"1374",184419,"White",0
"1375",812345,"White",0
"1376",794250,"Medium",0
"1377",44023,"Medium",0
"1378",75900,"White",0
"1379",67590,"White",0
"1380",133938,"White",0
"1381",80037,"White",0
"1382",846576,"White",0
"1383",137663,"White",0
"1384",260491,"White",0
"1385",125831,"White",0
"1386",131851,"White",0
"1387",259959,"Medium",0
"1388",43921,"Medium",0
"1389",222012,"White",0
"1390",387154,"Medium",0
"1391",363872,"White",0
"1392",848144,"Black",1
"1393",840740,"Medium",0
"1394",555740,"Medium",0
"1395",801951,"White",0
"1396",308692,"Medium",0
"1397",920375,"Black",1
"1398",915281,"White",0
"1399",76038,"White",0
"1400",363858,"Medium",0
"1401",61526,"White",0
"1402",119518,"Medium",0
"1403",294341,"White",0
"1404",134107,"White",0
"1405",46719,"White",0
"1406",44130,"White",0
"1407",116666,"White",0
"1408",126241,"White",0
"1409",795794,"White",0
"1410",369056,"Medium",0
"1411",132325,"Medium",0
"1412",350478,"White",0
"1413",45817,"White",0
"1414",788028,"White",0
"1415",12663,"Medium",0
"1416",795259,"Medium",0
"1417",363852,"White",0
"1418",126743,"White",0
"1419",151484,"White",0
"1420",927312,"White",0
"1421",587716,"Medium",0
"1422",131143,"White",0
"1423",76048,"White",0
"1424",125925,"Medium",0
"1425",132154,"White",0
"1426",796175,"Medium",0
"1427",116667,"Medium",0
"1428",139389,"White",0
"1429",135602,"White",0
"1430",139254,"White",0
"1431",351978,"Medium",0
"1432",21942,"Medium",0
"1433",260623,"White",0
"1434",43829,"White",0
"1435",347458,"White",0
"1436",361174,"White",0
"1437",377156,"White",0
"1438",94255,"White",0
"1439",79626,"Medium",0
"1440",587608,"White",0
"1441",928103,"White",0
"1442",142904,"White",0
"1443",171625,"White",0
"1444",132556,"Medium",0
"1445",346948,"White",0
"1446",27912,"White",0
"1447",80995,"White",0
"1448",44046,"White",0
"1449",80842,"White",0
"1450",8429,"White",0
"1451",833436,"White",0
"1452",131819,"White",0
"1453",839487,"White",0
"1454",252893,"Black",1
"1455",833438,"White",0
"1456",76165,"White",0
"1457",24927,"White",0
"1458",19218,"Black",1
"1459",928125,"White",0
"1460",5572,"Medium",0
"1461",43938,"White",0
"1462",139094,"White",0
"1463",131007,"Medium",0
"1464",859739,"Medium",0
"1465",559058,"White",0
"1466",851099,"Medium",0
"1467",137665,"White",0
"1468",19409,"White",0
"1469",839224,"White",0
"1470",849214,"White",0
"1471",928854,"White",0
"1472",891308,"White",0
"1473",122079,"Medium",0
"1474",13992,"Medium",0
"1475",76133,"White",0
"1476",153212,"Medium",0
"1477",43932,"Medium",0
"1478",31176,"White",0
"1479",15441,"White",0
"1480",76167,"White",0
"1481",336793,"White",0
"1482",79636,"White",0
"1483",131985,"White",0
"1484",47197,"White",0
"1485",17759,"Medium",0
"1486",795677,"Medium",0
"1487",139415,"White",0
"1488",139271,"Medium",0
"1489",76027,"White",0
"1490",595160,"White",0
"1491",126880,"Medium",0
"1492",137946,"White",0
"1493",32974,"Medium",0
"1494",346744,"White",0
"1495",139394,"Medium",0
"1496",106260,"White",0
"1497",168655,"Medium",0
"1498",128958,"White",0
"1499",572976,"White",0
"1500",157641,"Medium",0
"1501",235656,"White",0
"1502",80118,"White",0
"1503",579042,"White",0
"1504",139789,"White",0
"1505",86364,"Medium",0
"1506",848215,"Medium",0
"1507",319029,"White",0
"1508",369620,"White",0
"1509",131164,"Medium",0
"1510",792307,"White",0
"1511",843199,"Medium",0
"1512",914276,"Black",1
"1513",326165,"White",0
"1514",899302,"Black",1
"1515",250909,"White",0
"1516",313334,"Black",1
"1517",44114,"Medium",0
"1518",76087,"Medium",0
"1519",183509,"White",0
"1520",260985,"White",0
"1521",294317,"Medium",0
"1522",920407,"Black",1
"1523",826693,"White",0
"1524",132357,"White",0
"1525",103040,"White",0
"1526",76029,"White",0
"1527",915907,"Medium",0
"1528",15404,"White",0
"1529",826197,"White",0
"1530",44031,"White",0
"1531",135269,"Medium",0
"1532",43965,"White",0
"1533",813078,"Medium",0
"1534",318601,"White",0
"1535",81175,"White",0
"1536",169585,"White",0
"1537",139274,"White",0
"1538",838904,"White",0
"1539",126940,"White",0
"1540",42768,"Medium",0
"1541",21436,"White",0
"1542",283167,"White",0
"1543",260607,"White",0
"1544",125874,"White",0
"1545",105964,"White",0
"1546",27811,"White",0
"1547",227872,"White",0
"1548",849009,"Medium",0
"1549",147232,"White",0
"1550",202036,"Medium",0
"1551",806008,"White",0
"1552",893922,"White",0
"1553",139412,"White",0
"1554",551410,"White",0
"1555",98073,"White",0
"1556",168747,"Black",1
"1557",827265,"White",0
"1558",136947,"Medium",0
"1559",792135,"White",0
"1560",139245,"Medium",0
"1561",558552,"White",0
"1562",11068,"White",0
"1563",209940,"Medium",0
"1564",326159,"White",0
"1565",126702,"Medium",0
"1566",17611,"Medium",0
"1567",86988,"Medium",0
"1568",19172,"White",0
"1569",848566,"White",0
"1570",828654,"White",0
"1571",541714,"White",0
"1572",13048,"Medium",0
"1573",1778,"Medium",0
"1574",173353,"White",0
"1575",14144,"White",0
"1576",366156,"Medium",0
"1577",43964,"Medium",0
"1578",80689,"White",0
"1579",852480,"White",0
"1580",893753,"White",0
"1581",990726,"Black",1
"1582",77653,"White",0
"1583",41455,"Medium",0
"1584",42337,"Medium",0
"1585",71285,"Medium",0
"1586",801483,"White",0
"1587",79644,"White",0
"1588",17926,"White",0
"1589",259851,"White",0
"1590",892671,"White",0
"1591",76168,"White",0
"1592",131778,"White",0
"1593",318605,"White",0
"1594",814430,"White",0
"1595",41010,"White",0
"1596",941554,"Black",1
"1597",604884,"Medium",0
"1598",209082,"White",0
"1599",759650,"Medium",0
"1600",847376,"Medium",0
"1601",352748,"Medium",0
"1602",283337,"White",0
"1603",347952,"White",0
"1604",137930,"White",0
"1605",835596,"White",0
"1606",895703,"Medium",0
"1607",862464,"White",0
"1608",284391,"Medium",0
"1609",851690,"White",0
"1610",313022,"White",0
"1611",806058,"White",0
"1612",94562,"White",0
"1613",971051,"White",0
"1614",347728,"Medium",0
"1615",865645,"Medium",0
"1616",795048,"White",0
"1617",826704,"White",0
"1618",794071,"White",0
"1619",44004,"White",0
"1620",148199,"White",0
"1621",132507,"White",0
"1622",981665,"White",0
"1623",54242,"White",0
"1624",176403,"Medium",0
"1625",176321,"White",0
"1626",896581,"Medium",0
"1627",319309,"White",0
"1628",967028,"White",0
"1629",145379,"Medium",0
"1630",928174,"White",0
"1631",887555,"White",0
"1632",548654,"White",0
"1633",14019,"White",0
"1634",25531,"White",0
"1635",317299,"Medium",0
"1636",132173,"Medium",0
"1637",139399,"White",0
"1638",993116,"White",0
"1639",177295,"White",0
"1640",43980,"Medium",0
"1641",946982,"White",0
"1642",843083,"Black",1
"1643",144481,"White",0
"1644",553508,"Medium",0
"1645",95687,"White",0
"1646",932024,"Black",1
"1647",572744,"White",0
"1648",198156,"White",0
"1649",872432,"Medium",0
"1650",1063761,"Medium",0
"1651",794260,"White",0
"1652",356020,"Medium",0
"1653",136976,"Medium",0
"1654",176099,"White",0
"1655",804128,"White",0
"1656",358604,"White",0
"1657",839840,"White",0
"1658",131834,"White",0
"1659",48734,"White",0
"1660",814179,"White",0
"1661",848264,"White",0
"1662",24800,"White",0
"1663",946304,"Medium",0
"1664",949789,"White",0
"1665",879956,"White",0
"1666",604898,"White",0
"1667",185349,"White",0
"1668",790707,"Medium",0
"1669",976416,"Medium",0
"1670",991929,"White",0
"1671",928753,"White",0
"1672",43982,"White",0
"1673",805096,"White",0
"1674",191174,"Black",1
"1675",126302,"Medium",0
"1676",131581,"White",0
"1677",27244,"White",0
"1678",912941,"White",0
"1679",849913,"Medium",0
"1680",848182,"Black",1
"1681",1193521,"White",0
"1682",107093,"White",0
"1683",26102,"White",0
"1684",594874,"White",0
"1685",352750,"White",0
"1686",584428,"White",0
"1687",31968,"Medium",0
"1688",807292,"Black",1
"1689",356036,"White",0
"1690",587986,"White",0
"1691",792651,"White",0
"1692",874565,"White",0
"1693",12629,"White",0
"1694",250567,"White",0
"1695",44146,"White",0
"1696",971040,"Medium",0
"1697",228698,"White",0
"1698",993548,"Medium",0
"1699",1032284,"White",0
"1700",943661,"Medium",0
"1701",837833,"Black",1
"1702",219196,"White",0
"1703",125927,"White",0
"1704",2035,"White",0
"1705",74769,"White",0
"1706",76114,"Medium",0
"1707",849271,"Black",1
"1708",981664,"White",0
"1709",1001988,"Black",1
"1710",806015,"White",0
"1711",875621,"Medium",0
"1712",291715,"White",0
"1713",293295,"White",0
"1714",1013452,"White",0
"1715",827421,"White",0
"1716",971594,"Medium",0
"1717",991433,"White",0
"1718",352278,"White",0
"1719",966263,"Black",1
"1720",994967,"White",0
"1721",1008507,"White",0
"1722",945633,"White",0
"1723",273393,"Medium",0
"1724",856776,"Medium",0
"1725",991450,"Medium",0
"1726",994972,"White",0
"1727",994971,"Medium",0
"1728",256959,"Medium",0
"1729",1035013,"White",0
"1730",867628,"White",0
"1731",977078,"White",0
"1732",75866,"Medium",0
"1733",962366,"White",0
"1734",970855,"Medium",0
"1735",974571,"Medium",0
"1736",41472,"Medium",0
"1737",23628,"White",0
"1738",16813,"White",0
"1739",153029,"White",0
"1740",131494,"Medium",0
"1741",891675,"Medium",0
"1742",836676,"White",0
"1743",62399,"Medium",0
"1744",543070,"White",0
"1745",848385,"White",0
"1746",173347,"Medium",0
"1747",331751,"White",0
"1748",51021,"White",0
"1749",374506,"White",0
"1750",841065,"Black",1
"1751",186833,"White",0
"1752",833437,"White",0
"1753",839482,"Medium",0
"1754",228338,"White",0
"1755",866125,"White",0
"1756",856222,"White",0
"1757",808557,"White",0
"1758",793985,"Black",1
"1759",176229,"White",0
"1760",18948,"White",0
"1761",11647,"White",0
"1762",602392,"White",0
"1763",165743,"White",0
"1764",104922,"Medium",0
"1765",126161,"Medium",0
"1766",37269,"White",0
"1767",3186,"White",0
"1768",9421,"Black",1
"1769",1005345,"Medium",0
"1770",14901,"White",0
"1771",928180,"White",0
"1772",125807,"White",0
"1773",19420,"White",0
"1774",132407,"White",0
"1775",588096,"White",0
"1776",318645,"White",0
"1777",787830,"White",0
"1778",32042,"Medium",0
"1779",826199,"White",0
"1780",787634,"Medium",0
"1781",132335,"White",0
"1782",132286,"White",0
"1783",11724,"White",0
"1784",844612,"White",0
"1785",172107,"Medium",0
"1786",596322,"Black",1
"1787",852479,"Medium",0
"1788",595934,"Medium",0
"1789",135271,"White",0
"1790",143974,"White",0
"1791",185215,"White",0
"1792",896531,"White",0
"1793",327331,"White",0
"1794",227828,"Medium",0
"1795",795050,"White",0
"1796",848380,"White",0
"1797",44059,"White",0
"1798",111746,"White",0
"1799",46395,"White",0
"1800",282979,"White",0
"1801",822694,"Black",1
"1802",795054,"Medium",0
"1803",176167,"White",0
"1804",879901,"Medium",0
"1805",377184,"Medium",0
"1806",797245,"White",0
"1807",123875,"White",0
"1808",832948,"Medium",0
"1809",964810,"White",0
"1810",43223,"White",0
"1811",305664,"White",0
"1812",126572,"White",0
"1813",338365,"White",0
"1814",1017522,"White",0
"1815",875408,"White",0
"1816",813714,"White",0
"1817",928933,"Medium",0
"1818",926138,"White",0
"1819",286805,"White",0
"1820",895287,"White",0
"1821",823591,"White",0
"1822",43820,"White",0
"1823",108030,"White",0
"1824",77067,"Medium",0
"1825",898933,"White",0
"1826",1019955,"White",0
"1827",183685,"White",0
"1828",587906,"White",0
"1829",143945,"White",0
"1830",879722,"White",0
"1831",50479,"Medium",0
"1832",186839,"Medium",0
"1833",596008,"White",0
"1834",898934,"Medium",0
"1835",916069,"White",0
"1836",77644,"Medium",0
"1837",893798,"Black",1
"1838",933207,"White",0
"1839",911147,"White",0
"1840",1008564,"White",0
"1841",825840,"Black",1
"1842",856726,"Medium",0
"1843",1087267,"White",0
"1844",867417,"White",0
"1845",184427,"White",0
"1846",837742,"Medium",0
"1847",949780,"White",0
"1848",905458,"White",0
"1849",558536,"Black",1
"1850",791434,"White",0
"1851",878517,"White",0
"1852",131604,"Medium",0
"1853",920402,"White",0
"1854",126122,"Medium",0
"1855",80057,"Medium",0
"1856",34501,"White",0
"1857",132383,"White",0
"1858",850757,"White",0
"1859",814342,"Medium",0
"1860",993816,"White",0
"1861",60232,"White",0
"1862",151077,"White",0
"1863",151485,"White",0
"1864",44036,"White",0
"1865",829408,"White",0
"1866",935590,"White",0
"1867",848384,"White",0
"1868",943006,"White",0
"1869",1015172,"Medium",0
"1870",1002005,"White",0
"1871",358608,"Medium",0
"1872",895724,"White",0
"1873",363844,"White",0
"1874",1068629,"White",0
"1875",94781,"Medium",0
"1876",979043,"Black",1
"1877",921373,"White",0
"1878",1013239,"White",0
"1879",811672,"Black",1
"1880",865789,"White",0
"1881",179887,"Medium",0
"1882",139510,"White",0
"1883",195974,"White",0
"1884",798879,"White",0
"1885",94283,"White",0
"1886",839483,"Medium",0
"1887",896187,"Medium",0
"1888",795051,"White",0
"1889",918206,"White",0
"1890",37028,"White",0
"1891",822482,"Black",1
"1892",826162,"White",0
"1893",1067801,"Black",1
"1894",126653,"Black",1
"1895",795811,"White",0
"1896",965003,"White",0
"1897",993806,"White",0
"1898",894484,"White",0
"1899",352732,"White",0
"1900",967505,"White",0
"1901",826191,"White",0
"1902",1068358,"White",0
"1903",1092022,"White",0
"1904",1119369,"White",0
"1905",1119368,"White",0
"1906",966308,"Medium",0
"1907",809123,"White",0
"1908",965006,"White",0
"1909",844483,"Medium",0
"1910",1120766,"White",0
"1911",918872,"White",0
"1912",960302,"White",0
"1913",851221,"White",0
"1914",1009365,"White",0
"1915",970997,"White",0
"1916",944898,"Black",1
"1917",921417,"White",0
"1918",928295,"White",0
"1919",1099380,"Medium",0
"1920",839227,"White",0
"1921",80532,"White",0
"1922",898951,"Medium",0
"1923",882699,"Medium",0
"1924",918837,"Black",1
"1925",993820,"White",0
"1926",257975,"White",0
"1927",345585,"Black",1
"1928",923820,"White",0
"1929",102077,"White",0
"1930",10689,"White",0
"1931",921542,"White",0
"1932",165685,"Medium",0
"1933",177243,"Medium",0
"1934",818487,"Medium",0
"1935",345899,"Medium",0
"1936",126295,"Medium",0
"1937",96606,"White",0
"1938",32419,"White",0
"1939",839925,"Medium",0
"1940",76081,"White",0
"1941",1069547,"White",0
"1942",769775,"White",0
"1943",170885,"White",0
"1944",599788,"White",0
"1945",606920,"White",0
"1946",587682,"Medium",0
"1947",166221,"Medium",0
"1948",127936,"White",0
"1949",1084659,"Medium",0
"1950",288423,"White",0
"1951",911207,"White",0
"1952",848515,"White",0
"1953",279595,"White",0
"1954",165629,"White",0
"1955",144687,"Medium",0
"1956",353210,"White",0
"1957",350882,"White",0
"1958",560432,"Medium",0
"1959",346060,"White",0
"1960",813070,"White",0
"1961",202034,"White",0
"1962",893920,"White",0
"1963",135623,"White",0
"1964",826326,"Black",1
"1965",970778,"White",0
"1966",848074,"Black",1
"1967",914695,"Medium",0
"1968",825574,"Medium",0
"1969",586304,"White",0
"1970",1031495,"White",0
"1971",863902,"White",0
"1972",864884,"Black",1
"1973",916996,"White",0
"1974",946943,"White",0
"1975",795049,"Medium",0
"1976",812050,"White",0
"1977",861370,"White",0
"1978",911355,"Medium",0
"1979",368418,"Black",1
"1980",865773,"White",0
"1981",98063,"White",0
"1982",828570,"White",0
"1983",351880,"Black",1
"1984",1003004,"White",0
"1985",587956,"White",0
"1986",946394,"White",0
"1987",227620,"Medium",0
"1988",596178,"Medium",0
"1989",795713,"White",0
"1990",896360,"Medium",0
"1991",918112,"White",0
"1992",929758,"Medium",0
"1993",137360,"White",0
"1994",989894,"Black",1
"1995",283125,"White",0
"1996",797930,"White",0
"1997",800054,"White",0
"1998",134095,"White",0
"1999",1064122,"White",0
"2000",916543,"Black",1
"2001",758136,"Medium",0
"2002",835597,"White",0
"2003",881718,"White",0
"2004",318597,"Medium",0
"2005",868355,"White",0
"2006",1086223,"Black",1
"2007",849284,"Medium",0
"2008",1136097,"White",0
"2009",912997,"Medium",0
"2010",307036,"White",0
"2011",983033,"White",0
"2012",1534762,"Black",1
"2013",916355,"Medium",0
"2014",1013188,"Black",1
"2015",1137129,"Black",1
"2016",979231,"Black",1
"2017",777,"White",0
"2018",125932,"Medium",0
"2019",1068070,"White",0
"2020",1165030,"White",0
"2021",876949,"White",0
"2022",804932,"White",0
"2023",788306,"White",0
"2024",927315,"White",0
"2025",1012352,"White",0
"2026",993093,"Black",1
"2027",581606,"Black",1
"2028",1067048,"White",0
"2029",989582,"White",0
"2030",925206,"White",0
"2031",953900,"Medium",0
"2032",158639,"Medium",0
"2033",842354,"White",0
"2034",962018,"White",0
"2035",959592,"Medium",0
"2036",970900,"White",0
"2037",1048324,"Black",1
"2038",791203,"White",0
"2039",792319,"Black",1
"2040",1004042,"Black",1
"2041",873491,"White",0
"2042",28242,"Medium",0
"2043",220821,"Medium",0
"2044",756520,"Medium",0
"2045",928795,"White",0
"2046",227874,"White",0
"2047",934384,"White",0
"2048",795047,"White",0
"2049",1183588,"Medium",0
"2050",962999,"White",0
"2051",1155423,"White",0
"2052",345717,"White",0
"2053",1130473,"White",0
"2054",1134323,"White",0
"2055",869880,"White",0
"2056",1134748,"White",0
"2057",1190951,"Black",1
"2058",928928,"White",0
"2059",1198973,"Medium",0
"2060",1174185,"White",0
"2061",963302,"Black",1
"2062",1009693,"White",0
"2063",37705,"White",0
"2064",907676,"Black",1
"2065",1210863,"Black",1
"2066",928835,"White",0
"2067",1003504,"White",0
"2068",1212132,"White",0
"2069",1213434,"Medium",0
"2070",928318,"White",0
"2071",928798,"Medium",0
"2072",946690,"White",0
"2073",1214257,"White",0
"2074",1214258,"Medium",0
"2075",1133648,"White",0
"2076",928862,"White",0
"2077",215246,"Medium",0
"2078",913055,"White",0
"2079",807119,"White",0
"2080",44027,"Medium",0
"2081",139402,"Medium",0
"2082",249829,"White",0
"2083",587720,"White",0
"2084",848536,"Medium",0
"2085",979210,"White",0
"2086",989508,"Medium",0
"2087",833613,"White",0
"2088",865538,"White",0
"2089",1009805,"Medium",0
"2090",173351,"Medium",0
"2091",986353,"White",0
"2092",131687,"White",0
"2093",131685,"Medium",0
"2094",812722,"Medium",0
"2095",792314,"White",0
"2096",881813,"Medium",0
"2097",143101,"White",0
"2098",1000252,"Black",1
"2099",970848,"Medium",0
"2100",928830,"White",0
"2101",883355,"Black",1
"2102",855878,"White",0
"2103",917788,"White",0
"2104",916246,"Medium",0
"2105",846202,"White",0
"2106",132023,"White",0
"2107",347394,"Medium",0
"2108",906656,"White",0
"2109",143238,"White",0
"2110",910131,"White",0
"2111",351882,"Black",1
"2112",148283,"White",0
"2113",941601,"White",0
"2114",811061,"White",0
"2115",928775,"Medium",0
"2116",810139,"White",0
"2117",373354,"White",0
"2118",965005,"Medium",0
"2119",970891,"White",0
"2120",982550,"White",0
"2121",947959,"White",0
"2122",941600,"Medium",0
"2123",1015657,"White",0
"2124",872272,"White",0
"2125",21600,"White",0
"2126",345719,"White",0
"2127",928815,"White",0
"2128",918869,"Black",1
"2129",137343,"Medium",0
"2130",918868,"Medium",0
"2131",1067485,"White",0
"2132",931994,"White",0
"2133",126281,"Black",1
"2134",970570,"White",0
"2135",1017501,"White",0
"2136",928916,"White",0
"2137",166185,"White",0
"2138",970945,"Medium",0
"2139",1391304,"Medium",0
"2140",887011,"White",0
"2141",928774,"Medium",0
"2142",518,"Medium",0
"2143",873040,"Medium",0
"2144",983574,"White",0
"2145",928780,"Medium",0
"2146",1394029,"Black",1
"2147",896525,"White",0
"2148",1020921,"White",0
"2149",940544,"White",0
"2150",198358,"White",0
"2151",1007839,"White",0
"2152",1011634,"White",0
"2153",831763,"Medium",0
"2154",905004,"White",0
"2155",1394202,"White",0
"2156",991677,"White",0
"2157",996685,"White",0
"2158",1101161,"White",0
"2159",915567,"White",0
"2160",355582,"White",0
"2161",345849,"Black",1
"2162",915628,"White",0
"2163",928869,"Medium",0
"2164",990411,"White",0
"2165",882074,"White",0
"2166",816837,"White",0
"2167",977079,"White",0
"2168",73392,"White",0
"2169",1068707,"White",0
"2170",917407,"White",0
"2171",1093626,"White",0
"2172",1163083,"White",0
"2173",1011483,"Black",1
"2174",881068,"Medium",0
"2175",1068991,"White",0
"2176",260435,"Medium",0
"2177",1100837,"Medium",0
"2178",1167191,"Medium",0
"2179",1048239,"White",0
"2180",99097,"Medium",0
"2181",143695,"Black",1
"2182",941402,"White",0
"2183",928848,"White",0
"2184",1046241,"White",0
"2185",110210,"Medium",0
"2186",822505,"White",0
"2187",32893,"Medium",0
"2188",1011491,"White",0
"2189",73057,"White",0
"2190",876056,"Black",1
"2191",911848,"Medium",0
"2192",927155,"White",0
"2193",1009804,"Medium",0
"2194",928820,"Medium",0
"2195",910422,"White",0
"2196",156024,"White",0
"2197",905448,"White",0
"2198",928889,"Medium",0
"2199",1473159,"Medium",0
"2200",1139956,"White",0
"2201",1472808,"Medium",0
"2202",1121370,"White",0
"2203",1213364,"Medium",0
"2204",822485,"White",0
"2205",1013409,"Black",1
"2206",1399893,"White",0
"2207",1155585,"White",0
"2208",384470,"Medium",0
"2209",43945,"Medium",0
"2210",833958,"White",0
"2211",895579,"White",0
"2212",137155,"White",0
"2213",864731,"Black",1
"2214",167855,"White",0
"2215",914481,"White",0
"2216",914694,"Black",1
"2217",1018226,"White",0
"2218",1000292,"White",0
"2219",1012170,"White",0
"2220",1134339,"White",0
"2221",1155434,"Medium",0
"2222",38599,"Medium",0
"2223",970998,"White",0
"2224",970987,"White",0
"2225",1084967,"White",0
"2226",1068357,"Medium",0
"2227",316118,"White",0
"2228",1402217,"White",0
"2229",810706,"White",0
"2230",1100544,"Medium",0
"2231",1050695,"Medium",0
"2232",986355,"White",0
"2233",1142256,"White",0
"2234",1384847,"Medium",0
"2235",994346,"White",0
"2236",1392774,"White",0
"2237",918209,"White",0
"2238",1012114,"White",0
"2239",980967,"Medium",0
"2240",833067,"Medium",0
"2241",1011815,"Black",1
"2242",1156616,"White",0
"2243",844081,"Medium",0
"2244",972542,"Medium",0
"2245",915098,"Medium",0
"2246",871687,"Medium",0
"2247",1068885,"Medium",0
"2248",1069028,"White",0
"2249",1513570,"Black",1
"2250",917613,"Black",1
"2251",350130,"White",0
"2252",348332,"White",0
"2253",1069560,"White",0
"2254",982194,"White",0
"2255",184593,"Medium",0
"2256",913069,"White",0
"2257",102626,"White",0
"2258",849267,"Medium",0
"2259",970901,"Medium",0
"2260",284373,"Medium",0
"2261",975811,"White",0
"2262",993549,"Medium",0
"2263",1518959,"Medium",0
"2264",933641,"White",0
"2265",1006951,"Black",1
"2266",1529879,"White",0
"2267",966675,"Medium",0
"2268",915839,"Black",1
"2269",346068,"White",0
"2270",970874,"White",0
"2271",1013296,"White",0
"2272",139261,"White",0
"2273",867735,"White",0
"2274",51326,"White",0
"2275",917895,"Medium",0
"2276",864696,"White",0
"2277",951930,"White",0
"2278",1199236,"White",0
"2279",866171,"Medium",0
"2280",964713,"White",0
"2281",295289,"White",0
"2282",986305,"White",0
"2283",973222,"Black",1
"2284",1402167,"Medium",0
"2285",928871,"White",0
"2286",218298,"Black",1
"2287",1136954,"White",0
"2288",1030200,"White",0
"2289",142395,"Medium",0
"2290",1067063,"Medium",0
"2291",1001769,"White",0
"2292",1468175,"White",0
"2293",963043,"White",0
"2294",1008101,"White",0
"2295",1462287,"White",0
"2296",1084841,"Medium",0
"2297",827367,"White",0
"2298",1145633,"Black",1
"2299",1137430,"White",0
"2300",1137727,"White",0
"2301",1015856,"White",0
"2302",1035287,"White",0
"2303",994653,"Medium",0
"2304",870429,"White",0
"2305",965244,"White",0
"2306",936166,"White",0
"2307",955241,"Medium",0
"2308",1521617,"Black",1
"2309",104818,"Medium",0
"2310",345863,"Black",1
"2311",1085103,"White",0
"2312",1069034,"Medium",0
"2313",1122639,"Medium",0
"2314",1397347,"Black",1
"2315",587764,"Medium",0
"2316",1168556,"White",0
"2317",930439,"White",0
"2318",972567,"Medium",0
"2319",970395,"White",0
"2320",963038,"White",0
"2321",1100320,"Black",1
"2322",1394647,"White",0
"2323",1533787,"White",0
"2324",891877,"White",0
"2325",1068666,"White",0
"2326",1462293,"Black",1
"2327",1397822,"Black",1
"2328",1614418,"White",0
"2329",936510,"White",0
"2330",1120384,"White",0
"2331",966667,"White",0
"2332",1614419,"White",0
"2333",1106354,"White",0
"2334",862238,"White",0
"2335",980904,"White",0
"2336",1064801,"White",0
"2337",1087420,"White",0
"2338",1095905,"White",0
"2339",1473137,"White",0
"2340",966663,"Medium",0
"2341",962282,"White",0
"2342",999583,"Medium",0
"2343",953583,"White",0
"2344",1199035,"White",0
"2345",986356,"Black",1
"2346",1001974,"White",0
"2347",896466,"White",0
"2348",993281,"White",0
"2349",1137799,"Medium",0
"2350",1836735,"White",0
"2351",922927,"Medium",0
"2352",1106078,"White",0
"2353",1656634,"White",0
"2354",1190950,"Medium",0
"2355",1068715,"Medium",0
"2356",1529999,"Medium",0
"2357",139598,"White",0
"2358",1165186,"White",0
"2359",1618538,"White",0
"2360",1521040,"Medium",0
"2361",1804183,"Black",1
"2362",1011911,"Medium",0
"2363",944631,"White",0
"2364",925285,"Medium",0
"2365",168937,"White",0
"2366",35166,"White",0
"2367",187433,"Black",1
"2368",41789,"White",0
"2369",6280,"White",0
"2370",229544,"White",0
"2371",122570,"White",0
"2372",109002,"White",0
"2373",788949,"White",0
"2374",16189,"Medium",0
"2375",31861,"White",0
"2376",511,"Medium",0
"2377",15802,"White",0
"2378",335033,"Black",1
"2379",15800,"White",0
"2380",174341,"White",0
"2381",359388,"Medium",0
"2382",19208,"Medium",0
"2383",8944,"White",0
"2384",305128,"Black",1
"2385",314500,"White",0
"2386",809541,"White",0
"2387",169257,"Black",1
"2388",246431,"White",0
"2389",255873,"Medium",0
"2390",253517,"Medium",0
"2391",126670,"White",0
"2392",97925,"White",0
"2393",237068,"White",0
"2394",94286,"White",0
"2395",96366,"White",0
"2396",124294,"White",0
"2397",12189,"White",0
"2398",149479,"White",0
"2399",2379,"White",0
"2400",111483,"White",0
"2401",872919,"Medium",0
"2402",788768,"Black",1
"2403",576266,"White",0
"2404",581302,"White",0
"2405",940871,"White",0
"2406",38502,"White",0
"2407",49639,"White",0
"2408",358424,"White",0
"2409",20826,"White",0
"2410",22566,"White",0
"2411",26576,"White",0
"2412",758168,"Black",1
"2413",856553,"Black",1
"2414",163565,"Medium",0
"2415",23904,"Black",1
"2416",39015,"Medium",0
"2417",32414,"White",0
"2418",569784,"White",0
"2419",21881,"Medium",0
"2420",591588,"White",0
"2421",48240,"White",0
"2422",800411,"Medium",0
"2423",132645,"White",0
"2424",332,"Medium",0
"2425",82240,"Medium",0
"2426",97935,"White",0
"2427",123915,"White",0
"2428",95153,"Medium",0
"2429",254159,"White",0
"2430",6948,"White",0
"2431",13009,"White",0
"2432",142613,"White",0
"2433",168909,"White",0
"2434",2640,"White",0
"2435",130433,"White",0
"2436",604274,"Medium",0
"2437",791079,"White",0
"2438",147289,"White",0
"2439",799634,"Black",1
"2440",252215,"White",0
"2441",243049,"White",0
"2442",97923,"White",0
"2443",120302,"White",0
"2444",102703,"White",0
"2445",26231,"White",0
"2446",113920,"White",0
"2447",282229,"White",0
"2448",7058,"White",0
"2449",4634,"Medium",0
"2450",17979,"Black",1
"2451",22086,"Black",1
"2452",105951,"Medium",0
"2453",255999,"Medium",0
"2454",94300,"White",0
"2455",23486,"White",0
"2456",817968,"White",0
"2457",143398,"Black",1
"2458",37446,"White",0
"2459",15857,"Black",1
"2460",190917,"White",0
"2461",35194,"White",0
"2462",40244,"White",0
"2463",109296,"White",0
"2464",35680,"White",0
"2465",37752,"White",0
"2466",327863,"White",0
"2467",171961,"Medium",0
"2468",44938,"White",0
"2469",168903,"White",0
"2470",793175,"Black",1
"2471",4725,"White",0
"2472",378340,"White",0
"2473",113437,"White",0
"2474",352544,"Black",1
"2475",39733,"White",0
"2476",37096,"White",0
"2477",780014,"Black",1
"2478",136924,"White",0
"2479",135264,"Medium",0
"2480",232306,"White",0
"2481",826167,"White",0
"2482",281253,"Black",1
"2483",37378,"White",0
"2484",788352,"Black",1
"2485",359664,"Black",1
"2486",33901,"White",0
"2487",4392,"White",0
"2488",190421,"White",0
"2489",142672,"White",0
"2490",16180,"White",0
"2491",9439,"White",0
"2492",855817,"Black",1
"2493",14922,"Black",1
"2494",326021,"White",0
"2495",906049,"Medium",0
"2496",885663,"White",0
"2497",40239,"Medium",0
"2498",13028,"Black",1
"2499",10086,"Black",1
"2500",169255,"White",0
"2501",826293,"Black",1
"2502",355088,"White",0
"2503",42930,"White",0
"2504",794536,"White",0
"2505",44806,"White",0
"2506",66477,"White",0
"2507",246999,"Medium",0
"2508",26315,"White",0
"2509",136935,"White",0
"2510",368854,"White",0
"2511",35976,"White",0
"2512",30376,"White",0
"2513",577726,"White",0
"2514",96490,"White",0
"2515",103289,"White",0
"2516",174345,"White",0
"2517",254171,"White",0
"2518",37805,"White",0
"2519",180511,"White",0
"2520",138150,"White",0
"2521",885179,"White",0
"2522",8843,"White",0
"2523",800444,"White",0
"2524",169233,"White",0
"2525",37629,"White",0
"2526",987428,"White",0
"2527",129927,"White",0
"2528",869644,"White",0
"2529",37733,"White",0
"2530",902049,"Black",1
"2531",857740,"Medium",0
"2532",790151,"Black",1
"2533",845137,"Black",1
"2534",280609,"White",0
"2535",326325,"White",0
"2536",930271,"White",0
"2537",227224,"White",0
"2538",14108,"White",0
"2539",921031,"White",0
"2540",881222,"Black",1
"2541",137719,"White",0
"2542",25552,"White",0
"2543",67119,"White",0
"2544",893763,"White",0
"2545",74201,"White",0
"2546",26513,"White",0
"2547",149656,"Black",1
"2548",66514,"White",0
"2549",822743,"Black",1
"2550",16121,"White",0
"2551",254001,"White",0
"2552",948184,"Medium",0
"2553",552180,"Black",1
"2554",800419,"Black",1
"2555",201918,"Black",1
"2556",801378,"Black",1
"2557",795024,"White",0
"2558",122573,"White",0
"2559",39918,"White",0
"2560",136262,"Medium",0
"2561",168801,"White",0
"2562",814735,"White",0
"2563",26404,"Medium",0
"2564",883262,"Black",1
"2565",137053,"White",0
"2566",36949,"Medium",0
"2567",358204,"White",0
"2568",974196,"Black",1
"2569",138126,"Black",1
"2570",98210,"White",0
"2571",991378,"Black",1
"2572",906276,"Black",1
"2573",823127,"Medium",0
"2574",1019322,"White",0
"2575",1085938,"Medium",0
"2576",873554,"Medium",0
"2577",907685,"Medium",0
"2578",867858,"White",0
"2579",939609,"Medium",0
"2580",169199,"Black",1
"2581",934249,"Medium",0
"2582",842867,"White",0
"2583",26768,"White",0
"2584",931844,"Black",1
"2585",578166,"White",0
"2586",904840,"White",0
"2587",997016,"White",0
"2588",930272,"White",0
"2589",94726,"White",0
"2590",1014290,"White",0
"2591",8959,"White",0
"2592",259117,"White",0
"2593",66492,"Black",1
"2594",53825,"Medium",0
"2595",343067,"Medium",0
"2596",280441,"Black",1
"2597",788801,"White",0
"2598",138827,"Medium",0
"2599",280835,"Medium",0
"2600",823631,"Black",1
"2601",187437,"Medium",0
"2602",15219,"White",0
"2603",227672,"Black",1
"2604",24006,"White",0
"2605",18304,"Medium",0
"2606",808590,"Black",1
"2607",836705,"White",0
"2608",117373,"White",0
"2609",142619,"Medium",0
"2610",37313,"White",0
"2611",108574,"Medium",0
"2612",163673,"Medium",0
"2613",844203,"Black",1
"2614",37813,"White",0
"2615",24829,"White",0
"2616",383560,"Black",1
"2617",16632,"White",0
"2618",35612,"Medium",0
"2619",851100,"Black",1
"2620",37092,"White",0
"2621",226978,"White",0
"2622",66518,"White",0
"2623",67866,"White",0
"2624",809219,"White",0
"2625",155802,"Medium",0
"2626",40326,"White",0
"2627",156146,"White",0
"2628",796027,"White",0
"2629",134778,"White",0
"2630",94856,"White",0
"2631",142231,"White",0
"2632",319861,"White",0
"2633",280009,"White",0
"2634",842858,"White",0
"2635",787640,"Black",1
"2636",330099,"Black",1
"2637",40360,"White",0
"2638",138830,"Black",1
"2639",165413,"Medium",0
"2640",229776,"Medium",0
"2641",142208,"White",0
"2642",154040,"White",0
"2643",825771,"White",0
"2644",880796,"White",0
"2645",332995,"Medium",0
"2646",190859,"Black",1
"2647",168943,"Medium",0
"2648",70987,"White",0
"2649",45686,"Black",1
"2650",132149,"Medium",0
"2651",146500,"Black",1
"2652",116570,"White",0
"2653",355046,"White",0
"2654",124544,"White",0
"2655",192268,"Medium",0
"2656",169113,"Black",1
"2657",88494,"White",0
"2658",78781,"White",0
"2659",21931,"Black",1
"2660",591706,"Medium",0
"2661",876345,"Medium",0
"2662",142259,"White",0
"2663",354558,"Medium",0
"2664",837205,"White",0
"2665",352296,"Black",1
"2666",192308,"Black",1
"2667",584722,"White",0
"2668",361310,"White",0
"2669",40442,"White",0
"2670",40253,"Medium",0
"2671",827522,"Medium",0
"2672",38440,"White",0
"2673",24397,"Medium",0
"2674",114777,"White",0
"2675",97926,"Black",1
"2676",152206,"White",0
"2677",138890,"White",0
"2678",48660,"White",0
"2679",103012,"White",0
"2680",795004,"White",0
"2681",56601,"Medium",0
"2682",254297,"Black",1
"2683",796358,"Black",1
"2684",586596,"White",0
"2685",48557,"White",0
"2686",254449,"White",0
"2687",891651,"White",0
"2688",168897,"White",0
"2689",253993,"White",0
"2690",108538,"Black",1
"2691",826215,"Black",1
"2692",319853,"White",0
"2693",84251,"White",0
"2694",103364,"White",0
"2695",133908,"White",0
"2696",355492,"White",0
"2697",769333,"Black",1
"2698",51785,"White",0
"2699",809276,"White",0
"2700",939830,"White",0
"2701",110967,"White",0
"2702",280721,"White",0
"2703",831399,"Black",1
"2704",286103,"White",0
"2705",249893,"White",0
"2706",110850,"Medium",0
"2707",825956,"White",0
"2708",186719,"White",0
"2709",111969,"Medium",0
"2710",168833,"White",0
"2711",16186,"White",0
"2712",352370,"White",0
"2713",119159,"White",0
"2714",17100,"White",0
"2715",142104,"White",0
"2716",580952,"Black",1
"2717",856745,"Black",1
"2718",822372,"White",0
"2719",37386,"White",0
"2720",822708,"Black",1
"2721",97409,"Black",1
"2722",187423,"Black",1
"2723",843665,"Black",1
"2724",16776,"White",0
"2725",108584,"Medium",0
"2726",803028,"Black",1
"2727",168985,"White",0
"2728",138146,"White",0
"2729",341589,"Medium",0
"2730",792142,"Black",1
"2731",576382,"White",0
"2732",32260,"White",0
"2733",799054,"Medium",0
"2734",609706,"Black",1
"2735",338651,"Medium",0
"2736",108452,"Medium",0
"2737",40323,"White",0
"2738",921032,"White",0
"2739",103928,"Black",1
"2740",801003,"Black",1
"2741",254119,"White",0
"2742",23666,"White",0
"2743",886363,"Medium",0
"2744",136922,"White",0
"2745",110508,"White",0
"2746",798583,"Black",1
"2747",796444,"Medium",0
"2748",826205,"Black",1
"2749",803185,"Black",1
"2750",227900,"Black",1
"2751",35921,"Medium",0
"2752",87223,"White",0
"2753",377206,"White",0
"2754",147776,"White",0
"2755",855676,"White",0
"2756",147775,"White",0
"2757",22337,"White",0
"2758",142525,"White",0
"2759",148263,"White",0
"2760",846356,"White",0
"2761",137692,"White",0
"2762",184661,"White",0
"2763",23996,"White",0
"2764",67647,"White",0
"2765",171919,"White",0
"2766",886133,"White",0
"2767",146853,"White",0
"2768",927175,"White",0
"2769",142390,"White",0
"2770",897291,"Black",1
"2771",800951,"White",0
"2772",138546,"White",0
"2773",836706,"White",0
"2774",71952,"White",0
"2775",48022,"White",0
"2776",187313,"White",0
"2777",928236,"White",0
"2778",856594,"Medium",0
"2779",906800,"Black",1
"2780",832411,"White",0
"2781",1010726,"White",0
"2782",848276,"Black",1
"2783",855829,"White",0
"2784",795006,"White",0
"2785",839956,"White",0
"2786",989056,"Medium",0
"2787",95381,"White",0
"2788",114379,"Medium",0
"2789",930277,"White",0
"2790",842188,"White",0
"2791",40372,"White",0
"2792",980623,"White",0
"2793",789071,"White",0
"2794",945217,"Black",1
"2795",877841,"White",0
"2796",980628,"White",0
"2797",945578,"Medium",0
"2798",822600,"Medium",0
"2799",877842,"White",0
"2800",836939,"White",0
"2801",26760,"White",0
"2802",961672,"Black",1
"2803",879543,"White",0
"2804",1010231,"Medium",0
"2805",14113,"White",0
"2806",368120,"Medium",0
"2807",795005,"White",0
"2808",128792,"White",0
"2809",26687,"White",0
"2810",125274,"White",0
"2811",356310,"Black",1
"2812",851254,"White",0
"2813",152414,"White",0
"2814",808784,"Black",1
"2815",134849,"White",0
"2816",142524,"Black",1
"2817",790965,"White",0
"2818",790645,"White",0
"2819",85058,"White",0
"2820",330689,"White",0
"2821",149592,"White",0
"2822",573958,"White",0
"2823",823226,"White",0
"2824",26706,"White",0
"2825",799046,"White",0
"2826",73980,"White",0
"2827",226974,"Medium",0
"2828",143040,"Medium",0
"2829",911956,"Black",1
"2830",273,"Medium",0
"2831",793988,"Black",1
"2832",949062,"Black",1
"2833",895228,"White",0
"2834",41494,"Black",1
"2835",147306,"White",0
"2836",870038,"White",0
"2837",1049166,"Black",1
"2838",165015,"White",0
"2839",927405,"White",0
"2840",128587,"White",0
"2841",991011,"Black",1
"2842",786186,"Medium",0
"2843",319857,"Black",1
"2844",1065453,"White",0
"2845",879674,"Medium",0
"2846",877544,"Black",1
"2847",352562,"White",0
"2848",357584,"White",0
"2849",954060,"Black",1
"2850",64860,"White",0
"2851",591044,"White",0
"2852",987734,"Black",1
"2853",344751,"White",0
"2854",1046711,"Medium",0
"2855",980621,"White",0
"2856",964191,"Medium",0
"2857",74335,"Black",1
"2858",801030,"White",0
"2859",989185,"White",0
"2860",126219,"White",0
"2861",877843,"White",0
"2862",1048650,"White",0
"2863",158233,"Black",1
"2864",21626,"Black",1
"2865",805137,"Medium",0
"2866",171927,"White",0
"2867",806394,"White",0
"2868",877308,"White",0
"2869",228414,"White",0
"2870",41615,"White",0
"2871",1065175,"White",0
"2872",933398,"Black",1
"2873",268791,"Medium",0
"2874",997006,"Black",1
"2875",845798,"White",0
"2876",1005211,"White",0
"2877",1014566,"White",0
"2878",123320,"White",0
"2879",1003007,"Black",1
"2880",1066809,"Medium",0
"2881",910241,"White",0
"2882",980618,"White",0
"2883",830127,"White",0
"2884",254003,"White",0
"2885",4703,"Medium",0
"2886",846447,"Black",1
"2887",1007962,"White",0
"2888",8772,"White",0
"2889",1067120,"Medium",0
"2890",826884,"White",0
"2891",980625,"White",0
"2892",979144,"White",0
"2893",106662,"White",0
"2894",989957,"Medium",0
"2895",2614,"White",0
"2896",844424,"Black",1
"2897",168987,"Medium",0
"2898",827668,"Medium",0
"2899",997104,"Black",1
"2900",798181,"White",0
"2901",142471,"White",0
"2902",794770,"White",0
"2903",946695,"Medium",0
"2904",836710,"White",0
"2905",980630,"Medium",0
"2906",997012,"Black",1
"2907",980632,"White",0
"2908",865517,"Medium",0
"2909",945097,"White",0
"2910",997118,"Black",1
"2911",982779,"Black",1
"2912",944288,"White",0
"2913",939668,"White",0
"2914",960448,"White",0
"2915",152463,"White",0
"2916",959634,"White",0
"2917",1066812,"Medium",0
"2918",962577,"White",0
"2919",997130,"Medium",0
"2920",1102244,"White",0
"2921",1010077,"White",0
"2922",988252,"White",0
"2923",293519,"Medium",0
"2924",827688,"White",0
"2925",326643,"White",0
"2926",825845,"Black",1
"2927",787889,"White",0
"2928",556866,"White",0
"2929",795000,"White",0
"2930",309078,"White",0
"2931",941342,"Black",1
"2932",878081,"White",0
"2933",829022,"White",0
"2934",158583,"White",0
"2935",836698,"Black",1
"2936",834986,"White",0
"2937",873419,"Black",1
"2938",847128,"White",0
"2939",822564,"White",0
"2940",795260,"Black",1
"2941",174135,"White",0
"2942",970361,"Black",1
"2943",355152,"Black",1
"2944",89894,"White",0
"2945",187431,"White",0
"2946",927407,"White",0
"2947",1002920,"White",0
"2948",280025,"White",0
"2949",48243,"Medium",0
"2950",164171,"White",0
"2951",973437,"Black",1
"2952",862011,"Black",1
"2953",876858,"White",0
"2954",945878,"White",0
"2955",794995,"White",0
"2956",43440,"White",0
"2957",288439,"Black",1
"2958",940393,"Medium",0
"2959",254135,"Medium",0
"2960",253687,"White",0
"2961",254191,"Black",1
"2962",94002,"White",0
"2963",148076,"White",0
"2964",846016,"Black",1
"2965",1046449,"Black",1
"2966",855846,"White",0
"2967",990201,"Medium",0
"2968",24937,"White",0
"2969",117794,"Medium",0
"2970",32993,"White",0
"2971",842869,"White",0
"2972",121551,"White",0
"2973",119179,"Medium",0
"2974",21880,"White",0
"2975",309546,"White",0
"2976",88471,"White",0
"2977",352610,"White",0
"2978",312986,"Medium",0
"2979",803039,"Medium",0
"2980",888954,"White",0
"2981",560116,"Medium",0
"2982",157377,"White",0
"2983",537552,"White",0
"2984",15416,"White",0
"2985",945063,"Black",1
"2986",869856,"White",0
"2987",910048,"Black",1
"2988",387220,"White",0
"2989",869883,"Medium",0
"2990",37126,"White",0
"2991",957889,"Medium",0
"2992",1006387,"Black",1
"2993",255847,"White",0
"2994",187187,"Black",1
"2995",924020,"White",0
"2996",833213,"White",0
"2997",856668,"White",0
"2998",787448,"Black",1
"2999",889861,"White",0
"3000",987504,"White",0
"3001",873106,"White",0
"3002",796067,"White",0
"3003",991478,"Black",1
"3004",1048820,"White",0
"3005",871701,"White",0
"3006",46900,"White",0
"3007",352290,"White",0
"3008",914711,"Black",1
"3009",796206,"White",0
"3010",1022881,"White",0
"3011",122010,"White",0
"3012",1129364,"White",0
"3013",851262,"Black",1
"3014",904887,"White",0
"3015",841802,"Medium",0
"3016",892483,"Black",1
"3017",1002837,"White",0
"3018",844670,"Black",1
"3019",974087,"Black",1
"3020",111500,"White",0
"3021",222770,"White",0
"3022",997175,"White",0
"3023",861981,"Medium",0
"3024",914755,"White",0
"3025",966889,"White",0
"3026",907463,"Black",1
"3027",930279,"Black",1
"3028",1014222,"Medium",0
"3029",827192,"Medium",0
"3030",1001967,"White",0
"3031",928271,"White",0
"3032",972561,"Black",1
"3033",134868,"White",0
"3034",1082797,"White",0
"3035",998247,"White",0
"3036",1155571,"Medium",0
"3037",1129120,"Medium",0
"3038",1161925,"Black",1
"3039",187185,"White",0
"3040",985738,"White",0
"3041",1012898,"Black",1
"3042",40371,"White",0
"3043",975798,"Black",1
"3044",1146018,"White",0
"3045",1141131,"Medium",0
"3046",164959,"White",0
"3047",986395,"Medium",0
"3048",981562,"White",0
"3049",886127,"Black",1
"3050",795154,"White",0
"3051",1010117,"White",0
"3052",931742,"Black",1
"3053",983540,"Medium",0
"3054",826069,"White",0
"3055",184679,"White",0
"3056",877302,"White",0
"3057",1129365,"White",0
"3058",997113,"White",0
"3059",138151,"White",0
"3060",1046097,"Black",1
"3061",1129935,"Medium",0
"3062",994490,"White",0
"3063",1069125,"White",0
"3064",983041,"White",0
"3065",1201926,"White",0
"3066",1210666,"White",0
"3067",27214,"White",0
"3068",1016810,"Medium",0
"3069",992552,"White",0
"3070",1140599,"Black",1
"3071",1129940,"White",0
"3072",1185437,"White",0
"3073",842456,"Black",1
"3074",120787,"White",0
"3075",8849,"White",0
"3076",920346,"Black",1
"3077",856076,"White",0
"3078",901882,"White",0
"3079",833246,"White",0
"3080",964994,"White",0
"3081",976025,"Black",1
"3082",138828,"Black",1
"3083",891510,"White",0
"3084",962890,"Black",1
"3085",1000397,"White",0
"3086",1009475,"Medium",0
"3087",893962,"White",0
"3088",990249,"White",0
"3089",845024,"White",0
"3090",871706,"Black",1
"3091",994197,"Black",1
"3092",904897,"Black",1
"3093",1048888,"Black",1
"3094",847030,"Medium",0
"3095",855663,"White",0
"3096",788786,"Black",1
"3097",805712,"White",0
"3098",283833,"White",0
"3099",875890,"Black",1
"3100",1128638,"Medium",0
"3101",137673,"White",0
"3102",340719,"White",0
"3103",348362,"Black",1
"3104",787540,"Medium",0
"3105",830142,"White",0
"3106",103442,"Medium",0
"3107",258325,"White",0
"3108",973785,"Medium",0
"3109",787931,"Medium",0
"3110",608362,"White",0
"3111",940054,"Black",1
"3112",963801,"White",0
"3113",906278,"Medium",0
"3114",945145,"Medium",0
"3115",842215,"White",0
"3116",773591,"White",0
"3117",921033,"Black",1
"3118",825740,"White",0
"3119",966575,"Medium",0
"3120",237048,"White",0
"3121",1131002,"Medium",0
"3122",988639,"White",0
"3123",842212,"White",0
"3124",578380,"Medium",0
"3125",234230,"White",0
"3126",795002,"White",0
"3127",96832,"Medium",0
"3128",177179,"White",0
"3129",1131338,"White",0
"3130",846471,"White",0
"3131",830803,"Medium",0
"3132",960017,"White",0
"3133",880742,"Medium",0
"3134",904994,"Black",1
"3135",770083,"White",0
"3136",962409,"Black",1
"3137",190161,"White",0
"3138",280435,"Black",1
"3139",138491,"White",0
"3140",1005343,"Medium",0
"3141",918420,"White",0
"3142",1123613,"Black",1
"3143",1005996,"White",0
"3144",974582,"White",0
"3145",1138778,"White",0
"3146",991290,"Medium",0
"3147",1064842,"White",0
"3148",800252,"White",0
"3149",1152505,"White",0
"3150",875293,"White",0
"3151",1130067,"Medium",0
"3152",995316,"White",0
"3153",867493,"White",0
"3154",989841,"White",0
"3155",1066802,"White",0
"3156",972510,"White",0
"3157",1152486,"Medium",0
"3158",41605,"Medium",0
"3159",1387930,"Black",1
"3160",795761,"White",0
"3161",357752,"Black",1
"3162",138463,"White",0
"3163",905353,"White",0
"3164",134248,"White",0
"3165",1146132,"Black",1
"3166",1001867,"White",0
"3167",995773,"White",0
"3168",605552,"White",0
"3169",826020,"White",0
"3170",571622,"White",0
"3171",253987,"White",0
"3172",794294,"White",0
"3173",343971,"White",0
"3174",1129765,"White",0
"3175",1022109,"Black",1
"3176",1083410,"White",0
"3177",979821,"White",0
"3178",920525,"Black",1
"3179",828077,"Medium",0
"3180",1198075,"White",0
"3181",120298,"White",0
"3182",924205,"White",0
"3183",322529,"Black",1
"3184",583838,"White",0
"3185",44864,"White",0
"3186",1087359,"Black",1
"3187",1142171,"White",0
"3188",1064082,"White",0
"3189",963399,"Black",1
"3190",1035515,"White",0
"3191",1063364,"Medium",0
"3192",886286,"White",0
"3193",1166832,"White",0
"3194",1001858,"Black",1
"3195",1130349,"Medium",0
"3196",1008245,"White",0
"3197",1407524,"White",0
"3198",1215092,"White",0
"3199",1064671,"Black",1
"3200",1139243,"White",0
"3201",1171540,"Black",1
"3202",1127790,"White",0
"3203",1182561,"White",0
"3204",1409353,"White",0
"3205",1005883,"White",0
"3206",217704,"Black",1
"3207",838640,"Black",1
"3208",790989,"Medium",0
"3209",904991,"Black",1
"3210",569684,"Medium",0
"3211",908631,"Black",1
"3212",801263,"White",0
"3213",911679,"White",0
"3214",867442,"Black",1
"3215",328027,"Black",1
"3216",924378,"White",0
"3217",22209,"White",0
"3218",149731,"Black",1
"3219",791642,"White",0
"3220",138892,"Medium",0
"3221",826171,"White",0
"3222",1481688,"White",0
"3223",177177,"Medium",0
"3224",978521,"Black",1
"3225",1174761,"Black",1
"3226",976575,"White",0
"3227",997183,"Medium",0
"3228",835480,"Black",1
"3229",976421,"Black",1
"3230",991604,"Black",1
"3231",822340,"White",0
"3232",1049177,"White",0
"3233",280453,"Medium",0
"3234",929163,"White",0
"3235",1130950,"Medium",0
"3236",823092,"White",0
"3237",843132,"White",0
"3238",980626,"Black",1
"3239",1154491,"White",0
"3240",828571,"Black",1
"3241",254125,"White",0
"3242",877297,"White",0
"3243",789138,"White",0
"3244",798926,"White",0
"3245",280631,"White",0
"3246",121908,"White",0
"3247",168861,"White",0
"3248",254429,"White",0
"3249",311676,"White",0
"3250",845742,"White",0
"3251",206620,"White",0
"3252",228981,"White",0
"3253",909485,"White",0
"3254",920022,"Black",1
"3255",122578,"White",0
"3256",929806,"Medium",0
"3257",138143,"Medium",0
"3258",842922,"White",0
"3259",151581,"White",0
"3260",988203,"White",0
"3261",1146250,"Medium",0
"3262",973431,"White",0
"3263",1090458,"Black",1
"3264",979480,"Black",1
"3265",132654,"White",0
"3266",865554,"White",0
"3267",796032,"White",0
"3268",797691,"White",0
"3269",39718,"White",0
"3270",940886,"White",0
"3271",993211,"White",0
"3272",575952,"White",0
"3273",914877,"White",0
"3274",959003,"White",0
"3275",844625,"Black",1
"3276",138159,"White",0
"3277",986397,"White",0
"3278",933707,"White",0
"3279",1129360,"White",0
"3280",37630,"White",0
"3281",1198074,"White",0
"3282",187207,"White",0
"3283",15004,"White",0
"3284",920379,"Black",1
"3285",1100321,"Black",1
"3286",791928,"White",0
"3287",1022204,"Black",1
"3288",1083382,"White",0
"3289",1142211,"White",0
"3290",975800,"White",0
"3291",918437,"White",0
"3292",794298,"White",0
"3293",930135,"Black",1
"3294",902381,"Black",1
"3295",1192318,"Medium",0
"3296",960114,"White",0
"3297",837064,"Black",1
"3298",1142249,"White",0
"3299",1146091,"Black",1
"3300",1196903,"White",0
"3301",991479,"White",0
"3302",169249,"White",0
"3303",1049628,"White",0
"3304",886132,"Black",1
"3305",935281,"White",0
"3306",1142251,"White",0
"3307",1131339,"Black",1
"3308",1185359,"Black",1
"3309",798936,"White",0
"3310",1409371,"White",0
"3311",962898,"White",0
"3312",174285,"White",0
"3313",94312,"White",0
"3314",359236,"Black",1
"3315",1391596,"Medium",0
"3316",1085199,"White",0
"3317",991096,"White",0
"3318",1083404,"Black",1
"3319",1403018,"White",0
"3320",1174889,"Medium",0
"3321",361790,"White",0
"3322",918438,"White",0
"3323",1140597,"Black",1
"3324",909958,"White",0
"3325",1087043,"Medium",0
"3326",882019,"White",0
"3327",1152502,"White",0
"3328",1493496,"White",0
"3329",930273,"White",0
"3330",914857,"White",0
"3331",1048422,"Medium",0
"3332",1146148,"Black",1
"3333",1048009,"Black",1
"3334",1165722,"Black",1
"3335",1030711,"White",0
"3336",1084730,"White",0
"3337",1510000,"White",0
"3338",1019011,"White",0
"3339",1048569,"Black",1
"3340",1390682,"White",0
"3341",1403053,"White",0
"3342",1120914,"White",0
"3343",326695,"White",0
"3344",1418703,"White",0
"3345",1428576,"Medium",0
"3346",1855791,"White",0
"3347",1048265,"White",0
"3348",1149080,"Medium",0
"3349",1518691,"White",0
"3350",108579,"White",0
"3351",117777,"White",0
"3352",794962,"White",0
"3353",841947,"White",0
"3354",142568,"White",0
"3355",836711,"White",0
"3356",941179,"Black",1
"3357",558680,"Black",1
"3358",362470,"White",0
"3359",365772,"Black",1
"3360",846458,"White",0
"3361",146101,"White",0
"3362",976263,"Black",1
"3363",927366,"White",0
"3364",785989,"Medium",0
"3365",980418,"Black",1
"3366",4732,"White",0
"3367",886639,"Black",1
"3368",48555,"White",0
"3369",121793,"White",0
"3370",95323,"White",0
"3371",38363,"White",0
"3372",40206,"White",0
"3373",844388,"White",0
"3374",26031,"White",0
"3375",114067,"Medium",0
"3376",337457,"White",0
"3377",279533,"White",0
"3378",973430,"White",0
"3379",97924,"White",0
"3380",132664,"White",0
"3381",844447,"White",0
"3382",38547,"Medium",0
"3383",282093,"White",0
"3384",229858,"White",0
"3385",796085,"Black",1
"3386",142135,"White",0
"3387",901905,"White",0
"3388",142684,"Medium",0
"3389",142096,"White",0
"3390",26214,"Medium",0
"3391",280729,"White",0
"3392",40197,"White",0
"3393",40322,"White",0
"3394",138124,"White",0
"3395",857917,"White",0
"3396",114062,"White",0
"3397",94857,"White",0
"3398",137051,"White",0
"3399",352556,"White",0
"3400",842517,"White",0
"3401",16677,"White",0
"3402",253469,"White",0
"3403",16077,"White",0
"3404",789714,"White",0
"3405",142570,"White",0
"3406",790775,"Black",1
"3407",50273,"White",0
"3408",886171,"White",0
"3409",575054,"White",0
"3410",37627,"White",0
"3411",133168,"Medium",0
"3412",315514,"White",0
"3413",107071,"Medium",0
"3414",142478,"Black",1
"3415",132674,"White",0
"3416",13059,"White",0
"3417",553334,"White",0
"3418",326683,"White",0
"3419",326547,"White",0
"3420",336375,"White",0
"3421",231820,"White",0
"3422",108171,"White",0
"3423",142215,"White",0
"3424",71761,"White",0
"3425",40831,"White",0
"3426",845102,"Medium",0
"3427",120282,"White",0
"3428",851256,"Black",1
"3429",16675,"White",0
"3430",96098,"White",0
"3431",72192,"White",0
"3432",26573,"White",0
"3433",254185,"Black",1
"3434",142189,"White",0
"3435",169427,"White",0
"3436",113442,"White",0
"3437",254411,"Black",1
"3438",29791,"White",0
"3439",803023,"White",0
"3440",272779,"White",0
"3441",190065,"Black",1
"3442",493,"White",0
"3443",842526,"Black",1
"3444",66214,"White",0
"3445",254207,"Black",1
"3446",97933,"White",0
"3447",862035,"White",0
"3448",40028,"White",0
"3449",73682,"White",0
"3450",108856,"White",0
"3451",76481,"White",0
"3452",87507,"Medium",0
"3453",15468,"White",0
"3454",123917,"Medium",0
"3455",361410,"Black",1
"3456",4723,"White",0
"3457",15166,"White",0
"3458",168959,"Medium",0
"3459",102983,"Black",1
"3460",171885,"White",0
"3461",26952,"White",0
"3462",142107,"White",0
"3463",812376,"White",0
"3464",26275,"Medium",0
"3465",801246,"White",0
"3466",96301,"White",0
"3467",91493,"White",0
"3468",67868,"White",0
"3469",26825,"White",0
"3470",96920,"Medium",0
"3471",138131,"White",0
"3472",828605,"White",0
"3473",136930,"White",0
"3474",66840,"White",0
"3475",133586,"White",0
"3476",39846,"White",0
"3477",800465,"Medium",0
"3478",548092,"White",0
"3479",142221,"White",0
"3480",142118,"White",0
"3481",202156,"White",0
"3482",78477,"White",0
"3483",340343,"White",0
"3484",113673,"Medium",0
"3485",89713,"White",0
"3486",800448,"White",0
"3487",802864,"White",0
"3488",814873,"White",0
"3489",142631,"White",0
"3490",142249,"White",0
"3491",129926,"White",0
"3492",38639,"White",0
"3493",869779,"Black",1
"3494",794669,"White",0
"3495",116193,"White",0
"3496",250425,"White",0
"3497",96834,"White",0
"3498",798191,"White",0
"3499",845648,"White",0
"3500",797820,"White",0
"3501",147312,"Medium",0
"3502",187427,"White",0
"3503",26758,"White",0
"3504",222464,"Black",1
"3505",786061,"Medium",0
"3506",142263,"White",0
"3507",18233,"Medium",0
"3508",26771,"Black",1
"3509",142116,"White",0
"3510",352568,"White",0
"3511",187435,"White",0
"3512",270885,"White",0
"3513",36138,"White",0
"3514",46338,"White",0
"3515",40195,"White",0
"3516",95138,"White",0
"3517",821728,"Medium",0
"3518",71445,"Medium",0
"3519",132606,"White",0
"3520",840429,"White",0
"3521",980631,"White",0
"3522",38658,"White",0
"3523",801243,"Medium",0
"3524",114868,"Medium",0
"3525",39709,"White",0
"3526",146927,"White",0
"3527",66512,"White",0
"3528",146089,"White",0
"3529",181889,"White",0
"3530",933833,"Black",1
"3531",98217,"White",0
"3532",823385,"White",0
"3533",886314,"Medium",0
"3534",914756,"White",0
"3535",138135,"White",0
"3536",178883,"Medium",0
"3537",29447,"White",0
"3538",857915,"White",0
"3539",114527,"White",0
"3540",230378,"White",0
"3541",126224,"White",0
"3542",850318,"Medium",0
"3543",8705,"White",0
"3544",232398,"White",0
"3545",164963,"White",0
"3546",77494,"Medium",0
"3547",98912,"Medium",0
"3548",1002809,"White",0
"3549",142485,"White",0
"3550",27537,"White",0
"3551",280553,"White",0
"3552",147436,"White",0
"3553",26765,"White",0
"3554",843108,"White",0
"3555",886328,"Black",1
"3556",786187,"Black",1
"3557",37631,"White",0
"3558",611798,"Medium",0
"3559",70289,"White",0
"3560",822562,"White",0
"3561",252613,"White",0
"3562",206590,"White",0
"3563",146924,"White",0
"3564",173929,"White",0
"3565",74340,"White",0
"3566",124771,"White",0
"3567",96660,"White",0
"3568",97927,"White",0
"3569",902370,"White",0
"3570",26516,"White",0
"3571",843133,"White",0
"3572",872567,"Medium",0
"3573",254375,"Black",1
"3574",40230,"White",0
"3575",149670,"White",0
"3576",859752,"White",0
"3577",872274,"Medium",0
"3578",71072,"Medium",0
"3579",939880,"White",0
"3580",549976,"Medium",0
"3581",15193,"White",0
"3582",309892,"White",0
"3583",976992,"White",0
"3584",132619,"White",0
"3585",796043,"White",0
"3586",16251,"White",0
"3587",339335,"White",0
"3588",152115,"White",0
"3589",794362,"White",0
"3590",803803,"Medium",0
"3591",171897,"Medium",0
"3592",281275,"White",0
"3593",254113,"White",0
"3594",134527,"White",0
"3595",802899,"White",0
"3596",354770,"Medium",0
"3597",193462,"White",0
"3598",870215,"White",0
"3599",134250,"Medium",0
"3600",226976,"White",0
"3601",19225,"White",0
"3602",142169,"Black",1
"3603",886170,"White",0
"3604",146142,"White",0
"3605",16073,"White",0
"3606",182459,"White",0
"3607",878628,"White",0
"3608",120300,"White",0
"3609",20738,"White",0
"3610",142480,"White",0
"3611",26527,"Medium",0
"3612",872307,"White",0
"3613",15803,"White",0
"3614",881972,"Black",1
"3615",126205,"White",0
"3616",809514,"White",0
"3617",482,"Black",1
"3618",137309,"Medium",0
"3619",881307,"Medium",0
"3620",151911,"White",0
"3621",265513,"White",0
"3622",35207,"White",0
"3623",38310,"White",0
"3624",276367,"White",0
"3625",924369,"Black",1
"3626",135404,"White",0
"3627",231158,"White",0
"3628",843251,"White",0
"3629",147311,"White",0
"3630",23060,"White",0
"3631",934231,"Black",1
"3632",136926,"Medium",0
"3633",111726,"White",0
"3634",943545,"Black",1
"3635",126552,"White",0
"3636",3952,"White",0
"3637",317691,"White",0
"3638",839842,"White",0
"3639",37432,"White",0
"3640",150928,"White",0
"3641",13987,"White",0
"3642",17733,"White",0
"3643",845745,"White",0
"3644",253513,"White",0
"3645",132682,"White",0
"3646",111026,"White",0
"3647",142852,"White",0
"3648",313264,"White",0
"3649",843600,"White",0
"3650",944198,"White",0
"3651",989560,"White",0
"3652",254025,"Black",1
"3653",886018,"White",0
"3654",148952,"White",0
"3655",270897,"White",0
"3656",790957,"Medium",0
"3657",121792,"White",0
"3658",222086,"Black",1
"3659",798239,"White",0
"3660",933832,"Medium",0
"3661",142628,"White",0
"3662",315162,"White",0
"3663",1012235,"Black",1
"3664",26621,"White",0
"3665",125261,"White",0
"3666",40626,"Medium",0
"3667",125267,"White",0
"3668",842176,"White",0
"3669",38227,"White",0
"3670",124743,"White",0
"3671",352264,"White",0
"3672",132607,"White",0
"3673",121613,"White",0
"3674",68911,"White",0
"3675",18891,"Medium",0
"3676",1006823,"Medium",0
"3677",548090,"White",0
"3678",844634,"Black",1
"3679",124799,"White",0
"3680",987600,"White",0
"3681",316513,"Black",1
"3682",891990,"Black",1
"3683",123682,"White",0
"3684",836026,"White",0
"3685",142198,"White",0
"3686",572922,"White",0
"3687",798309,"White",0
"3688",78881,"White",0
"3689",37273,"White",0
"3690",895634,"White",0
"3691",954027,"White",0
"3692",271017,"White",0
"3693",142486,"White",0
"3694",72638,"White",0
"3695",792083,"White",0
"3696",981435,"White",0
"3697",882005,"White",0
"3698",875495,"White",0
"3699",802862,"White",0
"3700",988896,"White",0
"3701",1646,"White",0
"3702",989264,"White",0
"3703",352608,"White",0
"3704",1033202,"White",0
"3705",886130,"Black",1
"3706",39473,"White",0
"3707",142470,"White",0
"3708",146178,"White",0
"3709",148256,"White",0
"3710",905784,"White",0
"3711",335357,"White",0
"3712",804508,"White",0
"3713",920393,"White",0
"3714",37191,"White",0
"3715",791930,"White",0
"3716",923973,"Black",1
"3717",825271,"White",0
"3718",576154,"White",0
"3719",800457,"Medium",0
"3720",939671,"White",0
"3721",34438,"White",0
"3722",95211,"White",0
"3723",842184,"Black",1
"3724",39237,"Black",1
"3725",856077,"White",0
"3726",142793,"White",0
"3727",550092,"Medium",0
"3728",848922,"White",0
"3729",851257,"White",0
"3730",126651,"Black",1
"3731",932479,"Medium",0
"3732",167037,"White",0
"3733",155792,"Medium",0
"3734",49866,"White",0
"3735",252457,"White",0
"3736",946837,"White",0
"3737",45646,"Medium",0
"3738",801605,"White",0
"3739",152203,"White",0
"3740",800982,"Medium",0
"3741",169259,"White",0
"3742",867749,"Black",1
"3743",792218,"White",0
"3744",142329,"White",0
"3745",138613,"White",0
"3746",266899,"White",0
"3747",929905,"White",0
"3748",126346,"White",0
"3749",579260,"White",0
"3750",798154,"White",0
"3751",842276,"Black",1
"3752",842378,"White",0
"3753",809546,"Black",1
"3754",1473091,"White",0
"3755",984880,"White",0
"3756",227188,"Black",1
"3757",886936,"Black",1
"3758",40462,"White",0
"3759",939683,"White",0
"3760",139715,"White",0
"3761",980466,"Medium",0
"3762",31881,"Black",1
"3763",922967,"Black",1
"3764",1063977,"White",0
"3765",939669,"White",0
"3766",872358,"Medium",0
"3767",876109,"Black",1
"3768",168919,"White",0
"3769",885918,"White",0
"3770",877839,"White",0
"3771",132148,"White",0
"3772",8832,"Medium",0
"3773",836715,"White",0
"3774",823970,"White",0
"3775",139250,"White",0
"3776",1014287,"Black",1
"3777",366942,"Medium",0
"3778",800332,"Black",1
"3779",801212,"Black",1
"3780",270817,"White",0
"3781",893586,"Medium",0
"3782",930136,"Black",1
"3783",826270,"Medium",0
"3784",830012,"White",0
"3785",966816,"White",0
"3786",26308,"Black",1
"3787",121943,"White",0
"3788",260065,"Black",1
"3789",126536,"White",0
"3790",247327,"White",0
"3791",843443,"White",0
"3792",147233,"White",0
"3793",97408,"Medium",0
"3794",74075,"White",0
"3795",121774,"White",0
"3796",814593,"White",0
"3797",978827,"White",0
"3798",94924,"White",0
"3799",1019321,"White",0
"3800",306230,"White",0
"3801",944609,"White",0
"3802",875469,"White",0
"3803",148623,"Black",1
"3804",1006822,"White",0
"3805",1063936,"White",0
"3806",553688,"White",0
"3807",26512,"White",0
"3808",276217,"White",0
"3809",254461,"White",0
"3810",26319,"Medium",0
"3811",580836,"White",0
"3812",9609,"White",0
"3813",252343,"Medium",0
"3814",963974,"White",0
"3815",800255,"White",0
"3816",802863,"White",0
"3817",265573,"White",0
"3818",312908,"White",0
"3819",109453,"Medium",0
"3820",344065,"Black",1
"3821",990104,"Black",1
"3822",989562,"White",0
"3823",1064084,"White",0
"3824",888604,"White",0
"3825",951499,"White",0
"3826",98953,"White",0
"3827",886935,"White",0
"3828",542038,"White",0
"3829",579254,"White",0
"3830",1048819,"White",0
"3831",14895,"White",0
"3832",1006390,"White",0
"3833",141203,"White",0
"3834",38096,"Black",1
"3835",818397,"Black",1
"3836",990023,"Black",1
"3837",788281,"Medium",0
"3838",803037,"Medium",0
"3839",877836,"White",0
"3840",553488,"Black",1
"3841",899284,"White",0
"3842",1117950,"White",0
"3843",148167,"White",0
"3844",168819,"White",0
"3845",138836,"White",0
"3846",1066078,"White",0
"3847",797692,"White",0
"3848",1046799,"White",0
"3849",149435,"White",0
"3850",930408,"Medium",0
"3851",891450,"White",0
"3852",794953,"Black",1
"3853",787543,"White",0
"3854",877844,"White",0
"3855",126858,"White",0
"3856",1093219,"White",0
"3857",846398,"White",0
"3858",941561,"White",0
"3859",925011,"White",0
"3860",254165,"White",0
"3861",814388,"White",0
"3862",1104877,"Black",1
"3863",319851,"Medium",0
"3864",939622,"White",0
"3865",94411,"White",0
"3866",179209,"White",0
"3867",96746,"White",0
"3868",311664,"White",0
"3869",851185,"White",0
"3870",52755,"White",0
"3871",799211,"White",0
"3872",844871,"White",0
"3873",158649,"White",0
"3874",41728,"White",0
"3875",575534,"White",0
"3876",340723,"White",0
"3877",42950,"White",0
"3878",887762,"White",0
"3879",858910,"White",0
"3880",112904,"Medium",0
"3881",842192,"Medium",0
"3882",39815,"Medium",0
"3883",939693,"White",0
"3884",277861,"White",0
"3885",827377,"White",0
"3886",130446,"White",0
"3887",1121239,"White",0
"3888",940236,"White",0
"3889",1031523,"Medium",0
"3890",989630,"White",0
"3891",38923,"White",0
"3892",812797,"White",0
"3893",45867,"White",0
"3894",281269,"White",0
"3895",930697,"Medium",0
"3896",165209,"White",0
"3897",844874,"White",0
"3898",877835,"White",0
"3899",1005749,"White",0
"3900",1006391,"Medium",0
"3901",325061,"White",0
"3902",352594,"White",0
"3903",845653,"White",0
"3904",361148,"White",0
"3905",910518,"White",0
"3906",836998,"White",0
"3907",1127641,"White",0
"3908",986148,"Medium",0
"3909",126547,"White",0
"3910",939623,"White",0
"3911",907476,"Medium",0
"3912",828972,"White",0
"3913",943120,"White",0
"3914",836708,"White",0
"3915",844858,"Black",1
"3916",930226,"White",0
"3917",1000257,"White",0
"3918",339269,"White",0
"3919",941553,"White",0
"3920",96905,"Medium",0
"3921",844199,"White",0
"3922",72670,"White",0
"3923",924461,"Black",1
"3924",278535,"White",0
"3925",74574,"White",0
"3926",1192579,"Medium",0
"3927",599378,"White",0
"3928",1064081,"Black",1
"3929",138154,"White",0
"3930",862240,"White",0
"3931",871886,"Medium",0
"3932",851103,"White",0
"3933",1135884,"White",0
"3934",101789,"White",0
"3935",40608,"Black",1
"3936",551406,"White",0
"3937",788109,"White",0
"3938",786305,"Black",1
"3939",124375,"Medium",0
"3940",142851,"White",0
"3941",561124,"Black",1
"3942",181581,"White",0
"3943",843709,"White",0
"3944",798303,"White",0
"3945",912033,"White",0
"3946",940050,"White",0
"3947",800451,"White",0
"3948",880748,"White",0
"3949",827244,"Black",1
"3950",94548,"White",0
"3951",873347,"White",0
"3952",168893,"White",0
"3953",907686,"Medium",0
"3954",843130,"White",0
"3955",230766,"White",0
"3956",788106,"White",0
"3957",310770,"White",0
"3958",48508,"White",0
"3959",982528,"White",0
"3960",564370,"White",0
"3961",1126927,"Medium",0
"3962",989784,"White",0
"3963",100382,"Black",1
"3964",1006389,"White",0
"3965",876081,"White",0
"3966",34556,"White",0
"3967",793276,"White",0
"3968",135238,"White",0
"3969",44218,"White",0
"3970",18601,"White",0
"3971",1127573,"White",0
"3972",250423,"Medium",0
"3973",798498,"White",0
"3974",932418,"White",0
"3975",252123,"White",0
"3976",905032,"White",0
"3977",272761,"Medium",0
"3978",138466,"White",0
"3979",228348,"White",0
"3980",232178,"White",0
"3981",87287,"White",0
"3982",134231,"Medium",0
"3983",858191,"White",0
"3984",359032,"White",0
"3985",280641,"White",0
"3986",945479,"White",0
"3987",1019312,"Medium",0
"3988",834180,"White",0
"3989",932316,"White",0
"3990",78517,"White",0
"3991",804396,"White",0
"3992",1002554,"Medium",0
"3993",1064852,"Medium",0
"3994",1066030,"White",0
"3995",1066028,"White",0
"3996",1086436,"White",0
"3997",997383,"White",0
"3998",1086439,"Medium",0
"3999",1046802,"Medium",0
"4000",1085345,"Black",1
"4001",935392,"White",0
"4002",1167764,"Medium",0
"4003",1127586,"White",0
"4004",1067231,"White",0
"4005",1128801,"White",0
"4006",1168680,"White",0
"4007",1130505,"White",0
"4008",901888,"White",0
"4009",942944,"White",0
"4010",877837,"White",0
"4011",862965,"Medium",0
"4012",826060,"White",0
"4013",877845,"Black",1
"4014",932628,"White",0
"4015",129916,"White",0
"4016",124822,"White",0
"4017",877306,"White",0
"4018",124776,"White",0
"4019",1066042,"White",0
"4020",8859,"White",0
"4021",50968,"Medium",0
"4022",886737,"Black",1
"4023",280551,"White",0
"4024",827531,"Black",1
"4025",867180,"Medium",0
"4026",1005834,"Medium",0
"4027",254445,"White",0
"4028",910084,"Medium",0
"4029",827562,"White",0
"4030",845356,"White",0
"4031",896640,"Medium",0
"4032",845199,"Medium",0
"4033",997206,"Medium",0
"4034",26810,"White",0
"4035",807418,"Black",1
"4036",817978,"Black",1
"4037",171995,"White",0
"4038",842171,"Medium",0
"4039",877798,"White",0
"4040",1386651,"White",0
"4041",945532,"White",0
"4042",879710,"White",0
"4043",886316,"White",0
"4044",142820,"White",0
"4045",989203,"Medium",0
"4046",860765,"Medium",0
"4047",797759,"White",0
"4048",930702,"White",0
"4049",820465,"White",0
"4050",800400,"Black",1
"4051",941562,"Black",1
"4052",184649,"Medium",0
"4053",825962,"Black",1
"4054",817975,"Black",1
"4055",1130662,"Black",1
"4056",1218052,"White",0
"4057",1121455,"White",0
"4058",795721,"White",0
"4059",1009161,"White",0
"4060",988905,"White",0
"4061",888854,"White",0
"4062",1387923,"White",0
"4063",139507,"White",0
"4064",851261,"White",0
"4065",802325,"Medium",0
"4066",867399,"Black",1
"4067",1142176,"White",0
"4068",966529,"Black",1
"4069",998357,"Black",1
"4070",1066805,"White",0
"4071",802841,"White",0
"4072",1387924,"White",0
"4073",1064762,"White",0
"4074",190875,"White",0
"4075",802561,"White",0
"4076",1147334,"White",0
"4077",1177167,"White",0
"4078",789192,"Black",1
"4079",842202,"White",0
"4080",910043,"White",0
"4081",887799,"White",0
"4082",1390243,"White",0
"4083",891500,"White",0
"4084",841409,"White",0
"4085",980629,"White",0
"4086",289203,"White",0
"4087",809025,"White",0
"4088",1404547,"Black",1
"4089",891557,"White",0
"4090",1140593,"White",0
"4091",997173,"Black",1
"4092",794449,"White",0
"4093",1002383,"Black",1
"4094",842718,"White",0
"4095",1049178,"White",0
"4096",1102528,"Medium",0
"4097",1216331,"White",0
"4098",980615,"White",0
"4099",962272,"White",0
"4100",1005919,"White",0
"4101",1166680,"White",0
"4102",1127405,"White",0
"4103",254409,"Black",1
"4104",91047,"Medium",0
"4105",928416,"White",0
"4106",1130647,"White",0
"4107",814180,"White",0
"4108",1131732,"Black",1
"4109",57627,"White",0
"4110",871621,"Black",1
"4111",243693,"Medium",0
"4112",1121430,"White",0
"4113",852096,"White",0
"4114",996910,"Black",1
"4115",983519,"Medium",0
"4116",1134404,"Medium",0
"4117",74045,"White",0
"4118",1134388,"White",0
"4119",952259,"Medium",0
"4120",1474711,"White",0
"4121",1475013,"White",0
"4122",149728,"White",0
"4123",1159759,"Medium",0
"4124",1002568,"Medium",0
"4125",1164171,"Black",1
"4126",1138040,"White",0
"4127",1130946,"Medium",0
"4128",944100,"White",0
"4129",888731,"White",0
"4130",1440948,"Medium",0
"4131",1386522,"Medium",0
"4132",1133554,"White",0
"4133",1140362,"White",0
"4134",997010,"White",0
"4135",1468040,"White",0
"4136",987479,"White",0
"4137",927376,"White",0
"4138",989186,"White",0
"4139",136933,"White",0
"4140",993810,"Black",1
"4141",1418623,"Black",1
"4142",979820,"White",0
"4143",887500,"White",0
"4144",1066808,"Black",1
"4145",1131080,"White",0
"4146",860461,"White",0
"4147",788286,"White",0
"4148",978767,"White",0
"4149",798117,"White",0
"4150",814221,"White",0
"4151",896159,"White",0
"4152",1097603,"White",0
"4153",939422,"Black",1
"4154",576752,"Black",1
"4155",352986,"White",0
"4156",858360,"White",0
"4157",908847,"White",0
"4158",797869,"White",0
"4159",874816,"White",0
"4160",237064,"White",0
"4161",1191120,"White",0
"4162",901270,"White",0
"4163",358898,"Medium",0
"4164",796672,"White",0
"4165",577008,"White",0
"4166",945979,"White",0
"4167",857470,"White",0
"4168",987512,"Black",1
"4169",948185,"White",0
"4170",1014806,"White",0
"4171",892527,"White",0
"4172",980627,"White",0
"4173",876106,"White",0
"4174",789067,"Medium",0
"4175",990209,"White",0
"4176",339889,"White",0
"4177",877608,"White",0
"4178",1418624,"White",0
"4179",1066446,"Medium",0
"4180",347116,"White",0
"4181",1105869,"White",0
"4182",812822,"Black",1
"4183",925910,"Medium",0
"4184",1064305,"White",0
"4185",862479,"Medium",0
"4186",939699,"White",0
"4187",926589,"White",0
"4188",991872,"Medium",0
"4189",981788,"White",0
"4190",1083387,"White",0
"4191",259803,"White",0
"4192",580658,"White",0
"4193",134246,"Black",1
"4194",886339,"White",0
"4195",990207,"White",0
"4196",980616,"White",0
"4197",254133,"White",0
"4198",97929,"White",0
"4199",990105,"White",0
"4200",1049730,"White",0
"4201",989420,"White",0
"4202",991824,"White",0
"4203",1131005,"Medium",0
"4204",997178,"White",0
"4205",802830,"Medium",0
"4206",50023,"White",0
"4207",1031259,"White",0
"4208",1112327,"White",0
"4209",48445,"Medium",0
"4210",1083364,"White",0
"4211",835901,"White",0
"4212",1130113,"White",0
"4213",1143364,"White",0
"4214",995322,"White",0
"4215",987444,"White",0
"4216",1150374,"White",0
"4217",799024,"White",0
"4218",211116,"Medium",0
"4219",286807,"White",0
"4220",959635,"White",0
"4221",946561,"White",0
"4222",888376,"Medium",0
"4223",988250,"White",0
"4224",1130872,"White",0
"4225",1211829,"White",0
"4226",895042,"Black",1
"4227",1106352,"Medium",0
"4228",1000541,"Medium",0
"4229",1462742,"Black",1
"4230",1514419,"White",0
"4231",94099,"White",0
"4232",753122,"White",0
"4233",932070,"White",0
"4234",942336,"White",0
"4235",1516754,"Black",1
"4236",1564553,"Medium",0
"4237",980617,"White",0
"4238",875613,"White",0
"4239",1101244,"White",0
"4240",1215019,"White",0
"4241",1387925,"White",0
"4242",860378,"Medium",0
"4243",1195634,"White",0
"4244",817600,"White",0
"4245",941394,"White",0
"4246",1174250,"White",0
"4247",1527023,"White",0
"4248",847073,"Medium",0
"4249",1127788,"White",0
"4250",1120919,"White",0
"4251",1128792,"White",0
"4252",980916,"White",0
"4253",1121074,"White",0
"4254",164221,"White",0
"4255",1409365,"White",0
"4256",1394676,"Black",1
"4257",787816,"White",0
"4258",1131006,"Medium",0
"4259",1152497,"White",0
"4260",1036005,"White",0
"4261",1198077,"White",0
"4262",1418649,"White",0
"4263",352398,"White",0
"4264",856799,"White",0
"4265",1067318,"White",0
"4266",1606561,"Medium",0
"4267",978064,"Black",1
"4268",1481752,"White",0
"4269",1130068,"White",0
"4270",961673,"Medium",0
"4271",1085304,"White",0
"4272",1634327,"Medium",0
"4273",888440,"Medium",0
"4274",1064986,"White",0
"4275",126531,"Medium",0
"4276",1472937,"White",0
"4277",1013992,"Black",1
"4278",944027,"White",0
"4279",243609,"White",0
"4280",243585,"Medium",0
"4281",50539,"White",0
"4282",339447,"Medium",0
"4283",38094,"White",0
"4284",34312,"Medium",0
"4285",254491,"White",0
"4286",827606,"Medium",0
"4287",282649,"White",0
"4288",372324,"White",0
"4289",190851,"Black",1
"4290",15033,"Medium",0
"4291",20514,"White",0
"4292",20278,"White",0
"4293",50485,"White",0
"4294",840217,"Medium",0
"4295",241488,"White",0
"4296",20097,"Medium",0
"4297",32787,"Medium",0
"4298",30243,"Medium",0
"4299",295361,"White",0
"4300",798314,"Black",1
"4301",146518,"Medium",0
"4302",123399,"Black",1
"4303",22100,"White",0
"4304",560128,"Black",1
"4305",155997,"Medium",0
"4306",132874,"White",0
"4307",21300,"White",0
"4308",21501,"White",0
"4309",14695,"White",0
"4310",104813,"White",0
"4311",26995,"Black",1
"4312",15823,"Medium",0
"4313",38642,"White",0
"4314",335047,"Medium",0
"4315",10507,"White",0
"4316",31417,"Black",1
"4317",1262,"White",0
"4318",98452,"Medium",0
"4319",20375,"Black",1
"4320",185955,"Black",1
"4321",44326,"Medium",0
"4322",13630,"Black",1
"4323",32213,"White",0
"4324",243623,"Black",1
"4325",11796,"Medium",0
"4326",45956,"Black",1
"4327",10597,"Medium",0
"4328",18998,"White",0
"4329",14193,"Black",1
"4330",10629,"Black",1
"4331",267621,"White",0
"4332",14229,"White",0
"4333",123388,"Black",1
"4334",15038,"White",0
"4335",15152,"White",0
"4336",46998,"Medium",0
"4337",76120,"Medium",0
"4338",95461,"White",0
"4339",9766,"White",0
"4340",830250,"White",0
"4341",1012390,"Black",1
"4342",862055,"Black",1
"4343",226780,"Black",1
"4344",793167,"White",0
"4345",799041,"White",0
"4346",288205,"Medium",0
"4347",308764,"White",0
"4348",361798,"Black",1
"4349",114497,"White",0
"4350",552884,"White",0
"4351",54331,"White",0
"4352",29774,"Black",1
"4353",98454,"White",0
"4354",996985,"Medium",0
"4355",295137,"Medium",0
"4356",138765,"White",0
"4357",358394,"White",0
"4358",32002,"Medium",0
"4359",1018847,"Medium",0
"4360",979563,"White",0
"4361",991584,"White",0
"4362",839712,"White",0
"4363",845791,"Medium",0
"4364",795064,"Black",1
"4365",318927,"Black",1
"4366",151545,"Medium",0
"4367",262911,"White",0
"4368",42694,"White",0
"4369",159665,"Medium",0
"4370",143697,"Medium",0
"4371",18154,"White",0
"4372",943645,"Medium",0
"4373",95791,"White",0
"4374",754698,"Medium",0
"4375",891803,"Medium",0
"4376",75756,"White",0
"4377",783126,"White",0
"4378",907070,"White",0
"4379",15242,"White",0
"4380",122403,"White",0
"4381",137017,"Medium",0
"4382",107025,"White",0
"4383",15479,"White",0
"4384",106920,"Medium",0
"4385",825719,"Black",1
"4386",43443,"White",0
"4387",856714,"White",0
"4388",220315,"White",0
"4389",47772,"Black",1
"4390",816763,"White",0
"4391",9127,"White",0
"4392",44614,"Medium",0
"4393",152077,"White",0
"4394",149734,"White",0
"4395",287643,"White",0
"4396",70996,"White",0
"4397",11781,"Medium",0
"4398",158213,"Medium",0
"4399",794839,"Black",1
"4400",138534,"Black",1
"4401",17094,"Medium",0
"4402",45853,"Medium",0
"4403",859765,"White",0
"4404",839410,"White",0
"4405",865740,"White",0
"4406",42707,"Medium",0
"4407",149663,"Black",1
"4408",44566,"White",0
"4409",548660,"Black",1
"4410",355796,"Black",1
"4411",350560,"White",0
"4412",100621,"Black",1
"4413",138261,"White",0
"4414",113956,"Medium",0
"4415",788134,"White",0
"4416",33854,"White",0
"4417",100578,"White",0
"4418",112928,"White",0
"4419",149815,"White",0
"4420",100637,"White",0
"4421",27999,"White",0
"4422",367228,"White",0
"4423",31703,"White",0
"4424",162653,"White",0
"4425",67507,"Medium",0
"4426",145188,"White",0
"4427",137774,"White",0
"4428",17063,"White",0
"4429",49805,"White",0
"4430",20993,"Medium",0
"4431",49647,"White",0
"4432",935543,"White",0
"4433",50480,"White",0
"4434",27028,"White",0
"4435",9692,"Black",1
"4436",26989,"Medium",0
"4437",227946,"White",0
"4438",286085,"White",0
"4439",134361,"White",0
"4440",120538,"White",0
"4441",826202,"Black",1
"4442",69416,"White",0
"4443",161717,"White",0
"4444",20756,"Medium",0
"4445",130181,"Medium",0
"4446",115346,"Medium",0
"4447",773409,"Medium",0
"4448",921216,"Black",1
"4449",149593,"White",0
"4450",257205,"Medium",0
"4451",32023,"White",0
"4452",39183,"White",0
"4453",39472,"Medium",0
"4454",74577,"Black",1
"4455",47992,"Medium",0
"4456",39282,"White",0
"4457",50294,"White",0
"4458",45970,"Black",1
"4459",103045,"Black",1
"4460",111850,"Black",1
"4461",138530,"White",0
"4462",76632,"White",0
"4463",110846,"White",0
"4464",96538,"White",0
"4465",27009,"White",0
"4466",235460,"White",0
"4467",43192,"White",0
"4468",372344,"Medium",0
"4469",326343,"Black",1
"4470",795058,"White",0
"4471",10599,"Medium",0
"4472",53739,"White",0
"4473",50027,"White",0
"4474",22200,"White",0
"4475",16779,"Medium",0
"4476",96535,"Black",1
"4477",16701,"Black",1
"4478",193554,"White",0
"4479",73951,"Black",1
"4480",22109,"Medium",0
"4481",134029,"Medium",0
"4482",55570,"White",0
"4483",115365,"White",0
"4484",99090,"White",0
"4485",99517,"Medium",0
"4486",70900,"White",0
"4487",21299,"White",0
"4488",301288,"White",0
"4489",48480,"White",0
"4490",235444,"Medium",0
"4491",268903,"Medium",0
"4492",9048,"White",0
"4493",823085,"Black",1
"4494",44575,"White",0
"4495",566102,"Black",1
"4496",16586,"Black",1
"4497",27014,"Black",1
"4498",122702,"Medium",0
"4499",149710,"Black",1
"4500",18122,"White",0
"4501",192266,"White",0
"4502",303638,"Black",1
"4503",100574,"White",0
"4504",250223,"White",0
"4505",189061,"White",0
"4506",867887,"Medium",0
"4507",1076,"White",0
"4508",221200,"Black",1
"4509",30144,"White",0
"4510",758608,"White",0
"4511",802695,"White",0
"4512",787885,"Black",1
"4513",345195,"Medium",0
"4514",331737,"Medium",0
"4515",833057,"Black",1
"4516",356398,"White",0
"4517",173827,"White",0
"4518",855647,"White",0
"4519",47737,"White",0
"4520",98449,"White",0
"4521",139310,"Black",1
"4522",143047,"White",0
"4523",280955,"Medium",0
"4524",6562,"White",0
"4525",235648,"Medium",0
"4526",192442,"Medium",0
"4527",606164,"White",0
"4528",187729,"Medium",0
"4529",42209,"White",0
"4530",101882,"White",0
"4531",153444,"Medium",0
"4532",185995,"White",0
"4533",210082,"White",0
"4534",190843,"Black",1
"4535",36465,"White",0
"4536",866191,"White",0
"4537",42699,"White",0
"4538",333373,"White",0
"4539",347010,"Black",1
"4540",103335,"White",0
"4541",227942,"White",0
"4542",13108,"White",0
"4543",17088,"White",0
"4544",888550,"Black",1
"4545",826139,"Black",1
"4546",51498,"Medium",0
"4547",547838,"Medium",0
"4548",593526,"Black",1
"4549",922573,"White",0
"4550",69378,"White",0
"4551",863653,"Black",1
"4552",143334,"White",0
"4553",149380,"White",0
"4554",190839,"White",0
"4555",879346,"White",0
"4556",205508,"Medium",0
"4557",814590,"Black",1
"4558",191176,"Black",1
"4559",828639,"White",0
"4560",942116,"Medium",0
"4561",28367,"White",0
"4562",232422,"White",0
"4563",21555,"Medium",0
"4564",186795,"White",0
"4565",139227,"Black",1
"4566",136710,"Medium",0
"4567",836694,"White",0
"4568",98435,"White",0
"4569",234148,"Black",1
"4570",50070,"Black",1
"4571",355528,"White",0
"4572",361420,"Medium",0
"4573",135666,"White",0
"4574",21164,"Black",1
"4575",174975,"Black",1
"4576",41116,"White",0
"4577",10501,"Medium",0
"4578",781544,"Black",1
"4579",33902,"Black",1
"4580",46432,"Medium",0
"4581",512,"Black",1
"4582",150396,"White",0
"4583",117083,"White",0
"4584",869910,"Black",1
"4585",51501,"Black",1
"4586",10577,"Medium",0
"4587",791,"White",0
"4588",74915,"Medium",0
"4589",331209,"White",0
"4590",798835,"White",0
"4591",148710,"Black",1
"4592",39283,"White",0
"4593",286165,"Black",1
"4594",879349,"White",0
"4595",372430,"White",0
"4596",352770,"Black",1
"4597",9628,"White",0
"4598",45944,"Black",1
"4599",845286,"Black",1
"4600",9741,"White",0
"4601",17054,"White",0
"4602",111505,"White",0
"4603",94758,"White",0
"4604",152390,"Black",1
"4605",38393,"White",0
"4606",865912,"Medium",0
"4607",115441,"White",0
"4608",44760,"Medium",0
"4609",10486,"White",0
"4610",147745,"Black",1
"4611",907668,"White",0
"4612",282665,"White",0
"4613",21134,"Black",1
"4614",216308,"White",0
"4615",98450,"Black",1
"4616",257421,"Black",1
"4617",65953,"White",0
"4618",24048,"Black",1
"4619",16921,"White",0
"4620",198028,"Medium",0
"4621",58488,"White",0
"4622",105697,"Black",1
"4623",367096,"White",0
"4624",355048,"Medium",0
"4625",142622,"Black",1
"4626",69408,"White",0
"4627",254713,"White",0
"4628",583450,"White",0
"4629",548188,"White",0
"4630",16176,"Medium",0
"4631",556904,"Black",1
"4632",164343,"Medium",0
"4633",72127,"Medium",0
"4634",139225,"Black",1
"4635",876214,"Medium",0
"4636",151138,"Black",1
"4637",871822,"Medium",0
"4638",844842,"Black",1
"4639",867441,"Black",1
"4640",934235,"Black",1
"4641",368134,"White",0
"4642",827064,"Black",1
"4643",9037,"White",0
"4644",361326,"White",0
"4645",314040,"Medium",0
"4646",166381,"White",0
"4647",39480,"Medium",0
"4648",827679,"Black",1
"4649",45680,"White",0
"4650",988963,"White",0
"4651",282247,"Medium",0
"4652",232118,"Medium",0
"4653",16620,"White",0
"4654",32124,"White",0
"4655",124960,"Medium",0
"4656",885908,"Black",1
"4657",366592,"White",0
"4658",927361,"White",0
"4659",927368,"White",0
"4660",45502,"White",0
"4661",873189,"White",0
"4662",768,"White",0
"4663",793228,"White",0
"4664",188365,"White",0
"4665",101999,"White",0
"4666",13249,"Medium",0
"4667",19343,"Medium",0
"4668",93868,"White",0
"4669",18968,"White",0
"4670",894474,"White",0
"4671",359642,"Black",1
"4672",54330,"Medium",0
"4673",827681,"Medium",0
"4674",795059,"Medium",0
"4675",927353,"White",0
"4676",859901,"White",0
"4677",966555,"White",0
"4678",285989,"Black",1
"4679",331837,"Medium",0
"4680",255189,"Black",1
"4681",867445,"White",0
"4682",88528,"White",0
"4683",991595,"Black",1
"4684",44823,"Black",1
"4685",123166,"Black",1
"4686",914691,"Black",1
"4687",879850,"Black",1
"4688",836693,"Black",1
"4689",856720,"White",0
"4690",817567,"White",0
"4691",858194,"Black",1
"4692",906025,"White",0
"4693",13060,"Medium",0
"4694",914902,"White",0
"4695",155818,"Medium",0
"4696",52741,"Medium",0
"4697",825088,"Black",1
"4698",606346,"Black",1
"4699",970435,"White",0
"4700",895324,"White",0
"4701",907667,"Black",1
"4702",70153,"White",0
"4703",158263,"White",0
"4704",855731,"White",0
"4705",865167,"Medium",0
"4706",927356,"White",0
"4707",955245,"White",0
"4708",975079,"Black",1
"4709",96116,"White",0
"4710",988275,"Black",1
"4711",879898,"White",0
"4712",914412,"Black",1
"4713",941670,"White",0
"4714",358694,"White",0
"4715",58994,"Black",1
"4716",147142,"Medium",0
"4717",118179,"White",0
"4718",205028,"Medium",0
"4719",82566,"White",0
"4720",137786,"Black",1
"4721",361332,"Black",1
"4722",110950,"Black",1
"4723",603736,"Black",1
"4724",192144,"White",0
"4725",151499,"Black",1
"4726",869792,"Black",1
"4727",864921,"Black",1
"4728",906076,"White",0
"4729",102624,"White",0
"4730",836675,"White",0
"4731",78454,"White",0
"4732",786028,"White",0
"4733",28088,"White",0
"4734",44900,"White",0
"4735",204336,"White",0
"4736",796144,"Medium",0
"4737",943652,"Medium",0
"4738",98427,"White",0
"4739",786022,"Black",1
"4740",307274,"Black",1
"4741",40671,"Medium",0
"4742",856719,"White",0
"4743",24814,"Medium",0
"4744",377238,"Black",1
"4745",34578,"Medium",0
"4746",54338,"Black",1
"4747",848512,"Black",1
"4748",33427,"Medium",0
"4749",817562,"Black",1
"4750",863651,"Black",1
"4751",143593,"Medium",0
"4752",902029,"White",0
"4753",21521,"Medium",0
"4754",318941,"White",0
"4755",833956,"White",0
"4756",218160,"Black",1
"4757",555386,"Black",1
"4758",36466,"Black",1
"4759",839819,"White",0
"4760",39327,"White",0
"4761",137060,"Medium",0
"4762",96531,"Black",1
"4763",190877,"Black",1
"4764",914891,"White",0
"4765",954076,"White",0
"4766",197982,"White",0
"4767",33541,"Medium",0
"4768",997087,"White",0
"4769",55052,"White",0
"4770",845074,"Black",1
"4771",219572,"White",0
"4772",963493,"White",0
"4773",138024,"White",0
"4774",322417,"White",0
"4775",803174,"Medium",0
"4776",249437,"Medium",0
"4777",873050,"Black",1
"4778",355154,"Medium",0
"4779",352668,"Black",1
"4780",25233,"White",0
"4781",159653,"Medium",0
"4782",609596,"Medium",0
"4783",831005,"Medium",0
"4784",362682,"White",0
"4785",354808,"Medium",0
"4786",891920,"Medium",0
"4787",828640,"White",0
"4788",312110,"Medium",0
"4789",974553,"White",0
"4790",284435,"Medium",0
"4791",97905,"Medium",0
"4792",33689,"White",0
"4793",9649,"Medium",0
"4794",902091,"Black",1
"4795",929132,"Medium",0
"4796",1049860,"Medium",0
"4797",852145,"Black",1
"4798",995671,"Medium",0
"4799",250133,"Medium",0
"4800",32673,"White",0
"4801",18184,"Medium",0
"4802",989826,"Black",1
"4803",346790,"Black",1
"4804",909987,"Black",1
"4805",888536,"Black",1
"4806",187023,"White",0
"4807",991562,"Black",1
"4808",786259,"White",0
"4809",994920,"White",0
"4810",886242,"White",0
"4811",989889,"Black",1
"4812",861974,"Black",1
"4813",914309,"Medium",0
"4814",138837,"Black",1
"4815",358162,"Black",1
"4816",979232,"Black",1
"4817",716,"White",0
"4818",98448,"White",0
"4819",43909,"Medium",0
"4820",994556,"Black",1
"4821",941757,"Black",1
"4822",966655,"Black",1
"4823",365802,"White",0
"4824",159675,"Medium",0
"4825",138891,"Medium",0
"4826",829570,"White",0
"4827",542472,"Medium",0
"4828",123689,"Medium",0
"4829",107414,"White",0
"4830",797688,"White",0
"4831",846036,"White",0
"4832",975937,"Black",1
"4833",307284,"Black",1
"4834",855833,"Medium",0
"4835",907464,"Medium",0
"4836",372336,"Black",1
"4837",308526,"Black",1
"4838",252821,"Black",1
"4839",954044,"Medium",0
"4840",858195,"Medium",0
"4841",316148,"Black",1
"4842",878705,"Black",1
"4843",15354,"White",0
"4844",923894,"Medium",0
"4845",238708,"White",0
"4846",904970,"White",0
"4847",43215,"Black",1
"4848",931278,"Medium",0
"4849",920546,"Black",1
"4850",826259,"White",0
"4851",827362,"White",0
"4852",920374,"Black",1
"4853",997835,"Black",1
"4854",19314,"White",0
"4855",863251,"Black",1
"4856",946158,"Black",1
"4857",123223,"Medium",0
"4858",547410,"White",0
"4859",967457,"Black",1
"4860",97967,"White",0
"4861",930666,"Medium",0
"4862",1131,"White",0
"4863",365296,"White",0
"4864",1009386,"Black",1
"4865",1096136,"Black",1
"4866",581310,"Medium",0
"4867",576384,"White",0
"4868",55123,"White",0
"4869",855864,"Black",1
"4870",790833,"White",0
"4871",885864,"Black",1
"4872",135256,"White",0
"4873",599128,"Black",1
"4874",927083,"Medium",0
"4875",290927,"Black",1
"4876",1006409,"White",0
"4877",944201,"White",0
"4878",901892,"Black",1
"4879",944973,"Black",1
"4880",881132,"Black",1
"4881",1101362,"Black",1
"4882",980634,"White",0
"4883",827519,"White",0
"4884",361352,"White",0
"4885",887581,"Black",1
"4886",252669,"White",0
"4887",830431,"White",0
"4888",839110,"Black",1
"4889",887055,"Medium",0
"4890",354878,"White",0
"4891",801306,"White",0
"4892",1014461,"Black",1
"4893",548050,"Medium",0
"4894",805123,"Black",1
"4895",982780,"White",0
"4896",933320,"Black",1
"4897",965943,"Medium",0
"4898",865057,"Black",1
"4899",799251,"White",0
"4900",892111,"Black",1
"4901",861970,"White",0
"4902",795228,"Black",1
"4903",978838,"Black",1
"4904",856123,"Black",1
"4905",983066,"Medium",0
"4906",826057,"White",0
"4907",35532,"Black",1
"4908",917005,"Black",1
"4909",280439,"Black",1
"4910",565686,"White",0
"4911",1020744,"White",0
"4912",251907,"Medium",0
"4913",958916,"White",0
"4914",103117,"White",0
"4915",945806,"White",0
"4916",826203,"Black",1
"4917",852412,"White",0
"4918",353224,"Medium",0
"4919",862859,"White",0
"4920",991577,"Medium",0
"4921",798933,"White",0
"4922",979118,"White",0
"4923",944184,"White",0
"4924",983816,"Medium",0
"4925",804613,"White",0
"4926",837846,"White",0
"4927",1084284,"White",0
"4928",991614,"Black",1
"4929",998832,"Medium",0
"4930",917305,"Black",1
"4931",980640,"White",0
"4932",950338,"White",0
"4933",1064630,"White",0
"4934",1065261,"Black",1
"4935",876643,"White",0
"4936",915688,"Black",1
"4937",970366,"Medium",0
"4938",883537,"Medium",0
"4939",1015826,"Black",1
"4940",866469,"Medium",0
"4941",1065260,"White",0
"4942",973418,"Black",1
"4943",1096447,"Medium",0
"4944",1142344,"White",0
"4945",980647,"White",0
"4946",1097848,"White",0
"4947",1004342,"Black",1
"4948",856260,"Black",1
"4949",1106151,"Black",1
"4950",999231,"White",0
"4951",1085950,"Black",1
"4952",858254,"White",0
"4953",807749,"Black",1
"4954",987650,"Black",1
"4955",1177311,"Black",1
"4956",994562,"White",0
"4957",1066059,"White",0
"4958",801391,"Medium",0
"4959",918429,"White",0
"4960",934237,"Black",1
"4961",914835,"Black",1
"4962",826134,"Black",1
"4963",877994,"Black",1
"4964",288019,"White",0
"4965",115432,"White",0
"4966",284417,"White",0
"4967",904848,"Black",1
"4968",119151,"Medium",0
"4969",138310,"Medium",0
"4970",784503,"White",0
"4971",794939,"Medium",0
"4972",116955,"White",0
"4973",910026,"White",0
"4974",993451,"Black",1
"4975",31867,"White",0
"4976",37514,"White",0
"4977",833030,"Black",1
"4978",69256,"White",0
"4979",1003334,"White",0
"4980",988966,"White",0
"4981",197428,"White",0
"4982",1135873,"White",0
"4983",906047,"Black",1
"4984",1176104,"Black",1
"4985",364612,"White",0
"4986",862223,"White",0
"4987",924871,"White",0
"4988",190857,"White",0
"4989",895576,"Medium",0
"4990",298366,"White",0
"4991",322391,"White",0
"4992",826204,"Medium",0
"4993",838399,"White",0
"4994",358108,"White",0
"4995",920936,"White",0
"4996",40686,"White",0
"4997",358218,"White",0
"4998",992044,"Black",1
"4999",936719,"Medium",0
"5000",1069488,"Black",1
"5001",818073,"Black",1
"5002",1020141,"White",0
"5003",972421,"White",0
"5004",930775,"Medium",0
"5005",859999,"Medium",0
"5006",944656,"White",0
"5007",936849,"Medium",0
"5008",910046,"White",0
"5009",1136731,"Black",1
"5010",830659,"White",0
"5011",1047484,"Black",1
"5012",836070,"Black",1
"5013",1013987,"White",0
"5014",110956,"Black",1
"5015",945122,"Medium",0
"5016",846252,"White",0
"5017",1020680,"Black",1
"5018",281277,"Medium",0
"5019",805465,"Black",1
"5020",122951,"Medium",0
"5021",996911,"Black",1
"5022",962012,"White",0
"5023",1142638,"White",0
"5024",1130222,"White",0
"5025",186809,"White",0
"5026",855835,"White",0
"5027",994546,"White",0
"5028",84844,"White",0
"5029",965331,"White",0
"5030",106337,"Black",1
"5031",1065214,"Medium",0
"5032",904835,"White",0
"5033",1136730,"White",0
"5034",862967,"Medium",0
"5035",1013928,"Medium",0
"5036",138573,"White",0
"5037",295123,"Black",1
"5038",1106451,"Black",1
"5039",1023567,"White",0
"5040",1036269,"Medium",0
"5041",56113,"Medium",0
"5042",242211,"Medium",0
"5043",1064039,"Black",1
"5044",27035,"Medium",0
"5045",796986,"White",0
"5046",808680,"White",0
"5047",974577,"Black",1
"5048",877102,"Medium",0
"5049",879810,"White",0
"5050",1134532,"White",0
"5051",982613,"Black",1
"5052",989803,"White",0
"5053",998951,"Black",1
"5054",1134718,"White",0
"5055",974505,"White",0
"5056",958966,"White",0
"5057",135775,"Medium",0
"5058",257091,"White",0
"5059",190853,"White",0
"5060",886532,"Black",1
"5061",1134729,"White",0
"5062",1005766,"White",0
"5063",1134725,"Black",1
"5064",1167025,"Black",1
"5065",1067117,"Black",1
"5066",257433,"Black",1
"5067",1002711,"Black",1
"5068",1005706,"White",0
"5069",1090963,"Black",1
"5070",1154861,"White",0
"5071",904827,"Black",1
"5072",966547,"Black",1
"5073",980327,"Black",1
"5074",1117025,"Medium",0
"5075",1142175,"Black",1
"5076",1086286,"White",0
"5077",1069627,"Black",1
"5078",1002331,"White",0
"5079",1170693,"Medium",0
"5080",101367,"White",0
"5081",1398557,"White",0
"5082",1104981,"Medium",0
"5083",1142315,"White",0
"5084",1400650,"White",0
"5085",997136,"White",0
"5086",1407484,"Black",1
"5087",941168,"Medium",0
"5088",604232,"Medium",0
"5089",1085180,"Medium",0
"5090",580550,"White",0
"5091",280979,"White",0
"5092",825839,"Black",1
"5093",1142636,"White",0
"5094",851150,"Black",1
"5095",823941,"Black",1
"5096",958380,"Medium",0
"5097",851671,"Medium",0
"5098",1015267,"Medium",0
"5099",21212,"Medium",0
"5100",1019442,"Black",1
"5101",555406,"White",0
"5102",934354,"Black",1
"5103",973556,"White",0
"5104",559036,"White",0
"5105",361696,"Medium",0
"5106",294593,"Medium",0
"5107",988882,"Medium",0
"5108",88645,"White",0
"5109",913654,"Medium",0
"5110",93796,"Medium",0
"5111",1131449,"Black",1
"5112",980643,"White",0
"5113",964761,"White",0
"5114",914477,"Medium",0
"5115",1216282,"Black",1
"5116",901907,"Black",1
"5117",990550,"Medium",0
"5118",877036,"Medium",0
"5119",958959,"Black",1
"5120",833943,"White",0
"5121",1097425,"White",0
"5122",1156586,"Black",1
"5123",1110842,"Black",1
"5124",45959,"White",0
"5125",841005,"White",0
"5126",197848,"White",0
"5127",369674,"Black",1
"5128",1006189,"Black",1
"5129",387116,"Black",1
"5130",920542,"Black",1
"5131",945792,"White",0
"5132",858911,"Medium",0
"5133",849309,"Black",1
"5134",97465,"White",0
"5135",140487,"White",0
"5136",187861,"Black",1
"5137",825899,"White",0
"5138",1099792,"Black",1
"5139",1122603,"Black",1
"5140",979290,"Medium",0
"5141",1396445,"Black",1
"5142",827243,"Black",1
"5143",1085381,"Black",1
"5144",996958,"Medium",0
"5145",837495,"Medium",0
"5146",861972,"Black",1
"5147",847151,"Medium",0
"5148",1138421,"Black",1
"5149",372342,"White",0
"5150",1000142,"Medium",0
"5151",1048916,"Black",1
"5152",1145627,"Medium",0
"5153",994363,"White",0
"5154",826169,"Black",1
"5155",1003339,"Black",1
"5156",1014556,"Black",1
"5157",822933,"White",0
"5158",845273,"Black",1
"5159",822459,"Medium",0
"5160",843754,"Black",1
"5161",1199043,"Black",1
"5162",1142679,"Black",1
"5163",1065216,"Black",1
"5164",1116987,"Medium",0
"5165",1104986,"White",0
"5166",1031258,"White",0
"5167",1116593,"Black",1
"5168",1212155,"Black",1
"5169",1485371,"Medium",0
"5170",1389768,"Black",1
"5171",920680,"Black",1
"5172",138149,"White",0
"5173",150477,"White",0
"5174",1409087,"Medium",0
"5175",1125214,"White",0
"5176",846308,"White",0
"5177",875360,"White",0
"5178",1142604,"Black",1
"5179",980649,"Medium",0
"5180",581610,"Medium",0
"5181",1391824,"White",0
"5182",882604,"White",0
"5183",897334,"Medium",0
"5184",1136721,"Black",1
"5185",1020203,"White",0
"5186",867583,"White",0
"5187",1008402,"White",0
"5188",979114,"White",0
"5189",927340,"Medium",0
"5190",1016788,"White",0
"5191",913942,"White",0
"5192",1166679,"Medium",0
"5193",1153434,"Black",1
"5194",870360,"Medium",0
"5195",1109771,"White",0
"5196",1009334,"Black",1
"5197",1117223,"White",0
"5198",948261,"Medium",0
"5199",78152,"White",0
"5200",1215904,"White",0
"5201",1114837,"White",0
"5202",1401702,"Black",1
"5203",994550,"White",0
"5204",1138428,"White",0
"5205",1403108,"White",0
"5206",1403050,"Black",1
"5207",1005725,"Black",1
"5208",998772,"Medium",0
"5209",1191153,"White",0
"5210",1394950,"Black",1
"5211",1426625,"White",0
"5212",1127057,"White",0
"5213",1149855,"White",0
"5214",370932,"Black",1
"5215",1400646,"Medium",0
"5216",1162083,"Black",1
"5217",1212165,"White",0
"5218",1403192,"White",0
"5219",1133697,"White",0
"5220",1402232,"Medium",0
"5221",1018510,"Medium",0
"5222",1186812,"White",0
"5223",825550,"White",0
"5224",137789,"White",0
"5225",792122,"White",0
"5226",552632,"Medium",0
"5227",931304,"White",0
"5228",358222,"Medium",0
"5229",1006147,"Medium",0
"5230",927360,"Black",1
"5231",864169,"White",0
"5232",1015256,"Black",1
"5233",979233,"Black",1
"5234",934386,"Black",1
"5235",905163,"Black",1
"5236",826183,"Black",1
"5237",962883,"Black",1
"5238",1199282,"Medium",0
"5239",1105779,"Black",1
"5240",336655,"White",0
"5241",911708,"White",0
"5242",283847,"White",0
"5243",888971,"Medium",0
"5244",94234,"White",0
"5245",891,"White",0
"5246",216584,"White",0
"5247",144679,"White",0
"5248",193548,"White",0
"5249",21571,"White",0
"5250",147663,"White",0
"5251",303604,"White",0
"5252",88169,"White",0
"5253",53783,"White",0
"5254",1168116,"White",0
"5255",351496,"White",0
"5256",190369,"White",0
"5257",16589,"White",0
"5258",76343,"White",0
"5259",39612,"Black",1
"5260",803182,"White",0
"5261",895575,"White",0
"5262",45911,"White",0
"5263",592876,"White",0
"5264",222188,"Medium",0
"5265",151512,"Black",1
"5266",831418,"Medium",0
"5267",287897,"White",0
"5268",66340,"White",0
"5269",868248,"Black",1
"5270",849731,"Black",1
"5271",344947,"Black",1
"5272",149817,"White",0
"5273",351498,"Medium",0
"5274",824623,"White",0
"5275",254015,"White",0
"5276",863401,"Black",1
"5277",784625,"White",0
"5278",257993,"White",0
"5279",313442,"White",0
"5280",38075,"White",0
"5281",22290,"White",0
"5282",125558,"Black",1
"5283",51377,"Black",1
"5284",27773,"Medium",0
"5285",136375,"White",0
"5286",14358,"White",0
"5287",20292,"Medium",0
"5288",864918,"White",0
"5289",816,"White",0
"5290",1824141,"Medium",0
"5291",362704,"White",0
"5292",827,"White",0
"5293",970441,"White",0
"5294",377166,"White",0
"5295",27056,"White",0
"5296",292737,"Black",1
"5297",869199,"Black",1
"5298",864504,"White",0
"5299",115368,"Medium",0
"5300",20548,"Medium",0
"5301",340291,"White",0
"5302",94752,"White",0
"5303",128868,"Medium",0
"5304",944264,"White",0
"5305",250477,"Black",1
"5306",47855,"White",0
"5307",930295,"White",0
"5308",10001,"White",0
"5309",128285,"White",0
"5310",48495,"White",0
"5311",354802,"White",0
"5312",924104,"White",0
"5313",73736,"Black",1
"5314",177415,"White",0
"5315",97915,"Medium",0
"5316",845493,"White",0
"5317",20220,"White",0
"5318",892397,"Black",1
"5319",338869,"Medium",0
"5320",26910,"White",0
"5321",325583,"Black",1
"5322",20903,"White",0
"5323",358220,"White",0
"5324",164285,"White",0
"5325",231646,"White",0
"5326",55253,"White",0
"5327",794394,"White",0
"5328",838912,"White",0
"5329",94671,"White",0
"5330",156344,"White",0
"5331",14328,"White",0
"5332",111398,"White",0
"5333",59130,"White",0
"5334",36791,"White",0
"5335",20174,"White",0
"5336",139520,"White",0
"5337",309218,"White",0
"5338",78368,"White",0
"5339",610,"Medium",0
"5340",137808,"White",0
"5341",247459,"White",0
"5342",252999,"White",0
"5343",156651,"White",0
"5344",95707,"White",0
"5345",91984,"White",0
"5346",128833,"Black",1
"5347",123773,"Medium",0
"5348",867440,"Black",1
"5349",892482,"Medium",0
"5350",190863,"Medium",0
"5351",823001,"White",0
"5352",209098,"Black",1
"5353",352922,"Black",1
"5354",9360,"White",0
"5355",20561,"Medium",0
"5356",134365,"Black",1
"5357",86389,"White",0
"5358",104857,"Black",1
"5359",23180,"White",0
"5360",24808,"White",0
"5361",45682,"White",0
"5362",151174,"White",0
"5363",9216,"White",0
"5364",99078,"Black",1
"5365",253837,"Black",1
"5366",329425,"White",0
"5367",305314,"White",0
"5368",90121,"Medium",0
"5369",41631,"White",0
"5370",74440,"White",0
"5371",138531,"Medium",0
"5372",20602,"Medium",0
"5373",123778,"White",0
"5374",98437,"Black",1
"5375",19633,"White",0
"5376",133229,"Medium",0
"5377",826145,"Black",1
"5378",122663,"Medium",0
"5379",591620,"White",0
"5380",27463,"White",0
"5381",214734,"White",0
"5382",369544,"Medium",0
"5383",328701,"White",0
"5384",48988,"White",0
"5385",844669,"Medium",0
"5386",791616,"Black",1
"5387",149756,"White",0
"5388",11764,"White",0
"5389",827358,"Black",1
"5390",103115,"White",0
"5391",164291,"White",0
"5392",340713,"Medium",0
"5393",14231,"Black",1
"5394",787586,"White",0
"5395",281013,"White",0
"5396",144297,"White",0
"5397",47986,"Medium",0
"5398",151118,"White",0
"5399",849831,"White",0
"5400",180011,"Medium",0
"5401",204286,"Black",1
"5402",95606,"White",0
"5403",106192,"White",0
"5404",879800,"White",0
"5405",9004,"White",0
"5406",147887,"Black",1
"5407",257983,"Black",1
"5408",20283,"White",0
"5409",134216,"White",0
"5410",219060,"White",0
"5411",20187,"Medium",0
"5412",340621,"White",0
"5413",372076,"White",0
"5414",20761,"White",0
"5415",886802,"Black",1
"5416",215032,"White",0
"5417",133199,"Medium",0
"5418",146483,"White",0
"5419",35211,"White",0
"5420",42690,"White",0
"5421",74545,"Black",1
"5422",184463,"White",0
"5423",120480,"Black",1
"5424",291483,"Black",1
"5425",34713,"White",0
"5426",46746,"White",0
"5427",240560,"Black",1
"5428",573696,"White",0
"5429",927,"White",0
"5430",642,"White",0
"5431",33102,"Black",1
"5432",252095,"Medium",0
"5433",887343,"Black",1
"5434",370224,"White",0
"5435",11803,"Medium",0
"5436",152417,"Black",1
"5437",94271,"Medium",0
"5438",73586,"White",0
"5439",548190,"White",0
"5440",791985,"Black",1
"5441",84258,"Medium",0
"5442",87185,"White",0
"5443",788260,"Black",1
"5444",305230,"White",0
"5445",293115,"Black",1
"5446",123717,"Medium",0
"5447",316196,"Black",1
"5448",193538,"White",0
"5449",124360,"White",0
"5450",354860,"White",0
"5451",14185,"White",0
"5452",788971,"Black",1
"5453",101393,"White",0
"5454",847180,"Black",1
"5455",180009,"White",0
"5456",789000,"Black",1
"5457",114066,"Black",1
"5458",373210,"Medium",0
"5459",19808,"White",0
"5460",49736,"White",0
"5461",155872,"White",0
"5462",9689,"Black",1
"5463",121777,"Black",1
"5464",32052,"White",0
"5465",135246,"White",0
"5466",828613,"Medium",0
"5467",73059,"Black",1
"5468",794952,"Medium",0
"5469",113955,"Medium",0
"5470",40699,"White",0
"5471",20196,"Medium",0
"5472",30401,"White",0
"5473",250211,"Medium",0
"5474",33478,"Black",1
"5475",254849,"White",0
"5476",846042,"Black",1
"5477",40691,"White",0
"5478",817559,"Black",1
"5479",111963,"Black",1
"5480",331219,"White",0
"5481",20752,"White",0
"5482",162863,"White",0
"5483",102280,"White",0
"5484",47891,"White",0
"5485",826172,"White",0
"5486",326365,"White",0
"5487",801067,"Black",1
"5488",920396,"Medium",0
"5489",94668,"Medium",0
"5490",352766,"White",0
"5491",789859,"White",0
"5492",78621,"Black",1
"5493",814385,"Medium",0
"5494",31812,"Medium",0
"5495",837013,"White",0
"5496",892078,"Black",1
"5497",328155,"Black",1
"5498",291237,"Black",1
"5499",109512,"White",0
"5500",784501,"White",0
"5501",809512,"White",0
"5502",235408,"White",0
"5503",145182,"Medium",0
"5504",117399,"Medium",0
"5505",235404,"Medium",0
"5506",32020,"White",0
"5507",204300,"Medium",0
"5508",789193,"Black",1
"5509",839940,"White",0
"5510",10540,"White",0
"5511",55581,"White",0
"5512",66721,"White",0
"5513",345035,"Black",1
"5514",877997,"Black",1
"5515",892459,"White",0
"5516",369034,"Black",1
"5517",360390,"Medium",0
"5518",100564,"White",0
"5519",37254,"White",0
"5520",877998,"White",0
"5521",783478,"Black",1
"5522",73262,"Medium",0
"5523",859766,"White",0
"5524",21302,"Black",1
"5525",314370,"Medium",0
"5526",544812,"Black",1
"5527",83687,"White",0
"5528",573812,"White",0
"5529",958918,"White",0
"5530",255425,"White",0
"5531",108515,"Medium",0
"5532",115427,"Black",1
"5533",804322,"Black",1
"5534",124980,"White",0
"5535",38009,"White",0
"5536",845025,"Black",1
"5537",115434,"Black",1
"5538",54686,"Medium",0
"5539",794967,"White",0
"5540",563734,"White",0
"5541",895587,"White",0
"5542",862083,"Black",1
"5543",288957,"White",0
"5544",124552,"White",0
"5545",46738,"White",0
"5546",27771,"Black",1
"5547",582228,"Medium",0
"5548",137844,"White",0
"5549",31483,"Medium",0
"5550",100412,"White",0
"5551",788130,"White",0
"5552",869936,"White",0
"5553",920626,"Black",1
"5554",32821,"Medium",0
"5555",383568,"White",0
"5556",828628,"Black",1
"5557",793958,"Black",1
"5558",18735,"White",0
"5559",96486,"Black",1
"5560",164055,"Black",1
"5561",826132,"Black",1
"5562",836959,"Black",1
"5563",920678,"White",0
"5564",881930,"White",0
"5565",368132,"White",0
"5566",845941,"White",0
"5567",37350,"White",0
"5568",149821,"White",0
"5569",843756,"White",0
"5570",13159,"Medium",0
"5571",548194,"White",0
"5572",155804,"Black",1
"5573",309290,"Medium",0
"5574",636,"Black",1
"5575",371366,"White",0
"5576",548044,"Medium",0
"5577",361322,"White",0
"5578",788259,"White",0
"5579",20628,"Medium",0
"5580",21301,"Medium",0
"5581",786274,"White",0
"5582",198030,"Medium",0
"5583",116947,"Black",1
"5584",228342,"Black",1
"5585",20204,"Black",1
"5586",357730,"Medium",0
"5587",826146,"White",0
"5588",33059,"Medium",0
"5589",354782,"White",0
"5590",78609,"White",0
"5591",37961,"White",0
"5592",149391,"Black",1
"5593",362170,"Black",1
"5594",41626,"White",0
"5595",345193,"White",0
"5596",297150,"Black",1
"5597",1096460,"White",0
"5598",10281,"Medium",0
"5599",30502,"Medium",0
"5600",10369,"White",0
"5601",555372,"Medium",0
"5602",39189,"White",0
"5603",801460,"White",0
"5604",96999,"Medium",0
"5605",930855,"Medium",0
"5606",287555,"White",0
"5607",50826,"White",0
"5608",74873,"White",0
"5609",280565,"White",0
"5610",587018,"Medium",0
"5611",986972,"Black",1
"5612",862796,"White",0
"5613",108810,"White",0
"5614",19884,"White",0
"5615",98439,"White",0
"5616",34711,"Black",1
"5617",887309,"White",0
"5618",903166,"White",0
"5619",576324,"Medium",0
"5620",990222,"Black",1
"5621",1002098,"White",0
"5622",17536,"White",0
"5623",16336,"Black",1
"5624",9388,"Medium",0
"5625",22481,"Black",1
"5626",282917,"Black",1
"5627",10257,"White",0
"5628",59932,"White",0
"5629",111961,"Black",1
"5630",758438,"White",0
"5631",544,"White",0
"5632",939563,"Medium",0
"5633",38114,"Black",1
"5634",233286,"White",0
"5635",1008317,"White",0
"5636",978180,"White",0
"5637",16807,"White",0
"5638",920644,"White",0
"5639",945796,"White",0
"5640",9750,"White",0
"5641",851095,"Black",1
"5642",1004096,"White",0
"5643",1009707,"White",0
"5644",38689,"White",0
"5645",9921,"Medium",0
"5646",943073,"Medium",0
"5647",27314,"White",0
"5648",783326,"White",0
"5649",19467,"White",0
"5650",991402,"Medium",0
"5651",972417,"Black",1
"5652",188087,"White",0
"5653",73420,"Medium",0
"5654",897570,"White",0
"5655",944036,"White",0
"5656",906287,"White",0
"5657",833062,"White",0
"5658",945790,"White",0
"5659",891829,"White",0
"5660",846492,"White",0
"5661",751,"White",0
"5662",828581,"White",0
"5663",24055,"Black",1
"5664",795060,"White",0
"5665",915129,"Black",1
"5666",293249,"Black",1
"5667",798468,"White",0
"5668",10226,"White",0
"5669",30530,"White",0
"5670",905789,"White",0
"5671",851098,"White",0
"5672",944200,"White",0
"5673",344873,"White",0
"5674",13251,"Black",1
"5675",830238,"White",0
"5676",800976,"White",0
"5677",315970,"White",0
"5678",1173581,"Medium",0
"5679",863649,"Medium",0
"5680",921007,"White",0
"5681",991401,"White",0
"5682",795128,"Black",1
"5683",917449,"Black",1
"5684",840445,"White",0
"5685",891514,"White",0
"5686",46347,"White",0
"5687",1006994,"White",0
"5688",73511,"White",0
"5689",209374,"Black",1
"5690",9036,"White",0
"5691",61238,"White",0
"5692",356334,"Black",1
"5693",38051,"White",0
"5694",848680,"Black",1
"5695",156703,"Black",1
"5696",50949,"White",0
"5697",859900,"Black",1
"5698",137757,"White",0
"5699",845471,"White",0
"5700",793229,"White",0
"5701",1015849,"Black",1
"5702",826063,"White",0
"5703",553412,"White",0
"5704",943644,"White",0
"5705",149814,"White",0
"5706",967501,"White",0
"5707",948253,"Medium",0
"5708",1020651,"Black",1
"5709",829186,"Medium",0
"5710",830485,"Black",1
"5711",982254,"White",0
"5712",1013994,"Black",1
"5713",1035087,"White",0
"5714",920437,"Black",1
"5715",1020650,"Black",1
"5716",957935,"White",0
"5717",288997,"White",0
"5718",991404,"White",0
"5719",897623,"White",0
"5720",19019,"Medium",0
"5721",970437,"White",0
"5722",994995,"White",0
"5723",136108,"White",0
"5724",922931,"Medium",0
"5725",846251,"White",0
"5726",21515,"Medium",0
"5727",890092,"White",0
"5728",928455,"White",0
"5729",891862,"White",0
"5730",1033035,"White",0
"5731",947853,"Medium",0
"5732",978835,"Black",1
"5733",1046487,"Black",1
"5734",1009712,"White",0
"5735",809274,"White",0
"5736",116664,"Medium",0
"5737",198038,"White",0
"5738",796139,"Medium",0
"5739",330485,"Medium",0
"5740",354172,"White",0
"5741",825754,"White",0
"5742",902080,"White",0
"5743",376394,"White",0
"5744",39121,"White",0
"5745",859764,"White",0
"5746",856718,"White",0
"5747",795972,"Medium",0
"5748",791984,"Medium",0
"5749",794100,"Black",1
"5750",921005,"White",0
"5751",352938,"Black",1
"5752",37234,"Medium",0
"5753",970407,"Black",1
"5754",1192328,"White",0
"5755",142018,"White",0
"5756",1065758,"Black",1
"5757",16618,"White",0
"5758",52023,"White",0
"5759",112018,"White",0
"5760",162615,"Black",1
"5761",19706,"Black",1
"5762",15301,"Medium",0
"5763",20368,"White",0
"5764",831110,"White",0
"5765",50054,"White",0
"5766",110021,"White",0
"5767",582242,"White",0
"5768",844637,"Medium",0
"5769",99052,"Black",1
"5770",192248,"Black",1
"5771",180527,"Black",1
"5772",112846,"White",0
"5773",22588,"White",0
"5774",20545,"White",0
"5775",75705,"White",0
"5776",136381,"White",0
"5777",140479,"White",0
"5778",254813,"Black",1
"5779",112761,"White",0
"5780",891579,"White",0
"5781",247419,"Medium",0
"5782",336675,"White",0
"5783",1063015,"Medium",0
"5784",839831,"Black",1
"5785",359402,"White",0
"5786",129118,"White",0
"5787",802719,"White",0
"5788",804181,"Medium",0
"5789",50713,"White",0
"5790",875085,"White",0
"5791",310546,"White",0
"5792",73409,"White",0
"5793",842101,"White",0
"5794",789229,"White",0
"5795",127554,"White",0
"5796",552036,"Medium",0
"5797",876842,"White",0
"5798",1009739,"White",0
"5799",7311,"Black",1
"5800",372316,"White",0
"5801",802697,"White",0
"5802",846204,"White",0
"5803",362692,"White",0
"5804",846253,"Black",1
"5805",788265,"Black",1
"5806",842562,"White",0
"5807",105176,"Medium",0
"5808",368128,"Black",1
"5809",994677,"Medium",0
"5810",814820,"White",0
"5811",351726,"White",0
"5812",284845,"White",0
"5813",803025,"White",0
"5814",904992,"Black",1
"5815",826147,"Black",1
"5816",867587,"White",0
"5817",27338,"White",0
"5818",925029,"Black",1
"5819",928586,"White",0
"5820",298226,"Medium",0
"5821",190867,"Black",1
"5822",910121,"Black",1
"5823",302676,"White",0
"5824",178397,"Medium",0
"5825",758446,"Black",1
"5826",1064337,"White",0
"5827",860764,"White",0
"5828",920597,"White",0
"5829",360388,"White",0
"5830",835998,"White",0
"5831",1014212,"White",0
"5832",548704,"Black",1
"5833",952461,"Black",1
"5834",829506,"White",0
"5835",817564,"White",0
"5836",10543,"Medium",0
"5837",895567,"White",0
"5838",20535,"Black",1
"5839",1007072,"White",0
"5840",30134,"Black",1
"5841",818386,"Black",1
"5842",1018684,"White",0
"5843",828620,"White",0
"5844",845723,"White",0
"5845",847405,"Medium",0
"5846",798178,"Black",1
"5847",804554,"Medium",0
"5848",111025,"White",0
"5849",845903,"Black",1
"5850",561430,"White",0
"5851",1007057,"Black",1
"5852",877996,"White",0
"5853",788135,"Medium",0
"5854",834232,"White",0
"5855",785447,"White",0
"5856",240256,"White",0
"5857",920934,"Black",1
"5858",1064263,"White",0
"5859",864495,"Black",1
"5860",998943,"White",0
"5861",216590,"White",0
"5862",149736,"Medium",0
"5863",1091884,"White",0
"5864",964422,"White",0
"5865",1014210,"Black",1
"5866",1093053,"White",0
"5867",277331,"White",0
"5868",859763,"Medium",0
"5869",365892,"Medium",0
"5870",885620,"White",0
"5871",998922,"Medium",0
"5872",1094017,"Black",1
"5873",1092667,"Black",1
"5874",991596,"Black",1
"5875",788344,"Black",1
"5876",920083,"White",0
"5877",909274,"Black",1
"5878",995670,"White",0
"5879",991048,"Black",1
"5880",950349,"White",0
"5881",328247,"White",0
"5882",991589,"White",0
"5883",1064350,"Black",1
"5884",582190,"Medium",0
"5885",303450,"Black",1
"5886",775063,"White",0
"5887",31761,"White",0
"5888",581032,"Black",1
"5889",1020734,"White",0
"5890",19755,"White",0
"5891",855653,"Black",1
"5892",948252,"Black",1
"5893",995563,"Black",1
"5894",939544,"White",0
"5895",46620,"Black",1
"5896",124267,"Black",1
"5897",772421,"White",0
"5898",1015227,"Black",1
"5899",803678,"White",0
"5900",786011,"White",0
"5901",911039,"Medium",0
"5902",1064344,"White",0
"5903",155953,"White",0
"5904",96536,"Black",1
"5905",1101169,"White",0
"5906",994593,"White",0
"5907",920368,"Medium",0
"5908",948257,"White",0
"5909",972361,"White",0
"5910",803175,"White",0
"5911",991575,"Medium",0
"5912",970386,"White",0
"5913",944245,"White",0
"5914",1104987,"White",0
"5915",181583,"Medium",0
"5916",914881,"Medium",0
"5917",945809,"Black",1
"5918",948251,"White",0
"5919",1014463,"White",0
"5920",1049434,"Black",1
"5921",1010009,"White",0
"5922",991400,"White",0
"5923",998770,"Medium",0
"5924",958725,"White",0
"5925",1089411,"Black",1
"5926",970396,"White",0
"5927",921006,"White",0
"5928",991590,"Black",1
"5929",1007040,"White",0
"5930",1082512,"White",0
"5931",877542,"Medium",0
"5932",881045,"White",0
"5933",826651,"Medium",0
"5934",284449,"Black",1
"5935",286153,"White",0
"5936",904845,"Black",1
"5937",989113,"White",0
"5938",33910,"White",0
"5939",867443,"White",0
"5940",1005915,"White",0
"5941",14120,"Black",1
"5942",980637,"White",0
"5943",845571,"White",0
"5944",920518,"White",0
"5945",47866,"White",0
"5946",823078,"White",0
"5947",810572,"White",0
"5948",98429,"White",0
"5949",827147,"Black",1
"5950",339603,"Medium",0
"5951",559508,"Black",1
"5952",816519,"Medium",0
"5953",785799,"Medium",0
"5954",914879,"White",0
"5955",988343,"White",0
"5956",804512,"White",0
"5957",151508,"White",0
"5958",836027,"White",0
"5959",940526,"Black",1
"5960",313104,"White",0
"5961",36775,"Medium",0
"5962",374386,"White",0
"5963",20912,"White",0
"5964",255079,"White",0
"5965",872321,"White",0
"5966",587102,"White",0
"5967",1082480,"White",0
"5968",814658,"Black",1
"5969",930252,"White",0
"5970",992410,"White",0
"5971",1012415,"White",0
"5972",827587,"White",0
"5973",845426,"White",0
"5974",990821,"White",0
"5975",802826,"Black",1
"5976",124698,"White",0
"5977",313386,"White",0
"5978",609594,"White",0
"5979",826133,"Medium",0
"5980",958878,"White",0
"5981",1007093,"Black",1
"5982",1064385,"Black",1
"5983",856735,"Black",1
"5984",1007056,"Black",1
"5985",788042,"Medium",0
"5986",184477,"White",0
"5987",897565,"White",0
"5988",305282,"Black",1
"5989",991569,"White",0
"5990",922892,"Medium",0
"5991",1020667,"White",0
"5992",955042,"Black",1
"5993",16303,"Black",1
"5994",910585,"White",0
"5995",850823,"Medium",0
"5996",190865,"Black",1
"5997",121773,"White",0
"5998",1092120,"Black",1
"5999",909763,"White",0
"6000",1126205,"White",0
"6001",1133426,"White",0
"6002",1014098,"Black",1
"6003",583506,"White",0
"6004",929867,"Black",1
"6005",979229,"Black",1
"6006",1130844,"Black",1
"6007",839836,"Black",1
"6008",920800,"Black",1
"6009",856669,"White",0
"6010",1097446,"White",0
"6011",352966,"Black",1
"6012",891870,"White",0
"6013",857179,"Black",1
"6014",166987,"White",0
"6015",1022355,"Black",1
"6016",352676,"Black",1
"6017",1005892,"Medium",0
"6018",1064262,"White",0
"6019",343013,"White",0
"6020",991098,"Black",1
"6021",1029018,"Black",1
"6022",933152,"Medium",0
"6023",45989,"White",0
"6024",795065,"Black",1
"6025",73412,"White",0
"6026",927367,"White",0
"6027",992301,"Black",1
"6028",1094383,"White",0
"6029",548196,"Medium",0
"6030",146477,"White",0
"6031",770737,"White",0
"6032",859520,"Black",1
"6033",190855,"Medium",0
"6034",851096,"White",0
"6035",1020336,"White",0
"6036",604168,"Black",1
"6037",845570,"White",0
"6038",1154188,"White",0
"6039",1005908,"White",0
"6040",1130346,"White",0
"6041",1136409,"White",0
"6042",964111,"Black",1
"6043",1066403,"Medium",0
"6044",1015368,"White",0
"6045",838612,"Medium",0
"6046",1020647,"White",0
"6047",1020642,"Black",1
"6048",1014513,"Black",1
"6049",998924,"White",0
"6050",883206,"White",0
"6051",994667,"White",0
"6052",1082694,"Medium",0
"6053",998946,"Black",1
"6054",1083026,"White",0
"6055",94665,"White",0
"6056",1018367,"Black",1
"6057",998928,"White",0
"6058",793155,"White",0
"6059",966554,"Medium",0
"6060",796024,"Black",1
"6061",284433,"Black",1
"6062",994529,"Black",1
"6063",920386,"White",0
"6064",1035696,"Black",1
"6065",879780,"Medium",0
"6066",878130,"White",0
"6067",864474,"White",0
"6068",1136413,"Medium",0
"6069",989824,"Black",1
"6070",964108,"Black",1
"6071",1152874,"White",0
"6072",950342,"Black",1
"6073",796143,"Medium",0
"6074",1049858,"Medium",0
"6075",1015712,"White",0
"6076",1134083,"Medium",0
"6077",838613,"Medium",0
"6078",1010828,"White",0
"6079",920395,"White",0
"6080",830869,"White",0
"6081",551236,"White",0
"6082",845898,"White",0
"6083",970427,"Black",1
"6084",976273,"Medium",0
"6085",803705,"White",0
"6086",905474,"Medium",0
"6087",600620,"White",0
"6088",1131887,"White",0
"6089",848455,"White",0
"6090",1105498,"Black",1
"6091",998763,"White",0
"6092",998934,"White",0
"6093",1064068,"White",0
"6094",829207,"Black",1
"6095",915135,"Black",1
"6096",1170314,"Black",1
"6097",1130347,"Black",1
"6098",966458,"Black",1
"6099",970360,"Black",1
"6100",1189294,"White",0
"6101",352678,"White",0
"6102",966652,"White",0
"6103",1129032,"Black",1
"6104",1179246,"White",0
"6105",889974,"White",0
"6106",1134740,"White",0
"6107",962998,"Black",1
"6108",1134089,"Black",1
"6109",950348,"White",0
"6110",1201899,"White",0
"6111",611764,"Medium",0
"6112",1083027,"White",0
"6113",887630,"White",0
"6114",867438,"Black",1
"6115",1156442,"Black",1
"6116",1093345,"White",0
"6117",1214328,"White",0
"6118",1014453,"White",0
"6119",1066311,"White",0
"6120",989345,"White",0
"6121",934230,"Black",1
"6122",862812,"White",0
"6123",927363,"Black",1
"6124",954043,"White",0
"6125",966868,"Medium",0
"6126",239632,"Black",1
"6127",931257,"White",0
"6128",357748,"Black",1
"6129",991591,"White",0
"6130",979565,"White",0
"6131",839392,"Black",1
"6132",352964,"Black",1
"6133",981805,"White",0
"6134",839416,"White",0
"6135",285997,"Black",1
"6136",958056,"Black",1
"6137",991587,"Medium",0
"6138",962969,"Medium",0
"6139",1005723,"White",0
"6140",822089,"Black",1
"6141",796324,"Black",1
"6142",992043,"Medium",0
"6143",560196,"White",0
"6144",843765,"White",0
"6145",875137,"White",0
"6146",993439,"White",0
"6147",803180,"Black",1
"6148",291027,"White",0
"6149",888549,"Medium",0
"6150",834750,"White",0
"6151",866169,"White",0
"6152",908798,"Medium",0
"6153",42688,"White",0
"6154",124697,"Black",1
"6155",255073,"White",0
"6156",856303,"Black",1
"6157",123805,"White",0
"6158",143895,"White",0
"6159",98431,"White",0
"6160",606222,"White",0
"6161",864020,"White",0
"6162",1085081,"White",0
"6163",958718,"White",0
"6164",1014987,"White",0
"6165",791439,"White",0
"6166",964106,"White",0
"6167",826144,"White",0
"6168",886117,"White",0
"6169",365812,"White",0
"6170",790846,"White",0
"6171",1014801,"White",0
"6172",913593,"Medium",0
"6173",1065989,"White",0
"6174",934228,"Black",1
"6175",1086629,"Black",1
"6176",959205,"Black",1
"6177",943646,"Black",1
"6178",1101040,"White",0
"6179",1090508,"White",0
"6180",816761,"Black",1
"6181",1087514,"Black",1
"6182",788375,"White",0
"6183",796455,"Black",1
"6184",1092769,"Black",1
"6185",1134084,"Medium",0
"6186",1134731,"Black",1
"6187",556948,"Medium",0
"6188",1097542,"Black",1
"6189",991610,"White",0
"6190",842141,"White",0
"6191",796059,"Black",1
"6192",1134744,"Medium",0
"6193",989034,"White",0
"6194",998019,"Black",1
"6195",920581,"White",0
"6196",226384,"White",0
"6197",181861,"White",0
"6198",76345,"White",0
"6199",1394304,"White",0
"6200",981949,"White",0
"6201",1002328,"White",0
"6202",798541,"White",0
"6203",1388341,"Black",1
"6204",879657,"White",0
"6205",1020645,"Black",1
"6206",1108936,"White",0
"6207",846061,"Black",1
"6208",976153,"Medium",0
"6209",139304,"White",0
"6210",1014209,"Medium",0
"6211",991612,"Black",1
"6212",970398,"White",0
"6213",1008471,"White",0
"6214",1103376,"Black",1
"6215",796114,"Medium",0
"6216",1138933,"Medium",0
"6217",1129118,"Black",1
"6218",277463,"White",0
"6219",1065217,"Black",1
"6220",836695,"Black",1
"6221",1131933,"Black",1
"6222",996914,"White",0
"6223",1000139,"Black",1
"6224",920435,"White",0
"6225",1048011,"White",0
"6226",1004344,"White",0
"6227",959208,"White",0
"6228",1391789,"Black",1
"6229",33852,"Medium",0
"6230",1391830,"Black",1
"6231",1416384,"Black",1
"6232",934232,"Black",1
"6233",1418213,"White",0
"6234",1099057,"Black",1
"6235",996916,"White",0
"6236",1014507,"White",0
"6237",1064359,"Black",1
"6238",1131448,"Medium",0
"6239",1153493,"White",0
"6240",994543,"Black",1
"6241",1138398,"White",0
"6242",1438837,"Black",1
"6243",73685,"White",0
"6244",980636,"Medium",0
"6245",1134351,"Black",1
"6246",1461613,"Black",1
"6247",932236,"White",0
"6248",1017915,"Black",1
"6249",1150924,"White",0
"6250",1461596,"Black",1
"6251",928496,"Black",1
"6252",1020732,"Black",1
"6253",998870,"Medium",0
"6254",1065019,"Black",1
"6255",1011208,"White",0
"6256",976251,"White",0
"6257",869131,"Black",1
"6258",993434,"White",0
"6259",996908,"Black",1
"6260",889776,"White",0
"6261",980403,"Black",1
"6262",333239,"Black",1
"6263",1116954,"Black",1
"6264",1011210,"Black",1
"6265",1087957,"Medium",0
"6266",1461842,"Black",1
"6267",158221,"White",0
"6268",1146633,"White",0
"6269",1141108,"White",0
"6270",1087476,"Black",1
"6271",1461597,"Medium",0
"6272",370476,"White",0
"6273",1005891,"White",0
"6274",1103616,"White",0
"6275",1093346,"White",0
"6276",944178,"White",0
"6277",1105696,"White",0
"6278",1425029,"Black",1
"6279",1017225,"Black",1
"6280",1134088,"Black",1
"6281",908772,"White",0
"6282",1065202,"White",0
"6283",1089677,"White",0
"6284",1153471,"White",0
"6285",1214695,"Medium",0
"6286",1214696,"White",0
"6287",1064266,"White",0
"6288",1138399,"White",0
"6289",929636,"Black",1
"6290",1492722,"White",0
"6291",843270,"White",0
"6292",48751,"White",0
"6293",911710,"White",0
"6294",1106779,"Medium",0
"6295",23715,"White",0
"6296",927355,"Black",1
"6297",339695,"Medium",0
"6298",979473,"Black",1
"6299",228374,"White",0
"6300",1518700,"Medium",0
"6301",939585,"White",0
"6302",991166,"Black",1
"6303",823654,"White",0
"6304",802281,"White",0
"6305",787422,"White",0
"6306",843788,"White",0
"6307",72806,"Medium",0
"6308",824751,"White",0
"6309",846043,"Medium",0
"6310",964115,"White",0
"6311",547376,"Medium",0
"6312",817575,"White",0
"6313",1007067,"White",0
"6314",944481,"White",0
"6315",842335,"Medium",0
"6316",825274,"Medium",0
"6317",1525622,"Black",1
"6318",894224,"Black",1
"6319",1005800,"White",0
"6320",930251,"White",0
"6321",1171517,"Black",1
"6322",358984,"Medium",0
"6323",1014104,"White",0
"6324",856640,"White",0
"6325",1065134,"Medium",0
"6326",605338,"Black",1
"6327",1033352,"White",0
"6328",948723,"Black",1
"6329",818391,"Black",1
"6330",978927,"Medium",0
"6331",1142335,"White",0
"6332",257497,"Medium",0
"6333",557614,"Black",1
"6334",1115751,"Black",1
"6335",151518,"White",0
"6336",371364,"Black",1
"6337",893478,"White",0
"6338",358084,"White",0
"6339",305302,"White",0
"6340",368146,"Medium",0
"6341",329431,"Black",1
"6342",1014493,"White",0
"6343",1002190,"White",0
"6344",997830,"White",0
"6345",1157405,"Black",1
"6346",818036,"Black",1
"6347",340689,"Medium",0
"6348",1520803,"Black",1
"6349",1148964,"White",0
"6350",826138,"Black",1
"6351",1114786,"White",0
"6352",1113799,"White",0
"6353",136675,"White",0
"6354",945477,"White",0
"6355",1521566,"Medium",0
"6356",892208,"Black",1
"6357",1142674,"Black",1
"6358",1132027,"Medium",0
"6359",788238,"White",0
"6360",1009729,"White",0
"6361",916946,"White",0
"6362",934229,"Black",1
"6363",992951,"White",0
"6364",1394089,"White",0
"6365",1029969,"White",0
"6366",857738,"White",0
"6367",1103589,"Black",1
"6368",954064,"White",0
"6369",1197099,"White",0
"6370",1185869,"Medium",0
"6371",967178,"Black",1
"6372",1086805,"Black",1
"6373",791978,"White",0
"6374",1093070,"Black",1
"6375",902083,"White",0
"6376",928047,"White",0
"6377",988356,"Medium",0
"6378",962877,"White",0
"6379",292665,"Black",1
"6380",893065,"White",0
"6381",1014459,"Black",1
"6382",849623,"Black",1
"6383",851088,"White",0
"6384",1088897,"White",0
"6385",1197297,"White",0
"6386",814577,"White",0
"6387",219952,"White",0
"6388",932029,"White",0
"6389",1161806,"Medium",0
"6390",979103,"White",0
"6391",864226,"Black",1
"6392",896209,"White",0
"6393",1586020,"Medium",0
"6394",1586047,"White",0
"6395",1384002,"Medium",0
"6396",1005765,"White",0
"6397",1395695,"White",0
"6398",1523740,"Medium",0
"6399",1144146,"White",0
"6400",1168588,"Black",1
"6401",1138435,"Black",1
"6402",1423747,"White",0
"6403",1469341,"White",0
"6404",991227,"White",0
"6405",1391844,"White",0
"6406",1214342,"Medium",0
"6407",1143932,"White",0
"6408",801462,"White",0
"6409",1564849,"Black",1
"6410",1017998,"White",0
"6411",1020724,"Black",1
"6412",1590568,"White",0
"6413",1130909,"White",0
"6414",1390354,"Black",1
"6415",1824137,"Black",1
"6416",1116044,"White",0
"6417",990833,"White",0
"6418",1186050,"Black",1
"6419",1592317,"Black",1
"6420",795828,"White",0
"6421",1174472,"White",0
"6422",992045,"Medium",0
"6423",1049459,"White",0
"6424",1148507,"Medium",0
"6425",947049,"Medium",0
"6426",837011,"White",0
"6427",1083045,"Medium",0
"6428",1123234,"Medium",0
"6429",1084268,"White",0
"6430",1010010,"Medium",0
"6431",1104418,"Black",1
"6432",847125,"White",0
"6433",826155,"White",0
"6434",1100456,"Black",1
"6435",1119436,"Black",1
"6436",1394099,"White",0
"6437",1133480,"White",0
"6438",961677,"Medium",0
"6439",135263,"White",0
"6440",1094440,"Black",1
"6441",1398540,"White",0
"6442",1144096,"Black",1
"6443",1416440,"White",0
"6444",1137087,"Black",1
"6445",32045,"Black",1
"6446",1132026,"White",0
"6447",1482456,"Black",1
"6448",1520800,"White",0
"6449",1643824,"Black",1
"6450",1424629,"Medium",0
"6451",1410180,"White",0
"6452",1847433,"White",0
"6453",1430810,"Black",1
"6454",1388529,"White",0
"6455",1410172,"White",0
"6456",1838727,"Medium",0
"6457",990760,"White",0
"6458",875479,"White",0
"6459",1167066,"White",0
"6460",999810,"Black",1
"6461",791987,"Black",1
"6462",980635,"Medium",0
"6463",791314,"White",0
"6464",992567,"White",0
"6465",958578,"White",0
"6466",18987,"White",0
"6467",14250,"White",0
"6468",96367,"Medium",0
"6469",345333,"White",0
"6470",333595,"Medium",0
"6471",826551,"Black",1
"6472",992331,"White",0
"6473",17787,"Medium",0
"6474",103417,"Medium",0
"6475",14914,"Medium",0
"6476",4794,"Medium",0
"6477",113593,"White",0
"6478",807116,"White",0
"6479",792397,"Black",1
"6480",53770,"Medium",0
"6481",230050,"Medium",0
"6482",17597,"Medium",0
"6483",826679,"White",0
"6484",28221,"White",0
"6485",116692,"White",0
"6486",18297,"Medium",0
"6487",106272,"White",0
"6488",84972,"White",0
"6489",41302,"Medium",0
"6490",256683,"White",0
"6491",588572,"Medium",0
"6492",188355,"White",0
"6493",41165,"White",0
"6494",349568,"White",0
"6495",794948,"White",0
"6496",140010,"Medium",0
"6497",54629,"White",0
"6498",22141,"White",0
"6499",877603,"White",0
"6500",31406,"White",0
"6501",17651,"Medium",0
"6502",255241,"White",0
"6503",146218,"Medium",0
"6504",38172,"Black",1
"6505",339909,"Medium",0
"6506",175581,"Medium",0
"6507",52740,"Black",1
"6508",69418,"Medium",0
"6509",86528,"Medium",0
"6510",90168,"White",0
"6511",243719,"Medium",0
"6512",31876,"Medium",0
"6513",129724,"White",0
"6514",223232,"Medium",0
"6515",966295,"White",0
"6516",41653,"Medium",0
"6517",41837,"Black",1
"6518",123977,"Medium",0
"6519",42110,"Black",1
"6520",13989,"White",0
"6521",1749,"Medium",0
"6522",96369,"White",0
"6523",175409,"Medium",0
"6524",5676,"Medium",0
"6525",288013,"Medium",0
"6526",349224,"Medium",0
"6527",790828,"White",0
"6528",601962,"Medium",0
"6529",84539,"Medium",0
"6530",129452,"Medium",0
"6531",153974,"White",0
"6532",36982,"Medium",0
"6533",849573,"White",0
"6534",782396,"White",0
"6535",41668,"White",0
"6536",143587,"Black",1
"6537",41558,"White",0
"6538",288073,"White",0
"6539",129471,"White",0
"6540",16459,"Black",1
"6541",129479,"Medium",0
"6542",53778,"White",0
"6543",849719,"White",0
"6544",121973,"Medium",0
"6545",218616,"White",0
"6546",82703,"White",0
"6547",547246,"Medium",0
"6548",158293,"Black",1
"6549",960049,"White",0
"6550",352650,"Black",1
"6551",118982,"White",0
"6552",891932,"White",0
"6553",893062,"White",0
"6554",804170,"Medium",0
"6555",39220,"Black",1
"6556",880218,"Medium",0
"6557",24464,"White",0
"6558",340519,"White",0
"6559",839585,"Black",1
"6560",845290,"Medium",0
"6561",146852,"White",0
"6562",804764,"Black",1
"6563",29773,"White",0
"6564",116952,"White",0
"6565",18984,"Medium",0
"6566",330677,"White",0
"6567",997279,"White",0
"6568",82555,"Medium",0
"6569",69404,"Medium",0
"6570",910536,"Black",1
"6571",53757,"Medium",0
"6572",108412,"White",0
"6573",34391,"White",0
"6574",997280,"White",0
"6575",914731,"White",0
"6576",255495,"Medium",0
"6577",26060,"White",0
"6578",129874,"White",0
"6579",139919,"Medium",0
"6580",807889,"White",0
"6581",949449,"Medium",0
"6582",19482,"White",0
"6583",349436,"White",0
"6584",796086,"Black",1
"6585",789199,"Black",1
"6586",13140,"White",0
"6587",964179,"Medium",0
"6588",848137,"White",0
"6589",899160,"White",0
"6590",594426,"Medium",0
"6591",40981,"White",0
"6592",152279,"White",0
"6593",913684,"White",0
"6594",845168,"Black",1
"6595",598044,"Medium",0
"6596",609752,"Medium",0
"6597",346516,"White",0
"6598",859767,"White",0
"6599",330939,"White",0
"6600",270287,"Medium",0
"6601",182001,"Medium",0
"6602",24601,"White",0
"6603",31814,"Medium",0
"6604",175415,"Medium",0
"6605",3305,"Medium",0
"6606",257153,"White",0
"6607",966802,"White",0
"6608",855830,"White",0
"6609",360938,"White",0
"6610",83486,"White",0
"6611",997523,"Medium",0
"6612",190137,"Medium",0
"6613",958018,"Medium",0
"6614",577194,"Medium",0
"6615",847993,"Medium",0
"6616",840150,"Medium",0
"6617",857178,"Medium",0
"6618",945404,"White",0
"6619",982545,"White",0
"6620",966837,"White",0
"6621",18248,"Medium",0
"6622",1031543,"White",0
"6623",1009623,"Black",1
"6624",934383,"White",0
"6625",955133,"Medium",0
"6626",1034124,"White",0
"6627",838635,"Medium",0
"6628",914210,"Medium",0
"6629",936752,"White",0
"6630",952222,"Medium",0
"6631",842253,"Black",1
"6632",910031,"White",0
"6633",868341,"White",0
"6634",848057,"Medium",0
"6635",943662,"Medium",0
"6636",1034705,"White",0
"6637",913732,"White",0
"6638",985329,"White",0
"6639",867518,"White",0
"6640",1142692,"Medium",0
"6641",797291,"White",0
"6642",267863,"White",0
"6643",892521,"White",0
"6644",807648,"White",0
"6645",84531,"White",0
"6646",588566,"White",0
"6647",298920,"White",0
"6648",52663,"White",0
"6649",4581,"White",0
"6650",71707,"White",0
"6651",783374,"Black",1
"6652",966801,"White",0
"6653",88625,"White",0
"6654",770,"White",0
"6655",35199,"White",0
"6656",123976,"White",0
"6657",795222,"White",0
"6658",794937,"White",0
"6659",818244,"Black",1
"6660",16943,"Medium",0
"6661",85859,"White",0
"6662",7635,"White",0
"6663",180515,"White",0
"6664",795257,"White",0
"6665",127585,"Medium",0
"6666",835484,"White",0
"6667",845385,"Medium",0
"6668",138383,"White",0
"6669",922896,"Medium",0
"6670",19356,"White",0
"6671",287943,"Black",1
"6672",70988,"White",0
"6673",10710,"White",0
"6674",15466,"White",0
"6675",26502,"White",0
"6676",3306,"Medium",0
"6677",868812,"Black",1
"6678",255239,"Medium",0
"6679",123865,"White",0
"6680",35219,"White",0
"6681",124737,"Medium",0
"6682",44577,"Medium",0
"6683",832427,"Medium",0
"6684",40672,"Medium",0
"6685",96544,"Black",1
"6686",3504,"White",0
"6687",347450,"Medium",0
"6688",787751,"White",0
"6689",838159,"White",0
"6690",966441,"White",0
"6691",592010,"White",0
"6692",328145,"White",0
"6693",823622,"White",0
"6694",966862,"White",0
"6695",234232,"White",0
"6696",34265,"Medium",0
"6697",813738,"Medium",0
"6698",300522,"White",0
"6699",914014,"Black",1
"6700",349526,"White",0
"6701",286167,"White",0
"6702",83864,"Medium",0
"6703",50730,"Black",1
"6704",37318,"White",0
"6705",787367,"White",0
"6706",60184,"White",0
"6707",94527,"White",0
"6708",106751,"White",0
"6709",877262,"White",0
"6710",19013,"White",0
"6711",41334,"Medium",0
"6712",39320,"White",0
"6713",155711,"White",0
"6714",846470,"Medium",0
"6715",66471,"White",0
"6716",824130,"White",0
"6717",844752,"White",0
"6718",41013,"Medium",0
"6719",591136,"White",0
"6720",976141,"White",0
"6721",211122,"White",0
"6722",94539,"White",0
"6723",383406,"Medium",0
"6724",789381,"White",0
"6725",841854,"White",0
"6726",255973,"White",0
"6727",3041,"White",0
"6728",32690,"Medium",0
"6729",149370,"White",0
"6730",146866,"Medium",0
"6731",842931,"Black",1
"6732",153966,"Medium",0
"6733",106572,"Medium",0
"6734",253809,"Medium",0
"6735",141655,"Medium",0
"6736",576276,"White",0
"6737",141525,"Medium",0
"6738",848082,"Black",1
"6739",31517,"Medium",0
"6740",316406,"Medium",0
"6741",138381,"White",0
"6742",13208,"White",0
"6743",252863,"Medium",0
"6744",158397,"Black",1
"6745",144501,"Medium",0
"6746",868262,"White",0
"6747",168745,"White",0
"6748",253415,"White",0
"6749",106726,"White",0
"6750",41218,"Medium",0
"6751",900433,"White",0
"6752",263505,"White",0
"6753",862481,"White",0
"6754",107128,"Medium",0
"6755",99516,"White",0
"6756",175139,"White",0
"6757",233180,"White",0
"6758",217384,"White",0
"6759",789886,"White",0
"6760",67739,"White",0
"6761",96373,"White",0
"6762",355024,"White",0
"6763",111229,"Medium",0
"6764",114155,"Medium",0
"6765",344129,"White",0
"6766",212074,"Medium",0
"6767",4697,"White",0
"6768",807117,"Medium",0
"6769",82401,"Medium",0
"6770",861317,"White",0
"6771",796723,"Medium",0
"6772",110783,"White",0
"6773",857205,"White",0
"6774",11869,"Medium",0
"6775",591750,"Medium",0
"6776",231776,"White",0
"6777",155702,"White",0
"6778",40878,"White",0
"6779",350170,"White",0
"6780",827212,"Black",1
"6781",68332,"White",0
"6782",99519,"White",0
"6783",797290,"White",0
"6784",137978,"Black",1
"6785",337671,"Medium",0
"6786",114157,"White",0
"6787",900670,"White",0
"6788",893063,"White",0
"6789",128600,"Medium",0
"6790",259339,"White",0
"6791",255235,"White",0
"6792",141945,"White",0
"6793",188407,"White",0
"6794",869413,"White",0
"6795",69768,"White",0
"6796",76265,"White",0
"6797",325355,"White",0
"6798",191182,"Black",1
"6799",353130,"White",0
"6800",353138,"Medium",0
"6801",604258,"White",0
"6802",128637,"Black",1
"6803",307702,"Black",1
"6804",81992,"White",0
"6805",385888,"White",0
"6806",143786,"White",0
"6807",83618,"White",0
"6808",351140,"Medium",0
"6809",106579,"White",0
"6810",52093,"Medium",0
"6811",31981,"Medium",0
"6812",88859,"White",0
"6813",229740,"White",0
"6814",825750,"White",0
"6815",260031,"White",0
"6816",138572,"White",0
"6817",376382,"White",0
"6818",796320,"Black",1
"6819",306498,"White",0
"6820",227922,"White",0
"6821",39182,"Medium",0
"6822",805245,"Medium",0
"6823",797306,"Black",1
"6824",331449,"White",0
"6825",106288,"White",0
"6826",547242,"White",0
"6827",47549,"White",0
"6828",182243,"Medium",0
"6829",39433,"White",0
"6830",41560,"Medium",0
"6831",14942,"Medium",0
"6832",874535,"Medium",0
"6833",190147,"Medium",0
"6834",83506,"White",0
"6835",173883,"White",0
"6836",605650,"White",0
"6837",32606,"Medium",0
"6838",47625,"White",0
"6839",369004,"White",0
"6840",84298,"White",0
"6841",192430,"White",0
"6842",587074,"Medium",0
"6843",813523,"White",0
"6844",122810,"Medium",0
"6845",917087,"Medium",0
"6846",792073,"Black",1
"6847",831808,"White",0
"6848",822519,"Black",1
"6849",27583,"White",0
"6850",156401,"Medium",0
"6851",174519,"Medium",0
"6852",41011,"White",0
"6853",785468,"White",0
"6854",316152,"White",0
"6855",59623,"White",0
"6856",46125,"Medium",0
"6857",928672,"White",0
"6858",592098,"White",0
"6859",9645,"Medium",0
"6860",194446,"White",0
"6861",204790,"Medium",0
"6862",914178,"Medium",0
"6863",12994,"White",0
"6864",135116,"Medium",0
"6865",801837,"White",0
"6866",150864,"White",0
"6867",139931,"White",0
"6868",235386,"White",0
"6869",851282,"Black",1
"6870",848080,"Medium",0
"6871",791773,"White",0
"6872",866810,"White",0
"6873",891931,"White",0
"6874",220131,"White",0
"6875",828969,"White",0
"6876",329563,"White",0
"6877",33959,"White",0
"6878",822923,"Medium",0
"6879",141832,"Medium",0
"6880",41963,"Medium",0
"6881",359742,"White",0
"6882",925097,"Medium",0
"6883",877918,"White",0
"6884",900003,"White",0
"6885",44228,"White",0
"6886",99104,"White",0
"6887",43605,"Medium",0
"6888",294377,"White",0
"6889",914522,"White",0
"6890",42892,"Black",1
"6891",836600,"White",0
"6892",591140,"White",0
"6893",252313,"White",0
"6894",826004,"Medium",0
"6895",125625,"White",0
"6896",252777,"White",0
"6897",909119,"White",0
"6898",927066,"White",0
"6899",826010,"White",0
"6900",330675,"White",0
"6901",355072,"White",0
"6902",984789,"White",0
"6903",28386,"White",0
"6904",799195,"Medium",0
"6905",353154,"Medium",0
"6906",962710,"White",0
"6907",910024,"White",0
"6908",138387,"White",0
"6909",901842,"White",0
"6910",1016019,"White",0
"6911",70630,"White",0
"6912",356186,"White",0
"6913",914212,"Medium",0
"6914",368922,"White",0
"6915",828239,"White",0
"6916",175753,"Medium",0
"6917",591132,"White",0
"6918",32185,"White",0
"6919",943713,"White",0
"6920",361004,"Medium",0
"6921",989878,"Medium",0
"6922",826552,"White",0
"6923",848980,"White",0
"6924",174059,"White",0
"6925",352376,"Medium",0
"6926",902051,"Medium",0
"6927",811629,"White",0
"6928",966804,"White",0
"6929",138390,"Medium",0
"6930",800403,"White",0
"6931",258913,"Medium",0
"6932",542634,"White",0
"6933",914123,"Medium",0
"6934",141997,"Medium",0
"6935",811493,"White",0
"6936",583608,"White",0
"6937",792155,"White",0
"6938",27838,"White",0
"6939",137698,"White",0
"6940",156640,"White",0
"6941",148588,"White",0
"6942",897902,"White",0
"6943",158257,"White",0
"6944",788216,"White",0
"6945",69385,"White",0
"6946",235644,"Medium",0
"6947",825133,"White",0
"6948",83247,"Medium",0
"6949",106289,"White",0
"6950",177931,"White",0
"6951",187481,"White",0
"6952",19303,"Medium",0
"6953",229638,"White",0
"6954",822472,"Black",1
"6955",838636,"White",0
"6956",78520,"White",0
"6957",904964,"White",0
"6958",578560,"White",0
"6959",960401,"Medium",0
"6960",997203,"White",0
"6961",992587,"White",0
"6962",811557,"White",0
"6963",150910,"Medium",0
"6964",826668,"Medium",0
"6965",146141,"Medium",0
"6966",591740,"White",0
"6967",552668,"Black",1
"6968",175185,"White",0
"6969",605374,"Medium",0
"6970",116607,"Medium",0
"6971",17609,"White",0
"6972",383438,"Medium",0
"6973",1010505,"White",0
"6974",129472,"White",0
"6975",882586,"White",0
"6976",88857,"White",0
"6977",349794,"Medium",0
"6978",34118,"White",0
"6979",843180,"White",0
"6980",360866,"Black",1
"6981",597716,"Medium",0
"6982",329597,"Black",1
"6983",560756,"White",0
"6984",808955,"White",0
"6985",122634,"White",0
"6986",257453,"White",0
"6987",28207,"Medium",0
"6988",839309,"Black",1
"6989",155952,"White",0
"6990",951161,"Medium",0
"6991",1050819,"White",0
"6992",333243,"Black",1
"6993",341097,"White",0
"6994",284179,"Medium",0
"6995",349650,"Medium",0
"6996",964609,"White",0
"6997",1009869,"White",0
"6998",914213,"Medium",0
"6999",1050818,"White",0
"7000",106293,"White",0
"7001",1014118,"Medium",0
"7002",52125,"Medium",0
"7003",1002764,"White",0
"7004",602164,"White",0
"7005",597756,"Medium",0
"7006",830018,"Black",1
"7007",82400,"Medium",0
"7008",372312,"White",0
"7009",984624,"Medium",0
"7010",949830,"Medium",0
"7011",115718,"Black",1
"7012",1031421,"White",0
"7013",85090,"White",0
"7014",930265,"White",0
"7015",1089219,"White",0
"7016",1084706,"White",0
"7017",1009873,"White",0
"7018",796315,"Black",1
"7019",950077,"White",0
"7020",1001645,"White",0
"7021",899899,"White",0
"7022",823963,"White",0
"7023",845786,"Medium",0
"7024",919367,"Medium",0
"7025",1092415,"Medium",0
"7026",842255,"Black",1
"7027",1010507,"White",0
"7028",1094758,"Black",1
"7029",964173,"White",0
"7030",930233,"Medium",0
"7031",949707,"White",0
"7032",920684,"White",0
"7033",1468090,"White",0
"7034",1082963,"Black",1
"7035",944165,"White",0
"7036",1022223,"Medium",0
"7037",794946,"Medium",0
"7038",964176,"White",0
"7039",914844,"Medium",0
"7040",1093137,"Black",1
"7041",859769,"White",0
"7042",291279,"White",0
"7043",357734,"White",0
"7044",794942,"White",0
"7045",986726,"White",0
"7046",318653,"Black",1
"7047",93885,"Black",1
"7048",1031485,"Black",1
"7049",990688,"Medium",0
"7050",1064009,"White",0
"7051",855832,"White",0
"7052",908716,"White",0
"7053",1084737,"Black",1
"7054",96363,"Black",1
"7055",1035699,"White",0
"7056",855831,"White",0
"7057",1085400,"Black",1
"7058",980143,"White",0
"7059",1069703,"White",0
"7060",886402,"Medium",0
"7061",1114420,"White",0
"7062",826258,"White",0
"7063",40984,"White",0
"7064",352486,"White",0
"7065",169549,"Black",1
"7066",353262,"White",0
"7067",888930,"White",0
"7068",859773,"White",0
"7069",944049,"White",0
"7070",880157,"Medium",0
"7071",897598,"White",0
"7072",605674,"White",0
"7073",904759,"Black",1
"7074",788141,"White",0
"7075",992397,"White",0
"7076",353252,"White",0
"7077",965832,"White",0
"7078",112877,"White",0
"7079",796047,"Medium",0
"7080",934351,"White",0
"7081",873947,"White",0
"7082",128383,"Medium",0
"7083",786969,"White",0
"7084",930997,"White",0
"7085",108736,"White",0
"7086",888754,"Medium",0
"7087",67608,"White",0
"7088",844224,"Medium",0
"7089",351500,"White",0
"7090",988650,"Medium",0
"7091",910022,"Medium",0
"7092",792317,"Medium",0
"7093",959820,"Medium",0
"7094",862480,"White",0
"7095",826944,"Black",1
"7096",857907,"White",0
"7097",556884,"White",0
"7098",557008,"White",0
"7099",138833,"Medium",0
"7100",954056,"White",0
"7101",964981,"White",0
"7102",152446,"White",0
"7103",14046,"Medium",0
"7104",900792,"White",0
"7105",851271,"Medium",0
"7106",900008,"Medium",0
"7107",843678,"White",0
"7108",899982,"White",0
"7109",21949,"Medium",0
"7110",345111,"Medium",0
"7111",932764,"Black",1
"7112",97951,"White",0
"7113",913679,"Black",1
"7114",922939,"Medium",0
"7115",124950,"Medium",0
"7116",859774,"White",0
"7117",105971,"White",0
"7118",1014412,"White",0
"7119",927408,"White",0
"7120",790031,"Medium",0
"7121",962283,"White",0
"7122",249393,"White",0
"7123",908642,"Medium",0
"7124",122630,"White",0
"7125",885259,"White",0
"7126",793761,"Black",1
"7127",165677,"Medium",0
"7128",1103693,"White",0
"7129",913728,"White",0
"7130",826948,"White",0
"7131",1019318,"White",0
"7132",1085252,"White",0
"7133",973887,"Black",1
"7134",868715,"White",0
"7135",326471,"White",0
"7136",1010655,"Medium",0
"7137",949962,"White",0
"7138",1011375,"White",0
"7139",887429,"Medium",0
"7140",25682,"Medium",0
"7141",855845,"Black",1
"7142",997035,"Black",1
"7143",101156,"White",0
"7144",1144660,"White",0
"7145",1100406,"White",0
"7146",990802,"White",0
"7147",996929,"White",0
"7148",791046,"White",0
"7149",910267,"White",0
"7150",980410,"White",0
"7151",992370,"Medium",0
"7152",1146760,"White",0
"7153",826012,"Medium",0
"7154",900671,"Medium",0
"7155",1134758,"White",0
"7156",1154935,"White",0
"7157",914048,"Medium",0
"7158",608370,"White",0
"7159",1131581,"Medium",0
"7160",1089108,"Medium",0
"7161",826701,"White",0
"7162",1021165,"Medium",0
"7163",978658,"Medium",0
"7164",1014042,"White",0
"7165",1094106,"White",0
"7166",1167704,"White",0
"7167",1019236,"White",0
"7168",1048927,"Medium",0
"7169",1165778,"White",0
"7170",990659,"Black",1
"7171",1162309,"White",0
"7172",930266,"White",0
"7173",1021217,"White",0
"7174",1131909,"White",0
"7175",930267,"Medium",0
"7176",1069725,"White",0
"7177",1086346,"Medium",0
"7178",1144630,"Black",1
"7179",123906,"Medium",0
"7180",590404,"White",0
"7181",111803,"Black",1
"7182",951008,"White",0
"7183",896073,"White",0
"7184",260097,"Medium",0
"7185",814023,"Medium",0
"7186",895533,"Medium",0
"7187",844179,"White",0
"7188",975814,"White",0
"7189",356444,"Medium",0
"7190",1019320,"White",0
"7191",1134399,"White",0
"7192",850404,"Medium",0
"7193",966526,"White",0
"7194",1015240,"White",0
"7195",39009,"Medium",0
"7196",1211005,"White",0
"7197",1119693,"Black",1
"7198",997100,"White",0
"7199",1012440,"Medium",0
"7200",966679,"White",0
"7201",1215079,"White",0
"7202",1191337,"White",0
"7203",1021274,"Medium",0
"7204",1211006,"Medium",0
"7205",1018197,"White",0
"7206",788097,"White",0
"7207",96365,"White",0
"7208",973699,"Medium",0
"7209",862063,"White",0
"7210",891511,"White",0
"7211",1006232,"Medium",0
"7212",802133,"Medium",0
"7213",910978,"White",0
"7214",914775,"Medium",0
"7215",949722,"White",0
"7216",351086,"White",0
"7217",4419,"Medium",0
"7218",1166864,"White",0
"7219",831424,"Black",1
"7220",211064,"White",0
"7221",966836,"White",0
"7222",857574,"White",0
"7223",1084381,"White",0
"7224",47339,"White",0
"7225",123207,"White",0
"7226",904849,"Medium",0
"7227",937937,"Black",1
"7228",796088,"Black",1
"7229",307082,"Black",1
"7230",822702,"Black",1
"7231",1063235,"Black",1
"7232",1099175,"Medium",0
"7233",874705,"Black",1
"7234",83708,"Medium",0
"7235",129861,"White",0
"7236",1002813,"Medium",0
"7237",1088565,"Medium",0
"7238",962378,"White",0
"7239",99527,"White",0
"7240",1134431,"Black",1
"7241",32048,"White",0
"7242",1084081,"Medium",0
"7243",139925,"Medium",0
"7244",913455,"Medium",0
"7245",1105331,"Medium",0
"7246",827942,"Black",1
"7247",848926,"White",0
"7248",572198,"White",0
"7249",988351,"Medium",0
"7250",754710,"Black",1
"7251",826655,"Medium",0
"7252",128360,"Medium",0
"7253",859025,"Black",1
"7254",1391487,"Medium",0
"7255",188107,"White",0
"7256",913695,"White",0
"7257",311462,"Medium",0
"7258",1171484,"Medium",0
"7259",1066011,"White",0
"7260",1396199,"Medium",0
"7261",252857,"Medium",0
"7262",1031658,"White",0
"7263",1391616,"White",0
"7264",1035995,"Black",1
"7265",233328,"White",0
"7266",845119,"Black",1
"7267",1137585,"White",0
"7268",966637,"White",0
"7269",998950,"White",0
"7270",876599,"White",0
"7271",344953,"Medium",0
"7272",1184318,"Medium",0
"7273",1064026,"Medium",0
"7274",845693,"Medium",0
"7275",1100957,"White",0
"7276",1167818,"White",0
"7277",1097719,"Medium",0
"7278",921621,"Black",1
"7279",962411,"Medium",0
"7280",966219,"White",0
"7281",1002556,"Medium",0
"7282",82474,"White",0
"7283",846147,"Black",1
"7284",959872,"White",0
"7285",818441,"White",0
"7286",840951,"Black",1
"7287",342915,"Black",1
"7288",1010421,"White",0
"7289",936234,"Medium",0
"7290",1391366,"Medium",0
"7291",1139409,"White",0
"7292",953097,"Medium",0
"7293",1082981,"White",0
"7294",1398524,"White",0
"7295",1142588,"White",0
"7296",1136798,"White",0
"7297",1134396,"White",0
"7298",1126779,"White",0
"7299",1392077,"White",0
"7300",810535,"Black",1
"7301",1084423,"White",0
"7302",989865,"White",0
"7303",818406,"White",0
"7304",1085572,"Medium",0
"7305",1006489,"Black",1
"7306",1010656,"Medium",0
"7307",1086347,"White",0
"7308",1010383,"White",0
"7309",1214359,"White",0
"7310",1124746,"Black",1
"7311",1010551,"White",0
"7312",790179,"Black",1
"7313",962053,"White",0
"7314",966940,"White",0
"7315",50899,"White",0
"7316",319735,"White",0
"7317",879694,"Black",1
"7318",331575,"Black",1
"7319",801211,"Medium",0
"7320",1119586,"White",0
"7321",1134432,"White",0
"7322",1112734,"White",0
"7323",942836,"Black",1
"7324",1154587,"Medium",0
"7325",1120669,"Medium",0
"7326",1153261,"White",0
"7327",69379,"White",0
"7328",1082213,"Medium",0
"7329",1142244,"White",0
"7330",1122610,"White",0
"7331",912980,"White",0
"7332",990232,"White",0
"7333",1402912,"Black",1
"7334",944225,"White",0
"7335",1133063,"Black",1
"7336",1064299,"Black",1
"7337",1142091,"White",0
"7338",1142260,"White",0
"7339",1156733,"White",0
"7340",916136,"White",0
"7341",280815,"White",0
"7342",909966,"Black",1
"7343",605510,"Medium",0
"7344",910023,"Medium",0
"7345",605672,"White",0
"7346",980578,"Medium",0
"7347",941405,"Medium",0
"7348",893140,"Medium",0
"7349",970860,"Medium",0
"7350",973838,"Black",1
"7351",914819,"Medium",0
"7352",964174,"White",0
"7353",250219,"White",0
"7354",1489420,"White",0
"7355",794949,"White",0
"7356",1142094,"White",0
"7357",982327,"Black",1
"7358",1392573,"White",0
"7359",941464,"White",0
"7360",362014,"Black",1
"7361",1046795,"Black",1
"7362",798820,"White",0
"7363",964983,"Medium",0
"7364",813645,"White",0
"7365",1089453,"Medium",0
"7366",914848,"Medium",0
"7367",129451,"Medium",0
"7368",964985,"White",0
"7369",933426,"Medium",0
"7370",986245,"Medium",0
"7371",1391375,"White",0
"7372",1009662,"White",0
"7373",595576,"Black",1
"7374",1136896,"Black",1
"7375",1101232,"Medium",0
"7376",984623,"White",0
"7377",1082968,"White",0
"7378",788197,"White",0
"7379",857227,"White",0
"7380",1503836,"Black",1
"7381",996931,"White",0
"7382",979146,"White",0
"7383",978150,"Medium",0
"7384",925220,"Medium",0
"7385",868223,"Medium",0
"7386",360718,"White",0
"7387",997221,"White",0
"7388",873630,"Black",1
"7389",1012409,"White",0
"7390",1513673,"White",0
"7391",1084746,"White",0
"7392",1390614,"White",0
"7393",1010409,"Medium",0
"7394",1066045,"White",0
"7395",31828,"White",0
"7396",1153270,"White",0
"7397",894863,"White",0
"7398",1004239,"Medium",0
"7399",756344,"White",0
"7400",842164,"White",0
"7401",996928,"White",0
"7402",363774,"White",0
"7403",1064218,"Medium",0
"7404",1137814,"Medium",0
"7405",929975,"White",0
"7406",1396048,"White",0
"7407",868227,"Medium",0
"7408",362032,"Medium",0
"7409",829296,"White",0
"7410",1493213,"Black",1
"7411",1031566,"Black",1
"7412",1012444,"White",0
"7413",980732,"White",0
"7414",1414933,"White",0
"7415",344205,"Black",1
"7416",1171451,"White",0
"7417",1184317,"White",0
"7418",1402716,"White",0
"7419",1604177,"Medium",0
"7420",1010513,"White",0
"7421",1495844,"White",0
"7422",1094782,"White",0
"7423",1084399,"White",0
"7424",1099352,"White",0
"7425",358910,"White",0
"7426",923000,"White",0
"7427",1150391,"Black",1
"7428",1018190,"Medium",0
"7429",1513451,"White",0
"7430",1513452,"White",0
"7431",794861,"Black",1
"7432",1170458,"Medium",0
"7433",1464647,"White",0
"7434",942335,"White",0
"7435",1402913,"White",0
"7436",1149127,"White",0
"7437",972410,"Medium",0
"7438",1393673,"Black",1
"7439",1116388,"White",0
"7440",990169,"Medium",0
"7441",1471513,"White",0
"7442",985726,"White",0
"7443",1091116,"White",0
"7444",1402908,"White",0
"7445",1014835,"Black",1
"7446",801287,"Black",1
"7447",1410925,"White",0
"7448",1108451,"White",0
"7449",823996,"White",0
"7450",987490,"Black",1
"7451",115665,"Black",1
"7452",1495856,"White",0
"7453",1146225,"Medium",0
"7454",965265,"Medium",0
"7455",1142596,"Medium",0
"7456",1518119,"Medium",0
"7457",1216080,"Medium",0
"7458",1493216,"Medium",0
"7459",1000483,"White",0
"7460",894477,"White",0
"7461",1399702,"White",0
"7462",1830852,"Medium",0
"7463",1213236,"Medium",0
"7464",1841875,"White",0
"7465",1594156,"Medium",0
"7466",1100596,"White",0
"7467",1134642,"White",0
"7468",1154549,"Medium",0
"7469",232548,"Medium",0
"7470",1526648,"White",0
"7471",1136806,"Medium",0
"7472",1605227,"Medium",0
"7473",1466116,"White",0
"7474",1089161,"White",0
"7475",1175743,"White",0
"7476",1561756,"White",0
"7477",1145100,"Medium",0
"7478",1008259,"White",0
"7479",1120373,"White",0
"7480",996932,"White",0
"7481",873717,"Medium",0
"7482",144606,"White",0
"7483",846446,"Black",1
"7484",1106573,"Black",1
"7485",1493689,"Black",1
"7486",1046322,"White",0
"7487",965031,"White",0
"7488",910975,"Medium",0
"7489",914744,"White",0
"7490",813835,"White",0
"7491",96361,"White",0
"7492",54644,"Medium",0
"7493",797106,"White",0
"7494",40999,"Medium",0
"7495",129454,"White",0
"7496",349762,"White",0
"7497",141915,"Medium",0
"7498",591774,"White",0
"7499",847786,"Medium",0
"7500",31886,"White",0
"7501",788354,"White",0
"7502",291667,"White",0
"7503",153233,"White",0
"7504",849542,"Medium",0
"7505",787962,"White",0
"7506",804980,"White",0
"7507",965032,"Black",1
"7508",119198,"Medium",0
"7509",597742,"Medium",0
"7510",175485,"White",0
"7511",839505,"Medium",0
"7512",826654,"White",0
"7513",789162,"White",0
"7514",795726,"White",0
"7515",822412,"White",0
"7516",83479,"White",0
"7517",370244,"White",0
"7518",348886,"Medium",0
"7519",52114,"Black",1
"7520",913944,"White",0
"7521",84075,"White",0
"7522",949458,"Medium",0
"7523",23448,"Black",1
"7524",842591,"Black",1
"7525",782332,"Medium",0
"7526",141967,"Medium",0
"7527",966572,"White",0
"7528",31938,"White",0
"7529",919481,"Medium",0
"7530",78382,"Medium",0
"7531",19374,"White",0
"7532",136743,"White",0
"7533",972451,"White",0
"7534",99524,"Medium",0
"7535",858912,"Medium",0
"7536",990800,"White",0
"7537",32044,"Medium",0
"7538",141383,"White",0
"7539",175959,"Black",1
"7540",941361,"White",0
"7541",915043,"Medium",0
"7542",811572,"White",0
"7543",345183,"Medium",0
"7544",869423,"Medium",0
"7545",937898,"Medium",0
"7546",866626,"Medium",0
"7547",349126,"White",0
"7548",811561,"Medium",0
"7549",153061,"White",0
"7550",108727,"White",0
"7551",118756,"White",0
"7552",905379,"White",0
"7553",788151,"Medium",0
"7554",850025,"White",0
"7555",41842,"White",0
"7556",334149,"White",0
"7557",83713,"White",0
"7558",294351,"White",0
"7559",177173,"Medium",0
"7560",367080,"Medium",0
"7561",598000,"White",0
"7562",41661,"White",0
"7563",175243,"White",0
"7564",4418,"Medium",0
"7565",53753,"White",0
"7566",877602,"White",0
"7567",903972,"White",0
"7568",847984,"Medium",0
"7569",899904,"Medium",0
"7570",787893,"White",0
"7571",900011,"Medium",0
"7572",259063,"Medium",0
"7573",105496,"White",0
"7574",790050,"White",0
"7575",28317,"White",0
"7576",83816,"White",0
"7577",947201,"White",0
"7578",43882,"White",0
"7579",141951,"White",0
"7580",900435,"Medium",0
"7581",864675,"Black",1
"7582",377234,"White",0
"7583",352430,"White",0
"7584",139570,"White",0
"7585",899902,"Medium",0
"7586",141665,"Medium",0
"7587",551242,"Black",1
"7588",259559,"White",0
"7589",40971,"White",0
"7590",376854,"White",0
"7591",351030,"White",0
"7592",16208,"Medium",0
"7593",591738,"White",0
"7594",87774,"White",0
"7595",34853,"White",0
"7596",575956,"Black",1
"7597",850479,"White",0
"7598",110778,"White",0
"7599",343907,"Medium",0
"7600",844948,"White",0
"7601",139921,"White",0
"7602",74958,"Medium",0
"7603",83305,"White",0
"7604",839947,"Medium",0
"7605",359754,"Medium",0
"7606",175101,"White",0
"7607",966293,"White",0
"7608",83714,"White",0
"7609",50731,"White",0
"7610",357754,"White",0
"7611",831109,"White",0
"7612",52699,"White",0
"7613",148352,"Medium",0
"7614",313014,"White",0
"7615",327277,"White",0
"7616",146217,"Medium",0
"7617",187869,"Black",1
"7618",96371,"White",0
"7619",597856,"White",0
"7620",175563,"White",0
"7621",17155,"White",0
"7622",83701,"White",0
"7623",894669,"White",0
"7624",344909,"White",0
"7625",359786,"White",0
"7626",82497,"Medium",0
"7627",84068,"Medium",0
"7628",52126,"Medium",0
"7629",950142,"Black",1
"7630",950110,"White",0
"7631",175949,"White",0
"7632",809148,"White",0
"7633",96364,"Black",1
"7634",346220,"White",0
"7635",291611,"White",0
"7636",70763,"Medium",0
"7637",137983,"Black",1
"7638",367150,"Medium",0
"7639",83704,"White",0
"7640",212172,"White",0
"7641",263493,"White",0
"7642",848589,"Medium",0
"7643",96968,"White",0
"7644",598950,"White",0
"7645",813574,"White",0
"7646",33490,"Medium",0
"7647",813573,"Medium",0
"7648",348724,"White",0
"7649",212076,"Black",1
"7650",100726,"Medium",0
"7651",836584,"Medium",0
"7652",38988,"White",0
"7653",367132,"Medium",0
"7654",52786,"White",0
"7655",32681,"White",0
"7656",166735,"Black",1
"7657",267747,"White",0
"7658",860683,"White",0
"7659",141897,"Medium",0
"7660",2421,"Medium",0
"7661",128654,"Black",1
"7662",284865,"White",0
"7663",39697,"White",0
"7664",28184,"Medium",0
"7665",82891,"Medium",0
"7666",896341,"White",0
"7667",556988,"White",0
"7668",156580,"White",0
"7669",48071,"White",0
"7670",219558,"White",0
"7671",135115,"White",0
"7672",798271,"Medium",0
"7673",255515,"Medium",0
"7674",980182,"Medium",0
"7675",914266,"White",0
"7676",811408,"Medium",0
"7677",255995,"Medium",0
"7678",912047,"White",0
"7679",826946,"White",0
"7680",830534,"White",0
"7681",931720,"White",0
"7682",129439,"Medium",0
"7683",899978,"White",0
"7684",345013,"White",0
"7685",835092,"White",0
"7686",122124,"White",0
"7687",29759,"Medium",0
"7688",36135,"White",0
"7689",18006,"White",0
"7690",36916,"White",0
"7691",921257,"White",0
"7692",851274,"Medium",0
"7693",849544,"White",0
"7694",5710,"Medium",0
"7695",78768,"White",0
"7696",966937,"Medium",0
"7697",595578,"White",0
"7698",14168,"Medium",0
"7699",128604,"White",0
"7700",868329,"White",0
"7701",879129,"White",0
"7702",833352,"Medium",0
"7703",928670,"White",0
"7704",844409,"White",0
"7705",349296,"White",0
"7706",790099,"Medium",0
"7707",566894,"White",0
"7708",157649,"White",0
"7709",836279,"Medium",0
"7710",772685,"White",0
"7711",814301,"White",0
"7712",118759,"White",0
"7713",964903,"Medium",0
"7714",847513,"White",0
"7715",939851,"Black",1
"7716",864202,"White",0
"7717",352292,"Black",1
"7718",149850,"Black",1
"7719",827491,"White",0
"7720",592100,"White",0
"7721",349578,"Medium",0
"7722",52149,"Medium",0
"7723",129629,"Medium",0
"7724",148750,"White",0
"7725",149786,"White",0
"7726",795763,"White",0
"7727",843835,"White",0
"7728",992504,"Medium",0
"7729",370138,"White",0
"7730",841120,"White",0
"7731",898070,"Black",1
"7732",104794,"Medium",0
"7733",84293,"White",0
"7734",951985,"White",0
"7735",227912,"White",0
"7736",795727,"Medium",0
"7737",108152,"White",0
"7738",357602,"White",0
"7739",39586,"Medium",0
"7740",547280,"White",0
"7741",318619,"Medium",0
"7742",812226,"Black",1
"7743",905008,"Medium",0
"7744",385916,"Medium",0
"7745",3000,"Medium",0
"7746",52100,"Medium",0
"7747",851890,"White",0
"7748",41402,"White",0
"7749",176021,"Medium",0
"7750",935309,"Black",1
"7751",994200,"Medium",0
"7752",900669,"White",0
"7753",811663,"White",0
"7754",311482,"White",0
"7755",553064,"White",0
"7756",836200,"Medium",0
"7757",845424,"White",0
"7758",52712,"White",0
"7759",349146,"White",0
"7760",138388,"White",0
"7761",589100,"White",0
"7762",974136,"White",0
"7763",256415,"Black",1
"7764",326611,"White",0
"7765",902382,"White",0
"7766",816808,"White",0
"7767",82186,"White",0
"7768",42802,"White",0
"7769",580802,"White",0
"7770",581620,"White",0
"7771",129505,"Medium",0
"7772",41999,"Medium",0
"7773",137982,"Medium",0
"7774",242327,"White",0
"7775",99528,"Medium",0
"7776",52691,"Medium",0
"7777",913947,"White",0
"7778",175211,"White",0
"7779",33654,"Medium",0
"7780",583836,"White",0
"7781",110942,"Medium",0
"7782",800986,"White",0
"7783",845603,"Medium",0
"7784",3418,"White",0
"7785",350986,"White",0
"7786",805243,"Medium",0
"7787",273227,"Medium",0
"7788",375638,"Medium",0
"7789",108730,"White",0
"7790",758666,"White",0
"7791",263007,"White",0
"7792",949469,"Medium",0
"7793",578202,"Medium",0
"7794",813834,"Medium",0
"7795",865515,"White",0
"7796",788365,"White",0
"7797",177591,"Medium",0
"7798",845782,"White",0
"7799",14125,"Medium",0
"7800",42951,"White",0
"7801",913655,"Medium",0
"7802",916654,"White",0
"7803",284201,"White",0
"7804",187283,"Medium",0
"7805",100206,"White",0
"7806",41553,"White",0
"7807",353132,"Medium",0
"7808",894158,"White",0
"7809",997481,"White",0
"7810",597876,"White",0
"7811",101864,"Black",1
"7812",813558,"Medium",0
"7813",146410,"Medium",0
"7814",913940,"White",0
"7815",376722,"Medium",0
"7816",813511,"Black",1
"7817",151141,"White",0
"7818",973326,"White",0
"7819",975170,"White",0
"7820",349424,"Medium",0
"7821",862393,"White",0
"7822",188349,"White",0
"7823",597732,"Medium",0
"7824",225130,"Medium",0
"7825",146200,"White",0
"7826",932269,"Black",1
"7827",807122,"White",0
"7828",980283,"Black",1
"7829",945816,"White",0
"7830",159773,"Black",1
"7831",791988,"White",0
"7832",84484,"Medium",0
"7833",312668,"White",0
"7834",994225,"White",0
"7835",964848,"White",0
"7836",899961,"Black",1
"7837",855858,"Black",1
"7838",83848,"Medium",0
"7839",13990,"Medium",0
"7840",352448,"White",0
"7841",914070,"White",0
"7842",964516,"Medium",0
"7843",881820,"White",0
"7844",267755,"Medium",0
"7845",259473,"White",0
"7846",330673,"White",0
"7847",966568,"White",0
"7848",41300,"Medium",0
"7849",978283,"White",0
"7850",360480,"White",0
"7851",884675,"White",0
"7852",990798,"White",0
"7853",1006789,"White",0
"7854",914863,"Medium",0
"7855",107420,"Medium",0
"7856",914752,"Medium",0
"7857",377180,"White",0
"7858",913945,"White",0
"7859",1007853,"White",0
"7860",888563,"Medium",0
"7861",804629,"White",0
"7862",1009801,"Medium",0
"7863",994104,"White",0
"7864",1010891,"Medium",0
"7865",122621,"Medium",0
"7866",913210,"White",0
"7867",914728,"White",0
"7868",806590,"Medium",0
"7869",83223,"White",0
"7870",987423,"White",0
"7871",1011346,"White",0
"7872",5166,"White",0
"7873",966945,"White",0
"7874",914162,"White",0
"7875",966573,"Medium",0
"7876",964743,"White",0
"7877",1009541,"Medium",0
"7878",892539,"Medium",0
"7879",99520,"White",0
"7880",914200,"White",0
"7881",68002,"Medium",0
"7882",851268,"White",0
"7883",229640,"White",0
"7884",1010857,"White",0
"7885",21951,"White",0
"7886",330037,"Black",1
"7887",21256,"Black",1
"7888",966387,"Medium",0
"7889",1017339,"White",0
"7890",898000,"White",0
"7891",851270,"White",0
"7892",125813,"Medium",0
"7893",807644,"Medium",0
"7894",138394,"Medium",0
"7895",611880,"Black",1
"7896",359740,"Medium",0
"7897",1020019,"Medium",0
"7898",912144,"Black",1
"7899",149824,"Black",1
"7900",893141,"White",0
"7901",788099,"White",0
"7902",340767,"White",0
"7903",1031481,"White",0
"7904",600604,"Medium",0
"7905",5117,"White",0
"7906",798948,"Black",1
"7907",129865,"Medium",0
"7908",978182,"White",0
"7909",1002347,"White",0
"7910",866947,"White",0
"7911",889931,"White",0
"7912",976105,"White",0
"7913",949895,"Black",1
"7914",951986,"Medium",0
"7915",1031637,"White",0
"7916",254799,"Medium",0
"7917",877668,"White",0
"7918",1021093,"Medium",0
"7919",1034138,"Medium",0
"7920",1016047,"White",0
"7921",1031499,"White",0
"7922",804313,"White",0
"7923",155924,"Medium",0
"7924",1034139,"White",0
"7925",1031484,"Medium",0
"7926",1032324,"Medium",0
"7927",949461,"Medium",0
"7928",847130,"White",0
"7929",1031483,"Medium",0
"7930",980973,"White",0
"7931",1011628,"White",0
"7932",914248,"Black",1
"7933",1010560,"White",0
"7934",1035120,"White",0
"7935",909272,"White",0
"7936",1046384,"White",0
"7937",923448,"Medium",0
"7938",1031567,"White",0
"7939",877872,"Medium",0
"7940",1031662,"Medium",0
"7941",936845,"White",0
"7942",1033247,"White",0
"7943",800971,"White",0
"7944",1034704,"White",0
"7945",1048122,"Medium",0
"7946",1048123,"Medium",0
"7947",838633,"White",0
"7948",287571,"White",0
"7949",791172,"White",0
"7950",1065748,"Black",1
"7951",811454,"White",0
"7952",851240,"Medium",0
"7953",987080,"Black",1
"7954",106389,"White",0
"7955",891930,"White",0
"7956",788145,"White",0
"7957",347532,"White",0
"7958",950596,"White",0
"7959",349170,"White",0
"7960",903369,"White",0
"7961",904135,"White",0
"7962",218518,"Medium",0
"7963",350562,"Medium",0
"7964",914771,"White",0
"7965",838629,"White",0
"7966",349800,"Medium",0
"7967",943253,"White",0
"7968",849020,"Medium",0
"7969",1012448,"Black",1
"7970",1009637,"White",0
"7971",125616,"White",0
"7972",966300,"Medium",0
"7973",807651,"White",0
"7974",259553,"White",0
"7975",233406,"White",0
"7976",950742,"Medium",0
"7977",908646,"Medium",0
"7978",807656,"White",0
"7979",850556,"White",0
"7980",950745,"White",0
"7981",151133,"Medium",0
"7982",924149,"White",0
"7983",823203,"White",0
"7984",949702,"White",0
"7985",946208,"Black",1
"7986",949450,"White",0
"7987",913214,"Medium",0
"7988",910033,"Black",1
"7989",897901,"White",0
"7990",387184,"Medium",0
"7991",914749,"Medium",0
"7992",796330,"Black",1
"7993",52118,"Medium",0
"7994",914519,"Medium",0
"7995",152770,"White",0
"7996",268127,"White",0
"7997",934526,"Black",1
"7998",1171097,"White",0
"7999",1066095,"White",0
"8000",1066182,"Black",1
"8001",957597,"Medium",0
"8002",795256,"White",0
"8003",1064413,"Medium",0
"8004",1064410,"White",0
"8005",851226,"White",0
"8006",892374,"White",0
"8007",562194,"White",0
"8008",1010335,"White",0
"8009",861277,"White",0
"8010",894210,"Medium",0
"8011",943007,"Medium",0
"8012",127388,"Medium",0
"8013",913635,"Medium",0
"8014",1176946,"White",0
"8015",830293,"White",0
"8016",894352,"Black",1
"8017",1063311,"White",0
"8018",49425,"White",0
"8019",1064024,"Black",1
"8020",1002405,"White",0
"8021",1000676,"White",0
"8022",859961,"White",0
"8023",964729,"White",0
"8024",1088567,"White",0
"8025",1088566,"Medium",0
"8026",965030,"White",0
"8027",760692,"White",0
"8028",119083,"White",0
"8029",893768,"Medium",0
"8030",19391,"White",0
"8031",964611,"White",0
"8032",817560,"Medium",0
"8033",548700,"White",0
"8034",602050,"White",0
"8035",139328,"White",0
"8036",847823,"White",0
"8037",914727,"White",0
"8038",1009361,"White",0
"8039",826143,"White",0
"8040",773651,"Medium",0
"8041",348902,"Medium",0
"8042",800987,"White",0
"8043",129429,"Medium",0
"8044",900697,"White",0
"8045",15513,"White",0
"8046",52748,"White",0
"8047",1064208,"White",0
"8048",894159,"White",0
"8049",828966,"White",0
"8050",997522,"White",0
"8051",339115,"Medium",0
"8052",855654,"Medium",0
"8053",964845,"Medium",0
"8054",801296,"Black",1
"8055",851266,"White",0
"8056",844028,"Black",1
"8057",1000696,"White",0
"8058",69373,"White",0
"8059",867599,"Black",1
"8060",1000679,"White",0
"8061",1009593,"Medium",0
"8062",827398,"White",0
"8063",193946,"Medium",0
"8064",807576,"White",0
"8065",605426,"Medium",0
"8066",876927,"Medium",0
"8067",831251,"Medium",0
"8068",1067582,"Black",1
"8069",45075,"White",0
"8070",31325,"White",0
"8071",597982,"White",0
"8072",949819,"Medium",0
"8073",1006944,"Medium",0
"8074",182023,"White",0
"8075",1065813,"White",0
"8076",945815,"Medium",0
"8077",1066763,"White",0
"8078",1068987,"Medium",0
"8079",146452,"White",0
"8080",254789,"White",0
"8081",881221,"Medium",0
"8082",813548,"White",0
"8083",874586,"White",0
"8084",174525,"White",0
"8085",864187,"White",0
"8086",1010498,"White",0
"8087",844128,"White",0
"8088",254815,"White",0
"8089",1010313,"White",0
"8090",1086582,"White",0
"8091",796326,"Black",1
"8092",851231,"White",0
"8093",602178,"Medium",0
"8094",1009896,"White",0
"8095",156569,"White",0
"8096",83945,"Medium",0
"8097",859772,"White",0
"8098",949715,"White",0
"8099",899919,"Medium",0
"8100",1066178,"White",0
"8101",1066184,"White",0
"8102",335353,"Medium",0
"8103",223570,"White",0
"8104",925015,"White",0
"8105",1066183,"White",0
"8106",971756,"White",0
"8107",1089973,"Medium",0
"8108",889590,"White",0
"8109",47831,"White",0
"8110",1031482,"White",0
"8111",1085223,"White",0
"8112",887838,"Medium",0
"8113",966290,"White",0
"8114",838631,"Medium",0
"8115",1094771,"White",0
"8116",1065890,"White",0
"8117",913909,"Medium",0
"8118",1084043,"Black",1
"8119",813634,"White",0
"8120",806515,"Black",1
"8121",856119,"Medium",0
"8122",932233,"White",0
"8123",927378,"White",0
"8124",966302,"White",0
"8125",1085569,"White",0
"8126",3093,"White",0
"8127",874568,"Medium",0
"8128",1009629,"White",0
"8129",1103650,"White",0
"8130",148161,"White",0
"8131",85222,"White",0
"8132",1095674,"Medium",0
"8133",77512,"White",0
"8134",1104082,"White",0
"8135",986140,"Medium",0
"8136",962222,"White",0
"8137",1094578,"White",0
"8138",792565,"White",0
"8139",867233,"Black",1
"8140",1021125,"White",0
"8141",1066239,"White",0
"8142",1121475,"White",0
"8143",1010318,"White",0
"8144",1108390,"White",0
"8145",146099,"White",0
"8146",1094946,"White",0
"8147",1000674,"White",0
"8148",1092084,"White",0
"8149",1085265,"White",0
"8150",946871,"White",0
"8151",1100499,"White",0
"8152",1103451,"White",0
"8153",1094744,"Medium",0
"8154",793323,"White",0
"8155",153440,"White",0
"8156",249657,"White",0
"8157",777067,"White",0
"8158",1000680,"Medium",0
"8159",950678,"White",0
"8160",900524,"Medium",0
"8161",546180,"White",0
"8162",867365,"Medium",0
"8163",259449,"Medium",0
"8164",602264,"White",0
"8165",128950,"Medium",0
"8166",966957,"White",0
"8167",599076,"White",0
"8168",912046,"Medium",0
"8169",862992,"Black",1
"8170",950032,"White",0
"8171",1010310,"Medium",0
"8172",942382,"White",0
"8173",1010420,"White",0
"8174",1010384,"White",0
"8175",1082215,"White",0
"8176",1134395,"Medium",0
"8177",989829,"Medium",0
"8178",857229,"White",0
"8179",175809,"White",0
"8180",914215,"White",0
"8181",82798,"Medium",0
"8182",1097176,"White",0
"8183",950676,"White",0
"8184",966911,"Medium",0
"8185",826652,"White",0
"8186",959753,"White",0
"8187",828247,"Medium",0
"8188",592068,"White",0
"8189",985806,"Medium",0
"8190",867406,"Medium",0
"8191",597618,"White",0
"8192",807995,"White",0
"8193",914196,"Medium",0
"8194",597948,"Medium",0
"8195",537012,"White",0
"8196",849493,"White",0
"8197",849429,"Medium",0
"8198",788312,"White",0
"8199",988753,"Medium",0
"8200",1134633,"Black",1
"8201",1134643,"Black",1
"8202",988631,"White",0
"8203",1134632,"White",0
"8204",352654,"Medium",0
"8205",1092777,"Medium",0
"8206",1392592,"White",0
"8207",909554,"Medium",0
"8208",1010375,"White",0
"8209",883156,"White",0
"8210",1134750,"White",0
"8211",285947,"Black",1
"8212",1130156,"Medium",0
"8213",848081,"Medium",0
"8214",1006233,"Medium",0
"8215",855840,"Medium",0
"8216",83602,"White",0
"8217",1032938,"Medium",0
"8218",914523,"Medium",0
"8219",1134430,"Medium",0
"8220",866244,"White",0
"8221",914055,"Medium",0
"8222",349848,"White",0
"8223",849642,"White",0
"8224",957894,"Medium",0
"8225",829892,"Black",1
"8226",1134751,"White",0
"8227",1012408,"White",0
"8228",938000,"White",0
"8229",923823,"Black",1
"8230",1130805,"White",0
"8231",825458,"Medium",0
"8232",73699,"White",0
"8233",789446,"White",0
"8234",855665,"White",0
"8235",929894,"White",0
"8236",906065,"Black",1
"8237",1130503,"White",0
"8238",809416,"Black",1
"8239",831983,"Black",1
"8240",979861,"White",0
"8241",1131258,"Medium",0
"8242",914313,"White",0
"8243",1130806,"Medium",0
"8244",1012407,"White",0
"8245",914214,"Medium",0
"8246",1021117,"Medium",0
"8247",840500,"Medium",0
"8248",1010340,"Medium",0
"8249",856683,"Medium",0
"8250",212104,"White",0
"8251",3208,"Black",1
"8252",1082555,"Medium",0
"8253",141612,"Medium",0
"8254",175209,"White",0
"8255",978652,"Medium",0
"8256",1156139,"White",0
"8257",1154279,"White",0
"8258",950658,"White",0
"8259",1151851,"Black",1
"8260",1012424,"White",0
"8261",1009639,"White",0
"8262",1160071,"White",0
"8263",1130804,"White",0
"8264",1113018,"White",0
"8265",362772,"White",0
"8266",906366,"White",0
"8267",1102966,"White",0
"8268",1465424,"White",0
"8269",1011180,"Medium",0
"8270",1157382,"White",0
"8271",1049557,"White",0
"8272",352614,"White",0
"8273",1168093,"White",0
"8274",1170447,"White",0
"8275",1170449,"White",0
"8276",1084644,"White",0
"8277",952225,"White",0
"8278",1094342,"White",0
"8279",1134634,"Medium",0
"8280",1526620,"White",0
"8281",226428,"Black",1
"8282",942111,"Black",1
"8283",1084463,"White",0
"8284",1085371,"White",0
"8285",1134328,"White",0
"8286",849577,"Medium",0
"8287",877427,"Medium",0
"8288",940360,"Black",1
"8289",847147,"White",0
"8290",137379,"White",0
"8291",1183648,"White",0
"8292",1025190,"Medium",0
"8293",900989,"White",0
"8294",208732,"White",0
"8295",1014085,"White",0
"8296",859768,"Medium",0
"8297",308152,"White",0
"8298",1191150,"Medium",0
"8299",14209,"Black",1
"8300",1168045,"White",0
"8301",1165779,"White",0
"8302",1210654,"White",0
"8303",965843,"Medium",0
"8304",546228,"White",0
"8305",914521,"White",0
"8306",1189804,"Black",1
"8307",1158547,"Medium",0
"8308",928356,"Medium",0
"8309",1170968,"White",0
"8310",1182655,"White",0
"8311",1009880,"White",0
"8312",1168582,"White",0
"8313",1217994,"White",0
"8314",1009635,"White",0
"8315",1120333,"White",0
"8316",927768,"Medium",0
"8317",910128,"White",0
"8318",825775,"Medium",0
"8319",1154421,"White",0
"8320",889815,"Black",1
"8321",1130516,"White",0
"8322",152002,"Medium",0
"8323",795268,"Medium",0
"8324",1166489,"Medium",0
"8325",947318,"White",0
"8326",1068891,"White",0
"8327",1393274,"White",0
"8328",1163786,"Black",1
"8329",174943,"Medium",0
"8330",796512,"Black",1
"8331",1085111,"White",0
"8332",1167698,"Black",1
"8333",914527,"Medium",0
"8334",949459,"White",0
"8335",268169,"White",0
"8336",784675,"Black",1
"8337",1003820,"White",0
"8338",149785,"Medium",0
"8339",1087845,"White",0
"8340",1046461,"White",0
"8341",1084464,"Medium",0
"8342",1001662,"Medium",0
"8343",907503,"White",0
"8344",910021,"White",0
"8345",1090128,"Black",1
"8346",966446,"White",0
"8347",1009660,"White",0
"8348",1171182,"White",0
"8349",30745,"Medium",0
"8350",1089135,"White",0
"8351",1084295,"White",0
"8352",891427,"White",0
"8353",901847,"White",0
"8354",162623,"White",0
"8355",1014595,"White",0
"8356",605512,"White",0
"8357",351000,"White",0
"8358",811646,"White",0
"8359",609642,"White",0
"8360",1010525,"White",0
"8361",1165007,"White",0
"8362",1031756,"Medium",0
"8363",887556,"Medium",0
"8364",811611,"White",0
"8365",841003,"Black",1
"8366",914838,"White",0
"8367",1094517,"White",0
"8368",131394,"White",0
"8369",962064,"White",0
"8370",994190,"Black",1
"8371",1093506,"Black",1
"8372",1085242,"Medium",0
"8373",997033,"White",0
"8374",1010165,"White",0
"8375",1035619,"Black",1
"8376",1010564,"Black",1
"8377",1396167,"Medium",0
"8378",166499,"White",0
"8379",1134635,"Medium",0
"8380",925790,"Medium",0
"8381",1005638,"White",0
"8382",1396056,"White",0
"8383",982575,"Medium",0
"8384",591358,"Medium",0
"8385",928825,"White",0
"8386",855837,"Medium",0
"8387",869931,"Black",1
"8388",1142254,"White",0
"8389",1116580,"Medium",0
"8390",845789,"Black",1
"8391",891959,"White",0
"8392",1395767,"Medium",0
"8393",32897,"Black",1
"8394",914723,"Medium",0
"8395",949901,"Medium",0
"8396",941164,"Black",1
"8397",944637,"White",0
"8398",1010792,"White",0
"8399",168863,"White",0
"8400",169317,"White",0
"8401",1396210,"White",0
"8402",927551,"Black",1
"8403",847334,"White",0
"8404",1020198,"Black",1
"8405",907009,"Black",1
"8406",1134722,"Black",1
"8407",1410734,"White",0
"8408",1142258,"White",0
"8409",858946,"Medium",0
"8410",1136807,"White",0
"8411",1395044,"Medium",0
"8412",52127,"Medium",0
"8413",1152182,"White",0
"8414",1086193,"White",0
"8415",1047988,"Medium",0
"8416",957593,"Medium",0
"8417",1130801,"White",0
"8418",1086128,"White",0
"8419",1164965,"Medium",0
"8420",965034,"Medium",0
"8421",1395903,"White",0
"8422",1136812,"White",0
"8423",1094242,"Medium",0
"8424",1408352,"Black",1
"8425",1150553,"White",0
"8426",1010996,"Black",1
"8427",826568,"Medium",0
"8428",986209,"Black",1
"8429",1416072,"Black",1
"8430",1064579,"White",0
"8431",1164725,"Medium",0
"8432",1016159,"Medium",0
"8433",1118185,"Medium",0
"8434",1150431,"White",0
"8435",983564,"Medium",0
"8436",893934,"Medium",0
"8437",1164837,"White",0
"8438",1404430,"Black",1
"8439",1010550,"White",0
"8440",1082965,"White",0
"8441",151884,"White",0
"8442",1428699,"White",0
"8443",905443,"White",0
"8444",1393275,"Medium",0
"8445",914110,"White",0
"8446",896354,"White",0
"8447",962625,"White",0
"8448",761426,"Medium",0
"8449",876036,"White",0
"8450",1466657,"White",0
"8451",123189,"White",0
"8452",936534,"Medium",0
"8453",1428696,"White",0
"8454",1469468,"White",0
"8455",1131043,"Medium",0
"8456",86020,"White",0
"8457",1014687,"White",0
"8458",1473201,"Medium",0
"8459",1470379,"Medium",0
"8460",974109,"Medium",0
"8461",1163780,"White",0
"8462",1100401,"White",0
"8463",1391437,"White",0
"8464",1215949,"White",0
"8465",1486787,"White",0
"8466",1457536,"White",0
"8467",1489952,"White",0
"8468",1489579,"White",0
"8469",821628,"Medium",0
"8470",1164997,"White",0
"8471",914174,"White",0
"8472",1489578,"White",0
"8473",1156225,"White",0
"8474",798110,"White",0
"8475",1021101,"Medium",0
"8476",1465149,"Medium",0
"8477",1493475,"White",0
"8478",1160222,"Black",1
"8479",1484339,"White",0
"8480",996821,"Black",1
"8481",155975,"White",0
"8482",997244,"Medium",0
"8483",914159,"Black",1
"8484",794943,"White",0
"8485",877920,"Medium",0
"8486",877919,"White",0
"8487",962027,"Black",1
"8488",285937,"Black",1
"8489",894438,"White",0
"8490",933809,"Medium",0
"8491",1142238,"White",0
"8492",1085579,"Medium",0
"8493",826008,"White",0
"8494",905639,"Black",1
"8495",355076,"Medium",0
"8496",1218086,"Medium",0
"8497",333145,"Medium",0
"8498",862696,"Medium",0
"8499",926418,"White",0
"8500",867780,"White",0
"8501",1493319,"Black",1
"8502",1514612,"Black",1
"8503",1154383,"White",0
"8504",1218825,"White",0
"8505",1482553,"Medium",0
"8506",1464642,"Black",1
"8507",984622,"White",0
"8508",954047,"Black",1
"8509",1177406,"White",0
"8510",1401142,"White",0
"8511",1184319,"White",0
"8512",962712,"White",0
"8513",989877,"Medium",0
"8514",592064,"White",0
"8515",909061,"White",0
"8516",1164647,"White",0
"8517",900458,"White",0
"8518",892681,"White",0
"8519",964977,"White",0
"8520",105255,"Medium",0
"8521",1398518,"Medium",0
"8522",857183,"Medium",0
"8523",1430812,"Medium",0
"8524",602242,"Medium",0
"8525",1010413,"White",0
"8526",850579,"White",0
"8527",944106,"White",0
"8528",1166968,"White",0
"8529",1143553,"White",0
"8530",1084771,"Medium",0
"8531",966384,"Medium",0
"8532",254819,"Medium",0
"8533",822594,"White",0
"8534",1014375,"White",0
"8535",882475,"White",0
"8536",1015993,"Medium",0
"8537",962381,"White",0
"8538",1008037,"Medium",0
"8539",188369,"Medium",0
"8540",1398529,"Black",1
"8541",1153460,"Medium",0
"8542",900005,"White",0
"8543",981604,"White",0
"8544",1197046,"Black",1
"8545",1010772,"White",0
"8546",970515,"White",0
"8547",1012410,"White",0
"8548",1142261,"Medium",0
"8549",990921,"Black",1
"8550",996926,"Black",1
"8551",997025,"White",0
"8552",1490806,"Medium",0
"8553",1021220,"White",0
"8554",840103,"Medium",0
"8555",243181,"White",0
"8556",1101440,"Medium",0
"8557",857908,"Medium",0
"8558",797284,"White",0
"8559",892169,"Medium",0
"8560",949456,"Medium",0
"8561",1084416,"White",0
"8562",822379,"White",0
"8563",1130363,"White",0
"8564",980761,"Black",1
"8565",975351,"Medium",0
"8566",938044,"Medium",0
"8567",990095,"White",0
"8568",997112,"Medium",0
"8569",901857,"Black",1
"8570",1468046,"Medium",0
"8571",759284,"White",0
"8572",1177352,"White",0
"8573",1394064,"White",0
"8574",893673,"White",0
"8575",1000671,"White",0
"8576",1404704,"Medium",0
"8577",1391752,"White",0
"8578",1010352,"White",0
"8579",1099344,"White",0
"8580",1464651,"White",0
"8581",1142599,"Medium",0
"8582",826216,"White",0
"8583",1526298,"Medium",0
"8584",1441829,"White",0
"8585",1170971,"White",0
"8586",1518971,"White",0
"8587",1593640,"White",0
"8588",1164676,"White",0
"8589",1525863,"White",0
"8590",850569,"White",0
"8591",1090194,"Medium",0
"8592",1010434,"Medium",0
"8593",1521638,"White",0
"8594",188335,"White",0
"8595",1539470,"White",0
"8596",1605665,"White",0
"8597",1548439,"White",0
"8598",1167987,"White",0
"8599",1093493,"Black",1
"8600",1542721,"Black",1
"8601",1634376,"Medium",0
"8602",1516620,"White",0
"8603",1407702,"Medium",0
"8604",1634339,"White",0
"8605",1126850,"White",0
"8606",558524,"Medium",0
"8607",1018516,"White",0
"8608",965019,"White",0
"8609",964610,"White",0
"8610",1086252,"White",0
"8611",1649918,"White",0
"8612",1214998,"White",0
"8613",1801596,"Medium",0
"8614",87370,"White",0
"8615",1804805,"White",0
"8616",1381330,"White",0
"8617",1001831,"Medium",0
"8618",897788,"White",0
"8619",867907,"Medium",0
"8620",1515554,"White",0
"8621",1084747,"White",0
"8622",1832379,"White",0
"8623",782296,"White",0
"8624",1807070,"Medium",0
"8625",1389893,"Medium",0
"8626",1019666,"Medium",0
"8627",590150,"Black",1
"8628",1542697,"White",0
"8629",1841365,"White",0
"8630",1863206,"White",0
"8631",822884,"Black",1
"8632",1806990,"Medium",0
"8633",1869106,"White",0
"8634",1860172,"Black",1
"8635",280949,"Medium",0
"8636",1092083,"White",0
"8637",1865909,"Medium",0
"8638",1001983,"Medium",0
"8639",1142246,"White",0
"8640",16508,"White",0
"8641",51340,"White",0
"8642",152734,"Black",1
"8643",552686,"Medium",0
"8644",3209,"Black",1
"8645",826201,"Black",1
"8646",40677,"White",0
"8647",794836,"White",0
"8648",106496,"White",0
"8649",816115,"Black",1
"8650",938270,"Black",1
"8651",799216,"White",0
"8652",330051,"Black",1
"8653",159701,"Black",1
"8654",965353,"Black",1
"8655",123164,"Black",1
"8656",785418,"Black",1
"8657",1005171,"Black",1
"8658",31993,"Black",1
"8659",122815,"Medium",0
"8660",880525,"Black",1
"8661",309510,"White",0
"8662",786029,"Black",1
"8663",845274,"Black",1
"8664",122811,"White",0
"8665",51299,"White",0
"8666",361314,"Medium",0
"8667",121180,"Black",1
"8668",25506,"Black",1
"8669",73979,"White",0
"8670",366760,"Black",1
"8671",14142,"White",0
"8672",831400,"White",0
"8673",812126,"Black",1
"8674",209768,"White",0
"8675",930584,"Medium",0
"8676",27622,"White",0
"8677",51665,"Medium",0
"8678",858705,"White",0
"8679",935564,"Black",1
"8680",18864,"Medium",0
"8681",840451,"Medium",0
"8682",74083,"White",0
"8683",123264,"White",0
"8684",51652,"Medium",0
"8685",324399,"White",0
"8686",846445,"White",0
"8687",312388,"Medium",0
"8688",825681,"Medium",0
"8689",155717,"White",0
"8690",791048,"White",0
"8691",16429,"Medium",0
"8692",99945,"White",0
"8693",984014,"Medium",0
"8694",26890,"White",0
"8695",834881,"Black",1
"8696",827386,"White",0
"8697",282095,"Medium",0
"8698",296434,"White",0
"8699",16460,"Black",1
"8700",857471,"White",0
"8701",24201,"Medium",0
"8702",51444,"Black",1
"8703",122922,"Black",1
"8704",829093,"Black",1
"8705",94822,"White",0
"8706",141080,"Medium",0
"8707",231946,"White",0
"8708",914660,"White",0
"8709",289977,"Medium",0
"8710",109851,"Black",1
"8711",891793,"Black",1
"8712",102291,"Medium",0
"8713",249859,"Medium",0
"8714",796279,"Black",1
"8715",923186,"Black",1
"8716",3577,"Black",1
"8717",904832,"Black",1
"8718",822877,"Medium",0
"8719",859026,"Medium",0
"8720",877978,"Black",1
"8721",39224,"White",0
"8722",369650,"White",0
"8723",860307,"Medium",0
"8724",836678,"White",0
"8725",51363,"White",0
"8726",1047364,"Black",1
"8727",46387,"Black",1
"8728",788921,"Medium",0
"8729",890329,"Black",1
"8730",191178,"Medium",0
"8731",825945,"Black",1
"8732",593546,"White",0
"8733",291695,"Black",1
"8734",44563,"Medium",0
"8735",3420,"Medium",0
"8736",5585,"Medium",0
"8737",93570,"White",0
"8738",123229,"White",0
"8739",156682,"White",0
"8740",38688,"Medium",0
"8741",149730,"Medium",0
"8742",84744,"White",0
"8743",976396,"White",0
"8744",48535,"White",0
"8745",36704,"Black",1
"8746",352664,"Medium",0
"8747",552680,"Medium",0
"8748",859027,"White",0
"8749",927975,"Black",1
"8750",906075,"White",0
"8751",155995,"Medium",0
"8752",142680,"White",0
"8753",233114,"Medium",0
"8754",96368,"White",0
"8755",352916,"Black",1
"8756",954059,"Black",1
"8757",32668,"White",0
"8758",73188,"Black",1
"8759",822703,"Black",1
"8760",122921,"White",0
"8761",359246,"Black",1
"8762",153218,"White",0
"8763",229722,"Medium",0
"8764",880775,"Black",1
"8765",802159,"Black",1
"8766",250453,"Black",1
"8767",862821,"Medium",0
"8768",356024,"Black",1
"8769",156009,"Black",1
"8770",27029,"Black",1
"8771",48335,"White",0
"8772",150212,"White",0
"8773",581314,"White",0
"8774",14216,"Medium",0
"8775",140992,"White",0
"8776",9086,"Medium",0
"8777",3579,"White",0
"8778",1006486,"Black",1
"8779",760618,"Medium",0
"8780",941161,"Black",1
"8781",74139,"Medium",0
"8782",990227,"Medium",0
"8783",862194,"Black",1
"8784",942839,"Black",1
"8785",1012657,"Black",1
"8786",794269,"Black",1
"8787",208234,"Medium",0
"8788",827140,"Black",1
"8789",27069,"White",0
"8790",283083,"White",0
"8791",911851,"Black",1
"8792",159739,"Black",1
"8793",365358,"White",0
"8794",962374,"Medium",0
"8795",988732,"White",0
"8796",825959,"White",0
"8797",178721,"Medium",0
"8798",831781,"Black",1
"8799",845750,"Black",1
"8800",789984,"Black",1
"8801",157029,"Medium",0
"8802",894733,"Black",1
"8803",816810,"White",0
"8804",227892,"White",0
"8805",855847,"White",0
"8806",827804,"White",0
"8807",37761,"Medium",0
"8808",153220,"Black",1
"8809",757730,"White",0
"8810",67308,"White",0
"8811",787827,"Black",1
"8812",991359,"Black",1
"8813",942834,"Black",1
"8814",579576,"White",0
"8815",945062,"Black",1
"8816",318963,"White",0
"8817",364618,"Black",1
"8818",119192,"Medium",0
"8819",809220,"Black",1
"8820",944164,"Medium",0
"8821",156004,"Black",1
"8822",877979,"Medium",0
"8823",806076,"Black",1
"8824",73056,"White",0
"8825",331753,"White",0
"8826",146659,"White",0
"8827",247445,"White",0
"8828",143871,"Black",1
"8829",144976,"Medium",0
"8830",606530,"White",0
"8831",51349,"White",0
"8832",546416,"Medium",0
"8833",842400,"Medium",0
"8834",307096,"Medium",0
"8835",862470,"Black",1
"8836",796082,"Black",1
"8837",16635,"Medium",0
"8838",940328,"Black",1
"8839",869839,"Medium",0
"8840",810526,"White",0
"8841",845930,"Black",1
"8842",32664,"Black",1
"8843",580642,"Medium",0
"8844",44213,"White",0
"8845",1047296,"White",0
"8846",51471,"Medium",0
"8847",861324,"White",0
"8848",990820,"Black",1
"8849",138880,"White",0
"8850",126691,"White",0
"8851",954061,"Black",1
"8852",962872,"Medium",0
"8853",329303,"Black",1
"8854",845083,"Medium",0
"8855",894238,"Medium",0
"8856",583312,"Black",1
"8857",51321,"Medium",0
"8858",294641,"Black",1
"8859",245615,"White",0
"8860",188269,"Medium",0
"8861",1048100,"Black",1
"8862",225092,"Black",1
"8863",148196,"Medium",0
"8864",328035,"White",0
"8865",124712,"Medium",0
"8866",996951,"Black",1
"8867",343955,"White",0
"8868",558522,"White",0
"8869",822878,"Black",1
"8870",51421,"White",0
"8871",881952,"Black",1
"8872",339227,"Black",1
"8873",243735,"Medium",0
"8874",930245,"Black",1
"8875",826643,"Medium",0
"8876",44860,"Medium",0
"8877",150865,"White",0
"8878",34639,"Medium",0
"8879",911857,"Black",1
"8880",346262,"Medium",0
"8881",963298,"Black",1
"8882",308130,"White",0
"8883",72805,"White",0
"8884",557166,"Black",1
"8885",122807,"White",0
"8886",51371,"White",0
"8887",143344,"Black",1
"8888",1063237,"Black",1
"8889",51640,"Medium",0
"8890",191204,"Medium",0
"8891",846439,"Black",1
"8892",785438,"Black",1
"8893",963198,"Black",1
"8894",845183,"Medium",0
"8895",844744,"White",0
"8896",1085101,"Black",1
"8897",579596,"Black",1
"8898",894396,"Black",1
"8899",977679,"Medium",0
"8900",157683,"Medium",0
"8901",1046147,"Black",1
"8902",848537,"Black",1
"8903",247665,"Medium",0
"8904",941163,"Medium",0
"8905",330063,"Medium",0
"8906",99545,"Black",1
"8907",157143,"Black",1
"8908",963300,"Black",1
"8909",974418,"Medium",0
"8910",913191,"Black",1
"8911",966923,"Black",1
"8912",358306,"Medium",0
"8913",1035695,"Black",1
"8914",884963,"Black",1
"8915",985923,"Black",1
"8916",845170,"White",0
"8917",788181,"Black",1
"8918",124802,"Black",1
"8919",855944,"White",0
"8920",66309,"Medium",0
"8921",849651,"White",0
"8922",941077,"White",0
"8923",857764,"White",0
"8924",937741,"Black",1
"8925",1023091,"Black",1
"8926",17053,"White",0
"8927",988907,"Black",1
"8928",38716,"Medium",0
"8929",156303,"White",0
"8930",1102503,"Black",1
"8931",1064307,"Medium",0
"8932",901470,"Black",1
"8933",1012643,"Medium",0
"8934",902547,"Medium",0
"8935",553454,"Black",1
"8936",907003,"Medium",0
"8937",979315,"Black",1
"8938",838688,"Medium",0
"8939",796930,"Black",1
"8940",189859,"White",0
"8941",940365,"Black",1
"8942",892104,"Medium",0
"8943",26869,"White",0
"8944",6054,"White",0
"8945",943246,"Black",1
"8946",1047931,"White",0
"8947",873534,"Black",1
"8948",1046473,"Black",1
"8949",790198,"Black",1
"8950",904990,"White",0
"8951",859021,"Black",1
"8952",581328,"Black",1
"8953",155790,"Medium",0
"8954",155718,"Medium",0
"8955",1102501,"Black",1
"8956",911843,"White",0
"8957",1113031,"Black",1
"8958",803761,"Black",1
"8959",989899,"White",0
"8960",1002623,"White",0
"8961",826211,"Medium",0
"8962",1114368,"White",0
"8963",823476,"Black",1
"8964",940993,"White",0
"8965",979311,"Medium",0
"8966",1082953,"Black",1
"8967",1102522,"Black",1
"8968",1046150,"Black",1
"8969",1048889,"Black",1
"8970",1114408,"Black",1
"8971",1122641,"White",0
"8972",1122642,"Black",1
"8973",1122638,"Black",1
"8974",1121465,"Black",1
"8975",826213,"Black",1
"8976",895306,"White",0
"8977",777153,"White",0
"8978",1003317,"White",0
"8979",100390,"White",0
"8980",340561,"White",0
"8981",363532,"Medium",0
"8982",891600,"Medium",0
"8983",234142,"Medium",0
"8984",128333,"Medium",0
"8985",930231,"Black",1
"8986",822110,"Black",1
"8987",286909,"White",0
"8988",966822,"Medium",0
"8989",798306,"White",0
"8990",342911,"Black",1
"8991",122943,"White",0
"8992",787811,"Black",1
"8993",216222,"Medium",0
"8994",333165,"Black",1
"8995",297868,"White",0
"8996",988632,"Medium",0
"8997",909318,"Black",1
"8998",339641,"Medium",0
"8999",113409,"White",0
"9000",804472,"Black",1
"9001",1049442,"Medium",0
"9002",871041,"White",0
"9003",865847,"Black",1
"9004",782240,"Black",1
"9005",831246,"Medium",0
"9006",1010126,"Black",1
"9007",595598,"White",0
"9008",910637,"Medium",0
"9009",958865,"Black",1
"9010",976001,"White",0
"9011",842098,"White",0
"9012",611876,"Black",1
"9013",1129180,"Medium",0
"9014",965893,"White",0
"9015",856744,"Black",1
"9016",991421,"Medium",0
"9017",336851,"Medium",0
"9018",940371,"Black",1
"9019",877342,"Black",1
"9020",1049515,"Black",1
"9021",785518,"Black",1
"9022",1133520,"Black",1
"9023",901361,"Black",1
"9024",1035697,"Medium",0
"9025",1129382,"Black",1
"9026",1089897,"Black",1
"9027",844942,"Black",1
"9028",913186,"Black",1
"9029",857480,"Black",1
"9030",84847,"Medium",0
"9031",877980,"Black",1
"9032",868235,"Black",1
"9033",827504,"White",0
"9034",827662,"White",0
"9035",834308,"White",0
"9036",1010227,"Medium",0
"9037",989768,"Black",1
"9038",877630,"White",0
"9039",978301,"Black",1
"9040",335747,"White",0
"9041",227862,"Black",1
"9042",842565,"Black",1
"9043",982334,"Black",1
"9044",856495,"Black",1
"9045",1141593,"Black",1
"9046",1102502,"White",0
"9047",817621,"Medium",0
"9048",842275,"Medium",0
"9049",1047321,"Black",1
"9050",948250,"Medium",0
"9051",152263,"Black",1
"9052",1131540,"White",0
"9053",540112,"Black",1
"9054",106249,"Medium",0
"9055",1130942,"Black",1
"9056",24057,"Medium",0
"9057",796403,"Black",1
"9058",328519,"Black",1
"9059",1137670,"Medium",0
"9060",893030,"Black",1
"9061",132904,"Medium",0
"9062",1130573,"Black",1
"9063",989076,"White",0
"9064",942838,"Black",1
"9065",942840,"White",0
"9066",1102099,"Black",1
"9067",878545,"Black",1
"9068",1110062,"Black",1
"9069",982319,"Black",1
"9070",1158529,"Medium",0
"9071",1168646,"Black",1
"9072",355174,"White",0
"9073",947874,"Medium",0
"9074",1156353,"Black",1
"9075",39020,"Black",1
"9076",1090694,"Medium",0
"9077",1035698,"Black",1
"9078",51455,"Black",1
"9079",851276,"Black",1
"9080",1012639,"Black",1
"9081",857002,"Black",1
"9082",796372,"Black",1
"9083",587402,"Black",1
"9084",581146,"Black",1
"9085",234150,"Medium",0
"9086",793995,"White",0
"9087",845084,"Black",1
"9088",892430,"Black",1
"9089",901827,"Medium",0
"9090",887766,"White",0
"9091",1130939,"Medium",0
"9092",319149,"White",0
"9093",360868,"Medium",0
"9094",1150445,"Black",1
"9095",1173172,"Black",1
"9096",1128532,"Black",1
"9097",845272,"Black",1
"9098",380974,"Medium",0
"9099",72998,"White",0
"9100",787782,"Medium",0
"9101",1189787,"Black",1
"9102",1170523,"Black",1
"9103",1049517,"Black",1
"9104",1153315,"Black",1
"9105",1130737,"Medium",0
"9106",1172764,"Medium",0
"9107",126879,"White",0
"9108",1197153,"Black",1
"9109",1170526,"Medium",0
"9110",158243,"White",0
"9111",963299,"White",0
"9112",13906,"Medium",0
"9113",80392,"White",0
"9114",142061,"Black",1
"9115",842744,"Black",1
"9116",23568,"Black",1
"9117",359208,"Black",1
"9118",785876,"Black",1
"9119",74061,"Medium",0
"9120",960007,"Medium",0
"9121",806520,"Black",1
"9122",1002402,"Black",1
"9123",580226,"Black",1
"9124",920008,"Medium",0
"9125",958901,"Black",1
"9126",314138,"White",0
"9127",1142672,"Medium",0
"9128",96542,"White",0
"9129",226958,"White",0
"9130",798124,"White",0
"9131",190883,"White",0
"9132",352838,"Black",1
"9133",905381,"White",0
"9134",856737,"Medium",0
"9135",862773,"Medium",0
"9136",1102504,"Black",1
"9137",1001456,"Medium",0
"9138",1092074,"White",0
"9139",928334,"White",0
"9140",96552,"White",0
"9141",1175856,"Medium",0
"9142",873551,"Medium",0
"9143",1049775,"Black",1
"9144",962408,"Black",1
"9145",329195,"Medium",0
"9146",156367,"Medium",0
"9147",197550,"Black",1
"9148",246507,"Black",1
"9149",842391,"White",0
"9150",340547,"Medium",0
"9151",101451,"White",0
"9152",827506,"White",0
"9153",1103548,"Black",1
"9154",901152,"Medium",0
"9155",826070,"White",0
"9156",978518,"Black",1
"9157",1394004,"Black",1
"9158",964795,"Medium",0
"9159",1154605,"Black",1
"9160",991200,"Black",1
"9161",879618,"Medium",0
"9162",238612,"Black",1
"9163",339231,"Medium",0
"9164",788319,"White",0
"9165",1013842,"Black",1
"9166",78352,"Medium",0
"9167",857267,"Black",1
"9168",143904,"Medium",0
"9169",284395,"Medium",0
"9170",1130986,"White",0
"9171",975834,"White",0
"9172",783278,"Medium",0
"9173",997189,"Black",1
"9174",122859,"White",0
"9175",489180,"Black",1
"9176",1087805,"Black",1
"9177",981046,"Black",1
"9178",1387157,"Medium",0
"9179",318655,"Black",1
"9180",144831,"White",0
"9181",757742,"Black",1
"9182",942844,"Black",1
"9183",1048014,"Black",1
"9184",38081,"Black",1
"9185",1102863,"Black",1
"9186",930246,"Medium",0
"9187",229598,"Medium",0
"9188",1049538,"Black",1
"9189",945830,"Medium",0
"9190",16655,"Medium",0
"9191",1389737,"Black",1
"9192",998241,"Black",1
"9193",911853,"Black",1
"9194",1049527,"Black",1
"9195",800349,"White",0
"9196",831510,"Medium",0
"9197",1138856,"White",0
"9198",1012650,"Black",1
"9199",877977,"Black",1
"9200",1133562,"White",0
"9201",556980,"Medium",0
"9202",217770,"Medium",0
"9203",1195635,"White",0
"9204",1155226,"Black",1
"9205",1135605,"White",0
"9206",798375,"White",0
"9207",1384651,"Medium",0
"9208",1407973,"Black",1
"9209",788180,"White",0
"9210",940690,"Medium",0
"9211",1105698,"Medium",0
"9212",1157829,"Black",1
"9213",1394353,"Medium",0
"9214",1407848,"Black",1
"9215",1048366,"Black",1
"9216",926995,"White",0
"9217",1131541,"Black",1
"9218",1153265,"Medium",0
"9219",1462778,"Black",1
"9220",818942,"Black",1
"9221",985934,"Black",1
"9222",1049534,"Medium",0
"9223",186017,"White",0
"9224",794412,"Medium",0
"9225",982998,"Medium",0
"9226",818986,"Medium",0
"9227",947158,"Medium",0
"9228",1002033,"Black",1
"9229",1386639,"Medium",0
"9230",1146941,"Medium",0
"9231",1152852,"Medium",0
"9232",939662,"Black",1
"9233",1129751,"White",0
"9234",981637,"Black",1
"9235",1389690,"Black",1
"9236",1469500,"Black",1
"9237",1106808,"White",0
"9238",1016948,"Black",1
"9239",369546,"White",0
"9240",1170560,"Black",1
"9241",159837,"Black",1
"9242",1020422,"Medium",0
"9243",1142673,"Black",1
"9244",1019061,"Black",1
"9245",1493253,"Black",1
"9246",1133521,"Black",1
"9247",1403127,"Black",1
"9248",1426228,"Black",1
"9249",1798845,"Black",1
"9250",1087364,"Medium",0
"9251",985933,"Black",1
"9252",1121333,"Medium",0
"9253",1188191,"Black",1
"9254",829643,"Medium",0
"9255",905352,"White",0
"9256",846425,"White",0
"9257",934510,"Medium",0
"9258",990743,"Black",1
"9259",769163,"Medium",0
"9260",868964,"White",0
"9261",876600,"Medium",0
"9262",946381,"Black",1
"9263",54308,"Black",1
"9264",1035988,"Black",1
"9265",287887,"White",0
"9266",1035986,"Black",1
"9267",992026,"Black",1
"9268",1095731,"Medium",0
"9269",541426,"White",0
"9270",1001458,"Black",1
"9271",1000442,"White",0
"9272",839112,"Black",1
"9273",20705,"White",0
"9274",809034,"Medium",0
"9275",1154630,"Black",1
"9276",878938,"Medium",0
"9277",1169436,"Medium",0
"9278",991692,"Black",1
"9279",1110705,"Black",1
"9280",1170197,"Black",1
"9281",902657,"White",0
"9282",1048333,"Black",1
"9283",1086455,"Medium",0
"9284",152813,"Black",1
"9285",858977,"Medium",0
"9286",880765,"Black",1
"9287",957279,"Black",1
"9288",1173564,"Black",1
"9289",940918,"White",0
"9290",982316,"Black",1
"9291",1174462,"White",0
"9292",1027091,"Black",1
"9293",1090319,"White",0
"9294",1049187,"White",0
"9295",1405973,"Black",1
"9296",1105970,"Medium",0
"9297",863133,"White",0
"9298",577768,"Black",1
"9299",1397569,"Black",1
"9300",875548,"Black",1
"9301",825901,"Black",1
"9302",886534,"Black",1
"9303",1463508,"Black",1
"9304",1202024,"Black",1
"9305",929620,"White",0
"9306",1382235,"White",0
"9307",1194333,"White",0
"9308",1130602,"Medium",0
"9309",884948,"Black",1
"9310",993238,"White",0
"9311",994867,"Black",1
"9312",1142233,"Black",1
"9313",1128530,"White",0
"9314",1129527,"Medium",0
"9315",998253,"White",0
"9316",980406,"Black",1
"9317",839493,"Black",1
"9318",1402751,"Black",1
"9319",909167,"Black",1
"9320",1410408,"Medium",0
"9321",1426229,"Black",1
"9322",1002357,"Black",1
"9323",986770,"White",0
"9324",1128902,"Black",1
"9325",1127313,"Medium",0
"9326",1471504,"Black",1
"9327",908714,"White",0
"9328",1445625,"Black",1
"9329",1634358,"Medium",0
"9330",1195784,"Black",1
"9331",1002458,"Black",1
"9332",1217613,"Black",1
"9333",558320,"Black",1
"9334",947458,"Medium",0
"9335",1506777,"Black",1
"9336",1405239,"Black",1
"9337",1103079,"Black",1
"9338",1218074,"Black",1
"9339",1108441,"Medium",0
"9340",1000501,"Medium",0
"9341",1067284,"White",0
"9342",953767,"White",0
"9343",1401006,"Black",1
"9344",842419,"Black",1
"9345",795261,"Medium",0
"9346",1029456,"Black",1
"9347",891508,"White",0
"9348",1405999,"Medium",0
"9349",1405985,"Black",1
"9350",1490783,"Black",1
"9351",1492676,"Black",1
"9352",849114,"White",0
"9353",123226,"White",0
"9354",1445699,"Black",1
"9355",1807613,"Black",1
"9356",1835698,"Black",1
"9357",1499870,"Black",1
"9358",1402698,"Medium",0
"9359",1218081,"Black",1
"9360",1844117,"Black",1
"9361",1859949,"Black",1
"9362",1858278,"Medium",0
"9363",1390279,"Black",1
"9364",1426226,"Medium",0
"9365",1459308,"Black",1
"9366",48716,"Medium",0
"9367",386608,"Medium",0
"9368",944892,"Medium",0
"9369",342905,"White",0
"9370",1006487,"Black",1
"9371",603740,"Black",1
"9372",1049443,"Black",1
"9373",893031,"Black",1
"9374",787792,"Medium",0
"9375",912050,"Black",1
"9376",791698,"White",0
"9377",101482,"Medium",0
"9378",963394,"Medium",0
"9379",821464,"Black",1
"9380",829337,"White",0
"9381",792440,"Medium",0
"9382",845182,"Black",1
"9383",1047439,"Black",1
"9384",305348,"Black",1
"9385",1049525,"Black",1
"9386",1007838,"Black",1
"9387",290069,"Medium",0
"9388",787806,"Black",1
"9389",988190,"Black",1
"9390",795533,"Black",1
"9391",147622,"Black",1
"9392",942215,"Medium",0
"9393",829533,"Black",1
"9394",74109,"White",0
"9395",966218,"Medium",0
"9396",102625,"Black",1
"9397",988909,"Black",1
"9398",26975,"Medium",0
"9399",39049,"Black",1
"9400",1046594,"Black",1
"9401",991336,"Medium",0
"9402",876474,"Black",1
"9403",904555,"Medium",0
"9404",164521,"White",0
"9405",829369,"Black",1
"9406",209422,"Black",1
"9407",51405,"Medium",0
"9408",115102,"Black",1
"9409",829630,"Black",1
"9410",965242,"Medium",0
"9411",986817,"Black",1
"9412",39047,"Black",1
"9413",965941,"Black",1
"9414",941665,"Medium",0
"9415",867520,"Black",1
"9416",369622,"White",0
"9417",884854,"Medium",0
"9418",802134,"White",0
"9419",863991,"Black",1
"9420",106328,"Medium",0
"9421",859033,"Black",1
"9422",794373,"Black",1
"9423",208398,"Black",1
"9424",235388,"Medium",0
"9425",785520,"White",0
"9426",247015,"Black",1
"9427",99938,"Black",1
"9428",341491,"Black",1
"9429",275959,"Black",1
"9430",187993,"Black",1
"9431",987617,"White",0
"9432",857266,"White",0
"9433",216300,"Black",1
"9434",857762,"Black",1
"9435",919512,"Black",1
"9436",794231,"Medium",0
"9437",848613,"Black",1
"9438",889414,"Black",1
"9439",174911,"Black",1
"9440",106341,"Black",1
"9441",27003,"White",0
"9442",21249,"Black",1
"9443",581308,"Medium",0
"9444",980407,"Black",1
"9445",74132,"White",0
"9446",147229,"White",0
"9447",73981,"White",0
"9448",802147,"White",0
"9449",562664,"White",0
"9450",252563,"Medium",0
"9451",989888,"Black",1
"9452",802152,"White",0
"9453",341985,"White",0
"9454",826494,"Medium",0
"9455",782960,"White",0
"9456",378728,"Black",1
"9457",216196,"Black",1
"9458",38712,"Medium",0
"9459",826505,"White",0
"9460",547488,"Medium",0
"9461",216214,"White",0
"9462",339257,"Medium",0
"9463",141079,"White",0
"9464",74839,"White",0
"9465",997341,"Black",1
"9466",980416,"White",0
"9467",478,"Black",1
"9468",826492,"White",0
"9469",199586,"Black",1
"9470",940161,"Black",1
"9471",845529,"White",0
"9472",334151,"White",0
"9473",1020722,"Medium",0
"9474",95442,"White",0
"9475",788171,"Black",1
"9476",588996,"White",0
"9477",826054,"White",0
"9478",341983,"White",0
"9479",911858,"White",0
"9480",190139,"Medium",0
"9481",845121,"Black",1
"9482",74068,"Black",1
"9483",44615,"Medium",0
"9484",845092,"Black",1
"9485",877029,"Medium",0
"9486",138281,"Black",1
"9487",944222,"Black",1
"9488",865799,"Medium",0
"9489",155743,"Black",1
"9490",579542,"Black",1
"9491",981487,"Black",1
"9492",280447,"Black",1
"9493",891505,"Black",1
"9494",1016053,"Black",1
"9495",365494,"White",0
"9496",891507,"Medium",0
"9497",238666,"Black",1
"9498",898964,"Black",1
"9499",947445,"Black",1
"9500",803574,"White",0
"9501",869085,"Black",1
"9502",386636,"White",0
"9503",386652,"Medium",0
"9504",789201,"White",0
"9505",386650,"White",0
"9506",308042,"White",0
"9507",302640,"Medium",0
"9508",871894,"White",0
"9509",988937,"Medium",0
"9510",940249,"Medium",0
"9511",859028,"White",0
"9512",798274,"Black",1
"9513",297880,"Medium",0
"9514",72818,"White",0
"9515",847869,"Black",1
"9516",305338,"Medium",0
"9517",37227,"Medium",0
"9518",156259,"Black",1
"9519",580120,"White",0
"9520",39226,"White",0
"9521",365830,"Black",1
"9522",997358,"Black",1
"9523",889052,"Black",1
"9524",258977,"Medium",0
"9525",250505,"Black",1
"9526",862001,"Black",1
"9527",341961,"Medium",0
"9528",582198,"Medium",0
"9529",122798,"White",0
"9530",932021,"Black",1
"9531",369540,"Black",1
"9532",875447,"White",0
"9533",113388,"Medium",0
"9534",958128,"Black",1
"9535",59342,"White",0
"9536",320919,"White",0
"9537",915065,"Black",1
"9538",1007842,"White",0
"9539",1007841,"Medium",0
"9540",886308,"White",0
"9541",595042,"White",0
"9542",869027,"Black",1
"9543",25553,"White",0
"9544",945941,"White",0
"9545",826605,"White",0
"9546",609242,"Black",1
"9547",829335,"White",0
"9548",332985,"Black",1
"9549",51396,"Medium",0
"9550",1015388,"Black",1
"9551",1049518,"Medium",0
"9552",895156,"Black",1
"9553",556930,"Black",1
"9554",990630,"Black",1
"9555",72836,"White",0
"9556",355004,"White",0
"9557",826503,"White",0
"9558",39021,"Medium",0
"9559",321625,"White",0
"9560",609746,"Medium",0
"9561",316024,"Black",1
"9562",74027,"Black",1
"9563",963157,"Medium",0
"9564",802146,"White",0
"9565",827692,"Black",1
"9566",14525,"Black",1
"9567",26971,"Black",1
"9568",960081,"Black",1
"9569",1005030,"Black",1
"9570",1049530,"Black",1
"9571",836631,"White",0
"9572",340563,"Black",1
"9573",123172,"Medium",0
"9574",990838,"Medium",0
"9575",214078,"Medium",0
"9576",944893,"Medium",0
"9577",1006490,"Black",1
"9578",581464,"White",0
"9579",923328,"Black",1
"9580",914700,"Black",1
"9581",170129,"White",0
"9582",821461,"Black",1
"9583",921308,"Black",1
"9584",796312,"Black",1
"9585",859029,"White",0
"9586",836681,"White",0
"9587",966492,"Black",1
"9588",823213,"Black",1
"9589",967454,"White",0
"9590",1063163,"Medium",0
"9591",945826,"Medium",0
"9592",539218,"Black",1
"9593",991645,"Black",1
"9594",881906,"White",0
"9595",10190,"Medium",0
"9596",113699,"White",0
"9597",1067444,"Medium",0
"9598",14841,"White",0
"9599",354510,"Black",1
"9600",905936,"Black",1
"9601",919027,"Medium",0
"9602",40712,"White",0
"9603",51487,"Medium",0
"9604",857409,"Medium",0
"9605",583394,"Black",1
"9606",340653,"White",0
"9607",1065848,"Black",1
"9608",609816,"White",0
"9609",988630,"Medium",0
"9610",313074,"Black",1
"9611",886288,"White",0
"9612",896596,"Black",1
"9613",984015,"Black",1
"9614",1063166,"Black",1
"9615",914653,"Black",1
"9616",893252,"Black",1
"9617",16634,"Black",1
"9618",146631,"White",0
"9619",291607,"Black",1
"9620",996499,"Black",1
"9621",859353,"Black",1
"9622",342907,"White",0
"9623",821562,"White",0
"9624",156359,"Medium",0
"9625",856905,"White",0
"9626",27027,"Black",1
"9627",1006005,"Black",1
"9628",247031,"White",0
"9629",911850,"Medium",0
"9630",157759,"White",0
"9631",99232,"Black",1
"9632",1049576,"White",0
"9633",889735,"Medium",0
"9634",72895,"White",0
"9635",886979,"Black",1
"9636",229724,"White",0
"9637",1067407,"White",0
"9638",287833,"Black",1
"9639",960079,"Black",1
"9640",297100,"Black",1
"9641",940367,"Black",1
"9642",163383,"Black",1
"9643",350358,"Black",1
"9644",914739,"White",0
"9645",1063165,"White",0
"9646",1068831,"Black",1
"9647",878283,"Medium",0
"9648",880014,"Black",1
"9649",1068822,"White",0
"9650",120443,"Medium",0
"9651",1063021,"White",0
"9652",1065865,"Black",1
"9653",845751,"Medium",0
"9654",1049532,"Medium",0
"9655",1006491,"Black",1
"9656",976398,"Black",1
"9657",986764,"Black",1
"9658",1049535,"White",0
"9659",965216,"Black",1
"9660",65952,"White",0
"9661",356474,"Medium",0
"9662",790765,"Medium",0
"9663",1085179,"Black",1
"9664",157701,"White",0
"9665",1012645,"Black",1
"9666",609226,"Black",1
"9667",953154,"Black",1
"9668",993442,"Medium",0
"9669",159697,"Black",1
"9670",141064,"White",0
"9671",988933,"Black",1
"9672",905855,"Black",1
"9673",842399,"Black",1
"9674",1082436,"Black",1
"9675",307212,"White",0
"9676",881144,"White",0
"9677",867069,"Black",1
"9678",69380,"White",0
"9679",180941,"White",0
"9680",1065669,"Black",1
"9681",361342,"Black",1
"9682",793998,"Black",1
"9683",1085187,"White",0
"9684",839717,"Black",1
"9685",308672,"White",0
"9686",146683,"Medium",0
"9687",31720,"Medium",0
"9688",846444,"Black",1
"9689",139739,"Black",1
"9690",123883,"White",0
"9691",1067405,"Black",1
"9692",234146,"White",0
"9693",896217,"White",0
"9694",802161,"White",0
"9695",944896,"Black",1
"9696",991335,"Black",1
"9697",938676,"Black",1
"9698",787352,"Black",1
"9699",1095646,"Black",1
"9700",865269,"Medium",0
"9701",363020,"Medium",0
"9702",39010,"Medium",0
"9703",1000219,"Black",1
"9704",878982,"Medium",0
"9705",1089106,"White",0
"9706",958130,"Black",1
"9707",1094603,"Black",1
"9708",943278,"Black",1
"9709",962871,"Black",1
"9710",1095834,"Black",1
"9711",1067443,"Black",1
"9712",599192,"Black",1
"9713",886305,"White",0
"9714",947931,"Black",1
"9715",850895,"Medium",0
"9716",222588,"Black",1
"9717",886358,"Medium",0
"9718",981168,"Black",1
"9719",180945,"White",0
"9720",117082,"White",0
"9721",990937,"Black",1
"9722",141072,"Medium",0
"9723",1067404,"Medium",0
"9724",1100874,"White",0
"9725",1046043,"White",0
"9726",10819,"Medium",0
"9727",831004,"Black",1
"9728",947916,"Medium",0
"9729",74318,"Black",1
"9730",553446,"White",0
"9731",1101188,"Black",1
"9732",948343,"Black",1
"9733",869834,"Black",1
"9734",1014879,"Black",1
"9735",839718,"White",0
"9736",1103039,"Black",1
"9737",1103035,"White",0
"9738",1103032,"Black",1
"9739",920754,"Black",1
"9740",591466,"Black",1
"9741",996863,"Black",1
"9742",988932,"White",0
"9743",857773,"Black",1
"9744",1108430,"White",0
"9745",927145,"White",0
"9746",846506,"Medium",0
"9747",1089022,"Black",1
"9748",797861,"Black",1
"9749",1112794,"Black",1
"9750",1068821,"Black",1
"9751",914710,"White",0
"9752",1112796,"Black",1
"9753",1112797,"Medium",0
"9754",317179,"Black",1
"9755",339399,"White",0
"9756",915067,"White",0
"9757",48531,"Black",1
"9758",1109998,"Black",1
"9759",26966,"White",0
"9760",960399,"White",0
"9761",1095724,"Medium",0
"9762",580180,"Black",1
"9763",991644,"White",0
"9764",1008381,"Black",1
"9765",990929,"Medium",0
"9766",837153,"White",0
"9767",990927,"Black",1
"9768",1119480,"Black",1
"9769",247011,"Medium",0
"9770",1120453,"Black",1
"9771",842402,"Black",1
"9772",988936,"White",0
"9773",1121331,"Black",1
"9774",1121329,"Medium",0
"9775",1121330,"White",0
"9776",1121332,"Black",1
"9777",935556,"Medium",0
"9778",988911,"Medium",0
"9779",1121317,"Medium",0
"9780",116674,"White",0
"9781",940992,"White",0
"9782",184665,"Medium",0
"9783",975594,"White",0
"9784",206264,"Black",1
"9785",374208,"Medium",0
"9786",16650,"Medium",0
"9787",373010,"White",0
"9788",975297,"White",0
"9789",232070,"White",0
"9790",1130898,"White",0
"9791",1121313,"Medium",0
"9792",759374,"Medium",0
"9793",1095645,"Black",1
"9794",865513,"White",0
"9795",1130980,"Medium",0
"9796",909988,"White",0
"9797",913188,"Black",1
"9798",802137,"White",0
"9799",1104297,"White",0
"9800",949370,"Black",1
"9801",580112,"Medium",0
"9802",991480,"Black",1
"9803",993944,"White",0
"9804",537852,"Black",1
"9805",1131059,"Medium",0
"9806",862784,"White",0
"9807",859022,"Black",1
"9808",827503,"Black",1
"9809",809485,"Black",1
"9810",1012359,"Medium",0
"9811",841253,"Black",1
"9812",1019038,"Black",1
"9813",919057,"Medium",0
"9814",1101966,"Black",1
"9815",1089927,"Black",1
"9816",991811,"Medium",0
"9817",1130987,"Black",1
"9818",885907,"Black",1
"9819",965942,"White",0
"9820",862136,"White",0
"9821",788785,"Black",1
"9822",844332,"White",0
"9823",1130985,"Medium",0
"9824",979165,"Black",1
"9825",251019,"Black",1
"9826",796023,"Black",1
"9827",993942,"Medium",0
"9828",74145,"White",0
"9829",379586,"White",0
"9830",828610,"White",0
"9831",1131793,"Medium",0
"9832",789430,"White",0
"9833",187031,"White",0
"9834",14570,"Medium",0
"9835",1102505,"Medium",0
"9836",919054,"Medium",0
"9837",1127857,"White",0
"9838",1105699,"Black",1
"9839",51623,"Black",1
"9840",1067406,"Medium",0
"9841",1136052,"Black",1
"9842",352926,"White",0
"9843",1021882,"Black",1
"9844",869845,"Black",1
"9845",859035,"Black",1
"9846",921361,"Black",1
"9847",986147,"White",0
"9848",788176,"Black",1
"9849",982324,"Black",1
"9850",286915,"White",0
"9851",859034,"Medium",0
"9852",32952,"Medium",0
"9853",965611,"Medium",0
"9854",1137328,"White",0
"9855",928326,"Black",1
"9856",753060,"White",0
"9857",227854,"Black",1
"9858",901895,"White",0
"9859",1135396,"Black",1
"9860",1067363,"Black",1
"9861",889593,"Medium",0
"9862",914738,"Black",1
"9863",805130,"Black",1
"9864",1127332,"Medium",0
"9865",869934,"Medium",0
"9866",1134428,"Medium",0
"9867",1130984,"Medium",0
"9868",940372,"White",0
"9869",886406,"White",0
"9870",1092285,"Black",1
"9871",862145,"Medium",0
"9872",1034712,"Medium",0
"9873",1131015,"Black",1
"9874",974090,"Medium",0
"9875",1154426,"White",0
"9876",1154427,"Black",1
"9877",1157703,"Black",1
"9878",914701,"Medium",0
"9879",1154433,"Black",1
"9880",1127591,"Black",1
"9881",1131803,"Black",1
"9882",1137495,"Black",1
"9883",37224,"Black",1
"9884",965605,"Black",1
"9885",1134427,"Black",1
"9886",1171474,"Medium",0
"9887",1171475,"Medium",0
"9888",1000125,"Black",1
"9889",1171466,"Medium",0
"9890",1162032,"Medium",0
"9891",962677,"Black",1
"9892",989832,"Black",1
"9893",1174293,"Black",1
"9894",1174294,"White",0
"9895",1131011,"White",0
"9896",138529,"Black",1
"9897",579698,"Black",1
"9898",1173740,"Medium",0
"9899",1165609,"White",0
"9900",1089100,"White",0
"9901",808701,"Medium",0
"9902",1177351,"Black",1
"9903",953487,"White",0
"9904",960121,"Black",1
"9905",38073,"White",0
"9906",940213,"White",0
"9907",989887,"Black",1
"9908",50530,"Black",1
"9909",991908,"Black",1
"9910",1189334,"Medium",0
"9911",1175854,"Medium",0
"9912",1018212,"Black",1
"9913",1124357,"Black",1
"9914",996974,"White",0
"9915",1131008,"White",0
"9916",831501,"Black",1
"9917",326339,"Black",1
"9918",122797,"Black",1
"9919",998872,"Black",1
"9920",1214937,"Medium",0
"9921",1213461,"Medium",0
"9922",1006485,"Black",1
"9923",1214957,"Black",1
"9924",280427,"White",0
"9925",962404,"Black",1
"9926",1106376,"Black",1
"9927",1392819,"White",0
"9928",826621,"Black",1
"9929",51446,"Medium",0
"9930",370084,"White",0
"9931",841263,"White",0
"9932",352934,"Black",1
"9933",1104025,"Medium",0
"9934",932072,"White",0
"9935",32007,"Black",1
"9936",1175995,"Black",1
"9937",814125,"Black",1
"9938",105197,"White",0
"9939",830513,"Black",1
"9940",59766,"White",0
"9941",174981,"Black",1
"9942",140923,"Black",1
"9943",141081,"Medium",0
"9944",1168618,"White",0
"9945",143803,"Medium",0
"9946",208648,"Medium",0
"9947",1014221,"Black",1
"9948",1122632,"Black",1
"9949",1170532,"Black",1
"9950",1170533,"Medium",0
"9951",1170524,"White",0
"9952",1388292,"Medium",0
"9953",1104848,"Black",1
"9954",1389882,"Black",1
"9955",1119498,"White",0
"9956",1094520,"Medium",0
"9957",802139,"White",0
"9958",942831,"Black",1
"9959",845067,"White",0
"9960",1133522,"Black",1
"9961",1104296,"Medium",0
"9962",867455,"Medium",0
"9963",322001,"White",0
"9964",1017539,"Black",1
"9965",861275,"Black",1
"9966",1392820,"White",0
"9967",989831,"Medium",0
"9968",1035771,"Black",1
"9969",1195740,"Black",1
"9970",1172936,"Medium",0
"9971",1013947,"White",0
"9972",51433,"White",0
"9973",280705,"White",0
"9974",1162103,"Black",1
"9975",818413,"Medium",0
"9976",795507,"White",0
"9977",1210561,"White",0
"9978",216978,"White",0
"9979",982318,"Black",1
"9980",984527,"Black",1
"9981",1082542,"Black",1
"9982",1014651,"White",0
"9983",1394394,"Medium",0
"9984",915570,"White",0
"9985",1394391,"Medium",0
"9986",975300,"Black",1
"9987",207666,"White",0
"9988",1803247,"Black",1
"9989",1210560,"Medium",0
"9990",1049591,"Black",1
"9991",26895,"Black",1
"9992",1046446,"White",0
"9993",1214870,"White",0
"9994",1397562,"White",0
"9995",135126,"White",0
"9996",1397582,"White",0
"9997",224010,"White",0
"9998",831185,"Black",1
"9999",1102081,"Black",1
"10000",863203,"Black",1
"10001",1197155,"Black",1
"10002",886227,"Black",1
"10003",878923,"Black",1
"10004",157030,"Black",1
"10005",1399784,"Black",1
"10006",1012646,"Black",1
"10007",1107426,"Black",1
"10008",1394414,"White",0
"10009",1397581,"White",0
"10010",1399799,"Medium",0
"10011",1049465,"Black",1
"10012",1002541,"Black",1
"10013",1400684,"Medium",0
"10014",128974,"Black",1
"10015",306198,"White",0
"10016",775019,"White",0
"10017",133610,"White",0
"10018",363042,"White",0
"10019",1405262,"Black",1
"10020",796081,"Black",1
"10021",8978,"Black",1
"10022",800348,"Black",1
"10023",940348,"Black",1
"10024",921369,"White",0
"10025",1134549,"Black",1
"10026",942832,"Black",1
"10027",848055,"Black",1
"10028",1007567,"Medium",0
"10029",918810,"White",0
"10030",118144,"Medium",0
"10031",105614,"Medium",0
"10032",1415014,"White",0
"10033",1127169,"Black",1
"10034",1391368,"Medium",0
"10035",1120387,"Black",1
"10036",1173199,"Medium",0
"10037",1397560,"White",0
"10038",941664,"White",0
"10039",1417890,"Black",1
"10040",1388324,"Black",1
"10041",857766,"Black",1
"10042",939916,"Black",1
"10043",864679,"Black",1
"10044",879673,"Black",1
"10045",136630,"White",0
"10046",1392805,"White",0
"10047",1090196,"Black",1
"10048",1175996,"White",0
"10049",1459394,"Medium",0
"10050",1392802,"Black",1
"10051",792721,"White",0
"10052",1461742,"Black",1
"10053",1389774,"Medium",0
"10054",279513,"White",0
"10055",941125,"White",0
"10056",1392806,"Medium",0
"10057",1003232,"White",0
"10058",144745,"Black",1
"10059",1216303,"White",0
"10060",1129368,"Black",1
"10061",976277,"Medium",0
"10062",1114186,"Black",1
"10063",1468764,"Black",1
"10064",1104284,"White",0
"10065",1484703,"Black",1
"10066",1392821,"Medium",0
"10067",1110904,"White",0
"10068",1486729,"Black",1
"10069",882644,"White",0
"10070",1458045,"White",0
"10071",1096714,"Black",1
"10072",1461490,"Medium",0
"10073",846473,"White",0
"10074",1172955,"Medium",0
"10075",1165696,"Medium",0
"10076",1492311,"Black",1
"10077",1216031,"Black",1
"10078",1489951,"Black",1
"10079",1493245,"Black",1
"10080",1493476,"Medium",0
"10081",1494404,"Black",1
"10082",1495561,"Black",1
"10083",980402,"Black",1
"10084",1493243,"Black",1
"10085",1046019,"White",0
"10086",1498595,"White",0
"10087",966866,"White",0
"10088",1498628,"Medium",0
"10089",1016049,"White",0
"10090",1498619,"White",0
"10091",1495559,"White",0
"10092",1495562,"White",0
"10093",1498632,"Medium",0
"10094",1498629,"Black",1
"10095",794991,"White",0
"10096",1106446,"Black",1
"10097",787903,"White",0
"10098",1000129,"Black",1
"10099",1518749,"White",0
"10100",1104854,"Black",1
"10101",1171511,"Black",1
"10102",1488382,"Medium",0
"10103",864574,"Medium",0
"10104",51473,"Black",1
"10105",822829,"Black",1
"10106",1094487,"Medium",0
"10107",999033,"Black",1
"10108",1506932,"White",0
"10109",1514916,"Black",1
"10110",379572,"Medium",0
"10111",915066,"White",0
"10112",921363,"Black",1
"10113",1006673,"Black",1
"10114",940370,"Medium",0
"10115",1457558,"Medium",0
"10116",74108,"Medium",0
"10117",1082541,"Black",1
"10118",579712,"Black",1
"10119",889143,"White",0
"10120",878683,"Medium",0
"10121",985128,"Medium",0
"10122",1392508,"Black",1
"10123",1397864,"Black",1
"10124",1389688,"Black",1
"10125",940244,"Black",1
"10126",1397883,"Black",1
"10127",885664,"White",0
"10128",1514452,"Black",1
"10129",1387156,"Black",1
"10130",904424,"Black",1
"10131",1142138,"Black",1
"10132",1512628,"Medium",0
"10133",1511908,"Black",1
"10134",282705,"White",0
"10135",1067776,"White",0
"10136",1513323,"Black",1
"10137",1426577,"Medium",0
"10138",1510865,"Medium",0
"10139",1521630,"White",0
"10140",1397914,"Black",1
"10141",1127741,"Black",1
"10142",1479070,"Black",1
"10143",1521632,"White",0
"10144",1141091,"Black",1
"10145",1099751,"Medium",0
"10146",1521634,"Medium",0
"10147",916035,"Black",1
"10148",1000160,"White",0
"10149",890385,"Black",1
"10150",864757,"Black",1
"10151",1146215,"Black",1
"10152",951949,"Black",1
"10153",1525737,"Black",1
"10154",846002,"White",0
"10155",1442036,"Black",1
"10156",1511656,"Medium",0
"10157",1133559,"Medium",0
"10158",1525744,"White",0
"10159",1507384,"Black",1
"10160",911855,"Black",1
"10161",993952,"Medium",0
"10162",309172,"Black",1
"10163",182951,"White",0
"10164",1392808,"White",0
"10165",1424605,"Medium",0
"10166",1146231,"White",0
"10167",1518401,"Black",1
"10168",1512625,"Black",1
"10169",379576,"White",0
"10170",981541,"White",0
"10171",1199052,"Black",1
"10172",927292,"Black",1
"10173",966620,"White",0
"10174",1006837,"Black",1
"10175",343619,"Medium",0
"10176",865796,"Black",1
"10177",906070,"Black",1
"10178",1400993,"Black",1
"10179",1015872,"Black",1
"10180",1409317,"Black",1
"10181",1516018,"Black",1
"10182",785633,"Medium",0
"10183",1510864,"White",0
"10184",1426220,"Black",1
"10185",1513628,"Black",1
"10186",923893,"Medium",0
"10187",40973,"White",0
"10188",1167514,"Black",1
"10189",585170,"White",0
"10190",966629,"Medium",0
"10191",910301,"Black",1
"10192",1102955,"Black",1
"10193",1523625,"Black",1
"10194",1616158,"White",0
"10195",788021,"White",0
"10196",1397888,"Black",1
"10197",1621035,"Black",1
"10198",1002470,"Black",1
"10199",1426219,"Black",1
"10200",1168647,"White",0
"10201",1518427,"White",0
"10202",1470024,"Black",1
"10203",1426243,"White",0
"10204",1426224,"Black",1
"10205",1021159,"Medium",0
"10206",963201,"Medium",0
"10207",209974,"Black",1
"10208",1638338,"Medium",0
"10209",1143141,"White",0
"10210",1126177,"Medium",0
"10211",960403,"Black",1
"10212",1596636,"Black",1
"10213",1504957,"Black",1
"10214",1516019,"Black",1
"10215",1128648,"Black",1
"10216",991360,"Black",1
"10217",789166,"Medium",0
"10218",51404,"Medium",0
"10219",1174292,"White",0
"10220",966621,"Medium",0
"10221",1126688,"White",0
"10222",1499183,"White",0
"10223",1003316,"Black",1
"10224",1516150,"Black",1
"10225",930813,"White",0
"10226",1536381,"Medium",0
"10227",1131009,"Black",1
"10228",1049185,"Black",1
"10229",1151803,"Black",1
"10230",1218519,"Black",1
"10231",1823075,"Medium",0
"10232",1107613,"Black",1
"10233",1595506,"Black",1
"10234",1835482,"White",0
"10235",1836887,"Medium",0
"10236",1971444,"White",0
"10237",1606624,"Medium",0
"10238",1507386,"White",0
"10239",1154665,"White",0
"10240",1847089,"Black",1
"10241",1847088,"Medium",0
"10242",1397862,"Medium",0
"10243",1461905,"Black",1
"10244",1855502,"Black",1
"10245",1831195,"Black",1
"10246",1170536,"Black",1
"10247",1859931,"Black",1
"10248",1095836,"Medium",0
"10249",1862437,"White",0
"10250",1191140,"Medium",0
"10251",1550065,"Black",1
"10252",1862434,"Medium",0
"10253",1831196,"Black",1
