face_name_align,race,race4,gender,age,race_scores_fair,race_scores_fair_4,gender_scores_fair,age_scores_fair
D:\Uni\Ulm\Master\Hiwi-Forschung-und-Lehre\FairFace\detected_faces\838907_face0.jpg,Latino_Hispanic,White,Male,20-29,"[1.24437675e-01 7.98215251e-03 6.74936295e-01 1.38719688e-05
 1.28819898e-04 9.90663469e-03 1.82594568e-01]",[0.7154585  0.22229871 0.00110939 0.06113334],[9.9999976e-01 1.9809994e-07],"[5.8191330e-07 1.6033842e-05 2.9663409e-03 5.3170246e-01 4.4682920e-01
 1.8387077e-02 9.7199176e-05 1.0794048e-06 8.2941227e-09]"
D:\Uni\Ulm\Master\Hiwi-Forschung-und-Lehre\FairFace\detected_faces\838912_face0.jpg,White,White,Male,20-29,"[9.97207463e-01 8.56054703e-06 6.96602161e-04 7.95655808e-07
 4.73985665e-06 1.18153175e-05 2.07000133e-03]",[9.9996680e-01 1.2642461e-05 1.4183775e-06 1.9127032e-05],[9.9993879e-01 6.1201295e-05],"[1.5489073e-08 2.2637246e-06 2.2464797e-03 7.6275474e-01 2.3022161e-01
 4.7392426e-03 3.5166944e-05 5.1260537e-07 2.0059362e-08]"
D:\Uni\Ulm\Master\Hiwi-Forschung-und-Lehre\FairFace\detected_faces\839019_face0.jpg,White,White,Male,30-39,"[9.3089777e-01 4.5390620e-06 1.3813315e-03 6.1827006e-07 5.5396899e-06
 5.4335200e-05 6.7655861e-02]",[9.9925101e-01 1.0414476e-04 8.8529421e-05 5.5633683e-04],[9.9923813e-01 7.6183106e-04],"[1.4570846e-07 7.8465291e-06 5.0616305e-04 8.0176875e-02 7.8597981e-01
 1.3223144e-01 1.0930350e-03 4.6592327e-06 8.8133824e-08]"
D:\Uni\Ulm\Master\Hiwi-Forschung-und-Lehre\FairFace\detected_faces\839110_face0.jpg,Black,Black,Male,30-39,"[5.2957978e-07 9.9997169e-01 2.1187625e-05 1.1248301e-08 6.5316323e-07
 4.9319369e-06 9.6766234e-07]",[5.5340422e-07 9.9999797e-01 7.8036879e-07 7.1943487e-07],[9.9999976e-01 2.2670825e-07],"[4.8907136e-08 1.9846314e-06 1.8948679e-03 4.5456192e-01 4.9987134e-01
 4.3042932e-02 6.1469921e-04 1.1820193e-05 3.6136549e-07]"
D:\Uni\Ulm\Master\Hiwi-Forschung-und-Lehre\FairFace\detected_faces\839156_face0.jpg,White,White,Male,20-29,"[5.9168148e-01 3.3590028e-03 1.5901339e-01 4.8614693e-05 1.7515922e-04
 5.4262776e-04 2.4517973e-01]",[9.9004877e-01 7.6827551e-03 8.8830682e-04 1.3801591e-03],[9.999993e-01 7.100553e-07],"[6.8969285e-07 1.7778568e-05 5.0572255e-03 6.9526005e-01 2.8890160e-01
 1.0656560e-02 1.0307517e-04 2.9903886e-06 3.8645428e-08]"
D:\Uni\Ulm\Master\Hiwi-Forschung-und-Lehre\FairFace\detected_faces\839223_face0.jpg,White,White,Male,20-29,"[7.2386020e-01 1.4564437e-04 5.2585118e-02 2.6236419e-04 3.2387712e-04
 4.5297449e-04 2.2236982e-01]",[9.9590415e-01 1.4085767e-03 6.0295244e-04 2.0842075e-03],[9.9999994e-01 9.7171664e-08],"[5.35238996e-06 1.92235559e-04 1.53615475e-02 8.38495433e-01
 1.43458977e-01 2.46355007e-03 2.24018695e-05 5.74751141e-07
 5.70308778e-09]"
D:\Uni\Ulm\Master\Hiwi-Forschung-und-Lehre\FairFace\detected_faces\839224_face0.jpg,Middle Eastern,White,Male,20-29,"[1.2337987e-01 6.3896307e-04 1.4191662e-01 3.7433150e-05 1.9367601e-04
 1.5818112e-02 7.1801537e-01]",[0.86492723 0.00307642 0.00139649 0.13059984],[1.00000e+00 7.76583e-09],"[2.6163173e-07 1.6926773e-05 7.0428122e-03 7.1691757e-01 2.6711735e-01
 8.8496627e-03 5.4612890e-05 7.6094710e-07 5.8724550e-09]"
D:\Uni\Ulm\Master\Hiwi-Forschung-und-Lehre\FairFace\detected_faces\839226_face0.jpg,White,White,Male,20-29,"[5.6765324e-01 1.7255654e-03 8.3728090e-02 3.4921304e-05 1.7851638e-04
 6.0189591e-04 3.4607774e-01]",[0.97569805 0.00596627 0.00316756 0.01516811],[1.0000000e+00 2.8821301e-08],"[5.2299778e-09 1.4807690e-06 4.6021519e-03 9.0959764e-01 8.5483551e-02
 3.1487009e-04 3.2429230e-07 2.0545541e-09 2.2204795e-11]"
D:\Uni\Ulm\Master\Hiwi-Forschung-und-Lehre\FairFace\detected_faces\839227_face0.jpg,White,White,Male,20-29,"[7.6106411e-01 4.0711119e-04 1.3941781e-01 1.4309424e-04 8.1325910e-04
 3.6740953e-03 9.4480507e-02]",[0.85550034 0.01301848 0.01023951 0.1212416 ],[1.000000e+00 3.163448e-08],"[4.9927996e-07 9.4020033e-05 5.6806128e-02 8.6233640e-01 7.8923486e-02
 1.8292898e-03 9.9044373e-06 2.7759287e-07 4.1497641e-09]"
D:\Uni\Ulm\Master\Hiwi-Forschung-und-Lehre\FairFace\detected_faces\839309_face0.jpg,Black,Black,Male,30-39,"[9.5541952e-07 9.9990851e-01 4.6659279e-05 1.3313650e-07 2.0766656e-06
 3.9939769e-05 1.6980991e-06]",[3.0338340e-06 9.9988788e-01 2.2643364e-05 8.6476786e-05],[0.99837726 0.0016227 ],"[5.5147689e-07 3.8691405e-06 6.7638804e-04 1.5195553e-01 6.3669848e-01
 2.0063253e-01 9.9254055e-03 1.0392336e-04 3.3890508e-06]"
D:\Uni\Ulm\Master\Hiwi-Forschung-und-Lehre\FairFace\detected_faces\839392_face0.jpg,Black,Black,Male,20-29,"[5.4699431e-05 9.9751264e-01 1.1170778e-03 9.4568941e-06 2.2087843e-04
 6.2532269e-04 4.5996654e-04]",[6.3147010e-05 9.9979597e-01 3.7073754e-05 1.0381832e-04],[0.9967852  0.00321478],"[5.0550875e-07 7.2836760e-05 2.5464220e-02 5.6466824e-01 3.8562012e-01
 2.3610661e-02 5.4700713e-04 1.5604033e-05 7.6387352e-07]"
D:\Uni\Ulm\Master\Hiwi-Forschung-und-Lehre\FairFace\detected_faces\839410_face0.jpg,White,White,Male,20-29,"[9.9939090e-01 2.5967845e-05 2.9247833e-04 6.5982982e-05 1.1638440e-04
 7.9140386e-07 1.0752616e-04]",[9.9928534e-01 6.2718194e-05 6.5065856e-04 1.3532334e-06],[9.9999440e-01 5.6413473e-06],"[5.2371388e-07 1.8193280e-04 8.4270023e-02 8.3819085e-01 7.4685752e-02
 2.6114914e-03 5.8059723e-05 1.3261838e-06 6.3267478e-08]"
D:\Uni\Ulm\Master\Hiwi-Forschung-und-Lehre\FairFace\detected_faces\839416_face0.jpg,White,White,Male,20-29,"[5.7833254e-01 1.0022613e-02 3.8052616e-01 1.2414494e-04 1.4308885e-03
 2.1723218e-03 2.7391387e-02]",[0.7741561  0.11894304 0.00559581 0.10130502],[9.992674e-01 7.326221e-04],"[6.1469041e-07 9.7573284e-05 7.8291290e-02 7.5333363e-01 1.5504952e-01
 1.2759789e-02 4.5049467e-04 1.6576687e-05 4.4591920e-07]"
D:\Uni\Ulm\Master\Hiwi-Forschung-und-Lehre\FairFace\detected_faces\839482_face0.jpg,White,White,Male,20-29,"[7.9975617e-01 1.7493252e-03 9.6605010e-02 2.5809926e-05 3.0367906e-04
 2.7001132e-03 9.8859929e-02]",[9.5550853e-01 7.3004942e-03 4.0923047e-04 3.6781695e-02],[9.9999988e-01 1.7045586e-07],"[1.0452544e-07 1.3795137e-04 1.3646114e-01 8.3198738e-01 3.1208672e-02
 2.0419559e-04 5.7545054e-07 1.5643083e-08 1.7401196e-10]"
D:\Uni\Ulm\Master\Hiwi-Forschung-und-Lehre\FairFace\detected_faces\839483_face0.jpg,Middle Eastern,White,Male,20-29,"[6.0661449e-03 4.1423380e-05 1.2049938e-02 2.7594000e-05 1.2817407e-04
 5.1094737e-04 9.8117578e-01]",[0.9404587  0.01074334 0.01126096 0.03753695],[9.9999940e-01 5.7805823e-07],"[2.1377247e-07 9.6807175e-04 3.6867109e-01 6.1825573e-01 1.1941425e-02
 1.6285150e-04 5.4051299e-07 1.8300113e-08 2.2947376e-10]"
D:\Uni\Ulm\Master\Hiwi-Forschung-und-Lehre\FairFace\detected_faces\839487_face0.jpg,White,White,Male,30-39,"[9.2400497e-01 3.2975138e-06 3.0641095e-03 2.5674680e-04 1.4972678e-04
 2.8867283e-04 7.2232492e-02]",[9.99800384e-01 1.82593135e-06 1.20171055e-04 7.76754750e-05],[9.9999762e-01 2.4411986e-06],"[3.5236233e-05 4.4907289e-04 8.3348453e-03 4.4767940e-01 5.0764400e-01
 3.5653085e-02 2.0027034e-04 4.0435393e-06 5.8038847e-08]"
D:\Uni\Ulm\Master\Hiwi-Forschung-und-Lehre\FairFace\detected_faces\839505_face0.jpg,White,White,Male,20-29,"[9.9435496e-01 2.7999638e-05 2.3850363e-03 1.0173907e-06 4.5132151e-06
 1.9107179e-05 3.2071897e-03]",[9.9998719e-01 4.5999604e-06 1.7874820e-06 6.4381907e-06],[9.9999434e-01 5.5948844e-06],"[2.7578246e-09 1.4845410e-06 3.4830574e-02 9.3954974e-01 2.5420576e-02
 1.9646865e-04 1.1439570e-06 2.0731397e-08 4.4037454e-10]"
D:\Uni\Ulm\Master\Hiwi-Forschung-und-Lehre\FairFace\detected_faces\839585_face0.jpg,Black,Black,Male,30-39,"[6.8485836e-04 9.6772999e-01 3.0094733e-02 1.6266371e-07 5.3261315e-06
 7.7993056e-04 7.0500496e-04]",[3.0657591e-03 9.9621558e-01 1.3551147e-04 5.8320776e-04],[1.0000000e+00 1.1306933e-08],"[9.3391179e-08 1.0306793e-06 1.5012841e-04 1.5932845e-01 7.7822149e-01
 6.1979506e-02 3.1762879e-04 1.7144627e-06 1.0127481e-08]"
D:\Uni\Ulm\Master\Hiwi-Forschung-und-Lehre\FairFace\detected_faces\839675_face0.jpg,White,White,Male,20-29,"[9.9975169e-01 5.8526425e-08 4.2865963e-06 5.4902682e-07 5.9031822e-07
 3.1160749e-08 2.4269156e-04]",[9.9999183e-01 3.6571182e-06 4.1940452e-06 3.8592151e-07],[9.999638e-01 3.619748e-05],"[9.0237148e-07 9.9847472e-05 4.0683549e-02 5.9394854e-01 3.4048954e-01
 2.4406757e-02 3.6452134e-04 6.1122437e-06 2.3645944e-07]"
D:\Uni\Ulm\Master\Hiwi-Forschung-und-Lehre\FairFace\detected_faces\839712_face0.jpg,White,White,Male,20-29,"[9.9943697e-01 6.7294163e-06 4.0108513e-04 3.2915875e-06 9.2682521e-06
 4.8342495e-06 1.3786147e-04]",[9.9730837e-01 1.7757417e-03 5.9646647e-04 3.1937548e-04],[9.9999970e-01 3.1267052e-07],"[1.6955127e-08 2.0083364e-06 2.2123922e-03 8.2699752e-01 1.6905053e-01
 1.7281222e-03 9.3369881e-06 5.3243738e-08 1.2298450e-09]"
D:\Uni\Ulm\Master\Hiwi-Forschung-und-Lehre\FairFace\detected_faces\839713_face0.jpg,White,White,Male,20-29,"[9.9947923e-01 3.9045440e-06 1.7169013e-04 8.4199628e-06 1.2747549e-05
 1.0506104e-06 3.2296591e-04]",[9.9972969e-01 1.8178948e-04 8.1587241e-05 6.9485595e-06],[9.999997e-01 3.449549e-07],"[4.5466727e-08 4.3050627e-06 1.2180364e-02 9.1795248e-01 6.9446027e-02
 4.1421075e-04 2.5396259e-06 3.7863618e-08 1.2790956e-09]"
D:\Uni\Ulm\Master\Hiwi-Forschung-und-Lehre\FairFace\detected_faces\839818_face0.jpg,Black,Black,Male,30-39,"[1.8939443e-07 9.9999189e-01 9.1151031e-07 8.1458812e-10 1.8953168e-08
 6.8207983e-06 8.9110074e-08]",[3.5674353e-07 9.9999762e-01 2.2606056e-07 1.7091061e-06],[9.9999744e-01 2.6026667e-06],"[1.1031924e-08 6.0534592e-07 4.0585524e-04 2.6832107e-01 6.5311164e-01
 7.6514669e-02 1.6282515e-03 1.7471011e-05 4.2022077e-07]"
D:\Uni\Ulm\Master\Hiwi-Forschung-und-Lehre\FairFace\detected_faces\839819_face0.jpg,White,White,Male,30-39,"[9.9870157e-01 1.4403495e-05 2.4767625e-04 1.1332700e-06 3.7351710e-06
 2.7190626e-06 1.0287256e-03]",[9.9692678e-01 2.9786897e-03 4.5861332e-05 4.8670434e-05],[1.0000000e+00 4.1073786e-08],"[3.7913608e-08 1.4439214e-06 5.3979713e-04 4.8184407e-01 4.9952519e-01
 1.7937429e-02 1.4951765e-04 2.4417352e-06 5.1735093e-08]"
D:\Uni\Ulm\Master\Hiwi-Forschung-und-Lehre\FairFace\detected_faces\839831_face0.jpg,Black,Black,Male,20-29,"[1.0723712e-05 9.4528538e-01 5.7727064e-04 2.0302000e-06 2.9674583e-04
 5.3762097e-02 6.5715081e-05]",[2.0390944e-04 9.2394370e-01 1.0129779e-03 7.4839443e-02],[9.9999982e-01 2.2935407e-07],"[9.8144715e-10 5.2610216e-07 4.7579226e-03 6.9333434e-01 2.9157704e-01
 1.0254510e-02 7.5045704e-05 5.9054196e-07 8.8259942e-09]"
D:\Uni\Ulm\Master\Hiwi-Forschung-und-Lehre\FairFace\detected_faces\839836_face0.jpg,Black,Black,Male,20-29,"[1.14905943e-05 9.99635518e-01 1.21549565e-04 2.82181560e-07
 3.30476450e-06 1.83191907e-04 4.46339800e-05]",[4.5662805e-06 9.9996322e-01 3.4671450e-06 2.8779861e-05],[9.9999964e-01 4.1730726e-07],"[2.1914123e-07 4.2274551e-05 2.1649910e-02 6.9987363e-01 2.4586895e-01
 3.1148478e-02 1.3714497e-03 4.4143275e-05 8.7181786e-07]"
D:\Uni\Ulm\Master\Hiwi-Forschung-und-Lehre\FairFace\detected_faces\839840_face0.jpg,White,White,Male,20-29,"[5.0522280e-01 2.2963058e-04 5.4358497e-02 6.1561579e-05 1.2686034e-04
 3.4441828e-04 4.3965629e-01]",[9.9891692e-01 2.5981406e-04 2.7440235e-04 5.4890424e-04],[9.9997896e-01 2.1006523e-05],"[5.9744437e-08 3.8303082e-05 1.4310968e-01 8.3411878e-01 2.2553045e-02
 1.7900433e-04 1.1176461e-06 4.0320838e-08 7.9707535e-10]"
D:\Uni\Ulm\Master\Hiwi-Forschung-und-Lehre\FairFace\detected_faces\839842_face0.jpg,White,White,Male,10-19,"[9.8662710e-01 1.3073873e-05 6.7976938e-04 2.0055688e-06 6.5281206e-06
 1.8926389e-06 1.2669605e-02]",[9.9945939e-01 5.1783782e-04 1.4244286e-05 8.4974054e-06],[9.9999338e-01 6.6918237e-06],"[6.3974275e-09 5.4979861e-05 5.3325105e-01 4.6397129e-01 2.6914170e-03
 3.1175816e-05 9.4453625e-08 2.0157986e-09 4.6242527e-11]"
D:\Uni\Ulm\Master\Hiwi-Forschung-und-Lehre\FairFace\detected_faces\839852_face0.jpg,White,White,Male,20-29,"[5.9109390e-01 2.0838062e-04 2.0360226e-02 8.0007441e-05 1.1563515e-04
 2.2358309e-04 3.8791826e-01]",[9.9971128e-01 1.8066724e-04 5.5999368e-05 5.2016399e-05],[9.9999982e-01 1.5003606e-07],"[6.3464535e-07 7.3140924e-05 1.2929963e-02 8.8595927e-01 1.0017963e-01
 8.5470208e-04 2.6135594e-06 6.1104110e-08 1.0181108e-09]"
D:\Uni\Ulm\Master\Hiwi-Forschung-und-Lehre\FairFace\detected_faces\839909_face0.jpg,White,White,Male,20-29,"[9.7593272e-01 1.2125261e-04 1.1791222e-02 6.5084278e-06 4.9996641e-05
 6.6417553e-05 1.2031917e-02]",[9.9926478e-01 3.6480572e-04 4.0345752e-05 3.3000618e-04],[9.999991e-01 8.792575e-07],"[1.5337031e-07 1.8553756e-05 5.5306125e-03 7.9918873e-01 1.9288221e-01
 2.3735035e-03 6.1428568e-06 8.6104933e-08 1.9963371e-09]"
D:\Uni\Ulm\Master\Hiwi-Forschung-und-Lehre\FairFace\detected_faces\839925_face0.jpg,Latino_Hispanic,Indian,Male,20-29,"[5.3234033e-02 3.1730838e-02 6.2296271e-01 4.3093387e-04 2.3354318e-03
 2.3987094e-02 2.6531893e-01]",[0.26538244 0.20982215 0.02739021 0.49740517],[9.999994e-01 5.870549e-07],"[1.9125814e-06 2.5152736e-05 3.2407669e-03 5.0851440e-01 4.3664682e-01
 5.0477188e-02 1.0574063e-03 3.5683657e-05 5.9253364e-07]"
D:\Uni\Ulm\Master\Hiwi-Forschung-und-Lehre\FairFace\detected_faces\839940_face0.jpg,White,White,Male,30-39,"[9.7017807e-01 1.5888869e-05 1.3015708e-02 4.0925602e-06 1.5476846e-05
 6.9176493e-04 1.6079092e-02]",[9.91056859e-01 1.18416305e-04 5.08615849e-05 8.77380185e-03],[9.999987e-01 1.270561e-06],"[2.0793539e-07 6.7918863e-06 8.3447313e-03 3.2051823e-01 4.3039212e-01
 2.3027825e-01 1.0361232e-02 9.7776538e-05 7.5789018e-07]"
D:\Uni\Ulm\Master\Hiwi-Forschung-und-Lehre\FairFace\detected_faces\839947_face0.jpg,Latino_Hispanic,White,Male,20-29,"[0.23584425 0.00153267 0.53406715 0.000969   0.00391278 0.01524853
 0.20842566]",[0.9786996  0.01317838 0.00268453 0.00543746],[9.9999934e-01 6.4145252e-07],"[1.2312684e-07 2.9959712e-05 2.7351741e-02 7.6935530e-01 1.9982158e-01
 3.4258298e-03 1.5220080e-05 2.2188547e-07 2.2546647e-09]"
D:\Uni\Ulm\Master\Hiwi-Forschung-und-Lehre\FairFace\detected_faces\839956_face0.jpg,White,White,Male,20-29,"[9.9984050e-01 7.2557182e-06 4.5601701e-05 5.3566773e-06 1.0797966e-05
 1.4730847e-06 8.9065514e-05]",[9.9992025e-01 6.4625174e-06 6.6568304e-05 6.7024180e-06],[9.9982667e-01 1.7328974e-04],"[1.0387315e-06 1.6197457e-05 1.4863911e-02 8.3189410e-01 1.4688188e-01
 5.9484411e-03 3.7749612e-04 1.5805863e-05 1.2173932e-06]"
D:\Uni\Ulm\Master\Hiwi-Forschung-und-Lehre\FairFace\detected_faces\839981_face0.jpg,Latino_Hispanic,Black,Male,20-29,"[3.9695259e-02 2.4540457e-01 3.7044138e-01 2.1109387e-05 6.0291984e-04
 1.4739637e-01 1.9643839e-01]",[0.23881523 0.6330823  0.00280895 0.12529346],[9.99999881e-01 1.08641466e-07],"[3.6293184e-08 8.7112494e-06 3.5800869e-03 7.0324630e-01 2.8897372e-01
 4.1813995e-03 9.5675223e-06 1.8184549e-07 1.8769464e-09]"
D:\Uni\Ulm\Master\Hiwi-Forschung-und-Lehre\FairFace\detected_faces\839982_face0.jpg,White,White,Male,30-39,"[8.7404042e-01 2.1404623e-04 5.5430394e-02 4.1972162e-05 1.6219426e-04
 2.9446660e-03 6.7166254e-02]",[9.9790114e-01 4.1920625e-04 8.7780115e-04 8.0184126e-04],[9.9999458e-01 5.4644274e-06],"[4.32091589e-08 6.44104773e-07 1.38635602e-04 1.90498203e-01
 7.69672155e-01 3.94905768e-02 1.98681882e-04 1.00691784e-06
 1.14407195e-08]"
D:\Uni\Ulm\Master\Hiwi-Forschung-und-Lehre\FairFace\detected_faces\840103_face0.jpg,Black,Black,Male,20-29,"[9.3950651e-04 9.3807250e-01 5.7398412e-02 1.7892517e-05 5.7354610e-04
 2.0526424e-03 9.4543042e-04]",[3.3199376e-05 9.9979240e-01 1.0592908e-04 6.8511210e-05],[9.9999690e-01 3.0738654e-06],"[7.3411667e-07 6.3262642e-06 5.0265542e-03 5.1025528e-01 4.2650512e-01
 5.5480726e-02 2.6615330e-03 6.2082392e-05 1.6093551e-06]"
D:\Uni\Ulm\Master\Hiwi-Forschung-und-Lehre\FairFace\detected_faces\840150_face0.jpg,Middle Eastern,Black,Male,30-39,"[3.9300448e-03 3.9732745e-01 8.7542400e-02 8.2781753e-07 3.0159741e-05
 6.2661909e-02 4.4850719e-01]",[6.6688545e-03 9.2003071e-01 3.9409223e-04 7.2906375e-02],[9.9999934e-01 6.4929412e-07],"[1.0448760e-07 7.2983098e-06 7.0353004e-04 1.5913785e-01 7.6048833e-01
 7.9132475e-02 5.2692997e-04 3.4722209e-06 3.9869480e-08]"
D:\Uni\Ulm\Master\Hiwi-Forschung-und-Lehre\FairFace\detected_faces\840217_face0.jpg,White,White,Male,40-49,"[5.7612413e-01 3.3575215e-03 3.6624196e-01 4.7547970e-04 1.6688855e-03
 6.8537067e-03 4.5278326e-02]",[0.95245403 0.02176506 0.00480379 0.02097717],[9.999440e-01 5.603341e-05],"[3.25818792e-06 2.33186329e-05 8.63441825e-03 1.62986293e-01
 3.44677538e-01 3.54170620e-01 1.24647744e-01 4.79899766e-03
 5.79180924e-05]"
D:\Uni\Ulm\Master\Hiwi-Forschung-und-Lehre\FairFace\detected_faces\840219_face0.jpg,Latino_Hispanic,White,Male,20-29,"[6.0022846e-02 3.2495165e-03 7.2072291e-01 7.5755313e-05 1.3819382e-03
 3.9825633e-02 1.7472136e-01]",[0.7918964  0.021983   0.00825224 0.17786832],[9.9999905e-01 9.6140570e-07],"[7.76827562e-07 4.02690166e-05 7.76696531e-03 5.62187731e-01
 4.20291424e-01 9.65968054e-03 5.22536102e-05 9.76751153e-07
 1.37384655e-08]"
D:\Uni\Ulm\Master\Hiwi-Forschung-und-Lehre\FairFace\detected_faces\840352_face0.jpg,White,White,Male,20-29,"[9.9966770e-01 9.3811414e-06 1.5193521e-04 2.7093523e-05 1.0434849e-04
 9.6369058e-07 3.8586320e-05]",[9.9983180e-01 9.6264623e-05 6.7172550e-05 4.7646226e-06],[9.9999976e-01 1.9114260e-07],"[3.9300463e-07 1.2539519e-05 1.1686579e-02 6.2757665e-01 3.1721351e-01
 4.0876787e-02 2.5774767e-03 5.4760785e-05 1.2174733e-06]"
D:\Uni\Ulm\Master\Hiwi-Forschung-und-Lehre\FairFace\detected_faces\840414_face0.jpg,White,White,Male,30-39,"[9.8111027e-01 2.1608221e-06 3.1630482e-04 7.9475643e-07 4.0273321e-06
 4.1242320e-06 1.8562326e-02]",[9.9916416e-01 4.8604014e-04 9.1650050e-05 2.5806334e-04],[1.0000000e+00 2.6153127e-10],"[1.7129160e-08 1.9334553e-07 1.0806607e-04 2.8771111e-01 6.7534542e-01
 3.6651693e-02 1.8194673e-04 1.4966204e-06 1.4211859e-08]"
D:\Uni\Ulm\Master\Hiwi-Forschung-und-Lehre\FairFace\detected_faces\840429_face0.jpg,Latino_Hispanic,White,Male,20-29,"[2.1439615e-01 2.5877796e-02 4.6607330e-01 2.1283409e-04 7.0916023e-04
 4.7127050e-03 2.8801799e-01]",[0.92750627 0.06625125 0.0026279  0.00361463],[9.990232e-01 9.767779e-04],"[1.0025001e-05 2.1245782e-04 1.7415769e-02 6.7248493e-01 3.0117378e-01
 8.5390788e-03 1.5501400e-04 8.7497874e-06 1.9247348e-07]"
D:\Uni\Ulm\Master\Hiwi-Forschung-und-Lehre\FairFace\detected_faces\840445_face0.jpg,White,White,Male,20-29,"[7.1770912e-01 1.5751761e-03 7.9149887e-02 2.0886195e-05 8.9590765e-05
 5.2001886e-04 2.0093532e-01]",[0.98983514 0.00392558 0.00124328 0.00499595],[9.9996394e-01 3.6033405e-05],"[7.9780733e-08 1.1145647e-05 1.7319253e-02 8.8229650e-01 9.8893121e-02
 1.4513634e-03 2.7731619e-05 8.1566543e-07 1.7853443e-08]"
D:\Uni\Ulm\Master\Hiwi-Forschung-und-Lehre\FairFace\detected_faces\840500_face0.jpg,White,White,Male,20-29,"[8.7432891e-01 9.6214426e-05 3.3350054e-02 1.5272356e-04 3.3232107e-04
 3.4295098e-04 9.1396794e-02]",[9.9797243e-01 5.5649492e-04 5.7707116e-04 8.9395366e-04],[1.0000000e+00 2.4347607e-08],"[1.6053290e-08 4.3479645e-06 9.7163953e-03 8.6109334e-01 1.2667026e-01
 2.5012642e-03 1.4220693e-05 1.7413483e-07 1.7747552e-09]"
D:\Uni\Ulm\Master\Hiwi-Forschung-und-Lehre\FairFace\detected_faces\840510_face0.jpg,White,White,Male,20-29,"[7.7092880e-01 1.4126612e-03 1.2548433e-01 6.4644832e-06 4.2807649e-05
 8.0188928e-04 1.0132303e-01]",[9.7365427e-01 2.2970987e-02 7.6825105e-05 3.2978745e-03],[9.9999982e-01 1.9432458e-07],"[1.01887167e-07 8.59059583e-06 6.84639579e-03 7.98492372e-01
 1.91321701e-01 3.31752049e-03 1.31583865e-05 1.24675225e-07
 1.35980516e-09]"
D:\Uni\Ulm\Master\Hiwi-Forschung-und-Lehre\FairFace\detected_faces\840740_face0.jpg,White,White,Male,20-29,"[7.21717596e-01 2.81547359e-03 1.58699721e-01 2.25175354e-05
 1.34812275e-04 5.10048936e-04 1.16099894e-01]",[0.935715   0.05583398 0.00165468 0.00679635],[9.9999958e-01 4.6798053e-07],"[4.0124619e-09 1.9772746e-05 1.4875579e-01 8.4341574e-01 7.7625932e-03
 4.6018740e-05 1.0392126e-07 2.1891193e-09 3.3557390e-11]"
D:\Uni\Ulm\Master\Hiwi-Forschung-und-Lehre\FairFace\detected_faces\840951_face0.jpg,Black,Black,Male,30-39,"[1.3481332e-04 9.9473375e-01 3.7721496e-03 3.7335144e-06 6.6634384e-05
 9.6731284e-04 3.2160370e-04]",[2.9759189e-05 9.9980909e-01 1.5833924e-05 1.4533263e-04],[9.9998856e-01 1.1381449e-05],"[4.4522607e-05 1.0363682e-03 5.5925054e-03 3.2813132e-01 6.1679512e-01
 4.8126534e-02 2.6657857e-04 6.7638448e-06 2.9663443e-07]"
D:\Uni\Ulm\Master\Hiwi-Forschung-und-Lehre\FairFace\detected_faces\841003_face0.jpg,Black,Black,Male,30-39,"[1.5846354e-07 9.9999273e-01 5.8622404e-06 1.9341917e-08 2.9089588e-07
 5.1671060e-07 4.8928979e-07]",[7.1235968e-07 9.9999326e-01 5.7622715e-06 2.3981585e-07],[9.9999863e-01 1.3317416e-06],"[5.8577143e-07 2.1576254e-05 2.8567866e-03 4.2275053e-01 5.1290077e-01
 6.1060376e-02 4.0389973e-04 5.0740018e-06 4.1746338e-07]"
D:\Uni\Ulm\Master\Hiwi-Forschung-und-Lehre\FairFace\detected_faces\841005_face0.jpg,White,White,Male,20-29,"[9.9562997e-01 2.8307503e-04 2.8493293e-03 8.3673091e-05 1.9372940e-04
 1.6488924e-05 9.4374432e-04]",[9.9820775e-01 8.2096277e-04 8.4229570e-04 1.2897843e-04],[9.99891639e-01 1.08326036e-04],"[1.1845352e-05 1.5048385e-03 9.2014566e-02 4.3721452e-01 3.2611081e-01
 1.2971482e-01 1.3009148e-02 4.0711954e-04 1.2298846e-05]"
D:\Uni\Ulm\Master\Hiwi-Forschung-und-Lehre\FairFace\detected_faces\841065_face0.jpg,Black,Black,Male,20-29,"[1.5059591e-05 9.9731839e-01 7.4880605e-04 9.2427086e-07 4.3026859e-05
 1.7922866e-03 8.1495564e-05]",[7.8162630e-06 9.9914694e-01 2.3071352e-05 8.2220061e-04],[9.9999994e-01 5.5637823e-08],"[6.8206312e-08 1.6551105e-05 4.7383904e-03 7.0873153e-01 2.7839214e-01
 8.0626290e-03 5.8128779e-05 5.5460572e-07 1.5567345e-08]"
D:\Uni\Ulm\Master\Hiwi-Forschung-und-Lehre\FairFace\detected_faces\841120_face0.jpg,Middle Eastern,White,Male,20-29,"[4.2364347e-01 2.7569502e-05 3.8241126e-02 1.2398537e-04 2.2031904e-04
 2.0731168e-04 5.3753620e-01]",[9.9900162e-01 1.3096984e-04 5.0473586e-04 3.6273291e-04],[1.0000000e+00 1.1557399e-08],"[4.5538839e-09 1.0428046e-05 7.1817204e-02 9.1659331e-01 1.1555434e-02
 2.3653212e-05 3.3136072e-08 5.2298665e-10 3.7746412e-12]"
D:\Uni\Ulm\Master\Hiwi-Forschung-und-Lehre\FairFace\detected_faces\841199_face0.jpg,White,White,Male,20-29,"[9.8534805e-01 1.9572888e-05 1.6364178e-03 3.4690771e-04 5.1757373e-04
 2.5373018e-05 1.2106123e-02]",[9.8617691e-01 5.1596365e-04 1.2457755e-02 8.4938260e-04],[1.0000000e+00 1.6669205e-09],"[1.17836144e-07 1.59320880e-05 2.53425795e-03 7.95929193e-01
 2.00255275e-01 1.26253127e-03 2.62746516e-06 2.97268343e-08
 3.94187794e-10]"
D:\Uni\Ulm\Master\Hiwi-Forschung-und-Lehre\FairFace\detected_faces\841399_face0.jpg,White,White,Male,20-29,"[6.5317619e-01 6.2897624e-03 1.9284907e-01 1.8434899e-02 6.0157202e-02
 3.5104711e-04 6.8741776e-02]",[0.75998634 0.04255998 0.19633348 0.00112015],[9.9999630e-01 3.7119853e-06],"[8.8617003e-07 1.1455375e-04 3.3027221e-02 8.6197782e-01 1.0294689e-01
 1.9118964e-03 2.0113324e-05 6.0157828e-07 1.5123375e-08]"
D:\Uni\Ulm\Master\Hiwi-Forschung-und-Lehre\FairFace\detected_faces\841409_face0.jpg,White,White,Male,20-29,"[8.0794686e-01 1.2651759e-03 1.2443883e-01 1.2919169e-04 2.5069067e-04
 2.1502189e-04 6.5754153e-02]",[9.7641289e-01 2.2445844e-02 9.4496639e-04 1.9629594e-04],[9.9999994e-01 8.7391584e-08],"[2.7400597e-07 3.4813682e-05 2.1171382e-02 8.3020717e-01 1.4459543e-01
 3.9526578e-03 3.7958227e-05 3.7374568e-07 4.5645510e-09]"
D:\Uni\Ulm\Master\Hiwi-Forschung-und-Lehre\FairFace\detected_faces\841802_face0.jpg,Latino_Hispanic,Black,Male,20-29,"[9.0692423e-02 2.7514039e-02 7.6277542e-01 4.5326160e-04 3.6792387e-03
 1.0825204e-01 6.6336715e-03]",[0.06548238 0.85388994 0.00476257 0.0758651 ],[9.9999917e-01 8.3531211e-07],"[1.6173376e-06 6.5684180e-05 5.6494330e-03 5.0616479e-01 4.6671581e-01
 2.1112883e-02 2.8688787e-04 2.8345853e-06 3.0256270e-08]"
D:\Uni\Ulm\Master\Hiwi-Forschung-und-Lehre\FairFace\detected_faces\841854_face0.jpg,White,White,Male,20-29,"[9.9805540e-01 5.9511781e-06 1.2939584e-03 1.9097106e-05 1.9033163e-05
 2.8853904e-06 6.0373376e-04]",[9.9909234e-01 5.9198169e-04 2.1547369e-04 1.0017225e-04],[9.9999994e-01 7.6507312e-08],"[9.5505402e-07 2.5538588e-04 6.1733287e-02 7.4644858e-01 1.8506485e-01
 6.4422172e-03 5.4335302e-05 4.4990503e-07 4.9170823e-09]"
D:\Uni\Ulm\Master\Hiwi-Forschung-und-Lehre\FairFace\detected_faces\841930_face0.jpg,White,White,Male,30-39,"[6.4902371e-01 7.4325115e-05 7.4658468e-02 7.3121185e-04 7.1151939e-04
 1.6001274e-03 2.7320063e-01]",[0.98360974 0.00170022 0.00877906 0.00591103],[9.9998474e-01 1.5268257e-05],"[2.1975395e-06 4.7743295e-05 4.2306664e-03 4.1491804e-01 5.3416258e-01
 4.6210937e-02 4.2294236e-04 4.8258171e-06 9.1268177e-08]"
D:\Uni\Ulm\Master\Hiwi-Forschung-und-Lehre\FairFace\detected_faces\841947_face0.jpg,White,White,Male,30-39,"[7.0928299e-01 1.8400908e-04 1.1180738e-01 1.1435167e-03 1.2668074e-03
 9.6503738e-04 1.7535023e-01]",[9.9508840e-01 1.2071858e-03 2.8545989e-03 8.4977521e-04],[9.9997562e-01 2.4359033e-05],"[8.3909725e-08 1.0456600e-06 6.6716515e-04 2.3447384e-01 6.9550717e-01
 6.8611801e-02 7.3410774e-04 4.7173776e-06 5.3902330e-08]"
D:\Uni\Ulm\Master\Hiwi-Forschung-und-Lehre\FairFace\detected_faces\841977_face0.jpg,White,White,Male,30-39,"[7.5600505e-01 2.6597481e-03 1.2677547e-01 9.2063412e-05 4.2891037e-04
 8.9572731e-04 1.1314301e-01]",[0.9701935  0.01185647 0.00942104 0.00852898],[1.0000000e+00 3.1065273e-08],"[3.2561078e-07 5.2214341e-06 5.3905172e-04 3.6153293e-01 6.0578859e-01
 3.1899981e-02 2.3107658e-04 2.8308673e-06 3.7205730e-08]"
D:\Uni\Ulm\Master\Hiwi-Forschung-und-Lehre\FairFace\detected_faces\842101_face0.jpg,White,White,Male,20-29,"[9.9982774e-01 1.3966009e-06 3.5477009e-05 2.2248925e-07 3.9336453e-07
 3.5136151e-07 1.3440258e-04]",[9.9999082e-01 7.8370485e-06 8.4606773e-07 4.2003433e-07],[9.999921e-01 7.943994e-06],"[1.9113484e-08 4.9614832e-06 1.2322719e-02 9.5442939e-01 3.3086050e-02
 1.5575907e-04 1.0589615e-06 1.6483376e-08 6.5994271e-10]"
D:\Uni\Ulm\Master\Hiwi-Forschung-und-Lehre\FairFace\detected_faces\842141_face0.jpg,White,White,Male,20-29,"[8.2470942e-01 5.7779103e-05 2.6113274e-02 2.2934315e-04 3.0518087e-04
 1.3081069e-03 1.4727692e-01]",[0.99309933 0.0019814  0.00299108 0.00192809],[9.999436e-01 5.636017e-05],"[1.2770138e-07 1.2904716e-05 4.7262791e-03 7.4430019e-01 2.4585824e-01
 5.0682235e-03 3.3477605e-05 5.3022757e-07 1.9429777e-08]"
D:\Uni\Ulm\Master\Hiwi-Forschung-und-Lehre\FairFace\detected_faces\842158_face0.jpg,Black,Black,Male,20-29,"[5.4267139e-07 9.9998409e-01 7.8044641e-06 3.0092928e-09 7.0662061e-08
 4.9019200e-06 2.5781576e-06]",[5.2229052e-07 9.9999344e-01 6.3812683e-07 5.4313368e-06],[9.9999994e-01 7.8835349e-08],"[2.1337311e-07 2.2861217e-04 4.1063167e-02 7.9096341e-01 1.5950625e-01
 8.1087826e-03 1.2782114e-04 1.6235384e-06 4.6292222e-08]"
D:\Uni\Ulm\Master\Hiwi-Forschung-und-Lehre\FairFace\detected_faces\842164_face0.jpg,White,White,Male,20-29,"[9.0944976e-01 1.2401343e-04 5.8136368e-03 1.6617771e-05 7.5509233e-05
 4.1912412e-05 8.4478512e-02]",[9.9467582e-01 2.8339431e-03 1.8169594e-03 6.7328505e-04],[9.9999994e-01 6.5980217e-08],"[1.9093100e-06 2.4144736e-05 2.1973003e-03 5.5482829e-01 4.3316695e-01
 9.7099990e-03 6.9286878e-05 2.1877950e-06 3.4399580e-08]"
D:\Uni\Ulm\Master\Hiwi-Forschung-und-Lehre\FairFace\detected_faces\842171_face0.jpg,East Asian,Asian,Male,30-39,"[9.9598349e-04 1.6274705e-06 2.7091866e-03 8.0351073e-01 1.9212493e-01
 5.3954002e-04 1.1799168e-04]",[1.7123773e-04 1.3283184e-06 9.9974650e-01 8.0914935e-05],[9.9999946e-01 5.4174228e-07],"[2.64358789e-07 1.13540555e-05 5.33239730e-03 4.48596150e-01
 5.17446458e-01 2.82847788e-02 3.19586776e-04 9.00178929e-06
 4.78712643e-08]"
D:\Uni\Ulm\Master\Hiwi-Forschung-und-Lehre\FairFace\detected_faces\842176_face0.jpg,White,White,Male,20-29,"[8.3890724e-01 5.6509889e-04 1.0957817e-01 3.2500080e-05 1.2348669e-04
 1.8481091e-04 5.0608564e-02]",[9.9810266e-01 1.1942895e-03 2.9540100e-04 4.0769434e-04],[9.9999952e-01 4.9919805e-07],"[3.2445275e-08 1.8235943e-06 1.2334518e-02 7.3030823e-01 2.4201676e-01
 1.5017264e-02 3.1744695e-04 3.8965145e-06 3.3008558e-08]"
D:\Uni\Ulm\Master\Hiwi-Forschung-und-Lehre\FairFace\detected_faces\842184_face0.jpg,Black,Black,Male,20-29,"[1.1267409e-06 9.9997795e-01 1.3882737e-05 3.1045000e-09 1.1625624e-07
 5.7884295e-06 1.0971911e-06]",[1.6573346e-06 9.9999666e-01 4.3376858e-07 1.1779340e-06],[1.0000000e+00 1.5624101e-08],"[2.6077402e-09 1.0557744e-06 3.7025567e-03 7.9446143e-01 1.9768579e-01
 4.1277129e-03 2.1236810e-05 2.3440373e-07 4.5081654e-09]"
D:\Uni\Ulm\Master\Hiwi-Forschung-und-Lehre\FairFace\detected_faces\842188_face0.jpg,White,White,Male,20-29,"[7.4365276e-01 1.9948767e-04 3.1156363e-02 1.8799804e-04 6.0279371e-04
 8.2593452e-04 2.2337466e-01]",[9.9502802e-01 2.3100851e-04 1.5858044e-03 3.1550992e-03],[9.999992e-01 7.746090e-07],"[5.9955177e-08 3.2996381e-06 1.3932565e-03 6.5028292e-01 3.4477425e-01
 3.5318804e-03 1.4209464e-05 1.4011691e-07 3.1113550e-09]"
D:\Uni\Ulm\Master\Hiwi-Forschung-und-Lehre\FairFace\detected_faces\842189_face0.jpg,White,White,Male,20-29,"[9.9974990e-01 1.3214182e-07 1.3727815e-05 9.7845692e-08 1.7297354e-07
 1.3999410e-07 2.3582937e-04]",[9.9994904e-01 4.2059088e-05 5.4355301e-06 3.5262756e-06],[9.9998993e-01 1.0114112e-05],"[3.8988315e-08 2.8430710e-05 2.3089107e-02 9.4589955e-01 3.0716257e-02
 2.6518566e-04 1.4033310e-06 3.2507526e-08 1.1565624e-09]"
D:\Uni\Ulm\Master\Hiwi-Forschung-und-Lehre\FairFace\detected_faces\842192_face0.jpg,Latino_Hispanic,Black,Male,20-29,"[0.05549864 0.03265634 0.592771   0.00120066 0.02471745 0.01998544
 0.27317047]",[0.29261255 0.46259597 0.05511952 0.18967192],[1.0000000e+00 1.1611988e-10],"[5.2860720e-08 2.8508186e-05 3.0278414e-02 8.7371558e-01 9.4894238e-02
 1.0785401e-03 4.5212664e-06 1.0671165e-07 7.2660478e-10]"
D:\Uni\Ulm\Master\Hiwi-Forschung-und-Lehre\FairFace\detected_faces\842202_face0.jpg,White,White,Male,20-29,"[9.9739164e-01 8.0967693e-06 7.9143632e-05 5.3349407e-08 1.8929373e-07
 9.9864383e-07 2.5199638e-03]",[9.9910241e-01 8.5090136e-04 1.7044516e-06 4.4962373e-05],[9.9995691e-01 4.3112963e-05],"[1.6584698e-08 1.9402371e-05 2.4012778e-02 9.2375004e-01 5.1786013e-02
 4.3018084e-04 1.5305711e-06 1.8608377e-08 5.5447380e-10]"
D:\Uni\Ulm\Master\Hiwi-Forschung-und-Lehre\FairFace\detected_faces\842212_face0.jpg,White,White,Male,30-39,"[8.8234752e-01 1.8158366e-04 1.0119515e-01 1.1040030e-05 3.8935523e-05
 8.3747283e-03 7.8510735e-03]",[9.92472291e-01 2.67381867e-04 1.20372206e-04 7.13998778e-03],[9.9999386e-01 6.1417873e-06],"[1.6939251e-07 5.7302432e-06 3.1459014e-04 1.9501601e-01 7.6906818e-01
 3.5541873e-02 5.3295571e-05 1.5648313e-07 1.3116942e-09]"
D:\Uni\Ulm\Master\Hiwi-Forschung-und-Lehre\FairFace\detected_faces\842215_face0.jpg,White,White,Male,30-39,"[9.7009343e-01 2.9108865e-04 2.1571351e-02 5.5102068e-05 1.7609054e-04
 3.7774098e-05 7.7751316e-03]",[9.9264449e-01 6.3661868e-03 7.1225007e-04 2.7704064e-04],[1.00000000e+00 1.04570645e-08],"[2.28881868e-06 2.47343087e-05 1.19411675e-02 2.85495281e-01
 4.00376350e-01 2.55959123e-01 4.49770093e-02 1.21937052e-03
 4.55985446e-06]"
D:\Uni\Ulm\Master\Hiwi-Forschung-und-Lehre\FairFace\detected_faces\842253_face0.jpg,Black,Black,Male,30-39,"[1.1760617e-05 9.9959803e-01 1.0126761e-04 3.0502329e-07 4.3763321e-06
 2.5167767e-04 3.2546690e-05]",[1.9364390e-05 9.9964678e-01 4.8927905e-05 2.8489437e-04],[9.9985200e-01 1.4800801e-04],"[7.4655290e-08 2.4038986e-06 1.3920043e-03 3.4350243e-01 5.3551018e-01
 1.0795562e-01 1.1413255e-02 2.1773712e-04 6.4109099e-06]"
D:\Uni\Ulm\Master\Hiwi-Forschung-und-Lehre\FairFace\detected_faces\842275_face0.jpg,White,White,Male,30-39,"[8.1086397e-01 4.5572792e-04 1.7079626e-01 1.1737632e-04 2.9660697e-04
 3.9602770e-03 1.3509899e-02]",[0.9828936  0.00169689 0.00481796 0.01059168],[9.9999970e-01 3.1736698e-07],"[6.70518929e-08 4.19292473e-06 1.64777110e-03 4.77146745e-01
 5.11577070e-01 9.61200707e-03 1.20452305e-05 8.66946763e-08
 5.61408198e-10]"
D:\Uni\Ulm\Master\Hiwi-Forschung-und-Lehre\FairFace\detected_faces\842276_face0.jpg,Black,Black,Male,20-29,"[8.3360953e-07 9.9995530e-01 2.6105579e-05 1.1419518e-08 2.8947019e-07
 1.4078683e-05 3.3592303e-06]",[1.5041522e-07 9.9999750e-01 6.0754559e-07 1.7190767e-06],[9.9999762e-01 2.4059805e-06],"[3.9121812e-08 1.4592261e-05 3.5456229e-02 8.3302629e-01 1.2565322e-01
 5.7743094e-03 7.4121417e-05 1.1624082e-06 3.0527374e-08]"
D:\Uni\Ulm\Master\Hiwi-Forschung-und-Lehre\FairFace\detected_faces\842335_face0.jpg,Black,Black,Male,20-29,"[1.8176719e-03 9.4885814e-01 2.7560797e-02 5.1994727e-04 1.4884728e-02
 6.1912113e-03 1.6739615e-04]",[0.00165917 0.87664306 0.10661662 0.01508113],[9.9996990e-01 3.0124938e-05],"[9.8846167e-06 3.1368751e-03 3.1313783e-01 5.6434447e-01 9.0405248e-02
 2.6360190e-02 2.5104890e-03 9.2835071e-05 2.2424219e-06]"
D:\Uni\Ulm\Master\Hiwi-Forschung-und-Lehre\FairFace\detected_faces\842354_face0.jpg,White,White,Male,20-29,"[8.3185530e-01 8.4254345e-05 4.3088757e-02 7.1014059e-05 1.4729511e-04
 6.4582692e-04 1.2410753e-01]",[9.9913394e-01 3.4538643e-05 3.8632622e-04 4.4513081e-04],[9.999966e-01 3.420607e-06],"[1.6030975e-07 1.4001073e-05 1.7649980e-03 7.6797241e-01 2.2867508e-01
 1.5714853e-03 1.8015484e-06 2.6896330e-08 5.3636545e-10]"
D:\Uni\Ulm\Master\Hiwi-Forschung-und-Lehre\FairFace\detected_faces\842364_face0.jpg,White,White,Male,30-39,"[9.2944604e-01 1.3563142e-04 3.8922288e-02 1.2420556e-04 2.4129750e-04
 8.8652880e-05 3.1041790e-02]",[9.9612999e-01 1.6667906e-03 5.0905679e-04 1.6941467e-03],[1.000000e+00 9.454553e-09],"[3.1719441e-08 1.0227642e-06 1.9133340e-03 4.5236373e-01 5.0090009e-01
 4.4239972e-02 5.7529169e-04 6.5366262e-06 3.6817415e-08]"
D:\Uni\Ulm\Master\Hiwi-Forschung-und-Lehre\FairFace\detected_faces\842378_face0.jpg,White,White,Male,20-29,"[0.47176093 0.00159502 0.19345468 0.00132087 0.0028261  0.00073356
 0.32830876]",[0.94900185 0.01210987 0.0250791  0.01380926],[9.9999958e-01 3.9145564e-07],"[4.9027716e-07 2.9981893e-04 2.2613205e-01 6.7505032e-01 9.3324423e-02
 5.1274006e-03 6.4589854e-05 8.7565633e-07 7.6134290e-09]"
D:\Uni\Ulm\Master\Hiwi-Forschung-und-Lehre\FairFace\detected_faces\842456_face0.jpg,Black,Black,Male,20-29,"[7.7752946e-07 9.9997640e-01 9.3152621e-06 5.7880802e-09 1.3052488e-07
 9.7763022e-06 3.6470849e-06]",[6.1377256e-07 9.9993646e-01 7.2628013e-06 5.5733963e-05],[9.999993e-01 7.301032e-07],"[2.34400113e-06 4.41735523e-04 2.10832860e-02 4.48122442e-01
 4.26203758e-01 1.00730926e-01 3.28888232e-03 1.20127064e-04
 6.51839537e-06]"
D:\Uni\Ulm\Master\Hiwi-Forschung-und-Lehre\FairFace\detected_faces\842513_face0.jpg,Black,Black,Male,40-49,"[1.3271779e-04 9.9366593e-01 4.9859723e-03 1.8655921e-05 4.9614720e-04
 6.8521459e-04 1.5309295e-05]",[1.0227052e-04 9.9891937e-01 1.8717849e-04 7.9125969e-04],[9.9999964e-01 3.7501104e-07],"[1.0203793e-06 7.6124525e-06 2.4146752e-03 1.2497291e-01 3.1126574e-01
 4.2117423e-01 1.3675284e-01 3.3292887e-03 8.1744925e-05]"
D:\Uni\Ulm\Master\Hiwi-Forschung-und-Lehre\FairFace\detected_faces\842517_face0.jpg,Middle Eastern,White,Male,30-39,"[3.9486039e-01 4.8322827e-03 1.7838643e-01 8.0878344e-05 2.4328107e-04
 1.5972073e-03 4.1999951e-01]",[0.9714988  0.01645827 0.00694544 0.00509753],[9.9999762e-01 2.3858117e-06],"[1.3756414e-06 3.7996247e-06 3.5273362e-04 2.5005558e-01 7.0874763e-01
 4.0582452e-02 2.5163937e-04 4.6846239e-06 6.5787717e-08]"
D:\Uni\Ulm\Master\Hiwi-Forschung-und-Lehre\FairFace\detected_faces\842526_face0.jpg,Black,Black,Male,30-39,"[2.0464222e-06 9.9993038e-01 2.7259650e-05 1.0970041e-08 2.3801708e-07
 3.7410140e-05 2.6489595e-06]",[4.9304213e-06 9.9972999e-01 1.9226336e-05 2.4588103e-04],[9.9999958e-01 4.4494783e-07],"[1.8701177e-08 3.4551829e-07 1.2849210e-04 1.0550461e-01 6.8602723e-01
 2.0376459e-01 4.5213122e-03 5.1621701e-05 1.8329846e-06]"
D:\Uni\Ulm\Master\Hiwi-Forschung-und-Lehre\FairFace\detected_faces\842562_face0.jpg,White,White,Male,30-39,"[9.9958932e-01 2.8164672e-07 2.0664588e-04 6.9519490e-07 1.3997239e-06
 1.8511607e-06 1.9986054e-04]",[9.9993163e-01 2.2555836e-05 1.4833580e-05 3.0931136e-05],[9.9999917e-01 8.5075902e-07],"[2.7036109e-09 2.4261143e-07 1.6688260e-04 4.2841318e-01 5.6420588e-01
 7.2075804e-03 6.2593135e-06 2.1164507e-08 2.9030622e-10]"
D:\Uni\Ulm\Master\Hiwi-Forschung-und-Lehre\FairFace\detected_faces\842582_face0.jpg,Black,Black,Male,30-39,"[1.8757241e-07 9.9999470e-01 3.5053652e-06 1.0434966e-09 1.4752556e-08
 1.4398222e-06 1.4677593e-07]",[6.0203956e-07 9.9999440e-01 5.5334789e-07 4.3996420e-06],[9.9988985e-01 1.1018366e-04],"[2.4447196e-08 1.8202213e-06 6.2468922e-04 1.7233984e-01 6.3470405e-01
 1.8809561e-01 4.1763303e-03 5.6064524e-05 1.4951457e-06]"
D:\Uni\Ulm\Master\Hiwi-Forschung-und-Lehre\FairFace\detected_faces\842591_face0.jpg,Black,Black,Male,30-39,"[1.2215465e-06 9.9998903e-01 7.1161767e-06 2.7648650e-08 1.6687201e-07
 1.3755555e-06 1.1439759e-06]",[2.4077408e-05 9.9992710e-01 1.4466275e-05 3.4408051e-05],[9.9968296e-01 3.1704488e-04],"[3.8700094e-07 1.0643683e-05 4.5899773e-04 8.4117383e-02 6.1229831e-01
 2.9651096e-01 6.5428568e-03 5.8068661e-05 2.4535186e-06]"
D:\Uni\Ulm\Master\Hiwi-Forschung-und-Lehre\FairFace\detected_faces\842709_face0.jpg,White,White,Male,20-29,"[5.8081949e-01 1.7375010e-03 2.2832432e-01 1.2890749e-04 6.5300480e-04
 3.0528926e-03 1.8528393e-01]",[0.96217597 0.00897164 0.00201694 0.02683547],[1.000000e+00 7.517603e-09],"[4.0755947e-07 1.6826130e-05 1.5611994e-03 4.9687955e-01 4.8833811e-01
 1.3168497e-02 3.4957455e-05 4.4364376e-07 3.6716834e-09]"
D:\Uni\Ulm\Master\Hiwi-Forschung-und-Lehre\FairFace\detected_faces\842718_face0.jpg,White,White,Male,20-29,"[6.6189986e-01 2.7602294e-04 1.3228953e-01 1.1656428e-03 3.1154593e-03
 2.7754766e-04 2.0097594e-01]",[9.9720544e-01 1.3084302e-03 1.2001826e-03 2.8594295e-04],[9.9998939e-01 1.0567453e-05],"[4.3858529e-07 3.5226200e-04 2.6693445e-01 6.2945992e-01 9.8455541e-02
 4.7509032e-03 4.5891320e-05 5.9500218e-07 6.1314762e-09]"
D:\Uni\Ulm\Master\Hiwi-Forschung-und-Lehre\FairFace\detected_faces\842858_face0.jpg,White,White,Male,20-29,"[9.9967313e-01 6.5627933e-06 1.4164179e-04 3.3381306e-07 1.8464472e-06
 1.2412097e-06 1.7511442e-04]",[9.9995685e-01 3.9470386e-05 1.1920072e-06 2.4638264e-06],[1.0000000e+00 1.0163967e-08],"[1.2440551e-08 1.1959878e-06 7.8087900e-04 5.7658827e-01 4.1342843e-01
 9.1626067e-03 3.8410810e-05 1.7610681e-07 2.7594396e-09]"
D:\Uni\Ulm\Master\Hiwi-Forschung-und-Lehre\FairFace\detected_faces\842867_face0.jpg,White,White,Male,20-29,"[9.9964190e-01 2.1634537e-06 1.9194114e-04 1.4803775e-06 2.6411471e-06
 6.9452858e-06 1.5299194e-04]",[9.9933898e-01 4.5940393e-04 1.9050643e-04 1.0998796e-05],[9.9999964e-01 3.7515696e-07],"[8.2190735e-07 7.1169675e-06 2.0894841e-03 5.0460988e-01 4.5418710e-01
 3.7872806e-02 1.2202443e-03 1.2086407e-05 4.7186555e-07]"
D:\Uni\Ulm\Master\Hiwi-Forschung-und-Lehre\FairFace\detected_faces\842869_face0.jpg,White,White,Male,20-29,"[7.0499462e-01 6.9954578e-04 9.2179507e-02 1.0480144e-05 9.9416044e-05
 3.2853174e-03 1.9873120e-01]",[9.9401915e-01 7.0840365e-04 2.1436939e-04 5.0580679e-03],[9.999999e-01 1.275385e-07],"[1.6272290e-07 2.6682166e-05 9.5877144e-03 7.5318205e-01 2.3235855e-01
 4.8320140e-03 1.2652990e-05 1.5123432e-07 1.1922684e-09]"
D:\Uni\Ulm\Master\Hiwi-Forschung-und-Lehre\FairFace\detected_faces\842922_face0.jpg,White,White,Male,30-39,"[7.3607260e-01 9.1616050e-05 2.9463029e-02 3.0416302e-05 8.0059071e-05
 2.0134419e-03 2.3224889e-01]",[9.6316332e-01 5.9657265e-04 5.9440086e-04 3.5645735e-02],[9.9999887e-01 1.1913188e-06],"[1.2806861e-07 7.6188303e-06 6.5257162e-04 2.8507486e-01 6.8277049e-01
 3.1430844e-02 6.3282605e-05 2.5229110e-07 2.4877462e-09]"
D:\Uni\Ulm\Master\Hiwi-Forschung-und-Lehre\FairFace\detected_faces\842931_face0.jpg,Black,Black,Male,30-39,"[4.7721869e-07 9.9998444e-01 3.4822140e-06 5.4196070e-09 3.8351924e-08
 1.0692681e-05 9.4432613e-07]",[4.4408733e-07 9.9999505e-01 1.9377162e-06 2.6191090e-06],[9.9999666e-01 3.2931082e-06],"[3.3887320e-09 5.8597649e-08 8.2984880e-05 1.7867544e-01 7.0458198e-01
 1.1482744e-01 1.8199654e-03 1.1750032e-05 3.5178715e-07]"
D:\Uni\Ulm\Master\Hiwi-Forschung-und-Lehre\FairFace\detected_faces\843083_face0.jpg,Black,Black,Male,30-39,"[3.39207691e-06 9.99758303e-01 8.64824542e-05 1.16489616e-07
 3.38478844e-06 1.32803500e-04 1.55444122e-05]",[3.0148262e-06 9.9990696e-01 6.3658381e-06 8.3699706e-05],[9.9999666e-01 3.3563172e-06],"[6.65138657e-07 1.44281175e-05 1.54480559e-03 1.70728207e-01
 6.55035555e-01 1.69470683e-01 3.17942910e-03 2.54723000e-05
 7.31882892e-07]"
D:\Uni\Ulm\Master\Hiwi-Forschung-und-Lehre\FairFace\detected_faces\843108_face0.jpg,White,White,Male,20-29,"[9.7457486e-01 1.9090296e-05 1.7278515e-02 4.5469675e-05 1.4884265e-04
 8.7749380e-05 7.8453654e-03]",[9.9918193e-01 1.8663744e-05 6.6125125e-04 1.3819653e-04],[9.999998e-01 1.835314e-07],"[2.1226018e-08 3.8591061e-05 1.8618226e-01 7.8704274e-01 2.6247166e-02
 4.8640213e-04 2.7590527e-06 3.1586918e-08 2.6490854e-10]"
D:\Uni\Ulm\Master\Hiwi-Forschung-und-Lehre\FairFace\detected_faces\843128_face0.jpg,White,White,Male,20-29,"[5.5023527e-01 2.9858074e-04 2.0137721e-01 7.6644309e-04 1.2250647e-03
 5.4833328e-04 2.4554901e-01]",[0.9786075  0.017924   0.00186369 0.00160482],[9.9999893e-01 1.0597026e-06],"[6.1922080e-08 3.8956623e-05 1.6127990e-01 8.0662489e-01 3.1773362e-02
 2.8152348e-04 1.2683498e-06 2.4532019e-08 1.7356598e-10]"
D:\Uni\Ulm\Master\Hiwi-Forschung-und-Lehre\FairFace\detected_faces\843130_face0.jpg,White,White,Male,20-29,"[9.7064155e-01 5.4449487e-05 1.3763406e-02 2.4195854e-04 5.9837161e-04
 4.4641703e-05 1.4655686e-02]",[9.9698520e-01 1.4747026e-03 8.9148944e-04 6.4858620e-04],[9.9999946e-01 5.3857576e-07],"[2.4031465e-07 4.6728615e-05 1.1598187e-01 8.2316774e-01 5.8156401e-02
 2.5677357e-03 7.7282333e-05 1.9536428e-06 2.2760878e-08]"
D:\Uni\Ulm\Master\Hiwi-Forschung-und-Lehre\FairFace\detected_faces\843132_face0.jpg,Latino_Hispanic,Black,Male,20-29,"[0.05191552 0.04521718 0.8274349  0.00230245 0.01475342 0.03392367
 0.02445282]",[0.2651973  0.37401578 0.06453176 0.29625517],[9.9999982e-01 1.7654098e-07],"[2.4902664e-07 3.0853630e-06 2.5455924e-03 6.6091472e-01 3.2664043e-01
 9.8180296e-03 7.6986937e-05 8.8773328e-07 1.1400819e-08]"
D:\Uni\Ulm\Master\Hiwi-Forschung-und-Lehre\FairFace\detected_faces\843133_face0.jpg,White,White,Male,20-29,"[9.9970829e-01 4.0817218e-07 6.3861830e-06 3.2354947e-08 1.3642737e-07
 6.4989891e-08 2.8467292e-04]",[9.9998033e-01 1.0582554e-05 2.6425389e-06 6.4723513e-06],[9.9995828e-01 4.1675034e-05],"[4.9528608e-09 1.3835519e-06 3.2813349e-03 8.7197387e-01 1.2197134e-01
 2.7421771e-03 2.9414667e-05 4.8171154e-07 1.9314751e-08]"
D:\Uni\Ulm\Master\Hiwi-Forschung-und-Lehre\FairFace\detected_faces\843156_face0.jpg,Black,Black,Male,30-39,"[5.0328927e-06 9.9536043e-01 1.5574385e-04 2.8024118e-07 1.9851416e-06
 4.4349632e-03 4.1570991e-05]",[6.0475290e-06 9.8133504e-01 1.6642945e-05 1.8642288e-02],[0.7879374  0.21206254],"[2.0706328e-05 4.2454264e-04 3.3112115e-03 6.8141706e-02 4.5832518e-01
 3.5735384e-01 1.0733285e-01 4.9624108e-03 1.2758016e-04]"
D:\Uni\Ulm\Master\Hiwi-Forschung-und-Lehre\FairFace\detected_faces\843180_face0.jpg,Latino_Hispanic,White,Male,30-39,"[0.4170061  0.00078943 0.5132811  0.0007245  0.00159158 0.00062396
 0.06598328]",[0.9796613  0.00117344 0.01345977 0.00570558],[9.9999744e-01 2.5580894e-06],"[4.7944250e-06 2.9389294e-05 4.4097272e-03 3.9314228e-01 5.5817139e-01
 4.3509182e-02 7.1331265e-04 1.9683348e-05 1.7951176e-07]"
D:\Uni\Ulm\Master\Hiwi-Forschung-und-Lehre\FairFace\detected_faces\843199_face0.jpg,Middle Eastern,White,Male,20-29,"[6.9761701e-02 1.9963267e-03 2.5906372e-01 2.1117477e-04 1.1414738e-03
 1.4465962e-02 6.5335965e-01]",[0.7970729  0.06365235 0.01999185 0.11928298],[9.999964e-01 3.587614e-06],"[1.7362643e-06 1.6431257e-04 1.3685708e-02 6.4899027e-01 3.1936947e-01
 1.7707160e-02 8.0355974e-05 9.9799354e-07 1.2347667e-08]"
D:\Uni\Ulm\Master\Hiwi-Forschung-und-Lehre\FairFace\detected_faces\843200_face0.jpg,White,White,Male,20-29,"[9.1766238e-01 2.8377512e-04 3.2077234e-02 6.1496603e-06 5.9988884e-05
 3.5830252e-04 4.9552135e-02]",[9.9070042e-01 2.7192102e-03 1.7994987e-04 6.4004781e-03],[9.9999988e-01 9.4898546e-08],"[6.0106866e-09 1.8054294e-06 3.3191927e-03 8.3769858e-01 1.5694001e-01
 2.0342851e-03 6.0145867e-06 5.9773640e-08 7.1853029e-10]"
D:\Uni\Ulm\Master\Hiwi-Forschung-und-Lehre\FairFace\detected_faces\843251_face0.jpg,Middle Eastern,White,Male,20-29,"[4.0136179e-01 4.4818327e-04 1.2884393e-01 4.5245592e-04 1.3505656e-03
 6.3520046e-03 4.6119106e-01]",[0.97277457 0.00141582 0.00160615 0.02420347],[9.9999839e-01 1.6141831e-06],"[7.4399219e-07 1.8135297e-04 3.5628017e-02 9.2748392e-01 3.6559746e-02
 1.4586769e-04 2.3739561e-07 9.2511883e-09 1.8675315e-10]"
D:\Uni\Ulm\Master\Hiwi-Forschung-und-Lehre\FairFace\detected_faces\843270_face0.jpg,White,White,Male,20-29,"[9.9784291e-01 2.4182211e-05 3.2966494e-04 5.2466260e-07 2.5918641e-06
 2.2175216e-06 1.7978977e-03]",[9.9929011e-01 5.9547782e-04 4.1104173e-05 7.3301853e-05],[9.9937534e-01 6.2465545e-04],"[9.4964371e-08 1.5346781e-05 1.0979354e-02 7.5523853e-01 2.2754875e-01
 6.1203940e-03 9.5415460e-05 2.0056173e-06 5.9107101e-08]"
D:\Uni\Ulm\Master\Hiwi-Forschung-und-Lehre\FairFace\detected_faces\843443_face0.jpg,White,White,Male,20-29,"[9.9968678e-01 7.5375645e-08 1.4847219e-04 5.9185425e-07 2.1298251e-06
 9.9847894e-06 1.5198487e-04]",[9.9994367e-01 1.0351520e-06 2.8100021e-05 2.7229600e-05],[1.000000e+00 3.314823e-08],"[2.8499414e-08 9.9843874e-06 1.7439373e-02 9.2110640e-01 6.0913723e-02
 5.2920100e-04 1.1635721e-06 5.4526645e-09 9.1914740e-11]"
D:\Uni\Ulm\Master\Hiwi-Forschung-und-Lehre\FairFace\detected_faces\843600_face0.jpg,White,White,Male,20-29,"[9.7287744e-01 1.3086677e-04 2.8738312e-03 3.7491383e-05 8.4348554e-05
 6.7357109e-06 2.3989325e-02]",[9.8525447e-01 1.4586162e-02 1.2069264e-04 3.8607363e-05],[9.9987495e-01 1.2507122e-04],"[3.3145810e-08 2.3919742e-05 8.9838378e-02 8.7401128e-01 3.5419524e-02
 7.0072908e-04 5.9968875e-06 1.1956887e-07 3.0921776e-09]"
D:\Uni\Ulm\Master\Hiwi-Forschung-und-Lehre\FairFace\detected_faces\843665_face0.jpg,Black,Black,Male,20-29,"[3.5040759e-07 9.9999344e-01 3.8877297e-06 1.8697748e-09 3.1458743e-08
 1.6867085e-06 5.7814742e-07]",[1.3583202e-07 9.9999803e-01 3.3874767e-07 1.4585605e-06],[9.999990e-01 9.949262e-07],"[5.0884019e-08 1.0291297e-05 2.9146795e-03 5.3044605e-01 4.3787557e-01
 2.8461311e-02 2.8790376e-04 3.9410788e-06 1.7421220e-07]"
D:\Uni\Ulm\Master\Hiwi-Forschung-und-Lehre\FairFace\detected_faces\843678_face0.jpg,White,White,Male,20-29,"[8.2195520e-01 2.3356294e-04 8.9417927e-02 5.5297406e-04 1.0041322e-03
 1.2130558e-03 8.5623153e-02]",[9.9576700e-01 1.1179892e-03 6.1038742e-04 2.5046612e-03],[9.9999827e-01 1.6954075e-06],"[3.0269663e-07 4.0786494e-05 9.6269390e-03 8.4795809e-01 1.4123176e-01
 1.1386746e-03 3.4655177e-06 4.9798196e-08 7.8141643e-10]"
D:\Uni\Ulm\Master\Hiwi-Forschung-und-Lehre\FairFace\detected_faces\843709_face0.jpg,White,White,Male,20-29,"[9.6281284e-01 5.5011566e-04 2.3018561e-02 1.5360618e-05 8.9034118e-05
 7.3360701e-05 1.3440805e-02]",[9.5481259e-01 4.4009261e-02 2.0299692e-04 9.7507884e-04],[1.0000000e+00 2.6207951e-08],"[1.8297739e-07 2.9890354e-05 1.7943231e-02 8.1863511e-01 1.5965636e-01
 3.7134246e-03 2.1542710e-05 2.1557742e-07 2.0016200e-09]"
D:\Uni\Ulm\Master\Hiwi-Forschung-und-Lehre\FairFace\detected_faces\843754_face0.jpg,Black,Black,Male,40-49,"[5.8557913e-07 9.9978554e-01 2.8359615e-05 6.5324009e-08 1.0501549e-06
 1.8392684e-04 4.1087989e-07]",[1.5836382e-06 9.9912626e-01 1.1306099e-05 8.6089590e-04],[9.9993885e-01 6.1169550e-05],"[5.2290142e-07 1.6718201e-05 7.7324279e-04 4.1186213e-02 3.1884363e-01
 5.2806795e-01 1.0913450e-01 1.9018697e-03 7.5365118e-05]"
D:\Uni\Ulm\Master\Hiwi-Forschung-und-Lehre\FairFace\detected_faces\843756_face0.jpg,White,White,Male,20-29,"[9.9922198e-01 2.8366239e-07 3.4190889e-05 7.0333073e-07 1.0627651e-06
 4.8913984e-07 7.4135134e-04]",[9.9999374e-01 8.5027455e-07 1.4952101e-06 3.8934122e-06],[9.9999857e-01 1.4493123e-06],"[2.7927131e-08 1.9427767e-05 1.6755978e-02 8.9817548e-01 8.4482037e-02
 5.6643854e-04 6.9088679e-07 5.7260658e-09 1.1802546e-10]"
D:\Uni\Ulm\Master\Hiwi-Forschung-und-Lehre\FairFace\detected_faces\843765_face0.jpg,Latino_Hispanic,White,Male,20-29,"[0.24553056 0.00219879 0.638672   0.00479938 0.00710343 0.00303545
 0.09866039]",[0.95787597 0.01399794 0.01835568 0.00977037],[1.0000000e+00 1.7266272e-08],"[1.1663956e-07 9.0125877e-06 5.2577280e-03 7.3085111e-01 2.5740206e-01
 6.4450554e-03 3.4374858e-05 5.5850950e-07 4.2826978e-09]"
D:\Uni\Ulm\Master\Hiwi-Forschung-und-Lehre\FairFace\detected_faces\843788_face0.jpg,White,White,Male,20-29,"[5.48134744e-01 1.87061174e-04 1.13965616e-01 8.91541276e-05
 3.08321149e-04 2.11743265e-03 3.35197717e-01]",[9.8825514e-01 2.0509357e-04 3.3197789e-03 8.2200253e-03],[9.9995446e-01 4.5550325e-05],"[6.2896936e-07 4.6256089e-05 3.1667124e-03 7.7324218e-01 2.2172515e-01
 1.8162607e-03 2.8367813e-06 4.2335447e-08 1.0046717e-09]"
D:\Uni\Ulm\Master\Hiwi-Forschung-und-Lehre\FairFace\detected_faces\843835_face0.jpg,White,White,Male,20-29,"[8.0100018e-01 6.3799904e-04 1.1836065e-01 6.5264627e-05 1.4887947e-04
 5.5853266e-04 7.9228550e-02]",[9.8926240e-01 7.1062199e-03 4.0762968e-04 3.2237323e-03],[9.9999964e-01 3.4172072e-07],"[2.2767293e-07 1.4169158e-05 7.9562906e-03 8.3966708e-01 1.4993307e-01
 2.4202939e-03 8.7374810e-06 9.3757762e-08 1.2446770e-09]"
D:\Uni\Ulm\Master\Hiwi-Forschung-und-Lehre\FairFace\detected_faces\844028_face0.jpg,Black,Black,Male,30-39,"[3.8071462e-06 9.9941540e-01 8.8672743e-05 7.7410071e-08 2.3012333e-06
 4.8677463e-04 2.9744378e-06]",[3.6539163e-06 9.9987173e-01 3.5876642e-06 1.2110473e-04],[9.999997e-01 2.523329e-07],"[7.0726380e-09 2.2274178e-07 6.2798552e-04 3.7169966e-01 5.7091630e-01
 5.5509232e-02 1.2352985e-03 1.1178503e-05 1.3415848e-07]"
D:\Uni\Ulm\Master\Hiwi-Forschung-und-Lehre\FairFace\detected_faces\844081_face0.jpg,White,White,Male,20-29,"[5.9590226e-01 1.4229658e-03 2.4242586e-01 6.4198692e-05 5.1319250e-04
 1.0452894e-03 1.5862632e-01]",[9.3739581e-01 2.4450356e-02 7.1726064e-04 3.7436564e-02],[9.999975e-01 2.518968e-06],"[4.3660856e-07 3.2316002e-05 1.3018873e-02 5.9501016e-01 3.7868661e-01
 1.3112257e-02 1.3733128e-04 2.0719392e-06 2.4115527e-08]"
D:\Uni\Ulm\Master\Hiwi-Forschung-und-Lehre\FairFace\detected_faces\844128_face0.jpg,Middle Eastern,White,Male,20-29,"[2.1524678e-01 3.4065408e-04 8.2679883e-02 1.1024128e-04 3.3711479e-04
 2.1164755e-04 7.0107365e-01]",[9.9478525e-01 2.2298316e-03 2.1802951e-03 8.0461742e-04],[9.9999905e-01 1.0079319e-06],"[2.9922969e-08 9.5853420e-06 3.4852386e-02 8.8626301e-01 7.8361318e-02
 5.1185803e-04 1.7993412e-06 3.2537162e-08 3.8588566e-10]"
D:\Uni\Ulm\Master\Hiwi-Forschung-und-Lehre\FairFace\detected_faces\844131_face0.jpg,White,White,Male,20-29,"[9.9891442e-01 3.0084627e-06 1.0854801e-04 7.3419187e-08 5.5435652e-07
 3.1731563e-06 9.7016175e-04]",[9.9868387e-01 5.6187826e-04 4.4817494e-05 7.0948002e-04],[0.9725991 0.0274009],"[1.17633874e-07 2.64542850e-05 2.82756984e-02 8.58415544e-01
 1.05898194e-01 7.13984016e-03 2.38590626e-04 5.36191283e-06
 1.79387172e-07]"
D:\Uni\Ulm\Master\Hiwi-Forschung-und-Lehre\FairFace\detected_faces\844132_face0.jpg,White,White,Male,20-29,"[4.6968660e-01 9.0663944e-04 3.9452085e-01 3.6145007e-04 8.1454107e-04
 2.9251417e-03 1.3078478e-01]",[0.84384817 0.01122972 0.01625513 0.12866698],[9.999999e-01 7.472308e-08],"[1.0737040e-08 1.3564015e-06 1.2353111e-02 9.3316799e-01 5.3970270e-02
 5.0491618e-04 2.2831273e-06 8.3432369e-08 5.9928501e-10]"
D:\Uni\Ulm\Master\Hiwi-Forschung-und-Lehre\FairFace\detected_faces\844133_face0.jpg,White,White,Male,20-29,"[9.9963725e-01 1.6259973e-07 1.2939103e-05 4.6025815e-07 7.2886763e-07
 8.1184695e-08 3.4835766e-04]",[9.9994051e-01 1.7589949e-05 3.3611697e-05 8.3020586e-06],[1.0000000e+00 1.1495293e-08],"[6.71957494e-08 5.29269710e-05 1.10537976e-01 8.70278060e-01
 1.88802015e-02 2.49230739e-04 1.48492722e-06 3.38709292e-08
 3.34701600e-10]"
D:\Uni\Ulm\Master\Hiwi-Forschung-und-Lehre\FairFace\detected_faces\844179_face0.jpg,White,White,Male,20-29,"[9.6402526e-01 3.7013870e-05 1.6726395e-02 5.8555244e-05 6.3932064e-05
 2.9602938e-05 1.9059148e-02]",[9.9929535e-01 3.0595693e-04 3.1956725e-04 7.9088546e-05],[9.999994e-01 5.522278e-07],"[1.53979443e-07 3.94682793e-05 3.07268705e-02 8.51577580e-01
 1.16089284e-01 1.56025693e-03 6.40647750e-06 4.06097307e-08
 5.53093960e-10]"
D:\Uni\Ulm\Master\Hiwi-Forschung-und-Lehre\FairFace\detected_faces\844199_face0.jpg,White,White,Male,20-29,"[8.8204437e-01 4.9579307e-04 6.4382359e-02 1.4744635e-05 7.9669931e-05
 3.3225806e-04 5.2650779e-02]",[9.8036587e-01 1.7012054e-02 7.5018150e-04 1.8718265e-03],[9.99999881e-01 1.15827426e-07],"[2.2448010e-08 7.3820945e-07 2.3093112e-03 6.0095227e-01 3.6392194e-01
 3.2132585e-02 6.7770964e-04 5.3827662e-06 4.9596668e-08]"
D:\Uni\Ulm\Master\Hiwi-Forschung-und-Lehre\FairFace\detected_faces\844203_face0.jpg,Black,Black,Male,20-29,"[5.7343909e-06 9.9985206e-01 3.3328903e-05 2.5968918e-09 1.7700610e-07
 5.3056541e-05 5.5776545e-05]",[1.0822149e-05 9.9981320e-01 1.2894172e-05 1.6302409e-04],[1.000000e+00 7.760892e-09],"[3.2952997e-07 7.7788027e-05 7.1559739e-03 5.3265280e-01 4.2857879e-01
 3.0803857e-02 7.0201047e-04 2.7924221e-05 5.3012872e-07]"
D:\Uni\Ulm\Master\Hiwi-Forschung-und-Lehre\FairFace\detected_faces\844224_face0.jpg,Latino_Hispanic,White,Male,30-39,"[1.8020564e-01 2.9899733e-04 7.4483430e-01 2.5368647e-03 2.5572910e-03
 4.2881928e-03 6.5278724e-02]",[0.95719874 0.00107069 0.02891709 0.01281342],[9.9999964e-01 3.2172704e-07],"[5.5002988e-06 1.0905513e-04 6.0583781e-03 3.1315869e-01 6.3360071e-01
 4.6601482e-02 4.6215439e-04 3.9696497e-06 2.2830173e-08]"
D:\Uni\Ulm\Master\Hiwi-Forschung-und-Lehre\FairFace\detected_faces\844234_face0.jpg,White,White,Male,20-29,"[9.9996275e-01 4.9361461e-07 8.1682483e-06 4.4165307e-07 1.5689857e-06
 1.5638182e-07 2.6297990e-05]",[9.9994379e-01 1.0183838e-05 4.3842545e-05 2.1696101e-06],[9.9996573e-01 3.4269146e-05],"[3.6535491e-06 8.8277581e-04 7.4739993e-02 6.7108124e-01 2.3477498e-01
 1.8287908e-02 2.2573915e-04 3.5584844e-06 2.4159300e-07]"
D:\Uni\Ulm\Master\Hiwi-Forschung-und-Lehre\FairFace\detected_faces\844292_face0.jpg,White,White,Male,20-29,"[9.9967963e-01 1.9970807e-07 4.5610381e-05 6.6604440e-07 1.1313698e-06
 4.7717697e-07 2.7238010e-04]",[9.9998623e-01 2.8059249e-06 3.3054216e-06 7.6192196e-06],[9.9998665e-01 1.3314551e-05],"[1.9754614e-07 4.7721609e-05 3.7735552e-02 8.9443272e-01 6.7083858e-02
 6.9780479e-04 2.1716135e-06 1.8001034e-08 6.6922401e-10]"
D:\Uni\Ulm\Master\Hiwi-Forschung-und-Lehre\FairFace\detected_faces\844388_face0.jpg,White,White,Male,20-29,"[9.4766212e-01 5.8408325e-05 7.9055782e-03 1.8805296e-05 1.1195121e-04
 3.4455469e-04 4.3898534e-02]",[9.96459424e-01 7.77294103e-04 1.22032856e-04 2.64121057e-03],[9.999492e-01 5.078366e-05],"[2.1230991e-07 1.8139688e-05 2.9443996e-03 5.7016462e-01 4.1185257e-01
 1.4923279e-02 9.6198382e-05 6.2565755e-07 1.4063368e-08]"
D:\Uni\Ulm\Master\Hiwi-Forschung-und-Lehre\FairFace\detected_faces\844409_face0.jpg,White,White,Male,20-29,"[9.7323608e-01 1.2942357e-04 3.0710569e-03 3.9667393e-05 4.2218653e-05
 2.1342426e-05 2.3460135e-02]",[9.9817502e-01 1.6497948e-03 8.6826847e-05 8.8294975e-05],[9.9999666e-01 3.3597883e-06],"[2.8083857e-06 4.0451665e-05 3.9897971e-03 7.0113099e-01 2.9107335e-01
 3.7411759e-03 2.0980915e-05 4.3865921e-07 1.1471096e-08]"
D:\Uni\Ulm\Master\Hiwi-Forschung-und-Lehre\FairFace\detected_faces\844424_face0.jpg,Black,Black,Male,30-39,"[1.6973787e-05 9.9452156e-01 1.0149576e-03 6.4681512e-07 3.5233748e-05
 4.3720300e-03 3.8633716e-05]",[1.3348312e-05 9.9291867e-01 7.1031347e-05 6.9969664e-03],[9.9999976e-01 2.0996411e-07],"[2.3146676e-07 1.8732803e-06 3.5956228e-04 1.4044727e-01 7.4228591e-01
 1.1548184e-01 1.4136607e-03 9.4513589e-06 1.8346083e-07]"
D:\Uni\Ulm\Master\Hiwi-Forschung-und-Lehre\FairFace\detected_faces\844447_face0.jpg,White,White,Male,10-19,"[9.9963099e-01 2.1264127e-07 3.8664850e-05 1.4025383e-07 3.0256430e-07
 2.5719325e-07 3.2949907e-04]",[9.9984759e-01 1.4077323e-04 9.2729297e-06 2.4219460e-06],[9.9999410e-01 5.8915975e-06],"[5.0856244e-07 2.4499942e-03 6.3870698e-01 3.5463288e-01 4.1739470e-03
 3.5555939e-05 9.2695544e-08 1.6174871e-09 8.5906164e-11]"
D:\Uni\Ulm\Master\Hiwi-Forschung-und-Lehre\FairFace\detected_faces\844480_face0.jpg,Latino_Hispanic,White,Male,20-29,"[0.31451127 0.00178301 0.5974978  0.00108734 0.00340451 0.00937261
 0.07234336]",[0.75564593 0.04405587 0.04330359 0.1569946 ],[9.999999e-01 5.015787e-08],"[7.4554109e-08 2.6814150e-06 5.4250071e-03 5.6912440e-01 3.9963341e-01
 2.5516953e-02 2.9552440e-04 1.9265624e-06 1.1047069e-08]"
D:\Uni\Ulm\Master\Hiwi-Forschung-und-Lehre\FairFace\detected_faces\844483_face0.jpg,Middle Eastern,White,Male,20-29,"[2.1502164e-01 1.5388149e-03 1.6481818e-01 1.5426287e-05 1.2579816e-04
 6.8514299e-04 6.1779499e-01]",[9.298529e-01 6.521240e-02 5.459123e-04 4.388763e-03],[9.9999875e-01 1.2889183e-06],"[1.8021163e-07 1.6435097e-05 3.7642380e-03 7.2537225e-01 2.6738793e-01
 3.4477455e-03 1.1093933e-05 1.2859778e-07 1.7891478e-09]"
D:\Uni\Ulm\Master\Hiwi-Forschung-und-Lehre\FairFace\detected_faces\844498_face0.jpg,White,White,Male,20-29,"[6.4510798e-01 2.2870240e-04 2.9466546e-01 9.3865739e-05 2.1078851e-04
 5.7186309e-04 5.9121549e-02]",[0.9944714  0.0014133  0.00282782 0.00128749],[9.9999988e-01 1.4178705e-07],"[1.0608173e-06 9.5984439e-04 3.4728909e-01 6.2640703e-01 2.4803150e-02
 5.3691620e-04 2.9171479e-06 5.3802715e-08 6.2139333e-10]"
D:\Uni\Ulm\Master\Hiwi-Forschung-und-Lehre\FairFace\detected_faces\844609_face0.jpg,White,White,Male,20-29,"[9.81105506e-01 1.55789941e-03 5.83615433e-03 6.26181816e-07
 5.73908392e-06 1.01105245e-04 1.13929622e-02]",[9.9053872e-01 7.6451497e-03 9.0663343e-05 1.7254928e-03],[1.0000000e+00 3.2583962e-08],"[1.4231857e-08 7.2751800e-07 3.7146683e-04 6.9482297e-01 3.0223197e-01
 2.5681108e-03 4.7001199e-06 3.6200458e-08 7.3863937e-10]"
D:\Uni\Ulm\Master\Hiwi-Forschung-und-Lehre\FairFace\detected_faces\844612_face0.jpg,White,White,Male,20-29,"[9.9531120e-01 4.2479155e-06 3.6226396e-04 9.7620557e-07 4.6375103e-06
 6.3561092e-06 4.3103788e-03]",[9.9989688e-01 9.6602507e-06 1.0572569e-05 8.2883329e-05],[9.9999577e-01 4.2318075e-06],"[9.5626689e-09 6.0235931e-07 8.5284322e-04 5.8754146e-01 3.9432952e-01
 1.7148461e-02 1.2575237e-04 1.3897119e-06 3.0455464e-08]"
D:\Uni\Ulm\Master\Hiwi-Forschung-und-Lehre\FairFace\detected_faces\844625_face0.jpg,Black,Black,Male,30-39,"[3.2324301e-06 9.9945432e-01 3.7994261e-05 3.3049116e-07 2.5772058e-06
 4.9946900e-04 2.0794434e-06]",[5.3479580e-06 9.9741471e-01 1.4440098e-04 2.4355720e-03],[9.9995941e-01 4.0602554e-05],"[8.5323893e-07 1.5861726e-05 1.6353931e-03 2.3444125e-01 5.4691195e-01
 2.0744215e-01 9.3509387e-03 1.9235950e-04 9.2796936e-06]"
D:\Uni\Ulm\Master\Hiwi-Forschung-und-Lehre\FairFace\detected_faces\844634_face0.jpg,Black,Black,Male,20-29,"[7.4786432e-05 9.9740928e-01 2.3701591e-03 6.1812494e-07 2.2846934e-05
 9.1965674e-05 3.0329329e-05]",[6.1220030e-06 9.9996042e-01 5.9512872e-06 2.7461125e-05],[9.9998665e-01 1.3380927e-05],"[6.2065666e-08 6.1348787e-06 3.0717943e-02 9.0930367e-01 5.8772881e-02
 1.1868358e-03 1.2117823e-05 3.3112474e-07 1.2383196e-08]"
D:\Uni\Ulm\Master\Hiwi-Forschung-und-Lehre\FairFace\detected_faces\844637_face0.jpg,Middle Eastern,White,Male,30-39,"[3.6893079e-01 1.1361705e-03 7.9761401e-02 2.2941644e-05 7.2515286e-05
 7.9833977e-03 5.4209274e-01]",[9.8877275e-01 2.5382740e-03 5.6493655e-04 8.1240050e-03],[9.998518e-01 1.481663e-04],"[8.57432099e-08 1.10869883e-06 2.07990917e-04 1.49130732e-01
 8.01334202e-01 4.91702892e-02 1.54543319e-04 1.03476020e-06
 1.20860415e-08]"
D:\Uni\Ulm\Master\Hiwi-Forschung-und-Lehre\FairFace\detected_faces\844669_face0.jpg,Black,Black,Male,20-29,"[1.9321704e-02 7.6218754e-01 1.7175667e-01 3.2694449e-04 3.4152872e-03
 3.6805437e-03 3.9311253e-02]",[0.01372273 0.9785907  0.00610456 0.00158197],[1.0000000e+00 2.3153817e-08],"[1.7862301e-07 4.9537080e-05 4.7047161e-02 8.6610675e-01 8.4970780e-02
 1.8108035e-03 1.4495742e-05 2.7865349e-07 4.8030562e-09]"
D:\Uni\Ulm\Master\Hiwi-Forschung-und-Lehre\FairFace\detected_faces\844670_face0.jpg,Black,Black,Male,20-29,"[1.7515419e-03 9.0778077e-01 5.9572577e-02 6.4661103e-06 1.6978293e-04
 7.5755478e-03 2.3143239e-02]",[2.7909383e-04 9.9929082e-01 8.4402709e-05 3.4568965e-04],[9.9997306e-01 2.6916745e-05],"[2.1734343e-06 3.5452576e-05 5.0483570e-03 5.8247226e-01 3.9948666e-01
 1.2831501e-02 1.2118098e-04 2.3087994e-06 7.2845552e-08]"
D:\Uni\Ulm\Master\Hiwi-Forschung-und-Lehre\FairFace\detected_faces\844752_face0.jpg,White,White,Male,20-29,"[8.0855507e-01 4.7753113e-03 1.0271191e-01 2.4780706e-05 8.2832186e-05
 3.5291144e-03 8.0320992e-02]",[9.9279851e-01 6.4313267e-03 5.6176261e-05 7.1403245e-04],[9.9999303e-01 6.9921116e-06],"[9.0839285e-07 4.1141433e-05 2.6946452e-03 5.0891006e-01 4.7051385e-01
 1.7699691e-02 1.3816994e-04 1.5109309e-06 2.2364443e-08]"
D:\Uni\Ulm\Master\Hiwi-Forschung-und-Lehre\FairFace\detected_faces\844842_face0.jpg,Black,Black,Male,30-39,"[2.3486814e-06 9.9941403e-01 3.2769760e-05 4.0882108e-07 9.3837880e-06
 5.3983141e-04 1.2330707e-06]",[3.1465829e-06 9.9959272e-01 3.6355836e-05 3.6777946e-04],[9.9984825e-01 1.5175284e-04],"[6.9233450e-09 4.7948788e-07 7.8944204e-04 2.3824014e-01 6.1784184e-01
 1.3568607e-01 7.3202248e-03 1.1790101e-04 3.8392541e-06]"
D:\Uni\Ulm\Master\Hiwi-Forschung-und-Lehre\FairFace\detected_faces\844858_face0.jpg,Black,Black,Male,30-39,"[3.7428936e-06 9.9995655e-01 2.9807425e-05 1.1144845e-07 1.9896281e-06
 7.0462938e-06 9.0032756e-07]",[1.1280325e-06 9.9998832e-01 6.9393636e-06 3.5148055e-06],[9.9999905e-01 9.4605656e-07],"[1.41594825e-08 2.10599069e-07 4.39751195e-04 3.67570102e-01
 5.59021771e-01 7.05796480e-02 2.37615942e-03 1.19311599e-05
 4.37828305e-07]"
D:\Uni\Ulm\Master\Hiwi-Forschung-und-Lehre\FairFace\detected_faces\844871_face0.jpg,White,White,Male,30-39,"[9.9574751e-01 7.6109733e-05 4.7523328e-04 1.4549975e-05 8.3284016e-05
 1.9574798e-05 3.5837032e-03]",[9.9204129e-01 7.3355581e-03 2.3392914e-04 3.8925972e-04],[1.0000000e+00 4.4782893e-09],"[4.8354182e-06 1.7320913e-04 7.4246069e-03 3.5102725e-01 5.6760049e-01
 7.1842790e-02 1.8934313e-03 3.2831929e-05 5.5087207e-07]"
D:\Uni\Ulm\Master\Hiwi-Forschung-und-Lehre\FairFace\detected_faces\844874_face0.jpg,White,White,Male,20-29,"[9.6222293e-01 1.1438781e-04 1.6112691e-02 6.1926753e-06 2.3834908e-05
 8.1918988e-06 2.1511773e-02]",[9.9950105e-01 4.4498211e-04 2.5241321e-05 2.8765586e-05],[1.000000e+00 2.116269e-08],"[5.96383654e-09 1.63427194e-05 5.25885187e-02 9.22706485e-01
 2.46149302e-02 7.36739094e-05 1.00462636e-07 9.94308524e-10
 9.80925584e-12]"
D:\Uni\Ulm\Master\Hiwi-Forschung-und-Lehre\FairFace\detected_faces\844948_face0.jpg,White,White,Male,20-29,"[8.96741331e-01 1.54013032e-05 2.52622692e-03 4.07652169e-06
 9.56412168e-06 2.68920594e-05 1.00676425e-01]",[9.9986702e-01 7.8307916e-05 7.8878747e-06 4.6694309e-05],[9.9999964e-01 3.6350232e-07],"[4.5710133e-09 1.3403351e-06 1.3824876e-02 9.2043203e-01 6.4824477e-02
 9.1441622e-04 2.8038344e-06 1.9728848e-08 2.4742541e-10]"
D:\Uni\Ulm\Master\Hiwi-Forschung-und-Lehre\FairFace\detected_faces\845023_face0.jpg,White,White,Male,20-29,"[9.9476629e-01 9.7166754e-05 1.4825781e-03 3.8201329e-06 9.9156423e-06
 6.0786497e-05 3.5794950e-03]",[9.9853820e-01 4.9885613e-04 1.3328176e-04 8.2967500e-04],[9.9999380e-01 6.1752253e-06],"[5.6940699e-08 7.0751380e-06 3.9521642e-03 6.4602566e-01 3.4547472e-01
 4.5273206e-03 1.2960905e-05 6.8285253e-08 1.3078456e-09]"
D:\Uni\Ulm\Master\Hiwi-Forschung-und-Lehre\FairFace\detected_faces\845024_face0.jpg,White,White,Male,20-29,"[8.9656109e-01 1.9950038e-04 5.0448660e-02 1.4969811e-04 3.3639578e-04
 5.3323357e-04 5.1771525e-02]",[9.9061233e-01 6.1165174e-03 4.6472941e-04 2.8064752e-03],[9.9999964e-01 3.5592765e-07],"[1.4538071e-07 1.1211595e-05 4.1010645e-03 8.1013942e-01 1.8366669e-01
 2.0750419e-03 6.3427447e-06 8.0565506e-08 1.0449134e-09]"
D:\Uni\Ulm\Master\Hiwi-Forschung-und-Lehre\FairFace\detected_faces\845025_face0.jpg,Black,Black,Male,20-29,"[2.2626939e-05 9.9956810e-01 1.3664331e-04 5.6101590e-07 6.6698572e-06
 2.5501498e-04 1.0406212e-05]",[3.4674773e-05 9.9979657e-01 4.3407432e-05 1.2527959e-04],[9.9994218e-01 5.7789537e-05],"[1.22762005e-08 2.33703258e-06 4.15592594e-03 5.72144330e-01
 3.93664867e-01 2.94227954e-02 6.03769207e-04 5.92736205e-06
 1.50915412e-07]"
D:\Uni\Ulm\Master\Hiwi-Forschung-und-Lehre\FairFace\detected_faces\845063_face0.jpg,White,White,Male,20-29,"[7.4769938e-01 2.4765495e-05 1.2645610e-02 3.5919762e-05 1.1895388e-04
 9.1509940e-04 2.3856027e-01]",[9.9951315e-01 6.3834082e-06 1.8327279e-05 4.6214426e-04],[9.9999982e-01 1.5844932e-07],"[1.9297641e-08 3.7355210e-05 1.2085325e-01 8.5225964e-01 2.6629120e-02
 2.2014539e-04 4.1578195e-07 7.8841298e-09 1.3003816e-10]"
D:\Uni\Ulm\Master\Hiwi-Forschung-und-Lehre\FairFace\detected_faces\845074_face0.jpg,Black,Black,Male,30-39,"[4.1096642e-05 9.9918646e-01 6.0856709e-04 4.7692544e-07 4.6724872e-06
 1.2202956e-04 3.6690672e-05]",[2.5501091e-05 9.9972719e-01 2.7051201e-05 2.2027870e-04],[0.9922703  0.00772969],"[1.6971607e-07 3.2601495e-06 9.8922523e-04 3.4233129e-01 5.7771945e-01
 7.6839738e-02 2.0674975e-03 4.7404690e-05 1.9966294e-06]"
D:\Uni\Ulm\Master\Hiwi-Forschung-und-Lehre\FairFace\detected_faces\845102_face0.jpg,Middle Eastern,Black,Male,20-29,"[8.1876285e-02 1.9850973e-02 1.5683259e-01 1.2421658e-05 1.5534487e-04
 3.3736853e-03 7.3789871e-01]",[0.25678197 0.39392212 0.0101403  0.33915567],[9.9999797e-01 2.0251318e-06],"[2.4936305e-06 2.0327959e-04 3.5935864e-02 7.6770562e-01 1.8200988e-01
 1.3663723e-02 4.5607338e-04 2.2802236e-05 3.2164726e-07]"
D:\Uni\Ulm\Master\Hiwi-Forschung-und-Lehre\FairFace\detected_faces\845119_face0.jpg,Black,Black,Male,20-29,"[1.8025474e-05 9.9942690e-01 5.3969772e-05 7.0773036e-09 2.1285803e-07
 4.5640365e-04 4.4525608e-05]",[2.3494469e-05 9.9933940e-01 1.3269237e-06 6.3582358e-04],[9.9997807e-01 2.1891377e-05],"[5.1113648e-08 4.3391393e-04 1.2881097e-01 7.8286099e-01 8.7033294e-02
 8.5671159e-04 3.9838974e-06 9.3586678e-08 2.3427003e-09]"
D:\Uni\Ulm\Master\Hiwi-Forschung-und-Lehre\FairFace\detected_faces\845137_face0.jpg,Black,Black,Male,30-39,"[6.1351422e-08 9.9999499e-01 6.1562923e-07 8.4888324e-10 1.4308889e-08
 4.2288575e-06 5.9182181e-08]",[1.07832186e-07 9.99987364e-01 3.61536422e-06 8.89678358e-06],[9.9999338e-01 6.6342623e-06],"[8.5068086e-09 2.2386749e-07 1.8775505e-04 1.8294962e-01 6.8870521e-01
 1.2657668e-01 1.5659572e-03 1.4202870e-05 3.9328694e-07]"
D:\Uni\Ulm\Master\Hiwi-Forschung-und-Lehre\FairFace\detected_faces\845168_face0.jpg,Black,Black,Male,10-19,"[3.2207242e-06 9.9996668e-01 2.2991115e-05 7.1407368e-07 3.9351326e-06
 1.7355613e-06 6.3107012e-07]",[1.2868528e-06 9.9996471e-01 3.1782052e-05 2.3077696e-06],[0.96583694 0.03416304],"[3.0613662e-04 6.5662764e-02 4.3517846e-01 4.2389786e-01 6.4212106e-02
 1.0275333e-02 4.3174590e-04 2.9280132e-05 6.2571899e-06]"
D:\Uni\Ulm\Master\Hiwi-Forschung-und-Lehre\FairFace\detected_faces\845199_face0.jpg,Middle Eastern,Indian,Male,20-29,"[4.0266011e-02 2.0993468e-03 2.5669140e-01 2.7189837e-04 1.0696978e-03
 1.3318264e-01 5.6641895e-01]",[0.06655201 0.01097631 0.00279135 0.91968036],[9.9967170e-01 3.2829848e-04],"[2.9633018e-06 4.7507216e-05 4.1095763e-03 6.8817508e-01 2.9986072e-01
 7.7562570e-03 4.6441121e-05 1.3582110e-06 4.7116632e-08]"
D:\Uni\Ulm\Master\Hiwi-Forschung-und-Lehre\FairFace\detected_faces\845271_face0.jpg,Latino_Hispanic,Black,Male,30-39,"[2.5617704e-02 1.8278293e-01 5.9244323e-01 1.7036867e-04 1.7618228e-03
 1.0397617e-01 9.3247734e-02]",[0.14801408 0.50510526 0.00977841 0.33710223],[9.9999887e-01 1.1413784e-06],"[1.01812748e-05 5.86992755e-05 4.88397083e-04 9.57898423e-02
 6.69956505e-01 2.26759717e-01 6.83505461e-03 1.00303136e-04
 1.33580284e-06]"
D:\Uni\Ulm\Master\Hiwi-Forschung-und-Lehre\FairFace\detected_faces\845273_face0.jpg,Black,Black,Male,30-39,"[8.24294602e-06 9.99195278e-01 1.04790386e-04 7.10967996e-08
 1.55491330e-06 6.86992193e-04 3.04792047e-06]",[2.8630504e-06 9.9990600e-01 8.6000944e-07 9.0240588e-05],[9.9990714e-01 9.2823531e-05],"[3.89474977e-08 1.77677759e-06 4.47705528e-03 3.60560000e-01
 5.08065045e-01 1.21295206e-01 5.52423066e-03 7.48886887e-05
 1.73345654e-06]"
D:\Uni\Ulm\Master\Hiwi-Forschung-und-Lehre\FairFace\detected_faces\845286_face0.jpg,Black,Black,Male,30-39,"[2.9390759e-07 9.9999475e-01 4.1348753e-06 1.7195735e-08 2.0848898e-07
 3.8914743e-07 2.0479966e-07]",[1.4067494e-06 9.9998057e-01 1.0448535e-05 7.5449707e-06],[9.9983835e-01 1.6165851e-04],"[1.4738620e-07 4.7038416e-06 1.8761771e-03 2.8605920e-01 5.1539254e-01
 1.8986879e-01 6.7022522e-03 8.9750640e-05 6.3815883e-06]"
D:\Uni\Ulm\Master\Hiwi-Forschung-und-Lehre\FairFace\detected_faces\845290_face0.jpg,Middle Eastern,White,Male,20-29,"[1.7101024e-01 2.1995134e-03 1.3719800e-01 1.0831389e-05 9.5665127e-05
 2.4516802e-04 6.8924057e-01]",[9.9173403e-01 5.8765989e-03 4.1783706e-04 1.9715116e-03],[9.9999982e-01 1.7163818e-07],"[4.1435261e-08 3.7582963e-06 6.3790963e-03 6.5634912e-01 3.2827348e-01
 8.9412276e-03 5.2485091e-05 7.5668498e-07 5.6056049e-09]"
D:\Uni\Ulm\Master\Hiwi-Forschung-und-Lehre\FairFace\detected_faces\845291_face0.jpg,White,White,Male,20-29,"[9.9293780e-01 7.1422642e-06 3.6701043e-03 2.9897659e-05 7.3871219e-05
 3.3529566e-05 3.2476631e-03]",[9.9953324e-01 1.6845485e-04 1.3057650e-04 1.6771308e-04],[9.9999982e-01 1.3744334e-07],"[1.20127538e-07 3.94423332e-05 7.36424932e-03 8.84473622e-01
 1.07543506e-01 5.78327454e-04 7.52656035e-07 5.20698151e-09
 9.97724403e-11]"
D:\Uni\Ulm\Master\Hiwi-Forschung-und-Lehre\FairFace\detected_faces\845344_face0.jpg,White,White,Male,30-39,"[9.4167745e-01 5.3758380e-05 2.1642298e-02 1.1429127e-03 1.0573956e-03
 1.3840983e-04 3.4287792e-02]",[9.8086268e-01 5.8275522e-03 1.3032148e-02 2.7764504e-04],[9.999992e-01 7.690201e-07],"[6.9042591e-07 3.5174347e-05 6.5771886e-03 4.4569501e-01 5.2287900e-01
 2.4547888e-02 2.6158639e-04 3.3649358e-06 5.7795749e-08]"
D:\Uni\Ulm\Master\Hiwi-Forschung-und-Lehre\FairFace\detected_faces\845356_face0.jpg,White,White,Male,20-29,"[9.8659050e-01 1.4861886e-05 1.9151812e-03 3.8960461e-06 9.5053028e-06
 2.0425254e-05 1.1445568e-02]",[9.9881262e-01 3.9167592e-04 1.6610595e-04 6.2958646e-04],[9.9999982e-01 2.1056883e-07],"[3.3218019e-08 2.0311422e-06 2.0558408e-03 8.3749574e-01 1.5934733e-01
 1.0971343e-03 1.7981466e-06 1.8617653e-08 3.1678871e-10]"
D:\Uni\Ulm\Master\Hiwi-Forschung-und-Lehre\FairFace\detected_faces\845385_face0.jpg,Middle Eastern,White,Male,20-29,"[1.7851967e-01 2.8827169e-03 2.9020867e-01 1.2897914e-04 4.3768823e-04
 2.4161860e-02 5.0366044e-01]",[0.92620367 0.0103394  0.01333323 0.05012371],[9.9999267e-01 7.3236129e-06],"[2.7209876e-07 1.1281886e-05 1.3709747e-03 6.6381776e-01 3.3148548e-01
 3.3099072e-03 4.2925335e-06 4.8391918e-08 6.6087724e-10]"
D:\Uni\Ulm\Master\Hiwi-Forschung-und-Lehre\FairFace\detected_faces\845386_face0.jpg,White,White,Male,20-29,"[9.1727006e-01 5.5917848e-05 3.2518640e-02 1.9183799e-05 6.7385437e-05
 4.8507552e-04 4.9583606e-02]",[9.8783612e-01 3.3297637e-04 6.7142752e-04 1.1159394e-02],[9.9994767e-01 5.2319952e-05],"[3.3725396e-08 1.7022214e-05 3.2694586e-02 8.5086900e-01 1.1271379e-01
 3.6770727e-03 2.8312894e-05 2.0334635e-07 3.8447223e-09]"
D:\Uni\Ulm\Master\Hiwi-Forschung-und-Lehre\FairFace\detected_faces\845424_face0.jpg,White,White,Male,20-29,"[5.23359716e-01 3.67283565e-03 3.48680586e-01 1.26678875e-04
 6.98127493e-04 5.85432770e-03 1.17607705e-01]",[0.8384725  0.05919433 0.00901038 0.09332283],[9.9991471e-01 8.5339096e-05],"[7.6857068e-06 4.5519561e-04 4.2080443e-02 8.1558067e-01 1.3867989e-01
 3.1712647e-03 2.4223344e-05 6.4234644e-07 1.4169318e-08]"
D:\Uni\Ulm\Master\Hiwi-Forschung-und-Lehre\FairFace\detected_faces\845425_face0.jpg,Black,Black,Male,20-29,"[8.2657636e-05 9.9490964e-01 5.3168327e-04 5.3485735e-07 1.5191910e-05
 4.3722773e-03 8.8070323e-05]",[3.2309010e-05 9.9953264e-01 5.6467698e-06 4.2943246e-04],[9.9998528e-01 1.4661896e-05],"[1.0685135e-07 2.6021933e-05 2.1640521e-02 6.9120216e-01 2.7044681e-01
 1.6289618e-02 3.7818658e-04 1.6213216e-05 3.6912493e-07]"
D:\Uni\Ulm\Master\Hiwi-Forschung-und-Lehre\FairFace\detected_faces\845426_face0.jpg,White,White,Male,20-29,"[8.7151659e-01 2.1824002e-05 7.7996738e-02 1.0136242e-03 4.3706223e-03
 2.3072063e-04 4.4849835e-02]",[9.9206108e-01 1.6242801e-04 7.1037356e-03 6.7269761e-04],[9.999949e-01 5.093967e-06],"[9.7717869e-09 1.6688949e-05 1.6673718e-01 8.0109185e-01 3.1758539e-02
 3.9412940e-04 1.6127910e-06 2.3275874e-08 3.1864933e-10]"
D:\Uni\Ulm\Master\Hiwi-Forschung-und-Lehre\FairFace\detected_faces\845471_face0.jpg,White,White,Male,20-29,"[9.9301803e-01 7.1041554e-06 8.6719310e-04 3.3613116e-05 4.6315719e-05
 3.7526011e-06 6.0238731e-03]",[9.99012470e-01 3.87253560e-04 4.81974625e-04 1.18305645e-04],[9.9998903e-01 1.0943192e-05],"[2.7697419e-07 4.9814531e-05 4.0474288e-02 8.5970813e-01 9.7322047e-02
 2.4295195e-03 1.5832458e-05 1.8325672e-07 4.6875384e-09]"
D:\Uni\Ulm\Master\Hiwi-Forschung-und-Lehre\FairFace\detected_faces\845486_face0.jpg,Black,Black,Male,30-39,"[2.1507820e-07 9.9999511e-01 1.0055435e-06 1.4349095e-09 2.8837855e-08
 2.6138371e-06 1.0482601e-06]",[1.8401644e-07 9.9999851e-01 3.7962701e-07 9.0378359e-07],[9.9999404e-01 5.9856802e-06],"[1.73656133e-07 5.72374893e-06 5.28177014e-04 1.13077305e-01
 5.69995046e-01 3.03413033e-01 1.27664134e-02 2.02365147e-04
 1.16897672e-05]"
D:\Uni\Ulm\Master\Hiwi-Forschung-und-Lehre\FairFace\detected_faces\845493_face0.jpg,White,White,Male,20-29,"[9.9436438e-01 1.4226288e-06 2.5318409e-04 8.7785224e-07 1.4286537e-06
 4.1505191e-06 5.3745853e-03]",[9.9997860e-01 3.2191897e-06 7.0867181e-06 1.1075976e-05],[9.9999970e-01 2.6608603e-07],"[2.0268049e-08 4.8148345e-06 3.6828755e-03 8.3660722e-01 1.5849833e-01
 1.2050917e-03 1.5570620e-06 1.1741294e-08 2.0214153e-10]"
D:\Uni\Ulm\Master\Hiwi-Forschung-und-Lehre\FairFace\detected_faces\845570_face0.jpg,Middle Eastern,White,Male,20-29,"[3.2827798e-01 2.1959613e-04 1.2734655e-01 4.0514141e-04 8.2284567e-04
 1.3538664e-03 5.4157406e-01]",[9.943125e-01 8.183358e-04 2.774852e-03 2.094305e-03],[9.9999678e-01 3.2189535e-06],"[6.6262751e-06 1.1692401e-03 1.2663515e-01 7.9063100e-01 8.0013551e-02
 1.5365857e-03 7.6156875e-06 1.9142695e-07 2.8003764e-09]"
D:\Uni\Ulm\Master\Hiwi-Forschung-und-Lehre\FairFace\detected_faces\845571_face0.jpg,Middle Eastern,White,Male,20-29,"[1.9470544e-01 4.8127917e-05 3.7307147e-02 3.3160963e-05 7.9549245e-05
 5.6219532e-04 7.6726437e-01]",[9.9725586e-01 1.7523332e-04 2.3811136e-04 2.3308040e-03],[1.0000000e+00 1.9505077e-08],"[2.0045739e-08 5.5517439e-06 3.7232582e-03 8.7038088e-01 1.2532194e-01
 5.6799903e-04 4.0489900e-07 5.3745257e-09 4.7555716e-11]"
D:\Uni\Ulm\Master\Hiwi-Forschung-und-Lehre\FairFace\detected_faces\845603_face0.jpg,Latino_Hispanic,Black,Male,20-29,"[6.4592913e-02 1.8757722e-01 3.9209777e-01 9.0250232e-06 1.3610708e-04
 2.0414661e-01 1.5144035e-01]",[1.9837163e-02 9.2960304e-01 7.8789255e-04 4.9771950e-02],[1.000000e+00 3.078134e-08],"[1.5416694e-07 1.2104125e-05 2.7833735e-03 5.6357986e-01 4.2106068e-01
 1.2497308e-02 6.5924352e-05 6.4941383e-07 4.9689395e-09]"
D:\Uni\Ulm\Master\Hiwi-Forschung-und-Lehre\FairFace\detected_faces\845648_face0.jpg,White,White,Male,20-29,"[9.02554929e-01 2.83676898e-03 4.78844456e-02 7.86733290e-05
 3.28420661e-04 1.08026295e-04 4.62087505e-02]",[0.9257838  0.06220797 0.00288271 0.00912547],[0.9986191  0.00138094],"[4.6509894e-07 1.7945235e-05 1.9894447e-02 5.9920853e-01 3.2160661e-01
 5.4818667e-02 4.3744063e-03 7.8076540e-05 8.0034170e-07]"
D:\Uni\Ulm\Master\Hiwi-Forschung-und-Lehre\FairFace\detected_faces\845653_face0.jpg,White,White,Male,20-29,"[9.9888939e-01 1.4405123e-07 3.0764702e-04 4.7211903e-05 3.9799597e-05
 4.4078256e-06 7.1147247e-04]",[9.9900860e-01 2.1414011e-05 7.2057178e-04 2.4942003e-04],[9.9999791e-01 2.0320626e-06],"[1.1362831e-07 1.4254121e-05 1.9190177e-02 8.7045908e-01 1.0845860e-01
 1.8676947e-03 9.9396602e-06 1.0189403e-07 1.9772353e-09]"
D:\Uni\Ulm\Master\Hiwi-Forschung-und-Lehre\FairFace\detected_faces\845693_face0.jpg,Middle Eastern,Indian,Male,20-29,"[1.1173300e-01 1.9163315e-04 2.6289567e-01 8.1785227e-05 4.3793101e-04
 1.0678649e-01 5.1787353e-01]",[3.8388929e-01 4.6284136e-04 1.6997898e-03 6.1394811e-01],[9.9999833e-01 1.6549044e-06],"[7.9460426e-07 1.1416294e-04 3.3060558e-02 8.5909903e-01 1.0685722e-01
 8.6679321e-04 1.4159890e-06 3.7767791e-08 4.0461964e-10]"
D:\Uni\Ulm\Master\Hiwi-Forschung-und-Lehre\FairFace\detected_faces\845723_face0.jpg,White,White,Male,30-39,"[9.7302139e-01 2.2317636e-05 1.5495981e-03 5.3811436e-06 1.4764332e-05
 1.1232099e-05 2.5375368e-02]",[9.9760139e-01 6.3761655e-04 1.6666123e-03 9.4384937e-05],[9.999686e-01 3.142989e-05],"[2.4491001e-06 7.6612749e-05 2.2375770e-03 2.5442541e-01 6.9484824e-01
 4.7643494e-02 7.4774958e-04 1.7652401e-05 8.9302574e-07]"
D:\Uni\Ulm\Master\Hiwi-Forschung-und-Lehre\FairFace\detected_faces\845742_face0.jpg,White,White,Male,30-39,"[9.9089390e-01 2.2886295e-04 2.7242377e-03 2.2665441e-05 8.0003658e-05
 2.5665662e-05 6.0246624e-03]",[9.7734380e-01 2.1634962e-02 6.5565715e-04 3.6557636e-04],[1.000000e+00 2.885788e-08],"[6.2934632e-06 4.2469292e-05 1.7800148e-03 1.6942084e-01 5.9555650e-01
 2.1952160e-01 1.3251104e-02 4.1465854e-04 6.5956492e-06]"
D:\Uni\Ulm\Master\Hiwi-Forschung-und-Lehre\FairFace\detected_faces\845745_face0.jpg,White,White,Male,10-19,"[9.9934119e-01 6.4743347e-07 4.1203155e-05 2.1618016e-06 4.1423223e-06
 1.9306857e-07 6.1046303e-04]",[9.9996501e-01 1.0264864e-05 2.4111256e-05 6.5366862e-07],[9.999346e-01 6.542760e-05],"[7.1155171e-08 6.0756452e-04 6.3246369e-01 3.6541077e-01 1.5092512e-03
 8.6173141e-06 3.1631814e-08 1.2892281e-09 6.8674504e-11]"
D:\Uni\Ulm\Master\Hiwi-Forschung-und-Lehre\FairFace\detected_faces\845782_face0.jpg,White,White,Male,20-29,"[0.36322385 0.00129375 0.30928293 0.00068315 0.00166181 0.00754581
 0.31630868]",[0.8834065  0.00253216 0.04705705 0.0670042 ],[9.9999362e-01 6.4272863e-06],"[9.5904205e-08 4.0704008e-06 1.5366081e-03 6.1609876e-01 3.7745661e-01
 4.8902016e-03 1.3413722e-05 2.2941478e-07 2.5781031e-09]"
D:\Uni\Ulm\Master\Hiwi-Forschung-und-Lehre\FairFace\detected_faces\845789_face0.jpg,Black,Black,Male,20-29,"[3.0877945e-05 9.9895722e-01 6.6400151e-04 2.6302311e-07 7.9358251e-06
 2.8729523e-04 5.2495707e-05]",[7.5611551e-06 9.9984175e-01 2.8073751e-05 1.2256562e-04],[9.999999e-01 9.293450e-08],"[5.3837109e-08 3.6478941e-05 2.1872934e-02 8.7207484e-01 1.0466097e-01
 1.3468931e-03 7.6514207e-06 1.2221845e-07 3.6727636e-09]"
D:\Uni\Ulm\Master\Hiwi-Forschung-und-Lehre\FairFace\detected_faces\845791_face0.jpg,Middle Eastern,White,Male,20-29,"[1.4461996e-01 6.4343931e-03 1.8131465e-01 1.6611736e-04 9.0687664e-04
 3.6686207e-03 6.6288942e-01]",[0.89258367 0.00801211 0.00192572 0.0974786 ],[9.9979591e-01 2.0405234e-04],"[1.1348478e-08 6.6546254e-06 2.8736038e-02 9.4152755e-01 2.9625941e-02
 1.0329626e-04 4.4242756e-07 1.6846695e-08 3.7046810e-10]"
D:\Uni\Ulm\Master\Hiwi-Forschung-und-Lehre\FairFace\detected_faces\845797_face0.jpg,White,White,Male,20-29,"[4.8191544e-01 2.1955477e-04 1.1401094e-01 2.2333954e-05 8.5561245e-05
 1.4653485e-03 4.0228087e-01]",[9.9691039e-01 5.1772542e-04 4.6023319e-04 2.1116645e-03],[9.9999863e-01 1.3722325e-06],"[2.0313277e-07 2.0343592e-05 1.8056809e-03 5.9937555e-01 3.9276254e-01
 6.0284189e-03 7.2104622e-06 4.3959755e-08 4.2879386e-10]"
D:\Uni\Ulm\Master\Hiwi-Forschung-und-Lehre\FairFace\detected_faces\845798_face0.jpg,White,White,Male,20-29,"[9.9497360e-01 1.4627102e-06 2.5710778e-03 4.8876423e-06 1.1000557e-05
 2.5048061e-05 2.4129096e-03]",[9.9987012e-01 1.0215692e-05 1.6526708e-05 1.0314310e-04],[9.9999976e-01 1.9543130e-07],"[2.1548519e-07 2.4194474e-05 2.9001303e-02 7.0447659e-01 2.4281092e-01
 2.3462448e-02 2.2275314e-04 1.5834961e-06 1.1847143e-08]"
D:\Uni\Ulm\Master\Hiwi-Forschung-und-Lehre\FairFace\detected_faces\845802_face0.jpg,Black,Black,Male,20-29,"[1.4892840e-04 9.9532920e-01 3.7928252e-03 1.9303257e-06 3.8457529e-05
 1.8244845e-04 5.0624454e-04]",[1.5429307e-04 9.9947697e-01 2.7011428e-04 9.8586475e-05],[9.9999905e-01 9.8271869e-07],"[2.1733980e-07 2.2482245e-04 1.3942529e-01 8.0638462e-01 5.2327741e-02
 1.6189906e-03 1.7885550e-05 4.0637116e-07 2.0510832e-08]"
D:\Uni\Ulm\Master\Hiwi-Forschung-und-Lehre\FairFace\detected_faces\845898_face0.jpg,White,White,Male,30-39,"[9.9010140e-01 4.2244868e-05 8.7672342e-03 9.9859353e-06 3.4656619e-05
 4.3534909e-04 6.0908386e-04]",[9.9420345e-01 1.0401638e-03 1.7301431e-04 4.5834207e-03],[9.9993980e-01 6.0156206e-05],"[1.4800810e-06 6.6433284e-05 5.5379942e-03 4.2744797e-01 5.2958310e-01
 3.6740541e-02 6.1823992e-04 4.0009663e-06 2.0945359e-07]"
D:\Uni\Ulm\Master\Hiwi-Forschung-und-Lehre\FairFace\detected_faces\845903_face0.jpg,Black,Black,Male,30-39,"[2.2856079e-03 9.1068840e-01 6.9409899e-02 3.0291794e-04 7.8365766e-03
 8.6565726e-03 8.1999524e-04]",[0.0018078  0.92191994 0.06756731 0.008705  ],[9.9999750e-01 2.5029694e-06],"[2.0993548e-07 1.5962756e-06 1.8092702e-03 4.5345670e-01 4.8941413e-01
 5.3104363e-02 2.1633154e-03 4.8927352e-05 1.4790857e-06]"
D:\Uni\Ulm\Master\Hiwi-Forschung-und-Lehre\FairFace\detected_faces\845941_face0.jpg,White,White,Male,20-29,"[9.2373443e-01 7.6053911e-05 2.3226308e-02 2.2136137e-06 1.2954269e-05
 9.0610898e-05 5.2857351e-02]",[9.9951237e-01 2.0876815e-04 4.8989554e-05 2.2986653e-04],[9.9999976e-01 2.0742556e-07],"[2.68570162e-08 2.10553808e-05 1.10026665e-01 8.49717915e-01
 3.94660980e-02 7.64846220e-04 3.28278611e-06 5.13777820e-08
 5.72056957e-10]"
D:\Uni\Ulm\Master\Hiwi-Forschung-und-Lehre\FairFace\detected_faces\846016_face0.jpg,Black,Black,Male,20-29,"[5.6552376e-06 9.9967831e-01 8.3353036e-05 9.1382418e-07 2.0737494e-05
 2.0123410e-04 9.8092632e-06]",[1.1691333e-05 9.9977708e-01 7.8938225e-05 1.3225878e-04],[9.9999887e-01 1.1185194e-06],"[6.1217400e-09 4.2357979e-07 2.2308046e-03 5.5473059e-01 4.1582051e-01
 2.6858009e-02 3.5510678e-04 4.3379450e-06 1.3950179e-07]"
D:\Uni\Ulm\Master\Hiwi-Forschung-und-Lehre\FairFace\detected_faces\846036_face0.jpg,White,White,Male,20-29,"[7.5332344e-01 1.1747099e-03 2.0668556e-01 2.3667064e-05 2.2933855e-04
 6.7990380e-03 3.1764351e-02]",[0.80787987 0.05406829 0.00874986 0.12930192],[9.9999559e-01 4.3875393e-06],"[5.2021083e-08 1.5413707e-06 1.1385625e-03 4.9069804e-01 4.8867598e-01
 1.9393018e-02 9.2037822e-05 8.1871764e-07 1.0628288e-08]"
D:\Uni\Ulm\Master\Hiwi-Forschung-und-Lehre\FairFace\detected_faces\846042_face0.jpg,Black,Black,Male,30-39,"[3.8058672e-04 9.6510035e-01 1.0914514e-02 4.6032446e-06 1.3203960e-04
 1.2121984e-02 1.1346016e-02]",[3.2721684e-04 9.8721260e-01 2.5400377e-04 1.2206110e-02],[9.9999857e-01 1.4777834e-06],"[1.5621686e-06 8.3734565e-05 2.1297906e-03 1.6802418e-01 7.3321348e-01
 9.5481172e-02 1.0566660e-03 9.2773489e-06 1.2950592e-07]"
D:\Uni\Ulm\Master\Hiwi-Forschung-und-Lehre\FairFace\detected_faces\846043_face0.jpg,White,White,Male,20-29,"[9.4823915e-01 5.4020475e-06 3.9961347e-03 6.2777646e-05 1.2100962e-04
 7.0947506e-05 4.7504645e-02]",[9.8948443e-01 1.7338060e-04 1.2804173e-03 9.0617351e-03],[9.9999863e-01 1.3855753e-06],"[8.2555388e-08 3.5983364e-06 1.5811201e-03 7.5574100e-01 2.3833846e-01
 4.3133805e-03 2.2021586e-05 2.4303822e-07 5.0857571e-09]"
D:\Uni\Ulm\Master\Hiwi-Forschung-und-Lehre\FairFace\detected_faces\846061_face0.jpg,Black,Black,Male,20-29,"[9.1280003e-07 9.9998981e-01 6.5859772e-06 7.7006526e-08 6.3935295e-07
 1.5419473e-06 4.4964028e-07]",[2.2788672e-06 9.9999350e-01 3.6696797e-06 5.4292605e-07],[0.9961896  0.00381043],"[1.2905419e-06 1.8192905e-04 3.4571715e-02 7.5534070e-01 1.9602835e-01
 1.3475347e-02 3.8313805e-04 1.6207754e-05 1.3770120e-06]"
D:\Uni\Ulm\Master\Hiwi-Forschung-und-Lehre\FairFace\detected_faces\846081_face0.jpg,Middle Eastern,White,Male,20-29,"[7.3902473e-02 4.2836304e-04 8.9522086e-02 3.1343625e-05 1.5802871e-04
 4.6445280e-02 7.8951240e-01]",[0.658665   0.02325681 0.00350048 0.31457764],[9.9999797e-01 2.0094383e-06],"[3.0075552e-07 2.2235958e-05 3.1346614e-03 7.2652203e-01 2.6765600e-01
 2.6603104e-03 4.3784594e-06 5.6898291e-08 6.9351708e-10]"
D:\Uni\Ulm\Master\Hiwi-Forschung-und-Lehre\FairFace\detected_faces\846147_face0.jpg,Black,Black,Male,20-29,"[1.5525001e-06 9.9998587e-01 8.2507822e-06 6.0862577e-09 5.1615316e-08
 2.4974522e-06 1.7564294e-06]",[2.9751934e-06 9.9999219e-01 3.6254182e-06 1.1787087e-06],[9.992167e-01 7.833225e-04],"[1.5000583e-06 2.3337242e-03 8.9714803e-02 7.6330036e-01 1.4221282e-01
 2.4270164e-03 9.6862823e-06 1.2457826e-07 4.1289185e-09]"
D:\Uni\Ulm\Master\Hiwi-Forschung-und-Lehre\FairFace\detected_faces\846202_face0.jpg,White,White,Male,20-29,"[8.2834065e-01 5.3854848e-05 3.2209093e-03 7.5458775e-05 6.2465515e-05
 3.8626771e-05 1.6820803e-01]",[9.9844509e-01 1.2232094e-03 2.6351798e-04 6.8193483e-05],[0.9758611  0.02413892],"[4.4251273e-08 3.7516162e-05 1.0889965e-01 7.8643519e-01 1.0230158e-01
 2.3056413e-03 1.9819001e-05 5.2284128e-07 2.1435262e-08]"
D:\Uni\Ulm\Master\Hiwi-Forschung-und-Lehre\FairFace\detected_faces\846204_face0.jpg,White,White,Male,20-29,"[9.9290049e-01 3.9045543e-05 5.0542173e-03 2.0614154e-06 8.8122088e-06
 2.0584102e-05 1.9748642e-03]",[9.9938864e-01 2.9009374e-04 4.2774340e-05 2.7848806e-04],[9.9999964e-01 3.7409501e-07],"[1.6816337e-08 2.6491904e-07 1.9508247e-03 6.1157852e-01 3.6389294e-01
 2.2228599e-02 3.4622638e-04 2.6923528e-06 3.0771218e-08]"
D:\Uni\Ulm\Master\Hiwi-Forschung-und-Lehre\FairFace\detected_faces\846251_face0.jpg,White,White,Male,30-39,"[9.8305273e-01 3.3333439e-05 7.5323177e-03 4.7627043e-05 5.3479311e-05
 4.7416812e-05 9.2330705e-03]",[9.9809641e-01 2.5929918e-04 1.1669206e-03 4.7731283e-04],[9.9994886e-01 5.1126233e-05],"[5.0007444e-08 7.3095526e-07 2.0627746e-04 2.4571072e-01 6.9964969e-01
 5.3961854e-02 4.6682637e-04 3.8319886e-06 4.6010449e-08]"
D:\Uni\Ulm\Master\Hiwi-Forschung-und-Lehre\FairFace\detected_faces\846252_face0.jpg,White,White,Male,40-49,"[9.9996299e-01 3.4841033e-08 5.2553510e-06 1.6447682e-07 3.0882603e-07
 1.2518764e-07 3.1117219e-05]",[9.9997038e-01 8.4836638e-06 9.2401724e-06 1.1784143e-05],[9.9999243e-01 7.6180559e-06],"[1.9111974e-06 1.5666828e-04 4.6055652e-02 2.6699379e-01 2.1285638e-01
 3.8682473e-01 8.5087307e-02 1.9910976e-03 3.2418688e-05]"
D:\Uni\Ulm\Master\Hiwi-Forschung-und-Lehre\FairFace\detected_faces\846253_face0.jpg,Black,Black,Male,20-29,"[1.1519953e-03 7.6991308e-01 2.2294936e-01 9.7735043e-05 3.2458927e-03
 1.3956839e-03 1.2462850e-03]",[1.4507609e-04 9.9783403e-01 7.9127162e-04 1.2296044e-03],[9.9999881e-01 1.1862153e-06],"[3.3078326e-08 7.9580150e-06 4.1525152e-02 9.0278614e-01 5.5011697e-02
 6.6524162e-04 3.6552060e-06 9.1993300e-08 2.4242441e-09]"
D:\Uni\Ulm\Master\Hiwi-Forschung-und-Lehre\FairFace\detected_faces\846308_face0.jpg,White,White,Male,20-29,"[9.9538070e-01 3.3571619e-06 4.6432775e-04 9.3960018e-08 5.2751500e-07
 2.9883044e-05 4.1212216e-03]",[9.9722117e-01 8.9374073e-05 5.2099844e-05 2.6373737e-03],[9.9999571e-01 4.2568117e-06],"[7.37918082e-09 6.37280721e-07 5.64123504e-04 5.34301341e-01
 4.45836037e-01 1.91789865e-02 1.18296586e-04 5.89077558e-07
 9.63817381e-09]"
D:\Uni\Ulm\Master\Hiwi-Forschung-und-Lehre\FairFace\detected_faces\846356_face0.jpg,White,White,Male,20-29,"[9.9998939e-01 3.4510748e-08 1.1393515e-06 1.5776601e-08 5.2792981e-08
 9.7349222e-08 9.3148592e-06]",[9.9999720e-01 2.0072273e-06 4.0984531e-07 3.6602944e-07],[9.9999982e-01 1.8716887e-07],"[3.9930512e-09 8.0049574e-07 1.9114886e-03 7.7660668e-01 2.1630141e-01
 5.1535014e-03 2.6019239e-05 8.8854854e-08 3.0368845e-09]"
D:\Uni\Ulm\Master\Hiwi-Forschung-und-Lehre\FairFace\detected_faces\846398_face0.jpg,White,White,Male,20-29,"[9.0476948e-01 1.1227268e-05 8.4515130e-03 1.3270235e-05 4.4182558e-05
 4.4151082e-05 8.6666189e-02]",[9.9967045e-01 4.3831613e-05 9.8457385e-05 1.8732640e-04],[9.9999565e-01 4.3066811e-06],"[2.3021948e-07 3.1394018e-05 2.0520458e-02 7.3043007e-01 2.3939113e-01
 9.5474133e-03 7.8071505e-05 1.2151916e-06 1.1391133e-08]"
D:\Uni\Ulm\Master\Hiwi-Forschung-und-Lehre\FairFace\detected_faces\846441_face0.jpg,White,White,Male,20-29,"[6.19745314e-01 6.97043084e-04 7.27521405e-02 1.07089174e-04
 1.68916216e-04 1.32924691e-03 3.05200219e-01]",[9.9614072e-01 4.7373510e-04 7.7464955e-04 2.6108520e-03],[9.999997e-01 2.582109e-07],"[8.48837544e-07 1.42849285e-05 2.64638476e-03 6.29119515e-01
 3.59975576e-01 8.17361288e-03 6.87306674e-05 1.10723852e-06
 1.76775963e-08]"
D:\Uni\Ulm\Master\Hiwi-Forschung-und-Lehre\FairFace\detected_faces\846446_face0.jpg,Black,Black,Male,20-29,"[3.31056049e-06 9.99578416e-01 1.38329124e-04 2.74741001e-06
 1.10807254e-04 1.65140606e-04 1.28009856e-06]",[4.6717905e-06 9.9978298e-01 1.0259495e-04 1.0974882e-04],[9.9996150e-01 3.8482205e-05],"[9.3620706e-08 4.9635591e-06 3.3878789e-03 6.3004315e-01 3.4429190e-01
 2.1886364e-02 3.7671119e-04 8.0992768e-06 8.3476016e-07]"
D:\Uni\Ulm\Master\Hiwi-Forschung-und-Lehre\FairFace\detected_faces\846447_face0.jpg,Black,Black,Male,20-29,"[2.4838870e-05 9.9983764e-01 7.1395632e-05 6.7263521e-08 9.6762210e-07
 3.8441813e-06 6.1224651e-05]",[1.2058258e-06 9.9999857e-01 9.5477660e-08 1.4129347e-07],[9.999992e-01 7.920004e-07],"[1.7224855e-06 2.0459262e-03 2.5259808e-01 6.6888517e-01 7.2328962e-02
 4.0619173e-03 7.2916373e-05 5.1091661e-06 2.3026431e-07]"
D:\Uni\Ulm\Master\Hiwi-Forschung-und-Lehre\FairFace\detected_faces\846458_face0.jpg,White,White,Male,20-29,"[9.8183799e-01 9.0059380e-05 1.3227607e-02 1.4876579e-04 3.7297577e-04
 5.6473669e-05 4.2661093e-03]",[9.9667561e-01 4.7862023e-04 2.6207813e-03 2.2492914e-04],[1.0000000e+00 2.4192667e-08],"[1.8532879e-06 6.7579094e-04 2.2591466e-01 7.1269435e-01 5.9774306e-02
 9.3309925e-04 5.7980019e-06 1.5745151e-07 2.1497213e-09]"
D:\Uni\Ulm\Master\Hiwi-Forschung-und-Lehre\FairFace\detected_faces\846470_face0.jpg,Latino_Hispanic,Black,Male,30-39,"[2.72780061e-02 2.49072760e-01 6.33756280e-01 2.14705840e-04
 2.12298473e-03 7.63258561e-02 1.12293195e-02]",[0.03686373 0.86062896 0.00236936 0.10013795],[9.9999940e-01 5.9038257e-07],"[1.0883705e-06 5.0915546e-06 1.7169327e-04 1.9061448e-01 7.6301742e-01
 4.5922551e-02 2.6561460e-04 2.0367645e-06 1.8767393e-08]"
D:\Uni\Ulm\Master\Hiwi-Forschung-und-Lehre\FairFace\detected_faces\846471_face0.jpg,White,White,Male,20-29,"[7.9349321e-01 6.2310923e-05 7.8625999e-02 1.3643067e-04 4.4110863e-04
 9.1986515e-04 1.2632103e-01]",[9.9779093e-01 3.0933393e-04 6.7616446e-04 1.2236192e-03],[9.9999982e-01 1.6430785e-07],"[2.7131611e-07 5.0484716e-05 2.4455886e-02 7.7991569e-01 1.9149800e-01
 4.0665204e-03 1.3022191e-05 1.6914495e-07 1.9407254e-09]"
D:\Uni\Ulm\Master\Hiwi-Forschung-und-Lehre\FairFace\detected_faces\846492_face0.jpg,White,White,Male,30-39,"[9.6973699e-01 4.8736980e-05 1.6424531e-02 4.4263899e-05 6.2779109e-05
 2.4275503e-03 1.1255172e-02]",[9.9662274e-01 2.9231174e-05 1.3802720e-04 3.2100296e-03],[9.9999607e-01 3.8651920e-06],"[8.7054623e-08 7.5823181e-07 4.3662851e-05 9.0370446e-02 8.2166803e-01
 8.7435685e-02 4.7912009e-04 2.1873925e-06 2.4587548e-08]"
D:\Uni\Ulm\Master\Hiwi-Forschung-und-Lehre\FairFace\detected_faces\846576_face0.jpg,White,White,Male,20-29,"[9.35327053e-01 2.40770496e-05 8.24519899e-03 1.12052485e-05
 1.80413335e-05 2.84872222e-04 5.60895614e-02]",[9.9944192e-01 1.7225027e-05 1.1848203e-05 5.2901788e-04],[9.9979657e-01 2.0347085e-04],"[8.1298322e-07 1.5497075e-05 2.3834894e-03 6.9309533e-01 3.0114871e-01
 3.3487619e-03 7.3522319e-06 9.0244917e-08 2.2080537e-09]"
D:\Uni\Ulm\Master\Hiwi-Forschung-und-Lehre\FairFace\detected_faces\846698_face0.jpg,White,White,Male,20-29,"[9.7463912e-01 2.2693395e-04 2.7186533e-03 5.6480163e-05 1.0281178e-04
 1.3451819e-05 2.2242503e-02]",[9.8419213e-01 1.4868946e-02 8.0925110e-04 1.2963574e-04],[9.9999887e-01 1.0735575e-06],"[3.30762049e-08 1.15874245e-05 1.99894290e-02 8.75772476e-01
 1.03127822e-01 1.09371089e-03 4.91591800e-06 5.81719135e-08
 1.31356981e-09]"
D:\Uni\Ulm\Master\Hiwi-Forschung-und-Lehre\FairFace\detected_faces\847025_face0.jpg,White,White,Male,30-39,"[6.8941885e-01 9.0483911e-05 2.2977432e-02 1.0631896e-05 2.6722311e-05
 2.7435020e-04 2.8720158e-01]",[9.9134141e-01 3.4722853e-03 3.6119958e-04 4.8251092e-03],[9.9999917e-01 8.3755009e-07],"[8.7073977e-07 1.1935178e-05 3.5697473e-03 3.9306989e-01 5.4082811e-01
 6.1551306e-02 9.5830183e-04 9.6719723e-06 7.0879643e-08]"
D:\Uni\Ulm\Master\Hiwi-Forschung-und-Lehre\FairFace\detected_faces\847030_face0.jpg,Middle Eastern,White,Male,30-39,"[7.5787999e-02 3.2668027e-01 2.1692608e-01 2.1829102e-04 9.0904022e-04
 1.2149969e-02 3.6732838e-01]",[0.5310474  0.39720225 0.0088484  0.06290196],[9.9999064e-01 9.3218732e-06],"[9.8882065e-06 2.6433525e-04 3.9232164e-03 3.8581032e-01 5.6529647e-01
 4.4310570e-02 3.7670296e-04 8.2786310e-06 1.9588977e-07]"
D:\Uni\Ulm\Master\Hiwi-Forschung-und-Lehre\FairFace\detected_faces\847073_face0.jpg,Latino_Hispanic,White,Male,20-29,"[1.7272168e-01 2.4037535e-04 4.8346779e-01 3.5405735e-04 8.5887907e-04
 1.0728904e-02 3.3162835e-01]",[9.6921033e-01 4.8190271e-04 4.6936255e-03 2.5614124e-02],[9.9980956e-01 1.9040212e-04],"[1.9442899e-08 5.6928144e-05 4.4957921e-01 5.4420513e-01 6.1152810e-03
 4.3361291e-05 1.1429536e-07 4.3122808e-09 6.9895902e-11]"
D:\Uni\Ulm\Master\Hiwi-Forschung-und-Lehre\FairFace\detected_faces\847097_face0.jpg,Latino_Hispanic,Asian,Male,20-29,"[0.10356119 0.02471322 0.6992383  0.00154713 0.01182202 0.00151317
 0.15760496]",[0.28368935 0.22592747 0.4801037  0.01027949],[9.999089e-01 9.102693e-05],"[2.8263563e-07 1.9716701e-05 1.8405210e-02 7.8421575e-01 1.9201912e-01
 5.2611106e-03 7.6117809e-05 2.6447699e-06 4.2221341e-08]"
D:\Uni\Ulm\Master\Hiwi-Forschung-und-Lehre\FairFace\detected_faces\847125_face0.jpg,Middle Eastern,White,Male,20-29,"[1.1399400e-01 1.4268887e-03 6.1141394e-02 5.7588193e-05 1.4324172e-04
 1.1677853e-03 8.2206911e-01]",[0.97970116 0.00780389 0.00260903 0.00988594],[9.9999863e-01 1.3872916e-06],"[1.2517234e-05 9.7733911e-04 3.9150383e-02 8.0921304e-01 1.4567374e-01
 4.9271798e-03 4.4081298e-05 1.6308837e-06 2.4661260e-08]"
D:\Uni\Ulm\Master\Hiwi-Forschung-und-Lehre\FairFace\detected_faces\847128_face0.jpg,White,White,Male,20-29,"[0.47722292 0.00091799 0.14537324 0.01007801 0.00900241 0.00253698
 0.35486847]",[0.98142856 0.00447167 0.01272213 0.0013776 ],[1.000000e+00 4.904553e-08],"[3.7646510e-07 2.2994302e-05 6.9496850e-03 8.1880105e-01 1.7143922e-01
 2.7637354e-03 2.2578559e-05 4.8448732e-07 5.0522853e-09]"
D:\Uni\Ulm\Master\Hiwi-Forschung-und-Lehre\FairFace\detected_faces\847130_face0.jpg,White,White,Male,20-29,"[8.8392276e-01 2.7490599e-04 5.4458436e-02 1.6573759e-03 2.0124302e-03
 7.8950840e-04 5.6884497e-02]",[0.9837747  0.00180621 0.00439751 0.01002147],[9.9999988e-01 6.4970614e-08],"[1.45911571e-07 1.36716653e-05 5.04303165e-03 8.28394294e-01
 1.63991615e-01 2.52738548e-03 2.91375436e-05 7.35963113e-07
 1.01201785e-08]"
D:\Uni\Ulm\Master\Hiwi-Forschung-und-Lehre\FairFace\detected_faces\847147_face0.jpg,White,White,Male,20-29,"[9.5676762e-01 5.2940880e-04 2.2071199e-02 6.1312414e-05 1.5277129e-04
 2.7508615e-04 2.0142671e-02]",[9.9928224e-01 4.0882689e-04 3.7818158e-05 2.7116516e-04],[9.9986231e-01 1.3765595e-04],"[1.0571722e-06 3.2085740e-05 1.8220732e-03 5.1906878e-01 4.6762750e-01
 1.1405005e-02 4.2987871e-05 4.5022205e-07 1.1777467e-08]"
D:\Uni\Ulm\Master\Hiwi-Forschung-und-Lehre\FairFace\detected_faces\847151_face0.jpg,Latino_Hispanic,White,Male,20-29,"[3.7657869e-01 9.6816989e-04 5.0111544e-01 2.8887420e-04 1.4850815e-03
 4.2939521e-03 1.1526979e-01]",[0.92794865 0.00528699 0.04549483 0.02126955],[9.9999827e-01 1.7021341e-06],"[1.12012275e-08 7.81661527e-07 4.24201088e-03 7.22977102e-01
 2.60010540e-01 1.25526097e-02 2.13870138e-04 2.99841872e-06
 3.47279077e-08]"
D:\Uni\Ulm\Master\Hiwi-Forschung-und-Lehre\FairFace\detected_faces\847180_face0.jpg,Black,Black,Male,20-29,"[3.28352780e-06 9.99945641e-01 3.52901843e-05 1.99527292e-08
 7.62172476e-07 1.16595675e-05 3.33149819e-06]",[3.2583314e-06 9.9998283e-01 1.2286648e-06 1.2682567e-05],[9.9999988e-01 1.2102218e-07],"[3.1548019e-08 1.7226301e-05 3.3463724e-02 8.9605123e-01 6.8711407e-02
 1.7369665e-03 1.9136796e-05 3.5293965e-07 1.0138082e-08]"
D:\Uni\Ulm\Master\Hiwi-Forschung-und-Lehre\FairFace\detected_faces\847334_face0.jpg,White,White,Male,30-39,"[9.4906902e-01 1.2856220e-04 2.3662993e-03 9.0240286e-07 5.4012353e-06
 5.8476602e-05 4.8371300e-02]",[9.9001575e-01 9.2902156e-03 2.0129155e-05 6.7393022e-04],[9.9999654e-01 3.4096784e-06],"[3.1815812e-08 4.8921362e-07 1.1742735e-04 1.1960904e-01 7.7664572e-01
 1.0317938e-01 4.4630838e-04 1.5936979e-06 1.8339152e-08]"
D:\Uni\Ulm\Master\Hiwi-Forschung-und-Lehre\FairFace\detected_faces\847376_face0.jpg,White,White,Male,30-39,"[9.4105595e-01 2.7145203e-05 1.4058310e-02 3.9820760e-03 1.9473479e-03
 1.6837081e-04 3.8760804e-02]",[9.98190045e-01 1.14788585e-04 1.06290798e-03 6.32256677e-04],[9.9999934e-01 6.1396395e-07],"[1.5896632e-07 2.5680347e-06 2.6438613e-03 3.9968744e-01 5.1808667e-01
 7.8516915e-02 1.0410373e-03 2.1136619e-05 2.0197884e-07]"
D:\Uni\Ulm\Master\Hiwi-Forschung-und-Lehre\FairFace\detected_faces\847405_face0.jpg,Black,Black,Male,20-29,"[4.2002820e-03 7.0059007e-01 2.0674278e-01 2.4567246e-06 4.9441907e-05
 3.0773759e-03 8.5337624e-02]",[3.4031756e-03 9.9104410e-01 1.5452904e-04 5.3981887e-03],[9.9999988e-01 9.6536866e-08],"[2.77142306e-07 3.98982729e-06 1.46650756e-03 5.50838888e-01
 4.37701970e-01 9.91884712e-03 6.86859494e-05 7.65740083e-07
 1.40022065e-08]"
D:\Uni\Ulm\Master\Hiwi-Forschung-und-Lehre\FairFace\detected_faces\847467_face0.jpg,White,White,Male,20-29,"[7.1417248e-01 1.7211467e-04 2.2679744e-02 2.0724254e-05 4.8753998e-05
 1.4039993e-04 2.6276571e-01]",[9.9817264e-01 2.4643459e-04 5.8828940e-04 9.9265249e-04],[9.9999994e-01 8.9818961e-08],"[7.4748095e-07 3.3993409e-05 1.9764376e-03 7.0813507e-01 2.8605568e-01
 3.7910601e-03 6.9037437e-06 9.9869261e-08 1.3570240e-09]"
D:\Uni\Ulm\Master\Hiwi-Forschung-und-Lehre\FairFace\detected_faces\847513_face0.jpg,White,White,Male,20-29,"[8.9316744e-01 2.2905895e-05 2.0777348e-02 5.6567910e-04 8.5966865e-04
 3.7987567e-05 8.4568843e-02]",[9.9894851e-01 3.2394746e-04 5.8750325e-04 1.3998058e-04],[9.9999994e-01 8.7062169e-08],"[4.5729390e-08 6.0294631e-05 7.5240359e-02 8.7136549e-01 5.2866410e-02
 4.6626275e-04 1.0331814e-06 9.1663290e-09 9.5678757e-11]"
D:\Uni\Ulm\Master\Hiwi-Forschung-und-Lehre\FairFace\detected_faces\847785_face0.jpg,Middle Eastern,White,Male,30-39,"[1.9631411e-01 8.2688918e-03 2.7438453e-01 3.8335576e-05 1.6579735e-04
 7.7678054e-03 5.1306051e-01]",[0.76454496 0.08133685 0.00198582 0.1521323 ],[9.9998349e-01 1.6463911e-05],"[1.9051179e-06 3.4946868e-05 2.5578388e-03 3.9108175e-01 5.6245077e-01
 4.3241628e-02 6.1695138e-04 1.4043714e-05 2.1966734e-07]"
D:\Uni\Ulm\Master\Hiwi-Forschung-und-Lehre\FairFace\detected_faces\847786_face0.jpg,Latino_Hispanic,Indian,Male,20-29,"[1.0367344e-01 4.0169703e-03 4.9890095e-01 8.1548140e-05 1.0677630e-03
 6.1320271e-03 3.8612726e-01]",[0.1285024  0.21352719 0.00544256 0.6525278 ],[9.9999976e-01 1.9735396e-07],"[3.0335709e-09 1.5510096e-06 9.3146982e-03 9.4259399e-01 4.7848560e-02
 2.4062429e-04 5.2672300e-07 4.9797291e-09 6.2197483e-11]"
D:\Uni\Ulm\Master\Hiwi-Forschung-und-Lehre\FairFace\detected_faces\847823_face0.jpg,Middle Eastern,White,Male,30-39,"[1.3816887e-01 2.6390441e-03 2.7949562e-02 1.0161342e-05 3.3436074e-05
 2.0107476e-03 8.2918817e-01]",[0.9850938  0.00434919 0.00217114 0.00838602],[9.9999976e-01 2.2588365e-07],"[2.2582276e-06 2.7359703e-05 4.2541130e-04 1.4124385e-01 7.2478193e-01
 1.3143118e-01 2.0665401e-03 2.1181404e-05 2.7639697e-07]"
D:\Uni\Ulm\Master\Hiwi-Forschung-und-Lehre\FairFace\detected_faces\847984_face0.jpg,White,White,Male,20-29,"[9.4169104e-01 6.9059823e-03 1.9166445e-02 1.7712911e-05 4.6498022e-05
 1.6962494e-04 3.2002643e-02]",[8.7355167e-01 1.1732682e-01 7.6888950e-04 8.3526131e-03],[9.9987149e-01 1.2853231e-04],"[8.8991605e-09 2.8750896e-05 8.1343912e-02 8.9873427e-01 1.9779434e-02
 1.1324887e-04 4.3691833e-07 7.7131297e-09 3.0365124e-10]"
D:\Uni\Ulm\Master\Hiwi-Forschung-und-Lehre\FairFace\detected_faces\847993_face0.jpg,Middle Eastern,White,Male,20-29,"[4.6477559e-01 1.5916757e-04 6.6264100e-02 2.3551613e-05 7.4838521e-05
 2.0835865e-03 4.6661913e-01]",[0.9572097  0.0025825  0.00173467 0.03847302],[9.9999446e-01 5.5753585e-06],"[1.4694255e-08 2.9133107e-06 8.6963666e-04 5.5187690e-01 4.4375861e-01
 3.4901656e-03 1.7917448e-06 8.4163077e-09 8.9848157e-11]"
D:\Uni\Ulm\Master\Hiwi-Forschung-und-Lehre\FairFace\detected_faces\848057_face0.jpg,Middle Eastern,White,Male,30-39,"[3.8985398e-02 8.6722203e-04 2.0620931e-02 1.1415369e-05 8.0317004e-05
 1.9663998e-03 9.3746829e-01]",[9.9050289e-01 3.9718947e-03 4.9102458e-04 5.0342674e-03],[9.9987906e-01 1.2092024e-04],"[7.9739011e-06 5.7843456e-04 9.5272977e-03 4.2586982e-01 5.4263473e-01
 2.1297138e-02 8.3564322e-05 1.0203283e-06 2.2891754e-08]"
D:\Uni\Ulm\Master\Hiwi-Forschung-und-Lehre\FairFace\detected_faces\848074_face0.jpg,Black,Black,Male,30-39,"[1.9661551e-04 9.9516630e-01 1.3492133e-03 1.1976329e-05 1.5377690e-04
 2.8747180e-03 2.4742799e-04]",[3.0292582e-04 9.9914682e-01 2.9065722e-04 2.5965783e-04],[9.9944013e-01 5.5988517e-04],"[2.9727842e-05 4.7327168e-04 6.7610927e-03 3.7008390e-01 5.6408966e-01
 5.7618912e-02 9.0877316e-04 3.2276592e-05 2.3182674e-06]"
D:\Uni\Ulm\Master\Hiwi-Forschung-und-Lehre\FairFace\detected_faces\848080_face0.jpg,White,White,Male,20-29,"[4.0718317e-01 1.0328452e-03 3.2127029e-01 2.3323097e-05 1.2473464e-04
 1.4045606e-03 2.6896107e-01]",[9.8154068e-01 1.0665388e-02 2.0941155e-04 7.5844736e-03],[9.999999e-01 9.388476e-08],"[4.3350967e-09 9.7713746e-07 2.4273591e-03 7.4359083e-01 2.5124952e-01
 2.7263942e-03 4.8107013e-06 4.7172666e-08 3.1693279e-10]"
D:\Uni\Ulm\Master\Hiwi-Forschung-und-Lehre\FairFace\detected_faces\848081_face0.jpg,Latino_Hispanic,White,Male,20-29,"[2.4257247e-01 2.0911880e-02 5.2240121e-01 4.7526116e-04 2.1367585e-03
 1.7163841e-03 2.0978604e-01]",[0.6421934  0.22974263 0.03135249 0.09671153],[9.9999875e-01 1.2214607e-06],"[1.31523706e-07 1.53894944e-05 2.00607497e-02 7.56083310e-01
 2.14924246e-01 8.79835896e-03 1.15286886e-04 2.62269236e-06
 4.15277803e-08]"
D:\Uni\Ulm\Master\Hiwi-Forschung-und-Lehre\FairFace\detected_faces\848082_face0.jpg,Black,Black,Male,20-29,"[6.7883552e-06 9.9856770e-01 4.3653641e-04 5.9603313e-08 2.4696942e-06
 8.8733260e-04 9.9061333e-05]",[7.4030627e-06 9.9989641e-01 9.6697177e-06 8.6524284e-05],[1.0000000e+00 1.9836115e-08],"[2.4735018e-09 1.4577235e-07 2.7584084e-04 5.1539564e-01 4.7520086e-01
 9.1139143e-03 1.3578067e-05 4.8146596e-08 6.9545519e-10]"
D:\Uni\Ulm\Master\Hiwi-Forschung-und-Lehre\FairFace\detected_faces\848137_face0.jpg,White,White,Male,30-39,"[8.8228327e-01 4.7795716e-06 5.5699083e-03 7.1556547e-05 1.0626368e-04
 2.2017923e-03 1.0976240e-01]",[9.9950826e-01 2.3361747e-06 2.8401040e-04 2.0541843e-04],[9.9999249e-01 7.5360954e-06],"[1.4307810e-07 2.9625387e-06 3.8331046e-04 2.7311978e-01 6.9219387e-01
 3.4225799e-02 7.3412091e-05 7.7644313e-07 1.0420778e-08]"
D:\Uni\Ulm\Master\Hiwi-Forschung-und-Lehre\FairFace\detected_faces\848144_face0.jpg,Black,Black,Male,20-29,"[4.1311036e-04 9.4857353e-01 1.5917704e-02 6.6438673e-07 2.3241248e-05
 1.8134203e-02 1.6937522e-02]",[5.4539156e-05 9.8336977e-01 1.6921314e-05 1.6558865e-02],[9.9999982e-01 2.2804979e-07],"[1.6846241e-07 3.0444891e-05 5.8940612e-03 7.2598767e-01 2.6396593e-01
 4.1133827e-03 8.3098703e-06 9.0066827e-08 1.4314231e-09]"
D:\Uni\Ulm\Master\Hiwi-Forschung-und-Lehre\FairFace\detected_faces\848182_face0.jpg,Black,Black,Male,30-39,"[1.7373149e-07 9.9999356e-01 3.1099244e-06 3.4132761e-09 7.0257506e-08
 2.4240628e-06 6.1550691e-07]",[1.00726176e-07 9.99997556e-01 7.79514778e-07 1.59422223e-06],[9.9997777e-01 2.2277944e-05],"[6.1198841e-07 2.5818079e-05 9.8452193e-04 1.3784039e-01 6.7141306e-01
 1.8616131e-01 3.5236843e-03 4.7741662e-05 2.8199804e-06]"
D:\Uni\Ulm\Master\Hiwi-Forschung-und-Lehre\FairFace\detected_faces\848185_face0.jpg,White,White,Male,20-29,"[7.16868460e-01 1.07698535e-04 2.46870574e-02 6.60066362e-05
 1.67054051e-04 4.22062702e-04 2.57681668e-01]",[9.9920952e-01 3.3030380e-04 1.9367889e-04 2.6647694e-04],[9.9999976e-01 1.9344425e-07],"[2.3703733e-07 1.1626998e-05 2.6637905e-03 6.4949232e-01 3.4152672e-01
 6.2874560e-03 1.7668815e-05 1.7893676e-07 2.4701114e-09]"
D:\Uni\Ulm\Master\Hiwi-Forschung-und-Lehre\FairFace\detected_faces\848215_face0.jpg,Middle Eastern,White,Male,20-29,"[8.0253951e-02 4.2087416e-04 2.9092385e-02 1.6947990e-05 5.9170576e-05
 4.8394059e-03 8.8531727e-01]",[0.762996   0.06447278 0.00089326 0.17163786],[9.999997e-01 2.936087e-07],"[3.6213670e-08 4.6240957e-06 3.3469661e-03 8.2479203e-01 1.7104198e-01
 8.1343635e-04 9.2201032e-07 8.2136626e-09 1.2123930e-10]"
D:\Uni\Ulm\Master\Hiwi-Forschung-und-Lehre\FairFace\detected_faces\848264_face0.jpg,Middle Eastern,White,Male,20-29,"[2.7127072e-01 2.1117453e-03 1.9108643e-01 2.5252612e-05 1.6959177e-04
 9.6541311e-04 5.3437084e-01]",[0.9402023  0.05308089 0.00276246 0.00395422],[9.9999863e-01 1.3956331e-06],"[2.8430826e-08 2.5022453e-06 1.8966162e-03 6.5696943e-01 3.3627290e-01
 4.8480998e-03 1.0277479e-05 1.2947811e-07 1.3217910e-09]"
D:\Uni\Ulm\Master\Hiwi-Forschung-und-Lehre\FairFace\detected_faces\848276_face0.jpg,Black,Black,Male,30-39,"[2.0825289e-06 9.9996811e-01 1.6392758e-05 6.4829719e-09 5.4156825e-08
 1.2041722e-05 1.3522912e-06]",[2.2628462e-06 9.9996966e-01 4.2941292e-07 2.7693934e-05],[9.999660e-01 3.402162e-05],"[1.9265253e-06 1.5542842e-04 9.4864592e-03 3.6792937e-01 5.1927060e-01
 1.0088047e-01 2.2286240e-03 4.5218036e-05 1.8862206e-06]"
D:\Uni\Ulm\Master\Hiwi-Forschung-und-Lehre\FairFace\detected_faces\848279_face0.jpg,Black,Black,Male,20-29,"[2.8378618e-04 9.9525356e-01 4.3560201e-03 1.1042172e-06 3.4235025e-05
 1.2681922e-05 5.8523325e-05]",[7.3933101e-05 9.9983972e-01 7.5442389e-05 1.0907704e-05],[9.9999982e-01 1.6941915e-07],"[2.4087653e-08 2.3645412e-06 1.2976049e-02 8.7256813e-01 1.0951768e-01
 4.8636007e-03 7.0329013e-05 1.7054546e-06 5.3971100e-08]"
D:\Uni\Ulm\Master\Hiwi-Forschung-und-Lehre\FairFace\detected_faces\848287_face0.jpg,Black,Black,Male,30-39,"[1.3631890e-06 9.9999207e-01 4.5415572e-06 4.5649982e-09 9.2160512e-08
 1.3618728e-06 5.7957760e-07]",[1.3147288e-06 9.9999708e-01 6.6377675e-07 8.7769882e-07],[9.9999964e-01 3.3448492e-07],"[3.3458713e-07 1.4556760e-05 4.0007071e-03 4.2373803e-01 4.7234994e-01
 9.4778933e-02 4.9371556e-03 1.7204897e-04 8.3548084e-06]"
D:\Uni\Ulm\Master\Hiwi-Forschung-und-Lehre\FairFace\detected_faces\848338_face0.jpg,White,White,Male,20-29,"[9.89152670e-01 1.28777865e-05 2.58227228e-03 8.08311597e-05
 1.03260274e-04 9.09272057e-06 8.05907790e-03]",[9.9916285e-01 1.4596098e-04 3.1051840e-04 3.8066492e-04],[9.9998915e-01 1.0801504e-05],"[2.0053493e-08 7.8193170e-06 4.9569286e-02 9.0660924e-01 4.3488115e-02
 3.2463117e-04 9.7260772e-07 1.0449316e-08 2.1530450e-10]"
D:\Uni\Ulm\Master\Hiwi-Forschung-und-Lehre\FairFace\detected_faces\848355_face0.jpg,White,White,Male,20-29,"[7.63002515e-01 6.38842862e-03 1.17262036e-01 1.57637733e-05
 1.58186056e-04 7.07355270e-04 1.12465687e-01]",[0.95917803 0.03392306 0.00169779 0.00520109],[9.9999821e-01 1.8268232e-06],"[6.2388415e-07 5.5579312e-06 2.4966088e-03 5.1236510e-01 4.6468312e-01
 2.0163419e-02 2.7614468e-04 9.1897655e-06 1.8114729e-07]"
D:\Uni\Ulm\Master\Hiwi-Forschung-und-Lehre\FairFace\detected_faces\848380_face0.jpg,White,White,Male,20-29,"[9.8741984e-01 1.7223954e-05 3.4930683e-03 5.3908852e-06 2.8606581e-05
 3.4079643e-05 9.0017626e-03]",[9.9396437e-01 3.0923821e-03 3.0486932e-04 2.6383516e-03],[9.999998e-01 1.736464e-07],"[5.3675109e-08 2.3342694e-05 3.6514807e-02 8.1390733e-01 1.4437903e-01
 5.1392880e-03 3.5918598e-05 2.4080350e-07 2.2585827e-09]"
D:\Uni\Ulm\Master\Hiwi-Forschung-und-Lehre\FairFace\detected_faces\848384_face0.jpg,Middle Eastern,White,Male,20-29,"[1.4970435e-01 4.7966500e-05 1.8980602e-02 4.3274886e-06 1.6921997e-05
 8.8949583e-04 8.3035630e-01]",[9.8674732e-01 7.2880448e-03 3.2299242e-04 5.6416066e-03],[9.9998355e-01 1.6419946e-05],"[3.5448619e-07 1.7627106e-05 5.1521356e-03 8.4310198e-01 1.5030183e-01
 1.4232456e-03 2.7924661e-06 3.9791445e-08 7.8767676e-10]"
D:\Uni\Ulm\Master\Hiwi-Forschung-und-Lehre\FairFace\detected_faces\848385_face0.jpg,White,White,Male,20-29,"[8.5941225e-01 3.1933110e-04 5.3522613e-02 1.3565540e-04 6.4876187e-04
 2.6294022e-04 8.5698485e-02]",[9.8503470e-01 1.0810005e-02 3.2193481e-03 9.3583408e-04],[9.9961931e-01 3.8067866e-04],"[2.6925949e-08 1.6781427e-05 5.8003664e-02 8.6478388e-01 7.6088518e-02
 1.0980719e-03 8.9100331e-06 1.6353678e-07 3.9432493e-09]"
D:\Uni\Ulm\Master\Hiwi-Forschung-und-Lehre\FairFace\detected_faces\848420_face0.jpg,White,White,Male,20-29,"[9.7607452e-01 2.5439569e-05 1.2705285e-02 1.5427473e-05 2.5533192e-05
 4.3287007e-05 1.1110375e-02]",[9.9914974e-01 1.5821912e-04 3.6129676e-04 3.3065464e-04],[9.9999994e-01 9.6256613e-08],"[6.1514271e-08 2.2321867e-06 2.2820749e-03 5.8535618e-01 3.9916816e-01
 1.3136714e-02 5.4358428e-05 2.7048966e-07 2.1260029e-09]"
D:\Uni\Ulm\Master\Hiwi-Forschung-und-Lehre\FairFace\detected_faces\848455_face0.jpg,White,White,Male,20-29,"[9.8837090e-01 1.8762576e-05 2.6892552e-03 4.4513563e-06 1.5384499e-05
 3.6208203e-05 8.8648861e-03]",[9.9967891e-01 9.1057518e-05 3.9827413e-05 1.9017026e-04],[9.9999851e-01 1.5465915e-06],"[4.2180101e-08 6.5381960e-06 7.0226793e-03 7.8897983e-01 1.9800393e-01
 5.9680305e-03 1.8783954e-05 1.3843572e-07 2.0155460e-09]"
D:\Uni\Ulm\Master\Hiwi-Forschung-und-Lehre\FairFace\detected_faces\848484_face0.jpg,White,White,Male,20-29,"[9.0732098e-01 7.7188579e-06 1.6440621e-02 2.0514838e-03 1.0810673e-03
 6.4743414e-05 7.3033355e-02]",[9.8768568e-01 1.7672081e-05 1.1952025e-02 3.4464942e-04],[9.9999607e-01 3.9193128e-06],"[8.5670969e-08 5.9001368e-06 8.8519063e-03 7.4688548e-01 2.3947388e-01
 4.7690994e-03 1.3505606e-05 1.4846908e-07 1.7405635e-09]"
D:\Uni\Ulm\Master\Hiwi-Forschung-und-Lehre\FairFace\detected_faces\848512_face0.jpg,Black,Black,Male,30-39,"[2.7218587e-06 9.9944121e-01 2.7736338e-04 2.2143621e-07 2.6552199e-05
 1.1847213e-04 1.3350233e-04]",[1.3829922e-05 9.9941045e-01 5.7074794e-05 5.1862013e-04],[9.9999994e-01 5.2733309e-08],"[4.6936429e-07 9.3195376e-06 3.8905898e-03 3.1119329e-01 5.3862077e-01
 1.3845493e-01 7.6315235e-03 1.9317669e-04 6.0407137e-06]"
D:\Uni\Ulm\Master\Hiwi-Forschung-und-Lehre\FairFace\detected_faces\848515_face0.jpg,White,White,Male,20-29,"[9.9912959e-01 8.2759209e-07 2.4883013e-04 9.5509940e-06 1.6441043e-05
 4.2123892e-07 5.9436361e-04]",[9.99950588e-01 1.17349609e-05 2.54639526e-05 1.21944695e-05],[9.9998319e-01 1.6753082e-05],"[1.6421708e-09 2.0052746e-06 5.4025345e-02 9.2734331e-01 1.8432323e-02
 1.9564341e-04 1.4200134e-06 1.8862547e-08 2.8852912e-10]"
D:\Uni\Ulm\Master\Hiwi-Forschung-und-Lehre\FairFace\detected_faces\848536_face0.jpg,Indian,Indian,Male,30-39,"[1.0490885e-02 3.3365492e-02 1.2725808e-01 8.4403573e-06 2.3198967e-04
 6.7659682e-01 1.5204832e-01]",[0.04784839 0.0208414  0.00205765 0.9292525 ],[9.999997e-01 2.963679e-07],"[2.2749309e-06 4.0012830e-05 5.5001880e-04 9.7071938e-02 7.4133027e-01
 1.5959357e-01 1.4008794e-03 1.0896419e-05 1.3050747e-07]"
D:\Uni\Ulm\Master\Hiwi-Forschung-und-Lehre\FairFace\detected_faces\848566_face0.jpg,White,White,Male,30-39,"[7.4399120e-01 1.2050647e-03 1.7636413e-02 2.9216396e-06 1.4462987e-05
 3.7697016e-04 2.3677295e-01]",[0.9706695  0.01896621 0.00104834 0.00931595],[9.9999833e-01 1.6485461e-06],"[1.0515103e-07 8.7352701e-06 8.0736191e-04 4.7403273e-01 5.1594365e-01
 9.1897501e-03 1.7558799e-05 1.2820082e-07 2.0401467e-09]"
D:\Uni\Ulm\Master\Hiwi-Forschung-und-Lehre\FairFace\detected_faces\848589_face0.jpg,Latino_Hispanic,White,Male,20-29,"[3.1233910e-01 3.1562059e-03 4.3670171e-01 2.6984603e-04 1.5398709e-03
 6.7978278e-02 1.7801505e-01]",[0.61885047 0.01705976 0.00496996 0.35911977],[9.9999338e-01 6.6212165e-06],"[3.0147999e-07 1.5374164e-04 6.2907182e-02 9.1202694e-01 2.4719009e-02
 1.9214243e-04 6.8308168e-07 2.9989607e-08 6.6021044e-10]"
D:\Uni\Ulm\Master\Hiwi-Forschung-und-Lehre\FairFace\detected_faces\848680_face0.jpg,Black,Black,Male,20-29,"[2.4894513e-07 9.9997151e-01 1.0968692e-05 3.9775139e-09 3.2320600e-07
 1.6471660e-05 4.4273693e-07]",[5.0534095e-07 9.9998778e-01 5.4452107e-07 1.1253751e-05],[9.9998844e-01 1.1517446e-05],"[1.8469139e-08 1.7801365e-05 4.0640198e-02 9.0078139e-01 5.7906006e-02
 6.5216282e-04 2.4310727e-06 4.7528015e-08 2.2030890e-09]"
D:\Uni\Ulm\Master\Hiwi-Forschung-und-Lehre\FairFace\detected_faces\848922_face0.jpg,White,White,Male,20-29,"[9.9703234e-01 1.9225625e-05 1.0055033e-03 2.5229326e-06 9.3426697e-06
 9.3296549e-06 1.9217404e-03]",[9.9590605e-01 2.5184676e-03 4.7441904e-04 1.1010334e-03],[9.9999595e-01 4.0726641e-06],"[1.7137429e-06 1.4961210e-04 1.1754115e-02 6.4821130e-01 3.2409421e-01
 1.5616725e-02 1.6974691e-04 2.6342311e-06 5.5886193e-08]"
D:\Uni\Ulm\Master\Hiwi-Forschung-und-Lehre\FairFace\detected_faces\848926_face0.jpg,Latino_Hispanic,White,Male,20-29,"[3.0055526e-01 2.7598621e-04 5.6103569e-01 3.2209235e-03 6.8749310e-03
 2.2380583e-03 1.2579912e-01]",[9.85983670e-01 2.54756538e-04 1.00497035e-02 3.71181243e-03],[1.0000000e+00 3.3548326e-09],"[6.8500464e-07 2.7077273e-05 9.2232646e-03 7.5978279e-01 2.2723374e-01
 3.7131838e-03 1.9011557e-05 3.2132507e-07 2.1983695e-09]"
D:\Uni\Ulm\Master\Hiwi-Forschung-und-Lehre\FairFace\detected_faces\848980_face0.jpg,White,White,Male,30-39,"[9.3613142e-01 1.1521877e-05 1.3717943e-02 4.7315469e-05 8.1674487e-05
 3.5125317e-04 4.9658842e-02]",[9.9989074e-01 1.0608902e-05 4.2727032e-05 5.5938275e-05],[9.9999702e-01 2.9955052e-06],"[8.47842557e-07 1.10507926e-05 8.82587279e-04 4.75575358e-01
 5.03194451e-01 2.02298239e-02 1.04587605e-04 1.32849755e-06
 2.30369679e-08]"
D:\Uni\Ulm\Master\Hiwi-Forschung-und-Lehre\FairFace\detected_faces\849009_face0.jpg,Middle Eastern,White,Male,30-39,"[0.16979803 0.00332993 0.30060795 0.00211564 0.0053022  0.01669226
 0.50215405]",[0.98580813 0.001687   0.00157558 0.01092935],[9.9973530e-01 2.6470775e-04],"[1.9947282e-05 3.9362826e-04 2.5558590e-03 3.0829442e-01 6.4356428e-01
 4.4805422e-02 3.5990292e-04 6.3543407e-06 2.1570774e-07]"
D:\Uni\Ulm\Master\Hiwi-Forschung-und-Lehre\FairFace\detected_faces\849020_face0.jpg,White,White,Male,20-29,"[6.77213192e-01 1.05361559e-03 2.08733380e-01 1.75868830e-04
 1.34809013e-03 3.69214773e-04 1.11106694e-01]",[0.9434568  0.03654766 0.00445911 0.0155364 ],[9.9999976e-01 2.3626608e-07],"[1.2050580e-07 5.0024046e-05 2.9902248e-02 7.5130123e-01 2.1081826e-01
 7.8350315e-03 9.1440015e-05 1.6595461e-06 1.7912068e-08]"
D:\Uni\Ulm\Master\Hiwi-Forschung-und-Lehre\FairFace\detected_faces\849126_face0.jpg,Middle Eastern,White,Male,30-39,"[1.8517659e-03 8.2659666e-05 3.5038434e-03 1.0531563e-06 1.0223241e-05
 5.1835105e-03 9.8936695e-01]",[0.76943237 0.00610386 0.00290445 0.22155939],[9.9999714e-01 2.8507457e-06],"[5.7621269e-06 7.2227958e-05 4.8493643e-04 7.8184657e-02 6.4555019e-01
 2.7101222e-01 4.6488694e-03 4.0227740e-05 8.6167341e-07]"
D:\Uni\Ulm\Master\Hiwi-Forschung-und-Lehre\FairFace\detected_faces\849161_face0.jpg,White,White,Male,20-29,"[6.0613954e-01 3.2661107e-04 8.2444951e-02 1.3161656e-04 3.7284402e-04
 2.9776189e-03 3.0760676e-01]",[9.8360157e-01 2.3209041e-03 5.7106337e-04 1.3506483e-02],[9.9998736e-01 1.2682857e-05],"[4.1816637e-08 1.6784755e-06 9.3726552e-04 6.7825031e-01 3.1692237e-01
 3.8797401e-03 8.5635647e-06 1.1541760e-07 2.2428674e-09]"
D:\Uni\Ulm\Master\Hiwi-Forschung-und-Lehre\FairFace\detected_faces\849214_face0.jpg,White,White,Male,20-29,"[9.9745476e-01 3.4706845e-06 4.1158756e-04 1.0349023e-06 4.3767436e-06
 3.4845798e-05 2.0899652e-03]",[9.999478e-01 1.674552e-05 3.876216e-06 3.160065e-05],[9.9999905e-01 9.0303570e-07],"[1.8651894e-08 2.7151934e-06 1.2267465e-02 9.3697292e-01 5.0366353e-02
 3.8836172e-04 2.0714238e-06 1.8693241e-08 4.9380072e-10]"
D:\Uni\Ulm\Master\Hiwi-Forschung-und-Lehre\FairFace\detected_faces\849267_face0.jpg,Middle Eastern,Indian,Male,20-29,"[7.0356382e-03 5.8508581e-03 7.5787514e-02 1.1932060e-05 1.3578076e-04
 6.2049203e-02 8.4912908e-01]",[0.1273625  0.08355293 0.00318063 0.785904  ],[1.0000000e+00 1.4797232e-08],"[5.8772116e-08 9.4997295e-06 1.7006155e-03 6.1718994e-01 3.7053213e-01
 1.0527252e-02 4.0114457e-05 4.3697128e-07 4.0067998e-09]"
D:\Uni\Ulm\Master\Hiwi-Forschung-und-Lehre\FairFace\detected_faces\849271_face0.jpg,Black,Black,Male,20-29,"[2.5441016e-06 9.9986863e-01 6.5782435e-05 1.8854017e-06 4.5434117e-05
 1.1446588e-05 4.2486849e-06]",[8.9570585e-07 9.9996424e-01 2.8306586e-05 6.5563954e-06],[9.9999273e-01 7.2784514e-06],"[6.9616055e-07 4.5160996e-04 1.2537631e-01 8.0750078e-01 6.3983999e-02
 2.6585474e-03 2.7213726e-05 7.6471036e-07 5.7382060e-08]"
D:\Uni\Ulm\Master\Hiwi-Forschung-und-Lehre\FairFace\detected_faces\849274_face0.jpg,Latino_Hispanic,Indian,Male,20-29,"[0.12103409 0.02093549 0.56466776 0.00063504 0.00533431 0.12710771
 0.1602857 ]",[0.23046513 0.02598539 0.03301926 0.7105302 ],[9.9998188e-01 1.8112294e-05],"[6.2243730e-09 1.8371582e-06 1.6806494e-02 9.1914541e-01 6.3851155e-02
 1.9485461e-04 2.4905344e-07 7.4880413e-09 1.5612089e-10]"
D:\Uni\Ulm\Master\Hiwi-Forschung-und-Lehre\FairFace\detected_faces\849284_face0.jpg,Middle Eastern,White,Male,20-29,"[1.1972788e-01 1.1673048e-04 4.1652940e-02 2.6912416e-05 1.2426163e-04
 1.5646170e-03 8.3678663e-01]",[0.9449029  0.03112254 0.00132417 0.02265051],[9.9998301e-01 1.6930291e-05],"[1.6221377e-07 1.6365982e-04 9.1032319e-02 8.7707335e-01 3.1497747e-02
 2.3229506e-04 4.8112065e-07 1.5077243e-08 3.0526245e-10]"
D:\Uni\Ulm\Master\Hiwi-Forschung-und-Lehre\FairFace\detected_faces\849309_face0.jpg,Black,Black,Male,30-39,"[1.6097709e-06 9.9990857e-01 7.0357331e-05 1.5633302e-07 2.8043712e-06
 1.5332282e-05 1.3728560e-06]",[2.7372159e-06 9.9998862e-01 5.2346877e-06 3.3687959e-06],[9.9999887e-01 1.1387298e-06],"[2.0625731e-07 1.2453490e-05 4.2123450e-03 4.0225402e-01 4.2204213e-01
 1.5504661e-01 1.5821835e-02 5.8463542e-04 2.5776008e-05]"
D:\Uni\Ulm\Master\Hiwi-Forschung-und-Lehre\FairFace\detected_faces\849429_face0.jpg,Middle Eastern,White,Male,20-29,"[8.7410502e-02 3.2328193e-03 2.3599501e-01 3.2525004e-05 1.7609491e-04
 9.4628800e-03 6.6369015e-01]",[0.8133226  0.06272539 0.00179148 0.12216042],[9.9999851e-01 1.5148999e-06],"[3.1627005e-07 2.6866986e-05 2.7734265e-03 6.9839829e-01 2.9585356e-01
 2.9437095e-03 3.7649713e-06 2.3578345e-08 3.0026129e-10]"
D:\Uni\Ulm\Master\Hiwi-Forschung-und-Lehre\FairFace\detected_faces\849493_face0.jpg,Middle Eastern,White,Male,20-29,"[4.2336059e-01 1.2284535e-04 2.5069162e-02 1.2785826e-04 1.5607390e-04
 3.8879062e-04 5.5077475e-01]",[9.953644e-01 1.052205e-03 9.790562e-04 2.604373e-03],[1.0000000e+00 2.9140239e-08],"[7.56586900e-08 1.11240224e-04 1.28310725e-01 8.46868753e-01
 2.44065821e-02 3.01265303e-04 1.33786909e-06 3.13709769e-08
 3.59524244e-10]"
D:\Uni\Ulm\Master\Hiwi-Forschung-und-Lehre\FairFace\detected_faces\849542_face0.jpg,Middle Eastern,White,Male,20-29,"[7.6076584e-03 3.3129672e-05 3.9766189e-03 5.6393965e-06 3.1485572e-05
 8.1652164e-04 9.8752892e-01]",[0.9503566  0.00095566 0.00594809 0.04273967],[9.9999338e-01 6.6300104e-06],"[1.3438374e-07 1.7952079e-04 1.1811729e-01 8.3271497e-01 4.8505645e-02
 4.8121903e-04 1.2516593e-06 2.1199787e-08 4.0975223e-10]"
D:\Uni\Ulm\Master\Hiwi-Forschung-und-Lehre\FairFace\detected_faces\849544_face0.jpg,White,White,Male,20-29,"[5.9740859e-01 3.7338959e-05 7.8796484e-02 2.6819360e-04 3.8128422e-04
 4.8449883e-04 3.2262364e-01]",[9.9777985e-01 3.9924160e-04 5.1698397e-04 1.3040305e-03],[9.9999976e-01 2.3539073e-07],"[1.0227750e-08 3.6721117e-06 9.2979511e-03 9.3966544e-01 5.0934870e-02
 9.7951393e-05 1.1261943e-07 1.2516677e-09 1.3750786e-11]"
D:\Uni\Ulm\Master\Hiwi-Forschung-und-Lehre\FairFace\detected_faces\849573_face0.jpg,White,White,Male,30-39,"[5.0105667e-01 3.5020371e-04 1.8542688e-01 5.7803951e-05 1.3675482e-04
 8.8509331e-03 3.0412078e-01]",[9.9662066e-01 1.8305704e-04 2.0836593e-04 2.9878994e-03],[9.9998218e-01 1.7782975e-05],"[1.5741531e-07 4.7420071e-06 9.2330639e-04 4.5994601e-01 5.2678961e-01
 1.2299884e-02 3.6046164e-05 2.3265274e-07 3.3759051e-09]"
D:\Uni\Ulm\Master\Hiwi-Forschung-und-Lehre\FairFace\detected_faces\849574_face0.jpg,Latino_Hispanic,Indian,Male,20-29,"[9.6221320e-02 1.2261347e-02 4.3747473e-01 6.5889879e-05 6.3384778e-04
 7.8546137e-02 3.7479663e-01]",[0.08134194 0.29936972 0.00246108 0.6168272 ],[9.9997365e-01 2.6292890e-05],"[2.6841113e-07 6.6075154e-05 1.9185893e-02 8.4116173e-01 1.3603927e-01
 3.5073454e-03 3.8633665e-05 8.4948061e-07 2.4299540e-08]"
D:\Uni\Ulm\Master\Hiwi-Forschung-und-Lehre\FairFace\detected_faces\849577_face0.jpg,Middle Eastern,Indian,Male,20-29,"[6.5107092e-02 8.1275329e-03 2.7622053e-01 4.4756257e-06 6.6251559e-05
 2.5054270e-02 6.2541980e-01]",[0.35019094 0.25219652 0.00096132 0.39665124],[9.9999976e-01 1.8540388e-07],"[2.9451478e-08 2.2135457e-05 3.0766631e-02 9.0498090e-01 6.3605063e-02
 6.2323117e-04 2.0443399e-06 3.4403676e-08 3.7564904e-10]"
D:\Uni\Ulm\Master\Hiwi-Forschung-und-Lehre\FairFace\detected_faces\849623_face0.jpg,Black,Black,Male,20-29,"[8.8817268e-07 9.9944317e-01 3.8087815e-05 2.2849020e-08 1.2642023e-06
 5.1334320e-04 3.2355676e-06]",[1.3294524e-06 9.9965286e-01 6.3021821e-06 3.3949941e-04],[9.9999851e-01 1.4707359e-06],"[6.0853992e-08 6.9281682e-06 6.4418321e-03 5.5148137e-01 4.0607795e-01
 3.5351053e-02 6.3352264e-04 7.2402872e-06 1.0992774e-07]"
D:\Uni\Ulm\Master\Hiwi-Forschung-und-Lehre\FairFace\detected_faces\849642_face0.jpg,White,White,Male,20-29,"[9.8691851e-01 8.1666049e-06 4.3164459e-03 3.1329499e-05 4.3898268e-05
 4.1039282e-05 8.6405491e-03]",[9.9981993e-01 6.8589252e-05 4.6738471e-05 6.4709384e-05],[1.0000000e+00 2.8688795e-08],"[1.3533505e-08 6.0054339e-07 1.3315447e-03 6.5036839e-01 3.4416693e-01
 4.1239774e-03 8.4334961e-06 4.2619494e-08 3.5044001e-10]"
D:\Uni\Ulm\Master\Hiwi-Forschung-und-Lehre\FairFace\detected_faces\849719_face0.jpg,White,White,Male,20-29,"[7.7535737e-01 1.0711363e-05 3.2243799e-02 2.1355113e-04 1.4722682e-04
 8.6386877e-05 1.9194093e-01]",[9.9980462e-01 5.1276082e-05 5.5615437e-05 8.8456429e-05],[9.9997818e-01 2.1800803e-05],"[3.6117927e-07 8.9134344e-05 5.9388246e-02 8.3909625e-01 9.9870257e-02
 1.5499461e-03 5.7945408e-06 6.9815762e-08 9.2548547e-10]"
D:\Uni\Ulm\Master\Hiwi-Forschung-und-Lehre\FairFace\detected_faces\849731_face0.jpg,Black,Black,Male,30-39,"[1.9307447e-07 9.9999815e-01 9.8832186e-07 1.4352334e-09 1.4254099e-08
 5.7969669e-07 8.2292978e-08]",[4.25802853e-07 9.99999046e-01 1.05447775e-07 4.31945068e-07],[9.9999410e-01 5.9061986e-06],"[6.6275980e-08 1.4942951e-06 5.1210413e-04 1.6670080e-01 6.1596608e-01
 2.1275344e-01 4.0016016e-03 6.1195125e-05 3.1664079e-06]"
D:\Uni\Ulm\Master\Hiwi-Forschung-und-Lehre\FairFace\detected_faces\849831_face0.jpg,White,White,Male,20-29,"[9.1366214e-01 1.0918607e-04 8.9870756e-03 3.0854717e-05 1.4260976e-04
 1.6875622e-04 7.6899394e-02]",[9.9855721e-01 1.2082049e-03 7.9353485e-05 1.5526429e-04],[9.9999630e-01 3.7153975e-06],"[5.4371258e-06 2.3600823e-04 2.9412784e-02 4.6622300e-01 4.3897793e-01
 6.3121676e-02 1.9746472e-03 4.7578385e-05 9.2382885e-07]"
D:\Uni\Ulm\Master\Hiwi-Forschung-und-Lehre\FairFace\detected_faces\849913_face0.jpg,Latino_Hispanic,White,Male,20-29,"[3.7082765e-02 3.5596848e-03 4.8640749e-01 3.1024677e-04 9.0914231e-04
 6.2320600e-03 4.6549863e-01]",[0.6932084  0.03431229 0.05698026 0.21549907],[9.9999994e-01 4.9006204e-08],"[2.1832311e-06 7.5878175e-05 9.7615989e-03 6.4369929e-01 3.2708246e-01
 1.9170552e-02 2.0315660e-04 4.8975121e-06 2.9251797e-08]"
D:\Uni\Ulm\Master\Hiwi-Forschung-und-Lehre\FairFace\detected_faces\849923_face0.jpg,Black,Black,Male,20-29,"[8.1060205e-07 9.9970567e-01 2.2396429e-05 8.0229887e-07 1.3088669e-05
 2.5402085e-04 3.2817647e-06]",[9.3470538e-07 9.9980867e-01 5.5642809e-05 1.3476051e-04],[9.9971950e-01 2.8049186e-04],"[6.5839409e-08 2.4587776e-05 3.1868946e-02 7.8589928e-01 1.7243418e-01
 9.6365158e-03 1.3262601e-04 3.6458375e-06 1.8344376e-07]"
D:\Uni\Ulm\Master\Hiwi-Forschung-und-Lehre\FairFace\detected_faces\850025_face0.jpg,Middle Eastern,White,Male,30-39,"[2.5266895e-01 3.4896302e-04 2.4336042e-02 7.2566974e-07 3.1749910e-06
 1.7103652e-03 7.2093177e-01]",[9.924564e-01 2.513238e-03 2.824351e-05 5.002099e-03],[9.999994e-01 5.579708e-07],"[2.8334378e-07 3.9853967e-06 2.2447116e-04 1.5876874e-01 7.6193714e-01
 7.8579850e-02 4.8249704e-04 3.0355375e-06 2.7546935e-08]"
D:\Uni\Ulm\Master\Hiwi-Forschung-und-Lehre\FairFace\detected_faces\850035_face0.jpg,Latino_Hispanic,White,Male,30-39,"[3.6301720e-01 9.2898551e-03 5.8582759e-01 2.0803098e-04 1.0239007e-03
 2.6796006e-03 3.7953824e-02]",[0.9580924  0.00934419 0.02884857 0.0037148 ],[9.9999660e-01 3.4069385e-06],"[2.0318153e-05 2.5792370e-04 3.0495247e-03 3.4608400e-01 5.9726983e-01
 5.2768808e-02 5.3848122e-04 1.0887000e-05 1.5237663e-07]"
D:\Uni\Ulm\Master\Hiwi-Forschung-und-Lehre\FairFace\detected_faces\850318_face0.jpg,Middle Eastern,White,Male,10-19,"[0.16583069 0.00424    0.27892378 0.00080798 0.00188775 0.00231876
 0.545991  ]",[0.8669991  0.06950022 0.01537111 0.04812956],[9.9988681e-01 1.1319523e-04],"[6.2932934e-08 3.1490368e-04 6.6424716e-01 3.3106154e-01 4.3115811e-03
 6.4412619e-05 3.9066094e-07 1.7768087e-08 4.3720685e-10]"
D:\Uni\Ulm\Master\Hiwi-Forschung-und-Lehre\FairFace\detected_faces\850404_face0.jpg,Middle Eastern,Black,Male,20-29,"[0.02250098 0.02399391 0.3898873  0.00056659 0.00393346 0.01977527
 0.5393425 ]",[0.05351871 0.66308665 0.03607527 0.24731936],[1.0000000e+00 2.0302235e-08],"[3.2263225e-07 5.7327720e-06 1.9382479e-03 6.7288053e-01 3.0695635e-01
 1.7930789e-02 2.7955434e-04 8.3197365e-06 1.1019583e-07]"
D:\Uni\Ulm\Master\Hiwi-Forschung-und-Lehre\FairFace\detected_faces\850437_face0.jpg,Middle Eastern,White,Male,20-29,"[3.9921001e-01 6.7887471e-05 2.9882731e-02 1.4973209e-03 1.1573198e-03
 2.0742464e-04 5.6797737e-01]",[9.9456471e-01 6.1368762e-04 4.1430932e-03 6.7843648e-04],[9.9999946e-01 4.8545490e-07],"[1.9874565e-06 2.8570616e-04 3.4945417e-02 7.4098533e-01 2.1813191e-01
 5.6291497e-03 2.0087278e-05 3.5296173e-07 4.1201655e-09]"
D:\Uni\Ulm\Master\Hiwi-Forschung-und-Lehre\FairFace\detected_faces\850479_face0.jpg,White,White,Male,20-29,"[5.7669115e-01 4.2176296e-04 1.3535976e-01 1.5312542e-04 2.8028956e-04
 4.4398317e-03 2.8265408e-01]",[0.9383474  0.0021362  0.00197892 0.0575375 ],[9.9999815e-01 1.8096688e-06],"[4.5805908e-07 8.9658815e-06 1.2107625e-03 5.3360677e-01 4.5251045e-01
 1.2602358e-02 5.9632737e-05 5.6557673e-07 9.3076267e-09]"
D:\Uni\Ulm\Master\Hiwi-Forschung-und-Lehre\FairFace\detected_faces\850480_face0.jpg,White,White,Male,20-29,"[9.9767816e-01 1.8374253e-06 4.9289322e-04 1.8807233e-06 4.2404404e-06
 1.4352712e-05 1.8066829e-03]",[9.9991578e-01 2.4286153e-06 6.0318507e-06 7.5740121e-05],[9.999949e-01 5.157539e-06],"[1.8791756e-08 2.1145888e-06 4.9931958e-04 5.7349032e-01 4.2161834e-01
 4.3862998e-03 3.6304093e-06 2.0244769e-08 4.4035373e-10]"
D:\Uni\Ulm\Master\Hiwi-Forschung-und-Lehre\FairFace\detected_faces\850556_face0.jpg,Middle Eastern,White,Male,20-29,"[6.6921629e-02 2.7951144e-04 4.7350660e-02 6.7993824e-05 2.2226654e-04
 9.6112030e-04 8.8419682e-01]",[9.9412394e-01 9.3154603e-04 1.7055694e-03 3.2389257e-03],[9.9999726e-01 2.7577159e-06],"[3.4148418e-06 1.2653111e-04 2.3756573e-02 5.2784020e-01 3.9738449e-01
 4.9912132e-02 9.6125860e-04 1.5203085e-05 1.4099899e-07]"
D:\Uni\Ulm\Master\Hiwi-Forschung-und-Lehre\FairFace\detected_faces\850569_face0.jpg,Latino_Hispanic,White,Male,20-29,"[1.3249126e-01 5.8169235e-03 5.0915778e-01 3.5402234e-04 2.0628257e-03
 5.0642295e-03 3.4505296e-01]",[0.9675229  0.01733486 0.00689431 0.00824787],[9.998567e-01 1.433316e-04],"[6.8595412e-08 1.4269925e-04 3.1702006e-01 6.6333753e-01 1.9240005e-02
 2.5770429e-04 1.9064178e-06 4.9412602e-08 9.7766895e-10]"
D:\Uni\Ulm\Master\Hiwi-Forschung-und-Lehre\FairFace\detected_faces\850579_face0.jpg,Middle Eastern,White,Male,20-29,"[1.2723741e-01 1.6057047e-06 1.5614001e-03 1.3864677e-06 4.2948705e-06
 1.5486339e-04 8.7103903e-01]",[9.9361885e-01 1.8538792e-04 2.6963464e-05 6.1687599e-03],[9.9999607e-01 3.9493934e-06],"[7.7679632e-09 5.1406773e-06 2.7233019e-02 9.3516493e-01 3.7453186e-02
 1.4368561e-04 1.0487870e-07 1.4997072e-09 2.0602022e-11]"
D:\Uni\Ulm\Master\Hiwi-Forschung-und-Lehre\FairFace\detected_faces\850757_face0.jpg,Latino_Hispanic,White,Male,30-39,"[7.5235337e-02 3.7700634e-03 8.0239701e-01 7.3351176e-04 2.4101338e-03
 6.6574939e-02 4.8878945e-02]",[0.5127636  0.06775761 0.0057449  0.41373384],[9.9999970e-01 2.9526825e-07],"[1.0793901e-06 4.9306273e-06 6.6754874e-04 4.3069077e-01 5.4173660e-01
 2.6637034e-02 2.5726654e-04 4.7571930e-06 4.3796543e-08]"
