face_name_align,race,race4,gender,age,race_scores_fair,race_scores_fair_4,gender_scores_fair,age_scores_fair
D:\Uni\Ulm\Master\Hiwi-Forschung-und-Lehre\FairFace\detected_faces\1000008_face0.jpg,White,White,Male,20-29,"[7.6137298e-01 1.1015183e-03 2.3273425e-02 1.0492372e-03 7.0061500e-04
 4.5563495e-03 2.0794593e-01]",[9.8907882e-01 2.8325347e-04 2.5145370e-03 8.1233839e-03],[9.9991649e-01 8.3492145e-05],"[4.7462436e-06 7.9483070e-05 1.0754655e-02 6.5737873e-01 3.2257020e-01
 9.1484413e-03 6.0879916e-05 2.6577638e-06 7.8693560e-08]"
D:\Uni\Ulm\Master\Hiwi-Forschung-und-Lehre\FairFace\detected_faces\1000015_face0.jpg,Black,Black,Male,20-29,"[2.5650826e-07 9.9999559e-01 1.8263632e-06 3.3990069e-09 2.7626916e-08
 1.2886937e-06 1.0974260e-06]",[3.9080410e-07 9.9999422e-01 3.6191493e-06 1.7688246e-06],[9.9999964e-01 3.5818414e-07],"[8.0607060e-07 2.0435457e-04 5.9417146e-03 4.7818139e-01 4.7295168e-01
 4.2530853e-02 1.8799471e-04 1.1470743e-06 4.5864812e-08]"
D:\Uni\Ulm\Master\Hiwi-Forschung-und-Lehre\FairFace\detected_faces\1000016_face0.jpg,White,White,Male,20-29,"[9.99982595e-01 2.82874879e-08 1.63706545e-06 1.08003505e-07
 2.19252371e-07 6.72239580e-08 1.52486937e-05]",[9.9999720e-01 2.3901694e-07 2.0758553e-06 4.2480866e-07],[9.9999726e-01 2.7815272e-06],"[5.1012892e-09 1.2356082e-06 1.3851809e-02 9.3934399e-01 4.6083849e-02
 7.1494025e-04 4.0386522e-06 3.9092939e-08 1.2047445e-09]"
D:\Uni\Ulm\Master\Hiwi-Forschung-und-Lehre\FairFace\detected_faces\1000018_face0.jpg,White,White,Male,20-29,"[9.9832505e-01 7.5813665e-07 5.5683998e-04 1.0167368e-05 1.3122679e-05
 4.5201768e-06 1.0894259e-03]",[9.9977016e-01 5.6061617e-05 1.3789345e-04 3.5906862e-05],[9.9999774e-01 2.2831514e-06],"[2.7370974e-09 5.1137690e-06 7.2380640e-02 9.1825497e-01 9.3214521e-03
 3.7741531e-05 8.9277272e-08 9.5834984e-10 2.3447584e-11]"
D:\Uni\Ulm\Master\Hiwi-Forschung-und-Lehre\FairFace\detected_faces\1000139_face0.jpg,Black,Black,Male,20-29,"[3.6442540e-05 9.9777114e-01 8.1982225e-04 2.1704807e-06 2.7647971e-05
 1.1324059e-03 2.1037560e-04]",[1.6562124e-05 9.9007577e-01 6.6686480e-04 9.2408471e-03],[0.9938454  0.00615455],"[4.5638758e-06 1.0643079e-02 4.4628736e-01 4.8929849e-01 5.1749565e-02
 1.9714786e-03 4.2684307e-05 2.6477117e-06 9.1714888e-08]"
D:\Uni\Ulm\Master\Hiwi-Forschung-und-Lehre\FairFace\detected_faces\1000142_face0.jpg,Latino_Hispanic,Black,Male,20-29,"[0.01237246 0.14105804 0.36140084 0.00337409 0.02163872 0.16550285
 0.294653  ]",[0.0032594  0.9634049  0.00765922 0.02567656],[9.999995e-01 4.956799e-07],"[8.3218126e-08 3.9137842e-05 3.8260549e-02 8.9525115e-01 6.5414682e-02
 1.0295602e-03 4.7522694e-06 1.2803781e-07 1.8013485e-09]"
D:\Uni\Ulm\Master\Hiwi-Forschung-und-Lehre\FairFace\detected_faces\1000150_face0.jpg,Black,Black,Male,30-39,"[6.0069110e-06 9.9979162e-01 1.5096003e-04 1.5501643e-08 2.9732246e-07
 3.2281507e-05 1.8797564e-05]",[1.6483484e-05 9.9993223e-01 2.4699511e-05 2.6614762e-05],[1.0000000e+00 1.4264218e-08],"[7.2587204e-07 4.6027322e-05 1.6565119e-03 4.4927210e-01 5.1053858e-01
 3.8086511e-02 3.9467696e-04 4.7920444e-06 1.0143074e-07]"
D:\Uni\Ulm\Master\Hiwi-Forschung-und-Lehre\FairFace\detected_faces\1000163_face0.jpg,White,White,Male,10-19,"[4.9749395e-01 1.1676744e-04 1.7896408e-01 7.1627763e-04 1.2634036e-03
 2.1786066e-02 2.9965949e-01]",[0.90642023 0.00349551 0.02326426 0.06681997],[9.9999642e-01 3.5890994e-06],"[1.1153778e-06 7.3762392e-03 8.8808167e-01 1.0333558e-01 1.1847216e-03
 2.0535665e-05 8.7058645e-08 6.0602194e-09 1.5530488e-10]"
D:\Uni\Ulm\Master\Hiwi-Forschung-und-Lehre\FairFace\detected_faces\1000197_face0.jpg,White,White,Male,20-29,"[9.4056416e-01 8.4923377e-05 2.8889317e-02 2.7833925e-05 7.7421246e-05
 1.9977571e-04 3.0156568e-02]",[9.8789126e-01 6.4661383e-04 4.6344688e-03 6.8276324e-03],[9.999992e-01 7.639665e-07],"[6.2264952e-08 9.1762231e-06 1.4620275e-02 8.1714326e-01 1.6515680e-01
 3.0586228e-03 1.1707118e-05 1.6460197e-07 1.6639238e-09]"
D:\Uni\Ulm\Master\Hiwi-Forschung-und-Lehre\FairFace\detected_faces\1000247_face0.jpg,Middle Eastern,White,Male,20-29,"[1.6893739e-01 5.2235596e-04 5.0925970e-02 9.7990051e-06 5.8834725e-05
 3.3873029e-03 7.7615833e-01]",[9.3998349e-01 1.8491263e-02 3.9629999e-04 4.1128922e-02],[9.9999994e-01 5.6358576e-08],"[2.87516002e-07 6.48363712e-05 1.25289559e-02 8.73510838e-01
 1.12193659e-01 1.69559021e-03 5.68146061e-06 1.00378834e-07
 1.05196907e-09]"
D:\Uni\Ulm\Master\Hiwi-Forschung-und-Lehre\FairFace\detected_faces\1000252_face0.jpg,Black,Black,Male,20-29,"[3.5156479e-06 9.9991775e-01 4.9519909e-05 7.6356450e-08 2.3616381e-06
 2.0751433e-05 6.0132052e-06]",[1.5570029e-06 9.9997348e-01 1.7414512e-06 2.3235403e-05],[9.999997e-01 3.358487e-07],"[2.6663026e-08 4.2527503e-05 1.0343906e-01 8.5441595e-01 4.1256610e-02
 8.4009266e-04 5.5955707e-06 1.2959528e-07 5.3636251e-09]"
D:\Uni\Ulm\Master\Hiwi-Forschung-und-Lehre\FairFace\detected_faces\1000257_face0.jpg,White,White,Male,20-29,"[9.4201344e-01 4.2856089e-05 5.0376826e-03 2.4646213e-05 3.7005480e-05
 3.1155710e-06 5.2841175e-02]",[9.9900401e-01 6.3247391e-04 3.6010152e-04 3.4616698e-06],[9.9999964e-01 4.1645271e-07],"[1.2959922e-06 3.0992384e-04 1.8784724e-01 7.5032222e-01 5.9811469e-02
 1.6932333e-03 1.4274526e-05 3.5346824e-07 4.2263477e-09]"
D:\Uni\Ulm\Master\Hiwi-Forschung-und-Lehre\FairFace\detected_faces\1000270_face0.jpg,White,White,Male,20-29,"[4.7297978e-01 4.2912291e-04 2.2183593e-01 1.3219954e-03 3.5292252e-03
 7.3863873e-03 2.9251757e-01]",[9.9724889e-01 8.8210312e-05 1.8683329e-03 7.9462398e-04],[9.9999726e-01 2.7333263e-06],"[1.2089485e-07 1.9504949e-05 4.4836272e-02 9.1164613e-01 4.3156344e-02
 3.4061013e-04 9.1935220e-07 4.8017206e-08 6.3420319e-10]"
D:\Uni\Ulm\Master\Hiwi-Forschung-und-Lehre\FairFace\detected_faces\1000289_face0.jpg,Indian,Indian,Male,20-29,"[9.9067083e-03 1.0257521e-02 4.4255796e-01 2.3966256e-04 6.4832526e-03
 5.1705390e-01 1.3500917e-02]",[3.8164288e-03 1.2213132e-02 7.1045535e-04 9.8326004e-01],[1.0000000e+00 5.3534986e-08],"[9.4787787e-08 3.1701406e-04 1.9217327e-01 7.9350024e-01 1.3866485e-02
 1.4248278e-04 4.2234285e-07 9.2531787e-09 9.4645916e-11]"
D:\Uni\Ulm\Master\Hiwi-Forschung-und-Lehre\FairFace\detected_faces\1000292_face0.jpg,Latino_Hispanic,Black,Male,20-29,"[0.29575458 0.14108823 0.52234954 0.00293168 0.02268793 0.00327666
 0.01191142]",[0.1619034 0.8186437 0.0150903 0.0043627],[9.9999833e-01 1.6801814e-06],"[9.47194536e-08 1.20249184e-04 2.42107391e-01 7.35394955e-01
 2.21523307e-02 2.23229436e-04 1.70992178e-06 4.82859619e-08
 1.08715659e-09]"
D:\Uni\Ulm\Master\Hiwi-Forschung-und-Lehre\FairFace\detected_faces\1000347_face0.jpg,White,White,Male,20-29,"[9.6864796e-01 5.0833514e-05 1.2642395e-02 2.8328668e-06 1.4411128e-05
 4.0740078e-06 1.8637452e-02]",[9.8804069e-01 1.1740164e-02 1.3514851e-04 8.4040585e-05],[9.9999988e-01 1.1241347e-07],"[2.3000346e-10 1.7174760e-07 1.2871527e-02 9.6497279e-01 2.2111904e-02
 4.3515392e-05 4.3688882e-08 5.1047527e-10 5.7415240e-12]"
D:\Uni\Ulm\Master\Hiwi-Forschung-und-Lehre\FairFace\detected_faces\1000366_face0.jpg,Black,Black,Male,30-39,"[2.4281142e-05 9.9895185e-01 6.7976100e-04 2.4101701e-07 4.7310032e-06
 3.1370283e-04 2.5453995e-05]",[2.4173829e-05 9.9947548e-01 8.2953651e-05 4.1737914e-04],[9.9999923e-01 8.1241603e-07],"[7.8627801e-07 7.7776012e-06 1.5856148e-03 4.6531186e-01 4.8216945e-01
 4.9910598e-02 9.9803961e-04 1.5345277e-05 4.9716368e-07]"
D:\Uni\Ulm\Master\Hiwi-Forschung-und-Lehre\FairFace\detected_faces\1000397_face0.jpg,Middle Eastern,Indian,Male,20-29,"[1.26175536e-02 6.33922406e-04 4.86141182e-02 9.55266842e-07
 2.59633671e-05 1.03704914e-01 8.34402561e-01]",[4.9267318e-02 4.8245783e-03 7.4444528e-05 9.4583362e-01],[9.9999988e-01 1.3755471e-07],"[1.00161826e-08 6.05891000e-06 2.07182150e-02 9.43559289e-01
 3.54950055e-02 2.21117123e-04 2.66963355e-07 6.81125423e-09
 7.57791468e-11]"
D:\Uni\Ulm\Master\Hiwi-Forschung-und-Lehre\FairFace\detected_faces\1000449_face0.jpg,Black,Black,Male,20-29,"[2.0100413e-05 9.9837840e-01 1.3273852e-03 1.6295041e-06 1.9883371e-05
 2.0540890e-04 4.7187994e-05]",[1.8072966e-05 9.9963665e-01 2.0015090e-04 1.4506014e-04],[9.9999946e-01 5.6784876e-07],"[1.9977895e-07 7.9899701e-06 7.1572661e-03 6.5364730e-01 2.9740509e-01
 4.0408351e-02 1.3231387e-03 4.9391878e-05 1.3134908e-06]"
D:\Uni\Ulm\Master\Hiwi-Forschung-und-Lehre\FairFace\detected_faces\1000473_face0.jpg,Middle Eastern,Black,Male,30-39,"[6.1100557e-02 1.2858479e-01 1.5752456e-01 6.3100360e-06 9.7479264e-05
 2.3729827e-02 6.2895650e-01]",[1.08473070e-01 8.80915940e-01 3.84610583e-04 1.02263605e-02],[9.9999630e-01 3.7370598e-06],"[5.3155077e-07 2.9682712e-06 2.9967510e-04 2.0442906e-01 7.3498678e-01
 5.9627090e-02 6.4150611e-04 1.2089585e-05 2.2670112e-07]"
D:\Uni\Ulm\Master\Hiwi-Forschung-und-Lehre\FairFace\detected_faces\1000483_face0.jpg,White,White,Male,30-39,"[9.3548948e-01 3.1516185e-05 3.3511575e-02 4.0198810e-04 2.7891772e-04
 2.0061922e-04 3.0085895e-02]",[9.9515641e-01 2.3343014e-04 4.3221228e-03 2.8803572e-04],[9.9999976e-01 2.2398790e-07],"[2.1212660e-05 1.4238094e-03 2.9736852e-02 4.1606781e-01 5.1646644e-01
 3.6006514e-02 2.7479141e-04 2.5507850e-06 1.9485329e-08]"
D:\Uni\Ulm\Master\Hiwi-Forschung-und-Lehre\FairFace\detected_faces\1000531_face0.jpg,Middle Eastern,White,Male,20-29,"[5.2850548e-02 6.4002391e-04 4.0105909e-02 2.5799789e-05 6.6341570e-05
 1.0831617e-03 9.0522826e-01]",[9.4021600e-01 4.5487169e-02 4.6628781e-04 1.3830565e-02],[9.9998736e-01 1.2677047e-05],"[4.6280604e-07 1.2336718e-04 4.9206693e-02 8.9707136e-01 5.3064223e-02
 5.3256837e-04 1.2730553e-06 3.4933414e-08 7.6919537e-10]"
D:\Uni\Ulm\Master\Hiwi-Forschung-und-Lehre\FairFace\detected_faces\1000541_face0.jpg,Middle Eastern,White,Male,20-29,"[2.7884254e-01 6.2926563e-05 2.0625617e-02 1.1220902e-05 2.5871643e-05
 1.3008788e-04 7.0030171e-01]",[0.95857984 0.02373788 0.00422799 0.01345431],[9.9999863e-01 1.3715572e-06],"[8.6012768e-08 1.7282568e-05 2.9426454e-02 9.2817688e-01 4.2099446e-02
 2.7919142e-04 6.4369340e-07 1.5561307e-08 2.0236240e-10]"
D:\Uni\Ulm\Master\Hiwi-Forschung-und-Lehre\FairFace\detected_faces\1000670_face0.jpg,White,White,Male,20-29,"[4.9759060e-01 2.0753825e-04 5.1826019e-02 1.9751952e-04 3.7547442e-04
 1.2127919e-03 4.4859007e-01]",[9.9966753e-01 7.3456315e-05 9.5771167e-05 1.6326725e-04],[9.9999326e-01 6.7409064e-06],"[5.3936816e-07 8.7692912e-05 3.9942775e-02 9.0226889e-01 5.7322606e-02
 3.7645458e-04 9.8835562e-07 2.6260031e-08 5.5030341e-10]"
D:\Uni\Ulm\Master\Hiwi-Forschung-und-Lehre\FairFace\detected_faces\1000671_face0.jpg,White,White,Male,10-19,"[8.7071025e-01 6.1585102e-05 3.6619566e-02 6.2840839e-04 3.2806379e-04
 6.5207169e-05 9.1586806e-02]",[9.9251395e-01 7.6828827e-04 6.0383105e-03 6.7952328e-04],[9.999873e-01 1.265023e-05],"[1.18304115e-07 2.77341198e-04 5.91464102e-01 4.05664772e-01
 2.57264473e-03 2.10446706e-05 5.62394646e-08 1.64875036e-09
 3.48312559e-11]"
D:\Uni\Ulm\Master\Hiwi-Forschung-und-Lehre\FairFace\detected_faces\1000674_face0.jpg,White,White,Male,20-29,"[9.9452239e-01 7.2912785e-06 2.9925152e-03 6.3477067e-04 4.4079794e-04
 5.3336425e-06 1.3968784e-03]",[9.8598021e-01 9.7129938e-05 1.3875581e-02 4.7116751e-05],[9.999994e-01 6.209341e-07],"[4.2379617e-07 9.7197670e-05 2.1141168e-02 8.2438612e-01 1.5143618e-01
 2.9128848e-03 2.5823363e-05 2.5083199e-07 3.6039152e-09]"
D:\Uni\Ulm\Master\Hiwi-Forschung-und-Lehre\FairFace\detected_faces\1000676_face0.jpg,White,White,Male,20-29,"[9.9214095e-01 2.5531667e-06 1.2079442e-03 1.4099022e-04 4.4283341e-05
 3.4328696e-05 6.4288671e-03]",[9.9981582e-01 5.4049483e-06 1.5475784e-04 2.4077101e-05],[9.9990803e-01 9.1967675e-05],"[1.7150029e-08 4.9851813e-05 3.0049923e-01 6.9511974e-01 4.2769061e-03
 5.3669963e-05 5.5789263e-07 1.7199017e-08 9.2320607e-10]"
D:\Uni\Ulm\Master\Hiwi-Forschung-und-Lehre\FairFace\detected_faces\1000677_face0.jpg,Latino_Hispanic,Asian,Male,20-29,"[0.26332146 0.01375144 0.6187481  0.01031727 0.03268282 0.00507512
 0.05610373]",[0.2970413  0.05642853 0.6300317  0.01649842],[9.9999881e-01 1.1888886e-06],"[2.5122202e-07 1.0350790e-04 1.7836203e-01 7.7107280e-01 4.7949098e-02
 2.4220468e-03 8.6551670e-05 3.6020895e-06 5.8987538e-08]"
D:\Uni\Ulm\Master\Hiwi-Forschung-und-Lehre\FairFace\detected_faces\1000678_face0.jpg,White,White,Male,20-29,"[8.9102280e-01 8.3101411e-05 8.2732197e-03 2.7011542e-05 4.3443681e-05
 5.9487880e-05 1.0049092e-01]",[9.9919415e-01 3.0548574e-04 1.9349917e-04 3.0683694e-04],[9.9999446e-01 5.5209048e-06],"[3.7103337e-07 7.4813282e-04 2.5730792e-01 7.1515840e-01 2.6501857e-02
 2.8219359e-04 1.1449539e-06 2.4019823e-08 4.9245313e-10]"
D:\Uni\Ulm\Master\Hiwi-Forschung-und-Lehre\FairFace\detected_faces\1000679_face0.jpg,Middle Eastern,White,Male,20-29,"[7.4712023e-02 3.8660660e-02 3.9486024e-01 2.7467782e-05 3.3370015e-04
 7.8997826e-03 4.8350611e-01]",[0.51043683 0.28934488 0.00111441 0.19910389],[9.9999887e-01 1.0918433e-06],"[4.2044132e-08 2.0642625e-05 2.4691958e-02 9.3415439e-01 4.0950328e-02
 1.8208374e-04 5.1405198e-07 2.0159803e-08 3.4878089e-10]"
D:\Uni\Ulm\Master\Hiwi-Forschung-und-Lehre\FairFace\detected_faces\1000680_face0.jpg,White,White,Male,20-29,"[5.9215951e-01 1.4172575e-05 6.2151521e-02 1.2269471e-04 1.8484105e-04
 1.4049655e-03 3.4396231e-01]",[9.7434962e-01 2.8869661e-04 2.6118695e-03 2.2749851e-02],[1.0000000e+00 6.9921904e-09],"[1.6977097e-08 2.8727320e-05 9.5706716e-02 8.9949691e-01 4.7612484e-03
 6.4024293e-06 5.5522156e-09 1.1452405e-10 9.7197153e-13]"
D:\Uni\Ulm\Master\Hiwi-Forschung-und-Lehre\FairFace\detected_faces\1000691_face0.jpg,White,White,Male,20-29,"[5.2857858e-01 2.1677606e-05 6.1765811e-03 3.2071355e-06 9.4351553e-06
 1.3928363e-04 4.6507129e-01]",[9.9993551e-01 7.2896642e-06 2.7895953e-06 5.4476503e-05],[9.999993e-01 6.707095e-07],"[3.3816701e-07 4.9163820e-04 1.8150614e-01 7.9857296e-01 1.9282039e-02
 1.4657681e-04 3.8091690e-07 7.8430720e-09 1.3755322e-10]"
D:\Uni\Ulm\Master\Hiwi-Forschung-und-Lehre\FairFace\detected_faces\1000696_face0.jpg,White,White,Male,20-29,"[9.7782815e-01 4.5899860e-06 4.7449088e-03 1.2365986e-05 2.3143382e-05
 1.1836484e-04 1.7268531e-02]",[9.9878293e-01 1.5713014e-04 1.3532692e-04 9.2460983e-04],[1.0000000e+00 1.3098397e-08],"[4.7356252e-08 1.2035517e-04 4.0551177e-01 5.8887947e-01 5.4553580e-03
 3.2892207e-05 5.9507300e-08 1.2184166e-09 9.7051906e-12]"
D:\Uni\Ulm\Master\Hiwi-Forschung-und-Lehre\FairFace\detected_faces\1000781_face0.jpg,White,White,Male,10-19,"[9.9949950e-01 1.2112127e-05 3.0314282e-04 2.6928059e-05 3.3295535e-05
 1.8019433e-06 1.2325167e-04]",[9.9922198e-01 4.8675921e-04 2.7273584e-04 1.8574210e-05],[9.9999660e-01 3.4090317e-06],"[1.5487821e-08 1.7248010e-04 6.2677801e-01 3.7116459e-01 1.8687010e-03
 1.6088798e-05 9.4980336e-08 1.8913664e-09 6.8542727e-11]"
D:\Uni\Ulm\Master\Hiwi-Forschung-und-Lehre\FairFace\detected_faces\1000898_face0.jpg,White,White,Male,20-29,"[7.2638392e-01 7.5740863e-05 1.3765327e-02 1.9237000e-03 1.7221894e-03
 4.2116776e-04 2.5570795e-01]",[9.9920255e-01 1.3355580e-04 2.9108790e-04 3.7280549e-04],[0.9988986  0.00110134],"[3.6882767e-07 2.0442470e-05 8.2605943e-02 7.0617396e-01 1.4959961e-01
 4.7490641e-02 1.1929181e-02 2.0996621e-03 8.0129983e-05]"
D:\Uni\Ulm\Master\Hiwi-Forschung-und-Lehre\FairFace\detected_faces\1000925_face0.jpg,White,White,Male,20-29,"[8.5296071e-01 8.3867772e-06 1.0922388e-02 1.7564054e-06 1.0312371e-05
 1.1220566e-03 1.3497442e-01]",[9.9931526e-01 3.6649693e-05 1.5898768e-05 6.3217507e-04],[9.999995e-01 4.843589e-07],"[2.8099595e-07 1.6143623e-04 1.1758417e-01 8.1528741e-01 6.5606393e-02
 1.3570113e-03 3.3090771e-06 3.9697454e-08 4.7661974e-10]"
D:\Uni\Ulm\Master\Hiwi-Forschung-und-Lehre\FairFace\detected_faces\1000927_face0.jpg,Black,Black,Male,20-29,"[8.4455067e-04 9.1850615e-01 4.2668350e-02 1.9451802e-05 9.3511434e-04
 2.4946000e-02 1.2080360e-02]",[1.4016927e-04 9.9062467e-01 7.4554433e-04 8.4896889e-03],[9.9999744e-01 2.5890354e-06],"[1.43128784e-06 1.11186295e-04 1.52034154e-02 6.34552360e-01
 3.35425884e-01 1.45772388e-02 1.26675819e-04 1.71305010e-06
 4.21218012e-08]"
D:\Uni\Ulm\Master\Hiwi-Forschung-und-Lehre\FairFace\detected_faces\1001017_face0.jpg,White,White,Male,20-29,"[7.9569453e-01 1.4027789e-04 9.3479067e-02 4.4354838e-05 1.4211894e-04
 1.4387215e-03 1.0906082e-01]",[9.9406940e-01 7.2732585e-04 3.1440251e-04 4.8889802e-03],[9.9999994e-01 4.5833978e-08],"[1.1700914e-06 3.4813644e-04 1.0063318e-01 8.1894803e-01 7.8978963e-02
 1.0879561e-03 2.5837551e-06 4.3595648e-08 3.0645883e-10]"
D:\Uni\Ulm\Master\Hiwi-Forschung-und-Lehre\FairFace\detected_faces\1001033_face0.jpg,White,White,Male,20-29,"[9.9192029e-01 4.3796342e-07 2.1868511e-03 5.8262201e-04 2.8467766e-04
 3.2971209e-05 4.9922173e-03]",[9.8599982e-01 6.2707936e-06 1.3955006e-02 3.8859533e-05],[0.82440275 0.17559724],"[1.8891944e-07 2.0656470e-04 1.7710383e-01 7.5222158e-01 6.8910770e-02
 1.5474079e-03 9.5021087e-06 1.3596734e-07 4.1047890e-09]"
D:\Uni\Ulm\Master\Hiwi-Forschung-und-Lehre\FairFace\detected_faces\1001108_face0.jpg,Indian,Indian,Male,20-29,"[3.9494256e-03 1.5935116e-01 1.6287589e-01 3.2522239e-05 1.2415247e-03
 6.0200316e-01 7.0546299e-02]",[0.00139604 0.16510141 0.00185395 0.8316486 ],[1.0000000e+00 3.3281484e-08],"[1.2419629e-07 1.5161918e-05 9.4756754e-03 7.8593433e-01 2.0043516e-01
 4.1234838e-03 1.5739986e-05 3.0049813e-07 2.9269207e-09]"
D:\Uni\Ulm\Master\Hiwi-Forschung-und-Lehre\FairFace\detected_faces\1001180_face0.jpg,White,White,Male,30-39,"[5.02311170e-01 1.18625125e-04 3.49313244e-02 9.31075988e-07
 1.14176637e-05 3.69884097e-03 4.58927661e-01]",[8.79221499e-01 2.57362286e-03 1.75181223e-04 1.18029706e-01],[9.9999934e-01 6.6162562e-07],"[3.9811496e-07 3.9187889e-05 6.6796453e-03 4.5911381e-01 4.9017259e-01
 4.3569651e-02 4.2056685e-04 4.0389509e-06 3.9097898e-08]"
D:\Uni\Ulm\Master\Hiwi-Forschung-und-Lehre\FairFace\detected_faces\1001310_face0.jpg,White,White,Male,20-29,"[8.0786425e-01 2.5913439e-04 7.2582871e-02 3.8402086e-05 9.4798961e-05
 5.2064063e-04 1.1863987e-01]",[9.6772790e-01 2.7851183e-02 4.1515328e-04 4.0057860e-03],[9.9999994e-01 4.4438771e-08],"[3.0530604e-08 6.1902319e-06 1.1820544e-02 8.9483410e-01 9.2537560e-02
 7.9947745e-04 2.0621005e-06 2.1580055e-08 2.6170774e-10]"
D:\Uni\Ulm\Master\Hiwi-Forschung-und-Lehre\FairFace\detected_faces\1001610_face0.jpg,White,White,Male,20-29,"[7.3107564e-01 3.9744703e-04 1.6624755e-01 1.1170324e-04 2.0776612e-04
 1.9407114e-04 1.0176585e-01]",[9.97678399e-01 2.07712734e-03 1.30559260e-04 1.13884686e-04],[9.9998927e-01 1.0747579e-05],"[7.9957353e-08 9.0542715e-05 1.6326436e-01 8.1626230e-01 2.0230502e-02
 1.5165193e-04 4.7626591e-07 8.5661425e-09 1.7204857e-10]"
D:\Uni\Ulm\Master\Hiwi-Forschung-und-Lehre\FairFace\detected_faces\1001618_face0.jpg,Middle Eastern,White,Male,10-19,"[1.2562203e-01 2.4768111e-05 1.6734485e-02 1.8634761e-05 7.1786693e-05
 3.6266845e-04 8.5716563e-01]",[9.9524218e-01 1.7020217e-03 7.1630446e-04 2.3395596e-03],[9.9999946e-01 5.4722670e-07],"[1.2418410e-07 5.0482051e-03 9.6944207e-01 2.5169345e-02 3.2945751e-04
 1.0773535e-05 4.5362551e-08 1.6996030e-09 1.6817606e-11]"
D:\Uni\Ulm\Master\Hiwi-Forschung-und-Lehre\FairFace\detected_faces\1001645_face0.jpg,White,White,Male,20-29,"[9.8190397e-01 2.0613673e-07 1.2176864e-04 4.7729118e-06 5.3815743e-06
 3.7169302e-06 1.7960152e-02]",[9.9997121e-01 4.4557173e-06 1.1724564e-05 1.2650317e-05],[9.999978e-01 2.243695e-06],"[3.3861141e-08 6.4647917e-05 1.0242402e-01 8.7960273e-01 1.7826172e-02
 8.2310718e-05 1.0838530e-07 1.0489977e-09 2.3960533e-11]"
D:\Uni\Ulm\Master\Hiwi-Forschung-und-Lehre\FairFace\detected_faces\1001662_face0.jpg,Middle Eastern,White,Male,20-29,"[1.4864612e-01 3.0161063e-05 6.5578952e-02 4.8174243e-04 7.2339433e-04
 1.3753320e-03 7.8316432e-01]",[9.5072186e-01 5.7392643e-04 1.6590895e-02 3.2113325e-02],[9.9999756e-01 2.4841190e-06],"[1.0689557e-06 2.6122062e-03 3.8609442e-01 5.8117110e-01 2.9610086e-02
 5.0863012e-04 2.3775165e-06 5.9195116e-08 8.1804791e-10]"
D:\Uni\Ulm\Master\Hiwi-Forschung-und-Lehre\FairFace\detected_faces\1001689_face0.jpg,White,White,Male,10-19,"[9.7990751e-01 4.0451346e-06 4.3389346e-03 1.4054042e-06 6.3488360e-06
 1.9043126e-05 1.5722882e-02]",[9.9986416e-01 3.5041725e-05 4.1956966e-05 5.8822690e-05],[9.9999994e-01 7.3885950e-08],"[5.5534843e-09 2.0991244e-04 9.1498512e-01 8.4240310e-02 5.5437168e-04
 1.0281206e-05 1.9942814e-08 2.4750282e-10 2.6331819e-12]"
D:\Uni\Ulm\Master\Hiwi-Forschung-und-Lehre\FairFace\detected_faces\1001725_face0.jpg,Black,Black,Male,20-29,"[2.8431880e-06 9.9997419e-01 7.5703747e-06 4.0188990e-09 6.6764308e-08
 5.9322806e-06 9.4165598e-06]",[4.3607624e-06 9.9999231e-01 1.7143011e-06 1.6534814e-06],[9.9999613e-01 3.8615512e-06],"[5.2382580e-07 1.3972246e-04 8.0060596e-03 5.1945657e-01 4.4655454e-01
 2.5465220e-02 3.7161115e-04 5.4982688e-06 2.2724386e-07]"
D:\Uni\Ulm\Master\Hiwi-Forschung-und-Lehre\FairFace\detected_faces\1001746_face0.jpg,White,White,Male,20-29,"[9.5075762e-01 5.5747746e-06 1.1713783e-03 1.6721171e-04 6.2890795e-05
 5.6788940e-06 4.7829766e-02]",[9.9991232e-01 1.2403172e-05 4.7832385e-05 2.7484819e-05],[9.9981761e-01 1.8243851e-04],"[1.1952964e-07 7.1584567e-05 3.6301842e-01 6.2672299e-01 9.9442443e-03
 2.4091032e-04 1.7203439e-06 4.2591086e-08 8.1681462e-10]"
D:\Uni\Ulm\Master\Hiwi-Forschung-und-Lehre\FairFace\detected_faces\1001766_face0.jpg,White,White,Male,10-19,"[8.7171036e-01 8.5075306e-05 4.4093754e-02 8.2232589e-05 9.8238233e-05
 1.7923002e-04 8.3751135e-02]",[9.9599373e-01 5.6470785e-04 2.8005084e-03 6.4103235e-04],[9.9999750e-01 2.5052464e-06],"[3.4156908e-09 4.2742955e-05 8.5721725e-01 1.4215961e-01 5.7577394e-04
 4.6619903e-06 1.4322742e-08 6.0915467e-10 8.3888747e-12]"
D:\Uni\Ulm\Master\Hiwi-Forschung-und-Lehre\FairFace\detected_faces\1001769_face0.jpg,White,White,Male,20-29,"[8.8725859e-01 3.5652652e-04 8.1493139e-02 1.3590428e-05 2.8814846e-05
 1.7383509e-05 3.0831955e-02]",[9.9901801e-01 4.3402406e-04 4.4626958e-04 1.0172781e-04],[9.9999988e-01 1.3203798e-07],"[4.35807124e-09 4.51487358e-06 8.93548727e-02 8.93859088e-01
 1.66749414e-02 1.06280291e-04 3.66040751e-07 1.18379955e-08
 8.70287314e-11]"
D:\Uni\Ulm\Master\Hiwi-Forschung-und-Lehre\FairFace\detected_faces\1001770_face0.jpg,Black,Black,Male,30-39,"[1.3509304e-04 9.6818346e-01 1.4836164e-03 2.5009658e-06 2.9564007e-05
 2.9985396e-02 1.8031287e-04]",[2.3088054e-05 9.9893481e-01 1.1275272e-05 1.0307734e-03],[9.9998790e-01 1.2111241e-05],"[3.8423401e-08 1.7489716e-06 2.7176939e-04 1.9772267e-01 7.4840742e-01
 5.3152706e-02 4.4152330e-04 2.0709829e-06 3.6870986e-08]"
D:\Uni\Ulm\Master\Hiwi-Forschung-und-Lehre\FairFace\detected_faces\1001772_face0.jpg,White,White,Male,20-29,"[9.4961399e-01 1.2570381e-05 7.1625905e-03 2.5937264e-04 2.4572527e-04
 6.8101617e-05 4.2637613e-02]",[9.9685884e-01 1.7795138e-04 2.5385416e-03 4.2468030e-04],[9.9998033e-01 1.9597659e-05],"[1.5778669e-07 2.4677601e-04 4.1952306e-01 5.6875718e-01 1.1296151e-02
 1.7536977e-04 1.2605491e-06 4.6824336e-08 1.2838504e-09]"
D:\Uni\Ulm\Master\Hiwi-Forschung-und-Lehre\FairFace\detected_faces\1001783_face0.jpg,White,White,Male,20-29,"[9.4735742e-01 2.7309127e-06 4.5190919e-03 3.8750964e-04 2.3960440e-04
 7.4676733e-04 4.6746798e-02]",[9.5844042e-01 2.5333368e-04 2.8016824e-02 1.3289437e-02],[9.9998343e-01 1.6553637e-05],"[1.03383123e-07 7.59227696e-05 1.78094074e-01 8.09934258e-01
 1.17547065e-02 1.40322692e-04 5.05873913e-07 1.23683783e-08
 3.32285671e-10]"
D:\Uni\Ulm\Master\Hiwi-Forschung-und-Lehre\FairFace\detected_faces\1001784_face0.jpg,Middle Eastern,White,Male,20-29,"[2.08250940e-01 3.19362764e-04 2.35760510e-02 1.32487839e-04
 1.17666656e-04 1.37547075e-04 7.67465949e-01]",[0.99284124 0.00217279 0.00373985 0.00124608],[9.9995661e-01 4.3350345e-05],"[2.4973812e-07 2.5742585e-04 4.0295878e-01 5.8958697e-01 7.1396786e-03
 5.6592209e-05 2.7704164e-07 2.1510168e-08 5.7737104e-10]"
D:\Uni\Ulm\Master\Hiwi-Forschung-und-Lehre\FairFace\detected_faces\1001828_face0.jpg,Latino_Hispanic,Black,Male,20-29,"[4.15534619e-03 4.27476734e-01 4.28910345e-01 7.83932992e-05
 2.47644261e-03 1.16033085e-01 2.08696574e-02]",[0.00314021 0.8399587  0.00104393 0.15585715],[9.9999958e-01 3.9983885e-07],"[3.9270654e-07 3.6199248e-04 1.5090400e-01 8.0201852e-01 4.6243131e-02
 4.7076875e-04 1.1653045e-06 1.9509036e-08 3.0587444e-10]"
D:\Uni\Ulm\Master\Hiwi-Forschung-und-Lehre\FairFace\detected_faces\1001830_face0.jpg,White,White,Male,20-29,"[9.8454303e-01 3.5681655e-06 2.1953266e-03 5.3500000e-05 8.8109227e-05
 3.2457442e-06 1.3113231e-02]",[9.9626011e-01 6.9677754e-04 2.9509349e-03 9.2218419e-05],[9.9994755e-01 5.2445735e-05],"[4.5779127e-09 1.9469140e-05 1.5893640e-01 8.2247782e-01 1.8391106e-02
 1.7467207e-04 5.1979828e-07 6.7293588e-09 1.0760059e-10]"
D:\Uni\Ulm\Master\Hiwi-Forschung-und-Lehre\FairFace\detected_faces\1001831_face0.jpg,Latino_Hispanic,Indian,Male,20-29,"[0.2891774  0.016002   0.48212773 0.00149466 0.01786374 0.07768349
 0.11565108]",[0.31689474 0.23540404 0.12142072 0.32628047],[9.9999583e-01 4.1259427e-06],"[3.4229629e-07 3.2428649e-04 8.9397572e-02 8.3136386e-01 7.6238610e-02
 2.6393826e-03 3.4971807e-05 9.1204623e-07 1.4059345e-08]"
D:\Uni\Ulm\Master\Hiwi-Forschung-und-Lehre\FairFace\detected_faces\1001845_face0.jpg,White,White,Male,30-39,"[8.9287603e-01 2.5854593e-03 9.1242924e-02 3.2046490e-05 1.2794106e-04
 5.3973799e-04 1.2595954e-02]",[0.7240903  0.26473674 0.00493414 0.00623881],[9.999996e-01 4.249136e-07],"[6.5095594e-07 3.6296090e-06 7.7450473e-04 2.7469620e-01 6.2600303e-01
 9.4855838e-02 3.5869109e-03 7.8444798e-05 8.5446430e-07]"
D:\Uni\Ulm\Master\Hiwi-Forschung-und-Lehre\FairFace\detected_faces\1001846_face0.jpg,Middle Eastern,White,Male,20-29,"[2.3113622e-01 1.4284404e-04 8.3487593e-03 7.3437336e-06 3.0512883e-05
 1.5659918e-04 7.6017773e-01]",[0.9782863  0.01008425 0.0011585  0.01047096],[9.9999392e-01 6.0712528e-06],"[3.0270442e-06 5.6044903e-04 2.6776260e-02 8.3904630e-01 1.3225946e-01
 1.3518729e-03 2.6272367e-06 5.3933700e-08 1.0696434e-09]"
D:\Uni\Ulm\Master\Hiwi-Forschung-und-Lehre\FairFace\detected_faces\1001847_face0.jpg,White,White,Male,20-29,"[9.9811310e-01 1.4064705e-07 2.8781523e-04 4.1938429e-06 3.9919814e-06
 4.6535124e-06 1.5861359e-03]",[9.999765e-01 4.449892e-07 7.697739e-06 1.527246e-05],[9.999925e-01 7.481545e-06],"[3.0803034e-07 8.5629283e-05 3.0879453e-02 9.0756047e-01 6.1123732e-02
 3.4978555e-04 6.3981389e-07 1.0463931e-08 2.6093364e-10]"
D:\Uni\Ulm\Master\Hiwi-Forschung-und-Lehre\FairFace\detected_faces\1001848_face0.jpg,Black,Black,Male,20-29,"[8.5709537e-08 9.9999583e-01 2.4682524e-06 2.8687023e-08 9.3192369e-07
 5.4420104e-07 9.2384226e-08]",[1.1870484e-06 9.9997610e-01 2.1003038e-05 1.7656188e-06],[9.9999976e-01 2.7591594e-07],"[4.6943069e-07 6.3097970e-05 9.5799463e-03 7.6984882e-01 2.1297757e-01
 7.4950918e-03 3.4642759e-05 3.5383832e-07 3.3297827e-08]"
D:\Uni\Ulm\Master\Hiwi-Forschung-und-Lehre\FairFace\detected_faces\1001858_face0.jpg,Black,Black,Male,20-29,"[1.5460050e-06 9.9993706e-01 1.6628726e-05 6.2527619e-08 1.1194466e-06
 4.2644413e-05 1.1203307e-06]",[2.1089870e-07 9.9999595e-01 5.7798047e-07 3.2447804e-06],[0.99893343 0.0010666 ],"[1.3879845e-08 5.4995911e-07 1.5153210e-03 4.9946707e-01 4.4874936e-01
 4.9411334e-02 8.4808731e-04 7.9509045e-06 2.7104332e-07]"
D:\Uni\Ulm\Master\Hiwi-Forschung-und-Lehre\FairFace\detected_faces\1001867_face0.jpg,White,White,Male,10-19,"[9.9757832e-01 9.3707968e-07 1.6794560e-04 6.5680888e-07 1.5849683e-06
 6.8408173e-07 2.2499552e-03]",[9.9996758e-01 2.2917435e-05 5.9893782e-06 3.5253297e-06],[0.9986429 0.0013571],"[1.8878198e-06 3.1523937e-03 6.0173494e-01 3.4872046e-01 4.1673586e-02
 4.6479781e-03 6.6876608e-05 1.7981641e-06 7.7711320e-08]"
D:\Uni\Ulm\Master\Hiwi-Forschung-und-Lehre\FairFace\detected_faces\1001868_face0.jpg,Black,Black,Male,20-29,"[2.7141871e-06 9.9978799e-01 5.8350193e-05 3.7707389e-07 7.0909150e-06
 1.4173138e-04 1.7927300e-06]",[2.0816126e-06 9.9993891e-01 1.2792849e-05 4.6249777e-05],[0.9973302  0.00266984],"[7.5124788e-08 3.2445766e-06 5.8037057e-03 4.9801621e-01 4.1369820e-01
 7.9146937e-02 3.2420896e-03 8.5679581e-05 3.9139677e-06]"
D:\Uni\Ulm\Master\Hiwi-Forschung-und-Lehre\FairFace\detected_faces\1001908_face0.jpg,White,White,Male,20-29,"[9.9607646e-01 1.9468054e-05 6.8939984e-04 1.9533734e-05 7.6334276e-05
 6.8564254e-06 3.1119718e-03]",[9.9803317e-01 1.5239567e-03 3.3077030e-04 1.1212258e-04],[9.9999881e-01 1.2343013e-06],"[8.6354339e-05 1.1392437e-02 1.7787965e-01 5.0920224e-01 2.6463684e-01
 3.6050063e-02 7.3497294e-04 1.6997983e-05 4.8855657e-07]"
D:\Uni\Ulm\Master\Hiwi-Forschung-und-Lehre\FairFace\detected_faces\1001967_face0.jpg,Middle Eastern,White,Male,20-29,"[2.1069211e-01 8.2363749e-06 4.0454917e-02 1.0309976e-03 1.5968719e-03
 2.8035501e-03 7.4341327e-01]",[9.9568069e-01 3.5198141e-06 4.0973718e-03 2.1842786e-04],[9.999992e-01 8.095991e-07],"[2.48568158e-05 2.13777553e-03 1.99223086e-01 6.57443762e-01
 1.34080455e-01 7.04424130e-03 4.46753111e-05 1.18947287e-06
 1.32209586e-08]"
D:\Uni\Ulm\Master\Hiwi-Forschung-und-Lehre\FairFace\detected_faces\1001974_face0.jpg,White,White,Male,20-29,"[3.9242214e-01 2.6574574e-04 2.0211749e-01 5.9293758e-04 1.1210851e-03
 1.9440262e-02 3.8404033e-01]",[0.8411602  0.00240765 0.00317998 0.15325214],[1.00000000e+00 1.33582185e-08],"[3.7105833e-06 1.8208502e-04 1.8249959e-02 5.1428944e-01 4.2769745e-01
 3.9042417e-02 5.2858988e-04 6.3542702e-06 3.4983284e-08]"
D:\Uni\Ulm\Master\Hiwi-Forschung-und-Lehre\FairFace\detected_faces\1001983_face0.jpg,Middle Eastern,Indian,Male,10-19,"[8.6904792e-03 7.9112191e-04 4.4774953e-02 6.5363885e-05 6.8111165e-04
 3.1246582e-02 9.1375041e-01]",[0.15460478 0.00490082 0.02983277 0.81066155],[9.9999869e-01 1.2690726e-06],"[8.0812458e-07 7.2860676e-03 9.0510809e-01 8.4065132e-02 3.3213187e-03
 2.1609181e-04 2.3001114e-06 2.1618419e-07 2.5751734e-09]"
D:\Uni\Ulm\Master\Hiwi-Forschung-und-Lehre\FairFace\detected_faces\1001984_face0.jpg,Black,Black,Male,30-39,"[1.5859836e-05 9.8260915e-01 1.4204258e-04 1.9692759e-06 4.3544769e-05
 1.7164756e-02 2.2660890e-05]",[8.6238957e-05 9.9340713e-01 1.2750571e-04 6.3790837e-03],[9.9967396e-01 3.2607294e-04],"[8.2466391e-07 2.8717557e-05 9.9823135e-04 9.7697645e-02 5.7810915e-01
 2.7174109e-01 4.9355600e-02 1.9790537e-03 8.9689805e-05]"
D:\Uni\Ulm\Master\Hiwi-Forschung-und-Lehre\FairFace\detected_faces\1001988_face0.jpg,Black,Black,Male,20-29,"[6.1127575e-05 9.9776512e-01 1.1143509e-03 1.9277163e-06 3.3714587e-05
 8.7611505e-04 1.4758359e-04]",[4.3780281e-05 9.9945366e-01 8.6958855e-05 4.1559665e-04],[9.999907e-01 9.328940e-06],"[8.8058059e-09 5.1173106e-06 5.2243378e-03 8.4474391e-01 1.4910822e-01
 9.1723003e-04 1.2147523e-06 8.9203693e-09 2.4264177e-10]"
D:\Uni\Ulm\Master\Hiwi-Forschung-und-Lehre\FairFace\detected_faces\1001990_face0.jpg,Middle Eastern,White,Male,20-29,"[9.3308285e-02 1.3235974e-04 2.5603810e-02 3.4960590e-06 1.9513132e-05
 6.7167334e-02 8.1376523e-01]",[6.7020351e-01 2.6547629e-03 1.0057552e-04 3.2704118e-01],[9.9999970e-01 2.8554203e-07],"[7.2288140e-07 3.2336451e-04 4.2318795e-02 8.8618046e-01 7.0578732e-02
 5.9720757e-04 7.8621372e-07 1.6920302e-08 1.9672322e-10]"
D:\Uni\Ulm\Master\Hiwi-Forschung-und-Lehre\FairFace\detected_faces\1001997_face0.jpg,White,White,Male,20-29,"[7.1039730e-01 3.7285392e-03 2.5480616e-01 1.9129665e-04 9.6419535e-04
 6.0351467e-04 2.9309044e-02]",[9.8770279e-01 5.2098511e-03 8.0312206e-04 6.2842127e-03],[1.0000000e+00 2.0738486e-08],"[6.8740817e-09 4.6676578e-06 2.9565373e-02 9.4472605e-01 2.5643317e-02
 6.0504404e-05 8.7536023e-08 2.2171776e-09 2.5217021e-11]"
D:\Uni\Ulm\Master\Hiwi-Forschung-und-Lehre\FairFace\detected_faces\1002003_face0.jpg,White,White,Male,20-29,"[5.3357691e-01 3.6103320e-05 6.1294758e-03 1.3385010e-05 3.3320655e-05
 4.5803166e-04 4.5975277e-01]",[9.9724615e-01 7.6452899e-04 1.8155439e-04 1.8076753e-03],[1.0000000e+00 1.6546545e-08],"[8.5340204e-08 9.9499404e-05 1.6140218e-01 8.2105106e-01 1.7387453e-02
 5.9758033e-05 7.9480458e-08 1.9717541e-09 2.1703448e-11]"
D:\Uni\Ulm\Master\Hiwi-Forschung-und-Lehre\FairFace\detected_faces\1002005_face0.jpg,White,White,Male,20-29,"[0.675581   0.0008929  0.14743197 0.00302749 0.00684549 0.00235623
 0.16386494]",[0.9459289  0.01585878 0.03636951 0.00184292],[1.0000000e+00 1.7439224e-10],"[2.3652193e-07 1.3195076e-04 1.0802154e-01 8.2778925e-01 6.3349634e-02
 7.0285116e-04 4.4313092e-06 1.1419416e-07 6.1677369e-10]"
D:\Uni\Ulm\Master\Hiwi-Forschung-und-Lehre\FairFace\detected_faces\1002021_face0.jpg,Middle Eastern,White,Male,20-29,"[2.1259163e-01 1.3537315e-03 3.8307735e-01 1.2901760e-04 6.3152838e-04
 5.9831012e-03 3.9623371e-01]",[0.6416742  0.16561161 0.00349338 0.1892208 ],[1.0000000e+00 3.9283763e-09],"[2.51239584e-07 6.41359147e-05 2.79392526e-02 8.57102692e-01
 1.12968065e-01 1.91883161e-03 6.64253412e-06 7.82259804e-08
 5.30049005e-10]"
D:\Uni\Ulm\Master\Hiwi-Forschung-und-Lehre\FairFace\detected_faces\1002098_face0.jpg,White,White,Male,20-29,"[9.53331351e-01 1.39683019e-04 2.24184077e-02 3.95094503e-06
 1.00555435e-05 3.68181463e-05 2.40597241e-02]",[9.9810773e-01 1.8781675e-03 1.0437121e-06 1.3027068e-05],[9.9999988e-01 1.1763569e-07],"[3.9560536e-08 5.7853513e-06 1.9785205e-02 9.0041822e-01 7.9031706e-02
 7.5643091e-04 2.5501590e-06 2.1518785e-08 2.4303137e-10]"
D:\Uni\Ulm\Master\Hiwi-Forschung-und-Lehre\FairFace\detected_faces\1002190_face0.jpg,White,White,Male,20-29,"[9.8328400e-01 7.4765044e-06 1.5050351e-03 4.0172231e-06 7.2848870e-06
 2.5631323e-06 1.5189584e-02]",[9.9985415e-01 6.7306595e-05 2.3851002e-05 5.4744251e-05],[1.000000e+00 3.624767e-08],"[6.3536922e-09 2.4265980e-06 8.6875483e-03 9.4833231e-01 4.2838689e-02
 1.3877281e-04 1.8220901e-07 1.4601136e-09 1.5244571e-11]"
D:\Uni\Ulm\Master\Hiwi-Forschung-und-Lehre\FairFace\detected_faces\1002262_face0.jpg,White,White,Male,20-29,"[8.3826739e-01 2.6072306e-05 3.6720302e-02 7.0507021e-04 7.4599212e-04
 2.4132077e-04 1.2329393e-01]",[9.9848318e-01 4.6386376e-05 5.5037154e-04 9.1998361e-04],[9.999984e-01 1.622262e-06],"[1.1558912e-08 1.5693424e-05 1.5389591e-01 8.3259988e-01 1.3408562e-02
 7.9787547e-05 1.7407548e-07 3.8125649e-09 5.2008058e-11]"
D:\Uni\Ulm\Master\Hiwi-Forschung-und-Lehre\FairFace\detected_faces\1002328_face0.jpg,White,White,Male,20-29,"[9.7615904e-01 1.4633072e-05 4.7130589e-03 8.0892150e-06 3.1748936e-05
 3.2094649e-05 1.9041449e-02]",[9.9970371e-01 1.8541970e-05 2.0441855e-04 7.3323565e-05],[9.9999917e-01 8.2977380e-07],"[9.8840056e-09 1.3289514e-06 1.7076088e-02 9.2102212e-01 6.1175551e-02
 7.1922131e-04 5.6166659e-06 8.1375795e-08 1.1878291e-09]"
D:\Uni\Ulm\Master\Hiwi-Forschung-und-Lehre\FairFace\detected_faces\1002331_face0.jpg,White,White,Male,20-29,"[9.6889329e-01 2.5243644e-04 5.3801630e-03 1.8076370e-06 5.9209124e-06
 5.7082379e-06 2.5460683e-02]",[9.3206787e-01 6.7717768e-02 3.2127093e-05 1.8221604e-04],[9.9999803e-01 1.9185647e-06],"[8.4868024e-09 1.5683027e-05 1.3004422e-01 8.5763764e-01 1.2245241e-02
 5.7066056e-05 1.4162583e-07 2.7357341e-09 4.5270582e-11]"
D:\Uni\Ulm\Master\Hiwi-Forschung-und-Lehre\FairFace\detected_faces\1002347_face0.jpg,White,White,Male,10-19,"[6.8468696e-01 2.3710974e-04 2.7288404e-01 2.2184860e-05 3.0096172e-04
 2.2663160e-03 3.9602358e-02]",[9.9666959e-01 1.2532556e-04 1.8761003e-03 1.3290127e-03],[9.999992e-01 7.797164e-07],"[3.4855384e-07 1.8600251e-03 9.0454453e-01 8.9071326e-02 4.1561807e-03
 3.6428191e-04 3.2008752e-06 9.4140383e-08 1.2041793e-09]"
D:\Uni\Ulm\Master\Hiwi-Forschung-und-Lehre\FairFace\detected_faces\1002383_face0.jpg,Black,Black,Male,10-19,"[7.3429637e-06 9.9995673e-01 2.7873157e-05 1.8900192e-07 1.6454120e-06
 4.6476225e-06 1.5855783e-06]",[5.0378490e-06 9.9998230e-01 1.2428782e-06 1.1447161e-05],[0.90148413 0.09851586],"[1.3992485e-05 2.0679547e-01 7.5792944e-01 3.4695614e-02 5.5195601e-04
 1.3368297e-05 1.6439398e-07 7.7662614e-09 7.9712403e-10]"
D:\Uni\Ulm\Master\Hiwi-Forschung-und-Lehre\FairFace\detected_faces\1002398_face0.jpg,White,White,Male,20-29,"[5.4347557e-01 1.0702969e-03 1.9167750e-01 3.0530131e-04 9.7115990e-04
 7.5571233e-04 2.6174456e-01]",[0.9129293  0.06407028 0.01819774 0.00480269],[9.9999982e-01 1.5192036e-07],"[1.04645942e-07 1.01893975e-05 3.05087045e-02 8.79331172e-01
 8.88075829e-02 1.33276253e-03 9.23065363e-06 1.61411222e-07
 1.47840118e-09]"
D:\Uni\Ulm\Master\Hiwi-Forschung-und-Lehre\FairFace\detected_faces\1002405_face0.jpg,White,White,Male,20-29,"[6.7122394e-01 6.7519279e-05 5.2050058e-02 3.1277409e-04 2.9537742e-04
 2.5667675e-04 2.7579367e-01]",[9.9853480e-01 2.9678657e-04 6.2119821e-04 5.4719811e-04],[9.999967e-01 3.233511e-06],"[3.2142669e-08 8.7418885e-05 2.2217715e-01 7.6196218e-01 1.5639964e-02
 1.3300571e-04 2.1918986e-07 7.7987226e-09 9.1496755e-11]"
D:\Uni\Ulm\Master\Hiwi-Forschung-und-Lehre\FairFace\detected_faces\1002428_face0.jpg,White,White,Male,10-19,"[9.9919319e-01 8.3334038e-07 7.6076933e-05 1.4357129e-06 2.9709715e-06
 3.7033394e-07 7.2517851e-04]",[9.9989909e-01 1.8326946e-05 6.0144379e-05 2.2485232e-05],[9.9999887e-01 1.1321542e-06],"[9.5764099e-09 9.2621180e-05 7.1634704e-01 2.8069788e-01 2.7086532e-03
 1.5133894e-04 2.3434322e-06 6.9887506e-08 1.0747642e-09]"
D:\Uni\Ulm\Master\Hiwi-Forschung-und-Lehre\FairFace\detected_faces\1002521_face0.jpg,White,White,Male,10-19,"[8.6154151e-01 2.4550307e-06 3.5642381e-03 2.2204210e-04 1.7132175e-04
 3.7021644e-05 1.3446139e-01]",[9.9818802e-01 1.2299664e-04 1.5297515e-03 1.5926801e-04],[9.9994802e-01 5.1972656e-05],"[1.0082033e-07 5.8015832e-04 6.4714003e-01 3.3970812e-01 1.2048486e-02
 5.2023842e-04 2.7854214e-06 5.5137928e-08 1.8274859e-09]"
D:\Uni\Ulm\Master\Hiwi-Forschung-und-Lehre\FairFace\detected_faces\1002554_face0.jpg,Latino_Hispanic,Black,Male,20-29,"[3.4407631e-02 3.9086435e-02 6.0134578e-01 1.0255680e-04 9.2633086e-04
 7.4425880e-03 3.1668872e-01]",[0.10643344 0.71885633 0.03225555 0.14245461],[9.9999994e-01 4.0148350e-08],"[1.6252719e-06 4.1581484e-04 1.2539464e-01 7.5687385e-01 1.0928978e-01
 7.8118262e-03 2.0712023e-04 5.2790197e-06 4.1278717e-08]"
D:\Uni\Ulm\Master\Hiwi-Forschung-und-Lehre\FairFace\detected_faces\1002556_face0.jpg,Black,Black,Male,20-29,"[1.1980735e-02 6.8561167e-01 2.7854764e-01 1.4178977e-04 2.1315843e-03
 1.2216368e-02 9.3702087e-03]",[0.00125243 0.9649837  0.00157759 0.03218628],[9.9959576e-01 4.0424880e-04],"[1.4142013e-07 1.4961494e-05 1.8606111e-02 8.4172666e-01 1.3693196e-01
 2.6921660e-03 2.7237549e-05 7.7654551e-07 1.7443256e-08]"
D:\Uni\Ulm\Master\Hiwi-Forschung-und-Lehre\FairFace\detected_faces\1002564_face0.jpg,Black,Black,Male,20-29,"[1.5100916e-06 9.9993312e-01 2.3402905e-05 5.8743765e-08 1.2505376e-06
 3.8596409e-05 2.0941259e-06]",[5.5621666e-07 9.9997282e-01 1.9038198e-06 2.4634332e-05],[9.999971e-01 2.886176e-06],"[2.2882330e-06 4.0460823e-04 3.4996036e-02 6.5650666e-01 2.7864799e-01
 2.8535591e-02 8.8857696e-04 1.7368104e-05 8.0148465e-07]"
D:\Uni\Ulm\Master\Hiwi-Forschung-und-Lehre\FairFace\detected_faces\1002568_face0.jpg,Black,Black,Male,20-29,"[3.7454790e-03 7.8467816e-01 1.9172943e-01 4.5939666e-04 1.5640290e-02
 1.7344875e-03 2.0126977e-03]",[2.3498954e-04 9.9617690e-01 2.3815879e-03 1.2065211e-03],[9.999993e-01 7.225537e-07],"[5.3019527e-08 4.3602075e-05 1.8566605e-01 8.0073726e-01 1.3397301e-02
 1.5448863e-04 1.1973590e-06 3.6044938e-08 7.7462980e-10]"
D:\Uni\Ulm\Master\Hiwi-Forschung-und-Lehre\FairFace\detected_faces\1002599_face0.jpg,Black,Black,Male,20-29,"[8.2531420e-07 9.9998873e-01 6.4280493e-06 5.4761937e-08 5.4892092e-07
 3.1681125e-06 1.9149768e-07]",[2.5498989e-07 9.9999917e-01 3.1311052e-07 2.6283175e-07],[0.98717666 0.01282337],"[1.0866975e-06 7.1046699e-04 1.6940948e-01 7.2333753e-01 1.0143488e-01
 5.0193947e-03 8.4583509e-05 2.3344392e-06 2.2124030e-07]"
D:\Uni\Ulm\Master\Hiwi-Forschung-und-Lehre\FairFace\detected_faces\1002607_face0.jpg,Middle Eastern,White,Male,10-19,"[2.0255473e-01 2.2225290e-06 1.8478896e-02 4.1121250e-05 7.0094859e-05
 5.3077820e-04 7.7832216e-01]",[9.9941766e-01 9.4992702e-06 1.6420624e-04 4.0862855e-04],[9.999993e-01 7.703836e-07],"[2.0093589e-06 4.9069286e-03 6.9046462e-01 2.9688996e-01 7.5893984e-03
 1.4679816e-04 2.7027519e-07 5.7071583e-09 5.6427869e-11]"
D:\Uni\Ulm\Master\Hiwi-Forschung-und-Lehre\FairFace\detected_faces\1002711_face0.jpg,Black,Black,Male,20-29,"[4.2188191e-07 9.9995595e-01 1.3721684e-05 4.4720593e-08 7.9843812e-07
 2.8698752e-05 3.5664263e-07]",[4.4281020e-07 9.9994296e-01 1.1532624e-05 4.5049357e-05],[9.993732e-01 6.267713e-04],"[2.0989046e-07 3.3172208e-05 1.0416191e-02 4.8592949e-01 4.3643084e-01
 6.5267935e-02 1.8909209e-03 3.0028428e-05 1.2411067e-06]"
D:\Uni\Ulm\Master\Hiwi-Forschung-und-Lehre\FairFace\detected_faces\1002764_face0.jpg,White,White,Male,20-29,"[9.9156296e-01 6.1444029e-05 5.0959988e-03 1.4750668e-05 2.8333405e-05
 1.1168213e-05 3.2253228e-03]",[9.9830538e-01 9.6128869e-04 6.5284775e-04 8.0473408e-05],[9.9999988e-01 1.1751123e-07],"[6.9650547e-08 4.2160214e-06 1.8223907e-03 8.2442689e-01 1.7202912e-01
 1.7090847e-03 8.1801445e-06 1.2383830e-07 1.8766486e-09]"
D:\Uni\Ulm\Master\Hiwi-Forschung-und-Lehre\FairFace\detected_faces\1002809_face0.jpg,Middle Eastern,White,Male,20-29,"[3.4372377e-01 2.5744698e-04 1.8720610e-01 5.4694206e-04 1.3590283e-03
 2.0296350e-03 4.6487719e-01]",[0.9285685  0.00342084 0.01176435 0.05624626],[0.9989219  0.00107814],"[2.4028247e-07 1.1788046e-03 4.0946293e-01 5.7670170e-01 1.2509108e-02
 1.4655374e-04 6.9056449e-07 1.6989310e-08 4.6026255e-10]"
D:\Uni\Ulm\Master\Hiwi-Forschung-und-Lehre\FairFace\detected_faces\1002813_face0.jpg,Middle Eastern,Indian,Male,20-29,"[4.5139618e-02 3.9824035e-02 4.1499838e-01 1.8092804e-05 2.8386299e-04
 8.2043298e-02 4.1769272e-01]",[2.3588321e-01 1.2941971e-01 5.5849884e-04 6.3413864e-01],[9.9999964e-01 3.8407208e-07],"[1.9873167e-07 1.7136055e-05 5.6130942e-03 8.2668293e-01 1.6584626e-01
 1.8344659e-03 5.7956481e-06 7.8056857e-08 8.9784902e-10]"
D:\Uni\Ulm\Master\Hiwi-Forschung-und-Lehre\FairFace\detected_faces\1002837_face0.jpg,White,White,Male,20-29,"[7.2201878e-01 1.4075572e-03 2.5943381e-01 8.3056821e-06 5.8099740e-05
 6.4356130e-04 1.6429922e-02]",[9.9808043e-01 9.5665769e-04 1.0466196e-04 8.5824030e-04],[9.99999881e-01 1.14982576e-07],"[2.4698499e-08 3.7843020e-06 4.8581351e-02 8.6312497e-01 8.3281748e-02
 4.8942114e-03 1.1179084e-04 2.0873540e-06 1.5211661e-08]"
D:\Uni\Ulm\Master\Hiwi-Forschung-und-Lehre\FairFace\detected_faces\1002886_face0.jpg,White,White,Male,10-19,"[9.3129289e-01 1.0624824e-05 2.8565419e-03 9.5590549e-06 1.3174459e-05
 9.7242209e-06 6.5807447e-02]",[9.9973869e-01 9.1625036e-05 1.2951833e-04 4.0289349e-05],[9.9998969e-01 1.0323301e-05],"[1.9902964e-06 5.5695800e-03 7.4613637e-01 2.4473539e-01 3.4846759e-03
 7.1682349e-05 3.4527662e-07 1.3286204e-08 3.8869638e-10]"
D:\Uni\Ulm\Master\Hiwi-Forschung-und-Lehre\FairFace\detected_faces\1002902_face0.jpg,Black,Black,Male,20-29,"[6.3200100e-06 9.9976265e-01 5.2306874e-05 1.2390286e-06 1.5418855e-05
 1.5952987e-04 2.4927060e-06]",[1.8973957e-06 9.9995518e-01 2.2588209e-05 2.0274081e-05],[9.995271e-01 4.729513e-04],"[3.1757580e-08 2.5658226e-06 5.9378059e-03 6.2472796e-01 3.3456144e-01
 3.3730932e-02 1.0238240e-03 1.4658289e-05 7.8961892e-07]"
D:\Uni\Ulm\Master\Hiwi-Forschung-und-Lehre\FairFace\detected_faces\1002920_face0.jpg,White,White,Male,20-29,"[9.7762352e-01 6.5543340e-05 8.1503438e-03 1.9668314e-05 7.0756607e-05
 1.6697962e-04 1.3903066e-02]",[0.96822137 0.02376548 0.0013711  0.00664209],[9.9998355e-01 1.6437900e-05],"[6.8764272e-08 8.4513340e-06 4.7930521e-03 7.0946938e-01 2.7997303e-01
 5.7322653e-03 2.3546139e-05 1.8982875e-07 3.6434413e-09]"
D:\Uni\Ulm\Master\Hiwi-Forschung-und-Lehre\FairFace\detected_faces\1002946_face0.jpg,White,White,Male,20-29,"[7.1712863e-01 1.8660120e-04 9.6976012e-02 1.3875151e-04 4.5765977e-04
 5.7306251e-04 1.8453926e-01]",[9.9837375e-01 2.1792602e-04 6.8210618e-04 7.2625454e-04],[9.9999988e-01 1.4019574e-07],"[1.3206859e-08 5.4849934e-05 4.0074700e-01 5.9291869e-01 6.2184012e-03
 6.0756098e-05 2.2719466e-07 5.6333569e-09 8.9972640e-11]"
D:\Uni\Ulm\Master\Hiwi-Forschung-und-Lehre\FairFace\detected_faces\1003004_face0.jpg,Latino_Hispanic,White,Male,20-29,"[0.3879799  0.00043493 0.40095907 0.00810967 0.00832428 0.00116384
 0.19302824]",[0.95562506 0.00954228 0.029936   0.00489663],[9.9999833e-01 1.6584947e-06],"[1.9766959e-07 2.0779966e-05 4.5296222e-02 7.8109914e-01 1.6748111e-01
 6.0173729e-03 8.3171632e-05 2.0169759e-06 2.5322686e-08]"
D:\Uni\Ulm\Master\Hiwi-Forschung-und-Lehre\FairFace\detected_faces\1003007_face0.jpg,Black,Black,Male,20-29,"[1.6667866e-05 9.9975866e-01 1.6217979e-04 1.0199520e-07 1.5511621e-06
 5.2283394e-05 8.4966287e-06]",[1.4490681e-05 9.9996841e-01 9.2617802e-06 7.8317271e-06],[9.9997330e-01 2.6755924e-05],"[3.3408551e-07 2.9762252e-05 9.9789407e-03 6.6931474e-01 3.0265784e-01
 1.7810062e-02 2.0519704e-04 3.0031790e-06 9.2754334e-08]"
D:\Uni\Ulm\Master\Hiwi-Forschung-und-Lehre\FairFace\detected_faces\987541_face0.jpg,White,White,Male,10-19,"[9.9991030e-01 1.0039647e-08 1.7271710e-06 6.7921210e-06 1.5116306e-06
 2.7827522e-08 7.9655096e-05]",[9.9947441e-01 1.7654581e-06 5.2322185e-04 6.0138353e-07],[9.9998915e-01 1.0849190e-05],"[5.9012800e-05 7.1806297e-02 6.3347149e-01 2.6133630e-01 3.1952884e-02
 1.3611836e-03 1.2610467e-05 2.4794605e-07 2.3394389e-08]"
D:\Uni\Ulm\Master\Hiwi-Forschung-und-Lehre\FairFace\detected_faces\987573_face0.jpg,Middle Eastern,White,Male,20-29,"[1.6167213e-01 5.2845867e-06 1.3867441e-03 2.8323134e-06 2.1784466e-05
 4.0315432e-04 8.3650804e-01]",[9.9988478e-01 8.7383323e-06 4.8995764e-05 5.7476005e-05],[9.9999988e-01 1.7768856e-07],"[1.8635042e-07 6.8699726e-04 2.4065320e-01 7.4372643e-01 1.4803701e-02
 1.2916606e-04 2.3745712e-07 3.5029888e-09 6.8031206e-11]"
D:\Uni\Ulm\Master\Hiwi-Forschung-und-Lehre\FairFace\detected_faces\987600_face0.jpg,White,White,Male,20-29,"[9.9960136e-01 1.7276632e-07 2.4966610e-05 4.1563126e-07 6.7879967e-07
 2.2902394e-07 3.7223430e-04]",[9.9999243e-01 2.5000777e-06 3.4302827e-06 1.5510667e-06],[9.9993461e-01 6.5395565e-05],"[3.0405656e-09 2.6729233e-05 3.5509384e-01 6.4168519e-01 3.1667431e-03
 2.7392687e-05 6.8289111e-08 1.0755163e-09 3.0500883e-11]"
D:\Uni\Ulm\Master\Hiwi-Forschung-und-Lehre\FairFace\detected_faces\987650_face0.jpg,Black,Black,Male,30-39,"[3.4602388e-06 9.9996263e-01 2.9237282e-05 3.7723705e-08 3.2106729e-07
 3.4579850e-06 8.3406013e-07]",[1.7914117e-05 9.9993598e-01 1.2137912e-05 3.4007346e-05],[9.9954951e-01 4.5048966e-04],"[8.2022063e-07 4.3869979e-05 9.1427928e-03 4.4820336e-01 4.5475578e-01
 8.5207030e-02 2.6069358e-03 3.6898724e-05 2.5442021e-06]"
D:\Uni\Ulm\Master\Hiwi-Forschung-und-Lehre\FairFace\detected_faces\987734_face0.jpg,Black,Black,Male,20-29,"[6.4611099e-06 9.8606461e-01 2.8121672e-04 4.1081830e-06 8.3065199e-05
 1.3542976e-02 1.7596187e-05]",[1.4617607e-06 9.9937660e-01 2.1496277e-05 6.0047029e-04],[9.999576e-01 4.232936e-05],"[6.7825488e-07 9.8962410e-05 1.6457940e-02 5.5144703e-01 3.9671823e-01
 3.4471322e-02 7.8111549e-04 2.3984936e-05 7.0992769e-07]"
D:\Uni\Ulm\Master\Hiwi-Forschung-und-Lehre\FairFace\detected_faces\987807_face0.jpg,Middle Eastern,White,Male,20-29,"[1.3940910e-01 6.3203595e-04 9.0321168e-02 1.6088410e-04 2.2387451e-04
 1.2211429e-03 7.6803178e-01]",[0.9649494  0.00784284 0.01009529 0.01711237],[9.9999845e-01 1.5401521e-06],"[2.2502979e-06 9.2235205e-05 2.5320753e-02 4.9980012e-01 4.3401384e-01
 4.0053148e-02 7.0751802e-04 1.0034409e-05 7.8966416e-08]"
D:\Uni\Ulm\Master\Hiwi-Forschung-und-Lehre\FairFace\detected_faces\988037_face0.jpg,Black,Black,Male,20-29,"[8.9222951e-05 9.5618331e-01 5.7918094e-03 3.0773724e-06 1.4851143e-04
 3.7421763e-02 3.6229775e-04]",[3.5823090e-05 9.9253774e-01 2.6407468e-04 7.1623833e-03],[9.9999958e-01 4.1198237e-07],"[4.1769593e-07 1.2713550e-04 1.8708188e-02 7.0156515e-01 2.7205777e-01
 7.5123743e-03 2.8574690e-05 3.8132174e-07 6.5838051e-09]"
D:\Uni\Ulm\Master\Hiwi-Forschung-und-Lehre\FairFace\detected_faces\988188_face0.jpg,Black,Black,Male,10-19,"[1.8942337e-06 9.9970293e-01 5.2414060e-05 6.3863432e-08 1.7908732e-06
 1.9875451e-04 4.2094045e-05]",[3.6327711e-07 9.9999881e-01 3.5103963e-07 5.2037149e-07],[9.9959302e-01 4.0702385e-04],"[6.2188690e-08 1.3446175e-03 5.1702434e-01 4.6993086e-01 1.1596489e-02
 1.0315130e-04 5.0405833e-07 1.2889058e-08 4.8749704e-10]"
D:\Uni\Ulm\Master\Hiwi-Forschung-und-Lehre\FairFace\detected_faces\988201_face0.jpg,Latino_Hispanic,Black,Male,20-29,"[1.3085920e-02 2.4522959e-01 6.5743339e-01 1.2981820e-04 2.2251003e-03
 5.5147368e-02 2.6748737e-02]",[0.02068008 0.7918753  0.02752203 0.15992254],[9.9999988e-01 1.2581111e-07],"[9.3095503e-07 9.1781812e-06 3.5304721e-03 4.9031323e-01 4.5979524e-01
 4.5034386e-02 1.2886395e-03 2.7603783e-05 2.8030982e-07]"
D:\Uni\Ulm\Master\Hiwi-Forschung-und-Lehre\FairFace\detected_faces\988203_face0.jpg,White,White,Male,30-39,"[9.89556849e-01 1.21855206e-04 8.53910111e-03 8.08914865e-06
 1.08784870e-05 2.33670926e-05 1.73991022e-03]",[9.9616575e-01 3.4840023e-03 8.0490674e-05 2.6978031e-04],[9.9999970e-01 2.8932993e-07],"[1.66006328e-06 1.31750512e-05 3.44825722e-03 3.86849284e-01
 4.86946464e-01 1.11430876e-01 1.11442935e-02 1.65061283e-04
 9.05778847e-07]"
D:\Uni\Ulm\Master\Hiwi-Forschung-und-Lehre\FairFace\detected_faces\988250_face0.jpg,White,White,Male,10-19,"[4.4444624e-01 1.1395985e-03 2.4914059e-01 8.8370514e-05 3.3042874e-04
 2.0314861e-04 3.0465159e-01]",[0.9551948  0.0327661  0.00952474 0.00251442],[9.9998760e-01 1.2432216e-05],"[3.4671422e-07 1.6980343e-03 5.7069588e-01 4.1736716e-01 1.0107288e-02
 1.3081355e-04 4.8921731e-07 1.0930857e-08 2.6794947e-10]"
D:\Uni\Ulm\Master\Hiwi-Forschung-und-Lehre\FairFace\detected_faces\988251_face0.jpg,White,White,Male,20-29,"[9.9997199e-01 7.1077032e-08 1.5686444e-06 1.4457070e-06 1.3915549e-06
 8.0368840e-09 2.3516981e-05]",[9.99943733e-01 1.09355315e-05 4.44526704e-05 8.98135113e-07],[9.999418e-01 5.817096e-05],"[1.0649795e-05 4.1621309e-03 4.3073297e-01 5.0411624e-01 5.7031296e-02
 3.8675184e-03 7.7121738e-05 1.9333058e-06 7.6675562e-08]"
D:\Uni\Ulm\Master\Hiwi-Forschung-und-Lehre\FairFace\detected_faces\988252_face0.jpg,White,White,Male,20-29,"[9.9897873e-01 4.6859033e-05 4.4790370e-04 7.3203273e-06 2.0632355e-05
 9.1522497e-06 4.8940955e-04]",[9.8701471e-01 1.2293872e-02 4.8376803e-04 2.0758568e-04],[1.0000000e+00 4.8701274e-08],"[2.0366389e-08 2.7476622e-06 1.6877229e-03 9.1024929e-01 8.7694287e-02
 3.6496451e-04 9.4536057e-07 6.5988717e-09 1.6816998e-10]"
D:\Uni\Ulm\Master\Hiwi-Forschung-und-Lehre\FairFace\detected_faces\988275_face0.jpg,Black,Black,Male,20-29,"[1.08500366e-07 9.99996722e-01 1.59935109e-06 8.00417899e-10
 2.44501859e-08 1.50273581e-06 1.28282153e-07]",[4.9903053e-07 9.9999791e-01 6.6600683e-07 9.3474307e-07],[9.9999976e-01 1.9515065e-07],"[5.7427054e-09 8.7444892e-07 4.6209237e-03 6.7493927e-01 3.0860874e-01
 1.1771739e-02 5.8024612e-05 3.9639426e-07 1.0895765e-08]"
D:\Uni\Ulm\Master\Hiwi-Forschung-und-Lehre\FairFace\detected_faces\988277_face0.jpg,White,White,Male,20-29,"[9.9777651e-01 6.3417037e-06 1.9883242e-04 1.4930727e-07 7.1404247e-07
 2.2395459e-06 2.0152489e-03]",[9.9898201e-01 7.6866848e-04 1.2973437e-04 1.1962685e-04],[9.9998987e-01 1.0160903e-05],"[2.3461475e-08 1.3361293e-06 1.3762400e-03 6.9382203e-01 2.9603988e-01
 8.6813653e-03 7.7956000e-05 1.0851886e-06 2.5556918e-08]"
D:\Uni\Ulm\Master\Hiwi-Forschung-und-Lehre\FairFace\detected_faces\988328_face0.jpg,White,White,Male,30-39,"[9.2391837e-01 6.8866269e-05 2.1221213e-02 1.6394559e-04 1.7295114e-04
 1.4781801e-03 5.2976474e-02]",[9.8870742e-01 5.9937454e-05 1.7684569e-04 1.1055814e-02],[9.9993938e-01 6.0623184e-05],"[1.1507302e-06 2.7675607e-05 1.5392384e-03 4.7270465e-01 5.0248152e-01
 2.3051828e-02 1.9164762e-04 2.1970880e-06 8.6726295e-08]"
D:\Uni\Ulm\Master\Hiwi-Forschung-und-Lehre\FairFace\detected_faces\988332_face0.jpg,White,White,Male,10-19,"[9.99832690e-01 3.45323969e-07 2.33906358e-05 2.60668075e-05
 2.80316453e-05 1.07993124e-07 8.92904936e-05]",[9.9962723e-01 8.7643302e-06 3.6190101e-04 2.0980547e-06],[1.0000000e+00 2.4748674e-08],"[2.8784303e-08 9.4540080e-04 9.4467276e-01 5.3924970e-02 4.4395408e-04
 1.2719848e-05 1.3497578e-07 4.2837085e-09 7.4255720e-11]"
D:\Uni\Ulm\Master\Hiwi-Forschung-und-Lehre\FairFace\detected_faces\988343_face0.jpg,White,White,Male,20-29,"[9.9919599e-01 4.2099596e-06 2.8568393e-04 1.4007678e-05 3.5294703e-05
 6.6156662e-07 4.6396311e-04]",[9.9912560e-01 7.8996056e-04 7.5660646e-05 8.7786366e-06],[9.9999976e-01 1.9437130e-07],"[7.0053872e-08 7.9434401e-05 3.2642171e-02 8.9434290e-01 7.2422363e-02
 5.1158055e-04 1.4913056e-06 1.3439137e-08 3.3149219e-10]"
D:\Uni\Ulm\Master\Hiwi-Forschung-und-Lehre\FairFace\detected_faces\988351_face0.jpg,White,White,Male,30-39,"[4.5600742e-01 3.8306287e-04 1.6116732e-01 1.6090927e-04 2.9853507e-04
 1.9012872e-02 3.6296991e-01]",[9.5384735e-01 8.2184572e-04 4.4930205e-03 4.0837839e-02],[9.9979621e-01 2.0375193e-04],"[5.5214650e-07 9.7760185e-06 1.3296503e-03 2.2887468e-01 7.1833956e-01
 5.1248115e-02 1.9607748e-04 1.5672382e-06 1.5022557e-08]"
D:\Uni\Ulm\Master\Hiwi-Forschung-und-Lehre\FairFace\detected_faces\988356_face0.jpg,Black,Black,Male,20-29,"[7.3917485e-03 8.3359373e-01 1.4501734e-01 1.9487527e-05 3.4094142e-04
 3.1721957e-03 1.0464567e-02]",[7.1251584e-04 9.9387497e-01 4.9639435e-04 4.9161674e-03],[9.9999803e-01 1.9692984e-06],"[1.6427396e-07 1.4861041e-05 7.9057235e-03 7.0511770e-01 2.7462018e-01
 1.2131508e-02 2.0807797e-04 1.8319994e-06 3.6510631e-08]"
D:\Uni\Ulm\Master\Hiwi-Forschung-und-Lehre\FairFace\detected_faces\988410_face0.jpg,White,White,Male,20-29,"[9.5139945e-01 4.3077735e-04 2.9993339e-02 1.0857881e-03 1.8495115e-03
 4.5809327e-04 1.4783039e-02]",[9.9646717e-01 1.3365460e-03 9.5746509e-04 1.2388574e-03],[9.9990356e-01 9.6411102e-05],"[3.3092065e-06 1.6260930e-04 5.1177412e-02 8.0999988e-01 1.3394430e-01
 4.6448801e-03 6.5024389e-05 2.4885621e-06 5.1808595e-08]"
D:\Uni\Ulm\Master\Hiwi-Forschung-und-Lehre\FairFace\detected_faces\988631_face0.jpg,Middle Eastern,Indian,Male,20-29,"[1.3288275e-02 3.9584487e-04 5.9267543e-02 8.1618266e-05 4.3540279e-04
 9.8911919e-02 8.2761943e-01]",[0.07844312 0.06018464 0.00321878 0.85815346],[0.9982986  0.00170137],"[1.1565746e-06 6.0729100e-05 8.8000977e-03 6.9264495e-01 2.8926247e-01
 9.1663171e-03 6.2971434e-05 1.2765574e-06 5.2266323e-08]"
D:\Uni\Ulm\Master\Hiwi-Forschung-und-Lehre\FairFace\detected_faces\988639_face0.jpg,White,White,Male,20-29,"[9.2184514e-01 1.5976340e-05 4.4913348e-02 1.2787365e-02 1.0784952e-02
 3.9823560e-04 9.2550423e-03]",[0.93919516 0.00159201 0.05103599 0.0081769 ],[9.9999934e-01 6.3987886e-07],"[3.8518749e-07 3.6263522e-05 8.0522731e-02 7.0981437e-01 1.8500331e-01
 2.3547322e-02 1.0605479e-03 1.5018775e-05 9.5244069e-08]"
D:\Uni\Ulm\Master\Hiwi-Forschung-und-Lehre\FairFace\detected_faces\988650_face0.jpg,Middle Eastern,White,Male,20-29,"[4.3526199e-03 1.2330031e-05 5.4742908e-03 3.6663835e-06 2.5824336e-05
 1.6099226e-03 9.8852134e-01]",[8.6449522e-01 2.6875483e-03 2.8778866e-04 1.3252942e-01],[9.999999e-01 9.754421e-08],"[1.4544720e-07 6.2605737e-05 2.8821329e-02 9.1502059e-01 5.5694900e-02
 3.9980700e-04 6.4605081e-07 1.4351084e-08 1.5194730e-10]"
D:\Uni\Ulm\Master\Hiwi-Forschung-und-Lehre\FairFace\detected_faces\988753_face0.jpg,Latino_Hispanic,Black,Male,20-29,"[3.8350273e-02 5.6279916e-02 8.8701051e-01 2.1259046e-04 2.7567847e-03
 6.8382267e-03 8.5517066e-03]",[0.30080494 0.588061   0.05114843 0.05998557],[9.9999928e-01 7.1318516e-07],"[6.9643820e-06 1.6010550e-04 1.1121542e-02 5.4890358e-01 4.1474003e-01
 2.4687778e-02 3.7371833e-04 6.1726400e-06 8.3589953e-08]"
D:\Uni\Ulm\Master\Hiwi-Forschung-und-Lehre\FairFace\detected_faces\988830_face0.jpg,White,White,Male,10-19,"[9.7277218e-01 3.3335666e-06 1.1119817e-03 1.1452232e-03 3.1296074e-04
 1.3200416e-05 2.4641106e-02]",[9.9798578e-01 6.0516253e-05 1.9270927e-03 2.6638601e-05],[9.9985647e-01 1.4352864e-04],"[6.2015516e-08 1.3476760e-04 6.9250256e-01 3.0513963e-01 2.1828581e-03
 3.9846233e-05 2.9482661e-07 9.4932977e-09 2.3837757e-10]"
D:\Uni\Ulm\Master\Hiwi-Forschung-und-Lehre\FairFace\detected_faces\988833_face0.jpg,Indian,Black,Male,10-19,"[9.3666846e-03 1.9721437e-01 2.1681099e-01 4.7777776e-05 4.1220482e-03
 5.6989664e-01 2.5414675e-03]",[0.00336745 0.5345933  0.00175544 0.4602838 ],[9.9998355e-01 1.6456355e-05],"[2.0483803e-07 2.7852146e-02 9.6608818e-01 5.9710345e-03 8.4598338e-05
 3.7834322e-06 4.1501799e-08 2.1692053e-09 7.7761235e-11]"
D:\Uni\Ulm\Master\Hiwi-Forschung-und-Lehre\FairFace\detected_faces\988839_face0.jpg,Black,Black,Male,20-29,"[1.3334876e-04 9.9118495e-01 7.6907729e-03 7.8721905e-07 5.3948046e-05
 5.4131245e-04 3.9495324e-04]",[7.4696600e-06 9.9993396e-01 5.9232752e-06 5.2663901e-05],[9.9999124e-01 8.7891522e-06],"[1.1992408e-07 3.8555634e-04 2.2501583e-01 7.5650334e-01 1.7938299e-02
 1.5623064e-04 5.9744565e-07 1.1465273e-08 4.4524806e-10]"
D:\Uni\Ulm\Master\Hiwi-Forschung-und-Lehre\FairFace\detected_faces\988881_face0.jpg,White,White,Male,20-29,"[9.9170917e-01 1.0947705e-05 2.6996685e-03 7.9142319e-06 2.6583175e-05
 2.8365848e-05 5.5173044e-03]",[9.9980611e-01 5.7163616e-05 8.6678810e-05 5.0068895e-05],[9.9999982e-01 2.1277316e-07],"[4.0792589e-08 9.3655086e-05 1.0910401e-01 8.5744667e-01 3.3025246e-02
 3.2956395e-04 8.1756662e-07 1.1519310e-08 2.1773898e-10]"
D:\Uni\Ulm\Master\Hiwi-Forschung-und-Lehre\FairFace\detected_faces\988882_face0.jpg,White,White,Male,20-29,"[8.6142385e-01 3.7282243e-05 2.0131560e-02 3.3744187e-03 3.2696743e-03
 3.3624233e-03 1.0840082e-01]",[9.2442709e-01 7.5267238e-04 1.9739769e-02 5.5080507e-02],[9.9999768e-01 2.3009495e-06],"[4.8527813e-08 6.4006766e-05 1.5301657e-01 8.3640587e-01 1.0372127e-02
 1.4065250e-04 6.7643475e-07 3.2385213e-08 4.4740672e-10]"
D:\Uni\Ulm\Master\Hiwi-Forschung-und-Lehre\FairFace\detected_faces\988894_face0.jpg,White,White,Male,20-29,"[4.9967343e-01 1.6546289e-03 1.9303477e-01 4.8942462e-04 8.6837896e-04
 2.9029575e-04 3.0398911e-01]",[9.9002385e-01 7.5144265e-03 2.2574507e-03 2.0428305e-04],[9.9991405e-01 8.5916719e-05],"[1.0137674e-06 5.1973079e-04 2.8153872e-01 6.8477947e-01 3.2572351e-02
 5.8420346e-04 4.3887253e-06 1.4637429e-07 3.2885474e-09]"
D:\Uni\Ulm\Master\Hiwi-Forschung-und-Lehre\FairFace\detected_faces\988896_face0.jpg,Middle Eastern,Asian,Male,20-29,"[4.3854252e-02 1.2716529e-04 3.6965080e-02 1.2908261e-03 2.3679035e-03
 8.9367591e-03 9.0645802e-01]",[0.22813243 0.00580267 0.6428982  0.1231667 ],[9.9999923e-01 7.3588063e-07],"[5.9658169e-06 4.4562658e-03 2.6477206e-01 6.9823503e-01 3.1848066e-02
 6.7813694e-04 4.1689636e-06 3.1941852e-07 4.6389874e-09]"
D:\Uni\Ulm\Master\Hiwi-Forschung-und-Lehre\FairFace\detected_faces\988905_face0.jpg,White,White,Male,20-29,"[8.8044190e-01 3.8816436e-04 3.4900881e-02 3.9652652e-05 1.4644742e-04
 7.6934544e-04 8.3313681e-02]",[9.9837124e-01 4.8061108e-04 1.4112517e-04 1.0070670e-03],[9.9999982e-01 2.2424211e-07],"[1.7599896e-07 4.8540336e-05 6.1482508e-02 8.9321381e-01 4.4315085e-02
 9.3177939e-04 7.9004803e-06 2.2236220e-07 3.0153331e-09]"
D:\Uni\Ulm\Master\Hiwi-Forschung-und-Lehre\FairFace\detected_faces\988963_face0.jpg,White,White,Male,30-39,"[9.9975634e-01 9.4386405e-06 5.2742824e-05 4.4825065e-06 1.4335979e-05
 5.0525691e-06 1.5756949e-04]",[9.9831718e-01 1.1016383e-03 4.8315516e-04 9.8064338e-05],[9.9914867e-01 8.5134467e-04],"[5.8171886e-06 3.7251331e-05 1.8418636e-03 1.4634967e-01 5.2108490e-01
 2.7769846e-01 4.9361624e-02 3.3522421e-03 2.6809872e-04]"
D:\Uni\Ulm\Master\Hiwi-Forschung-und-Lehre\FairFace\detected_faces\988964_face0.jpg,Middle Eastern,White,Male,20-29,"[2.4136329e-01 1.4298891e-04 1.5674360e-02 2.2758846e-05 8.8049070e-05
 1.8287558e-03 7.4087983e-01]",[9.5816356e-01 2.2946151e-03 3.6424465e-04 3.9177570e-02],[9.999993e-01 6.792724e-07],"[1.3842966e-06 3.0487610e-04 4.3760147e-02 7.7681899e-01 1.7369150e-01
 5.3856196e-03 3.6737601e-05 7.5549826e-07 9.0843963e-09]"
D:\Uni\Ulm\Master\Hiwi-Forschung-und-Lehre\FairFace\detected_faces\988966_face0.jpg,White,White,Male,20-29,"[9.6986276e-01 1.9358282e-05 3.9398051e-03 3.2941834e-06 6.6711768e-06
 7.0398368e-05 2.6097670e-02]",[9.9933970e-01 3.1436884e-04 1.0188578e-04 2.4404601e-04],[9.9984854e-01 1.5148224e-04],"[2.5737069e-08 1.6642631e-05 5.3644218e-02 9.0049779e-01 4.5174092e-02
 6.6245638e-04 4.7465473e-06 8.9786404e-08 2.0635784e-09]"
D:\Uni\Ulm\Master\Hiwi-Forschung-und-Lehre\FairFace\detected_faces\988967_face0.jpg,White,White,Male,20-29,"[9.8372501e-01 2.4452132e-05 6.2517826e-03 5.4782959e-06 1.8655217e-05
 1.6573273e-05 9.9580269e-03]",[9.99183953e-01 5.89168107e-04 1.04514096e-04 1.22481637e-04],[9.9999988e-01 1.4322065e-07],"[2.6853481e-08 1.0439171e-05 3.4835696e-02 9.3471557e-01 3.0307446e-02
 1.3046790e-04 3.4089163e-07 6.8478423e-09 8.8090202e-11]"
D:\Uni\Ulm\Master\Hiwi-Forschung-und-Lehre\FairFace\detected_faces\988970_face0.jpg,Black,Black,Male,20-29,"[8.7948156e-06 9.9501079e-01 7.5348554e-04 7.6745835e-07 4.8789640e-05
 4.1481177e-03 2.9193203e-05]",[5.1442335e-06 9.9301779e-01 5.0944504e-06 6.9719884e-03],[9.9997205e-01 2.7942191e-05],"[4.1453714e-07 4.9943972e-04 1.5734895e-01 8.0043304e-01 4.1240625e-02
 4.7586317e-04 1.6163868e-06 2.4223953e-08 1.0256758e-09]"
D:\Uni\Ulm\Master\Hiwi-Forschung-und-Lehre\FairFace\detected_faces\988984_face0.jpg,White,White,Male,10-19,"[9.6461350e-01 8.6661803e-06 9.7803085e-04 1.7006241e-06 4.5357006e-06
 2.7998926e-06 3.4390628e-02]",[9.9974674e-01 2.1212691e-04 1.6184351e-05 2.4924448e-05],[9.9996454e-01 3.5435303e-05],"[2.2083690e-07 5.5609661e-04 5.1105726e-01 4.7286594e-01 1.5159716e-02
 3.5939083e-04 1.4163854e-06 3.1871636e-08 7.7386608e-10]"
D:\Uni\Ulm\Master\Hiwi-Forschung-und-Lehre\FairFace\detected_faces\988989_face0.jpg,White,White,Male,20-29,"[8.0186576e-01 2.6091845e-03 8.9741565e-02 2.7277181e-04 6.4983597e-04
 1.8853309e-04 1.0467233e-01]",[9.8873848e-01 1.0541553e-02 5.8980030e-04 1.3017550e-04],[9.9998224e-01 1.7766888e-05],"[1.0427434e-05 2.7113506e-03 2.5296646e-01 6.3480175e-01 1.0048474e-01
 8.7789372e-03 2.3709791e-04 9.0945350e-06 1.9277660e-07]"
D:\Uni\Ulm\Master\Hiwi-Forschung-und-Lehre\FairFace\detected_faces\989034_face0.jpg,White,White,Male,20-29,"[7.60868728e-01 9.58551595e-07 1.83345645e-03 3.47265359e-06
 1.27130925e-05 7.85035372e-04 2.36495659e-01]",[9.9855971e-01 5.0772349e-05 2.5196303e-05 1.3642272e-03],[9.999995e-01 5.088609e-07],"[2.4634872e-07 8.8373003e-05 1.4147060e-01 7.6040781e-01 9.3509451e-02
 4.5052604e-03 1.7869534e-05 3.6156121e-07 4.3969419e-09]"
D:\Uni\Ulm\Master\Hiwi-Forschung-und-Lehre\FairFace\detected_faces\989056_face0.jpg,Latino_Hispanic,White,Male,20-29,"[2.8416502e-01 3.1735387e-03 5.9497195e-01 2.7878597e-04 1.0544104e-03
 4.8059016e-03 1.1155047e-01]",[0.8109132  0.07023653 0.00724694 0.11160337],[9.9999988e-01 1.1466168e-07],"[3.3118550e-07 5.3298540e-05 2.6010282e-02 7.7157909e-01 1.9633533e-01
 5.9724809e-03 4.8377195e-05 8.1093390e-07 7.2214181e-09]"
D:\Uni\Ulm\Master\Hiwi-Forschung-und-Lehre\FairFace\detected_faces\989113_face0.jpg,White,White,Male,20-29,"[9.9960399e-01 3.7061980e-08 7.5844531e-05 4.1948192e-07 6.1678321e-07
 1.5474144e-07 3.1899588e-04]",[9.9996603e-01 1.3834011e-06 1.4821621e-05 1.7773848e-05],[1.000000e+00 3.486473e-08],"[2.1527959e-09 2.2342595e-06 4.6483491e-02 9.2571783e-01 2.7656911e-02
 1.3940175e-04 1.5973144e-07 9.4480468e-10 6.8726691e-12]"
D:\Uni\Ulm\Master\Hiwi-Forschung-und-Lehre\FairFace\detected_faces\989122_face0.jpg,White,White,Male,20-29,"[9.88052785e-01 1.88238468e-04 9.41751618e-03 5.62072491e-05
 1.14503615e-04 2.72740181e-05 2.14347709e-03]",[9.8716700e-01 6.5308763e-03 6.0762358e-03 2.2597089e-04],[1.0000000e+00 1.6189425e-08],"[3.5818618e-07 2.3186354e-05 4.5315870e-03 7.7592206e-01 2.1337968e-01
 6.0590701e-03 8.2022299e-05 1.9782838e-06 3.6939685e-08]"
D:\Uni\Ulm\Master\Hiwi-Forschung-und-Lehre\FairFace\detected_faces\989171_face0.jpg,Middle Eastern,Indian,Male,20-29,"[6.7028268e-03 9.7463420e-03 1.3576955e-01 2.1255304e-05 3.0246057e-04
 1.7125336e-02 8.3033222e-01]",[0.11062332 0.1776722  0.06746034 0.64424413],[9.9999928e-01 7.1003564e-07],"[5.2889900e-06 2.1359265e-04 2.6246177e-02 7.6178068e-01 2.0307496e-01
 8.6043561e-03 7.3165429e-05 1.8533136e-06 1.7158863e-08]"
D:\Uni\Ulm\Master\Hiwi-Forschung-und-Lehre\FairFace\detected_faces\989185_face0.jpg,White,White,Male,10-19,"[8.6932933e-01 1.1949182e-04 8.4582949e-03 3.9717374e-06 1.5515827e-05
 1.2346931e-05 1.2206112e-01]",[9.9472058e-01 4.5546754e-03 2.2419442e-04 5.0061895e-04],[9.9994951e-01 5.0509618e-05],"[1.6122113e-08 9.8870354e-05 5.0870746e-01 4.8436397e-01 6.7158854e-03
 1.1344886e-04 3.7253889e-07 6.8138752e-09 1.2446340e-10]"
D:\Uni\Ulm\Master\Hiwi-Forschung-und-Lehre\FairFace\detected_faces\989186_face0.jpg,White,White,Male,20-29,"[9.8193127e-01 3.2478078e-05 1.1217690e-02 1.5053413e-05 6.4645974e-05
 1.4528065e-05 6.7244070e-03]",[9.9215984e-01 4.9685552e-03 2.5429588e-03 3.2857517e-04],[1.0000000e+00 2.5026482e-08],"[1.4278735e-08 4.0023001e-06 3.0555524e-02 8.3613586e-01 1.2928709e-01
 3.9896904e-03 2.7624365e-05 1.9117510e-07 1.1111367e-09]"
D:\Uni\Ulm\Master\Hiwi-Forschung-und-Lehre\FairFace\detected_faces\989203_face0.jpg,Latino_Hispanic,Indian,Male,30-39,"[1.3352328e-02 3.2767344e-02 5.3554457e-01 1.7357552e-05 1.9938697e-04
 2.7943069e-01 1.3868830e-01]",[0.05062953 0.05706123 0.00347217 0.88883704],[9.999976e-01 2.420112e-06],"[2.3256878e-06 1.3090571e-04 4.4710371e-03 4.6095183e-01 5.0935608e-01
 2.4948718e-02 1.3809116e-04 9.5982955e-07 9.3350883e-09]"
D:\Uni\Ulm\Master\Hiwi-Forschung-und-Lehre\FairFace\detected_faces\989264_face0.jpg,White,White,Male,20-29,"[9.9995399e-01 3.6402039e-07 1.3314234e-05 9.3859590e-08 1.6314631e-07
 7.0168554e-08 3.1943575e-05]",[9.99310791e-01 6.43018517e-04 3.22967971e-05 1.38124105e-05],[9.9999803e-01 1.9723177e-06],"[2.2119386e-06 2.4069771e-04 2.6401147e-02 6.0845065e-01 3.4340507e-01
 2.1056702e-02 4.3823841e-04 5.1477350e-06 1.2684475e-07]"
D:\Uni\Ulm\Master\Hiwi-Forschung-und-Lehre\FairFace\detected_faces\989276_face0.jpg,White,White,Male,20-29,"[9.9999821e-01 1.7798911e-09 7.0466157e-08 1.4582314e-08 2.0383972e-08
 1.7691223e-09 1.7049254e-06]",[9.9999958e-01 1.2730399e-08 4.9306465e-07 5.4832578e-09],[1.0000000e+00 6.8649912e-09],"[2.2847384e-08 5.5273926e-05 1.3618398e-01 8.5390580e-01 9.7827874e-03
 7.1969895e-05 1.9273668e-07 1.3944413e-09 3.6420863e-11]"
D:\Uni\Ulm\Master\Hiwi-Forschung-und-Lehre\FairFace\detected_faces\989345_face0.jpg,White,White,Male,20-29,"[9.9997199e-01 3.6111668e-08 4.6542973e-06 4.5519779e-09 1.5734599e-08
 1.6463517e-07 2.3032180e-05]",[9.9999332e-01 9.2117585e-07 2.0804919e-07 5.4949273e-06],[9.9999863e-01 1.3233507e-06],"[3.4104559e-08 4.5181246e-06 7.2828718e-03 7.7393514e-01 1.9115704e-01
 2.6748862e-02 8.6094084e-04 1.0371000e-05 2.1733291e-07]"
D:\Uni\Ulm\Master\Hiwi-Forschung-und-Lehre\FairFace\detected_faces\989355_face0.jpg,White,White,Male,20-29,"[9.4820774e-01 2.0247716e-03 3.8233828e-02 7.8865523e-05 1.5919028e-04
 8.4390798e-05 1.1211268e-02]",[9.8816377e-01 9.7573455e-03 1.4759070e-03 6.0297275e-04],[0.99289393 0.00710607],"[2.7050731e-07 2.1881540e-04 2.4290743e-01 6.9877529e-01 5.6532085e-02
 1.5427391e-03 2.2357626e-05 9.5212113e-07 4.1664070e-08]"
D:\Uni\Ulm\Master\Hiwi-Forschung-und-Lehre\FairFace\detected_faces\989371_face0.jpg,Black,Black,Male,20-29,"[6.4743261e-05 9.9360818e-01 4.8332829e-03 1.4328189e-05 9.9444797e-04
 4.2211870e-04 6.2953739e-05]",[1.65707625e-05 9.99391496e-01 4.86494071e-04 1.05489475e-04],[9.999967e-01 3.273671e-06],"[8.1095777e-08 4.8587449e-06 1.6023329e-02 7.8881139e-01 1.8532875e-01
 9.5726885e-03 2.5259575e-04 5.9935128e-06 2.7404437e-07]"
D:\Uni\Ulm\Master\Hiwi-Forschung-und-Lehre\FairFace\detected_faces\989412_face0.jpg,Middle Eastern,White,Male,20-29,"[1.8264987e-01 3.2004691e-04 2.0182855e-01 5.1803642e-04 2.0870978e-03
 1.1529158e-02 6.0106719e-01]",[0.52757    0.00391899 0.01843465 0.4500763 ],[9.999997e-01 2.496069e-07],"[5.9407746e-08 1.5126981e-04 2.0931605e-01 7.6187003e-01 2.8225083e-02
 4.3582809e-04 1.7517510e-06 4.5929170e-08 5.8924748e-10]"
D:\Uni\Ulm\Master\Hiwi-Forschung-und-Lehre\FairFace\detected_faces\989420_face0.jpg,White,White,Male,20-29,"[5.2884549e-01 1.1796176e-04 8.3467051e-02 1.5790974e-04 4.8041943e-04
 1.1964685e-03 3.8573471e-01]",[9.9637616e-01 9.8913268e-04 9.0651074e-04 1.7282263e-03],[9.999280e-01 7.201915e-05],"[4.1140478e-07 9.5659168e-05 1.6907848e-02 8.8528335e-01 9.7283877e-02
 4.2831234e-04 5.7892964e-07 8.4617735e-09 2.2049437e-10]"
D:\Uni\Ulm\Master\Hiwi-Forschung-und-Lehre\FairFace\detected_faces\989508_face0.jpg,Middle Eastern,White,Male,30-39,"[1.1776144e-01 7.5276410e-03 3.0001208e-01 2.3229461e-05 2.0698868e-04
 1.7081533e-02 5.5738705e-01]",[0.92919916 0.02008993 0.00715093 0.04356001],[9.9999857e-01 1.4373942e-06],"[1.2822728e-06 2.9552299e-05 1.2426436e-03 4.1629690e-01 5.6059146e-01
 2.1728661e-02 1.0778508e-04 1.7788119e-06 2.4655550e-08]"
D:\Uni\Ulm\Master\Hiwi-Forschung-und-Lehre\FairFace\detected_faces\989522_face0.jpg,Black,Black,Male,20-29,"[1.2680889e-06 9.9886268e-01 5.7382313e-05 2.5401783e-07 1.5683649e-05
 1.0567190e-03 5.9569288e-06]",[4.3737059e-06 9.9929732e-01 2.5796808e-05 6.7253120e-04],[9.9999547e-01 4.5103161e-06],"[2.0361819e-08 5.7301440e-06 1.0843310e-02 7.7964228e-01 2.0466539e-01
 4.7857780e-03 5.6051238e-05 1.2921278e-06 5.8556562e-08]"
D:\Uni\Ulm\Master\Hiwi-Forschung-und-Lehre\FairFace\detected_faces\989560_face0.jpg,White,White,Male,20-29,"[9.6886158e-01 1.6408637e-06 5.2323239e-04 2.0852133e-06 6.2381814e-06
 6.3430730e-06 3.0598897e-02]",[9.9983615e-01 5.8369867e-05 5.7503989e-05 4.7964440e-05],[9.9999833e-01 1.6527199e-06],"[1.6245609e-08 9.0754029e-06 3.3463337e-02 9.4434631e-01 2.2103697e-02
 7.7413344e-05 1.0051965e-07 1.1629976e-09 1.9325916e-11]"
D:\Uni\Ulm\Master\Hiwi-Forschung-und-Lehre\FairFace\detected_faces\989562_face0.jpg,White,White,Male,20-29,"[7.6283503e-01 4.9655954e-04 9.8942155e-03 6.0842594e-05 9.7137112e-05
 3.4321719e-04 2.2627297e-01]",[9.9828130e-01 1.1337565e-03 4.6050569e-05 5.3894491e-04],[1.0000000e+00 1.9097412e-08],"[7.7826343e-08 6.2558407e-05 3.7882943e-02 9.1119564e-01 5.0604176e-02
 2.5398476e-04 5.9605520e-07 8.9202850e-09 1.6558950e-10]"
D:\Uni\Ulm\Master\Hiwi-Forschung-und-Lehre\FairFace\detected_faces\989582_face0.jpg,White,White,Male,20-29,"[8.5393977e-01 2.0005445e-04 5.6441672e-02 3.4216492e-04 5.4826861e-04
 2.2375178e-04 8.8304393e-02]",[0.9736394  0.00559023 0.00454251 0.01622785],[9.999979e-01 2.047515e-06],"[2.0228685e-08 8.0712312e-07 4.5912862e-03 8.4706199e-01 1.4700644e-01
 1.3353454e-03 4.0086729e-06 5.1349659e-08 7.3113338e-10]"
D:\Uni\Ulm\Master\Hiwi-Forschung-und-Lehre\FairFace\detected_faces\989630_face0.jpg,White,White,Male,20-29,"[6.80131853e-01 7.43320677e-04 1.21708475e-01 1.21336016e-04
 3.82013968e-04 3.18355684e-04 1.96594641e-01]",[9.8786783e-01 1.1254258e-02 2.5427496e-04 6.2364986e-04],[9.99891698e-01 1.08296816e-04],"[1.2718527e-07 2.3060552e-04 3.3742332e-01 6.4988714e-01 1.2321002e-02
 1.3729966e-04 5.0275435e-07 1.3051548e-08 2.9398486e-10]"
D:\Uni\Ulm\Master\Hiwi-Forschung-und-Lehre\FairFace\detected_faces\989784_face0.jpg,White,White,Male,20-29,"[0.48897213 0.00297054 0.34404376 0.00072178 0.00147381 0.00052076
 0.16129723]",[0.99324304 0.00197716 0.00326633 0.00151349],[9.9999803e-01 2.0135014e-06],"[3.86966619e-08 1.03261646e-05 2.48754770e-02 9.47467983e-01
 2.75662169e-02 7.97090615e-05 1.80899406e-07 6.60864385e-09
 1.12251076e-10]"
D:\Uni\Ulm\Master\Hiwi-Forschung-und-Lehre\FairFace\detected_faces\989786_face0.jpg,Middle Eastern,White,Male,10-19,"[4.1835573e-01 6.7888013e-06 2.5565295e-02 3.9297511e-04 2.0192337e-04
 5.6399516e-04 5.5491328e-01]",[9.9858046e-01 1.4689566e-04 6.5916847e-04 6.1349728e-04],[9.9994051e-01 5.9529495e-05],"[6.7962474e-06 9.6173286e-03 8.5021067e-01 1.3451527e-01 5.3924480e-03
 2.5419629e-04 3.0857316e-06 1.5330134e-07 4.8711346e-09]"
D:\Uni\Ulm\Master\Hiwi-Forschung-und-Lehre\FairFace\detected_faces\989787_face0.jpg,White,White,Male,20-29,"[9.2659450e-01 3.5809362e-04 3.8508169e-02 1.4800223e-04 3.1991058e-04
 8.0476562e-04 3.3266485e-02]",[9.9794793e-01 7.4252317e-04 9.4004947e-04 3.6951259e-04],[9.9999976e-01 2.4696826e-07],"[2.1689644e-07 2.7102906e-05 5.2021495e-03 8.2597184e-01 1.6592778e-01
 2.8487400e-03 2.1699856e-05 4.8805703e-07 1.1205806e-08]"
D:\Uni\Ulm\Master\Hiwi-Forschung-und-Lehre\FairFace\detected_faces\989788_face0.jpg,Middle Eastern,White,Male,10-19,"[1.2167202e-02 4.1021849e-05 1.3393387e-03 1.7269677e-07 1.8688188e-06
 7.1471179e-05 9.8637897e-01]",[9.9748623e-01 1.8901533e-03 1.9225727e-05 6.0435844e-04],[9.9999887e-01 1.1049327e-06],"[4.4439329e-08 2.6236039e-03 8.6906582e-01 1.2705955e-01 1.2345270e-03
 1.6486647e-05 2.2447013e-08 5.5492611e-10 5.6951071e-12]"
D:\Uni\Ulm\Master\Hiwi-Forschung-und-Lehre\FairFace\detected_faces\989803_face0.jpg,White,White,Male,20-29,"[9.9949735e-01 1.7105205e-07 1.3630377e-04 2.6731395e-06 2.7992085e-06
 1.4738566e-06 3.5928306e-04]",[9.998796e-01 4.440064e-06 7.615293e-05 3.984949e-05],[9.9999988e-01 1.2052152e-07],"[6.8689978e-08 1.3488077e-04 2.9062551e-01 6.9291586e-01 1.5837690e-02
 4.8246246e-04 3.3799372e-06 3.4689297e-08 3.7779002e-10]"
D:\Uni\Ulm\Master\Hiwi-Forschung-und-Lehre\FairFace\detected_faces\989824_face0.jpg,Black,Black,Male,10-19,"[6.0249254e-06 9.9951082e-01 3.9812010e-05 1.0004389e-07 2.4630067e-06
 4.3559165e-04 5.2274017e-06]",[3.4901172e-05 9.9930853e-01 4.4214154e-05 6.1240082e-04],[0.99664724 0.00335279],"[4.86855679e-05 1.22584395e-01 6.99129224e-01 1.65872127e-01
 1.17051508e-02 6.41830557e-04 1.72252130e-05 1.18129390e-06
 1.04014099e-07]"
D:\Uni\Ulm\Master\Hiwi-Forschung-und-Lehre\FairFace\detected_faces\989826_face0.jpg,Black,Black,Male,10-19,"[8.9024444e-04 9.3481690e-01 6.0815245e-02 3.4608547e-06 1.0103562e-04
 2.0161902e-03 1.3569790e-03]",[6.3227009e-05 9.9905801e-01 8.2214770e-05 7.9652877e-04],[9.9967128e-01 3.2870614e-04],"[1.1181011e-05 5.0813854e-02 8.9139497e-01 5.5828676e-02 1.8579067e-03
 9.1539710e-05 1.8138302e-06 9.5421520e-08 2.8710458e-09]"
D:\Uni\Ulm\Master\Hiwi-Forschung-und-Lehre\FairFace\detected_faces\989829_face0.jpg,Latino_Hispanic,Asian,Male,10-19,"[6.3113414e-02 1.0150012e-03 8.7103355e-01 1.0695043e-02 3.2439213e-02
 7.8519876e-04 2.0918710e-02]",[0.19222097 0.00754775 0.79885226 0.00137898],[1.0000000e+00 1.4315212e-08],"[3.7810945e-08 5.7789881e-04 6.6718781e-01 3.2952607e-01 2.6912789e-03
 1.6836844e-05 6.0230477e-08 2.1630870e-09 1.6092766e-11]"
D:\Uni\Ulm\Master\Hiwi-Forschung-und-Lehre\FairFace\detected_faces\989833_face0.jpg,Middle Eastern,Indian,Male,20-29,"[5.8332738e-03 1.0783930e-02 1.0931388e-01 4.5252735e-05 6.9861364e-04
 3.6976963e-01 5.0355542e-01]",[0.03309103 0.1676782  0.00696908 0.7922616 ],[9.9999988e-01 1.6745214e-07],"[6.9756658e-07 9.6510325e-05 8.5715856e-03 5.7351381e-01 3.9473242e-01
 2.2959564e-02 1.2362348e-04 1.8218097e-06 1.8842869e-08]"
D:\Uni\Ulm\Master\Hiwi-Forschung-und-Lehre\FairFace\detected_faces\989841_face0.jpg,White,White,Male,20-29,"[9.68463004e-01 2.70890829e-04 2.50132531e-02 1.33777285e-05
 7.26892758e-05 4.76308283e-04 5.69053041e-03]",[9.9870586e-01 1.2009708e-04 1.1196552e-04 1.0620519e-03],[9.9998397e-01 1.6050228e-05],"[1.05895815e-07 3.21060565e-04 3.72772545e-01 6.02735639e-01
 2.36891285e-02 4.78764443e-04 2.65987069e-06 4.17291695e-08
 1.07271159e-09]"
D:\Uni\Ulm\Master\Hiwi-Forschung-und-Lehre\FairFace\detected_faces\989865_face0.jpg,White,White,Male,20-29,"[6.8450856e-01 9.0619047e-05 1.0052957e-01 2.4037946e-04 5.3949532e-04
 4.0575382e-04 2.1368565e-01]",[0.9850939  0.00493825 0.00788219 0.0020856 ],[9.9999976e-01 2.0622583e-07],"[2.2307833e-07 7.2247341e-05 7.8809224e-02 7.7620006e-01 1.3942149e-01
 5.4506655e-03 4.5690515e-05 4.0480535e-07 3.4571872e-09]"
D:\Uni\Ulm\Master\Hiwi-Forschung-und-Lehre\FairFace\detected_faces\989877_face0.jpg,Latino_Hispanic,Asian,Male,20-29,"[0.02692941 0.01212223 0.9117099  0.0031865  0.03602615 0.00275052
 0.00727531]",[0.32872066 0.21849237 0.42923063 0.02355637],[9.999975e-01 2.517791e-06],"[3.0825495e-07 4.5666914e-04 3.5118273e-01 6.2544519e-01 2.2441475e-02
 4.6796826e-04 5.4245197e-06 1.8887903e-07 3.8389629e-09]"
D:\Uni\Ulm\Master\Hiwi-Forschung-und-Lehre\FairFace\detected_faces\989878_face0.jpg,Middle Eastern,White,Male,20-29,"[3.0274263e-01 5.3465748e-05 5.0730154e-02 4.8376957e-04 4.5347391e-04
 1.9129823e-04 6.4534515e-01]",[9.9665934e-01 8.5113978e-04 1.3692238e-03 1.1202623e-03],[9.9998122e-01 1.8804309e-05],"[4.4105253e-08 1.6639155e-04 4.6466658e-01 5.2026099e-01 1.4692072e-02
 2.1325937e-04 6.4657667e-07 1.6172411e-08 2.1530593e-10]"
D:\Uni\Ulm\Master\Hiwi-Forschung-und-Lehre\FairFace\detected_faces\989880_face0.jpg,Latino_Hispanic,Indian,Male,20-29,"[1.5301757e-01 8.4817559e-03 4.7352684e-01 2.6384232e-04 3.9628074e-03
 1.8871285e-01 1.7203434e-01]",[0.21849808 0.04748676 0.00641809 0.72759706],[1.000000e+00 4.682424e-08],"[7.9580147e-08 3.3438500e-04 3.1074649e-01 6.6992128e-01 1.8822007e-02
 1.7517347e-04 5.5799643e-07 1.1905330e-08 1.6836506e-10]"
D:\Uni\Ulm\Master\Hiwi-Forschung-und-Lehre\FairFace\detected_faces\989889_face0.jpg,Black,Black,Male,20-29,"[2.1477731e-06 9.9978298e-01 9.8995297e-05 1.1437832e-07 4.5310580e-06
 1.0435410e-04 6.8194345e-06]",[7.6630403e-07 9.9991667e-01 6.7147007e-06 7.5791409e-05],[9.9999356e-01 6.3927409e-06],"[2.2425401e-07 2.9851191e-04 1.2475305e-01 8.1852823e-01 5.5035848e-02
 1.3747875e-03 9.1803122e-06 1.5702061e-07 5.2191713e-09]"
D:\Uni\Ulm\Master\Hiwi-Forschung-und-Lehre\FairFace\detected_faces\989894_face0.jpg,Black,Black,Male,20-29,"[7.63727357e-08 9.99995291e-01 1.34689071e-06 1.80692421e-08
 3.26089520e-07 2.87504827e-06 1.01214056e-07]",[4.6135983e-07 9.9999321e-01 4.4498079e-06 1.9486890e-06],[9.9989933e-01 1.0069365e-04],"[3.2494192e-08 3.4205968e-05 3.1979714e-02 8.2099771e-01 1.4389652e-01
 3.0693340e-03 2.2282853e-05 2.8376840e-07 1.6896653e-08]"
D:\Uni\Ulm\Master\Hiwi-Forschung-und-Lehre\FairFace\detected_faces\989957_face0.jpg,White,White,Male,20-29,"[6.58913076e-01 1.41733829e-02 2.12554663e-01 6.26296678e-04
 2.63484870e-03 8.04813229e-04 1.10293016e-01]",[0.9893148  0.00518247 0.00236067 0.0031421 ],[0.9967672  0.00323281],"[3.3972213e-08 1.6019036e-04 4.1420552e-01 5.6118679e-01 2.4022404e-02
 4.2068883e-04 4.3591349e-06 1.0616282e-07 2.6133204e-09]"
D:\Uni\Ulm\Master\Hiwi-Forschung-und-Lehre\FairFace\detected_faces\990023_face0.jpg,Black,Black,Male,30-39,"[2.1488393e-06 9.9998802e-01 7.2523085e-06 2.1188100e-09 2.0094209e-08
 9.8761097e-07 1.6511999e-06]",[2.6472840e-06 9.9999404e-01 4.7146270e-07 2.8609072e-06],[9.9999440e-01 5.6357444e-06],"[9.8370769e-08 6.8517143e-06 1.7307507e-03 3.6231485e-01 5.4732108e-01
 8.6426087e-02 2.1255650e-03 6.9709778e-05 5.0308140e-06]"
D:\Uni\Ulm\Master\Hiwi-Forschung-und-Lehre\FairFace\detected_faces\990050_face0.jpg,Latino_Hispanic,White,Male,20-29,"[0.06443986 0.01348828 0.8112189  0.00201145 0.01362242 0.0182435
 0.0769756 ]",[0.5855751  0.08847991 0.18324044 0.14270456],[9.9997485e-01 2.5212348e-05],"[4.6684337e-07 2.8781680e-04 1.2224563e-01 8.4069586e-01 3.6271472e-02
 4.9625407e-04 2.4353631e-06 7.6735404e-08 1.7190019e-09]"
D:\Uni\Ulm\Master\Hiwi-Forschung-und-Lehre\FairFace\detected_faces\990094_face0.jpg,White,White,Male,20-29,"[8.0692351e-01 3.8118691e-05 1.2176272e-02 7.9599675e-04 1.2238548e-03
 4.1949497e-05 1.7880033e-01]",[9.9583530e-01 1.2681144e-04 4.0068366e-03 3.1070242e-05],[9.9999714e-01 2.8669388e-06],"[6.14157443e-07 4.69457707e-04 3.44156772e-01 5.98533988e-01
 5.51419929e-02 1.68177113e-03 1.47499668e-05 6.37944026e-07
 1.10950955e-08]"
D:\Uni\Ulm\Master\Hiwi-Forschung-und-Lehre\FairFace\detected_faces\990095_face0.jpg,White,White,Male,20-29,"[9.7079790e-01 8.7895351e-05 1.1348391e-03 1.2852765e-06 3.0148790e-06
 9.8375149e-06 2.7965259e-02]",[9.9838197e-01 8.3844870e-04 2.1358883e-05 7.5825432e-04],[9.9999994e-01 4.9837080e-08],"[1.1800006e-08 1.2358185e-05 2.0864142e-02 9.5766622e-01 2.1414334e-02
 4.2889358e-05 6.9919629e-08 1.5669209e-09 1.9296424e-11]"
D:\Uni\Ulm\Master\Hiwi-Forschung-und-Lehre\FairFace\detected_faces\990104_face0.jpg,Black,Black,Male,30-39,"[8.9545676e-04 9.7626489e-01 1.6971588e-02 2.8461156e-07 8.4635894e-06
 2.2698548e-03 3.5895326e-03]",[7.5054565e-04 9.9494255e-01 1.6949899e-04 4.1374001e-03],[9.999999e-01 9.889569e-08],"[2.1050039e-06 5.8720365e-05 2.1253105e-03 3.0478817e-01 6.1072695e-01
 8.0969520e-02 1.2988730e-03 2.9953884e-05 4.4390995e-07]"
D:\Uni\Ulm\Master\Hiwi-Forschung-und-Lehre\FairFace\detected_faces\990105_face0.jpg,White,White,Male,20-29,"[9.9351883e-01 1.5205967e-06 1.3899808e-03 6.1081528e-06 7.9112451e-06
 4.4540860e-07 5.0751213e-03]",[9.99721408e-01 1.09286746e-04 1.29286287e-04 4.00099634e-05],[9.999029e-01 9.710894e-05],"[1.3491478e-09 9.1820220e-06 3.1838959e-01 6.7552561e-01 6.0295989e-03
 4.5837216e-05 1.0160243e-07 1.0511364e-09 1.9453997e-11]"
D:\Uni\Ulm\Master\Hiwi-Forschung-und-Lehre\FairFace\detected_faces\990169_face0.jpg,Middle Eastern,White,Male,20-29,"[3.0743286e-01 4.1739439e-04 2.7826002e-01 1.9966978e-05 1.8382254e-04
 2.4642555e-02 3.8904336e-01]",[0.7821287  0.00596649 0.00170017 0.21020465],[9.9999976e-01 2.3882984e-07],"[1.2341260e-06 2.0143799e-03 2.9951981e-01 6.7395335e-01 2.4252806e-02
 2.5781343e-04 5.1090160e-07 1.8108453e-08 1.8061767e-10]"
D:\Uni\Ulm\Master\Hiwi-Forschung-und-Lehre\FairFace\detected_faces\990201_face0.jpg,Black,Black,Male,20-29,"[3.4350777e-04 9.7474033e-01 2.1566948e-02 7.1183836e-06 4.0163461e-04
 2.7124558e-03 2.2799926e-04]",[1.0008265e-04 9.9957347e-01 7.8001438e-05 2.4844875e-04],[9.999999e-01 7.198491e-08],"[2.6403998e-07 2.5137017e-06 3.3361854e-03 5.2688682e-01 4.3123859e-01
 3.7267383e-02 1.2437686e-03 2.4127108e-05 4.3470317e-07]"
D:\Uni\Ulm\Master\Hiwi-Forschung-und-Lehre\FairFace\detected_faces\990207_face0.jpg,White,White,Male,20-29,"[7.6259685e-01 6.5287245e-03 8.4204629e-02 1.0403813e-03 2.1668887e-03
 3.2326955e-04 1.4313924e-01]",[9.6980119e-01 1.9068822e-02 1.0647623e-02 4.8242524e-04],[9.9999869e-01 1.3115499e-06],"[8.54974473e-07 1.19309865e-04 1.12367235e-02 8.42087567e-01
 1.45687535e-01 8.64692207e-04 3.20181698e-06 9.82232251e-08
 3.05850834e-09]"
D:\Uni\Ulm\Master\Hiwi-Forschung-und-Lehre\FairFace\detected_faces\990209_face0.jpg,White,White,Male,20-29,"[6.7561412e-01 3.9993804e-03 2.3760906e-01 7.8467056e-05 2.1452054e-04
 2.6640706e-04 8.2218029e-02]",[9.7481871e-01 2.3441508e-02 1.1610882e-03 5.7859480e-04],[9.999839e-01 1.605736e-05],"[5.0280437e-07 6.4814079e-04 4.7219965e-01 5.1787543e-01 9.1324961e-03
 1.4310014e-04 7.3265124e-07 2.1360290e-08 4.3721346e-10]"
D:\Uni\Ulm\Master\Hiwi-Forschung-und-Lehre\FairFace\detected_faces\990210_face0.jpg,Latino_Hispanic,Indian,Male,20-29,"[9.3075499e-02 2.1288389e-02 5.2170366e-01 5.4333428e-05 5.8761274e-04
 7.2366059e-02 2.9092443e-01]",[0.24982814 0.1197815  0.07832663 0.55206376],[9.9999839e-01 1.6372037e-06],"[7.39585403e-07 2.96069687e-04 1.04407914e-01 8.00934315e-01
 9.24234241e-02 1.92979444e-03 7.52733513e-06 2.26212236e-07
 2.84571611e-09]"
D:\Uni\Ulm\Master\Hiwi-Forschung-und-Lehre\FairFace\detected_faces\990222_face0.jpg,Black,Black,Male,20-29,"[0.00369923 0.74068785 0.14331074 0.00088171 0.04031783 0.06611725
 0.00498539]",[2.8487633e-04 9.8873597e-01 1.8995258e-03 9.0796426e-03],[9.9993449e-01 6.5550696e-05],"[1.3584142e-07 4.4950451e-05 3.9751843e-02 8.7724817e-01 8.1162050e-02
 1.7717890e-03 2.0633113e-05 4.6761556e-07 1.4455259e-08]"
D:\Uni\Ulm\Master\Hiwi-Forschung-und-Lehre\FairFace\detected_faces\990232_face0.jpg,Middle Eastern,White,Male,20-29,"[2.6000935e-01 1.8246055e-02 2.4198735e-01 1.3028117e-04 7.6657982e-04
 1.7664988e-03 4.7709388e-01]",[0.5291951  0.3899099  0.01369544 0.06719954],[9.999999e-01 6.021695e-08],"[5.7334398e-07 5.2535193e-05 4.6259235e-03 7.5218827e-01 2.3974694e-01
 3.3693796e-03 1.6010505e-05 3.3180987e-07 3.5436467e-09]"
D:\Uni\Ulm\Master\Hiwi-Forschung-und-Lehre\FairFace\detected_faces\990249_face0.jpg,White,White,Male,20-29,"[6.9895846e-01 5.7857955e-04 1.5864655e-01 1.8754017e-03 2.8097916e-03
 2.8280076e-04 1.3684835e-01]",[9.9164516e-01 1.5973964e-03 6.3977414e-03 3.5966581e-04],[9.9998814e-01 1.1810881e-05],"[2.0157718e-07 2.1847343e-04 2.5013229e-01 7.1139944e-01 3.7436597e-02
 8.0683455e-04 6.0262478e-06 1.1374956e-07 1.6088999e-09]"
D:\Uni\Ulm\Master\Hiwi-Forschung-und-Lehre\FairFace\detected_faces\990362_face0.jpg,White,White,Male,30-39,"[9.9992907e-01 3.9793663e-06 7.5457292e-06 3.7148379e-07 9.8245653e-07
 1.0544709e-06 5.7131176e-05]",[9.9959481e-01 3.6547190e-04 1.2999102e-05 2.6717971e-05],[9.9999595e-01 4.0831701e-06],"[5.04308787e-07 4.32977731e-06 7.49451749e-04 3.06636095e-01
 5.66517353e-01 1.10697374e-01 1.50489034e-02 3.21416563e-04
 2.45637893e-05]"
D:\Uni\Ulm\Master\Hiwi-Forschung-und-Lehre\FairFace\detected_faces\990374_face0.jpg,White,White,Male,20-29,"[9.8522753e-01 1.2990640e-05 4.8130378e-04 1.9761726e-06 3.5178443e-06
 5.5056789e-06 1.4267215e-02]",[9.9985218e-01 1.0980503e-04 2.1334625e-05 1.6717531e-05],[9.9996680e-01 3.3193144e-05],"[4.3262999e-06 1.7642926e-03 1.7154618e-01 7.1225137e-01 1.0968183e-01
 4.7124866e-03 3.8875511e-05 6.4136157e-07 1.2817503e-08]"
D:\Uni\Ulm\Master\Hiwi-Forschung-und-Lehre\FairFace\detected_faces\990389_face0.jpg,Latino_Hispanic,Black,Male,20-29,"[1.0642196e-01 1.4621264e-02 8.2343757e-01 6.7665859e-04 3.2855237e-03
 1.8750876e-02 3.2806221e-02]",[0.27289966 0.58858997 0.02847725 0.11003309],[9.9998885e-01 1.1112714e-05],"[1.7652168e-05 5.0738980e-03 2.8756529e-01 6.2502497e-01 7.5973935e-02
 6.1355866e-03 2.0395961e-04 4.6300997e-06 9.1879478e-08]"
D:\Uni\Ulm\Master\Hiwi-Forschung-und-Lehre\FairFace\detected_faces\990411_face0.jpg,White,White,Male,20-29,"[9.5614839e-01 2.3622313e-05 1.3260089e-02 6.8691929e-06 5.0197283e-05
 7.9255120e-04 2.9718200e-02]",[9.9918169e-01 4.2900498e-05 8.0440266e-05 6.9499435e-04],[1.0000000e+00 2.1791038e-09],"[6.0246528e-08 4.5461598e-05 6.3324146e-02 8.4966987e-01 8.5499667e-02
 1.4573027e-03 3.4051918e-06 3.1779862e-08 2.0458357e-10]"
D:\Uni\Ulm\Master\Hiwi-Forschung-und-Lehre\FairFace\detected_faces\990550_face0.jpg,Latino_Hispanic,White,Male,20-29,"[4.2096145e-02 5.6834347e-03 7.8012502e-01 1.4871453e-04 1.2854843e-03
 4.5976671e-03 1.6606355e-01]",[0.39345667 0.18431996 0.04043983 0.38178355],[1.0000000e+00 1.6805911e-08],"[1.9612297e-07 1.4394295e-05 1.2636605e-02 8.4676224e-01 1.3728015e-01
 3.2803782e-03 2.5549463e-05 5.6566779e-07 4.5065214e-09]"
D:\Uni\Ulm\Master\Hiwi-Forschung-und-Lehre\FairFace\detected_faces\990659_face0.jpg,Black,Black,Male,30-39,"[5.2403948e-07 9.9996668e-01 1.0325450e-05 1.4421774e-08 4.6328631e-07
 1.8522156e-05 3.4512775e-06]",[1.6561833e-05 9.9954432e-01 9.9097364e-05 3.4007471e-04],[9.9999988e-01 1.2467036e-07],"[4.8465974e-08 3.6857682e-06 2.0763355e-03 4.4561052e-01 5.0582725e-01
 4.5600042e-02 8.6957077e-04 1.2353345e-05 2.7074205e-07]"
D:\Uni\Ulm\Master\Hiwi-Forschung-und-Lehre\FairFace\detected_faces\990726_face0.jpg,Black,Black,Male,20-29,"[2.8783018e-07 9.9997711e-01 1.6762089e-05 5.5547829e-09 2.8642475e-07
 4.3510036e-06 1.1301991e-06]",[2.4990652e-07 9.9999559e-01 7.0814701e-07 3.4525995e-06],[9.9999946e-01 5.7487949e-07],"[1.2034965e-07 2.6840056e-05 9.6538449e-03 7.9450607e-01 1.9197012e-01
 3.8348241e-03 8.2452725e-06 6.5628704e-08 2.7306828e-09]"
D:\Uni\Ulm\Master\Hiwi-Forschung-und-Lehre\FairFace\detected_faces\990760_face0.jpg,White,White,Male,20-29,"[9.8800433e-01 6.9013920e-05 6.0803220e-03 5.7291709e-05 6.3022584e-05
 2.5798059e-05 5.7002418e-03]",[9.9742579e-01 1.6735345e-03 8.2526146e-04 7.5405827e-05],[1.000000e+00 6.195972e-09],"[4.6666241e-07 3.2477488e-05 1.8794008e-02 6.0195518e-01 3.4482881e-01
 3.3852730e-02 5.3148833e-04 4.8177790e-06 2.6334977e-08]"
D:\Uni\Ulm\Master\Hiwi-Forschung-und-Lehre\FairFace\detected_faces\990798_face0.jpg,Middle Eastern,White,Male,20-29,"[4.8101474e-02 2.0851042e-04 2.8011311e-02 1.3643425e-05 6.7046014e-05
 2.5251417e-03 9.2107284e-01]",[0.9432668  0.02457716 0.0022935  0.02986258],[9.9999559e-01 4.3447862e-06],"[8.1180687e-08 7.7716186e-06 2.4359208e-03 6.6828352e-01 3.2656720e-01
 2.7011216e-03 4.3545174e-06 5.9669205e-08 9.9551289e-10]"
D:\Uni\Ulm\Master\Hiwi-Forschung-und-Lehre\FairFace\detected_faces\990800_face0.jpg,Middle Eastern,White,Male,20-29,"[6.4823374e-02 4.6780301e-04 7.3731638e-02 3.4396973e-05 1.2184538e-04
 7.2384923e-04 8.6009711e-01]",[0.98781747 0.00736704 0.00371731 0.00109823],[9.9999994e-01 8.5484160e-08],"[5.1106485e-07 1.2821011e-04 4.2289406e-02 8.9063334e-01 6.6169634e-02
 7.7635521e-04 2.5501208e-06 4.7320633e-08 5.2890564e-10]"
D:\Uni\Ulm\Master\Hiwi-Forschung-und-Lehre\FairFace\detected_faces\990802_face0.jpg,White,White,Male,20-29,"[6.7114037e-01 2.9127314e-06 3.5133879e-03 2.8501395e-06 8.6302443e-06
 1.5941644e-04 3.2517242e-01]",[9.9678445e-01 2.5585214e-05 1.3632893e-05 3.1763529e-03],[9.9999613e-01 3.8628746e-06],"[7.2170231e-08 6.2858242e-05 6.5114945e-02 9.0249562e-01 3.2076463e-02
 2.4960385e-04 2.9953156e-07 4.5300173e-09 8.5458966e-11]"
D:\Uni\Ulm\Master\Hiwi-Forschung-und-Lehre\FairFace\detected_faces\990821_face0.jpg,White,White,Male,30-39,"[6.1042911e-01 2.3194489e-03 3.4283409e-01 2.9980595e-04 1.0877422e-03
 4.6229265e-03 3.8406909e-02]",[0.9584898  0.00716653 0.01110483 0.02323889],[9.9999988e-01 6.9677306e-08],"[4.6987221e-08 4.0986833e-07 8.0203020e-04 4.4249097e-01 5.1422083e-01
 4.1318264e-02 1.1599405e-03 7.5910739e-06 4.5741366e-08]"
D:\Uni\Ulm\Master\Hiwi-Forschung-und-Lehre\FairFace\detected_faces\990833_face0.jpg,White,White,Male,10-19,"[9.8485613e-01 2.0969914e-04 5.0468943e-03 3.6815635e-04 6.9577491e-04
 1.5855685e-05 8.8075548e-03]",[9.6328485e-01 3.3829946e-02 2.6817229e-03 2.0346951e-04],[9.999991e-01 8.709415e-07],"[4.2003480e-06 1.0951791e-02 7.1226919e-01 2.6031622e-01 1.5522944e-02
 9.1709301e-04 1.7652383e-05 8.2347481e-07 3.6692910e-08]"
D:\Uni\Ulm\Master\Hiwi-Forschung-und-Lehre\FairFace\detected_faces\990921_face0.jpg,Black,Black,Male,20-29,"[3.6935307e-05 9.9951458e-01 2.2651836e-04 2.5222923e-07 3.0649235e-06
 1.8462214e-04 3.3994136e-05]",[3.8098394e-06 9.9998963e-01 7.7777730e-07 5.7525745e-06],[9.9997938e-01 2.0612519e-05],"[9.17666853e-07 7.77971873e-04 1.12342544e-01 7.29309082e-01
 1.49296641e-01 8.11224431e-03 1.58550392e-04 2.00688009e-06
 7.90179797e-08]"
D:\Uni\Ulm\Master\Hiwi-Forschung-und-Lehre\FairFace\detected_faces\990972_face0.jpg,Black,Black,Male,20-29,"[8.5315432e-06 9.9701810e-01 1.3761826e-04 4.4928365e-06 3.2285822e-04
 2.5065986e-03 1.8450083e-06]",[9.3654222e-07 9.9998170e-01 3.5926207e-06 1.3769020e-05],[9.9999875e-01 1.2002444e-06],"[7.6764533e-09 3.3831479e-05 5.0293159e-02 8.9640701e-01 5.2357927e-02
 8.9974073e-04 8.3128380e-06 8.4560305e-08 2.7782128e-09]"
D:\Uni\Ulm\Master\Hiwi-Forschung-und-Lehre\FairFace\detected_faces\991001_face0.jpg,White,White,Male,30-39,"[9.9971890e-01 6.4238230e-07 2.3143599e-05 6.1867327e-06 5.8608148e-06
 2.6124628e-06 2.4275250e-04]",[9.9986207e-01 3.6436757e-06 6.3803651e-05 7.0424758e-05],[9.9997038e-01 2.9669958e-05],"[2.1935698e-06 4.8059788e-05 5.5934624e-03 4.1898075e-01 4.9270320e-01
 7.5770564e-02 6.6687488e-03 2.2396169e-04 9.1057700e-06]"
D:\Uni\Ulm\Master\Hiwi-Forschung-und-Lehre\FairFace\detected_faces\991011_face0.jpg,Black,Black,Male,20-29,"[1.1091322e-02 4.4334626e-01 3.8599804e-01 3.2174485e-04 8.0127176e-03
 7.2566025e-02 7.8663871e-02]",[5.6375534e-04 9.9075580e-01 2.5289662e-03 6.1513931e-03],[9.9999917e-01 7.8895511e-07],"[4.8305351e-09 5.9095419e-06 4.7757771e-02 9.2903244e-01 2.3018690e-02
 1.8429120e-04 9.5654627e-07 2.3596058e-08 4.6606979e-10]"
D:\Uni\Ulm\Master\Hiwi-Forschung-und-Lehre\FairFace\detected_faces\991048_face0.jpg,Black,Black,Male,20-29,"[5.3074277e-06 9.9619377e-01 2.4403619e-04 2.9578203e-07 2.4204433e-05
 3.5271987e-03 5.2806599e-06]",[1.1527856e-05 9.9955261e-01 1.0282166e-05 4.2554777e-04],[9.999981e-01 1.920875e-06],"[9.48744461e-09 5.87026516e-05 1.15665674e-01 8.42180133e-01
 4.16513532e-02 4.42066201e-04 2.04556363e-06 2.01123296e-08
 4.52785170e-10]"
D:\Uni\Ulm\Master\Hiwi-Forschung-und-Lehre\FairFace\detected_faces\991096_face0.jpg,Middle Eastern,White,Male,20-29,"[4.5657724e-01 7.5870549e-04 5.5843759e-02 5.1136783e-05 1.1549076e-04
 6.3087657e-04 4.8602280e-01]",[0.9864189  0.00746842 0.00108999 0.00502271],[9.9999994e-01 5.3137928e-08],"[4.0941469e-08 3.4395245e-05 2.6046537e-02 9.4516546e-01 2.8604615e-02
 1.4842160e-04 5.0423341e-07 1.0198692e-08 1.0891813e-10]"
D:\Uni\Ulm\Master\Hiwi-Forschung-und-Lehre\FairFace\detected_faces\991098_face0.jpg,Black,Black,Male,10-19,"[6.3341612e-04 8.7268335e-01 4.4013999e-02 2.0284025e-04 6.1553000e-03
 7.0761889e-02 5.5491906e-03]",[5.2391333e-05 9.9444306e-01 2.3288908e-04 5.2717496e-03],[9.9996841e-01 3.1598327e-05],"[1.8484872e-07 4.0052114e-03 8.7499219e-01 1.1970085e-01 1.2808495e-03
 2.0540014e-05 1.5062298e-07 7.7603941e-09 2.8806593e-10]"
D:\Uni\Ulm\Master\Hiwi-Forschung-und-Lehre\FairFace\detected_faces\991166_face0.jpg,Black,Black,Male,20-29,"[3.2285129e-04 9.4065022e-01 2.0345666e-02 1.1555809e-03 1.2465635e-02
 2.2181068e-02 2.8789523e-03]",[7.1376482e-05 9.9410641e-01 2.0706204e-03 3.7515487e-03],[9.9997193e-01 2.8045093e-05],"[1.8829138e-06 7.5077463e-05 3.5389107e-02 6.3690621e-01 2.5564235e-01
 6.6676907e-02 5.0629107e-03 2.3860228e-04 6.9161169e-06]"
D:\Uni\Ulm\Master\Hiwi-Forschung-und-Lehre\FairFace\detected_faces\991227_face0.jpg,White,White,Male,20-29,"[9.9821514e-01 4.5717129e-06 4.9467030e-04 5.0983898e-04 3.6852030e-04
 3.1038589e-06 4.0421603e-04]",[9.7868985e-01 1.1863889e-04 2.1113895e-02 7.7581484e-05],[1.00000000e+00 1.44057655e-08],"[1.9257925e-07 5.6479763e-05 7.6142140e-02 7.4946606e-01 1.6317873e-01
 1.0870603e-02 2.7985813e-04 5.7932734e-06 4.6159464e-08]"
D:\Uni\Ulm\Master\Hiwi-Forschung-und-Lehre\FairFace\detected_faces\991290_face0.jpg,Middle Eastern,White,Male,30-39,"[2.96600908e-02 2.34623745e-04 1.91085506e-02 1.07659125e-05
 2.60412617e-05 1.08439075e-02 9.40116048e-01]",[9.0150434e-01 3.4214786e-04 7.9343258e-04 9.7360000e-02],[9.99987662e-01 1.23550535e-05],"[1.6003998e-05 4.7154518e-04 5.4502776e-03 4.4614354e-01 5.1094419e-01
 3.6727060e-02 2.4352490e-04 3.7594982e-06 6.8883949e-08]"
D:\Uni\Ulm\Master\Hiwi-Forschung-und-Lehre\FairFace\detected_faces\991292_face0.jpg,Latino_Hispanic,White,Male,30-39,"[2.0730071e-01 3.9097383e-03 7.3416799e-01 4.1583127e-05 4.1452528e-04
 1.5421983e-02 3.8743421e-02]",[0.65616995 0.29723993 0.0012643  0.04532582],[1.0000000e+00 2.1005267e-08],"[2.63213451e-06 1.21871504e-04 8.33851378e-03 2.86207706e-01
 6.38720095e-01 6.61093369e-02 4.96886787e-04 2.94973779e-06
 1.34642058e-08]"
D:\Uni\Ulm\Master\Hiwi-Forschung-und-Lehre\FairFace\detected_faces\991315_face0.jpg,East Asian,Asian,Male,20-29,"[8.4490638e-04 5.8933092e-05 1.4581782e-02 5.5767202e-01 4.2495018e-01
 4.7257735e-04 1.4196006e-03]",[2.9744842e-04 1.4256018e-04 9.9788088e-01 1.6790760e-03],[9.9999744e-01 2.5966256e-06],"[5.4236324e-08 2.9783336e-05 7.3150001e-02 8.7672693e-01 4.9486332e-02
 6.0157775e-04 4.9257455e-06 3.8659559e-07 4.9373194e-09]"
D:\Uni\Ulm\Master\Hiwi-Forschung-und-Lehre\FairFace\detected_faces\991352_face0.jpg,White,White,Male,20-29,"[9.6629781e-01 9.9810613e-06 1.6706891e-02 5.6783119e-05 1.4699195e-04
 6.5382657e-05 1.6716141e-02]",[9.9853772e-01 1.5672081e-04 1.0632540e-03 2.4235333e-04],[1.0000000e+00 2.4712966e-08],"[2.0055469e-07 1.4081785e-04 7.6549299e-02 8.4640062e-01 7.5552762e-02
 1.3466701e-03 9.5482301e-06 1.3614074e-07 1.5367251e-09]"
D:\Uni\Ulm\Master\Hiwi-Forschung-und-Lehre\FairFace\detected_faces\991378_face0.jpg,Black,Black,Male,20-29,"[3.2087564e-06 9.9986517e-01 7.8329991e-05 8.6067644e-07 1.1511337e-05
 3.6114026e-05 4.8233746e-06]",[3.8733492e-06 9.9991858e-01 5.3498676e-05 2.4036362e-05],[9.9994540e-01 5.4557233e-05],"[1.7097229e-05 6.4527866e-04 3.4959879e-02 5.6689936e-01 3.2985452e-01
 6.5002069e-02 2.5371753e-03 7.9495738e-05 5.1306238e-06]"
D:\Uni\Ulm\Master\Hiwi-Forschung-und-Lehre\FairFace\detected_faces\991400_face0.jpg,White,White,Male,20-29,"[9.9991596e-01 7.2555770e-07 2.7682390e-05 6.0300562e-07 9.4225300e-07
 1.0379724e-06 5.3060554e-05]",[9.9987471e-01 9.6274591e-05 2.5606052e-05 3.3426704e-06],[9.9999964e-01 3.8316881e-07],"[4.3578737e-07 1.3996146e-04 3.1402625e-02 8.9258420e-01 7.4296609e-02
 1.5590030e-03 1.6992186e-05 2.0078986e-07 9.4959232e-09]"
D:\Uni\Ulm\Master\Hiwi-Forschung-und-Lehre\FairFace\detected_faces\991401_face0.jpg,White,White,Male,20-29,"[9.8900717e-01 2.6606245e-04 7.3172469e-03 2.9802692e-05 7.6165226e-05
 2.1301222e-04 3.0904191e-03]",[9.8166907e-01 1.5284997e-02 7.9405861e-04 2.2519107e-03],[9.9999934e-01 6.7482114e-07],"[8.0923587e-07 5.6770841e-05 6.1181574e-03 4.8949298e-01 4.6604934e-01
 3.7347760e-02 9.2573435e-04 8.3376253e-06 1.3704205e-07]"
D:\Uni\Ulm\Master\Hiwi-Forschung-und-Lehre\FairFace\detected_faces\991402_face0.jpg,Middle Eastern,White,Male,30-39,"[3.7802760e-02 9.5659372e-04 3.8431708e-02 1.7613451e-06 9.3488734e-06
 3.9470661e-03 9.1885072e-01]",[0.9050268  0.02211506 0.00182307 0.07103513],[9.9999958e-01 4.0313085e-07],"[6.3419554e-07 1.0689774e-05 5.3488760e-04 3.2125673e-01 6.4808393e-01
 3.0016383e-02 9.5554598e-05 1.1920870e-06 1.0058206e-08]"
D:\Uni\Ulm\Master\Hiwi-Forschung-und-Lehre\FairFace\detected_faces\991404_face0.jpg,White,White,Male,20-29,"[9.8954374e-01 7.5141276e-07 2.2657262e-03 8.1562957e-06 7.1034028e-06
 1.4489457e-05 8.1600565e-03]",[9.9998134e-01 1.7765611e-06 1.1368418e-05 5.5044538e-06],[9.9980915e-01 1.9085591e-04],"[1.09983795e-07 1.86370977e-04 2.76973814e-01 7.12737679e-01
 1.00336224e-02 6.82024402e-05 2.05202824e-07 3.33148842e-09
 1.25176786e-10]"
D:\Uni\Ulm\Master\Hiwi-Forschung-und-Lehre\FairFace\detected_faces\991416_face0.jpg,Latino_Hispanic,White,Male,20-29,"[0.28245953 0.00298478 0.5746387  0.02290039 0.04432442 0.00182442
 0.07086773]",[0.5537433  0.03897302 0.3740928  0.03319089],[9.9999839e-01 1.5743641e-06],"[1.5850619e-06 6.8581365e-05 1.2472114e-02 7.9165447e-01 1.9178443e-01
 3.9902250e-03 2.7776276e-05 7.8092017e-07 1.0428970e-08]"
D:\Uni\Ulm\Master\Hiwi-Forschung-und-Lehre\FairFace\detected_faces\991419_face0.jpg,White,White,Male,20-29,"[9.5665073e-01 6.5016742e-05 4.9279928e-03 2.2449794e-05 5.1838262e-05
 1.3529115e-04 3.8146604e-02]",[9.9940556e-01 1.2986104e-04 1.7789689e-04 2.8663286e-04],[0.99859095 0.00140904],"[3.1800428e-07 3.8109669e-05 4.0633798e-02 6.7940885e-01 2.4674411e-01
 3.1996131e-02 1.1431762e-03 3.4497811e-05 1.0168152e-06]"
D:\Uni\Ulm\Master\Hiwi-Forschung-und-Lehre\FairFace\detected_faces\991423_face0.jpg,White,White,Male,10-19,"[7.5251031e-01 3.3672401e-05 2.3648459e-02 6.5792505e-05 1.1031542e-04
 3.6557644e-04 2.2326584e-01]",[9.9791437e-01 1.4032586e-04 1.3183594e-03 6.2694389e-04],[9.9999934e-01 6.9294941e-07],"[5.0193756e-07 8.3784619e-03 9.5583940e-01 3.5023637e-02 7.1382005e-04
 4.3832006e-05 4.0654382e-07 1.0393278e-08 2.1011062e-10]"
D:\Uni\Ulm\Master\Hiwi-Forschung-und-Lehre\FairFace\detected_faces\991430_face0.jpg,Latino_Hispanic,White,Male,20-29,"[2.7153509e-02 3.7468886e-03 5.6346661e-01 2.5176551e-04 2.4238506e-03
 1.2101012e-01 2.8194728e-01]",[0.5379503  0.09012778 0.1194784  0.25244355],[9.9999827e-01 1.7554539e-06],"[1.4887408e-07 9.6359554e-06 1.9437162e-03 6.9337487e-01 3.0070871e-01
 3.9581526e-03 4.7138778e-06 4.3076799e-08 5.0603371e-10]"
D:\Uni\Ulm\Master\Hiwi-Forschung-und-Lehre\FairFace\detected_faces\991433_face0.jpg,Middle Eastern,White,Male,20-29,"[4.2130324e-01 7.2044248e-05 4.2127639e-02 1.3000618e-04 3.0777312e-04
 7.1387785e-03 5.2892047e-01]",[0.9915585  0.00120635 0.00099578 0.00623935],[9.999999e-01 9.769516e-08],"[8.4307396e-07 2.1272087e-03 3.7248299e-01 6.1688149e-01 8.4335944e-03
 7.3805575e-05 1.4693917e-07 5.4079026e-09 7.7698875e-11]"
D:\Uni\Ulm\Master\Hiwi-Forschung-und-Lehre\FairFace\detected_faces\991437_face0.jpg,Latino_Hispanic,White,Male,30-39,"[0.15968245 0.00482193 0.35214084 0.00077823 0.00151627 0.1605247
 0.32053554]",[0.53403544 0.01063902 0.03202402 0.42330158],[9.999682e-01 3.183472e-05],"[3.6944337e-05 4.2365523e-04 3.7329381e-03 4.0978852e-01 5.3130442e-01
 5.3964946e-02 7.3870219e-04 9.6355980e-06 2.0036934e-07]"
D:\Uni\Ulm\Master\Hiwi-Forschung-und-Lehre\FairFace\detected_faces\991450_face0.jpg,Middle Eastern,White,Male,20-29,"[3.1574488e-02 9.8645367e-05 3.3597576e-03 2.0642346e-04 2.7643991e-04
 5.1869592e-04 9.6396554e-01]",[9.6904427e-01 4.7701722e-04 2.5095088e-02 5.3836121e-03],[0.9941791  0.00582083],"[1.8944166e-06 4.6045618e-04 1.0146680e-01 5.2460808e-01 3.0757022e-01
 6.1957691e-02 3.7483401e-03 1.7498016e-04 1.1480498e-05]"
D:\Uni\Ulm\Master\Hiwi-Forschung-und-Lehre\FairFace\detected_faces\991456_face0.jpg,White,White,Male,20-29,"[9.9759477e-01 1.2719470e-07 3.2604288e-04 1.5030861e-06 2.2964975e-06
 4.6984780e-05 2.0283163e-03]",[9.9935597e-01 2.3009106e-06 3.0895721e-05 6.1080832e-04],[9.9993074e-01 6.9247653e-05],"[5.5717868e-07 7.5183438e-05 2.5142519e-02 8.8687420e-01 8.6577229e-02
 1.3268437e-03 3.4419829e-06 2.4204741e-08 8.9696484e-10]"
D:\Uni\Ulm\Master\Hiwi-Forschung-und-Lehre\FairFace\detected_faces\991462_face0.jpg,White,White,Male,20-29,"[9.1141784e-01 2.4863759e-05 3.0623071e-02 1.3256301e-02 6.3103759e-03
 5.2044389e-04 3.7847079e-02]",[9.3316215e-01 1.8328916e-05 6.4824224e-02 1.9953188e-03],[9.9943084e-01 5.6920678e-04],"[1.2591495e-08 1.6325339e-05 1.8874851e-01 7.9413134e-01 1.7013242e-02
 9.0237823e-05 2.8469472e-07 6.4309109e-09 1.9079541e-10]"
D:\Uni\Ulm\Master\Hiwi-Forschung-und-Lehre\FairFace\detected_faces\991466_face0.jpg,White,White,Male,20-29,"[9.9285781e-01 3.6080194e-06 2.4574893e-03 4.2995985e-06 1.1120081e-05
 4.5290573e-05 4.6203625e-03]",[9.9927568e-01 3.7452791e-04 7.4338830e-05 2.7558816e-04],[9.9999869e-01 1.3038908e-06],"[4.2887228e-07 2.1058644e-04 1.7432882e-01 7.7405798e-01 5.0024919e-02
 1.3694739e-03 7.7558861e-06 9.0256876e-08 1.1227476e-09]"
D:\Uni\Ulm\Master\Hiwi-Forschung-und-Lehre\FairFace\detected_faces\991478_face0.jpg,Black,Black,Male,20-29,"[7.1586510e-05 9.3459082e-01 7.7898400e-03 6.4728292e-06 3.4855140e-04
 5.5917744e-02 1.2749812e-03]",[8.6707667e-05 9.3780118e-01 6.2873977e-04 6.1483406e-02],[9.9982375e-01 1.7624949e-04],"[9.0771991e-08 1.6072276e-05 1.3496031e-02 7.2199285e-01 2.5641784e-01
 8.0005256e-03 7.5857963e-05 8.3963465e-07 1.9168777e-08]"
D:\Uni\Ulm\Master\Hiwi-Forschung-und-Lehre\FairFace\detected_faces\991479_face0.jpg,White,White,Male,20-29,"[9.8644948e-01 9.5885502e-05 8.0936644e-03 4.8093672e-05 1.4768362e-04
 1.4673423e-05 5.1504965e-03]",[9.8685563e-01 1.2725459e-02 2.2915076e-04 1.8977340e-04],[9.9999982e-01 1.2718967e-07],"[6.9942661e-09 7.9682559e-07 1.4812463e-02 8.5391057e-01 1.2616830e-01
 5.0284960e-03 7.7915851e-05 1.4610384e-06 1.5606398e-08]"
D:\Uni\Ulm\Master\Hiwi-Forschung-und-Lehre\FairFace\detected_faces\991493_face0.jpg,White,White,Male,30-39,"[8.6909705e-01 7.4446922e-05 6.7259289e-02 2.5708214e-04 2.5516489e-04
 2.2437358e-03 6.0813189e-02]",[9.9767208e-01 5.4920500e-04 2.6654333e-04 1.5121965e-03],[9.9941504e-01 5.8490207e-04],"[3.0275274e-07 4.5402362e-06 2.8092301e-04 2.2948878e-01 7.4183244e-01
 2.8313234e-02 7.9333753e-05 5.2296457e-07 9.8062136e-09]"
D:\Uni\Ulm\Master\Hiwi-Forschung-und-Lehre\FairFace\detected_faces\991562_face0.jpg,Black,Black,Male,20-29,"[3.7771849e-06 9.9968767e-01 7.0676302e-05 1.0698440e-06 9.6847971e-06
 2.1061880e-04 1.6489274e-05]",[5.5953950e-07 9.9986011e-01 3.6858287e-06 1.3566524e-04],[0.96255237 0.0374476 ],"[1.8470795e-05 8.3539239e-04 2.7754596e-02 5.0533068e-01 4.1738388e-01
 4.6518862e-02 2.0820950e-03 7.1891234e-05 4.1225858e-06]"
D:\Uni\Ulm\Master\Hiwi-Forschung-und-Lehre\FairFace\detected_faces\991569_face0.jpg,White,White,Male,20-29,"[8.4075093e-01 7.6644519e-06 3.9917459e-03 1.5310731e-03 1.0413759e-03
 5.5107009e-04 1.5212618e-01]",[9.9981642e-01 4.7553344e-06 8.1162703e-05 9.7726806e-05],[9.999049e-01 9.515134e-05],"[2.5102818e-06 1.0316606e-04 2.3988295e-02 8.0147219e-01 1.6899392e-01
 5.3978912e-03 4.0570751e-05 1.4762182e-06 3.1854825e-08]"
D:\Uni\Ulm\Master\Hiwi-Forschung-und-Lehre\FairFace\detected_faces\991571_face0.jpg,White,White,Male,10-19,"[8.6849612e-01 9.9227380e-04 5.1620472e-02 4.4584915e-05 1.5160421e-04
 8.4555720e-04 7.7849314e-02]",[0.86872685 0.10881085 0.00117875 0.02128353],[9.999992e-01 7.759646e-07],"[5.9594495e-08 6.9918745e-04 7.4416524e-01 2.5302306e-01 2.0820117e-03
 3.0284651e-05 9.8316860e-08 2.2723288e-09 3.6789877e-11]"
D:\Uni\Ulm\Master\Hiwi-Forschung-und-Lehre\FairFace\detected_faces\991575_face0.jpg,Latino_Hispanic,Black,Male,10-19,"[0.01227361 0.4460883  0.507754   0.00076567 0.01084549 0.0157979
 0.00647484]",[0.00270313 0.9454854  0.0098603  0.04195114],[9.9957514e-01 4.2488307e-04],"[6.6743759e-08 3.7707720e-04 6.9550794e-01 3.0059701e-01 3.4913241e-03
 2.6394555e-05 1.3111784e-07 4.3471533e-09 1.7074792e-10]"
D:\Uni\Ulm\Master\Hiwi-Forschung-und-Lehre\FairFace\detected_faces\991576_face0.jpg,White,White,Male,20-29,"[9.9997473e-01 3.9085498e-07 2.0597047e-06 6.6184547e-09 4.8380244e-08
 7.2744115e-08 2.2630926e-05]",[9.9998719e-01 9.8512446e-06 2.1399345e-07 2.8074396e-06],[9.9998939e-01 1.0546532e-05],"[7.2745698e-09 1.5860343e-06 6.4659454e-03 8.3357853e-01 1.5098396e-01
 8.6993538e-03 2.6435065e-04 6.1324490e-06 1.9065374e-07]"
D:\Uni\Ulm\Master\Hiwi-Forschung-und-Lehre\FairFace\detected_faces\991577_face0.jpg,Black,Black,Male,20-29,"[0.00306109 0.6427215  0.2633936  0.00098837 0.02625947 0.0430084
 0.02056758]",[0.00513059 0.835462   0.03823589 0.12117159],[9.9999988e-01 1.2485037e-07],"[3.7835281e-07 1.2739906e-05 2.0289702e-02 7.5309712e-01 1.8288167e-01
 3.8822711e-02 4.6925331e-03 2.0079257e-04 2.3583407e-06]"
D:\Uni\Ulm\Master\Hiwi-Forschung-und-Lehre\FairFace\detected_faces\991582_face0.jpg,White,White,Male,20-29,"[9.9997050e-01 1.5117767e-08 8.9858195e-06 4.6907198e-06 2.5412462e-06
 4.2713722e-08 1.3272945e-05]",[9.9998063e-01 8.4427467e-07 1.6334341e-05 2.2668669e-06],[1.00000000e+00 1.40530005e-08],"[7.7162451e-07 7.7492063e-05 1.2408656e-01 6.8538052e-01 1.6769439e-01
 2.1847773e-02 9.0066070e-04 1.1686922e-05 8.5536861e-08]"
D:\Uni\Ulm\Master\Hiwi-Forschung-und-Lehre\FairFace\detected_faces\991584_face0.jpg,White,White,Male,20-29,"[9.9840611e-01 1.5247770e-06 4.0469342e-04 2.7150018e-05 4.0070310e-05
 8.7960234e-06 1.1116177e-03]",[9.9968541e-01 5.0476492e-06 2.5735874e-04 5.2173331e-05],[9.999933e-01 6.700368e-06],"[2.8639848e-08 7.3412186e-05 3.0837190e-01 6.8038625e-01 1.0714404e-02
 4.4756991e-04 6.2108516e-06 2.1662234e-07 5.4056226e-09]"
D:\Uni\Ulm\Master\Hiwi-Forschung-und-Lehre\FairFace\detected_faces\991585_face0.jpg,Latino_Hispanic,White,Male,20-29,"[0.30243352 0.02580537 0.3946875  0.00081806 0.00153635 0.002379
 0.27234018]",[0.49819627 0.4913487  0.00568393 0.00477114],[9.9964517e-01 3.5482633e-04],"[8.5769173e-08 2.8289636e-05 1.6950853e-01 7.8702438e-01 4.2306550e-02
 1.1122010e-03 1.9493369e-05 4.7486117e-07 8.3349239e-09]"
D:\Uni\Ulm\Master\Hiwi-Forschung-und-Lehre\FairFace\detected_faces\991587_face0.jpg,Middle Eastern,White,Male,20-29,"[2.6080525e-01 6.4546578e-03 8.5977219e-02 2.3409668e-05 1.7495455e-04
 1.9353081e-03 6.4462924e-01]",[0.98204625 0.00499995 0.00192706 0.01102672],[9.9999923e-01 7.2585294e-07],"[3.6476563e-06 4.3002347e-04 2.4351468e-02 8.3369374e-01 1.3804989e-01
 3.4253125e-03 4.4280096e-05 1.6843308e-06 3.7162415e-08]"
D:\Uni\Ulm\Master\Hiwi-Forschung-und-Lehre\FairFace\detected_faces\991588_face0.jpg,White,White,Male,10-19,"[9.8550874e-01 1.9290380e-06 2.4212205e-03 1.8334880e-03 5.9539155e-04
 2.4140840e-05 9.6151484e-03]",[9.9989349e-01 1.2946529e-05 8.8324123e-05 5.1706475e-06],[9.997721e-01 2.279719e-04],"[2.4763249e-06 1.9488718e-03 5.2916104e-01 4.5036265e-01 1.8115876e-02
 4.0601799e-04 2.9599044e-06 1.0248049e-07 4.5502966e-09]"
D:\Uni\Ulm\Master\Hiwi-Forschung-und-Lehre\FairFace\detected_faces\991589_face0.jpg,White,White,Male,20-29,"[9.9948353e-01 2.2573263e-06 9.4756062e-05 2.0388970e-06 3.4702869e-06
 4.7929944e-07 4.1356098e-04]",[9.9996746e-01 2.9593835e-05 2.7692997e-06 1.9013945e-07],[1.000000e+00 3.721567e-08],"[2.4769932e-07 6.2781917e-05 9.6788267e-03 8.3940822e-01 1.4912571e-01
 1.7173226e-03 6.8172426e-06 8.3466006e-08 2.7527669e-09]"
D:\Uni\Ulm\Master\Hiwi-Forschung-und-Lehre\FairFace\detected_faces\991590_face0.jpg,Black,Black,Male,10-19,"[3.7913094e-06 9.9989748e-01 3.3630447e-05 1.1759117e-06 2.2027109e-05
 4.0751642e-05 1.2408865e-06]",[6.9031415e-07 9.9996197e-01 1.6951397e-05 2.0470008e-05],[0.99653125 0.00346876],"[4.6493619e-06 1.5336077e-02 5.7737231e-01 3.8228586e-01 2.4082717e-02
 8.9425320e-04 2.3210447e-05 8.2004584e-07 9.2329799e-08]"
D:\Uni\Ulm\Master\Hiwi-Forschung-und-Lehre\FairFace\detected_faces\991591_face0.jpg,White,White,Male,20-29,"[9.98930275e-01 7.24616075e-06 1.93054118e-04 6.05450077e-06
 1.16074125e-05 7.82536347e-07 8.50982033e-04]",[9.99863744e-01 1.80661791e-05 1.03625425e-04 1.44840751e-05],[1.0000000e+00 1.9324165e-08],"[1.26852004e-08 8.38018605e-06 1.45874564e-02 9.28350449e-01
 5.64220697e-02 6.27487083e-04 4.06367644e-06 6.03383086e-08
 1.06608966e-09]"
D:\Uni\Ulm\Master\Hiwi-Forschung-und-Lehre\FairFace\detected_faces\991595_face0.jpg,Black,Black,Male,20-29,"[2.1406950e-06 9.9998772e-01 5.5450237e-06 1.9506434e-09 2.4210800e-08
 3.8988651e-06 5.9482278e-07]",[3.0545652e-07 9.9999958e-01 2.3366882e-08 1.3385203e-07],[9.9996781e-01 3.2204927e-05],"[8.1926625e-09 3.1797269e-06 6.2101008e-03 7.4380314e-01 2.4248755e-01
 7.4068704e-03 8.8256049e-05 9.8161036e-07 2.9730732e-08]"
D:\Uni\Ulm\Master\Hiwi-Forschung-und-Lehre\FairFace\detected_faces\991596_face0.jpg,Black,Black,Male,20-29,"[6.1228602e-05 9.9746066e-01 1.5345543e-03 4.1130479e-06 2.2155436e-04
 7.0446625e-04 1.3393553e-05]",[3.5677731e-06 9.9990827e-01 1.5929912e-05 7.2224233e-05],[9.9996769e-01 3.2332726e-05],"[8.0021508e-08 2.4039602e-04 3.7511241e-01 6.1000657e-01 1.4383606e-02
 2.5406398e-04 2.7643082e-06 5.0048342e-08 2.1463507e-09]"
D:\Uni\Ulm\Master\Hiwi-Forschung-und-Lehre\FairFace\detected_faces\991599_face0.jpg,White,White,Male,20-29,"[9.9813831e-01 1.9404351e-05 4.7830711e-04 7.1014729e-06 3.1982538e-05
 1.0177927e-06 1.3238969e-03]",[9.9826086e-01 7.8550930e-04 8.1716321e-04 1.3639995e-04],[9.9999863e-01 1.3286852e-06],"[5.0919544e-09 5.3883869e-06 3.6163963e-02 9.1852570e-01 4.4411004e-02
 8.8534161e-04 8.5010788e-06 1.2139265e-07 2.1495383e-09]"
D:\Uni\Ulm\Master\Hiwi-Forschung-und-Lehre\FairFace\detected_faces\991600_face0.jpg,White,White,Male,10-19,"[9.0961528e-01 1.3602133e-06 8.0964708e-04 1.1323703e-05 1.3178989e-05
 7.2977882e-06 8.9541823e-02]",[9.9963963e-01 2.3513699e-04 5.2454736e-05 7.2716532e-05],[9.999614e-01 3.857631e-05],"[2.5192210e-07 3.9519829e-04 5.2336985e-01 4.6434841e-01 1.1563311e-02
 3.2163359e-04 1.3696786e-06 2.7762203e-08 5.2498278e-10]"
D:\Uni\Ulm\Master\Hiwi-Forschung-und-Lehre\FairFace\detected_faces\991604_face0.jpg,Indian,Indian,Male,20-29,"[8.3364017e-04 2.1667339e-01 6.8117574e-02 6.3901534e-05 5.1686964e-03
 7.0815688e-01 9.8585500e-04]",[0.00184126 0.4472072  0.00095152 0.5500001 ],[9.999304e-01 6.962328e-05],"[2.1160627e-06 2.6057474e-04 7.6254539e-02 6.0838395e-01 2.9863819e-01
 1.6089685e-02 3.6278140e-04 8.0138643e-06 1.5069499e-07]"
D:\Uni\Ulm\Master\Hiwi-Forschung-und-Lehre\FairFace\detected_faces\991605_face0.jpg,White,White,Male,20-29,"[9.9992263e-01 5.3003220e-08 2.2897755e-05 1.4480949e-07 4.7583205e-07
 1.6995941e-07 5.3599702e-05]",[9.9988014e-01 2.2549866e-05 6.2902458e-05 3.4429358e-05],[9.9999952e-01 4.6168202e-07],"[2.8000124e-09 1.3659017e-05 1.7822143e-01 8.0827022e-01 1.3014684e-02
 4.7702118e-04 2.9357359e-06 3.2735485e-08 3.4693309e-10]"
D:\Uni\Ulm\Master\Hiwi-Forschung-und-Lehre\FairFace\detected_faces\991610_face0.jpg,White,White,Male,10-19,"[9.7064888e-01 2.5100018e-05 7.8859646e-03 6.7890169e-06 1.4387058e-05
 2.7721064e-04 2.1141654e-02]",[9.9965805e-01 8.4170904e-05 8.7708329e-05 1.7009837e-04],[9.9999827e-01 1.7036738e-06],"[2.9161649e-07 1.8918813e-03 7.4589437e-01 2.4936114e-01 2.7908250e-03
 6.1345723e-05 2.3644286e-07 6.5877117e-09 1.4269681e-10]"
D:\Uni\Ulm\Master\Hiwi-Forschung-und-Lehre\FairFace\detected_faces\991612_face0.jpg,Black,Black,Male,30-39,"[2.9437740e-06 9.9999005e-01 5.0996314e-06 4.3986610e-08 1.4922210e-07
 9.9995952e-07 6.9850466e-07]",[4.3528763e-07 9.9999684e-01 1.8610555e-06 8.7752096e-07],[0.9765818  0.02341815],"[2.9826783e-06 1.7652981e-04 1.0480278e-02 3.3111483e-01 5.2164513e-01
 1.2989570e-01 6.5579079e-03 1.1888424e-04 7.7615541e-06]"
D:\Uni\Ulm\Master\Hiwi-Forschung-und-Lehre\FairFace\detected_faces\991614_face0.jpg,Indian,Black,Male,30-39,"[6.3309129e-03 1.1272859e-01 7.1728900e-02 4.5030880e-05 1.2150508e-03
 6.8633354e-01 1.2161805e-01]",[0.0020557  0.61042076 0.00295628 0.3845672 ],[9.9998575e-01 1.4255822e-05],"[2.5738419e-07 2.3503790e-05 2.1846353e-03 2.8584984e-01 6.8193430e-01
 2.9902993e-02 1.0339971e-04 1.1175686e-06 1.7680319e-08]"
D:\Uni\Ulm\Master\Hiwi-Forschung-und-Lehre\FairFace\detected_faces\991634_face0.jpg,White,White,Male,20-29,"[9.9747902e-01 3.9422048e-06 4.2437066e-04 1.9604861e-06 6.2558684e-06
 2.3515136e-06 2.0821288e-03]",[9.9910736e-01 5.1494630e-04 9.5734977e-05 2.8200104e-04],[9.9999905e-01 9.2482122e-07],"[1.1898042e-07 1.4662252e-04 1.2021565e-01 8.4956634e-01 2.9463280e-02
 6.0371234e-04 4.2115780e-06 6.8536337e-08 1.5781115e-09]"
D:\Uni\Ulm\Master\Hiwi-Forschung-und-Lehre\FairFace\detected_faces\991677_face0.jpg,Middle Eastern,White,Male,20-29,"[2.6641533e-01 6.0042710e-04 3.0598547e-02 2.4257828e-05 1.1073464e-04
 1.8247469e-04 7.0206827e-01]",[0.9844023  0.00318558 0.00157472 0.01083735],[9.999953e-01 4.748219e-06],"[7.5042434e-09 4.9329981e-05 3.9417616e-01 6.0050428e-01 5.2157934e-03
 5.4135413e-05 3.5869661e-07 1.1782368e-08 1.8093550e-10]"
D:\Uni\Ulm\Master\Hiwi-Forschung-und-Lehre\FairFace\detected_faces\991754_face0.jpg,White,White,Male,20-29,"[5.6678814e-01 2.4927913e-03 2.3763414e-01 3.1034168e-04 1.8792952e-03
 9.2986698e-04 1.8996540e-01]",[9.9759197e-01 8.8355329e-04 1.1509516e-03 3.7350762e-04],[9.9999917e-01 8.3342894e-07],"[1.2999607e-07 2.5210087e-04 3.7942567e-01 5.9533417e-01 2.4312500e-02
 6.6616019e-04 8.8489141e-06 3.5730775e-07 5.6178737e-09]"
D:\Uni\Ulm\Master\Hiwi-Forschung-und-Lehre\FairFace\detected_faces\991824_face0.jpg,White,White,Male,20-29,"[4.2735457e-01 3.1521926e-03 2.2823632e-01 2.9500746e-04 6.4879638e-04
 1.1148016e-03 3.3919832e-01]",[0.9943654  0.00233473 0.00207718 0.00122265],[9.9999505e-01 4.9739388e-06],"[3.55072643e-07 2.82963811e-05 2.00072043e-02 8.58317435e-01
 1.20626815e-01 1.01427094e-03 5.57633712e-06 8.87863720e-08
 1.28379207e-09]"
D:\Uni\Ulm\Master\Hiwi-Forschung-und-Lehre\FairFace\detected_faces\991872_face0.jpg,Southeast Asian,Asian,Male,20-29,"[5.4605020e-04 1.8270357e-04 2.1461053e-02 1.5456623e-01 8.2120222e-01
 2.0193791e-03 2.2360082e-05]",[0.00138289 0.00164566 0.99086714 0.0061043 ],[9.999971e-01 2.933390e-06],"[1.7527636e-07 3.8960652e-04 4.8384911e-01 4.9543855e-01 1.9662688e-02
 6.4402050e-04 1.4974357e-05 9.2744364e-07 1.4337607e-08]"
D:\Uni\Ulm\Master\Hiwi-Forschung-und-Lehre\FairFace\detected_faces\991929_face0.jpg,Latino_Hispanic,Indian,Male,20-29,"[1.8347032e-01 1.3536027e-03 6.7584282e-01 5.4713240e-05 3.2506703e-04
 3.7516396e-02 1.0143707e-01]",[0.35731086 0.03302812 0.00234871 0.6073123 ],[9.9999064e-01 9.3533445e-06],"[8.8187250e-07 5.3518830e-05 8.9060683e-03 8.8946420e-01 1.0093497e-01
 6.3932722e-04 9.9519775e-07 2.5859613e-08 3.3778413e-10]"
D:\Uni\Ulm\Master\Hiwi-Forschung-und-Lehre\FairFace\detected_faces\991960_face0.jpg,Latino_Hispanic,White,Male,20-29,"[1.2652412e-01 3.1320006e-03 5.7130992e-01 5.1807362e-04 3.2280511e-03
 7.2954376e-03 2.8799239e-01]",[0.7513747  0.08964185 0.07589743 0.08308593],[1.0000000e+00 2.8309721e-09],"[1.8226707e-08 1.4853637e-06 2.0526107e-03 8.2769036e-01 1.6862127e-01
 1.6287933e-03 5.3746744e-06 6.4575609e-08 3.6087502e-10]"
D:\Uni\Ulm\Master\Hiwi-Forschung-und-Lehre\FairFace\detected_faces\992015_face0.jpg,White,White,Male,20-29,"[8.1248534e-01 5.8627975e-05 1.1050840e-02 4.7701466e-04 4.4370486e-04
 1.9515886e-03 1.7353280e-01]",[9.8921776e-01 7.2756557e-05 2.4197134e-03 8.2897115e-03],[9.9999642e-01 3.5787123e-06],"[3.34359220e-06 1.26176994e-04 4.50698286e-02 8.51565421e-01
 1.00901589e-01 2.31843325e-03 1.47442615e-05 5.27963380e-07
 9.37782829e-09]"
D:\Uni\Ulm\Master\Hiwi-Forschung-und-Lehre\FairFace\detected_faces\992039_face0.jpg,White,White,Male,10-19,"[9.8678744e-01 5.0660510e-06 2.9003266e-03 1.9116479e-04 4.9156999e-05
 9.5750038e-06 1.0057291e-02]",[9.9154031e-01 2.5266332e-03 5.7871672e-03 1.4596524e-04],[9.9999857e-01 1.3980869e-06],"[8.4940245e-07 1.3178020e-02 9.7265267e-01 1.3810868e-02 3.4011345e-04
 1.7224980e-05 1.6029647e-07 7.8341413e-09 1.9755507e-10]"
D:\Uni\Ulm\Master\Hiwi-Forschung-und-Lehre\FairFace\detected_faces\992043_face0.jpg,Southeast Asian,Asian,Male,20-29,"[0.01538332 0.03960457 0.12822363 0.06183793 0.683766   0.0610981
 0.01008642]",[0.00465087 0.04114652 0.88260144 0.0716012 ],[9.9999994e-01 6.4328418e-08],"[1.1782542e-08 9.1681592e-05 3.5059869e-01 6.4049870e-01 8.7680323e-03
 4.2724459e-05 1.3811962e-07 6.1012169e-09 5.8882739e-11]"
D:\Uni\Ulm\Master\Hiwi-Forschung-und-Lehre\FairFace\detected_faces\992044_face0.jpg,Black,Black,Male,20-29,"[1.6357675e-06 9.9998295e-01 1.1132170e-05 6.3986509e-09 6.6361487e-08
 3.9812699e-06 1.8722864e-07]",[6.4476848e-07 9.9999368e-01 3.7721898e-07 5.3016624e-06],[0.99790597 0.00209403],"[3.1581813e-08 2.5598805e-05 3.7520029e-02 8.3782071e-01 1.2211515e-01
 2.4975240e-03 2.0664866e-05 3.2389590e-07 1.5488784e-08]"
D:\Uni\Ulm\Master\Hiwi-Forschung-und-Lehre\FairFace\detected_faces\992045_face0.jpg,Latino_Hispanic,Black,Male,20-29,"[1.41265225e-02 2.07726777e-01 6.72922134e-01 4.02563346e-05
 1.38228713e-03 8.19885954e-02 2.18134280e-02]",[0.02112432 0.77459186 0.00094856 0.20333521],[9.9998856e-01 1.1418566e-05],"[1.4660876e-07 2.2123408e-04 2.9392186e-01 6.7938137e-01 2.6140982e-02
 3.3262192e-04 1.6970264e-06 3.8576545e-08 3.6554032e-10]"
D:\Uni\Ulm\Master\Hiwi-Forschung-und-Lehre\FairFace\detected_faces\992168_face0.jpg,White,White,Male,20-29,"[0.5502758  0.00474816 0.15729097 0.00155566 0.00528383 0.01964213
 0.26120344]",[0.766944   0.0187205  0.068051   0.14628445],[9.9999642e-01 3.6393228e-06],"[1.0404985e-06 5.1500817e-04 2.1336469e-01 7.4214548e-01 4.3252639e-02
 7.1818352e-04 2.8815152e-06 1.3883533e-07 2.2694622e-09]"
D:\Uni\Ulm\Master\Hiwi-Forschung-und-Lehre\FairFace\detected_faces\992301_face0.jpg,Black,Black,Male,20-29,"[4.6485420e-07 9.9997473e-01 1.0607047e-05 8.8339673e-09 1.3328646e-07
 1.0330094e-05 3.7912998e-06]",[1.3207086e-06 9.9978590e-01 1.2379792e-06 2.1155769e-04],[0.9506168  0.04938325],"[7.0801326e-07 5.4881312e-03 4.5950949e-01 5.0013870e-01 3.4440935e-02
 4.1936964e-04 2.5711095e-06 6.8041032e-08 3.0094836e-09]"
D:\Uni\Ulm\Master\Hiwi-Forschung-und-Lehre\FairFace\detected_faces\992331_face0.jpg,White,White,Male,20-29,"[9.9568665e-01 3.9068115e-07 2.4153551e-04 6.1934638e-06 9.4489151e-06
 2.0282156e-05 4.0356191e-03]",[9.99955833e-01 1.89250713e-07 1.24753815e-05 3.15153338e-05],[1.0000000e+00 1.0359763e-09],"[2.1866802e-07 3.4695349e-05 1.7794557e-02 8.9875877e-01 8.2880244e-02
 5.3073780e-04 7.4381268e-07 9.9154631e-09 7.8354705e-11]"
D:\Uni\Ulm\Master\Hiwi-Forschung-und-Lehre\FairFace\detected_faces\992370_face0.jpg,Middle Eastern,White,Male,20-29,"[1.1520717e-01 3.3025802e-03 3.3404860e-01 5.5181572e-05 3.2539733e-04
 2.8891938e-03 5.4417187e-01]",[0.48056543 0.28501678 0.0551314  0.1792864 ],[9.9999952e-01 4.4266497e-07],"[7.6225263e-08 7.2955227e-05 9.1922835e-02 8.7384421e-01 3.3761453e-02
 3.9665020e-04 1.7018150e-06 4.9078949e-08 5.2146404e-10]"
D:\Uni\Ulm\Master\Hiwi-Forschung-und-Lehre\FairFace\detected_faces\992397_face0.jpg,White,White,Male,20-29,"[9.8659295e-01 4.7077519e-05 6.9592829e-04 2.9548860e-07 1.0695757e-06
 1.3088497e-05 1.2649601e-02]",[9.9681252e-01 2.5348507e-03 4.5492154e-05 6.0721528e-04],[9.9999595e-01 4.0288628e-06],"[2.3986192e-07 8.8476290e-06 1.7868420e-03 5.6795019e-01 4.1576990e-01
 1.4285417e-02 1.9432839e-04 4.1754356e-06 9.4953627e-08]"
D:\Uni\Ulm\Master\Hiwi-Forschung-und-Lehre\FairFace\detected_faces\992410_face0.jpg,White,White,Male,20-29,"[9.9984616e-01 5.9095868e-08 1.5549347e-05 3.2615001e-06 1.9884781e-06
 5.4769870e-08 1.3286964e-04]",[9.9989420e-01 9.2227208e-07 1.0343706e-04 1.4627255e-06],[9.99999881e-01 1.08916396e-07],"[2.1761256e-08 1.8575334e-05 5.4882698e-02 9.2110413e-01 2.3881555e-02
 1.1276708e-04 3.3096762e-07 2.9301306e-09 5.6907739e-11]"
D:\Uni\Ulm\Master\Hiwi-Forschung-und-Lehre\FairFace\detected_faces\992483_face0.jpg,White,White,Male,10-19,"[7.0512927e-01 6.1395389e-05 3.0331861e-02 9.0894423e-04 9.4185135e-04
 9.1268640e-04 2.6171401e-01]",[9.6803045e-01 2.6483723e-04 2.4789324e-02 6.9154277e-03],[9.9969536e-01 3.0462703e-04],"[7.5196816e-08 9.4080000e-04 8.9248902e-01 1.0499505e-01 1.5332510e-03
 4.1461026e-05 2.6716893e-07 1.6950009e-08 7.3917344e-10]"
D:\Uni\Ulm\Master\Hiwi-Forschung-und-Lehre\FairFace\detected_faces\992504_face0.jpg,Latino_Hispanic,White,Male,20-29,"[1.3179857e-01 7.1348376e-03 7.7335888e-01 8.9085872e-05 2.9903327e-04
 1.4950642e-02 7.2368912e-02]",[0.577168   0.07293884 0.0027024  0.34719077],[9.9999803e-01 1.9797485e-06],"[2.5449228e-06 4.5945508e-05 3.9399238e-03 5.1621664e-01 4.6062320e-01
 1.8981710e-02 1.8776640e-04 2.3360722e-06 2.8306182e-08]"
D:\Uni\Ulm\Master\Hiwi-Forschung-und-Lehre\FairFace\detected_faces\992552_face0.jpg,White,White,Male,20-29,"[5.8396184e-01 2.5290844e-04 2.1874933e-01 1.1125440e-03 1.7390799e-03
 8.6185057e-03 1.8556570e-01]",[0.71432304 0.004066   0.01709326 0.26451764],[9.9999988e-01 1.1665882e-07],"[3.9362280e-07 4.8731468e-05 7.3146764e-03 9.1077924e-01 8.1468418e-02
 3.8780420e-04 7.8841316e-07 2.1026484e-08 3.0905306e-10]"
D:\Uni\Ulm\Master\Hiwi-Forschung-und-Lehre\FairFace\detected_faces\992567_face0.jpg,White,White,Male,20-29,"[8.6337626e-01 2.1050900e-04 5.1662449e-02 4.0311632e-05 1.5170425e-04
 8.0093811e-04 8.3757922e-02]",[9.9490941e-01 5.5667473e-04 1.9407109e-04 4.3399003e-03],[0.9984088  0.00159123],"[6.39881478e-07 1.59879182e-05 7.05212029e-03 6.86055541e-01
 2.91988790e-01 1.44986445e-02 3.74997238e-04 1.28503334e-05
 3.84401346e-07]"
D:\Uni\Ulm\Master\Hiwi-Forschung-und-Lehre\FairFace\detected_faces\992587_face0.jpg,White,White,Male,20-29,"[7.2699767e-01 1.3229590e-04 1.4492203e-01 1.1004133e-03 1.2421592e-03
 7.5067492e-04 1.2485484e-01]",[0.97628    0.00255288 0.0130359  0.0081313 ],[9.9999934e-01 6.2055432e-07],"[1.8889155e-07 3.8185830e-05 3.3371236e-02 8.9417690e-01 7.2023064e-02
 3.8981467e-04 6.2168817e-07 1.3950954e-08 1.4953364e-10]"
D:\Uni\Ulm\Master\Hiwi-Forschung-und-Lehre\FairFace\detected_faces\992605_face0.jpg,White,White,Male,20-29,"[7.63223350e-01 1.09617606e-04 4.11705934e-02 6.39052378e-05
 1.38111980e-04 5.36893611e-04 1.94757476e-01]",[9.9772513e-01 1.6312614e-04 1.0173735e-04 2.0098980e-03],[9.9998969e-01 1.0323941e-05],"[1.3360878e-05 5.6267070e-04 2.7498079e-02 7.0731819e-01 2.5630233e-01
 8.2386611e-03 6.5767555e-05 9.2880458e-07 1.1447744e-08]"
D:\Uni\Ulm\Master\Hiwi-Forschung-und-Lehre\FairFace\detected_faces\992624_face0.jpg,White,White,Male,20-29,"[9.9343759e-01 1.5330338e-04 3.0185678e-03 5.6790309e-06 9.3917606e-06
 7.5142261e-06 3.3679316e-03]",[0.993699   0.00349972 0.00125715 0.00154414],[9.9998766e-01 1.2305184e-05],"[1.2627504e-07 6.1811923e-05 8.1889607e-02 8.9228815e-01 2.5432829e-02
 3.2496065e-04 2.4733663e-06 5.0857768e-08 1.4905207e-09]"
D:\Uni\Ulm\Master\Hiwi-Forschung-und-Lehre\FairFace\detected_faces\992627_face0.jpg,White,White,Male,20-29,"[9.35753763e-01 5.37002325e-06 5.56487264e-03 3.49222842e-06
 6.10991810e-06 1.03386934e-04 5.85629679e-02]",[9.9994135e-01 2.6912460e-06 8.2186198e-06 4.7729660e-05],[9.9999493e-01 5.0557742e-06],"[3.0932603e-07 3.3777926e-04 3.1423396e-01 6.7096251e-01 1.4281550e-02
 1.8336838e-04 4.8669710e-07 1.2852915e-08 3.2988634e-10]"
D:\Uni\Ulm\Master\Hiwi-Forschung-und-Lehre\FairFace\detected_faces\992651_face0.jpg,Latino_Hispanic,Black,Male,20-29,"[7.7764593e-02 2.5636887e-02 8.3580118e-01 7.7518605e-04 3.4755194e-03
 1.2567963e-02 4.3978639e-02]",[0.25260094 0.5574544  0.00509511 0.18484949],[9.9999964e-01 3.7338324e-07],"[9.0904395e-09 5.1194957e-06 3.1167218e-02 9.2759323e-01 4.1010931e-02
 2.2284119e-04 6.3198075e-07 1.0888840e-08 1.3960404e-10]"
D:\Uni\Ulm\Master\Hiwi-Forschung-und-Lehre\FairFace\detected_faces\992671_face0.jpg,White,White,Male,20-29,"[9.8315048e-01 5.1249503e-05 9.8107336e-04 7.9223746e-06 2.5476113e-05
 5.9076228e-06 1.5777983e-02]",[9.9176937e-01 7.9863900e-03 1.7484037e-04 6.9375339e-05],[9.9999905e-01 9.4542111e-07],"[7.9656041e-07 1.1972605e-03 1.1963528e-01 8.2107055e-01 5.7523873e-02
 5.7073345e-04 1.4356984e-06 1.9415756e-08 5.2005211e-10]"
D:\Uni\Ulm\Master\Hiwi-Forschung-und-Lehre\FairFace\detected_faces\992715_face0.jpg,White,White,Male,10-19,"[9.2825711e-01 3.5063153e-05 1.2739047e-02 1.1624827e-04 2.3520736e-04
 2.5193844e-05 5.8592100e-02]",[9.9963135e-01 1.0428252e-04 2.3402006e-04 3.0269657e-05],[9.9999970e-01 3.7260088e-07],"[1.9697518e-08 2.6940031e-04 7.8723204e-01 2.1110825e-01 1.3767103e-03
 1.3470364e-05 3.9776232e-08 1.1056311e-09 1.5965895e-11]"
D:\Uni\Ulm\Master\Hiwi-Forschung-und-Lehre\FairFace\detected_faces\992912_face0.jpg,Latino_Hispanic,White,Male,20-29,"[3.9494932e-01 1.7172373e-03 4.1019082e-01 3.8595696e-05 1.4924200e-04
 5.6288019e-03 1.8732600e-01]",[0.9701746  0.00450875 0.0042395  0.02107717],[9.9999744e-01 2.6067376e-06],"[1.1046636e-06 2.1760190e-05 1.8136742e-03 6.3299716e-01 3.5613781e-01
 8.9657260e-03 6.1473918e-05 1.3167427e-06 2.0432070e-08]"
D:\Uni\Ulm\Master\Hiwi-Forschung-und-Lehre\FairFace\detected_faces\992951_face0.jpg,White,White,Male,20-29,"[8.7915188e-01 1.0732163e-02 3.7497554e-02 1.9286652e-05 1.0431379e-04
 1.7090267e-04 7.2323903e-02]",[0.8197382  0.17810076 0.0009082  0.00125291],[9.9999982e-01 1.5796405e-07],"[2.9604362e-07 5.4024340e-04 3.4643441e-01 6.0717094e-01 4.3968488e-02
 1.8696766e-03 1.5783724e-05 1.9512802e-07 3.0139380e-09]"
D:\Uni\Ulm\Master\Hiwi-Forschung-und-Lehre\FairFace\detected_faces\993093_face0.jpg,Black,Black,Male,30-39,"[1.4573853e-06 9.9965870e-01 9.8546470e-06 6.6783834e-10 1.5529860e-08
 3.2967236e-04 2.2225287e-07]",[4.2751462e-06 9.9794316e-01 4.0698637e-07 2.0520897e-03],[9.9976623e-01 2.3379388e-04],"[1.1917993e-09 7.0431702e-07 1.4522844e-03 4.1937506e-01 5.6282246e-01
 1.6269716e-02 7.9374855e-05 3.8741632e-07 4.2983759e-09]"
D:\Uni\Ulm\Master\Hiwi-Forschung-und-Lehre\FairFace\detected_faces\993104_face0.jpg,White,White,Male,20-29,"[9.9999291e-01 1.3530384e-07 2.0952136e-06 7.3797160e-08 8.8094161e-08
 2.5326502e-08 4.6263422e-06]",[9.9998677e-01 1.1118690e-05 1.8647208e-06 2.5471360e-07],[9.9999887e-01 1.0834901e-06],"[6.4718779e-07 5.3009449e-04 1.7626259e-01 7.5039089e-01 7.0923179e-02
 1.8747227e-03 1.7638107e-05 1.9205345e-07 6.2470051e-09]"
D:\Uni\Ulm\Master\Hiwi-Forschung-und-Lehre\FairFace\detected_faces\993113_face0.jpg,White,White,Male,20-29,"[7.1440345e-01 1.1074726e-04 2.7280886e-02 2.0984200e-05 5.9111597e-05
 2.2224295e-03 2.5590238e-01]",[9.916853e-01 8.572846e-04 5.270024e-05 7.404710e-03],[9.999992e-01 7.887967e-07],"[1.2500294e-07 2.0642355e-04 1.6213475e-01 8.0712605e-01 2.9716985e-02
 8.0967601e-04 5.8764481e-06 1.1583684e-07 1.4046834e-09]"
D:\Uni\Ulm\Master\Hiwi-Forschung-und-Lehre\FairFace\detected_faces\993114_face0.jpg,Middle Eastern,White,Male,20-29,"[1.4067873e-01 3.3014495e-04 2.1488110e-02 1.0383082e-04 2.1269210e-04
 4.1954704e-03 8.3299106e-01]",[9.9466950e-01 5.3945776e-05 2.2125606e-04 5.0552646e-03],[9.9993640e-01 6.3575426e-05],"[1.5222492e-06 2.9138062e-04 2.1756107e-02 8.5105050e-01 1.2461560e-01
 2.2752113e-03 9.3022827e-06 3.4658984e-07 1.0978138e-08]"
D:\Uni\Ulm\Master\Hiwi-Forschung-und-Lehre\FairFace\detected_faces\993116_face0.jpg,White,White,Male,20-29,"[9.9973118e-01 6.9380826e-07 6.3199688e-05 1.2253464e-05 2.0239686e-05
 3.1671389e-06 1.6925787e-04]",[9.9976856e-01 8.5219699e-06 1.8040220e-04 4.2469928e-05],[9.999854e-01 1.460118e-05],"[5.3900010e-07 3.5162352e-04 1.2492508e-01 7.7240914e-01 9.7165115e-02
 5.0553908e-03 9.1978291e-05 1.1437694e-06 5.2291696e-08]"
D:\Uni\Ulm\Master\Hiwi-Forschung-und-Lehre\FairFace\detected_faces\993119_face0.jpg,Black,Black,Male,20-29,"[1.3815103e-02 7.1345073e-01 2.5593853e-01 3.6604692e-06 4.5404729e-05
 4.3671574e-03 1.2379334e-02]",[2.0524694e-03 9.9590796e-01 2.2492968e-05 2.0170866e-03],[1.0000000e+00 1.1161742e-08],"[9.2288424e-08 1.2044034e-06 2.2632810e-03 4.8285618e-01 4.8125377e-01
 3.2930125e-02 6.8749610e-04 7.7921140e-06 4.7104226e-08]"
D:\Uni\Ulm\Master\Hiwi-Forschung-und-Lehre\FairFace\detected_faces\993154_face0.jpg,White,White,Male,10-19,"[7.9112005e-01 2.8120156e-05 6.7331563e-03 2.2013446e-05 5.6593446e-05
 1.7685533e-03 2.0027138e-01]",[9.9143690e-01 1.0605047e-04 6.2675553e-04 7.8303060e-03],[0.9921411  0.00785889],"[5.8928440e-06 2.0630095e-02 7.4864417e-01 2.0560233e-01 2.2408042e-02
 2.6709873e-03 3.6812879e-05 1.6457177e-06 9.3913386e-08]"
D:\Uni\Ulm\Master\Hiwi-Forschung-und-Lehre\FairFace\detected_faces\993176_face0.jpg,White,White,Male,20-29,"[9.8942411e-01 8.5302099e-06 2.2092282e-03 6.0044846e-04 2.7203310e-04
 1.0113814e-05 7.4754618e-03]",[9.9791598e-01 3.9696236e-04 1.6821418e-03 4.8931420e-06],[9.9998158e-01 1.8397604e-05],"[1.1083626e-05 9.4168895e-04 7.8210399e-02 7.1511674e-01 1.9888675e-01
 6.7609786e-03 7.0432601e-05 1.9069367e-06 4.5938222e-08]"
D:\Uni\Ulm\Master\Hiwi-Forschung-und-Lehre\FairFace\detected_faces\993211_face0.jpg,White,White,Male,20-29,"[9.98060346e-01 1.08919805e-04 1.13210385e-03 1.91269783e-06
 7.63813568e-06 4.74359922e-06 6.84401777e-04]",[9.4667315e-01 5.1742680e-02 2.6616457e-04 1.3180416e-03],[9.9999946e-01 5.5691794e-07],"[1.8721678e-08 3.8948006e-06 1.7210606e-02 8.9315253e-01 8.6721122e-02
 2.8662151e-03 4.4968274e-05 5.6397289e-07 9.6997104e-09]"
D:\Uni\Ulm\Master\Hiwi-Forschung-und-Lehre\FairFace\detected_faces\993281_face0.jpg,Middle Eastern,White,Male,20-29,"[3.9982650e-01 1.2409237e-04 7.8366563e-02 6.8763847e-04 9.2868105e-04
 2.4785828e-03 5.1758796e-01]",[9.8665154e-01 6.7098654e-04 1.3788968e-03 1.1298600e-02],[9.999975e-01 2.484980e-06],"[3.4686781e-07 1.4597754e-05 5.5814935e-03 7.8884518e-01 2.0296328e-01
 2.5876777e-03 7.3602496e-06 1.0331850e-07 1.4199235e-09]"
D:\Uni\Ulm\Master\Hiwi-Forschung-und-Lehre\FairFace\detected_faces\993389_face0.jpg,White,White,Male,20-29,"[9.1783011e-01 2.1268349e-04 2.5759960e-02 7.2726625e-06 4.3968823e-05
 3.1005556e-03 5.3045530e-02]",[9.9788153e-01 3.3341724e-04 3.0601566e-04 1.4790099e-03],[9.9999917e-01 8.1875976e-07],"[1.12383184e-07 8.80434818e-05 1.00288086e-01 8.43016684e-01
 5.46956062e-02 1.90098071e-03 1.02751883e-05 2.14138907e-07
 2.65855871e-09]"
D:\Uni\Ulm\Master\Hiwi-Forschung-und-Lehre\FairFace\detected_faces\993434_face0.jpg,White,White,Male,20-29,"[9.9998748e-01 1.3085243e-09 2.4020841e-07 1.3513072e-07 1.3552420e-07
 1.8680634e-08 1.1894112e-05]",[9.9992460e-01 5.3423338e-07 7.3350697e-05 1.4342751e-06],[9.99985695e-01 1.43046445e-05],"[1.2785492e-07 1.0700641e-04 5.3821314e-02 8.4408730e-01 9.9625230e-02
 2.3500498e-03 8.9382220e-06 5.8502209e-08 2.4454621e-09]"
D:\Uni\Ulm\Master\Hiwi-Forschung-und-Lehre\FairFace\detected_faces\993438_face0.jpg,White,White,Male,20-29,"[8.9099175e-01 1.5672624e-05 1.7498989e-02 4.0058774e-05 5.9777780e-05
 2.9640942e-04 9.1097258e-02]",[9.9221355e-01 4.8493102e-04 1.4103317e-03 5.8911000e-03],[1.0000000e+00 3.6185726e-09],"[2.5371591e-08 9.0797530e-06 8.8229720e-03 9.3701524e-01 5.3805441e-02
 3.4679065e-04 4.2294658e-07 5.2512505e-09 4.0084845e-11]"
D:\Uni\Ulm\Master\Hiwi-Forschung-und-Lehre\FairFace\detected_faces\993439_face0.jpg,White,White,Male,20-29,"[9.8928696e-01 1.5700785e-04 6.3251192e-03 2.2835277e-06 1.9690291e-05
 4.6478221e-05 4.1624093e-03]",[9.8881626e-01 8.7053981e-03 4.6125986e-04 2.0170999e-03],[9.9999291e-01 7.0788014e-06],"[4.6596579e-08 2.5130346e-06 1.9800903e-03 6.3154012e-01 3.5334212e-01
 1.3010252e-02 1.2221506e-04 2.5908294e-06 5.6854862e-08]"
D:\Uni\Ulm\Master\Hiwi-Forschung-und-Lehre\FairFace\detected_faces\993440_face0.jpg,Black,Black,Male,20-29,"[1.6455635e-07 9.9999326e-01 1.6091504e-06 3.9366999e-09 7.0806479e-08
 4.5735901e-06 2.4968648e-07]",[6.6881125e-07 9.9999267e-01 1.8036890e-06 4.7699859e-06],[9.997883e-01 2.116915e-04],"[1.0912634e-06 9.3510112e-04 7.8854464e-02 6.3902432e-01 2.6590088e-01
 1.5120352e-02 1.5993351e-04 3.5914375e-06 2.7516700e-07]"
D:\Uni\Ulm\Master\Hiwi-Forschung-und-Lehre\FairFace\detected_faces\993443_face0.jpg,White,White,Male,10-19,"[8.1249738e-01 5.4980403e-05 7.0534408e-02 3.3813348e-04 5.0047092e-04
 1.5187060e-04 1.1592281e-01]",[9.9682438e-01 3.4615799e-04 1.5775862e-03 1.2518453e-03],[9.999843e-01 1.565639e-05],"[7.1533224e-09 6.5701424e-05 6.7107809e-01 3.2712704e-01 1.7192938e-03
 9.8665896e-06 2.1953658e-08 6.2196243e-10 1.1216526e-11]"
D:\Uni\Ulm\Master\Hiwi-Forschung-und-Lehre\FairFace\detected_faces\993445_face0.jpg,White,White,Male,20-29,"[9.9618244e-01 1.9958550e-07 1.3223616e-04 6.3667318e-07 1.1946244e-06
 1.8852407e-06 3.6814571e-03]",[9.9997902e-01 7.5133750e-07 5.8490414e-06 1.4286716e-05],[9.999999e-01 1.267440e-07],"[1.87278348e-09 6.69751034e-06 1.26816705e-01 8.68238568e-01
 4.92575485e-03 1.21768735e-05 1.07474740e-08 1.64250044e-10
 1.82724083e-12]"
D:\Uni\Ulm\Master\Hiwi-Forschung-und-Lehre\FairFace\detected_faces\993447_face0.jpg,Black,Black,Male,20-29,"[2.45142204e-04 9.41499591e-01 2.58964207e-02 6.74666837e-04
 1.04550915e-02 1.94817055e-02 1.74733659e-03]",[8.4128500e-05 9.9714434e-01 6.5530650e-04 2.1162066e-03],[0.9121958  0.08780417],"[8.8129508e-07 1.0739955e-03 4.1300172e-01 5.2556449e-01 5.6149919e-02
 4.0879906e-03 1.1505623e-04 5.6416688e-06 2.9818392e-07]"
D:\Uni\Ulm\Master\Hiwi-Forschung-und-Lehre\FairFace\detected_faces\993451_face0.jpg,Black,Black,Male,20-29,"[1.1473697e-03 6.5517205e-01 3.3075896e-01 1.2463835e-04 6.7735724e-03
 4.6423762e-03 1.3810134e-03]",[7.4205112e-05 9.9559456e-01 3.4437072e-03 8.8745164e-04],[9.9999875e-01 1.2595517e-06],"[2.1918462e-08 1.6492418e-06 2.3329761e-02 9.0349299e-01 7.1343996e-02
 1.8081958e-03 2.3078243e-05 3.4250655e-07 5.0603930e-09]"
D:\Uni\Ulm\Master\Hiwi-Forschung-und-Lehre\FairFace\detected_faces\993533_face0.jpg,White,White,Male,10-19,"[9.9950755e-01 1.5950811e-06 8.2932354e-05 1.6402271e-05 8.4975718e-06
 8.0303761e-07 3.8216103e-04]",[9.9987829e-01 8.2447741e-06 9.7136894e-05 1.6318747e-05],[9.9999565e-01 4.3413115e-06],"[2.3461977e-08 1.9607370e-04 7.0079184e-01 2.9733646e-01 1.6449641e-03
 3.0264684e-05 3.7847644e-07 1.5130766e-08 5.2366655e-10]"
D:\Uni\Ulm\Master\Hiwi-Forschung-und-Lehre\FairFace\detected_faces\993542_face0.jpg,White,White,Male,20-29,"[9.9891883e-01 4.2066065e-07 6.2933621e-05 9.6213364e-07 1.4756010e-06
 2.5948353e-07 1.0151241e-03]",[9.9997884e-01 1.3453302e-06 1.6690061e-05 3.1511941e-06],[9.999990e-01 9.975356e-07],"[6.5873991e-09 3.6197875e-05 4.6813414e-01 5.2838099e-01 3.3934263e-03
 5.4983375e-05 2.3515059e-07 5.6329217e-09 1.2179706e-10]"
D:\Uni\Ulm\Master\Hiwi-Forschung-und-Lehre\FairFace\detected_faces\993544_face0.jpg,Middle Eastern,White,Male,20-29,"[2.5801154e-02 6.8630296e-04 6.6266307e-03 1.5732665e-05 1.3159700e-04
 6.7151170e-03 9.6002346e-01]",[0.7704324  0.02147039 0.00217128 0.20592587],[9.9923265e-01 7.6735305e-04],"[4.2390616e-06 7.5849815e-04 1.4292125e-01 7.0630920e-01 1.3327082e-01
 1.4936647e-02 1.5024376e-03 2.7708945e-04 1.9777703e-05]"
D:\Uni\Ulm\Master\Hiwi-Forschung-und-Lehre\FairFace\detected_faces\993545_face0.jpg,White,White,Male,20-29,"[9.61679280e-01 4.44262605e-06 3.16836196e-03 9.25850036e-05
 1.16339375e-04 7.46947126e-06 3.49316075e-02]",[9.9929839e-01 2.4942643e-04 3.9491546e-04 5.7282243e-05],[9.9999297e-01 7.0096180e-06],"[2.2274049e-08 1.0815232e-05 6.5132491e-02 8.7635571e-01 5.7244349e-02
 1.2506616e-03 5.8976452e-06 5.4666838e-08 6.7949285e-10]"
D:\Uni\Ulm\Master\Hiwi-Forschung-und-Lehre\FairFace\detected_faces\993548_face0.jpg,Middle Eastern,White,Male,20-29,"[3.5330930e-01 4.1080220e-04 7.3309943e-02 5.6624040e-06 3.6409005e-05
 1.8164067e-02 5.5476385e-01]",[0.8962989  0.00167793 0.00169212 0.10033103],[9.9999994e-01 5.8957401e-08],"[5.4132880e-07 1.5595516e-04 6.4564243e-02 8.6970073e-01 6.5009169e-02
 5.6836300e-04 1.0387929e-06 2.0039227e-08 3.0114475e-10]"
D:\Uni\Ulm\Master\Hiwi-Forschung-und-Lehre\FairFace\detected_faces\993549_face0.jpg,Middle Eastern,White,Male,10-19,"[4.6573886e-01 1.3865050e-04 3.9567761e-02 5.9776153e-06 3.0034142e-05
 1.1536265e-03 4.9336502e-01]",[9.7299087e-01 1.4019500e-02 5.3007680e-04 1.2459524e-02],[9.9999976e-01 2.6687300e-07],"[2.4315857e-06 9.9983020e-03 8.3584976e-01 1.4656799e-01 7.1789515e-03
 4.0009880e-04 2.4150222e-06 5.3976716e-08 7.1856243e-10]"
D:\Uni\Ulm\Master\Hiwi-Forschung-und-Lehre\FairFace\detected_faces\993550_face0.jpg,Middle Eastern,White,Male,20-29,"[1.3936637e-01 6.6874374e-05 1.4781681e-01 5.9445138e-04 1.3634976e-03
 2.3580277e-03 7.0843405e-01]",[0.85938954 0.00126741 0.07375394 0.06558906],[9.999964e-01 3.636847e-06],"[7.6052324e-08 3.4694833e-04 3.8985115e-01 6.0413522e-01 5.6381579e-03
 2.8356590e-05 6.1928773e-08 2.2590554e-09 3.1152230e-11]"
D:\Uni\Ulm\Master\Hiwi-Forschung-und-Lehre\FairFace\detected_faces\993798_face0.jpg,Middle Eastern,White,Male,10-19,"[3.2135284e-01 1.1498258e-04 2.5509167e-01 5.5746017e-03 4.5523760e-03
 1.0376335e-02 4.0293720e-01]",[0.8696659  0.00372889 0.11745316 0.00915204],[9.9994612e-01 5.3855503e-05],"[6.0213738e-06 6.9829146e-03 5.3771466e-01 3.8056856e-01 7.1210638e-02
 3.4728099e-03 4.2977801e-05 1.4563394e-06 2.6158771e-08]"
D:\Uni\Ulm\Master\Hiwi-Forschung-und-Lehre\FairFace\detected_faces\993800_face0.jpg,Black,Black,Male,20-29,"[4.3222090e-06 9.9996161e-01 1.9408759e-05 3.4305181e-08 1.1273829e-06
 1.2201358e-05 1.3418108e-06]",[1.9925117e-06 9.9998879e-01 1.7760354e-06 7.4866530e-06],[9.9999952e-01 4.9788014e-07],"[7.3732420e-09 2.5330942e-06 3.3798423e-03 5.8029187e-01 3.9729217e-01
 1.8629391e-02 4.0133792e-04 2.8075349e-06 9.5840782e-08]"
D:\Uni\Ulm\Master\Hiwi-Forschung-und-Lehre\FairFace\detected_faces\993804_face0.jpg,White,White,Male,10-19,"[9.6982837e-01 1.1838121e-04 3.0412390e-03 2.3302443e-04 1.0775593e-04
 2.8692975e-05 2.6642477e-02]",[9.9644905e-01 1.8034549e-03 1.4671846e-03 2.8023237e-04],[9.9981380e-01 1.8617534e-04],"[1.7951292e-07 2.6773836e-03 9.4345647e-01 5.3329106e-02 5.1076588e-04
 2.5553814e-05 5.1363355e-07 4.5858748e-08 1.8189470e-09]"
D:\Uni\Ulm\Master\Hiwi-Forschung-und-Lehre\FairFace\detected_faces\993806_face0.jpg,White,White,Male,10-19,"[7.0857733e-01 8.5454914e-05 1.6267076e-01 5.3732620e-05 8.7999128e-05
 5.6244625e-04 1.2796229e-01]",[9.9905908e-01 4.0969797e-04 5.8597474e-05 4.7246911e-04],[9.999935e-01 6.486436e-06],"[3.1714876e-08 4.3877252e-04 8.4666592e-01 1.5239276e-01 4.9999089e-04
 2.5889644e-06 5.8760525e-09 1.7932666e-10 4.0823720e-12]"
D:\Uni\Ulm\Master\Hiwi-Forschung-und-Lehre\FairFace\detected_faces\993809_face0.jpg,Middle Eastern,White,Male,20-29,"[5.3776432e-02 6.5932858e-05 5.7906136e-02 3.8013086e-04 6.8475603e-04
 5.2139866e-03 8.8197261e-01]",[0.5091983  0.01354879 0.01305717 0.46419576],[9.9999946e-01 5.5652816e-07],"[2.7826472e-06 4.3700330e-04 4.2158797e-02 8.2812887e-01 1.2696971e-01
 2.2951472e-03 7.4359959e-06 1.8585787e-07 2.6530853e-09]"
D:\Uni\Ulm\Master\Hiwi-Forschung-und-Lehre\FairFace\detected_faces\993810_face0.jpg,Black,Black,Male,20-29,"[2.5935475e-07 9.9999696e-01 1.7270573e-06 8.4837493e-10 8.3486453e-09
 4.6611785e-07 6.5156638e-07]",[1.1329315e-06 9.9999726e-01 1.3764904e-07 1.5745138e-06],[9.999722e-01 2.780576e-05],"[1.7420800e-05 2.6414625e-03 4.0722787e-02 5.1374602e-01 3.9589733e-01
 4.6470329e-02 4.9572776e-04 8.3444456e-06 6.3378332e-07]"
D:\Uni\Ulm\Master\Hiwi-Forschung-und-Lehre\FairFace\detected_faces\993812_face0.jpg,White,White,Male,20-29,"[9.9127066e-01 7.9423938e-07 9.0303057e-04 2.1950618e-04 1.7859727e-04
 8.3973291e-06 7.4189701e-03]",[9.99934435e-01 1.38945416e-06 5.24190509e-05 1.17342515e-05],[0.99592227 0.00407777],"[4.1401329e-08 9.5706255e-06 9.3702234e-02 8.3066607e-01 7.3108904e-02
 2.4856662e-03 2.7053129e-05 4.4986234e-07 1.0396700e-08]"
D:\Uni\Ulm\Master\Hiwi-Forschung-und-Lehre\FairFace\detected_faces\993816_face0.jpg,Middle Eastern,White,Male,20-29,"[4.5443561e-02 2.5788846e-04 1.4505073e-02 1.5627960e-05 6.3703752e-05
 1.0684137e-04 9.3960726e-01]",[0.9503172  0.0436301  0.00190311 0.00414955],[9.9997085e-01 2.9160201e-05],"[1.4244272e-07 2.6657450e-04 4.3309671e-01 5.5100757e-01 1.5205083e-02
 4.2035294e-04 3.4534100e-06 1.6429770e-07 2.5294395e-09]"
D:\Uni\Ulm\Master\Hiwi-Forschung-und-Lehre\FairFace\detected_faces\993818_face0.jpg,Middle Eastern,White,Male,20-29,"[2.2116727e-01 3.1546457e-05 2.0688016e-02 3.8897826e-05 1.0957342e-04
 1.5682736e-04 7.5780785e-01]",[9.9859494e-01 4.3772557e-04 4.1951763e-04 5.4775813e-04],[9.9981087e-01 1.8916088e-04],"[3.5836685e-08 6.6679459e-05 2.0623814e-01 7.7494752e-01 1.8639438e-02
 1.0798689e-04 2.3585679e-07 4.5418243e-09 7.8521280e-11]"
D:\Uni\Ulm\Master\Hiwi-Forschung-und-Lehre\FairFace\detected_faces\993819_face0.jpg,White,White,Male,20-29,"[6.5913284e-01 6.6081579e-05 9.2844423e-03 1.2177438e-04 1.3539818e-04
 4.3399789e-04 3.3082542e-01]",[9.9751365e-01 1.2924123e-03 9.7665237e-04 2.1728493e-04],[9.9997199e-01 2.7998203e-05],"[4.7461831e-06 9.9076668e-04 6.0410921e-02 8.7286526e-01 6.5196432e-02
 5.3018052e-04 1.6876654e-06 5.3575537e-08 2.7524654e-09]"
D:\Uni\Ulm\Master\Hiwi-Forschung-und-Lehre\FairFace\detected_faces\993820_face0.jpg,White,White,Male,10-19,"[0.46855235 0.00099838 0.4554542  0.00061971 0.0022827  0.00122598
 0.07086673]",[0.9923218  0.00429236 0.00176736 0.00161851],[9.9998343e-01 1.6537006e-05],"[1.2217009e-06 2.4480405e-03 5.2373660e-01 4.5190403e-01 2.1118622e-02
 7.8206736e-04 9.1274524e-06 2.6516429e-07 4.5374664e-09]"
D:\Uni\Ulm\Master\Hiwi-Forschung-und-Lehre\FairFace\detected_faces\993911_face0.jpg,Middle Eastern,White,Male,10-19,"[5.8522075e-02 7.5754733e-04 6.0898501e-02 1.7087845e-04 1.2735261e-03
 6.8175206e-03 8.7155998e-01]",[0.9542304  0.00112105 0.0121413  0.03250735],[9.9982303e-01 1.7691232e-04],"[2.3636652e-07 3.5398786e-03 8.5922170e-01 1.3530378e-01 1.9030969e-03
 3.1171716e-05 1.2651680e-07 7.5729449e-09 1.7021828e-10]"
D:\Uni\Ulm\Master\Hiwi-Forschung-und-Lehre\FairFace\detected_faces\993912_face0.jpg,White,White,Male,20-29,"[8.0688471e-01 2.3185943e-05 3.9351791e-02 2.1644482e-05 2.3016999e-05
 2.3789350e-04 1.5345779e-01]",[9.9944687e-01 2.2604965e-04 4.4271019e-05 2.8280122e-04],[9.9997878e-01 2.1241205e-05],"[6.78681204e-07 9.85461520e-04 3.27250749e-01 6.59342408e-01
 1.23055121e-02 1.14861265e-04 2.90505682e-07 6.16983709e-09
 1.22175353e-10]"
D:\Uni\Ulm\Master\Hiwi-Forschung-und-Lehre\FairFace\detected_faces\993955_face0.jpg,White,White,Male,20-29,"[5.4511672e-01 1.4134916e-05 1.5700830e-02 4.0663894e-05 5.8754911e-05
 1.0325693e-03 4.3803635e-01]",[9.9847776e-01 2.4872876e-04 2.6453217e-04 1.0089858e-03],[9.999999e-01 1.229542e-07],"[3.3670328e-06 1.7337019e-03 2.3249711e-01 7.1885145e-01 4.5988068e-02
 9.2100905e-04 5.2293531e-06 1.5041803e-07 1.6806446e-09]"
D:\Uni\Ulm\Master\Hiwi-Forschung-und-Lehre\FairFace\detected_faces\994011_face0.jpg,Middle Eastern,White,Male,10-19,"[4.2734140e-01 8.1476790e-04 2.4052670e-02 7.7238998e-05 4.8293191e-04
 1.6772139e-04 5.4706329e-01]",[0.9711545  0.02645259 0.00129326 0.00109973],[9.9960935e-01 3.9060594e-04],"[3.3972029e-07 3.0774355e-03 7.6264918e-01 2.2912554e-01 5.0184759e-03
 1.2810719e-04 8.2779002e-07 3.8015333e-08 8.6524676e-10]"
D:\Uni\Ulm\Master\Hiwi-Forschung-und-Lehre\FairFace\detected_faces\994017_face0.jpg,Middle Eastern,Black,Male,30-39,"[5.6111023e-02 2.7455565e-01 1.4821362e-01 6.1502164e-06 6.7068824e-05
 1.9671561e-02 5.0137490e-01]",[1.1989045e-01 8.4184247e-01 1.8092019e-04 3.8086183e-02],[9.99899268e-01 1.00753394e-04],"[5.0611806e-07 5.9813465e-06 3.1710893e-04 6.1510023e-02 7.5033754e-01
 1.8435246e-01 3.4428155e-03 3.3000037e-05 5.5650321e-07]"
D:\Uni\Ulm\Master\Hiwi-Forschung-und-Lehre\FairFace\detected_faces\994104_face0.jpg,White,White,Male,10-19,"[9.6759421e-01 1.9475185e-07 1.3782318e-04 1.5816424e-07 2.8581462e-07
 3.4477457e-06 3.2263920e-02]",[9.9999464e-01 1.6904006e-06 3.9916827e-07 3.2786963e-06],[9.9999994e-01 5.9713820e-08],"[8.7444363e-07 5.4966789e-03 8.6015189e-01 1.3052221e-01 3.5801646e-03
 2.4696600e-04 1.2265014e-06 2.7754457e-08 5.1564997e-10]"
D:\Uni\Ulm\Master\Hiwi-Forschung-und-Lehre\FairFace\detected_faces\994190_face0.jpg,Black,Black,Male,30-39,"[2.2563993e-03 6.0032451e-01 3.5318610e-01 3.6630674e-05 7.0281804e-04
 4.1610952e-02 1.8826127e-03]",[0.001264   0.97632015 0.00861185 0.01380403],[9.9999994e-01 6.2533097e-08],"[1.4082776e-06 1.9272109e-05 3.7702259e-03 3.1989273e-01 5.3242731e-01
 1.3877532e-01 5.0011780e-03 1.1178403e-04 7.0804407e-07]"
D:\Uni\Ulm\Master\Hiwi-Forschung-und-Lehre\FairFace\detected_faces\994197_face0.jpg,Black,Black,Male,20-29,"[2.1718152e-07 9.9989933e-01 2.0770085e-06 2.0907954e-08 3.2929938e-07
 9.7543263e-05 4.6916756e-07]",[3.8653863e-07 9.9999315e-01 4.6854413e-07 5.9077393e-06],[0.9986464  0.00135362],"[1.8862629e-08 2.6878108e-05 3.1068003e-02 8.1219792e-01 1.5316449e-01
 3.5030846e-03 3.9143833e-05 5.2901066e-07 2.2460506e-08]"
D:\Uni\Ulm\Master\Hiwi-Forschung-und-Lehre\FairFace\detected_faces\994200_face0.jpg,White,White,Male,20-29,"[6.0783905e-01 5.5416767e-03 5.2241746e-02 1.9915729e-04 4.9919449e-04
 2.2296836e-03 3.3144954e-01]",[0.97887945 0.00790356 0.00251283 0.01070418],[9.9963999e-01 3.6002274e-04],"[3.95514189e-06 9.74295472e-05 4.69702668e-02 5.18817663e-01
 2.44411677e-01 1.20930314e-01 5.69943115e-02 1.13307005e-02
 4.43742407e-04]"
D:\Uni\Ulm\Master\Hiwi-Forschung-und-Lehre\FairFace\detected_faces\994225_face0.jpg,White,White,Male,20-29,"[9.68692720e-01 2.00076058e-04 3.80363199e-03 1.66345160e-06
 1.04605815e-05 1.32277155e-05 2.72782259e-02]",[9.9925566e-01 5.5992050e-04 3.4291672e-05 1.5006367e-04],[9.999999e-01 6.967564e-08],"[2.7602136e-08 6.2532781e-06 1.6960626e-02 8.9633179e-01 8.3365999e-02
 3.2453614e-03 8.7819855e-05 2.0992693e-06 1.9706370e-08]"
D:\Uni\Ulm\Master\Hiwi-Forschung-und-Lehre\FairFace\detected_faces\994346_face0.jpg,Latino_Hispanic,White,Male,20-29,"[2.8960264e-01 1.4570807e-03 5.6506807e-01 4.4127617e-05 3.2954593e-04
 7.3726592e-03 1.3612579e-01]",[9.6859837e-01 9.6749509e-04 4.2050495e-04 3.0013656e-02],[9.9999648e-01 3.4946818e-06],"[1.1158337e-06 9.9379075e-05 2.3096381e-02 7.6630074e-01 2.0568156e-01
 4.7992924e-03 2.1195186e-05 2.8426214e-07 2.7693143e-09]"
D:\Uni\Ulm\Master\Hiwi-Forschung-und-Lehre\FairFace\detected_faces\994363_face0.jpg,White,White,Male,20-29,"[9.5872247e-01 5.5195713e-05 1.1107288e-02 7.3810406e-05 2.2443355e-04
 5.2459898e-05 2.9764371e-02]",[9.9705690e-01 1.6684845e-03 3.2269504e-04 9.5192011e-04],[9.9999976e-01 2.5687939e-07],"[1.8416031e-08 4.1765532e-05 1.5872580e-01 8.3169818e-01 9.4866659e-03
 4.7493526e-05 1.6462943e-07 2.8114788e-09 5.3067915e-11]"
D:\Uni\Ulm\Master\Hiwi-Forschung-und-Lehre\FairFace\detected_faces\994479_face0.jpg,Black,Black,Male,20-29,"[2.5559851e-04 8.5599816e-01 2.2148410e-02 2.9161829e-06 2.1410284e-04
 1.1818749e-01 3.1933673e-03]",[2.1545867e-04 9.8103130e-01 1.0639810e-04 1.8646782e-02],[1.000000e+00 3.163831e-08],"[1.4305519e-07 6.8670946e-05 1.0175228e-02 7.4471205e-01 2.4019724e-01
 4.8281443e-03 1.8357829e-05 1.4886994e-07 1.8262956e-09]"
D:\Uni\Ulm\Master\Hiwi-Forschung-und-Lehre\FairFace\detected_faces\994490_face0.jpg,White,White,Male,20-29,"[9.92857337e-01 1.61878434e-05 2.34891893e-03 1.35810915e-05
 4.90674865e-05 3.23230452e-05 4.68259491e-03]",[9.9867988e-01 6.6300528e-04 4.9672363e-04 1.6038363e-04],[1.0000000e+00 3.5027916e-09],"[5.0675192e-07 2.5048739e-05 1.1967658e-02 7.9129606e-01 1.8643326e-01
 1.0076451e-02 1.9752271e-04 3.4642567e-06 3.0198873e-08]"
D:\Uni\Ulm\Master\Hiwi-Forschung-und-Lehre\FairFace\detected_faces\994494_face0.jpg,White,White,Male,20-29,"[9.9955225e-01 3.2911751e-06 2.5349495e-04 9.7547781e-06 1.1515447e-05
 6.7633437e-07 1.6901917e-04]",[9.9999034e-01 3.2919875e-06 5.6542344e-06 7.4540532e-07],[1.0000000e+00 4.3191356e-08],"[2.3512268e-08 5.5315202e-05 1.9901340e-01 7.2273237e-01 7.4204370e-02
 3.9502913e-03 4.3555770e-05 7.3981386e-07 8.7952481e-09]"
D:\Uni\Ulm\Master\Hiwi-Forschung-und-Lehre\FairFace\detected_faces\994520_face0.jpg,Black,Black,Male,10-19,"[1.3098138e-06 9.9998516e-01 1.0051752e-05 8.0967851e-08 1.1014101e-06
 1.6974625e-06 5.6204004e-07]",[2.5435389e-07 9.9999571e-01 1.1674416e-06 2.9386974e-06],[0.99559677 0.00440322],"[7.9281261e-07 1.2697513e-02 7.7953017e-01 2.0332061e-01 4.3554562e-03
 9.4897798e-05 5.8302840e-07 1.8249642e-08 2.9860898e-09]"
D:\Uni\Ulm\Master\Hiwi-Forschung-und-Lehre\FairFace\detected_faces\994521_face0.jpg,White,White,Male,20-29,"[9.0854013e-01 1.6820266e-04 3.4251863e-03 9.5651524e-07 2.5178538e-06
 2.5229123e-05 8.7837838e-02]",[9.9959779e-01 3.5980175e-04 8.5970096e-06 3.3742173e-05],[1.000000e+00 3.195312e-08],"[5.6022396e-09 1.3682063e-05 1.1367741e-01 8.7267792e-01 1.3577712e-02
 5.3218009e-05 7.8883751e-08 1.2657301e-09 1.4112256e-11]"
D:\Uni\Ulm\Master\Hiwi-Forschung-und-Lehre\FairFace\detected_faces\994529_face0.jpg,Black,Black,Male,20-29,"[2.87540979e-06 9.99940813e-01 3.16419391e-05 1.25363435e-08
 1.93127647e-07 2.20952279e-05 2.30197361e-06]",[1.79837753e-06 9.99984324e-01 1.74040821e-07 1.36689505e-05],[9.9999970e-01 3.4476204e-07],"[2.1684802e-08 9.9593335e-06 1.4523868e-02 8.1306165e-01 1.6414328e-01
 8.1925541e-03 6.8049019e-05 6.9656471e-07 1.4702085e-08]"
D:\Uni\Ulm\Master\Hiwi-Forschung-und-Lehre\FairFace\detected_faces\994543_face0.jpg,Black,Black,Male,20-29,"[5.4873137e-08 9.9999905e-01 6.3843368e-07 3.6539244e-10 6.9544752e-09
 2.8337001e-07 3.2705081e-08]",[1.3076249e-07 9.9999952e-01 9.3158683e-08 2.3479129e-07],[9.9998045e-01 1.9512940e-05],"[3.5524199e-08 1.9971307e-05 1.2832700e-02 7.5791448e-01 2.2181673e-01
 7.3824399e-03 3.3321336e-05 2.6168874e-07 1.9832289e-08]"
D:\Uni\Ulm\Master\Hiwi-Forschung-und-Lehre\FairFace\detected_faces\994546_face0.jpg,White,White,Male,20-29,"[9.9999905e-01 2.5441607e-09 4.9093867e-08 2.4758187e-08 4.7853494e-08
 5.2904343e-09 8.4777872e-07]",[9.9998528e-01 1.9607000e-06 1.1382776e-05 1.3615156e-06],[0.9970761  0.00292397],"[3.6963563e-08 6.0562998e-06 8.8919559e-03 6.8166888e-01 2.7405107e-01
 3.4256615e-02 1.1054421e-03 1.8818948e-05 1.1264253e-06]"
D:\Uni\Ulm\Master\Hiwi-Forschung-und-Lehre\FairFace\detected_faces\994549_face0.jpg,White,White,Male,20-29,"[9.9970019e-01 5.2012990e-07 3.0255998e-05 8.1502998e-07 2.3562025e-06
 4.1922590e-07 2.6527981e-04]",[9.9992388e-01 6.7211578e-05 4.0283940e-06 4.8739207e-06],[9.9997133e-01 2.8671850e-05],"[2.9036621e-06 1.1336866e-03 2.7983895e-01 6.1455494e-01 8.9345522e-02
 1.4663732e-02 4.3901874e-04 2.0492989e-05 7.6469900e-07]"
D:\Uni\Ulm\Master\Hiwi-Forschung-und-Lehre\FairFace\detected_faces\994550_face0.jpg,White,White,Male,20-29,"[9.9983996e-01 5.7018207e-07 2.7115961e-05 5.9379868e-06 1.1521954e-05
 5.1609243e-07 1.1437245e-04]",[9.998023e-01 3.717668e-06 1.884123e-04 5.702275e-06],[1.000000e+00 2.428085e-08],"[2.0820016e-08 3.5949481e-05 4.8369184e-02 8.5865957e-01 9.1177702e-02
 1.7487026e-03 8.8727757e-06 7.5678535e-08 9.9955133e-10]"
D:\Uni\Ulm\Master\Hiwi-Forschung-und-Lehre\FairFace\detected_faces\994554_face0.jpg,White,White,Male,20-29,"[9.9172395e-01 3.4442653e-06 1.4671674e-03 1.0448155e-05 1.3344939e-05
 2.9940467e-05 6.7516752e-03]",[9.9997950e-01 2.8540212e-06 4.2314232e-06 1.3422740e-05],[9.999236e-01 7.642253e-05],"[1.27079531e-07 3.74623196e-05 1.21398084e-01 8.51171374e-01
 2.65650321e-02 8.18958040e-04 8.73472709e-06 2.23941157e-07
 4.65552308e-09]"
D:\Uni\Ulm\Master\Hiwi-Forschung-und-Lehre\FairFace\detected_faces\994556_face0.jpg,Black,Black,Male,30-39,"[5.2593845e-07 9.9997306e-01 1.1731525e-05 2.6948124e-09 8.1518721e-08
 1.4520813e-05 1.3034175e-07]",[4.5450577e-07 9.9996984e-01 5.0448165e-07 2.9298673e-05],[9.9974269e-01 2.5732256e-04],"[1.2689375e-09 2.8181108e-07 1.0485551e-03 3.9322627e-01 5.8855045e-01
 1.7058570e-02 1.1550941e-04 3.2785101e-07 4.9832329e-09]"
D:\Uni\Ulm\Master\Hiwi-Forschung-und-Lehre\FairFace\detected_faces\994557_face0.jpg,White,White,Male,20-29,"[9.9998319e-01 1.3299643e-08 2.1931087e-06 5.5635496e-07 4.7698609e-07
 3.2678564e-08 1.3527167e-05]",[9.9992883e-01 1.2843910e-05 5.8037363e-05 3.9103210e-07],[9.999925e-01 7.446455e-06],"[1.5386795e-06 1.2679983e-04 3.3736810e-02 6.7468029e-01 2.8303370e-01
 8.3605293e-03 6.0097031e-05 3.0880719e-07 1.4501653e-08]"
D:\Uni\Ulm\Master\Hiwi-Forschung-und-Lehre\FairFace\detected_faces\994562_face0.jpg,White,White,Male,20-29,"[9.6807301e-01 1.0911202e-05 4.6640376e-04 1.5733983e-06 4.4870217e-06
 2.2539041e-06 3.1441409e-02]",[9.9739033e-01 2.3017654e-03 2.1918882e-04 8.8692563e-05],[9.9999124e-01 8.7741701e-06],"[4.3383568e-07 1.7980265e-04 9.0883814e-02 8.3679760e-01 6.9582701e-02
 2.5334167e-03 2.1374406e-05 8.1898105e-07 2.2251173e-08]"
D:\Uni\Ulm\Master\Hiwi-Forschung-und-Lehre\FairFace\detected_faces\994567_face0.jpg,Latino_Hispanic,Indian,Male,10-19,"[0.06547352 0.00383004 0.8777252  0.00389214 0.02417245 0.00989844
 0.01500817]",[0.27761796 0.10635092 0.17963755 0.4363936 ],[9.9997419e-01 2.5825862e-05],"[2.9194661e-08 2.4027032e-04 6.0780221e-01 3.8843140e-01 3.5092165e-03
 1.6884080e-05 5.1307758e-08 1.8033947e-09 3.4382084e-11]"
D:\Uni\Ulm\Master\Hiwi-Forschung-und-Lehre\FairFace\detected_faces\994570_face0.jpg,Black,Black,Male,20-29,"[8.0883845e-05 9.9609870e-01 3.3242651e-03 1.3989375e-06 6.3449093e-05
 3.6302247e-04 6.8191795e-05]",[3.8370792e-05 9.9670452e-01 1.1770373e-04 3.1394337e-03],[9.9999648e-01 3.5593723e-06],"[6.1542731e-09 1.1767248e-05 1.6248083e-01 8.2784575e-01 9.5708296e-03
 8.9998808e-05 7.8267510e-07 1.9098431e-08 5.2091725e-10]"
D:\Uni\Ulm\Master\Hiwi-Forschung-und-Lehre\FairFace\detected_faces\994572_face0.jpg,Black,Black,Male,20-29,"[5.6011230e-03 5.4395801e-01 4.2639443e-01 6.0632887e-05 1.2289513e-03
 7.0081810e-03 1.5748510e-02]",[0.00802804 0.98107123 0.00391228 0.00698846],[9.9999833e-01 1.6673870e-06],"[3.5779590e-07 2.3399691e-05 3.1533547e-02 8.5758674e-01 1.0753947e-01
 3.2575359e-03 5.6989506e-05 1.9843581e-06 3.8915253e-08]"
D:\Uni\Ulm\Master\Hiwi-Forschung-und-Lehre\FairFace\detected_faces\994593_face0.jpg,White,White,Male,20-29,"[7.5390840e-01 1.0323103e-04 7.9883151e-02 8.9408392e-03 5.8506047e-03
 1.6212148e-04 1.5115166e-01]",[9.5988125e-01 8.3268521e-04 3.6573391e-02 2.7126456e-03],[0.99232376 0.00767626],"[1.7753635e-07 2.5366832e-04 3.0386791e-01 6.4632303e-01 4.7720529e-02
 1.8100485e-03 2.3966724e-05 6.1985139e-07 1.2922507e-08]"
D:\Uni\Ulm\Master\Hiwi-Forschung-und-Lehre\FairFace\detected_faces\994653_face0.jpg,White,White,Male,20-29,"[7.2312069e-01 2.4223581e-04 1.3213336e-01 6.1200518e-04 6.5909105e-04
 5.4439227e-04 1.4268827e-01]",[0.98027647 0.01238579 0.00298265 0.00435514],[9.9999535e-01 4.6540449e-06],"[4.6868724e-08 8.4619882e-05 4.1658077e-01 5.7232374e-01 1.0860806e-02
 1.4932331e-04 6.9848886e-07 1.3055525e-08 2.3952587e-10]"
D:\Uni\Ulm\Master\Hiwi-Forschung-und-Lehre\FairFace\detected_faces\994667_face0.jpg,White,White,Female,20-29,"[9.9966812e-01 5.9169331e-08 5.4425664e-06 7.2013165e-08 1.1443577e-07
 3.2151622e-08 3.2619070e-04]",[9.9998766e-01 8.2100269e-06 2.7892745e-06 1.3700640e-06],[0.49064583 0.50935423],"[9.4453545e-10 2.7631037e-05 3.8754275e-01 6.0802037e-01 4.3877955e-03
 2.1345011e-05 4.2047144e-08 4.3182410e-10 1.9290857e-11]"
D:\Uni\Ulm\Master\Hiwi-Forschung-und-Lehre\FairFace\detected_faces\994677_face0.jpg,Latino_Hispanic,Black,Male,20-29,"[0.02941309 0.05400835 0.5894558  0.01294472 0.05018401 0.02571111
 0.23828293]",[0.01365704 0.96642643 0.01638931 0.00352719],[9.9938184e-01 6.1811862e-04],"[1.2392409e-06 5.8252981e-04 1.8343468e-01 7.3286265e-01 8.1711069e-02
 1.3956556e-03 1.1454030e-05 7.7161161e-07 2.8774929e-08]"
D:\Uni\Ulm\Master\Hiwi-Forschung-und-Lehre\FairFace\detected_faces\994828_face0.jpg,White,White,Male,20-29,"[9.9087411e-01 7.3463552e-06 5.5194186e-04 8.8268625e-06 1.6021902e-05
 1.0376385e-06 8.5406480e-03]",[9.9633831e-01 3.0993749e-03 5.4530590e-04 1.7074995e-05],[9.9999982e-01 2.2087097e-07],"[1.8055069e-08 1.0327841e-05 2.7619844e-02 9.1378230e-01 5.7934240e-02
 6.4962858e-04 3.5780606e-06 5.6606769e-08 6.6825390e-10]"
D:\Uni\Ulm\Master\Hiwi-Forschung-und-Lehre\FairFace\detected_faces\994920_face0.jpg,White,White,Male,20-29,"[9.7841609e-01 3.2423666e-06 1.0088192e-03 9.2495560e-07 2.3909113e-06
 1.5840920e-05 2.0552700e-02]",[9.9999428e-01 5.4538248e-07 1.0904118e-06 4.0024738e-06],[9.9999988e-01 1.5227648e-07],"[5.3301559e-09 5.3078629e-06 4.7167722e-02 9.1934168e-01 3.2930881e-02
 5.5264792e-04 1.6771866e-06 2.3904533e-08 2.2303268e-10]"
D:\Uni\Ulm\Master\Hiwi-Forschung-und-Lehre\FairFace\detected_faces\994967_face0.jpg,White,White,Male,20-29,"[9.8516899e-01 4.7423356e-08 7.6278135e-05 1.1571794e-06 1.3921975e-06
 4.8263777e-05 1.4703807e-02]",[9.9991173e-01 3.4477469e-07 1.6252498e-05 7.1677670e-05],[1.0000000e+00 1.7744913e-08],"[7.7870493e-07 9.4900321e-04 4.3706924e-01 5.4338950e-01 1.8030787e-02
 5.5911613e-04 1.5467002e-06 2.2622229e-08 1.9354283e-10]"
D:\Uni\Ulm\Master\Hiwi-Forschung-und-Lehre\FairFace\detected_faces\994971_face0.jpg,Middle Eastern,Indian,Male,20-29,"[2.2628405e-03 2.1515727e-04 4.2603388e-02 2.3374942e-05 3.7529066e-04
 3.3468059e-01 6.1983937e-01]",[3.8743792e-03 1.7313068e-03 1.7426166e-04 9.9422008e-01],[9.999550e-01 4.496586e-05],"[9.3204414e-07 5.1512936e-05 3.3588153e-03 6.7728758e-01 3.1102458e-01
 8.2625858e-03 1.3894472e-05 1.7232914e-07 3.2674359e-09]"
D:\Uni\Ulm\Master\Hiwi-Forschung-und-Lehre\FairFace\detected_faces\994972_face0.jpg,Middle Eastern,White,Male,20-29,"[2.2237876e-01 2.0040052e-04 2.2377973e-02 5.1234547e-05 1.8694263e-04
 1.3165927e-03 7.5348806e-01]",[0.9853819  0.00362214 0.00100859 0.00998744],[9.9950349e-01 4.9651373e-04],"[2.3734503e-07 1.6372952e-04 6.4006791e-02 8.1782556e-01 1.1652086e-01
 1.4718281e-03 1.0781560e-05 1.7691777e-07 4.6744235e-09]"
D:\Uni\Ulm\Master\Hiwi-Forschung-und-Lehre\FairFace\detected_faces\994973_face0.jpg,White,White,Male,20-29,"[7.3870593e-01 5.6603171e-06 1.1951323e-03 2.4242552e-05 5.4989992e-05
 3.2995780e-05 2.5998110e-01]",[9.9907804e-01 1.1696904e-04 2.1675818e-04 5.8825733e-04],[9.9999285e-01 7.1595318e-06],"[4.97057639e-09 5.65229266e-06 9.32700410e-02 8.92267942e-01
 1.42688025e-02 1.86193836e-04 1.39006931e-06 5.21261043e-08
 1.00465536e-09]"
D:\Uni\Ulm\Master\Hiwi-Forschung-und-Lehre\FairFace\detected_faces\994995_face0.jpg,White,White,Male,20-29,"[5.4676771e-01 1.0900487e-05 1.0280295e-02 2.7658316e-05 1.0465496e-04
 1.0474755e-04 4.4270408e-01]",[9.9928534e-01 5.0978974e-04 2.1356629e-05 1.8349238e-04],[9.9999827e-01 1.7539586e-06],"[1.0809003e-06 4.9680774e-04 5.1890820e-02 6.8633538e-01 2.4672869e-01
 1.4456388e-02 8.9794572e-05 1.0263745e-06 1.6891983e-08]"
D:\Uni\Ulm\Master\Hiwi-Forschung-und-Lehre\FairFace\detected_faces\995284_face0.jpg,Latino_Hispanic,Indian,Male,20-29,"[0.02234025 0.00166707 0.71696573 0.00244442 0.02594697 0.19700967
 0.03362582]",[0.06863274 0.03363555 0.18186085 0.71587086],[9.9999994e-01 5.1671105e-08],"[2.1180620e-06 4.6165727e-04 7.4831553e-02 7.0251918e-01 2.1281907e-01
 9.3250060e-03 4.0655468e-05 7.4614712e-07 3.9784265e-09]"
D:\Uni\Ulm\Master\Hiwi-Forschung-und-Lehre\FairFace\detected_faces\995316_face0.jpg,White,White,Male,20-29,"[6.3266188e-01 1.1716685e-03 1.5568285e-01 6.1926075e-05 2.7554427e-04
 5.9542467e-04 2.0955068e-01]",[9.9650246e-01 9.8591426e-04 9.9323480e-04 1.5184241e-03],[9.9999970e-01 3.4573773e-07],"[1.8384797e-09 3.6056483e-07 2.6136551e-03 8.3489132e-01 1.6130874e-01
 1.1834152e-03 2.5197683e-06 1.7624201e-08 1.9298409e-10]"
D:\Uni\Ulm\Master\Hiwi-Forschung-und-Lehre\FairFace\detected_faces\995322_face0.jpg,White,White,Male,20-29,"[9.9999940e-01 3.9209636e-10 7.0824669e-08 1.1023994e-09 2.0416537e-09
 5.1339716e-10 5.6002966e-07]",[9.9999994e-01 2.8937443e-08 4.4702759e-08 1.4504395e-08],[9.9999994e-01 4.9499114e-08],"[9.0881064e-10 7.0223505e-06 2.1253131e-01 7.7998000e-01 7.3314542e-03
 1.4981115e-04 3.5719378e-07 1.4858489e-09 1.4141515e-11]"
D:\Uni\Ulm\Master\Hiwi-Forschung-und-Lehre\FairFace\detected_faces\995538_face0.jpg,Black,Black,Male,20-29,"[1.2084709e-05 9.8441350e-01 3.4676684e-04 6.6373232e-08 3.0125841e-06
 1.4930854e-02 2.9371754e-04]",[2.8137429e-06 9.9937785e-01 4.1116805e-06 6.1525125e-04],[1.0000000e+00 3.1729335e-09],"[4.53606486e-09 6.17150181e-06 1.06992749e-02 8.70589554e-01
 1.17185794e-01 1.51468499e-03 4.50295238e-06 3.02639869e-08
 2.92056601e-10]"
D:\Uni\Ulm\Master\Hiwi-Forschung-und-Lehre\FairFace\detected_faces\995563_face0.jpg,Latino_Hispanic,Indian,Male,20-29,"[0.04321776 0.09122169 0.47796464 0.0007965  0.00507327 0.26973572
 0.11199035]",[0.01652244 0.11822271 0.00490848 0.8603464 ],[9.9999017e-01 9.8214696e-06],"[1.3264214e-06 6.1464329e-05 4.7912155e-03 5.9545076e-01 3.8793364e-01
 1.1682879e-02 7.7976598e-05 7.5241439e-07 1.4495020e-08]"
D:\Uni\Ulm\Master\Hiwi-Forschung-und-Lehre\FairFace\detected_faces\995654_face0.jpg,White,White,Male,20-29,"[9.9874622e-01 5.2185992e-06 2.6894966e-04 5.0186529e-05 5.8067886e-05
 1.1030910e-06 8.7028398e-04]",[9.9856722e-01 4.1929158e-04 9.9271478e-04 2.0803895e-05],[9.9996692e-01 3.3043656e-05],"[6.8252007e-07 6.4672546e-05 7.9179764e-02 6.8936861e-01 1.8590625e-01
 4.1260816e-02 3.9971098e-03 2.1761906e-04 4.4033018e-06]"
D:\Uni\Ulm\Master\Hiwi-Forschung-und-Lehre\FairFace\detected_faces\995666_face0.jpg,White,White,Male,20-29,"[7.8317767e-01 1.8617682e-02 5.3868063e-02 1.3742302e-05 8.6033360e-05
 4.3525090e-03 1.3988437e-01]",[9.2187661e-01 7.0074081e-02 9.1494241e-04 7.1343533e-03],[9.9999982e-01 2.1770427e-07],"[3.00160110e-07 1.35173090e-04 3.04704048e-02 7.24732578e-01
 2.30726898e-01 1.38168149e-02 1.14848975e-04 2.95454015e-06
 4.77691344e-08]"
D:\Uni\Ulm\Master\Hiwi-Forschung-und-Lehre\FairFace\detected_faces\995669_face0.jpg,White,White,Male,10-19,"[9.9944210e-01 2.5889824e-07 1.9192879e-05 1.9585579e-07 4.4697532e-07
 6.0262018e-08 5.3776737e-04]",[9.9980652e-01 1.8373576e-04 3.7338593e-06 5.9927097e-06],[9.9998164e-01 1.8320612e-05],"[5.2850460e-08 6.3773629e-04 8.2770264e-01 1.6917828e-01 2.3632862e-03
 1.1724620e-04 7.6290439e-07 1.8663739e-08 3.8063816e-10]"
D:\Uni\Ulm\Master\Hiwi-Forschung-und-Lehre\FairFace\detected_faces\995670_face0.jpg,Middle Eastern,White,Male,20-29,"[3.5145259e-01 2.2532176e-03 2.2593081e-01 2.1464084e-05 1.6824547e-04
 1.3836462e-03 4.1879001e-01]",[9.8856181e-01 8.7125478e-03 8.0960875e-05 2.6446243e-03],[9.9999976e-01 2.3442554e-07],"[3.5222414e-09 1.3632084e-06 1.0322928e-02 9.1850144e-01 7.0757456e-02
 4.1530342e-04 1.5052390e-06 1.4874243e-08 1.5625372e-10]"
D:\Uni\Ulm\Master\Hiwi-Forschung-und-Lehre\FairFace\detected_faces\995671_face0.jpg,Latino_Hispanic,Indian,Male,30-39,"[1.6609828e-01 8.6616765e-04 3.8221383e-01 4.9162732e-05 2.3945807e-04
 3.5733926e-01 9.3193814e-02]",[7.8564920e-02 8.0843066e-04 1.3491769e-04 9.2049176e-01],[9.9999934e-01 6.5778198e-07],"[5.2800618e-07 7.6809065e-06 6.1399816e-04 4.2409626e-01 5.4419136e-01
 3.0887704e-02 2.0114986e-04 1.3716352e-06 1.3679513e-08]"
D:\Uni\Ulm\Master\Hiwi-Forschung-und-Lehre\FairFace\detected_faces\995719_face0.jpg,White,White,Male,20-29,"[6.2836075e-01 2.0188445e-04 1.1493932e-01 2.6546291e-04 6.0713943e-04
 4.7967061e-03 2.5082874e-01]",[9.8988616e-01 1.1642346e-03 4.3984651e-04 8.5098119e-03],[9.999375e-01 6.254842e-05],"[1.0919639e-07 1.6591181e-04 1.4613815e-01 8.4334594e-01 1.0292723e-02
 5.6975485e-05 2.1095678e-07 4.6313957e-09 9.9350361e-11]"
D:\Uni\Ulm\Master\Hiwi-Forschung-und-Lehre\FairFace\detected_faces\995773_face0.jpg,Latino_Hispanic,White,Male,30-39,"[0.11674718 0.00366751 0.6611527  0.00182338 0.00474882 0.0231232
 0.18873717]",[0.6647462  0.00329634 0.23796067 0.09399676],[9.9998873e-01 1.1278780e-05],"[6.5857631e-07 1.5971576e-05 2.1446329e-03 4.8243269e-01 4.9816105e-01
 1.7162167e-02 8.1699487e-05 1.1211192e-06 1.6619108e-08]"
D:\Uni\Ulm\Master\Hiwi-Forschung-und-Lehre\FairFace\detected_faces\996491_face0.jpg,White,White,Male,20-29,"[9.4246638e-01 2.9322888e-05 1.6487056e-02 7.2031937e-05 9.0817426e-05
 2.0754556e-05 4.0833585e-02]",[9.9897987e-01 5.3223019e-04 4.4505126e-04 4.2837015e-05],[9.9999601e-01 4.0098644e-06],"[3.1071293e-06 1.2196163e-03 1.3419610e-01 7.4235594e-01 1.1883686e-01
 3.3708168e-03 1.7297582e-05 2.6341584e-07 4.3970210e-09]"
D:\Uni\Ulm\Master\Hiwi-Forschung-und-Lehre\FairFace\detected_faces\996685_face0.jpg,White,White,Male,20-29,"[9.9090928e-01 5.3340718e-05 2.6486714e-03 1.3686552e-05 5.1115476e-05
 5.0833296e-06 6.3187825e-03]",[9.956040e-01 3.960218e-03 3.902506e-04 4.546431e-05],[9.999960e-01 4.000813e-06],"[2.9477252e-07 1.8644107e-04 2.4471465e-01 7.2268367e-01 3.1185227e-02
 1.2063042e-03 2.2653483e-05 7.1427081e-07 1.5534390e-08]"
D:\Uni\Ulm\Master\Hiwi-Forschung-und-Lehre\FairFace\detected_faces\996811_face0.jpg,White,White,Male,20-29,"[9.9977398e-01 6.2092695e-08 4.9485966e-06 1.0777346e-07 1.7504649e-07
 1.9454120e-07 2.2052550e-04]",[9.9999607e-01 6.8046847e-07 7.4268326e-07 2.5483191e-06],[9.9998826e-01 1.1717523e-05],"[1.3437687e-05 4.7492571e-03 4.3621942e-01 4.9178341e-01 5.9254777e-02
 7.8760497e-03 1.0138033e-04 2.2351046e-06 6.3733445e-08]"
D:\Uni\Ulm\Master\Hiwi-Forschung-und-Lehre\FairFace\detected_faces\996812_face0.jpg,White,White,Male,20-29,"[4.88115609e-01 1.33008522e-03 1.56157747e-01 1.81615687e-05
 1.20113364e-04 1.93674210e-03 3.52321625e-01]",[9.0986192e-01 7.5302489e-02 3.5106318e-04 1.4484586e-02],[9.9999958e-01 4.4332128e-07],"[1.4963119e-08 4.9718124e-06 1.7496215e-02 9.2133504e-01 6.0714986e-02
 4.4775003e-04 1.0102930e-06 1.3449886e-08 1.4747371e-10]"
D:\Uni\Ulm\Master\Hiwi-Forschung-und-Lehre\FairFace\detected_faces\996820_face0.jpg,Latino_Hispanic,White,Male,20-29,"[2.3185816e-01 6.1572418e-03 6.3046610e-01 3.4865440e-04 1.9074494e-03
 9.6578710e-04 1.2829663e-01]",[0.97596586 0.0074841  0.01380725 0.00274277],[1.0000000e+00 2.5965665e-08],"[4.7474508e-08 6.1262952e-05 6.2589884e-02 8.9935899e-01 3.7663724e-02
 3.2521057e-04 7.9729506e-07 8.4909706e-09 8.0896477e-11]"
D:\Uni\Ulm\Master\Hiwi-Forschung-und-Lehre\FairFace\detected_faces\996821_face0.jpg,Black,Black,Male,10-19,"[6.8363770e-05 9.9480653e-01 1.4091799e-03 5.0855033e-07 1.6337197e-05
 1.1732542e-03 2.5257668e-03]",[8.1062408e-06 9.9986082e-01 4.4831454e-06 1.2668787e-04],[0.99895555 0.00104447],"[1.12957814e-07 3.03287664e-03 7.68963814e-01 2.20570177e-01
 7.33555434e-03 9.61218830e-05 1.24687165e-06 9.65412141e-08
 3.72995679e-09]"
D:\Uni\Ulm\Master\Hiwi-Forschung-und-Lehre\FairFace\detected_faces\996824_face0.jpg,Middle Eastern,Indian,Male,20-29,"[7.0995003e-02 3.4717279e-03 3.6691189e-01 2.0264601e-04 2.0630143e-03
 3.2150984e-02 5.2420479e-01]",[0.35199937 0.2590738  0.00737693 0.38154984],[9.9988306e-01 1.1697393e-04],"[1.93933367e-08 3.05689682e-05 1.06840014e-01 8.72655928e-01
 2.03496385e-02 1.23539663e-04 2.97891319e-07 8.03077871e-09
 1.26041261e-10]"
D:\Uni\Ulm\Master\Hiwi-Forschung-und-Lehre\FairFace\detected_faces\996829_face0.jpg,White,White,Male,20-29,"[7.36184955e-01 1.11314104e-04 3.66552696e-02 7.06202758e-04
 9.08886606e-04 2.72089586e-04 2.25161299e-01]",[9.9915910e-01 1.5984016e-05 8.0881920e-04 1.6156067e-05],[9.9999559e-01 4.3745417e-06],"[5.5410733e-06 1.7522029e-03 3.3626136e-01 6.2580198e-01 3.5826415e-02
 3.5110762e-04 1.2528653e-06 5.6613825e-08 1.5473263e-09]"
D:\Uni\Ulm\Master\Hiwi-Forschung-und-Lehre\FairFace\detected_faces\996841_face0.jpg,White,White,Male,20-29,"[4.4517756e-01 9.8817330e-04 3.2124707e-01 2.1783273e-04 5.7376822e-04
 8.6912664e-04 2.3092650e-01]",[0.9782091  0.01386776 0.00301486 0.00490829],[9.9999762e-01 2.3857212e-06],"[6.0760080e-08 1.1721288e-05 1.9637736e-02 9.2286390e-01 5.7103064e-02
 3.8268851e-04 7.8965894e-07 1.9322453e-08 2.5923805e-10]"
D:\Uni\Ulm\Master\Hiwi-Forschung-und-Lehre\FairFace\detected_faces\996903_face0.jpg,White,White,Male,20-29,"[9.9988246e-01 7.3514862e-08 1.7847056e-05 2.3973992e-06 2.3569496e-06
 2.0837724e-07 9.4639363e-05]",[9.9980664e-01 2.4716066e-05 1.6170030e-04 6.9292450e-06],[9.999912e-01 8.851272e-06],"[1.03190040e-07 4.73149594e-05 5.67811318e-02 8.20166767e-01
 1.17843896e-01 5.11740381e-03 4.28655148e-05 4.53085022e-07
 1.10483631e-08]"
D:\Uni\Ulm\Master\Hiwi-Forschung-und-Lehre\FairFace\detected_faces\996904_face0.jpg,White,White,Male,20-29,"[9.9575889e-01 1.7916735e-05 7.6574559e-04 5.6460285e-06 1.3212319e-05
 3.0594911e-06 3.4355111e-03]",[9.9981326e-01 1.5042636e-04 2.9730872e-05 6.4847895e-06],[9.9999243e-01 7.5834614e-06],"[7.0040551e-07 1.4670312e-03 4.0841034e-01 5.5697519e-01 3.2173522e-02
 9.6638285e-04 6.6810476e-06 1.4882487e-07 4.0464867e-09]"
D:\Uni\Ulm\Master\Hiwi-Forschung-und-Lehre\FairFace\detected_faces\996906_face0.jpg,Black,Black,Male,20-29,"[2.8172572e-06 9.9986267e-01 2.5942920e-05 7.7608506e-09 2.2849775e-07
 1.0623025e-04 2.1733470e-06]",[1.9832892e-07 9.9998605e-01 4.3381462e-08 1.3667281e-05],[9.9999946e-01 5.2300504e-07],"[1.4809539e-08 4.0258616e-05 5.6518599e-02 8.8613826e-01 5.6484219e-02
 8.1519369e-04 3.4362879e-06 4.4943182e-08 1.1798600e-09]"
D:\Uni\Ulm\Master\Hiwi-Forschung-und-Lehre\FairFace\detected_faces\996907_face0.jpg,Black,Black,Male,20-29,"[6.60258081e-07 9.99985099e-01 1.06327898e-05 9.54746948e-09
 1.03630846e-07 7.00630096e-07 2.79461756e-06]",[3.0105646e-06 9.9998713e-01 3.7589621e-06 6.1280916e-06],[9.9998212e-01 1.7872408e-05],"[7.2720655e-07 3.8751858e-04 3.9083026e-02 7.8151560e-01 1.7327501e-01
 5.7034399e-03 3.4465644e-05 2.7889240e-07 1.2499958e-08]"
D:\Uni\Ulm\Master\Hiwi-Forschung-und-Lehre\FairFace\detected_faces\996908_face0.jpg,Black,Black,Male,30-39,"[2.1876409e-04 9.9910629e-01 4.2758309e-04 3.2954770e-07 3.8545559e-06
 1.9044081e-04 5.2734056e-05]",[1.3559064e-04 9.9962735e-01 2.4354185e-05 2.1263761e-04],[0.99743646 0.00256356],"[6.1375410e-08 9.2645032e-06 2.9840469e-03 4.8253274e-01 4.9538150e-01
 1.8664567e-02 4.2416647e-04 3.5502887e-06 6.6962073e-08]"
D:\Uni\Ulm\Master\Hiwi-Forschung-und-Lehre\FairFace\detected_faces\996909_face0.jpg,Latino_Hispanic,Indian,Male,20-29,"[0.03389585 0.00675909 0.47920093 0.00225294 0.00888433 0.23983032
 0.22917652]",[0.03398051 0.30030838 0.01128757 0.65442353],[9.9999952e-01 5.0705034e-07],"[3.7441828e-07 3.0665193e-05 3.1991359e-03 7.7340430e-01 2.1943538e-01
 3.9127446e-03 1.7141661e-05 2.2530268e-07 3.4053900e-09]"
D:\Uni\Ulm\Master\Hiwi-Forschung-und-Lehre\FairFace\detected_faces\996910_face0.jpg,Black,Black,Male,20-29,"[8.1499486e-05 9.8966563e-01 3.4810714e-03 2.5011520e-04 5.7976525e-03
 7.2273513e-04 1.3043871e-06]",[2.0886122e-05 9.9886566e-01 8.4168039e-04 2.7181304e-04],[0.9988965  0.00110348],"[1.6842376e-08 7.1196328e-06 6.0044799e-02 7.4793762e-01 1.8544823e-01
 6.4135632e-03 1.4723108e-04 1.3849286e-06 3.4748769e-08]"
D:\Uni\Ulm\Master\Hiwi-Forschung-und-Lehre\FairFace\detected_faces\996911_face0.jpg,Latino_Hispanic,Black,Male,20-29,"[8.0591021e-03 2.4871829e-01 6.5600598e-01 5.4600219e-05 2.4675545e-03
 5.5572432e-02 2.9122055e-02]",[0.00574823 0.9562604  0.00333635 0.03465506],[1.000000e+00 2.937058e-08],"[6.6529751e-08 4.7346603e-06 5.9994678e-03 7.7768379e-01 2.1001437e-01
 6.2423926e-03 5.4408571e-05 7.1463563e-07 6.0633907e-09]"
D:\Uni\Ulm\Master\Hiwi-Forschung-und-Lehre\FairFace\detected_faces\996914_face0.jpg,White,White,Male,20-29,"[5.6544042e-01 2.8069076e-04 2.6965338e-01 3.3764590e-02 4.4811852e-02
 2.7197661e-04 8.5777223e-02]",[0.87099415 0.00376288 0.12434538 0.00089748],[9.9997205e-01 2.7993132e-05],"[1.2171037e-07 2.6339237e-04 4.4028130e-01 5.5144703e-01 7.9638846e-03
 4.4107423e-05 1.3927678e-07 3.9106722e-09 6.5195550e-11]"
D:\Uni\Ulm\Master\Hiwi-Forschung-und-Lehre\FairFace\detected_faces\996916_face0.jpg,White,White,Male,20-29,"[5.4887021e-01 9.4614387e-04 2.2814883e-01 1.8511192e-04 1.0842365e-03
 2.2486664e-04 2.2054063e-01]",[9.909945e-01 4.429125e-03 4.208603e-03 3.677243e-04],[9.9999976e-01 2.3585119e-07],"[1.0343729e-09 1.6657143e-06 5.9321355e-02 9.2254949e-01 1.8068666e-02
 5.8798636e-05 1.1782690e-07 2.1496693e-09 1.8056546e-11]"
D:\Uni\Ulm\Master\Hiwi-Forschung-und-Lehre\FairFace\detected_faces\996919_face0.jpg,Black,Black,Male,20-29,"[9.2351667e-07 9.9993616e-01 1.6832064e-05 3.4097147e-09 9.9170940e-08
 3.8163151e-05 7.8684061e-06]",[1.4233787e-07 9.9999839e-01 8.2731468e-08 1.3974455e-06],[9.999995e-01 4.357516e-07],"[1.2166706e-07 1.0198581e-04 1.9848799e-02 7.8788400e-01 1.8828501e-01
 3.8588927e-03 2.0970690e-05 1.9609557e-07 7.0488073e-09]"
D:\Uni\Ulm\Master\Hiwi-Forschung-und-Lehre\FairFace\detected_faces\996926_face0.jpg,Black,Black,Male,20-29,"[7.4732698e-06 9.9698311e-01 1.9615320e-03 4.7748526e-06 6.1036361e-04
 4.1820016e-04 1.4604303e-05]",[1.4840633e-05 9.9720949e-01 1.7844108e-03 9.9129474e-04],[9.9999601e-01 3.9826336e-06],"[2.6164489e-07 1.9922608e-04 1.7190307e-01 8.0530387e-01 2.2119595e-02
 4.7090437e-04 3.0019069e-06 1.0503195e-07 3.6033891e-09]"
D:\Uni\Ulm\Master\Hiwi-Forschung-und-Lehre\FairFace\detected_faces\996928_face0.jpg,White,White,Male,20-29,"[4.8638028e-01 1.2009724e-04 5.0050437e-02 1.0508360e-04 3.4291964e-04
 3.9644635e-04 4.6260470e-01]",[9.9717975e-01 1.9413427e-03 2.9059709e-04 5.8834977e-04],[9.9999994e-01 4.0417341e-08],"[3.5646459e-09 1.8645947e-06 1.2131380e-02 9.3708873e-01 5.0631173e-02
 1.4659749e-04 2.4065011e-07 2.7367657e-09 2.5436389e-11]"
D:\Uni\Ulm\Master\Hiwi-Forschung-und-Lehre\FairFace\detected_faces\996929_face0.jpg,Middle Eastern,White,Male,20-29,"[0.3690434  0.00123927 0.17083265 0.00660691 0.00707958 0.00208473
 0.44311348]",[0.978139   0.00227242 0.01602338 0.00356515],[9.9999982e-01 1.7315335e-07],"[6.5047647e-07 1.2750397e-04 1.5574835e-02 8.3736426e-01 1.4548616e-01
 1.4400919e-03 6.3476064e-06 1.3397634e-07 1.5154745e-09]"
D:\Uni\Ulm\Master\Hiwi-Forschung-und-Lehre\FairFace\detected_faces\996931_face0.jpg,White,White,Male,20-29,"[9.7215182e-01 1.2912012e-05 1.0328086e-02 3.3015050e-07 2.4952080e-06
 2.9904683e-04 1.7205400e-02]",[9.9849057e-01 5.6764256e-06 3.1672629e-05 1.4720984e-03],[9.9999988e-01 1.2249126e-07],"[6.8947505e-09 1.9689328e-06 2.9809442e-03 7.4553031e-01 2.4828197e-01
 3.2024842e-03 2.3319158e-06 1.1661558e-08 9.4056346e-11]"
D:\Uni\Ulm\Master\Hiwi-Forschung-und-Lehre\FairFace\detected_faces\996932_face0.jpg,White,White,Male,20-29,"[8.9670455e-01 7.3667921e-05 4.4752989e-02 2.9448835e-05 1.3515256e-04
 6.1738113e-04 5.7686832e-02]",[9.7806877e-01 9.6447780e-05 5.1538725e-03 1.6680883e-02],[9.9999976e-01 2.1916919e-07],"[9.3228998e-09 7.1348518e-06 6.5991409e-02 8.9397365e-01 3.9582230e-02
 4.4392407e-04 1.6622489e-06 1.5343298e-08 1.5815001e-10]"
D:\Uni\Ulm\Master\Hiwi-Forschung-und-Lehre\FairFace\detected_faces\996933_face0.jpg,Middle Eastern,White,Male,10-19,"[2.8653901e-02 3.7441223e-05 1.4708432e-02 6.2696199e-06 1.7532795e-05
 2.0191181e-04 9.5637453e-01]",[9.9798906e-01 2.4741667e-04 8.9155522e-04 8.7199389e-04],[9.9999887e-01 1.1409936e-06],"[8.4709001e-07 1.7173552e-03 4.9665254e-01 4.9325824e-01 8.2360273e-03
 1.3456732e-04 4.4266088e-07 9.1986170e-09 9.3252517e-11]"
D:\Uni\Ulm\Master\Hiwi-Forschung-und-Lehre\FairFace\detected_faces\996941_face0.jpg,White,White,Male,20-29,"[9.5514059e-01 1.8253404e-04 2.2473751e-02 9.4716816e-06 2.2662854e-05
 1.0735384e-04 2.2063581e-02]",[9.9807870e-01 1.4258795e-03 2.1356314e-05 4.7404761e-04],[9.9999988e-01 1.2362557e-07],"[1.2424121e-08 1.1741484e-05 3.2023672e-02 9.0881419e-01 5.8756728e-02
 3.9273105e-04 9.3304044e-07 5.8193548e-09 8.8988712e-11]"
D:\Uni\Ulm\Master\Hiwi-Forschung-und-Lehre\FairFace\detected_faces\996958_face0.jpg,Latino_Hispanic,Black,Male,20-29,"[1.4476312e-02 3.3557141e-01 3.9049274e-01 9.8594603e-05 8.7453966e-04
 9.5995506e-03 2.4888684e-01]",[0.00931123 0.9421028  0.02364512 0.02494088],[9.9999553e-01 4.4681165e-06],"[4.0342800e-07 8.1481658e-06 5.1972042e-03 5.3285545e-01 4.2928419e-01
 3.1788815e-02 8.4849104e-04 1.7090766e-05 1.9409056e-07]"
D:\Uni\Ulm\Master\Hiwi-Forschung-und-Lehre\FairFace\detected_faces\996985_face0.jpg,Middle Eastern,Indian,Male,20-29,"[1.38158845e-02 4.67040809e-04 7.62290061e-02 8.34712409e-06
 3.32072850e-05 9.33801103e-03 9.00108516e-01]",[0.48542088 0.00961651 0.00481375 0.5001489 ],[9.9999642e-01 3.6144106e-06],"[7.6491970e-06 6.7695582e-05 3.4136053e-03 5.5510187e-01 4.1649294e-01
 2.4688493e-02 2.2297102e-04 4.6024193e-06 5.7276122e-08]"
D:\Uni\Ulm\Master\Hiwi-Forschung-und-Lehre\FairFace\detected_faces\996994_face0.jpg,Black,Black,Male,20-29,"[1.3898507e-06 9.9999356e-01 4.2894908e-06 1.2491456e-08 5.9491104e-08
 3.1328713e-07 3.3280512e-07]",[4.4917469e-06 9.9999124e-01 2.4857000e-06 1.7802536e-06],[0.99870783 0.00129216],"[3.6050551e-05 3.9378856e-03 4.8018921e-02 6.2598079e-01 2.9910919e-01
 2.2650033e-02 2.6112693e-04 5.4970214e-06 5.1140552e-07]"
D:\Uni\Ulm\Master\Hiwi-Forschung-und-Lehre\FairFace\detected_faces\996998_face0.jpg,Middle Eastern,White,Male,20-29,"[0.12707572 0.00233167 0.36781397 0.00079185 0.00243563 0.00189297
 0.4976582 ]",[0.9370024  0.02257789 0.03547387 0.00494579],[1.0000000e+00 1.0251376e-08],"[1.3776751e-07 1.2368565e-04 1.1564803e-01 8.6281443e-01 2.1256136e-02
 1.5700108e-04 5.1166779e-07 1.5260827e-08 1.1460940e-10]"
D:\Uni\Ulm\Master\Hiwi-Forschung-und-Lehre\FairFace\detected_faces\997006_face0.jpg,Black,Black,Male,20-29,"[6.1910591e-06 9.9981982e-01 1.2633088e-04 1.7877037e-08 4.9554149e-07
 9.8820119e-06 3.7256472e-05]",[1.0999834e-06 9.9997807e-01 2.8566424e-06 1.7913273e-05],[1.0000000e+00 2.9759775e-09],"[4.8294979e-08 1.2658042e-05 1.0667604e-02 8.1341726e-01 1.7116261e-01
 4.7152005e-03 2.4193234e-05 3.6094409e-07 6.6078076e-09]"
D:\Uni\Ulm\Master\Hiwi-Forschung-und-Lehre\FairFace\detected_faces\997007_face0.jpg,White,White,Male,20-29,"[6.84918821e-01 2.08903788e-04 1.19478494e-01 6.71544170e-04
 1.63950864e-03 6.59162703e-04 1.92423582e-01]",[0.9140316  0.00271724 0.05458817 0.02866304],[9.999999e-01 7.200378e-08],"[1.6743385e-08 2.4988247e-05 1.2951151e-01 8.5744083e-01 1.2918043e-02
 1.0415079e-04 4.4228429e-07 1.0067413e-08 1.1668316e-10]"
D:\Uni\Ulm\Master\Hiwi-Forschung-und-Lehre\FairFace\detected_faces\997009_face0.jpg,Middle Eastern,White,Male,20-29,"[2.2413999e-02 5.0264327e-03 1.2892847e-01 2.1114151e-04 8.7353878e-04
 6.1292360e-03 8.3641714e-01]",[0.32256734 0.0881592  0.30218795 0.28708553],[9.9999923e-01 7.9007145e-07],"[4.4416127e-05 1.1817319e-03 1.4421003e-02 5.8502489e-01 3.7400228e-01
 2.4909085e-02 4.0092546e-04 1.5512507e-05 1.9343183e-07]"
D:\Uni\Ulm\Master\Hiwi-Forschung-und-Lehre\FairFace\detected_faces\997010_face0.jpg,White,White,Male,20-29,"[9.9995649e-01 1.2579864e-06 1.2286802e-05 2.1963201e-06 6.3196612e-06
 1.8818822e-07 2.1301972e-05]",[9.9992692e-01 4.2694577e-05 2.6230091e-05 4.1049916e-06],[9.9999869e-01 1.3003578e-06],"[5.0766285e-08 1.6372738e-04 2.6701707e-01 7.1880037e-01 1.3818740e-02
 1.9874683e-04 1.4118615e-06 2.2077087e-08 7.2619338e-10]"
D:\Uni\Ulm\Master\Hiwi-Forschung-und-Lehre\FairFace\detected_faces\997011_face0.jpg,Black,Black,Male,20-29,"[5.6260824e-06 9.9995905e-01 2.1393698e-05 2.3835470e-08 1.1820073e-06
 9.4980896e-06 3.3025403e-06]",[2.5703555e-06 9.9999589e-01 8.4095427e-07 6.6615007e-07],[9.9999994e-01 6.1264778e-08],"[4.0124529e-08 1.0853091e-03 3.5240108e-01 6.1783326e-01 2.8386097e-02
 2.9174436e-04 2.3129885e-06 5.8131999e-08 1.6505098e-09]"
D:\Uni\Ulm\Master\Hiwi-Forschung-und-Lehre\FairFace\detected_faces\997012_face0.jpg,Black,Black,Male,20-29,"[3.6621138e-03 5.1371932e-01 3.1304535e-01 2.8840608e-05 1.1211041e-03
 1.1443357e-01 5.3989690e-02]",[7.9251919e-04 7.7434760e-01 7.2161650e-04 2.2413832e-01],[1.0000000e+00 3.1508446e-08],"[2.2935097e-08 4.4877479e-06 1.3491360e-02 9.0124053e-01 8.4252000e-02
 1.0078166e-03 3.7675507e-06 7.0480553e-08 9.1567676e-10]"
D:\Uni\Ulm\Master\Hiwi-Forschung-und-Lehre\FairFace\detected_faces\997016_face0.jpg,White,White,Male,20-29,"[8.7304032e-01 6.5515254e-05 2.4088454e-02 1.1327975e-04 1.5972812e-04
 1.7811717e-04 1.0235459e-01]",[9.7950023e-01 5.2982703e-04 1.6901864e-02 3.0680939e-03],[1.0000000e+00 3.6671242e-08],"[4.5469363e-07 5.2916994e-06 4.9773059e-03 6.0940623e-01 3.7154838e-01
 1.3825127e-02 2.3389544e-04 3.2699099e-06 1.9413985e-08]"
D:\Uni\Ulm\Master\Hiwi-Forschung-und-Lehre\FairFace\detected_faces\997025_face0.jpg,White,White,Male,10-19,"[7.7723342e-01 1.7676086e-04 2.1395817e-02 6.5536089e-02 5.6796886e-02
 1.1966745e-03 7.7664375e-02]",[0.8292305  0.00138422 0.14814812 0.02123709],[9.9994969e-01 5.0326627e-05],"[1.2461282e-06 2.9494937e-03 8.3461690e-01 1.5108211e-01 1.0394996e-02
 9.1698131e-04 3.3790748e-05 4.3838004e-06 1.1430760e-07]"
D:\Uni\Ulm\Master\Hiwi-Forschung-und-Lehre\FairFace\detected_faces\997027_face0.jpg,White,White,Male,20-29,"[9.9869543e-01 1.9765028e-05 4.9884821e-04 2.3544279e-05 1.6983340e-05
 1.1269533e-06 7.4428215e-04]",[9.9890757e-01 9.2374918e-04 1.6438037e-04 4.3644768e-06],[9.9998283e-01 1.7146996e-05],"[2.1054070e-07 5.5866042e-04 4.2311314e-01 5.7146072e-01 4.8289062e-03
 3.8200811e-05 1.7667310e-07 4.2236854e-09 2.4847285e-10]"
D:\Uni\Ulm\Master\Hiwi-Forschung-und-Lehre\FairFace\detected_faces\997033_face0.jpg,White,White,Male,20-29,"[9.7421771e-01 7.8479216e-06 5.4702670e-03 3.3888220e-05 3.3924356e-05
 4.5706733e-05 2.0190611e-02]",[9.9993545e-01 4.8261023e-05 4.9860973e-06 1.1342354e-05],[9.9999243e-01 7.6194915e-06],"[9.0867047e-07 1.8712076e-04 1.2267978e-02 8.4908825e-01 1.3767871e-01
 7.7588740e-04 1.2026838e-06 2.3567139e-08 6.6859157e-10]"
D:\Uni\Ulm\Master\Hiwi-Forschung-und-Lehre\FairFace\detected_faces\997035_face0.jpg,Black,Black,Male,20-29,"[6.2325074e-05 9.8529673e-01 2.6827839e-03 6.7853302e-06 3.4093525e-04
 1.1573307e-02 3.7196736e-05]",[2.5249660e-04 9.9425417e-01 1.8683337e-03 3.6249473e-03],[9.9999988e-01 1.1433143e-07],"[2.6346962e-08 1.5005804e-04 1.4563490e-01 8.3355987e-01 2.0508619e-02
 1.4594219e-04 4.7213226e-07 8.4044105e-09 1.7933152e-10]"
D:\Uni\Ulm\Master\Hiwi-Forschung-und-Lehre\FairFace\detected_faces\997087_face0.jpg,White,White,Male,20-29,"[9.9718654e-01 2.5574323e-05 5.4319587e-04 2.0710563e-06 7.9315423e-06
 3.2734611e-06 2.2313576e-03]",[9.9774909e-01 1.7023470e-03 9.1417780e-05 4.5709172e-04],[9.9999660e-01 3.4044963e-06],"[6.5164705e-09 2.8476582e-06 1.8297320e-02 9.3253577e-01 4.8481155e-02
 6.7855598e-04 4.2434654e-06 5.7106917e-08 1.3042876e-09]"
D:\Uni\Ulm\Master\Hiwi-Forschung-und-Lehre\FairFace\detected_faces\997092_face0.jpg,White,White,Male,20-29,"[8.3936715e-01 3.8812919e-05 1.8812671e-02 1.0193100e-02 4.2568715e-03
 2.2749680e-04 1.2710388e-01]",[0.9870139  0.00202399 0.0085347  0.00242745],[1.0000000e+00 4.4487155e-08],"[1.9055967e-07 4.4410102e-05 3.3461861e-02 9.2321146e-01 4.3133479e-02
 1.4839906e-04 2.8552373e-07 9.5755972e-09 1.0428537e-10]"
D:\Uni\Ulm\Master\Hiwi-Forschung-und-Lehre\FairFace\detected_faces\997094_face0.jpg,White,White,Male,20-29,"[8.6253124e-01 8.9704216e-04 8.5082769e-02 2.5884163e-05 8.7199580e-05
 3.5051079e-04 5.1025335e-02]",[9.9491453e-01 4.3590912e-03 4.1200840e-04 3.1434704e-04],[9.9999863e-01 1.4198217e-06],"[3.4046451e-08 5.7750663e-06 8.8917809e-03 7.9194403e-01 1.9519079e-01
 3.9457409e-03 2.1687791e-05 1.6423165e-07 1.6928484e-09]"
D:\Uni\Ulm\Master\Hiwi-Forschung-und-Lehre\FairFace\detected_faces\997100_face0.jpg,White,White,Male,20-29,"[6.3567477e-01 7.5414521e-04 2.7611654e-02 1.0762260e-03 1.6818515e-03
 1.1784627e-04 3.3308342e-01]",[9.8893839e-01 3.2732196e-04 9.9138757e-03 8.2044565e-04],[9.9999946e-01 5.5410487e-07],"[2.5540354e-08 3.5528934e-05 1.7125128e-01 8.1480032e-01 1.3821405e-02
 9.1121285e-05 3.4902015e-07 1.0485698e-08 1.4367463e-10]"
D:\Uni\Ulm\Master\Hiwi-Forschung-und-Lehre\FairFace\detected_faces\997101_face0.jpg,White,White,Male,20-29,"[9.4806075e-01 8.3276747e-05 2.8250830e-02 1.0996018e-04 3.0923882e-04
 2.4482116e-04 2.2941194e-02]",[9.9826539e-01 1.5497491e-04 9.9174702e-04 5.8783358e-04],[1.000000e+00 4.951179e-09],"[2.5944897e-07 3.8430197e-05 7.8377062e-03 8.1505376e-01 1.7428017e-01
 2.7795667e-03 9.9629769e-06 1.4170323e-07 1.4846052e-09]"
D:\Uni\Ulm\Master\Hiwi-Forschung-und-Lehre\FairFace\detected_faces\997103_face0.jpg,White,White,Male,30-39,"[9.8730063e-01 1.1869348e-05 3.4081009e-03 2.2692702e-06 5.9819931e-06
 3.7213358e-05 9.2340652e-03]",[9.9983871e-01 8.0043144e-05 1.8943521e-05 6.2344589e-05],[9.9995744e-01 4.2578875e-05],"[3.0077373e-08 1.3236714e-06 7.3718844e-04 2.9235327e-01 6.5310919e-01
 5.3437915e-02 3.5784880e-04 3.1513891e-06 4.1671331e-08]"
D:\Uni\Ulm\Master\Hiwi-Forschung-und-Lehre\FairFace\detected_faces\997104_face0.jpg,Black,Black,Male,30-39,"[1.7492994e-06 9.9994481e-01 3.3898730e-05 2.9449893e-08 3.3245436e-07
 1.7581458e-05 1.6385338e-06]",[6.6139131e-07 9.9998969e-01 2.2489201e-06 7.4432273e-06],[9.9990535e-01 9.4652067e-05],"[3.3554645e-06 3.3577326e-05 3.0066178e-03 1.5466543e-01 4.9435160e-01
 3.1809840e-01 2.8828595e-02 9.6022396e-04 5.2121788e-05]"
D:\Uni\Ulm\Master\Hiwi-Forschung-und-Lehre\FairFace\detected_faces\997111_face0.jpg,Latino_Hispanic,White,Male,20-29,"[0.3554537  0.00376692 0.4321249  0.00080365 0.00678059 0.14836065
 0.05270956]",[0.64417803 0.06148921 0.00968097 0.2846517 ],[9.9999994e-01 5.9798452e-08],"[1.1551466e-07 2.7304463e-04 2.5167620e-01 7.2037876e-01 2.7421106e-02
 2.5003668e-04 6.8155902e-07 1.7303265e-08 1.9607502e-10]"
D:\Uni\Ulm\Master\Hiwi-Forschung-und-Lehre\FairFace\detected_faces\997112_face0.jpg,Middle Eastern,Black,Male,20-29,"[3.6528707e-02 1.4672832e-02 2.5935325e-01 4.6274148e-05 5.0002034e-04
 5.5574933e-03 6.8334144e-01]",[0.21863462 0.6698891  0.05317589 0.05830031],[9.9999976e-01 2.5242909e-07],"[3.5238589e-08 5.1627401e-05 1.2875584e-01 8.5540175e-01 1.5715549e-02
 7.4989330e-05 1.5777906e-07 5.6101115e-09 7.7118652e-11]"
D:\Uni\Ulm\Master\Hiwi-Forschung-und-Lehre\FairFace\detected_faces\997113_face0.jpg,White,White,Male,20-29,"[9.8927534e-01 8.8962415e-06 1.6440632e-03 6.0226125e-07 2.0164061e-06
 2.0481300e-05 9.0486193e-03]",[9.9973470e-01 5.6857378e-05 2.4053255e-05 1.8439267e-04],[9.999995e-01 4.292539e-07],"[6.4225891e-09 6.4830698e-07 1.7788195e-03 7.5942636e-01 2.3443955e-01
 4.3427884e-03 1.1714668e-05 6.4341549e-08 6.1322269e-10]"
D:\Uni\Ulm\Master\Hiwi-Forschung-und-Lehre\FairFace\detected_faces\997114_face0.jpg,White,White,Male,20-29,"[9.9928206e-01 2.5757245e-07 4.0054802e-04 1.2656371e-05 1.5421017e-05
 7.1863647e-06 2.8192424e-04]",[9.9686873e-01 2.3102925e-06 2.9100711e-03 2.1883717e-04],[9.9999988e-01 1.1284402e-07],"[6.9571477e-08 2.7345257e-05 8.5589113e-03 7.5444198e-01 2.3248565e-01
 4.4784308e-03 7.5791527e-06 4.2594550e-08 7.7565676e-10]"
D:\Uni\Ulm\Master\Hiwi-Forschung-und-Lehre\FairFace\detected_faces\997118_face0.jpg,Black,Black,Male,30-39,"[1.8404122e-06 9.9994707e-01 4.5065644e-05 3.2800930e-08 5.5681107e-07
 3.3966642e-06 1.9925524e-06]",[1.1435849e-06 9.9998772e-01 5.4913999e-06 5.6087733e-06],[9.999999e-01 7.326257e-08],"[1.6977653e-07 3.4697475e-06 1.4772614e-03 4.3083143e-01 4.8787782e-01
 7.8034617e-02 1.7363970e-03 3.7477326e-05 1.3724026e-06]"
D:\Uni\Ulm\Master\Hiwi-Forschung-und-Lehre\FairFace\detected_faces\997124_face0.jpg,White,White,Male,20-29,"[9.0029109e-01 1.0739840e-04 4.9089477e-03 7.9535610e-05 8.9106456e-05
 3.2788972e-05 9.4491221e-02]",[9.9931163e-01 2.4425570e-04 4.0979608e-04 3.4335328e-05],[9.9999279e-01 7.2311536e-06],"[6.7079299e-08 6.9645008e-05 1.2671405e-01 8.4937346e-01 2.3528719e-02
 3.1227557e-04 1.7341051e-06 2.9355068e-08 8.1086637e-10]"
D:\Uni\Ulm\Master\Hiwi-Forschung-und-Lehre\FairFace\detected_faces\997126_face0.jpg,White,White,Male,20-29,"[9.9586600e-01 3.8834958e-07 6.7686971e-04 3.9240919e-07 1.4116356e-06
 2.4098696e-05 3.4308899e-03]",[9.9964970e-01 4.0585594e-05 5.2060819e-05 2.5772679e-04],[9.999999e-01 6.885904e-08],"[3.8119289e-08 6.2651983e-05 1.2941903e-01 8.3394778e-01 3.5661615e-02
 9.0696791e-04 1.9581341e-06 1.1227151e-08 1.2828864e-10]"
D:\Uni\Ulm\Master\Hiwi-Forschung-und-Lehre\FairFace\detected_faces\997127_face0.jpg,Middle Eastern,White,Male,10-19,"[1.0427029e-01 8.7399763e-05 7.1994051e-02 1.0761341e-04 2.8827888e-04
 6.1038071e-03 8.1714857e-01]",[0.9394536  0.00959167 0.01801602 0.0329387 ],[9.9999946e-01 5.2688927e-07],"[1.3139543e-06 4.6913833e-03 6.3507730e-01 3.5705733e-01 3.1420465e-03
 3.0599891e-05 5.7356960e-08 1.8444860e-09 2.3856127e-11]"
D:\Uni\Ulm\Master\Hiwi-Forschung-und-Lehre\FairFace\detected_faces\997130_face0.jpg,Middle Eastern,Indian,Male,20-29,"[1.3670390e-02 7.0542324e-04 1.3684161e-01 2.0887471e-06 4.6449753e-05
 4.8243687e-02 8.0049032e-01]",[0.04434148 0.00409548 0.00179661 0.94976646],[1.0000000e+00 1.5882758e-08],"[2.2057758e-07 8.0600649e-04 3.5006702e-01 6.2980407e-01 1.8997757e-02
 3.2403201e-04 8.7606628e-07 3.2224143e-08 2.0961355e-10]"
D:\Uni\Ulm\Master\Hiwi-Forschung-und-Lehre\FairFace\detected_faces\997136_face0.jpg,White,White,Male,20-29,"[9.9994397e-01 3.4998496e-07 1.2240702e-05 4.0631502e-07 8.9397622e-07
 4.4744038e-08 4.2128213e-05]",[9.9993664e-01 3.9713814e-05 2.1108526e-05 2.5063666e-06],[0.99779874 0.00220129],"[2.9008280e-07 2.3850337e-04 2.3563257e-01 7.1669841e-01 4.5624435e-02
 1.7937111e-03 1.1932830e-05 1.8713317e-07 8.4996383e-09]"
D:\Uni\Ulm\Master\Hiwi-Forschung-und-Lehre\FairFace\detected_faces\997138_face0.jpg,Black,Black,Male,20-29,"[1.3066850e-06 9.9985248e-01 2.5117439e-05 7.4897150e-07 1.7917409e-05
 1.0189043e-04 5.5339734e-07]",[1.0033310e-06 9.9984908e-01 1.7089958e-05 1.3278941e-04],[0.99845743 0.00154252],"[6.5526102e-08 9.7107863e-05 1.4793006e-01 8.0828649e-01 4.2862464e-02
 8.1393716e-04 9.7735810e-06 1.1874617e-07 8.8438057e-09]"
D:\Uni\Ulm\Master\Hiwi-Forschung-und-Lehre\FairFace\detected_faces\997143_face0.jpg,Black,Black,Male,20-29,"[1.00224234e-07 9.99998093e-01 1.26192356e-06 6.28445784e-09
 9.95051366e-08 3.63157881e-07 6.12157010e-08]",[5.3818692e-08 9.9999952e-01 1.9000674e-07 2.4934783e-07],[9.9999928e-01 7.6142584e-07],"[4.06296081e-08 2.67552841e-05 2.55629439e-02 8.47065270e-01
 1.23142116e-01 4.17086808e-03 3.15810976e-05 3.92543484e-07
 2.59886157e-08]"
D:\Uni\Ulm\Master\Hiwi-Forschung-und-Lehre\FairFace\detected_faces\997173_face0.jpg,Black,Black,Male,30-39,"[6.7782292e-07 9.9996150e-01 9.4991592e-06 5.8527093e-08 6.6849236e-07
 2.7488792e-05 1.2191313e-07]",[1.1414900e-06 9.9976432e-01 2.8498656e-05 2.0604825e-04],[9.9950904e-01 4.9091759e-04],"[5.72230583e-08 4.96052917e-06 1.48355891e-03 2.64838427e-01
 5.67826867e-01 1.58168241e-01 7.56233744e-03 1.11198155e-04
 4.31564786e-06]"
D:\Uni\Ulm\Master\Hiwi-Forschung-und-Lehre\FairFace\detected_faces\997175_face0.jpg,White,White,Male,10-19,"[8.2592887e-01 4.9842889e-05 8.1949765e-03 2.3851200e-04 3.8072723e-04
 2.1218930e-05 1.6518584e-01]",[9.9846268e-01 3.1274886e-04 1.1917275e-03 3.2819338e-05],[1.000000e+00 2.553608e-08],"[1.5955220e-07 4.1231734e-04 7.1001118e-01 2.8415728e-01 5.2785268e-03
 1.3963222e-04 9.4991725e-07 2.2273973e-08 2.2407454e-10]"
D:\Uni\Ulm\Master\Hiwi-Forschung-und-Lehre\FairFace\detected_faces\997178_face0.jpg,White,White,Male,10-19,"[9.9996722e-01 5.1110272e-09 2.6588239e-06 2.8599125e-09 2.2053205e-08
 3.1659429e-08 3.0126044e-05]",[9.9999934e-01 1.8207326e-07 2.1106244e-07 2.0741507e-07],[1.000000e+00 3.920014e-08],"[2.6977133e-07 4.9996185e-03 8.8782674e-01 1.0520225e-01 1.8983299e-03
 7.2520299e-05 1.8377290e-07 3.0630931e-09 7.1237800e-11]"
D:\Uni\Ulm\Master\Hiwi-Forschung-und-Lehre\FairFace\detected_faces\997179_face0.jpg,White,White,Male,20-29,"[8.7660682e-01 9.1105711e-04 7.1104541e-02 2.5523389e-03 5.9972070e-03
 3.6734692e-04 4.2460684e-02]",[0.937186   0.01376688 0.04721478 0.00183243],[9.9999082e-01 9.1911525e-06],"[5.24067971e-08 7.81352537e-06 1.03612719e-02 7.24258304e-01
 2.52904922e-01 1.22843515e-02 1.80202667e-04 3.05537969e-06
 5.32226387e-08]"
D:\Uni\Ulm\Master\Hiwi-Forschung-und-Lehre\FairFace\detected_faces\997183_face0.jpg,Black,Black,Male,20-29,"[3.6770524e-03 9.4406539e-01 5.0890610e-02 7.6653869e-06 1.2350085e-04
 9.9130717e-05 1.1366025e-03]",[1.3645334e-04 9.9968952e-01 8.5599997e-05 8.8438203e-05],[9.9983811e-01 1.6182313e-04],"[2.89777802e-08 1.04547275e-04 2.23394975e-01 7.51837373e-01
 2.44926717e-02 1.69610052e-04 7.01405838e-07 6.49369936e-09
 1.10570615e-10]"
D:\Uni\Ulm\Master\Hiwi-Forschung-und-Lehre\FairFace\detected_faces\997203_face0.jpg,White,White,Male,20-29,"[9.9549711e-01 1.4634885e-05 3.8955847e-03 1.9354144e-05 6.0615890e-05
 1.1158811e-05 5.0150050e-04]",[9.9770629e-01 1.9977198e-04 1.3111233e-03 7.8283792e-04],[9.9999726e-01 2.7188039e-06],"[8.8004670e-09 2.4933611e-06 2.6919007e-02 9.2001563e-01 5.1830739e-02
 1.2139676e-03 1.7897915e-05 2.6686794e-07 4.0911612e-09]"
D:\Uni\Ulm\Master\Hiwi-Forschung-und-Lehre\FairFace\detected_faces\997206_face0.jpg,Middle Eastern,Black,Male,20-29,"[3.0730313e-03 1.2065284e-02 7.1751796e-02 1.0218047e-05 1.0907525e-04
 6.0876384e-03 9.0690297e-01]",[0.09273626 0.460115   0.01190661 0.4352422 ],[9.9999326e-01 6.8093163e-06],"[2.5669395e-05 3.9701476e-03 8.6688101e-02 6.2440979e-01 2.6168621e-01
 2.2756387e-02 4.5236357e-04 1.1180570e-05 1.5064585e-07]"
D:\Uni\Ulm\Master\Hiwi-Forschung-und-Lehre\FairFace\detected_faces\997215_face0.jpg,Middle Eastern,White,Male,20-29,"[4.1866757e-02 7.6847893e-05 6.2021051e-02 1.2689899e-04 2.0629648e-04
 7.9936534e-04 8.9490277e-01]",[0.78805435 0.1175371  0.05713516 0.03727335],[9.9999899e-01 1.0145338e-06],"[1.8791602e-07 1.3826550e-04 8.2221620e-02 8.7822503e-01 3.9145757e-02
 2.6861663e-04 5.6351297e-07 1.7502801e-08 2.5815514e-10]"
D:\Uni\Ulm\Master\Hiwi-Forschung-und-Lehre\FairFace\detected_faces\997221_face0.jpg,White,White,Male,20-29,"[9.8369920e-01 2.3238142e-06 4.3791630e-03 1.8833394e-05 1.7529923e-05
 9.5211544e-05 1.1787771e-02]",[9.7899169e-01 2.9399601e-04 1.6513907e-03 1.9062972e-02],[1.0000000e+00 1.2636757e-08],"[7.40850670e-09 4.39473797e-06 6.42060637e-02 9.14839566e-01
 2.08436679e-02 1.06102765e-04 1.77732801e-07 1.69710113e-09
 1.21128567e-11]"
D:\Uni\Ulm\Master\Hiwi-Forschung-und-Lehre\FairFace\detected_faces\997244_face0.jpg,White,White,Male,30-39,"[6.5137917e-01 1.7262246e-03 1.6064434e-01 1.2576535e-04 5.7387690e-04
 2.0352183e-03 1.8351544e-01]",[0.9048963  0.04986357 0.01838762 0.02685245],[9.9999827e-01 1.7160675e-06],"[1.2852065e-07 6.0788348e-06 4.2962705e-04 3.3020246e-01 6.5215731e-01
 1.7167872e-02 3.6245761e-05 2.5353197e-07 2.3945141e-09]"
D:\Uni\Ulm\Master\Hiwi-Forschung-und-Lehre\FairFace\detected_faces\997279_face0.jpg,White,White,Male,20-29,"[0.57224387 0.00065696 0.11770377 0.00175103 0.00349513 0.00086743
 0.3032818 ]",[0.86530447 0.08539149 0.04158831 0.00771572],[9.999943e-01 5.706069e-06],"[9.1456923e-07 8.0832565e-04 1.3493115e-01 8.2891226e-01 3.5047866e-02
 2.9786309e-04 1.5770790e-06 5.3395389e-08 1.1618653e-09]"
D:\Uni\Ulm\Master\Hiwi-Forschung-und-Lehre\FairFace\detected_faces\997280_face0.jpg,White,White,Male,20-29,"[9.6160400e-01 1.0323146e-04 9.5199132e-03 2.9416376e-05 5.8599002e-05
 2.4619987e-04 2.8438699e-02]",[9.9955195e-01 2.6815356e-04 5.4442331e-05 1.2545192e-04],[9.9999952e-01 4.3817144e-07],"[1.0682412e-07 6.5765003e-06 1.8045277e-03 7.7073300e-01 2.2573160e-01
 1.7200581e-03 4.0893638e-06 4.2996557e-08 8.3791496e-10]"
D:\Uni\Ulm\Master\Hiwi-Forschung-und-Lehre\FairFace\detected_faces\997383_face0.jpg,Middle Eastern,White,Male,10-19,"[2.74804771e-01 1.00644414e-04 2.53577763e-03 1.00225196e-04
 2.89376097e-04 2.65819417e-05 7.22142696e-01]",[9.9309140e-01 3.2383427e-03 2.9132860e-03 7.5706001e-04],[9.9997824e-01 2.1742699e-05],"[3.6349526e-08 1.9439090e-04 5.5371374e-01 4.3517190e-01 1.0675445e-02
 2.4282424e-04 1.5955313e-06 5.9766379e-08 1.1640438e-09]"
D:\Uni\Ulm\Master\Hiwi-Forschung-und-Lehre\FairFace\detected_faces\997420_face0.jpg,Black,Black,Male,20-29,"[1.6581416e-05 9.9974674e-01 1.8852357e-04 3.6461326e-08 9.1589095e-07
 1.5524965e-05 3.1765619e-05]",[1.4988874e-06 9.9999791e-01 3.3682227e-07 2.9811918e-07],[9.9999988e-01 9.2139665e-08],"[1.2486885e-07 1.0784732e-03 1.9781077e-01 7.8104889e-01 1.9924201e-02
 1.3730592e-04 2.7326223e-07 3.5777585e-09 1.1891031e-10]"
D:\Uni\Ulm\Master\Hiwi-Forschung-und-Lehre\FairFace\detected_faces\997481_face0.jpg,Middle Eastern,White,Male,20-29,"[4.4798039e-02 1.1000561e-03 4.4743367e-02 5.7147783e-05 3.5248604e-04
 5.8232755e-03 9.0312564e-01]",[9.8428482e-01 1.1475167e-02 9.4925601e-04 3.2907978e-03],[9.9993163e-01 6.8369482e-05],"[1.8770370e-05 2.0064674e-03 3.8804311e-02 6.6386503e-01 2.8584105e-01
 9.4048949e-03 5.7625162e-05 1.7954353e-06 3.8063742e-08]"
D:\Uni\Ulm\Master\Hiwi-Forschung-und-Lehre\FairFace\detected_faces\997522_face0.jpg,Middle Eastern,White,Male,20-29,"[3.1120598e-01 2.6008998e-05 9.4223563e-03 4.6052672e-05 5.7066358e-05
 3.4387813e-05 6.7920822e-01]",[9.9780810e-01 5.3177650e-05 2.1217118e-03 1.7094124e-05],[9.999993e-01 7.063950e-07],"[2.0228566e-07 5.0689625e-05 4.4470523e-02 8.0861557e-01 1.4365262e-01
 3.1955389e-03 1.4652422e-05 1.8317002e-07 1.4645664e-09]"
D:\Uni\Ulm\Master\Hiwi-Forschung-und-Lehre\FairFace\detected_faces\997523_face0.jpg,Latino_Hispanic,White,Male,20-29,"[2.5344151e-01 6.8491967e-03 6.0997343e-01 7.9645150e-05 4.0125626e-04
 1.9331913e-02 1.0992304e-01]",[0.6889758  0.07621495 0.00397412 0.23083518],[9.9999851e-01 1.4914326e-06],"[1.35447351e-07 9.34142099e-06 1.66297192e-03 6.09386563e-01
 3.82868677e-01 6.06025429e-03 1.19744445e-05 1.32005979e-07
 1.51565993e-09]"
D:\Uni\Ulm\Master\Hiwi-Forschung-und-Lehre\FairFace\detected_faces\997540_face0.jpg,Middle Eastern,White,Male,20-29,"[1.7577037e-01 1.1658513e-03 1.6530750e-02 5.0355256e-06 4.4248907e-05
 1.0541053e-04 8.0637830e-01]",[0.9730744  0.01847483 0.00527031 0.00318051],[9.9999964e-01 3.7447646e-07],"[3.4440890e-07 3.5977759e-05 5.6816163e-03 5.5630308e-01 4.2232367e-01
 1.5546056e-02 1.0816414e-04 1.0760341e-06 1.3347523e-08]"
D:\Uni\Ulm\Master\Hiwi-Forschung-und-Lehre\FairFace\detected_faces\997615_face0.jpg,Latino_Hispanic,White,Male,20-29,"[2.0090899e-01 1.2684290e-03 6.2337983e-01 4.8415372e-04 1.9265742e-03
 2.8645254e-03 1.6916753e-01]",[0.5033759  0.09252877 0.23123598 0.17285939],[9.9999952e-01 5.1144985e-07],"[1.5957214e-06 8.4696378e-04 2.1589124e-01 7.3609465e-01 4.6411127e-02
 7.5082714e-04 3.4546410e-06 9.0206889e-08 1.2009663e-09]"
D:\Uni\Ulm\Master\Hiwi-Forschung-und-Lehre\FairFace\detected_faces\997830_face0.jpg,White,White,Male,20-29,"[9.9337119e-01 4.1831895e-06 1.3278738e-04 4.0989980e-07 2.6107532e-06
 4.1706053e-06 6.4847879e-03]",[9.9869382e-01 3.7770392e-04 1.0981050e-04 8.1869063e-04],[9.9999982e-01 1.7583248e-07],"[7.3573325e-09 5.6082320e-07 1.1739540e-03 8.2770962e-01 1.6963562e-01
 1.4764870e-03 3.7100442e-06 4.1100527e-08 7.7039319e-10]"
D:\Uni\Ulm\Master\Hiwi-Forschung-und-Lehre\FairFace\detected_faces\997835_face0.jpg,Black,Black,Male,20-29,"[2.0050296e-08 9.9999899e-01 4.9114880e-07 1.9644250e-10 6.1699148e-09
 5.2414822e-07 2.5829820e-08]",[1.4740239e-07 9.9999964e-01 1.3365027e-07 1.3774091e-07],[9.9999982e-01 1.7180903e-07],"[7.1838691e-10 2.3649652e-07 2.8370027e-03 8.1321758e-01 1.8089452e-01
 3.0364436e-03 1.4094413e-05 1.0155557e-07 2.5417224e-09]"
D:\Uni\Ulm\Master\Hiwi-Forschung-und-Lehre\FairFace\detected_faces\998018_face0.jpg,White,White,Male,20-29,"[9.9878556e-01 6.6273806e-06 3.1801290e-04 6.8579134e-06 1.9840167e-05
 7.3956958e-06 8.5577602e-04]",[9.9969774e-01 1.9277330e-04 9.6951437e-05 1.2444887e-05],[9.999620e-01 3.806122e-05],"[1.51904055e-06 1.61180054e-04 5.65795526e-02 8.29275310e-01
 1.09686114e-01 4.23554657e-03 5.94109442e-05 1.25672420e-06
 6.76356464e-08]"
D:\Uni\Ulm\Master\Hiwi-Forschung-und-Lehre\FairFace\detected_faces\998019_face0.jpg,Black,Black,Male,20-29,"[6.8981171e-04 9.9017763e-01 3.3071158e-03 3.7848679e-04 2.0072355e-03
 2.5890931e-03 8.5058808e-04]",[1.4061709e-04 9.9893236e-01 8.4288325e-04 8.4125670e-05],[9.9989486e-01 1.0517141e-04],"[4.5725216e-08 2.3658313e-06 3.0201180e-03 5.8275014e-01 3.9245182e-01
 2.1155071e-02 6.0722441e-04 1.2885417e-05 3.4660692e-07]"
D:\Uni\Ulm\Master\Hiwi-Forschung-und-Lehre\FairFace\detected_faces\998247_face0.jpg,White,White,Male,20-29,"[9.9916357e-01 2.0325485e-06 5.8750494e-04 4.2682711e-07 1.1705858e-06
 1.5887822e-06 2.4378000e-04]",[9.9995691e-01 5.5780520e-06 3.3913732e-06 3.4159617e-05],[9.996192e-01 3.807911e-04],"[2.2792348e-09 9.1464057e-07 4.4066552e-02 9.2792630e-01 2.6984982e-02
 1.0025920e-03 1.8167955e-05 4.5969506e-07 1.0099716e-08]"
D:\Uni\Ulm\Master\Hiwi-Forschung-und-Lehre\FairFace\detected_faces\998351_face0.jpg,White,White,Male,10-19,"[6.4866441e-01 1.0123163e-03 1.3674407e-01 1.3531361e-05 4.2104242e-05
 2.9807418e-04 2.1322548e-01]",[9.9964333e-01 1.7222002e-04 3.4320274e-05 1.5014563e-04],[0.995361   0.00463901],"[4.5854485e-08 6.9420750e-04 7.6416481e-01 2.3374254e-01 1.3925682e-03
 5.8029250e-06 9.8156843e-09 4.6085483e-10 9.1704457e-12]"
D:\Uni\Ulm\Master\Hiwi-Forschung-und-Lehre\FairFace\detected_faces\998357_face0.jpg,Black,Black,Male,30-39,"[7.9691574e-07 9.9999112e-01 5.7448206e-06 2.3989655e-09 7.7834081e-08
 1.8558902e-06 4.4369386e-07]",[2.8660347e-07 9.9999928e-01 1.0852306e-07 3.2817135e-07],[9.9999976e-01 2.7146757e-07],"[2.20984919e-08 1.60188677e-06 1.85101561e-03 4.08137083e-01
 5.35530150e-01 5.34265377e-02 1.04095088e-03 1.22389765e-05
 3.63961362e-07]"
D:\Uni\Ulm\Master\Hiwi-Forschung-und-Lehre\FairFace\detected_faces\998449_face0.jpg,White,White,Male,20-29,"[9.9160910e-01 7.3427336e-06 2.9963553e-03 1.8061631e-04 7.1356924e-05
 2.5837460e-05 5.1094368e-03]",[9.9635065e-01 2.9692781e-04 3.0236852e-03 3.2875250e-04],[9.9999988e-01 8.9232714e-08],"[6.7107379e-08 4.7440069e-05 2.5519028e-01 7.2892028e-01 1.5713291e-02
 1.2802824e-04 5.5886488e-07 2.0142391e-08 3.1105468e-10]"
D:\Uni\Ulm\Master\Hiwi-Forschung-und-Lehre\FairFace\detected_faces\998523_face0.jpg,Indian,Black,Male,20-29,"[8.8049136e-03 1.5425922e-01 2.6684201e-01 2.0406831e-05 7.1724452e-04
 4.7686270e-01 9.2493452e-02]",[5.1168832e-03 7.0288473e-01 6.0560362e-04 2.9139277e-01],[9.9999857e-01 1.3781861e-06],"[3.08908348e-08 1.07293396e-04 1.47085875e-01 8.35957646e-01
 1.67439468e-02 1.04745799e-04 3.91736421e-07 1.03510231e-08
 1.45675624e-10]"
D:\Uni\Ulm\Master\Hiwi-Forschung-und-Lehre\FairFace\detected_faces\998524_face0.jpg,White,White,Male,20-29,"[9.9904394e-01 1.0675243e-06 3.3400583e-04 1.3393413e-06 2.0467783e-06
 2.2686038e-06 6.1529974e-04]",[9.9998283e-01 3.4484722e-06 2.1777937e-06 1.1536622e-05],[9.9999589e-01 4.0985533e-06],"[5.0271689e-09 3.0693245e-05 4.1047201e-01 5.8820003e-01 1.2891808e-03
 7.9825850e-06 2.8895832e-08 6.7859718e-10 1.8876707e-11]"
D:\Uni\Ulm\Master\Hiwi-Forschung-und-Lehre\FairFace\detected_faces\998532_face0.jpg,Middle Eastern,White,Male,20-29,"[3.1139660e-01 5.7205496e-05 1.7338360e-02 1.5425206e-03 1.2343961e-03
 1.2083546e-03 6.6722250e-01]",[9.7421408e-01 3.5578641e-04 2.0025315e-02 5.4048942e-03],[0.92447925 0.07552076],"[2.6612628e-07 8.2698913e-05 1.0968340e-01 7.3578537e-01 1.4198172e-01
 1.1963929e-02 4.7685875e-04 2.4554363e-05 1.1423414e-06]"
D:\Uni\Ulm\Master\Hiwi-Forschung-und-Lehre\FairFace\detected_faces\998535_face0.jpg,White,White,Male,20-29,"[7.8240526e-01 1.3954629e-03 7.7425659e-02 1.6817250e-04 3.4699292e-04
 1.9066576e-03 1.3635185e-01]",[0.97683764 0.00772049 0.00278876 0.01265307],[9.9999952e-01 5.0747724e-07],"[8.8052673e-08 5.2098163e-05 8.0813438e-02 8.9284182e-01 2.6139010e-02
 1.5318210e-04 3.6832495e-07 1.2508419e-08 1.8381695e-10]"
D:\Uni\Ulm\Master\Hiwi-Forschung-und-Lehre\FairFace\detected_faces\998748_face0.jpg,White,White,Male,20-29,"[5.79712510e-01 9.44839994e-05 4.25734967e-02 1.16113784e-04
 4.75406065e-04 4.22132574e-03 3.72806638e-01]",[0.91680336 0.00151828 0.00120057 0.08047773],[9.9999893e-01 1.0727149e-06],"[6.3096337e-08 4.5879122e-05 6.8917587e-02 8.8929933e-01 4.1189115e-02
 5.4542493e-04 2.6101588e-06 5.7402325e-08 9.5476727e-10]"
D:\Uni\Ulm\Master\Hiwi-Forschung-und-Lehre\FairFace\detected_faces\998751_face0.jpg,Middle Eastern,Indian,Male,20-29,"[3.75513695e-02 1.32805295e-02 1.58252329e-01 3.06246329e-05
 2.60916888e-04 6.44995412e-03 7.84174263e-01]",[0.21743134 0.06669348 0.0040713  0.7118039 ],[9.9999863e-01 1.4342502e-06],"[1.2117717e-07 6.5877512e-06 8.0673220e-03 8.4405130e-01 1.4605285e-01
 1.8140943e-03 7.5526882e-06 1.6227968e-07 2.3777798e-09]"
D:\Uni\Ulm\Master\Hiwi-Forschung-und-Lehre\FairFace\detected_faces\998763_face0.jpg,White,White,Male,20-29,"[9.5856506e-01 4.5011453e-07 3.7126229e-03 1.7232442e-05 2.5672187e-05
 2.4668550e-05 3.7654273e-02]",[9.9984682e-01 1.0698194e-05 8.9015834e-05 5.3439049e-05],[9.999902e-01 9.757290e-06],"[4.4802149e-09 3.0357517e-06 3.1914186e-02 9.4092989e-01 2.7031232e-02
 1.2154669e-04 1.2342866e-07 1.2598677e-09 1.5668139e-11]"
D:\Uni\Ulm\Master\Hiwi-Forschung-und-Lehre\FairFace\detected_faces\998770_face0.jpg,Middle Eastern,White,Male,20-29,"[1.4954844e-01 1.8955201e-04 1.1738144e-02 3.6206807e-06 2.6314099e-05
 1.6830775e-03 8.3681083e-01]",[9.3814296e-01 8.3143041e-03 4.6074216e-04 5.3081993e-02],[9.9999958e-01 3.7272486e-07],"[8.5295540e-08 3.7567192e-05 1.5948610e-02 8.8233596e-01 1.0039520e-01
 1.2793950e-03 3.1019606e-06 5.1946650e-08 8.5229662e-10]"
D:\Uni\Ulm\Master\Hiwi-Forschung-und-Lehre\FairFace\detected_faces\998772_face0.jpg,Black,Black,Male,20-29,"[1.3492213e-03 9.0512115e-01 8.1363462e-02 2.9311173e-05 1.4495145e-03
 5.4788305e-03 5.2086101e-03]",[2.6829125e-04 9.8290807e-01 8.1814959e-04 1.6005501e-02],[9.9998039e-01 1.9549727e-05],"[2.0684315e-07 2.7581391e-05 3.3206835e-02 8.8026476e-01 8.5162774e-02
 1.3293222e-03 8.3692639e-06 1.5282875e-07 4.4107984e-09]"
D:\Uni\Ulm\Master\Hiwi-Forschung-und-Lehre\FairFace\detected_faces\998832_face0.jpg,Black,Black,Male,20-29,"[1.6887347e-03 8.1785721e-01 1.1024950e-01 2.0921661e-04 3.9758016e-03
 1.2869114e-02 5.3150449e-02]",[0.00141272 0.98592556 0.00391129 0.00875031],[9.9999976e-01 2.8464595e-07],"[1.0901861e-07 1.0474810e-05 1.9539855e-02 8.7376261e-01 1.0365671e-01
 2.9971502e-03 3.2199350e-05 9.2825655e-07 2.5890786e-08]"
D:\Uni\Ulm\Master\Hiwi-Forschung-und-Lehre\FairFace\detected_faces\998835_face0.jpg,Black,Black,Male,20-29,"[8.52773610e-06 9.99942064e-01 4.39458454e-05 1.48893236e-08
 3.61259879e-07 9.17878140e-07 4.17102274e-06]",[4.1060466e-06 9.9999344e-01 7.1164243e-07 1.7925931e-06],[9.999954e-01 4.589980e-06],"[1.7900669e-06 1.9607178e-03 1.3860703e-01 7.5179762e-01 1.0457687e-01
 3.0327039e-03 2.2649800e-05 5.6356942e-07 3.4656310e-08]"
D:\Uni\Ulm\Master\Hiwi-Forschung-und-Lehre\FairFace\detected_faces\998841_face0.jpg,White,White,Male,10-19,"[9.9939913e-01 1.0708206e-05 3.6613268e-04 2.2791881e-05 5.2207524e-05
 3.2064397e-06 1.4585990e-04]",[9.9924952e-01 4.7909745e-04 2.4785192e-04 2.3450752e-05],[0.9953506  0.00464944],"[5.8053079e-06 6.4534945e-03 6.0917664e-01 2.9541570e-01 6.2978148e-02
 2.4263307e-02 1.5487608e-03 1.4802036e-04 1.0091792e-05]"
D:\Uni\Ulm\Master\Hiwi-Forschung-und-Lehre\FairFace\detected_faces\998870_face0.jpg,White,White,Male,20-29,"[4.9401590e-01 1.7645407e-03 4.7966647e-01 4.7942311e-05 2.0875975e-04
 3.2731595e-03 2.1023216e-02]",[9.9717987e-01 4.1439943e-04 1.6610174e-04 2.2396767e-03],[9.9999952e-01 4.2689902e-07],"[4.5213952e-07 1.8990924e-05 1.3209393e-02 4.9153110e-01 4.5606562e-01
 3.8389124e-02 7.7701156e-04 8.2860633e-06 5.0290879e-08]"
D:\Uni\Ulm\Master\Hiwi-Forschung-und-Lehre\FairFace\detected_faces\998922_face0.jpg,Black,Black,Male,20-29,"[5.8948435e-03 7.1672207e-01 2.1201096e-01 9.0988149e-05 2.2813063e-03
 2.2752903e-02 4.0246908e-02]",[1.4067003e-04 9.9933475e-01 9.5291864e-05 4.2918665e-04],[9.9987608e-01 1.2394885e-04],"[4.6470072e-06 1.8398646e-03 2.3231219e-01 7.0894575e-01 5.5291675e-02
 1.5879545e-03 1.7272181e-05 6.5865413e-07 2.2976419e-08]"
D:\Uni\Ulm\Master\Hiwi-Forschung-und-Lehre\FairFace\detected_faces\998924_face0.jpg,White,White,Male,10-19,"[9.95205164e-01 3.57402860e-05 1.79420004e-03 1.03459766e-04
 6.49530994e-05 1.93195137e-06 2.79445713e-03]",[9.9544567e-01 1.7842966e-03 2.6956534e-03 7.4392316e-05],[9.999575e-01 4.250149e-05],"[1.8823205e-07 4.2520199e-04 8.3941174e-01 1.5742198e-01 2.5538183e-03
 1.8103649e-04 5.8166333e-06 2.5726897e-07 7.7870519e-09]"
D:\Uni\Ulm\Master\Hiwi-Forschung-und-Lehre\FairFace\detected_faces\998928_face0.jpg,White,White,Male,20-29,"[6.9888902e-01 4.9045100e-04 1.0003075e-01 6.9769804e-04 1.5273639e-03
 6.9295149e-04 1.9767176e-01]",[9.3420929e-01 2.5806695e-03 6.2361889e-02 8.4820337e-04],[9.9999535e-01 4.6583436e-06],"[1.1757618e-06 1.5320000e-04 4.5549151e-02 8.3376557e-01 1.1883317e-01
 1.6853411e-03 1.2025188e-05 3.6257740e-07 5.6051470e-09]"
D:\Uni\Ulm\Master\Hiwi-Forschung-und-Lehre\FairFace\detected_faces\998933_face0.jpg,White,White,Male,20-29,"[9.9589843e-01 1.0537900e-05 7.2759780e-04 9.5629739e-06 1.9349918e-05
 4.1009639e-06 3.3304843e-03]",[9.9942535e-01 2.7676407e-04 2.4388623e-04 5.3916214e-05],[9.9999815e-01 1.8377383e-06],"[1.4130609e-07 4.1454205e-05 3.0893251e-02 7.7309370e-01 1.8214478e-01
 1.3578979e-02 2.4355708e-04 4.0433565e-06 8.6200288e-08]"
D:\Uni\Ulm\Master\Hiwi-Forschung-und-Lehre\FairFace\detected_faces\998934_face0.jpg,White,White,Male,20-29,"[9.9862236e-01 2.9387934e-06 8.5285086e-05 1.8073556e-06 4.1665230e-06
 1.8363130e-06 1.2815419e-03]",[9.9975258e-01 1.7680203e-04 6.1668121e-05 8.9244131e-06],[9.998335e-01 1.664607e-04],"[1.8925687e-06 6.3682426e-05 1.7587304e-02 6.3213265e-01 3.2260415e-01
 2.7290039e-02 3.1567190e-04 4.3161613e-06 2.2231333e-07]"
D:\Uni\Ulm\Master\Hiwi-Forschung-und-Lehre\FairFace\detected_faces\998943_face0.jpg,White,White,Male,20-29,"[9.97917354e-01 1.65538768e-06 1.37981653e-04 1.43857993e-04
 1.17885655e-04 9.17038392e-07 1.68023596e-03]",[9.9934775e-01 5.4745738e-05 5.8999920e-04 7.5237099e-06],[9.999965e-01 3.554735e-06],"[4.7581361e-07 1.6279500e-04 2.4831568e-01 6.7377484e-01 6.9693208e-02
 7.7127246e-03 3.3195468e-04 8.1727458e-06 1.2042746e-07]"
D:\Uni\Ulm\Master\Hiwi-Forschung-und-Lehre\FairFace\detected_faces\998946_face0.jpg,Black,Black,Male,20-29,"[5.0062866e-08 9.9999875e-01 2.9686976e-07 2.4820790e-11 5.6558458e-10
 4.2808779e-07 4.1873884e-07]",[1.16692235e-07 9.99999344e-01 2.90054967e-08 5.73183115e-07],[1.00000e+00 4.68358e-09],"[2.1189079e-08 2.0767764e-05 5.2292650e-03 6.1764574e-01 3.6603475e-01
 1.1047668e-02 2.1680749e-05 1.3524892e-07 3.0177867e-09]"
D:\Uni\Ulm\Master\Hiwi-Forschung-und-Lehre\FairFace\detected_faces\998950_face0.jpg,White,White,Male,20-29,"[4.46316719e-01 1.13089925e-04 3.14006656e-01 1.65724443e-04
 3.24417691e-04 6.00189948e-03 2.33071536e-01]",[0.9898965  0.00498103 0.00174285 0.00337966],[9.9999994e-01 5.8676470e-08],"[1.5804994e-06 1.3996757e-04 2.1118078e-02 7.6600152e-01 2.0588391e-01
 6.8148109e-03 3.9110528e-05 1.0483801e-06 8.6818650e-09]"
D:\Uni\Ulm\Master\Hiwi-Forschung-und-Lehre\FairFace\detected_faces\998951_face0.jpg,Black,Black,Male,20-29,"[1.9867528e-07 9.9999589e-01 3.0725355e-06 1.6730365e-08 1.4093749e-07
 3.9139718e-07 2.9003274e-07]",[2.4729977e-07 9.9999666e-01 2.5768081e-06 5.4579618e-07],[9.998976e-01 1.024582e-04],"[4.5574527e-07 2.2927526e-04 3.9674465e-02 7.1910203e-01 2.1933348e-01
 2.1261442e-02 3.9274947e-04 5.6951726e-06 3.7255384e-07]"
D:\Uni\Ulm\Master\Hiwi-Forschung-und-Lehre\FairFace\detected_faces\999192_face0.jpg,White,White,Male,20-29,"[9.6081555e-01 7.3358788e-06 3.0460751e-02 1.8965740e-04 5.2712898e-04
 5.3105072e-05 7.9464726e-03]",[9.9983460e-01 1.8963097e-05 1.4211057e-04 4.2991282e-06],[1.0000000e+00 3.2635867e-08],"[9.0030699e-07 1.6869915e-03 3.2511061e-01 6.1964959e-01 5.2253842e-02
 1.2905118e-03 7.4074610e-06 1.0757650e-07 1.1760848e-09]"
D:\Uni\Ulm\Master\Hiwi-Forschung-und-Lehre\FairFace\detected_faces\999231_face0.jpg,White,White,Male,20-29,"[9.9970651e-01 2.9505541e-08 1.1401304e-05 4.9289281e-07 6.2075424e-07
 3.6306108e-08 2.8090458e-04]",[9.9995226e-01 3.7661846e-06 4.3028846e-05 9.2640965e-07],[9.999781e-01 2.185129e-05],"[8.6030866e-08 8.7426552e-06 1.8325990e-02 8.4503263e-01 1.3354799e-01
 3.0726625e-03 1.1816319e-05 1.0330924e-07 1.6773989e-09]"
D:\Uni\Ulm\Master\Hiwi-Forschung-und-Lehre\FairFace\detected_faces\999271_face0.jpg,White,White,Male,20-29,"[9.9610978e-01 5.7256289e-06 3.9168933e-04 5.1381920e-07 1.4914211e-06
 1.5313703e-06 3.4892501e-03]",[9.9998486e-01 9.9377294e-06 7.1578086e-07 4.4696831e-06],[9.9999738e-01 2.6643397e-06],"[2.0762668e-08 8.5537125e-05 4.3145102e-01 5.6429434e-01 4.0930123e-03
 7.5660137e-05 3.6840186e-07 1.1808380e-08 2.7180816e-10]"
D:\Uni\Ulm\Master\Hiwi-Forschung-und-Lehre\FairFace\detected_faces\999580_face0.jpg,White,White,Male,20-29,"[9.8781186e-01 1.0666123e-05 3.7532665e-03 4.4851264e-04 5.8605109e-04
 3.1089530e-05 7.3584341e-03]",[9.9851644e-01 5.1381263e-05 1.3593015e-03 7.2944116e-05],[9.9999964e-01 3.2460972e-07],"[5.5372647e-07 2.2342103e-05 3.4799196e-03 7.8705698e-01 2.0745318e-01
 1.9767296e-03 1.0105822e-05 1.8303599e-07 4.8974842e-09]"
D:\Uni\Ulm\Master\Hiwi-Forschung-und-Lehre\FairFace\detected_faces\999583_face0.jpg,Latino_Hispanic,Asian,Male,20-29,"[0.02654098 0.00264092 0.5087543  0.034992   0.4175863  0.00755528
 0.00193022]",[0.01463704 0.02358077 0.93451935 0.02726284],[9.9999678e-01 3.2590196e-06],"[6.8793793e-07 9.2732394e-04 2.2470053e-01 7.3408377e-01 3.9307766e-02
 9.7168231e-04 8.0987693e-06 1.3154730e-07 2.2821580e-09]"
D:\Uni\Ulm\Master\Hiwi-Forschung-und-Lehre\FairFace\detected_faces\999597_face0.jpg,Latino_Hispanic,White,Male,20-29,"[0.17127357 0.00061141 0.45719627 0.01514115 0.02526214 0.00480684
 0.32570863]",[0.77570266 0.00745752 0.15921508 0.05762473],[9.9998415e-01 1.5805124e-05],"[1.1236919e-07 2.0747755e-04 2.3589788e-01 7.4493122e-01 1.8775113e-02
 1.8761093e-04 6.8342553e-07 2.3820759e-08 4.8804594e-10]"
D:\Uni\Ulm\Master\Hiwi-Forschung-und-Lehre\FairFace\detected_faces\999810_face0.jpg,Black,Black,Male,20-29,"[1.8272561e-03 5.9876436e-01 5.7391979e-02 7.7677223e-06 2.1012689e-04
 3.3664919e-02 3.0813354e-01]",[3.2252748e-04 9.9069655e-01 3.8750234e-04 8.5934335e-03],[9.999920e-01 7.966137e-06],"[1.4672784e-07 8.7659664e-06 1.8919194e-03 5.4466522e-01 4.4010282e-01
 1.3273181e-02 5.7254249e-05 7.0023577e-07 1.6783709e-08]"
