face_name_align,race,race4,gender,age,race_scores_fair,race_scores_fair_4,gender_scores_fair,age_scores_fair
D:\Uni\Ulm\Master\Hiwi-Forschung-und-Lehre\FairFace\detected_faces\850823_face0.jpg,Latino_Hispanic,Black,Male,30-39,"[3.9894155e-01 3.2180000e-02 4.7517106e-01 4.6482275e-04 1.8997599e-03
 8.4909331e-03 8.2851738e-02]",[0.16399384 0.6378098  0.00871997 0.18947634],[9.999997e-01 2.830496e-07],"[1.4034593e-07 6.9576026e-07 5.5142335e-04 3.4622154e-01 5.9875280e-01
 5.3126488e-02 1.3307815e-03 1.5911402e-05 1.6949029e-07]"
D:\Uni\Ulm\Master\Hiwi-Forschung-und-Lehre\FairFace\detected_faces\850891_face0.jpg,White,White,Male,20-29,"[9.8449194e-01 1.3881746e-05 1.3088869e-02 3.7693906e-05 1.2938560e-04
 7.3564413e-05 2.1646058e-03]",[9.9905175e-01 8.1061247e-05 5.1376823e-04 3.5340915e-04],[1.0000000e+00 7.9336475e-09],"[1.17583845e-07 1.49639927e-05 3.09075452e-02 7.15636671e-01
 2.35260203e-01 1.77973658e-02 3.78534431e-04 4.67706604e-06
 4.02911731e-08]"
D:\Uni\Ulm\Master\Hiwi-Forschung-und-Lehre\FairFace\detected_faces\850952_face0.jpg,Middle Eastern,Indian,Male,20-29,"[6.2907979e-02 1.9707554e-03 6.2621608e-02 5.9690367e-04 1.9242903e-03
 3.9573996e-03 8.6602104e-01]",[0.3716554  0.06308461 0.04201019 0.5232498 ],[9.9999529e-01 4.7195763e-06],"[4.4392445e-06 2.7678639e-04 7.3093115e-03 5.5088669e-01 4.2387021e-01
 1.7477272e-02 1.7014395e-04 5.0603617e-06 9.6049476e-08]"
D:\Uni\Ulm\Master\Hiwi-Forschung-und-Lehre\FairFace\detected_faces\850971_face0.jpg,Middle Eastern,White,Male,20-29,"[1.7692739e-01 3.9035922e-03 1.5608701e-01 9.6793789e-05 3.7228368e-04
 1.2666465e-03 6.6134632e-01]",[0.46233666 0.44094944 0.01690995 0.0798039 ],[9.9995995e-01 4.0010007e-05],"[3.1275403e-07 3.2464054e-06 7.8529567e-03 5.7547599e-01 3.7564942e-01
 3.9696034e-02 1.2941682e-03 2.7478320e-05 3.7427648e-07]"
D:\Uni\Ulm\Master\Hiwi-Forschung-und-Lehre\FairFace\detected_faces\851070_face0.jpg,White,White,Male,20-29,"[5.1826495e-01 4.0044365e-04 1.6924550e-01 1.8331954e-03 1.5272793e-03
 2.3513504e-03 3.0637720e-01]",[9.8897254e-01 3.2697053e-04 1.6421530e-03 9.0583386e-03],[9.9999875e-01 1.2529791e-06],"[1.2914628e-06 1.1419684e-04 4.1508287e-02 8.5399258e-01 1.0344889e-01
 9.3022664e-04 4.4909698e-06 8.9638540e-08 1.0467250e-09]"
D:\Uni\Ulm\Master\Hiwi-Forschung-und-Lehre\FairFace\detected_faces\851088_face0.jpg,White,White,Male,20-29,"[9.7627413e-01 1.0233165e-04 1.6127737e-02 2.9455608e-05 7.3876115e-05
 2.6435138e-05 7.3659895e-03]",[0.9260371  0.06841359 0.00420602 0.00134327],[9.9995762e-01 4.2411342e-05],"[1.36086875e-08 3.28003171e-06 3.69506404e-02 8.20280612e-01
 1.34419799e-01 8.22302047e-03 1.20883975e-04 1.75072284e-06
 2.20009913e-08]"
D:\Uni\Ulm\Master\Hiwi-Forschung-und-Lehre\FairFace\detected_faces\851095_face0.jpg,Black,Black,Male,20-29,"[6.1085025e-06 9.9857193e-01 4.9016578e-04 1.8185576e-06 1.5644262e-04
 7.4885844e-04 2.4660683e-05]",[8.4570538e-06 9.9964100e-01 2.4851382e-04 1.0196576e-04],[9.9999958e-01 3.6597143e-07],"[1.1096036e-09 4.8951023e-07 1.0034064e-02 9.2266673e-01 6.6811912e-02
 4.8548277e-04 1.2532323e-06 1.3632557e-08 3.8845246e-10]"
D:\Uni\Ulm\Master\Hiwi-Forschung-und-Lehre\FairFace\detected_faces\851096_face0.jpg,White,White,Male,20-29,"[9.2754966e-01 5.4609968e-04 4.1633479e-02 1.8523455e-06 7.7430368e-06
 1.2381080e-03 2.9023072e-02]",[9.8546267e-01 1.0019740e-02 8.8431800e-05 4.4291364e-03],[9.9999487e-01 5.1305738e-06],"[1.0695705e-08 5.6880515e-07 1.0367878e-03 7.2865391e-01 2.6548013e-01
 4.8013167e-03 2.6592441e-05 6.9538038e-07 1.2956635e-08]"
D:\Uni\Ulm\Master\Hiwi-Forschung-und-Lehre\FairFace\detected_faces\851098_face0.jpg,White,White,Male,20-29,"[9.9483734e-01 1.7650054e-06 1.0372609e-03 5.7391449e-06 1.4975337e-05
 4.7351959e-06 4.0981486e-03]",[9.9924356e-01 4.7325066e-05 5.6554121e-04 1.4361994e-04],[9.9999982e-01 2.3034531e-07],"[1.3024113e-09 2.1971896e-07 9.6488604e-04 8.3838946e-01 1.5982102e-01
 8.2339899e-04 1.1071062e-06 8.2343972e-09 1.3935884e-10]"
D:\Uni\Ulm\Master\Hiwi-Forschung-und-Lehre\FairFace\detected_faces\851099_face0.jpg,Middle Eastern,White,Male,30-39,"[0.06047547 0.01058799 0.28803825 0.00510133 0.00645316 0.03507603
 0.5942678 ]",[0.63579935 0.10045554 0.04755338 0.21619172],[9.9995565e-01 4.4300177e-05],"[2.5858288e-04 3.1893647e-03 5.7853940e-03 3.0730671e-01 5.9029830e-01
 9.1153294e-02 1.9271582e-03 7.9518744e-05 1.7112820e-06]"
D:\Uni\Ulm\Master\Hiwi-Forschung-und-Lehre\FairFace\detected_faces\851100_face0.jpg,Latino_Hispanic,Black,Male,20-29,"[0.02877507 0.07836878 0.8360584  0.00230851 0.01575461 0.00864759
 0.03008694]",[0.03011419 0.82424015 0.06783344 0.07781222],[9.9999475e-01 5.2955788e-06],"[5.4902074e-07 4.4781784e-05 4.7064725e-02 8.1296682e-01 1.3336685e-01
 6.4184177e-03 1.3184115e-04 5.9034865e-06 9.3304024e-08]"
D:\Uni\Ulm\Master\Hiwi-Forschung-und-Lehre\FairFace\detected_faces\851103_face0.jpg,White,White,Male,20-29,"[4.7946548e-01 1.9529325e-05 5.9402019e-02 5.9746200e-04 5.3359463e-04
 2.7716628e-04 4.5970476e-01]",[9.9866945e-01 2.3263933e-04 8.6210284e-04 2.3582359e-04],[9.9977249e-01 2.2749357e-04],"[1.7650343e-08 1.4124615e-05 4.8970014e-02 8.9624977e-01 5.4366041e-02
 3.9932525e-04 7.3147487e-07 8.6867971e-09 1.5045927e-10]"
D:\Uni\Ulm\Master\Hiwi-Forschung-und-Lehre\FairFace\detected_faces\851150_face0.jpg,Black,Black,Male,20-29,"[2.2035649e-03 8.9907497e-01 7.7900872e-02 3.8425860e-06 9.6990181e-05
 2.5028044e-03 1.8216947e-02]",[3.5121595e-04 9.9849635e-01 7.7658660e-05 1.0748064e-03],[9.9999875e-01 1.2757644e-06],"[5.3390959e-08 3.1531176e-06 2.4575898e-03 6.7381930e-01 3.1753054e-01
 6.1654886e-03 2.3695691e-05 1.8100364e-07 2.4255338e-09]"
D:\Uni\Ulm\Master\Hiwi-Forschung-und-Lehre\FairFace\detected_faces\851185_face0.jpg,White,White,Male,20-29,"[9.6097666e-01 7.5349293e-04 4.1390145e-03 9.2256778e-06 2.9873041e-05
 1.3926054e-05 3.4077711e-02]",[9.8507535e-01 1.4686863e-02 4.9785562e-05 1.8793625e-04],[9.999638e-01 3.614974e-05],"[1.9322783e-06 9.3338109e-05 7.3604053e-03 5.9359425e-01 3.8551810e-01
 1.3213415e-02 2.1248295e-04 5.9168465e-06 1.7675841e-07]"
D:\Uni\Ulm\Master\Hiwi-Forschung-und-Lehre\FairFace\detected_faces\851221_face0.jpg,White,White,Male,20-29,"[6.4303088e-01 1.9730201e-04 1.5213555e-01 2.4159989e-04 6.5596466e-04
 9.2425478e-05 2.0364629e-01]",[0.98425484 0.00652426 0.00816074 0.00106018],[1.0000000e+00 2.1352824e-08],"[1.5426531e-08 1.6198730e-05 8.4695935e-02 8.8855231e-01 2.6583277e-02
 1.5186430e-04 4.0656968e-07 7.5136883e-09 5.6989885e-11]"
D:\Uni\Ulm\Master\Hiwi-Forschung-und-Lehre\FairFace\detected_faces\851222_face0.jpg,Middle Eastern,Indian,Male,20-29,"[2.3327192e-02 1.1467808e-02 4.0883753e-01 1.8349416e-05 3.5756122e-04
 1.3781977e-01 4.1817182e-01]",[0.07149609 0.10499343 0.00414107 0.8193694 ],[9.9999541e-01 4.6356186e-06],"[1.2475235e-07 4.9378282e-06 1.0458778e-03 5.3768349e-01 4.5389897e-01
 7.3538818e-03 1.2675673e-05 7.9534011e-08 1.1342299e-09]"
D:\Uni\Ulm\Master\Hiwi-Forschung-und-Lehre\FairFace\detected_faces\851223_face0.jpg,Middle Eastern,White,Male,20-29,"[2.6450548e-01 2.6618250e-04 9.2004783e-02 4.3179054e-05 9.1843605e-05
 1.2012713e-03 6.4188719e-01]",[9.9269849e-01 4.6455460e-03 1.7010937e-04 2.4858762e-03],[9.9999899e-01 1.0553081e-06],"[3.8145319e-07 4.9517221e-05 5.9261736e-03 8.5212523e-01 1.4070229e-01
 1.1945703e-03 1.8947935e-06 3.8358120e-08 3.8481776e-10]"
D:\Uni\Ulm\Master\Hiwi-Forschung-und-Lehre\FairFace\detected_faces\851226_face0.jpg,Middle Eastern,White,Male,20-29,"[3.8963102e-02 9.2054972e-05 6.0761444e-02 1.0101700e-05 4.9045451e-05
 3.1001404e-02 8.6912280e-01]",[0.50280726 0.00486895 0.0008153  0.4915084 ],[9.9999523e-01 4.7408053e-06],"[1.2974886e-06 5.7542162e-05 2.0005491e-03 5.7844174e-01 4.1044214e-01
 9.0403995e-03 1.6216929e-05 1.3500015e-07 1.5865785e-09]"
D:\Uni\Ulm\Master\Hiwi-Forschung-und-Lehre\FairFace\detected_faces\851231_face0.jpg,White,White,Male,20-29,"[4.8008585e-01 8.5492544e-03 2.4277100e-01 1.0886801e-05 7.3205243e-05
 1.5757825e-03 2.6693401e-01]",[0.94376636 0.03232087 0.00222295 0.02168984],[9.9999964e-01 4.0743089e-07],"[7.5816153e-08 1.7447863e-05 5.1339325e-03 7.7477956e-01 2.1789998e-01
 2.1661273e-03 2.8684228e-06 3.6713796e-08 4.2877854e-10]"
D:\Uni\Ulm\Master\Hiwi-Forschung-und-Lehre\FairFace\detected_faces\851240_face0.jpg,Middle Eastern,White,Male,20-29,"[7.2852336e-02 4.7771562e-02 1.3853182e-01 7.4112701e-05 3.1200572e-04
 1.7916203e-03 7.3866653e-01]",[0.69834507 0.28843722 0.00355783 0.00965984],[9.9999690e-01 3.1224529e-06],"[5.1793660e-07 8.0770544e-05 9.6928179e-03 6.2478155e-01 3.5845363e-01
 6.9592097e-03 3.0949726e-05 5.8280062e-07 7.5698443e-09]"
D:\Uni\Ulm\Master\Hiwi-Forschung-und-Lehre\FairFace\detected_faces\851254_face0.jpg,White,White,Male,30-39,"[9.8826122e-01 5.1628787e-05 9.5310612e-03 2.2979961e-05 6.4405787e-05
 5.8576342e-04 1.4829898e-03]",[9.9882138e-01 1.0808184e-04 1.5442421e-04 9.1609010e-04],[9.9999893e-01 1.0759483e-06],"[2.3509033e-06 6.9152002e-06 6.0222758e-04 1.5668158e-01 6.0665566e-01
 2.2373536e-01 1.2150077e-02 1.6316022e-04 2.7109666e-06]"
D:\Uni\Ulm\Master\Hiwi-Forschung-und-Lehre\FairFace\detected_faces\851256_face0.jpg,Black,Black,Male,20-29,"[1.5331703e-03 8.7118363e-01 1.1886673e-01 4.3831205e-05 1.1207717e-03
 5.6938613e-03 1.5580031e-03]",[6.1870820e-04 9.9494398e-01 8.5608778e-04 3.5811977e-03],[9.9999988e-01 1.2777127e-07],"[1.13980306e-07 7.05641423e-06 6.73305197e-03 7.15924144e-01
 2.68451720e-01 8.76060501e-03 1.22470097e-04 8.78227297e-07
 1.47167416e-08]"
D:\Uni\Ulm\Master\Hiwi-Forschung-und-Lehre\FairFace\detected_faces\851257_face0.jpg,White,White,Male,20-29,"[8.0863994e-01 9.6858299e-04 3.2937706e-02 9.5499527e-05 1.8114720e-04
 1.1047815e-03 1.5607238e-01]",[9.8078740e-01 1.5866034e-02 7.9374213e-04 2.5528087e-03],[9.9997312e-01 2.6900452e-05],"[5.7233444e-07 2.6324886e-05 2.8705022e-03 6.9595444e-01 2.9646519e-01
 4.6638041e-03 1.8859457e-05 3.1517374e-07 6.7034160e-09]"
D:\Uni\Ulm\Master\Hiwi-Forschung-und-Lehre\FairFace\detected_faces\851261_face0.jpg,White,White,Male,20-29,"[6.7534751e-01 5.9232622e-04 7.0729062e-02 5.1472080e-04 4.3106111e-04
 4.6278583e-04 2.5192249e-01]",[9.9842840e-01 4.4536663e-04 6.2580151e-04 5.0049805e-04],[9.9998808e-01 1.1861501e-05],"[2.11543920e-06 1.15082934e-04 8.51383805e-03 8.00959349e-01
 1.88884720e-01 1.51882519e-03 5.98045381e-06 1.38401589e-07
 3.41515793e-09]"
D:\Uni\Ulm\Master\Hiwi-Forschung-und-Lehre\FairFace\detected_faces\851262_face0.jpg,Black,Black,Male,20-29,"[5.3425078e-06 9.9885398e-01 2.5934482e-04 4.6778894e-08 2.1764133e-06
 7.2821544e-04 1.5088836e-04]",[1.8360824e-06 9.9984801e-01 8.5486308e-06 1.4155710e-04],[1.0000000e+00 1.4151904e-08],"[2.81845463e-08 1.39840458e-05 9.50897485e-03 8.12827885e-01
 1.74261421e-01 3.37613234e-03 1.14275945e-05 2.24340752e-07
 3.24558247e-09]"
D:\Uni\Ulm\Master\Hiwi-Forschung-und-Lehre\FairFace\detected_faces\851266_face0.jpg,White,White,Male,20-29,"[6.4426482e-01 6.4084743e-04 8.8012308e-02 4.1725274e-05 1.0052952e-04
 5.2836817e-04 2.6641139e-01]",[9.9615055e-01 2.7274271e-03 9.1549678e-05 1.0303867e-03],[9.9995321e-01 4.6761365e-05],"[5.93476868e-09 1.16029933e-05 1.50130779e-01 8.32297683e-01
 1.74501725e-02 1.09454908e-04 2.82243803e-07 5.59178082e-09
 1.11976324e-10]"
D:\Uni\Ulm\Master\Hiwi-Forschung-und-Lehre\FairFace\detected_faces\851268_face0.jpg,White,White,Male,20-29,"[9.8817611e-01 4.9115319e-05 7.4637751e-04 2.9814414e-06 6.0074249e-06
 2.3938308e-06 1.1017000e-02]",[9.9788761e-01 2.0926113e-03 8.1968710e-06 1.1535269e-05],[9.9999821e-01 1.7104159e-06],"[5.06920461e-09 2.39328779e-06 1.40559040e-02 9.45624113e-01
 4.01838198e-02 1.33509646e-04 2.92224627e-07 4.71722394e-09
 1.14925354e-10]"
D:\Uni\Ulm\Master\Hiwi-Forschung-und-Lehre\FairFace\detected_faces\851270_face0.jpg,Middle Eastern,White,Male,20-29,"[3.4916061e-01 7.9266880e-05 1.2249547e-02 2.0132509e-06 4.9777877e-06
 5.1795934e-05 6.3845181e-01]",[9.98974204e-01 8.93895340e-04 2.74326958e-05 1.04394516e-04],[9.9999279e-01 7.1828913e-06],"[9.4168053e-07 6.9475570e-04 2.2104779e-01 7.3760563e-01 3.9096825e-02
 1.5437668e-03 1.0071417e-05 2.1367282e-07 3.7413979e-09]"
D:\Uni\Ulm\Master\Hiwi-Forschung-und-Lehre\FairFace\detected_faces\851271_face0.jpg,White,White,Male,20-29,"[9.6760082e-01 5.2029514e-05 2.3680586e-02 6.8135836e-05 2.7501426e-04
 4.2033884e-05 8.2814144e-03]",[9.9906534e-01 1.1042014e-04 9.6967931e-05 7.2730111e-04],[9.991117e-01 8.883105e-04],"[5.0425297e-07 1.0363638e-04 9.9533863e-02 6.6166568e-01 2.3167562e-01
 6.9726803e-03 4.7378882e-05 7.0125924e-07 1.1716798e-08]"
D:\Uni\Ulm\Master\Hiwi-Forschung-und-Lehre\FairFace\detected_faces\851274_face0.jpg,Middle Eastern,Black,Male,20-29,"[4.9159210e-03 5.6444127e-03 4.3310326e-02 7.4730424e-06 8.5504216e-05
 2.0197546e-03 9.4401658e-01]",[0.04997259 0.8514575  0.0014311  0.09713881],[9.9999893e-01 1.1106133e-06],"[6.50957546e-08 1.05025165e-05 2.14668456e-02 8.28841031e-01
 1.46306604e-01 3.35798902e-03 1.65771980e-05 3.71701674e-07
 6.02490147e-09]"
D:\Uni\Ulm\Master\Hiwi-Forschung-und-Lehre\FairFace\detected_faces\851282_face0.jpg,Indian,Black,Male,30-39,"[6.5039436e-04 4.3652999e-01 4.1402597e-02 2.3819364e-05 1.2591792e-03
 5.1953888e-01 5.9516501e-04]",[2.0110354e-04 6.3842481e-01 1.0340500e-03 3.6034003e-01],[9.999911e-01 8.883605e-06],"[5.3627610e-07 9.4725328e-05 1.6590830e-02 4.0422100e-01 5.4005533e-01
 3.8698655e-02 3.3519298e-04 3.7238365e-06 3.5262794e-08]"
D:\Uni\Ulm\Master\Hiwi-Forschung-und-Lehre\FairFace\detected_faces\851284_face0.jpg,Black,Black,Male,20-29,"[1.6701770e-06 9.9982101e-01 4.4218119e-05 3.5283318e-08 7.0542455e-07
 1.2738972e-04 5.0534477e-06]",[2.7162343e-06 9.9995923e-01 2.9989073e-06 3.4968376e-05],[9.9997890e-01 2.1085076e-05],"[3.9532726e-08 1.2798737e-05 3.6532655e-02 8.6517811e-01 9.6188672e-02
 2.0768398e-03 1.0682145e-05 2.0723428e-07 5.4369238e-09]"
D:\Uni\Ulm\Master\Hiwi-Forschung-und-Lehre\FairFace\detected_faces\851596_face0.jpg,Black,Black,Male,20-29,"[1.85410306e-03 8.70535076e-01 1.18552946e-01 1.60871678e-05
 3.99913144e-04 5.83917508e-03 2.80269329e-03]",[0.00202608 0.9840405  0.00104884 0.01288452],[9.999990e-01 9.683359e-07],"[5.6209319e-07 9.6263939e-06 4.8327828e-03 5.1086766e-01 4.5751783e-01
 2.6443014e-02 3.2472081e-04 3.7359339e-06 4.9268372e-08]"
D:\Uni\Ulm\Master\Hiwi-Forschung-und-Lehre\FairFace\detected_faces\851600_face0.jpg,Black,Black,Male,20-29,"[1.14587741e-03 9.80740011e-01 3.60456924e-03 1.59769639e-04
 3.00670881e-03 1.07910335e-02 5.52114856e-04]",[0.01830626 0.73170304 0.17341895 0.0765717 ],[1.000000e+00 8.552341e-09],"[4.2170036e-08 3.3019627e-05 5.4626599e-02 8.5557866e-01 8.5678011e-02
 4.0319003e-03 5.1026651e-05 7.5601889e-07 1.5639593e-08]"
D:\Uni\Ulm\Master\Hiwi-Forschung-und-Lehre\FairFace\detected_faces\851671_face0.jpg,White,White,Male,20-29,"[8.4001291e-01 4.5929130e-05 9.8253861e-02 4.5563688e-04 7.9448329e-04
 1.4127090e-03 5.9024490e-02]",[9.7554713e-01 4.7226759e-04 2.5172951e-03 2.1463320e-02],[9.9999988e-01 1.1074921e-07],"[1.2337092e-08 2.9049545e-06 3.2246448e-02 8.6700052e-01 1.0001600e-01
 7.3165575e-04 2.4121855e-06 3.9060900e-08 3.3340564e-10]"
D:\Uni\Ulm\Master\Hiwi-Forschung-und-Lehre\FairFace\detected_faces\851690_face0.jpg,White,White,Male,20-29,"[9.96634722e-01 1.24507615e-05 3.88696324e-04 1.44051307e-06
 4.78759785e-06 6.49664707e-06 2.95149954e-03]",[9.9875599e-01 1.0216403e-03 1.8389108e-05 2.0395120e-04],[9.9975699e-01 2.4300259e-04],"[3.2484974e-07 6.2031308e-05 2.9849043e-02 7.9748070e-01 1.6590540e-01
 6.5971678e-03 1.0351289e-04 1.7824377e-06 1.0393164e-07]"
D:\Uni\Ulm\Master\Hiwi-Forschung-und-Lehre\FairFace\detected_faces\851890_face0.jpg,White,White,Male,20-29,"[7.6646507e-01 1.1342500e-04 1.1129526e-02 1.1187509e-05 3.3501910e-05
 2.1198099e-04 2.2203532e-01]",[9.9968451e-01 1.2884934e-04 5.1150266e-05 1.3540046e-04],[9.9999750e-01 2.4478022e-06],"[2.1037419e-08 7.5641231e-07 2.2932792e-03 7.8643805e-01 2.0815799e-01
 3.0911090e-03 1.8608602e-05 2.3495528e-07 3.6520509e-09]"
D:\Uni\Ulm\Master\Hiwi-Forschung-und-Lehre\FairFace\detected_faces\852096_face0.jpg,Latino_Hispanic,White,Male,20-29,"[0.15178937 0.00227879 0.48329744 0.00048409 0.002325   0.01159859
 0.3482267 ]",[0.87209606 0.01148758 0.02598213 0.09043421],[9.9998081e-01 1.9233366e-05],"[1.6817620e-06 4.1222731e-05 3.7718699e-03 6.9322807e-01 2.9536313e-01
 7.5399610e-03 5.2267322e-05 1.8435119e-06 4.1898890e-08]"
D:\Uni\Ulm\Master\Hiwi-Forschung-und-Lehre\FairFace\detected_faces\852145_face0.jpg,Black,Black,Male,30-39,"[3.4317750e-06 9.9984145e-01 9.2145943e-05 5.2864499e-07 6.9289849e-06
 3.6499419e-05 1.8919822e-05]",[3.5723031e-05 9.9831438e-01 3.1361514e-04 1.3363140e-03],[9.9999624e-01 3.8152375e-06],"[1.2028331e-06 4.5012330e-05 3.0683314e-03 3.4333616e-01 5.7816374e-01
 7.4326627e-02 1.0519094e-03 6.6957605e-06 3.6762893e-07]"
D:\Uni\Ulm\Master\Hiwi-Forschung-und-Lehre\FairFace\detected_faces\852394_face0.jpg,White,White,Male,20-29,"[9.5936716e-01 1.1524758e-03 2.5290264e-02 7.6525111e-04 1.8823968e-03
 1.6705572e-04 1.1375270e-02]",[0.9676927  0.01595125 0.01510654 0.00124948],[9.9999768e-01 2.3051257e-06],"[1.0505968e-06 1.3538751e-04 6.1215073e-02 7.5292671e-01 1.6292104e-01
 2.1975035e-02 7.9933106e-04 2.6031277e-05 3.4148988e-07]"
D:\Uni\Ulm\Master\Hiwi-Forschung-und-Lehre\FairFace\detected_faces\852404_face0.jpg,Middle Eastern,White,Male,20-29,"[1.9871500e-01 1.8189651e-03 9.9830426e-02 1.9249690e-05 9.8031633e-05
 1.5645702e-03 6.9795370e-01]",[9.8991710e-01 4.1739740e-03 2.0072061e-04 5.7082223e-03],[9.999209e-01 7.908285e-05],"[3.9398658e-09 1.9560789e-06 3.0891847e-02 8.9734465e-01 7.1309932e-02
 4.5026003e-04 1.2688931e-06 1.9068697e-08 2.8602581e-10]"
D:\Uni\Ulm\Master\Hiwi-Forschung-und-Lehre\FairFace\detected_faces\852412_face0.jpg,White,White,Male,20-29,"[8.2580882e-01 2.7862183e-05 2.7679756e-02 2.8061108e-03 1.1895372e-03
 9.3184545e-04 1.4155599e-01]",[9.9737048e-01 2.3179509e-05 1.8898326e-03 7.1643759e-04],[9.9999946e-01 5.2824407e-07],"[2.0973914e-05 1.0274844e-03 3.6326595e-02 7.8478241e-01 1.7528600e-01
 2.5438594e-03 1.2222373e-05 4.5955986e-07 7.0128325e-09]"
D:\Uni\Ulm\Master\Hiwi-Forschung-und-Lehre\FairFace\detected_faces\852435_face0.jpg,White,White,Male,20-29,"[8.8500792e-01 1.0710929e-05 7.5193387e-03 6.7544920e-06 2.0394787e-05
 3.8320970e-05 1.0739656e-01]",[9.9967015e-01 1.9277122e-05 5.1133509e-05 2.5941373e-04],[9.9999821e-01 1.7623472e-06],"[2.5520523e-08 1.7852988e-05 1.8616313e-02 9.5660836e-01 2.4708636e-02
 4.8877024e-05 2.6094872e-08 3.7239131e-10 6.4908426e-12]"
D:\Uni\Ulm\Master\Hiwi-Forschung-und-Lehre\FairFace\detected_faces\852479_face0.jpg,Middle Eastern,White,Male,20-29,"[3.3168355e-01 9.7135198e-04 2.7064812e-01 7.7796525e-05 2.7216267e-04
 8.5660425e-04 3.9549050e-01]",[0.96860254 0.00434353 0.00125387 0.02580005],[9.99999881e-01 1.02088904e-07],"[2.1983313e-08 1.4646706e-05 4.0549215e-02 9.3980473e-01 1.9561209e-02
 6.9993679e-05 1.5746321e-07 3.8344097e-09 3.6959432e-11]"
D:\Uni\Ulm\Master\Hiwi-Forschung-und-Lehre\FairFace\detected_faces\852480_face0.jpg,White,White,Male,20-29,"[9.9781215e-01 7.1804279e-06 6.8399985e-04 2.0143548e-04 5.9611295e-05
 5.7246657e-06 1.2298465e-03]",[9.9627370e-01 3.4725013e-05 3.3988089e-03 2.9276271e-04],[9.999916e-01 8.449462e-06],"[4.9558292e-08 3.6407398e-06 2.8520538e-02 8.3408606e-01 1.2952451e-01
 7.7188346e-03 1.4387794e-04 2.4688591e-06 3.5263689e-08]"
D:\Uni\Ulm\Master\Hiwi-Forschung-und-Lehre\FairFace\detected_faces\855647_face0.jpg,White,White,Male,20-29,"[9.9867630e-01 7.0084548e-06 5.6883198e-04 2.1162259e-06 9.1707470e-06
 4.0013465e-06 7.3252484e-04]",[9.9965721e-01 1.2329014e-04 1.6878481e-04 5.0684641e-05],[9.9999183e-01 8.1166772e-06],"[1.2910274e-07 2.4122079e-05 2.5067575e-02 7.8666174e-01 1.7612410e-01
 1.1885882e-02 2.3242422e-04 3.9796682e-06 1.2304524e-07]"
D:\Uni\Ulm\Master\Hiwi-Forschung-und-Lehre\FairFace\detected_faces\855650_face0.jpg,Black,Black,Male,20-29,"[7.5904831e-07 9.9999022e-01 3.3539641e-06 5.5653473e-09 1.7179849e-07
 4.4226404e-06 9.9683132e-07]",[5.0306465e-07 9.9999833e-01 2.4031735e-07 9.2522316e-07],[9.999947e-01 5.286392e-06],"[1.7564573e-06 2.1057364e-03 1.5388089e-01 7.1189189e-01 1.2597786e-01
 6.0733599e-03 6.7321140e-05 1.1562153e-06 7.4435206e-08]"
D:\Uni\Ulm\Master\Hiwi-Forschung-und-Lehre\FairFace\detected_faces\855653_face0.jpg,Black,Black,Male,20-29,"[1.5488517e-07 9.9999338e-01 2.6901557e-06 3.3292789e-08 7.4394364e-07
 3.0656599e-06 1.8312843e-08]",[1.1274688e-07 9.9999720e-01 1.3414972e-06 1.2936231e-06],[9.9950117e-01 4.9883453e-04],"[1.8433727e-08 5.3142476e-06 9.1614807e-03 6.4019471e-01 3.3789936e-01
 1.2583640e-02 1.5459713e-04 8.1172510e-07 3.9974328e-08]"
D:\Uni\Ulm\Master\Hiwi-Forschung-und-Lehre\FairFace\detected_faces\855654_face0.jpg,Middle Eastern,White,Male,20-29,"[3.0738425e-01 5.0769700e-05 1.5574647e-01 4.7156282e-05 1.2980575e-04
 1.1406843e-02 5.2523476e-01]",[7.3201907e-01 7.3458307e-04 4.6899574e-04 2.6677743e-01],[9.9999994e-01 4.1467619e-08],"[3.82263522e-07 2.05626566e-05 1.02020213e-02 8.13604414e-01
 1.72949240e-01 3.21004470e-03 1.31523375e-05 2.07399253e-07
 1.44327283e-09]"
D:\Uni\Ulm\Master\Hiwi-Forschung-und-Lehre\FairFace\detected_faces\855662_face0.jpg,White,White,Male,20-29,"[9.9999917e-01 7.0612721e-08 4.8199485e-08 3.9891421e-07 2.6160657e-07
 6.0718195e-09 7.4950620e-08]",[9.9996984e-01 1.7781893e-05 1.2027249e-05 3.3000552e-07],[0.9985929 0.0014071],"[1.79075141e-06 6.60214748e-04 1.17134362e-01 7.57103562e-01
 1.18135825e-01 6.41538110e-03 5.29417128e-04 1.64404864e-05
 3.06156880e-06]"
D:\Uni\Ulm\Master\Hiwi-Forschung-und-Lehre\FairFace\detected_faces\855663_face0.jpg,Middle Eastern,White,Male,20-29,"[2.4772860e-01 2.1773041e-04 3.0479550e-01 4.4680285e-04 1.1039982e-03
 6.6139018e-03 4.3909341e-01]",[0.73944294 0.00281129 0.0114025  0.24634326],[9.9999797e-01 2.0606622e-06],"[2.3195375e-06 1.6122473e-04 2.8551565e-02 7.6614976e-01 2.0029761e-01
 4.8162062e-03 2.0841702e-05 4.4369253e-07 5.0496158e-09]"
D:\Uni\Ulm\Master\Hiwi-Forschung-und-Lehre\FairFace\detected_faces\855665_face0.jpg,White,White,Male,20-29,"[4.7110274e-01 8.3292631e-04 5.9689149e-02 5.6106051e-06 2.7212091e-05
 1.3611846e-03 4.6698120e-01]",[0.953359   0.01669728 0.00192249 0.02802125],[1.0000000e+00 9.1654675e-09],"[8.27099086e-07 1.34466653e-04 1.43094743e-02 8.74983668e-01
 1.08698495e-01 1.86229066e-03 1.06593197e-05 1.30902151e-07
 9.32355304e-10]"
D:\Uni\Ulm\Master\Hiwi-Forschung-und-Lehre\FairFace\detected_faces\855676_face0.jpg,White,White,Male,20-29,"[9.8301947e-01 4.4281416e-05 1.2098458e-02 5.8901274e-05 1.6121671e-04
 4.0257633e-05 4.5773499e-03]",[9.9967349e-01 2.3062267e-04 3.7802482e-05 5.8173984e-05],[9.999990e-01 1.009351e-06],"[6.0876158e-07 5.3997206e-05 1.4472120e-02 7.1126401e-01 2.6602870e-01
 8.0937501e-03 8.5840300e-05 9.9197734e-07 1.2723717e-08]"
D:\Uni\Ulm\Master\Hiwi-Forschung-und-Lehre\FairFace\detected_faces\855731_face0.jpg,White,White,Male,20-29,"[9.9993330e-01 3.6959500e-07 1.8266548e-05 3.5110082e-07 5.9516526e-07
 3.0482198e-07 4.6820456e-05]",[9.998299e-01 9.738561e-06 6.926187e-05 9.101311e-05],[9.9999905e-01 9.3905874e-07],"[6.5519707e-08 8.0527043e-06 6.1284131e-03 8.2084149e-01 1.6490859e-01
 7.9834191e-03 1.2875188e-04 1.2623035e-06 2.6681709e-08]"
D:\Uni\Ulm\Master\Hiwi-Forschung-und-Lehre\FairFace\detected_faces\855810_face0.jpg,Black,Black,Male,20-29,"[4.2551079e-07 9.9996030e-01 2.1744108e-05 2.6552183e-09 1.6879767e-07
 1.3771916e-05 3.6054550e-06]",[2.0488549e-06 9.9999350e-01 6.8064242e-07 3.9334782e-06],[9.9999976e-01 2.3310187e-07],"[1.39316025e-08 3.21513994e-06 4.12575575e-03 7.86954582e-01
 2.03645572e-01 5.24138520e-03 2.87196908e-05 7.98088479e-07
 3.06996242e-08]"
D:\Uni\Ulm\Master\Hiwi-Forschung-und-Lehre\FairFace\detected_faces\855817_face0.jpg,Black,Black,Male,20-29,"[1.4380931e-06 9.9992460e-01 1.9908222e-05 9.0904244e-08 3.3806559e-06
 5.0009345e-05 6.2320902e-07]",[1.6487957e-06 9.9989486e-01 1.6002532e-05 8.7491178e-05],[9.9991888e-01 8.1137536e-05],"[1.0812862e-06 3.3062615e-04 8.0032535e-02 8.0496550e-01 1.0879134e-01
 5.7727951e-03 1.0345129e-04 2.5905404e-06 1.4023293e-07]"
D:\Uni\Ulm\Master\Hiwi-Forschung-und-Lehre\FairFace\detected_faces\855818_face0.jpg,Middle Eastern,White,Male,20-29,"[1.4309299e-01 4.1265190e-03 2.4028651e-01 9.1565344e-05 3.7361751e-04
 3.1197194e-03 6.0890913e-01]",[0.89385617 0.05964196 0.00938202 0.03711986],[9.9999225e-01 7.6894921e-06],"[8.3145433e-06 2.2099548e-04 7.0041665e-03 6.8407965e-01 2.9950872e-01
 9.1257701e-03 5.0739825e-05 1.6645278e-06 3.4597310e-08]"
D:\Uni\Ulm\Master\Hiwi-Forschung-und-Lehre\FairFace\detected_faces\855829_face0.jpg,White,White,Male,20-29,"[9.8679990e-01 1.7948752e-05 5.0995307e-04 1.3954260e-06 6.4534311e-06
 5.7170102e-05 1.2607208e-02]",[9.998884e-01 9.230358e-06 7.686172e-06 9.469126e-05],[1.0000000e+00 6.4298837e-09],"[1.1430200e-08 1.4450485e-05 2.2983642e-02 9.2435056e-01 5.2134011e-02
 5.1630603e-04 1.0597037e-06 7.0113169e-09 8.2268983e-11]"
D:\Uni\Ulm\Master\Hiwi-Forschung-und-Lehre\FairFace\detected_faces\855830_face0.jpg,White,White,Male,20-29,"[7.7173406e-01 2.3241591e-05 1.8132293e-01 2.4599989e-04 7.0019293e-04
 2.9241210e-03 4.3049306e-02]",[9.9772424e-01 1.9127938e-05 2.2405171e-04 2.0325077e-03],[9.9999994e-01 4.6644949e-08],"[8.6671469e-07 8.4029198e-05 1.8326184e-02 8.0998665e-01 1.6940247e-01
 2.1933471e-03 6.4278461e-06 8.3659053e-08 6.4851519e-10]"
D:\Uni\Ulm\Master\Hiwi-Forschung-und-Lehre\FairFace\detected_faces\855831_face0.jpg,White,White,Male,20-29,"[6.2527430e-01 8.8071291e-05 2.1539149e-01 3.9118556e-03 4.7372901e-03
 1.1666344e-02 1.3893066e-01]",[9.8985010e-01 1.2563306e-04 1.6918303e-03 8.3324341e-03],[9.9998832e-01 1.1617841e-05],"[6.84824386e-07 2.35955031e-05 2.67497753e-03 5.37141323e-01
 4.48533118e-01 1.15934955e-02 3.24026660e-05 3.46891284e-07
 4.00473255e-09]"
D:\Uni\Ulm\Master\Hiwi-Forschung-und-Lehre\FairFace\detected_faces\855832_face0.jpg,White,White,Male,20-29,"[9.9180728e-01 3.5953162e-06 1.2284160e-03 2.6151825e-05 6.4600259e-05
 2.2950883e-06 6.8676369e-03]",[9.9686193e-01 1.2039877e-03 1.8272116e-03 1.0687538e-04],[9.9999994e-01 7.8452743e-08],"[1.5349910e-07 1.8176537e-04 9.2833638e-02 8.3109981e-01 7.3857941e-02
 2.0113331e-03 1.5183997e-05 1.9218153e-07 3.1310019e-09]"
D:\Uni\Ulm\Master\Hiwi-Forschung-und-Lehre\FairFace\detected_faces\855833_face0.jpg,White,White,Male,20-29,"[6.1672556e-01 1.5165324e-04 3.6728062e-02 3.5111338e-04 4.9401651e-04
 2.6166750e-04 3.4528789e-01]",[0.9895071  0.00124271 0.00664177 0.00260853],[9.9998891e-01 1.1090368e-05],"[4.55617794e-07 4.81671632e-05 1.22733265e-02 7.65865505e-01
 2.18425259e-01 3.37665575e-03 1.04641613e-05 2.13548660e-07
 2.33714492e-09]"
D:\Uni\Ulm\Master\Hiwi-Forschung-und-Lehre\FairFace\detected_faces\855835_face0.jpg,White,White,Male,30-39,"[8.3415926e-01 2.1804185e-04 9.4090097e-02 2.8896399e-04 1.0578386e-03
 2.5395246e-04 6.9931842e-02]",[9.9170977e-01 9.5490192e-04 5.1719439e-03 2.1634467e-03],[1.000000e+00 1.506389e-08],"[2.8621514e-07 9.1887568e-06 2.3410511e-03 4.1530794e-01 5.6138593e-01
 2.0785725e-02 1.6812305e-04 1.8408579e-06 1.7674392e-08]"
D:\Uni\Ulm\Master\Hiwi-Forschung-und-Lehre\FairFace\detected_faces\855836_face0.jpg,Middle Eastern,White,Male,10-19,"[3.7419182e-01 2.6391481e-05 1.2738770e-02 3.6573113e-04 3.6025836e-04
 4.7183868e-05 6.1226976e-01]",[9.9867892e-01 4.1940468e-05 1.2558842e-03 2.3317283e-05],[9.9977636e-01 2.2359243e-04],"[4.0522926e-07 3.4187897e-03 8.8681829e-01 1.0879880e-01 9.4576075e-04
 1.7816948e-05 1.1074870e-07 8.3536182e-09 2.0848655e-10]"
D:\Uni\Ulm\Master\Hiwi-Forschung-und-Lehre\FairFace\detected_faces\855837_face0.jpg,Middle Eastern,Indian,Male,20-29,"[8.6759396e-02 1.3352244e-03 1.1783485e-01 2.7459722e-05 8.1207530e-05
 3.9663270e-02 7.5429857e-01]",[0.44322616 0.02472704 0.00077128 0.53127545],[9.9999774e-01 2.2992178e-06],"[2.6032401e-06 8.4415275e-05 7.4997474e-03 6.9238645e-01 2.8972948e-01
 1.0228912e-02 6.7258254e-05 1.2152877e-06 1.6810329e-08]"
D:\Uni\Ulm\Master\Hiwi-Forschung-und-Lehre\FairFace\detected_faces\855838_face0.jpg,Black,Black,Male,10-19,"[9.9994964e-04 9.4563472e-01 3.8759701e-02 8.3265704e-06 4.2190676e-04
 1.2379951e-02 1.7953403e-03]",[5.1930314e-05 9.9670035e-01 3.0029487e-04 2.9473398e-03],[9.995115e-01 4.885183e-04],"[4.2486786e-08 2.7934909e-03 9.0110379e-01 9.5771849e-02 3.2884657e-04
 1.9201427e-06 4.6633177e-09 2.1358930e-10 7.5999406e-12]"
D:\Uni\Ulm\Master\Hiwi-Forschung-und-Lehre\FairFace\detected_faces\855839_face0.jpg,White,White,Male,20-29,"[5.7464916e-01 1.7412131e-05 1.8340517e-02 2.6212831e-05 3.4319823e-05
 4.8296954e-04 4.0644947e-01]",[9.9890953e-01 2.0846124e-04 6.7010609e-05 8.1501587e-04],[1.0000000e+00 3.4574384e-08],"[1.1148359e-07 1.6834412e-05 1.3320199e-02 8.9730775e-01 8.8524424e-02
 8.2836067e-04 2.3337241e-06 5.1036679e-08 4.8311188e-10]"
D:\Uni\Ulm\Master\Hiwi-Forschung-und-Lehre\FairFace\detected_faces\855840_face0.jpg,Middle Eastern,White,Male,10-19,"[5.5254299e-02 9.6811738e-04 4.0123254e-01 3.3592377e-04 1.3455680e-03
 4.1171070e-03 5.3674650e-01]",[0.57759607 0.04141604 0.14080998 0.24017791],[9.993039e-01 6.961072e-04],"[2.9165071e-07 9.8235474e-04 6.9223177e-01 3.0375293e-01 3.0011027e-03
 3.1369262e-05 1.2894023e-07 6.9175514e-09 1.6082498e-10]"
D:\Uni\Ulm\Master\Hiwi-Forschung-und-Lehre\FairFace\detected_faces\855845_face0.jpg,Black,Black,Male,20-29,"[6.82202972e-06 9.99534726e-01 3.28202965e-04 2.81847946e-07
 1.07178284e-05 1.14072835e-04 5.24740790e-06]",[3.5538199e-06 9.9977094e-01 3.0486051e-05 1.9509526e-04],[9.999953e-01 4.730594e-06],"[5.6630361e-06 3.2071720e-04 2.2059459e-02 4.4681093e-01 4.3358129e-01
 9.2497878e-02 4.5895879e-03 1.2868260e-04 5.7797429e-06]"
D:\Uni\Ulm\Master\Hiwi-Forschung-und-Lehre\FairFace\detected_faces\855846_face0.jpg,White,White,Male,20-29,"[9.4719684e-01 2.9586676e-05 1.3376671e-02 1.7749552e-04 2.1823592e-04
 6.7050707e-05 3.8934153e-02]",[9.98359680e-01 1.19135424e-04 8.42248613e-04 6.78903656e-04],[9.999999e-01 6.213484e-08],"[1.1871068e-07 3.5664645e-05 2.3434415e-02 8.8475025e-01 9.0758339e-02
 1.0171835e-03 3.9078409e-06 4.5558103e-08 5.6441068e-10]"
D:\Uni\Ulm\Master\Hiwi-Forschung-und-Lehre\FairFace\detected_faces\855850_face0.jpg,Black,Black,Male,20-29,"[5.3505274e-03 7.6655984e-01 2.0018579e-01 2.9479203e-04 5.8672857e-03
 2.0777607e-02 9.6416095e-04]",[0.00124741 0.96966094 0.00364895 0.02544264],[9.9999994e-01 8.0775685e-08],"[3.7538535e-07 4.6108486e-05 3.3846993e-02 6.8165523e-01 2.4834633e-01
 3.4843735e-02 1.2418473e-03 1.9055200e-05 3.4266043e-07]"
D:\Uni\Ulm\Master\Hiwi-Forschung-und-Lehre\FairFace\detected_faces\855858_face0.jpg,Black,Black,Male,20-29,"[9.6619874e-03 6.0858339e-01 1.8889587e-01 1.4216154e-05 2.9755282e-04
 2.2063083e-03 1.9034067e-01]",[4.0761144e-03 9.9483085e-01 3.7056630e-04 7.2250265e-04],[9.999999e-01 8.575977e-08],"[2.4162753e-07 4.4328310e-05 2.2108667e-02 8.5983872e-01 1.1635769e-01
 1.6431992e-03 7.0175001e-06 1.4732818e-07 2.8826237e-09]"
D:\Uni\Ulm\Master\Hiwi-Forschung-und-Lehre\FairFace\detected_faces\855864_face0.jpg,Black,Black,Male,30-39,"[1.40841930e-05 9.88112509e-01 1.81619718e-03 6.45696389e-07
 1.03755745e-04 9.88484081e-03 6.79142613e-05]",[4.1272197e-05 9.9773061e-01 5.3041388e-04 1.6978108e-03],[1.0000000e+00 2.9891453e-08],"[4.8460350e-07 1.9886522e-06 2.6843068e-04 8.2265481e-02 5.9565347e-01
 2.8661290e-01 3.2702390e-02 2.4440738e-03 5.0785886e-05]"
D:\Uni\Ulm\Master\Hiwi-Forschung-und-Lehre\FairFace\detected_faces\855878_face0.jpg,White,White,Male,20-29,"[9.7899944e-01 3.4436012e-05 8.8062475e-04 6.0165490e-07 9.2336916e-07
 1.7609704e-05 2.0066338e-02]",[9.9968457e-01 2.9082102e-04 2.0130788e-06 2.2559430e-05],[9.9999779e-01 2.1602627e-06],"[3.0366508e-08 3.2839569e-06 1.4962668e-03 7.4816990e-01 2.4814051e-01
 2.1867091e-03 3.3063616e-06 3.1364142e-08 6.9699013e-10]"
D:\Uni\Ulm\Master\Hiwi-Forschung-und-Lehre\FairFace\detected_faces\856062_face0.jpg,Black,Black,Male,20-29,"[1.0055218e-05 9.9847943e-01 7.5647992e-04 1.4155270e-06 4.0999803e-05
 1.6986903e-04 5.4172293e-04]",[6.3694943e-06 9.9990815e-01 3.1780604e-05 5.3715648e-05],[1.0000000e+00 1.9907405e-10],"[4.1244327e-08 1.4440214e-06 1.6995083e-03 6.4932185e-01 3.3570850e-01
 1.3148078e-02 1.1711106e-04 3.3736110e-06 6.6470164e-08]"
D:\Uni\Ulm\Master\Hiwi-Forschung-und-Lehre\FairFace\detected_faces\856065_face0.jpg,White,White,Male,20-29,"[6.6796619e-01 3.4261148e-02 2.7170047e-01 5.9427952e-05 4.4703015e-04
 5.5635697e-04 2.5009459e-02]",[0.8363297  0.15827475 0.00373554 0.00166001],[9.999999e-01 7.931368e-08],"[8.2675041e-07 3.1783686e-05 1.3076770e-02 7.8800207e-01 1.9285423e-01
 5.9494427e-03 8.1307757e-05 3.5539510e-06 4.3169742e-08]"
D:\Uni\Ulm\Master\Hiwi-Forschung-und-Lehre\FairFace\detected_faces\856076_face0.jpg,White,White,Male,20-29,"[9.0263683e-01 3.1469630e-05 6.1436379e-03 1.1333608e-05 4.2759741e-05
 4.7736732e-05 9.1086172e-02]",[9.9491560e-01 3.6571680e-03 3.7144404e-04 1.0558241e-03],[9.9999875e-01 1.2669607e-06],"[1.5382068e-07 5.6124745e-06 2.7422756e-03 6.9157487e-01 2.9979768e-01
 5.8542006e-03 2.4747958e-05 3.8820014e-07 8.9312380e-09]"
D:\Uni\Ulm\Master\Hiwi-Forschung-und-Lehre\FairFace\detected_faces\856077_face0.jpg,White,White,Male,20-29,"[9.3663979e-01 1.5002869e-04 2.9798069e-03 5.3870949e-06 2.9740964e-05
 6.0777933e-05 6.0134467e-02]",[9.9636745e-01 2.9715500e-03 1.5903547e-04 5.0203642e-04],[9.999995e-01 4.733466e-07],"[1.4924491e-07 2.1857299e-05 5.8615142e-03 5.2751130e-01 4.5178649e-01
 1.4775076e-02 4.3495016e-05 1.3610371e-07 1.9766933e-09]"
D:\Uni\Ulm\Master\Hiwi-Forschung-und-Lehre\FairFace\detected_faces\856119_face0.jpg,Latino_Hispanic,Black,Male,20-29,"[1.3320615e-02 2.1926843e-01 4.9381861e-01 3.2369877e-04 7.9212636e-03
 2.3183894e-01 3.3508420e-02]",[0.00367035 0.83181614 0.00333509 0.16117838],[9.9999660e-01 3.3643337e-06],"[3.7797179e-07 1.7735358e-05 6.5090191e-03 8.2030356e-01 1.7085256e-01
 2.3091407e-03 7.4427871e-06 1.6238218e-07 3.5784689e-09]"
D:\Uni\Ulm\Master\Hiwi-Forschung-und-Lehre\FairFace\detected_faces\856123_face0.jpg,Black,Black,Male,30-39,"[4.6996376e-04 9.9276990e-01 4.2220545e-03 6.1698643e-06 4.9443806e-05
 7.5022603e-04 1.7322380e-03]",[4.8267859e-05 9.9986154e-01 1.4975260e-05 7.5354314e-05],[9.9999970e-01 2.4427047e-07],"[2.5191724e-07 6.3989671e-07 2.3440886e-04 1.3011284e-01 4.7525704e-01
 3.1844351e-01 7.2106868e-02 3.7657344e-03 7.8684519e-05]"
D:\Uni\Ulm\Master\Hiwi-Forschung-und-Lehre\FairFace\detected_faces\856132_face0.jpg,Latino_Hispanic,Indian,Male,20-29,"[0.18822256 0.00088767 0.47149497 0.01128755 0.01089773 0.02989339
 0.2873161 ]",[0.39639577 0.02582009 0.04600973 0.53177434],[9.999993e-01 6.552213e-07],"[2.1440208e-07 1.3482786e-05 9.3585886e-03 7.9067039e-01 1.9667454e-01
 3.2562651e-03 2.5765068e-05 7.4717860e-07 1.0845289e-08]"
D:\Uni\Ulm\Master\Hiwi-Forschung-und-Lehre\FairFace\detected_faces\856216_face0.jpg,Latino_Hispanic,White,Male,20-29,"[0.11583467 0.02635514 0.534377   0.00387667 0.0176171  0.0330556
 0.26888382]",[0.3902548  0.23767178 0.17709947 0.19497392],[9.9996954e-01 3.0401183e-05],"[1.6313859e-06 3.7701331e-05 8.6430889e-03 7.6738155e-01 2.2020854e-01
 3.7039190e-03 2.2608347e-05 9.2478138e-07 2.2184542e-08]"
D:\Uni\Ulm\Master\Hiwi-Forschung-und-Lehre\FairFace\detected_faces\856222_face0.jpg,White,White,Male,10-19,"[6.8612313e-01 6.7191984e-05 6.5477438e-02 5.8702688e-05 8.5798762e-05
 2.3136295e-04 2.4795640e-01]",[9.9412167e-01 2.8729280e-03 2.7283296e-04 2.7325253e-03],[9.9988806e-01 1.1191316e-04],"[1.1495851e-07 7.9860172e-04 7.9342085e-01 2.0271353e-01 3.0032003e-03
 6.3183674e-05 4.6928395e-07 2.1431239e-08 5.8808142e-10]"
D:\Uni\Ulm\Master\Hiwi-Forschung-und-Lehre\FairFace\detected_faces\856260_face0.jpg,Black,Black,Male,20-29,"[2.7257363e-07 9.9989796e-01 1.0051693e-05 8.6146727e-08 2.9646108e-06
 8.8130437e-05 4.9560532e-07]",[3.9161515e-07 9.9995166e-01 3.5627468e-06 4.4364679e-05],[0.9985478 0.0014522],"[2.6731689e-07 3.6122285e-05 1.2673218e-02 5.3541237e-01 4.1119355e-01
 3.9712384e-02 9.5078937e-04 2.0067962e-05 1.2478432e-06]"
D:\Uni\Ulm\Master\Hiwi-Forschung-und-Lehre\FairFace\detected_faces\856303_face0.jpg,Black,Black,Male,30-39,"[1.5529533e-04 9.8029220e-01 4.1535753e-03 2.1036954e-07 2.2230397e-05
 1.3539173e-02 1.8372656e-03]",[5.7701451e-05 9.8801768e-01 1.0927168e-04 1.1815406e-02],[9.9999952e-01 4.3652253e-07],"[1.0577958e-07 2.3183977e-06 2.1452345e-04 9.7373486e-02 7.9355627e-01
 1.0778512e-01 1.0631598e-03 4.9990922e-06 4.8312295e-08]"
D:\Uni\Ulm\Master\Hiwi-Forschung-und-Lehre\FairFace\detected_faces\856553_face0.jpg,Black,Black,Male,30-39,"[2.7380722e-06 9.9983484e-01 1.2627320e-04 2.1924173e-07 5.3222388e-06
 2.6432781e-05 4.1677622e-06]",[2.4254391e-06 9.9991614e-01 1.6516997e-05 6.4922184e-05],[9.9997908e-01 2.0924008e-05],"[1.3270494e-06 9.7968477e-06 1.0842750e-03 2.4113885e-01 5.9270006e-01
 1.5909733e-01 5.8655785e-03 9.6278367e-05 6.5738873e-06]"
D:\Uni\Ulm\Master\Hiwi-Forschung-und-Lehre\FairFace\detected_faces\856594_face0.jpg,Middle Eastern,Indian,Male,30-39,"[1.3003079e-02 1.3036998e-02 2.0987932e-01 2.1460273e-05 2.0990685e-04
 1.9337642e-01 5.7047278e-01]",[0.08309501 0.20044385 0.00120749 0.7152536 ],[9.999927e-01 7.302533e-06],"[1.5966009e-05 1.2373496e-04 1.4605356e-03 1.4240131e-01 6.6044402e-01
 1.9181375e-01 3.6930640e-03 4.6924961e-05 6.1858060e-07]"
D:\Uni\Ulm\Master\Hiwi-Forschung-und-Lehre\FairFace\detected_faces\856638_face0.jpg,White,White,Male,30-39,"[9.9554038e-01 1.9779126e-04 2.0584983e-03 6.9470778e-05 3.6926969e-04
 4.1872983e-05 1.7227634e-03]",[9.9822992e-01 1.1350244e-03 2.6520799e-04 3.6986664e-04],[1.000000e+00 3.328669e-08],"[1.3616522e-08 1.9387755e-07 5.8400381e-04 4.7720903e-01 5.0380045e-01
 1.8023880e-02 3.7558912e-04 6.6629977e-06 1.2920093e-07]"
D:\Uni\Ulm\Master\Hiwi-Forschung-und-Lehre\FairFace\detected_faces\856640_face0.jpg,White,White,Male,20-29,"[9.9948633e-01 8.4231982e-07 2.0416749e-04 4.4857151e-07 1.6213866e-06
 6.9250416e-07 3.0606819e-04]",[9.9994612e-01 1.1668445e-05 2.3524908e-05 1.8679062e-05],[1.000000e+00 7.767652e-09],"[7.9288727e-09 7.0226024e-06 1.0862637e-01 8.7428975e-01 1.6498163e-02
 5.6946557e-04 9.1164293e-06 1.5184474e-07 1.3242667e-09]"
D:\Uni\Ulm\Master\Hiwi-Forschung-und-Lehre\FairFace\detected_faces\856668_face0.jpg,White,White,Male,20-29,"[9.7379011e-01 1.7225879e-04 1.3589268e-02 3.2799083e-03 1.9730879e-03
 7.6933102e-05 7.1184142e-03]",[9.9172139e-01 2.4667394e-04 7.9572843e-03 7.4602249e-05],[1.0000000e+00 1.7637188e-08],"[1.6613239e-06 7.1779497e-05 4.5518377e-03 5.2806073e-01 4.4296435e-01
 2.3908528e-02 4.3608760e-04 4.9691284e-06 5.4591027e-08]"
D:\Uni\Ulm\Master\Hiwi-Forschung-und-Lehre\FairFace\detected_faces\856669_face0.jpg,White,White,Male,30-39,"[8.7124074e-01 2.7513952e-05 1.1526052e-02 2.8059281e-05 5.6232777e-05
 3.0591778e-04 1.1681543e-01]",[9.9882948e-01 3.6733472e-05 6.8430221e-05 1.0653213e-03],[9.9996042e-01 3.9590894e-05],"[4.8184575e-06 4.9879840e-05 2.7471874e-03 8.2053840e-02 5.3026724e-01
 3.3189112e-01 5.0756220e-02 2.1948642e-03 3.4967994e-05]"
D:\Uni\Ulm\Master\Hiwi-Forschung-und-Lehre\FairFace\detected_faces\856682_face0.jpg,White,White,Male,20-29,"[6.8614233e-01 5.3691521e-04 1.4307114e-01 8.5975349e-05 4.9219409e-04
 9.3738787e-04 1.6873406e-01]",[9.7960627e-01 1.4950520e-02 5.2578276e-04 4.9173972e-03],[1.000000e+00 8.775593e-09],"[3.15546700e-08 5.78515246e-05 1.00330055e-01 8.52817655e-01
 4.65317182e-02 2.62150454e-04 4.96600592e-07 6.35369579e-09
 4.51508345e-11]"
D:\Uni\Ulm\Master\Hiwi-Forschung-und-Lehre\FairFace\detected_faces\856683_face0.jpg,White,White,Male,30-39,"[8.1636518e-01 2.9556659e-05 9.7347246e-03 3.8366543e-06 2.2604616e-05
 8.6061045e-04 1.7298354e-01]",[9.6421337e-01 2.8676903e-03 2.8783307e-04 3.2631159e-02],[9.999983e-01 1.767110e-06],"[1.8032023e-07 1.7508240e-06 1.6857054e-04 7.6606825e-02 7.6460606e-01
 1.5711839e-01 1.4917279e-03 6.2842737e-06 6.9854458e-08]"
D:\Uni\Ulm\Master\Hiwi-Forschung-und-Lehre\FairFace\detected_faces\856714_face0.jpg,White,White,Male,20-29,"[9.9995148e-01 8.5908987e-08 8.0723539e-06 1.7677857e-08 5.0613558e-08
 2.3474175e-07 4.0048835e-05]",[9.9998891e-01 3.1060943e-06 3.1290128e-07 7.6485148e-06],[9.9999899e-01 1.0042756e-06],"[7.6308287e-10 1.5906942e-07 6.9420406e-04 8.9920628e-01 9.9695459e-02
 4.0317321e-04 7.8347097e-07 2.6703211e-09 6.7035454e-11]"
D:\Uni\Ulm\Master\Hiwi-Forschung-und-Lehre\FairFace\detected_faces\856718_face0.jpg,White,White,Male,20-29,"[6.4572340e-01 6.8304165e-05 1.0701002e-02 1.5982428e-06 7.1568898e-06
 1.8253982e-04 3.4331608e-01]",[9.986442e-01 1.000750e-03 3.716109e-05 3.178510e-04],[9.9999887e-01 1.1397877e-06],"[1.1999636e-08 1.0637895e-06 1.4637592e-03 7.0176244e-01 2.9396650e-01
 2.8003911e-03 5.7937341e-06 5.7579303e-08 6.8546407e-10]"
D:\Uni\Ulm\Master\Hiwi-Forschung-und-Lehre\FairFace\detected_faces\856719_face0.jpg,White,White,Male,20-29,"[9.9366111e-01 3.3896951e-05 2.7270857e-03 3.4395791e-05 1.3527650e-04
 4.4838107e-05 3.3634312e-03]",[9.9692428e-01 4.7226399e-04 1.6149064e-03 9.8852778e-04],[9.9999982e-01 1.8511466e-07],"[1.1033823e-07 4.3123680e-05 3.7589911e-02 8.6259174e-01 9.6655913e-02
 3.0830128e-03 3.5401481e-05 8.1711067e-07 1.3122204e-08]"
D:\Uni\Ulm\Master\Hiwi-Forschung-und-Lehre\FairFace\detected_faces\856720_face0.jpg,White,White,Male,20-29,"[9.9372417e-01 1.0265151e-05 2.8541156e-03 2.7522019e-05 6.6613124e-05
 7.3144538e-06 3.3099286e-03]",[9.9782521e-01 2.8046689e-04 1.7485166e-03 1.4579130e-04],[9.9999958e-01 4.4176858e-07],"[1.6896406e-08 1.1232547e-05 1.4621748e-02 9.2980570e-01 5.5176582e-02
 3.8348543e-04 1.2651007e-06 2.2172197e-08 3.6205314e-10]"
D:\Uni\Ulm\Master\Hiwi-Forschung-und-Lehre\FairFace\detected_faces\856726_face0.jpg,Middle Eastern,Indian,Male,20-29,"[4.7303312e-03 5.1288580e-04 2.6910279e-02 1.5035847e-05 1.1658903e-04
 1.7283034e-02 9.5043182e-01]",[0.23194948 0.20428203 0.00395897 0.5598095 ],[1.0000000e+00 3.0854995e-08],"[1.1517925e-07 2.8406670e-05 1.2548902e-02 8.1648475e-01 1.6856457e-01
 2.3669640e-03 6.1884275e-06 1.1263984e-07 8.5788027e-10]"
D:\Uni\Ulm\Master\Hiwi-Forschung-und-Lehre\FairFace\detected_faces\856729_face0.jpg,White,White,Male,20-29,"[9.9331522e-01 3.2552773e-05 2.2166295e-03 1.2532907e-06 5.8869905e-06
 7.6363931e-06 4.4207210e-03]",[9.9958235e-01 1.9738628e-04 4.1168416e-05 1.7909885e-04],[9.9999964e-01 3.9100050e-07],"[1.8827195e-09 3.7415413e-07 1.2114480e-03 7.8232050e-01 2.1457937e-01
 1.8853024e-03 2.9476762e-06 1.9159339e-08 2.8170624e-10]"
D:\Uni\Ulm\Master\Hiwi-Forschung-und-Lehre\FairFace\detected_faces\856735_face0.jpg,Black,Black,Male,20-29,"[1.3742255e-05 9.9754971e-01 9.4874215e-04 3.1573418e-05 1.2423960e-03
 1.8360239e-04 3.0353171e-05]",[5.9473871e-07 9.9997652e-01 8.7018143e-06 1.4162614e-05],[9.999994e-01 5.945549e-07],"[3.3030169e-08 1.2621976e-04 3.4546942e-01 6.4544648e-01 8.8541796e-03
 1.0350552e-04 2.7593174e-07 8.4066709e-09 3.1569919e-10]"
D:\Uni\Ulm\Master\Hiwi-Forschung-und-Lehre\FairFace\detected_faces\856745_face0.jpg,Black,Black,Male,20-29,"[2.4338653e-06 9.9990207e-01 5.9714945e-05 8.0856218e-08 3.9227148e-06
 2.5385278e-05 6.2715899e-06]",[3.5655674e-07 9.9999183e-01 2.2499914e-06 5.6574795e-06],[9.999995e-01 5.114460e-07],"[8.0387542e-07 1.0790366e-03 2.4161354e-01 7.1165150e-01 4.4581130e-02
 1.0682442e-03 5.6725048e-06 9.0033510e-08 4.1468216e-09]"
D:\Uni\Ulm\Master\Hiwi-Forschung-und-Lehre\FairFace\detected_faces\856776_face0.jpg,Black,Black,Male,20-29,"[1.4867438e-03 4.9161288e-01 3.1676356e-02 1.6891674e-05 2.8905072e-04
 1.3649482e-01 3.3842328e-01]",[3.4137003e-04 9.7990710e-01 3.7323232e-04 1.9378286e-02],[9.9934673e-01 6.5321306e-04],"[9.9679517e-07 1.3536775e-04 1.5808158e-02 5.6691104e-01 4.0372586e-01
 1.3264818e-02 1.4892756e-04 4.6134260e-06 1.8131566e-07]"
D:\Uni\Ulm\Master\Hiwi-Forschung-und-Lehre\FairFace\detected_faces\856799_face0.jpg,White,White,Male,20-29,"[7.0550638e-01 1.0441935e-03 2.6984659e-01 2.3983637e-04 6.6903350e-04
 1.5925235e-03 2.1101365e-02]",[9.9512416e-01 1.6295533e-03 4.9478450e-04 2.7515152e-03],[9.9999958e-01 4.1915035e-07],"[1.3919799e-06 2.8194702e-04 5.2904557e-02 7.3389953e-01 2.0595503e-01
 6.9066519e-03 5.0479150e-05 4.1095990e-07 5.4834666e-09]"
D:\Uni\Ulm\Master\Hiwi-Forschung-und-Lehre\FairFace\detected_faces\856914_face0.jpg,White,White,Male,20-29,"[6.3441938e-01 2.2811776e-03 2.4139392e-01 4.1048226e-04 1.0848711e-03
 4.4735937e-04 1.1996279e-01]",[0.803562   0.18732698 0.00594561 0.00316538],[9.9999952e-01 4.7876387e-07],"[4.4613913e-08 2.2483791e-05 4.4070434e-02 8.5492247e-01 9.8752029e-02
 2.2056871e-03 2.6392405e-05 4.8815571e-07 7.9518072e-09]"
D:\Uni\Ulm\Master\Hiwi-Forschung-und-Lehre\FairFace\detected_faces\857065_face0.jpg,Middle Eastern,White,Male,20-29,"[1.5919656e-01 2.0302786e-03 2.6073602e-01 1.1787716e-04 5.6847004e-04
 4.2252179e-02 5.3509861e-01]",[0.7258646  0.05702605 0.00314904 0.21396032],[9.9999958e-01 4.0998427e-07],"[9.0205344e-07 3.9743554e-05 2.3369000e-03 6.6353518e-01 3.2653710e-01
 7.5296415e-03 2.0259626e-05 2.5956209e-07 3.2403482e-09]"
D:\Uni\Ulm\Master\Hiwi-Forschung-und-Lehre\FairFace\detected_faces\857178_face0.jpg,Middle Eastern,White,Male,30-39,"[1.17227435e-01 1.34881193e-04 4.42831479e-02 1.60922835e-04
 3.09195428e-04 2.18430697e-03 8.35700154e-01]",[9.8084503e-01 9.0095098e-05 6.8970527e-03 1.2167729e-02],[9.9997348e-01 2.6529815e-05],"[1.0035264e-05 5.4532986e-05 3.1148312e-03 3.0199787e-01 6.1254263e-01
 8.0454409e-02 1.7836094e-03 4.1412903e-05 7.4778075e-07]"
D:\Uni\Ulm\Master\Hiwi-Forschung-und-Lehre\FairFace\detected_faces\857179_face0.jpg,Black,Black,Male,30-39,"[3.2946710e-07 9.9998426e-01 4.2918605e-06 4.6301145e-09 9.5019452e-08
 1.0581472e-05 5.0194620e-07]",[1.2112273e-06 9.9998993e-01 1.0712610e-06 7.7474306e-06],[9.999972e-01 2.806339e-06],"[3.83047762e-07 1.26859613e-05 1.20878662e-03 3.03934276e-01
 6.11968219e-01 8.18143934e-02 1.04973279e-03 1.09840585e-05
 5.53027292e-07]"
D:\Uni\Ulm\Master\Hiwi-Forschung-und-Lehre\FairFace\detected_faces\857183_face0.jpg,Middle Eastern,Indian,Male,20-29,"[8.8742338e-03 4.3890595e-06 8.5673379e-03 1.8305964e-06 1.5832407e-05
 3.9893584e-03 9.7854698e-01]",[0.47103605 0.00578974 0.00229102 0.52088314],[9.9999785e-01 2.1167486e-06],"[2.7745801e-07 2.4165840e-05 3.1909305e-03 6.4483529e-01 3.4010473e-01
 1.1819769e-02 2.4659912e-05 2.0713136e-07 3.5380565e-09]"
D:\Uni\Ulm\Master\Hiwi-Forschung-und-Lehre\FairFace\detected_faces\857205_face0.jpg,White,White,Male,20-29,"[9.8437977e-01 1.6513055e-05 2.9368501e-03 4.2805705e-06 8.3420518e-06
 2.6033120e-04 1.2393878e-02]",[9.9910241e-01 2.0152378e-04 1.4020420e-04 5.5588008e-04],[9.9999982e-01 2.5364758e-07],"[2.4027554e-07 1.9556455e-05 2.0593321e-03 5.5059171e-01 4.3267491e-01
 1.4619702e-02 3.4360524e-05 1.8120731e-07 2.5991453e-09]"
D:\Uni\Ulm\Master\Hiwi-Forschung-und-Lehre\FairFace\detected_faces\857227_face0.jpg,White,White,Male,20-29,"[9.7985315e-01 3.3520753e-06 1.0489603e-02 3.0217838e-05 4.8014488e-05
 3.2904412e-05 9.5427493e-03]",[9.9980605e-01 2.3438022e-06 2.0186886e-05 1.7140982e-04],[9.9999899e-01 1.0232021e-06],"[4.1322505e-08 4.1026131e-05 5.0137177e-02 9.1748315e-01 3.2173902e-02
 1.6444174e-04 2.5242178e-07 2.4739155e-09 3.3243911e-11]"
D:\Uni\Ulm\Master\Hiwi-Forschung-und-Lehre\FairFace\detected_faces\857229_face0.jpg,White,White,Male,20-29,"[7.9202634e-01 4.2587544e-05 4.3577790e-02 6.8044428e-05 9.0160793e-05
 3.6683877e-04 1.6382830e-01]",[9.9707031e-01 3.4559745e-04 4.6166731e-04 2.1224928e-03],[9.9999762e-01 2.4078931e-06],"[3.4827710e-07 7.3002637e-05 6.7115322e-02 8.2605457e-01 1.0418241e-01
 2.5627348e-03 1.1455409e-05 9.9835312e-08 1.2572459e-09]"
D:\Uni\Ulm\Master\Hiwi-Forschung-und-Lehre\FairFace\detected_faces\857458_face0.jpg,White,White,Male,20-29,"[9.9966472e-01 4.2590750e-07 6.1194391e-05 1.5086351e-07 4.2921309e-07
 8.7494027e-07 2.7231890e-04]",[9.9964249e-01 1.9207408e-04 7.0286609e-05 9.5202813e-05],[9.9999541e-01 4.5803713e-06],"[1.3930386e-07 1.0990965e-05 1.0791762e-02 6.9199669e-01 2.8278109e-01
 1.4300747e-02 1.1738508e-04 1.1126241e-06 2.1468100e-08]"
D:\Uni\Ulm\Master\Hiwi-Forschung-und-Lehre\FairFace\detected_faces\857470_face0.jpg,White,White,Male,20-29,"[7.2809750e-01 1.1366175e-02 1.7257126e-01 1.8573694e-04 7.6441298e-04
 1.7832402e-03 8.5231580e-02]",[0.9073037  0.05791343 0.00854947 0.02623343],[9.9999982e-01 1.6918577e-07],"[2.3992616e-06 5.9194183e-05 1.2612068e-02 5.6977469e-01 3.8253793e-01
 3.4284547e-02 7.1058393e-04 1.8394067e-05 1.9323309e-07]"
D:\Uni\Ulm\Master\Hiwi-Forschung-und-Lehre\FairFace\detected_faces\857574_face0.jpg,White,White,Male,20-29,"[9.9795657e-01 1.6796206e-06 3.1990529e-04 1.8428024e-06 3.8299245e-06
 1.4775178e-06 1.7146524e-03]",[9.9979997e-01 7.2980452e-05 8.2292099e-05 4.4668279e-05],[9.9999696e-01 3.0388883e-06],"[1.6225746e-08 4.4887820e-06 1.8210253e-02 9.0365416e-01 7.6662652e-02
 1.4612857e-03 7.0582123e-06 5.7298582e-08 9.4363239e-10]"
D:\Uni\Ulm\Master\Hiwi-Forschung-und-Lehre\FairFace\detected_faces\857671_face0.jpg,Black,Black,Male,20-29,"[2.7861865e-04 9.3517447e-01 2.6595619e-02 8.3655636e-05 8.6013069e-03
 2.8934322e-02 3.3195474e-04]",[9.0360445e-05 9.6554500e-01 3.6625841e-03 3.0701989e-02],[9.9997419e-01 2.5789519e-05],"[1.2005473e-08 6.5720900e-07 4.3295543e-03 7.7327490e-01 2.1979111e-01
 2.5972137e-03 6.5198883e-06 4.3257295e-08 1.4181477e-09]"
D:\Uni\Ulm\Master\Hiwi-Forschung-und-Lehre\FairFace\detected_faces\857738_face0.jpg,White,White,Male,20-29,"[6.3477981e-01 2.2505260e-04 3.4402560e-02 4.0639832e-05 1.0473207e-04
 1.3634425e-03 3.2908380e-01]",[9.9889237e-01 2.0475859e-04 9.3876537e-05 8.0900540e-04],[9.9999964e-01 4.0771832e-07],"[6.1909429e-07 6.3899635e-05 1.1952856e-02 9.0994912e-01 7.7625573e-02
 4.0696294e-04 8.8743860e-07 2.4606422e-08 3.2017586e-10]"
D:\Uni\Ulm\Master\Hiwi-Forschung-und-Lehre\FairFace\detected_faces\857740_face0.jpg,Indian,Indian,Male,30-39,"[2.0454966e-02 2.2005651e-03 2.6186755e-01 1.2118005e-04 1.1338349e-03
 6.5546292e-01 5.8758885e-02]",[0.00690773 0.01245437 0.00331384 0.97732407],[9.9999470e-01 5.2313953e-06],"[2.9355891e-05 3.8947965e-04 5.4162815e-03 3.6151132e-01 5.8121419e-01
 5.0949488e-02 4.8345642e-04 6.3911443e-06 8.4227722e-08]"
D:\Uni\Ulm\Master\Hiwi-Forschung-und-Lehre\FairFace\detected_faces\857772_face0.jpg,Indian,Indian,Male,30-39,"[1.4786889e-03 2.1156383e-01 2.0731102e-01 1.5289230e-04 5.1576179e-03
 5.6727844e-01 7.0575546e-03]",[0.01372823 0.20386331 0.00457894 0.77782947],[9.9999791e-01 2.0809875e-06],"[4.4381782e-06 2.4326368e-05 5.0589279e-04 1.4687030e-01 7.1902490e-01
 1.3114491e-01 2.3970031e-03 2.7859933e-05 3.2032105e-07]"
D:\Uni\Ulm\Master\Hiwi-Forschung-und-Lehre\FairFace\detected_faces\857907_face0.jpg,Middle Eastern,White,Male,20-29,"[2.3597157e-01 1.5759806e-06 2.9787140e-03 9.5549058e-06 2.1194714e-05
 3.5753980e-04 7.6065981e-01]",[9.9940532e-01 7.7534743e-05 1.8025571e-04 3.3687821e-04],[9.9999982e-01 1.3331241e-07],"[6.0565787e-07 8.6138753e-04 3.9521456e-01 5.5358058e-01 4.8724107e-02
 1.6158789e-03 2.9046066e-06 4.5002206e-08 2.9168551e-10]"
D:\Uni\Ulm\Master\Hiwi-Forschung-und-Lehre\FairFace\detected_faces\857908_face0.jpg,Middle Eastern,Indian,Male,20-29,"[1.6115128e-01 8.0478434e-03 3.4367481e-01 1.7162201e-04 4.9389212e-04
 2.0155579e-02 4.6630499e-01]",[0.3834933  0.2119867  0.00282771 0.40169227],[9.9999952e-01 4.6973486e-07],"[3.93099208e-06 1.01497839e-03 7.99328238e-02 7.70874083e-01
 1.42411053e-01 5.69784315e-03 6.44035899e-05 9.10538233e-07
 1.20666295e-08]"
D:\Uni\Ulm\Master\Hiwi-Forschung-und-Lehre\FairFace\detected_faces\857915_face0.jpg,White,White,Male,20-29,"[9.8081118e-01 3.3683269e-04 1.0808568e-02 8.8892441e-05 9.9096287e-05
 2.1967280e-05 7.8335442e-03]",[9.9478281e-01 2.7717471e-03 2.4106323e-03 3.4794084e-05],[9.9999982e-01 2.4799382e-07],"[2.1538098e-07 5.8465950e-05 7.6502152e-02 8.9237201e-01 3.0655950e-02
 4.0766245e-04 3.4077116e-06 6.5457918e-08 1.0147170e-09]"
D:\Uni\Ulm\Master\Hiwi-Forschung-und-Lehre\FairFace\detected_faces\857917_face0.jpg,White,White,Male,20-29,"[9.93572354e-01 1.05590525e-05 1.36984710e-03 2.71423869e-06
 4.91577202e-06 5.01144177e-06 5.03451889e-03]",[9.9984145e-01 1.1507232e-04 3.7185568e-05 6.2542954e-06],[9.9999577e-01 4.2284428e-06],"[6.7761050e-08 1.4314307e-04 4.3168491e-01 5.6089705e-01 7.1123424e-03
 1.6085614e-04 1.6035826e-06 4.1740595e-08 8.2827539e-10]"
D:\Uni\Ulm\Master\Hiwi-Forschung-und-Lehre\FairFace\detected_faces\858148_face0.jpg,Latino_Hispanic,White,Male,30-39,"[1.2806097e-01 6.8247155e-04 8.4831375e-01 9.8314381e-04 4.6951193e-03
 6.3063172e-03 1.0958196e-02]",[0.93072456 0.0009727  0.03942564 0.02887714],[9.9999839e-01 1.6287476e-06],"[2.1913849e-07 3.2655180e-06 9.9911541e-04 3.5463828e-01 6.1197186e-01
 3.2218952e-02 1.6651943e-04 1.7586161e-06 1.3110206e-08]"
D:\Uni\Ulm\Master\Hiwi-Forschung-und-Lehre\FairFace\detected_faces\858191_face0.jpg,White,White,Male,20-29,"[8.9000022e-01 2.0678810e-04 2.7265145e-02 2.0491691e-06 1.2506171e-05
 1.8940889e-03 8.0619246e-02]",[9.8858130e-01 5.2104304e-03 5.7416033e-05 6.1509009e-03],[1.000000e+00 3.042969e-08],"[4.0831214e-08 7.6864143e-07 5.8063550e-04 5.5306292e-01 4.3283927e-01
 1.3424873e-02 9.0826463e-05 7.1089744e-07 8.0056815e-09]"
D:\Uni\Ulm\Master\Hiwi-Forschung-und-Lehre\FairFace\detected_faces\858194_face0.jpg,Black,Black,Male,20-29,"[1.1787315e-06 9.9919719e-01 2.0533715e-05 9.1821754e-08 2.2046329e-06
 7.7657186e-04 2.0976413e-06]",[1.5783395e-06 9.9968350e-01 2.1190806e-06 3.1287453e-04],[0.9945246  0.00547537],"[1.5772477e-08 8.8129309e-06 7.9785353e-03 6.4328891e-01 3.3346552e-01
 1.4942018e-02 3.1228599e-04 3.7464258e-06 1.6313696e-07]"
D:\Uni\Ulm\Master\Hiwi-Forschung-und-Lehre\FairFace\detected_faces\858195_face0.jpg,White,White,Male,20-29,"[5.2135527e-01 3.0011847e-04 2.5097266e-01 5.4359862e-05 2.5243979e-04
 5.1152770e-04 2.2655371e-01]",[0.9706652  0.00260706 0.00444041 0.02228739],[9.999643e-01 3.566251e-05],"[6.6533290e-09 3.9176070e-06 7.1965769e-02 8.9610994e-01 3.1532723e-02
 3.8500308e-04 2.5874501e-06 6.5858799e-08 9.1293412e-10]"
D:\Uni\Ulm\Master\Hiwi-Forschung-und-Lehre\FairFace\detected_faces\858254_face0.jpg,White,White,Male,20-29,"[9.6491939e-01 1.2433730e-04 1.6285632e-02 5.3059706e-03 6.7135002e-03
 8.8186416e-06 6.6423030e-03]",[9.7605562e-01 4.0732701e-03 1.9809507e-02 6.1552360e-05],[9.9999106e-01 8.9231307e-06],"[1.4066674e-07 4.6631185e-06 1.2949229e-02 7.2294295e-01 2.4133384e-01
 2.1841291e-02 9.0778770e-04 1.9790526e-05 3.5663106e-07]"
D:\Uni\Ulm\Master\Hiwi-Forschung-und-Lehre\FairFace\detected_faces\858360_face0.jpg,Middle Eastern,White,Male,30-39,"[3.3007529e-01 3.8890238e-04 1.5964535e-01 4.9869175e-04 1.1240366e-03
 5.5193786e-02 4.5307392e-01]",[9.020917e-01 8.164989e-04 5.371696e-03 9.172016e-02],[9.9995810e-01 4.1893465e-05],"[1.6535138e-05 2.9808542e-04 1.5352420e-03 2.8009909e-01 6.5844733e-01
 5.9200760e-02 3.9936588e-04 3.5275280e-06 8.8844224e-08]"
D:\Uni\Ulm\Master\Hiwi-Forschung-und-Lehre\FairFace\detected_faces\858769_face0.jpg,White,White,Male,20-29,"[9.9375337e-01 7.0700303e-06 6.0974114e-04 6.9127555e-07 2.2878880e-06
 3.0646806e-06 5.6237224e-03]",[9.9985164e-01 1.2391161e-04 5.0475123e-06 1.9340534e-05],[9.9996161e-01 3.8420167e-05],"[1.3441970e-08 6.1600458e-06 4.3042552e-02 8.6480147e-01 8.9000367e-02
 3.1085822e-03 4.0153973e-05 6.6755263e-07 1.6557481e-08]"
D:\Uni\Ulm\Master\Hiwi-Forschung-und-Lehre\FairFace\detected_faces\858910_face0.jpg,White,White,Male,20-29,"[9.90962446e-01 2.94480269e-05 5.53635648e-03 3.58766789e-04
 8.98792641e-04 1.46541015e-05 2.19962071e-03]",[9.9905604e-01 1.6733115e-04 7.4365234e-04 3.2949571e-05],[9.9999851e-01 1.5044587e-06],"[2.0193738e-07 2.0275716e-04 1.8678223e-01 7.6676047e-01 4.5113727e-02
 1.1280657e-03 1.2293165e-05 2.6248637e-07 6.9008497e-09]"
D:\Uni\Ulm\Master\Hiwi-Forschung-und-Lehre\FairFace\detected_faces\858911_face0.jpg,Black,Black,Male,20-29,"[4.1923700e-03 6.2246710e-01 3.2351497e-01 2.3664077e-05 7.5688196e-04
 1.4002419e-02 3.5042580e-02]",[0.00640895 0.8981737  0.01731583 0.07810152],[1.0000000e+00 3.5309533e-08],"[2.3253655e-08 2.5188931e-06 6.8545085e-03 8.7571371e-01 1.1565094e-01
 1.7694540e-03 8.6248147e-06 1.5229561e-07 1.7410213e-09]"
D:\Uni\Ulm\Master\Hiwi-Forschung-und-Lehre\FairFace\detected_faces\858912_face0.jpg,Middle Eastern,Indian,Male,20-29,"[2.1810595e-02 1.8341257e-03 2.6363257e-01 3.4778906e-05 2.7929884e-04
 9.0598442e-02 6.2181014e-01]",[0.35854244 0.03569996 0.01187684 0.5938808 ],[9.9999839e-01 1.6248247e-06],"[6.9558962e-07 2.3239309e-05 2.2019919e-03 6.1217451e-01 3.7627727e-01
 9.2980554e-03 2.3831833e-05 4.3064281e-07 5.9047101e-09]"
D:\Uni\Ulm\Master\Hiwi-Forschung-und-Lehre\FairFace\detected_faces\858915_face0.jpg,White,White,Male,10-19,"[9.9530524e-01 7.6956923e-07 3.8839801e-04 1.0581739e-06 2.5555050e-06
 2.9443281e-06 4.2989934e-03]",[9.9998838e-01 2.0522930e-06 2.7991089e-06 6.7970204e-06],[9.9998325e-01 1.6756096e-05],"[8.6733183e-07 2.3653720e-02 9.5331812e-01 2.2830350e-02 1.9048121e-04
 6.4908477e-06 2.1548569e-08 7.1763245e-10 2.9160559e-11]"
D:\Uni\Ulm\Master\Hiwi-Forschung-und-Lehre\FairFace\detected_faces\858946_face0.jpg,Middle Eastern,White,Male,20-29,"[1.8836212e-01 3.8823819e-05 6.1350120e-03 1.0588131e-05 2.6473786e-05
 3.4325020e-04 8.0508375e-01]",[9.4171667e-01 1.1155273e-02 7.9463550e-04 4.6333358e-02],[9.9999893e-01 1.0672651e-06],"[8.6692424e-08 4.8417942e-06 2.2350382e-03 5.9656018e-01 3.9261949e-01
 8.5631888e-03 1.7088711e-05 1.2849827e-07 1.9873050e-09]"
D:\Uni\Ulm\Master\Hiwi-Forschung-und-Lehre\FairFace\detected_faces\859024_face0.jpg,Latino_Hispanic,Indian,Male,30-39,"[2.9461932e-01 9.5128156e-02 3.9200109e-01 2.4841854e-04 1.5309550e-03
 6.9597431e-02 1.4687461e-01]",[0.3036129  0.02654303 0.00372892 0.66611516],[9.9987715e-01 1.2281562e-04],"[3.4337577e-06 7.7566670e-05 8.7054297e-03 4.3131921e-01 5.3273243e-01
 2.6776314e-02 3.7138112e-04 1.3941617e-05 3.1206645e-07]"
D:\Uni\Ulm\Master\Hiwi-Forschung-und-Lehre\FairFace\detected_faces\859025_face0.jpg,Black,Black,Male,20-29,"[1.3063914e-05 9.9975020e-01 1.3888527e-04 9.6658289e-07 2.2562988e-05
 6.3828913e-05 1.0516260e-05]",[2.9103890e-05 9.9990541e-01 4.1639418e-05 2.3855857e-05],[9.9999970e-01 3.2704529e-07],"[5.4743650e-09 4.7081480e-06 2.8395869e-02 9.3416256e-01 3.7231959e-02
 2.0424530e-04 5.6470873e-07 8.8573522e-09 3.4934156e-10]"
D:\Uni\Ulm\Master\Hiwi-Forschung-und-Lehre\FairFace\detected_faces\859266_face0.jpg,Middle Eastern,White,Male,30-39,"[1.3073057e-01 1.3939284e-03 6.5328456e-02 1.3796313e-06 1.0491678e-05
 3.5367536e-03 7.9899848e-01]",[9.5477647e-01 1.8113311e-02 2.4866799e-04 2.6861535e-02],[9.9999779e-01 2.1920773e-06],"[7.3863170e-08 1.9711015e-06 1.7312559e-04 1.6442204e-01 8.0044800e-01
 3.4896437e-02 5.8118530e-05 2.3142451e-07 1.9454396e-09]"
D:\Uni\Ulm\Master\Hiwi-Forschung-und-Lehre\FairFace\detected_faces\859520_face0.jpg,Black,Black,Male,20-29,"[6.0076951e-07 9.9995756e-01 5.8470359e-06 1.7237177e-09 3.3912706e-08
 3.1388408e-05 4.5877823e-06]",[2.1465794e-07 9.9999326e-01 1.0486632e-07 6.4373348e-06],[9.9999583e-01 4.1315034e-06],"[2.00300647e-07 1.12200760e-04 1.35915065e-02 5.25750279e-01
 4.23640221e-01 3.64311375e-02 4.66474216e-04 7.73963984e-06
 2.87151977e-07]"
D:\Uni\Ulm\Master\Hiwi-Forschung-und-Lehre\FairFace\detected_faces\859739_face0.jpg,Middle Eastern,White,Male,30-39,"[5.3973719e-02 3.3316648e-04 1.2919788e-01 8.9127025e-05 4.1584668e-04
 1.3808284e-02 8.0218196e-01]",[0.6774816  0.00134456 0.00277352 0.3184004 ],[9.9999893e-01 1.1328378e-06],"[2.5918587e-06 1.3461659e-05 2.7809024e-04 1.3451447e-01 7.7293354e-01
 9.1616742e-02 6.3721405e-04 3.8475650e-06 4.2348894e-08]"
D:\Uni\Ulm\Master\Hiwi-Forschung-und-Lehre\FairFace\detected_faces\859752_face0.jpg,White,White,Male,20-29,"[9.3704897e-01 2.5193705e-05 9.2466676e-04 8.1734506e-06 2.5915466e-05
 2.0190225e-06 6.1965108e-02]",[9.9979740e-01 1.8843406e-04 1.2840420e-05 1.3455148e-06],[9.9990785e-01 9.2141898e-05],"[5.4159514e-08 2.4134144e-05 1.5461211e-01 8.0802500e-01 3.6187459e-02
 1.1374074e-03 1.3497844e-05 2.9472611e-07 4.2610404e-09]"
D:\Uni\Ulm\Master\Hiwi-Forschung-und-Lehre\FairFace\detected_faces\859763_face0.jpg,Latino_Hispanic,Black,Male,20-29,"[1.1444199e-01 3.7715729e-02 8.1937599e-01 3.0621875e-04 1.8687970e-03
 3.2173302e-03 2.3073945e-02]",[0.04227579 0.90209943 0.04331125 0.01231351],[9.9999857e-01 1.4092215e-06],"[8.83966944e-09 1.19789888e-06 6.79369224e-03 8.68499875e-01
 1.23042755e-01 1.65420026e-03 8.04760202e-06 1.52659126e-07
 2.02948769e-09]"
D:\Uni\Ulm\Master\Hiwi-Forschung-und-Lehre\FairFace\detected_faces\859764_face0.jpg,White,White,Male,20-29,"[6.1628181e-01 2.4266419e-04 1.2009009e-01 6.6284253e-04 1.3433379e-03
 4.4999094e-04 2.6092932e-01]",[0.8822867  0.00389027 0.08833099 0.02549197],[1.000000e+00 8.065303e-09],"[4.3454551e-07 1.4673859e-04 3.3910215e-02 8.6379498e-01 1.0071750e-01
 1.4245998e-03 5.4090351e-06 9.9517457e-08 8.1838658e-10]"
D:\Uni\Ulm\Master\Hiwi-Forschung-und-Lehre\FairFace\detected_faces\859765_face0.jpg,White,White,Male,20-29,"[9.9501985e-01 4.4175131e-06 3.2847218e-04 1.2738976e-06 3.1859579e-06
 2.9658906e-06 4.6399455e-03]",[9.9992085e-01 6.4504340e-05 8.1752860e-06 6.4429173e-06],[9.9989277e-01 1.0724172e-04],"[1.1224840e-09 3.0146148e-06 5.3540945e-02 9.3699491e-01 9.4272504e-03
 3.3756914e-05 1.3438078e-07 1.7028909e-09 5.3131138e-11]"
D:\Uni\Ulm\Master\Hiwi-Forschung-und-Lehre\FairFace\detected_faces\859766_face0.jpg,White,White,Male,10-19,"[9.9911785e-01 8.7657291e-08 3.4568104e-05 3.9416088e-07 4.9053580e-07
 1.7980834e-07 8.4647158e-04]",[9.9989694e-01 5.0109793e-05 4.6935467e-05 6.0151651e-06],[9.9999756e-01 2.3982636e-06],"[1.1652203e-06 1.3069572e-02 9.7136158e-01 1.5383722e-02 1.7266757e-04
 1.1236473e-05 1.1502893e-07 6.7614825e-09 3.3232023e-10]"
D:\Uni\Ulm\Master\Hiwi-Forschung-und-Lehre\FairFace\detected_faces\859767_face0.jpg,White,White,Male,30-39,"[5.8835661e-01 3.0956644e-04 1.6874115e-01 6.6827248e-05 1.5861669e-04
 3.3956915e-03 2.3897150e-01]",[9.9611413e-01 7.1800430e-05 3.9062658e-04 3.4234277e-03],[9.9999684e-01 3.1969560e-06],"[2.4434753e-06 4.6549456e-05 1.6539957e-03 3.6867595e-01 5.9707707e-01
 3.2372557e-02 1.6913108e-04 2.3012740e-06 2.0327581e-08]"
D:\Uni\Ulm\Master\Hiwi-Forschung-und-Lehre\FairFace\detected_faces\859768_face0.jpg,Middle Eastern,White,Male,20-29,"[1.9621623e-01 4.3880686e-05 4.1471846e-02 8.2519947e-04 1.0564816e-03
 6.9414545e-04 7.5969219e-01]",[9.9626917e-01 1.6481636e-04 1.8293140e-03 1.7367862e-03],[9.999308e-01 6.923705e-05],"[2.5999604e-08 6.4691235e-06 2.9012870e-02 8.9788568e-01 7.2504677e-02
 5.8851176e-04 1.7684941e-06 2.7819810e-08 9.2782843e-10]"
D:\Uni\Ulm\Master\Hiwi-Forschung-und-Lehre\FairFace\detected_faces\859769_face0.jpg,Middle Eastern,White,Male,20-29,"[2.9548934e-02 5.5013243e-03 7.4343771e-02 4.5292677e-06 3.4417637e-05
 9.8970172e-04 8.8957739e-01]",[9.9328315e-01 5.0595417e-03 4.6729966e-04 1.1900176e-03],[9.9999994e-01 3.6401687e-08],"[3.4963173e-07 1.8501189e-05 5.0184918e-03 7.8304619e-01 2.0941648e-01
 2.4886159e-03 1.1072781e-05 2.5960850e-07 2.8873610e-09]"
D:\Uni\Ulm\Master\Hiwi-Forschung-und-Lehre\FairFace\detected_faces\859772_face0.jpg,White,White,Male,20-29,"[5.4488152e-01 2.0660309e-03 1.3988875e-01 2.1593556e-04 4.8366966e-04
 1.7734970e-03 3.1069067e-01]",[0.8985106  0.08304227 0.00326008 0.01518704],[9.9999720e-01 2.8345044e-06],"[1.8546334e-07 1.0629358e-04 3.4718663e-02 8.6106306e-01 1.0232088e-01
 1.7828721e-03 7.9241518e-06 1.3468231e-07 2.3127116e-09]"
D:\Uni\Ulm\Master\Hiwi-Forschung-und-Lehre\FairFace\detected_faces\859773_face0.jpg,White,White,Male,20-29,"[9.7109413e-01 3.8917267e-05 1.1760293e-02 2.3945624e-05 5.7915226e-05
 7.8102072e-05 1.6946694e-02]",[9.9905854e-01 3.8244453e-04 2.8470450e-04 2.7429560e-04],[9.9999750e-01 2.4908024e-06],"[1.3044179e-08 5.1464758e-06 5.7307542e-03 9.5044214e-01 4.3724801e-02
 9.6948294e-05 1.4583600e-07 4.2754942e-09 7.9601228e-11]"
D:\Uni\Ulm\Master\Hiwi-Forschung-und-Lehre\FairFace\detected_faces\859774_face0.jpg,Middle Eastern,White,Male,30-39,"[4.0927342e-01 4.9472782e-03 1.6251083e-01 2.1342694e-06 1.7670158e-05
 9.8318327e-03 4.1341677e-01]",[9.2499143e-01 5.5096332e-02 4.0970514e-05 1.9871229e-02],[9.9998492e-01 1.5067322e-05],"[7.7378218e-06 1.2590067e-04 2.9863557e-03 3.3585227e-01 5.8489221e-01
 7.3139139e-02 2.9387213e-03 5.6748719e-05 8.8267501e-07]"
D:\Uni\Ulm\Master\Hiwi-Forschung-und-Lehre\FairFace\detected_faces\859896_face0.jpg,Black,Black,Male,20-29,"[3.6635622e-03 8.8604265e-01 9.5637552e-02 2.5784122e-04 5.4634283e-03
 6.5359464e-03 2.3990097e-03]",[1.9684010e-04 9.9531269e-01 1.2611918e-03 3.2292323e-03],[9.9999976e-01 2.8134806e-07],"[2.2268273e-08 6.0823805e-07 3.2202955e-03 8.1156415e-01 1.8105388e-01
 4.0985174e-03 6.1441184e-05 1.1450661e-06 2.7693972e-08]"
D:\Uni\Ulm\Master\Hiwi-Forschung-und-Lehre\FairFace\detected_faces\859900_face0.jpg,Middle Eastern,Black,Male,20-29,"[2.4703124e-03 1.5849239e-01 3.4130666e-02 1.3289438e-04 1.7033524e-03
 3.4487447e-01 4.5819587e-01]",[0.0014103  0.9416604  0.0024815  0.05444785],[1.00000e+00 5.90471e-09],"[1.1272810e-08 2.9565765e-06 2.1190350e-03 6.3989544e-01 3.4800020e-01
 9.9210143e-03 6.0726783e-05 7.0261194e-07 5.4658660e-09]"
D:\Uni\Ulm\Master\Hiwi-Forschung-und-Lehre\FairFace\detected_faces\859901_face0.jpg,White,White,Male,30-39,"[9.9972153e-01 2.3851672e-07 2.1232399e-05 8.5317566e-08 2.0479175e-07
 5.5007268e-07 2.5619901e-04]",[9.9997979e-01 2.5740562e-06 3.5022667e-06 1.4039068e-05],[9.9999946e-01 5.8028166e-07],"[5.9517841e-08 1.1230566e-06 7.2441966e-04 4.3442112e-01 5.2208453e-01
 4.1545048e-02 1.2010052e-03 2.2261222e-05 4.5690413e-07]"
D:\Uni\Ulm\Master\Hiwi-Forschung-und-Lehre\FairFace\detected_faces\859917_face0.jpg,White,White,Male,20-29,"[9.9909633e-01 7.6337901e-06 1.3196161e-04 7.8387857e-06 2.5334355e-05
 4.0481932e-06 7.2679238e-04]",[9.9943048e-01 5.8235750e-05 4.6529429e-04 4.5956906e-05],[9.9999952e-01 4.1743485e-07],"[9.9294521e-06 3.2628397e-04 6.5373178e-03 6.2798917e-01 3.4736526e-01
 1.7557273e-02 2.1073653e-04 3.9721181e-06 1.2514623e-07]"
D:\Uni\Ulm\Master\Hiwi-Forschung-und-Lehre\FairFace\detected_faces\859961_face0.jpg,Middle Eastern,White,Male,30-39,"[1.9943729e-01 1.9942599e-03 5.7896655e-02 1.5099373e-04 2.6369101e-04
 2.5886549e-03 7.3766845e-01]",[0.98449284 0.00410446 0.00259053 0.00881217],[9.9944955e-01 5.5043359e-04],"[9.3728710e-07 1.0123469e-05 3.1584050e-03 4.5819286e-01 5.1938331e-01
 1.9022431e-02 2.2457047e-04 7.1573309e-06 1.6824259e-07]"
D:\Uni\Ulm\Master\Hiwi-Forschung-und-Lehre\FairFace\detected_faces\859999_face0.jpg,Latino_Hispanic,White,Male,20-29,"[0.4185137  0.00320959 0.5254463  0.00288636 0.01010305 0.00264159
 0.03719937]",[0.5364884  0.04927732 0.28045228 0.133782  ],[9.9999952e-01 4.4262362e-07],"[4.0962377e-08 1.2020874e-06 3.7308796e-03 6.2184340e-01 3.3853808e-01
 3.4516525e-02 1.3436455e-03 2.5880576e-05 3.3342170e-07]"
D:\Uni\Ulm\Master\Hiwi-Forschung-und-Lehre\FairFace\detected_faces\860205_face0.jpg,Black,Black,Male,20-29,"[0.00661407 0.5095986  0.31015694 0.00903663 0.14558133 0.01796192
 0.00105048]",[0.0067759  0.9052548  0.05923805 0.02873131],[9.999999e-01 9.309886e-08],"[1.09315074e-07 2.59692138e-06 1.99641078e-03 5.57386816e-01
 4.15838778e-01 2.44942438e-02 2.75126309e-04 5.75302238e-06
 9.34496285e-08]"
D:\Uni\Ulm\Master\Hiwi-Forschung-und-Lehre\FairFace\detected_faces\860306_face0.jpg,White,White,Male,20-29,"[9.6768683e-01 1.2589421e-02 1.1585000e-02 5.1140285e-04 2.4335524e-03
 3.4183093e-05 5.1596565e-03]",[7.5948834e-01 2.2046956e-01 1.9483691e-02 5.5840635e-04],[9.9998754e-01 1.2444143e-05],"[2.75361290e-05 1.19121475e-02 4.65342581e-01 4.86597478e-01
 3.32410522e-02 2.76021333e-03 1.05613268e-04 1.21695202e-05
 1.21638618e-06]"
D:\Uni\Ulm\Master\Hiwi-Forschung-und-Lehre\FairFace\detected_faces\860378_face0.jpg,Middle Eastern,White,Male,30-39,"[8.5695028e-02 2.9570702e-04 1.0295316e-02 5.8459642e-07 5.3957137e-06
 1.7381476e-02 8.8632649e-01]",[8.4096944e-01 1.0737831e-02 1.5813726e-04 1.4813454e-01],[9.9998653e-01 1.3466705e-05],"[5.1979674e-07 5.5498258e-05 4.5767874e-03 4.6652466e-01 5.0373012e-01
 2.5030266e-02 8.1468737e-05 6.6761305e-07 1.0030453e-08]"
D:\Uni\Ulm\Master\Hiwi-Forschung-und-Lehre\FairFace\detected_faces\860435_face0.jpg,White,White,Male,20-29,"[9.9209350e-01 8.4971027e-05 3.0468570e-03 5.9666436e-06 1.6725211e-05
 1.0413834e-05 4.7415695e-03]",[9.9647832e-01 3.2348982e-03 5.4854696e-05 2.3190962e-04],[1.0000000e+00 2.6467115e-08],"[1.9076560e-07 5.7495450e-05 3.5187524e-02 9.0291196e-01 6.1550710e-02
 2.9125548e-04 8.2705401e-07 1.2990432e-08 2.2600577e-10]"
D:\Uni\Ulm\Master\Hiwi-Forschung-und-Lehre\FairFace\detected_faces\860461_face0.jpg,White,White,Male,20-29,"[9.3496084e-01 9.6384669e-05 4.3392725e-02 1.4799602e-04 4.7727747e-04
 5.9498492e-05 2.0865364e-02]",[9.9518865e-01 3.0519769e-03 1.6976041e-03 6.1683284e-05],[9.9999976e-01 1.7790497e-07],"[1.1658582e-06 2.8947624e-04 1.7409047e-01 6.9058174e-01 1.2751146e-01
 7.4265832e-03 9.7427270e-05 1.6701756e-06 2.6576480e-08]"
D:\Uni\Ulm\Master\Hiwi-Forschung-und-Lehre\FairFace\detected_faces\860531_face0.jpg,White,White,Male,10-19,"[7.7650994e-01 8.3481391e-06 9.4126603e-03 1.2780660e-05 2.8243023e-05
 9.9036231e-05 2.1392895e-01]",[9.9918282e-01 3.9052594e-04 1.3474353e-04 2.9195988e-04],[9.999118e-01 8.821094e-05],"[1.0989949e-05 7.6375357e-03 8.0544150e-01 1.7265065e-01 1.3438978e-02
 8.0847461e-04 1.1451189e-05 4.4570288e-07 1.1726189e-08]"
D:\Uni\Ulm\Master\Hiwi-Forschung-und-Lehre\FairFace\detected_faces\860683_face0.jpg,White,White,Male,30-39,"[9.8905295e-01 2.9479548e-05 7.3843184e-03 3.1816197e-04 5.0514616e-04
 1.8239288e-04 2.5275974e-03]",[0.9753925  0.00585672 0.00547477 0.01327602],[1.0000000e+00 8.6664995e-09],"[2.2134365e-07 5.3565777e-06 7.7415066e-04 1.1595240e-01 4.6287486e-01
 3.7228486e-01 4.7470652e-02 6.3295814e-04 4.6015957e-06]"
D:\Uni\Ulm\Master\Hiwi-Forschung-und-Lehre\FairFace\detected_faces\860764_face0.jpg,White,White,Male,20-29,"[9.9888295e-01 6.8202130e-06 3.1594050e-04 6.6418625e-06 1.3145914e-05
 2.8663267e-06 7.7165628e-04]",[9.9747467e-01 1.0050777e-03 7.6961465e-04 7.5063185e-04],[9.9999344e-01 6.5752815e-06],"[5.3548028e-09 7.5132948e-07 8.7637194e-03 8.8659358e-01 1.0094174e-01
 3.6225661e-03 7.6670811e-05 9.8920179e-07 2.1290806e-08]"
D:\Uni\Ulm\Master\Hiwi-Forschung-und-Lehre\FairFace\detected_faces\860765_face0.jpg,White,White,Male,20-29,"[4.5776862e-01 1.9317901e-02 2.2723559e-01 3.1162348e-05 1.5617126e-04
 1.9921574e-03 2.9349840e-01]",[8.0264550e-01 1.3855615e-01 6.1151129e-04 5.8186810e-02],[9.9999744e-01 2.5437071e-06],"[3.8185945e-07 1.7054528e-05 2.7405165e-02 6.3850284e-01 2.7447301e-01
 5.4791071e-02 4.7518960e-03 5.7922938e-05 5.8173322e-07]"
D:\Uni\Ulm\Master\Hiwi-Forschung-und-Lehre\FairFace\detected_faces\861243_face0.jpg,Middle Eastern,White,Male,30-39,"[2.7312306e-01 7.4012351e-04 2.4081630e-01 2.6229510e-04 4.4528468e-04
 8.5501447e-03 4.7606272e-01]",[0.8930302  0.00204098 0.00508994 0.09983879],[9.9999726e-01 2.7238179e-06],"[4.5694401e-06 2.6423644e-05 1.0417581e-03 2.3516123e-01 6.9667047e-01
 6.6477381e-02 6.1247649e-04 5.6462409e-06 5.8106576e-08]"
D:\Uni\Ulm\Master\Hiwi-Forschung-und-Lehre\FairFace\detected_faces\861277_face0.jpg,White,White,Male,20-29,"[8.19530427e-01 4.30840046e-05 5.63667640e-02 7.16058639e-05
 1.17115189e-04 1.07670540e-03 1.22794405e-01]",[9.8469573e-01 1.0898168e-04 1.4416210e-03 1.3753568e-02],[0.99799    0.00200997],"[9.2540012e-07 1.4814502e-04 5.0425548e-02 7.2477669e-01 2.0909056e-01
 1.5286654e-02 2.6863505e-04 2.7821359e-06 6.1477472e-08]"
D:\Uni\Ulm\Master\Hiwi-Forschung-und-Lehre\FairFace\detected_faces\861307_face0.jpg,White,White,Male,20-29,"[4.5350838e-01 1.1400242e-03 1.8214832e-01 1.4374331e-04 3.9068851e-04
 7.9089979e-04 3.6187798e-01]",[0.9929993  0.00238107 0.00243866 0.002181  ],[9.9999976e-01 2.1236751e-07],"[1.2577172e-07 2.4950026e-05 2.4910295e-02 8.8390648e-01 9.0261988e-02
 8.9062331e-04 5.3253225e-06 1.3208850e-07 1.6620940e-09]"
D:\Uni\Ulm\Master\Hiwi-Forschung-und-Lehre\FairFace\detected_faces\861317_face0.jpg,Middle Eastern,White,Male,30-39,"[2.7706280e-01 2.7637082e-04 7.2143711e-02 2.1421865e-05 4.8158465e-05
 4.5253970e-03 6.4592212e-01]",[9.8703736e-01 1.3464007e-03 1.3991394e-04 1.1476294e-02],[9.999438e-01 5.621444e-05],"[3.39409016e-05 2.27915662e-04 3.16216680e-03 4.72282022e-01
 5.04853070e-01 1.93369612e-02 1.02884725e-04 1.04329808e-06
 1.49931321e-08]"
D:\Uni\Ulm\Master\Hiwi-Forschung-und-Lehre\FairFace\detected_faces\861370_face0.jpg,Middle Eastern,White,Male,30-39,"[2.1889500e-02 9.7507924e-05 9.0549840e-03 1.4463331e-05 3.9149912e-05
 1.2614181e-03 9.6764296e-01]",[0.98815733 0.00595643 0.00248633 0.00339992],[9.9998325e-01 1.6800615e-05],"[3.0143057e-05 3.6103005e-04 4.8128911e-03 3.6656827e-01 5.7364118e-01
 5.3894803e-02 6.7418232e-04 1.7155435e-05 2.2510427e-07]"
D:\Uni\Ulm\Master\Hiwi-Forschung-und-Lehre\FairFace\detected_faces\861818_face0.jpg,Black,Black,Male,20-29,"[7.3754103e-07 9.9999404e-01 1.5164702e-06 4.3934905e-09 7.2604578e-08
 3.0445879e-06 5.8089347e-07]",[2.3958708e-06 9.9999326e-01 2.9997677e-06 1.3195209e-06],[9.9998611e-01 1.3884541e-05],"[2.54324164e-06 6.85590273e-03 1.29041851e-01 7.45038748e-01
 1.16849005e-01 2.19716760e-03 1.44637488e-05 3.13607131e-07
 1.78136919e-08]"
D:\Uni\Ulm\Master\Hiwi-Forschung-und-Lehre\FairFace\detected_faces\861970_face0.jpg,White,White,Male,20-29,"[9.6340996e-01 8.9906018e-05 1.5075348e-02 6.8691343e-06 3.0521976e-05
 1.6496472e-04 2.1222498e-02]",[9.9967152e-01 1.4281791e-04 4.2463311e-05 1.4314710e-04],[9.9999970e-01 2.8377153e-07],"[8.0087759e-08 6.2386716e-06 4.9107061e-03 7.6514286e-01 2.2396226e-01
 5.9395623e-03 3.7736176e-05 5.4932730e-07 6.6796746e-09]"
D:\Uni\Ulm\Master\Hiwi-Forschung-und-Lehre\FairFace\detected_faces\861972_face0.jpg,Black,Black,Male,20-29,"[9.5577207e-07 9.9998909e-01 7.6867036e-06 2.3819813e-09 3.8364227e-08
 1.5717704e-06 6.5174305e-07]",[6.8024150e-07 9.9999577e-01 1.6407654e-07 3.3274980e-06],[9.9999857e-01 1.4644128e-06],"[3.7933070e-09 1.0330009e-06 5.5073919e-03 7.4320096e-01 2.4563926e-01
 5.6258217e-03 2.5207835e-05 2.6302348e-07 8.7202183e-09]"
D:\Uni\Ulm\Master\Hiwi-Forschung-und-Lehre\FairFace\detected_faces\861974_face0.jpg,Black,Black,Male,20-29,"[1.3602064e-05 9.9286759e-01 3.9279275e-04 1.6096312e-05 5.0736615e-04
 6.1732889e-03 2.9186334e-05]",[6.6190455e-06 9.9915314e-01 2.6012385e-05 8.1419497e-04],[9.9999249e-01 7.5348535e-06],"[8.9784294e-08 2.3413617e-05 1.9995201e-02 7.8564143e-01 1.8754345e-01
 6.6971481e-03 9.6483178e-05 2.6671828e-06 1.1549805e-07]"
D:\Uni\Ulm\Master\Hiwi-Forschung-und-Lehre\FairFace\detected_faces\861981_face0.jpg,Black,Black,Male,20-29,"[6.0687245e-05 9.9651515e-01 2.5019203e-03 1.5296371e-05 6.6325750e-04
 2.0745135e-04 3.6314621e-05]",[3.9676044e-05 9.9972832e-01 1.7843302e-04 5.3526037e-05],[9.9999738e-01 2.6268356e-06],"[1.2561634e-07 6.0859170e-06 1.1106687e-02 8.2016385e-01 1.6500758e-01
 3.6704091e-03 4.4324632e-05 9.5382177e-07 3.9093859e-08]"
D:\Uni\Ulm\Master\Hiwi-Forschung-und-Lehre\FairFace\detected_faces\862011_face0.jpg,Black,Black,Male,30-39,"[2.8334118e-06 9.9977005e-01 8.7469780e-05 4.4412412e-09 1.6835958e-07
 1.3669317e-04 2.7392855e-06]",[1.0270766e-05 9.9994129e-01 2.2124173e-06 4.6219080e-05],[9.9999976e-01 1.7830055e-07],"[2.2357542e-08 2.2149520e-06 1.2167939e-03 3.0278787e-01 5.8211756e-01
 1.1104662e-01 2.7968278e-03 3.1578995e-05 5.2561580e-07]"
D:\Uni\Ulm\Master\Hiwi-Forschung-und-Lehre\FairFace\detected_faces\862035_face0.jpg,White,White,Male,20-29,"[9.9195427e-01 1.6116264e-04 1.0613734e-03 2.9966147e-06 8.9125933e-06
 6.7457627e-06 6.8046963e-03]",[9.2569673e-01 7.3817544e-02 7.7043456e-05 4.0870401e-04],[9.9999690e-01 3.0834576e-06],"[3.3645856e-07 4.3872598e-05 1.1277177e-02 8.9926481e-01 8.8519067e-02
 8.8969315e-04 4.9330297e-06 1.3897288e-07 4.7406563e-09]"
D:\Uni\Ulm\Master\Hiwi-Forschung-und-Lehre\FairFace\detected_faces\862055_face0.jpg,Black,Black,Male,20-29,"[1.8493853e-04 9.6169472e-01 1.6999450e-02 1.3383966e-05 4.6786934e-04
 1.7470114e-02 3.1694847e-03]",[9.6504909e-06 9.9868155e-01 6.0700720e-05 1.2481614e-03],[9.9999589e-01 4.1410385e-06],"[8.0846286e-07 3.0856166e-04 9.6430093e-02 8.0021971e-01 9.7554579e-02
 5.3933063e-03 9.0172667e-05 2.7350259e-06 5.3316583e-08]"
D:\Uni\Ulm\Master\Hiwi-Forschung-und-Lehre\FairFace\detected_faces\862063_face0.jpg,White,White,Male,20-29,"[9.0275222e-01 2.5031710e-04 3.8991231e-02 2.4375131e-05 5.9930866e-05
 3.7066321e-04 5.7551146e-02]",[9.8498791e-01 8.4514945e-04 3.4553715e-04 1.3821407e-02],[9.9999905e-01 9.3097316e-07],"[1.6203914e-07 2.9333456e-05 2.3194779e-02 7.7518654e-01 1.8594986e-01
 1.5340163e-02 2.9553092e-04 3.6258964e-06 3.7516770e-08]"
D:\Uni\Ulm\Master\Hiwi-Forschung-und-Lehre\FairFace\detected_faces\862075_face0.jpg,Latino_Hispanic,Black,Male,20-29,"[4.4405563e-03 3.7315476e-01 5.9349298e-01 1.0795980e-04 2.9456650e-03
 2.0746801e-02 5.1113637e-03]",[0.01848302 0.8809516  0.01251445 0.0880509 ],[9.9999976e-01 2.5612636e-07],"[1.07625192e-06 4.11826186e-05 5.91181265e-03 6.29455924e-01
 3.50296229e-01 1.41680315e-02 1.24478800e-04 1.33009178e-06
 1.71085794e-08]"
D:\Uni\Ulm\Master\Hiwi-Forschung-und-Lehre\FairFace\detected_faces\862083_face0.jpg,Black,Black,Male,20-29,"[5.9473763e-07 9.9998039e-01 6.7488454e-06 2.6482994e-07 4.2071943e-06
 7.4819122e-06 3.1759936e-07]",[1.1863835e-06 9.9996084e-01 2.8898554e-05 9.0110161e-06],[0.9960166  0.00398334],"[2.2039220e-07 5.4832395e-05 5.5878978e-02 7.8490734e-01 1.5047120e-01
 8.4780715e-03 2.0461038e-04 4.3427485e-06 3.0587981e-07]"
D:\Uni\Ulm\Master\Hiwi-Forschung-und-Lehre\FairFace\detected_faces\862223_face0.jpg,Latino_Hispanic,White,Male,20-29,"[2.3384725e-01 7.4211888e-02 5.1008123e-01 9.6459576e-07 9.7407028e-06
 5.7748766e-03 1.7607409e-01]",[7.3276293e-01 1.1685959e-01 6.4705627e-04 1.4973044e-01],[9.9999940e-01 6.2722137e-07],"[7.6371720e-08 1.1364837e-06 1.6519226e-03 5.0321126e-01 4.5939198e-01
 3.4749623e-02 9.8067278e-04 1.3211426e-05 7.7333297e-08]"
D:\Uni\Ulm\Master\Hiwi-Forschung-und-Lehre\FairFace\detected_faces\862238_face0.jpg,Middle Eastern,White,Male,20-29,"[3.1956148e-01 2.7436603e-04 4.2144347e-02 2.9834362e-06 1.6942315e-05
 7.9219241e-04 6.3720775e-01]",[0.93442196 0.03051498 0.00098348 0.03407963],[9.99999881e-01 1.12940185e-07],"[8.3470200e-09 3.7964967e-06 5.5289967e-03 9.3650967e-01 5.7828169e-02
 1.2935317e-04 5.6199028e-08 5.9222416e-10 6.3435620e-12]"
D:\Uni\Ulm\Master\Hiwi-Forschung-und-Lehre\FairFace\detected_faces\862240_face0.jpg,White,White,Male,20-29,"[9.7247702e-01 2.5695939e-05 5.1835398e-03 3.6383746e-05 6.3206033e-05
 5.6191428e-05 2.2157865e-02]",[9.9910522e-01 1.8701074e-05 6.6365110e-04 2.1240016e-04],[9.999940e-01 6.004717e-06],"[1.8756467e-08 5.8193780e-07 1.8439064e-03 7.0917273e-01 2.7706897e-01
 1.1820300e-02 9.1922077e-05 1.5856915e-06 2.7091321e-08]"
D:\Uni\Ulm\Master\Hiwi-Forschung-und-Lehre\FairFace\detected_faces\862372_face0.jpg,Middle Eastern,White,Male,20-29,"[1.2456626e-01 6.4526772e-04 1.4866033e-01 7.8104040e-06 4.0675503e-05
 7.4069416e-03 7.1867269e-01]",[0.8588878  0.03041665 0.00133003 0.1093656 ],[9.9999309e-01 6.9814882e-06],"[3.1999642e-07 1.4040461e-04 6.2051617e-02 8.7659508e-01 6.0686745e-02
 5.2403926e-04 1.8419377e-06 5.8151709e-08 8.9840207e-10]"
D:\Uni\Ulm\Master\Hiwi-Forschung-und-Lehre\FairFace\detected_faces\862373_face0.jpg,Latino_Hispanic,Asian,Male,20-29,"[0.03497168 0.00126413 0.5801683  0.07307826 0.26216814 0.01619822
 0.03215136]",[0.04283586 0.00253114 0.876923   0.07771   ],[9.9996352e-01 3.6443853e-05],"[2.5224006e-07 2.3325080e-04 3.4601778e-01 6.3890153e-01 1.4750272e-02
 9.6476026e-05 3.5613400e-07 2.0780295e-08 3.2954869e-10]"
D:\Uni\Ulm\Master\Hiwi-Forschung-und-Lehre\FairFace\detected_faces\862393_face0.jpg,White,White,Male,20-29,"[6.2775666e-01 6.3722942e-04 4.2231120e-02 1.1003999e-05 9.7386051e-05
 5.3588545e-04 3.2873064e-01]",[9.8169065e-01 1.4778237e-02 7.9328782e-04 2.7377899e-03],[9.9999994e-01 5.2010904e-08],"[2.6089060e-07 2.4995054e-04 9.7465172e-02 8.4204453e-01 5.9230976e-02
 1.0047284e-03 4.2249981e-06 1.1926367e-07 1.0272664e-09]"
D:\Uni\Ulm\Master\Hiwi-Forschung-und-Lehre\FairFace\detected_faces\862464_face0.jpg,Middle Eastern,White,Male,20-29,"[1.9810674e-01 8.9483896e-05 5.0885383e-02 6.6280634e-05 1.5611223e-04
 3.7508113e-03 7.4694514e-01]",[9.2506862e-01 3.4270238e-04 1.2256281e-03 7.3363021e-02],[9.9999970e-01 2.9350375e-07],"[9.9702709e-07 9.7985525e-05 1.1479646e-02 6.9923568e-01 2.8346059e-01
 5.7076849e-03 1.7203369e-05 2.2876576e-07 2.2803865e-09]"
D:\Uni\Ulm\Master\Hiwi-Forschung-und-Lehre\FairFace\detected_faces\862475_face0.jpg,White,White,Male,20-29,"[5.6627768e-01 9.3347073e-05 1.6118482e-01 2.7550375e-03 4.9178894e-03
 8.1386315e-03 2.5663260e-01]",[9.4382626e-01 7.8687153e-04 3.7304442e-02 1.8082451e-02],[9.9996364e-01 3.6366211e-05],"[2.66404004e-06 3.81537306e-04 1.24242544e-01 7.18390524e-01
 1.51495680e-01 5.45508461e-03 3.12809898e-05 7.39547204e-07
 1.38022447e-08]"
D:\Uni\Ulm\Master\Hiwi-Forschung-und-Lehre\FairFace\detected_faces\862479_face0.jpg,White,White,Male,30-39,"[3.9086023e-01 3.7512602e-03 2.9913789e-01 1.0312858e-04 4.5167501e-04
 2.8064661e-02 2.7763110e-01]",[0.87475944 0.01378316 0.00116028 0.11029715],[9.9998605e-01 1.3988254e-05],"[2.5625764e-07 3.1393001e-06 2.1264290e-04 1.3982067e-01 7.9289371e-01
 6.6786319e-02 2.8188253e-04 1.4447523e-06 2.0421787e-08]"
D:\Uni\Ulm\Master\Hiwi-Forschung-und-Lehre\FairFace\detected_faces\862480_face0.jpg,White,White,Male,20-29,"[5.2519172e-01 3.6326193e-04 3.5614368e-02 2.2482411e-05 6.5617947e-05
 6.8352383e-04 4.3805903e-01]",[0.98698175 0.00846986 0.00254035 0.0020079 ],[9.999894e-01 1.061907e-05],"[3.76499429e-07 1.86369471e-05 2.48382473e-03 6.77822649e-01
 3.15255702e-01 4.40956466e-03 9.16167573e-06 1.15288124e-07
 1.71991066e-09]"
D:\Uni\Ulm\Master\Hiwi-Forschung-und-Lehre\FairFace\detected_faces\862481_face0.jpg,Middle Eastern,White,Male,20-29,"[1.2777209e-01 5.5336654e-03 3.8674948e-01 1.6676140e-05 1.7009581e-04
 6.2689446e-03 4.7348908e-01]",[0.4808019  0.4714298  0.00116385 0.04660441],[9.9986225e-01 1.3779145e-04],"[7.8792848e-09 1.8667367e-06 1.6729686e-02 7.9073352e-01 1.8905275e-01
 3.4597642e-03 2.2024438e-05 3.6203897e-07 4.8554347e-09]"
D:\Uni\Ulm\Master\Hiwi-Forschung-und-Lehre\FairFace\detected_faces\862484_face0.jpg,Middle Eastern,White,Male,20-29,"[3.1134941e-02 1.1933874e-05 5.1170117e-03 5.2987190e-05 7.6892953e-05
 1.6189864e-04 9.6344435e-01]",[9.9586451e-01 6.1177544e-04 6.4713357e-04 2.8766966e-03],[9.9999601e-01 3.9856773e-06],"[1.2253328e-05 1.8974325e-03 4.4594213e-02 7.3946154e-01 2.0921466e-01
 4.7998978e-03 1.9607800e-05 4.5089681e-07 9.7993036e-09]"
D:\Uni\Ulm\Master\Hiwi-Forschung-und-Lehre\FairFace\detected_faces\862696_face0.jpg,Middle Eastern,White,Male,20-29,"[1.2562425e-01 4.1612882e-02 1.9252326e-01 1.5573001e-05 1.4526804e-04
 1.7187107e-02 6.2289166e-01]",[6.4333457e-01 2.5485787e-01 4.0191741e-04 1.0140565e-01],[9.9999523e-01 4.7929025e-06],"[5.6568865e-07 4.7192432e-05 5.6244493e-03 5.0791746e-01 4.5542616e-01
 3.0504970e-02 4.7354208e-04 5.6130739e-06 8.6559197e-08]"
D:\Uni\Ulm\Master\Hiwi-Forschung-und-Lehre\FairFace\detected_faces\862697_face0.jpg,White,White,Male,20-29,"[8.3066124e-01 2.4503653e-04 6.6555436e-03 1.7189265e-06 9.8385826e-06
 1.9929589e-04 1.6222730e-01]",[9.905840e-01 3.030021e-03 7.453638e-05 6.311453e-03],[9.9999982e-01 1.8893898e-07],"[8.8924288e-08 1.9636523e-06 1.3681202e-03 5.5419147e-01 4.3012884e-01
 1.4156812e-02 1.5100489e-04 1.7458475e-06 2.7312133e-08]"
D:\Uni\Ulm\Master\Hiwi-Forschung-und-Lehre\FairFace\detected_faces\862796_face0.jpg,White,White,Male,30-39,"[9.9915195e-01 6.5445033e-07 4.0798590e-05 6.0287501e-05 6.7983230e-05
 2.0924813e-06 6.7623163e-04]",[9.9975049e-01 9.0258636e-06 2.0706769e-04 3.3358792e-05],[9.999960e-01 4.016186e-06],"[1.9518677e-05 9.3856703e-05 3.4064001e-03 1.6200794e-01 5.8274895e-01
 2.3200752e-01 1.8976290e-02 7.2173635e-04 1.7796143e-05]"
D:\Uni\Ulm\Master\Hiwi-Forschung-und-Lehre\FairFace\detected_faces\862812_face0.jpg,Middle Eastern,White,Male,10-19,"[0.41552418 0.00275602 0.09255189 0.00677712 0.01424495 0.00528251
 0.46286336]",[9.265538e-01 8.317811e-04 6.759453e-02 5.019864e-03],[0.9982831  0.00171695],"[6.25747134e-06 6.21158816e-03 5.84842145e-01 3.96399677e-01
 1.22172525e-02 3.19101819e-04 3.69956683e-06 2.76184466e-07
 1.19976837e-08]"
D:\Uni\Ulm\Master\Hiwi-Forschung-und-Lehre\FairFace\detected_faces\862837_face0.jpg,Middle Eastern,White,Male,10-19,"[8.8452324e-02 2.2863023e-04 1.7499167e-02 7.8109324e-06 3.6200065e-05
 6.5013499e-04 8.9312577e-01]",[0.9884683  0.00846972 0.00148692 0.00157507],[9.999999e-01 6.265223e-08],"[1.0241267e-06 2.2112059e-03 5.3748804e-01 4.4681671e-01 1.3223250e-02
 2.5883096e-04 8.7904141e-07 3.5430539e-08 3.1906786e-10]"
D:\Uni\Ulm\Master\Hiwi-Forschung-und-Lehre\FairFace\detected_faces\862859_face0.jpg,White,White,Male,20-29,"[9.9524128e-01 5.7448287e-05 2.4401939e-03 1.3705713e-05 3.0935662e-05
 1.8743218e-05 2.1976787e-03]",[9.9961400e-01 2.1074203e-04 4.1604286e-05 1.3362558e-04],[9.9980974e-01 1.9029164e-04],"[5.82631117e-08 7.93848267e-06 4.47843112e-02 8.82813334e-01
 6.74350187e-02 4.74235695e-03 2.05823453e-04 1.08879785e-05
 3.10041401e-07]"
D:\Uni\Ulm\Master\Hiwi-Forschung-und-Lehre\FairFace\detected_faces\862965_face0.jpg,White,White,Male,10-19,"[4.9715132e-01 1.9141896e-04 3.3030938e-02 1.1796965e-03 1.6367894e-03
 1.5760314e-04 4.6665224e-01]",[9.9408317e-01 3.0192223e-03 2.3709945e-03 5.2669924e-04],[0.97489023 0.02510977],"[5.4726069e-08 1.0256576e-04 4.9493733e-01 4.8996082e-01 1.4577771e-02
 4.1583023e-04 5.4265142e-06 1.7601602e-07 5.0157123e-09]"
D:\Uni\Ulm\Master\Hiwi-Forschung-und-Lehre\FairFace\detected_faces\862967_face0.jpg,Black,Black,Male,20-29,"[8.9408038e-04 9.0926009e-01 7.0727952e-02 1.7598439e-05 7.4452825e-04
 1.3992723e-02 4.3628654e-03]",[0.00100498 0.96486086 0.00254559 0.0315885 ],[1.000000e+00 9.157814e-09],"[3.04634085e-07 9.20289949e-06 2.58297683e-03 6.36862278e-01
 3.48520756e-01 1.19049577e-02 1.17838696e-04 1.73725732e-06
 2.87765509e-08]"
D:\Uni\Ulm\Master\Hiwi-Forschung-und-Lehre\FairFace\detected_faces\862992_face0.jpg,Black,Black,Male,30-39,"[4.3264754e-06 9.9632484e-01 2.0610982e-04 7.7903891e-08 4.3399305e-06
 3.4452216e-03 1.5147157e-05]",[1.1106496e-05 9.9915743e-01 1.2381144e-05 8.1910705e-04],[9.9999958e-01 4.0976965e-07],"[5.7716274e-08 2.9216944e-06 2.0992195e-03 4.3826512e-01 5.2703506e-01
 3.2356955e-02 2.3862602e-04 2.1065612e-06 3.7455401e-08]"
D:\Uni\Ulm\Master\Hiwi-Forschung-und-Lehre\FairFace\detected_faces\863022_face0.jpg,White,White,Male,20-29,"[9.3547165e-01 2.1244766e-04 9.6000573e-03 1.1036553e-06 6.6436087e-06
 2.6350868e-05 5.4681841e-02]",[9.0277684e-01 9.2732377e-02 1.3408848e-04 4.3567182e-03],[9.9999976e-01 1.9238719e-07],"[2.0295483e-09 1.1731879e-06 5.2073905e-03 9.2616779e-01 6.8227820e-02
 3.9483013e-04 9.3528053e-07 1.1271768e-08 1.3142051e-10]"
D:\Uni\Ulm\Master\Hiwi-Forschung-und-Lehre\FairFace\detected_faces\863027_face0.jpg,Middle Eastern,White,Male,20-29,"[1.1387783e-01 1.6630658e-04 1.8812722e-02 2.4261617e-05 1.0732757e-04
 3.7792418e-04 8.6663365e-01]",[0.97595483 0.00372836 0.00728697 0.01302984],[9.9999946e-01 5.0210980e-07],"[4.3474139e-07 2.0401110e-05 3.4002617e-03 5.8003438e-01 4.0270525e-01
 1.3785209e-02 5.3364449e-05 6.3264639e-07 6.5054175e-09]"
D:\Uni\Ulm\Master\Hiwi-Forschung-und-Lehre\FairFace\detected_faces\863251_face0.jpg,Black,Black,Male,30-39,"[6.8567147e-06 9.9943382e-01 2.7318476e-04 1.3921668e-07 4.4591338e-06
 2.7619777e-04 5.3499166e-06]",[1.6714781e-06 9.9977624e-01 9.7677885e-06 2.1227295e-04],[9.9999338e-01 6.6142807e-06],"[2.6576722e-06 1.7752589e-05 4.9368632e-03 3.2416031e-01 4.8249990e-01
 1.7726509e-01 1.0921164e-02 1.8800294e-04 8.2574179e-06]"
D:\Uni\Ulm\Master\Hiwi-Forschung-und-Lehre\FairFace\detected_faces\863271_face0.jpg,White,White,Male,20-29,"[8.03038538e-01 1.25945779e-03 9.32548717e-02 1.45497019e-04
 4.33991052e-04 6.51114737e-04 1.01216584e-01]",[0.9782182  0.01468249 0.00513058 0.00196876],[9.9989796e-01 1.0207404e-04],"[3.2124351e-06 8.1551014e-05 5.0565284e-03 5.6947207e-01 4.1261205e-01
 1.2675261e-02 9.7476935e-05 1.8154898e-06 3.9102247e-08]"
D:\Uni\Ulm\Master\Hiwi-Forschung-und-Lehre\FairFace\detected_faces\863276_face0.jpg,White,White,Male,20-29,"[8.2257974e-01 3.5600162e-05 1.7736336e-02 1.8432461e-04 2.4058021e-04
 4.7120693e-04 1.5875222e-01]",[9.9577129e-01 1.1905334e-03 3.3225951e-04 2.7060157e-03],[9.9999994e-01 8.8611579e-08],"[2.7161009e-06 1.0385826e-04 7.2032404e-03 6.4285111e-01 3.4164357e-01
 8.1578763e-03 3.7226306e-05 4.1241401e-07 3.6242727e-09]"
D:\Uni\Ulm\Master\Hiwi-Forschung-und-Lehre\FairFace\detected_faces\863401_face0.jpg,Black,Black,Male,30-39,"[1.7382558e-03 6.4428180e-01 5.1101457e-02 4.1386120e-06 1.7087926e-04
 1.9381139e-01 1.0889204e-01]",[4.1350626e-04 9.6317983e-01 1.4547937e-04 3.6261246e-02],[9.9999493e-01 5.0576941e-06],"[6.0883636e-08 2.7776830e-06 2.2087947e-03 3.7785342e-01 5.6173390e-01
 5.6846049e-02 1.3274602e-03 2.6961230e-05 5.2107765e-07]"
D:\Uni\Ulm\Master\Hiwi-Forschung-und-Lehre\FairFace\detected_faces\863649_face0.jpg,Latino_Hispanic,Black,Male,10-19,"[0.01588395 0.20215301 0.6577191  0.00398816 0.07204028 0.01113944
 0.03707602]",[0.00299389 0.9345812  0.04346645 0.01895842],[9.9999970e-01 3.2002666e-07],"[1.8857583e-07 6.9204910e-04 5.1868474e-01 4.6954614e-01 1.0759993e-02
 3.1288958e-04 3.8302446e-06 1.6232225e-07 2.1519999e-09]"
D:\Uni\Ulm\Master\Hiwi-Forschung-und-Lehre\FairFace\detected_faces\863651_face0.jpg,Black,Black,Male,20-29,"[7.4163408e-06 9.9975389e-01 2.1316434e-04 2.0768171e-07 3.9079346e-06
 1.7545135e-05 3.8888538e-06]",[2.9255102e-06 9.9998266e-01 2.8936502e-06 1.1496682e-05],[9.9999374e-01 6.3061379e-06],"[1.1856812e-07 3.3546087e-06 6.5065417e-03 7.2378236e-01 2.4313916e-01
 2.5504038e-02 1.0346512e-03 2.8360066e-05 1.3648078e-06]"
D:\Uni\Ulm\Master\Hiwi-Forschung-und-Lehre\FairFace\detected_faces\863653_face0.jpg,Black,Black,Male,20-29,"[3.9407419e-07 9.9997723e-01 8.1668340e-06 7.0601970e-08 1.4534949e-06
 1.1883677e-05 8.0719366e-07]",[3.8816236e-07 9.9998486e-01 5.0745598e-06 9.6322410e-06],[0.993237   0.00676301],"[2.10853500e-06 1.07391024e-04 2.76160762e-02 6.24096990e-01
 2.83321708e-01 6.11584969e-02 3.46324896e-03 2.09574559e-04
 2.43229115e-05]"
D:\Uni\Ulm\Master\Hiwi-Forschung-und-Lehre\FairFace\detected_faces\863902_face0.jpg,White,White,Male,30-39,"[0.57863164 0.00096514 0.2137466  0.00359933 0.00490364 0.00439239
 0.19376116]",[0.9582279  0.01694102 0.01416421 0.01066689],[9.9999493e-01 5.0264416e-06],"[1.1323525e-05 2.1593207e-04 2.8983308e-03 2.9473487e-01 6.3380492e-01
 6.7672946e-02 6.5595348e-04 5.6166041e-06 9.5783676e-08]"
D:\Uni\Ulm\Master\Hiwi-Forschung-und-Lehre\FairFace\detected_faces\863903_face0.jpg,White,White,Male,20-29,"[9.9658012e-01 1.6980688e-06 3.1498278e-04 4.0695414e-07 1.5689292e-06
 2.0628777e-06 3.0991705e-03]",[9.9993914e-01 1.2998067e-05 2.1873691e-05 2.6045862e-05],[9.9999964e-01 3.6783874e-07],"[3.44294122e-08 5.55537235e-06 2.35043815e-03 7.27982283e-01
 2.63477653e-01 6.16016472e-03 2.37387576e-05 1.17413016e-07
 1.80813153e-09]"
D:\Uni\Ulm\Master\Hiwi-Forschung-und-Lehre\FairFace\detected_faces\864020_face0.jpg,White,White,Male,20-29,"[9.9920607e-01 1.2649615e-06 3.6411137e-05 3.4198240e-06 5.6751351e-06
 6.5567133e-07 7.4648217e-04]",[9.9974960e-01 6.6017041e-05 1.2383849e-04 6.0616920e-05],[9.9999851e-01 1.5416126e-06],"[5.0608725e-07 3.9601997e-05 3.1363086e-03 6.1465776e-01 3.7295750e-01
 9.1692638e-03 3.8605471e-05 4.7746693e-07 2.0449615e-08]"
D:\Uni\Ulm\Master\Hiwi-Forschung-und-Lehre\FairFace\detected_faces\864169_face0.jpg,White,White,Male,20-29,"[9.2052060e-01 4.3188320e-06 1.8612131e-02 4.2745822e-05 1.0742512e-04
 3.2210426e-04 6.0390644e-02]",[9.9817771e-01 8.9607340e-05 1.0045640e-04 1.6322182e-03],[9.9999887e-01 1.1618461e-06],"[4.6343009e-09 1.5530464e-06 6.9356444e-03 8.5973006e-01 1.3166691e-01
 1.6631953e-03 2.5900886e-06 1.8026876e-08 1.9205891e-10]"
D:\Uni\Ulm\Master\Hiwi-Forschung-und-Lehre\FairFace\detected_faces\864187_face0.jpg,Middle Eastern,White,Male,20-29,"[1.6550174e-01 1.5879123e-03 1.7309201e-01 4.8561743e-04 1.0862938e-03
 4.5447387e-03 6.5370172e-01]",[0.8996138  0.01228134 0.01084691 0.07725791],[9.999911e-01 8.853913e-06],"[8.5959961e-08 1.7495966e-05 2.1550255e-02 8.9798915e-01 7.9703450e-02
 7.3485816e-04 4.6525743e-06 9.1854410e-08 1.7151384e-09]"
D:\Uni\Ulm\Master\Hiwi-Forschung-und-Lehre\FairFace\detected_faces\864202_face0.jpg,White,White,Male,20-29,"[8.5100889e-01 6.0606359e-05 9.4507657e-02 1.4340382e-05 9.8716984e-05
 2.4520135e-03 5.1857773e-02]",[9.1133606e-01 1.6214127e-03 3.3372641e-04 8.6708844e-02],[9.9999988e-01 1.6501033e-07],"[2.4551138e-08 6.0581251e-06 6.5246401e-03 8.4438270e-01 1.4696482e-01
 2.1143232e-03 7.3615774e-06 6.3878296e-08 6.7246736e-10]"
D:\Uni\Ulm\Master\Hiwi-Forschung-und-Lehre\FairFace\detected_faces\864226_face0.jpg,Black,Black,Male,20-29,"[2.5708987e-03 8.0487776e-01 1.7586809e-01 3.5944642e-05 2.1626682e-03
 1.2520413e-02 1.9642292e-03]",[0.0035572  0.9258996  0.00550892 0.06503432],[9.9999964e-01 4.0881687e-07],"[9.0448054e-07 1.6485261e-04 5.4976318e-02 7.5572211e-01 1.7616999e-01
 1.2593179e-02 3.6426357e-04 8.2217039e-06 1.9710797e-07]"
D:\Uni\Ulm\Master\Hiwi-Forschung-und-Lehre\FairFace\detected_faces\864437_face0.jpg,Black,Black,Male,20-29,"[0.0039485  0.8636451  0.10912429 0.00130933 0.01876519 0.0012635
 0.00194414]",[8.2306436e-04 9.8897725e-01 7.2168508e-03 2.9828169e-03],[9.9999958e-01 4.5176552e-07],"[5.3319550e-08 1.3977069e-04 2.8351828e-01 7.1024275e-01 6.0696751e-03
 2.9376813e-05 9.7694596e-08 4.0456190e-09 1.1123654e-10]"
D:\Uni\Ulm\Master\Hiwi-Forschung-und-Lehre\FairFace\detected_faces\864474_face0.jpg,White,White,Male,20-29,"[9.7201496e-01 3.4160732e-04 1.0427200e-02 2.4179046e-04 6.2004069e-04
 1.2656630e-04 1.6227793e-02]",[9.9208206e-01 1.1639142e-03 6.6714277e-03 8.2539693e-05],[9.9999684e-01 3.1280354e-06],"[2.39916204e-07 2.29186226e-05 2.62483135e-02 8.60796154e-01
 1.11087054e-01 1.82962138e-03 1.51231461e-05 6.31313583e-07
 1.44034846e-08]"
D:\Uni\Ulm\Master\Hiwi-Forschung-und-Lehre\FairFace\detected_faces\864495_face0.jpg,Black,Black,Male,10-19,"[4.8685190e-03 6.4915448e-01 2.8832847e-01 1.5962536e-04 5.3013512e-03
 6.2382785e-03 4.5949329e-02]",[5.3853006e-04 9.8970711e-01 3.3843415e-03 6.3699712e-03],[9.999923e-01 7.626906e-06],"[3.1485246e-08 2.9670920e-03 9.1905528e-01 7.7461176e-02 5.1165366e-04
 4.7761569e-06 1.8464775e-08 1.2277050e-09 2.8979806e-11]"
D:\Uni\Ulm\Master\Hiwi-Forschung-und-Lehre\FairFace\detected_faces\864504_face0.jpg,White,White,Male,20-29,"[9.9514318e-01 2.6187123e-04 3.6162073e-03 4.5911522e-05 2.2517577e-04
 2.7057920e-05 6.8071228e-04]",[0.94216126 0.04887603 0.00414052 0.00482218],[9.9999976e-01 2.6039010e-07],"[3.8202752e-06 4.5115483e-04 8.5782610e-02 7.0520169e-01 1.8676743e-01
 2.0479074e-02 1.2473970e-03 6.4153501e-05 2.7149447e-06]"
D:\Uni\Ulm\Master\Hiwi-Forschung-und-Lehre\FairFace\detected_faces\864675_face0.jpg,Black,Black,Male,30-39,"[6.1028284e-05 9.9790841e-01 9.6308580e-04 1.3096238e-06 2.7572518e-05
 4.2443236e-04 6.1420235e-04]",[7.6870638e-05 9.9981868e-01 2.0805315e-05 8.3687060e-05],[9.9998426e-01 1.5739366e-05],"[2.9987558e-07 5.6124038e-05 5.7159890e-03 3.7898746e-01 5.6480837e-01
 4.9938411e-02 4.8953504e-04 3.7398024e-06 9.6123905e-08]"
D:\Uni\Ulm\Master\Hiwi-Forschung-und-Lehre\FairFace\detected_faces\864696_face0.jpg,White,White,Male,30-39,"[9.5955867e-01 2.5323519e-05 8.1466623e-03 2.5258161e-04 3.3682695e-04
 4.3739845e-05 3.1636219e-02]",[9.9273372e-01 8.6076441e-04 6.0946955e-03 3.1079381e-04],[9.9999887e-01 1.1470531e-06],"[7.0776753e-07 9.0752574e-06 1.5290838e-03 4.4702706e-01 5.2319115e-01
 2.7905302e-02 3.3262171e-04 4.8652228e-06 1.0019724e-07]"
D:\Uni\Ulm\Master\Hiwi-Forschung-und-Lehre\FairFace\detected_faces\864731_face0.jpg,Black,Black,Male,20-29,"[4.20424556e-07 9.99756515e-01 2.21261253e-05 1.08363935e-07
 2.20277707e-06 2.14150743e-04 4.46812328e-06]",[4.80792266e-07 9.99981940e-01 3.53791847e-06 1.40403445e-05],[9.999599e-01 4.018234e-05],"[2.3392039e-08 9.2131440e-06 6.5110722e-03 6.4611775e-01 3.3577415e-01
 1.1502977e-02 8.4241350e-05 6.0653076e-07 2.1082862e-08]"
D:\Uni\Ulm\Master\Hiwi-Forschung-und-Lehre\FairFace\detected_faces\864884_face0.jpg,Black,Black,Male,20-29,"[2.0305756e-06 9.9996448e-01 2.4644674e-05 1.0454950e-08 1.8934730e-07
 6.8723957e-06 1.8053121e-06]",[3.3765653e-05 9.9992037e-01 7.3056658e-06 3.8578881e-05],[9.9999964e-01 3.3872061e-07],"[2.8724248e-08 3.6312395e-06 3.9458047e-03 7.0892400e-01 2.8162807e-01
 5.4805307e-03 1.7790149e-05 1.2726369e-07 3.1634766e-09]"
D:\Uni\Ulm\Master\Hiwi-Forschung-und-Lehre\FairFace\detected_faces\864898_face0.jpg,White,White,Male,20-29,"[7.3382938e-01 1.2118315e-05 5.5526891e-03 5.9747294e-06 1.6348340e-05
 4.8796177e-05 2.6053479e-01]",[9.9851155e-01 1.1234468e-04 1.7648978e-04 1.1994870e-03],[1.0000000e+00 2.6188612e-08],"[1.7963693e-08 6.2598488e-06 4.4945445e-02 9.3297362e-01 2.1913240e-02
 1.6047900e-04 8.1847554e-07 3.4637353e-08 2.6557731e-10]"
D:\Uni\Ulm\Master\Hiwi-Forschung-und-Lehre\FairFace\detected_faces\864909_face0.jpg,Middle Eastern,White,Male,20-29,"[2.3330761e-01 8.2231010e-04 9.1580309e-02 3.9195562e-05 1.5584650e-04
 3.5339108e-04 6.7374134e-01]",[9.9285316e-01 5.5690380e-03 7.0051861e-04 8.7734836e-04],[9.9999744e-01 2.5670031e-06],"[1.7959557e-07 6.9614616e-05 1.6463444e-01 8.0039775e-01 3.4316879e-02
 5.7575497e-04 5.2984064e-06 1.4770031e-07 1.6184990e-09]"
D:\Uni\Ulm\Master\Hiwi-Forschung-und-Lehre\FairFace\detected_faces\864918_face0.jpg,White,White,Male,20-29,"[5.9613335e-01 3.7228970e-06 7.6159933e-03 9.6089760e-05 1.1891212e-04
 4.1764381e-04 3.9561433e-01]",[9.9936175e-01 7.3850948e-05 1.4407530e-04 4.2036473e-04],[9.9999863e-01 1.4187531e-06],"[1.1795205e-06 9.8130840e-05 5.3390292e-03 7.4687159e-01 2.4573992e-01
 1.9477477e-03 2.3785230e-06 2.1707637e-08 4.7628462e-10]"
D:\Uni\Ulm\Master\Hiwi-Forschung-und-Lehre\FairFace\detected_faces\864921_face0.jpg,Black,Black,Male,30-39,"[9.4767472e-07 9.9999112e-01 6.8660097e-06 4.1673820e-09 1.8374520e-08
 6.2602214e-07 4.8380844e-07]",[9.8284374e-08 9.9999946e-01 2.5506390e-07 1.8111845e-07],[9.999920e-01 8.040254e-06],"[1.6315373e-07 3.0829860e-06 1.9177393e-03 2.0589617e-01 4.6998778e-01
 2.9998192e-01 2.1662934e-02 5.3413823e-04 1.6104063e-05]"
D:\Uni\Ulm\Master\Hiwi-Forschung-und-Lehre\FairFace\detected_faces\865057_face0.jpg,Black,Black,Male,20-29,"[2.2097306e-07 9.9999589e-01 6.6319632e-07 1.0143503e-08 1.4491427e-07
 3.1383397e-06 4.8105054e-08]",[1.9169775e-07 9.9999869e-01 1.9361795e-07 8.8689410e-07],[9.9989563e-01 1.0433687e-04],"[2.6466763e-08 2.3864850e-06 3.0082627e-03 5.4304874e-01 4.0927833e-01
 4.2851046e-02 1.7676373e-03 4.0457810e-05 3.0372696e-06]"
D:\Uni\Ulm\Master\Hiwi-Forschung-und-Lehre\FairFace\detected_faces\865167_face0.jpg,Latino_Hispanic,Indian,Male,20-29,"[9.9333245e-03 4.9673617e-02 4.9950054e-01 1.7520641e-04 3.6898190e-03
 2.3224787e-01 2.0477955e-01]",[0.01905993 0.18602468 0.02110464 0.77381074],[9.999996e-01 4.056339e-07],"[2.50253066e-07 4.19534081e-06 1.58412661e-03 6.06528401e-01
 3.73107344e-01 1.85324512e-02 2.37254644e-04 5.89118008e-06
 1.08815485e-07]"
D:\Uni\Ulm\Master\Hiwi-Forschung-und-Lehre\FairFace\detected_faces\865515_face0.jpg,Latino_Hispanic,White,Male,20-29,"[1.0004706e-01 2.5013273e-03 4.7976917e-01 2.9714365e-05 1.6707300e-04
 1.8564548e-04 4.1730002e-01]",[0.9144652  0.08197694 0.00154075 0.00201717],[9.9999374e-01 6.2949284e-06],"[1.1682988e-08 6.5716398e-05 4.9764681e-01 4.9841410e-01 3.8570464e-03
 1.6255257e-05 3.5305554e-08 6.3675815e-10 9.4059283e-12]"
D:\Uni\Ulm\Master\Hiwi-Forschung-und-Lehre\FairFace\detected_faces\865517_face0.jpg,Latino_Hispanic,Black,Male,20-29,"[3.8665807e-01 1.0783242e-01 4.8508242e-01 2.9712523e-04 3.3048077e-03
 9.1309175e-03 7.6942476e-03]",[0.09765628 0.8808581  0.00173716 0.01974839],[9.9970734e-01 2.9266905e-04],"[1.1108730e-08 2.4690396e-05 3.0296648e-01 6.7867965e-01 1.8094093e-02
 2.3345317e-04 1.6543984e-06 2.0252749e-08 4.1281223e-10]"
D:\Uni\Ulm\Master\Hiwi-Forschung-und-Lehre\FairFace\detected_faces\865523_face0.jpg,Latino_Hispanic,Black,Male,20-29,"[1.2997688e-01 1.0327372e-01 7.1824431e-01 1.7292061e-04 1.0656310e-03
 2.4829274e-03 4.4783551e-02]",[0.05102557 0.9363937  0.00208852 0.0104922 ],[9.9999690e-01 3.1249358e-06],"[1.1927268e-07 2.3517132e-05 3.8914751e-02 8.9423531e-01 6.5993287e-02
 8.2777377e-04 5.1100042e-06 1.2701477e-07 2.4879740e-09]"
D:\Uni\Ulm\Master\Hiwi-Forschung-und-Lehre\FairFace\detected_faces\865538_face0.jpg,White,White,Male,30-39,"[6.5978450e-01 2.3049548e-04 6.6976361e-02 9.7279139e-05 2.2482336e-04
 1.0168611e-03 2.7166972e-01]",[9.9752730e-01 4.0443236e-04 9.0282230e-04 1.1654396e-03],[9.9999934e-01 6.7466470e-07],"[1.5583011e-07 9.0794620e-06 6.0641114e-04 3.7467042e-01 6.0034716e-01
 2.4298541e-02 6.7621419e-05 5.8201397e-07 6.9483512e-09]"
D:\Uni\Ulm\Master\Hiwi-Forschung-und-Lehre\FairFace\detected_faces\865554_face0.jpg,White,White,Male,20-29,"[9.9684632e-01 1.1836362e-04 2.5860516e-03 8.1337635e-07 8.1722965e-06
 3.2773548e-06 4.3701337e-04]",[9.8916417e-01 1.0432869e-02 2.6608809e-04 1.3682040e-04],[1.0000000e+00 3.1876404e-09],"[1.6777321e-09 2.3730591e-07 7.7374494e-03 9.5125926e-01 4.0645849e-02
 3.5444263e-04 2.7479498e-06 3.6852111e-08 2.9956237e-10]"
D:\Uni\Ulm\Master\Hiwi-Forschung-und-Lehre\FairFace\detected_faces\865645_face0.jpg,Middle Eastern,Indian,Male,20-29,"[4.9217556e-02 4.3819196e-04 1.5232295e-01 1.2736942e-03 1.5545028e-03
 1.3704468e-01 6.5814841e-01]",[0.16353339 0.00715709 0.01810634 0.8112032 ],[9.9998754e-01 1.2475672e-05],"[1.0640960e-04 2.7001698e-03 8.9698257e-03 5.2712697e-01 4.2823637e-01
 3.2601789e-02 2.5478814e-04 3.6332385e-06 6.2246158e-08]"
D:\Uni\Ulm\Master\Hiwi-Forschung-und-Lehre\FairFace\detected_faces\865646_face0.jpg,White,White,Male,20-29,"[7.8474861e-01 1.1637116e-04 2.8217116e-02 2.2073706e-05 5.1901658e-05
 5.7344154e-05 1.8678652e-01]",[9.9765164e-01 5.5494031e-04 4.3482622e-04 1.3585739e-03],[9.9997979e-01 2.0242609e-05],"[1.63827281e-08 2.61152059e-06 1.47804525e-02 8.44179928e-01
 1.39486313e-01 1.54244504e-03 8.14127816e-06 1.27630400e-07
 1.17866483e-09]"
D:\Uni\Ulm\Master\Hiwi-Forschung-und-Lehre\FairFace\detected_faces\865651_face0.jpg,White,White,Male,20-29,"[9.7984689e-01 2.0292446e-04 1.2777469e-02 1.4473437e-04 3.8464315e-04
 8.0981999e-06 6.6353595e-03]",[9.2304999e-01 7.3340140e-02 2.7779727e-03 8.3189033e-04],[9.9998671e-01 1.3334469e-05],"[2.2475344e-07 7.6442309e-05 3.9946649e-02 8.1228173e-01 1.4401311e-01
 3.6427220e-03 3.8357481e-05 6.5849957e-07 1.7595726e-08]"
D:\Uni\Ulm\Master\Hiwi-Forschung-und-Lehre\FairFace\detected_faces\865740_face0.jpg,White,White,Male,20-29,"[9.9961251e-01 6.0189359e-06 5.7567227e-05 3.0090141e-07 1.3402040e-06
 1.5442542e-06 3.2053655e-04]",[9.9990809e-01 2.4900331e-05 2.6322010e-05 4.0695522e-05],[9.9999964e-01 2.9971616e-07],"[2.7624051e-08 4.0213081e-06 8.0896780e-04 5.8746821e-01 4.0598792e-01
 5.7142391e-03 1.6410504e-05 1.2626586e-07 3.0490919e-09]"
D:\Uni\Ulm\Master\Hiwi-Forschung-und-Lehre\FairFace\detected_faces\865773_face0.jpg,White,White,Male,30-39,"[9.5521963e-01 9.7374024e-05 1.3146605e-02 5.5034692e-05 1.2181413e-04
 5.7756246e-05 3.1301737e-02]",[9.9862033e-01 3.7604099e-04 5.9828674e-04 4.0531016e-04],[9.999947e-01 5.289713e-06],"[2.8413001e-07 1.1954527e-05 1.1402851e-03 4.6420309e-01 5.2556902e-01
 9.0485904e-03 2.6498547e-05 1.8419544e-07 3.4531411e-09]"
D:\Uni\Ulm\Master\Hiwi-Forschung-und-Lehre\FairFace\detected_faces\865789_face0.jpg,White,White,Male,20-29,"[9.8316497e-01 1.9847267e-04 5.1828446e-03 7.2820490e-06 2.7850545e-05
 1.9468494e-05 1.1399131e-02]",[9.9647415e-01 3.4269555e-03 6.0048485e-05 3.8861388e-05],[9.999999e-01 9.980817e-08],"[2.1645040e-08 2.0977390e-05 4.2887215e-02 9.2627746e-01 3.0703921e-02
 1.1019507e-04 2.0894861e-07 2.3648026e-09 4.3453831e-11]"
D:\Uni\Ulm\Master\Hiwi-Forschung-und-Lehre\FairFace\detected_faces\865798_face0.jpg,White,White,Male,20-29,"[8.4936762e-01 2.5052327e-04 4.3367036e-02 3.9255465e-05 1.3844065e-04
 1.3843873e-03 1.0545276e-01]",[9.9726522e-01 2.0587186e-03 1.4004578e-04 5.3597527e-04],[9.999999e-01 9.247585e-08],"[3.6112775e-07 5.5177006e-05 1.1169563e-02 8.0579817e-01 1.8116350e-01
 1.8092655e-03 3.9271254e-06 4.6966161e-08 9.0220559e-10]"
D:\Uni\Ulm\Master\Hiwi-Forschung-und-Lehre\FairFace\detected_faces\865912_face0.jpg,Latino_Hispanic,Black,Male,30-39,"[7.5301798e-03 3.0142361e-01 6.2315017e-01 5.5006867e-06 1.4634008e-04
 4.8650078e-02 1.9094063e-02]",[1.0706789e-02 8.2838672e-01 2.2523117e-04 1.6068123e-01],[9.999995e-01 5.110491e-07],"[3.2258208e-07 1.7614525e-06 6.3624216e-04 1.9736640e-01 7.2035474e-01
 8.0343232e-02 1.2859490e-03 1.1178840e-05 9.0541448e-08]"
D:\Uni\Ulm\Master\Hiwi-Forschung-und-Lehre\FairFace\detected_faces\866064_face0.jpg,White,White,Male,20-29,"[9.9053067e-01 1.3803259e-05 3.7174523e-03 9.2732180e-06 1.0606965e-05
 6.5049731e-05 5.6532021e-03]",[9.99618053e-01 1.03059494e-04 8.97275677e-05 1.89153769e-04],[9.9998617e-01 1.3864596e-05],"[1.13346319e-08 1.23234486e-05 1.91534892e-01 8.03267002e-01
 5.17213019e-03 1.36710605e-05 4.03116509e-08 1.01701514e-09
 2.70168349e-11]"
D:\Uni\Ulm\Master\Hiwi-Forschung-und-Lehre\FairFace\detected_faces\866125_face0.jpg,White,White,Male,30-39,"[9.7729325e-01 4.5124925e-05 8.0110431e-03 4.3061780e-05 6.4964908e-05
 2.2784752e-05 1.4519742e-02]",[0.9743364  0.02317838 0.00116864 0.00131664],[9.9999982e-01 1.2970362e-07],"[2.4637828e-07 4.4239869e-06 1.3473554e-03 4.0561515e-01 5.4957926e-01
 4.2868748e-02 5.7819369e-04 6.6098441e-06 6.1853513e-08]"
D:\Uni\Ulm\Master\Hiwi-Forschung-und-Lehre\FairFace\detected_faces\866169_face0.jpg,White,White,Male,20-29,"[9.6185058e-01 4.8564987e-05 5.1113530e-03 5.0013270e-05 1.3106207e-04
 2.3593199e-04 3.2572601e-02]",[9.9657476e-01 5.9109775e-04 1.8229458e-03 1.0112197e-03],[9.9999821e-01 1.7487698e-06],"[3.4122905e-07 1.4535953e-05 3.6366927e-03 5.9661323e-01 3.7177724e-01
 2.7597619e-02 3.5375237e-04 6.5045169e-06 9.7408176e-08]"
D:\Uni\Ulm\Master\Hiwi-Forschung-und-Lehre\FairFace\detected_faces\866171_face0.jpg,White,White,Male,20-29,"[5.3644741e-01 4.5562134e-04 3.1812674e-01 1.5712163e-04 4.6654107e-04
 1.1974723e-02 1.3237174e-01]",[0.9491584  0.00180262 0.00121748 0.04782163],[9.999995e-01 5.050128e-07],"[1.0431216e-07 7.8597086e-06 4.4233231e-03 5.7907379e-01 4.0410811e-01
 1.2333166e-02 5.3362179e-05 3.7740341e-07 4.5081308e-09]"
D:\Uni\Ulm\Master\Hiwi-Forschung-und-Lehre\FairFace\detected_faces\866191_face0.jpg,White,White,Male,30-39,"[9.9999940e-01 1.9166797e-09 2.9901852e-08 4.0616293e-09 1.7240472e-08
 6.4240906e-09 6.0734652e-07]",[9.999975e-01 5.094229e-07 1.489601e-06 4.242747e-07],[9.9998206e-01 1.7942988e-05],"[3.1684891e-08 1.2471974e-06 6.2017184e-04 4.3827564e-01 5.3426909e-01
 2.6537694e-02 2.9344566e-04 2.4678291e-06 1.6257673e-07]"
D:\Uni\Ulm\Master\Hiwi-Forschung-und-Lehre\FairFace\detected_faces\866212_face0.jpg,White,White,Male,20-29,"[9.1424620e-01 4.4103799e-06 3.8046683e-03 7.1485665e-05 8.2541374e-05
 1.3144450e-04 8.1659272e-02]",[9.992264e-01 7.839875e-06 7.942504e-05 6.862802e-04],[1.000000e+00 3.395111e-08],"[8.3851376e-08 2.3518283e-05 2.2078957e-02 9.3177330e-01 4.5803513e-02
 3.1973023e-04 8.4742965e-07 1.1241134e-08 1.4553241e-10]"
D:\Uni\Ulm\Master\Hiwi-Forschung-und-Lehre\FairFace\detected_faces\866244_face0.jpg,White,White,Male,20-29,"[8.4191966e-01 8.3939340e-06 5.8816480e-03 4.0713871e-06 1.1625849e-05
 9.9587021e-05 1.5207507e-01]",[9.9984199e-01 1.0914351e-05 1.2166725e-05 1.3492563e-04],[9.9999982e-01 2.4267823e-07],"[1.4170192e-08 3.9894817e-06 4.0643271e-03 8.9461374e-01 1.0047670e-01
 8.3996239e-04 1.2660163e-06 6.3000676e-09 9.9733985e-11]"
D:\Uni\Ulm\Master\Hiwi-Forschung-und-Lehre\FairFace\detected_faces\866469_face0.jpg,Latino_Hispanic,Black,Male,20-29,"[2.5323400e-01 4.5858409e-02 4.7438473e-01 2.8296461e-05 3.7480603e-04
 8.4682144e-03 2.1765167e-01]",[2.5555170e-01 7.3574406e-01 1.9035475e-04 8.5138474e-03],[9.999244e-01 7.557332e-05],"[6.5992822e-08 4.4822409e-06 2.1843549e-03 6.0814589e-01 3.8246503e-01
 7.1552363e-03 4.4388173e-05 4.7517960e-07 7.6669728e-09]"
D:\Uni\Ulm\Master\Hiwi-Forschung-und-Lehre\FairFace\detected_faces\866626_face0.jpg,White,White,Male,20-29,"[5.4156005e-01 4.5502343e-04 8.2276992e-02 2.5453110e-04 6.3083979e-04
 2.1822730e-03 3.7264034e-01]",[0.9078309  0.05812661 0.00630594 0.02773662],[9.9999946e-01 4.9710206e-07],"[3.91860198e-07 2.07375881e-04 7.83860236e-02 8.11995983e-01
 1.07423045e-01 1.97780435e-03 9.18683054e-06 1.50988143e-07
 2.39071007e-09]"
D:\Uni\Ulm\Master\Hiwi-Forschung-und-Lehre\FairFace\detected_faces\866810_face0.jpg,White,White,Male,20-29,"[8.8798040e-01 4.6776221e-04 2.9253837e-02 1.5160447e-04 1.8382339e-04
 1.2516679e-04 8.1837378e-02]",[9.9290663e-01 2.7581675e-03 3.7811501e-03 5.5415375e-04],[9.9999976e-01 2.3497100e-07],"[1.9438448e-06 4.1770923e-05 7.4902140e-03 7.5538045e-01 2.3161331e-01
 5.4218187e-03 4.8924587e-05 1.5676131e-06 1.8444753e-08]"
D:\Uni\Ulm\Master\Hiwi-Forschung-und-Lehre\FairFace\detected_faces\866947_face0.jpg,White,White,Male,10-19,"[9.6149141e-01 2.1631253e-05 4.1532367e-03 2.2796989e-05 4.6555608e-05
 4.0677356e-04 3.3857491e-02]",[9.9784487e-01 1.4012643e-04 1.0477215e-04 1.9101617e-03],[9.9997944e-01 2.0552427e-05],"[9.6215089e-08 3.4850114e-04 6.0993248e-01 3.8263133e-01 6.7587667e-03
 3.2497497e-04 3.6998781e-06 1.5358685e-07 4.3453339e-09]"
D:\Uni\Ulm\Master\Hiwi-Forschung-und-Lehre\FairFace\detected_faces\867180_face0.jpg,Latino_Hispanic,Indian,Male,30-39,"[8.4941983e-02 1.1931602e-02 6.1617321e-01 3.4124489e-04 2.1158217e-03
 2.0901443e-01 7.5481646e-02]",[0.13938016 0.08082604 0.01168841 0.7681054 ],[9.9998474e-01 1.5226786e-05],"[6.9508883e-07 5.1178008e-06 4.5845212e-04 2.8642905e-01 6.7602676e-01
 3.6838103e-02 2.4030554e-04 1.5354721e-06 2.1757986e-08]"
D:\Uni\Ulm\Master\Hiwi-Forschung-und-Lehre\FairFace\detected_faces\867233_face0.jpg,Black,Black,Male,20-29,"[1.4463333e-06 9.9997669e-01 1.1469473e-05 2.3045894e-08 8.4490864e-07
 8.5759202e-06 9.3245865e-07]",[2.0692414e-06 9.9998683e-01 5.7683269e-06 5.3457966e-06],[9.9999297e-01 7.0655624e-06],"[5.5521880e-08 1.0156425e-05 1.2559974e-02 7.6526958e-01 2.1089523e-01
 1.1137110e-02 1.2536607e-04 2.4484054e-06 1.2271531e-07]"
D:\Uni\Ulm\Master\Hiwi-Forschung-und-Lehre\FairFace\detected_faces\867365_face0.jpg,Middle Eastern,White,Male,30-39,"[3.8557988e-02 5.3972530e-04 3.2098141e-02 4.1306910e-05 1.4200475e-04
 4.9542151e-03 9.2366666e-01]",[0.98652345 0.00244151 0.00731871 0.00371632],[9.9982530e-01 1.7465504e-04],"[6.6309367e-06 1.2819088e-04 2.6884372e-03 3.4791955e-01 6.2230891e-01
 2.6851673e-02 9.5493509e-05 1.0993416e-06 1.5011734e-08]"
D:\Uni\Ulm\Master\Hiwi-Forschung-und-Lehre\FairFace\detected_faces\867382_face0.jpg,White,White,Male,10-19,"[6.2248921e-01 1.6529455e-04 1.3290185e-01 1.1493448e-03 2.0187979e-03
 7.3746627e-04 2.4053800e-01]",[9.9084836e-01 9.5807825e-04 4.8492956e-03 3.3441940e-03],[9.9974346e-01 2.5658833e-04],"[5.0581512e-08 1.7944281e-04 6.6798270e-01 3.2723758e-01 4.5471261e-03
 5.2926935e-05 2.2576762e-07 6.2915215e-09 1.6803509e-10]"
D:\Uni\Ulm\Master\Hiwi-Forschung-und-Lehre\FairFace\detected_faces\867399_face0.jpg,Black,Black,Male,20-29,"[2.8473094e-06 9.9989641e-01 7.0727387e-05 3.6372100e-08 1.9455158e-06
 1.8040637e-05 9.9410172e-06]",[1.6039346e-06 9.9998397e-01 3.7236184e-06 1.0702160e-05],[1.0000000e+00 2.1241413e-09],"[2.7994755e-08 5.4402037e-05 3.1578317e-02 9.1755527e-01 5.0343592e-02
 4.6735656e-04 9.6412941e-07 1.0450636e-08 3.2221950e-10]"
D:\Uni\Ulm\Master\Hiwi-Forschung-und-Lehre\FairFace\detected_faces\867406_face0.jpg,White,White,Male,20-29,"[7.3705059e-01 3.3302035e-04 7.9538368e-02 9.0560992e-05 4.2479532e-04
 2.5068180e-04 1.8231195e-01]",[0.95564115 0.04026429 0.00236019 0.00173438],[9.9999982e-01 1.8084623e-07],"[1.1733990e-08 8.9955192e-06 1.6640831e-02 9.1795838e-01 6.4721145e-02
 6.6845765e-04 2.1065471e-06 2.6061066e-08 3.1939362e-10]"
D:\Uni\Ulm\Master\Hiwi-Forschung-und-Lehre\FairFace\detected_faces\867417_face0.jpg,White,White,Male,20-29,"[8.2294643e-01 1.2528153e-05 3.7745405e-02 2.8809957e-04 3.7347185e-04
 2.3813583e-03 1.3625266e-01]",[9.922654e-01 1.708183e-05 1.442861e-04 7.573232e-03],[9.9958116e-01 4.1889626e-04],"[5.8342840e-07 4.2621035e-05 6.1274292e-03 7.9152894e-01 2.0100698e-01
 1.2910446e-03 2.2660906e-06 6.2028697e-08 1.6096188e-09]"
D:\Uni\Ulm\Master\Hiwi-Forschung-und-Lehre\FairFace\detected_faces\867436_face0.jpg,White,White,Male,20-29,"[9.8914218e-01 4.4873441e-06 4.6921065e-03 1.9689134e-05 2.9798894e-05
 2.2556711e-05 6.0891546e-03]",[9.9803144e-01 5.5858400e-04 5.8578374e-04 8.2423748e-04],[9.999492e-01 5.073090e-05],"[2.3165411e-08 2.4395553e-05 1.5223527e-01 8.3809656e-01 9.5895007e-03
 5.4190550e-05 1.3045423e-07 2.4708429e-09 8.3021326e-11]"
D:\Uni\Ulm\Master\Hiwi-Forschung-und-Lehre\FairFace\detected_faces\867438_face0.jpg,Black,Black,Male,20-29,"[2.8126301e-06 9.9987334e-01 7.1691647e-05 2.0900805e-08 4.6509422e-07
 2.9668152e-05 2.1980393e-05]",[5.4431262e-06 9.9998713e-01 1.4437443e-06 5.9087779e-06],[9.9999869e-01 1.3386565e-06],"[1.0193216e-09 3.4068307e-07 5.5147749e-03 8.4403920e-01 1.4633112e-01
 4.0897401e-03 2.4493371e-05 3.0485762e-07 5.8208709e-09]"
D:\Uni\Ulm\Master\Hiwi-Forschung-und-Lehre\FairFace\detected_faces\867440_face0.jpg,Black,Black,Male,20-29,"[7.81232631e-03 5.33612251e-01 4.08596843e-01 1.01274396e-04
 3.10849375e-03 3.69386077e-02 9.83015541e-03]",[5.7404913e-04 9.7654927e-01 4.6557193e-03 1.8221021e-02],[9.999994e-01 6.195626e-07],"[2.0070878e-07 3.2203803e-05 1.9855103e-02 7.0725477e-01 2.5571001e-01
 1.6869886e-02 2.7451070e-04 3.2649664e-06 4.2557833e-08]"
D:\Uni\Ulm\Master\Hiwi-Forschung-und-Lehre\FairFace\detected_faces\867441_face0.jpg,Black,Black,Male,20-29,"[6.6993357e-06 9.9800891e-01 2.7464473e-04 1.3616901e-07 6.7058509e-06
 1.6929536e-03 9.9406561e-06]",[6.7707620e-06 9.9955356e-01 1.0846812e-05 4.2879235e-04],[1.0000000e+00 2.1376461e-08],"[5.26547828e-09 8.04069600e-07 2.30675354e-03 6.45770073e-01
 3.36721778e-01 1.50977056e-02 1.02179256e-04 6.72868566e-07
 1.02357038e-08]"
D:\Uni\Ulm\Master\Hiwi-Forschung-und-Lehre\FairFace\detected_faces\867442_face0.jpg,Black,Black,Male,20-29,"[5.53909899e-07 9.99970675e-01 1.40842458e-05 6.28754426e-09
 1.77979317e-07 1.26929535e-05 1.84378246e-06]",[1.3934963e-06 9.9998146e-01 5.6334347e-06 1.1553924e-05],[9.9999964e-01 3.6708968e-07],"[6.2914980e-09 4.5953752e-07 1.6039278e-03 6.4512134e-01 3.3984774e-01
 1.3329370e-02 9.6206953e-05 9.4422893e-07 2.9663676e-08]"
D:\Uni\Ulm\Master\Hiwi-Forschung-und-Lehre\FairFace\detected_faces\867443_face0.jpg,White,White,Male,20-29,"[9.9136269e-01 1.8420718e-04 9.0933812e-04 1.3542581e-05 3.6024921e-05
 9.5290670e-06 7.4847662e-03]",[9.6184558e-01 3.6291901e-02 1.2786473e-03 5.8391143e-04],[9.9999696e-01 3.0281190e-06],"[9.9628096e-08 1.2779361e-04 1.2244777e-02 8.8760710e-01 9.9242993e-02
 7.7512930e-04 2.0880168e-06 2.5624487e-08 9.1764901e-10]"
D:\Uni\Ulm\Master\Hiwi-Forschung-und-Lehre\FairFace\detected_faces\867445_face0.jpg,White,White,Male,20-29,"[9.6175164e-01 6.5512009e-05 9.8151909e-03 4.1425847e-06 1.6061234e-05
 3.3583943e-05 2.8313832e-02]",[9.9118239e-01 4.5721955e-03 3.5058020e-04 3.8948511e-03],[9.9999636e-01 3.6209758e-06],"[7.71114586e-08 7.82106072e-05 1.13506325e-01 8.40772986e-01
 4.47987504e-02 8.39521817e-04 4.13547968e-06 5.73874459e-08
 6.87906954e-10]"
D:\Uni\Ulm\Master\Hiwi-Forschung-und-Lehre\FairFace\detected_faces\867493_face0.jpg,White,White,Male,30-39,"[9.9273962e-01 1.5074107e-05 2.3577275e-04 5.1760189e-06 6.1851792e-06
 3.1481495e-06 6.9950065e-03]",[9.9988014e-01 4.1762236e-05 5.1363288e-05 2.6799567e-05],[1.0000000e+00 1.8222737e-08],"[9.2069604e-07 8.2529528e-05 3.1710283e-03 3.5003412e-01 6.0263288e-01
 4.3863472e-02 2.1317889e-04 1.8347827e-06 3.0553288e-08]"
D:\Uni\Ulm\Master\Hiwi-Forschung-und-Lehre\FairFace\detected_faces\867518_face0.jpg,White,White,Male,20-29,"[8.8320506e-01 1.0022570e-04 3.9174955e-02 5.7579164e-04 9.4863324e-04
 3.8790682e-04 7.5607412e-02]",[0.9841597  0.00102954 0.01299129 0.00181945],[9.9999982e-01 1.7515895e-07],"[3.6434443e-08 4.6682276e-06 2.4638060e-03 7.7305418e-01 2.2313422e-01
 1.3395703e-03 3.5069149e-06 2.6127996e-08 3.2140926e-10]"
D:\Uni\Ulm\Master\Hiwi-Forschung-und-Lehre\FairFace\detected_faces\867546_face0.jpg,Black,Black,Male,20-29,"[3.7980834e-07 9.9996966e-01 8.2546594e-06 6.2799188e-08 2.8346321e-06
 1.8564622e-05 1.7888098e-07]",[6.9021871e-07 9.9997246e-01 1.2695021e-05 1.4128915e-05],[9.9999988e-01 1.3080853e-07],"[5.9119767e-09 1.6280242e-06 4.4240579e-03 7.8190309e-01 2.0688173e-01
 6.7440402e-03 4.5058656e-05 4.7580463e-07 1.6759172e-08]"
D:\Uni\Ulm\Master\Hiwi-Forschung-und-Lehre\FairFace\detected_faces\867583_face0.jpg,White,White,Male,30-39,"[9.8228002e-01 3.0569838e-05 5.9977146e-03 4.9929163e-06 9.5979385e-06
 1.2437983e-04 1.1552708e-02]",[9.9907398e-01 4.1197668e-04 9.3279923e-05 4.2075923e-04],[9.9997610e-01 2.3897526e-05],"[2.1441329e-08 1.6662742e-06 2.4539669e-04 1.9127519e-01 7.8430152e-01
 2.4119301e-02 5.6518056e-05 2.6599622e-07 3.8512527e-09]"
D:\Uni\Ulm\Master\Hiwi-Forschung-und-Lehre\FairFace\detected_faces\867587_face0.jpg,White,White,Male,20-29,"[9.9867797e-01 1.2964898e-06 1.0431827e-04 4.6089112e-06 7.6709121e-06
 1.0812673e-06 1.2030959e-03]",[9.9994600e-01 4.8054221e-06 4.4370416e-05 4.7942508e-06],[9.9962991e-01 3.7009036e-04],"[1.0886926e-06 3.6102990e-04 1.4114112e-01 7.7068913e-01 8.3831288e-02
 3.9316481e-03 4.3966003e-05 6.9686030e-07 2.8947671e-08]"
D:\Uni\Ulm\Master\Hiwi-Forschung-und-Lehre\FairFace\detected_faces\867599_face0.jpg,Black,Black,Male,20-29,"[2.3771351e-02 4.6609905e-01 1.7846671e-01 3.4912897e-05 3.0677422e-04
 8.7133255e-03 3.2260790e-01]",[2.8524727e-02 9.6335113e-01 2.0148687e-04 7.9226922e-03],[9.999995e-01 4.724545e-07],"[1.3416482e-05 3.9842948e-03 7.1678586e-02 5.6608921e-01 3.2792431e-01
 2.9957335e-02 3.4717700e-04 5.5196542e-06 8.8264478e-08]"
D:\Uni\Ulm\Master\Hiwi-Forschung-und-Lehre\FairFace\detected_faces\867628_face0.jpg,White,White,Male,10-19,"[9.9254304e-01 3.8500204e-07 4.0254754e-04 4.6021605e-06 5.4309980e-06
 2.3587631e-06 7.0416466e-03]",[9.9995673e-01 9.7504389e-06 2.8586599e-05 4.9583950e-06],[9.999079e-01 9.210774e-05],"[4.1724860e-07 2.8709888e-03 8.9719778e-01 9.8958477e-02 9.5162634e-04
 2.0675154e-05 6.1241032e-08 1.7316091e-09 5.7745080e-11]"
D:\Uni\Ulm\Master\Hiwi-Forschung-und-Lehre\FairFace\detected_faces\867734_face0.jpg,Latino_Hispanic,White,Male,30-39,"[1.01639315e-01 5.17232623e-03 6.18044972e-01 2.12474755e-04
 7.25046091e-04 3.50294821e-02 2.39176363e-01]",[0.55397433 0.07754795 0.01569144 0.35278633],[9.9999273e-01 7.3007996e-06],"[2.3868205e-07 4.2967304e-06 5.6969421e-04 2.8801584e-01 6.6848350e-01
 4.2604178e-02 3.1895901e-04 3.1704665e-06 4.2439304e-08]"
D:\Uni\Ulm\Master\Hiwi-Forschung-und-Lehre\FairFace\detected_faces\867735_face0.jpg,White,White,Male,20-29,"[9.10325646e-01 1.17307945e-05 2.45500775e-03 1.96920140e-04
 2.69227079e-04 6.19235856e-04 8.61222297e-02]",[9.9878788e-01 3.7019723e-05 1.8657642e-04 9.8849426e-04],[9.9999726e-01 2.7941026e-06],"[8.6117012e-07 2.2605142e-05 3.3579525e-03 5.2735144e-01 4.2951339e-01
 3.9321247e-02 4.2742060e-04 4.8557176e-06 1.5758758e-07]"
D:\Uni\Ulm\Master\Hiwi-Forschung-und-Lehre\FairFace\detected_faces\867749_face0.jpg,Black,Black,Male,20-29,"[1.2523486e-05 9.9885166e-01 4.2882570e-04 1.9827812e-07 8.4481480e-06
 6.5111672e-04 4.7167989e-05]",[3.3102951e-06 9.9957430e-01 1.1569585e-05 4.1074670e-04],[9.9999976e-01 1.9728537e-07],"[2.5479334e-08 1.3283613e-05 2.5318164e-02 9.0011859e-01 7.3152363e-02
 1.3859123e-03 1.1386955e-05 2.6236606e-07 7.0407777e-09]"
D:\Uni\Ulm\Master\Hiwi-Forschung-und-Lehre\FairFace\detected_faces\867780_face0.jpg,Middle Eastern,White,Male,20-29,"[1.59948945e-01 1.22439945e-02 8.85399655e-02 3.41497871e-05
 7.34805944e-05 3.48900183e-04 7.38810539e-01]",[9.8908240e-01 9.6694799e-03 2.3499977e-04 1.0131213e-03],[9.9999970e-01 3.4281518e-07],"[1.5255588e-07 1.0445919e-05 1.1174938e-02 8.5047400e-01 1.3661271e-01
 1.7155990e-03 1.1828398e-05 3.6756379e-07 5.2318323e-09]"
D:\Uni\Ulm\Master\Hiwi-Forschung-und-Lehre\FairFace\detected_faces\867858_face0.jpg,White,White,Male,20-29,"[9.8110175e-01 1.7933465e-06 9.6496416e-04 2.1607488e-05 2.5632380e-05
 2.2847098e-05 1.7861402e-02]",[9.9968356e-01 2.2992797e-06 1.3619183e-04 1.7794321e-04],[9.9993217e-01 6.7851732e-05],"[1.4431490e-07 7.7581490e-06 5.2820859e-03 7.2011310e-01 2.6947016e-01
 5.1123188e-03 1.4196983e-05 1.7657986e-07 3.4640282e-09]"
D:\Uni\Ulm\Master\Hiwi-Forschung-und-Lehre\FairFace\detected_faces\867887_face0.jpg,Latino_Hispanic,Black,Male,30-39,"[3.5973798e-02 6.4546205e-02 6.7765218e-01 9.9812285e-05 9.9581783e-04
 1.7478727e-01 4.5944925e-02]",[0.03980586 0.652445   0.00354431 0.30420482],[9.999993e-01 6.971368e-07],"[2.1287926e-07 4.3153045e-06 1.0750466e-04 1.6835794e-01 7.8664827e-01
 4.4760451e-02 1.2083896e-04 4.9494588e-07 3.9524135e-09]"
D:\Uni\Ulm\Master\Hiwi-Forschung-und-Lehre\FairFace\detected_faces\867907_face0.jpg,Latino_Hispanic,Indian,Male,20-29,"[2.5123091e-02 1.1444201e-02 6.7775160e-01 8.6446016e-05 1.1770249e-03
 1.2166300e-01 1.6275465e-01]",[0.03310614 0.06786119 0.02092904 0.8781036 ],[9.9998951e-01 1.0542154e-05],"[1.3793509e-05 1.1984701e-03 1.8424885e-02 7.4173313e-01 2.3308513e-01
 5.5254502e-03 1.8854076e-05 3.4830961e-07 6.4152283e-09]"
D:\Uni\Ulm\Master\Hiwi-Forschung-und-Lehre\FairFace\detected_faces\868223_face0.jpg,Latino_Hispanic,White,Male,30-39,"[2.03289151e-01 1.98730193e-02 5.29613674e-01 1.16112446e-04
 3.84684477e-04 3.70102301e-02 2.09713012e-01]",[8.6820310e-01 4.4330291e-02 2.5613804e-04 8.7210476e-02],[9.9999672e-01 3.3045662e-06],"[1.1116894e-05 1.2155646e-04 7.6421752e-04 2.4225429e-01 6.9907075e-01
 5.7360526e-02 4.1378802e-04 3.6864808e-06 4.3004530e-08]"
D:\Uni\Ulm\Master\Hiwi-Forschung-und-Lehre\FairFace\detected_faces\868227_face0.jpg,White,White,Male,20-29,"[5.1349735e-01 2.7647355e-04 4.5418594e-02 1.8029819e-05 7.6330791e-05
 3.0084600e-04 4.4041237e-01]",[9.9102384e-01 2.6689069e-03 7.5588393e-04 5.5514211e-03],[9.9999982e-01 1.9076637e-07],"[7.4429795e-07 5.6417357e-05 1.5466381e-02 7.8364438e-01 1.9681722e-01
 3.9915512e-03 2.2899576e-05 3.3571183e-07 3.4064844e-09]"
D:\Uni\Ulm\Master\Hiwi-Forschung-und-Lehre\FairFace\detected_faces\868248_face0.jpg,Southeast Asian,Black,Female,10-19,"[6.9713697e-04 3.1378415e-01 1.4436013e-01 4.9689417e-03 5.2457964e-01
 1.1544789e-02 6.5130866e-05]",[1.02951664e-04 9.88504469e-01 8.41024425e-03 2.98239244e-03],[0.06681321 0.93318677],"[1.0181811e-06 3.9363690e-03 5.2805197e-01 4.2640498e-01 4.1040551e-02
 5.5943278e-04 5.6142208e-06 7.5205563e-08 1.7125907e-09]"
D:\Uni\Ulm\Master\Hiwi-Forschung-und-Lehre\FairFace\detected_faces\868262_face0.jpg,White,White,Male,20-29,"[7.0303154e-01 1.4499985e-05 1.2566859e-02 6.4903224e-04 3.4255465e-04
 1.4281385e-04 2.8325269e-01]",[9.9820966e-01 3.1679610e-04 4.5934136e-04 1.0142236e-03],[9.9999970e-01 2.9675508e-07],"[1.4284605e-07 4.3362557e-05 2.3927089e-02 9.5226443e-01 2.3727166e-02
 3.7767757e-05 3.5147359e-08 8.8776281e-10 1.4315162e-11]"
D:\Uni\Ulm\Master\Hiwi-Forschung-und-Lehre\FairFace\detected_faces\868323_face0.jpg,Black,Black,Male,30-39,"[2.8289644e-05 9.9666858e-01 6.3278840e-04 6.7315841e-07 2.4763101e-05
 6.2514510e-04 2.0198519e-03]",[2.0777859e-04 9.9813378e-01 9.5382903e-04 7.0461002e-04],[9.999961e-01 3.826316e-06],"[1.3619933e-07 6.1938408e-06 6.2571466e-04 1.3147217e-01 7.5454164e-01
 1.1237242e-01 9.7530324e-04 6.1400219e-06 1.8831915e-07]"
D:\Uni\Ulm\Master\Hiwi-Forschung-und-Lehre\FairFace\detected_faces\868329_face0.jpg,White,White,Male,20-29,"[5.4427040e-01 1.8458629e-02 4.0810898e-01 5.3613342e-04 1.7823006e-03
 6.7856337e-04 2.6164960e-02]",[0.96429145 0.01662229 0.01494634 0.00413992],[9.9999470e-01 5.2507057e-06],"[8.0005265e-08 7.5380140e-06 3.7802514e-02 8.1208867e-01 1.4162253e-01
 8.1438525e-03 3.3143986e-04 3.3746724e-06 4.0941330e-08]"
D:\Uni\Ulm\Master\Hiwi-Forschung-und-Lehre\FairFace\detected_faces\868341_face0.jpg,White,White,Male,30-39,"[7.1074098e-01 4.6256486e-05 1.0915107e-01 8.2449778e-06 4.1059473e-05
 3.2290865e-02 1.4772163e-01]",[9.6564251e-01 3.7852937e-05 1.1403648e-04 3.4205575e-02],[9.999901e-01 9.871797e-06],"[8.3406142e-08 5.3471031e-06 5.9008400e-04 4.9335781e-01 4.9738377e-01
 8.6538671e-03 8.9564337e-06 3.6145853e-08 6.6061351e-10]"
D:\Uni\Ulm\Master\Hiwi-Forschung-und-Lehre\FairFace\detected_faces\868355_face0.jpg,White,White,Male,20-29,"[7.1417588e-01 1.0354410e-04 2.4574092e-01 7.1867526e-04 1.0549048e-03
 1.5620989e-03 3.6643982e-02]",[9.9918956e-01 1.8100240e-04 4.1687695e-04 2.1250498e-04],[9.9999976e-01 2.5178932e-07],"[1.05802710e-05 6.72750757e-04 5.74869588e-02 6.34446442e-01
 2.94167191e-01 1.31001892e-02 1.14367176e-04 1.59348690e-06
 1.54721569e-08]"
D:\Uni\Ulm\Master\Hiwi-Forschung-und-Lehre\FairFace\detected_faces\868715_face0.jpg,White,White,Male,20-29,"[7.3305815e-01 9.5627154e-04 1.0882391e-01 5.8336370e-04 2.5166846e-03
 3.2920232e-03 1.5076964e-01]",[0.93939716 0.00349153 0.01225989 0.04485139],[9.9997246e-01 2.7539905e-05],"[2.1084537e-07 1.0173702e-04 8.2136981e-02 8.3605659e-01 7.8646004e-02
 3.0177645e-03 3.9749320e-05 9.3731626e-07 1.8363629e-08]"
D:\Uni\Ulm\Master\Hiwi-Forschung-und-Lehre\FairFace\detected_faces\868812_face0.jpg,Black,Black,Male,30-39,"[4.9978098e-07 9.9998146e-01 1.2473721e-05 8.8855805e-11 3.6653476e-09
 4.6801979e-06 9.7497627e-07]",[7.8174361e-07 9.9999475e-01 9.4321615e-07 3.5025391e-06],[1.0000000e+00 1.8380797e-08],"[9.15476583e-09 8.14921961e-08 7.04995255e-05 1.05518684e-01
 6.51316941e-01 2.28404492e-01 1.44711649e-02 2.16312983e-04
 1.83280770e-06]"
D:\Uni\Ulm\Master\Hiwi-Forschung-und-Lehre\FairFace\detected_faces\869131_face0.jpg,Black,Black,Male,30-39,"[9.47319932e-05 9.76221144e-01 8.82948842e-03 1.30418275e-05
 3.61772574e-04 1.34792160e-02 1.00065721e-03]",[0.00373032 0.94396526 0.00694784 0.04535664],[1.000000e+00 3.790622e-09],"[3.2157967e-08 4.5738236e-07 3.2060419e-04 3.6243698e-01 6.1091930e-01
 2.6156867e-02 1.6349256e-04 2.2376489e-06 3.3372125e-08]"
D:\Uni\Ulm\Master\Hiwi-Forschung-und-Lehre\FairFace\detected_faces\869199_face0.jpg,Black,Black,Male,20-29,"[4.71261529e-07 9.99979734e-01 1.05067065e-05 1.39620102e-08
 4.92700394e-07 6.72278748e-06 2.10562030e-06]",[1.0695281e-06 9.9998689e-01 2.7523072e-06 9.2817381e-06],[9.9999988e-01 1.0825263e-07],"[3.2637868e-07 1.4775436e-04 4.9313322e-02 7.7029169e-01 1.7202649e-01
 8.1425784e-03 7.5761811e-05 2.0214366e-06 7.4404532e-08]"
D:\Uni\Ulm\Master\Hiwi-Forschung-und-Lehre\FairFace\detected_faces\869273_face0.jpg,White,White,Male,20-29,"[8.2536244e-01 8.7666063e-05 1.3064237e-02 1.7624378e-05 5.2145078e-05
 5.5795459e-05 1.6136011e-01]",[9.9892247e-01 3.9278128e-04 2.9755413e-04 3.8711264e-04],[9.9999970e-01 2.9936535e-07],"[2.93606472e-08 6.04642128e-06 3.81098106e-03 8.80241036e-01
 1.15564115e-01 3.77403863e-04 4.05058330e-07 5.29220223e-09
 8.96343624e-11]"
D:\Uni\Ulm\Master\Hiwi-Forschung-und-Lehre\FairFace\detected_faces\869275_face0.jpg,White,White,Male,20-29,"[6.0390460e-01 2.1199176e-04 1.1090629e-01 6.6961140e-05 1.9143148e-04
 9.7876170e-04 2.8373998e-01]",[9.9707228e-01 2.2956522e-04 9.0515096e-04 1.7930088e-03],[9.9999732e-01 2.6454832e-06],"[3.8285396e-08 2.9649057e-06 8.0275005e-03 7.3829627e-01 2.4448632e-01
 9.1194594e-03 6.6630782e-05 8.5161162e-07 7.7532354e-09]"
D:\Uni\Ulm\Master\Hiwi-Forschung-und-Lehre\FairFace\detected_faces\869413_face0.jpg,Middle Eastern,White,Male,20-29,"[2.0959593e-01 1.9773594e-03 2.0551665e-01 1.7907963e-05 1.2238187e-04
 1.6074011e-02 5.6669575e-01]",[5.9013802e-01 6.1944518e-02 4.7878880e-04 3.4743863e-01],[9.9999553e-01 4.5035235e-06],"[1.1250575e-06 1.0981182e-04 1.7177379e-02 7.0439470e-01 2.7233768e-01
 5.9504882e-03 2.8292912e-05 5.3367216e-07 7.6938980e-09]"
D:\Uni\Ulm\Master\Hiwi-Forschung-und-Lehre\FairFace\detected_faces\869423_face0.jpg,Latino_Hispanic,White,Male,20-29,"[9.20983404e-02 8.27849936e-03 7.03634679e-01 1.23281325e-05
 9.10622912e-05 4.91286395e-03 1.90972239e-01]",[8.9923328e-01 8.8026330e-02 5.8988458e-04 1.2150543e-02],[9.9999964e-01 2.9493799e-07],"[1.06979186e-07 1.00075731e-05 4.27655876e-03 7.47185767e-01
 2.44416922e-01 4.09530569e-03 1.50983660e-05 2.31416635e-07
 2.33699460e-09]"
D:\Uni\Ulm\Master\Hiwi-Forschung-und-Lehre\FairFace\detected_faces\869644_face0.jpg,Middle Eastern,White,Male,20-29,"[1.7476484e-02 1.5332500e-03 8.1925459e-02 2.8243694e-05 3.9458310e-04
 5.3361505e-03 8.9330584e-01]",[0.7122839  0.06306423 0.01906032 0.20559157],[9.9999785e-01 2.1654826e-06],"[4.7728442e-08 4.2478600e-06 6.8262746e-03 7.0996809e-01 2.7145776e-01
 1.1668057e-02 7.4040916e-05 1.4833023e-06 2.1440146e-08]"
D:\Uni\Ulm\Master\Hiwi-Forschung-und-Lehre\FairFace\detected_faces\869708_face0.jpg,Middle Eastern,White,Male,20-29,"[3.6808947e-01 8.1470069e-05 3.6379777e-02 2.7476024e-05 8.8601897e-05
 6.5158663e-04 5.9468156e-01]",[9.8537582e-01 7.6534846e-03 3.6546015e-04 6.6052242e-03],[9.9999982e-01 1.5031836e-07],"[1.8608159e-07 5.1105017e-06 3.0361579e-03 7.4635661e-01 2.4676414e-01
 3.8275595e-03 1.0144897e-05 1.0669341e-07 1.1672151e-09]"
D:\Uni\Ulm\Master\Hiwi-Forschung-und-Lehre\FairFace\detected_faces\869779_face0.jpg,Black,Black,Male,20-29,"[1.0043740e-06 9.9999040e-01 4.9820164e-06 3.9375485e-09 7.4638841e-08
 2.4661983e-06 1.1359568e-06]",[3.9347842e-07 9.9999833e-01 4.9032201e-07 7.6942536e-07],[9.9999964e-01 3.5848669e-07],"[1.60834279e-08 1.52262310e-05 1.40700275e-02 7.84928501e-01
 1.95833564e-01 5.09371841e-03 5.76061248e-05 1.28063652e-06
 5.68074512e-08]"
D:\Uni\Ulm\Master\Hiwi-Forschung-und-Lehre\FairFace\detected_faces\869792_face0.jpg,Black,Black,Male,20-29,"[6.7658478e-04 9.4121981e-01 5.2724194e-02 4.3092630e-05 2.5997113e-03
 1.5226615e-03 1.2139271e-03]",[2.3761415e-04 9.9466729e-01 1.4307124e-03 3.6643646e-03],[9.9999595e-01 4.0490736e-06],"[1.0089238e-07 7.4997083e-06 2.2021871e-02 8.8804650e-01 8.8075384e-02
 1.8357150e-03 1.2751755e-05 2.2216048e-07 6.4862085e-09]"
D:\Uni\Ulm\Master\Hiwi-Forschung-und-Lehre\FairFace\detected_faces\869795_face0.jpg,Black,Black,Male,30-39,"[3.0008345e-03 8.7742788e-01 1.1390550e-01 5.0819195e-05 9.4101659e-04
 1.8989007e-03 2.7749685e-03]",[8.6054706e-04 9.9859262e-01 2.8408773e-04 2.6277127e-04],[9.9999988e-01 1.2084975e-07],"[2.8911800e-06 7.6480828e-05 1.3374333e-02 4.2074299e-01 4.4225439e-01
 1.1547083e-01 7.9291398e-03 1.4620724e-04 2.6723571e-06]"
D:\Uni\Ulm\Master\Hiwi-Forschung-und-Lehre\FairFace\detected_faces\869856_face0.jpg,White,White,Male,20-29,"[4.2938736e-01 2.9984524e-04 1.6270621e-01 1.3088837e-05 8.0903737e-05
 1.9134536e-02 3.8837805e-01]",[9.6599793e-01 3.0331314e-04 6.7161658e-05 3.3631556e-02],[9.9999875e-01 1.2541739e-06],"[9.7587098e-08 4.5463030e-06 1.9819781e-03 5.6511307e-01 4.2427605e-01
 8.5974094e-03 2.6685280e-05 1.5820308e-07 2.0476183e-09]"
D:\Uni\Ulm\Master\Hiwi-Forschung-und-Lehre\FairFace\detected_faces\869880_face0.jpg,Middle Eastern,White,Male,20-29,"[2.0660233e-01 1.8831495e-04 9.3369775e-02 2.0244157e-05 5.9265778e-05
 2.8152571e-03 6.9694477e-01]",[9.6993113e-01 1.5812941e-02 4.1549260e-04 1.3840491e-02],[9.9999887e-01 1.1765108e-06],"[4.7385929e-06 1.2102107e-03 1.3247524e-01 7.2691846e-01 1.3481103e-01
 4.5622555e-03 1.7929551e-05 1.7997570e-07 2.0768938e-09]"
D:\Uni\Ulm\Master\Hiwi-Forschung-und-Lehre\FairFace\detected_faces\869883_face0.jpg,Latino_Hispanic,White,Male,20-29,"[6.5536678e-02 8.5662287e-03 9.1614521e-01 2.7079909e-04 1.9878633e-03
 4.9677477e-03 2.5254404e-03]",[0.42627478 0.31703278 0.02505986 0.23163253],[1.0000000e+00 3.6244476e-09],"[2.6738269e-07 9.3119434e-06 7.1955584e-03 6.5693694e-01 3.0800936e-01
 2.7133886e-02 7.0302183e-04 1.1580910e-05 6.4587688e-08]"
D:\Uni\Ulm\Master\Hiwi-Forschung-und-Lehre\FairFace\detected_faces\869888_face0.jpg,White,White,Male,20-29,"[9.9998802e-01 1.7977650e-09 8.6414190e-07 2.6775976e-07 2.6426585e-07
 4.2309192e-09 1.0701361e-05]",[9.99994278e-01 1.17329954e-07 5.46212959e-06 1.23947260e-07],[9.9960887e-01 3.9112204e-04],"[2.9029607e-07 1.7685822e-04 2.8469393e-01 6.6672856e-01 4.5102771e-02
 3.2534832e-03 4.3595879e-05 5.5026874e-07 1.3538901e-08]"
D:\Uni\Ulm\Master\Hiwi-Forschung-und-Lehre\FairFace\detected_faces\869908_face0.jpg,Middle Eastern,White,Male,20-29,"[1.3441439e-01 8.9363806e-04 1.3998923e-01 2.5780970e-04 1.2146871e-03
 9.6216267e-03 7.1360862e-01]",[0.85978454 0.00489961 0.06883205 0.06648368],[9.9999785e-01 2.1670708e-06],"[2.9302998e-07 1.3284638e-05 7.3094959e-03 8.0625349e-01 1.8437900e-01
 2.0378984e-03 6.3589637e-06 1.7461511e-07 3.4462035e-09]"
D:\Uni\Ulm\Master\Hiwi-Forschung-und-Lehre\FairFace\detected_faces\869910_face0.jpg,Black,Black,Male,30-39,"[1.0451953e-06 9.9963325e-01 2.4394001e-05 3.8200903e-07 5.8156984e-06
 3.3392254e-04 1.2249984e-06]",[5.0386097e-06 9.9986887e-01 1.6448852e-05 1.0959889e-04],[0.9465099  0.05349014],"[1.81864561e-06 1.02696074e-04 7.71948416e-03 2.88321376e-01
 5.37439287e-01 1.46994874e-01 1.74601842e-02 1.81792583e-03
 1.42378354e-04]"
D:\Uni\Ulm\Master\Hiwi-Forschung-und-Lehre\FairFace\detected_faces\869931_face0.jpg,Black,Black,Male,20-29,"[2.1020153e-06 9.9994189e-01 1.7891218e-05 1.6146229e-08 3.0244388e-07
 3.6470632e-05 1.3520350e-06]",[9.3730227e-07 9.9998629e-01 9.8983276e-07 1.1747019e-05],[9.999997e-01 3.051866e-07],"[9.1428136e-09 1.9925551e-06 1.6459066e-03 5.9316659e-01 3.8639167e-01
 1.8606080e-02 1.8616187e-04 1.5087443e-06 4.1421814e-08]"
D:\Uni\Ulm\Master\Hiwi-Forschung-und-Lehre\FairFace\detected_faces\869936_face0.jpg,White,White,Male,30-39,"[8.1091511e-01 1.4158181e-06 2.5817701e-03 1.0834562e-05 2.0835707e-05
 8.9815723e-05 1.8638022e-01]",[9.9779624e-01 2.6418382e-04 1.6757655e-04 1.7719950e-03],[0.99883044 0.00116954],"[4.0221530e-05 3.4238823e-04 4.0559876e-03 1.4972237e-01 7.0585960e-01
 1.3745169e-01 2.4835328e-03 4.2845393e-05 1.3509984e-06]"
D:\Uni\Ulm\Master\Hiwi-Forschung-und-Lehre\FairFace\detected_faces\870038_face0.jpg,White,White,Male,20-29,"[9.9901521e-01 3.0170531e-06 2.6329095e-04 4.2621454e-05 2.3599207e-05
 3.0153014e-06 6.4910861e-04]",[9.990055e-01 2.546032e-05 9.275028e-04 4.153585e-05],[9.9997562e-01 2.4385217e-05],"[1.09147145e-07 5.26451586e-05 1.03066623e-01 8.77760649e-01
 1.87709983e-02 3.43868916e-04 4.99129146e-06 1.24385025e-07
 4.32846603e-09]"
D:\Uni\Ulm\Master\Hiwi-Forschung-und-Lehre\FairFace\detected_faces\870211_face0.jpg,Middle Eastern,White,Male,20-29,"[0.1865088  0.0013451  0.33907863 0.00826591 0.01114487 0.02384735
 0.4298093 ]",[0.6400039  0.00548742 0.13880649 0.21570218],[9.9999577e-01 4.1737512e-06],"[5.5259270e-06 1.0618850e-04 2.8995213e-03 5.4363275e-01 4.3751213e-01
 1.5758578e-02 8.3797939e-05 1.5871481e-06 2.8492993e-08]"
D:\Uni\Ulm\Master\Hiwi-Forschung-und-Lehre\FairFace\detected_faces\870215_face0.jpg,White,White,Male,20-29,"[9.8977953e-01 5.0083195e-06 6.7148102e-04 2.7816603e-05 4.1294214e-05
 4.1674707e-06 9.4707068e-03]",[9.9994606e-01 7.6314027e-06 3.6196878e-05 1.0192079e-05],[9.9981856e-01 1.8149301e-04],"[5.6798516e-08 1.3310892e-04 3.2977340e-01 6.3282269e-01 3.5868879e-02
 1.3907226e-03 1.0861349e-05 2.5610072e-07 1.1165918e-08]"
D:\Uni\Ulm\Master\Hiwi-Forschung-und-Lehre\FairFace\detected_faces\870263_face0.jpg,White,White,Male,20-29,"[0.4061177  0.00292098 0.19044295 0.00647347 0.00585605 0.00053601
 0.38765275]",[0.870157   0.00782092 0.1207224  0.00129973],[9.9999994e-01 8.5349498e-08],"[4.3626992e-06 1.6610704e-04 3.6246698e-02 8.7628347e-01 8.6363159e-02
 9.2954939e-04 6.1572846e-06 4.6452365e-07 6.5963461e-09]"
D:\Uni\Ulm\Master\Hiwi-Forschung-und-Lehre\FairFace\detected_faces\870348_face0.jpg,White,White,Male,20-29,"[8.7053233e-01 2.0868822e-04 5.5339519e-02 4.1453922e-04 7.8895531e-04
 1.5685800e-04 7.2559148e-02]",[9.849176e-01 8.986077e-03 5.511793e-03 5.845875e-04],[9.9964154e-01 3.5848271e-04],"[6.1964769e-08 3.1304578e-05 1.4965703e-01 7.9935849e-01 4.8894837e-02
 2.0327438e-03 2.5079642e-05 4.4126742e-07 9.0682608e-09]"
D:\Uni\Ulm\Master\Hiwi-Forschung-und-Lehre\FairFace\detected_faces\870360_face0.jpg,Latino_Hispanic,Indian,Male,20-29,"[3.4578074e-02 1.4894588e-02 5.4335999e-01 1.1701532e-04 1.2574705e-03
 3.0536339e-01 1.0042949e-01]",[0.05676951 0.20904034 0.00385486 0.7303353 ],[9.9999934e-01 6.2655101e-07],"[5.9392537e-08 1.2351446e-06 1.2040333e-03 5.9099764e-01 3.9293930e-01
 1.4632099e-02 2.1924826e-04 6.3120165e-06 7.9251805e-08]"
D:\Uni\Ulm\Master\Hiwi-Forschung-und-Lehre\FairFace\detected_faces\870429_face0.jpg,White,White,Male,20-29,"[8.92767608e-01 3.13837663e-03 1.25721805e-02 2.83563095e-05
 2.36792665e-04 2.46218668e-04 9.10105035e-02]",[9.9291617e-01 5.8881780e-03 9.3419518e-04 2.6146189e-04],[9.9999982e-01 1.5550602e-07],"[2.5362269e-07 1.2743504e-04 7.7953584e-02 8.8438135e-01 3.6672831e-02
 8.5302367e-04 1.1109878e-05 4.5701654e-07 1.2127847e-08]"
D:\Uni\Ulm\Master\Hiwi-Forschung-und-Lehre\FairFace\detected_faces\870762_face0.jpg,Black,Black,Male,30-39,"[2.9925156e-02 3.9924571e-01 1.9006746e-01 9.9223107e-06 2.1166859e-04
 5.8373991e-02 3.2216609e-01]",[0.01608369 0.9436755  0.00217816 0.03806255],[9.9999523e-01 4.7612521e-06],"[6.9376193e-07 3.8449430e-06 4.3926860e-04 2.7906346e-01 6.5305728e-01
 6.5812029e-02 1.5571456e-03 6.4741282e-05 1.5198278e-06]"
D:\Uni\Ulm\Master\Hiwi-Forschung-und-Lehre\FairFace\detected_faces\870893_face0.jpg,Middle Eastern,Indian,Male,20-29,"[0.02608019 0.0011171  0.18933742 0.00076124 0.00219765 0.03135628
 0.74915016]",[0.04749406 0.06908129 0.04423741 0.8391872 ],[9.9999750e-01 2.5124255e-06],"[2.7182676e-07 9.3148388e-05 1.6066313e-02 9.2584038e-01 5.7630137e-02
 3.6904452e-04 5.8974382e-07 2.0745949e-08 3.6803333e-10]"
D:\Uni\Ulm\Master\Hiwi-Forschung-und-Lehre\FairFace\detected_faces\871621_face0.jpg,Black,Black,Male,20-29,"[1.03491075e-05 9.99210536e-01 5.48827986e-04 1.97130120e-07
 8.37836615e-06 1.97027868e-04 2.46607833e-05]",[5.8565370e-06 9.9978358e-01 3.4936460e-05 1.7559387e-04],[1.000000e+00 3.594945e-08],"[1.5472711e-09 6.6741343e-08 1.2244151e-03 6.1882746e-01 3.6552715e-01
 1.4261702e-02 1.5752684e-04 1.6601152e-06 2.8830284e-08]"
D:\Uni\Ulm\Master\Hiwi-Forschung-und-Lehre\FairFace\detected_faces\871648_face0.jpg,White,White,Male,20-29,"[9.6940500e-01 6.0756007e-05 6.0879495e-03 2.6466637e-03 2.8576856e-03
 3.6905316e-05 1.8904932e-02]",[6.7715722e-01 2.8606167e-03 3.1962082e-01 3.6132714e-04],[1.0000000e+00 3.1487808e-08],"[2.6291863e-08 7.9796182e-06 4.9182720e-02 8.8804346e-01 6.1158199e-02
 1.5916741e-03 1.5619260e-05 2.2080519e-07 1.9233162e-09]"
D:\Uni\Ulm\Master\Hiwi-Forschung-und-Lehre\FairFace\detected_faces\871687_face0.jpg,White,White,Male,20-29,"[9.7927910e-01 6.0078921e-05 3.6785004e-03 3.5519645e-07 2.4249257e-06
 2.3039896e-05 1.6956460e-02]",[9.9762189e-01 1.5035304e-03 1.4745186e-05 8.5989351e-04],[9.999993e-01 7.328698e-07],"[3.6881613e-09 9.8123173e-06 2.5848824e-01 7.3416299e-01 7.2409878e-03
 9.7593584e-05 4.0322990e-07 7.8955269e-09 8.4220193e-11]"
D:\Uni\Ulm\Master\Hiwi-Forschung-und-Lehre\FairFace\detected_faces\871701_face0.jpg,White,White,Male,20-29,"[5.0758767e-01 3.6886946e-04 2.2350396e-01 3.1172688e-04 5.2274961e-04
 3.0232203e-04 2.6740274e-01]",[9.8750198e-01 1.0619732e-02 1.7004720e-03 1.7780013e-04],[9.999947e-01 5.355764e-06],"[2.3156046e-08 8.4099127e-05 4.7620988e-01 5.1883990e-01 4.8227892e-03
 4.3261014e-05 1.6009382e-07 3.7129400e-09 6.6242220e-11]"
D:\Uni\Ulm\Master\Hiwi-Forschung-und-Lehre\FairFace\detected_faces\871706_face0.jpg,Black,Black,Male,20-29,"[7.6220164e-07 9.9995565e-01 2.5943658e-05 4.9469882e-08 1.5452115e-06
 1.4841155e-05 1.1533973e-06]",[1.7611563e-07 9.9999762e-01 5.0137618e-07 1.7606659e-06],[9.9999154e-01 8.4226886e-06],"[9.5016247e-08 2.5635636e-05 2.1052843e-02 8.5414439e-01 1.2080039e-01
 3.9477437e-03 2.8234490e-05 6.3816174e-07 4.8161358e-08]"
D:\Uni\Ulm\Master\Hiwi-Forschung-und-Lehre\FairFace\detected_faces\871765_face0.jpg,White,White,Male,20-29,"[9.83193755e-01 1.20006871e-05 1.02163022e-02 1.11500076e-05
 2.60266970e-05 1.06553416e-04 6.43415051e-03]",[9.9655598e-01 3.2213240e-04 6.7722227e-05 3.0542042e-03],[9.9999857e-01 1.4436573e-06],"[2.6566303e-08 4.2595279e-06 1.6951980e-02 9.0502822e-01 7.5865455e-02
 2.1277384e-03 2.2086628e-05 2.8144177e-07 3.8171089e-09]"
D:\Uni\Ulm\Master\Hiwi-Forschung-und-Lehre\FairFace\detected_faces\871822_face0.jpg,Latino_Hispanic,Asian,Male,20-29,"[0.03935267 0.00110636 0.85348344 0.00392412 0.01840403 0.0105883
 0.07314103]",[0.19983578 0.00607247 0.41358975 0.380502  ],[1.000000e+00 1.772262e-08],"[3.0734707e-08 5.8589317e-06 1.4828407e-02 9.5404536e-01 3.1013848e-02
 1.0626128e-04 2.3553044e-07 8.3547231e-09 7.6765795e-11]"
D:\Uni\Ulm\Master\Hiwi-Forschung-und-Lehre\FairFace\detected_faces\871886_face0.jpg,East Asian,Asian,Male,20-29,"[5.2935113e-03 9.1536363e-05 2.1819544e-03 7.7353323e-01 2.1880500e-01
 4.1931260e-05 5.2833966e-05]",[8.5829943e-04 8.9608680e-04 9.9817240e-01 7.3203279e-05],[9.9999636e-01 3.6325007e-06],"[2.7784786e-08 3.1257841e-05 2.5169569e-01 7.2064590e-01 2.7223947e-02
 3.9772774e-04 5.1805760e-06 1.9594033e-07 3.6896355e-09]"
D:\Uni\Ulm\Master\Hiwi-Forschung-und-Lehre\FairFace\detected_faces\872272_face0.jpg,White,White,Male,20-29,"[9.9832743e-01 7.9054551e-08 9.6866956e-05 3.3301734e-07 6.6640968e-07
 1.2978721e-06 1.5733937e-03]",[9.9996215e-01 5.6774957e-06 9.7517041e-06 2.2481465e-05],[9.9999464e-01 5.3379135e-06],"[2.9448853e-07 6.6876943e-05 4.6451971e-02 8.1010991e-01 1.3940711e-01
 3.9488426e-03 1.4821556e-05 1.4474396e-07 2.2355529e-09]"
D:\Uni\Ulm\Master\Hiwi-Forschung-und-Lehre\FairFace\detected_faces\872274_face0.jpg,Middle Eastern,Black,Male,20-29,"[2.1950888e-02 7.4776255e-02 1.7562754e-01 8.2983970e-06 1.8170004e-04
 2.5449308e-02 7.0200604e-01]",[0.12812349 0.8495208  0.00116016 0.02119548],[1.000000e+00 8.121881e-09],"[5.7062124e-07 2.7250075e-05 1.6478692e-03 5.4838055e-01 4.3640962e-01
 1.3456370e-02 7.6572025e-05 1.2164779e-06 1.3626480e-08]"
D:\Uni\Ulm\Master\Hiwi-Forschung-und-Lehre\FairFace\detected_faces\872307_face0.jpg,White,White,Male,20-29,"[8.66219997e-01 2.93428311e-03 1.08399324e-01 1.34017086e-04
 6.39793114e-04 1.51382133e-04 2.15212535e-02]",[0.6327323  0.358379   0.00804748 0.00084125],[1.0000000e+00 5.4696008e-09],"[7.4114425e-08 3.0301069e-05 5.1298279e-02 8.8949668e-01 5.7978600e-02
 1.1871256e-03 8.7758635e-06 1.3601667e-07 1.7592046e-09]"
D:\Uni\Ulm\Master\Hiwi-Forschung-und-Lehre\FairFace\detected_faces\872321_face0.jpg,White,White,Male,20-29,"[9.9833739e-01 5.2138198e-06 2.1160189e-04 4.8060879e-06 7.6973211e-06
 3.2146698e-07 1.4329971e-03]",[9.9988443e-01 5.1757255e-05 5.7270434e-05 6.5420404e-06],[9.9999994e-01 7.1901788e-08],"[1.5220760e-08 7.7582254e-06 8.3383480e-03 9.0433115e-01 8.6670943e-02
 6.5020769e-04 1.5214289e-06 2.5336149e-08 4.3302179e-10]"
D:\Uni\Ulm\Master\Hiwi-Forschung-und-Lehre\FairFace\detected_faces\872329_face0.jpg,White,White,Male,20-29,"[9.9511451e-01 1.9134382e-06 3.1163916e-04 1.1673668e-06 4.1248090e-06
 2.4878286e-06 4.5641395e-03]",[9.9984652e-01 5.6082445e-05 6.3962354e-05 3.3388769e-05],[9.9999774e-01 2.2742884e-06],"[3.9597499e-08 1.0910122e-05 1.4192995e-02 8.4021288e-01 1.4388974e-01
 1.6881274e-03 5.3216759e-06 5.1463200e-08 8.3783214e-10]"
D:\Uni\Ulm\Master\Hiwi-Forschung-und-Lehre\FairFace\detected_faces\872358_face0.jpg,Latino_Hispanic,White,Male,20-29,"[0.23804529 0.0117128  0.6511248  0.00604683 0.0175315  0.00484163
 0.07069709]",[0.82758677 0.01785387 0.13748886 0.0170705 ],[9.9999994e-01 6.3498867e-08],"[2.9028197e-07 3.9633695e-05 2.9236447e-02 7.5295299e-01 1.9787247e-01
 1.9454269e-02 4.3634078e-04 7.4120103e-06 6.2636275e-08]"
D:\Uni\Ulm\Master\Hiwi-Forschung-und-Lehre\FairFace\detected_faces\872432_face0.jpg,White,White,Male,20-29,"[4.5437977e-01 1.7216384e-04 3.2322893e-01 3.6274078e-03 7.9808068e-03
 3.5431363e-02 1.7517965e-01]",[6.4212358e-01 5.2396790e-04 2.6262622e-02 3.3108988e-01],[9.9999988e-01 9.6670114e-08],"[1.46670217e-07 3.27974885e-05 3.33951861e-02 8.92022491e-01
 7.38789216e-02 6.67420274e-04 2.98516488e-06 1.17782946e-07
 1.38102385e-09]"
D:\Uni\Ulm\Master\Hiwi-Forschung-und-Lehre\FairFace\detected_faces\872567_face0.jpg,Latino_Hispanic,Black,Male,30-39,"[2.3486344e-02 1.6080792e-01 4.2970783e-01 6.6808097e-05 8.4595621e-04
 1.4228021e-01 2.4280488e-01]",[0.01770446 0.7223141  0.00325516 0.25672632],[9.9999976e-01 2.7350745e-07],"[6.9248614e-07 2.9228664e-05 1.0528369e-03 2.2128235e-01 7.2272521e-01
 5.4769497e-02 1.3934380e-04 9.0317729e-07 8.9991268e-09]"
D:\Uni\Ulm\Master\Hiwi-Forschung-und-Lehre\FairFace\detected_faces\872868_face0.jpg,White,White,Male,20-29,"[5.48892796e-01 3.56937206e-04 1.01516478e-01 1.18266915e-04
 3.60769714e-04 1.32749777e-03 3.47427338e-01]",[9.9468768e-01 3.3252626e-03 2.8034643e-04 1.7067494e-03],[9.9994850e-01 5.1520034e-05],"[2.4845710e-06 2.2403852e-04 4.9692420e-03 6.7296422e-01 3.1887731e-01
 2.9583797e-03 4.3211576e-06 5.6589272e-08 1.1246717e-09]"
D:\Uni\Ulm\Master\Hiwi-Forschung-und-Lehre\FairFace\detected_faces\872919_face0.jpg,Middle Eastern,White,Male,20-29,"[0.27823856 0.00152936 0.14762016 0.00075078 0.00120003 0.00075451
 0.5699066 ]",[0.9614296  0.00283727 0.03466443 0.00106878],[9.9999928e-01 7.6036014e-07],"[1.3008656e-06 2.3859053e-05 2.8980987e-03 5.0024331e-01 4.6919638e-01
 2.7199151e-02 4.3157252e-04 6.3423131e-06 7.8985842e-08]"
D:\Uni\Ulm\Master\Hiwi-Forschung-und-Lehre\FairFace\detected_faces\873040_face0.jpg,Latino_Hispanic,Black,Male,20-29,"[0.03486822 0.0049749  0.8727876  0.01458384 0.04717084 0.01410583
 0.01150883]",[0.14693534 0.5517693  0.09270032 0.20859502],[9.9999982e-01 1.5865213e-07],"[1.9256717e-07 4.3193701e-05 9.6514426e-02 8.5346246e-01 4.8724115e-02
 1.2400834e-03 1.5223305e-05 2.6529955e-07 2.8069975e-09]"
D:\Uni\Ulm\Master\Hiwi-Forschung-und-Lehre\FairFace\detected_faces\873050_face0.jpg,Black,Black,Male,20-29,"[3.1156390e-04 9.8520160e-01 2.6591024e-03 4.0069758e-06 9.5392548e-05
 1.1395705e-02 3.3258557e-04]",[8.5449137e-06 9.9988431e-01 2.0384116e-06 1.0514670e-04],[9.9984694e-01 1.5308698e-04],"[1.6974306e-07 8.6652472e-05 4.7006439e-02 7.5094807e-01 1.9278757e-01
 8.9219557e-03 2.3907068e-04 9.5932683e-06 4.8515722e-07]"
D:\Uni\Ulm\Master\Hiwi-Forschung-und-Lehre\FairFace\detected_faces\873106_face0.jpg,East Asian,Asian,Male,20-29,"[1.2089942e-04 6.5081567e-06 6.9876941e-04 8.7808782e-01 1.2098991e-01
 9.0268739e-05 5.8641572e-06]",[5.7476493e-05 1.2133037e-05 9.9973005e-01 2.0027466e-04],[0.99696517 0.00303478],"[5.4271684e-08 4.2703273e-06 2.8271725e-02 7.5273836e-01 2.1249580e-01
 6.3917963e-03 9.2157650e-05 5.6834947e-06 6.6879366e-08]"
D:\Uni\Ulm\Master\Hiwi-Forschung-und-Lehre\FairFace\detected_faces\873189_face0.jpg,White,White,Male,20-29,"[9.91129398e-01 4.64830509e-06 1.14678778e-03 1.30334165e-05
 6.69977817e-05 6.28872476e-06 7.63285765e-03]",[9.9907118e-01 5.6030048e-04 2.7112348e-04 9.7396252e-05],[9.9999720e-01 2.7732647e-06],"[7.9286231e-09 8.1821308e-06 5.9101980e-02 9.0950000e-01 3.1207200e-02
 1.8222794e-04 4.1170640e-07 5.2142930e-09 1.1849800e-10]"
D:\Uni\Ulm\Master\Hiwi-Forschung-und-Lehre\FairFace\detected_faces\873347_face0.jpg,White,White,Male,20-29,"[6.6245896e-01 1.3960165e-03 1.0827709e-01 2.1986043e-04 7.0961867e-04
 3.1489106e-03 2.2378951e-01]",[0.96072114 0.01727651 0.00143077 0.0205716 ],[9.9998283e-01 1.7192195e-05],"[3.9382130e-08 2.8871434e-06 2.0779043e-03 7.8553081e-01 2.1127549e-01
 1.1111352e-03 1.6445042e-06 2.4456860e-08 4.5387683e-10]"
D:\Uni\Ulm\Master\Hiwi-Forschung-und-Lehre\FairFace\detected_faces\873419_face0.jpg,Black,Black,Male,30-39,"[3.1850977e-06 9.9964356e-01 2.7044446e-04 6.3057843e-07 1.8143422e-05
 5.9706057e-05 4.2331458e-06]",[5.8917840e-06 9.9991590e-01 2.4024597e-05 5.4159227e-05],[9.9981833e-01 1.8168411e-04],"[4.5197319e-07 2.0992711e-06 4.1258681e-04 1.7495860e-01 6.1670494e-01
 2.0140611e-01 6.4156782e-03 9.6034179e-05 3.4362915e-06]"
D:\Uni\Ulm\Master\Hiwi-Forschung-und-Lehre\FairFace\detected_faces\873491_face0.jpg,White,White,Male,20-29,"[9.9464613e-01 1.0627770e-05 2.4110120e-04 9.6977897e-07 3.1595184e-06
 6.9967573e-06 5.0910232e-03]",[9.9929565e-01 5.1544642e-04 5.6190824e-05 1.3269331e-04],[9.9999994e-01 1.1415073e-07],"[1.18071874e-07 6.24630911e-06 8.28382326e-04 5.19176841e-01
 4.71489936e-01 8.47200118e-03 2.63302773e-05 1.38880367e-07
 3.21684657e-09]"
D:\Uni\Ulm\Master\Hiwi-Forschung-und-Lehre\FairFace\detected_faces\873554_face0.jpg,Latino_Hispanic,Indian,Male,20-29,"[7.2827980e-02 3.1369794e-02 8.1819504e-01 2.0780715e-05 3.1512871e-04
 1.6386516e-02 6.0884710e-02]",[0.20738024 0.06936137 0.00580718 0.7174512 ],[9.999999e-01 9.301619e-08],"[3.4294469e-08 7.0604847e-06 1.2720016e-02 8.9066988e-01 9.5269427e-02
 1.3275910e-03 5.7993229e-06 1.6127706e-07 1.5616577e-09]"
D:\Uni\Ulm\Master\Hiwi-Forschung-und-Lehre\FairFace\detected_faces\873630_face0.jpg,Black,Black,Male,20-29,"[1.1577533e-07 9.9999148e-01 3.4923319e-06 5.4768452e-09 2.1737422e-07
 4.2815213e-06 4.2519216e-07]",[7.8072965e-08 9.9999863e-01 1.5662508e-07 1.1920046e-06],[9.9999851e-01 1.5316191e-06],"[2.4033401e-08 1.5939462e-05 1.4228581e-02 8.2509053e-01 1.5576538e-01
 4.8514064e-03 4.7091256e-05 1.0007516e-06 8.4081925e-08]"
D:\Uni\Ulm\Master\Hiwi-Forschung-und-Lehre\FairFace\detected_faces\873632_face0.jpg,Black,Black,Male,20-29,"[5.2450400e-06 9.9992323e-01 5.1237119e-05 1.1702242e-08 2.4770171e-07
 1.2796710e-05 7.2945822e-06]",[1.2193827e-06 9.9999553e-01 2.9098223e-07 3.0342042e-06],[9.9999994e-01 8.9195737e-08],"[6.9056290e-09 1.0274591e-06 3.7633763e-03 6.6367722e-01 3.1489974e-01
 1.7304406e-02 3.4462113e-04 9.4569250e-06 2.2231808e-07]"
D:\Uni\Ulm\Master\Hiwi-Forschung-und-Lehre\FairFace\detected_faces\873717_face0.jpg,Latino_Hispanic,Asian,Male,20-29,"[0.07710268 0.00559254 0.6965094  0.04050964 0.11200957 0.00138328
 0.06689283]",[6.0528509e-02 1.5862811e-03 9.3746871e-01 4.1650841e-04],[1.0000000e+00 2.6631358e-08],"[1.67362639e-08 3.14516137e-06 5.38198790e-03 8.74209046e-01
 1.19117595e-01 1.28222676e-03 5.81927816e-06 9.11936908e-08
 7.61064378e-10]"
D:\Uni\Ulm\Master\Hiwi-Forschung-und-Lehre\FairFace\detected_faces\873947_face0.jpg,White,White,Male,20-29,"[9.8910165e-01 7.8815119e-06 2.1785146e-03 1.4890431e-05 3.2398901e-05
 7.1373056e-06 8.6575681e-03]",[9.9884254e-01 3.9739331e-04 4.0761707e-04 3.5241465e-04],[1.0000000e+00 1.7302646e-09],"[8.6162480e-08 2.1558319e-05 9.8416768e-03 7.8470784e-01 2.0289312e-01
 2.5296242e-03 6.0978728e-06 4.1638756e-08 3.1129443e-10]"
D:\Uni\Ulm\Master\Hiwi-Forschung-und-Lehre\FairFace\detected_faces\874481_face0.jpg,Black,Black,Male,30-39,"[3.9078795e-08 9.9997461e-01 1.0641621e-06 6.1842875e-10 4.7345406e-08
 2.4222994e-05 1.2568616e-07]",[1.304709e-06 9.998977e-01 5.457673e-06 9.551737e-05],[9.9999124e-01 8.8079432e-06],"[1.1272110e-09 2.0780952e-08 2.5394102e-05 4.5762967e-02 6.6035289e-01
 2.8641805e-01 7.3877820e-03 5.2011532e-05 8.9314796e-07]"
D:\Uni\Ulm\Master\Hiwi-Forschung-und-Lehre\FairFace\detected_faces\874535_face0.jpg,Latino_Hispanic,White,Male,20-29,"[4.3720362e-01 1.1674658e-03 4.7801340e-01 2.8328272e-04 1.7664859e-03
 4.8739478e-04 8.1078470e-02]",[0.98993576 0.00314908 0.00406107 0.00285416],[0.9982959  0.00170408],"[4.5966648e-09 2.2687209e-05 4.4207555e-01 5.4898220e-01 8.8805296e-03
 3.8956910e-05 9.1574620e-08 1.2794970e-09 1.7794795e-11]"
D:\Uni\Ulm\Master\Hiwi-Forschung-und-Lehre\FairFace\detected_faces\874565_face0.jpg,White,White,Male,20-29,"[5.8145034e-01 3.2669533e-04 1.6463476e-01 9.4560688e-05 2.0342546e-04
 3.1207310e-04 2.5297812e-01]",[9.9710959e-01 1.0966244e-03 7.9567503e-04 9.9813985e-04],[9.9999714e-01 2.8564277e-06],"[1.8019136e-08 3.8842150e-05 1.4892085e-01 8.3903581e-01 1.1930070e-02
 7.4161144e-05 2.1393531e-07 4.4153454e-09 6.9706081e-11]"
D:\Uni\Ulm\Master\Hiwi-Forschung-und-Lehre\FairFace\detected_faces\874568_face0.jpg,Latino_Hispanic,Black,Male,20-29,"[4.3668922e-02 6.7297585e-02 8.0974633e-01 9.4316092e-05 1.5690681e-03
 5.0023980e-03 7.2621435e-02]",[0.03113458 0.90585726 0.00885166 0.05415652],[9.9999923e-01 8.2041527e-07],"[2.3800561e-07 4.9600471e-04 3.6699930e-01 6.1128724e-01 2.0997001e-02
 2.1862169e-04 1.4840454e-06 3.3153732e-08 4.2488427e-10]"
D:\Uni\Ulm\Master\Hiwi-Forschung-und-Lehre\FairFace\detected_faces\874583_face0.jpg,White,White,Male,20-29,"[0.38537836 0.00390121 0.34678543 0.00044262 0.0010963  0.00586023
 0.25653586]",[0.50274295 0.19085151 0.03569986 0.2707057 ],[9.9982381e-01 1.7623186e-04],"[6.0159130e-07 3.2914853e-05 7.3122592e-03 7.3952007e-01 2.4802223e-01
 5.0778016e-03 3.3570668e-05 5.8821337e-07 9.4012451e-09]"
D:\Uni\Ulm\Master\Hiwi-Forschung-und-Lehre\FairFace\detected_faces\874586_face0.jpg,White,White,Male,20-29,"[9.9206018e-01 1.0402477e-05 3.9293170e-03 7.7572578e-05 1.7865081e-04
 1.0994065e-05 3.7329725e-03]",[9.9973810e-01 1.8628027e-04 6.4005391e-05 1.1617409e-05],[9.9999994e-01 9.0004526e-08],"[2.2133966e-06 1.7047263e-04 3.6113627e-02 5.7673955e-01 3.7166110e-01
 1.5204604e-02 1.0729148e-04 1.1035244e-06 1.1602938e-08]"
D:\Uni\Ulm\Master\Hiwi-Forschung-und-Lehre\FairFace\detected_faces\874705_face0.jpg,Black,Black,Male,20-29,"[9.3958620e-04 9.6402746e-01 3.2829221e-02 2.9984830e-07 1.4106777e-05
 5.5367703e-04 1.6356732e-03]",[2.4733346e-04 9.9916333e-01 7.8781792e-05 5.1056506e-04],[1.0000000e+00 4.4646833e-10],"[4.7835179e-08 6.3187317e-06 8.3011063e-03 7.7274746e-01 2.1057494e-01
 8.2459645e-03 1.2128622e-04 2.8193192e-06 2.2334389e-08]"
D:\Uni\Ulm\Master\Hiwi-Forschung-und-Lehre\FairFace\detected_faces\874816_face0.jpg,White,White,Male,20-29,"[9.3855011e-01 8.1838763e-05 1.0139285e-02 1.5589067e-05 3.1908883e-05
 2.2889885e-04 5.0952334e-02]",[9.9945468e-01 1.4155197e-04 8.0870930e-05 3.2282085e-04],[9.9999833e-01 1.6029674e-06],"[5.5247710e-08 3.2005385e-06 2.0065352e-03 7.8665483e-01 2.0944987e-01
 1.8789404e-03 6.5676772e-06 5.4678676e-08 1.1224675e-09]"
D:\Uni\Ulm\Master\Hiwi-Forschung-und-Lehre\FairFace\detected_faces\874979_face0.jpg,Middle Eastern,Indian,Male,30-39,"[4.4058815e-02 3.4768383e-03 3.6026835e-02 5.2158243e-06 3.3929955e-05
 6.4451057e-03 9.0995330e-01]",[0.326571   0.0318522  0.00397087 0.63760597],[9.9999076e-01 9.1827424e-06],"[1.7236700e-06 1.4803751e-05 3.6008478e-04 3.8596220e-02 6.1604905e-01
 3.3687538e-01 8.0430573e-03 5.8838854e-05 8.3978762e-07]"
D:\Uni\Ulm\Master\Hiwi-Forschung-und-Lehre\FairFace\detected_faces\875085_face0.jpg,White,White,Male,20-29,"[9.7718078e-01 5.6621066e-05 1.0873095e-02 8.1837317e-04 7.7104190e-04
 3.6236306e-05 1.0263664e-02]",[9.5788682e-01 2.4516073e-03 3.9293539e-02 3.6806802e-04],[0.9981707  0.00182928],"[1.7998812e-07 7.0305323e-05 6.6351444e-02 8.4822017e-01 8.4292009e-02
 1.0581474e-03 7.5234748e-06 1.8347752e-07 5.5235798e-09]"
D:\Uni\Ulm\Master\Hiwi-Forschung-und-Lehre\FairFace\detected_faces\875137_face0.jpg,White,White,Male,20-29,"[9.9459696e-01 1.2860802e-04 1.9766863e-03 2.2302303e-05 8.2734521e-05
 6.6944587e-05 3.1258496e-03]",[9.7906095e-01 1.9726980e-02 5.0236244e-04 7.0971745e-04],[9.999999e-01 6.897794e-08],"[4.2426791e-08 2.8548309e-06 4.7883373e-03 7.3398751e-01 2.4993496e-01
 1.0977542e-02 3.0388922e-04 4.7992121e-06 6.8780032e-08]"
D:\Uni\Ulm\Master\Hiwi-Forschung-und-Lehre\FairFace\detected_faces\875293_face0.jpg,White,White,Male,30-39,"[5.3984541e-01 3.8779152e-05 9.2760280e-02 1.8117249e-05 8.1350838e-05
 2.6808963e-03 3.6457521e-01]",[9.9642098e-01 4.5553494e-05 5.7319633e-04 2.9601417e-03],[1.0000000e+00 2.5087608e-08],"[8.2482657e-06 3.2487520e-04 6.3981088e-03 2.1623880e-01 6.5859425e-01
 1.1764360e-01 7.8491279e-04 7.2467301e-06 4.3247276e-08]"
D:\Uni\Ulm\Master\Hiwi-Forschung-und-Lehre\FairFace\detected_faces\875295_face0.jpg,White,White,Male,20-29,"[0.600122   0.00191457 0.11838759 0.00064765 0.00244388 0.00557471
 0.27090967]",[0.9841203  0.00489686 0.00254429 0.0084385 ],[9.9999952e-01 4.5074123e-07],"[4.2373369e-05 2.8948404e-03 3.5171013e-02 4.8022363e-01 4.4387481e-01
 3.6917161e-02 8.4893551e-04 2.6702424e-05 5.8942777e-07]"
D:\Uni\Ulm\Master\Hiwi-Forschung-und-Lehre\FairFace\detected_faces\875360_face0.jpg,White,White,Male,20-29,"[9.9866480e-01 5.5080422e-06 6.4003922e-04 8.5654256e-06 2.7704069e-05
 4.6498194e-06 6.4875785e-04]",[9.9596667e-01 2.5827028e-03 8.7662489e-04 5.7397905e-04],[9.9993300e-01 6.6955654e-05],"[1.1779655e-08 1.1945826e-06 6.2362663e-03 7.5110364e-01 2.3417175e-01
 8.3863167e-03 9.9742821e-05 1.1096228e-06 2.3399801e-08]"
D:\Uni\Ulm\Master\Hiwi-Forschung-und-Lehre\FairFace\detected_faces\875408_face0.jpg,White,White,Male,20-29,"[9.7222376e-01 4.3275817e-05 4.1358243e-03 2.7520941e-06 1.7718454e-05
 1.6972340e-04 2.3406897e-02]",[9.9731851e-01 6.8665203e-04 4.5344357e-05 1.9496104e-03],[9.9922341e-01 7.7657506e-04],"[4.3921656e-08 4.8261104e-06 1.3652139e-02 7.8916144e-01 1.8548636e-01
 1.1263688e-02 4.2273523e-04 8.5235806e-06 2.0243500e-07]"
D:\Uni\Ulm\Master\Hiwi-Forschung-und-Lehre\FairFace\detected_faces\875469_face0.jpg,White,White,Male,10-19,"[8.9462996e-01 2.0822848e-04 5.5451994e-03 2.3477767e-03 3.9076274e-03
 1.3067573e-04 9.3230553e-02]",[9.8816341e-01 1.0505174e-03 1.0743429e-02 4.2667703e-05],[9.9992198e-01 7.8007935e-05],"[2.20381963e-07 4.16112278e-04 6.57063186e-01 3.37506860e-01
 4.89777466e-03 1.13830465e-04 1.82196050e-06 2.06375262e-07
 7.23510674e-09]"
D:\Uni\Ulm\Master\Hiwi-Forschung-und-Lehre\FairFace\detected_faces\875479_face0.jpg,White,White,Male,20-29,"[9.8723805e-01 2.2095068e-05 1.8359656e-03 1.9397931e-04 3.3738115e-04
 5.4205734e-06 1.0367057e-02]",[9.9924940e-01 6.9419315e-05 5.8543391e-04 9.5778247e-05],[9.9986619e-01 1.3381742e-04],"[1.1112012e-08 7.0817500e-06 8.4340788e-02 8.9428627e-01 2.1078678e-02
 2.8487985e-04 2.2958448e-06 3.7949349e-08 9.1464325e-10]"
D:\Uni\Ulm\Master\Hiwi-Forschung-und-Lehre\FairFace\detected_faces\875495_face0.jpg,Middle Eastern,White,Male,30-39,"[3.2518396e-01 4.5319094e-04 2.6816433e-02 7.0142896e-06 3.9654366e-05
 6.8926839e-03 6.4060712e-01]",[9.5132154e-01 3.1131692e-03 4.0419407e-05 4.5524772e-02],[9.999877e-01 1.229233e-05],"[4.8460826e-08 2.2651254e-06 5.1975058e-04 2.1481758e-01 7.5466007e-01
 2.9910002e-02 8.9901754e-05 3.5839372e-07 5.0882769e-09]"
D:\Uni\Ulm\Master\Hiwi-Forschung-und-Lehre\FairFace\detected_faces\875613_face0.jpg,White,White,Male,30-39,"[9.85221565e-01 3.22643109e-06 2.12978362e-03 9.29033122e-05
 2.07726975e-04 2.12096093e-05 1.23234615e-02]",[9.9943990e-01 2.6496989e-05 4.0589998e-04 1.2768104e-04],[9.9999917e-01 7.7703504e-07],"[9.7493725e-08 1.5753111e-06 6.7166606e-04 3.2455972e-01 6.1001861e-01
 6.3980795e-02 7.5971155e-04 7.7079703e-06 1.0853157e-07]"
D:\Uni\Ulm\Master\Hiwi-Forschung-und-Lehre\FairFace\detected_faces\875621_face0.jpg,White,White,Male,10-19,"[4.2159748e-01 6.6225417e-04 3.3206883e-01 2.0410997e-04 1.0636233e-03
 1.8865280e-03 2.4251719e-01]",[9.9147004e-01 9.0119091e-04 4.2546350e-03 3.3740764e-03],[9.9967885e-01 3.2117977e-04],"[7.7665526e-08 7.4102462e-04 5.7058620e-01 4.2424735e-01 4.3860581e-03
 3.9159688e-05 1.8520784e-07 5.8196390e-09 2.1068944e-10]"
D:\Uni\Ulm\Master\Hiwi-Forschung-und-Lehre\FairFace\detected_faces\875890_face0.jpg,Black,Black,Male,20-29,"[2.98733852e-04 9.73118722e-01 1.48236593e-02 5.00257476e-04
 1.01227695e-02 9.22685547e-04 2.13177234e-04]",[1.5180744e-04 9.9744540e-01 2.1322286e-03 2.7058067e-04],[9.9998778e-01 1.2216188e-05],"[1.7008952e-05 4.3755298e-04 1.4111643e-02 7.1616369e-01 2.5410721e-01
 1.4864082e-02 2.8587272e-04 1.1732893e-05 1.1735506e-06]"
D:\Uni\Ulm\Master\Hiwi-Forschung-und-Lehre\FairFace\detected_faces\876036_face0.jpg,White,White,Male,20-29,"[0.7100461  0.00223073 0.09559409 0.00079974 0.00179534 0.0013825
 0.18815152]",[0.8358172  0.02833255 0.10666399 0.02918622],[9.999998e-01 1.854847e-07],"[3.4127336e-08 1.7233300e-06 8.9488726e-04 7.1316499e-01 2.8325284e-01
 2.6785890e-03 6.8949212e-06 8.2475104e-08 1.3994903e-09]"
D:\Uni\Ulm\Master\Hiwi-Forschung-und-Lehre\FairFace\detected_faces\876056_face0.jpg,Black,Black,Male,20-29,"[3.2359560e-07 9.9998200e-01 8.5174806e-06 3.6725595e-08 1.3706651e-06
 7.4475893e-06 3.3680394e-07]",[9.7188899e-07 9.9999684e-01 1.2838099e-06 9.5027735e-07],[9.9999630e-01 3.6849985e-06],"[6.4684822e-09 4.6236670e-07 9.2981599e-04 5.3936964e-01 4.4129339e-01
 1.8231113e-02 1.7330570e-04 2.1100313e-06 8.7353087e-08]"
D:\Uni\Ulm\Master\Hiwi-Forschung-und-Lehre\FairFace\detected_faces\876081_face0.jpg,White,White,Male,20-29,"[5.8071935e-01 3.4481753e-04 2.1678907e-01 1.2458890e-03 1.4670487e-03
 1.6354943e-03 1.9779837e-01]",[0.90881866 0.0046678  0.02917415 0.0573393 ],[9.9999976e-01 2.1484399e-07],"[2.5314032e-08 1.2865659e-06 3.9070337e-03 9.0242654e-01 9.3021736e-02
 6.4101635e-04 2.3137200e-06 7.4603733e-08 8.0190077e-10]"
D:\Uni\Ulm\Master\Hiwi-Forschung-und-Lehre\FairFace\detected_faces\876106_face0.jpg,White,White,Male,20-29,"[9.4138694e-01 3.5433902e-04 4.6883617e-03 3.2217602e-05 5.4654658e-05
 9.6414973e-05 5.3387109e-02]",[9.9564373e-01 3.9428347e-03 2.6057137e-04 1.5278890e-04],[9.9999845e-01 1.4802071e-06],"[6.1108956e-08 9.5558089e-06 1.0583876e-02 9.0461761e-01 8.4148459e-02
 6.3793169e-04 2.5298289e-06 4.0138495e-08 9.5396546e-10]"
D:\Uni\Ulm\Master\Hiwi-Forschung-und-Lehre\FairFace\detected_faces\876109_face0.jpg,Black,Black,Male,20-29,"[2.3427434e-02 9.2387486e-01 2.3920761e-02 1.7857739e-04 1.5113126e-03
 6.0042605e-04 2.6486600e-02]",[6.1037455e-04 9.9929702e-01 7.0877868e-05 2.1737495e-05],[9.9999988e-01 6.6800126e-08],"[2.9643410e-08 1.3227536e-05 2.3237733e-02 9.2630953e-01 5.0140273e-02
 2.9768527e-04 1.4934278e-06 5.2053196e-08 1.1833065e-09]"
D:\Uni\Ulm\Master\Hiwi-Forschung-und-Lehre\FairFace\detected_faces\876214_face0.jpg,White,White,Male,20-29,"[6.6454554e-01 1.1559760e-03 1.4642259e-01 1.6265396e-04 3.4982068e-04
 1.0304271e-03 1.8633303e-01]",[0.9821887  0.00212065 0.0135358  0.00215485],[9.9999905e-01 9.8488590e-07],"[6.4017456e-08 4.5840006e-06 2.6173843e-03 7.9295361e-01 2.0313516e-01
 1.2875311e-03 1.7017494e-06 1.9453017e-08 2.4656435e-10]"
D:\Uni\Ulm\Master\Hiwi-Forschung-und-Lehre\FairFace\detected_faces\876235_face0.jpg,Middle Eastern,White,Male,20-29,"[1.11203104e-01 2.74061720e-04 3.43805142e-02 1.12377216e-04
 1.60670097e-04 3.67292349e-04 8.53502035e-01]",[0.97432333 0.01513264 0.00242866 0.00811537],[9.9999994e-01 9.4537015e-08],"[1.1403386e-06 2.2574431e-04 3.9881807e-02 8.0477619e-01 1.5310390e-01
 2.0063827e-03 4.7986855e-06 7.7462516e-08 1.0490127e-09]"
D:\Uni\Ulm\Master\Hiwi-Forschung-und-Lehre\FairFace\detected_faces\876236_face0.jpg,White,White,Male,20-29,"[8.5415685e-01 5.1385432e-06 2.4092151e-03 4.3037421e-06 7.2483804e-06
 4.1211846e-05 1.4337610e-01]",[9.9968392e-01 7.9910442e-06 9.8150900e-05 2.0995623e-04],[9.9999630e-01 3.7373597e-06],"[1.4325441e-08 1.7012653e-06 2.7294182e-03 7.5980127e-01 2.3428650e-01
 3.1733692e-03 7.6808210e-06 4.6662702e-08 5.1635729e-10]"
D:\Uni\Ulm\Master\Hiwi-Forschung-und-Lehre\FairFace\detected_faces\876242_face0.jpg,White,White,Male,20-29,"[8.75380933e-01 2.11750768e-04 5.12633920e-02 2.89358031e-05
 1.02652426e-04 8.07426986e-04 7.22049251e-02]",[9.8851031e-01 2.5581613e-03 1.4317581e-04 8.7884227e-03],[9.9999642e-01 3.6081049e-06],"[5.31717692e-09 9.30541773e-07 1.15949137e-03 5.17724395e-01
 4.74164486e-01 6.94056274e-03 1.01438945e-05 4.66981440e-08
 4.49167453e-10]"
D:\Uni\Ulm\Master\Hiwi-Forschung-und-Lehre\FairFace\detected_faces\876259_face0.jpg,White,White,Male,20-29,"[9.9969286e-01 3.7038537e-06 1.0378671e-04 2.5219137e-05 3.5951271e-05
 7.7373312e-07 1.3764684e-04]",[9.9904960e-01 8.6791598e-04 7.9727804e-05 2.7636440e-06],[1.000000e+00 7.264085e-10],"[3.0973911e-07 1.6954397e-04 1.0353568e-01 8.4926826e-01 4.6372950e-02
 6.4859190e-04 4.5434949e-06 5.2968339e-08 1.0890694e-09]"
D:\Uni\Ulm\Master\Hiwi-Forschung-und-Lehre\FairFace\detected_faces\876345_face0.jpg,Latino_Hispanic,Black,Male,20-29,"[1.0672515e-01 4.4855054e-02 5.9255183e-01 7.0263777e-05 8.8601245e-04
 3.6720433e-03 2.5123969e-01]",[0.1024904  0.88232    0.00172487 0.01346479],[9.9999994e-01 4.0629583e-08],"[1.5172704e-08 5.7757375e-06 3.2301109e-02 9.2205238e-01 4.5119662e-02
 5.1872229e-04 2.2264808e-06 5.6609188e-08 6.8687739e-10]"
D:\Uni\Ulm\Master\Hiwi-Forschung-und-Lehre\FairFace\detected_faces\876599_face0.jpg,White,White,Male,20-29,"[9.9980181e-01 1.1207823e-07 5.0326311e-05 1.7979379e-05 1.0511199e-05
 8.8904477e-07 1.1837495e-04]",[9.9964058e-01 4.3963306e-07 3.4863898e-04 1.0372497e-05],[9.9999994e-01 4.4963670e-08],"[1.9613185e-07 2.2744307e-05 2.3979673e-02 6.7771077e-01 2.6211110e-01
 3.5251904e-02 9.0563192e-04 1.7828892e-05 1.4890391e-07]"
D:\Uni\Ulm\Master\Hiwi-Forschung-und-Lehre\FairFace\detected_faces\876643_face0.jpg,White,White,Male,20-29,"[8.45387280e-01 1.05846724e-04 5.02340235e-02 2.94987170e-04
 2.98676052e-04 1.23335223e-03 1.02445818e-01]",[9.8880690e-01 9.2626963e-04 1.6352754e-03 8.6315880e-03],[9.9999994e-01 7.7928682e-08],"[1.9414606e-06 1.7376941e-04 1.7987821e-02 7.6031321e-01 2.1306288e-01
 8.4039737e-03 5.5550652e-05 7.9644946e-07 8.7914858e-09]"
D:\Uni\Ulm\Master\Hiwi-Forschung-und-Lehre\FairFace\detected_faces\876712_face0.jpg,White,White,Male,10-19,"[9.9725062e-01 1.9806469e-06 2.9393737e-04 2.9066941e-06 2.9267499e-06
 1.9624651e-06 2.4457299e-03]",[9.9968016e-01 1.1665256e-04 1.9819016e-04 4.9857999e-06],[9.9999994e-01 8.7786098e-08],"[6.5573879e-08 2.6220777e-03 9.5430428e-01 4.2728849e-02 3.3620166e-04
 8.4806043e-06 5.7994381e-08 1.3185247e-09 2.8137593e-11]"
D:\Uni\Ulm\Master\Hiwi-Forschung-und-Lehre\FairFace\detected_faces\876842_face0.jpg,White,White,Male,30-39,"[6.2968290e-01 1.7419203e-04 4.1009478e-02 7.1324990e-05 1.0977702e-04
 2.1341876e-03 3.2681814e-01]",[9.9745858e-01 3.3163876e-04 4.3547200e-04 1.7742640e-03],[9.999103e-01 8.964210e-05],"[1.6320733e-06 4.3825108e-05 1.0131447e-03 3.4879950e-01 6.3962221e-01
 1.0502457e-02 1.7105376e-05 1.3061030e-07 2.4826714e-09]"
D:\Uni\Ulm\Master\Hiwi-Forschung-und-Lehre\FairFace\detected_faces\876858_face0.jpg,White,White,Male,20-29,"[9.9978143e-01 1.5324239e-06 1.5243203e-04 3.5177370e-06 1.3462252e-05
 6.5513967e-07 4.7050493e-05]",[9.9978536e-01 5.5836943e-05 1.1425696e-04 4.4497974e-05],[1.0000000e+00 2.7431588e-08],"[6.91628998e-07 1.14368675e-04 8.02916065e-02 6.05172038e-01
 2.60867238e-01 5.02200462e-02 3.28186643e-03 5.16925938e-05
 4.56110712e-07]"
D:\Uni\Ulm\Master\Hiwi-Forschung-und-Lehre\FairFace\detected_faces\876860_face0.jpg,White,White,Male,20-29,"[9.7882605e-01 8.6926175e-06 2.7347293e-03 7.2659295e-06 1.2965264e-05
 3.1953037e-05 1.8378371e-02]",[9.9321246e-01 4.6250783e-03 3.2985015e-04 1.8325530e-03],[9.9999690e-01 3.1339837e-06],"[7.8875804e-09 1.5351043e-07 1.0280106e-03 5.9989172e-01 3.7896010e-01
 1.9773480e-02 3.4198197e-04 4.5220177e-06 6.9387568e-08]"
D:\Uni\Ulm\Master\Hiwi-Forschung-und-Lehre\FairFace\detected_faces\876927_face0.jpg,Black,Black,Male,30-39,"[1.35864853e-03 8.70331585e-01 2.16894187e-02 4.25433063e-06
 7.57431844e-05 5.54344524e-03 1.00996934e-01]",[0.00125452 0.887494   0.00187856 0.10937288],[9.9999857e-01 1.4034911e-06],"[1.4339531e-05 2.0084274e-04 4.8678489e-03 3.7153441e-01 5.3920949e-01
 8.1196472e-02 2.8902451e-03 8.4327672e-05 2.0191947e-06]"
D:\Uni\Ulm\Master\Hiwi-Forschung-und-Lehre\FairFace\detected_faces\876949_face0.jpg,White,White,Male,20-29,"[9.7778153e-01 1.1027275e-04 1.2555035e-02 1.5292850e-05 4.2513529e-05
 1.2321824e-05 9.4830580e-03]",[9.9096113e-01 6.4935335e-03 2.0658933e-03 4.7941515e-04],[9.9999708e-01 2.9575615e-06],"[5.0663484e-08 8.4269042e-05 1.7848299e-01 8.0198944e-01 1.9238796e-02
 2.0345928e-04 9.7204793e-07 1.7005378e-08 2.8382371e-10]"
D:\Uni\Ulm\Master\Hiwi-Forschung-und-Lehre\FairFace\detected_faces\877013_face0.jpg,Latino_Hispanic,White,Male,30-39,"[0.03353213 0.02209255 0.5200756  0.00052585 0.00505474 0.1050765
 0.31364265]",[0.5167884  0.21245824 0.01749922 0.25325418],[9.9999881e-01 1.1498219e-06],"[3.1365150e-08 1.3917413e-06 6.6349033e-04 4.5969763e-01 5.2851814e-01
 1.1098769e-02 2.0334675e-05 2.1814358e-07 2.5083400e-09]"
D:\Uni\Ulm\Master\Hiwi-Forschung-und-Lehre\FairFace\detected_faces\877036_face0.jpg,Middle Eastern,Black,Male,20-29,"[2.1908330e-02 1.1268381e-02 2.3811144e-01 3.1214473e-05 3.3351473e-04
 6.3814227e-03 7.2196573e-01]",[0.16157015 0.7850896  0.00307126 0.05026903],[9.9999815e-01 1.8247606e-06],"[6.0047753e-08 1.3273682e-05 1.8642895e-02 8.4330124e-01 1.3603309e-01
 1.9994220e-03 9.8373330e-06 1.9532682e-07 2.2034188e-09]"
D:\Uni\Ulm\Master\Hiwi-Forschung-und-Lehre\FairFace\detected_faces\877037_face0.jpg,Black,Black,Male,20-29,"[8.9976267e-04 7.9742128e-01 1.0166958e-01 3.2576165e-04 1.3038692e-02
 7.0935406e-02 1.5709629e-02]",[0.00399943 0.8924454  0.02040978 0.08314553],[9.9999970e-01 2.9583956e-07],"[8.5535319e-08 2.5892864e-06 4.0305899e-03 7.3417431e-01 2.5711772e-01
 4.6552280e-03 1.9243098e-05 2.4321309e-07 4.6809112e-09]"
D:\Uni\Ulm\Master\Hiwi-Forschung-und-Lehre\FairFace\detected_faces\877102_face0.jpg,Middle Eastern,White,Male,20-29,"[8.0961637e-02 3.3069861e-03 3.9008695e-01 1.1600535e-04 8.9935091e-04
 5.6919749e-03 5.1893717e-01]",[0.5929767  0.03971383 0.0342605  0.33304897],[9.9999982e-01 1.8573049e-07],"[3.7508652e-08 2.5450827e-06 3.8860235e-03 6.7067021e-01 3.0638182e-01
 1.8667415e-02 3.8117368e-04 1.0683158e-05 1.0128013e-07]"
D:\Uni\Ulm\Master\Hiwi-Forschung-und-Lehre\FairFace\detected_faces\877103_face0.jpg,Latino_Hispanic,Black,Male,20-29,"[0.05609499 0.04344084 0.8513325  0.00094757 0.01121001 0.00120429
 0.03576981]",[0.0824711  0.8612099  0.04076151 0.01555737],[9.9999994e-01 3.1277381e-08],"[1.07144636e-07 1.10582059e-05 3.73725742e-02 8.21115375e-01
 1.32919595e-01 8.28642584e-03 2.87662784e-04 7.12681640e-06
 6.64748541e-08]"
D:\Uni\Ulm\Master\Hiwi-Forschung-und-Lehre\FairFace\detected_faces\877201_face0.jpg,White,White,Male,20-29,"[7.6013172e-01 5.3164019e-04 1.2105530e-01 1.1036692e-03 1.4246805e-03
 4.5212160e-04 1.1530074e-01]",[0.96150166 0.01286382 0.01638567 0.00924888],[9.9999994e-01 1.2147540e-07],"[4.3858332e-08 3.1144186e-06 3.9061895e-03 8.8089138e-01 1.1436592e-01
 8.3146326e-04 1.8895606e-06 2.3477666e-08 2.5658714e-10]"
D:\Uni\Ulm\Master\Hiwi-Forschung-und-Lehre\FairFace\detected_faces\877262_face0.jpg,White,White,Male,30-39,"[7.5366271e-01 6.3420890e-04 7.2883047e-02 9.0438902e-05 1.5950366e-04
 6.0090428e-04 1.7196922e-01]",[9.9765056e-01 1.0299056e-03 1.0527705e-03 2.6681952e-04],[9.9983996e-01 1.5997940e-04],"[6.3176435e-06 1.1226034e-04 3.4236175e-03 4.4670662e-01 5.2992463e-01
 1.9665798e-02 1.5797690e-04 2.6613118e-06 5.5594864e-08]"
D:\Uni\Ulm\Master\Hiwi-Forschung-und-Lehre\FairFace\detected_faces\877297_face0.jpg,White,White,Male,30-39,"[9.95879054e-01 1.00684065e-05 2.02346896e-03 2.89020568e-06
 9.25334371e-06 1.35348555e-05 2.06184131e-03]",[9.9878186e-01 6.4121454e-04 2.4868344e-04 3.2830986e-04],[9.9999368e-01 6.3280627e-06],"[1.5268053e-07 2.4303263e-06 6.5516762e-04 3.2939830e-01 6.0610181e-01
 6.3240148e-02 5.9330667e-04 8.5547354e-06 1.1144000e-07]"
D:\Uni\Ulm\Master\Hiwi-Forschung-und-Lehre\FairFace\detected_faces\877302_face0.jpg,White,White,Male,20-29,"[9.9120998e-01 1.1309905e-05 1.0710841e-03 3.2013719e-05 4.1229065e-05
 3.9587449e-06 7.6304357e-03]",[9.9695164e-01 2.6859781e-03 3.3888136e-04 2.3470742e-05],[9.9999970e-01 3.0166183e-07],"[1.6429814e-05 1.0647624e-02 4.5555213e-01 4.8389685e-01 4.8175663e-02
 1.6962331e-03 1.4750437e-05 2.9374286e-07 6.2569177e-09]"
D:\Uni\Ulm\Master\Hiwi-Forschung-und-Lehre\FairFace\detected_faces\877306_face0.jpg,White,White,Male,20-29,"[8.9532256e-01 9.7901572e-04 3.7271313e-02 7.3569965e-05 2.2173343e-04
 1.0750482e-04 6.6024296e-02]",[9.98758912e-01 1.02571701e-03 1.11739333e-04 1.03584374e-04],[9.9999994e-01 8.6788603e-08],"[9.00419877e-07 7.24885831e-05 1.14519745e-02 8.79025161e-01
 1.08635448e-01 8.11371196e-04 2.61951050e-06 4.55767122e-08
 8.15170320e-10]"
D:\Uni\Ulm\Master\Hiwi-Forschung-und-Lehre\FairFace\detected_faces\877308_face0.jpg,White,White,Male,30-39,"[9.9930227e-01 3.3776811e-05 2.5172057e-04 2.4503665e-06 5.4711099e-06
 4.2540632e-06 4.0001943e-04]",[9.9578238e-01 3.4205124e-03 7.3246314e-04 6.4648397e-05],[9.9999666e-01 3.3484432e-06],"[7.2792963e-09 4.3291300e-07 4.1752151e-05 1.3885558e-01 8.3415222e-01
 2.6884386e-02 6.5388020e-05 1.4588571e-07 3.6127827e-09]"
D:\Uni\Ulm\Master\Hiwi-Forschung-und-Lehre\FairFace\detected_faces\877334_face0.jpg,White,White,Male,20-29,"[9.7832000e-01 5.3565932e-06 8.3571728e-03 1.3370585e-04 1.2641156e-04
 3.1639411e-04 1.2740937e-02]",[9.9875259e-01 2.9752973e-05 4.1693766e-04 8.0075476e-04],[9.9999803e-01 1.9874644e-06],"[1.0764303e-06 7.8819349e-04 2.3953351e-01 7.1530235e-01 4.3743491e-02
 6.2947400e-04 1.9240601e-06 3.8605258e-08 5.6028482e-10]"
D:\Uni\Ulm\Master\Hiwi-Forschung-und-Lehre\FairFace\detected_faces\877371_face0.jpg,White,White,Male,20-29,"[9.0876341e-01 1.5343422e-04 2.7163049e-02 1.4607321e-05 4.4161050e-05
 4.6903089e-05 6.3814357e-02]",[9.9952519e-01 2.3193756e-04 9.7654818e-05 1.4527692e-04],[1.0000000e+00 1.8146968e-08],"[4.6272660e-07 6.8558271e-05 1.3264262e-02 6.5034002e-01 3.2668304e-01
 9.6121505e-03 3.1117961e-05 3.1215762e-07 1.9680120e-09]"
D:\Uni\Ulm\Master\Hiwi-Forschung-und-Lehre\FairFace\detected_faces\877414_face0.jpg,White,White,Male,20-29,"[6.9238895e-01 1.7611663e-04 3.2872718e-02 2.3952121e-05 7.2164927e-05
 3.3351214e-04 2.7413258e-01]",[9.9595004e-01 2.7129992e-03 4.4710672e-04 8.8979822e-04],[1.0000000e+00 2.7048163e-08],"[3.0459637e-06 1.1232496e-04 9.4588706e-03 4.8415726e-01 4.6373838e-01
 4.2005271e-02 5.1800837e-04 6.7891278e-06 6.0176333e-08]"
D:\Uni\Ulm\Master\Hiwi-Forschung-und-Lehre\FairFace\detected_faces\877427_face0.jpg,Latino_Hispanic,Black,Male,20-29,"[8.1989085e-03 2.0896539e-01 5.5270541e-01 1.9402230e-04 4.4509759e-03
 1.1685218e-01 1.0863306e-01]",[0.04552182 0.8005524  0.01306186 0.14086388],[9.9999881e-01 1.1564217e-06],"[1.4436169e-07 5.4055081e-06 3.2445667e-03 7.6092869e-01 2.3203219e-01
 3.7736362e-03 1.5128638e-05 2.9904078e-07 5.9723089e-09]"
D:\Uni\Ulm\Master\Hiwi-Forschung-und-Lehre\FairFace\detected_faces\877542_face0.jpg,Latino_Hispanic,Black,Male,20-29,"[0.04003012 0.21220362 0.37399286 0.00092148 0.00488967 0.11269947
 0.25526273]",[0.00794375 0.8565503  0.00288219 0.13262376],[9.999999e-01 5.727166e-08],"[6.0629696e-07 3.3595297e-05 1.2716007e-02 7.2263300e-01 2.4942860e-01
 1.4864544e-02 3.1654196e-04 6.9383445e-06 8.7757414e-08]"
D:\Uni\Ulm\Master\Hiwi-Forschung-und-Lehre\FairFace\detected_faces\877544_face0.jpg,Black,Black,Male,20-29,"[7.2958684e-08 9.9999458e-01 2.2091176e-06 2.7989890e-08 4.1847889e-07
 2.6438724e-06 5.5472405e-08]",[1.4829041e-07 9.9999714e-01 1.5342105e-06 1.3116223e-06],[9.9999326e-01 6.7369115e-06],"[3.8021987e-08 4.0032942e-06 4.3589137e-03 6.7865872e-01 2.9105046e-01
 2.5673242e-02 2.5284168e-04 1.7523062e-06 7.9997562e-08]"
D:\Uni\Ulm\Master\Hiwi-Forschung-und-Lehre\FairFace\detected_faces\877602_face0.jpg,Middle Eastern,White,Male,20-29,"[4.23590332e-01 1.86522695e-04 9.88458656e-03 1.01523410e-05
 4.43429017e-05 1.05829015e-04 5.66178143e-01]",[8.0998939e-01 1.6018248e-01 5.1498594e-04 2.9313102e-02],[9.9999893e-01 1.0749486e-06],"[1.3251366e-08 1.0063608e-05 2.1429243e-02 9.5107627e-01 2.7405540e-02
 7.8751924e-05 1.5367523e-07 3.3736420e-09 6.4592283e-11]"
D:\Uni\Ulm\Master\Hiwi-Forschung-und-Lehre\FairFace\detected_faces\877603_face0.jpg,White,White,Male,30-39,"[5.6275594e-01 5.0281145e-04 1.8987769e-01 3.5655242e-04 3.8872301e-04
 1.0063800e-03 2.4511193e-01]",[0.9655801  0.0078439  0.00764633 0.01892964],[1.0000000e+00 4.6033424e-08],"[1.6665947e-06 2.4594516e-05 8.4061557e-03 4.3182859e-01 5.1525575e-01
 4.3849908e-02 6.2572502e-04 7.6157853e-06 3.4099195e-08]"
D:\Uni\Ulm\Master\Hiwi-Forschung-und-Lehre\FairFace\detected_faces\877608_face0.jpg,White,White,Male,20-29,"[9.9965078e-01 1.1812066e-06 3.9623839e-05 5.9500348e-05 1.5384256e-04
 9.2079347e-07 9.4128227e-05]",[9.9640018e-01 4.9429596e-04 3.0861744e-03 1.9330744e-05],[9.9999505e-01 4.9520927e-06],"[5.9276624e-07 1.2056086e-04 9.3370132e-02 7.9894030e-01 1.0144115e-01
 5.9668673e-03 1.5603905e-04 4.0992713e-06 1.8379774e-07]"
D:\Uni\Ulm\Master\Hiwi-Forschung-und-Lehre\FairFace\detected_faces\877668_face0.jpg,White,White,Male,20-29,"[6.8895566e-01 5.7208279e-05 7.0583848e-03 7.7355864e-05 1.7132149e-04
 6.0468086e-05 3.0361959e-01]",[9.9872446e-01 8.7662489e-04 2.7986043e-04 1.1902366e-04],[9.9999982e-01 1.5789809e-07],"[1.1200107e-07 2.9971558e-05 1.4335206e-02 8.5687786e-01 1.2803030e-01
 7.2511216e-04 1.4888442e-06 1.6537294e-08 2.5609134e-10]"
D:\Uni\Ulm\Master\Hiwi-Forschung-und-Lehre\FairFace\detected_faces\877798_face0.jpg,Latino_Hispanic,White,Male,20-29,"[0.17970118 0.00076294 0.67867666 0.00099633 0.00259392 0.00260419
 0.13466477]",[0.64496684 0.0397139  0.23002055 0.0852987 ],[9.999918e-01 8.241926e-06],"[1.8267282e-07 4.4979912e-05 6.0994320e-02 8.8802505e-01 5.0437856e-02
 4.9619441e-04 1.4140329e-06 3.4088497e-08 4.5717749e-10]"
D:\Uni\Ulm\Master\Hiwi-Forschung-und-Lehre\FairFace\detected_faces\877833_face0.jpg,White,White,Male,20-29,"[9.9956387e-01 2.7787037e-08 1.9802839e-05 2.2739347e-07 6.3181835e-07
 8.5471754e-07 4.1471829e-04]",[9.9998313e-01 4.1216613e-06 5.1845268e-06 7.5288863e-06],[9.9999958e-01 3.9518315e-07],"[1.51065217e-06 9.77676245e-04 2.80690700e-01 6.69162154e-01
 4.67666909e-02 2.39155977e-03 9.55580890e-06 1.05351795e-07
 2.24151364e-09]"
D:\Uni\Ulm\Master\Hiwi-Forschung-und-Lehre\FairFace\detected_faces\877835_face0.jpg,White,White,Male,30-39,"[8.5502571e-01 1.3725960e-03 7.3371187e-02 9.1032224e-04 1.0739267e-03
 2.7407295e-04 6.7972176e-02]",[0.9603815  0.02659709 0.01172824 0.00129316],[1.0000000e+00 3.9604544e-08],"[2.5034373e-07 3.8899630e-06 2.6030235e-03 4.7972670e-01 4.8998103e-01
 2.7365461e-02 3.1620095e-04 3.5181231e-06 2.8969330e-08]"
D:\Uni\Ulm\Master\Hiwi-Forschung-und-Lehre\FairFace\detected_faces\877836_face0.jpg,White,White,Male,20-29,"[9.6622121e-01 1.1498763e-04 6.7379773e-03 5.5836575e-05 1.1493424e-04
 7.6910537e-06 2.6747409e-02]",[9.9220431e-01 2.4486782e-03 5.3108968e-03 3.6070534e-05],[9.9999726e-01 2.7794786e-06],"[2.0110581e-06 9.4747840e-04 3.4758186e-01 5.8135414e-01 6.7265198e-02
 2.8235679e-03 2.5242825e-05 5.0941230e-07 9.5807380e-09]"
D:\Uni\Ulm\Master\Hiwi-Forschung-und-Lehre\FairFace\detected_faces\877837_face0.jpg,White,White,Male,20-29,"[7.6162648e-01 1.5573896e-03 1.6776156e-01 1.3951136e-04 6.5497338e-04
 3.6666932e-04 6.7893364e-02]",[9.5495355e-01 4.3432895e-02 7.5745175e-04 8.5611152e-04],[9.9999988e-01 1.4603506e-07],"[2.9613213e-08 5.5232067e-06 2.0323787e-02 8.8691741e-01 9.1310501e-02
 1.4325607e-03 1.0007150e-05 1.3007343e-07 1.5258766e-09]"
D:\Uni\Ulm\Master\Hiwi-Forschung-und-Lehre\FairFace\detected_faces\877838_face0.jpg,White,White,Male,20-29,"[3.6466929e-01 1.5561094e-03 2.9005712e-01 3.2318395e-04 1.1229822e-03
 2.6156222e-03 3.3965558e-01]",[0.8437909  0.11508423 0.00751507 0.03360985],[9.9999917e-01 8.2421741e-07],"[7.2932686e-08 7.6695815e-06 4.3957539e-02 8.8170290e-01 7.2961845e-02
 1.3428462e-03 2.6523061e-05 5.8443180e-07 6.2964634e-09]"
D:\Uni\Ulm\Master\Hiwi-Forschung-und-Lehre\FairFace\detected_faces\877839_face0.jpg,White,White,Male,20-29,"[9.9989778e-01 2.2683523e-07 1.6364016e-05 1.0550148e-06 2.6661558e-06
 1.0213773e-07 8.1803912e-05]",[9.9973047e-01 9.6130716e-05 1.6626259e-04 7.1558261e-06],[9.9999946e-01 5.6096775e-07],"[1.87189215e-07 1.08235996e-04 1.25915483e-01 8.40891659e-01
 3.24239954e-02 6.54420815e-04 5.98583119e-06 9.99623779e-08
 3.30421956e-09]"
D:\Uni\Ulm\Master\Hiwi-Forschung-und-Lehre\FairFace\detected_faces\877840_face0.jpg,White,White,Male,20-29,"[9.7819930e-01 1.7769424e-05 5.9164492e-03 1.1301560e-05 2.8044629e-05
 6.2741710e-05 1.5764501e-02]",[9.9869490e-01 2.2332025e-04 3.3751136e-04 7.4426760e-04],[9.9998897e-01 1.1057298e-05],"[7.2477498e-08 4.0767291e-06 8.4469495e-03 6.8461061e-01 2.8419173e-01
 2.2469034e-02 2.7545815e-04 2.0746822e-06 3.4499063e-08]"
D:\Uni\Ulm\Master\Hiwi-Forschung-und-Lehre\FairFace\detected_faces\877841_face0.jpg,White,White,Male,20-29,"[9.9996144e-01 5.8335733e-08 6.1560831e-06 4.4380917e-07 1.3566734e-06
 7.7090128e-08 3.0509060e-05]",[9.9990249e-01 1.5050124e-05 7.8671488e-05 3.8182102e-06],[9.999969e-01 3.027120e-06],"[2.3042032e-06 2.3466321e-04 2.9324286e-02 8.0968314e-01 1.5668534e-01
 4.0425947e-03 2.7246226e-05 4.3134787e-07 2.2274927e-08]"
D:\Uni\Ulm\Master\Hiwi-Forschung-und-Lehre\FairFace\detected_faces\877842_face0.jpg,White,White,Male,20-29,"[9.9974209e-01 1.6542879e-06 1.9062361e-04 3.3294491e-06 3.6163908e-06
 4.8527352e-07 5.8148889e-05]",[9.9989831e-01 2.4601411e-05 7.4156822e-05 2.9612697e-06],[9.9999982e-01 1.9235513e-07],"[4.1481901e-08 3.3246979e-05 2.2241071e-01 7.4416560e-01 3.1529684e-02
 1.8134934e-03 4.6391804e-05 7.9277947e-07 1.1351774e-08]"
D:\Uni\Ulm\Master\Hiwi-Forschung-und-Lehre\FairFace\detected_faces\877843_face0.jpg,White,White,Male,10-19,"[9.9892604e-01 3.5398031e-07 1.7383785e-05 4.8746432e-07 9.8943326e-07
 2.5172949e-07 1.0543898e-03]",[9.9998260e-01 1.5165332e-05 1.1686489e-06 1.1275690e-06],[0.993967   0.00603297],"[3.1187796e-05 2.7228532e-02 5.9265804e-01 2.9762766e-01 6.5383464e-02
 1.6074494e-02 9.2851825e-04 6.1747560e-05 6.2962204e-06]"
D:\Uni\Ulm\Master\Hiwi-Forschung-und-Lehre\FairFace\detected_faces\877844_face0.jpg,White,White,Male,20-29,"[9.9780494e-01 5.9123472e-06 2.2760729e-04 5.9916863e-07 1.8215628e-06
 1.0997096e-06 1.9580375e-03]",[9.9944723e-01 4.9318315e-04 2.2213912e-05 3.7379199e-05],[9.9999732e-01 2.6858468e-06],"[2.4972852e-08 4.0398904e-06 4.0062703e-03 8.8780946e-01 1.0757617e-01
 6.0298893e-04 1.0001967e-06 1.0233991e-08 3.0289482e-10]"
D:\Uni\Ulm\Master\Hiwi-Forschung-und-Lehre\FairFace\detected_faces\877845_face0.jpg,Black,Black,Male,30-39,"[7.7473145e-04 9.0017390e-01 5.4241218e-02 2.5890884e-05 1.5401914e-03
 4.0895063e-02 2.3489906e-03]",[0.00379755 0.8458328  0.00275734 0.14761233],[9.9999970e-01 3.4497958e-07],"[4.6817223e-07 7.2995049e-06 2.2595299e-03 4.3476871e-01 5.3286147e-01
 2.9883157e-02 2.1746644e-04 1.8669435e-06 3.8206821e-08]"
D:\Uni\Ulm\Master\Hiwi-Forschung-und-Lehre\FairFace\detected_faces\877872_face0.jpg,Middle Eastern,White,Male,20-29,"[1.11417864e-02 2.88158830e-04 1.25815161e-02 1.50686565e-05
 6.38494166e-05 1.04194344e-03 9.74867642e-01]",[0.91514295 0.05791311 0.00109941 0.02584458],[9.9997705e-01 2.2931439e-05],"[2.4955848e-06 9.6698554e-05 7.0543173e-03 7.3154700e-01 2.5724554e-01
 4.0365136e-03 1.6985316e-05 4.6184485e-07 9.7276818e-09]"
D:\Uni\Ulm\Master\Hiwi-Forschung-und-Lehre\FairFace\detected_faces\877918_face0.jpg,Middle Eastern,White,Male,20-29,"[0.16912836 0.00142781 0.21217829 0.00072749 0.00114169 0.00253978
 0.6128566 ]",[0.9794741  0.00138574 0.00403431 0.01510588],[9.9999988e-01 1.5229375e-07],"[2.7374836e-05 1.9199442e-04 8.0324253e-03 5.4690874e-01 4.2198429e-01
 2.2552101e-02 2.9595077e-04 7.0258411e-06 6.6391742e-08]"
D:\Uni\Ulm\Master\Hiwi-Forschung-und-Lehre\FairFace\detected_faces\877919_face0.jpg,Middle Eastern,Indian,Male,20-29,"[7.01008439e-02 2.85886182e-03 2.24977940e-01 1.00766796e-04
 1.42615498e-03 1.45788372e-01 5.54747045e-01]",[0.07735485 0.18967168 0.00243202 0.73054147],[9.9999684e-01 3.1571153e-06],"[3.9553670e-06 4.6837637e-03 3.6529467e-01 5.8065432e-01 4.6841141e-02
 2.4936569e-03 2.6906462e-05 1.5820224e-06 2.4270365e-08]"
D:\Uni\Ulm\Master\Hiwi-Forschung-und-Lehre\FairFace\detected_faces\877920_face0.jpg,White,White,Male,10-19,"[6.9108021e-01 3.3412062e-02 2.2227339e-01 1.2610812e-04 1.0188301e-03
 5.2355946e-04 5.1565889e-02]",[0.8510923  0.1380655  0.00656259 0.00427972],[9.9999708e-01 2.9166445e-06],"[9.4603047e-07 6.4666285e-03 7.8479826e-01 2.0111553e-01 7.2990200e-03
 3.1567432e-04 3.8555991e-06 1.0899969e-07 2.1407676e-09]"
D:\Uni\Ulm\Master\Hiwi-Forschung-und-Lehre\FairFace\detected_faces\877994_face0.jpg,Black,Black,Male,30-39,"[1.8726047e-06 9.9999171e-01 5.0795898e-06 1.2627709e-08 2.4305647e-08
 8.5375848e-07 4.7360126e-07]",[4.1279451e-05 9.9976969e-01 1.5155968e-05 1.7393475e-04],[9.9984014e-01 1.5986408e-04],"[2.7928199e-06 5.1466530e-05 1.3530786e-03 7.6533206e-02 4.6313226e-01
 4.3508285e-01 2.3461845e-02 3.6622389e-04 1.6270975e-05]"
D:\Uni\Ulm\Master\Hiwi-Forschung-und-Lehre\FairFace\detected_faces\877995_face0.jpg,Latino_Hispanic,Black,Male,20-29,"[0.06796141 0.25095224 0.4736153  0.00173136 0.0183456  0.15410732
 0.03328684]",[0.1419156  0.66740006 0.01327176 0.17741255],[9.9967504e-01 3.2491295e-04],"[9.0131141e-07 1.1655072e-04 1.0534662e-02 6.8622333e-01 2.9856005e-01
 4.5468286e-03 1.7349887e-05 4.3476882e-07 1.5712494e-08]"
D:\Uni\Ulm\Master\Hiwi-Forschung-und-Lehre\FairFace\detected_faces\877996_face0.jpg,White,White,Male,20-29,"[9.70225513e-01 5.87649738e-05 1.34412255e-02 2.42685328e-05
 9.35455901e-05 5.42663656e-05 1.61024705e-02]",[9.9843413e-01 3.8897936e-04 3.7494305e-04 8.0197392e-04],[9.9999994e-01 7.8520863e-08],"[2.1920576e-08 3.0423967e-05 9.0478212e-02 8.8876927e-01 2.0637035e-02
 8.4725849e-05 2.3189924e-07 6.3294148e-09 8.0630301e-11]"
D:\Uni\Ulm\Master\Hiwi-Forschung-und-Lehre\FairFace\detected_faces\877997_face0.jpg,Black,Black,Male,20-29,"[2.0675693e-06 9.9948269e-01 3.4958073e-05 2.6689518e-08 9.4577916e-07
 4.7615814e-04 3.2459775e-06]",[2.7489966e-06 9.9984086e-01 6.2899608e-07 1.5580782e-04],[9.999996e-01 3.847032e-07],"[9.6453130e-09 1.5711761e-06 3.6107113e-03 7.5073421e-01 2.3801607e-01
 7.5748116e-03 6.1882136e-05 7.5188592e-07 2.3950163e-08]"
D:\Uni\Ulm\Master\Hiwi-Forschung-und-Lehre\FairFace\detected_faces\877998_face0.jpg,White,White,Male,10-19,"[9.9429601e-01 3.5236104e-07 1.6780061e-04 4.2727137e-05 1.1095584e-05
 7.5998543e-07 5.4814103e-03]",[9.9913168e-01 1.9191493e-05 8.4442744e-04 4.7718040e-06],[0.9936212  0.00637886],"[1.5604079e-06 2.0893416e-03 7.5572789e-01 2.3573552e-01 6.2950538e-03
 1.4952519e-04 1.0986519e-06 4.3584727e-08 2.2863584e-09]"
D:\Uni\Ulm\Master\Hiwi-Forschung-und-Lehre\FairFace\detected_faces\878081_face0.jpg,White,White,Male,20-29,"[9.9689043e-01 4.6023406e-06 1.6931865e-03 1.7687857e-05 1.6357946e-05
 3.8166249e-06 1.3739901e-03]",[9.9924380e-01 6.4678177e-05 5.8204256e-04 1.0952142e-04],[9.999999e-01 7.391886e-08],"[1.0990780e-08 5.5785318e-07 3.6178923e-03 7.9499817e-01 1.9645934e-01
 4.8682732e-03 5.5152974e-05 5.9600751e-07 4.6332547e-09]"
D:\Uni\Ulm\Master\Hiwi-Forschung-und-Lehre\FairFace\detected_faces\878130_face0.jpg,White,White,Male,20-29,"[7.7907932e-01 1.1639365e-04 3.0226259e-02 5.5192118e-06 5.4043368e-05
 9.8501304e-03 1.8066835e-01]",[8.6760318e-01 1.5081991e-03 4.1298761e-05 1.3084739e-01],[9.9999744e-01 2.5286217e-06],"[2.7364388e-06 3.5180800e-04 9.0695936e-03 4.9984780e-01 4.6171474e-01
 2.8935980e-02 7.6337579e-05 1.0438721e-06 1.0225529e-08]"
D:\Uni\Ulm\Master\Hiwi-Forschung-und-Lehre\FairFace\detected_faces\878492_face0.jpg,Middle Eastern,White,Male,20-29,"[2.4722804e-01 6.1664602e-04 1.3136531e-01 3.8153019e-05 1.4617236e-04
 3.2802304e-04 6.2027770e-01]",[9.9347144e-01 4.8113856e-03 9.6870324e-04 7.4848445e-04],[9.999928e-01 7.201615e-06],"[2.5074822e-08 1.6729833e-04 3.9987868e-01 5.9226024e-01 7.6204394e-03
 7.3043542e-05 2.2785352e-07 3.8313219e-09 7.1410988e-11]"
D:\Uni\Ulm\Master\Hiwi-Forschung-und-Lehre\FairFace\detected_faces\878517_face0.jpg,White,White,Male,20-29,"[9.8200089e-01 1.3116525e-05 3.9806510e-03 3.6817687e-07 3.1233196e-06
 6.4375054e-05 1.3937522e-02]",[9.9998802e-01 3.0579986e-06 2.0814011e-07 8.7377948e-06],[1.0000000e+00 5.3688756e-09],"[1.55717927e-07 3.73937328e-05 1.64973456e-02 8.75980020e-01
 1.06019184e-01 1.46168831e-03 4.15908107e-06 7.65596369e-08
 8.74647021e-10]"
D:\Uni\Ulm\Master\Hiwi-Forschung-und-Lehre\FairFace\detected_faces\878529_face0.jpg,Black,Black,Male,20-29,"[5.2382102e-06 9.9996400e-01 2.0822759e-05 5.0024710e-08 4.8096985e-07
 1.4518466e-06 7.9942611e-06]",[9.1227948e-06 9.9997634e-01 7.7224813e-06 6.8784930e-06],[9.9995440e-01 4.5588567e-05],"[1.5448172e-06 8.3129876e-04 1.0396668e-01 6.2771410e-01 2.4496889e-01
 2.1710528e-02 7.6702982e-04 3.7046735e-05 2.9218766e-06]"
D:\Uni\Ulm\Master\Hiwi-Forschung-und-Lehre\FairFace\detected_faces\878594_face0.jpg,White,White,Male,10-19,"[9.5319456e-01 2.0072478e-06 1.2789870e-03 1.2874877e-05 1.3473609e-05
 5.3625777e-06 4.5492779e-02]",[9.9991876e-01 7.2150197e-06 6.8447662e-05 5.5510550e-06],[0.99821043 0.00178956],"[4.01691977e-06 1.35130882e-02 7.86023915e-01 1.96041107e-01
 4.32836590e-03 8.91146337e-05 3.56341218e-07 1.05205915e-08
 4.29150271e-10]"
D:\Uni\Ulm\Master\Hiwi-Forschung-und-Lehre\FairFace\detected_faces\878628_face0.jpg,White,White,Male,20-29,"[9.99834895e-01 6.47803017e-06 4.47506609e-05 6.92133199e-07
 1.80101426e-06 1.16973034e-07 1.11269983e-04]",[9.9661058e-01 3.2350307e-03 1.2046814e-04 3.3888973e-05],[9.9999213e-01 7.9103684e-06],"[4.1399858e-07 8.2881408e-05 3.8195834e-02 7.4756074e-01 1.9727889e-01
 1.6594602e-02 2.7937992e-04 7.0687597e-06 1.7473306e-07]"
D:\Uni\Ulm\Master\Hiwi-Forschung-und-Lehre\FairFace\detected_faces\878705_face0.jpg,Black,Black,Male,20-29,"[2.3985872e-04 9.1413760e-01 1.6849039e-02 1.5804069e-05 6.8832154e-04
 6.7891285e-02 1.7808488e-04]",[2.5347198e-04 9.4615853e-01 5.9083971e-04 5.2997183e-02],[9.9994236e-01 5.7625548e-05],"[1.3134361e-07 1.5403963e-05 1.1819138e-02 7.9531634e-01 1.8761066e-01
 5.1958952e-03 4.1829622e-05 5.9729035e-07 1.4430138e-08]"
D:\Uni\Ulm\Master\Hiwi-Forschung-und-Lehre\FairFace\detected_faces\878729_face0.jpg,White,White,Male,20-29,"[9.2948103e-01 4.2537226e-06 1.6272163e-02 4.4972279e-05 2.7109223e-04
 4.2920691e-04 5.3497195e-02]",[9.9859488e-01 1.0413470e-05 2.5066469e-04 1.1440002e-03],[9.9999976e-01 2.0419600e-07],"[2.04734594e-08 1.51204895e-05 7.07854852e-02 8.71057808e-01
 5.70028387e-02 1.13315182e-03 5.50476852e-06 4.99094881e-08
 4.92727747e-10]"
D:\Uni\Ulm\Master\Hiwi-Forschung-und-Lehre\FairFace\detected_faces\879121_face0.jpg,White,White,Male,20-29,"[9.6310031e-01 1.3208196e-06 3.0294377e-03 3.8390122e-06 1.3458444e-05
 4.7219877e-05 3.3804387e-02]",[9.9953067e-01 4.2013849e-06 2.7572020e-04 1.8940662e-04],[1.0000000e+00 2.6537602e-08],"[5.6472800e-07 2.7559564e-04 8.8106789e-02 8.6228639e-01 4.8540823e-02
 7.8767887e-04 2.0892148e-06 1.8127444e-08 1.5652697e-10]"
D:\Uni\Ulm\Master\Hiwi-Forschung-und-Lehre\FairFace\detected_faces\879129_face0.jpg,Middle Eastern,White,Male,20-29,"[9.8918349e-02 4.6171099e-05 2.7834194e-02 6.5885914e-05 1.2583812e-04
 5.4268925e-03 8.6758268e-01]",[9.7931719e-01 5.6301989e-04 1.4752768e-03 1.8644465e-02],[9.9999976e-01 2.5452732e-07],"[4.1931116e-06 2.3619759e-04 1.2411098e-02 7.5774562e-01 2.2029212e-01
 9.2385942e-03 7.0935275e-05 1.2306651e-06 1.8384869e-08]"
D:\Uni\Ulm\Master\Hiwi-Forschung-und-Lehre\FairFace\detected_faces\879346_face0.jpg,White,White,Male,20-29,"[9.9992728e-01 5.5613765e-07 2.8033917e-05 3.7668415e-06 1.2185001e-05
 2.3768968e-07 2.7997326e-05]",[9.9989551e-01 6.7000219e-05 3.3152406e-05 4.3046030e-06],[9.9983716e-01 1.6288049e-04],"[6.4529161e-07 2.3789181e-04 3.8292404e-02 7.4547213e-01 2.0762056e-01
 8.2803937e-03 9.4560353e-05 1.2934461e-06 1.0128319e-07]"
D:\Uni\Ulm\Master\Hiwi-Forschung-und-Lehre\FairFace\detected_faces\879349_face0.jpg,White,White,Male,20-29,"[8.8914156e-01 3.9614632e-04 8.4305190e-02 1.7270407e-06 2.7604010e-05
 5.0269468e-03 2.1100961e-02]",[8.9333355e-01 1.9010234e-03 6.9060660e-04 1.0407488e-01],[1.0000000e+00 1.4087598e-09],"[2.9646539e-09 1.3648910e-06 8.7742256e-03 8.7642682e-01 1.1358777e-01
 1.2074128e-03 2.4332971e-06 2.5639538e-08 1.3360529e-10]"
D:\Uni\Ulm\Master\Hiwi-Forschung-und-Lehre\FairFace\detected_faces\879366_face0.jpg,White,White,Male,20-29,"[9.7206873e-01 1.0164486e-04 9.9233100e-03 1.7234328e-05 6.0133112e-05
 2.9184062e-05 1.7799733e-02]",[9.9835110e-01 5.3405587e-04 7.2148995e-04 3.9333393e-04],[9.9999988e-01 1.0755689e-07],"[2.6632005e-08 2.2254855e-05 3.2148249e-02 9.3295443e-01 3.4675252e-02
 1.9919292e-04 6.0015179e-07 1.5439035e-08 2.3467742e-10]"
D:\Uni\Ulm\Master\Hiwi-Forschung-und-Lehre\FairFace\detected_faces\879386_face0.jpg,White,White,Male,10-19,"[9.9992460e-01 1.3569206e-08 6.0677221e-06 1.0595054e-06 1.0016607e-06
 1.0559333e-07 6.7100387e-05]",[9.99984145e-01 2.89943699e-07 1.48956815e-05 6.52450751e-07],[9.9999905e-01 9.7499253e-07],"[3.1142783e-08 1.2461835e-04 6.8395418e-01 3.1036642e-01 5.2431677e-03
 3.0877971e-04 2.6867799e-06 4.7977192e-08 8.6104990e-10]"
D:\Uni\Ulm\Master\Hiwi-Forschung-und-Lehre\FairFace\detected_faces\879496_face0.jpg,White,White,Male,20-29,"[9.9499208e-01 1.0980981e-06 4.3931953e-04 1.8932593e-06 4.1440603e-06
 1.8531774e-06 4.5596613e-03]",[9.9996787e-01 9.8671426e-06 1.2139825e-05 1.0109750e-05],[9.9999946e-01 5.4532302e-07],"[1.7174584e-08 2.0409614e-06 7.8248382e-03 8.5165596e-01 1.3856903e-01
 1.9386039e-03 9.3765802e-06 9.8972684e-08 1.2401791e-09]"
D:\Uni\Ulm\Master\Hiwi-Forschung-und-Lehre\FairFace\detected_faces\879543_face0.jpg,Middle Eastern,Indian,Male,30-39,"[3.3779596e-03 1.0703801e-04 3.3627309e-02 1.1587105e-05 8.2282553e-05
 4.5087412e-02 9.1770643e-01]",[0.36483198 0.00473391 0.00378475 0.6266494 ],[9.9999768e-01 2.3042016e-06],"[8.5517699e-05 6.6765479e-04 5.5959467e-03 8.2020916e-02 4.7039768e-01
 4.0313950e-01 3.7716229e-02 3.7195263e-04 4.5471716e-06]"
D:\Uni\Ulm\Master\Hiwi-Forschung-und-Lehre\FairFace\detected_faces\879657_face0.jpg,White,White,Male,20-29,"[9.8790807e-01 3.2531942e-05 2.9823466e-03 6.3992207e-05 1.3628558e-04
 3.9121638e-05 8.8377157e-03]",[9.9666113e-01 2.1524252e-03 9.2635007e-04 2.6009316e-04],[1.0000000e+00 1.4121514e-08],"[1.1336988e-07 7.2081975e-06 7.4018035e-03 7.5906354e-01 2.2447100e-01
 8.9102397e-03 1.4375969e-04 2.2984173e-06 2.6013993e-08]"
D:\Uni\Ulm\Master\Hiwi-Forschung-und-Lehre\FairFace\detected_faces\879674_face0.jpg,Black,Black,Male,20-29,"[4.77555208e-03 5.81047237e-01 2.82604009e-01 2.16840763e-05
 7.40987307e-04 1.57516394e-02 1.15058914e-01]",[0.05543086 0.66897583 0.02323182 0.25236148],[1.000000e+00 3.261374e-08],"[2.7429180e-06 4.9895909e-05 7.5893817e-03 6.1114061e-01 3.6059427e-01
 2.0440521e-02 1.7671264e-04 5.6539652e-06 9.7457686e-08]"
D:\Uni\Ulm\Master\Hiwi-Forschung-und-Lehre\FairFace\detected_faces\879694_face0.jpg,Black,Black,Male,20-29,"[5.0352145e-07 9.9997890e-01 1.0306295e-05 4.4647607e-07 7.3224514e-06
 2.0238397e-06 5.0289634e-07]",[2.0844941e-06 9.9991626e-01 7.9279947e-05 2.3239086e-06],[9.990093e-01 9.907247e-04],"[2.8083325e-06 4.4554039e-03 3.2025355e-01 6.3027483e-01 4.3570559e-02
 1.4340265e-03 8.5997326e-06 2.5180179e-07 3.1888835e-08]"
D:\Uni\Ulm\Master\Hiwi-Forschung-und-Lehre\FairFace\detected_faces\879710_face0.jpg,White,White,Male,20-29,"[9.7342867e-01 4.3703549e-04 1.7021473e-02 6.3149375e-05 3.9236259e-04
 3.9906194e-05 8.6174002e-03]",[9.8894888e-01 8.4063597e-03 2.0762817e-03 5.6845270e-04],[9.9999690e-01 3.1228094e-06],"[7.9947154e-07 1.6554937e-04 9.5198274e-02 8.3938187e-01 6.3039742e-02
 2.1848872e-03 2.7902221e-05 9.4104149e-07 2.3519970e-08]"
D:\Uni\Ulm\Master\Hiwi-Forschung-und-Lehre\FairFace\detected_faces\879722_face0.jpg,Middle Eastern,White,Male,20-29,"[2.3457953e-01 2.2156753e-04 8.8365190e-02 5.2035135e-05 2.1000550e-04
 1.5141850e-03 6.7505747e-01]",[0.97158194 0.00390608 0.00385224 0.02065968],[9.9999774e-01 2.2988727e-06],"[2.2610332e-07 4.4114087e-04 2.6351640e-01 7.2463697e-01 1.1325779e-02
 7.9259924e-05 2.3292604e-07 9.3620374e-09 1.1981552e-10]"
D:\Uni\Ulm\Master\Hiwi-Forschung-und-Lehre\FairFace\detected_faces\879746_face0.jpg,White,White,Male,20-29,"[9.9664563e-01 3.8119749e-06 1.2863880e-04 7.5633091e-07 1.8357770e-06
 1.9366095e-07 3.2189826e-03]",[9.9907327e-01 8.1569969e-04 7.6776894e-05 3.4278171e-05],[9.999927e-01 7.293078e-06],"[3.88513897e-08 1.80260729e-04 3.13406974e-01 6.76075757e-01
 1.02862185e-02 5.07036639e-05 6.07540045e-08 1.05365161e-09
 4.05184462e-11]"
D:\Uni\Ulm\Master\Hiwi-Forschung-und-Lehre\FairFace\detected_faces\879780_face0.jpg,Latino_Hispanic,Black,Male,20-29,"[3.6557280e-02 6.4940833e-02 7.6711994e-01 1.5728176e-05 4.2962967e-04
 1.2791401e-02 1.1814528e-01]",[0.03694673 0.9329831  0.00248009 0.02759009],[9.9999994e-01 7.5649659e-08],"[1.2680909e-08 6.9192574e-06 7.2144985e-02 8.7984204e-01 4.7073632e-02
 9.2388369e-04 8.2476208e-06 2.2320334e-07 1.6952956e-09]"
D:\Uni\Ulm\Master\Hiwi-Forschung-und-Lehre\FairFace\detected_faces\879800_face0.jpg,White,White,Male,20-29,"[9.9999064e-01 1.3542322e-08 2.0706630e-06 1.6459540e-08 3.9286775e-08
 4.9397741e-08 7.1638119e-06]",[9.9999762e-01 2.6953489e-07 3.8445728e-07 1.8022512e-06],[9.9999893e-01 1.0704933e-06],"[8.9074526e-09 1.1855008e-06 3.7033157e-03 6.2056082e-01 3.3395496e-01
 4.1346040e-02 4.3127607e-04 2.3476518e-06 3.7444064e-08]"
D:\Uni\Ulm\Master\Hiwi-Forschung-und-Lehre\FairFace\detected_faces\879810_face0.jpg,White,White,Male,20-29,"[9.9860442e-01 5.1734077e-07 8.6911539e-05 4.1630125e-07 1.4486402e-06
 1.5344427e-06 1.3046666e-03]",[9.9990994e-01 4.6766263e-06 7.9816993e-05 5.5754977e-06],[9.9999964e-01 3.2346293e-07],"[2.2453515e-08 8.4775354e-07 1.1575992e-03 5.2644688e-01 4.0942946e-01
 6.0387656e-02 2.5336314e-03 4.3242213e-05 6.4176243e-07]"
D:\Uni\Ulm\Master\Hiwi-Forschung-und-Lehre\FairFace\detected_faces\879850_face0.jpg,Black,Black,Male,30-39,"[4.2743026e-04 9.5003015e-01 1.3954463e-02 5.6611607e-06 1.6173164e-04
 3.0769784e-02 4.6508089e-03]",[1.0010591e-04 9.9743438e-01 1.2026516e-04 2.3452954e-03],[9.9958873e-01 4.1127135e-04],"[1.5393518e-07 9.5170174e-07 1.7946946e-03 2.4992208e-01 5.3795934e-01
 1.9110964e-01 1.8468706e-02 7.2597229e-04 1.8556160e-05]"
D:\Uni\Ulm\Master\Hiwi-Forschung-und-Lehre\FairFace\detected_faces\879898_face0.jpg,White,White,Male,20-29,"[9.84091282e-01 3.68177143e-06 1.04348280e-03 1.01839223e-05
 3.04144214e-05 3.98311249e-06 1.48169575e-02]",[9.9991649e-01 1.3993352e-05 2.2563623e-05 4.6973662e-05],[9.9999976e-01 1.9697713e-07],"[3.2931462e-09 8.5446600e-06 9.5501937e-02 8.9257699e-01 1.1827425e-02
 8.4684012e-05 3.8688179e-07 1.1121399e-08 1.6704002e-10]"
D:\Uni\Ulm\Master\Hiwi-Forschung-und-Lehre\FairFace\detected_faces\879901_face0.jpg,Latino_Hispanic,Black,Male,20-29,"[0.09426758 0.25102845 0.42586747 0.00201972 0.01184274 0.02129412
 0.19367987]",[0.04341239 0.8852529  0.06373489 0.00759984],[9.9999565e-01 4.3496434e-06],"[1.4583917e-07 5.3586059e-06 2.7956460e-03 5.1207840e-01 4.6855906e-01
 1.6399832e-02 1.5923104e-04 2.3469377e-06 3.6309540e-08]"
D:\Uni\Ulm\Master\Hiwi-Forschung-und-Lehre\FairFace\detected_faces\879956_face0.jpg,White,White,Male,20-29,"[8.0692035e-01 7.1629271e-05 5.5924248e-02 1.0894535e-04 1.7558667e-04
 2.2487948e-03 1.3455045e-01]",[9.9355799e-01 1.3499825e-04 2.3691011e-04 6.0700970e-03],[9.9997795e-01 2.2028618e-05],"[6.1791333e-08 6.5138684e-06 5.6083878e-03 8.6236173e-01 1.3149478e-01
 5.2783103e-04 6.6713136e-07 1.7414159e-08 3.3661687e-10]"
D:\Uni\Ulm\Master\Hiwi-Forschung-und-Lehre\FairFace\detected_faces\880061_face0.jpg,Indian,Indian,Male,30-39,"[3.1212794e-02 1.1087804e-02 3.6997595e-01 2.6013792e-04 2.5513079e-03
 5.4271984e-01 4.2192217e-02]",[0.03911948 0.2542015  0.00643784 0.7002412 ],[9.999965e-01 3.569506e-06],"[4.5353784e-07 4.0930890e-06 3.2105346e-04 2.0642163e-01 7.4381071e-01
 4.9169324e-02 2.7071452e-04 2.0369198e-06 3.2375087e-08]"
D:\Uni\Ulm\Master\Hiwi-Forschung-und-Lehre\FairFace\detected_faces\880157_face0.jpg,Latino_Hispanic,Black,Male,20-29,"[0.05722816 0.22766268 0.55656606 0.0229001  0.11093128 0.00469107
 0.02002069]",[0.01794986 0.6283813  0.34978965 0.00387917],[9.999978e-01 2.194879e-06],"[4.5017441e-06 4.7955087e-05 1.8820526e-02 6.8321651e-01 2.7615753e-01
 2.0967212e-02 7.5301313e-04 3.2104002e-05 6.6511132e-07]"
D:\Uni\Ulm\Master\Hiwi-Forschung-und-Lehre\FairFace\detected_faces\880207_face0.jpg,Black,Black,Male,30-39,"[3.4404267e-03 8.5975361e-01 6.9257446e-02 3.4956865e-05 1.0390140e-03
 8.7174373e-03 5.7757121e-02]",[7.3821115e-04 9.9846089e-01 2.2357752e-04 5.7729613e-04],[9.9999869e-01 1.3282579e-06],"[6.7025775e-07 2.9326543e-06 1.1230608e-03 4.1640592e-01 5.2326286e-01
 5.6439634e-02 2.6213136e-03 1.3867549e-04 4.9251125e-06]"
D:\Uni\Ulm\Master\Hiwi-Forschung-und-Lehre\FairFace\detected_faces\880218_face0.jpg,East Asian,Asian,Male,20-29,"[9.02057218e-04 1.07812320e-05 1.54482713e-03 9.45899189e-01
 5.14946729e-02 1.15441464e-04 3.30325784e-05]",[1.1266187e-03 2.1046984e-04 9.9783731e-01 8.2559668e-04],[9.999968e-01 3.215427e-06],"[8.6612232e-07 1.5417591e-04 1.7379311e-01 6.7982346e-01 1.3904825e-01
 6.9991550e-03 1.6665709e-04 1.4226314e-05 1.2315499e-07]"
D:\Uni\Ulm\Master\Hiwi-Forschung-und-Lehre\FairFace\detected_faces\880225_face0.jpg,Black,Black,Male,20-29,"[3.0315781e-03 6.0570341e-01 3.2351488e-01 3.0989526e-05 7.2111899e-04
 4.7099598e-02 1.9898392e-02]",[2.9508202e-04 9.5207852e-01 3.0078883e-03 4.4618391e-02],[9.999916e-01 8.444894e-06],"[1.4813777e-06 1.7944623e-05 1.3023459e-02 6.9678074e-01 2.7537784e-01
 1.4549669e-02 2.3913931e-04 9.5469868e-06 1.6591298e-07]"
D:\Uni\Ulm\Master\Hiwi-Forschung-und-Lehre\FairFace\detected_faces\880742_face0.jpg,Middle Eastern,White,Male,20-29,"[1.9298840e-01 1.9085263e-04 1.7941875e-02 1.1022205e-05 3.4052453e-05
 3.0541033e-04 7.8852838e-01]",[0.9519045  0.02872161 0.00168444 0.0176895 ],[9.9999958e-01 3.9238353e-07],"[3.8389118e-08 4.9885402e-06 1.0542729e-02 8.8070869e-01 1.0756478e-01
 1.1758227e-03 2.9543385e-06 4.3321805e-08 5.2109950e-10]"
D:\Uni\Ulm\Master\Hiwi-Forschung-und-Lehre\FairFace\detected_faces\880748_face0.jpg,Middle Eastern,White,Male,20-29,"[2.9691571e-01 3.9139701e-04 2.0833785e-02 1.5044127e-05 4.7113146e-05
 5.7785632e-04 6.8121916e-01]",[9.9858803e-01 1.1425987e-03 4.1302803e-05 2.2811447e-04],[9.9983025e-01 1.6971308e-04],"[4.5556750e-05 1.3270475e-03 1.7592033e-02 5.4175758e-01 4.0731913e-01
 3.1688191e-02 2.6465923e-04 5.7220664e-06 1.0769068e-07]"
D:\Uni\Ulm\Master\Hiwi-Forschung-und-Lehre\FairFace\detected_faces\880796_face0.jpg,White,White,Male,20-29,"[9.9989730e-01 8.2418694e-08 1.4694427e-05 5.2292826e-08 1.2036374e-07
 1.6531369e-07 8.7504093e-05]",[9.9992484e-01 6.3049197e-06 4.8123024e-06 6.4031570e-05],[9.9999940e-01 6.0188677e-07],"[7.2387487e-09 1.6798789e-06 7.4301930e-03 9.5383662e-01 3.8515311e-02
 2.1558085e-04 5.4911385e-07 4.0245545e-09 7.7134008e-11]"
D:\Uni\Ulm\Master\Hiwi-Forschung-und-Lehre\FairFace\detected_faces\880798_face0.jpg,Middle Eastern,White,Male,20-29,"[8.8303566e-02 1.8763181e-04 5.1496797e-03 8.4834001e-06 1.4732205e-05
 2.5663225e-05 9.0631026e-01]",[9.9935806e-01 1.8319448e-04 1.0572347e-04 3.5302076e-04],[9.9999291e-01 7.1046934e-06],"[3.5864389e-08 1.1444056e-05 4.4327818e-02 9.1005439e-01 4.5310847e-02
 2.9448033e-04 8.9342382e-07 1.7732011e-08 2.2312369e-10]"
D:\Uni\Ulm\Master\Hiwi-Forschung-und-Lehre\FairFace\detected_faces\881024_face0.jpg,White,White,Male,20-29,"[9.9313915e-01 8.0514255e-05 2.6769168e-03 1.5963225e-04 2.9909241e-04
 1.6693804e-05 3.6279829e-03]",[0.9917447  0.00275663 0.00421297 0.0012857 ],[9.9999893e-01 1.0388171e-06],"[1.6245730e-08 1.3730272e-06 8.4411250e-03 8.9242065e-01 9.6624278e-02
 2.4721394e-03 3.9921415e-05 5.3508239e-07 7.8391578e-09]"
D:\Uni\Ulm\Master\Hiwi-Forschung-und-Lehre\FairFace\detected_faces\881045_face0.jpg,Middle Eastern,White,Male,20-29,"[1.04956612e-01 8.33101221e-05 1.47851445e-02 8.15893291e-05
 1.47789688e-04 1.24586129e-03 8.78699720e-01]",[9.8234749e-01 9.7068216e-05 1.4304654e-03 1.6124949e-02],[9.9997246e-01 2.7544531e-05],"[2.1991680e-06 8.3754043e-05 1.4005676e-02 5.7059711e-01 3.9306149e-01
 2.2005979e-02 2.3895045e-04 4.7206399e-06 9.1092836e-08]"
D:\Uni\Ulm\Master\Hiwi-Forschung-und-Lehre\FairFace\detected_faces\881068_face0.jpg,Middle Eastern,Indian,Male,20-29,"[8.6604029e-02 2.8908494e-04 1.6009922e-01 1.5265640e-04 6.2843552e-04
 3.3526906e-01 4.1695750e-01]",[0.3933446  0.01280945 0.0182272  0.57561874],[9.9999887e-01 1.1288384e-06],"[2.1307262e-06 7.4959913e-05 3.0976329e-03 5.7016087e-01 4.1328162e-01
 1.3344736e-02 3.7328035e-05 7.4180844e-07 1.1943403e-08]"
D:\Uni\Ulm\Master\Hiwi-Forschung-und-Lehre\FairFace\detected_faces\881079_face0.jpg,White,White,Male,20-29,"[5.9518629e-01 7.1663328e-04 7.0724458e-02 2.7572463e-04 7.0072355e-04
 1.6687302e-03 3.3072740e-01]",[9.9383581e-01 3.6257794e-04 2.4828520e-03 3.3187659e-03],[9.9989414e-01 1.0589098e-04],"[3.2526070e-06 8.5329477e-05 6.6913324e-03 7.0311850e-01 2.8387028e-01
 6.1475625e-03 8.0595433e-05 3.1087141e-06 8.4556781e-08]"
D:\Uni\Ulm\Master\Hiwi-Forschung-und-Lehre\FairFace\detected_faces\881132_face0.jpg,Black,Black,Male,30-39,"[1.5623057e-07 9.9997836e-01 1.5087483e-05 6.0964922e-08 3.3743245e-06
 2.7232370e-06 2.1283104e-07]",[4.553934e-07 9.999938e-01 3.037287e-06 2.761280e-06],[9.995313e-01 4.686795e-04],"[1.9049403e-07 1.4766166e-06 8.8358764e-04 1.8708780e-01 5.9750360e-01
 2.0616855e-01 8.2052993e-03 1.4056730e-04 8.9148070e-06]"
D:\Uni\Ulm\Master\Hiwi-Forschung-und-Lehre\FairFace\detected_faces\881221_face0.jpg,Latino_Hispanic,Black,Male,20-29,"[2.0266198e-01 1.5312085e-01 4.5464882e-01 2.4525495e-04 6.1486749e-04
 2.6223235e-04 1.8844602e-01]",[0.18145014 0.81371117 0.00399988 0.00083876],[9.9999875e-01 1.2179288e-06],"[2.4955526e-08 1.1713482e-06 9.8203663e-03 8.4409064e-01 1.4372268e-01
 2.3445473e-03 2.0055486e-05 4.9370283e-07 5.6053175e-09]"
D:\Uni\Ulm\Master\Hiwi-Forschung-und-Lehre\FairFace\detected_faces\881222_face0.jpg,Black,Black,Male,20-29,"[1.8579821e-04 9.8541069e-01 6.9275852e-03 4.1983617e-06 2.3918429e-04
 6.8398644e-03 3.9269699e-04]",[6.9994639e-05 9.9955440e-01 4.3445565e-05 3.3209464e-04],[1.0000000e+00 5.0395027e-08],"[3.0875089e-08 5.2701930e-06 8.2233669e-03 6.9580889e-01 2.8709194e-01
 8.7808948e-03 8.8505840e-05 1.1342560e-06 1.9342282e-08]"
D:\Uni\Ulm\Master\Hiwi-Forschung-und-Lehre\FairFace\detected_faces\881258_face0.jpg,Middle Eastern,White,Male,20-29,"[9.5157765e-02 9.3356044e-05 6.1118439e-02 5.7547990e-05 1.3082287e-04
 1.6121275e-03 8.4182996e-01]",[9.9129432e-01 8.8094332e-04 8.5659506e-04 6.9682109e-03],[9.99896169e-01 1.03850296e-04],"[6.05986145e-07 4.99490707e-05 1.02629885e-02 7.87949502e-01
 1.98566645e-01 3.16158542e-03 8.45863997e-06 2.06904218e-07
 4.04703737e-09]"
D:\Uni\Ulm\Master\Hiwi-Forschung-und-Lehre\FairFace\detected_faces\881307_face0.jpg,East Asian,Asian,Male,20-29,"[1.2448607e-05 6.6327366e-06 3.9572560e-04 7.3349732e-01 2.6567054e-01
 4.1402946e-04 3.2775881e-06]",[4.1091771e-05 9.2674047e-05 9.9836856e-01 1.4976558e-03],[9.994513e-01 5.486973e-04],"[2.2906355e-07 2.0484858e-04 1.2472916e-01 8.3777678e-01 3.6783390e-02
 5.0252076e-04 2.7994497e-06 3.2145488e-07 5.1157145e-09]"
D:\Uni\Ulm\Master\Hiwi-Forschung-und-Lehre\FairFace\detected_faces\881718_face0.jpg,White,White,Male,20-29,"[9.7629344e-01 2.2166765e-05 3.3126897e-03 4.0489842e-05 5.7508161e-05
 3.4164327e-06 2.0270254e-02]",[9.9876362e-01 6.6648243e-04 5.4920203e-04 2.0630538e-05],[9.9999243e-01 7.5534331e-06],"[6.18206911e-07 1.12035246e-04 5.05994372e-02 7.71697104e-01
 1.71861917e-01 5.69043728e-03 3.79109042e-05 5.54496921e-07
 1.56960631e-08]"
D:\Uni\Ulm\Master\Hiwi-Forschung-und-Lehre\FairFace\detected_faces\881813_face0.jpg,Middle Eastern,White,Male,20-29,"[2.3916791e-01 4.2700273e-04 1.6862904e-01 8.5684160e-06 5.0674469e-05
 5.5036269e-02 5.3668052e-01]",[9.1492116e-01 2.1183793e-03 2.1918923e-04 8.2741290e-02],[9.9973804e-01 2.6195546e-04],"[2.8712330e-07 2.9819976e-05 1.3892683e-02 8.9150774e-01 9.2611142e-02
 1.9421215e-03 1.5753711e-05 5.0695041e-07 8.4460030e-09]"
D:\Uni\Ulm\Master\Hiwi-Forschung-und-Lehre\FairFace\detected_faces\881816_face0.jpg,White,White,Male,20-29,"[7.7697670e-01 4.4352309e-06 2.5839217e-03 6.8516376e-05 7.0162343e-05
 3.2002055e-05 2.2026421e-01]",[9.99784350e-01 4.23060919e-05 1.04173065e-04 6.90791567e-05],[9.9998313e-01 1.6863791e-05],"[1.2674661e-07 1.6016827e-05 1.2365090e-02 8.9926857e-01 8.8082738e-02
 2.6707569e-04 3.7192413e-07 4.9730184e-09 1.0479366e-10]"
D:\Uni\Ulm\Master\Hiwi-Forschung-und-Lehre\FairFace\detected_faces\881820_face0.jpg,White,White,Male,20-29,"[9.7136182e-01 8.2878881e-07 1.1749439e-03 9.3963943e-05 8.4745181e-05
 2.3395183e-05 2.7260294e-02]",[9.9921781e-01 5.2095133e-05 6.0767640e-04 1.2237788e-04],[0.99786294 0.00213705],"[1.5408602e-08 5.0716058e-05 2.6901731e-01 7.2102088e-01 9.8455194e-03
 6.5398075e-05 1.6408391e-07 2.1790472e-09 6.3849190e-11]"
D:\Uni\Ulm\Master\Hiwi-Forschung-und-Lehre\FairFace\detected_faces\881930_face0.jpg,Middle Eastern,White,Male,30-39,"[2.54578233e-01 4.10358794e-03 5.33691123e-02 1.11547615e-05
 5.33169514e-05 3.33000608e-02 6.54584467e-01]",[6.6763848e-01 1.8099378e-01 6.0779782e-04 1.5075994e-01],[9.9999940e-01 5.8877197e-07],"[7.4886980e-06 2.8994188e-04 3.1416314e-03 3.6547637e-01 6.0172963e-01
 2.9250938e-02 1.0268958e-04 1.3156190e-06 1.8439568e-08]"
D:\Uni\Ulm\Master\Hiwi-Forschung-und-Lehre\FairFace\detected_faces\881931_face0.jpg,Latino_Hispanic,Black,Male,30-39,"[1.10210655e-02 4.52629447e-01 4.97759253e-01 2.18434434e-04
 5.96727710e-03 3.01660299e-02 2.23844545e-03]",[0.0017086  0.98182553 0.0049117  0.0115541 ],[9.9999785e-01 2.1079904e-06],"[3.7849810e-07 8.0162908e-06 2.0036856e-03 4.7213379e-01 4.9463469e-01
 3.0796055e-02 4.1989493e-04 3.4298639e-06 6.5124105e-08]"
D:\Uni\Ulm\Master\Hiwi-Forschung-und-Lehre\FairFace\detected_faces\881933_face0.jpg,Middle Eastern,White,Male,20-29,"[3.6668909e-01 3.5955759e-03 1.2866002e-01 3.5381378e-05 9.2353825e-05
 4.8396795e-04 5.0044352e-01]",[9.2852879e-01 6.9787517e-02 1.9443678e-04 1.4892956e-03],[9.9997640e-01 2.3592453e-05],"[1.1398909e-06 5.3509558e-04 9.2453212e-02 8.5584831e-01 5.0859656e-02
 3.0206432e-04 5.1639284e-07 1.4224977e-08 4.2219908e-10]"
D:\Uni\Ulm\Master\Hiwi-Forschung-und-Lehre\FairFace\detected_faces\881972_face0.jpg,Latino_Hispanic,Black,Male,20-29,"[0.01259474 0.34207332 0.5722072  0.00083754 0.01327916 0.05190805
 0.00710004]",[0.00857236 0.89659244 0.00382594 0.09100927],[9.9998188e-01 1.8164847e-05],"[1.7499698e-06 9.1798563e-04 3.6846554e-01 6.1631256e-01 1.4107337e-02
 1.9266734e-04 1.9676779e-06 1.2649511e-07 5.1511191e-09]"
D:\Uni\Ulm\Master\Hiwi-Forschung-und-Lehre\FairFace\detected_faces\882004_face0.jpg,White,White,Male,20-29,"[7.7653635e-01 1.0752548e-04 1.1852568e-02 7.2955440e-06 3.0918956e-05
 2.4868990e-04 2.1121667e-01]",[9.9413532e-01 1.5491325e-03 1.6947757e-04 4.1460311e-03],[1.0000000e+00 3.6741323e-08],"[2.8035362e-08 3.4071809e-06 1.7553446e-03 7.2974223e-01 2.6597822e-01
 2.5176338e-03 3.0946703e-06 2.2517899e-08 2.0600285e-10]"
D:\Uni\Ulm\Master\Hiwi-Forschung-und-Lehre\FairFace\detected_faces\882005_face0.jpg,White,White,Male,20-29,"[9.99948978e-01 1.76458840e-07 2.73362621e-05 3.10660297e-08
 1.92331569e-07 1.12166845e-07 2.32624334e-05]",[9.9995184e-01 2.6896487e-05 4.1302201e-06 1.7096874e-05],[9.9999875e-01 1.2347639e-06],"[1.9044033e-09 2.0403995e-06 1.0547517e-02 9.0440804e-01 8.3203092e-02
 1.8303804e-03 8.8769521e-06 4.5423622e-08 7.6307766e-10]"
D:\Uni\Ulm\Master\Hiwi-Forschung-und-Lehre\FairFace\detected_faces\882019_face0.jpg,White,White,Male,20-29,"[9.8639792e-01 1.3334813e-05 1.1552421e-02 9.8635405e-07 3.9087790e-06
 9.6950309e-05 1.9344207e-03]",[9.9716324e-01 1.6817924e-03 1.5485428e-04 1.0000387e-03],[1.0000000e+00 1.3762289e-08],"[2.5209815e-08 2.1216499e-06 2.0065960e-03 7.2645837e-01 2.6592544e-01
 5.5895168e-03 1.7782535e-05 1.1929980e-07 9.3249408e-10]"
D:\Uni\Ulm\Master\Hiwi-Forschung-und-Lehre\FairFace\detected_faces\882041_face0.jpg,White,White,Male,20-29,"[9.9998689e-01 2.2880566e-07 3.6859208e-06 9.3406769e-08 4.6526566e-07
 1.6622919e-07 8.4851818e-06]",[9.9995959e-01 2.6742857e-05 1.1975278e-05 1.7623636e-06],[9.9999750e-01 2.5267102e-06],"[2.34527597e-08 4.00713407e-06 1.21846404e-02 8.28351140e-01
 1.47956908e-01 1.10889925e-02 4.08872293e-04 5.22497203e-06
 1.41865655e-07]"
D:\Uni\Ulm\Master\Hiwi-Forschung-und-Lehre\FairFace\detected_faces\882074_face0.jpg,White,White,Male,20-29,"[9.7291785e-01 3.9208051e-05 1.0974614e-02 3.5511382e-06 1.2653668e-05
 1.5154695e-04 1.5900576e-02]",[9.9900937e-01 2.2676055e-04 9.8348319e-06 7.5410330e-04],[9.9999964e-01 3.3853021e-07],"[8.0280614e-07 4.5337987e-05 1.9332688e-02 7.7833891e-01 1.9596027e-01
 6.2860860e-03 3.5510104e-05 4.1114143e-07 4.9212292e-09]"
D:\Uni\Ulm\Master\Hiwi-Forschung-und-Lehre\FairFace\detected_faces\882475_face0.jpg,White,White,Male,20-29,"[8.4741527e-01 9.1507577e-04 5.8234390e-02 3.6067064e-05 1.0385570e-04
 1.8532043e-04 9.3110085e-02]",[9.7270465e-01 2.4927443e-02 6.6712260e-04 1.7008447e-03],[9.9999934e-01 6.9586395e-07],"[1.6716979e-06 1.1515938e-03 3.2408231e-01 6.2893629e-01 4.4151276e-02
 1.6607534e-03 1.5779928e-05 3.2832659e-07 6.3848327e-09]"
D:\Uni\Ulm\Master\Hiwi-Forschung-und-Lehre\FairFace\detected_faces\882586_face0.jpg,White,White,Male,10-19,"[6.2121511e-01 1.7531292e-04 9.8583803e-02 3.0856149e-03 2.3495862e-03
 7.5466618e-05 2.7451512e-01]",[9.9382538e-01 2.6906496e-03 3.3797827e-03 1.0416692e-04],[0.997917   0.00208301],"[1.2909743e-07 6.2101148e-04 6.3799363e-01 3.4569365e-01 1.5184693e-02
 4.9999106e-04 6.6008715e-06 2.3422248e-07 3.8529318e-09]"
D:\Uni\Ulm\Master\Hiwi-Forschung-und-Lehre\FairFace\detected_faces\882592_face0.jpg,White,White,Male,20-29,"[9.6063328e-01 1.3878098e-05 2.2566155e-02 2.9722636e-05 7.2610783e-05
 4.3904907e-05 1.6640330e-02]",[9.9780422e-01 5.3252093e-04 4.9726735e-04 1.1660168e-03],[1.000000e+00 1.074133e-08],"[9.7324726e-10 5.6192238e-07 7.3011336e-03 9.3607509e-01 5.6351423e-02
 2.7142791e-04 3.3897746e-07 2.9314082e-09 1.9409382e-11]"
D:\Uni\Ulm\Master\Hiwi-Forschung-und-Lehre\FairFace\detected_faces\882604_face0.jpg,Latino_Hispanic,White,Male,20-29,"[1.50988176e-01 2.02417118e-03 4.42336291e-01 3.97320437e-05
 3.26123059e-04 1.35721965e-02 3.90713304e-01]",[0.8442454  0.02906328 0.00163915 0.1250521 ],[1.0000000e+00 1.3508052e-08],"[7.1022143e-08 1.6804626e-06 1.5173636e-03 5.7433653e-01 4.1025737e-01
 1.3796340e-02 8.8789493e-05 1.8377585e-06 1.2528682e-08]"
