face_name_align,race,race4,gender,age,race_scores_fair,race_scores_fair_4,gender_scores_fair,age_scores_fair
D:\Uni\Ulm\Master\Hiwi-Forschung-und-Lehre\Fairface\detected_faces\790050_face0.jpg,White,White,Male,20-29,"[9.9754602e-01 3.1853542e-05 8.9944893e-04 3.5195837e-06 9.1722504e-06
 7.1425570e-06 1.5027197e-03]",[9.9762291e-01 2.0139723e-03 4.9550537e-05 3.1352075e-04],[9.999999e-01 9.344533e-08],"[4.8762532e-09 3.4614769e-07 2.0297160e-03 8.8140416e-01 1.1496466e-01
 1.5912867e-03 9.6872827e-06 9.8079852e-08 1.4306630e-09]"
D:\Uni\Ulm\Master\Hiwi-Forschung-und-Lehre\Fairface\detected_faces\790099_face0.jpg,Middle Eastern,White,Male,10-19,"[9.2676040e-03 1.3588829e-04 1.4961968e-02 9.9057434e-06 4.6313369e-05
 9.5532753e-04 9.7462302e-01]",[9.6126133e-01 3.2448061e-02 6.4220565e-04 5.6483336e-03],[9.9983859e-01 1.6146102e-04],"[2.0871355e-06 7.1161324e-03 5.1609194e-01 4.6030018e-01 1.6122799e-02
 3.6531541e-04 1.4651330e-06 4.0861845e-08 1.0656893e-09]"
D:\Uni\Ulm\Master\Hiwi-Forschung-und-Lehre\Fairface\detected_faces\790151_face0.jpg,Black,Black,Male,30-39,"[7.1031216e-04 8.3086902e-01 1.5035264e-02 1.1953779e-06 5.9361373e-05
 1.4182760e-01 1.1497207e-02]",[8.2115800e-04 9.3102610e-01 1.8594155e-04 6.7966759e-02],[9.9999952e-01 4.4855125e-07],"[4.9427456e-07 7.4342452e-06 5.6613592e-04 1.5606140e-01 7.5018877e-01
 9.1383666e-02 1.7656782e-03 2.6118603e-05 3.6497278e-07]"
D:\Uni\Ulm\Master\Hiwi-Forschung-und-Lehre\Fairface\detected_faces\790179_face0.jpg,Black,Black,Male,30-39,"[1.4916324e-04 9.9356788e-01 1.7522171e-03 1.7106660e-07 3.4912398e-06
 4.1351332e-03 3.9198392e-04]",[9.1720605e-05 9.9890995e-01 1.8308490e-05 9.7988406e-04],[9.9999386e-01 6.1707483e-06],"[2.51710020e-07 5.75338663e-06 6.27086964e-04 3.13878775e-01
 6.60778463e-01 2.46341620e-02 7.49293322e-05 5.90446348e-07
 1.28126185e-08]"
D:\Uni\Ulm\Master\Hiwi-Forschung-und-Lehre\Fairface\detected_faces\790645_face0.jpg,White,White,Male,20-29,"[0.86718655 0.00100349 0.09514841 0.00096509 0.00379415 0.0021396
 0.02976272]",[0.9437497  0.00446406 0.02162197 0.03016425],[9.9999964e-01 3.7997091e-07],"[1.1905433e-05 6.2194804e-04 3.0084502e-02 5.9054673e-01 3.4741375e-01
 3.0647205e-02 6.5537263e-04 1.8303252e-05 2.5166682e-07]"
D:\Uni\Ulm\Master\Hiwi-Forschung-und-Lehre\Fairface\detected_faces\790707_face0.jpg,Middle Eastern,White,Male,20-29,"[4.4465941e-01 8.9817203e-04 1.6888602e-02 8.3183941e-06 3.1617161e-05
 1.3969642e-04 5.3737414e-01]",[9.4340312e-01 5.2000578e-02 3.5662434e-04 4.2397007e-03],[9.9999398e-01 5.9823165e-06],"[7.4416286e-09 1.7843417e-05 1.1023833e-01 8.8150465e-01 8.2248896e-03
 1.4268478e-05 1.6925659e-08 5.8455002e-10 1.1501633e-11]"
D:\Uni\Ulm\Master\Hiwi-Forschung-und-Lehre\Fairface\detected_faces\790775_face0.jpg,Black,Indian,Male,20-29,"[1.1214119e-03 8.5135436e-01 9.8691925e-02 6.6646631e-04 2.1951199e-02
 2.1788254e-02 4.4263988e-03]",[0.00559786 0.36902574 0.16916636 0.45621014],[9.9998343e-01 1.6510658e-05],"[3.6926731e-06 1.4954650e-04 4.6265263e-02 7.5366563e-01 1.8868235e-01
 1.0969275e-02 2.4854206e-04 1.5319971e-05 4.2407967e-07]"
D:\Uni\Ulm\Master\Hiwi-Forschung-und-Lehre\Fairface\detected_faces\790817_face0.jpg,Middle Eastern,White,Male,20-29,"[1.8412519e-01 3.7695223e-04 2.5967278e-02 3.6661659e-05 9.3976087e-05
 5.6796934e-04 7.8883195e-01]",[9.9557477e-01 6.0222251e-04 2.4962399e-04 3.5733867e-03],[9.9999815e-01 1.8361405e-06],"[1.7078154e-06 3.7272090e-05 1.5686793e-03 5.0787228e-01 4.7916657e-01
 1.1303387e-02 4.9453225e-05 6.7459746e-07 1.5571977e-08]"
D:\Uni\Ulm\Master\Hiwi-Forschung-und-Lehre\Fairface\detected_faces\790828_face0.jpg,White,White,Male,20-29,"[5.1820201e-01 2.4480617e-04 1.6502811e-01 3.9570379e-05 2.4704143e-04
 3.6303042e-03 3.1260821e-01]",[9.8589146e-01 3.5008002e-04 2.4124743e-04 1.3517242e-02],[9.9999958e-01 4.3941347e-07],"[4.0941461e-07 8.9219342e-05 7.5414660e-03 5.2412879e-01 4.5317647e-01
 1.5019368e-02 4.3983535e-05 2.8951885e-07 2.8429887e-09]"
D:\Uni\Ulm\Master\Hiwi-Forschung-und-Lehre\Fairface\detected_faces\790833_face0.jpg,White,White,Male,20-29,"[9.9990273e-01 4.8764896e-08 8.2073884e-06 1.5021376e-06 7.1938780e-07
 1.8606876e-08 8.6834720e-05]",[9.9998820e-01 1.0916740e-06 1.0654660e-05 1.1577575e-07],[1.00000000e+00 1.46347165e-08],"[6.7976131e-08 3.4437315e-05 1.2739137e-01 8.3838135e-01 3.3468619e-02
 7.2115101e-04 2.9435869e-06 3.7952908e-08 3.6968445e-10]"
D:\Uni\Ulm\Master\Hiwi-Forschung-und-Lehre\Fairface\detected_faces\790846_face0.jpg,White,White,Male,30-39,"[9.7575694e-01 3.0219473e-05 5.5661588e-04 1.1895742e-04 1.8882300e-04
 1.2849595e-05 2.3335600e-02]",[9.9498779e-01 2.1839826e-03 2.5833340e-03 2.4489957e-04],[9.9994421e-01 5.5766424e-05],"[1.8437454e-04 1.1673570e-03 2.1763146e-02 4.1763777e-01 4.6669874e-01
 8.6267494e-02 5.7459525e-03 4.9736543e-04 3.7789679e-05]"
D:\Uni\Ulm\Master\Hiwi-Forschung-und-Lehre\Fairface\detected_faces\790957_face0.jpg,Latino_Hispanic,Black,Male,20-29,"[2.3221359e-01 2.0026028e-02 6.8862087e-01 2.3744967e-04 1.0717814e-03
 7.9097440e-03 4.9920596e-02]",[0.21496923 0.6878444  0.00146055 0.09572573],[9.9998361e-01 1.6428412e-05],"[1.1709292e-07 4.5797897e-06 9.3621863e-03 7.3538053e-01 2.4202237e-01
 1.3042396e-02 1.8619103e-04 1.6601426e-06 2.4652671e-08]"
D:\Uni\Ulm\Master\Hiwi-Forschung-und-Lehre\Fairface\detected_faces\790965_face0.jpg,Southeast Asian,Asian,Male,20-29,"[9.8969764e-04 1.8001882e-04 1.5273259e-02 4.0071237e-01 5.8196831e-01
 7.2480820e-04 1.5148066e-04]",[2.5408904e-04 1.9986485e-04 9.9901730e-01 5.2872166e-04],[9.9999988e-01 1.4167505e-07],"[1.2469982e-07 2.2706148e-04 3.8587120e-01 6.0281086e-01 1.0988680e-02
 1.0127518e-04 7.8517894e-07 5.1573227e-08 3.4068320e-10]"
D:\Uni\Ulm\Master\Hiwi-Forschung-und-Lehre\Fairface\detected_faces\790989_face0.jpg,East Asian,Asian,Male,20-29,"[1.8034605e-05 3.7192971e-05 1.1001222e-04 7.3796940e-01 2.6166967e-01
 1.9542684e-04 2.7450434e-07]",[2.02173414e-05 1.07143256e-04 9.99734104e-01 1.38560150e-04],[9.9983996e-01 1.5999161e-04],"[1.1805899e-06 1.0269501e-04 7.9192720e-02 6.6013592e-01 2.4508478e-01
 1.5074754e-02 3.6974292e-04 3.7247588e-05 9.5766870e-07]"
D:\Uni\Ulm\Master\Hiwi-Forschung-und-Lehre\Fairface\detected_faces\791046_face0.jpg,Middle Eastern,White,Male,30-39,"[9.9895298e-02 2.6066383e-04 4.8483815e-02 1.5015191e-04 2.9555598e-04
 9.3846966e-04 8.4997606e-01]",[0.98660356 0.00107208 0.00421617 0.00810823],[9.9999887e-01 1.1288585e-06],"[1.0530731e-05 1.2002073e-04 4.9079722e-03 2.8859994e-01 6.3520044e-01
 7.0075504e-02 1.0651278e-03 2.0311652e-05 2.0721116e-07]"
D:\Uni\Ulm\Master\Hiwi-Forschung-und-Lehre\Fairface\detected_faces\791079_face0.jpg,White,White,Male,20-29,"[9.9999148e-01 7.3920326e-08 1.8533898e-06 1.0747940e-07 3.0378857e-07
 9.1130943e-09 6.2128552e-06]",[9.9997079e-01 1.3305345e-05 1.5673111e-05 2.3673698e-07],[9.9999994e-01 6.0866661e-08],"[6.0354566e-08 4.7767439e-06 3.5040278e-03 5.6146312e-01 4.1402206e-01
 2.0768791e-02 2.3476043e-04 2.3167700e-06 5.1768843e-08]"
D:\Uni\Ulm\Master\Hiwi-Forschung-und-Lehre\Fairface\detected_faces\791172_face0.jpg,White,White,Male,20-29,"[9.4911712e-01 1.4004915e-03 3.5097212e-02 7.8322824e-05 3.2632108e-04
 3.2051266e-04 1.3660051e-02]",[0.9851963  0.00642793 0.00588546 0.00249032],[1.0000000e+00 2.8677563e-09],"[5.1494217e-06 1.3193914e-04 1.0164510e-02 7.3579800e-01 2.4420422e-01
 9.5581040e-03 1.3456687e-04 3.3984254e-06 4.9142727e-08]"
D:\Uni\Ulm\Master\Hiwi-Forschung-und-Lehre\Fairface\detected_faces\791190_face0.jpg,White,White,Male,30-39,"[7.4518907e-01 1.2959829e-02 1.5173671e-01 8.0886719e-05 3.5383456e-04
 1.8021952e-03 8.7877490e-02]",[0.7089528  0.24914579 0.00994502 0.03195639],[9.9999666e-01 3.3629253e-06],"[3.8853106e-08 2.6618684e-06 1.4351364e-03 4.7014579e-01 5.0318259e-01
 2.5041368e-02 1.9044196e-04 1.9888321e-06 2.8160525e-08]"
D:\Uni\Ulm\Master\Hiwi-Forschung-und-Lehre\Fairface\detected_faces\791203_face0.jpg,White,White,Male,20-29,"[9.8072547e-01 1.2808038e-04 8.0860296e-04 3.2457794e-07 2.9372347e-06
 1.4445839e-05 1.8320179e-02]",[9.9401581e-01 5.6322645e-03 7.6985481e-05 2.7500771e-04],[1.0000000e+00 3.2607492e-08],"[1.0756861e-08 4.4106559e-06 1.0340164e-03 7.0492285e-01 2.9181507e-01
 2.2187249e-03 4.9140153e-06 2.4820791e-08 4.9869980e-10]"
D:\Uni\Ulm\Master\Hiwi-Forschung-und-Lehre\Fairface\detected_faces\791314_face0.jpg,East Asian,Asian,Male,20-29,"[1.0889800e-03 3.3413249e-07 6.8889793e-05 9.7790956e-01 2.0911487e-02
 8.4735420e-06 1.2237263e-05]",[4.4782783e-04 1.0125520e-05 9.9950308e-01 3.9010407e-05],[9.9999940e-01 5.7319494e-07],"[2.16719211e-08 2.09882478e-06 1.08318385e-02 7.96342432e-01
 1.85548767e-01 7.11431587e-03 1.53370260e-04 7.17156945e-06
 4.44927544e-08]"
D:\Uni\Ulm\Master\Hiwi-Forschung-und-Lehre\Fairface\detected_faces\791434_face0.jpg,White,White,Male,20-29,"[9.9465561e-01 9.5717689e-07 2.5722643e-03 1.5966387e-05 2.3918614e-05
 2.4762965e-05 2.7065726e-03]",[9.9963212e-01 2.1213358e-05 2.5843538e-04 8.8257919e-05],[9.9998623e-01 1.3724073e-05],"[5.2034153e-07 2.8843026e-05 5.7034083e-03 6.1270696e-01 3.6971208e-01
 1.1766583e-02 8.1050799e-05 5.7275520e-07 1.2200892e-08]"
D:\Uni\Ulm\Master\Hiwi-Forschung-und-Lehre\Fairface\detected_faces\791439_face0.jpg,White,White,Male,20-29,"[8.8585502e-01 5.3582212e-04 1.0899689e-02 1.7464390e-05 4.7392801e-05
 1.1776005e-04 1.0252675e-01]",[9.9910724e-01 3.7509561e-04 1.0566162e-04 4.1200506e-04],[9.999993e-01 7.114364e-07],"[5.5503630e-08 1.3716290e-05 6.7144288e-03 9.3377185e-01 5.9272524e-02
 2.2701350e-04 4.0237333e-07 8.6906615e-09 1.8228218e-10]"
D:\Uni\Ulm\Master\Hiwi-Forschung-und-Lehre\Fairface\detected_faces\791566_face0.jpg,Middle Eastern,Indian,Male,30-39,"[2.0972525e-01 1.4027265e-03 2.1534936e-01 5.0663544e-05 2.4695325e-04
 2.6663812e-02 5.4656136e-01]",[0.29436237 0.06600417 0.006403   0.63323045],[9.9999481e-01 5.1458455e-06],"[4.8918400e-07 8.8933512e-06 6.6224916e-04 3.5297889e-01 6.2598419e-01
 2.0313596e-02 5.1233248e-05 4.2702109e-07 4.8722528e-09]"
D:\Uni\Ulm\Master\Hiwi-Forschung-und-Lehre\Fairface\detected_faces\791616_face0.jpg,Black,Black,Male,20-29,"[2.9364435e-07 9.9998790e-01 6.8999143e-06 4.9889026e-09 1.4510098e-07
 3.9469974e-06 6.8096591e-07]",[1.4819248e-07 9.9999547e-01 6.2505495e-07 3.7573081e-06],[9.9999976e-01 2.6014226e-07],"[1.6224590e-08 3.7188163e-06 9.3660383e-03 8.1797355e-01 1.6959624e-01
 3.0495359e-03 1.0746794e-05 1.2664937e-07 5.9213909e-09]"
D:\Uni\Ulm\Master\Hiwi-Forschung-und-Lehre\Fairface\detected_faces\791642_face0.jpg,Middle Eastern,White,Male,30-39,"[1.3864551e-01 2.6777971e-03 4.2561156e-01 2.0002754e-04 6.1457686e-04
 2.9151987e-03 4.2933536e-01]",[0.9678857  0.00830391 0.00739199 0.0164185 ],[9.9999982e-01 1.7858204e-07],"[5.2333212e-07 1.2082528e-05 4.2309072e-03 4.5565113e-01 4.9665117e-01
 4.2969871e-02 4.7762322e-04 6.6148473e-06 5.3107758e-08]"
D:\Uni\Ulm\Master\Hiwi-Forschung-und-Lehre\Fairface\detected_faces\791702_face0.jpg,Black,Black,Male,20-29,"[1.0710815e-07 9.9999613e-01 1.7007716e-06 7.3110479e-10 3.0787326e-08
 1.9241575e-06 1.5110187e-07]",[3.2685344e-07 9.9999559e-01 3.1580049e-07 3.7018312e-06],[1.0000000e+00 2.4297481e-08],"[3.1043005e-08 5.5494570e-06 3.2413099e-03 6.1839902e-01 3.6772957e-01
 1.0593512e-02 3.0870637e-05 1.7321300e-07 5.9367538e-09]"
D:\Uni\Ulm\Master\Hiwi-Forschung-und-Lehre\Fairface\detected_faces\791773_face0.jpg,White,White,Male,20-29,"[9.9334735e-01 1.4789401e-05 8.7991869e-04 5.4934560e-05 7.6168166e-05
 8.6715672e-06 5.6181601e-03]",[9.9937886e-01 9.5698771e-05 4.6745504e-04 5.7928861e-05],[9.9974054e-01 2.5947471e-04],"[8.5485276e-08 9.8828141e-06 1.3933826e-03 5.1475358e-01 4.7781518e-01
 6.0167708e-03 1.0994332e-05 1.1978869e-07 3.5874816e-09]"
D:\Uni\Ulm\Master\Hiwi-Forschung-und-Lehre\Fairface\detected_faces\791928_face0.jpg,White,White,Male,20-29,"[9.9352700e-01 1.4844741e-03 1.4527612e-03 2.8095603e-06 3.1404386e-05
 1.3565278e-05 3.4880186e-03]",[9.6183878e-01 3.7743166e-02 2.7726905e-04 1.4089487e-04],[9.999999e-01 5.374324e-08],"[3.7168022e-07 2.3125407e-05 2.7545360e-03 5.8603901e-01 4.0086457e-01
 1.0178453e-02 1.3673560e-04 3.1487029e-06 8.2041403e-08]"
D:\Uni\Ulm\Master\Hiwi-Forschung-und-Lehre\Fairface\detected_faces\791930_face0.jpg,White,White,Male,20-29,"[9.9320084e-01 1.3152065e-04 2.7070751e-03 5.1045331e-06 1.4080226e-05
 5.7468715e-05 3.8839108e-03]",[9.9623895e-01 2.4357715e-03 1.9795245e-04 1.1273182e-03],[9.9998528e-01 1.4692242e-05],"[4.16297610e-08 2.71261410e-06 5.60851349e-03 7.39276767e-01
 2.37627670e-01 1.68863218e-02 5.92272496e-04 5.55448787e-06
 1.08187095e-07]"
D:\Uni\Ulm\Master\Hiwi-Forschung-und-Lehre\Fairface\detected_faces\791934_face0.jpg,Black,Black,Male,30-39,"[8.4566705e-07 9.9994957e-01 2.8435914e-05 4.3895909e-08 6.3270147e-07
 1.7029794e-05 3.3498604e-06]",[7.0986579e-07 9.9998814e-01 1.4682481e-06 9.6413924e-06],[9.9998957e-01 1.0440544e-05],"[1.7903868e-06 5.2322903e-05 1.1809097e-03 1.8032347e-01 6.3261300e-01
 1.8132840e-01 4.4392683e-03 5.7146794e-05 3.6831564e-06]"
D:\Uni\Ulm\Master\Hiwi-Forschung-und-Lehre\Fairface\detected_faces\791978_face0.jpg,Middle Eastern,White,Male,30-39,"[9.2904493e-02 7.7489591e-03 1.9465226e-01 3.6869556e-04 1.0455925e-03
 2.0069556e-02 6.8321043e-01]",[0.8184593  0.09749664 0.00936073 0.07468334],[9.9999958e-01 4.2683897e-07],"[1.5254660e-06 2.2163948e-05 5.2768359e-04 1.9513248e-01 7.1319455e-01
 9.0221606e-02 8.9033914e-04 9.5672995e-06 1.3127078e-07]"
D:\Uni\Ulm\Master\Hiwi-Forschung-und-Lehre\Fairface\detected_faces\791984_face0.jpg,Black,Black,Male,30-39,"[2.5189507e-03 7.9734898e-01 1.2718813e-01 1.5925913e-04 4.9276981e-03
 6.5823101e-02 2.0339256e-03]",[4.8422397e-04 9.4509339e-01 2.7006199e-03 5.1721733e-02],[9.9999887e-01 1.1087614e-06],"[1.9582735e-06 5.6656363e-06 4.1933983e-04 1.2461387e-01 7.4397331e-01
 1.2726010e-01 3.6941092e-03 3.1019721e-05 5.5748501e-07]"
D:\Uni\Ulm\Master\Hiwi-Forschung-und-Lehre\Fairface\detected_faces\791985_face0.jpg,Black,Black,Male,30-39,"[3.3872169e-05 9.3456584e-01 2.8014129e-03 1.8465071e-06 1.1502252e-04
 6.2151987e-02 3.2997888e-04]",[3.5595778e-05 9.4929498e-01 7.1156147e-04 4.9957849e-02],[9.9999958e-01 4.2088976e-07],"[2.5882912e-08 1.1414194e-06 6.0260377e-04 2.2525644e-01 7.2905320e-01
 4.4861414e-02 2.2421005e-04 9.8800444e-07 1.4157248e-08]"
D:\Uni\Ulm\Master\Hiwi-Forschung-und-Lehre\Fairface\detected_faces\791987_face0.jpg,Black,Black,Male,30-39,"[3.04962646e-06 9.99985635e-01 8.89573403e-06 1.51625024e-08
 1.12013346e-07 7.30707654e-07 1.52466021e-06]",[2.2406341e-06 9.9999535e-01 1.3912157e-06 1.0685068e-06],[0.9966749  0.00332507],"[2.3927148e-06 5.3882622e-04 1.6328549e-02 4.0082958e-01 5.0644863e-01
 7.4005894e-02 1.8279839e-03 1.7622620e-05 6.1374914e-07]"
D:\Uni\Ulm\Master\Hiwi-Forschung-und-Lehre\Fairface\detected_faces\791988_face0.jpg,White,White,Male,20-29,"[5.5328983e-01 1.6331009e-05 1.0107703e-02 6.0647062e-06 1.8911087e-05
 6.9255289e-04 4.3586859e-01]",[9.9606109e-01 6.1301107e-04 4.5237062e-04 2.8735301e-03],[9.999906e-01 9.398845e-06],"[8.27759209e-07 6.47478664e-05 2.60440093e-02 8.82672191e-01
 8.87865946e-02 2.41892459e-03 1.23242635e-05 4.12621375e-07
 1.02321698e-08]"
D:\Uni\Ulm\Master\Hiwi-Forschung-und-Lehre\Fairface\detected_faces\791989_face0.jpg,White,White,Male,20-29,"[9.3876928e-01 9.5174467e-04 3.3967640e-02 4.9313944e-04 2.0832850e-03
 1.8030002e-04 2.3554547e-02]",[0.9735882  0.02222974 0.00285667 0.00132547],[1.0000000e+00 3.3747174e-09],"[8.9122871e-08 6.6318258e-05 3.0428635e-02 8.9098108e-01 7.7847384e-02
 6.7304657e-04 3.4450406e-06 5.3905325e-08 6.3386801e-10]"
D:\Uni\Ulm\Master\Hiwi-Forschung-und-Lehre\Fairface\detected_faces\792073_face0.jpg,Black,Black,Male,20-29,"[7.98785477e-05 9.99842107e-01 5.58265747e-05 1.40203404e-08
 2.12531148e-07 6.58426416e-06 1.53211349e-05]",[8.2457846e-05 9.9991113e-01 2.9717057e-06 3.4377579e-06],[9.9990833e-01 9.1707574e-05],"[1.2357975e-06 4.0549445e-03 2.2523262e-01 6.9522381e-01 7.4765705e-02
 7.1898685e-04 2.6822424e-06 8.8938144e-08 4.7424376e-09]"
D:\Uni\Ulm\Master\Hiwi-Forschung-und-Lehre\Fairface\detected_faces\792083_face0.jpg,White,White,Male,20-29,"[9.9997956e-01 4.1206741e-07 4.2343445e-06 5.7814244e-08 1.9855575e-07
 1.2472266e-07 1.5373365e-05]",[9.9412394e-01 5.8617909e-03 8.2583911e-06 5.9879321e-06],[9.9994683e-01 5.3200038e-05],"[3.1277391e-08 1.2609823e-05 1.9851483e-02 9.0373665e-01 7.4726984e-02
 1.6347547e-03 3.6974496e-05 4.8751650e-07 2.4203574e-08]"
D:\Uni\Ulm\Master\Hiwi-Forschung-und-Lehre\Fairface\detected_faces\792122_face0.jpg,White,White,Male,30-39,"[7.0625657e-01 2.5166449e-04 5.5911452e-02 2.1927612e-04 3.1038735e-04
 5.9917365e-04 2.3645145e-01]",[9.9278474e-01 7.2382606e-04 3.0182342e-03 3.4731976e-03],[9.9999958e-01 3.6849337e-07],"[1.13833175e-05 1.57735078e-04 6.78536622e-03 4.26447749e-01
 5.36352873e-01 2.99403835e-02 2.99487496e-04 5.02260355e-06
 4.05923615e-08]"
D:\Uni\Ulm\Master\Hiwi-Forschung-und-Lehre\Fairface\detected_faces\792135_face0.jpg,White,White,Male,20-29,"[7.8270537e-01 3.9191460e-04 1.3994330e-01 3.9878935e-03 4.3471376e-03
 2.4341470e-04 6.8380944e-02]",[9.8457116e-01 5.4807123e-04 1.4735452e-02 1.4533136e-04],[1.000000e+00 5.302619e-09],"[1.4137466e-07 3.7842841e-05 1.9807292e-02 8.0087632e-01 1.7459175e-01
 4.6464307e-03 3.9672777e-05 5.8430027e-07 4.8058180e-09]"
D:\Uni\Ulm\Master\Hiwi-Forschung-und-Lehre\Fairface\detected_faces\792142_face0.jpg,Black,Black,Male,30-39,"[2.3297800e-03 9.8538446e-01 9.7884685e-03 5.1266256e-06 4.1802217e-05
 2.1245934e-03 3.2579098e-04]",[2.0613538e-03 9.9610811e-01 2.2822978e-04 1.6022598e-03],[9.9999964e-01 3.4454240e-07],"[7.5478084e-08 1.4498802e-06 7.7818829e-04 2.3294349e-01 5.4811037e-01
 1.9528262e-01 2.2681672e-02 1.9861209e-04 3.5199089e-06]"
D:\Uni\Ulm\Master\Hiwi-Forschung-und-Lehre\Fairface\detected_faces\792155_face0.jpg,White,White,Male,20-29,"[5.4079831e-01 8.1951870e-03 3.7900510e-01 1.3218629e-04 7.3662132e-04
 2.6913514e-04 7.0863388e-02]",[9.3514276e-01 6.2709175e-02 8.8359736e-04 1.2644563e-03],[9.9999994e-01 5.8428483e-08],"[6.2144004e-08 2.2557579e-06 7.0249578e-03 8.1150544e-01 1.7673102e-01
 4.6701860e-03 6.4953529e-05 1.1328333e-06 1.0787440e-08]"
D:\Uni\Ulm\Master\Hiwi-Forschung-und-Lehre\Fairface\detected_faces\792218_face0.jpg,White,White,Male,20-29,"[6.1171651e-01 1.4048661e-03 1.8398719e-01 4.0810890e-04 9.1080880e-04
 2.6159637e-04 2.0131095e-01]",[0.9617879  0.03193468 0.00403706 0.00224037],[9.9999946e-01 5.3744259e-07],"[3.4279946e-08 4.3923906e-06 7.8772586e-03 8.6108816e-01 1.2946513e-01
 1.5591265e-03 5.7199272e-06 7.5813183e-08 8.9510116e-10]"
D:\Uni\Ulm\Master\Hiwi-Forschung-und-Lehre\Fairface\detected_faces\792283_face0.jpg,White,White,Male,20-29,"[4.5908433e-01 3.6041395e-04 4.2394206e-01 2.4982153e-03 5.9298519e-03
 3.1645648e-04 1.0786866e-01]",[0.9095151  0.01850567 0.06402037 0.00795888],[9.9999964e-01 3.7664219e-07],"[5.9835628e-08 2.7229520e-05 1.1731497e-01 7.9355645e-01 8.5627705e-02
 3.4240463e-03 4.8938153e-05 5.7491167e-07 5.0760991e-09]"
D:\Uni\Ulm\Master\Hiwi-Forschung-und-Lehre\Fairface\detected_faces\792307_face0.jpg,White,White,Male,30-39,"[9.9848711e-01 1.9564972e-05 6.2776904e-05 1.9425899e-08 1.5265032e-07
 2.5118823e-06 1.4279466e-03]",[9.9918389e-01 6.1960908e-04 1.4082027e-05 1.8245642e-04],[9.999996e-01 4.204052e-07],"[5.22633741e-08 3.15955754e-06 2.36276683e-04 2.30206192e-01
 7.39642739e-01 2.98107862e-02 1.00313664e-04 4.64838081e-07
 8.65842598e-09]"
D:\Uni\Ulm\Master\Hiwi-Forschung-und-Lehre\Fairface\detected_faces\792308_face0.jpg,Black,Black,Male,30-39,"[4.7675687e-05 9.9707359e-01 2.1516492e-03 1.0602491e-07 2.9691132e-06
 1.7348275e-04 5.5059325e-04]",[9.4182324e-05 9.9949676e-01 5.8374910e-05 3.5074359e-04],[1.00000e+00 6.46453e-09],"[8.2594219e-08 4.9049436e-06 1.0107929e-03 4.6269569e-01 5.0885439e-01
 2.7286427e-02 1.4654224e-04 1.2196842e-06 1.6801442e-08]"
D:\Uni\Ulm\Master\Hiwi-Forschung-und-Lehre\Fairface\detected_faces\792311_face0.jpg,White,White,Male,30-39,"[5.4454815e-01 3.4892457e-04 1.1978340e-01 1.7383338e-04 4.3502208e-04
 5.8496371e-03 3.2886106e-01]",[9.7448575e-01 2.5369839e-03 6.3776877e-04 2.2339407e-02],[9.9999839e-01 1.6210356e-06],"[6.4143018e-07 2.0648791e-05 8.8945910e-04 2.8877807e-01 6.8293160e-01
 2.7308628e-02 7.0634494e-05 3.5696985e-07 3.8587156e-09]"
D:\Uni\Ulm\Master\Hiwi-Forschung-und-Lehre\Fairface\detected_faces\792312_face0.jpg,Latino_Hispanic,White,Male,30-39,"[2.6288611e-01 2.4843609e-04 2.9658750e-01 9.7399447e-05 3.1870697e-04
 1.4970301e-01 2.9015884e-01]",[0.82889205 0.00287837 0.00108077 0.16714877],[9.9986261e-01 1.3739486e-04],"[1.2527171e-06 3.3679447e-05 3.8461769e-03 4.6685198e-01 4.8891830e-01
 3.9989974e-02 3.5159627e-04 6.8622444e-06 1.4374562e-07]"
D:\Uni\Ulm\Master\Hiwi-Forschung-und-Lehre\Fairface\detected_faces\792314_face0.jpg,White,White,Male,20-29,"[9.8352689e-01 5.6291001e-06 1.0294611e-02 1.5911799e-04 1.5735881e-04
 3.0099967e-04 5.5553173e-03]",[9.9801064e-01 1.1851773e-05 2.4958179e-04 1.7279114e-03],[9.9999994e-01 5.3438399e-08],"[2.5959022e-08 1.8100789e-06 6.4872615e-03 8.8583869e-01 1.0693301e-01
 7.3746609e-04 1.7501982e-06 3.5784147e-08 3.0920583e-10]"
D:\Uni\Ulm\Master\Hiwi-Forschung-und-Lehre\Fairface\detected_faces\792317_face0.jpg,White,White,Male,20-29,"[4.8554543e-01 1.4707116e-04 4.5278156e-01 1.4979001e-03 1.6843912e-03
 6.3269595e-03 5.2016668e-02]",[0.9657323  0.00240468 0.00629414 0.02556898],[9.9999988e-01 1.5019747e-07],"[6.3381066e-07 1.2977871e-04 1.4105499e-01 7.7186680e-01 8.3256856e-02
 3.6597082e-03 3.0835825e-05 4.4779961e-07 3.3493888e-09]"
D:\Uni\Ulm\Master\Hiwi-Forschung-und-Lehre\Fairface\detected_faces\792319_face0.jpg,Black,Black,Male,20-29,"[4.3458472e-06 9.9990040e-01 3.9302435e-05 9.3501447e-09 7.1867498e-07
 5.2928041e-05 2.1998953e-06]",[1.7983648e-06 9.9999619e-01 1.7336983e-07 1.8727133e-06],[9.9999917e-01 8.1109050e-07],"[8.6636298e-10 1.6889973e-07 1.9790740e-03 7.3699403e-01 2.5810397e-01
 2.9070165e-03 1.5609387e-05 1.3264315e-07 3.1591207e-09]"
D:\Uni\Ulm\Master\Hiwi-Forschung-und-Lehre\Fairface\detected_faces\792397_face0.jpg,Black,Black,Male,30-39,"[2.0313203e-06 9.9996775e-01 1.4129450e-05 1.5068017e-07 2.3531682e-06
 1.3051535e-05 5.4619483e-07]",[5.5108416e-07 9.9999702e-01 1.6334436e-06 8.3262154e-07],[9.9998969e-01 1.0333633e-05],"[1.1356019e-08 4.8667880e-07 1.8380384e-03 3.8863748e-01 5.2585804e-01
 8.1722111e-02 1.9277284e-03 1.5477088e-05 5.5037646e-07]"
D:\Uni\Ulm\Master\Hiwi-Forschung-und-Lehre\Fairface\detected_faces\792565_face0.jpg,White,White,Male,20-29,"[5.4298913e-01 3.7018023e-03 1.4041317e-01 1.1865460e-04 5.7601649e-04
 1.3738170e-03 3.1082743e-01]",[0.95783305 0.03267741 0.00264387 0.00684563],[9.9999762e-01 2.3676985e-06],"[9.1051584e-07 4.7501439e-05 5.5734627e-03 6.2846309e-01 3.5698366e-01
 8.8703344e-03 5.9803107e-05 1.2053683e-06 2.5838169e-08]"
D:\Uni\Ulm\Master\Hiwi-Forschung-und-Lehre\Fairface\detected_faces\792624_face0.jpg,White,White,Male,20-29,"[5.8016235e-01 1.2297554e-04 7.7910461e-02 5.6040590e-05 1.4214872e-04
 2.2239392e-03 3.3938208e-01]",[9.9577188e-01 1.4281628e-04 8.8689128e-05 3.9966572e-03],[9.999990e-01 9.962697e-07],"[7.0882601e-07 3.1266783e-05 2.9483463e-03 5.9248108e-01 3.9310768e-01
 1.1403574e-02 2.7073407e-05 2.7493985e-07 3.5886245e-09]"
D:\Uni\Ulm\Master\Hiwi-Forschung-und-Lehre\Fairface\detected_faces\792651_face0.jpg,White,White,Male,20-29,"[9.9636018e-01 3.8379553e-06 2.9471979e-04 8.3546383e-06 1.7684846e-05
 1.3571893e-06 3.3138178e-03]",[9.9960548e-01 1.7918786e-04 1.5608731e-04 5.9254533e-05],[9.9999875e-01 1.2433269e-06],"[7.3266122e-09 3.3713318e-06 1.8761117e-02 8.8288522e-01 9.4501287e-02
 3.8037088e-03 4.4779623e-05 5.1017389e-07 8.6971577e-09]"
D:\Uni\Ulm\Master\Hiwi-Forschung-und-Lehre\Fairface\detected_faces\793155_face0.jpg,White,White,Male,20-29,"[9.8100698e-01 4.2374764e-04 5.5356277e-03 7.4254567e-05 3.7121752e-04
 2.4171895e-04 1.2346501e-02]",[0.9914811  0.00529594 0.00149216 0.00173077],[9.9999940e-01 6.0352835e-07],"[2.7616207e-07 7.9801848e-06 7.1557933e-03 6.0013318e-01 3.5304356e-01
 3.7563384e-02 2.0382509e-03 5.5900538e-05 1.7422382e-06]"
D:\Uni\Ulm\Master\Hiwi-Forschung-und-Lehre\Fairface\detected_faces\793167_face0.jpg,White,White,Male,20-29,"[9.9321759e-01 9.0233044e-08 3.1203774e-04 8.5830430e-07 2.3587506e-06
 1.0087622e-06 6.4659952e-03]",[9.9975270e-01 7.5003877e-06 1.5958837e-04 8.0246020e-05],[1.0000000e+00 1.5019815e-09],"[6.8269813e-08 1.3254531e-05 1.7414460e-02 8.1669217e-01 1.6375113e-01
 2.1246665e-03 4.2640409e-06 2.8891902e-08 1.5118806e-10]"
D:\Uni\Ulm\Master\Hiwi-Forschung-und-Lehre\Fairface\detected_faces\793175_face0.jpg,Black,Black,Male,20-29,"[3.58334069e-06 9.99591291e-01 1.13960494e-04 3.72978093e-07
 9.54691131e-06 2.73649814e-04 7.58255601e-06]",[9.6900321e-06 9.9972403e-01 2.1705027e-05 2.4450736e-04],[9.999792e-01 2.080288e-05],"[3.8888575e-07 6.1397928e-05 2.5330106e-02 7.6742780e-01 1.9968762e-01
 7.4075069e-03 8.3411040e-05 1.6745407e-06 8.0556752e-08]"
D:\Uni\Ulm\Master\Hiwi-Forschung-und-Lehre\Fairface\detected_faces\793228_face0.jpg,White,White,Male,20-29,"[9.9997264e-01 3.6706362e-07 8.3139594e-06 6.2862524e-09 3.3218917e-08
 5.3763279e-07 1.8083609e-05]",[9.9998736e-01 1.7577383e-06 3.1465817e-07 1.0673572e-05],[9.9990803e-01 9.1960646e-05],"[9.0716803e-08 4.2847259e-06 9.9563738e-04 5.1181054e-01 4.6148166e-01
 2.5408892e-02 2.9667612e-04 2.1104192e-06 7.8143437e-08]"
D:\Uni\Ulm\Master\Hiwi-Forschung-und-Lehre\Fairface\detected_faces\793229_face0.jpg,White,White,Male,30-39,"[9.97821510e-01 5.25445193e-06 1.29613641e-03 1.11594245e-05
 3.11013318e-05 5.61890693e-06 8.29308527e-04]",[9.9988055e-01 5.3138941e-05 5.6556917e-05 9.6987624e-06],[9.9996108e-01 3.8905462e-05],"[2.1667888e-07 2.1150528e-05 1.9032389e-03 3.0025721e-01 6.6342205e-01
 3.4141693e-02 2.5256322e-04 1.8211414e-06 5.1909673e-08]"
D:\Uni\Ulm\Master\Hiwi-Forschung-und-Lehre\Fairface\detected_faces\793276_face0.jpg,Middle Eastern,White,Male,20-29,"[2.7826968e-01 2.0454850e-04 8.1989974e-02 5.8639594e-05 2.1123089e-04
 2.4267067e-03 6.3683927e-01]",[0.92115855 0.01306026 0.004015   0.06176626],[9.9999940e-01 5.7717216e-07],"[9.9186408e-08 2.6136853e-05 2.2725686e-02 9.3398654e-01 4.2966511e-02
 2.9430891e-04 7.2719894e-07 2.1246686e-08 2.4509983e-10]"
D:\Uni\Ulm\Master\Hiwi-Forschung-und-Lehre\Fairface\detected_faces\793323_face0.jpg,White,White,Male,20-29,"[8.2963526e-01 6.8712537e-04 9.8398976e-02 3.9153287e-04 6.4501358e-04
 9.1765210e-04 6.9324441e-02]",[0.9376678  0.03317894 0.01788536 0.01126791],[9.9999273e-01 7.3010256e-06],"[1.0940088e-06 7.2011957e-05 2.2731313e-02 6.7529351e-01 2.7324992e-01
 2.7661595e-02 9.7212056e-04 1.8099809e-05 3.3403458e-07]"
D:\Uni\Ulm\Master\Hiwi-Forschung-und-Lehre\Fairface\detected_faces\793645_face0.jpg,White,White,Male,20-29,"[7.1272266e-01 6.8384506e-05 6.8576641e-02 3.6471720e-05 1.0243095e-04
 6.1333016e-04 2.1788009e-01]",[0.9859566  0.00325273 0.00181422 0.00897651],[9.999994e-01 5.867927e-07],"[7.0668889e-09 5.5818114e-06 6.9663912e-02 9.1036946e-01 1.9786529e-02
 1.7400592e-04 5.4928313e-07 6.1477001e-09 5.0149516e-11]"
D:\Uni\Ulm\Master\Hiwi-Forschung-und-Lehre\Fairface\detected_faces\793702_face0.jpg,White,White,Male,30-39,"[6.7892903e-01 1.6712703e-04 1.1252888e-02 2.2516704e-05 8.0069512e-05
 2.3197320e-04 3.0931637e-01]",[0.9703737  0.00201494 0.00361224 0.02399911],[9.9999994e-01 4.2823249e-08],"[1.1004487e-05 2.3579225e-05 1.3422075e-03 9.4087780e-02 5.3037822e-01
 3.4779656e-01 2.5780573e-02 5.7572854e-04 4.3041450e-06]"
D:\Uni\Ulm\Master\Hiwi-Forschung-und-Lehre\Fairface\detected_faces\793761_face0.jpg,Black,Black,Male,30-39,"[6.60848991e-06 9.99767125e-01 1.41913668e-04 1.17509664e-07
 1.85584145e-06 7.39690076e-05 8.32759633e-06]",[2.6631669e-06 9.9979365e-01 3.4296630e-05 1.6939746e-04],[1.0000000e+00 4.0813745e-08],"[5.8248929e-07 1.8078531e-06 2.2110614e-04 1.3101003e-01 6.2794924e-01
 2.3327594e-01 7.4152881e-03 1.2272790e-04 3.2377816e-06]"
D:\Uni\Ulm\Master\Hiwi-Forschung-und-Lehre\Fairface\detected_faces\793958_face0.jpg,Black,Black,Male,30-39,"[5.6913888e-07 9.9994469e-01 2.0467001e-05 3.9703529e-08 8.6544242e-07
 3.1151420e-05 2.2553352e-06]",[3.6236423e-07 9.9999529e-01 8.6614028e-07 3.3723177e-06],[9.9932283e-01 6.7713193e-04],"[8.7551072e-08 6.2211802e-06 3.3484462e-03 4.4646671e-01 5.1744020e-01
 3.2521039e-02 2.1615303e-04 1.1552219e-06 4.4685429e-08]"
D:\Uni\Ulm\Master\Hiwi-Forschung-und-Lehre\Fairface\detected_faces\793985_face0.jpg,Black,Black,Male,20-29,"[6.5349886e-06 9.9964797e-01 2.0406190e-04 7.2833259e-08 1.2931505e-06
 6.7887639e-05 7.2188865e-05]",[4.9641039e-07 9.9996817e-01 1.6144738e-06 2.9788482e-05],[9.9999982e-01 1.7106107e-07],"[4.08004901e-08 5.55157458e-05 1.12564258e-01 8.13550651e-01
 7.19989091e-02 1.81984203e-03 1.06221505e-05 1.72176186e-07
 4.92606844e-09]"
D:\Uni\Ulm\Master\Hiwi-Forschung-und-Lehre\Fairface\detected_faces\793986_face0.jpg,White,White,Male,20-29,"[9.1974998e-01 1.1080095e-04 7.3629081e-02 3.0952742e-05 1.6313327e-04
 2.3601458e-05 6.2924293e-03]",[9.9576640e-01 2.0408288e-03 8.9702307e-04 1.2957163e-03],[9.9999994e-01 5.2102003e-08],"[1.5648789e-09 1.8654397e-06 5.0823305e-02 8.8753980e-01 6.1171398e-02
 4.6238455e-04 1.1974658e-06 1.1442900e-08 6.8108061e-11]"
D:\Uni\Ulm\Master\Hiwi-Forschung-und-Lehre\Fairface\detected_faces\793988_face0.jpg,Black,Black,Male,30-39,"[1.2173182e-07 9.9999708e-01 1.0841021e-06 6.6614253e-10 1.3265946e-08
 1.5844264e-06 1.2842783e-07]",[9.6915599e-08 9.9999791e-01 4.5708859e-07 1.5000307e-06],[9.9999988e-01 1.5288208e-07],"[1.2681180e-08 1.3183374e-06 7.0808013e-04 4.0710542e-01 5.2988148e-01
 6.1595738e-02 7.0400198e-04 3.9342822e-06 1.0180392e-07]"
D:\Uni\Ulm\Master\Hiwi-Forschung-und-Lehre\Fairface\detected_faces\794071_face0.jpg,Latino_Hispanic,White,Male,20-29,"[0.1996969  0.00106548 0.6066594  0.08579941 0.07736655 0.001163
 0.02824926]",[0.7288155  0.03125706 0.2376238  0.00230364],[1.000000e+00 1.939815e-08],"[2.1912307e-07 5.8496415e-05 3.5849117e-02 7.6554596e-01 1.8968421e-01
 8.6945668e-03 1.6483117e-04 2.5545760e-06 1.5616999e-08]"
D:\Uni\Ulm\Master\Hiwi-Forschung-und-Lehre\Fairface\detected_faces\794100_face0.jpg,Black,Black,Male,20-29,"[2.1533629e-06 9.9984902e-01 9.2787755e-05 8.0655091e-09 5.6597048e-07
 4.8203379e-05 7.2337184e-06]",[2.7857345e-06 9.9996459e-01 7.3776559e-06 2.5325353e-05],[9.9999863e-01 1.4091321e-06],"[1.6583294e-09 3.5860555e-07 4.0093083e-03 8.3763045e-01 1.5629792e-01
 2.0545397e-03 7.3957071e-06 5.5285422e-08 1.5805232e-09]"
D:\Uni\Ulm\Master\Hiwi-Forschung-und-Lehre\Fairface\detected_faces\794250_face0.jpg,Middle Eastern,Indian,Male,20-29,"[0.0612112  0.00179619 0.3200307  0.01176082 0.02361817 0.07470094
 0.506882  ]",[0.25906596 0.03650567 0.20609362 0.49833477],[9.999922e-01 7.812419e-06],"[1.6390949e-06 6.3318534e-05 7.9189735e-03 7.9187262e-01 1.9492243e-01
 5.1930412e-03 2.6657744e-05 1.3579375e-06 2.7887499e-08]"
D:\Uni\Ulm\Master\Hiwi-Forschung-und-Lehre\Fairface\detected_faces\794260_face0.jpg,White,White,Male,20-29,"[9.6312553e-01 5.9208769e-04 2.2597656e-02 2.1505045e-06 1.5842566e-05
 1.5095235e-05 1.3651694e-02]",[9.5907259e-01 3.9672852e-02 1.8986713e-04 1.0646289e-03],[9.9999964e-01 3.2636771e-07],"[4.2021353e-10 2.0115878e-07 1.0543924e-02 9.6143395e-01 2.7896887e-02
 1.2462534e-04 3.3794137e-07 2.3635989e-09 3.3697121e-11]"
D:\Uni\Ulm\Master\Hiwi-Forschung-und-Lehre\Fairface\detected_faces\794294_face0.jpg,White,White,Male,20-29,"[9.6996009e-01 1.3161581e-03 1.6318087e-02 4.8678357e-05 2.7132957e-04
 1.3847099e-04 1.1947193e-02]",[9.9607599e-01 1.9827483e-03 1.8325147e-03 1.0882264e-04],[1.0000000e+00 1.0591787e-08],"[2.6948862e-06 1.5638053e-04 1.1744860e-02 5.4422271e-01 4.1048166e-01
 3.2628287e-02 7.4375240e-04 1.9320329e-05 3.4070206e-07]"
D:\Uni\Ulm\Master\Hiwi-Forschung-und-Lehre\Fairface\detected_faces\794298_face0.jpg,Middle Eastern,Indian,Male,30-39,"[4.9525831e-02 1.3549741e-02 1.7164381e-01 1.2271647e-05 6.9719623e-05
 3.2243185e-02 7.3295546e-01]",[0.17544517 0.24975696 0.0031532  0.5716447 ],[9.9996084e-01 3.9190440e-05],"[1.5099492e-05 1.2442062e-04 2.3362755e-03 2.9896021e-01 6.2958628e-01
 6.7965589e-02 9.9871715e-04 1.3216671e-05 2.2823818e-07]"
D:\Uni\Ulm\Master\Hiwi-Forschung-und-Lehre\Fairface\detected_faces\794338_face0.jpg,East Asian,Asian,Male,20-29,"[1.5832686e-04 2.2919303e-06 4.5250726e-04 9.2041308e-01 7.8929886e-02
 3.4006163e-05 9.9637327e-06]",[2.1778229e-04 3.2322285e-05 9.9957055e-01 1.7929384e-04],[9.9999356e-01 6.4869287e-06],"[2.3163354e-08 8.0183772e-06 2.0591477e-02 8.2758611e-01 1.4873119e-01
 3.0397044e-03 4.1950840e-05 1.6142830e-06 1.8202325e-08]"
D:\Uni\Ulm\Master\Hiwi-Forschung-und-Lehre\Fairface\detected_faces\794362_face0.jpg,White,White,Male,20-29,"[9.8561782e-01 2.7779979e-05 8.6199790e-03 6.4750995e-05 9.8098826e-05
 1.1738089e-05 5.5598277e-03]",[9.9998146e-01 6.9587313e-06 9.6284548e-06 1.9685729e-06],[9.9999702e-01 2.9619735e-06],"[3.5494261e-07 5.0049428e-05 7.2620220e-02 7.0823681e-01 2.0485099e-01
 1.4070370e-02 1.6971563e-04 1.4804941e-06 1.8948107e-08]"
D:\Uni\Ulm\Master\Hiwi-Forschung-und-Lehre\Fairface\detected_faces\794394_face0.jpg,White,White,Male,20-29,"[9.8812497e-01 8.4238374e-05 2.3162847e-03 3.0067380e-05 3.6433656e-05
 1.4769917e-05 9.3931900e-03]",[9.9910122e-01 4.4954105e-04 4.0099028e-04 4.8268728e-05],[9.9999493e-01 5.0339868e-06],"[1.4372307e-06 8.3038540e-06 2.9269343e-03 5.9601772e-01 3.3527842e-01
 5.9708662e-02 5.8518848e-03 2.0249355e-04 4.1189696e-06]"
D:\Uni\Ulm\Master\Hiwi-Forschung-und-Lehre\Fairface\detected_faces\794449_face0.jpg,Latino_Hispanic,Indian,Male,30-39,"[4.50376682e-02 6.14322256e-03 6.19775236e-01 1.14118455e-04
 1.16807024e-03 2.87160724e-01 4.06009294e-02]",[0.23994914 0.06364531 0.05867904 0.63772655],[9.9999988e-01 1.2150679e-07],"[2.0865612e-06 3.2608914e-05 9.8298688e-04 2.1347797e-01 7.0997947e-01
 7.5059071e-02 4.6132889e-04 4.4623071e-06 2.5243104e-08]"
D:\Uni\Ulm\Master\Hiwi-Forschung-und-Lehre\Fairface\detected_faces\794536_face0.jpg,White,White,Male,20-29,"[9.9953854e-01 5.2692093e-07 5.1292693e-05 1.3909277e-06 3.7413245e-06
 3.1897710e-07 4.0413553e-04]",[9.9997425e-01 4.7773096e-06 1.5299453e-05 5.7061811e-06],[9.9996537e-01 3.4645949e-05],"[1.6136687e-08 1.6501337e-05 8.9028500e-02 8.5943460e-01 5.0452266e-02
 1.0611130e-03 7.0127680e-06 1.0684996e-07 4.2698631e-09]"
D:\Uni\Ulm\Master\Hiwi-Forschung-und-Lehre\Fairface\detected_faces\794669_face0.jpg,White,White,Male,20-29,"[9.9570435e-01 7.7885750e-07 4.7560016e-04 1.2107623e-06 3.2871749e-06
 3.4546156e-05 3.7801911e-03]",[9.98924375e-01 1.34685415e-05 3.61549464e-05 1.02608022e-03],[9.9999946e-01 5.3488367e-07],"[1.3049290e-08 7.7641226e-07 9.6197496e-04 7.1586269e-01 2.7927038e-01
 3.8976418e-03 6.4610072e-06 7.1669938e-08 1.0737098e-09]"
D:\Uni\Ulm\Master\Hiwi-Forschung-und-Lehre\Fairface\detected_faces\794770_face0.jpg,East Asian,Asian,Male,20-29,"[9.8979822e-04 7.4470940e-06 4.3215958e-04 8.9614034e-01 1.0232087e-01
 5.5318287e-05 5.4067626e-05]",[5.9338071e-04 2.9048193e-04 9.9905282e-01 6.3315594e-05],[9.993831e-01 6.168616e-04],"[3.1514108e-07 3.5159468e-05 5.1094178e-02 7.5534153e-01 1.8764906e-01
 5.7989503e-03 7.6291508e-05 4.4151543e-06 1.0793069e-07]"
D:\Uni\Ulm\Master\Hiwi-Forschung-und-Lehre\Fairface\detected_faces\794784_face0.jpg,White,White,Male,30-39,"[8.0897558e-01 8.7016837e-05 1.1427218e-02 1.3983797e-04 3.6223565e-04
 1.6364679e-04 1.7884445e-01]",[0.97972274 0.00397561 0.01403117 0.00227051],[9.9999887e-01 1.1388776e-06],"[1.5303578e-07 4.4809422e-06 6.0655567e-04 3.4237000e-01 6.2803614e-01
 2.8907271e-02 7.4913383e-05 4.5393193e-07 5.2455436e-09]"
D:\Uni\Ulm\Master\Hiwi-Forschung-und-Lehre\Fairface\detected_faces\794839_face0.jpg,Black,Black,Male,20-29,"[3.3003994e-04 9.2439926e-01 3.0630536e-02 1.7009088e-06 4.9986120e-05
 2.4538133e-02 2.0050230e-02]",[0.00186794 0.8986145  0.00116114 0.09835646],[9.9999982e-01 1.4202797e-07],"[5.0389229e-08 2.1939945e-06 1.9352264e-03 4.9791199e-01 4.7019535e-01
 2.9484313e-02 4.5849205e-04 1.2275076e-05 1.5875067e-07]"
D:\Uni\Ulm\Master\Hiwi-Forschung-und-Lehre\Fairface\detected_faces\794861_face0.jpg,Black,Black,Male,30-39,"[8.6817291e-04 9.0002966e-01 6.9566056e-02 1.5631462e-04 3.8507269e-03
 2.5232257e-02 2.9681865e-04]",[0.00367434 0.96713734 0.01284238 0.01634593],[9.9999964e-01 2.8439854e-07],"[2.0411253e-06 7.4859390e-06 8.5089880e-04 1.8546501e-01 7.0964450e-01
 1.0128176e-01 2.7035391e-03 4.3997075e-05 7.2720212e-07]"
D:\Uni\Ulm\Master\Hiwi-Forschung-und-Lehre\Fairface\detected_faces\794927_face0.jpg,White,White,Male,20-29,"[9.78273749e-01 2.08462428e-04 9.80969425e-03 1.06617787e-04
 2.28281904e-04 1.14023605e-04 1.12591898e-02]",[9.9911171e-01 6.4029964e-04 1.4785121e-04 1.0019280e-04],[1.000000e+00 3.043378e-08],"[2.69512093e-08 7.35571859e-07 4.81889554e-04 6.01811051e-01
 3.93144548e-01 4.54646535e-03 1.52077764e-05 1.17346914e-07
 2.04466644e-09]"
D:\Uni\Ulm\Master\Hiwi-Forschung-und-Lehre\Fairface\detected_faces\794937_face0.jpg,White,White,Male,20-29,"[8.1772268e-01 1.1655702e-03 4.7325708e-02 3.2491011e-05 1.6375583e-04
 9.2932303e-04 1.3266043e-01]",[9.9704885e-01 1.5443974e-03 1.6443829e-04 1.2422934e-03],[1.00000000e+00 1.31128095e-08],"[2.3225687e-06 3.8568550e-04 3.8096331e-02 7.5401127e-01 1.9682820e-01
 1.0494520e-02 1.7753194e-04 4.1893441e-06 4.2178584e-08]"
D:\Uni\Ulm\Master\Hiwi-Forschung-und-Lehre\Fairface\detected_faces\794939_face0.jpg,Middle Eastern,White,Male,30-39,"[2.7082831e-01 1.3694051e-03 8.7560497e-02 7.5196258e-06 5.5434353e-05
 1.3536327e-02 6.2664247e-01]",[9.0093285e-01 5.5192341e-03 1.4069556e-04 9.3407251e-02],[9.9945354e-01 5.4640620e-04],"[1.2575509e-07 5.4101220e-06 7.0838159e-04 1.4768161e-01 7.8052342e-01
 7.0433974e-02 6.4210600e-04 4.9524565e-06 6.2454333e-08]"
D:\Uni\Ulm\Master\Hiwi-Forschung-und-Lehre\Fairface\detected_faces\794942_face0.jpg,Middle Eastern,Indian,Male,30-39,"[3.4553397e-02 2.1669194e-02 2.1539629e-01 2.5926453e-05 1.5457554e-04
 8.6868338e-02 6.4133233e-01]",[0.2591813  0.3436092  0.00142979 0.3957797 ],[9.9994689e-01 5.3118645e-05],"[7.1203376e-06 6.5807406e-05 3.8159627e-03 4.7387058e-01 4.8834759e-01
 3.3162385e-02 7.1184791e-04 1.8338520e-05 3.3453304e-07]"
D:\Uni\Ulm\Master\Hiwi-Forschung-und-Lehre\Fairface\detected_faces\794943_face0.jpg,White,White,Male,20-29,"[5.0470215e-01 3.9393228e-04 6.5187342e-02 1.4383721e-04 3.1640648e-04
 4.0530586e-03 4.2520326e-01]",[0.9101938  0.01571679 0.01756621 0.05652322],[9.9999779e-01 2.2417826e-06],"[5.1055258e-07 2.4267611e-04 5.7785839e-02 8.2277501e-01 1.1457590e-01
 4.5863427e-03 3.3000928e-05 7.4237784e-07 1.2533788e-08]"
D:\Uni\Ulm\Master\Hiwi-Forschung-und-Lehre\Fairface\detected_faces\794946_face0.jpg,Latino_Hispanic,White,Male,10-19,"[1.9440360e-01 2.4159100e-02 7.2142732e-01 6.8796529e-05 7.1110250e-04
 1.8368321e-03 5.7393271e-02]",[0.77544856 0.1505968  0.01114563 0.06280903],[9.9999666e-01 3.3920821e-06],"[2.9870995e-07 1.3782670e-03 4.9562779e-01 4.9274063e-01 1.0046455e-02
 2.0501080e-04 1.5229283e-06 3.0418299e-08 6.4576899e-10]"
D:\Uni\Ulm\Master\Hiwi-Forschung-und-Lehre\Fairface\detected_faces\794948_face0.jpg,White,White,Male,20-29,"[8.5521501e-01 4.6810851e-04 3.6274604e-02 3.1985372e-05 9.7892931e-05
 6.4168824e-04 1.0727071e-01]",[9.7092372e-01 1.2387525e-02 6.4893503e-04 1.6039800e-02],[9.999796e-01 2.034284e-05],"[4.1315747e-07 3.8814742e-05 8.5835317e-03 8.3255029e-01 1.5685622e-01
 1.9649107e-03 5.7049997e-06 7.9502620e-08 1.5646985e-09]"
D:\Uni\Ulm\Master\Hiwi-Forschung-und-Lehre\Fairface\detected_faces\794949_face0.jpg,White,White,Male,30-39,"[7.9160428e-01 1.3632739e-04 2.0446356e-02 5.9439777e-04 4.6310353e-04
 1.0637325e-04 1.8664919e-01]",[9.99689400e-01 1.84830260e-05 2.78494350e-04 1.35104265e-05],[9.9999994e-01 5.4322314e-08],"[1.1078843e-05 1.8072240e-04 2.5757540e-03 3.6159751e-01 6.0822731e-01
 2.7246159e-02 1.5843210e-04 2.9931036e-06 3.6294320e-08]"
D:\Uni\Ulm\Master\Hiwi-Forschung-und-Lehre\Fairface\detected_faces\794950_face0.jpg,White,White,Male,30-39,"[9.8829907e-01 1.4484117e-03 2.7197564e-03 4.0687419e-06 1.6224971e-05
 1.0850274e-05 7.5016888e-03]",[9.9177927e-01 7.8276750e-03 3.2916357e-04 6.3921347e-05],[9.9999994e-01 1.0404735e-07],"[4.6930330e-07 1.1441829e-05 7.6090300e-04 3.1996062e-01 6.4383590e-01
 3.5049479e-02 3.7285648e-04 8.2060342e-06 1.3197261e-07]"
D:\Uni\Ulm\Master\Hiwi-Forschung-und-Lehre\Fairface\detected_faces\794951_face0.jpg,White,White,Male,20-29,"[7.51788080e-01 6.36204568e-05 1.93895269e-02 3.14736244e-05
 6.49636931e-05 1.18038944e-04 2.28544325e-01]",[9.9715579e-01 1.5790006e-03 2.1187293e-04 1.0533097e-03],[9.9999279e-01 7.1562004e-06],"[2.9413968e-08 7.3733313e-06 1.3527651e-02 9.1800725e-01 6.8100177e-02
 3.5654486e-04 9.5567577e-07 1.1111218e-08 1.8402756e-10]"
D:\Uni\Ulm\Master\Hiwi-Forschung-und-Lehre\Fairface\detected_faces\794952_face0.jpg,Middle Eastern,White,Male,20-29,"[1.9876182e-01 2.9986224e-04 1.2827969e-01 3.0966219e-04 5.7083764e-04
 3.3347190e-03 6.6844338e-01]",[0.9176051  0.02343296 0.00716235 0.05179958],[9.9998569e-01 1.4313591e-05],"[2.35380276e-06 1.21067955e-04 1.68562923e-02 8.34327340e-01
 1.46317542e-01 2.36678682e-03 8.45482464e-06 1.52308658e-07
 2.35721265e-09]"
D:\Uni\Ulm\Master\Hiwi-Forschung-und-Lehre\Fairface\detected_faces\794953_face0.jpg,Black,Black,Male,30-39,"[7.9819898e-07 9.9995410e-01 3.8683167e-05 2.1777574e-07 3.4169029e-06
 2.0564410e-06 6.3792186e-07]",[1.5694521e-05 9.9953449e-01 4.1558308e-04 3.4176610e-05],[9.9999887e-01 1.1259565e-06],"[1.3282546e-07 5.9511962e-07 2.3083884e-04 2.2989470e-01 6.4454877e-01
 1.2314063e-01 2.1678568e-03 1.5737573e-05 7.6032643e-07]"
D:\Uni\Ulm\Master\Hiwi-Forschung-und-Lehre\Fairface\detected_faces\794962_face0.jpg,White,White,Male,30-39,"[8.2947481e-01 5.7516034e-05 1.3265829e-01 9.5342018e-04 7.6752092e-04
 4.3728441e-04 3.5651155e-02]",[9.9582887e-01 4.5616762e-04 2.4227321e-03 1.2922192e-03],[9.9999046e-01 9.5040341e-06],"[4.5907523e-06 1.0374522e-04 1.4448774e-02 3.8417935e-01 5.5437458e-01
 4.6152614e-02 7.2647945e-04 9.7562497e-06 7.2730970e-08]"
D:\Uni\Ulm\Master\Hiwi-Forschung-und-Lehre\Fairface\detected_faces\794967_face0.jpg,Middle Eastern,White,Male,20-29,"[3.30868632e-01 2.44112409e-04 1.02264024e-01 8.69019204e-05
 3.63022584e-04 3.71879176e-03 5.62454462e-01]",[0.9084462  0.00260871 0.00121144 0.08773369],[9.9999964e-01 4.2353145e-07],"[2.3530859e-08 8.5213709e-05 2.4057443e-01 7.5329041e-01 6.0207592e-03
 2.9054707e-05 5.0242466e-08 1.0988750e-09 1.4437992e-11]"
D:\Uni\Ulm\Master\Hiwi-Forschung-und-Lehre\Fairface\detected_faces\794979_face0.jpg,Middle Eastern,White,Male,20-29,"[3.5038661e-02 6.8224040e-03 1.4531928e-01 6.3702646e-05 4.1931472e-04
 1.6647410e-03 8.1067193e-01]",[0.6091984  0.2707544  0.04235464 0.07769258],[9.9999386e-01 6.1018045e-06],"[7.5296761e-08 1.4179533e-05 1.2169943e-02 8.7866545e-01 1.0834653e-01
 8.0201309e-04 1.8617609e-06 4.7990611e-08 9.0358443e-10]"
D:\Uni\Ulm\Master\Hiwi-Forschung-und-Lehre\Fairface\detected_faces\794995_face0.jpg,White,White,Male,30-39,"[8.4260172e-01 9.0300862e-05 2.7961282e-03 7.0083038e-06 4.1965261e-05
 1.9187716e-04 1.5427102e-01]",[9.9842811e-01 8.0169464e-04 2.2501932e-04 5.4514228e-04],[9.9999994e-01 6.9649609e-08],"[1.2867631e-06 2.4840801e-05 1.4474748e-03 3.9726201e-01 5.5995733e-01
 4.0720552e-02 5.7723012e-04 8.9990672e-06 2.0097994e-07]"
D:\Uni\Ulm\Master\Hiwi-Forschung-und-Lehre\Fairface\detected_faces\795000_face0.jpg,White,White,Male,20-29,"[8.1703705e-01 6.5901130e-04 9.4973758e-02 1.6699037e-04 6.8343978e-04
 1.7280591e-04 8.6307064e-02]",[9.9348879e-01 1.2443236e-03 5.0467155e-03 2.2016960e-04],[9.9999774e-01 2.2533370e-06],"[1.8595506e-07 9.0956055e-06 3.7373011e-03 5.8640254e-01 3.9551142e-01
 1.4231274e-02 1.0640664e-04 1.7736318e-06 1.8651976e-08]"
D:\Uni\Ulm\Master\Hiwi-Forschung-und-Lehre\Fairface\detected_faces\795001_face0.jpg,White,White,Male,20-29,"[5.9986269e-01 5.0938228e-04 8.1369691e-02 1.3793512e-03 1.5097789e-03
 8.0181204e-04 3.1456727e-01]",[0.961218   0.0073827  0.02301302 0.00838629],[9.9999893e-01 1.1221397e-06],"[1.2567288e-07 3.1667583e-05 2.9907880e-02 9.0906024e-01 6.0583021e-02
 4.1579694e-04 1.2733503e-06 2.7837444e-08 4.4513299e-10]"
D:\Uni\Ulm\Master\Hiwi-Forschung-und-Lehre\Fairface\detected_faces\795002_face0.jpg,White,White,Male,20-29,"[9.88949955e-01 3.75980562e-05 6.04365894e-04 1.88572194e-05
 3.71244787e-05 1.41855935e-06 1.03507135e-02]",[9.99845088e-01 1.18868695e-04 3.33856260e-05 2.58335172e-06],[9.9912524e-01 8.7472337e-04],"[1.6706989e-07 2.8739389e-05 4.7272660e-02 8.7485707e-01 7.6181762e-02
 1.6494986e-03 9.9222016e-06 1.5033443e-07 4.8914712e-09]"
D:\Uni\Ulm\Master\Hiwi-Forschung-und-Lehre\Fairface\detected_faces\795004_face0.jpg,White,White,Male,20-29,"[9.8524219e-01 9.7297179e-06 3.0790977e-03 1.4848446e-06 1.1492370e-05
 2.7210177e-05 1.1628803e-02]",[9.9838120e-01 9.4225327e-04 2.2537494e-04 4.5114540e-04],[9.999998e-01 1.707636e-07],"[8.9309191e-07 2.8582667e-03 4.5702982e-01 4.8874122e-01 4.8960898e-02
 2.3990571e-03 9.7595948e-06 8.9125528e-08 1.1949082e-09]"
D:\Uni\Ulm\Master\Hiwi-Forschung-und-Lehre\Fairface\detected_faces\795005_face0.jpg,White,White,Male,30-39,"[9.4756162e-01 9.2182956e-05 1.1105000e-02 6.6686980e-06 2.2822438e-05
 2.5372850e-04 4.0958047e-02]",[9.9860770e-01 1.2447996e-04 2.8275943e-04 9.8507735e-04],[9.9999976e-01 2.0216964e-07],"[1.2583953e-08 6.2863302e-07 2.6739377e-04 3.6437896e-01 6.1264801e-01
 2.2652840e-02 5.1801711e-05 3.1162952e-07 3.8906016e-09]"
D:\Uni\Ulm\Master\Hiwi-Forschung-und-Lehre\Fairface\detected_faces\795006_face0.jpg,White,White,Male,20-29,"[9.9703062e-01 6.5305494e-07 1.7918933e-04 8.5734748e-05 4.7399019e-05
 9.9036220e-07 2.6554619e-03]",[9.9508238e-01 7.4044824e-06 4.9039223e-03 6.2503509e-06],[9.999899e-01 1.009237e-05],"[4.4530007e-06 2.7954849e-04 3.2173194e-02 7.1478057e-01 2.4551699e-01
 7.2152424e-03 2.9614652e-05 4.2566205e-07 1.3480801e-08]"
D:\Uni\Ulm\Master\Hiwi-Forschung-und-Lehre\Fairface\detected_faces\795024_face0.jpg,Middle Eastern,White,Male,20-29,"[2.9883148e-02 3.9380216e-03 1.5822248e-01 1.2530551e-05 1.4706055e-04
 2.2732441e-03 8.0552346e-01]",[0.47781056 0.47177708 0.00610503 0.04430728],[9.9999976e-01 2.2220189e-07],"[1.8075050e-07 1.9357876e-05 8.2799057e-03 7.3040098e-01 2.5714517e-01
 4.1432790e-03 1.0963748e-05 1.5928572e-07 1.4892880e-09]"
D:\Uni\Ulm\Master\Hiwi-Forschung-und-Lehre\Fairface\detected_faces\795044_face0.jpg,Middle Eastern,White,Male,30-39,"[4.6257052e-01 2.9779856e-06 1.3891063e-03 2.7448968e-05 2.6811118e-05
 2.5713988e-04 5.3572601e-01]",[9.9930376e-01 3.6389888e-06 5.6608341e-04 1.2651530e-04],[9.9998862e-01 1.1376778e-05],"[4.2448698e-07 1.2647679e-05 8.6135074e-04 3.2967231e-01 6.5271324e-01
 1.6723882e-02 1.5972657e-05 8.0967801e-08 1.2919776e-09]"
D:\Uni\Ulm\Master\Hiwi-Forschung-und-Lehre\Fairface\detected_faces\795047_face0.jpg,White,White,Male,20-29,"[9.9689680e-01 7.5470625e-06 5.1346864e-04 3.0135009e-06 1.0348315e-05
 5.6834647e-06 2.5631641e-03]",[9.9991733e-01 2.3443126e-05 2.3373643e-05 3.5926580e-05],[9.99986053e-01 1.39370695e-05],"[1.0145213e-06 4.8186314e-05 2.6140106e-03 6.1484331e-01 3.7676167e-01
 5.7139597e-03 1.7608658e-05 2.5339003e-07 8.1191267e-09]"
D:\Uni\Ulm\Master\Hiwi-Forschung-und-Lehre\Fairface\detected_faces\795048_face0.jpg,White,White,Male,20-29,"[4.8338273e-01 9.6204346e-03 4.0294176e-01 3.6009635e-05 2.5915660e-04
 4.3312923e-04 1.0332672e-01]",[9.8612303e-01 1.3048989e-02 2.8373810e-04 5.4430548e-04],[9.999995e-01 4.948859e-07],"[7.0981301e-08 1.4674735e-05 3.0050624e-02 8.6854833e-01 1.0028449e-01
 1.0975723e-03 4.2073789e-06 6.7785308e-08 1.0037710e-09]"
D:\Uni\Ulm\Master\Hiwi-Forschung-und-Lehre\Fairface\detected_faces\795049_face0.jpg,Middle Eastern,White,Male,20-29,"[3.6468676e-01 8.1602595e-04 3.9316926e-02 8.9241712e-07 6.5039990e-06
 5.6389248e-04 5.9460908e-01]",[9.6045452e-01 2.2029221e-02 8.3422376e-05 1.7432898e-02],[9.999999e-01 9.743036e-08],"[7.0721726e-09 7.5932957e-07 1.4627941e-03 8.5150486e-01 1.4634334e-01
 6.8768061e-04 5.8243052e-07 6.1480558e-09 5.3576657e-11]"
D:\Uni\Ulm\Master\Hiwi-Forschung-und-Lehre\Fairface\detected_faces\795050_face0.jpg,White,White,Male,30-39,"[9.8325419e-01 7.1035024e-06 1.5368483e-03 7.0265410e-06 1.6085814e-05
 4.3701566e-05 1.5135142e-02]",[9.9827319e-01 6.5888227e-05 1.1810214e-04 1.5428232e-03],[9.9999946e-01 5.4058256e-07],"[2.1952528e-07 4.8555107e-06 1.0638544e-03 4.8236763e-01 4.9914384e-01
 1.7346436e-02 7.2365736e-05 7.6727952e-07 1.3135327e-08]"
D:\Uni\Ulm\Master\Hiwi-Forschung-und-Lehre\Fairface\detected_faces\795051_face0.jpg,White,White,Male,20-29,"[7.4695522e-01 1.9010260e-05 1.4195583e-02 8.1529970e-06 2.0945887e-05
 1.8519646e-04 2.3861583e-01]",[9.9938488e-01 2.2068353e-04 5.9443351e-05 3.3494856e-04],[9.999998e-01 2.341552e-07],"[1.3361293e-07 7.2513423e-05 7.1941391e-02 9.0342033e-01 2.4358697e-02
 2.0658522e-04 4.0780301e-07 4.3261208e-09 5.9569932e-11]"
D:\Uni\Ulm\Master\Hiwi-Forschung-und-Lehre\Fairface\detected_faces\795054_face0.jpg,Latino_Hispanic,White,Male,20-29,"[0.24190423 0.0047444  0.5492784  0.00199214 0.00341261 0.00391115
 0.19475701]",[0.7637282  0.2115869  0.01964743 0.00503736],[9.9999863e-01 1.3510578e-06],"[6.2566022e-07 3.6449678e-04 5.2722752e-02 8.7905282e-01 6.7422055e-02
 4.3570527e-04 1.3872476e-06 5.7442264e-08 9.5388009e-10]"
D:\Uni\Ulm\Master\Hiwi-Forschung-und-Lehre\Fairface\detected_faces\795056_face0.jpg,White,White,Male,20-29,"[6.8042266e-01 9.5070036e-06 1.6733964e-03 6.4123305e-06 1.9404633e-05
 4.7474270e-05 3.1782117e-01]",[9.9934036e-01 2.3798353e-05 7.1586641e-05 5.6427362e-04],[9.9999988e-01 1.0588722e-07],"[3.3818210e-08 2.9808260e-05 2.6929367e-02 8.7930232e-01 9.2157252e-02
 1.5780159e-03 3.1695931e-06 3.4047812e-08 3.2360598e-10]"
D:\Uni\Ulm\Master\Hiwi-Forschung-und-Lehre\Fairface\detected_faces\795058_face0.jpg,White,White,Male,20-29,"[9.9929279e-01 3.7720954e-05 3.4665482e-04 9.3846711e-07 1.9358968e-06
 1.7611479e-05 3.0235676e-04]",[9.7326428e-01 2.4848882e-02 7.8133337e-04 1.1055743e-03],[9.9981737e-01 1.8262249e-04],"[2.1014203e-07 9.8295350e-06 1.5338119e-03 5.9100914e-01 3.8665819e-01
 2.0097386e-02 6.7620975e-04 1.4268653e-05 8.5413581e-07]"
D:\Uni\Ulm\Master\Hiwi-Forschung-und-Lehre\Fairface\detected_faces\795059_face0.jpg,Latino_Hispanic,White,Male,10-19,"[1.8766376e-01 9.2103481e-03 7.5481844e-01 1.1489285e-04 4.3724329e-04
 7.9646538e-04 4.6958853e-02]",[0.7621318  0.21399663 0.00898436 0.01488715],[9.999247e-01 7.524186e-05],"[5.1930243e-07 1.8274643e-03 5.9969699e-01 3.8753286e-01 1.0734598e-02
 2.0646246e-04 1.0551199e-06 1.9789423e-08 4.1772522e-10]"
D:\Uni\Ulm\Master\Hiwi-Forschung-und-Lehre\Fairface\detected_faces\795060_face0.jpg,White,White,Male,30-39,"[9.4150496e-01 3.4241514e-06 2.0352651e-04 2.4629592e-06 5.5487803e-06
 6.3992838e-06 5.8273621e-02]",[9.9996871e-01 1.5145894e-05 5.1308002e-06 1.0980758e-05],[9.9986726e-01 1.3279750e-04],"[3.5358775e-07 9.0439080e-06 1.7910354e-03 4.7458512e-01 5.1546466e-01
 8.1297895e-03 1.9751677e-05 2.0370548e-07 8.8315328e-09]"
D:\Uni\Ulm\Master\Hiwi-Forschung-und-Lehre\Fairface\detected_faces\795064_face0.jpg,Black,Black,Male,20-29,"[4.2031691e-03 7.1079218e-01 2.6942950e-01 1.3429044e-04 3.9293682e-03
 1.0795821e-02 7.1554322e-04]",[7.9318957e-04 9.9412256e-01 3.4747785e-04 4.7367746e-03],[9.9999976e-01 2.3143241e-07],"[1.2867045e-07 2.6461744e-06 6.1447825e-03 6.0994685e-01 3.4384364e-01
 3.7504107e-02 2.5208076e-03 3.6314133e-05 7.0823643e-07]"
D:\Uni\Ulm\Master\Hiwi-Forschung-und-Lehre\Fairface\detected_faces\795065_face0.jpg,Black,Black,Male,20-29,"[4.1526755e-07 9.9993092e-01 2.2468090e-05 3.6592954e-07 9.3144745e-06
 3.6415400e-05 2.2064543e-07]",[1.2458493e-06 9.9959910e-01 2.5431480e-04 1.4533068e-04],[9.9999285e-01 7.1362974e-06],"[1.6201838e-08 1.4335217e-05 2.3783028e-02 8.2067329e-01 1.4946935e-01
 5.9816972e-03 7.7354169e-05 8.1994631e-07 3.6143032e-08]"
D:\Uni\Ulm\Master\Hiwi-Forschung-und-Lehre\Fairface\detected_faces\795128_face0.jpg,Black,Black,Male,30-39,"[2.5457407e-06 9.9981248e-01 1.4787364e-04 3.1951211e-07 5.0267763e-06
 2.8845961e-05 2.9395533e-06]",[4.3694149e-06 9.9996436e-01 6.1915484e-06 2.5131378e-05],[9.999435e-01 5.647504e-05],"[1.0399164e-06 1.2481621e-05 1.5956284e-03 2.5022617e-01 6.0711217e-01
 1.3554381e-01 5.4210834e-03 8.2597348e-05 5.0137687e-06]"
D:\Uni\Ulm\Master\Hiwi-Forschung-und-Lehre\Fairface\detected_faces\795145_face0.jpg,White,White,Male,20-29,"[8.8201070e-01 1.6532646e-04 8.8597566e-02 1.8573017e-03 1.2765848e-03
 1.3045386e-03 2.4787972e-02]",[0.9941019  0.00166716 0.00261419 0.00161671],[9.9996942e-01 3.0591516e-05],"[8.98293365e-06 1.83862794e-04 6.64930325e-03 5.89098394e-01
 3.91627550e-01 1.23253111e-02 1.04971965e-04 1.59046897e-06
 3.14019459e-08]"
D:\Uni\Ulm\Master\Hiwi-Forschung-und-Lehre\Fairface\detected_faces\795154_face0.jpg,White,White,Male,20-29,"[9.9767756e-01 7.5005742e-06 1.4400416e-03 5.6093810e-05 6.4174244e-05
 3.7751508e-06 7.5089629e-04]",[9.9979001e-01 4.4328302e-05 1.4864198e-04 1.7056900e-05],[9.9995613e-01 4.3879038e-05],"[6.4502159e-09 7.5978387e-06 7.2954565e-02 8.8741601e-01 3.9259471e-02
 3.6115528e-04 1.2098550e-06 1.1328991e-08 2.7179167e-10]"
D:\Uni\Ulm\Master\Hiwi-Forschung-und-Lehre\Fairface\detected_faces\795222_face0.jpg,White,White,Male,20-29,"[9.9999684e-01 5.3229442e-08 1.5229623e-06 2.0284772e-09 1.0131703e-08
 2.8475355e-08 1.5455898e-06]",[9.9913853e-01 8.3653844e-04 4.1925550e-06 2.0682974e-05],[9.999905e-01 9.475028e-06],"[8.3165681e-08 2.0320565e-05 1.1668539e-02 7.5125283e-01 2.2488083e-01
 1.2018458e-02 1.5789687e-04 1.0174473e-06 3.1533308e-08]"
D:\Uni\Ulm\Master\Hiwi-Forschung-und-Lehre\Fairface\detected_faces\795223_face0.jpg,Middle Eastern,White,Male,20-29,"[3.20671648e-02 3.53518844e-04 1.47376275e-02 1.98460002e-05
 8.15181120e-05 3.81944265e-04 9.52358365e-01]",[0.9776825  0.01682092 0.00102984 0.00446675],[9.999924e-01 7.584059e-06],"[5.3717022e-06 1.7680392e-04 1.2267004e-02 7.1549183e-01 2.6665854e-01
 5.3677009e-03 3.1196811e-05 1.5219498e-06 4.3568818e-08]"
D:\Uni\Ulm\Master\Hiwi-Forschung-und-Lehre\Fairface\detected_faces\795228_face0.jpg,Black,Black,Male,30-39,"[2.3398603e-07 9.9998999e-01 6.6489174e-06 2.9173735e-08 2.6757371e-07
 2.7244530e-06 8.0088029e-08]",[8.7481219e-08 9.9997580e-01 7.4807617e-06 1.6670107e-05],[9.9992877e-01 7.1248134e-05],"[1.0709800e-06 1.5495669e-05 8.8180439e-04 1.0801601e-01 3.9485854e-01
 3.7861091e-01 1.1188299e-01 5.3064884e-03 4.2671620e-04]"
D:\Uni\Ulm\Master\Hiwi-Forschung-und-Lehre\Fairface\detected_faces\795256_face0.jpg,White,White,Male,20-29,"[6.5268278e-01 7.0527405e-03 6.8559311e-02 6.4799940e-04 1.4496129e-03
 8.3766662e-04 2.6876989e-01]",[9.7837168e-01 1.7880894e-02 3.2148515e-03 5.3257780e-04],[9.9999547e-01 4.4841736e-06],"[1.3623034e-06 1.4901912e-04 4.1875198e-02 9.0801889e-01 4.9469523e-02
 4.8354955e-04 2.4186281e-06 6.5111678e-08 2.0286377e-09]"
D:\Uni\Ulm\Master\Hiwi-Forschung-und-Lehre\Fairface\detected_faces\795257_face0.jpg,White,White,Male,20-29,"[8.7720710e-01 2.0807373e-04 8.5003778e-02 8.6443149e-05 2.8887027e-04
 9.8742032e-04 3.6218360e-02]",[9.973916e-01 9.100148e-04 5.316646e-04 1.166690e-03],[9.9999982e-01 2.1475692e-07],"[2.0302173e-07 1.8656014e-05 2.2261972e-03 5.1351553e-01 4.7392151e-01
 1.0294571e-02 2.3161519e-05 1.6774366e-07 2.0310653e-09]"
D:\Uni\Ulm\Master\Hiwi-Forschung-und-Lehre\Fairface\detected_faces\795259_face0.jpg,Middle Eastern,Black,Male,20-29,"[2.7249104e-03 7.8099984e-04 1.4354591e-02 2.5173958e-05 1.8260861e-04
 3.4508365e-03 9.7848088e-01]",[0.2568547  0.62017864 0.01202601 0.1109406 ],[9.9997717e-01 2.2849941e-05],"[8.3199546e-07 3.1581381e-04 3.8765747e-02 9.0688264e-01 5.3425994e-02
 6.0719793e-04 1.7251073e-06 5.8741389e-08 1.4528487e-09]"
D:\Uni\Ulm\Master\Hiwi-Forschung-und-Lehre\Fairface\detected_faces\795260_face0.jpg,Black,Black,Male,20-29,"[4.7187413e-07 9.9998474e-01 7.5487833e-06 5.4198592e-09 9.6401777e-08
 5.8684718e-06 1.2650139e-06]",[2.8063118e-07 9.9998957e-01 2.3707030e-06 7.7518398e-06],[9.99999881e-01 1.14657524e-07],"[9.6236924e-08 1.1729416e-05 2.9381432e-03 5.0675923e-01 4.4496721e-01
 4.4743832e-02 5.7271635e-04 6.8140753e-06 2.5160375e-07]"
D:\Uni\Ulm\Master\Hiwi-Forschung-und-Lehre\Fairface\detected_faces\795268_face0.jpg,Latino_Hispanic,Black,Male,20-29,"[6.5660109e-03 1.2114627e-01 4.7099623e-01 4.6566642e-05 2.0790449e-03
 3.4848392e-01 5.0681990e-02]",[0.0346965  0.73809737 0.00288713 0.22431903],[9.9999994e-01 9.3440065e-08],"[3.1576926e-07 7.4490354e-06 2.1837475e-03 5.2252632e-01 4.6080455e-01
 1.4353126e-02 1.2304781e-04 1.4424916e-06 1.4047383e-08]"
D:\Uni\Ulm\Master\Hiwi-Forschung-und-Lehre\Fairface\detected_faces\795297_face0.jpg,Latino_Hispanic,White,Male,20-29,"[1.2360793e-01 2.3800200e-02 8.1690103e-01 9.1748683e-05 4.2710395e-04
 4.8386850e-03 3.0333223e-02]",[0.41534066 0.3849848  0.0057986  0.19387592],[1.00000000e+00 1.43743115e-08],"[3.1610682e-08 2.8018030e-06 4.6715685e-03 8.2462072e-01 1.6834563e-01
 2.3513038e-03 7.8186022e-06 1.0949826e-07 8.0666068e-10]"
D:\Uni\Ulm\Master\Hiwi-Forschung-und-Lehre\Fairface\detected_faces\795541_face0.jpg,White,White,Male,30-39,"[9.9124122e-01 4.5022475e-06 6.5392611e-04 7.0315687e-06 1.4577611e-05
 1.9804906e-05 8.0587873e-03]",[9.9950117e-01 3.8398852e-05 8.6132088e-05 3.7425067e-04],[9.99999940e-01 1.14250504e-07],"[8.7986507e-09 6.0933809e-07 2.0507221e-04 3.8499424e-01 6.0285693e-01
 1.1924044e-02 1.9050309e-05 5.5122840e-08 7.6098966e-10]"
D:\Uni\Ulm\Master\Hiwi-Forschung-und-Lehre\Fairface\detected_faces\795677_face0.jpg,Latino_Hispanic,Indian,Male,20-29,"[1.2636830e-01 1.0091770e-02 5.8447808e-01 3.6950651e-04 2.7162854e-03
 9.4171233e-02 1.8180482e-01]",[0.17614348 0.09033831 0.00579126 0.72772694],[9.9999815e-01 1.8309655e-06],"[1.99109380e-07 3.52981442e-06 1.03247655e-03 5.44864833e-01
 4.40429986e-01 1.36013385e-02 6.70603185e-05 6.20805793e-07
 8.06020761e-09]"
D:\Uni\Ulm\Master\Hiwi-Forschung-und-Lehre\Fairface\detected_faces\795696_face0.jpg,White,White,Male,10-19,"[9.99124467e-01 1.17710124e-06 1.95749992e-04 3.06359754e-04
 2.58405984e-04 1.26843850e-06 1.12559355e-04]",[9.9616921e-01 8.5898013e-05 3.7141396e-03 3.0822845e-05],[9.999945e-01 5.488343e-06],"[6.9000555e-07 1.2128978e-03 5.6946731e-01 3.5666394e-01 6.4112842e-02
 8.2670068e-03 2.7049088e-04 4.8075772e-06 6.7465798e-08]"
D:\Uni\Ulm\Master\Hiwi-Forschung-und-Lehre\Fairface\detected_faces\795713_face0.jpg,White,White,Male,30-39,"[9.9847233e-01 1.0916581e-04 4.3250236e-04 1.6255648e-06 2.6882897e-06
 4.1584462e-06 9.7751175e-04]",[9.9962044e-01 3.6241059e-04 9.9565921e-07 1.6203763e-05],[9.9998695e-01 1.3070294e-05],"[6.5695890e-06 5.3357464e-05 2.6035276e-03 4.6771967e-01 5.1106900e-01
 1.8170409e-02 3.6904687e-04 8.0320096e-06 3.7355909e-07]"
D:\Uni\Ulm\Master\Hiwi-Forschung-und-Lehre\Fairface\detected_faces\795721_face0.jpg,White,White,Male,10-19,"[9.9790555e-01 1.5378412e-06 9.9145912e-04 6.8356800e-05 9.1739610e-05
 8.8706311e-06 9.3243050e-04]",[9.9972039e-01 3.9097918e-05 2.1751737e-04 2.2966928e-05],[1.0000000e+00 4.3608663e-09],"[3.9156315e-05 9.4474806e-03 4.1886568e-01 3.2265350e-01 1.9809560e-01
 4.9750648e-02 1.1356755e-03 1.2199335e-05 9.4936610e-08]"
D:\Uni\Ulm\Master\Hiwi-Forschung-und-Lehre\Fairface\detected_faces\795726_face0.jpg,Middle Eastern,White,Male,20-29,"[1.2216478e-01 2.5767559e-04 7.4132882e-02 6.8797432e-05 1.8522567e-04
 1.6860771e-03 8.0150461e-01]",[0.9781593  0.00431394 0.0043464  0.01318036],[9.9999958e-01 3.7683603e-07],"[5.1910274e-07 3.4162804e-05 8.4901880e-03 5.7524318e-01 3.8797265e-01
 2.7839754e-02 4.1099658e-04 8.4427083e-06 8.8555552e-08]"
D:\Uni\Ulm\Master\Hiwi-Forschung-und-Lehre\Fairface\detected_faces\795727_face0.jpg,Latino_Hispanic,Black,Male,20-29,"[9.0948856e-03 8.6851925e-02 7.8078848e-01 1.2759434e-04 4.7371993e-03
 7.7827595e-02 4.0572260e-02]",[0.00856066 0.5652059  0.002955   0.42327845],[9.999991e-01 8.790164e-07],"[2.2891194e-07 1.6725944e-04 7.8102522e-02 8.6755979e-01 5.3108811e-02
 1.0540936e-03 7.1655195e-06 1.1997473e-07 1.4635504e-09]"
D:\Uni\Ulm\Master\Hiwi-Forschung-und-Lehre\Fairface\detected_faces\795761_face0.jpg,White,White,Male,20-29,"[9.9984163e-01 6.3245025e-06 6.0518996e-05 3.0962537e-06 9.0938829e-06
 2.2353724e-06 7.7070756e-05]",[9.9970526e-01 1.0415409e-04 1.0238484e-04 8.8230554e-05],[9.9998528e-01 1.4724707e-05],"[3.5457106e-06 4.4575441e-04 5.4323830e-02 7.1791387e-01 2.1626137e-01
 1.0802276e-02 2.4545050e-04 3.7467855e-06 1.7845940e-07]"
D:\Uni\Ulm\Master\Hiwi-Forschung-und-Lehre\Fairface\detected_faces\795763_face0.jpg,White,White,Male,20-29,"[9.8748624e-01 1.8796484e-06 1.5541957e-03 6.5310905e-06 1.4115280e-05
 1.4985242e-04 1.0787235e-02]",[9.9534261e-01 6.2750369e-05 1.2026099e-05 4.5826058e-03],[9.999991e-01 9.422595e-07],"[2.9152179e-08 2.4603580e-06 1.3406527e-03 6.2553781e-01 3.6404926e-01
 9.0461001e-03 2.3526984e-05 8.7360711e-08 1.8734552e-09]"
D:\Uni\Ulm\Master\Hiwi-Forschung-und-Lehre\Fairface\detected_faces\795794_face0.jpg,Middle Eastern,White,Male,30-39,"[2.2652458e-01 7.5059957e-05 1.7067898e-02 1.9086272e-05 6.9101065e-05
 5.8129075e-04 7.5566298e-01]",[9.9348563e-01 5.6008867e-04 1.1998172e-03 4.7544795e-03],[9.999974e-01 2.654012e-06],"[5.7127545e-07 4.1630574e-06 7.1247981e-04 3.0091256e-01 6.3470191e-01
 6.2919714e-02 7.3781138e-04 1.0616747e-05 1.5320970e-07]"
D:\Uni\Ulm\Master\Hiwi-Forschung-und-Lehre\Fairface\detected_faces\795811_face0.jpg,White,White,Male,20-29,"[9.4989270e-01 8.6561522e-05 4.0718298e-03 3.4692155e-05 7.6527489e-05
 2.6179969e-05 4.5811586e-02]",[9.9969006e-01 1.5875667e-04 1.2521155e-04 2.6037995e-05],[9.9999976e-01 2.0283176e-07],"[8.2600163e-06 1.6245748e-03 4.3518499e-02 7.9540080e-01 1.5738828e-01
 2.0529286e-03 6.5307127e-06 1.2795162e-07 5.0141304e-09]"
D:\Uni\Ulm\Master\Hiwi-Forschung-und-Lehre\Fairface\detected_faces\795828_face0.jpg,White,White,Male,20-29,"[8.8250351e-01 7.5714855e-04 4.0020991e-02 1.1218234e-04 7.1342697e-04
 1.0162266e-03 7.4876465e-02]",[9.9616063e-01 2.5289801e-03 6.2905118e-04 6.8134436e-04],[1.000000e+00 2.127991e-08],"[1.2037193e-06 5.5159727e-04 1.2661850e-01 7.0397907e-01 1.5686128e-01
 1.1838646e-02 1.4674886e-04 2.8613192e-06 4.5486409e-08]"
D:\Uni\Ulm\Master\Hiwi-Forschung-und-Lehre\Fairface\detected_faces\795861_face0.jpg,White,White,Male,20-29,"[9.6614176e-01 1.8388921e-05 9.2241466e-03 4.7476638e-05 8.4129300e-05
 3.8174494e-05 2.4446070e-02]",[9.9918574e-01 1.1196452e-04 4.2621192e-04 2.7612530e-04],[9.9999970e-01 3.2040415e-07],"[7.9725702e-08 2.1963266e-05 3.4753021e-02 8.2971829e-01 1.3250458e-01
 2.9804793e-03 2.1496298e-05 1.3742209e-07 1.2301601e-09]"
D:\Uni\Ulm\Master\Hiwi-Forschung-und-Lehre\Fairface\detected_faces\795926_face0.jpg,White,White,Male,20-29,"[9.8529345e-01 1.6684276e-05 4.0916310e-04 8.1811577e-06 1.4287033e-05
 1.1413955e-06 1.4257134e-02]",[9.9975544e-01 1.7801760e-04 6.5281602e-05 1.2452909e-06],[1.0000000e+00 1.5068933e-08],"[3.1580510e-07 2.0058586e-04 3.9536767e-02 8.5062236e-01 1.0847975e-01
 1.1572384e-03 2.9962055e-06 3.5641214e-08 6.4159017e-10]"
D:\Uni\Ulm\Master\Hiwi-Forschung-und-Lehre\Fairface\detected_faces\795972_face0.jpg,Black,Black,Male,30-39,"[2.1268677e-02 3.9917397e-01 2.4838607e-01 4.3078988e-05 5.1740475e-04
 1.0284842e-01 2.2776243e-01]",[4.6463679e-03 9.7695512e-01 2.6737407e-04 1.8131156e-02],[9.9999982e-01 1.8474485e-07],"[7.5579044e-07 9.5580726e-06 3.9927481e-04 9.3230128e-02 7.4932951e-01
 1.5556280e-01 1.4605717e-03 7.2908756e-06 7.8015326e-08]"
D:\Uni\Ulm\Master\Hiwi-Forschung-und-Lehre\Fairface\detected_faces\796024_face0.jpg,Black,Black,Male,20-29,"[3.0904746e-07 9.9999231e-01 5.7512211e-06 2.4245916e-09 6.4539556e-08
 1.2817503e-06 2.1130690e-07]",[1.2280714e-06 9.9999601e-01 1.1537755e-06 1.6872682e-06],[9.9999911e-01 8.8189813e-07],"[3.0362014e-07 6.8738707e-05 4.0109642e-02 7.7973986e-01 1.7026101e-01
 9.7267283e-03 9.2914364e-05 8.5581581e-07 3.7738399e-08]"
D:\Uni\Ulm\Master\Hiwi-Forschung-und-Lehre\Fairface\detected_faces\796027_face0.jpg,Middle Eastern,White,Male,30-39,"[1.8521349e-01 3.6321903e-04 6.0405295e-02 8.9420988e-05 1.9516969e-04
 1.8328408e-03 7.5190055e-01]",[9.9733329e-01 7.9788477e-04 8.1520126e-04 1.0536823e-03],[9.9997383e-01 2.6173873e-05],"[9.6237454e-06 8.2135673e-05 2.8244127e-03 3.1902176e-01 6.2210810e-01
 5.5509087e-02 4.3301942e-04 1.1783238e-05 1.4600990e-07]"
D:\Uni\Ulm\Master\Hiwi-Forschung-und-Lehre\Fairface\detected_faces\796032_face0.jpg,White,White,Male,20-29,"[6.9810182e-01 2.7543269e-03 1.8030605e-01 9.1249167e-05 3.7122582e-04
 2.3492470e-03 1.1602611e-01]",[0.94001466 0.04583418 0.0048869  0.00926425],[9.9999398e-01 5.9807758e-06],"[1.6107716e-06 5.3099659e-05 5.3143771e-03 7.1400446e-01 2.7405196e-01
 6.5304944e-03 4.3046755e-05 9.3536261e-07 1.3947168e-08]"
D:\Uni\Ulm\Master\Hiwi-Forschung-und-Lehre\Fairface\detected_faces\796043_face0.jpg,White,White,Male,20-29,"[8.7716901e-01 3.1412303e-04 4.1525647e-02 1.6582528e-05 5.6846395e-05
 2.8345076e-04 8.0634341e-02]",[9.9312568e-01 4.9644480e-03 2.2362039e-04 1.6862183e-03],[9.999978e-01 2.194105e-06],"[1.6854568e-07 3.2675245e-05 3.2231718e-02 9.2602253e-01 4.1376416e-02
 3.3513003e-04 1.4107898e-06 2.2480004e-08 2.9154443e-10]"
D:\Uni\Ulm\Master\Hiwi-Forschung-und-Lehre\Fairface\detected_faces\796047_face0.jpg,Middle Eastern,White,Male,30-39,"[2.1719690e-02 1.2962594e-04 3.3650734e-02 1.1011421e-04 3.3674814e-04
 1.4770134e-02 9.2928296e-01]",[0.83866334 0.00146585 0.00672432 0.15314643],[9.999718e-01 2.819119e-05],"[8.6411141e-04 4.6709189e-03 7.6096198e-03 1.8280749e-01 5.9163398e-01
 2.0534109e-01 6.9182860e-03 1.5170379e-04 2.8582012e-06]"
D:\Uni\Ulm\Master\Hiwi-Forschung-und-Lehre\Fairface\detected_faces\796059_face0.jpg,Black,Black,Male,20-29,"[2.5329098e-07 9.9999398e-01 3.7066595e-06 2.1196689e-08 5.8784275e-07
 1.2225431e-06 1.8252851e-07]",[7.2896506e-07 9.9999291e-01 1.7426568e-06 4.6058926e-06],[9.9999994e-01 4.9382230e-08],"[7.9229096e-08 2.3795823e-05 7.6858690e-03 7.6341546e-01 2.2135973e-01
 7.4791303e-03 3.5640027e-05 3.4059298e-07 2.2697764e-08]"
D:\Uni\Ulm\Master\Hiwi-Forschung-und-Lehre\Fairface\detected_faces\796067_face0.jpg,Latino_Hispanic,White,Male,20-29,"[1.7748687e-01 1.1466012e-03 4.4114318e-01 3.6424541e-04 1.3024244e-03
 1.3825770e-02 3.6473095e-01]",[0.8098642  0.0109238  0.0183728  0.16083919],[9.9999940e-01 5.6354685e-07],"[6.7134994e-07 5.5437136e-05 3.6348698e-03 6.9466013e-01 2.9494801e-01
 6.6861878e-03 1.4389052e-05 2.8486099e-07 2.9043719e-09]"
D:\Uni\Ulm\Master\Hiwi-Forschung-und-Lehre\Fairface\detected_faces\796085_face0.jpg,Black,Black,Male,30-39,"[4.4231041e-07 9.9999201e-01 1.8330517e-06 7.2774329e-09 5.3076796e-08
 5.6227768e-06 4.8872344e-08]",[1.1362022e-07 9.9999380e-01 1.8842165e-06 4.1935846e-06],[9.9988651e-01 1.1348409e-04],"[3.3184655e-08 1.5308160e-06 2.4428212e-03 3.9015463e-01 4.9226457e-01
 1.1025103e-01 4.8434022e-03 4.0554831e-05 1.3636866e-06]"
D:\Uni\Ulm\Master\Hiwi-Forschung-und-Lehre\Fairface\detected_faces\796086_face0.jpg,Black,Black,Male,30-39,"[1.8817808e-07 9.9998975e-01 3.0178030e-06 2.7895792e-09 3.1343017e-08
 6.8770569e-06 2.0395242e-07]",[9.8719420e-07 9.9997056e-01 1.7252867e-06 2.6771011e-05],[9.9997628e-01 2.3699817e-05],"[1.1432369e-08 9.1910834e-07 2.2483864e-03 4.2367649e-01 5.1538688e-01
 5.7932712e-02 7.5030414e-04 4.2717588e-06 9.4314544e-08]"
D:\Uni\Ulm\Master\Hiwi-Forschung-und-Lehre\Fairface\detected_faces\796088_face0.jpg,Black,Black,Male,30-39,"[1.0305575e-06 9.9995756e-01 3.0653657e-05 9.6058637e-09 1.3310485e-07
 9.4910474e-06 1.0953269e-06]",[1.2980278e-06 9.9999058e-01 2.3196455e-06 5.7657262e-06],[9.9999946e-01 5.5023497e-07],"[3.2969297e-08 4.1606188e-07 1.3735467e-04 1.7005375e-01 6.1559397e-01
 2.0846015e-01 5.7225199e-03 3.1155330e-05 6.9938494e-07]"
D:\Uni\Ulm\Master\Hiwi-Forschung-und-Lehre\Fairface\detected_faces\796095_face0.jpg,Black,Black,Male,30-39,"[4.2051229e-06 9.9994391e-01 4.4094933e-05 1.3022902e-08 6.2833095e-08
 3.1718880e-06 4.5582328e-06]",[2.8581549e-06 9.9998188e-01 1.6440395e-06 1.3644204e-05],[9.9999785e-01 2.1422629e-06],"[1.18419950e-06 3.42339554e-05 1.52182893e-03 1.01073995e-01
 4.44992870e-01 4.20546263e-01 3.12085506e-02 6.01061387e-04
 2.00356171e-05]"
D:\Uni\Ulm\Master\Hiwi-Forschung-und-Lehre\Fairface\detected_faces\796114_face0.jpg,Middle Eastern,White,Male,30-39,"[1.7323849e-01 7.7651540e-04 7.0257612e-02 1.0047842e-05 6.5780296e-05
 1.2874042e-02 7.4277753e-01]",[9.7362417e-01 4.1265283e-03 1.7462930e-04 2.2074688e-02],[9.9999970e-01 3.1061876e-07],"[4.7130308e-07 3.2027587e-05 6.1324215e-04 2.0011133e-01 7.3246056e-01
 6.6548847e-02 2.3209263e-04 1.4326409e-06 1.3837025e-08]"
D:\Uni\Ulm\Master\Hiwi-Forschung-und-Lehre\Fairface\detected_faces\796139_face0.jpg,Middle Eastern,White,Male,20-29,"[3.0124804e-02 3.5184153e-04 6.2675335e-02 1.8751854e-04 4.9793749e-04
 3.6839866e-03 9.0247858e-01]",[0.6442724  0.27725694 0.02175189 0.05671892],[9.9996513e-01 3.4876692e-05],"[3.6196838e-07 3.2046122e-05 6.2874509e-03 8.2893693e-01 1.6377826e-01
 9.6320937e-04 1.6932548e-06 3.7242085e-08 7.4589829e-10]"
D:\Uni\Ulm\Master\Hiwi-Forschung-und-Lehre\Fairface\detected_faces\796143_face0.jpg,White,White,Male,20-29,"[7.4116051e-01 1.0176591e-02 6.7488156e-02 1.8105993e-05 2.2018181e-04
 1.0432537e-03 1.7989327e-01]",[9.8682636e-01 8.6368974e-03 2.9682502e-04 4.2399177e-03],[9.9999964e-01 3.6136069e-07],"[2.9691712e-08 8.7120152e-06 5.7317917e-03 7.7284408e-01 2.1848558e-01
 2.9154257e-03 1.4075099e-05 3.2070506e-07 3.4095988e-09]"
D:\Uni\Ulm\Master\Hiwi-Forschung-und-Lehre\Fairface\detected_faces\796144_face0.jpg,Black,Black,Male,30-39,"[4.0677493e-03 7.4764335e-01 1.8125105e-01 2.6250204e-05 6.9139042e-04
 1.1930188e-02 5.4390006e-02]",[8.7064377e-04 9.9103439e-01 1.0343423e-03 7.0605553e-03],[9.9999559e-01 4.3889704e-06],"[4.4881708e-07 5.1817428e-06 1.3363604e-03 3.7328684e-01 5.9360760e-01
 3.1531598e-02 2.2889057e-04 2.9679020e-06 6.0699612e-08]"
D:\Uni\Ulm\Master\Hiwi-Forschung-und-Lehre\Fairface\detected_faces\796175_face0.jpg,Latino_Hispanic,White,Male,20-29,"[2.6090419e-01 1.7480559e-03 3.7355736e-01 1.6507170e-04 9.6153060e-04
 6.5698163e-03 3.5609397e-01]",[0.8545815  0.00312937 0.09181133 0.05047778],[9.9999881e-01 1.2147417e-06],"[3.8836529e-07 1.8781211e-05 4.0771263e-03 6.3708717e-01 3.5047099e-01
 8.3007626e-03 4.4126547e-05 6.3400319e-07 6.7666517e-09]"
D:\Uni\Ulm\Master\Hiwi-Forschung-und-Lehre\Fairface\detected_faces\796206_face0.jpg,White,White,Male,30-39,"[9.2786425e-01 3.5729251e-04 1.4177921e-02 4.7801814e-06 2.8650173e-05
 2.6036052e-03 5.4963458e-02]",[9.8459202e-01 1.3945164e-03 9.6334319e-05 1.3917125e-02],[9.9999988e-01 1.5780469e-07],"[4.9606497e-09 4.9635577e-08 1.5570375e-04 2.7193898e-01 6.7873251e-01
 4.8261702e-02 9.0666435e-04 4.2952474e-06 5.6217075e-08]"
D:\Uni\Ulm\Master\Hiwi-Forschung-und-Lehre\Fairface\detected_faces\796266_face0.jpg,White,White,Male,20-29,"[7.68981993e-01 1.91638817e-03 9.62026715e-02 3.64599182e-05
 1.16758114e-04 5.46593626e-04 1.32199109e-01]",[9.7735226e-01 1.8591233e-02 2.9266652e-04 3.7638082e-03],[9.9999899e-01 1.0106644e-06],"[8.1268148e-08 1.7983471e-05 2.0383544e-02 9.5820379e-01 2.1322312e-02
 7.2226212e-05 1.2930052e-07 2.9922367e-09 6.3070889e-11]"
D:\Uni\Ulm\Master\Hiwi-Forschung-und-Lehre\Fairface\detected_faces\796320_face0.jpg,Black,Black,Male,30-39,"[9.88421078e-08 9.99987125e-01 5.07779214e-06 1.04248841e-08
 4.64126600e-07 7.12268775e-06 1.09155636e-07]",[6.1531847e-07 9.9999160e-01 2.5290437e-06 5.1381708e-06],[9.9999970e-01 3.0975758e-07],"[2.2889105e-07 1.6874350e-06 8.3613541e-04 1.9867469e-01 6.2234426e-01
 1.7290609e-01 5.1594139e-03 7.5124241e-05 2.3703242e-06]"
D:\Uni\Ulm\Master\Hiwi-Forschung-und-Lehre\Fairface\detected_faces\796324_face0.jpg,Black,Black,Male,20-29,"[9.0104686e-07 9.9921948e-01 4.1119180e-05 3.1431703e-06 7.5639779e-05
 6.5844029e-04 1.2832998e-06]",[4.0623618e-05 9.9735665e-01 1.0741211e-03 1.5285455e-03],[9.9906772e-01 9.3228143e-04],"[2.0068983e-04 1.4310349e-02 1.0598854e-01 5.5498821e-01 3.0009720e-01
 2.4110621e-02 2.9428359e-04 9.2939517e-06 8.9501663e-07]"
D:\Uni\Ulm\Master\Hiwi-Forschung-und-Lehre\Fairface\detected_faces\796326_face0.jpg,Black,Black,Male,20-29,"[3.6707256e-04 9.7475481e-01 5.5873618e-03 1.3645254e-05 5.5721786e-04
 1.6723780e-02 1.9961121e-03]",[3.6897021e-04 9.9759406e-01 5.5504969e-04 1.4819033e-03],[9.9999988e-01 1.1987613e-07],"[1.2401651e-07 7.2448938e-06 3.8853846e-03 5.6310111e-01 3.8523111e-01
 4.5699831e-02 2.0184023e-03 5.5634329e-05 1.2006064e-06]"
D:\Uni\Ulm\Master\Hiwi-Forschung-und-Lehre\Fairface\detected_faces\796330_face0.jpg,Latino_Hispanic,Black,Male,20-29,"[4.5227587e-02 1.4658201e-01 7.0204872e-01 3.1106512e-05 9.1208634e-04
 1.7914336e-02 8.7284185e-02]",[0.04901331 0.71956265 0.00144012 0.2299838 ],[9.9999666e-01 3.3146378e-06],"[4.5041006e-08 5.7178157e-05 3.5696030e-01 6.1607403e-01 2.6585085e-02
 3.2051175e-04 2.6447929e-06 1.5917851e-07 2.2977427e-09]"
D:\Uni\Ulm\Master\Hiwi-Forschung-und-Lehre\Fairface\detected_faces\796358_face0.jpg,Black,Black,Male,40-49,"[3.6068561e-06 9.9988329e-01 2.9975472e-05 1.9283742e-07 2.9907919e-06
 7.4379313e-05 5.5272740e-06]",[5.1793086e-06 9.9949908e-01 1.3061898e-04 3.6514804e-04],[9.9999642e-01 3.5555267e-06],"[1.7986770e-06 2.8493976e-05 1.0859334e-03 9.0354539e-02 3.8861367e-01
 4.1751572e-01 9.7218409e-02 5.0016255e-03 1.7981882e-04]"
D:\Uni\Ulm\Master\Hiwi-Forschung-und-Lehre\Fairface\detected_faces\796443_face0.jpg,Middle Eastern,White,Male,30-39,"[9.7993419e-02 9.1306923e-04 6.8898804e-02 1.4484653e-04 4.1037024e-04
 5.1038661e-03 8.2653558e-01]",[0.92546666 0.0132899  0.00095627 0.0602872 ],[9.999953e-01 4.695379e-06],"[1.9467008e-05 1.6394991e-04 2.1671394e-03 3.0542022e-01 6.4281219e-01
 4.8761632e-02 6.4569007e-04 9.4470042e-06 1.9085329e-07]"
D:\Uni\Ulm\Master\Hiwi-Forschung-und-Lehre\Fairface\detected_faces\796444_face0.jpg,Middle Eastern,White,Male,20-29,"[2.2607113e-01 6.5785782e-05 5.1411312e-02 3.4594952e-05 1.1583830e-04
 1.9436700e-02 7.0286465e-01]",[8.90997589e-01 9.01011750e-04 5.66636911e-04 1.07534744e-01],[9.9999684e-01 3.1683305e-06],"[1.5764939e-06 7.1552669e-05 5.5404240e-03 6.2370193e-01 3.6071289e-01
 9.9287005e-03 4.2231091e-05 7.6204680e-07 1.0933767e-08]"
D:\Uni\Ulm\Master\Hiwi-Forschung-und-Lehre\Fairface\detected_faces\796445_face0.jpg,White,White,Male,30-39,"[6.6024190e-01 2.4390968e-03 1.3197534e-01 3.2408763e-05 1.1615775e-04
 3.0463259e-03 2.0214869e-01]",[9.6486050e-01 1.8579025e-02 3.0447822e-04 1.6256126e-02],[9.9999857e-01 1.4216571e-06],"[7.9448461e-07 1.7687393e-05 5.5248314e-04 3.5524794e-01 6.1564076e-01
 2.8408377e-02 1.3036036e-04 1.5740972e-06 1.8360705e-08]"
D:\Uni\Ulm\Master\Hiwi-Forschung-und-Lehre\Fairface\detected_faces\796455_face0.jpg,Black,Black,Male,20-29,"[1.5525229e-06 9.9999595e-01 1.5055881e-06 2.1426562e-10 4.0615498e-09
 7.9546976e-07 1.7954252e-07]",[4.1645310e-07 9.9999893e-01 3.5977443e-08 5.7573425e-07],[9.9999809e-01 1.8674725e-06],"[5.3780511e-08 1.8256180e-05 7.5661819e-03 6.9100720e-01 2.9175270e-01
 9.5287198e-03 1.2452163e-04 2.2908807e-06 6.8956304e-08]"
D:\Uni\Ulm\Master\Hiwi-Forschung-und-Lehre\Fairface\detected_faces\796507_face0.jpg,Black,Black,Male,30-39,"[4.5515443e-03 7.5988293e-01 1.6188566e-01 3.8358492e-05 4.6082883e-04
 5.0820902e-02 2.2359829e-02]",[0.01269101 0.9188491  0.00178015 0.0666797 ],[9.999984e-01 1.627998e-06],"[2.8799598e-06 8.8120287e-05 2.8267256e-03 3.5849679e-01 5.9145033e-01
 4.6840347e-02 2.9117285e-04 3.5147291e-06 6.8276734e-08]"
D:\Uni\Ulm\Master\Hiwi-Forschung-und-Lehre\Fairface\detected_faces\796512_face0.jpg,Black,Black,Male,20-29,"[4.7757686e-04 9.8930407e-01 9.5282933e-03 1.6831674e-06 2.9159435e-05
 4.1646633e-04 2.4285588e-04]",[1.2501457e-04 9.9958652e-01 3.7402886e-05 2.5098288e-04],[9.9999869e-01 1.2625039e-06],"[1.6882034e-07 4.3823397e-06 3.9318292e-03 7.0470065e-01 2.7792987e-01
 1.3224418e-02 2.0606682e-04 2.5044851e-06 8.7627861e-08]"
D:\Uni\Ulm\Master\Hiwi-Forschung-und-Lehre\Fairface\detected_faces\796570_face0.jpg,Middle Eastern,White,Male,10-19,"[3.3581313e-01 5.1828282e-04 4.4514269e-02 1.3224201e-03 5.9464453e-03
 8.2028593e-04 6.1106521e-01]",[0.9331792  0.00111596 0.06382573 0.00187912],[9.999993e-01 6.784790e-07],"[9.11141953e-08 5.16711560e-04 7.57428646e-01 2.34827116e-01
 7.02485908e-03 2.00624097e-04 1.86753289e-06 1.07102075e-07
 1.46550005e-09]"
D:\Uni\Ulm\Master\Hiwi-Forschung-und-Lehre\Fairface\detected_faces\796658_face0.jpg,White,White,Male,20-29,"[6.9339079e-01 4.6740126e-05 1.6666988e-02 2.8508168e-05 7.0944785e-05
 2.9843244e-05 2.8976619e-01]",[9.9851865e-01 1.2068215e-03 1.2411438e-04 1.5042067e-04],[9.9994916e-01 5.0800470e-05],"[6.9724173e-08 2.2126687e-05 3.2476965e-02 8.4654528e-01 1.1952335e-01
 1.4281622e-03 4.0349182e-06 3.0735521e-08 6.4520800e-10]"
D:\Uni\Ulm\Master\Hiwi-Forschung-und-Lehre\Fairface\detected_faces\796672_face0.jpg,Latino_Hispanic,White,Male,20-29,"[1.8089910e-01 1.4105915e-03 4.5449767e-01 2.1076821e-04 7.6432468e-04
 3.2482860e-03 3.5896921e-01]",[0.9497407  0.00721205 0.02464075 0.01840648],[9.9999869e-01 1.3378058e-06],"[8.16433385e-07 1.14052666e-04 6.51044957e-03 7.86608160e-01
 2.04670206e-01 2.09355913e-03 2.65746576e-06 3.41875612e-08
 3.69397402e-10]"
D:\Uni\Ulm\Master\Hiwi-Forschung-und-Lehre\Fairface\detected_faces\796673_face0.jpg,White,White,Male,20-29,"[9.66064095e-01 1.21569545e-04 1.16932318e-02 7.74043787e-04
 3.80284910e-04 1.12824437e-05 2.09554434e-02]",[9.8720807e-01 5.6253793e-03 7.0628072e-03 1.0374178e-04],[9.999808e-01 1.919919e-05],"[7.0250496e-07 8.0009975e-04 4.7969982e-01 5.0470454e-01 1.4489475e-02
 3.0263723e-04 2.5643462e-06 6.7736948e-08 3.0650096e-09]"
D:\Uni\Ulm\Master\Hiwi-Forschung-und-Lehre\Fairface\detected_faces\796723_face0.jpg,Latino_Hispanic,Indian,Male,30-39,"[0.03547291 0.00198984 0.435996   0.00324871 0.01335018 0.16728042
 0.34266192]",[0.27598378 0.01731684 0.09995833 0.6067411 ],[9.9994504e-01 5.4961693e-05],"[1.6638380e-05 9.7488948e-05 1.2161817e-03 2.7761850e-01 6.5880871e-01
 6.1687719e-02 5.4770964e-04 6.8850813e-06 1.6020419e-07]"
D:\Uni\Ulm\Master\Hiwi-Forschung-und-Lehre\Fairface\detected_faces\796833_face0.jpg,White,White,Male,20-29,"[9.9991328e-01 6.0037081e-08 2.7124392e-05 2.1529151e-07 4.4386766e-07
 5.1669313e-06 5.3498457e-05]",[9.9995148e-01 4.4391836e-06 9.5013211e-06 3.4503835e-05],[9.9999619e-01 3.8143592e-06],"[3.4255305e-09 4.1469724e-07 2.8814601e-03 8.8654435e-01 1.0939347e-01
 1.1694258e-03 1.0816951e-05 5.8498330e-08 1.4706337e-09]"
D:\Uni\Ulm\Master\Hiwi-Forschung-und-Lehre\Fairface\detected_faces\796986_face0.jpg,White,White,Male,30-39,"[9.9997914e-01 1.5003863e-08 4.3196448e-07 2.7599064e-08 4.3443613e-08
 4.1917037e-08 2.0274307e-05]",[9.9999070e-01 6.7000798e-07 1.3029265e-06 7.3275060e-06],[9.999995e-01 5.196898e-07],"[2.4385034e-08 1.7005948e-07 1.4123546e-04 2.7016753e-01 6.2029564e-01
 1.0449021e-01 4.8591387e-03 4.4705987e-05 1.2979739e-06]"
D:\Uni\Ulm\Master\Hiwi-Forschung-und-Lehre\Fairface\detected_faces\796987_face0.jpg,White,White,Male,20-29,"[9.9751347e-01 8.7106986e-07 3.7814421e-04 1.5747500e-07 5.1258809e-07
 1.0877051e-06 2.1057441e-03]",[9.9989229e-01 1.9281018e-05 2.6538872e-05 6.1854742e-05],[9.9999964e-01 3.2832995e-07],"[2.0407698e-10 4.2896129e-08 1.0619360e-03 8.8310057e-01 1.1532536e-01
 5.1160663e-04 5.4966512e-07 4.3383217e-09 5.8916150e-11]"
D:\Uni\Ulm\Master\Hiwi-Forschung-und-Lehre\Fairface\detected_faces\797106_face0.jpg,Middle Eastern,White,Male,20-29,"[4.1812745e-01 1.5245131e-04 8.6897492e-02 1.8826704e-03 1.7491698e-03
 3.1316126e-04 4.9087754e-01]",[9.8737204e-01 4.3405005e-04 1.0899521e-02 1.2943632e-03],[9.999952e-01 4.823429e-06],"[2.2670750e-07 4.9608327e-05 5.3312197e-02 8.9513564e-01 5.0944667e-02
 5.5493542e-04 2.6122207e-06 7.0151188e-08 9.2880015e-10]"
D:\Uni\Ulm\Master\Hiwi-Forschung-und-Lehre\Fairface\detected_faces\797245_face0.jpg,White,White,Male,20-29,"[9.9999708e-01 1.8078804e-08 8.0731814e-07 5.9737344e-09 4.5791186e-08
 2.2179767e-08 1.9975437e-06]",[9.9995840e-01 2.1730868e-05 7.5280527e-06 1.2333695e-05],[9.9917716e-01 8.2283979e-04],"[1.48514525e-08 2.11051629e-05 3.51949595e-02 8.84539545e-01
 7.66458884e-02 3.55953700e-03 3.84665436e-05 3.95738425e-07
 2.03363051e-08]"
D:\Uni\Ulm\Master\Hiwi-Forschung-und-Lehre\Fairface\detected_faces\797284_face0.jpg,Middle Eastern,White,Male,30-39,"[3.5042074e-01 6.4035958e-05 1.2884661e-02 7.1521303e-05 7.8640282e-05
 4.2851153e-04 6.3605183e-01]",[9.9787617e-01 9.9346554e-04 3.8107712e-04 7.4930600e-04],[9.9997771e-01 2.2273227e-05],"[1.9383954e-06 3.3902397e-05 2.3508382e-03 4.7471434e-01 5.0575596e-01
 1.7052475e-02 8.9426350e-05 1.1547762e-06 2.3219121e-08]"
D:\Uni\Ulm\Master\Hiwi-Forschung-und-Lehre\Fairface\detected_faces\797286_face0.jpg,White,White,Male,20-29,"[9.6741170e-01 4.0104801e-06 5.4571680e-03 4.7466342e-06 1.2968751e-05
 9.0747089e-05 2.7018692e-02]",[9.9755788e-01 8.8755893e-05 1.1918932e-05 2.3414663e-03],[9.9999213e-01 7.8234989e-06],"[7.8162783e-09 1.1817655e-06 6.9780648e-04 5.9290725e-01 4.0311813e-01
 3.2732699e-03 2.3128191e-06 8.8677208e-09 1.2909916e-10]"
D:\Uni\Ulm\Master\Hiwi-Forschung-und-Lehre\Fairface\detected_faces\797290_face0.jpg,White,White,Male,30-39,"[8.7345052e-01 8.6947891e-04 5.0620101e-02 8.2178063e-05 3.9966393e-04
 2.8513384e-03 7.1726687e-02]",[0.9381853  0.04243239 0.00293063 0.01645161],[9.9994648e-01 5.3568416e-05],"[2.7054000e-06 4.8824309e-04 2.8053538e-03 3.4933636e-01 6.2554932e-01
 2.1762667e-02 5.4936329e-05 3.9913209e-07 9.2559000e-09]"
D:\Uni\Ulm\Master\Hiwi-Forschung-und-Lehre\Fairface\detected_faces\797291_face0.jpg,White,White,Male,30-39,"[9.4374323e-01 7.0042435e-05 4.8865220e-03 4.8232023e-06 1.0863762e-05
 3.6269139e-05 5.1248200e-02]",[9.9992019e-01 3.5505916e-05 2.4980191e-05 1.9317476e-05],[9.9999875e-01 1.2497717e-06],"[1.0752998e-07 1.7063900e-05 7.3133199e-04 4.6832988e-01 5.2433926e-01
 6.5745269e-03 7.7994400e-06 6.3774685e-08 8.3593932e-10]"
D:\Uni\Ulm\Master\Hiwi-Forschung-und-Lehre\Fairface\detected_faces\797306_face0.jpg,Black,Black,Male,20-29,"[7.6061019e-06 9.9789041e-01 1.2599731e-04 3.8601610e-07 1.0554335e-05
 1.9424128e-03 2.2578610e-05]",[5.7541565e-06 9.9985462e-01 6.5506567e-05 7.4176336e-05],[9.99988794e-01 1.11570835e-05],"[6.5953898e-08 7.4296498e-05 2.9156497e-02 7.1759558e-01 2.4351607e-01
 9.5724473e-03 8.4420186e-05 6.9572667e-07 1.7011534e-08]"
D:\Uni\Ulm\Master\Hiwi-Forschung-und-Lehre\Fairface\detected_faces\797596_face0.jpg,Latino_Hispanic,Indian,Male,20-29,"[9.7022198e-02 3.1966935e-03 3.7594101e-01 1.1320805e-05 1.1646109e-04
 2.9145199e-01 2.3226029e-01]",[4.3186972e-01 7.8620896e-02 1.4788462e-04 4.8936149e-01],[1.000000e+00 1.777128e-08],"[2.5770284e-08 1.2481185e-06 4.0305752e-04 6.0520786e-01 3.8948622e-01
 4.8926086e-03 9.0168251e-06 5.5654475e-08 4.1027878e-10]"
D:\Uni\Ulm\Master\Hiwi-Forschung-und-Lehre\Fairface\detected_faces\797688_face0.jpg,White,White,Male,20-29,"[9.0272629e-01 3.7250920e-05 7.0702747e-02 1.8442904e-04 5.8943359e-04
 4.4683588e-04 2.5313033e-02]",[9.7997326e-01 3.0230507e-04 1.6329007e-02 3.3955383e-03],[9.9998260e-01 1.7406615e-05],"[5.1035732e-07 6.0985130e-05 1.9374462e-02 7.0508349e-01 2.6540807e-01
 1.0005999e-02 6.6030225e-05 5.2069925e-07 8.2178433e-09]"
D:\Uni\Ulm\Master\Hiwi-Forschung-und-Lehre\Fairface\detected_faces\797691_face0.jpg,White,White,Male,20-29,"[9.2667592e-01 6.7921443e-04 3.6918726e-02 2.1119538e-04 3.3171117e-04
 1.7738907e-04 3.5005853e-02]",[9.9640673e-01 1.9607998e-03 5.9487473e-04 1.0375916e-03],[1.0000000e+00 4.7565443e-08],"[4.1546863e-07 2.1604228e-05 8.1572784e-03 8.1658649e-01 1.7090201e-01
 4.2887274e-03 4.2259468e-05 1.2202967e-06 1.0752137e-08]"
D:\Uni\Ulm\Master\Hiwi-Forschung-und-Lehre\Fairface\detected_faces\797692_face0.jpg,White,White,Male,20-29,"[9.64034617e-01 1.06775469e-05 2.36038584e-03 5.72357421e-05
 6.37108678e-05 1.39219965e-05 3.34594473e-02]",[9.9975467e-01 9.7198346e-05 9.4246592e-05 5.3814412e-05],[0.99365056 0.00634941],"[6.2857005e-08 8.3964833e-06 5.0827712e-02 8.8274169e-01 6.3448593e-02
 2.8961273e-03 7.4837182e-05 2.5573806e-06 7.2536587e-08]"
D:\Uni\Ulm\Master\Hiwi-Forschung-und-Lehre\Fairface\detected_faces\797700_face0.jpg,White,White,Male,20-29,"[9.9988157e-01 4.7076998e-07 2.8499109e-05 1.6635896e-07 7.5496882e-07
 5.7568224e-07 8.7932021e-05]",[9.9983871e-01 4.7364698e-05 1.0548837e-05 1.0338924e-04],[9.9999970e-01 3.1563712e-07],"[1.6521309e-09 3.6892811e-07 1.4359114e-03 8.7288338e-01 1.2499047e-01
 6.8793615e-04 1.9392621e-06 1.1606087e-08 2.6090766e-10]"
D:\Uni\Ulm\Master\Hiwi-Forschung-und-Lehre\Fairface\detected_faces\797759_face0.jpg,White,White,Male,30-39,"[9.6784753e-01 6.3406718e-05 4.1739945e-03 3.2481232e-05 7.3349191e-05
 4.5383029e-05 2.7763832e-02]",[9.9929774e-01 2.2590272e-04 9.8058175e-05 3.7825818e-04],[1.0000000e+00 2.4143368e-08],"[1.3441971e-07 1.4187123e-06 6.5914087e-04 3.6517569e-01 5.9817612e-01
 3.5611264e-02 3.7235243e-04 3.8449230e-06 3.2115469e-08]"
D:\Uni\Ulm\Master\Hiwi-Forschung-und-Lehre\Fairface\detected_faces\797820_face0.jpg,Middle Eastern,White,Male,20-29,"[6.3525714e-02 1.9618659e-04 3.1052666e-02 4.0544529e-04 6.8072882e-04
 1.3588885e-03 9.0278041e-01]",[0.9674668  0.0155057  0.01162554 0.00540199],[9.9999982e-01 2.1055084e-07],"[9.8819066e-07 3.5590710e-04 1.3635050e-01 8.3439142e-01 2.8664839e-02
 2.3516455e-04 1.1464710e-06 6.1059950e-08 6.0388822e-10]"
D:\Uni\Ulm\Master\Hiwi-Forschung-und-Lehre\Fairface\detected_faces\797869_face0.jpg,White,White,Male,20-29,"[9.8975646e-01 1.4064012e-06 5.2438158e-04 5.7818716e-06 6.2103895e-06
 1.1592978e-06 9.7046671e-03]",[9.9974066e-01 1.5226564e-04 8.2069542e-05 2.4922932e-05],[9.9999559e-01 4.4599856e-06],"[9.0611572e-08 2.0823021e-05 9.0561926e-02 8.3073586e-01 7.4916936e-02
 3.6931064e-03 6.9648049e-05 1.5536623e-06 2.3232415e-08]"
D:\Uni\Ulm\Master\Hiwi-Forschung-und-Lehre\Fairface\detected_faces\797871_face0.jpg,White,White,Male,20-29,"[9.9567980e-01 3.2918433e-06 8.0363825e-04 1.1148770e-05 1.9657116e-05
 6.4925598e-06 3.4760814e-03]",[9.9717176e-01 7.2574592e-05 2.7382947e-03 1.7377941e-05],[9.9999845e-01 1.5715034e-06],"[2.33281227e-07 4.95193854e-05 7.45127276e-02 8.08978319e-01
 1.08069606e-01 8.25739279e-03 1.29332373e-04 2.84700059e-06
 4.15628634e-08]"
D:\Uni\Ulm\Master\Hiwi-Forschung-und-Lehre\Fairface\detected_faces\797893_face0.jpg,White,White,Male,20-29,"[9.2445481e-01 3.4215493e-04 4.0833242e-02 5.5320136e-04 1.2301030e-03
 4.4051951e-04 3.2145988e-02]",[9.9465066e-01 6.2958316e-05 4.8568649e-03 4.2951643e-04],[9.9998516e-01 1.4802914e-05],"[4.3456080e-07 2.0817135e-05 4.8964997e-03 5.3698456e-01 4.4606206e-01
 1.1949138e-02 8.4103820e-05 2.4014651e-06 4.5700752e-08]"
D:\Uni\Ulm\Master\Hiwi-Forschung-und-Lehre\Fairface\detected_faces\797930_face0.jpg,White,White,Male,20-29,"[9.9359113e-01 4.0020321e-05 3.0751945e-03 1.0496274e-06 3.2235575e-06
 4.6512840e-05 3.2428897e-03]",[9.9953115e-01 4.5473851e-05 9.4208826e-06 4.1394911e-04],[9.9999988e-01 1.0885139e-07],"[3.26382499e-09 5.47557988e-07 1.37448439e-03 8.86855125e-01
 1.11448795e-01 3.20528838e-04 5.48422406e-07 2.30896191e-09
 4.29483810e-11]"
D:\Uni\Ulm\Master\Hiwi-Forschung-und-Lehre\Fairface\detected_faces\797980_face0.jpg,Latino_Hispanic,White,Male,20-29,"[3.9689675e-01 1.4601969e-04 5.4257983e-01 2.6102252e-03 6.9689066e-03
 1.9628890e-03 4.8835400e-02]",[0.92952913 0.00254233 0.02615954 0.04176895],[1.00000000e+00 1.28780835e-08],"[2.6858140e-07 1.7946522e-04 1.3043740e-01 7.1891129e-01 1.4567444e-01
 4.7550765e-03 4.1477622e-05 5.6642034e-07 3.5922647e-09]"
D:\Uni\Ulm\Master\Hiwi-Forschung-und-Lehre\Fairface\detected_faces\798002_face0.jpg,White,White,Male,10-19,"[6.5466237e-01 2.2720582e-04 1.7485451e-02 1.0256378e-03 5.4453732e-04
 5.7238085e-05 3.2599759e-01]",[9.9909484e-01 5.5373891e-04 3.4594996e-04 5.4844663e-06],[9.9997526e-01 2.4737868e-05],"[3.3186941e-05 2.2951337e-02 5.0513035e-01 3.9435798e-01 7.4782342e-02
 2.7110709e-03 3.2514923e-05 1.1631799e-06 4.6439823e-08]"
D:\Uni\Ulm\Master\Hiwi-Forschung-und-Lehre\Fairface\detected_faces\798110_face0.jpg,White,White,Male,20-29,"[9.7106457e-01 2.0707537e-05 6.8629752e-03 3.2580119e-05 6.0453527e-05
 2.6844351e-05 2.1931840e-02]",[9.9755609e-01 5.5591197e-04 1.6957450e-03 1.9221529e-04],[9.99899626e-01 1.00383695e-04],"[1.4723684e-08 8.3940249e-06 7.5655268e-03 9.1791797e-01 7.4251615e-02
 2.5633199e-04 2.1455783e-07 2.8899183e-09 6.8472075e-11]"
D:\Uni\Ulm\Master\Hiwi-Forschung-und-Lehre\Fairface\detected_faces\798117_face0.jpg,White,White,Male,20-29,"[9.9948168e-01 4.1944118e-06 1.3423915e-04 7.6212808e-07 3.0853341e-06
 3.9553561e-07 3.7565173e-04]",[9.9947536e-01 5.1065400e-04 9.1412376e-06 4.8921306e-06],[9.9999720e-01 2.7498504e-06],"[3.9456172e-08 1.0138405e-05 2.4004277e-02 8.4748620e-01 1.2483633e-01
 3.5955433e-03 6.6754445e-05 7.3885741e-07 1.6582410e-08]"
D:\Uni\Ulm\Master\Hiwi-Forschung-und-Lehre\Fairface\detected_faces\798147_face0.jpg,White,White,Male,20-29,"[7.7278358e-01 4.4405903e-03 1.9510350e-01 6.5898079e-05 5.3481979e-04
 1.0004895e-03 2.6071012e-02]",[0.9870258  0.00461314 0.00491496 0.00344611],[9.9999982e-01 1.6373545e-07],"[2.8475196e-07 8.1320373e-05 1.2309982e-01 7.8440034e-01 8.7550372e-02
 4.8137330e-03 5.3287938e-05 8.7328755e-07 6.9691253e-09]"
D:\Uni\Ulm\Master\Hiwi-Forschung-und-Lehre\Fairface\detected_faces\798154_face0.jpg,White,White,Male,20-29,"[9.9436063e-01 2.5581601e-06 1.6964129e-03 7.8163110e-05 6.5155044e-05
 2.7291528e-06 3.7943427e-03]",[9.9710417e-01 3.1169143e-04 2.4784384e-03 1.0574885e-04],[9.9999946e-01 5.1727119e-07],"[8.2651724e-07 6.0657596e-05 7.9135977e-02 7.4078071e-01 1.6535789e-01
 1.4269378e-02 3.8670597e-04 7.8073699e-06 5.6564627e-08]"
D:\Uni\Ulm\Master\Hiwi-Forschung-und-Lehre\Fairface\detected_faces\798166_face0.jpg,Black,Black,Male,30-39,"[9.0663077e-04 9.3655097e-01 4.4777624e-02 1.9955909e-04 5.6301598e-03
 9.7018974e-03 2.2331474e-03]",[1.8596293e-04 9.8599064e-01 4.2250566e-03 9.5983986e-03],[9.9999464e-01 5.3495583e-06],"[1.33193294e-06 1.24738335e-05 5.79366181e-03 3.03483725e-01
 4.84203428e-01 1.93603903e-01 1.25383949e-02 3.56475532e-04
 6.64456593e-06]"
D:\Uni\Ulm\Master\Hiwi-Forschung-und-Lehre\Fairface\detected_faces\798178_face0.jpg,Black,Black,Male,20-29,"[1.54787485e-05 9.96496141e-01 2.13557985e-04 3.09633378e-06
 6.25238681e-05 3.19799990e-03 1.12860325e-05]",[5.8564183e-05 9.9865216e-01 1.7883073e-04 1.1105126e-03],[9.999993e-01 7.146767e-07],"[6.9317281e-09 3.5180306e-06 6.6636321e-03 7.7432531e-01 2.1241699e-01
 6.5521169e-03 3.8056871e-05 3.8374759e-07 1.3575160e-08]"
D:\Uni\Ulm\Master\Hiwi-Forschung-und-Lehre\Fairface\detected_faces\798180_face0.jpg,White,White,Male,20-29,"[9.9988681e-01 5.1729629e-08 1.6071439e-05 3.8452333e-07 1.6790822e-06
 6.2915649e-07 9.4358838e-05]",[9.9995166e-01 2.3707639e-06 2.5373933e-05 2.0611413e-05],[9.999483e-01 5.170381e-05],"[3.5956162e-09 7.6645745e-07 5.1450881e-04 5.9261155e-01 4.0259093e-01
 4.2767697e-03 5.5138016e-06 1.2532245e-08 4.2492368e-10]"
D:\Uni\Ulm\Master\Hiwi-Forschung-und-Lehre\Fairface\detected_faces\798181_face0.jpg,White,White,Male,30-39,"[9.9989468e-01 6.2741648e-08 1.9179821e-05 2.4405074e-07 9.6856809e-07
 3.5527896e-07 8.4581035e-05]",[9.9994546e-01 1.5856034e-05 1.8327035e-05 2.0355892e-05],[9.9999964e-01 3.6304169e-07],"[3.5095560e-08 4.7339086e-06 1.4181769e-03 4.7246966e-01 4.9014422e-01
 3.5777591e-02 1.8433022e-04 1.1885335e-06 1.8552127e-08]"
D:\Uni\Ulm\Master\Hiwi-Forschung-und-Lehre\Fairface\detected_faces\798191_face0.jpg,Middle Eastern,White,Male,20-29,"[3.32322478e-01 1.25307741e-03 6.91682845e-03 2.37768127e-05
 6.35876713e-05 1.10220346e-04 6.59310043e-01]",[9.8732263e-01 1.0001457e-02 5.8545358e-04 2.0903987e-03],[1.0000000e+00 2.4358641e-08],"[1.3300191e-06 1.1888211e-04 8.6847274e-03 7.2206497e-01 2.6265097e-01
 6.4271768e-03 5.0673112e-05 1.2514754e-06 2.1152923e-08]"
D:\Uni\Ulm\Master\Hiwi-Forschung-und-Lehre\Fairface\detected_faces\798239_face0.jpg,White,White,Male,20-29,"[9.9927187e-01 1.3063335e-06 1.9688891e-04 3.7327773e-06 9.4639108e-06
 1.6066267e-06 5.1509502e-04]",[9.9987954e-01 4.1541713e-05 5.9462978e-05 1.9466182e-05],[9.9999493e-01 5.0943072e-06],"[3.8761712e-07 4.2353765e-04 2.0419711e-01 7.4911624e-01 4.4464856e-02
 1.7659916e-03 3.1184358e-05 6.9818475e-07 2.7518809e-08]"
D:\Uni\Ulm\Master\Hiwi-Forschung-und-Lehre\Fairface\detected_faces\798271_face0.jpg,Latino_Hispanic,White,Male,20-29,"[1.3976151e-01 2.4814869e-03 7.6222724e-01 4.6887511e-04 3.0927924e-03
 3.9203312e-02 5.2764732e-02]",[0.65791297 0.03349634 0.02107282 0.2875178 ],[1.000000e+00 6.144022e-09],"[9.5190629e-08 1.8586197e-05 1.7483890e-02 7.9339701e-01 1.8253742e-01
 6.5203821e-03 4.2019528e-05 6.3954582e-07 4.9496016e-09]"
D:\Uni\Ulm\Master\Hiwi-Forschung-und-Lehre\Fairface\detected_faces\798303_face0.jpg,White,White,Male,20-29,"[8.6837345e-01 8.2430954e-04 7.2760455e-02 2.3048722e-04 4.8513571e-04
 6.7248046e-05 5.7258859e-02]",[9.6217084e-01 3.1973444e-02 5.6761559e-03 1.7950690e-04],[9.9999803e-01 1.9440386e-06],"[6.5159594e-07 2.8123792e-05 3.0659551e-02 6.7693174e-01 2.4671188e-01
 4.2912353e-02 2.6782954e-03 7.6912380e-05 4.9612856e-07]"
D:\Uni\Ulm\Master\Hiwi-Forschung-und-Lehre\Fairface\detected_faces\798309_face0.jpg,White,White,Male,20-29,"[9.9960011e-01 4.6673151e-07 5.4479126e-05 2.6667334e-05 7.1110102e-05
 2.0044145e-06 2.4513388e-04]",[9.9958348e-01 7.0760856e-05 3.3159021e-04 1.4120893e-05],[9.9975413e-01 2.4588680e-04],"[2.0655866e-06 1.4542056e-04 4.9735785e-02 5.6953073e-01 3.3473921e-01
 4.4245925e-02 1.5489692e-03 5.0363811e-05 1.4930537e-06]"
D:\Uni\Ulm\Master\Hiwi-Forschung-und-Lehre\Fairface\detected_faces\798314_face0.jpg,Black,Black,Male,20-29,"[1.3623615e-05 9.9896425e-01 6.6776003e-04 2.3236835e-07 1.0287669e-05
 2.3786403e-04 1.0595738e-04]",[2.8714929e-05 9.9951619e-01 1.2488783e-04 3.3022006e-04],[9.9999708e-01 2.9507437e-06],"[3.6381635e-07 1.0325163e-04 3.6894485e-02 7.8591144e-01 1.6987135e-01
 7.1193525e-03 9.7425844e-05 2.2659297e-06 8.6528090e-08]"
D:\Uni\Ulm\Master\Hiwi-Forschung-und-Lehre\Fairface\detected_faces\798468_face0.jpg,White,White,Male,10-19,"[8.2275921e-01 3.4889759e-04 3.9895870e-02 1.0535038e-05 4.2412397e-05
 2.4444287e-04 1.3669869e-01]",[9.9448895e-01 1.0144016e-03 1.5729242e-04 4.3393532e-03],[9.9985516e-01 1.4478312e-04],"[3.10572204e-07 2.17741309e-03 7.50249267e-01 2.43330449e-01
 4.13047988e-03 1.11167734e-04 9.45957652e-07 3.12440314e-08
 9.08417119e-10]"
D:\Uni\Ulm\Master\Hiwi-Forschung-und-Lehre\Fairface\detected_faces\798498_face0.jpg,White,White,Male,20-29,"[0.36118898 0.00052264 0.31675473 0.00164082 0.00200975 0.00820207
 0.30968097]",[0.9611646  0.00099768 0.02106209 0.01677566],[9.9990815e-01 9.1861089e-05],"[9.2786577e-06 3.3237753e-04 9.5347008e-03 6.5908831e-01 3.2376692e-01
 7.2365026e-03 3.1155225e-05 7.3852203e-07 1.3919034e-08]"
D:\Uni\Ulm\Master\Hiwi-Forschung-und-Lehre\Fairface\detected_faces\798541_face0.jpg,White,Black,Male,10-19,"[9.3779516e-01 1.0778560e-02 4.6946183e-02 3.7954214e-05 1.8131376e-04
 6.6608191e-05 4.1941921e-03]",[0.35536885 0.64246464 0.00106908 0.00109731],[9.9960208e-01 3.9784837e-04],"[1.15207094e-07 6.16812496e-04 6.00954831e-01 3.91598314e-01
 6.74343621e-03 8.53407764e-05 9.93266667e-07 3.04271524e-08
 1.51720636e-09]"
D:\Uni\Ulm\Master\Hiwi-Forschung-und-Lehre\Fairface\detected_faces\798583_face0.jpg,Black,Black,Male,20-29,"[6.5443546e-06 9.9985403e-01 5.1640644e-05 4.0272784e-08 3.8057649e-07
 3.6682242e-05 5.0740349e-05]",[5.9689393e-07 9.9998116e-01 7.1444464e-07 1.7513898e-05],[9.9999297e-01 7.0748533e-06],"[1.2496936e-05 1.6288956e-03 3.1655882e-02 5.1460791e-01 4.1249174e-01
 3.8957532e-02 6.2565418e-04 1.8510225e-05 1.3742480e-06]"
D:\Uni\Ulm\Master\Hiwi-Forschung-und-Lehre\Fairface\detected_faces\798664_face0.jpg,White,White,Male,20-29,"[9.0123135e-01 1.9288846e-05 4.1882761e-02 4.7639373e-04 6.5238110e-04
 3.8740973e-04 5.5350360e-02]",[9.9623740e-01 8.6052249e-05 1.9478829e-03 1.7286511e-03],[9.9999768e-01 2.2866952e-06],"[2.4929511e-06 4.4490538e-05 1.7975689e-03 5.0146437e-01 4.8536852e-01
 1.1283990e-02 3.7811620e-05 6.9351978e-07 1.0145897e-08]"
D:\Uni\Ulm\Master\Hiwi-Forschung-und-Lehre\Fairface\detected_faces\798820_face0.jpg,White,White,Male,20-29,"[9.9938881e-01 4.8164516e-06 2.6267220e-04 2.8914558e-06 9.3434355e-06
 4.9100237e-07 3.3104813e-04]",[9.9851215e-01 1.2887488e-03 1.6837841e-04 3.0676802e-05],[9.9999988e-01 1.0919886e-07],"[1.2256626e-09 3.3440170e-07 8.3630886e-03 9.5225275e-01 3.9204136e-02
 1.7902210e-04 7.3363628e-07 5.6748051e-09 8.3226939e-11]"
D:\Uni\Ulm\Master\Hiwi-Forschung-und-Lehre\Fairface\detected_faces\798835_face0.jpg,White,White,Male,20-29,"[8.2236135e-01 8.0373947e-04 1.4970858e-01 1.3370957e-06 1.3879888e-05
 1.9768807e-04 2.6913457e-02]",[9.9359137e-01 3.0103244e-03 6.6645094e-05 3.3316722e-03],[1.0000000e+00 1.0972077e-08],"[6.4047105e-09 5.5607063e-07 1.0256887e-03 6.9387048e-01 2.9837188e-01
 6.7057735e-03 2.5430389e-05 2.1333783e-07 1.2991227e-09]"
D:\Uni\Ulm\Master\Hiwi-Forschung-und-Lehre\Fairface\detected_faces\798879_face0.jpg,White,White,Male,20-29,"[5.29668748e-01 2.71494966e-04 1.05407573e-01 1.10745896e-04
 3.30609939e-04 1.56025693e-03 3.62650663e-01]",[0.93148285 0.00209779 0.00687842 0.05954103],[9.99999881e-01 1.11230136e-07],"[1.06480185e-08 3.88787475e-06 1.12047475e-02 9.44424987e-01
 4.42484394e-02 1.17791467e-04 1.34587836e-07 1.98404737e-09
 2.30683094e-11]"
D:\Uni\Ulm\Master\Hiwi-Forschung-und-Lehre\Fairface\detected_faces\798926_face0.jpg,White,White,Male,30-39,"[7.7363855e-01 5.1632943e-04 9.1105141e-02 1.3890227e-04 2.4305726e-04
 1.9946124e-04 1.3415857e-01]",[0.9520788  0.02323987 0.0078223  0.01685896],[9.9998736e-01 1.2671137e-05],"[4.8350432e-07 2.4288114e-05 1.0477379e-02 4.4362342e-01 4.8498395e-01
 5.9602331e-02 1.2627947e-03 2.5067196e-05 3.0641803e-07]"
D:\Uni\Ulm\Master\Hiwi-Forschung-und-Lehre\Fairface\detected_faces\798933_face0.jpg,White,White,Male,30-39,"[7.2447062e-01 1.9736864e-05 1.3819061e-02 1.0269368e-05 3.8651051e-05
 1.8964446e-03 2.5974518e-01]",[9.89246309e-01 2.63632828e-04 4.48293227e-04 1.00418255e-02],[9.9999344e-01 6.5525546e-06],"[2.0267120e-07 3.8571166e-06 4.5061042e-04 1.3739617e-01 7.4121684e-01
 1.1998862e-01 9.4001548e-04 3.6492356e-06 3.6813862e-08]"
D:\Uni\Ulm\Master\Hiwi-Forschung-und-Lehre\Fairface\detected_faces\798936_face0.jpg,White,White,Male,30-39,"[8.0680001e-01 2.4185829e-04 1.5569029e-02 3.2065065e-05 1.2930791e-04
 3.1105868e-04 1.7691670e-01]",[9.7042012e-01 2.7401896e-02 3.9237758e-04 1.7855852e-03],[9.9998814e-01 1.1889906e-05],"[9.8105611e-06 9.5313597e-05 1.1964429e-03 2.7408814e-01 6.6269249e-01
 6.0952183e-02 9.5115334e-04 1.4210098e-05 2.5824752e-07]"
D:\Uni\Ulm\Master\Hiwi-Forschung-und-Lehre\Fairface\detected_faces\798948_face0.jpg,Black,Black,Male,30-39,"[7.0794058e-06 9.9709022e-01 3.1857484e-04 1.5111782e-07 4.2858696e-06
 2.5682750e-03 1.1395931e-05]",[7.9820584e-06 9.9804235e-01 1.2406180e-05 1.9371645e-03],[9.9998754e-01 1.2470814e-05],"[1.6231205e-07 3.6005060e-06 3.9145671e-04 1.4628103e-01 7.5003576e-01
 1.0208741e-01 1.1909154e-03 9.4707166e-06 1.7327547e-07]"
D:\Uni\Ulm\Master\Hiwi-Forschung-und-Lehre\Fairface\detected_faces\799024_face0.jpg,Middle Eastern,White,Male,20-29,"[1.8890989e-01 5.2158597e-05 1.9189160e-02 7.1698996e-05 1.3859919e-04
 3.1624708e-04 7.9132217e-01]",[9.9664253e-01 3.8688761e-04 1.9482243e-03 1.0224310e-03],[9.999962e-01 3.788514e-06],"[4.50855794e-07 5.39631510e-05 1.64582301e-02 8.58073235e-01
 1.24344565e-01 1.06648437e-03 2.99300063e-06 6.33371187e-08
 9.12338816e-10]"
D:\Uni\Ulm\Master\Hiwi-Forschung-und-Lehre\Fairface\detected_faces\799041_face0.jpg,White,White,Male,30-39,"[9.3950152e-01 3.0526874e-04 4.8100911e-03 1.6340814e-06 1.3649856e-05
 2.0512979e-04 5.5162601e-02]",[9.8514533e-01 1.3322890e-02 5.2605472e-05 1.4791648e-03],[9.999748e-01 2.519073e-05],"[4.0077816e-07 1.1105629e-05 2.0754531e-03 3.1865740e-01 5.7651383e-01
 9.7139217e-02 5.4323780e-03 1.6366993e-04 6.5337704e-06]"
D:\Uni\Ulm\Master\Hiwi-Forschung-und-Lehre\Fairface\detected_faces\799046_face0.jpg,White,White,Male,20-29,"[9.9151194e-01 1.3916059e-05 4.7035955e-04 5.4223915e-06 1.5356220e-05
 6.3480102e-06 7.9765571e-03]",[9.9825472e-01 1.0732251e-03 2.7721687e-04 3.9482629e-04],[9.9999976e-01 2.2759980e-07],"[7.9487648e-08 3.3913714e-06 2.3427219e-03 7.3319185e-01 2.5805733e-01
 6.3660988e-03 3.7776965e-05 7.7857982e-07 1.5286448e-08]"
D:\Uni\Ulm\Master\Hiwi-Forschung-und-Lehre\Fairface\detected_faces\799054_face0.jpg,Black,Black,Male,30-39,"[1.2343652e-03 6.9703686e-01 1.1390469e-01 4.4381446e-05 1.5610742e-03
 1.5565974e-01 3.0558992e-02]",[0.00170083 0.927117   0.00648114 0.06470105],[9.9999648e-01 3.5298497e-06],"[1.8486635e-05 1.0631639e-03 2.7776575e-02 3.6947954e-01 5.2610451e-01
 7.4079417e-02 1.4514222e-03 2.6552168e-05 3.5361080e-07]"
D:\Uni\Ulm\Master\Hiwi-Forschung-und-Lehre\Fairface\detected_faces\799195_face0.jpg,Middle Eastern,White,Male,30-39,"[0.14923033 0.00260032 0.36268383 0.00451476 0.01096745 0.01489222
 0.45511106]",[0.86204517 0.00155164 0.12734315 0.00906002],[9.9998784e-01 1.2190181e-05],"[3.2407386e-04 1.8724841e-03 7.9568084e-03 4.0445477e-01 5.4795158e-01
 3.6728092e-02 6.8848126e-04 2.3234415e-05 4.2570252e-07]"
D:\Uni\Ulm\Master\Hiwi-Forschung-und-Lehre\Fairface\detected_faces\799211_face0.jpg,White,White,Male,20-29,"[7.5557411e-01 1.1856098e-03 2.0858770e-02 1.3322027e-04 4.2920173e-04
 5.3014758e-04 2.2128896e-01]",[0.93221414 0.05248175 0.00309485 0.01220931],[9.9999964e-01 3.5997593e-07],"[2.7176014e-07 4.3808199e-05 1.0590290e-02 7.7649683e-01 2.0979008e-01
 3.0603784e-03 1.8152281e-05 1.7528710e-07 4.1107602e-09]"
D:\Uni\Ulm\Master\Hiwi-Forschung-und-Lehre\Fairface\detected_faces\799251_face0.jpg,White,White,Male,20-29,"[9.9870455e-01 7.0225607e-05 3.0179441e-04 4.4104868e-07 2.2647318e-06
 3.2111504e-06 9.1753405e-04]",[9.9978244e-01 1.3893169e-04 2.3628561e-05 5.4963533e-05],[9.9999994e-01 8.7019963e-08],"[1.5507172e-07 2.2134345e-05 4.6893256e-03 7.3437643e-01 2.5570440e-01
 5.1698308e-03 3.7176083e-05 5.0169791e-07 8.6753937e-09]"
D:\Uni\Ulm\Master\Hiwi-Forschung-und-Lehre\Fairface\detected_faces\799634_face0.jpg,Black,Black,Male,20-29,"[6.2577229e-04 9.4591987e-01 3.2623556e-02 6.5630352e-06 2.3816312e-04
 7.7518234e-03 1.2834299e-02]",[1.8567739e-04 9.8867184e-01 7.7791332e-04 1.0364546e-02],[9.9999714e-01 2.8458135e-06],"[8.0577985e-07 8.2281251e-05 6.8467639e-02 7.7586198e-01 1.4504346e-01
 1.0224477e-02 3.0728572e-04 1.1713316e-05 2.9857389e-07]"
D:\Uni\Ulm\Master\Hiwi-Forschung-und-Lehre\Fairface\detected_faces\799716_face0.jpg,White,White,Male,20-29,"[7.49660075e-01 1.59591800e-04 1.06369615e-01 6.52534800e-05
 2.37260334e-04 1.00242854e-04 1.43408060e-01]",[9.9613762e-01 2.6896503e-03 7.3221745e-04 4.4059515e-04],[9.999982e-01 1.801230e-06],"[1.20264581e-08 9.36949345e-06 2.90592480e-02 8.95113647e-01
 7.53425658e-02 4.74446017e-04 7.20909611e-07 1.17118555e-08
 1.30282521e-10]"
D:\Uni\Ulm\Master\Hiwi-Forschung-und-Lehre\Fairface\detected_faces\800054_face0.jpg,White,White,Male,30-39,"[9.4470084e-01 3.8505561e-04 6.9440608e-03 2.0797266e-05 8.2013939e-05
 2.6532108e-04 4.7601983e-02]",[9.9628121e-01 2.3862482e-03 8.2465401e-04 5.0785404e-04],[9.999415e-01 5.850101e-05],"[2.6270234e-05 1.5969391e-04 1.3103690e-03 2.4219209e-01 7.0948708e-01
 4.6320513e-02 4.9369346e-04 9.9022864e-06 4.2615551e-07]"
D:\Uni\Ulm\Master\Hiwi-Forschung-und-Lehre\Fairface\detected_faces\800252_face0.jpg,White,White,Male,20-29,"[9.9614012e-01 3.6627478e-06 4.8642149e-04 9.6893482e-06 2.0363703e-05
 3.3927690e-06 3.3363721e-03]",[9.9892253e-01 5.3827032e-05 1.0071804e-03 1.6430329e-05],[9.9999684e-01 3.1677839e-06],"[1.8026446e-06 6.3657929e-04 5.6768801e-02 7.5992465e-01 1.7746472e-01
 5.1777712e-03 2.5228201e-05 3.8576400e-07 1.1525587e-08]"
D:\Uni\Ulm\Master\Hiwi-Forschung-und-Lehre\Fairface\detected_faces\800255_face0.jpg,White,White,Male,20-29,"[9.9970150e-01 1.3309731e-06 1.5956915e-05 3.5767919e-06 6.5876752e-06
 3.8979695e-07 2.7068655e-04]",[9.9997497e-01 1.3497410e-05 1.0509578e-05 1.0035712e-06],[9.9986386e-01 1.3608187e-04],"[1.9515439e-06 7.1783451e-04 2.0323527e-01 7.2652346e-01 6.3325338e-02
 5.8749765e-03 3.0649905e-04 1.3789543e-05 9.6626854e-07]"
D:\Uni\Ulm\Master\Hiwi-Forschung-und-Lehre\Fairface\detected_faces\800332_face0.jpg,Black,Black,Male,30-39,"[6.3858224e-06 9.9991119e-01 6.9511829e-05 6.9113248e-08 7.6685689e-07
 8.1588878e-06 3.9107981e-06]",[7.0456899e-06 9.9995893e-01 2.7675507e-05 6.3148100e-06],[9.99896526e-01 1.03487546e-04],"[2.1829881e-07 3.1030381e-06 1.4119805e-03 3.1077537e-01 5.8361030e-01
 1.0131492e-01 2.8464741e-03 3.6531532e-05 1.0598826e-06]"
D:\Uni\Ulm\Master\Hiwi-Forschung-und-Lehre\Fairface\detected_faces\800373_face0.jpg,Middle Eastern,White,Male,20-29,"[1.2294393e-01 7.2600240e-05 1.0314261e-02 3.1402028e-06 1.0877166e-05
 6.0028984e-04 8.6605495e-01]",[9.7958434e-01 1.2561055e-04 7.5694884e-04 1.9533062e-02],[9.9999827e-01 1.7301667e-06],"[1.3188580e-06 1.1072865e-05 1.7001489e-03 5.3939480e-01 4.4142169e-01
 1.7335841e-02 1.3333613e-04 1.7761956e-06 2.5144105e-08]"
D:\Uni\Ulm\Master\Hiwi-Forschung-und-Lehre\Fairface\detected_faces\800400_face0.jpg,Black,Black,Male,30-39,"[6.6642338e-06 9.9993426e-01 4.0174389e-05 2.1582802e-07 2.2285706e-06
 8.7985436e-06 7.6719189e-06]",[4.4183842e-05 9.9981058e-01 6.0227372e-05 8.4992542e-05],[9.9998564e-01 1.4364535e-05],"[2.0471707e-06 1.1956608e-04 4.4853431e-03 2.9295489e-01 5.2942586e-01
 1.6481835e-01 7.8721708e-03 2.9839625e-04 2.3460478e-05]"
D:\Uni\Ulm\Master\Hiwi-Forschung-und-Lehre\Fairface\detected_faces\800403_face0.jpg,Middle Eastern,White,Male,20-29,"[3.5864249e-01 2.9367537e-03 2.7201545e-01 4.6988313e-05 1.9731266e-04
 4.3534050e-03 3.6180764e-01]",[9.8563951e-01 5.7848212e-03 1.8641254e-04 8.3892839e-03],[9.9999899e-01 1.0348018e-06],"[8.9665882e-08 5.1623224e-06 6.4437902e-03 8.2533145e-01 1.6660234e-01
 1.6124749e-03 4.5828983e-06 1.2332610e-07 1.9141564e-09]"
D:\Uni\Ulm\Master\Hiwi-Forschung-und-Lehre\Fairface\detected_faces\800408_face0.jpg,White,White,Male,20-29,"[0.55005753 0.01519156 0.18392456 0.00135761 0.00203169 0.00784731
 0.23958969]",[0.7834453  0.09879857 0.00696731 0.11078886],[9.999952e-01 4.879434e-06],"[2.7173742e-06 7.0987880e-05 1.2352940e-02 8.0244815e-01 1.8215187e-01
 2.9541245e-03 1.8441540e-05 7.3565275e-07 1.4377896e-08]"
D:\Uni\Ulm\Master\Hiwi-Forschung-und-Lehre\Fairface\detected_faces\800411_face0.jpg,Latino_Hispanic,Indian,Male,20-29,"[2.9780295e-01 1.1924999e-02 3.4555465e-01 1.1536203e-04 4.7901412e-04
 1.9060364e-02 3.2506269e-01]",[0.27652878 0.04872123 0.00811731 0.66663265],[9.9999988e-01 1.2742312e-07],"[3.8470677e-07 3.8540852e-06 1.4165938e-03 6.2371498e-01 3.6205822e-01
 1.2632665e-02 1.6901127e-04 4.2020379e-06 4.6885070e-08]"
D:\Uni\Ulm\Master\Hiwi-Forschung-und-Lehre\Fairface\detected_faces\800417_face0.jpg,Black,Black,Male,40-49,"[3.6298843e-07 9.9998957e-01 4.1476487e-06 2.0813242e-09 2.1652443e-08
 5.6651143e-06 3.3849406e-07]",[9.7144652e-07 9.9990869e-01 4.9948853e-06 8.5322616e-05],[9.99989033e-01 1.09585935e-05],"[1.5587050e-08 1.2255792e-07 5.0273527e-05 4.1810334e-02 3.9390737e-01
 5.0564510e-01 5.7760116e-02 8.0802740e-04 1.8614561e-05]"
D:\Uni\Ulm\Master\Hiwi-Forschung-und-Lehre\Fairface\detected_faces\800419_face0.jpg,Black,Black,Male,20-29,"[3.7508630e-03 9.1625088e-01 4.2704906e-02 6.3975199e-06 1.2295347e-04
 3.1140945e-03 3.4049872e-02]",[7.4983848e-04 9.9744850e-01 1.2576496e-04 1.6758814e-03],[9.999999e-01 7.382785e-08],"[4.1425005e-07 4.1011052e-05 2.0611586e-02 6.9862044e-01 2.5630936e-01
 2.3728266e-02 6.7138782e-04 1.7193948e-05 3.1014474e-07]"
D:\Uni\Ulm\Master\Hiwi-Forschung-und-Lehre\Fairface\detected_faces\800444_face0.jpg,White,White,Male,30-39,"[9.0559798e-01 3.1801144e-04 2.2754118e-02 7.4160116e-04 8.9150475e-04
 5.6212267e-04 6.9134653e-02]",[0.99320894 0.00220416 0.00305373 0.00153318],[9.9999905e-01 9.5524035e-07],"[1.0631084e-06 8.6381187e-06 7.8131753e-04 2.7311403e-01 6.7474544e-01
 5.0681815e-02 6.5913016e-04 8.3964997e-06 1.4568674e-07]"
D:\Uni\Ulm\Master\Hiwi-Forschung-und-Lehre\Fairface\detected_faces\800448_face0.jpg,White,White,Male,20-29,"[9.4544333e-01 9.8066856e-05 1.7306371e-02 2.8515422e-05 4.4578177e-05
 1.3707385e-04 3.6942150e-02]",[9.9899393e-01 2.7427220e-04 1.9887503e-04 5.3292827e-04],[9.9995577e-01 4.4246433e-05],"[3.1248061e-07 6.4446402e-05 3.2285761e-02 8.6411041e-01 1.0236069e-01
 1.1717969e-03 6.4517244e-06 8.9212868e-08 2.0322781e-09]"
D:\Uni\Ulm\Master\Hiwi-Forschung-und-Lehre\Fairface\detected_faces\800451_face0.jpg,White,White,Male,20-29,"[9.9752700e-01 2.2084799e-07 4.3562617e-05 3.6720363e-07 7.2637539e-07
 3.2191562e-07 2.4278390e-03]",[9.9994326e-01 5.1769193e-06 2.9202089e-05 2.2349792e-05],[9.9999827e-01 1.7123139e-06],"[1.4835262e-08 2.9168948e-06 1.2119665e-02 9.4648623e-01 4.1206140e-02
 1.8434889e-04 6.4840356e-07 1.7619341e-08 2.9209757e-10]"
D:\Uni\Ulm\Master\Hiwi-Forschung-und-Lehre\Fairface\detected_faces\800457_face0.jpg,White,White,Male,30-39,"[4.7857645e-01 3.6210294e-03 3.0278447e-01 1.9276568e-04 6.8810320e-04
 5.4458790e-03 2.0869124e-01]",[0.9221252  0.03658162 0.00358604 0.03770718],[9.9934554e-01 6.5450656e-04],"[7.1817252e-05 2.1461027e-03 7.7096643e-03 2.4976213e-01 6.5885663e-01
 8.0646172e-02 7.9616660e-04 1.0995234e-05 2.6634783e-07]"
D:\Uni\Ulm\Master\Hiwi-Forschung-und-Lehre\Fairface\detected_faces\800465_face0.jpg,Black,Black,Male,20-29,"[9.98857245e-03 8.71901214e-01 1.05679765e-01 6.63188439e-06
 1.38292598e-04 9.62185906e-04 1.13231232e-02]",[2.0128302e-04 9.9976861e-01 1.1578950e-05 1.8468361e-05],[9.9999994e-01 7.7099280e-08],"[3.5732913e-07 3.0682113e-05 1.9279229e-02 7.7633750e-01 1.9745484e-01
 6.8049864e-03 9.0640518e-05 1.7136297e-06 2.4668266e-08]"
D:\Uni\Ulm\Master\Hiwi-Forschung-und-Lehre\Fairface\detected_faces\800951_face0.jpg,White,White,Male,20-29,"[9.8595738e-01 1.2768235e-05 4.1216244e-03 6.5896143e-07 3.0594676e-06
 4.7359234e-05 9.8571209e-03]",[9.9988788e-01 1.5333262e-05 3.1162899e-06 9.3652241e-05],[9.9999875e-01 1.2320520e-06],"[4.6065298e-07 4.6090528e-05 1.6485637e-02 7.2011900e-01 2.5093016e-01
 1.2335780e-02 8.2023347e-05 8.7714380e-07 1.0334302e-08]"
D:\Uni\Ulm\Master\Hiwi-Forschung-und-Lehre\Fairface\detected_faces\800971_face0.jpg,White,White,Male,30-39,"[9.8174024e-01 5.4136573e-05 7.5014858e-03 1.1495949e-06 9.7101811e-06
 2.1781950e-04 1.0475419e-02]",[9.9976903e-01 3.0353127e-05 9.8958117e-06 1.9066376e-04],[9.9999917e-01 8.4814070e-07],"[9.2551815e-08 8.0790409e-07 4.5985953e-04 3.4719092e-01 6.1917377e-01
 3.2841291e-02 3.2874162e-04 4.4106155e-06 9.9074818e-08]"
D:\Uni\Ulm\Master\Hiwi-Forschung-und-Lehre\Fairface\detected_faces\800976_face0.jpg,White,White,Male,20-29,"[9.99074399e-01 7.77025377e-07 2.87953299e-04 1.08615595e-05
 1.59155443e-05 4.39779285e-07 6.09608425e-04]",[9.99622107e-01 1.07263266e-04 2.53343431e-04 1.73108674e-05],[9.9999982e-01 1.2660381e-07],"[7.0548745e-09 9.8769033e-07 2.2484967e-03 7.8015697e-01 2.1519296e-01
 2.3923907e-03 8.0688005e-06 7.7049258e-08 1.2774880e-09]"
D:\Uni\Ulm\Master\Hiwi-Forschung-und-Lehre\Fairface\detected_faces\800982_face0.jpg,White,White,Male,30-39,"[2.7917355e-01 2.6465148e-01 2.7584818e-01 7.5047033e-06 5.4590102e-05
 7.2331536e-03 1.7303140e-01]",[0.699526   0.2682071  0.00221376 0.03005314],[9.9999911e-01 8.9826005e-07],"[1.3194641e-06 8.2246552e-06 3.2032790e-04 1.0882135e-01 7.1619618e-01
 1.6902027e-01 5.5737668e-03 5.7982797e-05 5.9700886e-07]"
D:\Uni\Ulm\Master\Hiwi-Forschung-und-Lehre\Fairface\detected_faces\800986_face0.jpg,White,White,Male,20-29,"[5.08787572e-01 1.20328856e-04 1.72601864e-02 1.60282303e-04
 2.31386395e-04 7.93901680e-04 4.72646385e-01]",[9.9699193e-01 1.1869406e-03 1.2553495e-04 1.6955308e-03],[9.9997741e-01 2.2593129e-05],"[1.2658789e-07 3.9166913e-05 1.4340892e-02 9.1267389e-01 7.2636038e-02
 3.0915096e-04 7.0667272e-07 9.2925410e-09 2.7526167e-10]"
D:\Uni\Ulm\Master\Hiwi-Forschung-und-Lehre\Fairface\detected_faces\800987_face0.jpg,White,White,Male,20-29,"[8.8249183e-01 1.3729818e-04 4.4664811e-02 5.6342935e-05 1.6587667e-04
 7.2350427e-05 7.2411366e-02]",[9.9842203e-01 8.9334056e-04 3.1536128e-04 3.6930575e-04],[9.9999785e-01 2.1420619e-06],"[2.0797424e-08 1.5717584e-05 4.0318754e-02 8.9995533e-01 5.9037801e-02
 6.6877250e-04 3.5402743e-06 2.5757405e-08 3.1551978e-10]"
D:\Uni\Ulm\Master\Hiwi-Forschung-und-Lehre\Fairface\detected_faces\801003_face0.jpg,Black,Black,Male,30-39,"[9.6075757e-07 9.9996114e-01 1.4137402e-05 1.1958120e-07 9.2455844e-07
 1.9956480e-05 2.7082465e-06]",[1.1927754e-06 9.9997616e-01 1.5687025e-05 7.0114347e-06],[0.8407059 0.1592941],"[1.2323068e-06 3.7319449e-04 2.4106506e-02 3.7468284e-01 5.6333578e-01
 3.6908887e-02 5.8767159e-04 3.7182533e-06 1.4538571e-07]"
D:\Uni\Ulm\Master\Hiwi-Forschung-und-Lehre\Fairface\detected_faces\801005_face0.jpg,Latino_Hispanic,White,Male,20-29,"[2.8333318e-01 1.3030573e-02 4.3213227e-01 2.7120466e-04 2.0362041e-03
 1.1822725e-02 2.5737378e-01]",[0.823064   0.11359272 0.01470339 0.04863988],[9.9999982e-01 1.8913966e-07],"[8.79738238e-08 4.15418544e-05 1.12902425e-01 8.52740705e-01
 3.39665413e-02 3.47470224e-04 1.14267743e-06 8.06020708e-08
 1.05246489e-09]"
D:\Uni\Ulm\Master\Hiwi-Forschung-und-Lehre\Fairface\detected_faces\801030_face0.jpg,White,White,Male,30-39,"[8.83723080e-01 7.19298376e-04 9.30247828e-03 8.84332694e-05
 1.26647952e-04 2.95092788e-04 1.05745055e-01]",[9.8378080e-01 9.6291518e-03 9.6143706e-04 5.6286161e-03],[1.000000e+00 4.104478e-08],"[1.1479797e-06 3.7324839e-06 8.9680043e-04 2.4050002e-01 6.1987698e-01
 1.3218449e-01 6.2849098e-03 2.4859665e-04 3.2905837e-06]"
D:\Uni\Ulm\Master\Hiwi-Forschung-und-Lehre\Fairface\detected_faces\801067_face0.jpg,Black,Black,Male,30-39,"[2.0141951e-07 9.9999619e-01 2.8280542e-06 5.4506883e-09 7.2684408e-08
 4.5890616e-07 2.2764679e-07]",[2.2687482e-07 9.9999845e-01 3.7591667e-07 8.8729786e-07],[9.999960e-01 4.036712e-06],"[1.48867575e-05 1.04520319e-03 1.85131542e-02 4.29295272e-01
 4.64509040e-01 8.53484869e-02 1.25341851e-03 1.92234384e-05
 1.30425110e-06]"
D:\Uni\Ulm\Master\Hiwi-Forschung-und-Lehre\Fairface\detected_faces\801211_face0.jpg,Latino_Hispanic,White,Male,20-29,"[3.3063644e-01 4.6444358e-03 4.4034612e-01 1.4192944e-04 9.3340204e-04
 1.2538388e-02 2.1075930e-01]",[0.6684526  0.17441803 0.008237   0.14889233],[9.999168e-01 8.323850e-05],"[1.5129177e-06 1.7034779e-05 2.7975249e-03 5.7775503e-01 4.0556031e-01
 1.3755164e-02 1.1088512e-04 2.3749838e-06 5.1996807e-08]"
D:\Uni\Ulm\Master\Hiwi-Forschung-und-Lehre\Fairface\detected_faces\801212_face0.jpg,Black,Black,Male,30-39,"[1.4834029e-06 9.9988347e-01 7.4483476e-05 9.0397441e-07 1.2478845e-05
 2.7044216e-05 1.4150862e-07]",[2.4449109e-06 9.9971515e-01 2.3978023e-04 4.2555086e-05],[9.9958098e-01 4.1895546e-04],"[4.70584237e-05 9.60939797e-04 1.31698279e-02 3.38483810e-01
 5.20348132e-01 1.21361926e-01 5.56003349e-03 6.45249747e-05
 3.69748182e-06]"
D:\Uni\Ulm\Master\Hiwi-Forschung-und-Lehre\Fairface\detected_faces\801212_face1.jpg,Black,Black,Male,30-39,"[5.3351766e-08 9.9997681e-01 9.0506119e-06 1.1756668e-08 3.6853476e-07
 1.3784947e-05 2.3286875e-08]",[1.1994938e-06 9.9997574e-01 1.0969945e-05 1.2097475e-05],[9.999310e-01 6.903225e-05],"[6.3261637e-06 2.2209637e-04 1.0014507e-02 3.7167808e-01 5.4102880e-01
 7.5624615e-02 1.3971841e-03 2.6794190e-05 1.5834440e-06]"
D:\Uni\Ulm\Master\Hiwi-Forschung-und-Lehre\Fairface\detected_faces\801243_face0.jpg,East Asian,Asian,Male,20-29,"[5.0754484e-04 3.4050868e-06 9.1310911e-04 8.8224679e-01 1.1614674e-01
 5.4261363e-05 1.2821530e-04]",[8.9015625e-04 7.6498378e-05 9.9866158e-01 3.7174753e-04],[9.9999917e-01 7.5654066e-07],"[7.5316180e-08 8.2616752e-06 1.9558381e-02 8.0734819e-01 1.6737856e-01
 5.5880472e-03 1.1428376e-04 4.2870101e-06 3.1798827e-08]"
D:\Uni\Ulm\Master\Hiwi-Forschung-und-Lehre\Fairface\detected_faces\801246_face0.jpg,White,White,Male,20-29,"[6.2842381e-01 8.4736040e-03 1.4532033e-01 3.7904459e-04 1.3034079e-03
 9.9168054e-04 2.1510814e-01]",[9.901634e-01 9.534967e-03 9.270473e-05 2.089471e-04],[9.9998546e-01 1.4558605e-05],"[5.0865101e-06 2.2643164e-04 1.7797157e-02 7.0316797e-01 2.6797897e-01
 1.0695974e-02 1.2506079e-04 3.2564153e-06 6.7770507e-08]"
D:\Uni\Ulm\Master\Hiwi-Forschung-und-Lehre\Fairface\detected_faces\801263_face0.jpg,White,White,Male,20-29,"[8.5119069e-01 3.9333579e-05 5.8365897e-03 6.5445979e-06 2.3509278e-05
 1.2241973e-04 1.4278094e-01]",[9.9903321e-01 2.9283544e-04 2.6408987e-05 6.4754434e-04],[1.0000000e+00 2.7408708e-08],"[2.4756059e-07 3.6801197e-05 1.0933184e-02 8.9804029e-01 8.9866802e-02
 1.1193781e-03 3.2599805e-06 3.4891780e-08 4.3634654e-10]"
D:\Uni\Ulm\Master\Hiwi-Forschung-und-Lehre\Fairface\detected_faces\801280_face0.jpg,Black,Black,Male,30-39,"[2.7845651e-03 7.8314525e-01 8.0358535e-02 1.6197211e-05 4.0446900e-04
 1.3043961e-01 2.8513428e-03]",[4.2268637e-04 9.8271835e-01 6.4032851e-05 1.6794914e-02],[9.999999e-01 7.838671e-08],"[1.16526530e-06 4.76764690e-05 4.39510727e-03 4.56634521e-01
 4.85747993e-01 5.20181768e-02 1.14719104e-03 8.08525874e-06
 1.06901844e-07]"
D:\Uni\Ulm\Master\Hiwi-Forschung-und-Lehre\Fairface\detected_faces\801287_face0.jpg,Black,Black,Male,20-29,"[8.6290572e-07 9.9994737e-01 9.5940914e-06 5.6511269e-08 9.5807843e-07
 3.8764938e-05 2.3135965e-06]",[6.1974890e-07 9.9999756e-01 3.9471666e-07 1.4584730e-06],[9.9984080e-01 1.5921453e-04],"[2.6770698e-07 1.0083514e-05 6.6646701e-03 5.7594961e-01 3.5700187e-01
 5.8217324e-02 2.0814515e-03 6.9572336e-05 5.0478075e-06]"
D:\Uni\Ulm\Master\Hiwi-Forschung-und-Lehre\Fairface\detected_faces\801296_face0.jpg,Black,Black,Male,20-29,"[5.0498631e-08 9.9999285e-01 2.1963222e-06 7.9402479e-10 3.2149295e-08
 4.5808092e-06 2.5910569e-07]",[1.7666974e-07 9.9999624e-01 5.8072703e-07 3.0364690e-06],[1.000000e+00 7.678144e-09],"[3.4972825e-09 9.9139527e-07 2.9124159e-03 7.1933317e-01 2.6781175e-01
 9.9048456e-03 3.6375979e-05 5.0437677e-07 1.1676256e-08]"
D:\Uni\Ulm\Master\Hiwi-Forschung-und-Lehre\Fairface\detected_faces\801306_face0.jpg,White,White,Male,30-39,"[5.0718188e-01 2.1071975e-04 1.3190059e-01 9.5141288e-05 2.1970051e-04
 4.1813608e-02 3.1857842e-01]",[0.668054   0.00213115 0.00185011 0.32796472],[9.9985385e-01 1.4613816e-04],"[5.4711603e-07 6.5464828e-06 2.7787936e-04 1.5140928e-01 7.5283921e-01
 9.4884433e-02 5.7843915e-04 3.5669048e-06 8.3025249e-08]"
D:\Uni\Ulm\Master\Hiwi-Forschung-und-Lehre\Fairface\detected_faces\801378_face0.jpg,Black,Black,Male,20-29,"[7.3716932e-05 9.9277121e-01 1.4858735e-03 2.3484114e-08 1.1926593e-06
 4.0296139e-03 1.6383991e-03]",[2.5323914e-06 9.9992639e-01 4.9376246e-07 7.0656919e-05],[9.9999791e-01 2.1135136e-06],"[5.3045159e-09 5.3726978e-07 2.1718175e-03 6.0021812e-01 3.8836792e-01
 9.1570644e-03 8.2716484e-05 1.8222906e-06 2.7895165e-08]"
D:\Uni\Ulm\Master\Hiwi-Forschung-und-Lehre\Fairface\detected_faces\801391_face0.jpg,Latino_Hispanic,Black,Male,20-29,"[0.0102799  0.18286309 0.77429116 0.00101256 0.02075937 0.00528668
 0.00550713]",[0.01701537 0.91154474 0.05975604 0.011684  ],[9.9999428e-01 5.6847903e-06],"[1.3135635e-05 5.0544244e-05 1.4040124e-02 5.3746551e-01 4.0984386e-01
 3.7609193e-02 9.5579325e-04 2.1497925e-05 3.4873665e-07]"
D:\Uni\Ulm\Master\Hiwi-Forschung-und-Lehre\Fairface\detected_faces\801460_face0.jpg,White,White,Male,20-29,"[9.6831053e-01 2.2925804e-05 1.7317438e-02 1.8432596e-05 4.9544142e-05
 4.3254193e-05 1.4237946e-02]",[9.9977404e-01 1.0493147e-05 8.9384004e-05 1.2606819e-04],[9.9986106e-01 1.3895928e-04],"[5.0585559e-08 3.2127929e-05 8.1884786e-02 8.5309225e-01 6.3378610e-02
 1.6024705e-03 9.5775868e-06 1.3829472e-07 3.1674339e-09]"
D:\Uni\Ulm\Master\Hiwi-Forschung-und-Lehre\Fairface\detected_faces\801462_face0.jpg,White,White,Male,30-39,"[9.9927980e-01 9.1876864e-06 2.4325136e-04 2.4213271e-06 1.1149104e-05
 3.8729727e-06 4.5040748e-04]",[9.9774700e-01 2.0283456e-03 5.5226850e-05 1.6939006e-04],[9.9999124e-01 8.8195902e-06],"[3.6886385e-07 7.7584600e-06 2.3458162e-03 4.0952745e-01 5.4219061e-01
 4.4862222e-02 1.0281237e-03 3.6181165e-05 1.4462497e-06]"
D:\Uni\Ulm\Master\Hiwi-Forschung-und-Lehre\Fairface\detected_faces\801483_face0.jpg,White,White,Male,20-29,"[9.9778420e-01 1.6834731e-05 6.6901109e-04 4.7510339e-06 9.1057136e-06
 1.0743514e-06 1.5149695e-03]",[9.9953818e-01 3.5026463e-04 1.0644240e-04 5.1373468e-06],[9.9999684e-01 3.1770280e-06],"[3.6366576e-08 1.5238654e-05 1.3414404e-01 8.4591973e-01 1.9605456e-02
 3.1090339e-04 4.4631001e-06 1.4284181e-07 3.4354573e-09]"
D:\Uni\Ulm\Master\Hiwi-Forschung-und-Lehre\Fairface\detected_faces\801557_face0.jpg,White,White,Male,20-29,"[9.9992043e-01 5.1827607e-07 1.1189857e-06 5.6630078e-08 1.7168929e-07
 1.5015749e-07 7.7450895e-05]",[9.9999654e-01 1.8129113e-06 1.1681260e-06 4.3773719e-07],[9.9999857e-01 1.4913473e-06],"[2.5486568e-07 5.3262807e-05 6.6602575e-03 6.6988909e-01 3.1160647e-01
 1.1603775e-02 1.8462489e-04 2.0575317e-06 1.3558410e-07]"
D:\Uni\Ulm\Master\Hiwi-Forschung-und-Lehre\Fairface\detected_faces\801605_face0.jpg,White,White,Male,20-29,"[9.9954188e-01 4.8955943e-08 1.2097606e-05 1.0810328e-07 2.5753744e-07
 5.1158132e-08 4.4546730e-04]",[9.9986166e-01 4.1318999e-05 8.9356181e-05 7.6831057e-06],[9.9999988e-01 5.1933483e-08],"[2.66141846e-08 9.38510857e-06 1.43507821e-02 8.47960055e-01
 1.35495782e-01 2.17472971e-03 9.12634550e-06 1.11101826e-07
 1.24994148e-09]"
D:\Uni\Ulm\Master\Hiwi-Forschung-und-Lehre\Fairface\detected_faces\801837_face0.jpg,White,White,Male,20-29,"[8.6954731e-01 1.3295642e-05 8.1048114e-03 3.3064494e-05 6.8366848e-05
 3.4649353e-04 1.2188674e-01]",[9.9259084e-01 2.8716994e-04 1.5049855e-03 5.6170272e-03],[9.9998754e-01 1.2451696e-05],"[2.0206626e-07 7.8232033e-06 3.3418876e-03 7.9198134e-01 2.0284408e-01
 1.8195831e-03 5.0874551e-06 6.0558456e-08 1.1114232e-09]"
D:\Uni\Ulm\Master\Hiwi-Forschung-und-Lehre\Fairface\detected_faces\801951_face0.jpg,White,White,Male,20-29,"[9.9900788e-01 7.9760966e-06 7.5096759e-04 6.2540153e-06 1.7883511e-05
 1.0569866e-05 1.9844384e-04]",[9.9961710e-01 1.8154245e-04 1.4234906e-04 5.9062411e-05],[9.9999970e-01 2.6838188e-07],"[2.87292238e-07 1.35335813e-05 6.23834087e-03 6.92459583e-01
 2.91125476e-01 1.00494875e-02 1.12184905e-04 1.10835140e-06
 2.41685747e-08]"
D:\Uni\Ulm\Master\Hiwi-Forschung-und-Lehre\Fairface\detected_faces\802034_face0.jpg,Middle Eastern,White,Male,20-29,"[6.7039378e-02 1.4249666e-02 4.3482509e-01 4.6861867e-05 2.7231191e-04
 1.7531870e-02 4.6603483e-01]",[0.63043845 0.14957756 0.00261012 0.21737386],[9.9999988e-01 1.4408442e-07],"[1.4433785e-07 8.5227703e-06 3.2506641e-03 7.3404527e-01 2.5762004e-01
 5.0508264e-03 2.4150875e-05 3.8767598e-07 4.3854476e-09]"
D:\Uni\Ulm\Master\Hiwi-Forschung-und-Lehre\Fairface\detected_faces\802133_face0.jpg,White,White,Male,20-29,"[6.7952925e-01 1.6750218e-04 2.2937758e-02 1.9226948e-04 2.7868160e-04
 2.1098808e-03 2.9478469e-01]",[9.8774874e-01 3.4505844e-03 6.6221581e-04 8.1384443e-03],[9.9995863e-01 4.1318472e-05],"[2.9950886e-07 5.3778003e-05 7.8316070e-03 8.6289519e-01 1.2867163e-01
 5.4670993e-04 7.3763226e-07 1.0360986e-08 2.4509758e-10]"
D:\Uni\Ulm\Master\Hiwi-Forschung-und-Lehre\Fairface\detected_faces\802136_face0.jpg,Black,Black,Male,20-29,"[3.51218591e-06 9.99263942e-01 1.09534529e-04 3.57720751e-07
 1.00379075e-05 6.05829584e-04 6.91547029e-06]",[3.1908485e-06 9.9974835e-01 1.8526871e-05 2.2987633e-04],[9.9994421e-01 5.5847286e-05],"[9.5410905e-07 1.7092592e-04 2.9568706e-02 4.6387273e-01 4.1240501e-01
 8.8798791e-02 5.0088684e-03 1.6749545e-04 6.4995588e-06]"
D:\Uni\Ulm\Master\Hiwi-Forschung-und-Lehre\Fairface\detected_faces\802138_face0.jpg,Black,Black,Male,20-29,"[9.2015844e-09 9.9999988e-01 4.0037310e-08 2.1914878e-11 3.3769981e-10
 8.4648590e-08 3.3898611e-09]",[7.7943156e-08 9.9999976e-01 2.7722674e-08 1.4698547e-07],[9.9999672e-01 3.2974265e-06],"[3.0777244e-08 1.5945128e-05 1.1342325e-02 7.1074843e-01 2.5965261e-01
 1.8116368e-02 1.2305206e-04 1.1418946e-06 5.6543051e-08]"
D:\Uni\Ulm\Master\Hiwi-Forschung-und-Lehre\Fairface\detected_faces\802142_face0.jpg,Black,Black,Male,20-29,"[2.2382537e-08 9.9999934e-01 1.8136740e-07 5.2854863e-11 6.1723571e-10
 2.0286279e-07 2.4843470e-07]",[8.4739114e-08 9.9999911e-01 1.4837428e-07 5.9983347e-07],[9.9999768e-01 2.3535445e-06],"[7.0021088e-06 3.2656209e-03 3.6709655e-02 4.7804210e-01 4.3966904e-01
 4.2141866e-02 1.6319353e-04 1.5051752e-06 8.3656616e-08]"
D:\Uni\Ulm\Master\Hiwi-Forschung-und-Lehre\Fairface\detected_faces\802143_face0.jpg,Black,Black,Male,20-29,"[1.14430732e-03 9.12582040e-01 6.47964105e-02 1.82752115e-06
 6.33724485e-05 1.38040455e-02 7.60803744e-03]",[1.1370514e-03 9.8540562e-01 3.7428350e-04 1.3083066e-02],[1.0000000e+00 3.4107974e-09],"[4.6717620e-08 1.2145459e-06 7.6130393e-04 4.9474716e-01 4.8538664e-01
 1.8995710e-02 1.0736475e-04 5.6195154e-07 6.6409602e-09]"
D:\Uni\Ulm\Master\Hiwi-Forschung-und-Lehre\Fairface\detected_faces\802149_face0.jpg,Black,Black,Male,20-29,"[1.0777579e-08 9.9999917e-01 2.1059925e-07 1.0191529e-09 1.9474939e-08
 5.8297024e-07 9.5390604e-08]",[2.2545207e-07 9.9999619e-01 1.4342135e-06 2.1891274e-06],[9.9999994e-01 7.9865465e-08],"[5.8350047e-08 1.6790926e-05 5.3805360e-03 6.0943681e-01 3.5325176e-01
 3.1737227e-02 1.7337140e-04 3.2147984e-06 1.4827712e-07]"
D:\Uni\Ulm\Master\Hiwi-Forschung-und-Lehre\Fairface\detected_faces\802281_face0.jpg,White,White,Male,20-29,"[9.9935645e-01 6.1541911e-08 4.7469086e-05 1.5908269e-06 1.5316341e-06
 1.7757441e-07 5.9270393e-04]",[9.9994892e-01 2.6770167e-06 4.5272147e-05 3.2115663e-06],[9.9999762e-01 2.3432065e-06],"[3.93764665e-08 6.64439267e-06 2.66263355e-03 5.85550964e-01
 4.02803034e-01 8.95370357e-03 2.28889785e-05 1.09031845e-07
 2.29024155e-09]"
D:\Uni\Ulm\Master\Hiwi-Forschung-und-Lehre\Fairface\detected_faces\802325_face0.jpg,White,White,Male,30-39,"[8.4224427e-01 8.6256000e-04 2.6880398e-02 1.5594384e-06 1.0433293e-05
 5.7952927e-04 1.2942122e-01]",[9.8053843e-01 7.7306381e-03 1.9248463e-04 1.1538412e-02],[1.000000e+00 4.043257e-08],"[2.7820061e-08 1.6228466e-07 4.0124993e-05 1.5708381e-01 7.8185719e-01
 6.0604203e-02 4.1174295e-04 2.6857147e-06 1.9845029e-08]"
D:\Uni\Ulm\Master\Hiwi-Forschung-und-Lehre\Fairface\detected_faces\802494_face0.jpg,Middle Eastern,Indian,Male,20-29,"[2.76046377e-02 8.59999855e-04 1.09130114e-01 1.21973353e-05
 1.27978929e-04 5.89348422e-03 8.56371582e-01]",[0.38401657 0.0273583  0.00857846 0.5800467 ],[9.999999e-01 9.508951e-08],"[2.8146189e-08 3.5001319e-06 2.6190593e-03 8.2349581e-01 1.7246790e-01
 1.4109515e-03 2.6844261e-06 4.8033090e-08 4.3328074e-10]"
D:\Uni\Ulm\Master\Hiwi-Forschung-und-Lehre\Fairface\detected_faces\802561_face0.jpg,White,Black,Male,20-29,"[8.8668185e-01 1.0944357e-03 3.2881942e-02 1.6671934e-04 3.2123082e-04
 1.2720071e-04 7.8726582e-02]",[0.4572843  0.5295308  0.01038051 0.00280436],[9.9998963e-01 1.0355415e-05],"[1.8771738e-08 4.8843194e-06 4.4662032e-02 8.8379669e-01 6.9971852e-02
 1.5343201e-03 2.9658708e-05 5.2276437e-07 7.1808155e-09]"
D:\Uni\Ulm\Master\Hiwi-Forschung-und-Lehre\Fairface\detected_faces\802665_face0.jpg,Middle Eastern,White,Male,20-29,"[7.0253700e-02 2.8744846e-04 6.6037089e-02 1.2635509e-04 3.3637712e-04
 1.7511969e-03 8.6120784e-01]",[9.845137e-01 5.468184e-04 6.033401e-03 8.905941e-03],[9.999997e-01 3.371738e-07],"[6.0651456e-07 9.7933926e-06 2.5629527e-03 6.6552693e-01 3.2424569e-01
 7.6134820e-03 3.9741735e-05 8.4834369e-07 1.1675142e-08]"
D:\Uni\Ulm\Master\Hiwi-Forschung-und-Lehre\Fairface\detected_faces\802695_face0.jpg,White,White,Male,20-29,"[9.1414249e-01 1.3707192e-05 8.2874158e-03 2.3898140e-06 1.8096505e-05
 2.5716552e-04 7.7278771e-02]",[9.9609828e-01 3.2425814e-04 6.6824054e-04 2.9092149e-03],[9.9999708e-01 2.9071791e-06],"[1.0286723e-07 6.4701849e-06 3.1341105e-03 6.1170864e-01 3.7424809e-01
 1.0864101e-02 3.8188846e-05 3.0518373e-07 3.6612791e-09]"
D:\Uni\Ulm\Master\Hiwi-Forschung-und-Lehre\Fairface\detected_faces\802697_face0.jpg,White,White,Male,20-29,"[9.2091918e-01 4.7577154e-03 3.8947918e-02 2.9220531e-04 3.5674265e-03
 2.3901919e-02 7.6136380e-03]",[0.97495496 0.01182771 0.0014749  0.01174251],[9.9998438e-01 1.5625485e-05],"[1.1711306e-06 2.0042481e-04 1.8405505e-02 6.4163101e-01 3.1474772e-01
 2.4515895e-02 4.9149769e-04 6.4520418e-06 3.3108321e-07]"
D:\Uni\Ulm\Master\Hiwi-Forschung-und-Lehre\Fairface\detected_faces\802719_face0.jpg,White,White,Male,20-29,"[7.8401029e-01 2.7221453e-04 4.0333573e-02 1.5582157e-04 8.2107331e-04
 3.8224552e-04 1.7402479e-01]",[0.97572947 0.01909456 0.00263405 0.00254192],[9.999634e-01 3.663561e-05],"[5.6498372e-08 2.9347515e-05 7.3197572e-03 7.6288462e-01 2.2804642e-01
 1.7158774e-03 3.9067559e-06 5.3075006e-08 1.2255139e-09]"
D:\Uni\Ulm\Master\Hiwi-Forschung-und-Lehre\Fairface\detected_faces\802826_face0.jpg,Black,Black,Male,20-29,"[4.9888263e-07 9.9989122e-01 6.9307207e-06 5.6191700e-09 7.1586747e-08
 9.5989541e-05 5.2225423e-06]",[1.0120388e-06 9.9998909e-01 1.0916663e-07 9.7630118e-06],[9.9984694e-01 1.5304914e-04],"[2.7476164e-08 1.5894471e-05 8.0152135e-03 5.0534773e-01 4.5357996e-01
 3.2623220e-02 4.1228128e-04 5.4777211e-06 1.7664271e-07]"
D:\Uni\Ulm\Master\Hiwi-Forschung-und-Lehre\Fairface\detected_faces\802830_face0.jpg,Latino_Hispanic,White,Male,20-29,"[0.02585343 0.00293408 0.9230892  0.00176284 0.00499141 0.00402656
 0.0373425 ]",[0.46166745 0.03892292 0.40568623 0.09372339],[9.9999714e-01 2.8383620e-06],"[8.03201260e-07 9.23766493e-05 3.19529772e-02 8.43709230e-01
 1.20822966e-01 3.40576656e-03 1.52225648e-05 6.51524999e-07
 7.86288723e-09]"
D:\Uni\Ulm\Master\Hiwi-Forschung-und-Lehre\Fairface\detected_faces\802841_face0.jpg,White,White,Male,20-29,"[9.1043603e-01 2.9754065e-04 4.1819960e-02 2.1742788e-04 3.0917936e-04
 1.1193801e-04 4.6807982e-02]",[9.9038547e-01 3.8884848e-03 5.3833970e-03 3.4266070e-04],[9.9999821e-01 1.8124236e-06],"[7.8236177e-08 3.3649281e-05 5.0250094e-02 9.0176404e-01 4.7269292e-02
 6.7583635e-04 6.8977506e-06 9.2378976e-08 1.3133542e-09]"
D:\Uni\Ulm\Master\Hiwi-Forschung-und-Lehre\Fairface\detected_faces\802862_face0.jpg,White,White,Male,10-19,"[5.9438670e-01 1.1919239e-03 3.3868682e-02 3.4885772e-04 1.1065577e-03
 5.9938589e-05 3.6903739e-01]",[9.7646236e-01 1.8711286e-02 4.5465375e-03 2.7983289e-04],[9.9969304e-01 3.0694783e-04],"[9.3683587e-07 5.4847393e-03 7.6849049e-01 2.1002431e-01 1.5157499e-02
 8.2744512e-04 1.3849388e-05 7.0131654e-07 1.5892208e-08]"
D:\Uni\Ulm\Master\Hiwi-Forschung-und-Lehre\Fairface\detected_faces\802863_face0.jpg,White,White,Male,20-29,"[8.6455977e-01 1.6895233e-06 1.6378751e-03 4.7186518e-06 9.1420061e-06
 3.1640898e-06 1.3378359e-01]",[9.9988395e-01 1.0753979e-05 6.5873581e-05 3.9489169e-05],[9.999620e-01 3.801863e-05],"[1.4881156e-09 4.3388782e-06 1.4193359e-01 8.4742844e-01 1.0571314e-02
 6.2281913e-05 9.4043607e-08 9.8389596e-10 1.8324744e-11]"
D:\Uni\Ulm\Master\Hiwi-Forschung-und-Lehre\Fairface\detected_faces\802864_face0.jpg,White,White,Male,20-29,"[9.8472154e-01 5.0199909e-05 4.0858123e-03 6.7891301e-06 3.3868680e-05
 7.0805004e-06 1.1094786e-02]",[9.9926227e-01 5.7362276e-04 5.3115102e-05 1.1101268e-04],[9.9999946e-01 4.9547435e-07],"[3.2985024e-09 1.6067319e-06 1.6697958e-02 9.3660653e-01 4.6313781e-02
 3.7812183e-04 1.9641955e-06 2.4503450e-08 4.1442286e-10]"
D:\Uni\Ulm\Master\Hiwi-Forschung-und-Lehre\Fairface\detected_faces\802899_face0.jpg,White,White,Male,20-29,"[9.8259312e-01 2.1936231e-04 6.2583303e-03 6.5870977e-06 1.9340654e-05
 3.0313058e-05 1.0872910e-02]",[9.5179057e-01 4.6299446e-02 1.0422430e-03 8.6776970e-04],[9.9977338e-01 2.2665953e-04],"[3.8140357e-08 8.1247535e-06 5.6439105e-02 8.5707372e-01 8.0876246e-02
 5.4767532e-03 1.2276717e-04 3.1582897e-06 7.7604525e-08]"
D:\Uni\Ulm\Master\Hiwi-Forschung-und-Lehre\Fairface\detected_faces\803023_face0.jpg,White,White,Male,20-29,"[9.8649478e-01 4.9160561e-05 2.3078502e-03 1.9537083e-06 1.1399867e-05
 8.3937493e-06 1.1126474e-02]",[9.9937135e-01 5.6212087e-04 3.9275787e-05 2.7307029e-05],[1.0000000e+00 5.5826828e-09],"[1.8400749e-08 2.0098812e-06 4.3502524e-03 8.8119459e-01 1.1337842e-01
 1.0713249e-03 3.2709352e-06 4.7010772e-08 5.0920468e-10]"
D:\Uni\Ulm\Master\Hiwi-Forschung-und-Lehre\Fairface\detected_faces\803025_face0.jpg,White,White,Male,10-19,"[9.2287028e-01 5.6574368e-06 4.6099829e-03 1.8740795e-05 1.2747559e-05
 2.7134663e-06 7.2479799e-02]",[9.9988705e-01 7.1000832e-05 2.8181179e-05 1.3796823e-05],[9.9977100e-01 2.2907594e-04],"[1.1650850e-06 2.8980072e-03 7.7838975e-01 2.1027699e-01 8.1321029e-03
 2.9924206e-04 2.6892126e-06 4.8463608e-08 1.1322903e-09]"
D:\Uni\Ulm\Master\Hiwi-Forschung-und-Lehre\Fairface\detected_faces\803028_face0.jpg,Black,Black,Male,20-29,"[2.6055889e-06 9.9927515e-01 9.7330601e-05 1.9276534e-07 6.5820263e-06
 6.1509648e-04 2.9430855e-06]",[5.5694777e-06 9.9880552e-01 2.8234092e-05 1.1607097e-03],[9.9999785e-01 2.1139276e-06],"[8.0692320e-07 9.8385259e-05 1.7555254e-02 6.0421866e-01 3.2701069e-01
 4.9302027e-02 1.7477932e-03 6.3790649e-05 2.6512553e-06]"
D:\Uni\Ulm\Master\Hiwi-Forschung-und-Lehre\Fairface\detected_faces\803031_face0.jpg,White,White,Male,30-39,"[9.8975116e-01 6.4551983e-05 2.1798078e-03 6.1776313e-06 1.6659758e-05
 2.2483573e-05 7.9590743e-03]",[9.9953353e-01 1.4511347e-04 1.2761712e-04 1.9375875e-04],[1.000000e+00 3.918164e-08],"[2.8060316e-07 1.5421676e-05 8.5450686e-04 3.2257485e-01 6.3326269e-01
 4.3006379e-02 2.8333024e-04 2.5891195e-06 3.1046209e-08]"
D:\Uni\Ulm\Master\Hiwi-Forschung-und-Lehre\Fairface\detected_faces\803033_face0.jpg,White,White,Male,20-29,"[9.9654478e-01 8.7411981e-06 6.8021473e-04 9.9473773e-04 6.7832303e-04
 6.1039673e-06 1.0871203e-03]",[9.8636478e-01 2.4798044e-05 1.3552766e-02 5.7634657e-05],[1.0000000e+00 1.8015294e-08],"[1.9092850e-07 1.8208390e-06 5.3154171e-04 5.0033152e-01 4.8883158e-01
 1.0248282e-02 5.4628850e-05 5.1301799e-07 9.6906945e-09]"
D:\Uni\Ulm\Master\Hiwi-Forschung-und-Lehre\Fairface\detected_faces\803037_face0.jpg,Black,Black,Male,30-39,"[0.03680035 0.634644   0.1050521  0.00301018 0.01791443 0.00321421
 0.19936472]",[0.00453912 0.9611536  0.03202976 0.00227753],[9.9999976e-01 2.6072573e-07],"[4.0571967e-06 1.1216337e-04 4.0957788e-03 4.3557355e-01 5.3169477e-01
 2.8179288e-02 3.3407743e-04 6.1827459e-06 1.8599954e-07]"
D:\Uni\Ulm\Master\Hiwi-Forschung-und-Lehre\Fairface\detected_faces\803039_face0.jpg,Black,Black,Male,30-39,"[3.7391535e-03 7.0604253e-01 1.7640802e-01 1.7395058e-05 5.5182970e-04
 8.3387554e-02 2.9853441e-02]",[0.01600076 0.84960324 0.00102045 0.13337548],[9.9999917e-01 8.2970024e-07],"[5.3897651e-07 5.3092135e-06 1.1997282e-03 1.8950579e-01 6.6576201e-01
 1.3945879e-01 3.9852494e-03 8.1366074e-05 1.2365517e-06]"
D:\Uni\Ulm\Master\Hiwi-Forschung-und-Lehre\Fairface\detected_faces\803159_face0.jpg,White,White,Male,10-19,"[9.9854708e-01 3.2885006e-07 4.4543493e-05 6.3721900e-06 3.3063222e-06
 7.9478082e-07 1.3976613e-03]",[9.9995577e-01 5.3263821e-06 2.8635868e-05 1.0303342e-05],[9.99893486e-01 1.06506624e-04],"[3.2009062e-08 3.5690918e-04 8.3270669e-01 1.6540043e-01 1.5016798e-03
 3.4082685e-05 1.8008025e-07 4.2701918e-09 2.6261224e-10]"
D:\Uni\Ulm\Master\Hiwi-Forschung-und-Lehre\Fairface\detected_faces\803174_face0.jpg,Latino_Hispanic,Black,Male,20-29,"[1.0537704e-01 9.6986063e-02 7.8561723e-01 7.1882590e-05 3.3540651e-04
 4.2959526e-03 7.3164497e-03]",[0.01773837 0.9650909  0.00122136 0.01594939],[9.9999928e-01 6.9256527e-07],"[1.7102140e-07 1.2288180e-06 3.0411251e-03 5.2945751e-01 4.2686921e-01
 3.9065156e-02 1.5430914e-03 2.2289958e-05 1.8723897e-07]"
D:\Uni\Ulm\Master\Hiwi-Forschung-und-Lehre\Fairface\detected_faces\803175_face0.jpg,White,White,Male,20-29,"[8.1468815e-01 5.0503786e-06 2.9882312e-02 1.0413995e-03 8.4551616e-04
 9.6375623e-04 1.5257390e-01]",[9.9065489e-01 3.6749927e-05 3.0482521e-03 6.2601464e-03],[9.9999750e-01 2.5307795e-06],"[3.8734147e-06 1.7730311e-04 3.2223906e-02 6.3545078e-01 2.9875794e-01
 3.2952297e-02 4.2763370e-04 6.1511264e-06 6.2692045e-08]"
D:\Uni\Ulm\Master\Hiwi-Forschung-und-Lehre\Fairface\detected_faces\803180_face0.jpg,Latino_Hispanic,Black,Male,20-29,"[9.6140988e-03 4.0605295e-01 4.9876115e-01 3.8765249e-04 5.5462127e-03
 3.3521321e-02 4.6116639e-02]",[0.00814538 0.9849844  0.00314481 0.00372544],[9.9999976e-01 2.4282730e-07],"[9.4462007e-07 1.9190955e-05 3.5824191e-03 5.5731118e-01 4.0686402e-01
 3.1820647e-02 3.9406470e-04 7.4221589e-06 9.0206143e-08]"
D:\Uni\Ulm\Master\Hiwi-Forschung-und-Lehre\Fairface\detected_faces\803181_face0.jpg,Black,Black,Male,10-19,"[2.8824441e-03 8.7312531e-01 1.0337907e-01 6.7398047e-05 1.6531846e-03
 1.1994180e-02 6.8984041e-03]",[5.0172606e-04 9.9557233e-01 2.8034186e-04 3.6455924e-03],[9.9997574e-01 2.4310268e-05],"[2.4067313e-07 2.7990446e-03 8.0335832e-01 1.9196342e-01 1.8668837e-03
 1.1985676e-05 3.7137326e-08 1.6156628e-09 4.8433729e-11]"
D:\Uni\Ulm\Master\Hiwi-Forschung-und-Lehre\Fairface\detected_faces\803182_face0.jpg,White,White,Male,20-29,"[9.9998391e-01 4.7647688e-08 1.8846745e-06 1.8983858e-08 4.0177692e-08
 5.5580404e-08 1.4043339e-05]",[9.9999970e-01 1.5376807e-07 3.0797025e-08 1.4645973e-07],[1.0000000e+00 2.8612039e-08],"[3.9001966e-09 9.4420557e-07 1.0691183e-03 7.8823400e-01 2.0890643e-01
 1.7866619e-03 2.8580694e-06 9.7287245e-09 2.6579750e-10]"
D:\Uni\Ulm\Master\Hiwi-Forschung-und-Lehre\Fairface\detected_faces\803185_face0.jpg,Black,Black,Male,20-29,"[6.5682121e-05 9.9647707e-01 2.4821891e-03 3.2540112e-07 1.5113346e-05
 3.3275879e-04 6.2685105e-04]",[1.24522257e-05 9.99874532e-01 9.07695267e-06 1.04022765e-04],[9.9999994e-01 6.5537975e-08],"[3.1644865e-07 1.4428930e-05 7.9471646e-03 7.6034003e-01 2.2381531e-01
 7.8102457e-03 7.0616377e-05 1.8532819e-06 6.7487434e-08]"
D:\Uni\Ulm\Master\Hiwi-Forschung-und-Lehre\Fairface\detected_faces\803678_face0.jpg,White,White,Male,20-29,"[9.9891585e-01 3.2539105e-05 2.6044119e-04 7.3126330e-07 1.8294131e-06
 3.2713187e-06 7.8538025e-04]",[9.9486870e-01 4.7511254e-03 5.2976284e-05 3.2719751e-04],[9.9999952e-01 4.6790154e-07],"[6.0986117e-08 4.3310106e-06 3.2647452e-03 5.4901594e-01 4.2647213e-01
 2.0777013e-02 4.6079251e-04 4.9144087e-06 6.1590825e-08]"
D:\Uni\Ulm\Master\Hiwi-Forschung-und-Lehre\Fairface\detected_faces\803705_face0.jpg,White,White,Male,20-29,"[9.9910569e-01 6.9405637e-06 3.6089023e-04 9.7232783e-07 5.5856035e-06
 3.1855780e-07 5.1957770e-04]",[9.99371350e-01 4.97724919e-04 1.13756614e-04 1.71364118e-05],[1.0000000e+00 3.2158493e-10],"[1.2096608e-09 1.9948900e-06 1.6593674e-02 9.5372564e-01 2.9541180e-02
 1.3727065e-04 3.1430361e-07 3.3479084e-09 2.8736714e-11]"
D:\Uni\Ulm\Master\Hiwi-Forschung-und-Lehre\Fairface\detected_faces\803803_face0.jpg,Black,Black,Male,30-39,"[1.2498075e-04 9.6199852e-01 1.3006528e-02 1.9487359e-04 1.4381855e-02
 9.8842736e-03 4.0902401e-04]",[2.5034389e-05 9.9607950e-01 1.9976972e-03 1.8977362e-03],[9.999821e-01 1.787531e-05],"[7.3851328e-07 2.1977626e-06 1.2840760e-03 3.2163107e-01 5.4182625e-01
 1.2531899e-01 9.4460500e-03 4.7060431e-04 2.0051415e-05]"
D:\Uni\Ulm\Master\Hiwi-Forschung-und-Lehre\Fairface\detected_faces\804128_face0.jpg,White,White,Male,20-29,"[9.9950576e-01 3.7177739e-07 1.8057186e-05 2.9374570e-07 4.3407002e-07
 3.4983568e-06 4.7153819e-04]",[9.9995381e-01 1.3816406e-06 5.3169679e-06 3.9533788e-05],[9.9999988e-01 8.6292836e-08],"[2.2723513e-07 5.9700640e-05 2.5638860e-02 8.6256891e-01 1.0706890e-01
 4.5919926e-03 7.0500319e-05 9.0724745e-07 1.7545284e-08]"
D:\Uni\Ulm\Master\Hiwi-Forschung-und-Lehre\Fairface\detected_faces\804170_face0.jpg,Middle Eastern,White,Male,20-29,"[2.7257013e-01 1.7154233e-03 2.6379988e-01 3.0964936e-04 7.1261788e-04
 3.5422430e-03 4.5735005e-01]",[0.9596765  0.01233915 0.01093276 0.0170515 ],[9.9999976e-01 2.2881149e-07],"[2.5202397e-07 1.1183854e-05 2.6857150e-03 7.0895523e-01 2.8230640e-01
 5.9902542e-03 5.0055038e-05 8.8657032e-07 9.9065494e-09]"
D:\Uni\Ulm\Master\Hiwi-Forschung-und-Lehre\Fairface\detected_faces\804181_face0.jpg,Latino_Hispanic,Indian,Male,20-29,"[5.8880853e-03 3.0898753e-01 5.3518921e-01 4.1175782e-04 1.5425388e-02
 1.2099560e-01 1.3102394e-02]",[0.00738837 0.3359903  0.02041136 0.63621   ],[9.9999982e-01 1.7767864e-07],"[3.7968482e-07 9.7513785e-06 3.5552306e-03 6.7679757e-01 3.1227231e-01
 7.3383055e-03 2.6050164e-05 3.6247991e-07 5.8290861e-09]"
D:\Uni\Ulm\Master\Hiwi-Forschung-und-Lehre\Fairface\detected_faces\804313_face0.jpg,Middle Eastern,Black,Male,20-29,"[1.9387673e-01 3.9680727e-02 3.3557108e-01 8.0365455e-05 3.4419267e-04
 3.7151570e-03 4.2673177e-01]",[1.7354777e-01 8.2199723e-01 7.9372036e-04 3.6612593e-03],[9.9999994e-01 8.2326096e-08],"[5.0553599e-08 1.0105958e-05 1.4892751e-02 8.9060432e-01 9.3259364e-02
 1.2257354e-03 7.5533690e-06 1.6215782e-07 1.7854855e-09]"
D:\Uni\Ulm\Master\Hiwi-Forschung-und-Lehre\Fairface\detected_faces\804322_face0.jpg,Black,Black,Male,30-39,"[2.6118423e-07 9.9998629e-01 6.0821999e-06 8.1421465e-09 1.2400592e-07
 6.6750931e-06 4.9181739e-07]",[1.7664545e-06 9.9993306e-01 6.0766065e-06 5.9049413e-05],[9.9999905e-01 9.2801145e-07],"[4.7508362e-08 1.9180015e-06 7.1115803e-04 3.2076448e-01 6.1347651e-01
 6.4561769e-02 4.8167096e-04 2.4051349e-06 8.3371020e-08]"
D:\Uni\Ulm\Master\Hiwi-Forschung-und-Lehre\Fairface\detected_faces\804339_face0.jpg,Black,Black,Male,30-39,"[1.2700375e-03 9.7506052e-01 1.9503923e-02 6.2349635e-08 2.0354958e-06
 2.1217386e-03 2.0416933e-03]",[4.9679488e-04 9.9882990e-01 3.9391048e-06 6.6932233e-04],[1.0000000e+00 1.7879644e-09],"[1.4090367e-08 2.5134409e-07 6.0230313e-04 4.2494389e-01 5.2552044e-01
 4.7931153e-02 9.9175342e-04 1.0242304e-05 5.1711122e-08]"
D:\Uni\Ulm\Master\Hiwi-Forschung-und-Lehre\Fairface\detected_faces\804396_face0.jpg,Latino_Hispanic,White,Male,30-39,"[4.1910347e-01 3.0935151e-03 4.2201480e-01 2.4238834e-05 1.4146020e-04
 2.5236510e-02 1.3038589e-01]",[0.6510707  0.0154645  0.00153828 0.33192655],[9.9999714e-01 2.8724892e-06],"[6.64435973e-09 8.03583902e-08 3.16206897e-05 6.88954592e-02
 8.29824388e-01 1.00780405e-01 4.66905010e-04 1.19035735e-06
 8.01214384e-09]"
D:\Uni\Ulm\Master\Hiwi-Forschung-und-Lehre\Fairface\detected_faces\804434_face0.jpg,East Asian,Asian,Male,30-39,"[9.3906457e-03 9.9133809e-05 1.0449359e-02 5.5312836e-01 4.2627650e-01
 4.8793526e-04 1.6804559e-04]",[2.2614603e-03 1.4357740e-03 9.9577367e-01 5.2906323e-04],[9.9999869e-01 1.2960711e-06],"[2.2504048e-07 4.2317097e-06 2.6262270e-03 2.2548972e-01 4.9297664e-01
 2.3742136e-01 3.9447814e-02 2.0065506e-03 2.7246841e-05]"
D:\Uni\Ulm\Master\Hiwi-Forschung-und-Lehre\Fairface\detected_faces\804508_face0.jpg,White,White,Male,20-29,"[9.9948996e-01 1.7657205e-06 3.0116457e-04 5.2894717e-07 1.3941838e-06
 1.7886247e-06 2.0336083e-04]",[9.9998152e-01 3.1737338e-06 2.3621440e-06 1.2958228e-05],[9.9999893e-01 1.0915915e-06],"[1.9772797e-07 2.9236634e-04 1.2841873e-01 8.5385150e-01 1.7321004e-02
 1.1577784e-04 3.5470003e-07 5.0340732e-09 1.9937009e-10]"
D:\Uni\Ulm\Master\Hiwi-Forschung-und-Lehre\Fairface\detected_faces\804512_face0.jpg,White,White,Male,20-29,"[9.0575838e-01 1.5830086e-05 2.0609288e-02 5.3391512e-04 7.0657628e-04
 5.8115047e-04 7.1794905e-02]",[9.9864304e-01 9.2945607e-05 7.0634688e-04 5.5771309e-04],[9.9999994e-01 9.6478566e-08],"[2.7884673e-06 8.7708549e-04 3.5074085e-02 8.0641907e-01 1.5496941e-01
 2.6498004e-03 7.6439974e-06 9.8391610e-08 1.1861878e-09]"
D:\Uni\Ulm\Master\Hiwi-Forschung-und-Lehre\Fairface\detected_faces\804554_face0.jpg,Latino_Hispanic,Black,Male,20-29,"[0.05238265 0.11176487 0.62896746 0.00352257 0.02840201 0.04145887
 0.13350162]",[0.04140208 0.48767692 0.39996758 0.07095338],[9.999849e-01 1.509346e-05],"[3.1707205e-07 1.7983823e-05 9.6326945e-03 7.1596557e-01 2.6378930e-01
 1.0502771e-02 8.9512832e-05 1.7581509e-06 4.1955921e-08]"
D:\Uni\Ulm\Master\Hiwi-Forschung-und-Lehre\Fairface\detected_faces\804613_face0.jpg,White,White,Male,20-29,"[4.5411766e-01 6.8358175e-05 1.0879887e-01 8.8600488e-04 1.0591042e-03
 3.5666258e-03 4.3150339e-01]",[0.8923832  0.01253153 0.03568773 0.05939753],[9.9999678e-01 3.2011194e-06],"[2.5203581e-06 9.5877920e-05 1.1357992e-02 6.5288174e-01 3.2751709e-01
 8.1149219e-03 2.9493822e-05 3.6096455e-07 4.9802367e-09]"
D:\Uni\Ulm\Master\Hiwi-Forschung-und-Lehre\Fairface\detected_faces\804621_face0.jpg,Black,Black,Male,20-29,"[1.7047262e-06 9.9991125e-01 6.4249019e-05 5.9004934e-09 2.4059509e-07
 8.8505476e-06 1.3704771e-05]",[3.0717085e-06 9.9998695e-01 2.5826487e-06 7.4150898e-06],[9.9999994e-01 4.2320384e-08],"[9.7412753e-09 5.9974906e-07 7.2477746e-04 6.4517117e-01 3.4839475e-01
 5.6939567e-03 1.4778877e-05 8.4606924e-08 2.5883027e-09]"
D:\Uni\Ulm\Master\Hiwi-Forschung-und-Lehre\Fairface\detected_faces\804629_face0.jpg,White,White,Male,20-29,"[7.3292416e-01 2.8126614e-04 2.1699406e-01 7.8030665e-05 1.5697298e-04
 8.8228373e-04 4.8683230e-02]",[9.9595094e-01 9.6978014e-04 1.8355819e-04 2.8956321e-03],[9.999847e-01 1.526375e-05],"[1.7930968e-07 9.6111784e-05 9.6140012e-02 7.6355284e-01 1.3581409e-01
 4.3663881e-03 3.0020545e-05 2.9301540e-07 4.0999555e-09]"
D:\Uni\Ulm\Master\Hiwi-Forschung-und-Lehre\Fairface\detected_faces\804764_face0.jpg,Black,Black,Male,30-39,"[1.0015897e-05 9.9771565e-01 4.7312144e-04 3.3643339e-06 1.8969139e-04
 1.5884981e-03 1.9604295e-05]",[9.7965412e-06 9.9960643e-01 1.3901073e-05 3.6984310e-04],[9.999367e-01 6.336462e-05],"[1.2146783e-06 1.0559192e-05 9.2627050e-04 2.1966754e-01 6.9335389e-01
 8.3960406e-02 2.0565081e-03 2.2694358e-05 9.6013662e-07]"
D:\Uni\Ulm\Master\Hiwi-Forschung-und-Lehre\Fairface\detected_faces\804901_face0.jpg,White,White,Male,20-29,"[9.9983954e-01 1.4517813e-07 1.6494228e-05 3.5782958e-07 5.6813337e-07
 4.3226459e-07 1.4244439e-04]",[9.9991584e-01 5.5046148e-05 6.7748438e-06 2.2378525e-05],[9.9999505e-01 4.9364830e-06],"[7.3909696e-08 2.7647236e-05 5.2496143e-02 8.3332241e-01 1.0648686e-01
 7.5737303e-03 9.2218477e-05 8.7124823e-07 1.6421893e-08]"
D:\Uni\Ulm\Master\Hiwi-Forschung-und-Lehre\Fairface\detected_faces\804909_face0.jpg,White,White,Male,20-29,"[9.87546206e-01 3.25758097e-04 1.05437515e-02 2.09629834e-05
 1.02222875e-04 2.54723382e-05 1.43563515e-03]",[9.9444342e-01 4.4439482e-03 4.8806466e-04 6.2457152e-04],[1.0000000e+00 3.2148222e-08],"[5.06166380e-08 1.99935403e-06 3.74193559e-03 8.22960436e-01
 1.66250497e-01 6.92214165e-03 1.20501994e-04 2.35751963e-06
 4.50080826e-08]"
D:\Uni\Ulm\Master\Hiwi-Forschung-und-Lehre\Fairface\detected_faces\804932_face0.jpg,White,White,Male,20-29,"[9.9574953e-01 1.0557576e-06 1.7294241e-04 2.8715619e-06 6.2408426e-06
 4.1524568e-06 4.0631783e-03]",[9.9967635e-01 5.7184985e-05 2.3034336e-04 3.6125915e-05],[0.9976877  0.00231228],"[1.49755795e-06 3.47842084e-04 5.88759817e-02 8.14355433e-01
 1.24044485e-01 2.36186688e-03 1.27518961e-05 1.62801712e-07
 9.41101952e-09]"
D:\Uni\Ulm\Master\Hiwi-Forschung-und-Lehre\Fairface\detected_faces\804980_face0.jpg,Middle Eastern,White,Male,30-39,"[1.9758340e-02 1.0587486e-03 2.7636178e-02 1.4921883e-06 9.3513645e-06
 1.4315487e-02 9.3722045e-01]",[0.7015728  0.15530032 0.00189352 0.14123328],[9.9999851e-01 1.4956572e-06],"[1.8046653e-07 5.7461552e-06 5.6487933e-04 2.6509121e-01 6.8246740e-01
 5.1529836e-02 3.3797490e-04 2.7146777e-06 4.2378225e-08]"
D:\Uni\Ulm\Master\Hiwi-Forschung-und-Lehre\Fairface\detected_faces\805078_face0.jpg,Latino_Hispanic,White,Male,20-29,"[0.33808804 0.00062352 0.48592523 0.0058456  0.00633606 0.00346233
 0.15971927]",[0.8780316  0.00403213 0.10898261 0.00895369],[9.9999964e-01 3.7515204e-07],"[2.7933163e-06 1.4600603e-04 2.0976318e-02 6.6572118e-01 3.0511451e-01
 7.9918727e-03 4.6345980e-05 9.2388802e-07 8.2501073e-09]"
D:\Uni\Ulm\Master\Hiwi-Forschung-und-Lehre\Fairface\detected_faces\805096_face0.jpg,White,White,Male,20-29,"[7.5680017e-01 5.2257563e-04 5.8955424e-02 4.0475337e-05 1.0086713e-04
 8.7314349e-04 1.8270727e-01]",[9.8873621e-01 5.7102940e-03 4.9083505e-04 5.0626732e-03],[9.9997914e-01 2.0837902e-05],"[1.7382508e-06 4.2102300e-05 3.1429939e-03 5.5060756e-01 4.2659953e-01
 1.9357370e-02 2.4648072e-04 2.2804338e-06 3.7119339e-08]"
D:\Uni\Ulm\Master\Hiwi-Forschung-und-Lehre\Fairface\detected_faces\805123_face0.jpg,Black,Black,Male,20-29,"[2.6722075e-06 9.9996352e-01 1.1810263e-05 2.4637787e-09 6.5085771e-08
 1.3454949e-05 8.3440327e-06]",[1.7252584e-07 9.9999940e-01 1.0271173e-07 3.0617275e-07],[9.9999034e-01 9.6129424e-06],"[6.1146525e-06 3.4620834e-03 3.9558005e-02 6.2481904e-01 3.1499630e-01
 1.6956288e-02 1.9214991e-04 9.5266496e-06 4.7004008e-07]"
D:\Uni\Ulm\Master\Hiwi-Forschung-und-Lehre\Fairface\detected_faces\805137_face0.jpg,Latino_Hispanic,Black,Male,20-29,"[7.0188008e-02 4.0776145e-02 8.3619475e-01 1.4248394e-04 1.9556030e-03
 2.9928712e-02 2.0814300e-02]",[0.19980408 0.6254088  0.0080999  0.16668724],[9.9999970e-01 2.6511609e-07],"[6.5094093e-07 1.7390679e-05 1.8054644e-03 6.3247585e-01 3.6061779e-01
 5.0656209e-03 1.7097804e-05 2.1565396e-07 3.0711229e-09]"
D:\Uni\Ulm\Master\Hiwi-Forschung-und-Lehre\Fairface\detected_faces\805243_face0.jpg,Middle Eastern,Black,Male,20-29,"[1.6165486e-02 1.7617544e-02 2.6787528e-01 6.6083751e-04 2.2587355e-03
 2.6875135e-02 6.6854697e-01]",[0.07353693 0.77922577 0.03357135 0.11366598],[9.9999964e-01 3.2915983e-07],"[3.8709545e-06 1.7709039e-04 1.3469622e-02 4.7049016e-01 4.5997334e-01
 5.4834396e-02 1.0283758e-03 2.2934177e-05 1.8817433e-07]"
D:\Uni\Ulm\Master\Hiwi-Forschung-und-Lehre\Fairface\detected_faces\805245_face0.jpg,Middle Eastern,White,Male,20-29,"[4.2482260e-01 2.8303999e-04 1.3483678e-01 8.3308778e-04 1.1115409e-03
 3.6357904e-03 4.3447721e-01]",[0.95593953 0.00096962 0.0089146  0.0341762 ],[9.9999857e-01 1.4123178e-06],"[8.6652398e-07 6.3183994e-05 1.0072995e-02 7.8899771e-01 1.9870368e-01
 2.1562995e-03 5.2324935e-06 6.8467557e-08 7.3420009e-10]"
D:\Uni\Ulm\Master\Hiwi-Forschung-und-Lehre\Fairface\detected_faces\805465_face0.jpg,Black,Black,Male,20-29,"[8.5185065e-06 9.9971187e-01 2.4158384e-04 9.0014559e-08 2.7780859e-06
 2.9691035e-05 5.5523356e-06]",[2.2540213e-05 9.9995393e-01 9.9973740e-06 1.3582576e-05],[1.0000000e+00 1.0680166e-08],"[4.7716995e-08 1.1119685e-06 3.1810277e-03 6.2968081e-01 3.1587324e-01
 4.8544873e-02 2.6317483e-03 8.5316846e-05 1.8318370e-06]"
D:\Uni\Ulm\Master\Hiwi-Forschung-und-Lehre\Fairface\detected_faces\805712_face0.jpg,White,White,Male,30-39,"[9.5877618e-01 1.4974838e-04 2.6116831e-02 1.7021555e-05 3.4127464e-05
 3.9361397e-04 1.4512568e-02]",[9.9488688e-01 8.9043425e-04 1.1305488e-03 3.0921714e-03],[9.9999982e-01 1.6395776e-07],"[1.2654131e-06 2.1206640e-06 6.7460642e-04 1.5775871e-01 6.1145675e-01
 2.1724519e-01 1.2709470e-02 1.5098957e-04 9.5294916e-07]"
D:\Uni\Ulm\Master\Hiwi-Forschung-und-Lehre\Fairface\detected_faces\805983_face0.jpg,Middle Eastern,White,Male,20-29,"[6.6935070e-02 1.4766172e-03 4.3709353e-01 2.9503641e-05 1.4059937e-04
 3.4874105e-03 4.9083722e-01]",[0.8970629  0.02251429 0.00832053 0.07210232],[9.9999815e-01 1.8977379e-06],"[2.8433919e-06 2.0202840e-04 2.4136262e-02 7.7621567e-01 1.9191319e-01
 7.4823466e-03 4.6600588e-05 9.8600492e-07 1.1532876e-08]"
D:\Uni\Ulm\Master\Hiwi-Forschung-und-Lehre\Fairface\detected_faces\806008_face0.jpg,White,White,Male,30-39,"[9.7369730e-01 8.2092476e-05 3.2438727e-03 2.9526399e-07 2.9194207e-06
 6.4013773e-05 2.2909403e-02]",[9.9948812e-01 1.3739520e-04 6.7407650e-06 3.6776238e-04],[9.9999851e-01 1.4674071e-06],"[2.8630294e-07 5.3663525e-06 3.3599383e-04 2.1772933e-01 7.2114116e-01
 6.0521048e-02 2.6403193e-04 2.7014551e-06 3.5599676e-08]"
D:\Uni\Ulm\Master\Hiwi-Forschung-und-Lehre\Fairface\detected_faces\806015_face0.jpg,Middle Eastern,White,Male,20-29,"[3.2757860e-01 9.6835505e-04 1.6206171e-01 7.1146642e-05 2.5144161e-04
 3.4066546e-03 5.0566208e-01]",[0.7779876  0.13870542 0.00506755 0.07823944],[9.9999565e-01 4.3037585e-06],"[2.2339617e-07 1.0110173e-05 1.9662862e-03 5.6654906e-01 4.2244652e-01
 9.0018716e-03 2.5647547e-05 2.4517635e-07 3.3519107e-09]"
D:\Uni\Ulm\Master\Hiwi-Forschung-und-Lehre\Fairface\detected_faces\806019_face0.jpg,White,White,Male,20-29,"[9.5734310e-01 2.0536439e-05 5.0980225e-03 1.5035553e-06 9.4796205e-06
 1.2439577e-04 3.7402943e-02]",[9.9683458e-01 2.1061632e-03 5.2166253e-04 5.3759350e-04],[9.9999905e-01 8.9253115e-07],"[4.2660716e-07 4.1414823e-04 2.8849575e-01 5.6428969e-01 1.2041644e-01
 2.5957437e-02 4.2050864e-04 5.5245700e-06 6.8678027e-08]"
D:\Uni\Ulm\Master\Hiwi-Forschung-und-Lehre\Fairface\detected_faces\806058_face0.jpg,White,White,Male,20-29,"[0.3757257  0.00039645 0.2467197  0.00202187 0.00227363 0.01335068
 0.35951194]",[9.4123638e-01 6.2888209e-04 1.2250463e-02 4.5884259e-02],[9.9997455e-01 2.5481773e-05],"[6.4491608e-08 3.7904492e-06 2.6657011e-03 7.3939443e-01 2.5663123e-01
 1.3024491e-03 2.3364687e-06 4.7944013e-08 7.6194312e-10]"
D:\Uni\Ulm\Master\Hiwi-Forschung-und-Lehre\Fairface\detected_faces\806394_face0.jpg,White,White,Male,10-19,"[9.8303270e-01 7.0104902e-06 3.2365840e-04 4.4296894e-06 6.6817170e-06
 2.1362152e-06 1.6623499e-02]",[9.9805337e-01 1.9145077e-03 2.1715132e-05 1.0460546e-05],[9.9963140e-01 3.6858846e-04],"[2.0923112e-06 1.2158506e-03 4.9225670e-01 4.9141875e-01 1.4686663e-02
 4.1663210e-04 3.1909303e-06 1.2055561e-07 4.2784718e-09]"
D:\Uni\Ulm\Master\Hiwi-Forschung-und-Lehre\Fairface\detected_faces\806515_face0.jpg,Indian,Black,Male,20-29,"[0.00109411 0.23029271 0.09947253 0.00384018 0.18425128 0.47992015
 0.00112906]",[0.00136157 0.4917376  0.04101037 0.46589047],[9.9999237e-01 7.6143297e-06],"[3.9878810e-07 1.4166922e-03 3.5330197e-01 6.2796479e-01 1.7034288e-02
 2.7946054e-04 2.3263310e-06 8.5568971e-08 2.6137996e-09]"
D:\Uni\Ulm\Master\Hiwi-Forschung-und-Lehre\Fairface\detected_faces\806590_face0.jpg,Latino_Hispanic,Indian,Male,10-19,"[2.8156456e-02 7.2637029e-02 5.2880085e-01 1.8899421e-04 3.5987918e-03
 1.0965125e-02 3.5565278e-01]",[0.05526509 0.33063698 0.02524889 0.58884907],[9.9999839e-01 1.6249865e-06],"[4.4602437e-08 9.6856046e-04 8.9344448e-01 1.0481542e-01 7.5931690e-04
 1.2026155e-05 7.9929222e-08 5.3782983e-09 7.6652372e-11]"
D:\Uni\Ulm\Master\Hiwi-Forschung-und-Lehre\Fairface\detected_faces\806964_face0.jpg,Latino_Hispanic,Indian,Male,30-39,"[6.41803518e-02 3.03685735e-03 5.03903329e-01 3.15742764e-05
 2.05981662e-04 1.12410784e-01 3.16231161e-01]",[0.17242901 0.01899361 0.00313058 0.8054468 ],[9.9999887e-01 1.1467911e-06],"[2.4216911e-07 9.1556758e-06 2.5434382e-03 4.8046786e-01 5.0342810e-01
 1.3511001e-02 3.9939201e-05 3.0633748e-07 3.3965983e-09]"
D:\Uni\Ulm\Master\Hiwi-Forschung-und-Lehre\Fairface\detected_faces\806968_face0.jpg,Middle Eastern,White,Male,30-39,"[1.4534349e-02 2.1986970e-04 1.6101060e-02 1.1876196e-04 2.6134629e-04
 1.0947877e-03 9.6766979e-01]",[0.93811536 0.00602044 0.01745323 0.03841098],[9.9999946e-01 5.5582410e-07],"[5.8664398e-07 1.3841387e-05 1.3635308e-03 4.0123007e-01 5.7661510e-01
 2.0668197e-02 1.0662100e-04 2.0822370e-06 2.3141206e-08]"
D:\Uni\Ulm\Master\Hiwi-Forschung-und-Lehre\Fairface\detected_faces\807116_face0.jpg,White,White,Male,20-29,"[6.5780324e-01 1.5566827e-04 1.1011824e-01 9.0009435e-06 7.6316544e-05
 1.2343477e-03 2.3060320e-01]",[9.9759847e-01 1.5737183e-04 9.7839329e-05 2.1463642e-03],[9.999999e-01 6.602075e-08],"[2.82100837e-06 1.07762266e-04 9.73281544e-03 5.17768919e-01
 4.47134137e-01 2.50805579e-02 1.70268177e-04 2.70506280e-06
 2.37508306e-08]"
D:\Uni\Ulm\Master\Hiwi-Forschung-und-Lehre\Fairface\detected_faces\807117_face0.jpg,Latino_Hispanic,White,Male,20-29,"[0.4108991  0.00459314 0.47971517 0.00052068 0.00454052 0.01372413
 0.08600737]",[0.45432052 0.2069901  0.00537313 0.33331627],[9.9999994e-01 3.7552475e-08],"[6.1807026e-07 2.5049888e-04 7.2520688e-02 8.6354280e-01 6.2831230e-02
 8.4801286e-04 5.9627500e-06 1.5530350e-07 1.7217240e-09]"
D:\Uni\Ulm\Master\Hiwi-Forschung-und-Lehre\Fairface\detected_faces\807119_face0.jpg,White,White,Male,20-29,"[7.1241349e-01 1.5358522e-04 7.1123354e-02 2.0532661e-04 1.5794717e-04
 2.9802549e-04 2.1564825e-01]",[9.9770671e-01 4.7422346e-04 1.0090858e-03 8.0993172e-04],[9.9999982e-01 1.8073223e-07],"[2.3676390e-07 7.1473005e-05 5.3020913e-02 8.8411319e-01 6.2228158e-02
 5.6425121e-04 1.6635900e-06 5.4776642e-08 6.9874156e-10]"
D:\Uni\Ulm\Master\Hiwi-Forschung-und-Lehre\Fairface\detected_faces\807122_face0.jpg,White,White,Male,20-29,"[4.96973187e-01 1.58707774e-03 3.01539361e-01 1.29528744e-05
 1.13041315e-04 2.92774895e-03 1.96846694e-01]",[9.3322229e-01 5.0622623e-02 3.0975102e-04 1.5845336e-02],[9.9999720e-01 2.7741496e-06],"[1.82722317e-07 1.31301185e-05 2.28962325e-03 5.19407570e-01
 4.69437242e-01 8.82990938e-03 2.22907383e-05 7.63165744e-08
 1.02908804e-09]"
D:\Uni\Ulm\Master\Hiwi-Forschung-und-Lehre\Fairface\detected_faces\807288_face0.jpg,Middle Eastern,White,Male,30-39,"[2.7168389e-02 4.2862201e-04 2.5840819e-02 4.8386155e-06 2.8597986e-05
 7.5047761e-03 9.3902397e-01]",[0.71356976 0.00963928 0.00106318 0.27572775],[9.9999738e-01 2.5960871e-06],"[3.0113847e-06 1.5203938e-05 6.3469994e-04 2.6561868e-01 6.3375086e-01
 9.8331571e-02 1.6093286e-03 3.5825698e-05 7.4828716e-07]"
D:\Uni\Ulm\Master\Hiwi-Forschung-und-Lehre\Fairface\detected_faces\807291_face0.jpg,Middle Eastern,White,Male,20-29,"[1.8016338e-01 1.2866750e-03 4.0045223e-01 2.9838510e-04 1.5225704e-03
 1.2152204e-02 4.0412453e-01]",[0.7752225  0.17364717 0.00408904 0.04704133],[9.9999958e-01 4.3570296e-07],"[1.0330680e-07 1.2215468e-05 4.2878324e-03 8.5659921e-01 1.3842066e-01
 6.7926588e-04 7.6014481e-07 1.1094606e-08 1.6149115e-10]"
D:\Uni\Ulm\Master\Hiwi-Forschung-und-Lehre\Fairface\detected_faces\807292_face0.jpg,Black,Black,Male,20-29,"[2.4906096e-05 9.9895859e-01 4.3994418e-04 3.4010139e-07 7.2301227e-06
 4.1813319e-04 1.5083332e-04]",[4.3575733e-06 9.9985605e-01 1.2715974e-05 1.2677546e-04],[9.9977368e-01 2.2629426e-04],"[9.8550636e-08 6.0061610e-04 3.6294127e-01 6.1278361e-01 2.3168402e-02
 5.0146854e-04 4.2526522e-06 1.4320953e-07 4.1787285e-09]"
D:\Uni\Ulm\Master\Hiwi-Forschung-und-Lehre\Fairface\detected_faces\807295_face0.jpg,White,White,Male,20-29,"[6.6796750e-01 1.7652009e-04 1.3955553e-02 1.9211730e-05 6.4218424e-05
 1.3421949e-04 3.1768271e-01]",[9.8940223e-01 6.4544547e-03 8.1778714e-04 3.3255033e-03],[1.0000000e+00 3.0887892e-09],"[9.0251300e-09 2.3237480e-05 9.3080342e-02 8.8820332e-01 1.8607374e-02
 8.5495318e-05 1.0688614e-07 1.0782312e-09 7.4731272e-12]"
D:\Uni\Ulm\Master\Hiwi-Forschung-und-Lehre\Fairface\detected_faces\807301_face0.jpg,Middle Eastern,White,Male,20-29,"[3.8450864e-01 7.5971168e-03 9.0125494e-02 1.7467150e-04 5.5940734e-04
 1.8459769e-02 4.9857491e-01]",[0.8194757  0.11214592 0.00160804 0.06677029],[1.0000000e+00 1.0591506e-08],"[4.2222882e-07 2.3319972e-05 1.9179771e-03 6.5089869e-01 3.4301883e-01
 4.1247238e-03 1.5916243e-05 1.6928392e-07 1.9410293e-09]"
D:\Uni\Ulm\Master\Hiwi-Forschung-und-Lehre\Fairface\detected_faces\807400_face0.jpg,Latino_Hispanic,Black,Male,20-29,"[1.7534835e-02 3.0904457e-01 5.4243505e-01 2.8387213e-04 1.0757310e-02
 4.7524069e-02 7.2420314e-02]",[0.00877035 0.85343444 0.00600197 0.13179323],[9.9990475e-01 9.5262461e-05],"[1.2385556e-06 1.2551298e-03 4.3063182e-01 5.3675669e-01 2.8983800e-02
 2.2828972e-03 8.4066029e-05 4.2300489e-06 1.4231745e-07]"
D:\Uni\Ulm\Master\Hiwi-Forschung-und-Lehre\Fairface\detected_faces\807418_face0.jpg,Black,Black,Male,20-29,"[3.3984859e-03 7.0819283e-01 2.5663611e-01 6.5847089e-05 1.0620554e-03
 2.6899911e-02 3.7446909e-03]",[0.00209818 0.9148689  0.00390901 0.07912391],[9.9998695e-01 1.3018161e-05],"[2.7619630e-05 1.5182029e-03 1.6303644e-02 6.5944195e-01 3.0969808e-01
 1.2928547e-02 8.0599733e-05 1.3514597e-06 2.8936496e-08]"
D:\Uni\Ulm\Master\Hiwi-Forschung-und-Lehre\Fairface\detected_faces\807576_face0.jpg,White,White,Male,20-29,"[9.6092266e-01 1.9810857e-04 3.3263955e-03 8.1437628e-07 7.4802042e-06
 2.5155705e-05 3.5519503e-02]",[9.7674018e-01 2.2181934e-02 4.0806917e-05 1.0370519e-03],[9.9999940e-01 6.0204263e-07],"[4.6787562e-08 1.1483597e-05 1.0822418e-02 8.1733716e-01 1.6723654e-01
 4.5596864e-03 3.2199754e-05 4.4625486e-07 7.8950322e-09]"
D:\Uni\Ulm\Master\Hiwi-Forschung-und-Lehre\Fairface\detected_faces\807636_face0.jpg,Middle Eastern,Black,Male,30-39,"[8.5703604e-02 4.6383973e-02 1.4271343e-01 1.3275057e-05 9.7796386e-05
 1.2711519e-02 7.1237642e-01]",[0.02922527 0.57786775 0.00095275 0.39195427],[9.9999803e-01 1.9631520e-06],"[1.0700982e-06 2.1520813e-05 2.4654423e-03 4.3812135e-01 5.0861782e-01
 4.9842525e-02 9.1718789e-04 1.2880910e-05 2.1299482e-07]"
D:\Uni\Ulm\Master\Hiwi-Forschung-und-Lehre\Fairface\detected_faces\807644_face0.jpg,Middle Eastern,White,Male,30-39,"[3.3966850e-02 4.6096313e-05 8.4677720e-03 6.4682790e-06 2.2375252e-05
 1.8008632e-03 9.5568955e-01]",[0.6577267  0.01556392 0.0012208  0.32548857],[9.9994630e-01 5.3696294e-05],"[2.9441160e-06 1.4788558e-04 7.6353289e-03 4.1694981e-01 5.3298706e-01
 4.1981887e-02 2.9128342e-04 3.6599811e-06 6.0007565e-08]"
D:\Uni\Ulm\Master\Hiwi-Forschung-und-Lehre\Fairface\detected_faces\807648_face0.jpg,White,White,Male,20-29,"[9.8323017e-01 2.5687024e-05 2.3083710e-04 6.9648371e-07 1.6012582e-06
 2.0922896e-06 1.6509039e-02]",[9.9827659e-01 1.5070704e-03 1.2276777e-04 9.3624418e-05],[9.9999994e-01 1.1425866e-07],"[2.2507976e-07 1.4407075e-05 3.7510907e-03 6.2881500e-01 3.5390660e-01
 1.3391216e-02 1.2034837e-04 1.1440308e-06 1.4780508e-08]"
D:\Uni\Ulm\Master\Hiwi-Forschung-und-Lehre\Fairface\detected_faces\807651_face0.jpg,Latino_Hispanic,White,Male,20-29,"[1.8866350e-01 1.2078050e-02 5.1166242e-01 1.0742895e-04 4.1315061e-04
 9.8376907e-03 2.7723771e-01]",[0.59826803 0.0885355  0.01192628 0.30127022],[9.9999678e-01 3.2684782e-06],"[4.60246429e-06 1.08018707e-04 6.82141958e-03 5.14162719e-01
 4.37986821e-01 4.03133221e-02 5.90517884e-04 1.23872815e-05
 1.79095565e-07]"
D:\Uni\Ulm\Master\Hiwi-Forschung-und-Lehre\Fairface\detected_faces\807656_face0.jpg,Middle Eastern,White,Male,20-29,"[4.4865528e-01 7.8254761e-06 1.2407851e-02 1.8489158e-05 4.3699190e-05
 2.5512953e-04 5.3861177e-01]",[9.9449658e-01 4.9169624e-04 2.2452782e-04 4.7872337e-03],[9.9999660e-01 3.3773758e-06],"[6.5732513e-09 9.4152556e-06 6.1747704e-02 9.1391581e-01 2.4164747e-02
 1.6212252e-04 2.1447381e-07 1.9588868e-09 2.7168219e-11]"
D:\Uni\Ulm\Master\Hiwi-Forschung-und-Lehre\Fairface\detected_faces\807749_face0.jpg,Black,Black,Male,30-39,"[8.8998513e-06 9.9976957e-01 1.7673738e-04 4.0873825e-08 6.0737830e-07
 2.7019976e-05 1.7205306e-05]",[6.4147703e-06 9.9997222e-01 3.6056931e-06 1.7669707e-05],[9.999997e-01 3.275976e-07],"[9.7989869e-08 1.1632542e-06 2.4997781e-04 1.4971939e-01 6.5389818e-01
 1.9265278e-01 3.4536652e-03 2.4151172e-05 5.0123299e-07]"
D:\Uni\Ulm\Master\Hiwi-Forschung-und-Lehre\Fairface\detected_faces\807889_face0.jpg,White,White,Male,20-29,"[9.5959419e-01 1.4201227e-05 1.2383847e-02 2.0570746e-05 3.8798371e-05
 5.9572890e-06 2.7942471e-02]",[9.9779963e-01 8.5159502e-04 1.2328367e-03 1.1600221e-04],[9.999961e-01 3.925843e-06],"[3.9113868e-09 9.0676449e-06 8.9750305e-02 8.9377135e-01 1.6409604e-02
 5.9546433e-05 7.6001562e-08 5.3308902e-10 7.6819731e-12]"
D:\Uni\Ulm\Master\Hiwi-Forschung-und-Lehre\Fairface\detected_faces\807995_face0.jpg,Middle Eastern,White,Male,30-39,"[4.2983481e-01 1.2429422e-04 1.1397079e-01 1.5594405e-03 2.0345915e-03
 1.7676881e-03 4.5070839e-01]",[9.8597264e-01 7.8421505e-04 2.7298036e-03 1.0513402e-02],[9.999939e-01 6.054355e-06],"[6.4461528e-06 4.3166379e-05 1.3785881e-03 1.8929774e-01 7.1478587e-01
 9.2836387e-02 1.6341058e-03 1.7464621e-05 2.2585640e-07]"
D:\Uni\Ulm\Master\Hiwi-Forschung-und-Lehre\Fairface\detected_faces\808557_face0.jpg,Middle Eastern,Indian,Male,20-29,"[8.3395028e-03 6.4161624e-04 3.0866610e-02 5.3041654e-06 5.6932695e-05
 5.0043073e-02 9.1004699e-01]",[0.37360018 0.01586263 0.00157318 0.6089641 ],[9.9999237e-01 7.5594207e-06],"[1.1830341e-06 1.1473395e-04 5.0145118e-03 5.7740211e-01 4.0751037e-01
 9.9330228e-03 2.3819390e-05 2.5605166e-07 4.4144781e-09]"
D:\Uni\Ulm\Master\Hiwi-Forschung-und-Lehre\Fairface\detected_faces\808590_face0.jpg,Black,Black,Male,20-29,"[9.0228305e-06 9.9936330e-01 5.4310460e-04 9.9642216e-07 2.6337611e-05
 5.5797933e-05 1.4351243e-06]",[1.3942189e-05 9.9974871e-01 6.9488458e-05 1.6787701e-04],[9.9970281e-01 2.9716527e-04],"[8.2203724e-07 3.7640202e-05 1.8232299e-02 7.2100472e-01 2.4344800e-01
 1.7045459e-02 2.2938251e-04 1.6066980e-06 6.4629816e-08]"
D:\Uni\Ulm\Master\Hiwi-Forschung-und-Lehre\Fairface\detected_faces\808612_face0.jpg,Middle Eastern,White,Male,20-29,"[3.5609031e-01 2.0010197e-03 1.6220294e-01 2.8376629e-05 1.6713858e-04
 1.1879071e-03 4.7832233e-01]",[0.99296635 0.00374741 0.00109753 0.00218877],[9.9999988e-01 1.1089533e-07],"[1.2113586e-07 9.2179862e-06 2.2317672e-03 6.1374390e-01 3.7900010e-01
 5.0053140e-03 9.5003898e-06 7.6024527e-08 8.1331414e-10]"
D:\Uni\Ulm\Master\Hiwi-Forschung-und-Lehre\Fairface\detected_faces\808680_face0.jpg,White,White,Male,20-29,"[9.9221271e-01 3.2725387e-05 3.8783040e-04 1.8819012e-06 1.3849918e-05
 1.0026191e-05 7.3409155e-03]",[9.9873537e-01 4.1591903e-04 6.6428160e-04 1.8446664e-04],[9.999996e-01 3.663119e-07],"[6.2463289e-07 3.5447563e-05 4.8546880e-03 6.0337204e-01 3.8068447e-01
 1.0970325e-02 8.1279810e-05 1.1185948e-06 2.3674421e-08]"
D:\Uni\Ulm\Master\Hiwi-Forschung-und-Lehre\Fairface\detected_faces\808784_face0.jpg,Black,Black,Male,20-29,"[1.6570540e-06 9.9998599e-01 6.9514144e-06 3.3034826e-08 2.5776509e-07
 3.1882541e-06 1.9526624e-06]",[5.5677407e-07 9.9999660e-01 1.3430180e-06 1.5028164e-06],[9.9976224e-01 2.3773558e-04],"[1.2442183e-06 2.8190443e-03 2.9572523e-01 6.3508433e-01 6.4769737e-02
 1.5786187e-03 2.0888156e-05 8.3869077e-07 7.6497308e-08]"
D:\Uni\Ulm\Master\Hiwi-Forschung-und-Lehre\Fairface\detected_faces\808955_face0.jpg,White,White,Male,20-29,"[9.0025693e-01 6.0338331e-05 2.7880874e-02 2.5820686e-03 1.0457326e-03
 8.0556092e-05 6.8093538e-02]",[9.7215569e-01 1.3201091e-03 2.6331272e-02 1.9290285e-04],[9.9997127e-01 2.8698421e-05],"[7.4867744e-06 1.4173114e-04 8.1422096e-03 6.4654809e-01 3.3840957e-01
 6.7084543e-03 4.1181662e-05 1.2638699e-06 3.1023113e-08]"
D:\Uni\Ulm\Master\Hiwi-Forschung-und-Lehre\Fairface\detected_faces\809025_face0.jpg,White,White,Male,20-29,"[7.40842640e-01 1.47568015e-03 1.20545253e-02 1.53620822e-05
 4.31390145e-05 1.12575464e-04 2.45456025e-01]",[9.8503274e-01 1.4884709e-02 2.3547349e-05 5.9012844e-05],[1.0000000e+00 4.1569457e-08],"[3.4404343e-07 6.1959923e-05 1.3896942e-02 7.8738105e-01 1.9687910e-01
 1.7760253e-03 4.5310835e-06 8.4357950e-08 1.3183281e-09]"
D:\Uni\Ulm\Master\Hiwi-Forschung-und-Lehre\Fairface\detected_faces\809035_face0.jpg,Middle Eastern,White,Male,20-29,"[8.1000514e-02 3.0633633e-05 5.1166997e-03 1.0001530e-05 1.9991705e-05
 3.4888959e-04 9.1347325e-01]",[9.9260998e-01 2.0724801e-04 1.6749362e-04 7.0152027e-03],[9.9988014e-01 1.1985546e-04],"[5.6517104e-07 3.9220919e-05 8.7603070e-03 8.1190407e-01 1.7764311e-01
 1.6469498e-03 5.6460963e-06 8.9307044e-08 2.4763804e-09]"
D:\Uni\Ulm\Master\Hiwi-Forschung-und-Lehre\Fairface\detected_faces\809123_face0.jpg,White,White,Male,20-29,"[5.8145076e-01 2.0525348e-03 3.8708974e-02 4.2964102e-06 2.2692329e-05
 7.4329221e-04 3.7701753e-01]",[9.9671584e-01 2.2970452e-03 5.1993768e-05 9.3514292e-04],[9.999992e-01 7.595220e-07],"[3.3490267e-08 1.2609387e-06 1.9139666e-03 7.4711686e-01 2.4741289e-01
 3.5432619e-03 1.1528036e-05 1.3223544e-07 1.8296359e-09]"
D:\Uni\Ulm\Master\Hiwi-Forschung-und-Lehre\Fairface\detected_faces\809148_face0.jpg,White,White,Male,20-29,"[8.1192732e-01 3.9681385e-05 5.1628139e-02 1.6997427e-04 3.3645486e-04
 2.2216620e-04 1.3567638e-01]",[9.9903381e-01 1.8482604e-04 2.2914274e-04 5.5224256e-04],[9.9999845e-01 1.6040879e-06],"[2.1143441e-08 1.9664412e-05 4.7929253e-02 9.1363430e-01 3.8195297e-02
 2.2099332e-04 4.8929644e-07 5.5660596e-09 8.8659212e-11]"
D:\Uni\Ulm\Master\Hiwi-Forschung-und-Lehre\Fairface\detected_faces\809219_face0.jpg,White,White,Male,20-29,"[7.6419979e-01 4.6975078e-04 1.4776871e-01 7.0499454e-04 1.1836473e-03
 2.3699983e-03 8.3303094e-02]",[9.9604499e-01 7.2172174e-04 1.5353487e-03 1.6980295e-03],[9.9999863e-01 1.3274835e-06],"[2.2206865e-05 1.1215062e-03 3.8530149e-02 7.2965711e-01 2.2483078e-01
 5.7764240e-03 6.0090166e-05 1.6520983e-06 2.5314531e-08]"
D:\Uni\Ulm\Master\Hiwi-Forschung-und-Lehre\Fairface\detected_faces\809274_face0.jpg,White,White,Male,20-29,"[9.9935758e-01 1.8873057e-07 9.4261275e-05 1.1676976e-08 9.8072647e-08
 6.1464275e-06 5.4171326e-04]",[9.9826324e-01 5.9127510e-06 3.6148787e-05 1.6947053e-03],[9.9999934e-01 6.0915966e-07],"[2.9889671e-07 5.0345952e-05 1.6577445e-02 7.7766603e-01 1.8519530e-01
 2.0327972e-02 1.8124968e-04 1.3712125e-06 2.1917472e-08]"
D:\Uni\Ulm\Master\Hiwi-Forschung-und-Lehre\Fairface\detected_faces\809276_face0.jpg,White,White,Male,20-29,"[7.9230362e-01 1.1079185e-04 4.4994265e-02 2.2427232e-05 7.2288378e-05
 6.5153179e-04 1.6184504e-01]",[9.9893463e-01 1.2005857e-04 1.1252385e-04 8.3279941e-04],[9.999958e-01 4.221195e-06],"[9.0431804e-08 2.0740349e-06 4.6225663e-04 4.9842536e-01 4.9221188e-01
 8.8798422e-03 1.8359602e-05 1.5340937e-07 1.8646062e-09]"
D:\Uni\Ulm\Master\Hiwi-Forschung-und-Lehre\Fairface\detected_faces\809416_face0.jpg,Black,Black,Male,20-29,"[5.6959630e-06 9.9998999e-01 3.3815825e-06 1.6093653e-08 1.2879761e-07
 5.3739990e-07 3.4165345e-07]",[6.6523302e-07 9.9999881e-01 1.8942561e-07 4.1491455e-07],[0.99823415 0.00176591],"[1.0601700e-05 1.7626150e-02 3.9407876e-01 4.9382758e-01 8.8262826e-02
 5.9911567e-03 1.8973474e-04 1.2035226e-05 1.1071145e-06]"
D:\Uni\Ulm\Master\Hiwi-Forschung-und-Lehre\Fairface\detected_faces\809512_face0.jpg,White,White,Male,20-29,"[0.36755463 0.00141337 0.30581316 0.00043001 0.00072926 0.00784024
 0.31621933]",[0.9077242  0.02867921 0.01006558 0.05353096],[9.9999428e-01 5.7415164e-06],"[1.7075529e-07 2.5287566e-06 1.5831294e-03 5.2593488e-01 4.6175271e-01
 1.0654332e-02 7.0929971e-05 1.2918950e-06 1.6957769e-08]"
D:\Uni\Ulm\Master\Hiwi-Forschung-und-Lehre\Fairface\detected_faces\809514_face0.jpg,East Asian,Asian,Male,20-29,"[1.5312489e-04 5.5123775e-07 1.8533313e-04 9.6906942e-01 3.0552167e-02
 2.3365281e-05 1.6070533e-05]",[1.8981897e-04 5.9286226e-06 9.9962318e-01 1.8111261e-04],[0.9984753  0.00152469],"[6.1566942e-07 1.5963669e-04 7.3656760e-02 7.2259986e-01 1.9358884e-01
 9.8139485e-03 1.6701312e-04 1.3052044e-05 1.7088877e-07]"
D:\Uni\Ulm\Master\Hiwi-Forschung-und-Lehre\Fairface\detected_faces\809541_face0.jpg,White,White,Male,30-39,"[0.9288669  0.00100492 0.01726941 0.00486697 0.00877214 0.00094929
 0.03827032]",[0.90055615 0.01704151 0.07691927 0.00548305],[9.9997342e-01 2.6623326e-05],"[1.0478975e-06 4.1083226e-06 1.2541483e-03 3.1496370e-01 5.9080511e-01
 8.9267515e-02 3.5518559e-03 1.4659227e-04 6.0572047e-06]"
D:\Uni\Ulm\Master\Hiwi-Forschung-und-Lehre\Fairface\detected_faces\809546_face0.jpg,Black,Black,Male,20-29,"[1.4143928e-06 9.9998480e-01 4.3858263e-06 5.1726130e-09 6.3659471e-08
 7.3906958e-06 1.9369081e-06]",[2.8732276e-07 9.9999851e-01 9.2349346e-08 1.0830651e-06],[9.9997395e-01 2.6059233e-05],"[5.5049703e-08 1.9329802e-05 6.0940306e-03 5.5374753e-01 4.1443595e-01
 2.5362143e-02 3.3668464e-04 4.1064059e-06 1.8333721e-07]"
D:\Uni\Ulm\Master\Hiwi-Forschung-und-Lehre\Fairface\detected_faces\810139_face0.jpg,White,White,Male,30-39,"[9.7305048e-01 2.5464764e-05 8.6930086e-04 2.1135522e-06 6.4115516e-06
 2.5549678e-05 2.6020616e-02]",[9.9944937e-01 2.9013568e-04 7.8887431e-05 1.8157566e-04],[9.9999893e-01 1.0767159e-06],"[2.0289738e-06 8.1264625e-06 2.3735886e-04 9.2683367e-02 7.3096383e-01
 1.7376080e-01 2.3173084e-03 2.6715556e-05 4.5815048e-07]"
D:\Uni\Ulm\Master\Hiwi-Forschung-und-Lehre\Fairface\detected_faces\810535_face0.jpg,Black,Black,Male,20-29,"[9.7978477e-07 9.9958605e-01 6.0278468e-05 3.3561437e-07 1.3318558e-05
 3.3721208e-04 1.7787936e-06]",[1.3051973e-06 9.9934781e-01 7.3710660e-05 5.7727378e-04],[9.9997056e-01 2.9409115e-05],"[1.6687545e-07 2.6883779e-05 5.5674776e-03 4.6767387e-01 4.6708539e-01
 5.8864210e-02 7.7573548e-04 6.0343768e-06 2.2493867e-07]"
D:\Uni\Ulm\Master\Hiwi-Forschung-und-Lehre\Fairface\detected_faces\810572_face0.jpg,White,White,Male,30-39,"[9.9636221e-01 8.2995857e-06 2.2085549e-03 3.3667686e-05 6.4602173e-05
 6.4728687e-05 1.2579691e-03]",[9.9823511e-01 2.6555290e-04 3.1139495e-04 1.1878966e-03],[9.9998045e-01 1.9552803e-05],"[9.2070320e-07 2.1306862e-05 5.7834783e-04 1.5264095e-01 7.8290236e-01
 6.3571870e-02 2.8204016e-04 2.1771696e-06 5.4201305e-08]"
D:\Uni\Ulm\Master\Hiwi-Forschung-und-Lehre\Fairface\detected_faces\810706_face0.jpg,Middle Eastern,White,Male,20-29,"[3.7014583e-01 8.7426211e-05 5.0854022e-03 8.0093860e-06 2.6386409e-05
 1.5583604e-03 6.2308854e-01]",[9.9259204e-01 1.5744496e-04 8.1061786e-05 7.1695088e-03],[9.9997216e-01 2.7822534e-05],"[3.86909551e-06 5.17758999e-05 5.22767613e-03 5.33073425e-01
 4.44008917e-01 1.75296273e-02 1.03066464e-04 1.56346744e-06
 4.85828551e-08]"
D:\Uni\Ulm\Master\Hiwi-Forschung-und-Lehre\Fairface\detected_faces\811061_face0.jpg,Middle Eastern,White,Male,20-29,"[1.2764636e-01 1.0189824e-03 6.2781148e-02 1.6788836e-05 1.0179369e-04
 1.8918737e-03 8.0654305e-01]",[0.9505034  0.01912318 0.00095406 0.0294194 ],[9.9999893e-01 1.0989139e-06],"[3.0573443e-07 2.5304167e-05 5.4357606e-03 7.5732970e-01 2.3478493e-01
 2.4191870e-03 4.7771014e-06 6.1679145e-08 7.2982509e-10]"
D:\Uni\Ulm\Master\Hiwi-Forschung-und-Lehre\Fairface\detected_faces\811408_face0.jpg,Latino_Hispanic,White,Male,20-29,"[1.4192301e-01 4.6945903e-03 7.9657143e-01 3.5449804e-04 1.6158721e-03
 1.3496820e-03 5.3490922e-02]",[0.88733405 0.05010708 0.03186551 0.03069335],[9.9998897e-01 1.1051005e-05],"[7.6909679e-08 1.8132137e-05 2.3955649e-02 8.5118365e-01 1.2286757e-01
 1.9650734e-03 9.7500160e-06 1.5996095e-07 2.2409063e-09]"
D:\Uni\Ulm\Master\Hiwi-Forschung-und-Lehre\Fairface\detected_faces\811454_face0.jpg,White,White,Male,30-39,"[5.7159120e-01 9.4323346e-05 9.5057771e-02 6.0984743e-04 5.0905359e-04
 6.5090987e-03 3.2562879e-01]",[9.6879363e-01 7.8408013e-04 1.0064057e-03 2.9415883e-02],[9.9985045e-01 1.4953566e-04],"[3.39440476e-06 4.79493283e-05 1.78054068e-03 3.65721554e-01
 6.07407331e-01 2.49287579e-02 1.09373424e-04 1.19173615e-06
 2.34563267e-08]"
D:\Uni\Ulm\Master\Hiwi-Forschung-und-Lehre\Fairface\detected_faces\811493_face0.jpg,White,White,Male,30-39,"[8.1411183e-01 3.2660540e-04 4.4116054e-02 2.7578546e-06 2.0479074e-05
 2.0403226e-03 1.3938202e-01]",[9.9919707e-01 3.1938776e-04 1.9776466e-04 2.8585619e-04],[9.999999e-01 6.010157e-08],"[1.3527870e-06 3.6656140e-06 2.3926605e-04 9.2432402e-02 6.9884312e-01
 2.0356832e-01 4.8356429e-03 7.5528027e-05 6.7450833e-07]"
D:\Uni\Ulm\Master\Hiwi-Forschung-und-Lehre\Fairface\detected_faces\811557_face0.jpg,Middle Eastern,White,Male,20-29,"[2.6801899e-01 4.0966368e-04 1.0876549e-01 6.3322281e-05 2.0879680e-04
 5.2005978e-04 6.2201363e-01]",[9.8963588e-01 4.9935482e-03 3.1264822e-04 5.0578816e-03],[9.9999982e-01 1.5383469e-07],"[9.1160314e-07 3.6462245e-04 7.8794509e-02 7.9653412e-01 1.2006973e-01
 4.2063198e-03 2.9300934e-05 5.1588944e-07 4.6081934e-09]"
D:\Uni\Ulm\Master\Hiwi-Forschung-und-Lehre\Fairface\detected_faces\811561_face0.jpg,Middle Eastern,White,Male,30-39,"[2.8075370e-01 1.8887507e-04 2.3403755e-01 4.8896723e-05 2.5557907e-04
 3.5102013e-02 4.4961339e-01]",[9.2865878e-01 1.9845000e-04 3.1607065e-04 7.0826694e-02],[9.9999809e-01 1.8998953e-06],"[9.8456667e-07 2.0171618e-05 3.5513166e-04 2.0490865e-01 7.4243379e-01
 5.2120235e-02 1.6063577e-04 5.0129546e-07 4.7174065e-09]"
D:\Uni\Ulm\Master\Hiwi-Forschung-und-Lehre\Fairface\detected_faces\811572_face0.jpg,White,White,Male,20-29,"[6.4915699e-01 8.5461745e-04 1.8469949e-01 2.2677105e-04 9.7013859e-04
 1.0039780e-03 1.6308802e-01]",[0.9113622  0.07825447 0.00339984 0.00698352],[9.9999952e-01 4.7663028e-07],"[6.2089707e-06 8.0615990e-03 2.9405838e-01 6.3165003e-01 6.3825920e-02
 2.3758025e-03 2.1756683e-05 3.3112474e-07 5.7987637e-09]"
D:\Uni\Ulm\Master\Hiwi-Forschung-und-Lehre\Fairface\detected_faces\811611_face0.jpg,White,White,Male,20-29,"[6.1100388e-01 3.4904201e-04 3.1958508e-01 3.7158185e-04 1.0214606e-03
 2.6970203e-03 6.4971931e-02]",[0.97365665 0.00136622 0.00294926 0.02202787],[9.9999964e-01 3.8021412e-07],"[1.12568365e-07 4.98522422e-05 2.62711179e-02 8.79077554e-01
 9.36239138e-02 9.74243681e-04 3.20328081e-06 4.06826359e-08
 4.62314964e-10]"
D:\Uni\Ulm\Master\Hiwi-Forschung-und-Lehre\Fairface\detected_faces\811629_face0.jpg,Latino_Hispanic,Black,Male,30-39,"[2.5808805e-01 6.5717466e-02 5.9141213e-01 1.3867235e-05 9.6684955e-05
 4.8382655e-03 7.9833493e-02]",[0.2840066  0.67825043 0.00201674 0.03572617],[9.9999374e-01 6.2478957e-06],"[8.0309104e-07 1.5758827e-05 5.2215173e-03 3.4163478e-01 5.6759214e-01
 8.1760675e-02 3.7340033e-03 3.9988030e-05 3.1775363e-07]"
D:\Uni\Ulm\Master\Hiwi-Forschung-und-Lehre\Fairface\detected_faces\811646_face0.jpg,Middle Eastern,White,Male,20-29,"[3.2122535e-01 1.1190465e-04 6.6804372e-02 4.6759014e-04 8.9633628e-04
 1.4633961e-03 6.0903108e-01]",[0.9681622  0.01205506 0.01007278 0.00971005],[9.9999648e-01 3.4559723e-06],"[3.6999367e-07 5.1171264e-05 1.3014203e-02 8.2897264e-01 1.5615432e-01
 1.8030561e-03 4.0850800e-06 9.6283799e-08 1.7175331e-09]"
D:\Uni\Ulm\Master\Hiwi-Forschung-und-Lehre\Fairface\detected_faces\811663_face0.jpg,Latino_Hispanic,White,Male,20-29,"[2.4324347e-01 3.4743333e-03 6.6379303e-01 9.7626500e-05 4.4473962e-04
 2.4143236e-02 6.4803451e-02]",[0.8969105  0.03143809 0.00700738 0.06464405],[9.9999839e-01 1.6243072e-06],"[1.3373169e-07 5.0187405e-06 7.6855841e-04 5.3299385e-01 4.5349717e-01
 1.2701988e-02 3.3117816e-05 2.0113448e-07 2.0319433e-09]"
D:\Uni\Ulm\Master\Hiwi-Forschung-und-Lehre\Fairface\detected_faces\811672_face0.jpg,Black,Black,Male,20-29,"[1.4719586e-06 9.9956954e-01 3.2455922e-05 3.7082491e-06 9.2168491e-05
 3.0031506e-04 3.2469157e-07]",[1.2530859e-06 9.9988765e-01 2.8962613e-05 8.2084713e-05],[9.9987316e-01 1.2684766e-04],"[2.1470401e-09 3.2370068e-07 4.8530200e-03 6.9947165e-01 2.8633875e-01
 9.2383148e-03 9.7313910e-05 6.4301935e-07 3.4711373e-08]"
D:\Uni\Ulm\Master\Hiwi-Forschung-und-Lehre\Fairface\detected_faces\812050_face0.jpg,White,White,Male,20-29,"[9.9514377e-01 9.4324341e-06 1.2637748e-03 7.9440872e-07 2.4840738e-06
 2.2394432e-05 3.5572972e-03]",[9.9892229e-01 6.1954558e-04 8.0660211e-06 4.5006568e-04],[9.9999917e-01 7.7693392e-07],"[1.59861635e-08 2.01379371e-05 4.91336510e-02 9.37974095e-01
 1.28363613e-02 3.56308483e-05 5.09853564e-08 5.72185743e-10
 1.18585315e-11]"
D:\Uni\Ulm\Master\Hiwi-Forschung-und-Lehre\Fairface\detected_faces\812145_face0.jpg,White,White,Male,20-29,"[9.3619037e-01 1.3935626e-04 3.6297038e-02 1.5790515e-04 4.1521556e-04
 3.2053253e-04 2.6479620e-02]",[0.9509279  0.04198175 0.00250739 0.00458284],[9.999999e-01 6.410484e-08],"[9.4930030e-08 9.9312392e-06 6.0754525e-03 7.6323301e-01 2.2643746e-01
 4.2261686e-03 1.7591570e-05 2.2412249e-07 2.9296667e-09]"
D:\Uni\Ulm\Master\Hiwi-Forschung-und-Lehre\Fairface\detected_faces\812207_face0.jpg,Black,Black,Male,30-39,"[1.2135716e-06 9.8463380e-01 1.3925388e-04 1.3779368e-06 7.2638133e-05
 1.5140649e-02 1.1097452e-05]",[1.4408802e-06 9.9977195e-01 7.3425617e-06 2.1927615e-04],[9.999917e-01 8.281991e-06],"[2.8949755e-08 1.4011797e-06 1.1798670e-03 2.2013828e-01 6.4778966e-01
 1.2894346e-01 1.9341717e-03 1.2958596e-05 1.9178896e-07]"
D:\Uni\Ulm\Master\Hiwi-Forschung-und-Lehre\Fairface\detected_faces\812212_face0.jpg,White,White,Male,20-29,"[9.9972165e-01 9.4875468e-06 1.6480850e-04 1.0241903e-07 1.2083412e-06
 2.2040874e-06 1.0057697e-04]",[9.9987924e-01 1.5655472e-05 1.6174644e-06 1.0344544e-04],[0.9929888  0.00701122],"[3.0832303e-09 9.4969819e-06 1.3236277e-01 8.4066433e-01 2.6245268e-02
 7.1094348e-04 7.0557380e-06 9.6689973e-08 3.5406800e-09]"
D:\Uni\Ulm\Master\Hiwi-Forschung-und-Lehre\Fairface\detected_faces\812225_face0.jpg,White,White,Male,20-29,"[8.0532366e-01 2.8777139e-03 7.7665448e-02 5.1576016e-04 1.5026395e-03
 1.5881022e-04 1.1195593e-01]",[9.8056841e-01 1.7806379e-02 1.3288142e-03 2.9631090e-04],[9.9999869e-01 1.3003577e-06],"[7.24700229e-08 1.17207135e-04 1.20607816e-01 8.19241524e-01
 5.88577427e-02 1.16742775e-03 8.16331612e-06 1.04808343e-07
 1.94352912e-09]"
D:\Uni\Ulm\Master\Hiwi-Forschung-und-Lehre\Fairface\detected_faces\812226_face0.jpg,Black,Black,Male,20-29,"[1.9978401e-05 9.9685085e-01 6.4179720e-04 4.9889613e-06 1.0840210e-04
 2.2268989e-03 1.4714309e-04]",[1.0577774e-05 9.9918944e-01 1.0226272e-04 6.9770450e-04],[9.9981469e-01 1.8532555e-04],"[1.0265713e-07 5.5902151e-06 6.9201393e-03 5.4678082e-01 3.9287338e-01
 5.2217148e-02 1.1819802e-03 2.0145857e-05 7.1009754e-07]"
D:\Uni\Ulm\Master\Hiwi-Forschung-und-Lehre\Fairface\detected_faces\812314_face0.jpg,Latino_Hispanic,White,Male,30-39,"[3.0639613e-01 5.9154597e-03 6.0750979e-01 5.1376456e-04 1.3014753e-03
 6.8716812e-03 7.1491674e-02]",[0.94503355 0.00695217 0.00942174 0.03859253],[9.9998862e-01 1.1369753e-05],"[2.5291508e-06 1.6067310e-05 1.7532525e-03 2.5029060e-01 5.8035302e-01
 1.5723325e-01 1.0098752e-02 2.4971610e-04 2.8231941e-06]"
D:\Uni\Ulm\Master\Hiwi-Forschung-und-Lehre\Fairface\detected_faces\812332_face0.jpg,White,White,Male,30-39,"[5.5637676e-01 6.9638682e-03 2.8128594e-01 1.1004674e-04 4.0967800e-04
 1.1391008e-02 1.4346261e-01]",[0.61576754 0.0137766  0.00137807 0.36907774],[9.999999e-01 1.204744e-07],"[2.7460240e-07 1.8010026e-06 1.2116074e-03 4.6174523e-01 4.9601829e-01
 3.9680149e-02 1.3236509e-03 1.8790013e-05 1.6953294e-07]"
D:\Uni\Ulm\Master\Hiwi-Forschung-und-Lehre\Fairface\detected_faces\812345_face0.jpg,White,White,Male,20-29,"[9.5917332e-01 9.4901676e-05 9.0705669e-03 6.1725455e-06 2.0156189e-05
 3.9630933e-05 3.1595238e-02]",[9.6501589e-01 3.2821581e-02 9.4243576e-04 1.2200478e-03],[9.999991e-01 9.020128e-07],"[1.9928957e-07 4.9581889e-05 1.9415118e-02 7.0773798e-01 2.6309276e-01
 9.6099796e-03 9.3452145e-05 8.4900279e-07 8.4409253e-09]"
D:\Uni\Ulm\Master\Hiwi-Forschung-und-Lehre\Fairface\detected_faces\812376_face0.jpg,Middle Eastern,White,Male,20-29,"[2.0366201e-01 2.4507623e-03 7.7670977e-02 1.0298848e-04 2.0528595e-04
 1.0755329e-03 7.1483243e-01]",[0.94660074 0.01921928 0.02290749 0.0112725 ],[9.999909e-01 9.110822e-06],"[4.4983703e-06 3.1644784e-05 9.3610007e-03 6.7027181e-01 3.0142778e-01
 1.8315258e-02 5.5569987e-04 3.1732030e-05 5.2182537e-07]"
D:\Uni\Ulm\Master\Hiwi-Forschung-und-Lehre\Fairface\detected_faces\812722_face0.jpg,Middle Eastern,White,Male,30-39,"[1.7102516e-01 3.1314576e-03 5.1333770e-02 2.1269977e-06 1.4603988e-05
 5.2982983e-03 7.6919466e-01]",[9.2978436e-01 1.8293604e-02 6.8573072e-04 5.1236287e-02],[9.9998116e-01 1.8786606e-05],"[7.2545977e-06 1.5673382e-05 3.6444559e-04 4.8593551e-02 6.0530162e-01
 3.3448881e-01 1.1036804e-02 1.8974593e-04 2.1071180e-06]"
D:\Uni\Ulm\Master\Hiwi-Forschung-und-Lehre\Fairface\detected_faces\812797_face0.jpg,White,White,Male,20-29,"[8.5317916e-01 1.3277376e-04 1.1373388e-01 6.3655527e-05 1.9340214e-04
 1.0169763e-04 3.2595392e-02]",[9.8912758e-01 8.5543804e-03 1.9336098e-03 3.8436175e-04],[9.9999988e-01 1.5400445e-07],"[9.0846672e-09 1.0896227e-05 6.5444224e-02 8.9844686e-01 3.5706472e-02
 3.9069951e-04 8.3540408e-07 8.0930498e-09 7.9054679e-11]"
D:\Uni\Ulm\Master\Hiwi-Forschung-und-Lehre\Fairface\detected_faces\812822_face0.jpg,Black,Black,Male,30-39,"[3.04163905e-07 9.99968648e-01 1.06702155e-05 2.46990453e-07
 6.83291637e-06 1.31850620e-05 1.30312188e-07]",[1.4046068e-06 9.9982178e-01 1.1275011e-04 6.4130152e-05],[9.9999994e-01 5.0338510e-08],"[9.9147561e-09 6.5228767e-07 4.7047628e-04 4.6392971e-01 5.1954603e-01
 1.5989324e-02 6.3602733e-05 2.3369533e-07 1.0002453e-08]"
D:\Uni\Ulm\Master\Hiwi-Forschung-und-Lehre\Fairface\detected_faces\812829_face0.jpg,White,White,Male,30-39,"[9.5831937e-01 5.9233071e-06 3.0419527e-02 3.1268259e-04 4.2495556e-04
 6.0544968e-05 1.0457140e-02]",[9.9860811e-01 3.8748785e-05 1.3003197e-03 5.2805131e-05],[9.9999994e-01 4.8402619e-08],"[4.6710974e-07 9.2034734e-06 1.6745651e-03 1.8420836e-01 7.2470105e-01
 8.8235505e-02 1.1619801e-03 8.9160048e-06 4.1219753e-08]"
D:\Uni\Ulm\Master\Hiwi-Forschung-und-Lehre\Fairface\detected_faces\812946_face0.jpg,Black,Black,Male,20-29,"[2.4462588e-06 9.9988735e-01 8.2870531e-05 7.5482106e-08 1.8498785e-06
 1.8486520e-05 6.8553031e-06]",[2.4913641e-06 9.9997377e-01 7.4215541e-06 1.6255333e-05],[9.9997079e-01 2.9254388e-05],"[1.8478107e-05 6.0353207e-04 1.5273856e-02 7.0181805e-01 2.6393554e-01
 1.8106056e-02 2.3827222e-04 5.8753676e-06 4.3879146e-07]"
D:\Uni\Ulm\Master\Hiwi-Forschung-und-Lehre\Fairface\detected_faces\813070_face0.jpg,White,White,Male,30-39,"[8.3504903e-01 2.3857236e-03 2.4530398e-02 2.1351111e-04 2.3426920e-04
 3.7950467e-05 1.3754915e-01]",[9.9747252e-01 2.7583368e-04 2.1917652e-03 5.9796570e-05],[9.9999994e-01 7.9585632e-08],"[7.6191867e-07 1.7729279e-05 2.2733465e-03 4.2706272e-01 5.2811545e-01
 4.1837368e-02 6.6747086e-04 2.4752020e-05 4.4848034e-07]"
D:\Uni\Ulm\Master\Hiwi-Forschung-und-Lehre\Fairface\detected_faces\813078_face0.jpg,White,White,Male,30-39,"[9.9165255e-01 3.0754483e-05 1.8505637e-03 3.6006397e-06 1.9418174e-05
 1.0751977e-05 6.4324196e-03]",[9.9956167e-01 2.8212389e-04 4.5897646e-05 1.1037664e-04],[9.999139e-01 8.610072e-05],"[2.61612399e-07 1.95861976e-05 9.28461552e-03 3.78328681e-01
 5.45771778e-01 6.53985515e-02 1.18481950e-03 1.16704505e-05
 1.54404773e-07]"
D:\Uni\Ulm\Master\Hiwi-Forschung-und-Lehre\Fairface\detected_faces\813511_face0.jpg,Black,Black,Male,20-29,"[3.3536983e-06 9.9998397e-01 8.2300512e-06 1.2362720e-09 1.7147887e-08
 1.1137755e-06 3.2868697e-06]",[8.4644707e-06 9.9998832e-01 2.0593259e-06 1.1613020e-06],[9.9999261e-01 7.3721244e-06],"[4.7311602e-07 7.7234197e-04 8.6274594e-02 7.8863037e-01 1.2284693e-01
 1.4712097e-03 4.0375185e-06 4.9393289e-08 1.6875121e-09]"
D:\Uni\Ulm\Master\Hiwi-Forschung-und-Lehre\Fairface\detected_faces\813523_face0.jpg,White,White,Male,20-29,"[9.0029395e-01 2.4964374e-05 4.3022614e-02 5.5147542e-05 1.9508776e-04
 1.6779650e-03 5.4730315e-02]",[9.9928856e-01 6.1126280e-05 6.2766674e-05 5.8759877e-04],[9.9999964e-01 3.2702994e-07],"[2.0711313e-06 2.4768494e-03 2.6507327e-01 6.3631958e-01 9.3437754e-02
 2.6820914e-03 8.3210562e-06 8.0948531e-08 1.0564083e-09]"
D:\Uni\Ulm\Master\Hiwi-Forschung-und-Lehre\Fairface\detected_faces\813548_face0.jpg,Middle Eastern,White,Male,20-29,"[4.5541428e-02 7.1788767e-05 2.7021643e-02 2.5671114e-05 6.2134728e-05
 2.8262460e-03 9.2445105e-01]",[0.9639405  0.0024618  0.00209004 0.03150774],[9.9999619e-01 3.7898417e-06],"[2.9269318e-06 2.6512288e-03 1.9144495e-01 7.6748216e-01 3.7536677e-02
 8.7840069e-04 3.4569102e-06 8.5915879e-08 1.2963326e-09]"
D:\Uni\Ulm\Master\Hiwi-Forschung-und-Lehre\Fairface\detected_faces\813558_face0.jpg,Middle Eastern,White,Male,20-29,"[1.8426715e-01 3.6561867e-04 1.7273886e-02 3.0298661e-06 1.8352057e-05
 1.2084754e-03 7.9686350e-01]",[9.7322440e-01 1.2899867e-02 5.7681391e-05 1.3818120e-02],[9.9998432e-01 1.5610529e-05],"[2.0185830e-07 1.3120654e-05 4.1909078e-03 7.2402948e-01 2.6778200e-01
 3.9684367e-03 1.5499088e-05 3.0350762e-07 6.6071748e-09]"
D:\Uni\Ulm\Master\Hiwi-Forschung-und-Lehre\Fairface\detected_faces\813573_face0.jpg,Middle Eastern,Indian,Male,20-29,"[7.6976188e-02 5.4693379e-04 1.7402430e-01 5.9354585e-05 3.2761579e-04
 7.5498344e-03 7.4051583e-01]",[0.17227986 0.0655304  0.00408138 0.7581084 ],[9.9999857e-01 1.4178280e-06],"[2.8246558e-07 3.2004969e-05 5.7335114e-03 7.6345152e-01 2.2683781e-01
 3.9310516e-03 1.3784699e-05 1.0633613e-07 1.1458511e-09]"
D:\Uni\Ulm\Master\Hiwi-Forschung-und-Lehre\Fairface\detected_faces\813574_face0.jpg,White,White,Male,20-29,"[9.2442566e-01 8.3159546e-05 2.3569796e-02 4.7819292e-05 2.5768438e-04
 2.6331126e-04 5.1352553e-02]",[9.9487805e-01 2.2919367e-03 7.7983993e-04 2.0501853e-03],[9.9994797e-01 5.2051648e-05],"[2.4079510e-08 3.6774186e-06 1.5345886e-02 7.3362428e-01 2.4325806e-01
 7.6910178e-03 7.6105651e-05 1.0445622e-06 1.9245631e-08]"
D:\Uni\Ulm\Master\Hiwi-Forschung-und-Lehre\Fairface\detected_faces\813634_face0.jpg,Middle Eastern,White,Male,20-29,"[2.8931424e-01 4.3495802e-05 3.1786304e-02 2.3398591e-04 4.0299076e-04
 1.2565398e-03 6.7696244e-01]",[9.9435431e-01 6.5125467e-04 3.2403839e-03 1.7540903e-03],[9.9999976e-01 2.3122249e-07],"[3.60868796e-07 7.49447718e-05 2.70530488e-02 8.59818280e-01
 1.11484185e-01 1.56214868e-03 6.94116989e-06 1.03052088e-07
 1.31309918e-09]"
D:\Uni\Ulm\Master\Hiwi-Forschung-und-Lehre\Fairface\detected_faces\813645_face0.jpg,White,White,Male,20-29,"[9.0626109e-01 6.0402075e-05 3.8456358e-02 2.3441314e-04 2.7252600e-04
 2.5406925e-05 5.4689899e-02]",[9.9630183e-01 1.1884443e-03 2.1889030e-03 3.2083562e-04],[9.9999958e-01 4.0944624e-07],"[4.4110227e-10 4.0845084e-06 2.9995775e-01 6.9792533e-01 2.1076710e-03
 5.0797917e-06 8.7547782e-09 1.9217018e-10 1.7777395e-12]"
D:\Uni\Ulm\Master\Hiwi-Forschung-und-Lehre\Fairface\detected_faces\813714_face0.jpg,White,White,Male,30-39,"[8.2600749e-01 4.8608240e-03 1.3524893e-01 2.0334900e-03 2.4061152e-03
 3.1944682e-04 2.9123796e-02]",[9.9352843e-01 1.2781394e-03 4.9898387e-03 2.0355351e-04],[9.999955e-01 4.439050e-06],"[9.3335639e-06 7.1707538e-05 4.2885011e-03 4.2648372e-01 5.2980059e-01
 3.8228024e-02 1.1052955e-03 1.2608646e-05 2.1135089e-07]"
D:\Uni\Ulm\Master\Hiwi-Forschung-und-Lehre\Fairface\detected_faces\813738_face0.jpg,White,White,Male,30-39,"[4.77342606e-01 2.16864049e-03 1.21078715e-01 4.15562827e-04
 9.90112778e-04 4.18039644e-03 3.93823922e-01]",[0.77174044 0.0209113  0.0017472  0.20560105],[9.9998510e-01 1.4904486e-05],"[3.2975781e-06 1.5207114e-05 2.4456216e-03 4.1347918e-01 5.2906668e-01
 5.3595398e-02 1.3295125e-03 6.3434316e-05 1.7404199e-06]"
D:\Uni\Ulm\Master\Hiwi-Forschung-und-Lehre\Fairface\detected_faces\813834_face0.jpg,White,White,Male,20-29,"[8.4251463e-01 2.0783315e-04 7.9282649e-02 2.2527804e-05 9.9838624e-05
 9.1088872e-04 7.6961525e-02]",[9.9916446e-01 1.9441661e-04 1.3115359e-04 5.0997071e-04],[9.9999976e-01 2.5704227e-07],"[3.0744101e-08 2.4280714e-06 7.3517719e-04 5.5553889e-01 4.3594244e-01
 7.7612395e-03 1.9680136e-05 9.2448005e-08 9.6649988e-10]"
D:\Uni\Ulm\Master\Hiwi-Forschung-und-Lehre\Fairface\detected_faces\813835_face0.jpg,White,White,Male,20-29,"[7.2010744e-01 3.8619555e-04 6.2966973e-02 2.9584842e-05 7.9800535e-05
 4.0015893e-04 2.1602979e-01]",[0.9771223  0.01658076 0.00121762 0.00507932],[9.9999595e-01 4.0398727e-06],"[5.05927673e-08 2.59931630e-06 1.88283552e-03 7.13474214e-01
 2.76427209e-01 8.17046221e-03 4.21671757e-05 5.47476986e-07
 1.05924185e-08]"
D:\Uni\Ulm\Master\Hiwi-Forschung-und-Lehre\Fairface\detected_faces\814023_face0.jpg,Middle Eastern,Indian,Male,30-39,"[4.4006892e-03 1.0660789e-03 2.5265045e-02 1.0010722e-06 1.5993226e-05
 8.1407219e-02 8.8784397e-01]",[2.9242188e-02 3.8613968e-03 2.2091441e-04 9.6667552e-01],[9.9999869e-01 1.3444596e-06],"[1.5033644e-06 2.6750244e-05 4.0567215e-04 7.6293059e-02 6.6137826e-01
 2.5719622e-01 4.6814824e-03 1.6849635e-05 2.2709467e-07]"
D:\Uni\Ulm\Master\Hiwi-Forschung-und-Lehre\Fairface\detected_faces\814179_face0.jpg,White,White,Male,20-29,"[9.8088735e-01 1.2119908e-05 3.6504590e-03 3.1419087e-05 7.8475059e-05
 5.0354880e-05 1.5289860e-02]",[9.9709737e-01 5.1581464e-04 1.5345725e-04 2.2333830e-03],[9.9999857e-01 1.4763626e-06],"[9.8497202e-09 1.7619808e-06 6.2747030e-03 8.4008765e-01 1.5093943e-01
 2.6852023e-03 1.1149982e-05 7.2778462e-08 1.2350894e-09]"
D:\Uni\Ulm\Master\Hiwi-Forschung-und-Lehre\Fairface\detected_faces\814180_face0.jpg,White,White,Male,20-29,"[9.6440250e-01 2.1127092e-04 1.7001772e-02 7.7278724e-05 1.6072184e-04
 4.0364401e-05 1.8106053e-02]",[9.9420440e-01 4.1719312e-03 1.1673176e-03 4.5632347e-04],[1.000000e+00 9.410371e-10],"[1.9225126e-06 1.7060571e-05 8.3461506e-03 4.8947391e-01 4.5978618e-01
 4.1522235e-02 8.4396370e-04 8.5550555e-06 3.5389192e-08]"
D:\Uni\Ulm\Master\Hiwi-Forschung-und-Lehre\Fairface\detected_faces\814214_face0.jpg,White,White,Male,20-29,"[6.31702840e-01 1.75695191e-03 3.98585796e-02 2.13568521e-04
 3.41980747e-04 1.12205766e-04 3.26013982e-01]",[9.7113860e-01 2.6719913e-02 1.6991254e-03 4.4240509e-04],[9.9999809e-01 1.9208978e-06],"[1.8735291e-07 1.6565174e-04 2.5306478e-01 7.0286870e-01 4.2324662e-02
 1.5631900e-03 1.2630785e-05 3.0647894e-07 5.4180362e-09]"
D:\Uni\Ulm\Master\Hiwi-Forschung-und-Lehre\Fairface\detected_faces\814221_face0.jpg,White,White,Male,30-39,"[9.5790321e-01 8.6276095e-06 1.7434693e-03 1.4096636e-05 1.9495161e-05
 2.5251808e-04 4.0058546e-02]",[9.99700725e-01 1.74429260e-05 1.74792891e-04 1.07140375e-04],[9.999991e-01 9.538709e-07],"[7.86045860e-07 1.17515665e-05 3.97177995e-04 3.17359418e-01
 6.66219473e-01 1.59836262e-02 2.76391220e-05 1.01565490e-07
 1.71506953e-09]"
D:\Uni\Ulm\Master\Hiwi-Forschung-und-Lehre\Fairface\detected_faces\814301_face0.jpg,White,White,Male,20-29,"[9.7443974e-01 2.0320331e-05 1.5009228e-02 2.2385232e-04 3.4739729e-04
 2.4757108e-05 9.9346824e-03]",[9.95905876e-01 3.52005009e-04 3.63135198e-03 1.10778405e-04],[9.9996978e-01 3.0223267e-05],"[2.76285999e-08 1.70574422e-05 1.12525344e-01 8.28608453e-01
 5.75391613e-02 1.30194973e-03 7.94937296e-06 8.17205148e-08
 1.90781013e-09]"
