face_name_align,race,race4,gender,age,race_scores_fair,race_scores_fair_4,gender_scores_fair,age_scores_fair
D:\Uni\Ulm\Master\Hiwi-Forschung-und-Lehre\FairFace\detected_faces\1087420_face0.jpg,White,White,Male,20-29,"[5.7310539e-01 1.5751588e-04 1.2574993e-02 1.0716348e-05 2.6406336e-05
 7.7196542e-04 4.1335294e-01]",[9.9274427e-01 2.3558976e-04 6.2879687e-04 6.3913409e-03],[9.999728e-01 2.720316e-05],"[1.21050965e-08 3.96073119e-06 8.76076333e-03 8.78245592e-01
 1.12497896e-01 4.90539125e-04 1.19289166e-06 2.87055393e-08
 7.66750829e-10]"
D:\Uni\Ulm\Master\Hiwi-Forschung-und-Lehre\FairFace\detected_faces\1087476_face0.jpg,Black,Black,Male,20-29,"[1.4956760e-07 9.9997658e-01 2.5345416e-06 2.4828514e-08 5.4451692e-07
 1.9852319e-05 3.4669026e-07]",[1.3144262e-07 9.9996060e-01 6.4424157e-06 3.2840097e-05],[9.9991715e-01 8.2810075e-05],"[2.90447755e-08 1.05028821e-05 1.36447204e-02 7.54054725e-01
 2.24620432e-01 7.64260394e-03 2.67933337e-05 1.97913806e-07
 1.37202765e-08]"
D:\Uni\Ulm\Master\Hiwi-Forschung-und-Lehre\FairFace\detected_faces\1087489_face0.jpg,White,White,Male,10-19,"[5.8177757e-01 3.0651820e-05 4.5162704e-02 2.2672680e-06 1.3986081e-05
 1.2638272e-03 3.7174901e-01]",[9.9241596e-01 2.2547655e-03 3.2200114e-04 5.0071813e-03],[9.9999785e-01 2.1935341e-06],"[2.12225295e-08 1.00157384e-04 5.30209363e-01 4.63327795e-01
 6.26406446e-03 9.84093786e-05 2.12865316e-07 4.43805970e-09
 5.99385819e-11]"
D:\Uni\Ulm\Master\Hiwi-Forschung-und-Lehre\FairFace\detected_faces\1087514_face0.jpg,Black,Black,Female,30-39,"[9.8357368e-08 9.9999332e-01 2.5271934e-06 9.7592974e-09 8.8590639e-08
 4.0376153e-06 3.4851318e-08]",[3.7238274e-07 9.9999481e-01 5.5279276e-07 4.2639158e-06],[0.0102933 0.9897067],"[4.6673616e-09 1.4081651e-06 2.3602610e-03 3.5015321e-01 6.1673266e-01
 3.0316578e-02 4.3398116e-04 1.9671911e-06 2.8100322e-08]"
D:\Uni\Ulm\Master\Hiwi-Forschung-und-Lehre\FairFace\detected_faces\1087556_face0.jpg,Middle Eastern,Indian,Male,20-29,"[3.4398761e-02 7.4683403e-04 9.8470300e-02 6.0193372e-05 1.7742247e-04
 2.2086829e-02 8.4405959e-01]",[0.33269852 0.00733836 0.0013256  0.6586376 ],[9.999910e-01 8.985484e-06],"[3.4761613e-06 6.6374411e-04 3.1569194e-02 8.2647425e-01 1.3968793e-01
 1.5974930e-03 3.8307726e-06 9.7565383e-08 2.0718371e-09]"
D:\Uni\Ulm\Master\Hiwi-Forschung-und-Lehre\FairFace\detected_faces\1087570_face0.jpg,White,White,Male,20-29,"[9.2128140e-01 1.4383483e-04 1.7213373e-02 1.4152205e-04 2.9203502e-04
 1.3840350e-04 6.0789537e-02]",[9.9902749e-01 3.6536908e-04 5.5751059e-04 4.9533846e-05],[9.9999285e-01 7.1246609e-06],"[8.64422578e-09 3.48926078e-05 1.57025293e-01 8.32585394e-01
 1.03318365e-02 2.25052881e-05 3.14749116e-08 1.00549746e-09
 2.35662791e-11]"
D:\Uni\Ulm\Master\Hiwi-Forschung-und-Lehre\FairFace\detected_faces\1087744_face0.jpg,White,White,Male,20-29,"[9.99672234e-01 1.69027135e-05 1.22031845e-04 2.54389033e-06
 9.84082999e-06 8.75634271e-07 1.75584864e-04]",[9.9772859e-01 2.1040642e-03 1.5073967e-04 1.6594126e-05],[1.0000000e+00 5.1453473e-08],"[8.1170958e-07 6.2240717e-05 9.0529127e-03 6.9690126e-01 2.8603861e-01
 7.8730322e-03 7.0085640e-05 1.0602239e-06 3.5196972e-08]"
D:\Uni\Ulm\Master\Hiwi-Forschung-und-Lehre\FairFace\detected_faces\1087748_face0.jpg,White,White,Male,20-29,"[7.6955229e-01 3.4708309e-03 1.0229055e-01 2.2511394e-04 7.9602492e-04
 1.3171518e-04 1.2353347e-01]",[9.8188162e-01 1.3921192e-02 3.4437377e-03 7.5341354e-04],[9.9938935e-01 6.1064505e-04],"[1.9292335e-08 5.1360475e-05 2.4681360e-01 7.3405159e-01 1.8891683e-02
 1.9083569e-04 9.4489468e-07 2.0776739e-08 5.4315036e-10]"
D:\Uni\Ulm\Master\Hiwi-Forschung-und-Lehre\FairFace\detected_faces\1087790_face0.jpg,Latino_Hispanic,Black,Male,20-29,"[1.9978052e-02 3.9625582e-01 5.0365031e-01 8.6499378e-05 1.9939749e-03
 1.9137776e-02 5.8897600e-02]",[0.0071291  0.96982646 0.00486989 0.01817457],[9.999999e-01 9.047082e-08],"[4.2887372e-08 3.6418096e-06 6.3918740e-03 7.8571969e-01 2.0509821e-01
 2.7692784e-03 1.7077333e-05 2.2506765e-07 3.1301053e-09]"
D:\Uni\Ulm\Master\Hiwi-Forschung-und-Lehre\FairFace\detected_faces\1087795_face0.jpg,Latino_Hispanic,White,Male,20-29,"[2.6840323e-01 5.3324677e-02 5.1178145e-01 3.4505447e-05 2.0899951e-04
 5.8106054e-04 1.6566597e-01]",[0.5685499  0.4274576  0.00142905 0.00256346],[9.9999976e-01 2.2335482e-07],"[2.1280690e-07 1.0388474e-04 9.3463339e-02 8.6234170e-01 4.3499447e-02
 5.8884616e-04 2.4845422e-06 4.4681130e-08 7.3008521e-10]"
D:\Uni\Ulm\Master\Hiwi-Forschung-und-Lehre\FairFace\detected_faces\1087839_face0.jpg,White,White,Male,20-29,"[9.9996299e-01 2.8053691e-07 9.7985721e-06 5.2555688e-08 7.6039498e-08
 9.6575459e-09 2.6869649e-05]",[9.9998879e-01 9.3585886e-06 1.3452367e-06 4.7653884e-07],[9.9999988e-01 1.3000778e-07],"[1.2465008e-08 2.9913595e-05 1.3878915e-01 8.4059185e-01 2.0354584e-02
 2.3382581e-04 6.5887122e-07 9.3021049e-09 1.4119290e-10]"
D:\Uni\Ulm\Master\Hiwi-Forschung-und-Lehre\FairFace\detected_faces\1087845_face0.jpg,White,White,Male,20-29,"[7.5105268e-01 1.7687010e-04 4.3316074e-02 5.1417064e-05 1.1649942e-04
 9.4784991e-05 2.0519161e-01]",[0.8807454  0.08234406 0.02441209 0.01249848],[9.999999e-01 9.772243e-08],"[5.6206346e-09 1.7157082e-06 1.1884446e-02 9.1301948e-01 7.4189976e-02
 8.9966011e-04 4.5738429e-06 5.4571775e-08 4.5578943e-10]"
D:\Uni\Ulm\Master\Hiwi-Forschung-und-Lehre\FairFace\detected_faces\1087852_face0.jpg,White,White,Male,20-29,"[9.7768068e-01 5.2601058e-06 5.5411649e-03 5.9427531e-03 4.2111040e-03
 5.6421377e-05 6.5626297e-03]",[9.9820852e-01 3.1688051e-06 1.7812062e-03 7.1138775e-06],[9.9991745e-01 8.2573664e-05],"[1.1037976e-03 5.4202944e-02 2.0998214e-01 3.9881027e-01 2.9869014e-01
 3.5688579e-02 1.4391032e-03 7.7272256e-05 5.7845468e-06]"
D:\Uni\Ulm\Master\Hiwi-Forschung-und-Lehre\FairFace\detected_faces\1087919_face0.jpg,White,White,Male,20-29,"[9.9978036e-01 9.3633588e-07 8.7647655e-05 2.2504841e-07 5.5176810e-07
 1.6060236e-06 1.2866981e-04]",[9.9920225e-01 4.1616589e-04 5.7271929e-05 3.2429371e-04],[9.9999428e-01 5.6929903e-06],"[3.3853109e-09 8.7010121e-06 6.9543973e-02 9.1050017e-01 1.9672221e-02
 2.7407726e-04 8.7252340e-07 6.9379835e-09 1.3249161e-10]"
D:\Uni\Ulm\Master\Hiwi-Forschung-und-Lehre\FairFace\detected_faces\1087957_face0.jpg,Latino_Hispanic,Black,Male,20-29,"[1.9900273e-01 8.8293619e-02 6.1757696e-01 3.4257254e-04 2.7365491e-03
 6.5868251e-02 2.6179345e-02]",[0.15455382 0.62514573 0.00461077 0.21568973],[9.9999917e-01 8.6140574e-07],"[3.5864394e-09 7.6519501e-07 7.1413782e-03 9.5140892e-01 4.1289162e-02
 1.5935849e-04 4.4456493e-07 8.6147596e-09 1.7624779e-10]"
D:\Uni\Ulm\Master\Hiwi-Forschung-und-Lehre\FairFace\detected_faces\1088160_face0.jpg,Black,Black,Male,20-29,"[8.6226559e-04 8.2882261e-01 4.5289014e-02 4.8274673e-05 1.4074157e-03
 8.8660985e-02 3.4909442e-02]",[8.6822583e-05 9.8532158e-01 1.4859425e-04 1.4443028e-02],[9.9999952e-01 4.7890364e-07],"[4.7418119e-08 4.8737693e-05 3.4437936e-02 9.1210711e-01 5.2955609e-02
 4.4886552e-04 1.6447379e-06 3.6715836e-08 7.3908807e-10]"
D:\Uni\Ulm\Master\Hiwi-Forschung-und-Lehre\FairFace\detected_faces\1088565_face0.jpg,Latino_Hispanic,White,Male,20-29,"[1.4480966e-01 2.2617268e-04 4.9082989e-01 3.6880045e-04 1.7615296e-03
 6.9167249e-02 2.9283673e-01]",[0.7255905  0.00389282 0.03715205 0.2333646 ],[1.00000000e+00 1.34132625e-08],"[3.1518239e-06 9.8072283e-04 1.2215462e-01 6.9438344e-01 1.7733407e-01
 5.1224525e-03 2.1217735e-05 3.0843972e-07 1.5445629e-09]"
D:\Uni\Ulm\Master\Hiwi-Forschung-und-Lehre\FairFace\detected_faces\1088566_face0.jpg,Black,Black,Male,40-49,"[0.04860478 0.43424302 0.21760355 0.0329757  0.09160507 0.03744479
 0.1375231 ]",[0.0633646  0.46495312 0.44081628 0.03086595],[0.997584   0.00241603],"[5.6789358e-06 1.1983819e-04 2.9275864e-03 1.1953542e-01 3.3440614e-01
 4.2448968e-01 1.1265388e-01 5.6300773e-03 2.3179562e-04]"
D:\Uni\Ulm\Master\Hiwi-Forschung-und-Lehre\FairFace\detected_faces\1088567_face0.jpg,Middle Eastern,White,Male,20-29,"[1.4947638e-01 2.6120883e-03 1.0030013e-01 4.3537319e-05 2.3724326e-04
 7.3834863e-03 7.3994714e-01]",[9.6553344e-01 2.7640440e-02 9.3812059e-04 5.8880732e-03],[9.9999976e-01 2.3216788e-07],"[8.1618481e-09 3.2249338e-06 3.8433973e-02 9.2262036e-01 3.8643718e-02
 2.9728617e-04 1.3182188e-06 8.2326004e-08 1.2762310e-09]"
D:\Uni\Ulm\Master\Hiwi-Forschung-und-Lehre\FairFace\detected_faces\1088679_face0.jpg,White,White,Male,10-19,"[9.9509203e-01 7.7458117e-06 1.0266816e-03 4.9129420e-07 1.4021928e-06
 3.3230333e-06 3.8683515e-03]",[9.9991709e-01 4.9549530e-05 9.2403143e-06 2.4121584e-05],[9.9999934e-01 6.6520215e-07],"[4.7873363e-07 7.9330837e-04 6.0687995e-01 3.8115925e-01 1.0831889e-02
 3.3371605e-04 1.4450508e-06 1.7205071e-08 1.8660722e-10]"
D:\Uni\Ulm\Master\Hiwi-Forschung-und-Lehre\FairFace\detected_faces\1088897_face0.jpg,Middle Eastern,White,Male,20-29,"[2.8895208e-01 4.1100671e-04 4.8859864e-02 1.9060362e-04 8.8281161e-04
 8.8175124e-04 6.5982187e-01]",[0.8689452  0.08589245 0.03728674 0.00787558],[9.9992037e-01 7.9618709e-05],"[2.1587013e-07 5.1584130e-04 2.2335628e-01 7.4322379e-01 3.2385163e-02
 5.1590276e-04 2.7081926e-06 7.3895130e-08 2.0306388e-09]"
D:\Uni\Ulm\Master\Hiwi-Forschung-und-Lehre\FairFace\detected_faces\1089108_face0.jpg,Latino_Hispanic,White,Male,20-29,"[0.28561392 0.00201836 0.42906135 0.00390446 0.00517308 0.00252818
 0.2717007 ]",[0.9332492  0.05789301 0.00705395 0.00180388],[9.9999648e-01 3.5749615e-06],"[7.7430411e-07 1.0539643e-04 2.1292841e-02 8.6550742e-01 1.1176825e-01
 1.3188220e-03 6.4083065e-06 1.2696636e-07 2.1179705e-09]"
D:\Uni\Ulm\Master\Hiwi-Forschung-und-Lehre\FairFace\detected_faces\1089135_face0.jpg,Middle Eastern,White,Male,10-19,"[3.2581514e-01 1.1490514e-04 2.5359830e-01 1.9386286e-03 2.0365370e-03
 3.3853850e-03 4.1311103e-01]",[0.91327405 0.00221702 0.04216111 0.04234782],[9.9999964e-01 3.7443726e-07],"[4.1328596e-07 8.8866742e-04 6.3114411e-01 3.5960492e-01 8.2708476e-03
 9.0656606e-05 3.7143926e-07 1.3642710e-08 1.7667660e-10]"
D:\Uni\Ulm\Master\Hiwi-Forschung-und-Lehre\FairFace\detected_faces\1089161_face0.jpg,Middle Eastern,White,Male,20-29,"[2.1211387e-01 1.3323886e-02 1.8918175e-01 5.7171725e-05 2.5587602e-04
 2.9113351e-03 5.8215612e-01]",[0.6382444  0.33877692 0.00072194 0.02225683],[9.9999970e-01 2.8172244e-07],"[8.5992025e-07 1.3449219e-04 3.4431268e-02 8.2780153e-01 1.3426259e-01
 3.3448022e-03 2.4202931e-05 3.6154464e-07 4.0793164e-09]"
D:\Uni\Ulm\Master\Hiwi-Forschung-und-Lehre\FairFace\detected_faces\1089184_face0.jpg,Middle Eastern,White,Male,10-19,"[4.0143436e-01 9.5902773e-04 2.6643049e-02 2.1742616e-04 5.7215028e-04
 6.1870134e-04 5.6955528e-01]",[0.95273226 0.04154124 0.00282861 0.00289786],[1.0000000e+00 2.1738575e-08],"[1.5193596e-07 2.1462976e-03 7.3482585e-01 2.5426686e-01 8.5930536e-03
 1.6711556e-04 6.8040788e-07 1.6713267e-08 2.4510929e-10]"
D:\Uni\Ulm\Master\Hiwi-Forschung-und-Lehre\FairFace\detected_faces\1089219_face0.jpg,White,White,Male,20-29,"[9.8188937e-01 7.6115828e-07 5.5371400e-04 3.8755043e-05 2.5255469e-05
 1.0961794e-05 1.7481152e-02]",[9.9995548e-01 5.9668578e-06 3.1429274e-05 7.1225672e-06],[9.9994946e-01 5.0542167e-05],"[1.1610447e-09 2.5180684e-06 2.2616372e-01 7.6830566e-01 5.4870350e-03
 4.0888106e-05 1.4011781e-07 2.5702511e-09 7.9755091e-11]"
D:\Uni\Ulm\Master\Hiwi-Forschung-und-Lehre\FairFace\detected_faces\1089220_face0.jpg,Middle Eastern,White,Male,20-29,"[4.4399872e-01 2.6560677e-04 1.5197738e-02 3.3554308e-05 1.3113656e-04
 9.0317545e-04 5.3947008e-01]",[9.9459600e-01 3.1496647e-03 3.1216562e-04 1.9422843e-03],[9.9996108e-01 3.8968312e-05],"[9.9352398e-08 3.9483639e-05 3.5055403e-02 8.1569725e-01 1.4572191e-01
 3.4528568e-03 3.2228636e-05 8.0740000e-07 2.0433250e-08]"
D:\Uni\Ulm\Master\Hiwi-Forschung-und-Lehre\FairFace\detected_faces\1089222_face0.jpg,Middle Eastern,Indian,Male,20-29,"[1.62238866e-01 3.70217953e-04 1.44120231e-01 1.80112256e-05
 1.07825996e-04 4.60159518e-02 6.47128880e-01]",[2.6485154e-01 4.3917224e-03 3.9649633e-04 7.3036027e-01],[9.9999774e-01 2.2396246e-06],"[1.2703113e-04 1.4153752e-02 1.6316643e-01 6.2432104e-01 1.8770452e-01
 1.0439479e-02 8.6188033e-05 1.5648963e-06 1.3508016e-08]"
D:\Uni\Ulm\Master\Hiwi-Forschung-und-Lehre\FairFace\detected_faces\1089260_face0.jpg,Middle Eastern,White,Male,20-29,"[4.1824096e-01 6.4286712e-04 3.7946690e-02 3.7515079e-04 3.0467167e-04
 6.0731457e-03 5.3641653e-01]",[9.8686624e-01 7.5605634e-04 7.6678523e-04 1.1610868e-02],[0.995287   0.00471304],"[4.9188425e-06 2.0870175e-03 3.0493376e-01 6.6906977e-01 2.3346538e-02
 5.5195799e-04 5.2891028e-06 6.7605799e-07 4.8728943e-08]"
D:\Uni\Ulm\Master\Hiwi-Forschung-und-Lehre\FairFace\detected_faces\1089388_face0.jpg,Black,Black,Male,20-29,"[3.3582603e-06 9.9979007e-01 1.1977313e-04 1.0869599e-06 2.7943441e-05
 3.8616792e-05 1.9104480e-05]",[8.3008575e-07 9.9996638e-01 2.9782112e-05 2.9715181e-06],[9.993438e-01 6.561602e-04],"[3.7801747e-06 2.0831876e-04 3.5460144e-02 4.5844394e-01 4.3913612e-01
 6.5086737e-02 1.6231126e-03 3.5669658e-05 2.1393232e-06]"
D:\Uni\Ulm\Master\Hiwi-Forschung-und-Lehre\FairFace\detected_faces\1089411_face0.jpg,Black,Black,Male,20-29,"[4.2905924e-07 9.9996042e-01 7.4455925e-06 8.9177166e-07 1.9582110e-05
 1.0896243e-05 2.3809147e-07]",[2.4422565e-07 9.9998611e-01 1.1045725e-05 2.5768131e-06],[0.9968095 0.0031905],"[8.7571874e-07 5.5268017e-04 6.7811750e-02 7.6456249e-01 1.5973663e-01
 7.1184728e-03 2.1000592e-04 5.8460005e-06 1.1841391e-06]"
D:\Uni\Ulm\Master\Hiwi-Forschung-und-Lehre\FairFace\detected_faces\1089453_face0.jpg,Latino_Hispanic,Asian,Male,20-29,"[0.00317108 0.11536024 0.79215163 0.00108588 0.02620959 0.03994709
 0.02207444]",[0.0098661  0.27136838 0.4553375  0.26342806],[9.9999994e-01 3.7797474e-08],"[4.1555163e-06 6.1187049e-05 9.0196244e-03 6.0224730e-01 3.6308289e-01
 2.5140913e-02 4.3498122e-04 8.7978160e-06 1.0808225e-07]"
D:\Uni\Ulm\Master\Hiwi-Forschung-und-Lehre\FairFace\detected_faces\1089546_face0.jpg,Black,Black,Male,20-29,"[2.5267084e-04 9.8035282e-01 1.4712776e-02 1.0842205e-05 6.2170776e-04
 3.3027988e-03 7.4648461e-04]",[2.2286446e-05 9.9944454e-01 6.4390566e-05 4.6881841e-04],[9.9998343e-01 1.6597060e-05],"[4.2664425e-08 3.1410839e-06 4.5107333e-03 7.1537161e-01 2.7645364e-01
 3.6465635e-03 1.4134110e-05 1.4297764e-07 5.6104192e-09]"
D:\Uni\Ulm\Master\Hiwi-Forschung-und-Lehre\FairFace\detected_faces\1089677_face0.jpg,White,White,Male,20-29,"[9.5426559e-01 2.9324176e-05 2.9693479e-02 1.2142385e-05 4.1705927e-05
 1.8421751e-03 1.4115615e-02]",[9.8795891e-01 2.0939769e-04 1.6640598e-04 1.1665300e-02],[9.9999994e-01 5.7100138e-08],"[2.9395499e-08 3.5986726e-05 5.5357751e-02 9.1473037e-01 2.9646549e-02
 2.2888114e-04 4.8475243e-07 3.4857437e-09 3.9673743e-11]"
D:\Uni\Ulm\Master\Hiwi-Forschung-und-Lehre\FairFace\detected_faces\1089682_face0.jpg,White,White,Male,20-29,"[9.9861169e-01 2.2330210e-06 3.7609145e-05 1.2612712e-06 1.1376345e-05
 2.3140331e-06 1.3334036e-03]",[9.9783051e-01 7.7018997e-04 1.0486261e-03 3.5071760e-04],[9.9963081e-01 3.6918462e-04],"[9.24912729e-06 5.66923991e-04 4.20312136e-02 3.84388179e-01
 3.40329379e-01 1.96340725e-01 3.37236449e-02 2.48882920e-03
 1.21854275e-04]"
D:\Uni\Ulm\Master\Hiwi-Forschung-und-Lehre\FairFace\detected_faces\1089973_face0.jpg,Middle Eastern,White,Male,20-29,"[3.3124536e-01 3.4153516e-05 7.6591909e-02 1.1061144e-04 4.1365364e-04
 1.6004704e-03 5.9000397e-01]",[9.5263547e-01 8.8991364e-04 2.0989876e-03 4.4375621e-02],[9.999983e-01 1.712553e-06],"[8.9308593e-08 1.1915314e-04 1.9156301e-01 7.7712828e-01 3.0534873e-02
 6.5215299e-04 2.3991486e-06 4.1006427e-08 5.1249627e-10]"
D:\Uni\Ulm\Master\Hiwi-Forschung-und-Lehre\FairFace\detected_faces\1090128_face0.jpg,Black,Black,Male,20-29,"[8.1239714e-06 9.9997836e-01 9.2533473e-06 3.9970566e-08 3.1743528e-07
 2.8834650e-06 9.9837405e-07]",[3.2855899e-06 9.9999022e-01 3.7059076e-06 2.8465715e-06],[0.9983056  0.00169442],"[1.3784452e-05 2.3343898e-02 3.9584807e-01 5.2454346e-01 5.4737020e-02
 1.4918970e-03 2.1153746e-05 7.0478654e-07 6.5770841e-08]"
D:\Uni\Ulm\Master\Hiwi-Forschung-und-Lehre\FairFace\detected_faces\1090194_face0.jpg,Latino_Hispanic,Black,Male,20-29,"[0.03025507 0.01543441 0.84233344 0.00279597 0.01721556 0.01929914
 0.07266638]",[0.19998416 0.39894316 0.02244673 0.37862602],[9.9999762e-01 2.4101987e-06],"[1.2821275e-07 9.7989405e-06 1.9890964e-02 8.9838201e-01 8.1055723e-02
 6.5875915e-04 2.5486722e-06 7.7804934e-08 1.1628701e-09]"
D:\Uni\Ulm\Master\Hiwi-Forschung-und-Lehre\FairFace\detected_faces\1090458_face0.jpg,Black,Black,Male,30-39,"[2.4924168e-05 9.9888206e-01 4.9095607e-04 4.6414925e-06 1.3108834e-04
 4.5867666e-04 7.7771529e-06]",[1.5938063e-05 9.9994665e-01 1.5500202e-05 2.1886000e-05],[0.9971734  0.00282657],"[9.7939143e-08 1.1045182e-06 4.2019933e-04 9.9647731e-02 5.9146821e-01
 2.8398278e-01 2.4192104e-02 2.7715438e-04 1.0618230e-05]"
D:\Uni\Ulm\Master\Hiwi-Forschung-und-Lehre\FairFace\detected_faces\1090508_face0.jpg,White,White,Male,20-29,"[7.4621332e-01 9.1424685e-05 1.3699688e-01 1.2964685e-03 1.7648943e-03
 7.2966446e-04 1.1290732e-01]",[9.5796973e-01 7.5519993e-04 2.5969367e-02 1.5305761e-02],[1.000000e+00 5.477036e-10],"[7.7921692e-07 5.5374723e-04 2.4604039e-01 7.3927301e-01 1.4040125e-02
 9.1653543e-05 2.4852642e-07 1.2273108e-08 7.9075579e-11]"
D:\Uni\Ulm\Master\Hiwi-Forschung-und-Lehre\FairFace\detected_faces\1090521_face0.jpg,White,White,Male,20-29,"[0.45836595 0.01250002 0.3638907  0.00551718 0.04613159 0.00144684
 0.11214759]",[0.9249601  0.01782374 0.05525728 0.00195887],[0.99880266 0.00119732],"[5.07874688e-07 6.43404273e-05 1.53023914e-01 7.25617647e-01
 1.10560596e-01 1.01304194e-02 5.63483278e-04 3.77590586e-05
 1.30798935e-06]"
D:\Uni\Ulm\Master\Hiwi-Forschung-und-Lehre\FairFace\detected_faces\1090963_face0.jpg,Black,Black,Male,20-29,"[2.5739092e-03 9.2551410e-01 6.0636759e-02 1.2391959e-05 1.7706338e-04
 3.1807704e-03 7.9048937e-03]",[2.3008125e-04 9.9740440e-01 2.4808029e-04 2.1173856e-03],[9.9999720e-01 2.8406296e-06],"[1.03630704e-07 3.59973856e-05 5.44279069e-02 8.28173757e-01
 1.13684162e-01 3.61028011e-03 6.55955446e-05 2.22534072e-06
 4.98522681e-08]"
D:\Uni\Ulm\Master\Hiwi-Forschung-und-Lehre\FairFace\detected_faces\1091116_face0.jpg,White,White,Male,10-19,"[8.9261806e-01 2.6974615e-04 7.1859986e-02 1.8656668e-03 5.4403543e-03
 1.3879442e-03 2.6558207e-02]",[0.94626313 0.0067833  0.0405869  0.00636671],[9.9999976e-01 2.5374314e-07],"[3.2638365e-08 6.8422838e-04 8.0052418e-01 1.9753969e-01 1.2408133e-03
 1.1070866e-05 3.4599392e-08 8.3242901e-10 1.3785392e-11]"
D:\Uni\Ulm\Master\Hiwi-Forschung-und-Lehre\FairFace\detected_faces\1091183_face0.jpg,White,White,Male,10-19,"[7.2017473e-01 5.4966662e-05 1.4913291e-02 2.9801116e-05 1.3922446e-04
 1.4494557e-04 2.6454300e-01]",[9.9820894e-01 5.5077637e-04 3.9735762e-04 8.4283651e-04],[9.999935e-01 6.518387e-06],"[2.1375513e-07 1.6918619e-03 6.8251324e-01 3.0875778e-01 6.8129781e-03
 2.2292124e-04 9.3420425e-07 2.1683501e-08 3.3344008e-10]"
D:\Uni\Ulm\Master\Hiwi-Forschung-und-Lehre\FairFace\detected_faces\1091415_face0.jpg,Latino_Hispanic,Black,Male,20-29,"[0.12021115 0.15158172 0.44699523 0.00168923 0.00466676 0.00320354
 0.2716524 ]",[0.35237476 0.63075054 0.01418416 0.00269054],[9.9996406e-01 3.5949572e-05],"[6.1902247e-06 3.1571644e-03 3.1960204e-01 5.8110189e-01 9.1435224e-02
 4.6083475e-03 8.4673906e-05 4.2817119e-06 1.1582338e-07]"
D:\Uni\Ulm\Master\Hiwi-Forschung-und-Lehre\FairFace\detected_faces\1091641_face0.jpg,White,White,Male,10-19,"[9.9989057e-01 8.1554447e-08 7.0527717e-06 3.0587333e-05 8.1115058e-06
 2.4830776e-08 6.3681247e-05]",[9.9956024e-01 1.4375055e-06 4.3738974e-04 9.7156396e-07],[9.9999332e-01 6.7179344e-06],"[1.07491837e-06 2.58914903e-02 9.63839293e-01 1.01088965e-02
 1.48218387e-04 1.09318780e-05 1.15170820e-07 8.28041369e-09
 4.03271777e-10]"
D:\Uni\Ulm\Master\Hiwi-Forschung-und-Lehre\FairFace\detected_faces\1091882_face0.jpg,White,White,Male,20-29,"[9.7962612e-01 5.8459806e-05 4.7599697e-03 1.2083950e-03 1.2115141e-03
 1.2410182e-04 1.3011453e-02]",[0.97765213 0.00244368 0.01855281 0.00135134],[9.9999964e-01 3.6774279e-07],"[4.9456048e-08 6.3858490e-05 2.7671596e-01 6.9609654e-01 2.5961928e-02
 1.1445297e-03 1.6892722e-05 2.8813184e-07 5.0542188e-09]"
D:\Uni\Ulm\Master\Hiwi-Forschung-und-Lehre\FairFace\detected_faces\1091883_face0.jpg,White,White,Male,20-29,"[9.9532324e-01 6.8719220e-07 1.5621216e-04 1.4777892e-05 1.2123485e-05
 9.4413481e-06 4.4835624e-03]",[9.988596e-01 9.588044e-05 1.384616e-04 9.060593e-04],[9.9999887e-01 1.1118229e-06],"[1.9712598e-09 1.1181306e-06 1.8788440e-02 9.4717413e-01 3.3774555e-02
 2.6101811e-04 7.4666121e-07 1.0230873e-08 2.0395398e-10]"
D:\Uni\Ulm\Master\Hiwi-Forschung-und-Lehre\FairFace\detected_faces\1091884_face0.jpg,White,White,Male,20-29,"[9.6352369e-01 1.4268124e-05 1.4350620e-03 1.7234104e-05 1.7820923e-05
 2.2018357e-05 3.4969945e-02]",[9.9957961e-01 2.4489712e-04 2.6476491e-05 1.4909742e-04],[9.9999726e-01 2.7563040e-06],"[4.5741234e-07 3.3797296e-05 5.9319339e-03 8.2182282e-01 1.7075153e-01
 1.4541260e-03 5.3075992e-06 6.1776170e-08 1.2833627e-09]"
D:\Uni\Ulm\Master\Hiwi-Forschung-und-Lehre\FairFace\detected_faces\1092022_face0.jpg,White,White,Male,20-29,"[9.8177016e-01 1.8585511e-05 1.1825296e-02 2.4324638e-05 6.7214649e-05
 9.7502860e-05 6.1969333e-03]",[9.9964142e-01 5.5418001e-05 1.1008722e-04 1.9301382e-04],[9.9999988e-01 1.0481295e-07],"[5.2478509e-08 7.7350387e-06 1.2769873e-02 7.5425977e-01 2.2769271e-01
 5.2383649e-03 3.1030027e-05 4.5576451e-07 5.1019353e-09]"
D:\Uni\Ulm\Master\Hiwi-Forschung-und-Lehre\FairFace\detected_faces\1092083_face0.jpg,White,White,Male,20-29,"[7.7671093e-01 1.4167343e-03 2.8294664e-02 1.6278833e-04 2.6217493e-04
 2.1340078e-04 1.9293927e-01]",[9.9750537e-01 1.4259141e-03 7.9956534e-04 2.6914480e-04],[9.9964952e-01 3.5050907e-04],"[1.0161102e-06 1.6768106e-04 4.9513742e-02 7.8349572e-01 1.6304457e-01
 3.7371912e-03 3.8918068e-05 1.2440147e-06 2.6980057e-08]"
D:\Uni\Ulm\Master\Hiwi-Forschung-und-Lehre\FairFace\detected_faces\1092084_face0.jpg,White,White,Male,20-29,"[9.9054110e-01 1.8120397e-06 4.0983109e-04 1.7680242e-06 5.6712702e-06
 3.8001224e-06 9.0359766e-03]",[9.9984306e-01 6.1290775e-05 2.6301925e-06 9.2938812e-05],[9.999921e-01 7.869542e-06],"[1.0454699e-08 2.0349462e-05 2.5260395e-01 7.3678100e-01 1.0450643e-02
 1.4316940e-04 8.0849208e-07 1.3763835e-08 1.6540876e-10]"
D:\Uni\Ulm\Master\Hiwi-Forschung-und-Lehre\FairFace\detected_faces\1092120_face0.jpg,Black,Black,Male,20-29,"[1.4067025e-06 9.9977237e-01 4.8689020e-05 2.9802686e-07 9.2705022e-06
 1.6363984e-04 4.4038784e-06]",[3.2625253e-06 9.9978518e-01 5.1408075e-05 1.6006709e-04],[9.9995840e-01 4.1596202e-05],"[4.8822184e-08 1.7068778e-05 2.0554980e-02 7.0129383e-01 2.5855774e-01
 1.9083463e-02 4.7990558e-04 1.1778850e-05 1.2591539e-06]"
D:\Uni\Ulm\Master\Hiwi-Forschung-und-Lehre\FairFace\detected_faces\1092243_face0.jpg,White,White,Male,10-19,"[5.7460159e-01 3.7785143e-05 1.4275104e-01 6.6131102e-03 4.0337620e-03
 2.1860485e-03 2.6977658e-01]",[9.9896652e-01 4.2315452e-05 7.5718825e-04 2.3396527e-04],[9.9997431e-01 2.5721807e-05],"[8.5765680e-07 7.7654007e-03 9.4065017e-01 5.0723270e-02 8.4556255e-04
 1.4689404e-05 7.2484546e-08 5.6051399e-09 1.5584034e-10]"
D:\Uni\Ulm\Master\Hiwi-Forschung-und-Lehre\FairFace\detected_faces\1092245_face0.jpg,White,White,Male,10-19,"[9.7856307e-01 1.0818036e-06 4.8053404e-04 5.3424433e-06 9.8993778e-06
 3.4224679e-05 2.0905789e-02]",[9.9980545e-01 7.4778256e-07 3.3244069e-05 1.6059824e-04],[9.9992996e-01 7.0057227e-05],"[2.8047368e-06 3.0298186e-03 6.8147880e-01 2.9185125e-01 2.0990623e-02
 2.5984049e-03 4.6834790e-05 1.3650539e-06 4.5050413e-08]"
D:\Uni\Ulm\Master\Hiwi-Forschung-und-Lehre\FairFace\detected_faces\1092248_face0.jpg,White,White,Male,10-19,"[9.4341445e-01 2.3673998e-05 1.9708615e-02 1.1428667e-04 1.6507298e-04
 2.4365821e-04 3.6330141e-02]",[9.9781519e-01 1.8880053e-05 1.7282546e-03 4.3770560e-04],[9.9990237e-01 9.7674609e-05],"[3.9659994e-07 8.9205807e-04 5.5131090e-01 4.3353266e-01 1.4050022e-02
 2.1323106e-04 7.1951882e-07 1.5680987e-08 6.0438671e-10]"
D:\Uni\Ulm\Master\Hiwi-Forschung-und-Lehre\FairFace\detected_faces\1092389_face0.jpg,Middle Eastern,Indian,Male,20-29,"[2.3335617e-02 7.5677392e-04 2.1053049e-01 4.8331611e-05 9.1741543e-04
 7.8612573e-02 6.8579870e-01]",[0.20074604 0.00698056 0.02748939 0.764784  ],[9.9999970e-01 3.1046667e-07],"[5.7935699e-07 4.9396482e-04 1.0695951e-01 8.5222614e-01 3.9791789e-02
 5.2682264e-04 1.0158523e-06 4.1421849e-08 5.2063764e-10]"
D:\Uni\Ulm\Master\Hiwi-Forschung-und-Lehre\FairFace\detected_faces\1092409_face0.jpg,White,White,Male,20-29,"[9.9998605e-01 1.8425244e-08 2.2223328e-06 8.4118000e-08 2.8832449e-07
 3.9520142e-08 1.1285490e-05]",[9.9999112e-01 7.7258522e-07 7.4715326e-06 6.0762704e-07],[9.9995625e-01 4.3705473e-05],"[1.1904823e-06 3.7623677e-04 2.8196469e-01 6.4708304e-01 6.3399412e-02
 7.0828767e-03 9.1470683e-05 1.0601321e-06 3.6209677e-08]"
D:\Uni\Ulm\Master\Hiwi-Forschung-und-Lehre\FairFace\detected_faces\1092415_face0.jpg,Black,Black,Male,20-29,"[2.1880127e-03 8.4087336e-01 9.7290054e-02 8.2861829e-05 2.5294302e-03
 5.5379052e-02 1.6572375e-03]",[4.6700065e-04 9.9016565e-01 9.8929413e-05 9.2683351e-03],[0.9903963  0.00960364],"[8.5491814e-07 1.1692514e-03 4.0200728e-01 5.8096999e-01 1.5563079e-02
 2.8746060e-04 2.0639004e-06 5.7018241e-08 2.7971760e-09]"
D:\Uni\Ulm\Master\Hiwi-Forschung-und-Lehre\FairFace\detected_faces\1092515_face0.jpg,White,White,Male,20-29,"[8.0142975e-01 7.8478508e-04 1.6617487e-01 1.2242708e-04 2.6053339e-04
 2.1481740e-04 3.1012729e-02]",[9.9603337e-01 1.1213782e-03 7.5516489e-04 2.0901016e-03],[9.9999976e-01 2.4573527e-07],"[2.0166337e-09 4.1951589e-06 2.9834309e-01 6.9506609e-01 6.5455833e-03
 4.0935556e-05 1.1946271e-07 2.6885412e-09 2.0380267e-11]"
D:\Uni\Ulm\Master\Hiwi-Forschung-und-Lehre\FairFace\detected_faces\1092563_face0.jpg,White,White,Male,20-29,"[9.3644798e-01 5.7800382e-05 4.4172775e-02 1.2847291e-05 7.0082155e-05
 3.5699204e-04 1.8881528e-02]",[9.9911994e-01 4.1906792e-04 1.0445943e-04 3.5655475e-04],[1.0000000e+00 2.8976932e-10],"[6.7516552e-08 2.7955018e-04 3.2885969e-01 6.4676905e-01 2.3814837e-02
 2.7599710e-04 7.9663602e-07 1.0161211e-08 5.8473254e-11]"
D:\Uni\Ulm\Master\Hiwi-Forschung-und-Lehre\FairFace\detected_faces\1092667_face0.jpg,Black,Black,Male,20-29,"[1.17979025e-05 9.99471784e-01 1.00830293e-04 1.33094852e-06
 2.40662048e-05 3.65975604e-04 2.41505586e-05]",[2.3850919e-06 9.9996179e-01 8.0645104e-06 2.7710685e-05],[0.9989269  0.00107314],"[3.7565881e-06 6.0674048e-04 5.0017878e-02 5.9509861e-01 3.1346610e-01
 3.6924995e-02 3.5408710e-03 3.1440740e-04 2.6611300e-05]"
D:\Uni\Ulm\Master\Hiwi-Forschung-und-Lehre\FairFace\detected_faces\1092671_face0.jpg,Indian,Indian,Male,10-19,"[7.9291254e-05 2.8295647e-03 5.7425052e-03 6.8093423e-06 2.7951464e-04
 9.8383874e-01 7.2235940e-03]",[1.1462837e-04 1.4614860e-03 5.4731583e-05 9.9836916e-01],[9.998692e-01 1.308138e-04],"[3.0437900e-07 4.6661641e-02 9.4950718e-01 3.7600237e-03 6.7443492e-05
 3.4612085e-06 2.5375032e-08 1.7958012e-09 2.6424800e-11]"
D:\Uni\Ulm\Master\Hiwi-Forschung-und-Lehre\FairFace\detected_faces\1092763_face0.jpg,Black,Black,Male,20-29,"[2.4800552e-03 6.9293487e-01 2.3509787e-01 1.9903909e-04 9.2370603e-03
 1.9829150e-02 4.0221874e-02]",[0.00123463 0.98553395 0.00218353 0.01104797],[9.99999940e-01 1.04830264e-07],"[1.6421026e-08 4.0443911e-06 2.5288241e-02 8.4150475e-01 1.3079233e-01
 2.3913519e-03 1.8968878e-05 3.2738578e-07 4.6185171e-09]"
D:\Uni\Ulm\Master\Hiwi-Forschung-und-Lehre\FairFace\detected_faces\1092769_face0.jpg,Black,Black,Male,20-29,"[8.3682829e-07 9.9985993e-01 2.1401887e-05 4.0691597e-07 4.4565906e-05
 7.0737893e-05 2.0898387e-06]",[4.2255439e-07 9.9998963e-01 4.2071852e-06 5.7218226e-06],[9.9994969e-01 5.0330273e-05],"[1.2620217e-07 4.8628889e-04 2.7883640e-01 6.8934321e-01 3.0234069e-02
 1.0777172e-03 2.1008607e-05 1.0598610e-06 7.8406686e-08]"
D:\Uni\Ulm\Master\Hiwi-Forschung-und-Lehre\FairFace\detected_faces\1092777_face0.jpg,Latino_Hispanic,Indian,Male,20-29,"[1.3228764e-01 2.2229386e-02 3.8660350e-01 1.7409478e-05 3.8705100e-04
 9.1917224e-02 3.6655784e-01]",[0.10050484 0.07360896 0.00475207 0.8211341 ],[1.000000e+00 1.807304e-09],"[7.4297950e-09 3.3615952e-06 1.9244101e-02 9.2085510e-01 5.9369579e-02
 5.2627595e-04 1.4871534e-06 6.3153379e-08 5.3364380e-10]"
D:\Uni\Ulm\Master\Hiwi-Forschung-und-Lehre\FairFace\detected_faces\1092974_face0.jpg,Black,Black,Male,20-29,"[4.5590241e-06 9.9992001e-01 4.8487826e-05 1.1531538e-06 2.3069153e-05
 2.3710872e-06 4.2133095e-07]",[1.8011503e-06 9.9996924e-01 2.5024077e-05 3.9664033e-06],[9.9997514e-01 2.4834450e-05],"[1.9442106e-07 6.2126375e-05 8.2112283e-02 8.5902220e-01 5.7285663e-02
 1.4877312e-03 2.8983372e-05 7.2639074e-07 7.3349298e-08]"
D:\Uni\Ulm\Master\Hiwi-Forschung-und-Lehre\FairFace\detected_faces\1093053_face0.jpg,White,White,Male,20-29,"[9.9998295e-01 7.8216509e-08 2.2203794e-06 3.5702817e-06 1.3263522e-06
 4.9069677e-09 9.8296832e-06]",[9.9998885e-01 3.2922499e-06 7.7877776e-06 7.2106545e-08],[9.9998760e-01 1.2442232e-05],"[2.2574929e-07 5.7518471e-04 4.3272188e-01 5.4982245e-01 1.6352683e-02
 5.2060006e-04 6.8548793e-06 1.7698054e-07 9.4726555e-09]"
D:\Uni\Ulm\Master\Hiwi-Forschung-und-Lehre\FairFace\detected_faces\1093058_face0.jpg,Middle Eastern,White,Male,20-29,"[4.5056483e-01 5.8228703e-04 5.4146774e-02 8.7429995e-05 1.9736039e-04
 6.0312049e-03 4.8839006e-01]",[0.970712   0.00502963 0.00197897 0.02227936],[9.9999821e-01 1.7576591e-06],"[1.6154037e-07 5.4578173e-05 3.7528034e-03 8.3229005e-01 1.6308515e-01
 8.1639655e-04 8.2065679e-07 1.1789417e-08 1.6666130e-10]"
D:\Uni\Ulm\Master\Hiwi-Forschung-und-Lehre\FairFace\detected_faces\1093070_face0.jpg,Black,Black,Male,20-29,"[2.3253353e-06 9.9994093e-01 4.0875093e-05 1.9936133e-08 2.3722818e-07
 9.1313295e-06 6.4974365e-06]",[2.3971402e-06 9.9999028e-01 1.2637790e-07 7.2151120e-06],[9.999889e-01 1.106301e-05],"[1.0409466e-08 1.0195442e-05 6.6034928e-02 8.4274775e-01 8.8681333e-02
 2.5133565e-03 1.2333303e-05 1.2292028e-07 2.7892915e-09]"
D:\Uni\Ulm\Master\Hiwi-Forschung-und-Lehre\FairFace\detected_faces\1093137_face0.jpg,Black,Black,Male,20-29,"[1.1620814e-04 9.7946954e-01 1.0725381e-03 1.2588762e-06 2.2703898e-05
 1.8665954e-02 6.5183092e-04]",[9.5520147e-05 9.8241258e-01 1.0065309e-05 1.7481858e-02],[0.99622893 0.00377101],"[5.1122235e-08 6.1651466e-05 5.2807238e-02 7.2704530e-01 2.1524501e-01
 4.7790008e-03 6.0909882e-05 8.5911483e-07 1.3652404e-08]"
D:\Uni\Ulm\Master\Hiwi-Forschung-und-Lehre\FairFace\detected_faces\1093219_face0.jpg,White,White,Male,20-29,"[0.4374102  0.00088605 0.22592118 0.00227121 0.00355916 0.00104962
 0.32890248]",[9.7658581e-01 3.9832848e-03 1.8811459e-02 6.1937625e-04],[9.9999595e-01 4.0127006e-06],"[3.4906357e-08 7.9574427e-05 2.3247230e-01 7.5935715e-01 8.0595510e-03
 3.1319389e-05 6.8833117e-08 2.5866300e-09 3.9930035e-11]"
D:\Uni\Ulm\Master\Hiwi-Forschung-und-Lehre\FairFace\detected_faces\1093241_face0.jpg,White,White,Male,20-29,"[8.8372076e-01 1.5312382e-04 8.6907499e-02 2.6457183e-04 4.0981799e-04
 2.1637126e-03 2.6380513e-02]",[9.9953294e-01 2.1458071e-04 8.4411062e-05 1.6805649e-04],[9.9998593e-01 1.4009770e-05],"[3.6886722e-06 1.0886462e-03 4.1989412e-02 8.9621717e-01 6.0409609e-02
 2.9099308e-04 5.9700687e-07 1.7664961e-08 7.0372957e-10]"
D:\Uni\Ulm\Master\Hiwi-Forschung-und-Lehre\FairFace\detected_faces\1093344_face0.jpg,White,White,Male,20-29,"[9.9934995e-01 1.2405316e-06 2.1363761e-04 3.4968773e-06 1.0747359e-05
 4.0096896e-07 4.2045148e-04]",[9.9962032e-01 7.0392998e-05 2.5378165e-04 5.5448163e-05],[9.9999994e-01 4.8106344e-08],"[1.5993527e-08 6.6916914e-06 2.6278345e-02 9.1047859e-01 6.2469944e-02
 7.6277781e-04 3.5870021e-06 5.1814578e-08 6.1620292e-10]"
D:\Uni\Ulm\Master\Hiwi-Forschung-und-Lehre\FairFace\detected_faces\1093345_face0.jpg,White,White,Male,20-29,"[9.1320246e-01 2.7183338e-05 7.4110158e-02 3.8842674e-04 6.3614524e-04
 5.4943113e-04 1.1086177e-02]",[9.7231066e-01 5.2642409e-04 2.0258402e-02 6.9044293e-03],[9.999999e-01 1.397544e-07],"[1.2932330e-07 1.4841137e-04 3.8899568e-01 5.7188535e-01 3.7966911e-02
 9.9779945e-04 5.6620956e-06 9.4734041e-08 7.0406259e-10]"
D:\Uni\Ulm\Master\Hiwi-Forschung-und-Lehre\FairFace\detected_faces\1093346_face0.jpg,White,White,Male,10-19,"[9.8021919e-01 4.5661014e-05 5.4059764e-03 3.3632485e-05 7.9701007e-05
 2.6950651e-05 1.4188887e-02]",[9.9764019e-01 7.7175623e-04 1.3132513e-03 2.7475803e-04],[9.999410e-01 5.902583e-05],"[4.1446611e-07 9.5416675e-04 5.6174016e-01 4.2869094e-01 8.4451847e-03
 1.6830991e-04 7.1919737e-07 1.6504531e-08 2.8657648e-10]"
D:\Uni\Ulm\Master\Hiwi-Forschung-und-Lehre\FairFace\detected_faces\1093493_face0.jpg,Black,Black,Male,20-29,"[6.0950670e-06 9.9849623e-01 3.9413801e-05 2.5629786e-05 1.1995201e-03
 2.3209388e-04 1.0075460e-06]",[4.4254302e-05 9.9926209e-01 5.9086073e-04 1.0284636e-04],[9.9957424e-01 4.2575205e-04],"[8.2136175e-06 8.4689248e-04 1.2456184e-02 5.6488508e-01 3.7750146e-01
 3.8406715e-02 5.3830408e-03 3.6709692e-04 1.4533177e-04]"
D:\Uni\Ulm\Master\Hiwi-Forschung-und-Lehre\FairFace\detected_faces\1093506_face0.jpg,Black,Black,Male,20-29,"[2.7975361e-06 9.9982697e-01 9.6850854e-05 3.2888256e-08 4.0261850e-07
 1.5869853e-05 5.7027723e-05]",[6.024307e-07 9.999913e-01 3.174607e-06 4.951220e-06],[9.9999601e-01 4.0108757e-06],"[2.7597070e-08 1.9323095e-06 4.0393793e-03 7.1194845e-01 2.7173209e-01
 1.2204965e-02 7.1660419e-05 1.3966496e-06 5.5905094e-08]"
D:\Uni\Ulm\Master\Hiwi-Forschung-und-Lehre\FairFace\detected_faces\1093626_face0.jpg,White,White,Male,20-29,"[9.7102904e-01 2.7361557e-06 6.2246853e-04 6.1945902e-05 5.6342855e-05
 3.1145196e-06 2.8224360e-02]",[9.9981308e-01 4.1029998e-05 1.3799417e-04 7.8771545e-06],[9.9999875e-01 1.2913309e-06],"[1.2960894e-07 2.8111055e-04 2.6198328e-01 7.2368705e-01 1.3900467e-02
 1.4751118e-04 4.4665026e-07 8.5257499e-09 1.4553762e-10]"
D:\Uni\Ulm\Master\Hiwi-Forschung-und-Lehre\FairFace\detected_faces\1093682_face0.jpg,Middle Eastern,White,Male,40-49,"[4.4783275e-03 2.0137345e-06 5.8458932e-04 5.4466727e-06 2.0381967e-05
 2.4094373e-04 9.9466825e-01]",[9.9294370e-01 2.9732964e-05 1.7699677e-03 5.2566067e-03],[0.99889845 0.00110156],"[6.2994445e-06 4.3059899e-05 1.1662864e-03 1.1662045e-02 2.3643588e-01
 6.6688502e-01 7.9278201e-02 4.3273172e-03 1.9592317e-04]"
D:\Uni\Ulm\Master\Hiwi-Forschung-und-Lehre\FairFace\detected_faces\1093695_face0.jpg,White,White,Male,20-29,"[8.63321364e-01 1.04537443e-03 5.83931580e-02 1.49647050e-04
 3.12421878e-04 1.04866085e-04 7.66731277e-02]",[9.8735380e-01 1.1344793e-02 1.2264668e-03 7.4918469e-05],[9.999991e-01 8.959108e-07],"[8.4033650e-07 1.4233320e-04 3.5082061e-02 8.8010013e-01 8.3992921e-02
 6.7840138e-04 3.2735550e-06 6.8253584e-08 1.3528251e-09]"
D:\Uni\Ulm\Master\Hiwi-Forschung-und-Lehre\FairFace\detected_faces\1093722_face0.jpg,White,White,Male,20-29,"[7.3593301e-01 3.9794228e-05 1.7959362e-02 2.6045946e-04 2.2214494e-04
 7.7310215e-05 2.4550796e-01]",[9.9964279e-01 7.7375844e-06 3.2590944e-04 2.3559011e-05],[9.9999380e-01 6.1699784e-06],"[5.7478724e-06 1.1770823e-03 2.2584254e-01 6.8211901e-01 8.8828877e-02
 2.0171984e-03 9.3579074e-06 1.8522782e-07 3.7138683e-09]"
D:\Uni\Ulm\Master\Hiwi-Forschung-und-Lehre\FairFace\detected_faces\1093974_face0.jpg,White,White,Male,20-29,"[9.8164093e-01 1.0515179e-05 6.3225236e-03 9.4678777e-05 1.6485885e-04
 4.8895887e-05 1.1717493e-02]",[9.9851662e-01 2.5460486e-05 1.2867146e-03 1.7115849e-04],[9.9995536e-01 4.4599019e-05],"[3.9247514e-08 6.8523441e-06 4.0799584e-02 8.7042922e-01 8.3819903e-02
 4.8414716e-03 1.0023679e-04 2.6376047e-06 4.0410111e-08]"
D:\Uni\Ulm\Master\Hiwi-Forschung-und-Lehre\FairFace\detected_faces\1094017_face0.jpg,Black,Black,Male,20-29,"[1.5666194e-07 9.9998951e-01 3.3411495e-06 7.6661017e-08 9.5751329e-07
 5.9394365e-06 6.3943055e-08]",[3.4193621e-07 9.9999762e-01 1.1506221e-06 9.6419467e-07],[0.93113154 0.06886842],"[3.6084506e-07 5.1462946e-05 3.5974335e-02 6.7757159e-01 2.5327525e-01
 3.2204516e-02 9.1284490e-04 8.9423238e-06 5.9493294e-07]"
D:\Uni\Ulm\Master\Hiwi-Forschung-und-Lehre\FairFace\detected_faces\1094106_face0.jpg,White,White,Male,20-29,"[0.4503187  0.00171738 0.21800463 0.00092476 0.00163845 0.004346
 0.32305008]",[0.90308803 0.02745336 0.04902417 0.0204344 ],[9.9937826e-01 6.2176102e-04],"[6.2003687e-06 1.5174184e-03 2.7154613e-01 6.5868187e-01 6.5650918e-02
 2.5725577e-03 2.3646431e-05 1.2325044e-06 3.9842988e-08]"
D:\Uni\Ulm\Master\Hiwi-Forschung-und-Lehre\FairFace\detected_faces\1094151_face0.jpg,White,White,Male,30-39,"[9.9614304e-01 2.0033120e-05 1.7481039e-03 1.5188589e-05 1.8614623e-05
 6.2452011e-05 1.9925132e-03]",[9.9774605e-01 9.3510875e-04 7.7832013e-04 5.4058671e-04],[9.9997616e-01 2.3836734e-05],"[6.59424359e-07 2.36878514e-05 1.99729437e-03 4.29039091e-01
 5.32781541e-01 3.57759446e-02 3.78813304e-04 2.88334991e-06
 1.02026014e-07]"
D:\Uni\Ulm\Master\Hiwi-Forschung-und-Lehre\FairFace\detected_faces\1094242_face0.jpg,Latino_Hispanic,Indian,Male,20-29,"[9.5009275e-02 9.5212756e-04 8.6277735e-01 1.6580836e-04 1.4660840e-03
 2.4771594e-02 1.4857658e-02]",[0.32743746 0.01669717 0.20353281 0.45233256],[1.0000000e+00 1.6806766e-08],"[3.6980765e-08 6.3115672e-06 1.1025398e-02 8.2499003e-01 1.6043627e-01
 3.5227903e-03 1.8855360e-05 3.4703933e-07 2.0327977e-09]"
D:\Uni\Ulm\Master\Hiwi-Forschung-und-Lehre\FairFace\detected_faces\1094342_face0.jpg,Middle Eastern,White,Male,20-29,"[2.6028746e-01 6.6435977e-04 2.2143343e-01 2.3420282e-05 1.5926037e-04
 2.7709107e-03 5.1466119e-01]",[0.6415735  0.2607998  0.00117238 0.09645425],[9.999995e-01 4.859607e-07],"[1.1753574e-08 3.1721688e-06 7.0533166e-03 9.1252774e-01 7.9694957e-02
 7.1878283e-04 2.0191962e-06 2.5863278e-08 2.7999858e-10]"
D:\Uni\Ulm\Master\Hiwi-Forschung-und-Lehre\FairFace\detected_faces\1094371_face0.jpg,White,White,Male,10-19,"[9.9355024e-01 7.4207333e-06 1.1906441e-03 4.5012181e-05 1.0357014e-04
 2.0432384e-05 5.0827027e-03]",[9.9577993e-01 9.6470915e-04 2.7045810e-03 5.5078365e-04],[9.999998e-01 1.594029e-07],"[1.1839084e-07 3.5226886e-04 5.8279306e-01 4.0356612e-01 1.2884135e-02
 4.0114397e-04 2.9828836e-06 9.9548863e-08 1.4550077e-09]"
D:\Uni\Ulm\Master\Hiwi-Forschung-und-Lehre\FairFace\detected_faces\1094383_face0.jpg,White,White,Male,20-29,"[9.9990791e-01 3.6888739e-08 5.4228176e-06 2.2469349e-07 2.7631975e-07
 4.0169604e-07 8.5663036e-05]",[9.9999040e-01 1.8909949e-06 4.8081315e-06 2.8906427e-06],[0.9981695  0.00183056],"[1.2320957e-07 7.1457220e-04 4.4837600e-01 5.4022741e-01 1.0272650e-02
 4.0610626e-04 3.0881945e-06 5.1884918e-08 2.8432825e-09]"
D:\Uni\Ulm\Master\Hiwi-Forschung-und-Lehre\FairFace\detected_faces\1094440_face0.jpg,Black,Black,Female,20-29,"[5.1117809e-07 9.9979419e-01 1.3271520e-05 1.9718607e-06 2.0310310e-05
 1.6970880e-04 9.1102187e-08]",[2.2106752e-07 9.9991745e-01 2.4827537e-05 5.7512119e-05],[0.1224108 0.8775892],"[3.0328721e-07 7.4404152e-04 1.4060163e-01 6.5393740e-01 1.9734329e-01
 7.0712944e-03 2.9708803e-04 4.7542067e-06 2.2260905e-07]"
D:\Uni\Ulm\Master\Hiwi-Forschung-und-Lehre\FairFace\detected_faces\1094517_face0.jpg,White,White,Male,20-29,"[9.3154919e-01 1.1408700e-03 4.7864288e-02 3.1638052e-04 9.0816477e-04
 2.0021817e-04 1.8020844e-02]",[0.98539174 0.00586062 0.00393146 0.00481619],[9.9999982e-01 1.3473218e-07],"[1.0668117e-08 1.0868009e-06 4.1402685e-03 8.7914312e-01 1.1422024e-01
 2.4716184e-03 2.3307524e-05 3.2643021e-07 6.3164864e-09]"
D:\Uni\Ulm\Master\Hiwi-Forschung-und-Lehre\FairFace\detected_faces\1094578_face0.jpg,Middle Eastern,White,Male,30-39,"[3.50606948e-01 1.31866743e-03 9.89156961e-02 1.27284675e-05
 7.33030683e-05 1.05583118e-02 5.38514376e-01]",[9.5865500e-01 7.2171642e-03 2.1081191e-04 3.3917051e-02],[9.9924397e-01 7.5606874e-04],"[8.3523992e-07 2.4715006e-05 2.5976116e-03 3.0938563e-01 6.3432795e-01
 5.3268507e-02 3.9086561e-04 3.7834916e-06 7.3185689e-08]"
D:\Uni\Ulm\Master\Hiwi-Forschung-und-Lehre\FairFace\detected_faces\1094592_face0.jpg,White,White,Male,10-19,"[6.2902308e-01 7.2686082e-05 1.0406554e-01 1.0032825e-03 4.7065970e-03
 1.5638715e-02 2.4549016e-01]",[0.81836796 0.00301718 0.12050704 0.05810784],[9.9999928e-01 6.5526183e-07],"[8.1968521e-09 6.3301857e-05 6.5709400e-01 3.4087679e-01 1.9476258e-03
 1.8222752e-05 4.4827171e-08 1.3994449e-09 1.3225010e-11]"
D:\Uni\Ulm\Master\Hiwi-Forschung-und-Lehre\FairFace\detected_faces\1094593_face0.jpg,White,White,Male,20-29,"[9.9966621e-01 1.9486856e-07 4.9284612e-05 7.5954988e-05 3.0343677e-05
 6.2879388e-07 1.7734199e-04]",[9.95585918e-01 2.71642930e-05 4.26499732e-03 1.21938414e-04],[9.9999958e-01 4.7622248e-07],"[5.3472875e-09 1.1182819e-05 2.5913790e-01 7.3598957e-01 4.8115100e-03
 4.9696904e-05 1.7474163e-07 2.4280311e-09 3.3887504e-11]"
D:\Uni\Ulm\Master\Hiwi-Forschung-und-Lehre\FairFace\detected_faces\1094611_face0.jpg,White,White,Male,30-39,"[9.6913034e-01 3.2205539e-04 1.8615067e-02 3.6935270e-04 6.3213782e-04
 2.5827948e-03 8.3481902e-03]",[9.9980235e-01 6.0064518e-05 3.2970147e-05 1.0470972e-04],[9.997097e-01 2.902127e-04],"[5.1419320e-05 3.4602612e-04 2.7797315e-03 2.7554139e-01 6.3289303e-01
 8.6669609e-02 1.6687966e-03 4.8225942e-05 1.8388888e-06]"
D:\Uni\Ulm\Master\Hiwi-Forschung-und-Lehre\FairFace\detected_faces\1094744_face0.jpg,Latino_Hispanic,White,Male,20-29,"[4.2458378e-02 6.6456152e-03 5.8873707e-01 2.7941423e-04 1.0786174e-03
 1.0046673e-02 3.5075426e-01]",[0.50094545 0.2621178  0.01845527 0.2184815 ],[9.9999905e-01 9.6377460e-07],"[5.7167421e-07 2.5373856e-05 6.9541405e-03 6.8816793e-01 2.9429531e-01
 1.0513572e-02 4.2526379e-05 4.8557951e-07 5.6111071e-09]"
D:\Uni\Ulm\Master\Hiwi-Forschung-und-Lehre\FairFace\detected_faces\1094758_face0.jpg,Black,Black,Male,30-39,"[1.4578049e-05 9.9885219e-01 1.0021263e-03 2.1726585e-06 3.2431861e-05
 9.1071655e-05 5.3913946e-06]",[3.5277953e-05 9.9963784e-01 9.6907344e-05 2.3007602e-04],[9.9967051e-01 3.2949052e-04],"[3.8765911e-06 4.9855898e-05 6.3143848e-03 3.8511491e-01 4.9126843e-01
 1.1046075e-01 6.7066075e-03 7.9138830e-05 2.0737098e-06]"
D:\Uni\Ulm\Master\Hiwi-Forschung-und-Lehre\FairFace\detected_faces\1094771_face0.jpg,White,White,Male,20-29,"[9.2714179e-01 9.2991380e-05 7.5509218e-03 1.7557044e-04 1.9652667e-04
 1.1499531e-05 6.4830765e-02]",[9.9094957e-01 8.1983153e-03 8.2342012e-04 2.8690849e-05],[9.9999857e-01 1.4013785e-06],"[7.6086772e-09 4.3559954e-05 2.2530426e-01 7.6687789e-01 7.7211177e-03
 5.2994539e-05 2.0967791e-07 2.8678653e-09 4.5047771e-11]"
D:\Uni\Ulm\Master\Hiwi-Forschung-und-Lehre\FairFace\detected_faces\1094782_face0.jpg,White,White,Male,20-29,"[9.86873925e-01 3.91703821e-07 2.57449877e-03 2.74798294e-05
 3.41775340e-05 3.51735944e-05 1.04544265e-02]",[9.9951279e-01 1.3374029e-06 3.4067652e-04 1.4523602e-04],[1.0000000e+00 2.3844228e-08],"[2.2937625e-08 6.5526533e-06 1.2389858e-02 8.8977748e-01 9.7230285e-02
 5.9533527e-04 6.0917438e-07 3.9285197e-09 3.0594409e-11]"
D:\Uni\Ulm\Master\Hiwi-Forschung-und-Lehre\FairFace\detected_faces\1094938_face0.jpg,Middle Eastern,White,Male,20-29,"[0.13195501 0.0032072  0.06175079 0.00109543 0.00195366 0.00380758
 0.7962303 ]",[0.7839635  0.10868955 0.06041736 0.0469296 ],[9.999947e-01 5.245188e-06],"[5.8975735e-07 4.3131853e-04 3.3201537e-01 6.5953243e-01 7.9738107e-03
 4.6277310e-05 2.3991845e-07 3.1773677e-08 8.7501906e-10]"
D:\Uni\Ulm\Master\Hiwi-Forschung-und-Lehre\FairFace\detected_faces\1094946_face0.jpg,White,White,Male,20-29,"[9.6167624e-01 5.5184431e-05 3.7580598e-03 2.0332038e-03 6.7578908e-04
 3.2939200e-04 3.1472169e-02]",[9.9980295e-01 3.6568038e-06 1.7464448e-04 1.8780964e-05],[9.9996144e-01 3.8599515e-05],"[9.0367558e-07 5.7906269e-05 4.6916667e-02 8.8056409e-01 7.0542581e-02
 1.8865139e-03 3.0133442e-05 1.1973665e-06 3.6447279e-08]"
D:\Uni\Ulm\Master\Hiwi-Forschung-und-Lehre\FairFace\detected_faces\1095023_face0.jpg,White,White,Male,20-29,"[8.7352288e-01 8.2437851e-05 2.9510792e-02 2.2033672e-04 2.6485266e-04
 5.1381616e-05 9.6347407e-02]",[9.9739558e-01 6.4776541e-04 1.8268802e-03 1.2982293e-04],[9.9999994e-01 4.0186233e-08],"[9.25821411e-08 1.90917228e-04 3.19994003e-01 6.72318637e-01
 7.47244945e-03 2.38841767e-05 4.79102020e-08 7.93264343e-10
 1.05356765e-11]"
D:\Uni\Ulm\Master\Hiwi-Forschung-und-Lehre\FairFace\detected_faces\1095652_face0.jpg,Middle Eastern,Black,Male,20-29,"[3.8718347e-02 1.1271804e-03 1.4383201e-01 6.6819441e-05 2.6875237e-04
 9.4784414e-03 8.0650842e-01]",[0.12412065 0.58363545 0.00380592 0.28843793],[9.999993e-01 7.596304e-07],"[1.7668921e-07 5.5754924e-04 3.5833624e-01 6.3013130e-01 1.0840236e-02
 1.3385923e-04 5.8828306e-07 1.9576884e-08 2.2965597e-10]"
D:\Uni\Ulm\Master\Hiwi-Forschung-und-Lehre\FairFace\detected_faces\1095674_face0.jpg,Latino_Hispanic,Black,Male,10-19,"[4.5561925e-02 2.6560941e-01 6.6945243e-01 4.3842598e-04 4.8122057e-03
 1.3338852e-03 1.2791695e-02]",[0.02533814 0.9516023  0.01379608 0.00926357],[9.999558e-01 4.420732e-05],"[2.0256259e-07 9.0930320e-04 7.6189566e-01 2.3465833e-01 2.5075867e-03
 2.8675389e-05 2.7066093e-07 9.8640145e-09 3.2147740e-10]"
D:\Uni\Ulm\Master\Hiwi-Forschung-und-Lehre\FairFace\detected_faces\1095839_face0.jpg,White,White,Male,10-19,"[9.7228318e-01 4.6936257e-05 1.0926668e-02 4.3742730e-05 9.2669121e-05
 3.6589776e-05 1.6570151e-02]",[9.8929328e-01 1.0742963e-03 9.4622644e-03 1.7020332e-04],[9.9999970e-01 3.0384126e-07],"[4.4956723e-06 1.0917962e-02 8.0876571e-01 1.7804445e-01 2.2257385e-03
 4.1261166e-05 2.9436407e-07 1.3971174e-08 3.0432645e-10]"
D:\Uni\Ulm\Master\Hiwi-Forschung-und-Lehre\FairFace\detected_faces\1095905_face0.jpg,White,White,Male,20-29,"[7.5014800e-01 1.0327388e-04 3.5406556e-02 1.7368151e-05 3.9661325e-05
 6.0460251e-04 2.1368054e-01]",[9.4208974e-01 8.9694286e-04 2.9447340e-04 5.6718923e-02],[9.9999607e-01 3.9425126e-06],"[7.5127609e-08 1.5140719e-06 4.1541904e-03 7.2513491e-01 2.6360863e-01
 7.0663788e-03 3.3917611e-05 4.5088865e-07 5.6370801e-09]"
D:\Uni\Ulm\Master\Hiwi-Forschung-und-Lehre\FairFace\detected_faces\1096136_face0.jpg,Black,Black,Male,20-29,"[4.1127781e-04 9.5586526e-01 3.3761714e-02 1.0597544e-03 7.3366528e-03
 1.3978261e-03 1.6749636e-04]",[6.4014766e-04 9.7302222e-01 2.0319121e-02 6.0184663e-03],[1.0000000e+00 4.0674408e-08],"[7.3072137e-08 1.0590174e-06 2.7823735e-03 5.8739376e-01 3.6495385e-01
 4.3905545e-02 9.4466435e-04 1.8404897e-05 2.2951664e-07]"
D:\Uni\Ulm\Master\Hiwi-Forschung-und-Lehre\FairFace\detected_faces\1096210_face0.jpg,Black,Black,Male,20-29,"[2.0826801e-05 9.9837428e-01 1.2846158e-03 1.8062065e-07 7.2576113e-06
 1.5306254e-04 1.5986139e-04]",[6.8974678e-06 9.9996287e-01 7.4678442e-06 2.2780805e-05],[9.9999976e-01 1.6905662e-07],"[1.0864180e-07 9.6954154e-06 1.3823328e-02 7.9600203e-01 1.8280397e-01
 7.2830897e-03 7.5108510e-05 2.6365165e-06 6.4164844e-08]"
D:\Uni\Ulm\Master\Hiwi-Forschung-und-Lehre\FairFace\detected_faces\1096447_face0.jpg,Latino_Hispanic,White,Male,20-29,"[2.10545942e-01 1.37382755e-02 7.01254189e-01 7.17425573e-05
 4.29258274e-04 1.45346951e-03 7.25071207e-02]",[0.5864766  0.38400903 0.0010913  0.02842307],[9.9999696e-01 3.0736546e-06],"[3.1467320e-09 5.5416067e-06 1.6383655e-01 8.2254350e-01 1.3525432e-02
 8.8669287e-05 3.1547219e-07 5.6666027e-09 6.6150370e-11]"
D:\Uni\Ulm\Master\Hiwi-Forschung-und-Lehre\FairFace\detected_faces\1096460_face0.jpg,White,White,Male,20-29,"[9.9674815e-01 7.1621671e-06 1.3994148e-03 3.5090748e-06 8.5702613e-06
 1.9124398e-06 1.8312464e-03]",[9.9961251e-01 1.3588814e-04 2.4210160e-04 9.5078312e-06],[9.9999833e-01 1.6532767e-06],"[1.9192724e-10 3.5557616e-07 2.6341327e-02 9.6132064e-01 1.2291787e-02
 4.5865956e-05 9.7764655e-08 5.5432225e-10 7.8653854e-12]"
D:\Uni\Ulm\Master\Hiwi-Forschung-und-Lehre\FairFace\detected_faces\1096519_face0.jpg,Middle Eastern,White,Male,30-39,"[1.9838836e-02 2.3927181e-05 1.5399802e-03 4.0531988e-05 5.9557031e-05
 6.2227203e-04 9.7787493e-01]",[9.9619907e-01 1.1934059e-04 1.5764596e-03 2.1051613e-03],[0.98463637 0.01536368],"[9.6776682e-07 1.6806647e-05 5.9717661e-03 3.2007125e-01 4.6132270e-01
 1.7850126e-01 2.9736497e-02 3.7830335e-03 5.9567631e-04]"
D:\Uni\Ulm\Master\Hiwi-Forschung-und-Lehre\FairFace\detected_faces\1096519_face1.jpg,Middle Eastern,White,Male,20-29,"[6.3745393e-03 3.3790955e-05 1.2532809e-03 3.0158975e-05 4.6622001e-05
 3.2692187e-04 9.9193466e-01]",[9.9544895e-01 1.7100616e-04 1.7917204e-03 2.5883859e-03],[0.99623275 0.00376721],"[6.9746983e-07 2.9351891e-05 1.2885611e-02 5.6242412e-01 3.7285900e-01
 4.8636761e-02 2.8151399e-03 3.1312834e-04 3.6220386e-05]"
D:\Uni\Ulm\Master\Hiwi-Forschung-und-Lehre\FairFace\detected_faces\1096577_face0.jpg,Black,Black,Male,30-39,"[4.8975792e-04 9.8889869e-01 3.4777904e-03 6.2750078e-06 2.1179210e-04
 6.6757048e-03 2.4001089e-04]",[2.9997109e-04 9.9947417e-01 1.8513087e-05 2.0726002e-04],[9.9993020e-01 6.9799746e-05],"[5.3092881e-06 4.3827207e-05 8.0048951e-04 1.9176280e-01 7.6943254e-01
 3.7457153e-02 4.9188180e-04 5.8338742e-06 2.0404657e-07]"
D:\Uni\Ulm\Master\Hiwi-Forschung-und-Lehre\FairFace\detected_faces\1096714_face0.jpg,Black,Black,Male,20-29,"[1.1814461e-06 9.9977201e-01 3.4813485e-05 2.2042784e-07 5.5403698e-06
 1.7873589e-04 7.4945679e-06]",[2.7742835e-06 9.9980170e-01 1.0141274e-05 1.8529659e-04],[9.9990731e-01 9.2701244e-05],"[3.1297134e-07 8.9495990e-04 2.4462655e-01 7.0449775e-01 4.8899908e-02
 1.0726412e-03 7.6011947e-06 1.4530583e-07 7.5823365e-09]"
D:\Uni\Ulm\Master\Hiwi-Forschung-und-Lehre\FairFace\detected_faces\1096721_face0.jpg,White,White,Male,10-19,"[9.9856281e-01 5.3350232e-07 1.9238204e-04 4.7647615e-07 1.4094813e-06
 5.1344682e-06 1.2371889e-03]",[9.9970675e-01 5.7233836e-05 5.7155194e-05 1.7878534e-04],[9.9944341e-01 5.5655406e-04],"[2.4771055e-07 7.9028454e-04 6.9733626e-01 2.9423520e-01 7.2197574e-03
 4.1562412e-04 2.5824172e-06 8.4043144e-08 4.0598480e-09]"
D:\Uni\Ulm\Master\Hiwi-Forschung-und-Lehre\FairFace\detected_faces\1096745_face0.jpg,White,White,Male,10-19,"[9.0130895e-01 7.9957645e-06 6.4048734e-03 4.9656257e-05 6.2560233e-05
 4.3736152e-05 9.2122257e-02]",[9.9861878e-01 3.7644812e-04 2.0229172e-04 8.0245710e-04],[9.993551e-01 6.449392e-04],"[5.3438487e-08 4.4006936e-04 5.1918077e-01 4.7533467e-01 4.9976930e-03
 4.6563178e-05 1.1103166e-07 1.8401315e-09 6.8422129e-11]"
D:\Uni\Ulm\Master\Hiwi-Forschung-und-Lehre\FairFace\detected_faces\1097161_face0.jpg,Middle Eastern,White,Male,10-19,"[4.4720884e-02 3.2142401e-05 5.3670793e-03 3.1759913e-04 3.3124350e-04
 5.0447928e-04 9.4872659e-01]",[0.96235484 0.00182436 0.01842341 0.01739737],[9.9988079e-01 1.1920755e-04],"[3.4788877e-06 3.0146258e-02 9.5480579e-01 1.4804767e-02 2.2497660e-04
 1.4486302e-05 2.0282035e-07 3.7720476e-08 1.8167057e-09]"
D:\Uni\Ulm\Master\Hiwi-Forschung-und-Lehre\FairFace\detected_faces\1097171_face0.jpg,White,White,Male,10-19,"[7.9256505e-01 5.6348749e-06 4.7249216e-04 1.1926454e-04 1.1577725e-04
 1.1200641e-04 2.0660965e-01]",[9.9926448e-01 4.2411491e-05 1.5597831e-04 5.3707941e-04],[9.999914e-01 8.591229e-06],"[1.1589176e-05 3.5118116e-03 4.8450592e-01 4.7207302e-01 3.6122728e-02
 3.7060250e-03 6.5125299e-05 3.5587011e-06 1.3412324e-07]"
D:\Uni\Ulm\Master\Hiwi-Forschung-und-Lehre\FairFace\detected_faces\1097176_face0.jpg,White,White,Male,20-29,"[8.4571987e-01 2.1661978e-04 4.7402270e-02 6.2516789e-05 1.5934880e-04
 6.2663347e-04 1.0581272e-01]",[9.9394822e-01 4.2122290e-03 7.2829571e-04 1.1112482e-03],[9.9999243e-01 7.6281785e-06],"[1.1750975e-06 4.1383737e-05 1.8470122e-02 6.3891762e-01 3.3044356e-01
 1.2008817e-02 1.1504026e-04 2.2980912e-06 1.7595543e-08]"
D:\Uni\Ulm\Master\Hiwi-Forschung-und-Lehre\FairFace\detected_faces\1097425_face0.jpg,White,White,Male,20-29,"[9.8938638e-01 1.3978698e-04 6.1679613e-03 1.5342074e-06 6.2489007e-06
 1.8637335e-05 4.2795087e-03]",[9.94446158e-01 5.22240438e-03 1.07002634e-04 2.24501651e-04],[9.9999988e-01 1.6397178e-07],"[3.9043999e-09 3.8299891e-07 2.2565578e-03 8.5601324e-01 1.3998327e-01
 1.7350278e-03 1.1415048e-05 9.5805156e-08 9.8693465e-10]"
D:\Uni\Ulm\Master\Hiwi-Forschung-und-Lehre\FairFace\detected_faces\1097446_face0.jpg,White,White,Male,20-29,"[9.9984139e-01 4.9437847e-07 4.9343063e-05 1.5263157e-07 4.1571468e-07
 7.9258240e-07 1.0745585e-04]",[9.9998367e-01 8.6494083e-06 3.0512488e-06 4.6282116e-06],[1.0000000e+00 1.5088403e-08],"[6.0435283e-08 1.7817401e-04 1.8774664e-01 7.9701364e-01 1.4944619e-02
 1.1665677e-04 1.9922342e-07 2.1024715e-09 3.5896792e-11]"
D:\Uni\Ulm\Master\Hiwi-Forschung-und-Lehre\FairFace\detected_faces\1097503_face0.jpg,White,White,Male,20-29,"[7.5295258e-01 5.9071282e-04 1.1133450e-01 6.0444599e-04 1.3452542e-03
 3.8731846e-04 1.3278528e-01]",[0.8430161  0.00517922 0.14513594 0.00666878],[9.999999e-01 8.704234e-08],"[6.6589290e-09 3.7594209e-06 1.3118436e-02 9.0861255e-01 7.7477701e-02
 7.8491529e-04 2.5934128e-06 3.9258939e-08 3.8251796e-10]"
D:\Uni\Ulm\Master\Hiwi-Forschung-und-Lehre\FairFace\detected_faces\1097542_face0.jpg,Black,Black,Male,20-29,"[3.4956356e-06 9.9958360e-01 2.0977041e-04 6.1915682e-07 2.6014070e-05
 1.7543088e-04 1.0566166e-06]",[4.4403314e-06 9.9993086e-01 1.0317493e-05 5.4368695e-05],[0.9984637  0.00153632],"[3.9285055e-08 1.1243611e-05 2.7708091e-02 8.0313754e-01 1.6594377e-01
 3.1781604e-03 2.1055532e-05 1.2634739e-07 2.4457645e-09]"
D:\Uni\Ulm\Master\Hiwi-Forschung-und-Lehre\FairFace\detected_faces\1097603_face0.jpg,White,White,Male,20-29,"[9.5372874e-01 2.8003749e-04 2.1642331e-02 1.5164613e-05 7.2695380e-05
 8.0980659e-05 2.4180021e-02]",[9.9576467e-01 3.5944153e-03 9.2491391e-05 5.4837670e-04],[9.9999994e-01 5.4340450e-08],"[4.2855262e-08 9.4815250e-06 1.5531594e-02 8.9783973e-01 8.5805759e-02
 8.1044645e-04 2.8792401e-06 5.3584664e-08 6.3630867e-10]"
D:\Uni\Ulm\Master\Hiwi-Forschung-und-Lehre\FairFace\detected_faces\1097719_face0.jpg,White,White,Male,20-29,"[4.1297272e-01 7.9365517e-04 3.6296529e-01 3.4658992e-04 7.0916873e-04
 5.1678857e-03 2.1704476e-01]",[9.9341393e-01 6.0669723e-04 3.3409535e-03 2.6384487e-03],[9.9999946e-01 5.4166537e-07],"[2.3387074e-06 2.0729580e-04 8.9887809e-03 7.2394913e-01 2.6270357e-01
 4.1396557e-03 9.0392068e-06 1.9829214e-07 2.1513467e-09]"
D:\Uni\Ulm\Master\Hiwi-Forschung-und-Lehre\FairFace\detected_faces\1097780_face0.jpg,White,White,Male,10-19,"[9.9973494e-01 9.8500102e-08 3.9588715e-05 6.4734553e-07 1.1368683e-06
 3.2731401e-07 2.2334669e-04]",[9.999796e-01 5.832732e-06 6.904370e-06 7.659490e-06],[9.9999595e-01 4.1020276e-06],"[2.9062730e-07 7.3767849e-04 6.5063143e-01 3.4058830e-01 7.7219936e-03
 3.1795009e-04 2.3205923e-06 5.4388650e-08 1.7872935e-09]"
D:\Uni\Ulm\Master\Hiwi-Forschung-und-Lehre\FairFace\detected_faces\1097842_face0.jpg,White,White,Male,10-19,"[9.5033497e-01 1.7107277e-04 2.7560577e-02 2.8321798e-05 1.0496072e-04
 2.7147005e-04 2.1528609e-02]",[9.9755281e-01 6.3888618e-04 5.5624254e-04 1.2520213e-03],[9.9975932e-01 2.4070327e-04],"[1.1146828e-07 2.4812922e-03 9.1976619e-01 7.7500761e-02 2.4813798e-04
 3.4888765e-06 2.6413117e-08 2.0206907e-09 8.4927038e-11]"
D:\Uni\Ulm\Master\Hiwi-Forschung-und-Lehre\FairFace\detected_faces\1097848_face0.jpg,White,White,Male,20-29,"[9.9981678e-01 5.4912175e-07 2.8779861e-05 7.9083060e-07 3.0912199e-06
 2.3157592e-07 1.4987183e-04]",[9.9998111e-01 1.4403721e-06 1.4407021e-05 3.0793092e-06],[9.999942e-01 5.781065e-06],"[7.3014526e-08 3.2856522e-05 2.1712329e-02 8.1646287e-01 1.5537581e-01
 6.3514803e-03 6.4074447e-05 5.2781240e-07 1.3552288e-08]"
D:\Uni\Ulm\Master\Hiwi-Forschung-und-Lehre\FairFace\detected_faces\1097856_face0.jpg,White,White,Male,20-29,"[9.8525065e-01 1.1451451e-06 1.0475079e-03 3.5089813e-04 1.5470764e-04
 2.8118709e-05 1.3166920e-02]",[9.99111533e-01 1.19863171e-06 8.75841419e-04 1.14646955e-05],[9.9971545e-01 2.8459352e-04],"[4.7519507e-06 2.0290540e-04 1.6880328e-02 8.7689090e-01 1.0552978e-01
 4.9011275e-04 1.2244296e-06 4.1183061e-08 1.9034032e-09]"
D:\Uni\Ulm\Master\Hiwi-Forschung-und-Lehre\FairFace\detected_faces\1098541_face0.jpg,White,White,Male,20-29,"[8.9908916e-01 1.1725422e-03 8.3923198e-02 9.8949975e-05 4.0318820e-04
 2.1006188e-03 1.3212346e-02]",[0.9885694  0.00474154 0.00107521 0.00561382],[0.99208623 0.00791377],"[2.4997809e-07 3.5834000e-05 5.9637163e-02 8.3182698e-01 1.0201639e-01
 6.1393846e-03 3.3585361e-04 7.9200618e-06 3.0530057e-07]"
D:\Uni\Ulm\Master\Hiwi-Forschung-und-Lehre\FairFace\detected_faces\1099057_face0.jpg,Black,Black,Male,20-29,"[1.49933896e-06 9.99843419e-01 3.85787716e-05 6.05153261e-08
 7.75161766e-07 1.12128655e-04 3.54186636e-06]",[1.0010548e-05 9.9983370e-01 2.6177620e-05 1.3014278e-04],[9.9961293e-01 3.8704663e-04],"[6.7658925e-07 1.4066302e-04 7.7697732e-02 7.3251998e-01 1.7662838e-01
 1.2644702e-02 3.5542669e-04 1.2109963e-05 3.6004221e-07]"
D:\Uni\Ulm\Master\Hiwi-Forschung-und-Lehre\FairFace\detected_faces\1099175_face0.jpg,Middle Eastern,White,Male,10-19,"[3.4723160e-01 1.7615060e-04 1.3333996e-01 8.8357378e-04 1.2015981e-03
 6.8040064e-04 5.1648676e-01]",[0.97101724 0.00185629 0.0219222  0.00520423],[9.9999386e-01 6.1176333e-06],"[1.8596220e-08 3.5245341e-04 5.2352166e-01 4.7389588e-01 2.2159724e-03
 1.4033530e-05 2.5938309e-08 6.3531086e-10 1.1872574e-11]"
D:\Uni\Ulm\Master\Hiwi-Forschung-und-Lehre\FairFace\detected_faces\1099288_face0.jpg,Middle Eastern,White,Male,20-29,"[2.2535524e-03 3.1506905e-04 2.8568249e-02 5.4709402e-05 4.1611155e-04
 2.9269664e-03 9.6546531e-01]",[0.8393742  0.03995315 0.04641297 0.07425968],[9.9994653e-01 5.3495125e-05],"[2.9478662e-07 1.9848374e-05 1.3113420e-02 7.1424013e-01 2.6325935e-01
 9.2682866e-03 9.3616058e-05 4.9838582e-06 1.0991340e-07]"
D:\Uni\Ulm\Master\Hiwi-Forschung-und-Lehre\FairFace\detected_faces\1099344_face0.jpg,White,White,Male,20-29,"[8.06511998e-01 9.98202158e-05 7.52622262e-02 1.06384054e-04
 2.10401849e-04 4.94937645e-04 1.17314227e-01]",[9.9880797e-01 2.1807906e-04 4.4054040e-04 5.3338648e-04],[1.0000000e+00 2.0456042e-08],"[1.1034524e-06 7.0068473e-04 2.1308662e-01 7.3121005e-01 5.4009102e-02
 9.8739995e-04 5.0392941e-06 6.8192918e-08 5.2909316e-10]"
D:\Uni\Ulm\Master\Hiwi-Forschung-und-Lehre\FairFace\detected_faces\1099352_face0.jpg,White,White,Male,20-29,"[8.7095803e-01 3.1302049e-04 1.2073422e-01 4.6913756e-05 2.6858604e-04
 5.5465745e-05 7.6236888e-03]",[9.9803710e-01 1.2036676e-03 4.4000178e-04 3.1926367e-04],[9.999999e-01 9.623383e-08],"[2.4098108e-08 3.3536055e-06 2.0780748e-02 7.2387451e-01 2.4071740e-01
 1.4345354e-02 2.7625644e-04 2.4291098e-06 1.7120204e-08]"
D:\Uni\Ulm\Master\Hiwi-Forschung-und-Lehre\FairFace\detected_faces\1099368_face0.jpg,White,White,Male,20-29,"[9.9895430e-01 2.9111409e-06 5.7981594e-04 2.9465450e-06 6.7549472e-06
 2.3733101e-06 4.5088501e-04]",[9.9993408e-01 8.7500975e-06 3.7870534e-05 1.9353249e-05],[9.9998969e-01 1.0280185e-05],"[2.3545725e-09 6.9930712e-07 1.7847106e-02 9.0982199e-01 7.0300117e-02
 2.0073496e-03 2.2269487e-05 3.9592840e-07 9.9927284e-09]"
D:\Uni\Ulm\Master\Hiwi-Forschung-und-Lehre\FairFace\detected_faces\1099371_face0.jpg,Black,Black,Male,20-29,"[1.9864480e-08 9.9999851e-01 5.4574207e-07 3.0032599e-09 5.3724268e-08
 8.2529749e-07 3.1047886e-08]",[4.1432486e-08 9.9999928e-01 3.3806958e-07 3.7963679e-07],[9.999563e-01 4.371621e-05],"[7.02897694e-07 7.06308288e-04 1.20418958e-01 7.74784565e-01
 1.00103244e-01 3.96693824e-03 1.90439514e-05 1.97922105e-07
 1.16456809e-08]"
D:\Uni\Ulm\Master\Hiwi-Forschung-und-Lehre\FairFace\detected_faces\1099380_face0.jpg,White,White,Male,20-29,"[5.3886747e-01 2.4518557e-04 2.4255575e-01 3.9543100e-03 7.4948403e-03
 1.2515121e-03 2.0563100e-01]",[0.888389   0.00574688 0.08558296 0.02028119],[9.999998e-01 2.267202e-07],"[4.1593006e-07 2.3043661e-04 1.7279616e-01 7.9080814e-01 3.5917062e-02
 2.4723922e-04 5.9199647e-07 1.5614054e-08 1.9120759e-10]"
D:\Uni\Ulm\Master\Hiwi-Forschung-und-Lehre\FairFace\detected_faces\1099549_face0.jpg,White,White,Male,30-39,"[9.8215872e-01 2.6387945e-06 5.8421906e-04 6.2680670e-06 1.3044137e-05
 5.4780180e-06 1.7229564e-02]",[9.9985218e-01 6.7809975e-05 5.9088685e-05 2.0977361e-05],[9.999956e-01 4.436560e-06],"[1.0733362e-07 1.0043459e-06 1.5168815e-03 4.5879382e-01 5.0573188e-01
 3.3739176e-02 2.1488279e-04 2.2640515e-06 3.5188958e-08]"
D:\Uni\Ulm\Master\Hiwi-Forschung-und-Lehre\FairFace\detected_faces\1099792_face0.jpg,Black,Black,Male,20-29,"[1.1949078e-07 9.9999332e-01 1.9004024e-06 2.6960996e-09 9.9064245e-08
 4.4587282e-06 2.0121377e-07]",[3.2301014e-07 9.9999607e-01 6.3485396e-07 2.9809698e-06],[1.000000e+00 3.361726e-08],"[3.47919182e-09 3.19575497e-06 1.09151676e-02 7.86793470e-01
 1.94215462e-01 8.03114939e-03 4.12723421e-05 3.42219607e-07
 1.24038975e-08]"
D:\Uni\Ulm\Master\Hiwi-Forschung-und-Lehre\FairFace\detected_faces\1100206_face0.jpg,White,White,Male,20-29,"[9.5562929e-01 3.0653185e-04 1.3486145e-02 1.4141451e-04 2.9113048e-04
 3.0941973e-04 2.9836142e-02]",[8.01030576e-01 1.86794221e-01 5.80369378e-04 1.15948105e-02],[1.00000e+00 8.88345e-09],"[3.77277054e-08 9.79701872e-06 1.35058155e-02 9.44884181e-01
 4.14037891e-02 1.95519198e-04 9.52406538e-07 1.40443666e-08
 2.02700717e-10]"
D:\Uni\Ulm\Master\Hiwi-Forschung-und-Lehre\FairFace\detected_faces\1100207_face0.jpg,White,White,Male,10-19,"[9.6681982e-01 1.5069347e-05 9.2680370e-03 2.8034770e-05 3.9550363e-05
 7.9893987e-05 2.3749582e-02]",[9.9938506e-01 1.7447247e-04 1.0514449e-04 3.3537101e-04],[9.9999660e-01 3.4375466e-06],"[3.04003095e-07 4.27765120e-03 9.41663265e-01 5.31577207e-02
 8.65696755e-04 3.52654642e-05 1.51221030e-07 4.19626334e-09
 1.01498594e-10]"
D:\Uni\Ulm\Master\Hiwi-Forschung-und-Lehre\FairFace\detected_faces\1100269_face0.jpg,White,White,Male,20-29,"[6.2276626e-01 4.8102601e-04 6.4625114e-02 1.4320358e-04 5.2949914e-04
 2.2434001e-03 3.0921140e-01]",[9.9618894e-01 1.1750535e-04 3.4867900e-03 2.0675300e-04],[9.9999982e-01 1.8234557e-07],"[4.0673973e-07 3.8768339e-04 1.7617570e-01 7.8888392e-01 3.4167357e-02
 3.8397469e-04 8.9179593e-07 3.5689698e-08 5.5096333e-10]"
D:\Uni\Ulm\Master\Hiwi-Forschung-und-Lehre\FairFace\detected_faces\1100272_face0.jpg,Middle Eastern,Black,Male,20-29,"[1.3367879e-01 3.5462629e-03 2.0813622e-01 1.4771447e-04 6.0039369e-04
 2.8966179e-03 6.5099400e-01]",[0.20322758 0.6781542  0.00378375 0.1148345 ],[1.0000000e+00 1.6625695e-08],"[3.1420946e-08 6.2174299e-06 1.8919380e-02 9.3795162e-01 4.2869087e-02
 2.5282128e-04 8.5381959e-07 2.9186246e-08 3.0633887e-10]"
D:\Uni\Ulm\Master\Hiwi-Forschung-und-Lehre\FairFace\detected_faces\1100320_face0.jpg,Black,Black,Male,20-29,"[3.3731878e-05 9.9455333e-01 1.4011180e-03 2.1649103e-06 3.1197273e-05
 3.9134207e-03 6.4996908e-05]",[3.6056696e-05 9.9885720e-01 2.9056414e-04 8.1612606e-04],[9.999994e-01 6.161672e-07],"[3.5391025e-08 3.5987719e-06 3.6009524e-03 5.2481985e-01 4.4063047e-01
 3.0581659e-02 3.5993449e-04 3.4306167e-06 5.2075492e-08]"
D:\Uni\Ulm\Master\Hiwi-Forschung-und-Lehre\FairFace\detected_faces\1100321_face0.jpg,Black,Black,Male,20-29,"[2.6743990e-07 9.9998415e-01 1.7127721e-06 1.5024977e-08 2.4861225e-07
 1.3520587e-05 8.1515978e-08]",[1.4908144e-07 9.9998099e-01 3.2103544e-06 1.5660236e-05],[9.999816e-01 1.844646e-05],"[1.7154420e-07 2.1262535e-04 7.9711698e-02 8.0988497e-01 1.0632561e-01
 3.8245274e-03 3.9510178e-05 8.7936098e-07 4.0712500e-08]"
D:\Uni\Ulm\Master\Hiwi-Forschung-und-Lehre\FairFace\detected_faces\1100354_face0.jpg,White,White,Male,10-19,"[6.7040581e-01 1.8148286e-04 2.8338003e-01 2.9827617e-04 7.5081212e-04
 2.5070151e-02 1.9913409e-02]",[0.93181264 0.01382914 0.0049839  0.04937427],[9.9998409e-01 1.5931828e-05],"[1.7721960e-07 1.0046856e-03 6.2697685e-01 3.6707965e-01 4.8794639e-03
 5.9015689e-05 1.7959682e-07 6.2102194e-09 1.7812110e-10]"
D:\Uni\Ulm\Master\Hiwi-Forschung-und-Lehre\FairFace\detected_faces\1100358_face0.jpg,White,White,Male,10-19,"[6.0163075e-01 1.1068737e-03 3.1922036e-01 2.1988760e-04 9.7023242e-04
 1.2345351e-02 6.4506553e-02]",[0.7424895  0.00799458 0.01719228 0.23232363],[9.999932e-01 6.803413e-06],"[5.8213197e-07 3.6077080e-03 6.9974226e-01 2.9046082e-01 6.0580252e-03
 1.2989891e-04 6.7207338e-07 3.0079381e-08 7.5888074e-10]"
D:\Uni\Ulm\Master\Hiwi-Forschung-und-Lehre\FairFace\detected_faces\1100377_face0.jpg,White,White,Male,10-19,"[9.9063194e-01 2.2709158e-07 5.7231681e-04 1.5327532e-05 1.6590104e-05
 5.2471005e-06 8.7582972e-03]",[9.9988455e-01 2.2686298e-05 3.5666999e-05 5.7088724e-05],[9.9999124e-01 8.7725894e-06],"[2.6650282e-08 4.9276900e-04 8.6723548e-01 1.3176666e-01 4.9943087e-04
 5.6294957e-06 1.1203331e-08 2.5996977e-10 7.4413678e-12]"
D:\Uni\Ulm\Master\Hiwi-Forschung-und-Lehre\FairFace\detected_faces\1100380_face0.jpg,White,White,Male,20-29,"[6.95419669e-01 3.75369244e-04 7.04209274e-03 1.11621644e-04
 3.52618779e-04 6.46174653e-04 2.96052396e-01]",[9.9935555e-01 2.3859116e-04 4.2154232e-05 3.6360414e-04],[0.99256516 0.00743486],"[5.7957527e-07 5.0304585e-05 3.0095804e-02 6.0380703e-01 3.1700915e-01
 4.5377359e-02 3.4303388e-03 2.1370531e-04 1.5726826e-05]"
D:\Uni\Ulm\Master\Hiwi-Forschung-und-Lehre\FairFace\detected_faces\1100381_face0.jpg,White,White,Male,20-29,"[9.8794901e-01 3.0652721e-08 1.4395799e-05 9.6845588e-07 1.8824566e-06
 4.2105958e-06 1.2029475e-02]",[9.999347e-01 3.726221e-07 1.303511e-05 5.192108e-05],[0.9920773  0.00792268],"[2.0616169e-07 2.9709219e-05 4.6927299e-02 8.8342148e-01 6.5048769e-02
 4.4104513e-03 1.5503915e-04 6.5071449e-06 5.4237842e-07]"
D:\Uni\Ulm\Master\Hiwi-Forschung-und-Lehre\FairFace\detected_faces\1100382_face0.jpg,White,White,Male,20-29,"[9.9398208e-01 4.1718019e-07 3.8296822e-04 2.8648483e-05 2.5054320e-05
 2.4176903e-05 5.5566281e-03]",[9.9987131e-01 2.2103212e-07 9.6341326e-05 3.2057353e-05],[9.9999976e-01 2.3380487e-07],"[1.5947157e-07 1.0189716e-05 4.9318126e-03 8.6269855e-01 1.3098364e-01
 1.3721981e-03 3.4464704e-06 4.1027420e-08 9.6958974e-10]"
D:\Uni\Ulm\Master\Hiwi-Forschung-und-Lehre\FairFace\detected_faces\1100401_face0.jpg,White,White,Male,10-19,"[9.7555190e-01 1.0346255e-06 2.3338972e-03 8.9727393e-05 8.9616980e-05
 1.7800807e-05 2.1915922e-02]",[9.9932510e-01 2.3237158e-06 6.6402450e-04 8.4597314e-06],[9.9999994e-01 8.9893263e-08],"[5.9421393e-07 3.2964756e-03 8.6967117e-01 1.2314676e-01 3.7575865e-03
 1.2683992e-04 6.2690259e-07 8.8746059e-09 1.4678769e-10]"
D:\Uni\Ulm\Master\Hiwi-Forschung-und-Lehre\FairFace\detected_faces\1100406_face0.jpg,Middle Eastern,White,Male,20-29,"[1.3606709e-01 1.5135357e-05 7.3224464e-03 3.3572433e-06 1.3327313e-05
 1.3624274e-04 8.5644245e-01]",[9.8652309e-01 1.1308814e-02 1.7432900e-04 1.9937900e-03],[9.9999762e-01 2.3604082e-06],"[3.9763699e-09 8.5508088e-07 1.5879574e-03 7.5240427e-01 2.4454214e-01
 1.4626355e-03 2.1814692e-06 1.7970853e-08 2.1534585e-10]"
D:\Uni\Ulm\Master\Hiwi-Forschung-und-Lehre\FairFace\detected_faces\1100418_face0.jpg,White,White,Male,20-29,"[0.8571359  0.00826568 0.07116579 0.02280537 0.0190271  0.00284633
 0.01875379]",[0.9708946  0.00835031 0.01873834 0.00201685],[0.99218994 0.00781006],"[4.4467622e-08 1.4538682e-04 3.9774659e-01 5.9065086e-01 1.1270768e-02
 1.8317059e-04 3.0733208e-06 1.3022994e-07 5.9043863e-09]"
D:\Uni\Ulm\Master\Hiwi-Forschung-und-Lehre\FairFace\detected_faces\1100456_face0.jpg,Black,Black,Male,10-19,"[1.0114542e-06 9.9997008e-01 2.1072989e-05 2.7297494e-07 2.8429956e-06
 3.7855564e-06 9.9480553e-07]",[1.9950090e-05 9.9991971e-01 3.2739459e-05 2.7678108e-05],[0.9011906  0.09880944],"[9.9281297e-06 1.4317127e-02 5.4202503e-01 4.1813260e-01 2.4268135e-02
 1.2283552e-03 1.8286803e-05 4.6983828e-07 2.5018608e-08]"
D:\Uni\Ulm\Master\Hiwi-Forschung-und-Lehre\FairFace\detected_faces\1100499_face0.jpg,White,White,Male,20-29,"[7.8550434e-01 1.3834477e-04 5.8978021e-02 4.8232437e-04 6.4496748e-04
 1.1018982e-04 1.5414178e-01]",[0.9559943  0.03825198 0.00458334 0.00117032],[9.9999297e-01 7.0147939e-06],"[4.4699516e-07 3.8466559e-04 3.2714814e-01 6.4135659e-01 3.0658025e-02
 4.4969286e-04 2.3827770e-06 4.2461433e-08 6.5351285e-10]"
D:\Uni\Ulm\Master\Hiwi-Forschung-und-Lehre\FairFace\detected_faces\1100519_face0.jpg,White,White,Male,20-29,"[0.6000245  0.00136744 0.10192959 0.0149871  0.02727668 0.09446643
 0.15994832]",[0.59018224 0.00114002 0.00114122 0.4075365 ],[0.998394   0.00160593],"[4.5201891e-06 5.8651698e-04 1.9005336e-01 5.9609729e-01 1.7214958e-01
 3.8196906e-02 2.6217988e-03 2.8112205e-04 8.9071873e-06]"
D:\Uni\Ulm\Master\Hiwi-Forschung-und-Lehre\FairFace\detected_faces\1100520_face0.jpg,White,White,Male,20-29,"[9.6339673e-01 2.7317981e-06 5.9079919e-03 1.0968353e-05 1.3503657e-05
 2.0841083e-04 3.0459695e-02]",[9.9331301e-01 7.9572434e-05 2.0811606e-04 6.3992725e-03],[9.9998534e-01 1.4656897e-05],"[4.3443812e-08 3.9896204e-06 4.4072494e-03 8.6416399e-01 1.3088526e-01
 5.3903245e-04 3.9789941e-07 5.1566973e-09 7.2813935e-11]"
D:\Uni\Ulm\Master\Hiwi-Forschung-und-Lehre\FairFace\detected_faces\1100544_face0.jpg,White,White,Male,20-29,"[5.32946944e-01 2.08225031e-03 3.56743217e-01 2.12013154e-04
 1.30037055e-03 3.83434677e-03 1.02880865e-01]",[0.9551005  0.03407118 0.00176431 0.00906401],[1.0000000e+00 2.4789683e-08],"[8.5843787e-08 1.6499576e-04 3.3986369e-01 6.4114398e-01 1.8504888e-02
 3.2049173e-04 1.8862937e-06 4.1464070e-08 4.5821877e-10]"
D:\Uni\Ulm\Master\Hiwi-Forschung-und-Lehre\FairFace\detected_faces\1100596_face0.jpg,White,White,Male,20-29,"[9.7527206e-01 5.7823007e-04 1.5117258e-02 4.0946379e-05 1.7136084e-04
 2.2487739e-05 8.7976130e-03]",[9.7387606e-01 2.3750367e-02 1.4020994e-03 9.7148435e-04],[9.9994630e-01 5.3733536e-05],"[1.6540662e-07 9.4984454e-05 8.4211349e-02 8.3894110e-01 7.3364660e-02
 3.3106378e-03 7.5124161e-05 1.9406950e-06 5.8206279e-08]"
D:\Uni\Ulm\Master\Hiwi-Forschung-und-Lehre\FairFace\detected_faces\1100606_face0.jpg,Black,Black,Male,20-29,"[6.5526677e-08 9.9999887e-01 6.6837174e-07 1.0037602e-09 1.9184887e-08
 2.9954197e-07 7.2198034e-08]",[6.9452042e-08 9.9999952e-01 2.1690450e-07 1.8735173e-07],[9.999994e-01 5.369307e-07],"[3.8137054e-07 6.1304873e-04 5.6227259e-02 7.9118460e-01 1.4836647e-01
 3.5931147e-03 1.5007102e-05 1.3543686e-07 1.0046252e-08]"
D:\Uni\Ulm\Master\Hiwi-Forschung-und-Lehre\FairFace\detected_faces\1100649_face0.jpg,White,White,Male,20-29,"[9.7450686e-01 6.0257647e-04 1.3317137e-02 9.9157995e-05 3.6543925e-04
 7.5298994e-05 1.1033534e-02]",[9.9548078e-01 2.6332182e-03 1.8055389e-03 8.0495731e-05],[9.999998e-01 2.398807e-07],"[1.3359098e-06 3.2280068e-04 1.0800508e-01 8.5666949e-01 3.4433011e-02
 5.6157773e-04 6.5903919e-06 2.2040356e-07 4.4950146e-09]"
D:\Uni\Ulm\Master\Hiwi-Forschung-und-Lehre\FairFace\detected_faces\1100837_face0.jpg,Latino_Hispanic,White,Male,10-19,"[1.4815776e-01 1.0308368e-03 6.1247903e-01 7.7638324e-06 1.9111398e-04
 1.5468802e-02 2.2266467e-01]",[0.5911197  0.01759819 0.00395308 0.38732898],[9.9999988e-01 6.1324855e-08],"[8.5188541e-09 1.7985603e-04 7.5908774e-01 2.3939985e-01 1.3242675e-03
 8.3240357e-06 1.7213418e-08 4.9831617e-10 4.9404369e-12]"
D:\Uni\Ulm\Master\Hiwi-Forschung-und-Lehre\FairFace\detected_faces\1100840_face0.jpg,White,White,Male,20-29,"[8.9887083e-01 5.3798729e-05 4.7431815e-02 6.3976891e-05 1.8072435e-04
 1.9045759e-04 5.3208373e-02]",[9.9825126e-01 3.6618789e-04 2.0202593e-04 1.1805831e-03],[9.9916464e-01 8.3539903e-04],"[6.2274461e-09 1.8509640e-05 1.8949999e-01 8.0098599e-01 9.4687650e-03
 2.6625057e-05 5.5882101e-08 1.2356990e-09 3.0618307e-11]"
D:\Uni\Ulm\Master\Hiwi-Forschung-und-Lehre\FairFace\detected_faces\1100957_face0.jpg,White,White,Male,20-29,"[9.1844815e-01 2.3198704e-04 4.8017431e-02 4.7978629e-05 6.3524814e-05
 2.3639592e-05 3.3167239e-02]",[9.9941123e-01 4.5436097e-04 1.2547123e-04 8.9058121e-06],[9.9970686e-01 2.9314699e-04],"[2.0461671e-07 3.1848965e-04 4.1070476e-01 5.7533920e-01 1.3490138e-02
 1.4673744e-04 4.8497230e-07 8.5347098e-09 2.5347993e-10]"
D:\Uni\Ulm\Master\Hiwi-Forschung-und-Lehre\FairFace\detected_faces\1101040_face0.jpg,White,White,Male,10-19,"[8.3139437e-01 1.8152015e-05 2.6047874e-02 4.1482999e-06 1.3889328e-05
 9.7623433e-04 1.4154537e-01]",[9.97266650e-01 2.43756047e-04 1.02244834e-04 2.38745986e-03],[9.9998516e-01 1.4833549e-05],"[9.4268515e-08 2.9669905e-03 9.7179669e-01 2.5101896e-02 1.3171410e-04
 2.5612687e-06 3.8907926e-09 1.6372227e-10 4.2348959e-12]"
D:\Uni\Ulm\Master\Hiwi-Forschung-und-Lehre\FairFace\detected_faces\1101161_face0.jpg,White,White,Male,20-29,"[9.5676112e-01 1.7571823e-04 1.4632939e-02 4.8063463e-05 7.6723016e-05
 3.2455273e-04 2.7980795e-02]",[0.97802883 0.00686763 0.0021067  0.01299691],[9.999994e-01 5.822415e-07],"[4.0843084e-08 7.2725761e-06 3.7669076e-03 7.3332113e-01 2.5518996e-01
 7.6871864e-03 2.7013028e-05 4.2831545e-07 6.7105672e-09]"
D:\Uni\Ulm\Master\Hiwi-Forschung-und-Lehre\FairFace\detected_faces\1101169_face0.jpg,Southeast Asian,Asian,Male,10-19,"[1.3762070e-01 3.5336538e-04 1.0305815e-01 3.2344973e-01 4.1736588e-01
 2.0355429e-03 1.6116615e-02]",[0.06195295 0.00190107 0.93497854 0.00116754],[9.9999976e-01 1.8605145e-07],"[4.4803645e-08 8.9091406e-04 9.0602297e-01 9.2444293e-02 6.3662388e-04
 5.1550387e-06 2.3167253e-08 8.4630747e-10 8.4787542e-12]"
D:\Uni\Ulm\Master\Hiwi-Forschung-und-Lehre\FairFace\detected_faces\1101232_face0.jpg,Latino_Hispanic,White,Male,20-29,"[1.3087057e-01 6.1413907e-03 5.2535540e-01 4.4420242e-04 1.5452545e-03
 2.6276838e-03 3.3301553e-01]",[0.85506946 0.03862586 0.08957537 0.01672934],[9.9999988e-01 6.5665226e-08],"[9.90511921e-07 1.72763175e-04 3.34682465e-02 8.48570645e-01
 1.15849204e-01 1.92560838e-03 1.23358059e-05 3.09349332e-07
 3.43355366e-09]"
D:\Uni\Ulm\Master\Hiwi-Forschung-und-Lehre\FairFace\detected_faces\1101241_face0.jpg,White,White,Male,10-19,"[9.5043546e-01 1.2271694e-04 2.7850714e-02 5.0292013e-04 6.3971587e-04
 3.5664190e-05 2.0412797e-02]",[9.9760240e-01 2.0283074e-04 2.1716668e-03 2.3078572e-05],[9.9999976e-01 2.2098624e-07],"[3.4030315e-08 1.3995687e-04 6.3337451e-01 3.6352545e-01 2.9303720e-03
 2.9476905e-05 1.5119961e-07 4.1523602e-09 5.0832134e-11]"
D:\Uni\Ulm\Master\Hiwi-Forschung-und-Lehre\FairFace\detected_faces\1101244_face0.jpg,White,White,Male,10-19,"[9.7087610e-01 3.3940699e-07 2.3642958e-03 4.8996808e-06 9.0871308e-06
 9.4441901e-05 2.6650885e-02]",[9.9778831e-01 1.1184661e-05 5.8337551e-04 1.6170827e-03],[9.9999779e-01 2.1767555e-06],"[3.8123811e-09 5.2402925e-04 9.8993319e-01 9.5196031e-03 2.2762972e-05
 3.9101823e-07 8.3494733e-10 2.0104191e-11 3.9798934e-13]"
D:\Uni\Ulm\Master\Hiwi-Forschung-und-Lehre\FairFace\detected_faces\1101362_face0.jpg,Black,Black,Male,20-29,"[2.6203106e-06 9.9969113e-01 8.0359932e-05 2.9501302e-07 9.0697586e-06
 2.1366015e-04 2.8586708e-06]",[1.8156173e-06 9.9995333e-01 1.2311332e-05 3.2608124e-05],[9.999683e-01 3.170267e-05],"[6.8745514e-08 1.1727763e-05 9.8002050e-03 6.2251335e-01 3.4250653e-01
 2.4763506e-02 3.9748324e-04 6.8981549e-06 2.2535929e-07]"
D:\Uni\Ulm\Master\Hiwi-Forschung-und-Lehre\FairFace\detected_faces\1101370_face0.jpg,Black,Black,Male,20-29,"[2.0506104e-02 6.3128024e-01 2.9005980e-01 3.3965969e-04 2.9925557e-03
 5.1203098e-02 3.6184862e-03]",[2.6200812e-03 9.9060327e-01 1.3721074e-04 6.6394852e-03],[9.9982250e-01 1.7747802e-04],"[3.6116273e-07 6.7635474e-04 3.6231145e-01 5.9951353e-01 3.6866654e-02
 6.2685617e-04 4.7272115e-06 4.5173621e-08 1.3749002e-09]"
D:\Uni\Ulm\Master\Hiwi-Forschung-und-Lehre\FairFace\detected_faces\1101425_face0.jpg,White,White,Male,20-29,"[9.2987752e-01 4.0172840e-06 6.8466482e-04 4.2900665e-05 3.3131368e-05
 1.0568063e-05 6.9347151e-02]",[9.9983126e-01 1.9488121e-05 1.1252213e-04 3.6662776e-05],[9.9999934e-01 6.7763222e-07],"[2.6549347e-07 2.0300713e-04 3.7122476e-01 5.9444422e-01 3.2483045e-02
 1.6212468e-03 2.2380045e-05 1.1066870e-06 1.4191237e-08]"
D:\Uni\Ulm\Master\Hiwi-Forschung-und-Lehre\FairFace\detected_faces\1101440_face0.jpg,Latino_Hispanic,White,Male,10-19,"[0.43078992 0.00430307 0.50314313 0.00241593 0.00863728 0.00274871
 0.04796201]",[0.8806564  0.01980814 0.08865255 0.0108828 ],[9.9999619e-01 3.7753766e-06],"[3.4656827e-07 1.2800214e-03 5.4644585e-01 4.3523732e-01 1.6601371e-02
 4.3105005e-04 3.9347474e-06 8.6984670e-08 1.4701449e-09]"
D:\Uni\Ulm\Master\Hiwi-Forschung-und-Lehre\FairFace\detected_faces\1101483_face0.jpg,White,White,Male,20-29,"[8.95452201e-01 1.83044438e-06 4.98332083e-03 1.69947944e-05
 4.44195139e-05 1.16799056e-04 9.93843526e-02]",[9.9889618e-01 3.3803124e-05 4.3100800e-04 6.3894561e-04],[9.999998e-01 2.137015e-07],"[2.1528700e-07 3.5654989e-04 4.3048868e-01 5.4865718e-01 2.0189760e-02
 3.0704626e-04 5.2437593e-07 8.0011713e-09 9.4457719e-11]"
D:\Uni\Ulm\Master\Hiwi-Forschung-und-Lehre\FairFace\detected_faces\1101485_face0.jpg,Latino_Hispanic,Asian,Male,20-29,"[0.03359053 0.01961409 0.82616913 0.00604093 0.09711844 0.00514091
 0.01232598]",[0.15670225 0.2051976  0.60223216 0.03586789],[9.9997038e-01 2.9632462e-05],"[9.2369667e-08 1.3549601e-04 3.0784056e-01 6.7621237e-01 1.5596340e-02
 2.1303234e-04 2.0948507e-06 5.3896734e-08 1.0432791e-09]"
D:\Uni\Ulm\Master\Hiwi-Forschung-und-Lehre\FairFace\detected_faces\1101562_face0.jpg,Latino_Hispanic,White,Male,20-29,"[1.11658126e-01 4.51156683e-03 6.37468874e-01 4.00889519e-04
 2.24241265e-03 8.86653271e-03 2.34851614e-01]",[0.7318458  0.24224493 0.00421467 0.02169461],[9.9993110e-01 6.8881796e-05],"[1.46910736e-07 2.62620451e-04 1.51404530e-01 8.33325565e-01
 1.49616636e-02 4.54252222e-05 1.13930206e-07 4.40468151e-09
 9.59899660e-11]"
D:\Uni\Ulm\Master\Hiwi-Forschung-und-Lehre\FairFace\detected_faces\1101582_face0.jpg,White,White,Male,20-29,"[9.9793559e-01 2.1279566e-06 6.7996792e-04 2.0419071e-05 3.2837062e-05
 7.5641101e-06 1.3215191e-03]",[9.9987096e-01 4.1679166e-05 4.0381972e-05 4.6999823e-05],[9.9999994e-01 5.1256475e-08],"[1.7151487e-08 2.5523477e-05 1.5682426e-01 8.3129078e-01 1.1785092e-02
 7.4100841e-05 1.7135210e-07 2.8420593e-09 3.8392487e-11]"
D:\Uni\Ulm\Master\Hiwi-Forschung-und-Lehre\FairFace\detected_faces\1101586_face0.jpg,Middle Eastern,White,Male,10-19,"[8.1148073e-02 1.9368421e-05 1.1765060e-02 4.5454158e-06 1.5482410e-05
 1.5404634e-03 9.0550703e-01]",[0.98349726 0.00555652 0.00105307 0.00989313],[9.9999821e-01 1.8208815e-06],"[1.5162637e-08 2.9646044e-04 8.4226930e-01 1.5707991e-01 3.5232957e-04
 1.9730878e-06 3.3531853e-09 2.4806662e-10 3.2303485e-12]"
D:\Uni\Ulm\Master\Hiwi-Forschung-und-Lehre\FairFace\detected_faces\1101587_face0.jpg,White,White,Male,10-19,"[8.8599217e-01 1.3592641e-03 9.7739831e-02 3.0816205e-05 9.5944182e-05
 6.1122561e-04 1.4170763e-02]",[9.9863851e-01 6.6067488e-04 1.3354846e-04 5.6724966e-04],[9.9997139e-01 2.8575521e-05],"[2.4668381e-08 4.3882887e-04 8.5120875e-01 1.4775470e-01 5.9431966e-04
 3.3566375e-06 8.9719583e-09 3.4492950e-10 1.2900554e-11]"
D:\Uni\Ulm\Master\Hiwi-Forschung-und-Lehre\FairFace\detected_faces\1101590_face0.jpg,White,White,Male,20-29,"[8.9928705e-01 1.2988418e-06 6.5049931e-04 9.4104209e-08 3.8841745e-07
 1.0941693e-04 9.9951275e-02]",[9.9929547e-01 8.1926310e-06 1.9905353e-06 6.9433526e-04],[9.9985301e-01 1.4693911e-04],"[6.3178402e-07 1.8593455e-04 7.2085902e-02 8.6428028e-01 6.1757609e-02
 1.6833474e-03 6.2943982e-06 8.4730551e-08 1.4608242e-09]"
D:\Uni\Ulm\Master\Hiwi-Forschung-und-Lehre\FairFace\detected_faces\1101603_face0.jpg,White,White,Male,10-19,"[9.8588598e-01 4.0705596e-05 1.9144696e-03 2.9886703e-04 7.3883403e-04
 3.4823458e-06 1.1117782e-02]",[9.9452198e-01 1.1767544e-03 4.2685964e-03 3.2719756e-05],[9.9999696e-01 3.0401468e-06],"[8.5973333e-08 3.9708402e-04 6.4323562e-01 3.4636629e-01 9.7839497e-03
 2.1516292e-04 1.8279827e-06 5.2367685e-08 1.3332163e-09]"
D:\Uni\Ulm\Master\Hiwi-Forschung-und-Lehre\FairFace\detected_faces\1101607_face0.jpg,White,White,Male,20-29,"[8.2958859e-01 7.9777045e-04 1.6013640e-01 2.1538448e-05 1.8714298e-04
 7.7365286e-04 8.4949387e-03]",[0.95964587 0.01349794 0.00165556 0.02520077],[9.9999720e-01 2.8480256e-06],"[1.4114366e-08 6.2830237e-05 4.5944515e-01 5.3648329e-01 3.9556040e-03
 5.2670483e-05 3.8362415e-07 1.2600979e-08 2.1115651e-10]"
D:\Uni\Ulm\Master\Hiwi-Forschung-und-Lehre\FairFace\detected_faces\1101609_face0.jpg,White,White,Male,10-19,"[9.7659093e-01 6.1301917e-06 6.0385265e-03 2.6130816e-05 5.1126284e-05
 2.6129850e-05 1.7261036e-02]",[9.9494904e-01 2.3064834e-04 8.3349535e-04 3.9868117e-03],[9.9999994e-01 9.1074405e-08],"[7.2778367e-10 7.2981816e-06 5.0660247e-01 4.9221662e-01 1.1704639e-03
 3.1329923e-06 4.5474642e-09 8.8055820e-11 7.8845377e-13]"
D:\Uni\Ulm\Master\Hiwi-Forschung-und-Lehre\FairFace\detected_faces\1101751_face0.jpg,Latino_Hispanic,White,Male,20-29,"[1.5266101e-01 2.1430382e-03 6.0963786e-01 2.4212037e-04 1.1184581e-03
 9.5028551e-03 2.2469461e-01]",[0.92192066 0.00399324 0.05011127 0.02397492],[9.9999946e-01 5.3345627e-07],"[7.6356670e-08 4.5768938e-06 2.3910834e-03 7.7208263e-01 2.2297333e-01
 2.5450240e-03 3.2691794e-06 3.3083115e-08 3.1245459e-10]"
D:\Uni\Ulm\Master\Hiwi-Forschung-und-Lehre\FairFace\detected_faces\1101989_face0.jpg,White,White,Male,20-29,"[9.7253340e-01 4.9729060e-05 7.8290729e-03 3.0392266e-05 5.5707136e-05
 1.3434423e-05 1.9488368e-02]",[9.9523550e-01 4.0617799e-03 6.1531836e-04 8.7382206e-05],[9.9998313e-01 1.6833244e-05],"[1.86141556e-08 4.49998442e-05 1.16102681e-01 8.65576506e-01
 1.81075521e-02 1.67532911e-04 7.02681461e-07 1.48035335e-08
 4.14067780e-10]"
D:\Uni\Ulm\Master\Hiwi-Forschung-und-Lehre\FairFace\detected_faces\1101992_face0.jpg,Latino_Hispanic,White,Male,20-29,"[3.9273018e-01 4.5728879e-03 4.2566705e-01 1.1068522e-05 7.4799551e-05
 4.4513699e-03 1.7249270e-01]",[8.3970630e-01 1.1237815e-01 1.5628569e-04 4.7759280e-02],[9.9999976e-01 2.5594764e-07],"[6.1749176e-08 4.8941471e-05 5.1224656e-02 8.9075255e-01 5.7536811e-02
 4.3637180e-04 6.0546370e-07 8.3823846e-09 9.5965014e-11]"
D:\Uni\Ulm\Master\Hiwi-Forschung-und-Lehre\FairFace\detected_faces\1102052_face0.jpg,White,White,Male,20-29,"[5.4078317e-01 3.4678439e-04 1.1427708e-01 7.3033333e-04 1.4900493e-03
 5.2339956e-04 3.4184924e-01]",[0.9832459  0.00521404 0.0087208  0.00281919],[9.9999493e-01 5.0630888e-06],"[2.2572507e-07 7.4514064e-05 6.2281549e-02 9.0735722e-01 3.0197579e-02
 8.8714180e-05 1.7962680e-07 5.2947873e-09 9.5372821e-11]"
D:\Uni\Ulm\Master\Hiwi-Forschung-und-Lehre\FairFace\detected_faces\1102066_face0.jpg,White,White,Male,20-29,"[0.8239963  0.00277558 0.12296776 0.00538223 0.00619264 0.00325027
 0.03543533]",[0.8917818  0.01030607 0.07084739 0.02706474],[9.999670e-01 3.302671e-05],"[2.7694242e-07 1.9913068e-05 7.5535406e-03 7.3551452e-01 2.5245893e-01
 4.4229915e-03 2.9412689e-05 4.3384733e-07 1.3733965e-08]"
D:\Uni\Ulm\Master\Hiwi-Forschung-und-Lehre\FairFace\detected_faces\1102133_face0.jpg,White,White,Male,10-19,"[9.3706030e-01 9.2044502e-05 2.8577702e-02 6.7984598e-05 8.3156388e-05
 7.6624085e-05 3.4042113e-02]",[9.9802995e-01 3.6342526e-04 1.5400087e-03 6.6622953e-05],[9.997075e-01 2.924978e-04],"[9.1260227e-07 1.9087035e-03 7.4779499e-01 2.4013692e-01 9.7916471e-03
 3.6432449e-04 2.4787605e-06 7.5836795e-08 2.1333348e-09]"
D:\Uni\Ulm\Master\Hiwi-Forschung-und-Lehre\FairFace\detected_faces\1102244_face0.jpg,Middle Eastern,White,Male,10-19,"[2.3779994e-01 2.8956283e-04 1.0639293e-01 1.1888276e-03 6.1249611e-04
 5.2971125e-04 6.5318656e-01]",[9.9901026e-01 3.5365255e-04 5.6372851e-04 7.2333249e-05],[9.999441e-01 5.589348e-05],"[3.0722440e-06 1.8180987e-02 9.0635186e-01 7.3037975e-02 2.3640196e-03
 6.1398445e-05 6.2893093e-07 2.4146040e-08 7.1373951e-10]"
D:\Uni\Ulm\Master\Hiwi-Forschung-und-Lehre\FairFace\detected_faces\1102356_face0.jpg,Middle Eastern,White,Male,20-29,"[1.6814679e-01 5.3695276e-05 1.8391227e-02 9.3135586e-06 3.9465838e-05
 1.7690723e-03 8.1159043e-01]",[0.7932938  0.0144493  0.00173778 0.19051917],[9.999994e-01 6.127730e-07],"[1.5689557e-07 4.6625082e-05 4.1517444e-02 8.6284024e-01 9.4373651e-02
 1.2194671e-03 2.3671880e-06 5.9445419e-08 1.0490823e-09]"
D:\Uni\Ulm\Master\Hiwi-Forschung-und-Lehre\FairFace\detected_faces\1102362_face0.jpg,Black,Black,Male,10-19,"[2.4434654e-03 6.8790412e-01 1.6832268e-01 7.8490748e-06 4.4748216e-04
 1.3089012e-01 9.9842530e-03]",[2.4909520e-04 9.8383403e-01 4.4225072e-04 1.5474637e-02],[9.9999917e-01 8.4615141e-07],"[2.3339540e-07 1.5407484e-03 6.6228831e-01 3.2228789e-01 1.3274818e-02
 6.0365576e-04 4.2569122e-06 9.0277879e-08 8.7097030e-10]"
D:\Uni\Ulm\Master\Hiwi-Forschung-und-Lehre\FairFace\detected_faces\1102369_face0.jpg,White,White,Male,20-29,"[9.0672702e-01 1.1739672e-04 1.9644100e-02 3.3183526e-02 1.4410483e-02
 7.5712131e-05 2.5841754e-02]",[9.9223357e-01 5.9246390e-06 7.7545084e-03 6.0025418e-06],[9.9993646e-01 6.3544612e-05],"[1.6577032e-07 3.1902764e-05 7.5650580e-02 8.5907072e-01 6.3854672e-02
 1.3639008e-03 2.7283571e-05 7.6912460e-07 2.7760148e-08]"
D:\Uni\Ulm\Master\Hiwi-Forschung-und-Lehre\FairFace\detected_faces\1102528_face0.jpg,Middle Eastern,White,Male,20-29,"[3.40868160e-02 4.52975190e-04 3.37509364e-02 1.14096865e-05
 1.05448744e-04 1.67552975e-03 9.29916859e-01]",[0.5573921  0.4208568  0.00191889 0.01983217],[1.0000000e+00 1.7320813e-08],"[1.8116962e-08 3.0476638e-05 5.4016262e-02 9.1278934e-01 3.2935947e-02
 2.2748597e-04 4.1368844e-07 7.1046378e-09 4.9909528e-11]"
D:\Uni\Ulm\Master\Hiwi-Forschung-und-Lehre\FairFace\detected_faces\1102557_face0.jpg,White,White,Male,20-29,"[9.8992890e-01 1.8339977e-05 4.8578423e-03 5.9376238e-04 7.4764207e-04
 5.4525658e-06 3.8481390e-03]",[9.9237740e-01 2.5719870e-04 7.3010675e-03 6.4300548e-05],[9.9999464e-01 5.3571630e-06],"[7.2602376e-07 1.3136673e-03 4.6569154e-01 4.8997921e-01 4.0408887e-02
 2.5564299e-03 4.8274651e-05 1.2590564e-06 2.4489960e-08]"
D:\Uni\Ulm\Master\Hiwi-Forschung-und-Lehre\FairFace\detected_faces\1102659_face0.jpg,White,White,Male,20-29,"[9.8795521e-01 8.0022455e-06 6.1772522e-03 3.1451644e-05 3.0195746e-05
 1.4035654e-05 5.7838499e-03]",[9.9906731e-01 5.3873839e-04 1.1777295e-04 2.7612361e-04],[9.9999982e-01 1.4262189e-07],"[2.4823640e-07 8.0645841e-05 8.0504537e-02 8.3902168e-01 7.7852793e-02
 2.5235945e-03 1.6294332e-05 2.0107341e-07 1.6466678e-09]"
D:\Uni\Ulm\Master\Hiwi-Forschung-und-Lehre\FairFace\detected_faces\1102898_face0.jpg,White,White,Male,20-29,"[8.73708785e-01 1.76261183e-05 2.13291030e-02 1.20442550e-04
 1.04858453e-04 1.37100767e-04 1.04582086e-01]",[9.9921000e-01 2.8609220e-05 3.3968766e-04 4.2170624e-04],[9.9999750e-01 2.5421905e-06],"[2.7685581e-07 1.4469351e-05 4.2188456e-03 6.6639280e-01 3.2534182e-01
 4.0239496e-03 7.8211488e-06 9.1222688e-08 8.2655960e-10]"
D:\Uni\Ulm\Master\Hiwi-Forschung-und-Lehre\FairFace\detected_faces\1102966_face0.jpg,White,White,Male,20-29,"[7.9273766e-01 1.1755425e-05 6.6828169e-03 3.7569766e-06 8.9712712e-06
 6.1988540e-05 2.0049301e-01]",[9.9940807e-01 1.3847894e-04 1.0631645e-05 4.4273783e-04],[9.9998701e-01 1.3008666e-05],"[4.6575410e-09 3.1472875e-06 1.7376732e-02 9.4780594e-01 3.4636538e-02
 1.7734482e-04 2.5221593e-07 2.7398217e-09 4.0335499e-11]"
D:\Uni\Ulm\Master\Hiwi-Forschung-und-Lehre\FairFace\detected_faces\1103084_face0.jpg,White,White,Male,10-19,"[9.9877572e-01 5.4666774e-08 8.7852350e-06 5.9646806e-07 9.9240924e-07
 3.1492252e-07 1.2134969e-03]",[9.9997497e-01 4.3393882e-07 2.2085054e-05 2.4893332e-06],[9.9999565e-01 4.3414466e-06],"[1.7597383e-08 6.3353346e-04 8.6718583e-01 1.3152726e-01 6.3569861e-04
 1.7552889e-05 5.0744813e-08 1.1154327e-09 3.3439328e-11]"
D:\Uni\Ulm\Master\Hiwi-Forschung-und-Lehre\FairFace\detected_faces\1103096_face0.jpg,White,White,Male,20-29,"[9.3335086e-01 6.8056840e-04 5.9520666e-02 1.1273755e-04 3.2850407e-04
 4.4697663e-05 5.9619448e-03]",[9.9794286e-01 5.8083743e-04 1.4529449e-03 2.3276916e-05],[9.999999e-01 7.447169e-08],"[4.2957002e-08 6.7971910e-06 1.9313317e-02 8.9722121e-01 8.2883671e-02
 5.7263550e-04 2.3232749e-06 5.0478430e-08 9.5614894e-10]"
D:\Uni\Ulm\Master\Hiwi-Forschung-und-Lehre\FairFace\detected_faces\1103140_face0.jpg,White,White,Male,20-29,"[4.6672541e-01 3.4007821e-03 2.0188594e-01 1.5516962e-04 7.1557856e-04
 3.4815594e-04 3.2676905e-01]",[9.9525785e-01 2.9766581e-03 1.0112253e-03 7.5427350e-04],[9.9999988e-01 1.8043632e-07],"[5.1471218e-08 6.4871652e-05 4.1622732e-02 9.2580521e-01 3.2404583e-02
 1.0234260e-04 1.7924782e-07 5.2241127e-09 7.8505757e-11]"
D:\Uni\Ulm\Master\Hiwi-Forschung-und-Lehre\FairFace\detected_faces\1103163_face0.jpg,White,White,Male,10-19,"[8.6488414e-01 8.2271246e-05 1.0447524e-02 3.5260422e-05 9.0594986e-05
 2.2342346e-04 1.2423679e-01]",[9.9856770e-01 2.1188095e-04 3.0031850e-04 9.2002534e-04],[9.9999964e-01 3.0345001e-07],"[1.0761576e-07 8.2279189e-04 5.4767531e-01 4.4687718e-01 4.5576361e-03
 6.6817673e-05 2.3398559e-07 4.2975667e-09 7.0320728e-11]"
D:\Uni\Ulm\Master\Hiwi-Forschung-und-Lehre\FairFace\detected_faces\1103210_face0.jpg,Black,Black,Male,20-29,"[1.6113441e-05 9.9934816e-01 1.9628860e-04 7.5401050e-07 2.6763963e-05
 3.9653771e-04 1.5260208e-05]",[4.7316967e-06 9.9997485e-01 2.5580191e-06 1.7893550e-05],[9.9993247e-01 6.7522000e-05],"[2.2558036e-06 2.2624967e-04 1.4780968e-02 6.5809590e-01 3.1384096e-01
 1.2836894e-02 2.1227845e-04 4.2168085e-06 3.3150405e-07]"
D:\Uni\Ulm\Master\Hiwi-Forschung-und-Lehre\FairFace\detected_faces\1103330_face0.jpg,Black,Black,Male,20-29,"[8.6307516e-08 9.9999589e-01 3.1616005e-06 2.0082528e-08 2.0693244e-07
 5.2783690e-07 2.2843768e-08]",[1.5872659e-07 9.9999303e-01 5.7832003e-06 1.0972622e-06],[0.9375731  0.06242696],"[7.2142797e-07 8.0178885e-05 1.5052949e-02 5.9521335e-01 3.5058889e-01
 3.8163185e-02 8.8782446e-04 1.1938435e-05 9.7541169e-07]"
D:\Uni\Ulm\Master\Hiwi-Forschung-und-Lehre\FairFace\detected_faces\1103376_face0.jpg,Black,Black,Male,10-19,"[3.7954258e-05 9.9784654e-01 1.4792726e-03 1.7615453e-06 5.1691986e-05
 5.6742091e-04 1.5433079e-05]",[1.1012457e-05 9.9854934e-01 1.8852028e-05 1.4208269e-03],[0.9964133  0.00358668],"[8.7508158e-07 6.6278405e-03 7.6270986e-01 2.2820677e-01 2.4283314e-03
 2.6264257e-05 1.3938661e-07 4.3147992e-09 2.6624988e-10]"
D:\Uni\Ulm\Master\Hiwi-Forschung-und-Lehre\FairFace\detected_faces\1103451_face0.jpg,White,White,Male,20-29,"[8.4811091e-01 8.4056419e-06 1.1125519e-03 3.4416935e-06 5.8214637e-06
 1.8852938e-05 1.5074004e-01]",[9.9997652e-01 1.5247706e-05 2.6232053e-06 5.5762080e-06],[9.9999952e-01 4.6356593e-07],"[4.4763212e-08 7.2292845e-05 2.9607162e-01 6.9684178e-01 6.9257659e-03
 8.8059496e-05 3.4630449e-07 1.9723378e-08 3.9658876e-10]"
D:\Uni\Ulm\Master\Hiwi-Forschung-und-Lehre\FairFace\detected_faces\1103589_face0.jpg,Black,Black,Male,20-29,"[2.5687478e-07 9.9999046e-01 3.7437271e-06 7.3316677e-08 1.3130617e-06
 4.1090884e-06 1.0057286e-07]",[1.3688518e-06 9.9998236e-01 1.3868028e-05 2.4047656e-06],[0.9951704  0.00482955],"[3.7265817e-08 7.7665973e-06 6.5088877e-03 6.8766755e-01 2.9954776e-01
 6.2100734e-03 5.7568908e-05 3.4902473e-07 2.5431289e-08]"
D:\Uni\Ulm\Master\Hiwi-Forschung-und-Lehre\FairFace\detected_faces\1103616_face0.jpg,White,White,Male,20-29,"[9.9897957e-01 4.5684951e-06 1.0182601e-04 9.9198573e-05 1.0033523e-04
 1.0310330e-06 7.1350293e-04]",[9.9491739e-01 3.3644854e-05 5.0264248e-03 2.2542687e-05],[9.9980170e-01 1.9825884e-04],"[2.5090134e-07 2.0456899e-05 7.7291191e-02 7.4085039e-01 1.4854601e-01
 3.0990081e-02 2.1837712e-03 1.1411433e-04 3.5911160e-06]"
D:\Uni\Ulm\Master\Hiwi-Forschung-und-Lehre\FairFace\detected_faces\1103650_face0.jpg,White,White,Male,20-29,"[7.3359859e-01 1.6330971e-03 4.4486891e-02 1.7401236e-04 3.3344675e-04
 9.1597484e-04 2.1885796e-01]",[9.8227137e-01 5.0754673e-03 3.0488090e-04 1.2348273e-02],[9.9999940e-01 5.9336656e-07],"[6.5695389e-07 1.4181403e-04 4.6094574e-02 8.6873382e-01 8.4021673e-02
 1.0024938e-03 4.7873032e-06 1.2824482e-07 1.9233310e-09]"
D:\Uni\Ulm\Master\Hiwi-Forschung-und-Lehre\FairFace\detected_faces\1103685_face0.jpg,Middle Eastern,White,Male,10-19,"[4.2303437e-01 3.3208649e-05 4.1012321e-02 2.0744345e-05 5.3539621e-05
 5.2364953e-03 5.3060931e-01]",[8.9698941e-01 6.4839976e-04 5.1420479e-04 1.0184795e-01],[9.99897301e-01 1.02727885e-04],"[2.7120302e-06 2.5989495e-03 5.1477498e-01 4.7631997e-01 6.1537758e-03
 1.4899462e-04 5.9973382e-07 3.1802951e-08 9.5563979e-10]"
D:\Uni\Ulm\Master\Hiwi-Forschung-und-Lehre\FairFace\detected_faces\1103693_face0.jpg,White,White,Male,20-29,"[9.49811041e-01 8.02612703e-05 3.54046524e-02 1.27933399e-05
 1.93066116e-05 8.05884920e-05 1.45913735e-02]",[9.9658251e-01 8.5278600e-04 9.2784927e-04 1.6368676e-03],[9.9999964e-01 4.3162458e-07],"[2.0802841e-07 1.2924810e-04 1.7178127e-01 8.1068003e-01 1.7230053e-02
 1.7837022e-04 8.2109204e-07 2.4716037e-08 2.7711841e-10]"
D:\Uni\Ulm\Master\Hiwi-Forschung-und-Lehre\FairFace\detected_faces\1103763_face0.jpg,Middle Eastern,Indian,Male,20-29,"[1.1840212e-02 4.6898564e-04 1.9612541e-02 6.1337782e-06 3.3373813e-05
 1.5386156e-02 9.5265257e-01]",[2.3457915e-01 9.1723250e-03 5.1152159e-04 7.5573701e-01],[9.999207e-01 7.929435e-05],"[1.0828286e-06 3.8290885e-04 5.0697912e-02 8.7483585e-01 7.2983526e-02
 1.0934089e-03 5.1589295e-06 1.7838043e-07 3.3592931e-09]"
D:\Uni\Ulm\Master\Hiwi-Forschung-und-Lehre\FairFace\detected_faces\1104418_face0.jpg,Black,Black,Male,20-29,"[1.0227297e-03 7.7752513e-01 2.0640965e-01 1.4213193e-04 8.7680807e-03
 5.8178431e-03 3.1446497e-04]",[4.7066034e-04 9.9478036e-01 1.3834059e-03 3.3656207e-03],[9.9999988e-01 1.1688261e-07],"[2.3840627e-07 2.5434249e-05 1.4867952e-02 8.2126963e-01 1.5962258e-01
 4.1757645e-03 3.7948110e-05 4.5723155e-07 7.3892754e-09]"
D:\Uni\Ulm\Master\Hiwi-Forschung-und-Lehre\FairFace\detected_faces\1104436_face0.jpg,White,White,Male,20-29,"[7.7236092e-01 2.7191893e-03 2.1120432e-01 3.4617845e-03 6.2925802e-03
 3.6064294e-04 3.6006633e-03]",[9.8796540e-01 2.4176349e-03 9.4563747e-03 1.6055987e-04],[9.9998611e-01 1.3861507e-05],"[6.0637069e-07 5.0064671e-04 4.1353932e-01 5.6951016e-01 1.6135702e-02
 3.0917089e-04 4.1350750e-06 2.6795911e-07 7.8273690e-09]"
D:\Uni\Ulm\Master\Hiwi-Forschung-und-Lehre\FairFace\detected_faces\1104874_face0.jpg,White,White,Male,10-19,"[9.3846655e-01 2.8831043e-06 2.2849585e-03 1.0009032e-04 6.8593254e-05
 2.7224687e-05 5.9049588e-02]",[9.9948055e-01 7.0780450e-05 4.0886202e-04 3.9833925e-05],[9.999937e-01 6.327792e-06],"[3.5444945e-08 2.6031461e-04 5.5716962e-01 4.4094393e-01 1.6168311e-03
 9.2781929e-06 1.6791919e-08 3.0509764e-10 6.9361491e-12]"
D:\Uni\Ulm\Master\Hiwi-Forschung-und-Lehre\FairFace\detected_faces\1104877_face0.jpg,Black,Black,Male,20-29,"[6.4168620e-07 9.9462688e-01 7.0766851e-05 2.0216361e-05 3.5305361e-03
 1.7508204e-03 1.2143728e-07]",[4.9809273e-06 9.9917310e-01 2.9506412e-04 5.2683119e-04],[9.9995935e-01 4.0624091e-05],"[7.0038229e-09 1.3648692e-04 2.0523091e-01 7.7668357e-01 1.7855072e-02
 9.3625240e-05 2.6801956e-07 2.9740028e-09 1.9167748e-10]"
D:\Uni\Ulm\Master\Hiwi-Forschung-und-Lehre\FairFace\detected_faces\1104981_face0.jpg,Black,Black,Male,20-29,"[1.2117772e-03 9.4905078e-01 3.5164531e-02 3.6831002e-04 4.7812811e-03
 1.8238850e-03 7.5994502e-03]",[2.8184304e-04 9.9093658e-01 7.1250657e-03 1.6565461e-03],[9.9999982e-01 1.7228406e-07],"[6.7159753e-08 2.8184611e-05 6.5400004e-02 8.7642527e-01 5.6876168e-02
 1.2608272e-03 9.2417486e-06 1.9619308e-07 4.0817798e-09]"
D:\Uni\Ulm\Master\Hiwi-Forschung-und-Lehre\FairFace\detected_faces\1104983_face0.jpg,White,White,Male,20-29,"[9.9999624e-01 1.0907313e-08 6.8760124e-07 3.8824041e-08 7.0882351e-08
 1.0188519e-08 2.9990688e-06]",[9.9998647e-01 6.6636380e-06 8.2910202e-07 6.1201586e-06],[9.9999356e-01 6.4555807e-06],"[6.41670894e-08 3.06780363e-04 2.82647371e-01 6.89396322e-01
 2.66463757e-02 9.92584159e-04 1.04066385e-05 1.13285132e-07
 3.44908702e-09]"
D:\Uni\Ulm\Master\Hiwi-Forschung-und-Lehre\FairFace\detected_faces\1104986_face0.jpg,White,White,Male,20-29,"[9.9948621e-01 3.2108090e-07 7.5889438e-05 2.5833922e-06 2.5217844e-06
 1.6970554e-06 4.3082953e-04]",[9.9992472e-01 4.8968705e-05 1.0398400e-05 1.5893440e-05],[9.9994689e-01 5.3130912e-05],"[5.9536493e-08 7.7245561e-05 1.3971373e-01 8.4509760e-01 1.4905850e-02
 2.0428453e-04 1.2645859e-06 1.9442219e-08 5.5612198e-10]"
D:\Uni\Ulm\Master\Hiwi-Forschung-und-Lehre\FairFace\detected_faces\1104987_face0.jpg,White,White,Male,20-29,"[9.6159458e-01 9.4563366e-06 2.0085552e-03 2.6718879e-05 1.8357268e-05
 4.6558107e-06 3.6337677e-02]",[9.9989867e-01 2.0624184e-05 7.7287252e-05 3.4262489e-06],[9.9999976e-01 2.4982580e-07],"[7.6087285e-06 9.6131786e-04 1.0161598e-01 7.1571434e-01 1.7613249e-01
 5.5250796e-03 4.2549684e-05 6.2762643e-07 1.2038646e-08]"
D:\Uni\Ulm\Master\Hiwi-Forschung-und-Lehre\FairFace\detected_faces\1105000_face0.jpg,Middle Eastern,White,Male,20-29,"[1.95912179e-02 8.72798788e-04 3.02548632e-02 1.20385586e-04
 8.77352781e-04 3.46688641e-04 9.47936714e-01]",[0.9550731  0.03139639 0.01147681 0.00205383],[9.9999946e-01 5.2763039e-07],"[1.46802915e-06 4.97824396e-04 1.07699305e-01 7.78828442e-01
 1.10369593e-01 2.57837190e-03 2.41339403e-05 8.76299339e-07
 1.17694148e-08]"
D:\Uni\Ulm\Master\Hiwi-Forschung-und-Lehre\FairFace\detected_faces\1105074_face0.jpg,Black,Black,Male,20-29,"[3.0839474e-06 9.9969816e-01 1.3834378e-04 1.1993102e-06 2.4328225e-05
 1.2810288e-04 6.7955093e-06]",[1.3569871e-06 9.9999386e-01 2.2729491e-06 2.4485655e-06],[0.99737877 0.00262125],"[2.6833518e-06 3.1371490e-04 5.0881725e-02 5.5132735e-01 3.3659235e-01
 5.8694199e-02 2.1591599e-03 2.6734069e-05 2.0244922e-06]"
D:\Uni\Ulm\Master\Hiwi-Forschung-und-Lehre\FairFace\detected_faces\1105138_face0.jpg,White,White,Male,10-19,"[5.0187612e-01 4.9721240e-04 6.8724863e-02 1.8443834e-04 2.7519505e-04
 2.4830166e-04 4.2819384e-01]",[9.9649560e-01 2.7865586e-03 5.8504596e-04 1.3288563e-04],[9.9997199e-01 2.7983871e-05],"[3.6024031e-07 1.3503447e-03 6.3380730e-01 3.6259404e-01 2.2306326e-03
 1.7282215e-05 5.7815889e-08 2.1995359e-09 6.2506091e-11]"
D:\Uni\Ulm\Master\Hiwi-Forschung-und-Lehre\FairFace\detected_faces\1105174_face0.jpg,White,White,Male,20-29,"[9.5906621e-01 5.8301110e-05 4.4817249e-03 8.1092985e-06 2.7077273e-05
 3.9156679e-05 3.6319431e-02]",[9.9951661e-01 6.8282803e-05 2.8126425e-04 1.3383958e-04],[9.9997985e-01 2.0159838e-05],"[5.1082796e-09 6.5072895e-06 2.6490076e-02 9.4225353e-01 3.1092301e-02
 1.5732979e-04 2.9988479e-07 3.4874001e-09 1.0006220e-10]"
D:\Uni\Ulm\Master\Hiwi-Forschung-und-Lehre\FairFace\detected_faces\1105253_face0.jpg,Black,Black,Male,10-19,"[4.2760966e-04 9.8287886e-01 1.5214439e-02 3.1292697e-05 8.8445330e-04
 1.2590802e-04 4.3739323e-04]",[8.5672345e-06 9.9992388e-01 4.6639609e-05 2.0919093e-05],[9.99895453e-01 1.04572726e-04],"[7.4483539e-09 1.5032738e-04 7.7538705e-01 2.2308825e-01 1.3678794e-03
 6.5338659e-06 2.6921700e-08 1.2141026e-09 5.3160462e-11]"
D:\Uni\Ulm\Master\Hiwi-Forschung-und-Lehre\FairFace\detected_faces\1105331_face0.jpg,White,White,Male,30-39,"[0.5627314  0.00238363 0.20205715 0.00569427 0.00603048 0.00157488
 0.21952811]",[0.91340554 0.07086022 0.00814926 0.00758494],[9.9999994e-01 9.5588412e-08],"[3.47850460e-06 1.59342933e-04 1.10692885e-02 4.22613114e-01
 5.33321679e-01 3.24009024e-02 4.26578656e-04 5.62076366e-06
 4.05373441e-08]"
D:\Uni\Ulm\Master\Hiwi-Forschung-und-Lehre\FairFace\detected_faces\1105498_face0.jpg,Black,Black,Male,20-29,"[4.2574935e-05 9.8962414e-01 2.1483644e-03 2.5521414e-05 2.2228044e-03
 5.8925846e-03 4.4040702e-05]",[1.3911985e-05 9.9763328e-01 5.3257466e-04 1.8202536e-03],[0.9921019  0.00789805],"[1.0106346e-07 1.3667892e-04 2.6177835e-01 6.6799200e-01 6.8791926e-02
 1.2815495e-03 1.8688837e-05 6.6093241e-07 2.9502671e-08]"
D:\Uni\Ulm\Master\Hiwi-Forschung-und-Lehre\FairFace\detected_faces\1105696_face0.jpg,White,White,Male,20-29,"[9.9586892e-01 6.6855398e-04 3.0186772e-03 3.2611902e-06 8.5425918e-06
 1.0136765e-05 4.2191416e-04]",[9.836556e-01 1.604498e-02 2.528629e-04 4.655434e-05],[9.9999356e-01 6.3844709e-06],"[9.9055433e-07 1.4456117e-04 2.4002196e-02 6.0052562e-01 3.4663787e-01
 2.7750442e-02 9.2537591e-04 1.2654987e-05 2.6960242e-07]"
D:\Uni\Ulm\Master\Hiwi-Forschung-und-Lehre\FairFace\detected_faces\1105779_face0.jpg,Black,Black,Male,20-29,"[4.5805168e-04 9.7779334e-01 1.7201465e-02 2.9307287e-06 1.4080598e-04
 4.0232674e-03 3.8011730e-04]",[2.2414026e-05 9.9926132e-01 1.7422324e-05 6.9880026e-04],[9.999995e-01 4.710414e-07],"[2.4865050e-08 2.1273712e-05 6.8157211e-02 8.9693856e-01 3.4552399e-02
 3.2874642e-04 1.8196483e-06 2.2157948e-08 5.2730953e-10]"
D:\Uni\Ulm\Master\Hiwi-Forschung-und-Lehre\FairFace\detected_faces\1105857_face0.jpg,East Asian,Asian,Male,20-29,"[1.3747130e-03 8.5992600e-05 1.0651034e-02 5.8376706e-01 4.0045443e-01
 3.5959405e-03 7.0870250e-05]",[9.6053974e-04 4.1763857e-04 9.8656851e-01 1.2053339e-02],[9.9999982e-01 2.2744915e-07],"[2.7375158e-06 1.0181321e-03 2.5740853e-01 6.9868410e-01 4.2201005e-02
 6.7682879e-04 8.1120943e-06 5.8817216e-07 6.9876354e-09]"
D:\Uni\Ulm\Master\Hiwi-Forschung-und-Lehre\FairFace\detected_faces\1105869_face0.jpg,White,White,Male,20-29,"[8.2875347e-01 9.7318261e-04 7.0110053e-02 2.4776950e-03 2.9563808e-03
 8.9607573e-05 9.4639562e-02]",[0.8461129  0.14240777 0.01032871 0.00115057],[1.000000e+00 6.472182e-10],"[1.4766781e-06 1.2116227e-04 2.1295004e-02 6.4725447e-01 3.0598339e-01
 2.4766507e-02 5.6364347e-04 1.4271558e-05 7.3834187e-08]"
D:\Uni\Ulm\Master\Hiwi-Forschung-und-Lehre\FairFace\detected_faces\1106078_face0.jpg,Latino_Hispanic,White,Male,20-29,"[0.13695572 0.00259442 0.5467224  0.0034539  0.00478391 0.00177404
 0.30371562]",[0.9049118  0.0256111  0.06520751 0.00426959],[0.99198645 0.00801358],"[2.6478856e-06 1.0608559e-03 3.3188662e-01 6.0253227e-01 6.2007643e-02
 2.4731748e-03 3.5203695e-05 1.5543045e-06 2.6636965e-08]"
D:\Uni\Ulm\Master\Hiwi-Forschung-und-Lehre\FairFace\detected_faces\1106151_face0.jpg,Black,Black,Male,20-29,"[6.8856629e-05 9.8098385e-01 3.9115706e-03 3.8289576e-07 8.3659588e-06
 1.3775520e-02 1.2515034e-03]",[2.8785082e-05 9.8918200e-01 7.7974968e-05 1.0711334e-02],[0.9465575 0.0534425],"[1.6999843e-07 1.3407110e-04 7.4832596e-02 8.1777513e-01 1.0482286e-01
 2.3898585e-03 4.4190201e-05 1.2476870e-06 1.9867485e-08]"
D:\Uni\Ulm\Master\Hiwi-Forschung-und-Lehre\FairFace\detected_faces\1106257_face0.jpg,Black,Black,Male,20-29,"[5.0087366e-03 5.7032067e-01 3.7319496e-01 1.4779011e-04 5.2926727e-03
 3.5817698e-02 1.0217519e-02]",[3.5630467e-03 9.7820276e-01 2.1064217e-04 1.8023454e-02],[9.9999917e-01 8.1969699e-07],"[6.2407423e-08 2.2890024e-06 5.9073386e-03 6.8049294e-01 3.0727229e-01
 6.2764497e-03 4.8050570e-05 5.7915622e-07 1.0912842e-08]"
D:\Uni\Ulm\Master\Hiwi-Forschung-und-Lehre\FairFace\detected_faces\1106352_face0.jpg,Middle Eastern,Indian,Male,20-29,"[7.0132576e-02 1.7074170e-03 3.0495507e-01 2.4409383e-05 4.2921849e-04
 7.4336119e-02 5.4841524e-01]",[0.23412812 0.07508748 0.00996095 0.68082345],[9.9999630e-01 3.6566792e-06],"[2.6319565e-08 2.6180340e-05 1.1266900e-01 8.6767244e-01 1.9536832e-02
 9.5266536e-05 1.7591556e-07 6.5374399e-09 7.0264225e-11]"
D:\Uni\Ulm\Master\Hiwi-Forschung-und-Lehre\FairFace\detected_faces\1106354_face0.jpg,Middle Eastern,White,Male,10-19,"[2.8400455e-02 2.0187354e-06 8.8194376e-03 2.1101025e-06 7.3185747e-06
 5.3890026e-04 9.6222979e-01]",[9.9722201e-01 7.1358030e-05 2.5788089e-04 2.4487176e-03],[9.9999863e-01 1.3793734e-06],"[1.59986115e-07 7.41924532e-03 9.74634111e-01 1.78414788e-02
 1.02786325e-04 2.27154874e-06 5.33798650e-09 2.23505617e-10
 3.80870812e-12]"
D:\Uni\Ulm\Master\Hiwi-Forschung-und-Lehre\FairFace\detected_faces\1106451_face0.jpg,Black,Black,Male,20-29,"[3.2131695e-07 9.9998933e-01 6.1275546e-06 1.5799365e-08 3.0258511e-07
 3.7873826e-06 1.4338703e-07]",[3.7509693e-08 9.9999899e-01 1.0064265e-07 8.5383675e-07],[9.9998397e-01 1.6016365e-05],"[8.9441500e-08 1.3373400e-05 1.4437928e-02 7.4142516e-01 2.2368310e-01
 2.0125240e-02 3.1094500e-04 3.9890165e-06 2.3135948e-07]"
D:\Uni\Ulm\Master\Hiwi-Forschung-und-Lehre\FairFace\detected_faces\1106493_face0.jpg,White,White,Male,20-29,"[9.3336517e-01 2.9314277e-04 2.5030989e-02 8.0510617e-05 3.0395048e-04
 2.9584812e-04 4.0630341e-02]",[0.9649979  0.01500748 0.00320011 0.01679449],[1.000000e+00 2.393702e-09],"[1.4461615e-08 7.5303719e-06 1.6290303e-02 9.4286758e-01 4.0616680e-02
 2.1746737e-04 4.5153948e-07 6.8102768e-09 7.0561855e-11]"
D:\Uni\Ulm\Master\Hiwi-Forschung-und-Lehre\FairFace\detected_faces\1106549_face0.jpg,Latino_Hispanic,Indian,Male,20-29,"[0.05828905 0.01139649 0.6886178  0.00091076 0.00687498 0.09181459
 0.14209627]",[0.10559949 0.15041645 0.01816615 0.7258179 ],[9.9998784e-01 1.2092175e-05],"[5.2047742e-08 8.1842874e-05 2.8646404e-01 7.0469445e-01 8.7033166e-03
 5.6127330e-05 2.0705878e-07 1.6420886e-08 3.6881687e-10]"
D:\Uni\Ulm\Master\Hiwi-Forschung-und-Lehre\FairFace\detected_faces\1106573_face0.jpg,Black,Black,Male,20-29,"[0.00247225 0.69870096 0.24073403 0.0012309  0.04522019 0.00886254
 0.00277907]",[5.78721229e-04 9.69199955e-01 1.53411962e-02 1.48801645e-02],[9.9999976e-01 2.5105413e-07],"[1.0284991e-07 1.5463726e-05 4.0638085e-02 9.0985930e-01 4.8472892e-02
 1.0023164e-03 1.1589883e-05 2.4687569e-07 5.4285079e-09]"
D:\Uni\Ulm\Master\Hiwi-Forschung-und-Lehre\FairFace\detected_faces\1106593_face0.jpg,Latino_Hispanic,Asian,Male,10-19,"[0.04221279 0.00144723 0.4138075  0.01116409 0.05812253 0.07800842
 0.39523748]",[0.24326189 0.01342666 0.6706841  0.0726274 ],[9.9999404e-01 5.9717086e-06],"[2.1688593e-06 1.5382245e-02 6.3964552e-01 3.3526742e-01 9.5286192e-03
 1.7321391e-04 6.9654203e-07 3.8097582e-08 4.4396822e-10]"
D:\Uni\Ulm\Master\Hiwi-Forschung-und-Lehre\FairFace\detected_faces\1106655_face0.jpg,White,White,Male,20-29,"[9.99887049e-01 4.86460898e-08 9.17359557e-06 3.74962980e-07
 5.07791697e-07 2.12941600e-07 1.02532314e-04]",[9.9999148e-01 2.9331224e-07 6.6681955e-06 1.5318468e-06],[9.9999940e-01 5.7073737e-07],"[4.10362463e-06 2.62100692e-03 3.72486055e-01 5.92280746e-01
 3.11815180e-02 1.41936517e-03 7.06685387e-06 1.03858675e-07
 3.19884053e-09]"
D:\Uni\Ulm\Master\Hiwi-Forschung-und-Lehre\FairFace\detected_faces\1106689_face0.jpg,Middle Eastern,White,Male,10-19,"[2.4333768e-01 1.8014054e-05 9.3098413e-03 1.8417668e-05 4.4117172e-05
 2.2322932e-04 7.4704874e-01]",[9.99503553e-01 9.92403948e-05 1.08460365e-04 2.88677984e-04],[9.9973667e-01 2.6332616e-04],"[3.9042916e-07 2.4536934e-03 6.5723908e-01 3.3360025e-01 6.6032782e-03
 1.0299252e-04 3.0187240e-07 1.0091146e-08 3.2502034e-10]"
D:\Uni\Ulm\Master\Hiwi-Forschung-und-Lehre\FairFace\detected_faces\1106727_face0.jpg,Latino_Hispanic,White,Male,20-29,"[2.1780348e-01 1.4291064e-02 6.6937172e-01 1.1229673e-04 8.3818741e-04
 1.4986420e-02 8.2596809e-02]",[0.60368615 0.1654174  0.04582234 0.18507409],[1.000000e+00 4.012651e-09],"[4.9159731e-08 3.2430809e-05 1.3743910e-01 8.2906967e-01 3.2743514e-02
 7.0942636e-04 5.5333103e-06 1.7945322e-07 1.3759485e-09]"
D:\Uni\Ulm\Master\Hiwi-Forschung-und-Lehre\FairFace\detected_faces\1106779_face0.jpg,Latino_Hispanic,Black,Male,20-29,"[5.15770912e-02 1.19724855e-01 7.93155253e-01 2.63011316e-04
 2.46555684e-03 4.62185731e-03 2.81923432e-02]",[0.05621927 0.8733945  0.03704642 0.03333985],[0.9810022  0.01899778],"[3.7644336e-06 1.1979592e-03 2.0718636e-01 6.6789639e-01 1.1316377e-01
 1.0051807e-02 4.8621255e-04 1.3412080e-05 3.3529224e-07]"
D:\Uni\Ulm\Master\Hiwi-Forschung-und-Lehre\FairFace\detected_faces\1107477_face0.jpg,White,White,Male,10-19,"[8.0951649e-01 6.3372163e-06 3.5605005e-03 1.0789183e-04 6.9140617e-05
 2.6130685e-05 1.8671352e-01]",[9.9686199e-01 1.2175033e-04 2.9227803e-03 9.3422772e-05],[9.999904e-01 9.610271e-06],"[6.4784174e-09 1.5137528e-04 9.4685698e-01 5.2852601e-02 1.3757349e-04
 1.5110893e-06 3.9188319e-09 1.5460364e-10 2.3358414e-12]"
D:\Uni\Ulm\Master\Hiwi-Forschung-und-Lehre\FairFace\detected_faces\1107814_face0.jpg,White,White,Male,10-19,"[9.9998415e-01 8.2808533e-09 1.4890483e-06 1.0490598e-06 5.9959831e-07
 2.9354855e-08 1.2725372e-05]",[9.9998778e-01 2.0514308e-06 9.9260415e-06 2.5821285e-07],[0.99371344 0.00628653],"[9.8457997e-07 4.9642059e-03 7.5950050e-01 2.3205154e-01 3.4372369e-03
 4.5213517e-05 3.1156324e-07 9.4394004e-09 9.2874419e-10]"
D:\Uni\Ulm\Master\Hiwi-Forschung-und-Lehre\FairFace\detected_faces\1108074_face0.jpg,White,White,Male,20-29,"[9.0749407e-01 2.9856265e-06 2.6322121e-03 8.0541295e-06 1.3361132e-05
 1.7032027e-05 8.9832284e-02]",[9.9978650e-01 2.3573375e-05 7.2339353e-05 1.1760383e-04],[9.999994e-01 6.154327e-07],"[1.2714997e-07 2.2680097e-04 2.6794970e-01 7.1633315e-01 1.5363186e-02
 1.2675015e-04 2.0792574e-07 3.2358645e-09 5.0675464e-11]"
D:\Uni\Ulm\Master\Hiwi-Forschung-und-Lehre\FairFace\detected_faces\1108079_face0.jpg,White,White,Female,20-29,"[9.9880666e-01 1.5683922e-07 6.3787316e-05 2.7446060e-07 2.4396826e-07
 1.0056509e-07 1.1289008e-03]",[9.9999386e-01 4.2126985e-06 1.6326844e-06 3.1420529e-07],[0.41119376 0.5888063 ],"[5.0350332e-07 9.5813017e-04 3.3912942e-01 6.2326413e-01 3.5919894e-02
 7.2499708e-04 2.8821210e-06 2.5052374e-08 1.3070154e-09]"
D:\Uni\Ulm\Master\Hiwi-Forschung-und-Lehre\FairFace\detected_faces\1108091_face0.jpg,Black,Black,Male,20-29,"[2.4817106e-07 9.9999762e-01 1.4589700e-06 2.1192811e-08 1.9206834e-07
 2.6975749e-07 2.3492781e-07]",[9.9896477e-07 9.9999154e-01 6.6785410e-06 7.5853194e-07],[0.9816135  0.01838649],"[1.6315783e-08 4.1904063e-05 5.4184366e-02 8.1991506e-01 1.2262449e-01
 3.1763648e-03 5.7165449e-05 5.5425011e-07 3.2181426e-08]"
D:\Uni\Ulm\Master\Hiwi-Forschung-und-Lehre\FairFace\detected_faces\1108092_face0.jpg,White,White,Male,20-29,"[7.2831255e-01 2.7910135e-05 5.5447180e-02 9.7275069e-06 3.8267299e-05
 1.2700711e-04 2.1603732e-01]",[9.9961352e-01 3.0068369e-04 1.2846676e-05 7.2903946e-05],[9.9921554e-01 7.8451156e-04],"[1.3302842e-08 8.7798608e-06 1.4461291e-01 8.3967638e-01 1.5636345e-02
 6.5424065e-05 7.5290586e-08 1.0600606e-09 2.3643098e-11]"
D:\Uni\Ulm\Master\Hiwi-Forschung-und-Lehre\FairFace\detected_faces\1108093_face0.jpg,Middle Eastern,White,Male,20-29,"[2.3671137e-01 8.8418074e-06 8.3267149e-03 4.5551348e-04 5.5842003e-04
 3.2852418e-04 7.5361061e-01]",[9.9886352e-01 6.7682677e-06 1.0220546e-03 1.0768702e-04],[9.9997020e-01 2.9809084e-05],"[2.3387479e-07 1.4717951e-04 2.1763186e-01 7.2614467e-01 5.3863075e-02
 2.1852956e-03 2.6009791e-05 1.7197440e-06 3.8261092e-08]"
D:\Uni\Ulm\Master\Hiwi-Forschung-und-Lehre\FairFace\detected_faces\1108388_face0.jpg,White,White,Male,20-29,"[8.7657064e-01 1.7527732e-06 2.8460643e-03 1.2490408e-05 2.1205033e-05
 1.4342897e-04 1.2040434e-01]",[9.9856174e-01 1.3838448e-05 3.1319656e-04 1.1111341e-03],[9.999905e-01 9.490482e-06],"[1.9325816e-07 1.4034083e-05 7.2438251e-03 7.2022980e-01 2.6784125e-01
 4.6565253e-03 1.4241073e-05 7.8974402e-08 9.9977149e-10]"
D:\Uni\Ulm\Master\Hiwi-Forschung-und-Lehre\FairFace\detected_faces\1108390_face0.jpg,Middle Eastern,White,Male,20-29,"[4.2312436e-02 6.3680178e-05 9.5451241e-03 6.1463988e-06 2.9176788e-05
 2.8712236e-04 9.4775635e-01]",[9.8510253e-01 4.1500996e-03 7.3640415e-04 1.0010906e-02],[9.999999e-01 7.409796e-08],"[5.8223577e-08 5.1507103e-04 3.7654117e-01 6.1623412e-01 6.6526239e-03
 5.6743847e-05 1.5944204e-07 4.5787956e-09 5.1151087e-11]"
D:\Uni\Ulm\Master\Hiwi-Forschung-und-Lehre\FairFace\detected_faces\1108391_face0.jpg,Middle Eastern,Indian,Male,20-29,"[4.2107925e-02 5.2146963e-04 4.6478849e-02 1.2389566e-05 8.4535481e-05
 1.1345082e-01 7.9734403e-01]",[1.7559123e-01 2.8036467e-03 3.4572993e-04 8.2125938e-01],[9.999934e-01 6.652811e-06],"[1.0671704e-04 5.7504051e-03 2.8297475e-02 7.5116712e-01 2.0835772e-01
 6.2961010e-03 2.3445707e-05 9.8289979e-07 2.3805772e-08]"
D:\Uni\Ulm\Master\Hiwi-Forschung-und-Lehre\FairFace\detected_faces\1108451_face0.jpg,Latino_Hispanic,White,Male,30-39,"[4.6038195e-01 1.2837601e-04 5.0685316e-01 8.1944594e-04 1.8277589e-03
 3.3473207e-03 2.6641941e-02]",[9.9487209e-01 2.8022763e-04 2.1206765e-03 2.7270359e-03],[1.0000000e+00 3.0125406e-08],"[1.2257472e-06 7.8280566e-05 6.4815986e-03 4.0542838e-01 5.5542684e-01
 3.2377131e-02 2.0515260e-04 1.4283161e-06 6.8248349e-09]"
D:\Uni\Ulm\Master\Hiwi-Forschung-und-Lehre\FairFace\detected_faces\1108540_face0.jpg,White,White,Male,20-29,"[5.7865804e-01 2.0885162e-04 2.3727031e-02 1.3370634e-04 3.1140374e-04
 1.6610418e-03 3.9530000e-01]",[9.7481865e-01 1.5993163e-03 5.8117579e-04 2.3000784e-02],[9.9937123e-01 6.2882446e-04],"[1.78749360e-07 2.47580083e-05 1.32019017e-02 7.92551816e-01
 1.87886208e-01 6.22829422e-03 1.04382416e-04 2.34219738e-06
 1.15307067e-07]"
D:\Uni\Ulm\Master\Hiwi-Forschung-und-Lehre\FairFace\detected_faces\1108577_face0.jpg,Middle Eastern,White,Male,20-29,"[1.1659348e-01 2.2753087e-05 6.0602024e-02 1.3508827e-04 3.2418023e-04
 2.9327171e-03 8.1938976e-01]",[0.97256076 0.00195324 0.00139012 0.02409583],[1.0000000e+00 1.7227965e-08],"[5.5695001e-08 6.0442449e-05 8.7280937e-02 8.8830823e-01 2.4153704e-02
 1.9611159e-04 5.1025546e-07 1.6467556e-08 1.1910818e-10]"
D:\Uni\Ulm\Master\Hiwi-Forschung-und-Lehre\FairFace\detected_faces\1108921_face0.jpg,Black,Black,Male,30-39,"[1.8365147e-07 9.9990666e-01 9.9733834e-06 8.5157232e-09 6.0136415e-07
 8.2009239e-05 5.1616905e-07]",[1.6459204e-06 9.9987739e-01 4.9879145e-06 1.1602425e-04],[1.000000e+00 4.338281e-08],"[3.9224850e-09 6.8296032e-08 1.9403071e-04 2.1117203e-01 6.3515931e-01
 1.4820811e-01 5.2071931e-03 5.8018813e-05 1.2509352e-06]"
D:\Uni\Ulm\Master\Hiwi-Forschung-und-Lehre\FairFace\detected_faces\1108936_face0.jpg,White,White,Male,20-29,"[9.9999833e-01 8.4378424e-09 7.3041332e-07 2.1201954e-08 3.5747838e-08
 3.0855747e-09 1.0022942e-06]",[9.9999118e-01 3.6679214e-06 4.1916910e-06 9.0378569e-07],[9.9999976e-01 2.7136932e-07],"[5.5851132e-08 1.2089408e-04 3.2225347e-01 6.5834904e-01 1.8452264e-02
 8.1829086e-04 5.9709964e-06 3.3177628e-08 5.8764260e-10]"
D:\Uni\Ulm\Master\Hiwi-Forschung-und-Lehre\FairFace\detected_faces\1109047_face0.jpg,White,White,Male,20-29,"[9.9648786e-01 3.9846982e-06 7.0938969e-04 1.8747145e-05 1.9578823e-05
 4.7810154e-06 2.7555570e-03]",[9.9949670e-01 7.3681193e-05 3.4910254e-04 8.0533391e-05],[9.9999928e-01 6.9914637e-07],"[1.00172464e-07 2.76635456e-05 1.13460235e-01 8.59270692e-01
 2.65091881e-02 7.18378462e-04 1.33589856e-05 4.18242365e-07
 5.40144907e-09]"
D:\Uni\Ulm\Master\Hiwi-Forschung-und-Lehre\FairFace\detected_faces\1109048_face0.jpg,Middle Eastern,Indian,Male,10-19,"[8.7034985e-02 6.6604139e-04 4.1966945e-01 4.0866679e-04 1.9458332e-03
 8.2392283e-03 4.8203579e-01]",[0.44509858 0.04247123 0.03340561 0.4790246 ],[9.9972475e-01 2.7526927e-04],"[1.1273700e-07 7.3216687e-04 5.1342452e-01 4.7237846e-01 1.3310503e-02
 1.5373655e-04 4.8358442e-07 1.3453643e-08 2.6000477e-10]"
D:\Uni\Ulm\Master\Hiwi-Forschung-und-Lehre\FairFace\detected_faces\1109336_face0.jpg,White,White,Male,20-29,"[4.0980178e-01 1.8592668e-04 2.4913989e-01 2.6499238e-04 2.3479243e-03
 9.7102467e-03 3.2854927e-01]",[0.7654084  0.01866977 0.07162283 0.14429908],[1.0000000e+00 1.8848095e-08],"[4.5504635e-07 3.8602873e-04 1.9263707e-01 7.5370675e-01 5.2678704e-02
 5.8977044e-04 1.1789371e-06 2.9478862e-08 2.2415260e-10]"
D:\Uni\Ulm\Master\Hiwi-Forschung-und-Lehre\FairFace\detected_faces\1109561_face0.jpg,Black,Black,Male,20-29,"[3.8010251e-06 9.9978030e-01 1.0288255e-04 1.2015551e-07 3.3939186e-06
 8.1199665e-05 2.8323582e-05]",[4.6896293e-06 9.9992770e-01 7.7865479e-06 5.9835918e-05],[9.9999934e-01 6.5163812e-07],"[5.6193130e-07 1.3511712e-04 1.8878883e-02 6.5116572e-01 3.1237823e-01
 1.7269099e-02 1.6792530e-04 4.2872352e-06 1.8851624e-07]"
D:\Uni\Ulm\Master\Hiwi-Forschung-und-Lehre\FairFace\detected_faces\1109771_face0.jpg,White,White,Male,30-39,"[9.99977112e-01 1.26563336e-07 3.31857586e-06 5.88365623e-08
 2.27799916e-07 1.05458774e-07 1.90293977e-05]",[9.9988782e-01 1.1234369e-05 7.8571800e-05 2.2411521e-05],[9.9999803e-01 1.9516108e-06],"[1.1608340e-07 2.9595649e-06 2.6944550e-04 3.1289452e-01 6.6718596e-01
 1.9544061e-02 1.0247989e-04 4.8679613e-07 1.8031178e-08]"
D:\Uni\Ulm\Master\Hiwi-Forschung-und-Lehre\FairFace\detected_faces\1109773_face0.jpg,White,White,Male,10-19,"[9.9644142e-01 7.6327558e-07 5.0179329e-04 1.2632564e-05 3.3566699e-05
 2.6130539e-05 2.9836285e-03]",[9.99862731e-01 6.95436995e-07 2.11417027e-05 1.15403105e-04],[9.9999797e-01 2.0350785e-06],"[9.6254735e-07 1.6703920e-03 6.4877808e-01 3.3269680e-01 1.5931156e-02
 9.1316720e-04 9.2679629e-06 1.8197962e-07 5.4849307e-09]"
D:\Uni\Ulm\Master\Hiwi-Forschung-und-Lehre\FairFace\detected_faces\1109909_face0.jpg,Black,Black,Male,20-29,"[5.6591480e-06 9.9624383e-01 3.1333498e-04 4.5630176e-07 1.8748848e-05
 3.3992827e-03 1.8611456e-05]",[4.5510674e-06 9.9941450e-01 9.4520319e-06 5.7151116e-04],[9.9998629e-01 1.3701516e-05],"[3.5298452e-08 3.7497422e-05 4.9321868e-02 7.7951223e-01 1.6473617e-01
 6.3228621e-03 6.8739995e-05 6.0529516e-07 1.6202291e-08]"
D:\Uni\Ulm\Master\Hiwi-Forschung-und-Lehre\FairFace\detected_faces\1109940_face0.jpg,White,White,Male,20-29,"[6.5584761e-01 3.5132386e-04 4.6807837e-02 9.4820575e-07 1.0566183e-05
 1.2940464e-03 2.9568768e-01]",[8.7675828e-01 2.9888939e-02 8.4871346e-05 9.3267933e-02],[1.0000000e+00 3.1844607e-08],"[2.29463168e-08 1.18326214e-04 2.19574735e-01 7.71981120e-01
 8.29256978e-03 3.32465715e-05 2.20793623e-08 3.11331183e-10
 2.20700368e-12]"
D:\Uni\Ulm\Master\Hiwi-Forschung-und-Lehre\FairFace\detected_faces\1110001_face0.jpg,Middle Eastern,White,Male,20-29,"[3.67962390e-01 1.27866690e-04 1.11701995e-01 3.29462724e-04
 7.53785949e-04 6.57701120e-03 5.12547553e-01]",[0.96821654 0.00276994 0.0022918  0.02672169],[9.9921811e-01 7.8187784e-04],"[2.2738584e-05 8.3992101e-04 3.0586844e-02 6.9655263e-01 2.5588840e-01
 1.5800770e-02 2.8935054e-04 1.8292638e-05 1.0180104e-06]"
D:\Uni\Ulm\Master\Hiwi-Forschung-und-Lehre\FairFace\detected_faces\1110110_face0.jpg,White,White,Male,20-29,"[6.5149635e-01 2.9280403e-04 7.9178654e-02 3.0652371e-03 2.5724513e-03
 2.2271999e-04 2.6317179e-01]",[0.9568753  0.01166701 0.0264687  0.00498892],[1.0000000e+00 1.0493999e-08],"[2.4385017e-07 3.6918533e-05 2.0969111e-02 8.5296214e-01 1.2360086e-01
 2.4028639e-03 2.7193117e-05 6.8708749e-07 6.1250973e-09]"
D:\Uni\Ulm\Master\Hiwi-Forschung-und-Lehre\FairFace\detected_faces\1110141_face0.jpg,Middle Eastern,White,Male,20-29,"[7.6627163e-03 4.7982776e-05 9.6563166e-03 5.3775111e-06 4.8013575e-05
 3.4892510e-03 9.7909039e-01]",[0.72526664 0.00848217 0.00129597 0.26495522],[9.9999672e-01 3.2433277e-06],"[4.6812099e-07 6.0022612e-05 1.1151747e-02 7.0601654e-01 2.7552357e-01
 7.2237630e-03 2.3539120e-05 2.9905308e-07 4.9658588e-09]"
D:\Uni\Ulm\Master\Hiwi-Forschung-und-Lehre\FairFace\detected_faces\1110301_face0.jpg,White,White,Male,20-29,"[8.9881605e-01 2.5475462e-04 3.2530244e-02 9.8462042e-04 1.0516051e-03
 4.6297933e-05 6.6316426e-02]",[9.7093421e-01 5.0928318e-03 2.3875095e-02 9.7853765e-05],[9.9999958e-01 4.7542432e-07],"[1.68948347e-07 1.07786254e-04 1.39729679e-01 8.29787135e-01
 2.99014933e-02 4.69552295e-04 4.11083556e-06 1.02459055e-07
 1.01590658e-09]"
D:\Uni\Ulm\Master\Hiwi-Forschung-und-Lehre\FairFace\detected_faces\1110842_face0.jpg,Black,Black,Male,30-39,"[1.5265028e-06 9.9997342e-01 1.9247973e-05 1.1030379e-08 1.1596811e-07
 4.0837813e-06 1.7083969e-06]",[3.8946368e-06 9.9997073e-01 2.4899116e-06 2.2795006e-05],[9.999923e-01 7.685072e-06],"[4.81683855e-07 2.43237828e-05 2.70354608e-03 4.18821961e-01
 4.91677076e-01 8.21983218e-02 4.39851172e-03 1.65602862e-04
 1.02272015e-05]"
D:\Uni\Ulm\Master\Hiwi-Forschung-und-Lehre\FairFace\detected_faces\1110991_face0.jpg,White,White,Male,20-29,"[9.7924662e-01 4.9464994e-05 2.7285249e-03 1.0248102e-05 6.3170388e-05
 9.3753788e-06 1.7892603e-02]",[9.9482280e-01 4.9270582e-03 1.1335237e-04 1.3682290e-04],[1.0000000e+00 1.8579188e-08],"[5.4512803e-09 3.8692492e-06 1.6624074e-02 9.2659730e-01 5.6268815e-02
 5.0471409e-04 1.2127244e-06 1.4304800e-08 1.7710945e-10]"
D:\Uni\Ulm\Master\Hiwi-Forschung-und-Lehre\FairFace\detected_faces\1110993_face0.jpg,White,White,Male,10-19,"[5.3420901e-01 4.7504691e-06 4.1043577e-03 1.6195107e-05 3.2739299e-05
 3.2707758e-05 4.6160018e-01]",[9.9962825e-01 2.1853742e-04 1.3037673e-04 2.2857692e-05],[9.9999964e-01 3.7780472e-07],"[2.4030112e-07 1.7463713e-03 7.9846942e-01 1.9644463e-01 3.2483339e-03
 9.0523528e-05 3.5390758e-07 6.4305947e-09 7.4294890e-11]"
D:\Uni\Ulm\Master\Hiwi-Forschung-und-Lehre\FairFace\detected_faces\1111011_face0.jpg,White,White,Male,20-29,"[9.2734516e-01 1.6798591e-05 6.4901896e-03 2.4570061e-05 4.8159643e-05
 1.1139288e-04 6.5963775e-02]",[9.8847300e-01 3.9107776e-03 9.4857876e-04 6.6676293e-03],[9.9999982e-01 1.7227347e-07],"[2.64034341e-08 5.11387225e-06 6.59066439e-03 9.04272974e-01
 8.86054933e-02 5.24976873e-04 7.70480199e-07 7.47824025e-09
 1.00077543e-10]"
D:\Uni\Ulm\Master\Hiwi-Forschung-und-Lehre\FairFace\detected_faces\1111037_face0.jpg,White,White,Male,20-29,"[9.9659491e-01 1.8631396e-06 4.4616128e-04 6.8303370e-06 8.1953494e-06
 1.2316287e-06 2.9408108e-03]",[9.9972332e-01 1.3242768e-04 1.1180475e-04 3.2456122e-05],[9.9999094e-01 9.0746926e-06],"[2.6517645e-08 1.1584956e-05 7.2390474e-02 8.7747592e-01 4.9509473e-02
 6.1046012e-04 2.0026080e-06 1.9877529e-08 3.2161715e-10]"
D:\Uni\Ulm\Master\Hiwi-Forschung-und-Lehre\FairFace\detected_faces\1111517_face0.jpg,White,White,Male,20-29,"[7.8239447e-01 9.4079883e-07 7.8137248e-04 6.0401199e-04 2.4293641e-04
 1.7163996e-04 2.1580468e-01]",[9.9847865e-01 6.0908214e-06 6.8779627e-04 8.2748296e-04],[0.94518906 0.05481093],"[3.4532225e-06 2.2427928e-04 1.2575421e-01 8.0776232e-01 6.3640483e-02
 2.5823638e-03 3.0411438e-05 2.3506075e-06 1.5464865e-07]"
D:\Uni\Ulm\Master\Hiwi-Forschung-und-Lehre\FairFace\detected_faces\1111640_face0.jpg,White,White,Male,20-29,"[5.55072665e-01 1.59952997e-05 1.80914011e-02 3.15066354e-05
 9.86807427e-05 1.10322064e-04 4.26579416e-01]",[9.9967152e-01 1.2956397e-04 1.2235878e-04 7.6529526e-05],[9.999998e-01 1.513027e-07],"[1.23051834e-07 4.52938082e-04 3.44290406e-01 6.41389489e-01
 1.37453321e-02 1.21442004e-04 2.77517188e-07 4.90047602e-09
 5.19912620e-11]"
D:\Uni\Ulm\Master\Hiwi-Forschung-und-Lehre\FairFace\detected_faces\1112199_face0.jpg,White,White,Male,20-29,"[9.9680555e-01 1.5898567e-06 3.0113789e-04 7.4850223e-06 1.0272597e-05
 5.9889421e-06 2.8679243e-03]",[9.9989980e-01 4.1413455e-06 8.2575949e-05 1.3532713e-05],[9.9998045e-01 1.9545772e-05],"[7.9437896e-08 3.4833963e-06 7.5455885e-03 8.2710123e-01 1.6075572e-01
 4.5248969e-03 6.7972127e-05 9.4180456e-07 2.3719949e-08]"
D:\Uni\Ulm\Master\Hiwi-Forschung-und-Lehre\FairFace\detected_faces\1112327_face0.jpg,White,White,Male,20-29,"[9.9976593e-01 2.0463341e-08 3.2330463e-05 3.6325930e-06 3.2275934e-06
 8.2006423e-08 1.9472877e-04]",[9.9989003e-01 7.5011764e-07 1.0849290e-04 6.8071870e-07],[1.000000e+00 4.874886e-08],"[3.9622694e-08 2.6969450e-05 8.0540471e-02 8.5327876e-01 6.4609610e-02
 1.5369575e-03 7.1036402e-06 5.2235563e-08 4.8711657e-10]"
D:\Uni\Ulm\Master\Hiwi-Forschung-und-Lehre\FairFace\detected_faces\1112478_face0.jpg,White,White,Male,20-29,"[7.1357393e-01 5.5781496e-04 3.9600167e-02 2.1671945e-05 4.7827747e-05
 8.1838312e-04 2.4538021e-01]",[9.9891120e-01 8.3119259e-04 2.8925486e-05 2.2866808e-04],[9.9999946e-01 5.0255960e-07],"[4.9512505e-06 1.5933106e-04 1.3187836e-02 7.6989490e-01 2.1274666e-01
 3.9769933e-03 2.8389235e-05 8.9731515e-07 1.2115401e-08]"
D:\Uni\Ulm\Master\Hiwi-Forschung-und-Lehre\FairFace\detected_faces\1112604_face0.jpg,White,White,Male,20-29,"[8.4006864e-01 5.1963015e-04 6.7203008e-02 7.9335943e-05 2.0868264e-04
 3.4470379e-04 9.1575988e-02]",[0.69087416 0.26398098 0.00438898 0.04075589],[9.9999940e-01 6.1973105e-07],"[1.3726617e-08 4.2664060e-06 1.0631492e-02 8.4821612e-01 1.3855359e-01
 2.5812858e-03 1.3119759e-05 1.0163163e-07 1.0613851e-09]"
D:\Uni\Ulm\Master\Hiwi-Forschung-und-Lehre\FairFace\detected_faces\1112608_face0.jpg,White,White,Male,10-19,"[9.9667048e-01 6.5192188e-07 9.5678301e-04 1.7230085e-04 1.1044254e-04
 6.8756731e-06 2.0824589e-03]",[9.9956954e-01 6.9334556e-06 3.8980180e-04 3.3702585e-05],[9.9995935e-01 4.0628449e-05],"[8.9618680e-08 7.6520297e-04 8.1523854e-01 1.7785792e-01 5.9218430e-03
 2.1494816e-04 1.3905236e-06 2.7591458e-08 9.3680730e-10]"
D:\Uni\Ulm\Master\Hiwi-Forschung-und-Lehre\FairFace\detected_faces\1112618_face0.jpg,White,White,Male,20-29,"[9.8004013e-01 8.3855521e-06 4.3574558e-03 1.6251284e-05 3.0531501e-05
 8.5656611e-05 1.5461569e-02]",[9.9975473e-01 1.3741769e-05 7.3310184e-05 1.5822740e-04],[1.0000000e+00 9.7332995e-09],"[9.0521354e-08 4.9622100e-05 1.8188380e-01 7.9865903e-01 1.9216672e-02
 1.8979401e-04 9.9988051e-07 2.8436528e-08 2.9793976e-10]"
D:\Uni\Ulm\Master\Hiwi-Forschung-und-Lehre\FairFace\detected_faces\1112734_face0.jpg,Middle Eastern,White,Male,20-29,"[5.3901892e-02 1.6272161e-04 1.4365836e-02 1.1188848e-05 4.8681715e-05
 2.2844656e-03 9.2922527e-01]",[9.7198451e-01 5.9631426e-04 1.9137539e-03 2.5505455e-02],[1.0000000e+00 1.7884581e-08],"[3.2631178e-06 2.0952860e-03 1.8052985e-01 7.3550993e-01 7.9577304e-02
 2.2724625e-03 1.1352330e-05 5.1580366e-07 4.3360400e-09]"
D:\Uni\Ulm\Master\Hiwi-Forschung-und-Lehre\FairFace\detected_faces\1112877_face0.jpg,White,White,Male,20-29,"[9.9225199e-01 5.2495190e-05 3.8299800e-03 6.4135447e-06 1.4071721e-05
 1.5215471e-05 3.8297996e-03]",[9.9856561e-01 6.1484374e-04 4.3635763e-04 3.8322844e-04],[9.9998969e-01 1.0291078e-05],"[6.1064547e-08 5.7230659e-06 1.2691219e-02 7.5755608e-01 2.1610628e-01
 1.3301648e-02 3.3337405e-04 5.4931056e-06 9.8422568e-08]"
D:\Uni\Ulm\Master\Hiwi-Forschung-und-Lehre\FairFace\detected_faces\1112960_face0.jpg,Black,Black,Male,20-29,"[1.4040586e-07 9.9998885e-01 2.1297426e-06 2.6464622e-08 2.5164451e-07
 8.4884787e-06 7.0677586e-08]",[5.0093325e-07 9.9999321e-01 6.9186206e-07 5.6820077e-06],[0.95675445 0.04324558],"[1.8267857e-06 3.0539779e-04 4.5745492e-02 5.6844890e-01 3.1657609e-01
 6.1964940e-02 6.5701646e-03 3.5931292e-04 2.7760732e-05]"
D:\Uni\Ulm\Master\Hiwi-Forschung-und-Lehre\FairFace\detected_faces\1113018_face0.jpg,Middle Eastern,White,Male,20-29,"[0.13391736 0.00622119 0.24743646 0.00140025 0.00469546 0.00590271
 0.60042655]",[0.9422879  0.01331375 0.02280207 0.02159621],[9.9998879e-01 1.1227278e-05],"[3.5462645e-06 4.1948570e-04 5.0249122e-02 6.7570996e-01 2.6294157e-01
 1.0558461e-02 1.1228252e-04 5.4708562e-06 1.2466587e-07]"
D:\Uni\Ulm\Master\Hiwi-Forschung-und-Lehre\FairFace\detected_faces\1113205_face0.jpg,White,White,Male,20-29,"[9.4273424e-01 7.0063499e-05 1.5601813e-02 2.0163809e-03 1.4669588e-03
 8.2945699e-05 3.8027648e-02]",[0.8775769  0.00666173 0.11482714 0.00093426],[9.9998957e-01 1.0405532e-05],"[1.9021381e-06 4.1847443e-04 3.8806719e-01 5.3730720e-01 7.1066961e-02
 3.0791210e-03 5.6922392e-05 2.2391491e-06 4.1149313e-08]"
D:\Uni\Ulm\Master\Hiwi-Forschung-und-Lehre\FairFace\detected_faces\1113799_face0.jpg,White,White,Male,20-29,"[9.26169515e-01 9.71411373e-06 2.56864331e-03 2.67063879e-05
 5.92582110e-05 1.05183615e-04 7.10609928e-02]",[9.9545312e-01 4.3004262e-04 6.4737332e-04 3.4695340e-03],[9.999967e-01 3.245348e-06],"[2.1438550e-06 1.1578900e-03 4.5419335e-02 8.4080821e-01 1.1032221e-01
 2.2754658e-03 1.4381596e-05 3.7797216e-07 1.0689175e-08]"
D:\Uni\Ulm\Master\Hiwi-Forschung-und-Lehre\FairFace\detected_faces\1113802_face0.jpg,Middle Eastern,Black,Male,20-29,"[9.2841722e-03 1.9734292e-01 2.9775980e-01 5.7360379e-05 7.8721362e-04
 4.1744009e-02 4.5302454e-01]",[0.02369296 0.7268931  0.01091895 0.2384951 ],[9.9999893e-01 1.0451377e-06],"[2.1633184e-06 8.1322942e-05 8.3539002e-03 4.7791827e-01 4.6551177e-01
 4.7050327e-02 1.0629159e-03 1.9002122e-05 3.2826287e-07]"
D:\Uni\Ulm\Master\Hiwi-Forschung-und-Lehre\FairFace\detected_faces\1114116_face0.jpg,Middle Eastern,White,Male,20-29,"[3.8760859e-01 2.7290304e-04 1.0015639e-01 2.1636394e-04 5.3312484e-04
 4.9597642e-04 5.1071662e-01]",[0.9328968  0.00300963 0.06031707 0.00377659],[9.9999702e-01 3.0310925e-06],"[5.5634022e-08 1.8469815e-04 4.1352218e-01 5.8109850e-01 5.1647862e-03
 2.9647141e-05 8.4602384e-08 2.5249658e-09 3.2731120e-11]"
D:\Uni\Ulm\Master\Hiwi-Forschung-und-Lehre\FairFace\detected_faces\1114162_face0.jpg,White,White,Male,20-29,"[9.3429083e-01 5.5863816e-06 4.0584984e-03 3.1238633e-05 9.1608810e-05
 1.4238954e-04 6.1379809e-02]",[9.9828172e-01 4.4500885e-05 1.4917258e-03 1.8204961e-04],[1.000000e+00 5.908473e-09],"[7.3234702e-08 1.1766648e-04 3.1368989e-01 6.6835582e-01 1.7621232e-02
 2.1479909e-04 5.3285760e-07 8.8517158e-09 7.9810034e-11]"
D:\Uni\Ulm\Master\Hiwi-Forschung-und-Lehre\FairFace\detected_faces\1114348_face0.jpg,Black,Black,Male,20-29,"[6.8749755e-06 9.9988735e-01 3.9505561e-05 2.9496865e-08 5.6385250e-07
 3.5004217e-05 3.0731349e-05]",[5.6873654e-07 9.9999404e-01 1.9930441e-07 5.2058481e-06],[9.9987221e-01 1.2783431e-04],"[2.6619688e-08 9.3515089e-05 1.6036478e-01 7.7734667e-01 6.1370589e-02
 8.2000147e-04 4.2682218e-06 9.7166698e-08 3.6665746e-09]"
D:\Uni\Ulm\Master\Hiwi-Forschung-und-Lehre\FairFace\detected_faces\1114354_face0.jpg,Black,Black,Male,20-29,"[0.03419473 0.5251365  0.36924568 0.00300591 0.02327918 0.01876702
 0.02637102]",[0.05049326 0.8833396  0.02441185 0.04175526],[9.9974424e-01 2.5579531e-04],"[9.54322417e-08 1.20411714e-04 3.05792361e-01 6.79579735e-01
 1.44480010e-02 5.90422715e-05 2.49302815e-07 1.28137545e-08
 2.30910777e-10]"
D:\Uni\Ulm\Master\Hiwi-Forschung-und-Lehre\FairFace\detected_faces\1114420_face0.jpg,White,White,Male,10-19,"[8.1582588e-01 6.2963183e-05 1.1821070e-01 5.5077649e-04 1.9176139e-03
 2.5768791e-04 6.3174367e-02]",[9.9364507e-01 5.4167793e-04 4.8971321e-03 9.1613538e-04],[1.0000000e+00 3.1154457e-08],"[1.6712434e-06 1.1695657e-02 9.4601798e-01 3.8880739e-02 3.2154820e-03
 1.8641553e-04 1.9846061e-06 5.2896915e-08 4.9967386e-10]"
D:\Uni\Ulm\Master\Hiwi-Forschung-und-Lehre\FairFace\detected_faces\1114427_face0.jpg,Middle Eastern,White,Male,20-29,"[1.6823661e-01 3.7701637e-04 5.8550384e-02 1.6450085e-05 9.2761453e-05
 2.0466831e-04 7.7252209e-01]",[9.7369391e-01 1.3772557e-02 8.9931104e-04 1.1634323e-02],[1.0000000e+00 2.3613456e-08],"[2.4719992e-07 4.8333971e-04 2.4803886e-01 7.2795200e-01 2.3209054e-02
 3.1582327e-04 7.3955266e-07 1.0360505e-08 9.6216049e-11]"
D:\Uni\Ulm\Master\Hiwi-Forschung-und-Lehre\FairFace\detected_faces\1114786_face0.jpg,White,White,Male,20-29,"[7.9463047e-01 2.9874192e-05 1.7193439e-03 2.9697263e-05 5.0538198e-05
 3.6728947e-05 2.0350340e-01]",[9.9778819e-01 1.8741696e-03 1.8850616e-04 1.4915116e-04],[9.9997640e-01 2.3550312e-05],"[2.9694939e-07 4.1081748e-04 1.3479358e-01 8.3525282e-01 2.9235994e-02
 3.0549368e-04 9.2198212e-07 1.3334849e-08 3.7959130e-10]"
D:\Uni\Ulm\Master\Hiwi-Forschung-und-Lehre\FairFace\detected_faces\1114837_face0.jpg,White,White,Male,20-29,"[8.2862908e-01 6.4283115e-05 1.9800117e-02 2.0867581e-05 6.4992033e-05
 2.9773260e-05 1.5139093e-01]",[9.8906046e-01 8.5495207e-03 1.9255151e-03 4.6450892e-04],[9.9999857e-01 1.4104605e-06],"[1.9550873e-08 4.6055040e-05 1.6045031e-01 8.3180296e-01 7.6670735e-03
 3.3516477e-05 4.9468873e-08 8.4304891e-10 1.4478203e-11]"
D:\Uni\Ulm\Master\Hiwi-Forschung-und-Lehre\FairFace\detected_faces\1115063_face0.jpg,White,White,Male,10-19,"[9.8783833e-01 1.2813560e-05 4.5065177e-03 3.9874030e-05 5.8067122e-05
 3.1994528e-05 7.5124661e-03]",[9.9848843e-01 3.7824234e-04 7.7874295e-04 3.5464927e-04],[9.999977e-01 2.324065e-06],"[4.8371561e-08 3.9919914e-04 6.5701824e-01 3.3707896e-01 5.3362316e-03
 1.6596455e-04 1.2943063e-06 2.0697881e-08 4.1782885e-10]"
D:\Uni\Ulm\Master\Hiwi-Forschung-und-Lehre\FairFace\detected_faces\1115751_face0.jpg,Black,Black,Male,20-29,"[6.5393932e-04 9.8352391e-01 3.6966722e-03 2.6106046e-04 1.1381878e-03
 1.0017709e-02 7.0859736e-04]",[2.8749553e-05 9.9846470e-01 8.9920039e-04 6.0727738e-04],[0.96888417 0.03111582],"[4.6848771e-07 6.9900806e-04 2.0016472e-01 7.5880468e-01 3.9309070e-02
 1.0023597e-03 1.9039207e-05 6.7985502e-07 3.0090760e-08]"
D:\Uni\Ulm\Master\Hiwi-Forschung-und-Lehre\FairFace\detected_faces\1116036_face0.jpg,White,White,Male,20-29,"[7.0028716e-01 1.9729862e-03 1.9898576e-01 5.1788898e-04 3.3843189e-03
 1.2677611e-02 8.2174130e-02]",[0.83967185 0.08160517 0.03758992 0.04113298],[9.9999964e-01 3.7741057e-07],"[1.2311685e-06 3.6036817e-04 7.5979471e-02 7.4890995e-01 1.7018308e-01
 4.5356001e-03 2.9893039e-05 4.0140213e-07 5.2647260e-09]"
D:\Uni\Ulm\Master\Hiwi-Forschung-und-Lehre\FairFace\detected_faces\1116044_face0.jpg,White,White,Male,30-39,"[9.9358052e-01 1.2572243e-06 6.3567172e-04 1.5256816e-05 3.1019012e-05
 7.0867263e-06 5.7292692e-03]",[9.9809659e-01 2.2919840e-04 1.5884234e-03 8.5840133e-05],[9.9999905e-01 9.4844546e-07],"[9.3675823e-09 8.9977948e-07 2.8387322e-03 4.5187134e-01 4.7089711e-01
 7.3116288e-02 1.2676950e-03 7.9142883e-06 7.6704694e-08]"
D:\Uni\Ulm\Master\Hiwi-Forschung-und-Lehre\FairFace\detected_faces\1116096_face0.jpg,White,White,Male,20-29,"[6.1260754e-01 3.2831042e-03 1.7923374e-01 6.2705076e-05 1.2420402e-04
 7.3107117e-04 2.0395757e-01]",[9.9242729e-01 6.6003115e-03 2.3549766e-04 7.3688605e-04],[9.9999946e-01 5.8523403e-07],"[1.5540844e-07 8.4108127e-05 9.8684795e-02 8.1444639e-01 8.5687332e-02
 1.0928310e-03 4.2764664e-06 9.4260074e-08 1.2165375e-09]"
D:\Uni\Ulm\Master\Hiwi-Forschung-und-Lehre\FairFace\detected_faces\1116202_face0.jpg,White,White,Male,20-29,"[9.99949157e-01 4.20637235e-07 1.21946405e-05 1.81748916e-07
 5.07118102e-07 6.55087149e-08 3.73882940e-05]",[9.9995482e-01 1.0381618e-05 3.4167635e-05 5.9226795e-07],[1.0000000e+00 1.4255446e-08],"[4.4903423e-09 2.2691286e-06 7.5995675e-03 8.5759270e-01 1.3258195e-01
 2.2041879e-03 1.9178036e-05 1.1836137e-07 2.2541531e-09]"
D:\Uni\Ulm\Master\Hiwi-Forschung-und-Lehre\FairFace\detected_faces\1116388_face0.jpg,White,White,Male,20-29,"[9.81453001e-01 1.14720926e-04 1.58830769e-02 1.18774788e-05
 2.43697887e-05 1.41477140e-04 2.37153471e-03]",[9.9959362e-01 8.8572458e-05 4.7830992e-05 2.6997528e-04],[9.9999923e-01 7.6061303e-07],"[2.4696715e-07 3.9044142e-05 2.1159740e-02 7.1191293e-01 2.5995916e-01
 6.8883882e-03 3.9847531e-05 5.5099599e-07 8.7263530e-09]"
D:\Uni\Ulm\Master\Hiwi-Forschung-und-Lehre\FairFace\detected_faces\1116398_face0.jpg,White,White,Male,20-29,"[9.6917695e-01 6.4847387e-07 1.1175629e-03 1.1585104e-05 1.2803742e-05
 1.6915596e-05 2.9663516e-02]",[9.9972546e-01 2.7175652e-06 2.1115053e-04 6.0671784e-05],[9.9999547e-01 4.5725369e-06],"[1.3088901e-08 2.8709595e-05 2.9033479e-01 7.0352745e-01 6.0646813e-03
 4.4282850e-05 7.6507789e-08 1.0537914e-09 1.7178925e-11]"
D:\Uni\Ulm\Master\Hiwi-Forschung-und-Lehre\FairFace\detected_faces\1116577_face0.jpg,Middle Eastern,Indian,Male,10-19,"[1.5072783e-02 1.8007143e-03 1.8560646e-01 1.0413343e-04 1.0742545e-03
 3.3450816e-02 7.6289082e-01]",[0.14439553 0.05083847 0.03208119 0.7726848 ],[9.9999714e-01 2.8183829e-06],"[1.6422997e-06 2.5186783e-03 5.6501573e-01 4.2397639e-01 8.2875537e-03
 1.9839552e-04 1.4455800e-06 9.1524051e-08 1.6920166e-09]"
D:\Uni\Ulm\Master\Hiwi-Forschung-und-Lehre\FairFace\detected_faces\1116580_face0.jpg,Latino_Hispanic,Indian,Male,20-29,"[3.5096221e-02 1.8089602e-02 8.4824401e-01 4.4247802e-04 6.9099357e-03
 2.3152603e-02 6.8065144e-02]",[0.03686361 0.0591784  0.0177103  0.8862477 ],[9.999039e-01 9.606586e-05],"[6.10375537e-07 1.20372366e-04 6.87611103e-02 7.60938406e-01
 1.49584129e-01 1.98459793e-02 7.24144746e-04 2.47110092e-05
 4.77860453e-07]"
D:\Uni\Ulm\Master\Hiwi-Forschung-und-Lehre\FairFace\detected_faces\1116593_face0.jpg,Black,Black,Male,20-29,"[2.4407767e-04 8.4618825e-01 2.9994272e-02 4.1530508e-04 5.2529942e-02
 7.0508800e-02 1.1920102e-04]",[2.4682138e-04 5.9712684e-01 6.6566400e-02 3.3605993e-01],[9.999097e-01 9.035298e-05],"[2.1603330e-07 2.1746424e-04 1.7174922e-01 7.8620940e-01 4.0369868e-02
 1.4265735e-03 2.6796903e-05 5.6299058e-07 1.8722627e-08]"
D:\Uni\Ulm\Master\Hiwi-Forschung-und-Lehre\FairFace\detected_faces\1116796_face0.jpg,Latino_Hispanic,White,Male,10-19,"[4.45342988e-01 1.03575345e-04 4.48168725e-01 1.10477838e-03
 2.95358081e-03 1.00982189e-02 9.22281519e-02]",[0.8787475  0.00352582 0.03001023 0.08771639],[9.9998790e-01 1.2110635e-05],"[1.0866002e-06 3.4728160e-03 6.9780856e-01 2.9001108e-01 8.4787551e-03
 2.2584976e-04 1.7602915e-06 6.2872239e-08 1.3321901e-09]"
D:\Uni\Ulm\Master\Hiwi-Forschung-und-Lehre\FairFace\detected_faces\1116954_face0.jpg,Black,Black,Male,20-29,"[5.4120757e-03 9.5773828e-01 3.2423608e-02 1.0583364e-05 3.9514576e-04
 3.0410558e-03 9.7918627e-04]",[8.3852356e-04 9.9663657e-01 3.4107448e-05 2.4907272e-03],[9.9996054e-01 3.9493469e-05],"[6.36901632e-07 4.40115800e-05 1.53158195e-02 7.07921207e-01
 2.52280146e-01 2.28579473e-02 1.51782623e-03 6.01566644e-05
 2.28806744e-06]"
D:\Uni\Ulm\Master\Hiwi-Forschung-und-Lehre\FairFace\detected_faces\1116987_face0.jpg,White,White,Male,20-29,"[7.02033222e-01 1.11767775e-04 3.02967224e-02 4.40939533e-04
 7.70523213e-04 2.65735667e-03 2.63689518e-01]",[0.93683606 0.01435659 0.01972417 0.02908326],[0.9922832  0.00771681],"[2.1780662e-07 2.3406737e-04 2.7931321e-01 6.7640460e-01 4.2765208e-02
 1.2671893e-03 1.4626200e-05 9.0125650e-07 2.3074033e-08]"
D:\Uni\Ulm\Master\Hiwi-Forschung-und-Lehre\FairFace\detected_faces\1117025_face0.jpg,Middle Eastern,Indian,Male,20-29,"[3.9190285e-02 9.8880369e-04 2.0671321e-01 3.8971571e-05 2.8657526e-04
 8.7226316e-02 6.6555583e-01]",[0.15310785 0.02834293 0.00204178 0.81650746],[9.9999738e-01 2.6159544e-06],"[1.8743722e-06 1.3042749e-04 1.2898337e-02 7.2997326e-01 2.5097099e-01
 5.9961239e-03 2.8664212e-05 3.8464404e-07 4.2703410e-09]"
D:\Uni\Ulm\Master\Hiwi-Forschung-und-Lehre\FairFace\detected_faces\1117223_face0.jpg,Latino_Hispanic,Black,Male,20-29,"[1.5717946e-01 7.1733263e-03 7.6536787e-01 5.6948286e-04 3.9205300e-03
 3.8575975e-03 6.1931752e-02]",[0.32132748 0.56770754 0.01203774 0.09892727],[9.9999946e-01 5.0422261e-07],"[3.2083747e-08 1.7969311e-05 4.7762457e-02 8.8385457e-01 6.6859372e-02
 1.4967556e-03 8.6538148e-06 1.6670269e-07 1.7588767e-09]"
D:\Uni\Ulm\Master\Hiwi-Forschung-und-Lehre\FairFace\detected_faces\1117938_face0.jpg,White,White,Male,20-29,"[8.2413441e-01 1.9567121e-04 2.8443461e-02 1.9785080e-03 1.5809572e-03
 1.0268512e-03 1.4264022e-01]",[9.9303776e-01 9.3819504e-04 3.8194451e-03 2.2045393e-03],[9.9999076e-01 9.2503160e-06],"[1.3803373e-07 1.7901785e-04 4.8706418e-01 5.0778234e-01 4.9352106e-03
 3.8953713e-05 1.5831262e-07 5.6508669e-09 1.7878748e-10]"
D:\Uni\Ulm\Master\Hiwi-Forschung-und-Lehre\FairFace\detected_faces\1117944_face0.jpg,Black,Black,Male,30-39,"[9.1387625e-07 9.9997383e-01 1.4294195e-05 1.3916477e-08 1.6178083e-07
 8.1097423e-06 2.7667370e-06]",[1.2453818e-06 9.9998760e-01 4.0323644e-06 7.0728529e-06],[0.99500823 0.00499174],"[2.7222029e-07 1.1399766e-05 2.9397742e-03 2.7824205e-01 5.6582373e-01
 1.4793877e-01 4.8993919e-03 1.3867336e-04 5.9381346e-06]"
D:\Uni\Ulm\Master\Hiwi-Forschung-und-Lehre\FairFace\detected_faces\1117945_face0.jpg,Black,Black,Male,20-29,"[1.2728366e-07 9.9997735e-01 7.8209041e-06 7.2741905e-08 7.6204714e-07
 1.3778981e-05 6.2380430e-08]",[2.5601989e-07 9.9998957e-01 3.2492251e-06 6.8594036e-06],[0.7096308  0.29036915],"[5.4908406e-07 7.5516087e-04 2.1939532e-01 6.6772479e-01 1.0441171e-01
 7.3703039e-03 3.3592942e-04 5.9346507e-06 3.1574729e-07]"
D:\Uni\Ulm\Master\Hiwi-Forschung-und-Lehre\FairFace\detected_faces\1117946_face0.jpg,White,White,Male,10-19,"[9.9303049e-01 4.7346280e-06 4.6763441e-04 1.8030936e-05 4.9825529e-05
 4.4101189e-06 6.4248140e-03]",[9.9916178e-01 1.4705301e-04 6.2401366e-04 6.7173045e-05],[9.9973398e-01 2.6607272e-04],"[6.9127552e-08 1.2895783e-03 7.9503709e-01 2.0125914e-01 2.3635803e-03
 5.0289149e-05 2.7699900e-07 8.4289482e-09 4.0519335e-10]"
D:\Uni\Ulm\Master\Hiwi-Forschung-und-Lehre\FairFace\detected_faces\1117950_face0.jpg,White,White,Male,10-19,"[8.9914608e-01 1.2863087e-05 1.5793841e-03 1.9541541e-05 4.8419366e-05
 2.1536640e-05 9.9172130e-02]",[9.9987012e-01 9.5376512e-05 1.6613691e-05 1.7860706e-05],[1.0000000e+00 3.1281466e-08],"[4.5256428e-07 6.6922797e-04 6.0370904e-01 3.7375751e-01 2.0598179e-02
 1.2553781e-03 9.9451263e-06 2.3357323e-07 2.9524592e-09]"
D:\Uni\Ulm\Master\Hiwi-Forschung-und-Lehre\FairFace\detected_faces\1118002_face0.jpg,White,White,Male,20-29,"[9.9996674e-01 2.0596426e-08 2.4794101e-05 6.9885012e-08 2.3307946e-07
 8.1592276e-08 8.0885002e-06]",[9.9999607e-01 9.2365320e-07 1.4053776e-06 1.6584590e-06],[1.000000e+00 8.715558e-09],"[3.4692396e-09 4.2870426e-05 2.3474805e-01 7.5844908e-01 6.7104362e-03
 4.9445782e-05 9.5915787e-08 6.0028921e-10 8.2433886e-12]"
D:\Uni\Ulm\Master\Hiwi-Forschung-und-Lehre\FairFace\detected_faces\1118018_face0.jpg,White,White,Male,20-29,"[9.5198143e-01 6.1347033e-05 1.0959799e-03 2.1380953e-05 5.0987823e-05
 7.9198280e-06 4.6781030e-02]",[9.9836540e-01 1.1300163e-03 4.5862724e-04 4.5916917e-05],[9.9942464e-01 5.7540956e-04],"[3.9329723e-07 1.3831168e-03 3.6976740e-01 6.0654593e-01 2.1847187e-02
 4.5144712e-04 4.3565851e-06 1.7939819e-07 6.1763856e-09]"
D:\Uni\Ulm\Master\Hiwi-Forschung-und-Lehre\FairFace\detected_faces\1118038_face0.jpg,White,White,Male,20-29,"[5.0457335e-01 1.3706471e-05 7.4100224e-03 1.0730732e-05 1.5366186e-05
 6.7596271e-04 4.8730081e-01]",[9.9952006e-01 6.2969884e-06 3.0439196e-04 1.6925987e-04],[1.0000000e+00 2.7282413e-08],"[1.03075045e-07 8.55065809e-05 2.56640077e-01 7.31858552e-01
 1.13199186e-02 9.56581280e-05 2.70290968e-07 4.62798244e-09
 4.54999614e-11]"
D:\Uni\Ulm\Master\Hiwi-Forschung-und-Lehre\FairFace\detected_faces\1118185_face0.jpg,Black,Black,Male,20-29,"[0.00194944 0.7395763  0.15221098 0.00450477 0.07068431 0.00875456
 0.02231968]",[0.02286606 0.8025878  0.14440706 0.03013904],[9.9999529e-01 4.6688842e-06],"[6.4726999e-07 2.2021037e-05 3.0272236e-02 8.0328721e-01 1.6020423e-01
 6.1407369e-03 7.0597438e-05 2.2256922e-06 6.2565064e-08]"
D:\Uni\Ulm\Master\Hiwi-Forschung-und-Lehre\FairFace\detected_faces\1118232_face0.jpg,Black,Black,Male,20-29,"[2.9269826e-05 9.9992311e-01 2.7747774e-05 5.0264822e-07 2.2001809e-06
 5.3315671e-06 1.1841472e-05]",[4.5868014e-06 9.9998945e-01 2.4219785e-06 3.4630732e-06],[0.7721654  0.22783457],"[2.1637650e-04 3.6497083e-02 1.7548962e-01 4.9730527e-01 2.6929331e-01
 2.0580519e-02 6.0308736e-04 1.3273920e-05 1.4101736e-06]"
D:\Uni\Ulm\Master\Hiwi-Forschung-und-Lehre\FairFace\detected_faces\1118278_face0.jpg,White,White,Male,10-19,"[9.7640425e-01 3.8158698e-05 1.3777073e-02 4.9831951e-06 2.0917532e-05
 8.6050793e-05 9.6684732e-03]",[9.99848008e-01 1.01304446e-04 2.04907956e-05 3.02337467e-05],[9.9999982e-01 1.6238177e-07],"[5.3531938e-08 5.6265382e-04 7.1890956e-01 2.7850875e-01 2.0041100e-03
 1.4843492e-05 2.9253490e-08 4.4193993e-10 7.4436490e-12]"
D:\Uni\Ulm\Master\Hiwi-Forschung-und-Lehre\FairFace\detected_faces\1119256_face0.jpg,White,White,Male,20-29,"[9.1902810e-01 6.7077977e-05 1.1418895e-02 4.0399514e-06 1.5331989e-05
 1.0787941e-04 6.9358580e-02]",[9.9965650e-01 2.3660080e-04 3.9693612e-05 6.7178873e-05],[9.9999875e-01 1.2877766e-06],"[1.8509084e-07 6.0395960e-06 6.6195503e-03 6.7216831e-01 2.9753071e-01
 2.3304624e-02 3.6003476e-04 1.0333718e-05 1.2109993e-07]"
D:\Uni\Ulm\Master\Hiwi-Forschung-und-Lehre\FairFace\detected_faces\1119359_face0.jpg,White,White,Male,20-29,"[6.0538769e-01 1.2222228e-04 3.4137748e-02 2.0068249e-04 6.7312008e-04
 3.4148716e-03 3.5606363e-01]",[9.9245733e-01 6.8233094e-05 3.6579900e-04 7.1085826e-03],[0.9969055  0.00309456],"[9.0417425e-06 1.2749139e-03 2.0528609e-01 4.8829013e-01 2.2866875e-01
 6.7672201e-02 7.9957880e-03 7.6080649e-04 4.2245021e-05]"
D:\Uni\Ulm\Master\Hiwi-Forschung-und-Lehre\FairFace\detected_faces\1119364_face0.jpg,Latino_Hispanic,White,Male,10-19,"[1.9012593e-01 4.7016917e-03 7.5365889e-01 1.0668662e-04 1.4319363e-03
 3.3831438e-03 4.6591688e-02]",[0.7751131  0.12624422 0.01783371 0.08080893],[9.9999356e-01 6.4718474e-06],"[7.1200269e-08 5.8378425e-04 7.9477048e-01 2.0270851e-01 1.9145665e-03
 2.2575625e-05 8.4642288e-08 3.5313317e-09 5.3672629e-11]"
D:\Uni\Ulm\Master\Hiwi-Forschung-und-Lehre\FairFace\detected_faces\1119368_face0.jpg,White,White,Male,20-29,"[8.2027328e-01 1.9099080e-03 1.3979656e-01 2.0585782e-04 7.6060643e-04
 4.8453955e-04 3.6569234e-02]",[0.97863424 0.00432082 0.01597895 0.00106602],[9.9999982e-01 1.9215409e-07],"[7.4296730e-07 1.0603982e-03 4.4915590e-01 5.3024721e-01 1.9130893e-02
 4.0162585e-04 3.1093653e-06 1.2749594e-07 1.7180292e-09]"
D:\Uni\Ulm\Master\Hiwi-Forschung-und-Lehre\FairFace\detected_faces\1119369_face0.jpg,Middle Eastern,White,Male,20-29,"[9.3005270e-02 2.7200176e-06 2.1683187e-03 1.0617938e-05 1.5660680e-05
 1.4843913e-04 9.0464896e-01]",[9.9944800e-01 5.1195966e-05 2.3911623e-04 2.6170918e-04],[1.00000000e+00 1.16841035e-08],"[3.3977255e-06 6.3465852e-03 4.7251162e-01 5.1185477e-01 9.1965068e-03
 8.6986867e-05 1.6384612e-07 4.3961927e-09 4.3929235e-11]"
D:\Uni\Ulm\Master\Hiwi-Forschung-und-Lehre\FairFace\detected_faces\1119436_face0.jpg,Black,Black,Male,20-29,"[3.1452001e-07 9.9998987e-01 6.6281373e-06 6.1120500e-09 1.3002696e-07
 1.6951484e-06 1.3690627e-06]",[1.0675202e-06 9.9999762e-01 1.9695456e-07 1.2235673e-06],[9.9999732e-01 2.6489743e-06],"[2.6918457e-07 5.7619519e-04 1.7094944e-01 7.8383940e-01 4.4036768e-02
 5.9656898e-04 1.2782073e-06 3.5106055e-08 2.3827718e-09]"
D:\Uni\Ulm\Master\Hiwi-Forschung-und-Lehre\FairFace\detected_faces\1119439_face0.jpg,White,White,Male,20-29,"[9.7265923e-01 9.4598308e-06 4.5646681e-03 1.1881013e-05 2.3259787e-05
 3.0893699e-04 2.2422504e-02]",[9.99521136e-01 4.69843799e-05 1.05628635e-04 3.26270499e-04],[9.999981e-01 1.927200e-06],"[2.3115840e-06 6.1493303e-04 1.9284372e-01 7.6126105e-01 4.3822855e-02
 1.4445659e-03 1.0331288e-05 2.0222372e-07 5.6188849e-09]"
D:\Uni\Ulm\Master\Hiwi-Forschung-und-Lehre\FairFace\detected_faces\1119442_face0.jpg,White,White,Male,10-19,"[7.4397498e-01 6.0646719e-04 2.4408560e-01 5.9996377e-04 2.0002197e-03
 1.3202213e-03 7.4125356e-03]",[9.9799228e-01 3.5027970e-04 1.0236799e-03 6.3378527e-04],[9.999934e-01 6.636489e-06],"[4.3846228e-07 5.1488206e-03 9.1763169e-01 7.5351924e-02 1.8203439e-03
 4.6490277e-05 3.1066605e-07 1.5933464e-08 4.9286453e-10]"
D:\Uni\Ulm\Master\Hiwi-Forschung-und-Lehre\FairFace\detected_faces\1119586_face0.jpg,White,White,Male,20-29,"[9.1432071e-01 4.3972181e-05 8.2409550e-03 6.7030800e-05 6.0241371e-05
 2.3582896e-04 7.7031270e-02]",[9.9984664e-01 8.9208508e-05 3.6965790e-05 2.7131366e-05],[9.999994e-01 5.558772e-07],"[3.6596839e-06 4.5358000e-04 1.4915819e-02 8.9394903e-01 9.0267643e-02
 4.0976418e-04 5.2036529e-07 1.3310657e-08 1.9630009e-10]"
D:\Uni\Ulm\Master\Hiwi-Forschung-und-Lehre\FairFace\detected_faces\1119656_face0.jpg,White,White,Male,20-29,"[9.99984264e-01 8.27466664e-08 4.01074794e-06 1.08760446e-07
 1.25903924e-07 1.42292535e-07 1.12435873e-05]",[9.9998093e-01 1.0803048e-05 1.6706953e-06 6.6364910e-06],[9.999956e-01 4.372681e-06],"[1.4776073e-08 1.6649261e-05 6.2360499e-02 9.1599476e-01 2.1336008e-02
 2.9060131e-04 1.3933250e-06 1.0083423e-08 2.8333028e-10]"
D:\Uni\Ulm\Master\Hiwi-Forschung-und-Lehre\FairFace\detected_faces\1119657_face0.jpg,White,White,Male,10-19,"[9.9970782e-01 2.9709105e-07 8.5096326e-06 3.6789606e-07 3.5882343e-07
 7.0470421e-08 2.8259939e-04]",[9.9993873e-01 2.5068111e-05 1.8560111e-05 1.7663468e-05],[9.9999934e-01 6.6213693e-07],"[2.0627525e-08 3.6738376e-04 6.1592740e-01 3.8013497e-01 3.5023002e-03
 6.7569061e-05 3.2037798e-07 5.2232596e-09 1.5107963e-10]"
D:\Uni\Ulm\Master\Hiwi-Forschung-und-Lehre\FairFace\detected_faces\1119693_face0.jpg,Black,Black,Male,20-29,"[9.4801356e-07 9.9993384e-01 2.7369306e-05 6.9971452e-07 7.0442784e-06
 2.8918839e-05 1.1672601e-06]",[1.2599611e-07 9.9998605e-01 6.8202585e-06 7.0360406e-06],[0.99653363 0.00346636],"[8.5464580e-07 2.8874210e-04 1.1243342e-01 7.7319837e-01 1.0679333e-01
 7.0660994e-03 2.1209792e-04 6.2279623e-06 8.6001586e-07]"
D:\Uni\Ulm\Master\Hiwi-Forschung-und-Lehre\FairFace\detected_faces\1119820_face0.jpg,Middle Eastern,Indian,Male,20-29,"[1.3240015e-02 7.0736660e-03 3.2033902e-01 2.1432252e-05 3.9601442e-04
 6.7857563e-02 5.9107232e-01]",[0.33387133 0.04531037 0.00502285 0.61579543],[1.0000000e+00 2.0300744e-08],"[7.0373795e-07 1.2343186e-03 1.9181286e-01 7.7314651e-01 3.3440765e-02
 3.6373493e-04 1.0276393e-06 2.9818935e-08 2.8386590e-10]"
D:\Uni\Ulm\Master\Hiwi-Forschung-und-Lehre\FairFace\detected_faces\1120010_face0.jpg,White,White,Male,10-19,"[9.2895150e-01 3.8343732e-04 5.7314184e-02 7.0950911e-05 2.7804504e-04
 1.7098620e-04 1.2830958e-02]",[9.9952185e-01 1.7104411e-04 1.9135918e-04 1.1578620e-04],[9.9999839e-01 1.5904387e-06],"[2.4830451e-08 4.0959290e-04 7.6415902e-01 2.3348080e-01 1.9194717e-03
 3.0835476e-05 1.9782983e-07 9.7958406e-09 1.9825279e-10]"
D:\Uni\Ulm\Master\Hiwi-Forschung-und-Lehre\FairFace\detected_faces\1120038_face0.jpg,Black,Black,Male,20-29,"[3.7386550e-07 9.9998796e-01 7.2645130e-06 5.9800693e-09 1.4351377e-07
 2.9930009e-06 1.1873724e-06]",[4.5055825e-07 9.9999505e-01 1.9652964e-06 2.6146195e-06],[9.9998569e-01 1.4344541e-05],"[4.0398044e-07 7.9971203e-04 2.0554732e-01 7.3454505e-01 5.7585884e-02
 1.5114227e-03 9.9017934e-06 3.1631228e-07 1.7890493e-08]"
D:\Uni\Ulm\Master\Hiwi-Forschung-und-Lehre\FairFace\detected_faces\1120286_face0.jpg,White,White,Male,20-29,"[6.90545917e-01 1.25314645e-03 1.82642847e-01 1.52406879e-04
 1.21368445e-03 2.26984173e-02 1.01493575e-01]",[0.971095   0.00269977 0.00358273 0.0226225 ],[9.9994159e-01 5.8424328e-05],"[4.77472167e-06 4.74268384e-03 1.59225032e-01 7.23536551e-01
 1.08123295e-01 4.33822023e-03 2.84517755e-05 9.40208679e-07
 3.19648237e-08]"
D:\Uni\Ulm\Master\Hiwi-Forschung-und-Lehre\FairFace\detected_faces\1120333_face0.jpg,White,White,Male,30-39,"[7.1351969e-01 1.3315596e-03 2.1525417e-01 4.4436075e-04 7.8515406e-04
 6.1188987e-03 6.2546164e-02]",[9.9803096e-01 3.0390185e-04 6.3816726e-04 1.0269150e-03],[9.9999487e-01 5.1239313e-06],"[1.91686977e-05 2.72241741e-04 1.79772149e-03 4.54058975e-01
 5.28145671e-01 1.56229865e-02 8.17976324e-05 1.44773094e-06
 2.28801564e-08]"
D:\Uni\Ulm\Master\Hiwi-Forschung-und-Lehre\FairFace\detected_faces\1120353_face0.jpg,Latino_Hispanic,White,Male,20-29,"[3.6317712e-01 5.0184387e-03 5.5424494e-01 4.9138605e-05 3.8014262e-04
 3.7049276e-03 7.3425181e-02]",[0.91109556 0.04049785 0.00181689 0.04658965],[9.9999994e-01 5.2605849e-08],"[8.6841210e-09 2.9416849e-06 2.8683750e-02 9.1219246e-01 5.8164924e-02
 9.4819727e-04 7.6082206e-06 9.5531583e-08 8.9271474e-10]"
D:\Uni\Ulm\Master\Hiwi-Forschung-und-Lehre\FairFace\detected_faces\1120373_face0.jpg,White,White,Male,20-29,"[9.88394082e-01 9.27232861e-07 1.04013633e-03 7.94405878e-07
 3.42204521e-06 9.91901015e-06 1.05507225e-02]",[9.9965447e-01 2.5777001e-05 4.1539650e-05 2.7818285e-04],[9.9999809e-01 1.8928422e-06],"[1.71715353e-08 1.04496845e-04 2.88381040e-01 6.95276976e-01
 1.59551632e-02 2.81682325e-04 7.09443100e-07 7.57614416e-09
 1.03735284e-10]"
D:\Uni\Ulm\Master\Hiwi-Forschung-und-Lehre\FairFace\detected_faces\1120384_face0.jpg,White,White,Male,20-29,"[9.99834836e-01 9.31612902e-08 1.32668465e-05 1.07831102e-06
 1.15161151e-06 2.00498164e-07 1.49415777e-04]",[9.9996817e-01 1.4898023e-06 2.5106690e-05 5.2040041e-06],[9.9999785e-01 2.1766648e-06],"[3.2665284e-08 4.2987576e-06 1.6000418e-02 8.9598078e-01 8.5953884e-02
 2.0441231e-03 1.6256423e-05 1.7346888e-07 4.8609134e-09]"
D:\Uni\Ulm\Master\Hiwi-Forschung-und-Lehre\FairFace\detected_faces\1120524_face0.jpg,White,White,Male,20-29,"[6.3260281e-01 1.0421997e-02 2.4667981e-01 3.2752941e-05 1.7885468e-04
 1.5061084e-03 1.0857767e-01]",[0.74089783 0.21876423 0.0015111  0.03882683],[9.9999982e-01 1.9561135e-07],"[3.4715285e-07 3.7194879e-04 1.7691277e-01 7.9916739e-01 2.3135114e-02
 4.0878888e-04 3.5380963e-06 6.9785848e-08 1.3409843e-09]"
D:\Uni\Ulm\Master\Hiwi-Forschung-und-Lehre\FairFace\detected_faces\1120527_face0.jpg,Middle Eastern,White,Male,20-29,"[7.8945175e-02 1.9494620e-04 1.7431607e-02 2.5101197e-05 1.6815188e-04
 1.5693896e-04 9.0307808e-01]",[9.9463087e-01 3.9416514e-03 7.3886872e-04 6.8855425e-04],[0.9987946  0.00120536],"[1.0115963e-06 1.8623368e-04 2.3499556e-02 5.7216132e-01 3.9266053e-01
 1.1351290e-02 1.3511098e-04 4.8662550e-06 1.2492505e-07]"
D:\Uni\Ulm\Master\Hiwi-Forschung-und-Lehre\FairFace\detected_faces\1120652_face0.jpg,White,White,Male,10-19,"[9.6484542e-01 2.1905601e-07 5.4743787e-04 2.2685902e-06 3.5927565e-06
 1.6098616e-05 3.4584966e-02]",[9.9995881e-01 3.6308924e-07 2.3237938e-06 3.8509035e-05],[9.999911e-01 8.861318e-06],"[2.5334103e-07 5.9249892e-04 8.3287466e-01 1.6238454e-01 3.9610919e-03
 1.8601667e-04 9.9274371e-07 3.1512339e-08 6.3465483e-10]"
D:\Uni\Ulm\Master\Hiwi-Forschung-und-Lehre\FairFace\detected_faces\1120657_face0.jpg,Middle Eastern,White,Male,20-29,"[4.00428444e-01 3.95449722e-04 1.33292535e-02 4.37382696e-04
 4.99037327e-04 7.04497943e-05 5.84840000e-01]",[9.8763150e-01 4.3290085e-03 7.4040643e-03 6.3548214e-04],[0.90222245 0.09777752],"[2.0539435e-06 5.2735861e-04 2.2635669e-01 5.5180669e-01 1.9060583e-01
 2.8218057e-02 2.1999697e-03 2.7357257e-04 9.8264327e-06]"
D:\Uni\Ulm\Master\Hiwi-Forschung-und-Lehre\FairFace\detected_faces\1120669_face0.jpg,Latino_Hispanic,White,Male,20-29,"[0.24482943 0.00147928 0.41895083 0.00050288 0.00102075 0.0015122
 0.33170462]",[0.92115235 0.0242275  0.01917095 0.0354492 ],[9.9999571e-01 4.2763586e-06],"[6.9571158e-08 3.2944332e-05 6.3895844e-02 9.0272129e-01 3.2956552e-02
 3.9105021e-04 2.1665307e-06 6.2369608e-08 6.9873224e-10]"
D:\Uni\Ulm\Master\Hiwi-Forschung-und-Lehre\FairFace\detected_faces\1120766_face0.jpg,White,White,Male,10-19,"[7.6235986e-01 5.6445195e-05 2.2637738e-01 7.7274774e-05 2.8376500e-04
 1.2805786e-04 1.0717158e-02]",[9.9904597e-01 7.1461000e-05 6.8420422e-04 1.9846340e-04],[9.99888718e-01 1.11245135e-04],"[1.3113825e-08 3.1335867e-04 9.0634340e-01 9.2443138e-02 8.9181837e-04
 8.2235410e-06 2.2833083e-08 6.8371231e-10 1.4564884e-11]"
D:\Uni\Ulm\Master\Hiwi-Forschung-und-Lehre\FairFace\detected_faces\1120809_face0.jpg,Middle Eastern,White,Male,20-29,"[4.1138539e-01 3.7991264e-04 7.8661434e-02 1.3373296e-04 3.0399126e-04
 7.2015089e-04 5.0841534e-01]",[9.9397218e-01 2.0642299e-03 3.1522464e-03 8.1133546e-04],[9.99939e-01 6.10287e-05],"[2.7868343e-06 1.8195291e-03 3.0114958e-01 6.4571249e-01 4.9435191e-02
 1.8643707e-03 1.5512120e-05 5.3338579e-07 1.0914369e-08]"
D:\Uni\Ulm\Master\Hiwi-Forschung-und-Lehre\FairFace\detected_faces\1120914_face0.jpg,White,White,Male,20-29,"[9.0844983e-01 5.1319576e-04 6.9855385e-02 4.3591070e-05 1.6807558e-04
 2.3529570e-05 2.0946503e-02]",[9.9641639e-01 7.9591153e-04 2.5574754e-03 2.3020012e-04],[9.9999964e-01 3.9872009e-07],"[2.3536937e-09 2.2429665e-05 3.7292939e-01 6.2458599e-01 2.4544068e-03
 7.8552694e-06 1.3801247e-08 2.4469349e-10 4.1315406e-12]"
D:\Uni\Ulm\Master\Hiwi-Forschung-und-Lehre\FairFace\detected_faces\1120919_face0.jpg,White,White,Male,20-29,"[6.9391698e-01 3.2659608e-04 1.7829174e-01 2.5865668e-04 7.6326344e-04
 3.6987721e-04 1.2607282e-01]",[0.9874812  0.00830191 0.00209321 0.00212372],[9.9999994e-01 4.9275300e-08],"[2.9897876e-08 3.3635595e-06 8.2061430e-03 6.7788178e-01 3.0867338e-01
 5.2202372e-03 1.4919222e-05 1.2990452e-07 8.4896695e-10]"
D:\Uni\Ulm\Master\Hiwi-Forschung-und-Lehre\FairFace\detected_faces\1121074_face0.jpg,White,White,Male,20-29,"[6.8495733e-01 6.1489613e-04 1.3253540e-01 5.4994138e-04 1.0448989e-03
 4.1833104e-04 1.7987926e-01]",[9.9515486e-01 5.3765520e-04 1.9801522e-03 2.3273339e-03],[9.9999917e-01 8.6391680e-07],"[3.0911499e-07 5.5111206e-05 1.1022616e-02 8.1374204e-01 1.7387241e-01
 1.3038648e-03 3.4959521e-06 6.1168102e-08 8.6469132e-10]"
D:\Uni\Ulm\Master\Hiwi-Forschung-und-Lehre\FairFace\detected_faces\1121184_face0.jpg,White,White,Male,20-29,"[6.66644573e-01 8.37605112e-05 1.18363872e-01 5.39995395e-02
 1.24021275e-02 1.47110806e-03 1.47034898e-01]",[9.7097456e-01 1.0782599e-04 2.6892232e-02 2.0253977e-03],[9.9999958e-01 3.4930517e-07],"[4.8850261e-06 1.3070520e-04 1.4808370e-02 6.8627721e-01 2.9010397e-01
 8.6234417e-03 4.9885864e-05 1.5397803e-06 1.7315351e-08]"
D:\Uni\Ulm\Master\Hiwi-Forschung-und-Lehre\FairFace\detected_faces\1121239_face0.jpg,White,White,Male,20-29,"[9.9990553e-01 1.3775034e-06 2.3728524e-05 1.6409254e-07 1.1087886e-06
 3.9243514e-06 6.4293054e-05]",[9.9971539e-01 1.8758212e-05 1.8634483e-04 7.9438709e-05],[9.9999833e-01 1.6841047e-06],"[4.8462363e-09 4.1458028e-07 8.8638539e-04 6.0458326e-01 3.8807595e-01
 6.4152223e-03 3.8498576e-05 1.7576831e-07 4.9516418e-09]"
D:\Uni\Ulm\Master\Hiwi-Forschung-und-Lehre\FairFace\detected_faces\1121370_face0.jpg,White,White,Male,20-29,"[9.87647533e-01 1.04290215e-04 7.02597341e-03 5.07369550e-05
 1.57507005e-04 2.65017326e-04 4.74900333e-03]",[9.9614233e-01 1.2998316e-03 6.0078956e-04 1.9570203e-03],[1.0000000e+00 1.6363991e-08],"[2.5711131e-08 1.3659068e-04 3.5525259e-01 6.3900483e-01 5.5787475e-03
 2.7200043e-05 4.6154373e-08 9.4494490e-10 1.2309698e-11]"
D:\Uni\Ulm\Master\Hiwi-Forschung-und-Lehre\FairFace\detected_faces\1121414_face0.jpg,White,White,Male,20-29,"[9.2779839e-01 7.7581848e-04 5.4637134e-02 1.2358167e-04 6.1358412e-04
 1.3554172e-03 1.4696035e-02]",[9.996111e-01 7.201629e-05 7.571584e-05 2.412384e-04],[9.9927139e-01 7.2863867e-04],"[1.3289078e-07 3.9313549e-05 4.5229040e-02 8.5297251e-01 9.9135622e-02
 2.5905934e-03 3.2404401e-05 3.9227169e-07 1.3557197e-08]"
D:\Uni\Ulm\Master\Hiwi-Forschung-und-Lehre\FairFace\detected_faces\1121430_face0.jpg,White,White,Male,20-29,"[5.2854091e-01 5.2097609e-04 3.4302405e-01 1.7788332e-05 7.1195253e-05
 8.5861917e-04 1.2696651e-01]",[9.8908705e-01 4.6535353e-03 1.3333331e-04 6.1260532e-03],[9.9995762e-01 4.2412943e-05],"[1.1986609e-08 3.5189339e-06 2.2282641e-02 9.0855259e-01 6.8248995e-02
 9.0564322e-04 6.4751125e-06 1.5623550e-07 1.5108821e-09]"
D:\Uni\Ulm\Master\Hiwi-Forschung-und-Lehre\FairFace\detected_faces\1121455_face0.jpg,White,White,Male,10-19,"[9.9076295e-01 7.9722815e-07 5.0332595e-04 4.4530341e-05 2.4588895e-05
 1.8132165e-06 8.6619612e-03]",[9.9996012e-01 4.8888533e-06 3.3637101e-05 1.3336931e-06],[9.9993849e-01 6.1488725e-05],"[6.2116408e-07 2.0493509e-03 5.6361783e-01 4.2484137e-01 9.3737505e-03
 1.1671234e-04 3.9547237e-07 7.2954496e-09 2.4345287e-10]"
D:\Uni\Ulm\Master\Hiwi-Forschung-und-Lehre\FairFace\detected_faces\1121475_face0.jpg,White,White,Male,20-29,"[9.9739993e-01 1.6439271e-05 3.4721362e-04 1.7771352e-07 9.1157773e-07
 3.5317394e-06 2.2316880e-03]",[9.9990892e-01 6.5374596e-05 5.8971464e-06 1.9686022e-05],[9.9999762e-01 2.3858463e-06],"[1.8375852e-09 1.1187450e-06 8.3371690e-03 9.5455915e-01 3.6857530e-02
 2.4374602e-04 1.2981835e-06 1.1390719e-08 2.7256436e-10]"
D:\Uni\Ulm\Master\Hiwi-Forschung-und-Lehre\FairFace\detected_faces\1121578_face0.jpg,White,White,Male,20-29,"[9.02754486e-01 1.08339686e-04 2.53648590e-02 2.22897710e-04
 5.72011399e-04 5.72617246e-05 7.09200576e-02]",[0.9770451  0.0195383  0.0018519  0.00156477],[1.000000e+00 8.993069e-09],"[2.2168342e-08 1.8345405e-05 5.1690962e-02 9.0313733e-01 4.4860907e-02
 2.9172268e-04 6.6187187e-07 1.0255725e-08 9.1955915e-11]"
D:\Uni\Ulm\Master\Hiwi-Forschung-und-Lehre\FairFace\detected_faces\1121917_face0.jpg,White,White,Male,20-29,"[9.7662026e-01 1.5827138e-05 1.8659580e-03 1.2200797e-05 3.5117493e-05
 1.9504774e-05 2.1431098e-02]",[9.9892163e-01 1.6213088e-04 2.6869128e-04 6.4752210e-04],[9.9999994e-01 1.0478634e-07],"[4.3461078e-08 4.3875283e-05 6.4352259e-02 8.8599032e-01 4.8416581e-02
 1.1887639e-03 7.8941121e-06 2.1469238e-07 3.7242447e-09]"
D:\Uni\Ulm\Master\Hiwi-Forschung-und-Lehre\FairFace\detected_faces\1122483_face0.jpg,White,White,Male,20-29,"[9.6915871e-01 2.7543498e-05 5.4590330e-03 2.6339174e-05 4.6778780e-05
 1.6877490e-04 2.5112800e-02]",[9.9813038e-01 6.0159841e-04 2.2297159e-04 1.0450297e-03],[9.9999654e-01 3.5082323e-06],"[5.1719901e-08 5.6382116e-05 8.2373522e-02 8.9064813e-01 2.6683990e-02
 2.3742509e-04 4.7046345e-07 9.4498356e-09 2.3030987e-10]"
D:\Uni\Ulm\Master\Hiwi-Forschung-und-Lehre\FairFace\detected_faces\1122587_face0.jpg,White,White,Male,20-29,"[5.2080917e-01 7.8194955e-04 1.0941528e-01 3.0871225e-04 4.8860617e-04
 1.8549951e-03 3.6634126e-01]",[9.9601424e-01 1.9475200e-03 6.8495917e-04 1.3533210e-03],[9.9999511e-01 4.9181053e-06],"[1.09082826e-07 2.35594416e-06 5.54431230e-03 7.51836181e-01
 2.39910513e-01 2.68232077e-03 2.35976458e-05 5.82570976e-07
 6.26124175e-09]"
D:\Uni\Ulm\Master\Hiwi-Forschung-und-Lehre\FairFace\detected_faces\1122594_face0.jpg,Middle Eastern,White,Male,20-29,"[4.1938269e-01 1.2865367e-05 1.6326861e-02 1.8570661e-04 1.7412943e-04
 6.6722097e-04 5.6325048e-01]",[9.9533284e-01 2.3462113e-05 1.9272325e-03 2.7165227e-03],[0.98989904 0.010101  ],"[3.8952448e-06 1.7840504e-03 3.0362335e-01 6.6066235e-01 3.3269063e-02
 6.5368944e-04 3.4177210e-06 1.9023334e-07 8.1384206e-09]"
D:\Uni\Ulm\Master\Hiwi-Forschung-und-Lehre\FairFace\detected_faces\1122595_face0.jpg,Latino_Hispanic,White,Male,10-19,"[2.3357378e-01 5.7309220e-04 6.8338698e-01 1.1891241e-03 4.1150134e-03
 2.2936203e-02 5.4225754e-02]",[0.97946596 0.0013745  0.00129587 0.01786368],[9.9994332e-01 5.6732577e-05],"[3.2265445e-05 2.2938194e-02 5.9444797e-01 3.1674558e-01 6.0871769e-02
 4.8815254e-03 8.0222460e-05 2.3620698e-06 5.3614762e-08]"
D:\Uni\Ulm\Master\Hiwi-Forschung-und-Lehre\FairFace\detected_faces\1122603_face0.jpg,Black,Black,Male,20-29,"[6.5721348e-03 6.3417447e-01 3.2862261e-01 7.3012689e-06 2.6724997e-04
 1.1538824e-02 1.8817328e-02]",[2.1127047e-04 9.8776710e-01 6.2470899e-05 1.1959117e-02],[9.9999970e-01 2.8353347e-07],"[3.3917054e-08 9.8826522e-06 3.1054350e-02 8.8957369e-01 7.8366145e-02
 9.8920520e-04 6.5669969e-06 1.0291244e-07 2.1030162e-09]"
D:\Uni\Ulm\Master\Hiwi-Forschung-und-Lehre\FairFace\detected_faces\1122605_face0.jpg,White,White,Male,20-29,"[9.2414808e-01 2.6913342e-04 8.3914604e-03 6.2787563e-05 1.2332112e-04
 1.6199403e-04 6.6843294e-02]",[9.9901247e-01 2.4874535e-04 6.0928019e-04 1.2947027e-04],[9.9999988e-01 1.1703245e-07],"[1.3772639e-07 3.5906960e-05 2.9811118e-02 9.2790890e-01 4.1954894e-02
 2.8797192e-04 1.0500419e-06 3.2155572e-08 4.0858908e-10]"
D:\Uni\Ulm\Master\Hiwi-Forschung-und-Lehre\FairFace\detected_faces\1122610_face0.jpg,White,White,Male,20-29,"[9.9914020e-01 8.7321503e-08 7.4842057e-05 4.6505302e-06 4.3475357e-06
 8.6104808e-07 7.7508175e-04]",[9.9995518e-01 1.7017142e-07 4.1415817e-05 3.2719981e-06],[9.9999726e-01 2.7184965e-06],"[1.5123142e-05 2.2347784e-03 3.1918779e-01 5.6402165e-01 1.0657819e-01
 7.8826863e-03 7.8077930e-05 1.6096628e-06 2.1121014e-08]"
D:\Uni\Ulm\Master\Hiwi-Forschung-und-Lehre\FairFace\detected_faces\1122639_face0.jpg,White,White,Male,20-29,"[4.9388814e-01 1.0102474e-03 1.7732039e-01 1.6797455e-04 4.2119631e-04
 5.6386087e-03 3.2155344e-01]",[0.883225   0.03607778 0.00217421 0.078523  ],[1.0000000e+00 1.5671827e-08],"[1.8371000e-05 3.3018249e-03 8.4802046e-02 7.6626301e-01 1.4194036e-01
 3.6528197e-03 2.1332968e-05 3.0759443e-07 3.0530376e-09]"
D:\Uni\Ulm\Master\Hiwi-Forschung-und-Lehre\FairFace\detected_faces\1122805_face0.jpg,White,White,Male,10-19,"[5.6040841e-01 3.0587758e-05 2.8814016e-02 3.1852588e-04 5.2469311e-04
 1.9272103e-04 4.0971112e-01]",[9.9617952e-01 3.8255422e-04 2.2979868e-03 1.1399041e-03],[9.9960756e-01 3.9243826e-04],"[3.9228266e-07 1.4244871e-03 8.3774614e-01 1.5136594e-01 8.8753924e-03
 5.8101752e-04 6.5306817e-06 2.3875882e-07 6.0082432e-09]"
D:\Uni\Ulm\Master\Hiwi-Forschung-und-Lehre\FairFace\detected_faces\1122910_face0.jpg,Middle Eastern,White,Male,10-19,"[1.5333071e-01 1.7067253e-04 2.8929783e-02 1.3975259e-05 4.3721673e-05
 2.3190875e-04 8.1727922e-01]",[0.9440424  0.02828862 0.01307095 0.01459805],[0.9953626  0.00463737],"[2.6838306e-06 4.3484485e-03 4.9985799e-01 4.8364547e-01 1.1980203e-02
 1.6458929e-04 5.3243832e-07 1.8375788e-08 5.2471655e-10]"
D:\Uni\Ulm\Master\Hiwi-Forschung-und-Lehre\FairFace\detected_faces\1123068_face0.jpg,White,White,Male,20-29,"[9.7445625e-01 1.1797359e-05 4.6697478e-03 1.4076398e-05 5.3513293e-05
 2.2554264e-04 2.0569161e-02]",[9.9934435e-01 2.6406806e-05 3.3092998e-05 5.9615757e-04],[9.9999976e-01 2.9201254e-07],"[4.3824361e-06 1.2309923e-03 6.6270225e-02 7.7224547e-01 1.5727618e-01
 2.9644007e-03 8.2476990e-06 1.1811211e-07 2.3755862e-09]"
D:\Uni\Ulm\Master\Hiwi-Forschung-und-Lehre\FairFace\detected_faces\1123218_face0.jpg,Middle Eastern,White,Male,20-29,"[2.6411763e-01 5.8277636e-03 2.7600077e-01 6.3806983e-05 3.4014796e-04
 1.4819398e-02 4.3883041e-01]",[0.9688814  0.00637435 0.00108099 0.02366322],[9.9999851e-01 1.5137956e-06],"[3.1353640e-08 2.0239320e-06 3.5754773e-03 7.7125484e-01 2.2235747e-01
 2.7936902e-03 1.6282003e-05 1.8116951e-07 2.4540723e-09]"
D:\Uni\Ulm\Master\Hiwi-Forschung-und-Lehre\FairFace\detected_faces\1123219_face0.jpg,Middle Eastern,White,Male,20-29,"[2.78528094e-01 1.15835915e-04 5.82001209e-02 1.69344828e-04
 3.03873006e-04 8.15756677e-04 6.61866963e-01]",[9.9083745e-01 3.7457249e-03 9.8121422e-04 4.4355756e-03],[9.999988e-01 1.200999e-06],"[1.6608723e-07 8.1559061e-05 5.7719018e-02 9.2109472e-01 2.1017654e-02
 8.6654560e-05 2.0807963e-07 6.3555627e-09 1.2038123e-10]"
D:\Uni\Ulm\Master\Hiwi-Forschung-und-Lehre\FairFace\detected_faces\1123234_face0.jpg,Middle Eastern,Black,Male,20-29,"[3.8142507e-03 2.1224342e-01 7.9202205e-02 3.9357430e-04 8.1622424e-03
 1.0174722e-02 6.8600953e-01]",[9.9953334e-04 9.9790102e-01 8.7143003e-04 2.2805684e-04],[9.9999332e-01 6.6997345e-06],"[7.19736732e-08 1.12895046e-04 1.81630865e-01 7.63894260e-01
 5.29695004e-02 1.37788663e-03 1.40489374e-05 4.10938696e-07
 8.94403396e-09]"
D:\Uni\Ulm\Master\Hiwi-Forschung-und-Lehre\FairFace\detected_faces\1123608_face0.jpg,White,White,Male,20-29,"[7.2794151e-01 6.2972969e-05 1.5549536e-01 2.6902906e-04 4.4962147e-04
 2.0612190e-04 1.1557550e-01]",[0.99303657 0.00299565 0.0028586  0.0011092 ],[9.9999636e-01 3.6472479e-06],"[2.8478555e-08 1.4899526e-04 4.5342109e-01 5.4103541e-01 5.3719440e-03
 2.2532029e-05 3.1753860e-08 5.1995058e-10 9.5331416e-12]"
D:\Uni\Ulm\Master\Hiwi-Forschung-und-Lehre\FairFace\detected_faces\1123613_face0.jpg,Black,Black,Female,20-29,"[4.2792831e-07 9.9989307e-01 3.3729179e-05 2.0399273e-06 4.1268806e-05
 2.8954149e-05 4.3241531e-07]",[1.3591902e-06 9.9986714e-01 1.2427151e-04 7.2178432e-06],[0.11932364 0.8806764 ],"[2.2700503e-06 2.7348709e-04 3.4725033e-02 6.0906345e-01 3.2563478e-01
 2.9698972e-02 5.9118174e-04 9.8439477e-06 9.5010108e-07]"
D:\Uni\Ulm\Master\Hiwi-Forschung-und-Lehre\FairFace\detected_faces\1123688_face0.jpg,White,White,Male,20-29,"[9.6525604e-01 8.0102451e-05 3.9777798e-03 4.1829157e-05 9.4616960e-05
 6.7877074e-05 3.0481821e-02]",[9.9771780e-01 3.3869862e-04 6.9469737e-04 1.2487418e-03],[9.999995e-01 4.529412e-07],"[1.3635962e-05 5.5695412e-04 1.2299865e-02 5.8563405e-01 3.8478521e-01
 1.6516078e-02 1.8968292e-04 4.3906489e-06 9.6666753e-08]"
D:\Uni\Ulm\Master\Hiwi-Forschung-und-Lehre\FairFace\detected_faces\1124209_face0.jpg,White,White,Male,20-29,"[9.9349320e-01 1.8592324e-05 1.7909380e-03 1.9569057e-05 5.0562663e-05
 9.2674440e-05 4.5345314e-03]",[9.9442446e-01 2.2896302e-03 7.1216625e-04 2.5737344e-03],[9.999994e-01 6.001068e-07],"[6.3283466e-08 1.3012893e-04 2.6421583e-01 7.2643143e-01 9.1394652e-03
 8.2736507e-05 4.0531961e-07 8.2065528e-09 2.4412472e-10]"
D:\Uni\Ulm\Master\Hiwi-Forschung-und-Lehre\FairFace\detected_faces\1124213_face0.jpg,Latino_Hispanic,Indian,Male,20-29,"[4.3880560e-02 1.8337520e-03 5.4168904e-01 1.7432323e-04 1.1777241e-03
 2.6028739e-02 3.8521585e-01]",[0.2251984  0.22090232 0.03609135 0.5178079 ],[9.999999e-01 9.386261e-08],"[4.8255970e-08 4.5239405e-05 1.1061362e-01 8.6124671e-01 2.7816314e-02
 2.7733349e-04 6.2814968e-07 1.3398026e-08 1.2094081e-10]"
D:\Uni\Ulm\Master\Hiwi-Forschung-und-Lehre\FairFace\detected_faces\1124289_face0.jpg,Latino_Hispanic,White,Male,10-19,"[2.6957929e-01 1.3625780e-03 4.9874216e-01 1.6669082e-04 5.8609922e-04
 7.2834210e-04 2.2883491e-01]",[0.98730856 0.01025586 0.00105628 0.00137928],[9.9990642e-01 9.3545656e-05],"[3.5699390e-08 1.1119535e-03 9.3292600e-01 6.5671608e-02 2.8805717e-04
 2.3629398e-06 5.6417337e-09 2.6673197e-10 7.3631665e-12]"
D:\Uni\Ulm\Master\Hiwi-Forschung-und-Lehre\FairFace\detected_faces\1124746_face0.jpg,Black,Black,Male,20-29,"[4.6088803e-07 9.9998611e-01 5.0591966e-06 5.3654587e-09 9.2435855e-08
 6.9906891e-06 1.3712308e-06]",[1.0472203e-06 9.9999213e-01 8.9470069e-07 5.8824157e-06],[9.9999952e-01 4.7396142e-07],"[2.0793577e-07 2.5986854e-05 7.3265508e-03 4.8542759e-01 4.4873399e-01
 5.7110049e-02 1.3417910e-03 3.2594944e-05 1.2391623e-06]"
D:\Uni\Ulm\Master\Hiwi-Forschung-und-Lehre\FairFace\detected_faces\1125161_face0.jpg,Black,Black,Male,30-39,"[8.4801758e-07 9.9977946e-01 2.6684533e-05 2.6421608e-08 4.4737575e-07
 1.8740066e-04 5.0813255e-06]",[2.0692753e-06 9.9984628e-01 7.3896736e-06 1.4430050e-04],[9.999031e-01 9.689710e-05],"[6.8612191e-09 2.3337404e-07 9.6475138e-05 1.8871620e-01 7.6457971e-01
 4.6142694e-02 4.6222366e-04 2.3983519e-06 7.4932274e-08]"
D:\Uni\Ulm\Master\Hiwi-Forschung-und-Lehre\FairFace\detected_faces\1125214_face0.jpg,White,White,Male,20-29,"[9.99988198e-01 3.31137873e-09 6.67953429e-07 1.37869955e-08
 1.36493341e-08 6.34980601e-09 1.11318632e-05]",[9.9999875e-01 2.7277039e-07 6.1962771e-07 3.7508579e-07],[9.999987e-01 1.299094e-06],"[3.2392315e-08 3.1421077e-05 1.6004987e-01 8.0151653e-01 3.4705665e-02
 3.6462960e-03 4.9687849e-05 4.9551585e-07 4.2536534e-09]"
D:\Uni\Ulm\Master\Hiwi-Forschung-und-Lehre\FairFace\detected_faces\1125362_face0.jpg,Middle Eastern,Black,Male,20-29,"[8.7724719e-03 1.1862082e-01 4.1637074e-02 6.5786956e-04 1.5103596e-03
 2.7514536e-02 8.0128688e-01]",[0.00292154 0.7968387  0.16689323 0.03334654],[0.9908236  0.00917636],"[3.06640186e-06 2.54363520e-04 1.11170366e-01 5.90960920e-01
 2.27364019e-01 5.73040433e-02 1.02707045e-02 2.48898286e-03
 1.83512122e-04]"
D:\Uni\Ulm\Master\Hiwi-Forschung-und-Lehre\FairFace\detected_faces\1125701_face0.jpg,Black,Black,Male,20-29,"[6.6232809e-07 9.9997842e-01 1.0341746e-05 4.3114497e-08 6.4329072e-07
 8.8496772e-06 9.4539865e-07]",[4.7310130e-07 9.9999762e-01 1.1900672e-06 7.6455410e-07],[9.9923223e-01 7.6775078e-04],"[5.8990778e-08 3.1587162e-05 2.7011501e-02 8.0408770e-01 1.6302188e-01
 5.8000144e-03 4.6969966e-05 3.1453814e-07 2.1165366e-08]"
D:\Uni\Ulm\Master\Hiwi-Forschung-und-Lehre\FairFace\detected_faces\1126175_face0.jpg,Middle Eastern,White,Male,20-29,"[9.6477360e-02 1.9500116e-05 1.4454322e-02 2.1206020e-05 7.4848926e-05
 7.8725349e-03 8.8108021e-01]",[9.6786267e-01 6.9016311e-04 2.0981540e-03 2.9348979e-02],[1.0000000e+00 1.2784465e-09],"[9.3023795e-07 3.6475345e-04 1.6782671e-01 7.8959173e-01 4.1738555e-02
 4.7624303e-04 1.0744277e-06 2.4937991e-08 1.3504234e-10]"
D:\Uni\Ulm\Master\Hiwi-Forschung-und-Lehre\FairFace\detected_faces\1126205_face0.jpg,White,White,Male,20-29,"[9.9970686e-01 5.1739067e-07 7.0794427e-05 3.3758058e-06 6.2805088e-06
 4.8598145e-07 2.1173582e-04]",[9.9972081e-01 1.9389267e-05 2.2738274e-04 3.2404510e-05],[9.999983e-01 1.774280e-06],"[4.7553581e-08 4.7068472e-05 2.9630417e-01 6.8988025e-01 1.3365713e-02
 3.9998387e-04 2.7460856e-06 4.3514980e-08 9.0914604e-10]"
D:\Uni\Ulm\Master\Hiwi-Forschung-und-Lehre\FairFace\detected_faces\1126434_face0.jpg,White,White,Male,20-29,"[7.0929694e-01 3.9236242e-05 2.5190648e-02 2.2573096e-05 4.9655511e-05
 1.5234972e-04 2.6524857e-01]",[9.9945492e-01 1.1630752e-04 1.4267112e-04 2.8608518e-04],[9.9999934e-01 6.4635248e-07],"[4.2388808e-09 2.1749442e-05 3.9667937e-01 6.0056263e-01 2.7291772e-03
 7.0651877e-06 8.1394695e-09 1.5677330e-10 1.5807779e-12]"
D:\Uni\Ulm\Master\Hiwi-Forschung-und-Lehre\FairFace\detected_faces\1126523_face0.jpg,White,White,Male,20-29,"[8.9879698e-01 7.0252985e-04 5.5590753e-02 5.3156968e-05 1.5723206e-04
 3.9001578e-05 4.4660378e-02]",[9.8048985e-01 1.9002419e-02 2.7288875e-04 2.3484649e-04],[0.9988746  0.00112546],"[2.15860236e-08 8.24218205e-06 1.02730975e-01 8.21274459e-01
 7.35102072e-02 2.44778837e-03 2.75773818e-05 6.10169081e-07
 9.04197250e-09]"
D:\Uni\Ulm\Master\Hiwi-Forschung-und-Lehre\FairFace\detected_faces\1126573_face0.jpg,Latino_Hispanic,Indian,Male,20-29,"[2.7920097e-02 1.2518272e-02 7.9148394e-01 3.4570898e-04 4.1672788e-03
 7.7809773e-02 8.5754968e-02]",[0.02390951 0.07031547 0.02774235 0.8780327 ],[9.9999958e-01 4.1810256e-07],"[5.97148016e-07 1.36232935e-04 3.57107408e-02 8.64096940e-01
 9.67604443e-02 3.26558948e-03 2.82682468e-05 1.16734304e-06
 1.26801645e-08]"
D:\Uni\Ulm\Master\Hiwi-Forschung-und-Lehre\FairFace\detected_faces\1126679_face0.jpg,White,White,Male,20-29,"[9.2282438e-01 6.5875473e-04 6.1094835e-02 1.7190345e-05 7.8419784e-05
 6.3133193e-04 1.4695078e-02]",[9.9675626e-01 1.9400271e-03 7.5819460e-04 5.4549443e-04],[9.9994642e-01 5.3580978e-05],"[4.3301253e-07 4.2781094e-04 3.3872113e-01 6.4245588e-01 1.8143088e-02
 2.5049146e-04 1.2073448e-06 5.6113446e-08 1.8092147e-09]"
D:\Uni\Ulm\Master\Hiwi-Forschung-und-Lehre\FairFace\detected_faces\1126779_face0.jpg,White,White,Male,20-29,"[9.9997550e-01 7.8361060e-09 4.7908975e-06 4.9123975e-07 2.8641958e-07
 3.7763510e-08 1.8815079e-05]",[9.99999225e-01 1.07333001e-07 5.16853277e-07 1.00551624e-07],[9.9999994e-01 3.1402248e-08],"[1.13067436e-07 3.80056408e-05 6.73903748e-02 8.91523540e-01
 4.05090898e-02 5.37436572e-04 1.54337795e-06 1.34329889e-08
 1.75370343e-10]"
D:\Uni\Ulm\Master\Hiwi-Forschung-und-Lehre\FairFace\detected_faces\1126850_face0.jpg,Middle Eastern,White,Male,20-29,"[1.1977181e-01 4.4032964e-03 3.2572141e-01 1.6997379e-04 5.9942540e-04
 6.7614461e-03 5.4257262e-01]",[0.9728535  0.00661461 0.0088819  0.01164992],[9.999975e-01 2.514481e-06],"[9.0397243e-06 2.9111002e-04 5.4293876e-03 6.9209021e-01 2.9638606e-01
 5.7674157e-03 2.6225962e-05 5.3947599e-07 8.2003657e-09]"
D:\Uni\Ulm\Master\Hiwi-Forschung-und-Lehre\FairFace\detected_faces\1126870_face0.jpg,White,White,Male,20-29,"[4.8792234e-01 4.3497803e-03 1.7783913e-01 3.9544590e-05 3.0300379e-04
 3.0569211e-02 2.9897696e-01]",[0.8959047  0.04312893 0.00159625 0.05937007],[9.9999958e-01 3.6410984e-07],"[6.18943616e-08 2.81442364e-04 1.01510875e-01 8.75155270e-01
 2.29602326e-02 9.19882950e-05 1.04964244e-07 1.96521355e-09
 3.59455382e-11]"
D:\Uni\Ulm\Master\Hiwi-Forschung-und-Lehre\FairFace\detected_faces\1126927_face0.jpg,East Asian,Asian,Male,20-29,"[7.7060232e-04 3.3449349e-05 1.0458270e-02 6.6817951e-01 3.2022753e-01
 2.2982100e-04 1.0081271e-04]",[6.4465974e-04 1.3227394e-03 9.9637532e-01 1.6572565e-03],[9.9999976e-01 2.3434316e-07],"[2.7054696e-07 5.4957106e-04 2.6028538e-01 7.0176727e-01 3.6580194e-02
 8.0717006e-04 9.6085405e-06 5.2958347e-07 5.1014561e-09]"
D:\Uni\Ulm\Master\Hiwi-Forschung-und-Lehre\FairFace\detected_faces\1127057_face0.jpg,White,White,Male,20-29,"[9.9959075e-01 9.3544905e-08 2.5434942e-05 1.9779140e-05 6.2678237e-06
 1.5355612e-07 3.5752286e-04]",[9.9979478e-01 1.9621548e-06 1.9149567e-04 1.1760190e-05],[9.9999994e-01 4.0586443e-08],"[5.6245190e-06 2.0760631e-03 3.2790157e-01 5.8006561e-01 8.4216565e-02
 5.6795534e-03 5.4085289e-05 8.9658380e-07 9.2393968e-09]"
D:\Uni\Ulm\Master\Hiwi-Forschung-und-Lehre\FairFace\detected_faces\1127115_face0.jpg,White,White,Male,20-29,"[6.96469665e-01 8.35986284e-04 1.79554403e-01 1.12904236e-04
 2.46624229e-04 1.02758862e-03 1.21752843e-01]",[9.98580635e-01 1.14907033e-03 1.50840686e-04 1.19454686e-04],[9.9999785e-01 2.1923929e-06],"[6.5656444e-08 3.1120206e-05 4.6576403e-02 8.9561903e-01 5.7137571e-02
 6.3253974e-04 3.2499759e-06 3.7553399e-08 6.4883415e-10]"
D:\Uni\Ulm\Master\Hiwi-Forschung-und-Lehre\FairFace\detected_faces\1127191_face0.jpg,Middle Eastern,White,Male,20-29,"[4.1508964e-01 5.9236400e-04 9.3905412e-02 5.5739987e-05 2.0384739e-04
 5.1013464e-03 4.8505160e-01]",[9.8410451e-01 2.6660161e-03 1.6570294e-04 1.3063766e-02],[9.9999815e-01 1.8150180e-06],"[6.1441980e-08 2.3872883e-05 1.9366724e-02 9.1295320e-01 6.7281730e-02
 3.7350931e-04 7.9056963e-07 1.4019918e-08 1.9539154e-10]"
D:\Uni\Ulm\Master\Hiwi-Forschung-und-Lehre\FairFace\detected_faces\1127232_face0.jpg,Black,Black,Male,30-39,"[1.5524824e-06 9.9985731e-01 9.9415731e-05 2.7059923e-07 6.7902652e-06
 3.0662064e-05 3.9924862e-06]",[6.8793488e-06 9.9980289e-01 4.1899701e-05 1.4827387e-04],[9.9999982e-01 1.6406506e-07],"[1.4265926e-07 9.7310817e-07 4.9999164e-04 2.1786894e-01 5.0974488e-01
 2.5737169e-01 1.4127443e-02 3.7600016e-04 9.9498693e-06]"
D:\Uni\Ulm\Master\Hiwi-Forschung-und-Lehre\FairFace\detected_faces\1127403_face0.jpg,Middle Eastern,White,Male,20-29,"[3.6014193e-01 1.1572202e-04 1.4022245e-01 1.2978116e-03 2.0701380e-03
 9.9626174e-03 4.8618937e-01]",[0.9863379  0.00114674 0.00101535 0.01150006],[9.999948e-01 5.246848e-06],"[4.8468092e-07 1.7985945e-04 3.7152898e-02 9.2508596e-01 3.7486374e-02
 9.4343552e-05 1.5474986e-07 6.7674910e-09 1.6138918e-10]"
D:\Uni\Ulm\Master\Hiwi-Forschung-und-Lehre\FairFace\detected_faces\1127405_face0.jpg,White,White,Male,20-29,"[9.4424540e-01 5.9728447e-04 3.7348825e-02 1.0321274e-04 5.0220819e-04
 2.9278782e-04 1.6910369e-02]",[0.97361857 0.02355913 0.00184401 0.00097831],[9.9979669e-01 2.0334427e-04],"[5.2705843e-07 1.6581254e-04 1.2527223e-01 7.9688579e-01 7.2981179e-02
 4.5338874e-03 1.5397178e-04 6.4329392e-06 2.4948292e-07]"
D:\Uni\Ulm\Master\Hiwi-Forschung-und-Lehre\FairFace\detected_faces\1127439_face0.jpg,Latino_Hispanic,Black,Male,20-29,"[2.3101737e-01 3.6253236e-02 6.7703229e-01 2.5784693e-04 1.2953271e-03
 1.3370186e-03 5.2806944e-02]",[0.07116824 0.9227669  0.00197445 0.00409035],[9.999926e-01 7.366801e-06],"[9.8914950e-07 3.5118970e-05 1.6697947e-02 6.8347669e-01 2.7945331e-01
 1.9874645e-02 4.5414784e-04 6.9804114e-06 9.7777246e-08]"
D:\Uni\Ulm\Master\Hiwi-Forschung-und-Lehre\FairFace\detected_faces\1127573_face0.jpg,Latino_Hispanic,Indian,Male,20-29,"[3.9920609e-02 2.2646191e-02 5.0973755e-01 1.6123540e-04 2.0144125e-03
 3.5616949e-01 6.9350548e-02]",[0.18655066 0.03740791 0.01329327 0.7627482 ],[9.9999988e-01 7.7032574e-08],"[2.6365437e-06 7.0176910e-05 8.5739801e-03 6.1574572e-01 3.5148671e-01
 2.3766601e-02 3.4142198e-04 1.2692898e-05 1.2246582e-07]"
D:\Uni\Ulm\Master\Hiwi-Forschung-und-Lehre\FairFace\detected_faces\1127586_face0.jpg,White,White,Male,20-29,"[9.4407743e-01 4.0541787e-04 8.5273422e-03 3.0577648e-05 8.5396721e-05
 1.8317044e-04 4.6690699e-02]",[9.9760103e-01 1.2678369e-03 1.0867285e-03 4.4401175e-05],[9.999992e-01 7.937752e-07],"[1.4823212e-05 5.3188583e-04 3.9405923e-02 7.8617740e-01 1.6574872e-01
 7.9598548e-03 1.5519303e-04 5.9264271e-06 1.7423289e-07]"
D:\Uni\Ulm\Master\Hiwi-Forschung-und-Lehre\FairFace\detected_faces\1127590_face0.jpg,Black,Black,Male,30-39,"[7.30284773e-06 9.99857306e-01 1.05242914e-04 1.31846917e-07
 2.87101784e-06 1.62185952e-05 1.10055826e-05]",[1.24907765e-05 9.99889612e-01 9.84325197e-06 8.81345841e-05],[9.9999964e-01 3.4782559e-07],"[3.1907845e-07 1.0017856e-05 2.2654398e-03 4.5246214e-01 5.1073164e-01
 3.4316782e-02 2.1121210e-04 2.4189455e-06 1.0480650e-07]"
D:\Uni\Ulm\Master\Hiwi-Forschung-und-Lehre\FairFace\detected_faces\1127641_face0.jpg,White,White,Male,10-19,"[6.14092827e-01 1.07088536e-05 1.40617695e-02 1.07235661e-04
 1.66397411e-04 8.98526778e-05 3.71471256e-01]",[9.9978322e-01 1.1756288e-05 1.6258648e-04 4.2411393e-05],[9.9980968e-01 1.9036277e-04],"[5.8899445e-07 4.7138873e-03 8.7958437e-01 1.1437107e-01 1.3067639e-03
 2.3208713e-05 7.8532672e-08 2.6744391e-09 5.9062054e-11]"
D:\Uni\Ulm\Master\Hiwi-Forschung-und-Lehre\FairFace\detected_faces\1127708_face0.jpg,White,White,Male,10-19,"[5.9350783e-01 1.8877959e-02 2.9049495e-01 2.9369930e-03 2.5426077e-02
 1.7348830e-04 6.8582743e-02]",[9.5307112e-01 2.3499249e-02 2.3164347e-02 2.6527283e-04],[9.9999994e-01 6.4898714e-08],"[2.15351186e-08 1.30842993e-04 6.29634976e-01 3.66799355e-01
 3.39949550e-03 3.50570153e-05 3.10020113e-07 1.03241620e-08
 1.01585095e-10]"
D:\Uni\Ulm\Master\Hiwi-Forschung-und-Lehre\FairFace\detected_faces\1127788_face0.jpg,Latino_Hispanic,Asian,Male,20-29,"[0.03382602 0.00085573 0.7448078  0.00238815 0.02140713 0.16397722
 0.03273786]",[0.02939672 0.00895197 0.7699445  0.19170676],[1.0000000e+00 1.2244403e-08],"[1.5330313e-06 3.5827429e-04 5.4755766e-02 8.2437962e-01 1.1725716e-01
 3.2263384e-03 2.0336820e-05 9.6117344e-07 5.7722644e-09]"
D:\Uni\Ulm\Master\Hiwi-Forschung-und-Lehre\FairFace\detected_faces\1127790_face0.jpg,White,White,Male,20-29,"[8.9176458e-01 1.5626458e-03 6.4722583e-02 2.4022707e-05 1.6414661e-04
 3.0607704e-04 4.1455943e-02]",[0.9631515  0.02726266 0.00802945 0.0015564 ],[1.0000000e+00 3.6360137e-09],"[2.6348417e-07 7.3452240e-05 3.9248016e-02 7.9679966e-01 1.5910824e-01
 4.7390801e-03 3.0890838e-05 3.9000534e-07 3.2023801e-09]"
D:\Uni\Ulm\Master\Hiwi-Forschung-und-Lehre\FairFace\detected_faces\1127815_face0.jpg,Black,Black,Male,20-29,"[3.8520166e-06 9.9969155e-01 2.4118086e-05 2.4814852e-08 4.8682426e-07
 2.7958513e-04 4.3302052e-07]",[9.3144474e-05 9.7874886e-01 2.9119947e-05 2.1128781e-02],[0.94496775 0.05503222],"[3.2740817e-07 5.0702773e-04 4.6787545e-02 6.6924608e-01 2.7700025e-01
 6.3811303e-03 7.6867196e-05 7.1277492e-07 1.7682883e-08]"
D:\Uni\Ulm\Master\Hiwi-Forschung-und-Lehre\FairFace\detected_faces\1127868_face0.jpg,Middle Eastern,White,Male,10-19,"[3.39687094e-02 3.87612927e-05 2.66359430e-02 1.22203355e-05
 4.68365361e-05 4.98649722e-04 9.38798904e-01]",[0.9560661  0.00368736 0.00527266 0.03497386],[9.9992090e-01 7.9037156e-05],"[1.0582144e-06 1.5299598e-03 5.4997545e-01 4.2726487e-01 2.0240640e-02
 9.7959873e-04 8.1663629e-06 2.5864290e-07 4.2365826e-09]"
D:\Uni\Ulm\Master\Hiwi-Forschung-und-Lehre\FairFace\detected_faces\1128063_face0.jpg,White,White,Male,30-39,"[7.7462828e-01 4.0248374e-04 9.6895888e-02 2.9987512e-05 1.6694816e-04
 2.8791311e-03 1.2499721e-01]",[9.9257976e-01 3.0183038e-03 5.8380485e-04 3.8180926e-03],[9.9999964e-01 2.9993905e-07],"[3.4722194e-07 4.8556258e-06 4.8868224e-04 4.1780010e-01 5.6855661e-01
 1.3097241e-02 5.1594685e-05 5.5957958e-07 6.4339560e-09]"
D:\Uni\Ulm\Master\Hiwi-Forschung-und-Lehre\FairFace\detected_faces\1128561_face0.jpg,White,White,Male,20-29,"[9.9510723e-01 3.9851531e-07 5.4731831e-04 1.7343746e-05 1.0865089e-05
 1.2875752e-05 4.3039648e-03]",[9.9970949e-01 2.5350088e-05 2.9163357e-05 2.3592872e-04],[9.9984103e-01 1.5898845e-04],"[3.1290092e-06 3.0998816e-04 3.5993371e-02 8.3594054e-01 1.2625849e-01
 1.4910770e-03 3.3243803e-06 5.9098987e-08 1.9926270e-09]"
D:\Uni\Ulm\Master\Hiwi-Forschung-und-Lehre\FairFace\detected_faces\1128634_face0.jpg,White,White,Male,20-29,"[9.9996662e-01 1.3966414e-07 5.0003923e-06 2.1374608e-06 2.6310533e-06
 6.7372383e-08 2.3414073e-05]",[9.9998379e-01 5.3415010e-06 9.9862818e-06 8.9778405e-07],[9.9965298e-01 3.4700934e-04],"[1.9991501e-07 4.9248355e-04 3.4998724e-01 6.3950491e-01 9.9023674e-03
 1.1212338e-04 6.4892726e-07 1.4332541e-08 8.7169882e-10]"
D:\Uni\Ulm\Master\Hiwi-Forschung-und-Lehre\FairFace\detected_faces\1128638_face0.jpg,Latino_Hispanic,Black,Male,20-29,"[5.8439340e-02 2.7967375e-02 8.5549831e-01 6.9309276e-04 8.5655963e-03
 1.2804882e-02 3.6031455e-02]",[0.05578323 0.49813956 0.1450559  0.30102128],[9.9999946e-01 4.8592528e-07],"[5.1874800e-08 3.4536191e-05 9.2000909e-02 8.8946885e-01 1.8356245e-02
 1.3888998e-04 5.3923895e-07 2.2163725e-08 3.6548703e-10]"
D:\Uni\Ulm\Master\Hiwi-Forschung-und-Lehre\FairFace\detected_faces\1128643_face0.jpg,Middle Eastern,Indian,Male,20-29,"[6.4426358e-03 1.8101005e-02 2.0067465e-01 4.8374859e-06 1.1506451e-04
 1.1160853e-01 6.6305327e-01]",[2.1728158e-02 4.2781603e-01 5.4098724e-04 5.4991478e-01],[9.9999952e-01 4.8243953e-07],"[2.0869861e-07 1.6639357e-04 3.1436697e-02 8.7423009e-01 9.2953749e-02
 1.2093153e-03 3.5279511e-06 8.1656111e-08 7.2360545e-10]"
D:\Uni\Ulm\Master\Hiwi-Forschung-und-Lehre\FairFace\detected_faces\1128792_face0.jpg,White,White,Male,20-29,"[6.4705306e-01 1.2706176e-04 5.6217398e-02 5.3772994e-04 1.7026485e-03
 5.7153841e-03 2.8864679e-01]",[9.9726427e-01 4.9727751e-05 9.9840213e-04 1.6875749e-03],[9.999602e-01 3.986666e-05],"[3.4714988e-06 9.7237455e-05 2.8706061e-02 7.1157718e-01 2.4515016e-01
 1.4333527e-02 1.2806160e-04 4.1790690e-06 8.8086480e-08]"
D:\Uni\Ulm\Master\Hiwi-Forschung-und-Lehre\FairFace\detected_faces\1128801_face0.jpg,White,White,Male,10-19,"[9.9104613e-01 4.3776172e-06 3.8168696e-03 6.1370170e-05 8.9839501e-05
 1.3186058e-05 4.9682683e-03]",[9.9862707e-01 1.4961763e-04 1.0728084e-03 1.5056402e-04],[1.0000000e+00 2.9700164e-08],"[2.5994865e-07 2.5665602e-03 8.6578614e-01 1.2597196e-01 5.4517118e-03
 2.2206524e-04 1.2652880e-06 1.6526673e-08 1.7944923e-10]"
D:\Uni\Ulm\Master\Hiwi-Forschung-und-Lehre\FairFace\detected_faces\1129032_face0.jpg,Black,Black,Male,20-29,"[9.3425734e-07 9.9994737e-01 2.0238142e-05 1.7554497e-07 4.9734276e-06
 2.5588590e-05 7.4622642e-07]",[4.9303463e-07 9.9998808e-01 4.7140461e-06 6.7140959e-06],[9.9996799e-01 3.2004617e-05],"[2.4730394e-07 1.3064146e-04 3.7793487e-02 8.3647656e-01 1.2237710e-01
 3.2063830e-03 1.5267082e-05 1.8388080e-07 1.1614764e-08]"
D:\Uni\Ulm\Master\Hiwi-Forschung-und-Lehre\FairFace\detected_faces\1129118_face0.jpg,Black,Black,Male,30-39,"[1.2138145e-05 9.9963468e-01 1.2843327e-04 5.9318211e-07 1.9524727e-05
 1.5844153e-04 4.6196830e-05]",[5.1959021e-05 9.9987465e-01 3.4893059e-05 3.8460250e-05],[9.9965054e-01 3.4948025e-04],"[3.1666929e-07 2.0893278e-05 4.0190862e-03 3.1996757e-01 6.3324404e-01
 4.2290978e-02 4.5270703e-04 4.2866995e-06 1.1668037e-07]"
D:\Uni\Ulm\Master\Hiwi-Forschung-und-Lehre\FairFace\detected_faces\1129120_face0.jpg,Middle Eastern,White,Male,20-29,"[3.37938160e-01 1.06226136e-04 1.47272006e-01 2.09679056e-04
 4.30127257e-04 8.76464993e-02 4.26397294e-01]",[0.6982095  0.00103974 0.00863579 0.29211485],[9.9997532e-01 2.4732917e-05],"[8.7810508e-07 2.6500808e-05 1.1756011e-02 7.4731302e-01 2.3529403e-01
 5.5843806e-03 2.4607947e-05 5.8686521e-07 9.2398551e-09]"
D:\Uni\Ulm\Master\Hiwi-Forschung-und-Lehre\FairFace\detected_faces\1129145_face0.jpg,Black,Black,Female,20-29,"[1.2017213e-07 9.9999642e-01 1.8469483e-06 4.3420084e-08 4.9896528e-07
 1.1935127e-06 3.1201118e-08]",[7.9394475e-08 9.9999881e-01 6.8495558e-07 4.0528948e-07],[0.35531318 0.6446868 ],"[7.5459255e-08 4.7667732e-04 2.0240466e-01 6.9922787e-01 9.6479900e-02
 1.4033098e-03 7.4737804e-06 5.8943126e-08 4.5998974e-09]"
D:\Uni\Ulm\Master\Hiwi-Forschung-und-Lehre\FairFace\detected_faces\1129360_face0.jpg,White,White,Male,10-19,"[9.9840832e-01 3.4077693e-06 4.1556946e-04 2.8705751e-06 1.4811188e-05
 6.7521282e-06 1.1481586e-03]",[9.99274254e-01 2.77203915e-04 3.47822468e-04 1.00808604e-04],[9.99999881e-01 1.00065506e-07],"[8.9281502e-06 8.5172057e-03 4.8556274e-01 4.1013122e-01 8.5098840e-02
 1.0552528e-02 1.2678918e-04 1.6918327e-06 2.9808774e-08]"
D:\Uni\Ulm\Master\Hiwi-Forschung-und-Lehre\FairFace\detected_faces\1129364_face0.jpg,White,White,Male,20-29,"[9.6113992e-01 1.5998916e-05 3.7671428e-03 5.0946533e-06 1.0850600e-05
 1.3494829e-05 3.5047453e-02]",[9.9980736e-01 1.2034559e-04 4.0634932e-05 3.1651911e-05],[9.9999970e-01 2.3206997e-07],"[8.5874071e-08 1.4668012e-05 1.5834494e-02 8.8683116e-01 9.6667819e-02
 6.4986025e-04 1.8131581e-06 2.1049223e-08 3.4801209e-10]"
D:\Uni\Ulm\Master\Hiwi-Forschung-und-Lehre\FairFace\detected_faces\1129365_face0.jpg,White,White,Male,20-29,"[9.9932373e-01 2.0846501e-06 1.0119213e-04 3.5220896e-06 7.0969204e-06
 4.3549304e-07 5.6182034e-04]",[9.9952143e-01 3.5554901e-04 1.1625485e-04 6.7559931e-06],[0.9987178  0.00128219],"[1.3277837e-07 6.0320093e-04 4.0292612e-01 5.7558417e-01 2.0268099e-02
 6.0929166e-04 8.6005975e-06 3.8627829e-07 2.0436731e-08]"
D:\Uni\Ulm\Master\Hiwi-Forschung-und-Lehre\FairFace\detected_faces\1129366_face0.jpg,White,White,Male,20-29,"[9.9764115e-01 2.4140922e-05 7.1341189e-04 1.1816952e-06 4.3826712e-06
 2.0390553e-06 1.6136903e-03]",[9.9942523e-01 4.7812535e-04 8.0251084e-05 1.6367720e-05],[9.9998271e-01 1.7337481e-05],"[3.8007117e-09 5.3514680e-07 1.5743624e-02 9.2167532e-01 6.1229929e-02
 1.3393727e-03 1.1002803e-05 1.5961106e-07 3.3298240e-09]"
D:\Uni\Ulm\Master\Hiwi-Forschung-und-Lehre\FairFace\detected_faces\1129371_face0.jpg,White,White,Male,20-29,"[9.99846637e-01 1.42799081e-06 2.51092952e-05 3.84493569e-06
 6.66460710e-06 5.10183384e-07 1.15795636e-04]",[9.9674773e-01 4.4396330e-04 2.7636248e-03 4.4717468e-05],[9.9999964e-01 3.7930965e-07],"[1.70719488e-07 2.13070307e-04 1.23823136e-01 8.21746230e-01
 5.21509089e-02 2.03694706e-03 2.92095046e-05 3.01666034e-07
 1.24145219e-08]"
D:\Uni\Ulm\Master\Hiwi-Forschung-und-Lehre\FairFace\detected_faces\1129544_face0.jpg,White,White,Male,20-29,"[9.9360514e-01 1.0913711e-06 1.1921337e-04 1.0965031e-06 1.0702489e-06
 5.3764842e-07 6.2717660e-03]",[9.9997348e-01 1.7165448e-05 6.5279969e-06 2.9784103e-06],[9.9992973e-01 7.0213246e-05],"[5.7354434e-08 1.1706178e-04 3.4979767e-01 6.4483929e-01 5.1871734e-03
 5.8487483e-05 2.4181870e-07 5.8204570e-09 1.7318423e-10]"
D:\Uni\Ulm\Master\Hiwi-Forschung-und-Lehre\FairFace\detected_faces\1129765_face0.jpg,White,White,Male,20-29,"[9.7912633e-01 1.6568586e-06 3.2278721e-03 7.8117206e-05 8.5774205e-05
 9.3372000e-05 1.7386813e-02]",[9.9875873e-01 4.3121479e-05 5.5142166e-04 6.4674806e-04],[1.000000e+00 2.026832e-08],"[5.1369318e-07 9.0387497e-05 1.8080521e-02 7.0473129e-01 2.7128986e-01
 5.7959370e-03 1.1417675e-05 8.4852985e-08 6.8228384e-10]"
D:\Uni\Ulm\Master\Hiwi-Forschung-und-Lehre\FairFace\detected_faces\1129935_face0.jpg,Latino_Hispanic,Black,Male,10-19,"[2.0830551e-01 3.3159640e-02 7.3599499e-01 6.3297764e-04 1.0823925e-02
 8.9170858e-03 2.1659182e-03]",[0.1810513  0.675474   0.01815893 0.12531574],[1.000000e+00 7.774367e-09],"[1.0202880e-06 9.0602721e-04 5.6960112e-01 3.9902580e-01 2.6656248e-02
 3.5928870e-03 2.1215092e-04 4.6419691e-06 3.2999342e-08]"
D:\Uni\Ulm\Master\Hiwi-Forschung-und-Lehre\FairFace\detected_faces\1129940_face0.jpg,White,White,Male,20-29,"[8.9187568e-01 1.8024199e-05 1.4054705e-02 2.4063203e-05 4.2750511e-05
 5.5584562e-05 9.3929164e-02]",[9.9987370e-01 3.8517177e-05 6.4310894e-05 2.3412586e-05],[9.999984e-01 1.619692e-06],"[3.4968099e-07 8.7862965e-05 4.5766748e-02 8.3562666e-01 1.1660248e-01
 1.9103892e-03 5.3974700e-06 4.6738808e-08 4.4461443e-10]"
D:\Uni\Ulm\Master\Hiwi-Forschung-und-Lehre\FairFace\detected_faces\1130067_face0.jpg,Middle Eastern,White,Male,20-29,"[1.3188709e-01 1.8234771e-03 3.5847217e-01 1.6927357e-05 3.6072137e-04
 7.0285127e-02 4.3715447e-01]",[0.53793824 0.09216088 0.00203021 0.3678707 ],[9.9999958e-01 4.0540456e-07],"[1.9641877e-07 1.8357625e-04 4.3893415e-02 8.3579952e-01 1.1867816e-01
 1.4423118e-03 2.8462350e-06 3.2025092e-08 3.2723785e-10]"
D:\Uni\Ulm\Master\Hiwi-Forschung-und-Lehre\FairFace\detected_faces\1130068_face0.jpg,White,White,Male,20-29,"[9.9992931e-01 4.9481417e-07 9.1548181e-06 2.4086575e-07 4.8115874e-07
 1.4597373e-07 6.0234950e-05]",[9.9998689e-01 5.0759195e-06 6.3684770e-06 1.6633112e-06],[1.00000000e+00 1.40353045e-08],"[9.6094634e-09 1.3866491e-05 7.3381379e-02 9.1475922e-01 1.1719421e-02
 1.2519855e-04 8.6223571e-07 2.3596987e-08 4.5747700e-10]"
D:\Uni\Ulm\Master\Hiwi-Forschung-und-Lehre\FairFace\detected_faces\1130113_face0.jpg,White,White,Male,20-29,"[9.1911483e-01 3.6014546e-05 4.8806190e-02 7.1320843e-05 2.4144414e-04
 1.9877590e-03 2.9742403e-02]",[9.8909640e-01 3.1139317e-04 1.5727148e-03 9.0194903e-03],[9.999139e-01 8.614075e-05],"[8.5263876e-09 1.8882472e-05 4.2749565e-02 9.4134378e-01 1.5822187e-02
 6.5431959e-05 1.4509953e-07 2.1846660e-09 6.3804594e-11]"
D:\Uni\Ulm\Master\Hiwi-Forschung-und-Lehre\FairFace\detected_faces\1130114_face0.jpg,White,White,Male,20-29,"[6.8315488e-01 1.2149356e-03 2.8345755e-01 3.4145120e-04 7.7169115e-04
 2.5644936e-04 3.0802991e-02]",[9.7768170e-01 1.8774873e-02 2.7675985e-03 7.7590725e-04],[9.9999738e-01 2.6028536e-06],"[1.0738753e-07 4.6018115e-05 1.7063798e-01 7.9844302e-01 3.0501883e-02
 3.6720073e-04 3.7172872e-06 9.1687845e-08 1.2521405e-09]"
D:\Uni\Ulm\Master\Hiwi-Forschung-und-Lehre\FairFace\detected_faces\1130116_face0.jpg,White,White,Male,20-29,"[9.7422147e-01 1.7895283e-05 1.5877534e-02 2.1433519e-04 3.3192645e-04
 4.3467753e-05 9.2934566e-03]",[9.9753922e-01 5.1812525e-04 1.3196334e-03 6.2296021e-04],[1.000000e+00 7.701744e-09],"[1.1976526e-07 1.7014072e-04 1.8119425e-01 7.5619566e-01 6.1473235e-02
 9.6367148e-04 2.9326393e-06 3.2865508e-08 3.3009401e-10]"
D:\Uni\Ulm\Master\Hiwi-Forschung-und-Lehre\FairFace\detected_faces\1130156_face0.jpg,Latino_Hispanic,White,Male,20-29,"[2.0610599e-01 2.5853403e-03 7.4995089e-01 6.9477406e-05 4.4252878e-04
 6.9479449e-03 3.3897948e-02]",[0.51624787 0.19863167 0.01031581 0.27480468],[9.9998170e-01 1.8266332e-05],"[3.0193953e-06 5.8000832e-04 7.8993820e-02 7.0288759e-01 1.9449522e-01
 2.2651233e-02 3.8304343e-04 5.9707336e-06 7.6760990e-08]"
D:\Uni\Ulm\Master\Hiwi-Forschung-und-Lehre\FairFace\detected_faces\1130222_face0.jpg,White,White,Male,20-29,"[8.7770081e-01 5.4127046e-05 1.7953014e-02 1.0162275e-04 2.1857618e-04
 4.0009199e-05 1.0393183e-01]",[9.9865466e-01 6.0324650e-04 5.7579367e-04 1.6638503e-04],[9.9996579e-01 3.4222023e-05],"[9.7834992e-08 1.7577804e-04 2.6076874e-01 7.0245355e-01 3.5753075e-02
 8.4406679e-04 4.5986176e-06 8.2848047e-08 1.0293952e-09]"
D:\Uni\Ulm\Master\Hiwi-Forschung-und-Lehre\FairFace\detected_faces\1130223_face0.jpg,White,White,Male,20-29,"[9.9999762e-01 1.1419039e-07 5.6813445e-07 1.0566209e-07 2.5520322e-07
 5.9352598e-08 1.4133770e-06]",[9.9992037e-01 6.0103193e-05 9.6042459e-06 9.8736864e-06],[9.9998981e-01 1.0199791e-05],"[6.2659240e-07 4.8456405e-04 1.4597145e-01 6.9472533e-01 1.2436633e-01
 3.1481273e-02 2.9004780e-03 6.5029504e-05 4.8980369e-06]"
D:\Uni\Ulm\Master\Hiwi-Forschung-und-Lehre\FairFace\detected_faces\1130346_face0.jpg,White,White,Male,10-19,"[9.3520105e-01 3.6375790e-05 5.8645941e-03 2.7626080e-05 2.2504581e-05
 7.3424440e-06 5.8840573e-02]",[9.9640125e-01 2.8965143e-03 4.3568623e-04 2.6654475e-04],[9.9983531e-01 1.6470351e-04],"[2.4223764e-08 5.4930936e-04 8.8234323e-01 1.1651992e-01 5.7863881e-04
 8.7895241e-06 3.6518827e-08 1.2409220e-09 3.5420666e-11]"
D:\Uni\Ulm\Master\Hiwi-Forschung-und-Lehre\FairFace\detected_faces\1130347_face0.jpg,Black,Black,Male,30-39,"[1.6239896e-07 9.9995261e-01 3.9662123e-06 1.5276576e-07 2.6980736e-06
 4.0516326e-05 4.6423626e-08]",[2.7297745e-07 9.9987364e-01 4.6740701e-05 7.9294587e-05],[0.9986862  0.00131378],"[2.2573488e-08 1.6071565e-06 2.2819007e-03 4.4859716e-01 4.8912367e-01
 5.8810014e-02 1.1776802e-03 7.5396883e-06 3.7764002e-07]"
D:\Uni\Ulm\Master\Hiwi-Forschung-und-Lehre\FairFace\detected_faces\1130349_face0.jpg,Latino_Hispanic,Black,Male,20-29,"[2.5783863e-02 1.7268737e-01 7.7460504e-01 9.8368415e-05 1.0787405e-03
 1.4300570e-02 1.1446046e-02]",[1.9084138e-03 9.8882979e-01 3.3940110e-04 8.9223795e-03],[9.999996e-01 3.649802e-07],"[2.2843605e-07 1.4111362e-05 2.1505088e-02 8.4617370e-01 1.2861934e-01
 3.6392559e-03 4.7648049e-05 6.6898087e-07 9.9186739e-09]"
D:\Uni\Ulm\Master\Hiwi-Forschung-und-Lehre\FairFace\detected_faces\1130363_face0.jpg,White,White,Male,20-29,"[9.3166804e-01 6.6392146e-05 1.0864773e-02 3.4313689e-05 6.8129331e-05
 4.5676330e-05 5.7252746e-02]",[9.9829865e-01 1.0974939e-03 2.0650661e-04 3.9744738e-04],[1.0000000e+00 1.4376299e-08],"[6.7857776e-08 3.7076028e-05 3.1222465e-02 9.0501046e-01 6.2965788e-02
 7.6117570e-04 2.9287808e-06 4.0850814e-08 4.6114798e-10]"
D:\Uni\Ulm\Master\Hiwi-Forschung-und-Lehre\FairFace\detected_faces\1130473_face0.jpg,White,White,Male,20-29,"[6.1373121e-01 3.2305060e-04 1.6498615e-01 1.6689474e-02 1.4861053e-02
 3.8111850e-04 1.8902808e-01]",[0.9546001  0.00789959 0.0347583  0.00274211],[9.99897957e-01 1.02079044e-04],"[1.9389068e-07 2.9145678e-05 7.6876037e-02 8.2929873e-01 9.1033496e-02
 2.7272415e-03 3.4131783e-05 1.0724938e-06 2.2736829e-08]"
D:\Uni\Ulm\Master\Hiwi-Forschung-und-Lehre\FairFace\detected_faces\1130503_face0.jpg,White,White,Male,20-29,"[0.4915485  0.0018458  0.4301967  0.00081585 0.0011178  0.00071186
 0.0737635 ]",[0.86108    0.043797   0.06077126 0.03435174],[9.9992037e-01 7.9684753e-05],"[3.6141196e-07 7.8992773e-05 1.4035985e-01 7.5742936e-01 9.6055128e-02
 5.9730783e-03 1.0032562e-04 2.9826501e-06 3.2474727e-08]"
D:\Uni\Ulm\Master\Hiwi-Forschung-und-Lehre\FairFace\detected_faces\1130505_face0.jpg,White,White,Male,10-19,"[9.7140402e-01 2.2433980e-05 7.7298451e-03 2.1282725e-04 2.9569841e-04
 6.8095927e-05 2.0267071e-02]",[9.98595178e-01 2.51072779e-05 1.27573416e-03 1.03880535e-04],[9.9996692e-01 3.3034594e-05],"[7.8905330e-08 2.0483824e-04 5.4107827e-01 4.5340607e-01 5.2630943e-03
 4.7465819e-05 1.4192628e-07 3.4134939e-09 6.2854631e-11]"
D:\Uni\Ulm\Master\Hiwi-Forschung-und-Lehre\FairFace\detected_faces\1130516_face0.jpg,Middle Eastern,White,Male,20-29,"[4.5784074e-01 9.2876807e-04 5.9411969e-02 5.1190314e-04 1.4244271e-03
 3.7404208e-04 4.7950816e-01]",[0.99245733 0.00281876 0.00232372 0.00240017],[9.9999928e-01 6.7947036e-07],"[5.3291512e-08 4.3272357e-05 6.9483213e-02 8.9384151e-01 3.6451571e-02
 1.7994277e-04 5.1190574e-07 1.3545052e-08 2.2609548e-10]"
D:\Uni\Ulm\Master\Hiwi-Forschung-und-Lehre\FairFace\detected_faces\1130614_face0.jpg,White,White,Male,20-29,"[4.1286579e-01 3.7497379e-02 2.2119129e-01 1.2425719e-04 1.0010711e-03
 2.3991162e-02 3.0332899e-01]",[0.9568592  0.01888283 0.0019413  0.02231661],[9.999944e-01 5.646530e-06],"[2.7698884e-06 5.7780370e-04 5.1641006e-02 7.6501077e-01 1.7680964e-01
 5.8869794e-03 6.7255067e-05 3.6969607e-06 8.8462961e-08]"
D:\Uni\Ulm\Master\Hiwi-Forschung-und-Lehre\FairFace\detected_faces\1130647_face0.jpg,White,White,Male,10-19,"[9.9978530e-01 5.6091203e-09 1.0232555e-05 3.0519607e-07 3.9796160e-07
 2.2446969e-07 2.0351431e-04]",[9.9996990e-01 1.8336398e-06 2.3252493e-05 5.0091012e-06],[9.999901e-01 9.951830e-06],"[6.8486190e-07 1.2430993e-02 9.7207260e-01 1.5298285e-02 1.8575875e-04
 1.1623083e-05 4.5487333e-08 1.2308677e-09 5.4839550e-11]"
D:\Uni\Ulm\Master\Hiwi-Forschung-und-Lehre\FairFace\detected_faces\1130660_face0.jpg,Latino_Hispanic,Indian,Male,10-19,"[1.2714249e-01 1.1013397e-02 8.3805299e-01 4.8827464e-05 1.0488424e-03
 1.0555910e-02 1.2137574e-02]",[0.18320109 0.07834453 0.03666192 0.7017924 ],[9.9999815e-01 1.8735682e-06],"[1.3907156e-07 2.6844864e-04 5.7998556e-01 4.1359666e-01 6.0436754e-03
 1.0491702e-04 6.8826063e-07 2.5586603e-08 3.3503078e-10]"
D:\Uni\Ulm\Master\Hiwi-Forschung-und-Lehre\FairFace\detected_faces\1130662_face0.jpg,Black,Black,Male,20-29,"[1.7450211e-07 9.9998128e-01 1.0973531e-06 1.0213735e-09 1.5287378e-08
 1.6603832e-05 8.0973297e-07]",[2.2637947e-07 9.9999714e-01 9.4505104e-08 2.5275995e-06],[9.999092e-01 9.072658e-05],"[5.3924737e-08 1.1915247e-03 3.5771158e-01 6.0459095e-01 3.6142938e-02
 3.6194711e-04 1.0454864e-06 1.4739839e-08 7.2181361e-10]"
D:\Uni\Ulm\Master\Hiwi-Forschung-und-Lehre\FairFace\detected_faces\1130801_face0.jpg,White,White,Male,20-29,"[9.4875157e-01 2.4409718e-03 4.3077596e-02 1.7719189e-05 9.4742478e-05
 3.3574914e-05 5.5838698e-03]",[8.9429873e-01 1.0487554e-01 6.3319801e-04 1.9255384e-04],[9.9999952e-01 4.8375466e-07],"[2.6900375e-07 2.9341585e-05 1.0716276e-02 7.3432368e-01 2.4668357e-01
 8.1650764e-03 8.0650163e-05 1.2006723e-06 2.2023128e-08]"
D:\Uni\Ulm\Master\Hiwi-Forschung-und-Lehre\FairFace\detected_faces\1130804_face0.jpg,White,White,Male,10-19,"[9.9754781e-01 1.7188006e-07 5.4666751e-05 4.7852950e-06 2.9630339e-06
 1.9428266e-07 2.3893868e-03]",[9.99931574e-01 1.01764135e-05 5.10891223e-05 7.14748512e-06],[9.9999839e-01 1.6361064e-06],"[2.5438426e-08 2.1550729e-04 6.2229645e-01 3.7589025e-01 1.5866632e-03
 1.1033344e-05 1.9290381e-08 2.7190358e-10 4.6841641e-12]"
D:\Uni\Ulm\Master\Hiwi-Forschung-und-Lehre\FairFace\detected_faces\1130805_face0.jpg,White,White,Male,20-29,"[9.9954891e-01 4.2941156e-07 2.2067520e-04 2.2091197e-06 3.8343564e-06
 2.5232268e-06 2.2137933e-04]",[9.9986696e-01 1.4438824e-05 5.1579445e-05 6.7031775e-05],[1.0000000e+00 1.9748361e-08],"[2.8457812e-08 3.1430642e-05 7.7014022e-02 8.6697048e-01 5.4217994e-02
 1.7532916e-03 1.2599496e-05 9.3026038e-08 1.0484574e-09]"
D:\Uni\Ulm\Master\Hiwi-Forschung-und-Lehre\FairFace\detected_faces\1130806_face0.jpg,Middle Eastern,White,Male,20-29,"[2.9027507e-01 7.7318968e-05 1.1519495e-01 1.5663149e-05 7.8827936e-05
 3.4125997e-03 5.9094554e-01]",[9.9611044e-01 1.5516454e-04 1.7262741e-04 3.5617319e-03],[9.999994e-01 5.571739e-07],"[3.9193267e-08 1.3637630e-04 4.7910205e-01 5.1709670e-01 3.6403199e-03
 2.4493189e-05 4.4208782e-08 1.4966153e-09 1.3307973e-11]"
D:\Uni\Ulm\Master\Hiwi-Forschung-und-Lehre\FairFace\detected_faces\1130843_face0.jpg,White,White,Male,10-19,"[9.9292511e-01 1.1480822e-06 4.1577982e-04 2.6606847e-05 3.8694048e-05
 6.9107659e-06 6.5856557e-03]",[9.9971235e-01 3.0026325e-05 2.4107970e-04 1.6520602e-05],[9.9998641e-01 1.3579279e-05],"[1.9977457e-05 1.3222229e-01 8.6199516e-01 3.8345195e-03 1.0304754e-03
 8.3575200e-04 5.7497389e-05 4.1754379e-06 1.7830131e-07]"
D:\Uni\Ulm\Master\Hiwi-Forschung-und-Lehre\FairFace\detected_faces\1130844_face0.jpg,Black,Black,Male,20-29,"[2.1752144e-06 9.9830133e-01 4.2897722e-05 3.5610271e-06 5.3279367e-05
 1.5952870e-03 1.4144493e-06]",[6.3968423e-07 9.9996710e-01 1.7385024e-06 3.0516027e-05],[0.91217774 0.08782229],"[1.9457229e-06 1.8524203e-03 2.0174745e-01 6.4194655e-01 1.4116238e-01
 1.2739344e-02 5.3759961e-04 1.1408965e-05 8.6146503e-07]"
D:\Uni\Ulm\Master\Hiwi-Forschung-und-Lehre\FairFace\detected_faces\1130851_face0.jpg,White,White,Male,20-29,"[9.8955518e-01 1.0885251e-04 5.5420250e-03 3.5728174e-06 1.3838105e-05
 5.9353828e-05 4.7171270e-03]",[9.9983329e-01 5.2187253e-05 4.2079730e-05 7.2389354e-05],[1.000000e+00 6.156104e-09],"[1.9380742e-07 2.6034251e-05 2.4667935e-02 9.1559368e-01 5.9130382e-02
 5.7919830e-04 2.4540334e-06 5.8683185e-08 7.5203821e-10]"
D:\Uni\Ulm\Master\Hiwi-Forschung-und-Lehre\FairFace\detected_faces\1130861_face0.jpg,Middle Eastern,Indian,Male,20-29,"[7.9903631e-03 9.6562704e-05 4.2405136e-02 4.0668183e-05 2.3216786e-04
 5.7351859e-03 9.4349992e-01]",[0.42502648 0.01055816 0.0513524  0.51306295],[1.0000000e+00 1.2424363e-08],"[3.2585746e-07 1.2929591e-04 5.4828484e-02 8.9407021e-01 5.0405826e-02
 5.6439528e-04 1.5730666e-06 3.4579948e-08 2.4125182e-10]"
D:\Uni\Ulm\Master\Hiwi-Forschung-und-Lehre\FairFace\detected_faces\1130872_face0.jpg,White,White,Male,30-39,"[0.58195883 0.00075288 0.2808427  0.00244223 0.00281999 0.0032527
 0.12793073]",[9.9659795e-01 4.8147555e-04 2.0320991e-03 8.8845298e-04],[9.9999905e-01 9.6030192e-07],"[2.6995976e-05 6.8396225e-04 6.3209576e-03 4.4676918e-01 5.2399504e-01
 2.2106975e-02 9.5099625e-05 1.8211530e-06 2.7102743e-08]"
D:\Uni\Ulm\Master\Hiwi-Forschung-und-Lehre\FairFace\detected_faces\1130909_face0.jpg,White,White,Male,20-29,"[9.9989820e-01 7.9899692e-08 2.8714623e-05 4.5822870e-07 7.7179533e-07
 3.9154082e-07 7.1290844e-05]",[9.9892503e-01 6.9728590e-06 1.0233417e-03 4.4670967e-05],[9.999997e-01 3.146866e-07],"[5.8558309e-09 1.1448150e-05 5.4595515e-02 9.0460908e-01 3.9502766e-02
 1.2744929e-03 6.5967602e-06 8.6503675e-08 1.1197546e-09]"
D:\Uni\Ulm\Master\Hiwi-Forschung-und-Lehre\FairFace\detected_faces\1130918_face0.jpg,Black,Black,Male,20-29,"[5.2225373e-06 9.9771994e-01 8.0213656e-05 7.0956943e-08 1.6969265e-06
 2.1864013e-03 6.3889847e-06]",[2.1874760e-06 9.9963415e-01 9.4294899e-07 3.6270969e-04],[9.9997920e-01 2.0800864e-05],"[9.66594005e-09 9.72922589e-06 1.11204125e-02 7.30212808e-01
 2.55711913e-01 2.93704472e-03 7.96740824e-06 5.05296320e-08
 1.40505130e-09]"
D:\Uni\Ulm\Master\Hiwi-Forschung-und-Lehre\FairFace\detected_faces\1130946_face0.jpg,Middle Eastern,Indian,Male,30-39,"[5.1243547e-03 4.0886253e-03 1.3330187e-01 1.3173798e-05 2.0648741e-04
 3.7541026e-01 4.8185521e-01]",[0.01453947 0.04126397 0.00114086 0.9430556 ],[9.9999881e-01 1.1776672e-06],"[5.9582167e-06 1.0051267e-04 1.8059436e-03 2.1708639e-01 6.9369131e-01
 8.6794287e-02 5.1043107e-04 5.2290820e-06 5.7682279e-08]"
D:\Uni\Ulm\Master\Hiwi-Forschung-und-Lehre\FairFace\detected_faces\1130950_face0.jpg,Middle Eastern,White,Male,20-29,"[2.5462471e-02 4.4582548e-06 4.6179830e-03 4.6479718e-06 1.7088834e-05
 3.1960683e-04 9.6957374e-01]",[9.7859633e-01 3.6756808e-04 5.3814583e-04 2.0497864e-02],[9.999899e-01 1.010633e-05],"[3.5912365e-08 7.7551849e-06 2.8457161e-02 9.0088069e-01 7.0246913e-02
 4.0693692e-04 5.8678376e-07 6.9670834e-09 9.2322539e-11]"
D:\Uni\Ulm\Master\Hiwi-Forschung-und-Lehre\FairFace\detected_faces\1130992_face0.jpg,White,White,Male,20-29,"[9.9912375e-01 6.1674996e-06 3.7545720e-04 6.2407744e-05 6.8711284e-05
 5.6298309e-06 3.5798899e-04]",[9.9921966e-01 3.1623400e-05 7.1185519e-04 3.6873691e-05],[9.9975765e-01 2.4232200e-04],"[1.5768610e-08 7.4852419e-06 2.3549799e-02 9.5504904e-01 2.1357652e-02
 3.5916804e-05 9.3034842e-08 9.5478281e-10 4.3678821e-11]"
D:\Uni\Ulm\Master\Hiwi-Forschung-und-Lehre\FairFace\detected_faces\1131002_face0.jpg,Latino_Hispanic,Black,Male,10-19,"[3.7088108e-01 1.5806232e-01 4.3486190e-01 2.0575544e-03 3.4143094e-03
 3.7493571e-04 3.0347731e-02]",[1.10184304e-01 8.81484926e-01 7.98427407e-03 3.46520945e-04],[0.9970821  0.00291788],"[1.6746761e-05 2.3673922e-03 4.0140128e-01 3.3585310e-01 1.7346324e-01
 7.2657637e-02 1.3057684e-02 1.1416750e-03 4.1219428e-05]"
D:\Uni\Ulm\Master\Hiwi-Forschung-und-Lehre\FairFace\detected_faces\1131005_face0.jpg,Latino_Hispanic,Black,Male,20-29,"[2.43414752e-02 1.58385217e-01 6.64682209e-01 3.44705222e-05
 5.15998050e-04 2.98049543e-02 1.22235686e-01]",[0.02500291 0.80494094 0.00135048 0.16870564],[9.9999034e-01 9.6532121e-06],"[2.70785017e-06 3.96702817e-04 7.05959275e-02 8.03059459e-01
 1.22062266e-01 3.84226325e-03 3.90550849e-05 1.59045487e-06
 2.66032743e-08]"
D:\Uni\Ulm\Master\Hiwi-Forschung-und-Lehre\FairFace\detected_faces\1131006_face0.jpg,Latino_Hispanic,Black,Male,20-29,"[0.1521265  0.0209791  0.7051476  0.00081668 0.00294621 0.00159635
 0.11638756]",[0.43496913 0.51108146 0.02960585 0.02434356],[1.0000000e+00 2.7016258e-09],"[2.1104504e-06 8.0996091e-05 1.2214123e-02 5.9297025e-01 3.7959543e-01
 1.4996093e-02 1.3842910e-04 2.6289135e-06 1.8734090e-08]"
D:\Uni\Ulm\Master\Hiwi-Forschung-und-Lehre\FairFace\detected_faces\1131043_face0.jpg,White,White,Male,20-29,"[5.1544923e-01 2.5024349e-03 4.2095251e-02 3.5574336e-05 6.1486637e-05
 1.2311010e-03 4.3862492e-01]",[0.9912119  0.00497916 0.00185127 0.00195766],[0.9887465  0.01125346],"[1.4013495e-05 3.4476297e-03 4.5500392e-01 5.0260514e-01 3.7380744e-02
 1.5189160e-03 2.7885913e-05 1.5716373e-06 5.8247686e-08]"
D:\Uni\Ulm\Master\Hiwi-Forschung-und-Lehre\FairFace\detected_faces\1131080_face0.jpg,White,White,Male,20-29,"[5.2657288e-01 1.1194145e-04 8.3144484e-03 1.6665645e-04 2.0446184e-04
 3.3909007e-04 4.6429047e-01]",[9.9836391e-01 1.5912975e-04 8.2403980e-04 6.5282994e-04],[9.999955e-01 4.517044e-06],"[2.5562247e-06 5.5229721e-05 6.2507768e-03 7.9733968e-01 1.9317213e-01
 3.1628397e-03 1.6357606e-05 4.7013430e-07 1.0480308e-08]"
D:\Uni\Ulm\Master\Hiwi-Forschung-und-Lehre\FairFace\detected_faces\1131081_face0.jpg,White,White,Male,20-29,"[9.9732196e-01 3.0971446e-06 7.8704377e-04 1.1315895e-05 1.6691889e-05
 1.1088088e-05 1.8487226e-03]",[9.9896967e-01 1.0523155e-04 2.0979311e-04 7.1533775e-04],[9.9999964e-01 4.2456705e-07],"[1.3872037e-09 6.5177369e-06 1.3348253e-01 8.6358047e-01 2.9248821e-03
 5.5315645e-06 6.8751547e-09 1.3334216e-10 2.7817670e-12]"
D:\Uni\Ulm\Master\Hiwi-Forschung-und-Lehre\FairFace\detected_faces\1131258_face0.jpg,Latino_Hispanic,Black,Male,20-29,"[1.2738073e-01 1.5941264e-02 8.4550798e-01 1.5981703e-05 1.5068523e-04
 6.5516853e-03 4.4517168e-03]",[0.11697649 0.7947971  0.00243124 0.0857952 ],[9.9999976e-01 2.2134289e-07],"[1.2060103e-08 5.7278044e-07 3.1545628e-03 7.3964345e-01 2.5246388e-01
 4.7092731e-03 2.7875849e-05 3.8821440e-07 2.4723541e-09]"
D:\Uni\Ulm\Master\Hiwi-Forschung-und-Lehre\FairFace\detected_faces\1131337_face0.jpg,White,White,Male,20-29,"[6.1596096e-01 1.6392822e-05 7.2946278e-03 1.6285067e-05 2.7420629e-05
 1.3352760e-04 3.7655079e-01]",[9.9581283e-01 2.9751980e-03 1.0459663e-04 1.1073144e-03],[9.9999982e-01 1.7116184e-07],"[1.8426942e-07 6.9427253e-05 3.5236903e-02 9.4025427e-01 2.4365133e-02
 7.4030788e-05 6.0182771e-08 8.0283302e-10 1.1085097e-11]"
D:\Uni\Ulm\Master\Hiwi-Forschung-und-Lehre\FairFace\detected_faces\1131338_face0.jpg,White,White,Male,10-19,"[9.9991083e-01 1.8799176e-06 2.8298735e-05 3.0328133e-07 7.1625425e-07
 6.7963612e-08 5.7897567e-05]",[9.9997824e-01 1.5964282e-05 5.3816543e-06 4.8591875e-07],[9.9999964e-01 3.5370840e-07],"[2.3408957e-06 8.4750941e-03 7.3668450e-01 2.4442847e-01 1.0110564e-02
 2.9681361e-04 2.1576777e-06 4.7779046e-08 2.5353355e-09]"
D:\Uni\Ulm\Master\Hiwi-Forschung-und-Lehre\FairFace\detected_faces\1131339_face0.jpg,Black,Black,Male,20-29,"[4.8744276e-08 9.9999350e-01 1.5459203e-06 7.8558928e-09 2.0193643e-07
 4.6554619e-06 2.3439803e-08]",[1.8678966e-07 9.9998236e-01 1.1434606e-05 6.0192369e-06],[9.9983782e-01 1.6219378e-04],"[1.9979380e-08 1.2291872e-06 1.6569578e-03 5.5166060e-01 4.2399344e-01
 2.2559078e-02 1.2818113e-04 5.1889560e-07 2.2255094e-08]"
D:\Uni\Ulm\Master\Hiwi-Forschung-und-Lehre\FairFace\detected_faces\1131448_face0.jpg,Latino_Hispanic,Black,Male,20-29,"[1.6843684e-02 2.6481794e-02 5.0715536e-01 1.8934561e-04 1.2654464e-03
 7.6912977e-02 3.7115142e-01]",[0.01993648 0.5346063  0.00454032 0.4409169 ],[9.999996e-01 4.406387e-07],"[2.0809623e-06 8.2666338e-05 9.3586231e-03 5.9792930e-01 3.6435172e-01
 2.8053038e-02 2.1988570e-04 2.7877522e-06 3.0054405e-08]"
D:\Uni\Ulm\Master\Hiwi-Forschung-und-Lehre\FairFace\detected_faces\1131449_face0.jpg,Black,Black,Male,20-29,"[6.8334639e-03 6.9360900e-01 2.5932258e-01 9.9772500e-05 2.9560518e-03
 3.3564925e-02 3.6142550e-03]",[0.00649373 0.79626703 0.00407049 0.19316877],[9.9999607e-01 3.9291390e-06],"[4.7659844e-07 1.3901423e-04 8.6337939e-02 7.9563415e-01 1.1252357e-01
 5.2365377e-03 1.2678441e-04 1.4498585e-06 3.0643431e-08]"
D:\Uni\Ulm\Master\Hiwi-Forschung-und-Lehre\FairFace\detected_faces\1131451_face0.jpg,Middle Eastern,White,Male,20-29,"[8.7455288e-02 6.0207322e-03 8.4091060e-02 4.6206047e-04 1.1459403e-03
 9.8724989e-03 8.1095237e-01]",[0.9936834  0.00112571 0.00120522 0.00398574],[9.9934179e-01 6.5818906e-04],"[1.3054573e-03 1.7268202e-01 1.9818035e-01 5.4053557e-01 8.5319348e-02
 1.9612976e-03 1.4840277e-05 9.9618558e-07 5.8327487e-08]"
D:\Uni\Ulm\Master\Hiwi-Forschung-und-Lehre\FairFace\detected_faces\1131543_face0.jpg,White,White,Male,10-19,"[9.9489707e-01 2.8092359e-06 6.4573338e-04 9.4651614e-07 1.2320381e-06
 9.6030235e-06 4.4426047e-03]",[9.9985141e-01 7.6979602e-05 1.2291271e-05 5.9294860e-05],[9.9907601e-01 9.2394045e-04],"[9.2961265e-08 3.7766754e-04 7.7874988e-01 2.1630991e-01 4.3353774e-03
 2.2578271e-04 1.2041479e-06 3.2606621e-08 1.3885798e-09]"
D:\Uni\Ulm\Master\Hiwi-Forschung-und-Lehre\FairFace\detected_faces\1131581_face0.jpg,Middle Eastern,Indian,Male,20-29,"[3.7734628e-01 1.9427155e-04 9.7047575e-02 2.0878912e-04 5.1730417e-04
 5.7715058e-02 4.6697071e-01]",[0.48109668 0.00701528 0.00344425 0.5084438 ],[9.999993e-01 7.146613e-07],"[1.3853690e-08 6.2895997e-06 2.4488980e-02 9.3805051e-01 3.7150297e-02
 3.0333397e-04 5.2546483e-07 1.3254593e-08 2.7382763e-10]"
D:\Uni\Ulm\Master\Hiwi-Forschung-und-Lehre\FairFace\detected_faces\1131684_face0.jpg,White,White,Male,20-29,"[9.9944168e-01 9.9375040e-07 3.5976638e-05 6.0635189e-06 4.0919217e-06
 5.1343568e-07 5.1077036e-04]",[9.9997157e-01 6.0171446e-06 2.1541107e-05 7.5339949e-07],[9.9997562e-01 2.4417752e-05],"[1.4552303e-07 4.8864153e-05 1.7043689e-01 8.0943537e-01 1.9582639e-02
 4.9077242e-04 5.1115089e-06 2.2060061e-07 8.3380209e-09]"
D:\Uni\Ulm\Master\Hiwi-Forschung-und-Lehre\FairFace\detected_faces\1131730_face0.jpg,White,White,Male,20-29,"[3.4281680e-01 1.5634416e-02 3.2723513e-01 3.2521918e-04 1.4398674e-03
 1.9393684e-03 3.1060919e-01]",[0.9439587  0.02637087 0.02450461 0.00516591],[1.000000e+00 5.710518e-09],"[5.8848538e-08 1.4348586e-04 2.8634897e-01 7.0507395e-01 8.3429050e-03
 9.0032052e-05 5.7624987e-07 2.3011687e-08 2.1272346e-10]"
D:\Uni\Ulm\Master\Hiwi-Forschung-und-Lehre\FairFace\detected_faces\1131732_face0.jpg,Black,Black,Male,20-29,"[2.1264169e-03 9.2269099e-01 6.4230226e-02 5.7736201e-05 2.3181508e-03
 8.3719762e-03 2.0450370e-04]",[9.2958333e-05 9.9905765e-01 1.5563481e-04 6.9376134e-04],[9.9991643e-01 8.3551233e-05],"[3.25949287e-07 9.93445792e-05 1.67135283e-01 7.54673898e-01
 7.44373500e-02 3.54291964e-03 1.09196684e-04 1.61860657e-06
 4.43607533e-08]"
D:\Uni\Ulm\Master\Hiwi-Forschung-und-Lehre\FairFace\detected_faces\1131887_face0.jpg,White,White,Male,20-29,"[9.9987215e-01 7.4260782e-08 2.4888122e-06 6.6734572e-07 3.6012204e-07
 3.9957474e-08 1.2429459e-04]",[9.9994773e-01 3.5553983e-06 4.1370276e-05 7.3439160e-06],[9.999999e-01 7.540770e-08],"[3.58146686e-08 3.58904945e-05 7.93108791e-02 8.92368913e-01
 2.74857357e-02 7.91878439e-04 6.56812745e-06 1.03037266e-07
 1.43143564e-09]"
D:\Uni\Ulm\Master\Hiwi-Forschung-und-Lehre\FairFace\detected_faces\1131891_face0.jpg,Latino_Hispanic,White,Male,20-29,"[0.0903469  0.00419059 0.7512324  0.00093787 0.00483376 0.00132356
 0.14713494]",[0.76987565 0.07170559 0.15052554 0.00789317],[9.9999875e-01 1.2619123e-06],"[2.2502398e-08 1.1737515e-06 8.5112508e-03 7.6737970e-01 2.1720903e-01
 6.8484927e-03 4.9525792e-05 8.6220251e-07 7.1237571e-09]"
D:\Uni\Ulm\Master\Hiwi-Forschung-und-Lehre\FairFace\detected_faces\1131909_face0.jpg,Middle Eastern,White,Male,30-39,"[3.2634687e-02 3.3156690e-03 7.0251048e-02 8.0061873e-06 3.7313417e-05
 2.5063627e-03 8.9124686e-01]",[8.9382219e-01 5.6700930e-02 7.2786270e-04 4.8749097e-02],[9.9999851e-01 1.4928805e-06],"[5.7184948e-06 1.8349505e-04 2.9367805e-03 4.0414998e-01 5.5656648e-01
 3.5798531e-02 3.5450494e-04 4.4974709e-06 5.8412891e-08]"
D:\Uni\Ulm\Master\Hiwi-Forschung-und-Lehre\FairFace\detected_faces\1131933_face0.jpg,Black,Black,Male,20-29,"[1.9088256e-03 6.6953945e-01 8.4647112e-02 2.3114201e-06 7.1601586e-05
 8.0530420e-03 2.3577768e-01]",[2.2652792e-04 9.9953789e-01 3.1750712e-06 2.3239879e-04],[9.9999982e-01 1.6403791e-07],"[2.4166544e-08 1.1378273e-04 1.6809966e-01 7.9605281e-01 3.5284657e-02
 4.4751546e-04 1.5571842e-06 3.3692782e-08 4.5235854e-10]"
D:\Uni\Ulm\Master\Hiwi-Forschung-und-Lehre\FairFace\detected_faces\1132026_face0.jpg,White,White,Male,20-29,"[9.9952358e-01 5.3897229e-06 3.0456163e-04 3.3215747e-06 9.7693137e-06
 2.7203243e-06 1.5067658e-04]",[9.9958688e-01 3.1620642e-04 7.4785472e-05 2.2150718e-05],[9.9998552e-01 1.4472832e-05],"[6.1410219e-09 6.7335809e-06 7.7631734e-02 8.7400067e-01 4.6334870e-02
 1.9916964e-03 3.3727021e-05 4.9691636e-07 8.1921954e-09]"
D:\Uni\Ulm\Master\Hiwi-Forschung-und-Lehre\FairFace\detected_faces\1132027_face0.jpg,Middle Eastern,Indian,Male,20-29,"[8.0006225e-03 9.8707806e-03 9.3531087e-02 1.6429076e-04 1.6196977e-03
 2.3722235e-02 8.6309123e-01]",[0.07032181 0.29307887 0.11242041 0.5241789 ],[9.999999e-01 8.611346e-08],"[3.4428652e-08 1.3070048e-05 2.5405442e-02 8.9103568e-01 8.1300505e-02
 2.2218460e-03 2.2226648e-05 1.1763656e-06 1.1380497e-08]"
D:\Uni\Ulm\Master\Hiwi-Forschung-und-Lehre\FairFace\detected_faces\1132080_face0.jpg,White,White,Male,20-29,"[7.85974026e-01 1.59829477e-04 1.03569984e-01 4.00388599e-05
 4.70818813e-05 7.05072598e-05 1.10138588e-01]",[9.9691367e-01 1.8277045e-03 6.7407673e-04 5.8450265e-04],[9.9999893e-01 1.0399859e-06],"[8.6475367e-08 1.4882347e-04 3.1053391e-01 6.8285972e-01 6.4225974e-03
 3.4758912e-05 7.6948957e-08 2.8322422e-09 3.6319229e-11]"
D:\Uni\Ulm\Master\Hiwi-Forschung-und-Lehre\FairFace\detected_faces\1132269_face0.jpg,Middle Eastern,White,Male,20-29,"[1.9745658e-01 5.5054505e-04 1.7336050e-01 7.0345245e-04 2.6339481e-03
 1.3753207e-02 6.1154181e-01]",[0.52605015 0.00831995 0.01937888 0.446251  ],[9.9999994e-01 7.1959406e-08],"[3.0904234e-06 2.8628812e-04 1.9492535e-02 8.4587741e-01 1.3303576e-01
 1.3015538e-03 3.2509643e-06 6.3603785e-08 9.3172048e-10]"
D:\Uni\Ulm\Master\Hiwi-Forschung-und-Lehre\FairFace\detected_faces\1133052_face0.jpg,White,White,Male,20-29,"[9.9961495e-01 2.3544919e-06 1.2470744e-04 4.4361738e-07 1.7062861e-06
 1.1299618e-06 2.5472714e-04]",[9.9985802e-01 1.0579308e-04 2.3373726e-05 1.2830941e-05],[9.9999642e-01 3.5856117e-06],"[1.0007032e-07 1.0642194e-04 1.7068891e-01 8.0799228e-01 2.0796426e-02
 4.1097953e-04 4.8274569e-06 7.4017969e-08 2.9378127e-09]"
D:\Uni\Ulm\Master\Hiwi-Forschung-und-Lehre\FairFace\detected_faces\1133063_face0.jpg,Black,Black,Male,20-29,"[1.7243384e-07 9.9998772e-01 5.5368337e-06 2.2026683e-08 3.3980436e-07
 5.9797608e-06 3.5333403e-07]",[4.6072028e-06 9.9995714e-01 1.9764877e-05 1.8486478e-05],[9.9998283e-01 1.7116890e-05],"[1.9175248e-07 1.4816299e-05 3.4209481e-03 5.1284134e-01 4.4985932e-01
 3.3471502e-02 3.8832496e-04 3.3019458e-06 1.7875719e-07]"
D:\Uni\Ulm\Master\Hiwi-Forschung-und-Lehre\FairFace\detected_faces\1133111_face0.jpg,White,White,Male,20-29,"[9.8694098e-01 6.7096793e-05 5.4055247e-03 1.7001499e-04 3.4865632e-04
 1.3087666e-05 7.0547415e-03]",[0.9910255  0.00352057 0.00338018 0.0020737 ],[9.999509e-01 4.914025e-05],"[1.5701982e-08 3.0419755e-05 2.8226820e-01 7.0353764e-01 1.3925632e-02
 2.3615359e-04 1.9214533e-06 6.6671170e-08 1.5504160e-09]"
D:\Uni\Ulm\Master\Hiwi-Forschung-und-Lehre\FairFace\detected_faces\1133112_face0.jpg,Middle Eastern,Indian,Male,20-29,"[1.0170194e-03 7.6910248e-05 1.2385233e-02 1.2989041e-06 2.0499336e-05
 5.7622466e-02 9.2887658e-01]",[2.4093201e-02 3.1844143e-02 3.0750476e-04 9.4375515e-01],[9.9999976e-01 2.2918603e-07],"[3.7502150e-07 8.2376355e-04 2.3724174e-01 7.1205348e-01 4.8248585e-02
 1.6262718e-03 5.5237310e-06 1.6166385e-07 1.6997204e-09]"
D:\Uni\Ulm\Master\Hiwi-Forschung-und-Lehre\FairFace\detected_faces\1133113_face0.jpg,White,White,Male,20-29,"[7.89640009e-01 3.09264615e-05 9.65627376e-03 1.03036844e-04
 1.58223673e-04 1.58390481e-04 2.00253040e-01]",[9.9382055e-01 3.3857144e-04 2.7787325e-03 3.0621330e-03],[1.0000000e+00 1.3645715e-08],"[1.0331249e-07 1.1670808e-04 1.7153135e-01 8.0766761e-01 2.0535488e-02
 1.4854046e-04 2.9494939e-07 4.5712900e-09 4.3649136e-11]"
D:\Uni\Ulm\Master\Hiwi-Forschung-und-Lehre\FairFace\detected_faces\1133119_face0.jpg,Middle Eastern,White,Male,10-19,"[4.1097715e-01 3.3308406e-04 9.7252294e-02 6.6279630e-05 3.2302632e-04
 1.0119651e-03 4.9003616e-01]",[0.984241   0.00358869 0.00532044 0.00684984],[1.0000000e+00 1.2895118e-08],"[3.2272439e-08 1.9821830e-03 9.6214825e-01 3.5538051e-02 3.2417130e-04
 7.1784211e-06 2.5793687e-08 1.0398643e-09 7.7056920e-12]"
D:\Uni\Ulm\Master\Hiwi-Forschung-und-Lehre\FairFace\detected_faces\1133120_face0.jpg,White,White,Male,20-29,"[9.9741888e-01 2.2893511e-05 9.7105518e-04 6.5324292e-07 3.3987772e-06
 1.8499528e-05 1.5646800e-03]",[9.9585944e-01 1.7657673e-03 2.1613367e-05 2.3532163e-03],[9.9999666e-01 3.3813860e-06],"[1.93148651e-07 1.19644089e-03 4.59409773e-01 5.25436521e-01
 1.33334696e-02 6.18875376e-04 4.70670784e-06 1.06017445e-07
 2.54364596e-09]"
D:\Uni\Ulm\Master\Hiwi-Forschung-und-Lehre\FairFace\detected_faces\1133123_face0.jpg,Middle Eastern,White,Male,10-19,"[1.0278896e-01 3.2034732e-04 3.4128461e-02 1.8377355e-05 6.9731723e-05
 9.7872328e-04 8.6169541e-01]",[9.8321581e-01 1.4294075e-02 1.4881536e-04 2.3412791e-03],[9.9999970e-01 3.2799073e-07],"[1.92157984e-07 1.92803494e-03 7.38472164e-01 2.55975395e-01
 3.58102913e-03 4.30914879e-05 1.13917615e-07 3.02262260e-09
 4.49974051e-11]"
D:\Uni\Ulm\Master\Hiwi-Forschung-und-Lehre\FairFace\detected_faces\1133253_face0.jpg,Middle Eastern,White,Male,20-29,"[1.14288956e-01 2.34668376e-03 2.87878424e-01 1.21565325e-04
 4.94543638e-04 4.01700009e-03 5.90852797e-01]",[0.8813532  0.03092898 0.00377324 0.08394454],[9.999677e-01 3.229685e-05],"[8.3754203e-06 3.1843377e-04 1.1668569e-02 7.1490872e-01 2.6821470e-01
 4.8655989e-03 1.5274127e-05 3.3427762e-07 6.0771108e-09]"
D:\Uni\Ulm\Master\Hiwi-Forschung-und-Lehre\FairFace\detected_faces\1133358_face0.jpg,Latino_Hispanic,Black,Male,20-29,"[6.5114208e-02 1.3725954e-01 7.2350490e-01 4.7062233e-05 4.8533210e-04
 9.2604347e-03 6.4328499e-02]",[1.2244455e-03 9.9836475e-01 8.4621817e-05 3.2619823e-04],[9.9999702e-01 2.9871678e-06],"[3.0351404e-07 7.8291538e-05 9.8877266e-02 7.4608272e-01 1.4780763e-01
 7.0130019e-03 1.3866134e-04 2.1591436e-06 2.5920546e-08]"
D:\Uni\Ulm\Master\Hiwi-Forschung-und-Lehre\FairFace\detected_faces\1133362_face0.jpg,Black,Black,Male,30-39,"[9.0873637e-06 9.9935710e-01 1.7190744e-04 1.8028604e-07 2.6970949e-06
 2.9792800e-04 1.6110307e-04]",[3.2404075e-06 9.9996537e-01 1.6281243e-06 2.9775596e-05],[9.999935e-01 6.543445e-06],"[3.8541748e-07 2.4383517e-05 3.2477926e-03 2.4026422e-01 6.0908383e-01
 1.4192773e-01 5.3962348e-03 5.4092190e-05 1.3346012e-06]"
D:\Uni\Ulm\Master\Hiwi-Forschung-und-Lehre\FairFace\detected_faces\1133426_face0.jpg,White,White,Male,10-19,"[9.97316241e-01 1.17594245e-05 1.04023982e-03 3.60368576e-05
 5.69490476e-05 1.14850181e-05 1.52723643e-03]",[9.9968028e-01 6.7811030e-05 2.2125577e-04 3.0676332e-05],[9.9902862e-01 9.7140326e-04],"[7.1383545e-07 1.6427703e-03 8.1979293e-01 1.7536271e-01 3.0715354e-03
 1.2714158e-04 2.0387010e-06 1.3319493e-07 7.2765496e-09]"
D:\Uni\Ulm\Master\Hiwi-Forschung-und-Lehre\FairFace\detected_faces\1133427_face0.jpg,White,White,Male,20-29,"[9.9999589e-01 1.1635178e-07 8.9291461e-07 1.7023295e-08 5.7667769e-08
 4.1871555e-08 2.9876533e-06]",[9.9999839e-01 2.4319320e-07 1.0788142e-07 1.3188285e-06],[9.999299e-01 7.011071e-05],"[7.5458399e-07 1.3079601e-03 3.8556486e-01 5.4026461e-01 5.5335332e-02
 1.6452931e-02 1.0140109e-03 5.5354030e-05 4.0721025e-06]"
D:\Uni\Ulm\Master\Hiwi-Forschung-und-Lehre\FairFace\detected_faces\1133480_face0.jpg,White,White,Male,10-19,"[9.9999559e-01 2.8772578e-09 1.5825643e-07 5.9516527e-08 4.1801098e-08
 3.0714873e-09 4.1691073e-06]",[9.9999297e-01 1.1645866e-06 5.7286870e-06 1.8469889e-07],[0.9972655  0.00273448],"[3.4390453e-07 2.6792819e-03 5.4076833e-01 4.4496050e-01 1.1341714e-02
 2.4799720e-04 1.7702509e-06 3.8441407e-08 3.2198015e-09]"
D:\Uni\Ulm\Master\Hiwi-Forschung-und-Lehre\FairFace\detected_faces\1133497_face0.jpg,Middle Eastern,White,Male,20-29,"[3.57553065e-01 1.17155798e-06 4.82059084e-03 1.22279482e-04
 1.00534126e-04 3.33776901e-04 6.37068510e-01]",[9.99802768e-01 4.59252624e-06 1.00674304e-04 9.19303202e-05],[9.9997687e-01 2.3128643e-05],"[5.2771068e-08 1.5549565e-04 3.2219020e-01 6.7214632e-01 5.4800701e-03
 2.7757009e-05 4.1462062e-08 1.1070307e-09 2.1826801e-11]"
D:\Uni\Ulm\Master\Hiwi-Forschung-und-Lehre\FairFace\detected_faces\1133554_face0.jpg,White,White,Male,20-29,"[9.9998820e-01 2.0338580e-09 1.0692028e-06 2.7847187e-09 7.6872455e-09
 6.2385510e-09 1.0725424e-05]",[9.9999917e-01 5.6300447e-08 8.4275115e-08 6.7347747e-07],[1.0000000e+00 1.5900687e-08],"[5.4894922e-10 9.0398555e-07 2.8898880e-02 9.6483243e-01 6.2527047e-03
 1.4976819e-05 1.5077212e-08 1.1890372e-10 1.4108456e-12]"
D:\Uni\Ulm\Master\Hiwi-Forschung-und-Lehre\FairFace\detected_faces\1133606_face0.jpg,Latino_Hispanic,White,Male,20-29,"[8.1145845e-02 1.4051892e-02 5.0998867e-01 8.9811132e-05 5.4410932e-04
 2.7580008e-02 3.6659971e-01]",[0.8173072  0.10212836 0.00261874 0.07794575],[9.9999446e-01 5.5026653e-06],"[5.8785923e-07 1.1165045e-05 1.3814709e-03 5.4356003e-01 4.4686410e-01
 8.1646284e-03 1.7853094e-05 1.6118686e-07 2.3780673e-09]"
D:\Uni\Ulm\Master\Hiwi-Forschung-und-Lehre\FairFace\detected_faces\1133648_face0.jpg,White,White,Male,3-9,"[9.2491424e-01 1.6480575e-04 7.3706531e-03 1.9060848e-04 1.5184098e-04
 1.5991398e-04 6.7047909e-02]",[9.9612337e-01 1.4419475e-03 5.7477684e-04 1.8598926e-03],[0.99740016 0.00259982],"[1.6675220e-03 8.1637532e-01 1.7571776e-01 2.2466143e-03 2.7260825e-03
 1.1116720e-03 1.3974548e-04 1.3412375e-05 1.9319223e-06]"
D:\Uni\Ulm\Master\Hiwi-Forschung-und-Lehre\FairFace\detected_faces\1133652_face0.jpg,White,White,Male,20-29,"[7.0099252e-01 1.3933430e-05 8.4099304e-03 3.5502381e-07 1.3136190e-06
 2.2765863e-04 2.9035431e-01]",[9.9841905e-01 4.9166734e-05 1.8836969e-05 1.5129297e-03],[9.9999917e-01 7.8271160e-07],"[1.1149814e-07 2.4864014e-04 4.5056692e-01 5.3594857e-01 1.2911489e-02
 3.2312740e-04 1.0740048e-06 2.7876634e-08 3.1572189e-10]"
D:\Uni\Ulm\Master\Hiwi-Forschung-und-Lehre\FairFace\detected_faces\1133697_face0.jpg,White,White,Male,10-19,"[7.4262285e-01 5.7167901e-05 7.8647314e-03 2.2245138e-05 3.2850108e-05
 4.1855696e-05 2.4935839e-01]",[9.9914104e-01 6.5781327e-04 1.5645107e-04 4.4684748e-05],[9.9998468e-01 1.5287475e-05],"[4.8597203e-06 5.7358276e-03 5.1000082e-01 4.6370456e-01 1.9872287e-02
 6.7560206e-04 5.6502681e-06 2.9458846e-07 8.1401108e-09]"
D:\Uni\Ulm\Master\Hiwi-Forschung-und-Lehre\FairFace\detected_faces\1133741_face0.jpg,White,White,Male,20-29,"[9.9950331e-01 4.6959136e-07 7.5120734e-05 3.7970938e-07 1.0231122e-06
 1.0893307e-06 4.1862548e-04]",[9.9992508e-01 3.4420253e-05 1.1975888e-05 2.8430857e-05],[1.000000e+00 5.949591e-09],"[4.7343448e-08 1.0433637e-05 2.3273608e-02 8.9499509e-01 8.0174737e-02
 1.5398453e-03 6.2189160e-06 5.1956395e-08 5.7157107e-10]"
D:\Uni\Ulm\Master\Hiwi-Forschung-und-Lehre\FairFace\detected_faces\1133834_face0.jpg,Middle Eastern,Black,Male,30-39,"[0.2524252  0.04418682 0.16320638 0.06495171 0.02361763 0.02588156
 0.42573074]",[0.39316428 0.40322238 0.15773982 0.04587362],[0.9611572  0.03884282],"[4.7704627e-05 2.9859573e-04 7.0370678e-03 1.9002029e-01 3.5057548e-01
 2.6206946e-01 1.5834847e-01 2.9428383e-02 2.1745311e-03]"
D:\Uni\Ulm\Master\Hiwi-Forschung-und-Lehre\FairFace\detected_faces\1134083_face0.jpg,Indian,Black,Male,10-19,"[0.00275021 0.17354213 0.20968528 0.00786127 0.17608252 0.39520335
 0.03487521]",[0.00234811 0.8034745  0.12827882 0.06589865],[9.9987555e-01 1.2450512e-04],"[1.0193009e-08 1.0850491e-03 8.7825263e-01 1.1994238e-01 7.1386993e-04
 6.0173998e-06 2.0642272e-08 8.9599089e-10 1.4044120e-11]"
D:\Uni\Ulm\Master\Hiwi-Forschung-und-Lehre\FairFace\detected_faces\1134084_face0.jpg,White,White,Male,10-19,"[4.0759251e-01 1.1208726e-03 3.6751273e-01 4.7546284e-05 3.9123761e-04
 5.6778942e-03 2.1765716e-01]",[0.766372   0.08108724 0.00454301 0.14799781],[9.9999988e-01 5.2427673e-08],"[3.9429897e-06 6.4769876e-03 7.5088698e-01 2.2949108e-01 1.2607332e-02
 5.3069665e-04 2.9783569e-06 5.2851139e-08 5.5368710e-10]"
D:\Uni\Ulm\Master\Hiwi-Forschung-und-Lehre\FairFace\detected_faces\1134087_face0.jpg,White,White,Male,20-29,"[9.9876148e-01 1.1821998e-05 3.6401156e-04 3.7862370e-05 3.4991423e-05
 5.6369618e-06 7.8417175e-04]",[9.9933809e-01 1.1080411e-05 6.1310537e-04 3.7704816e-05],[9.9999988e-01 1.4145479e-07],"[1.2005593e-07 9.7351740e-06 8.9931497e-03 7.0336664e-01 2.7478173e-01
 1.2698182e-02 1.4826944e-04 2.0984512e-06 3.5303952e-08]"
D:\Uni\Ulm\Master\Hiwi-Forschung-und-Lehre\FairFace\detected_faces\1134088_face0.jpg,Indian,Black,Male,20-29,"[1.9160759e-04 2.9754820e-01 1.1945567e-02 8.6456988e-05 8.2492083e-03
 6.8133855e-01 6.4042624e-04]",[9.4013405e-05 8.4635925e-01 3.2717042e-04 1.5321955e-01],[9.9999923e-01 8.0843733e-07],"[5.4803699e-08 3.0664629e-05 5.0841812e-02 8.4260291e-01 1.0509181e-01
 1.4271669e-03 5.4626025e-06 8.3704279e-08 1.4858793e-09]"
D:\Uni\Ulm\Master\Hiwi-Forschung-und-Lehre\FairFace\detected_faces\1134089_face0.jpg,Black,Black,Male,20-29,"[6.5190551e-07 9.9998701e-01 3.2483924e-06 9.2472190e-09 1.1645646e-07
 8.3209061e-06 6.0428067e-07]",[3.2089531e-07 9.9999571e-01 4.5234898e-07 3.4279967e-06],[9.999750e-01 2.493701e-05],"[1.4068324e-07 1.7523945e-04 8.8947192e-02 7.8495568e-01 1.2263291e-01
 3.2613173e-03 2.7020007e-05 4.9652158e-07 2.9206580e-08]"
D:\Uni\Ulm\Master\Hiwi-Forschung-und-Lehre\FairFace\detected_faces\1134203_face0.jpg,Black,Black,Male,20-29,"[1.0439332e-03 9.3350291e-01 4.3648869e-02 2.6363296e-05 2.0100977e-03
 1.9055748e-02 7.1212731e-04]",[4.1521186e-04 9.6500325e-01 3.3726791e-04 3.4244284e-02],[9.9999946e-01 5.3981529e-07],"[1.4340904e-07 6.2708765e-05 5.2393738e-02 8.0870032e-01 1.3373025e-01
 5.0510373e-03 6.0653816e-05 1.1606051e-06 2.6582631e-08]"
D:\Uni\Ulm\Master\Hiwi-Forschung-und-Lehre\FairFace\detected_faces\1134323_face0.jpg,White,White,Male,20-29,"[9.3312746e-01 1.9771156e-05 9.0453513e-03 9.2939285e-05 7.4701697e-05
 2.1729864e-04 5.7422478e-02]",[9.9913651e-01 3.3655033e-05 4.7783766e-04 3.5192296e-04],[9.9999505e-01 4.9704740e-06],"[1.0155079e-06 1.7254117e-04 2.8817372e-02 9.1679484e-01 5.3793091e-02
 4.2022037e-04 8.6566473e-07 3.1063294e-08 4.7248205e-10]"
D:\Uni\Ulm\Master\Hiwi-Forschung-und-Lehre\FairFace\detected_faces\1134324_face0.jpg,Middle Eastern,White,Male,20-29,"[2.2143756e-01 3.7331780e-04 9.8745331e-02 4.2021104e-05 1.5458430e-04
 1.1353835e-02 6.6789341e-01]",[0.77034086 0.00484261 0.00153976 0.22327673],[9.9996614e-01 3.3867225e-05],"[9.1675211e-08 7.0296160e-06 1.0003044e-02 7.9393250e-01 1.9345327e-01
 2.5960824e-03 7.9190686e-06 1.3141552e-07 2.2526316e-09]"
D:\Uni\Ulm\Master\Hiwi-Forschung-und-Lehre\FairFace\detected_faces\1134328_face0.jpg,Middle Eastern,White,Male,20-29,"[2.9706532e-01 1.5883506e-05 5.5657355e-03 6.2592394e-06 1.7678847e-05
 8.1984681e-04 6.9650930e-01]",[9.9575061e-01 8.5292239e-05 2.6280275e-05 4.1378662e-03],[9.9999976e-01 2.5154998e-07],"[8.38765644e-08 5.52950769e-05 6.07626922e-02 8.89981806e-01
 4.87557575e-02 4.43752448e-04 6.03571607e-07 1.23892105e-08
 1.71021808e-10]"
D:\Uni\Ulm\Master\Hiwi-Forschung-und-Lehre\FairFace\detected_faces\1134329_face0.jpg,White,White,Male,10-19,"[7.6626509e-01 2.1495037e-04 8.9189604e-02 1.2900043e-02 1.1901134e-02
 5.1105453e-04 1.1901805e-01]",[9.9687308e-01 4.1028621e-04 2.2611078e-03 4.5554325e-04],[9.9999970e-01 2.9364725e-07],"[6.1740743e-06 6.7196186e-03 9.3335837e-01 5.5786069e-02 3.8707778e-03
 2.5168256e-04 6.9388848e-06 3.6549386e-07 7.6385112e-09]"
D:\Uni\Ulm\Master\Hiwi-Forschung-und-Lehre\FairFace\detected_faces\1134331_face0.jpg,Middle Eastern,White,Male,20-29,"[7.7750687e-03 1.4721282e-06 1.3612460e-03 6.1654014e-06 1.5788646e-05
 5.4728102e-05 9.9078554e-01]",[9.9599618e-01 7.6701624e-05 2.4763041e-03 1.4507308e-03],[9.9999964e-01 3.2213748e-07],"[1.0855150e-05 5.5719139e-03 2.2320829e-01 6.7011923e-01 9.5474020e-02
 5.5801645e-03 3.4914312e-05 6.2164310e-07 6.7356756e-09]"
D:\Uni\Ulm\Master\Hiwi-Forschung-und-Lehre\FairFace\detected_faces\1134339_face0.jpg,Middle Eastern,White,Male,20-29,"[2.4784544e-01 1.3939734e-03 3.0259955e-01 1.1012787e-04 3.3725551e-04
 8.1418827e-03 4.3957168e-01]",[0.6395687  0.08805586 0.00569574 0.2666797 ],[1.0000000e+00 4.2653085e-08],"[6.6447700e-07 9.6202486e-05 1.2227064e-02 7.2752446e-01 2.5233230e-01
 7.7790222e-03 3.9639817e-05 6.4275196e-07 5.5039027e-09]"
D:\Uni\Ulm\Master\Hiwi-Forschung-und-Lehre\FairFace\detected_faces\1134340_face0.jpg,Middle Eastern,White,Male,10-19,"[4.5944512e-01 6.8919048e-06 2.2390643e-02 9.5335861e-05 7.2390139e-05
 2.6366283e-04 5.1772600e-01]",[9.9808180e-01 1.4684234e-04 1.1478810e-03 6.2343327e-04],[9.999767e-01 2.329095e-05],"[3.7458352e-07 1.0773775e-03 8.5002548e-01 1.4718790e-01 1.6841872e-03
 2.4612784e-05 1.0081318e-07 7.7690379e-09 1.4497166e-10]"
D:\Uni\Ulm\Master\Hiwi-Forschung-und-Lehre\FairFace\detected_faces\1134351_face0.jpg,Black,Black,Male,20-29,"[9.7333768e-08 9.9999267e-01 4.0442505e-06 6.0226107e-08 4.3887053e-07
 2.6677778e-06 4.9048911e-08]",[8.1935440e-08 9.9999851e-01 6.2215787e-07 8.4999914e-07],[0.9954746  0.00452545],"[2.0351713e-08 3.0945744e-06 4.5770113e-03 6.5460908e-01 3.2242665e-01
 1.8085174e-02 2.9657318e-04 2.3360340e-06 5.9074186e-08]"
D:\Uni\Ulm\Master\Hiwi-Forschung-und-Lehre\FairFace\detected_faces\1134388_face0.jpg,White,White,Male,20-29,"[9.9518967e-01 9.3555800e-06 3.0439289e-03 3.3910271e-06 6.2886211e-06
 4.3107143e-06 1.7430439e-03]",[9.9857908e-01 5.9099769e-04 4.1031250e-04 4.1962418e-04],[9.9999994e-01 4.7393463e-08],"[7.0196062e-09 1.4227517e-05 1.1570678e-01 8.7343180e-01 1.0779725e-02
 6.7313165e-05 1.6891892e-07 2.7658547e-09 2.9190435e-11]"
D:\Uni\Ulm\Master\Hiwi-Forschung-und-Lehre\FairFace\detected_faces\1134395_face0.jpg,Middle Eastern,White,Male,20-29,"[2.3293495e-02 1.5532070e-04 1.8403031e-02 9.5390433e-06 4.2828509e-05
 3.3585443e-03 9.5473725e-01]",[0.92744994 0.0071442  0.00169417 0.0637117 ],[1.0000000e+00 2.0677243e-08],"[4.98692089e-07 4.55380097e-04 1.24809645e-01 8.32665801e-01
 4.13383320e-02 7.26457220e-04 3.77906758e-06 1.29282242e-07
 9.03208897e-10]"
D:\Uni\Ulm\Master\Hiwi-Forschung-und-Lehre\FairFace\detected_faces\1134396_face0.jpg,White,White,Male,20-29,"[9.2949909e-01 5.4507932e-06 1.8007360e-02 1.2424930e-03 5.1172648e-04
 2.6013784e-04 5.0473724e-02]",[9.9697119e-01 4.2321653e-06 2.6861872e-03 3.3839670e-04],[9.9999970e-01 3.2402002e-07],"[2.7951330e-06 1.0021318e-04 6.6695022e-03 6.1916810e-01 3.6631256e-01
 7.7187931e-03 2.7768137e-05 3.0063896e-07 2.3902189e-09]"
D:\Uni\Ulm\Master\Hiwi-Forschung-und-Lehre\FairFace\detected_faces\1134399_face0.jpg,Middle Eastern,White,Male,20-29,"[1.7481381e-01 7.6411612e-04 1.5806907e-01 2.2413607e-05 1.1544416e-04
 4.6752547e-03 6.6153991e-01]",[9.0982312e-01 1.1099975e-02 6.9925399e-04 7.8377694e-02],[9.9999696e-01 3.0324136e-06],"[2.7963358e-07 5.9853301e-05 2.7038712e-02 8.3348101e-01 1.3741332e-01
 1.9983363e-03 8.4394533e-06 9.5066518e-08 1.3049463e-09]"
D:\Uni\Ulm\Master\Hiwi-Forschung-und-Lehre\FairFace\detected_faces\1134400_face0.jpg,White,White,Male,20-29,"[7.1440965e-01 8.1087645e-05 2.6099935e-02 1.0058252e-03 1.2405813e-03
 6.0543702e-03 2.5110859e-01]",[9.6813828e-01 9.1515962e-05 3.1829294e-04 3.1451866e-02],[9.9966180e-01 3.3816538e-04],"[9.0790600e-06 1.3460788e-03 1.0927012e-01 7.8359419e-01 1.0199729e-01
 3.7179345e-03 6.1034516e-05 4.0023406e-06 1.7140846e-07]"
D:\Uni\Ulm\Master\Hiwi-Forschung-und-Lehre\FairFace\detected_faces\1134404_face0.jpg,Black,Black,Male,20-29,"[4.1149007e-04 9.1197890e-01 6.2533796e-02 2.8981062e-04 1.7050385e-02
 7.6282877e-03 1.0738017e-04]",[2.4698142e-05 9.9379879e-01 2.3619055e-03 3.8145948e-03],[9.9997616e-01 2.3822935e-05],"[5.5120000e-07 1.8049366e-04 2.7429476e-01 6.9368893e-01 3.1092428e-02
 7.3303847e-04 9.5290516e-06 2.1661646e-07 7.5087190e-09]"
D:\Uni\Ulm\Master\Hiwi-Forschung-und-Lehre\FairFace\detected_faces\1134430_face0.jpg,Latino_Hispanic,White,Male,20-29,"[1.2812552e-01 9.5556311e-02 7.0377076e-01 1.8240009e-04 2.2372245e-03
 8.3114700e-03 6.1816342e-02]",[0.58676225 0.24520646 0.05700701 0.11102422],[9.9999982e-01 1.7902094e-07],"[3.2732668e-08 2.7073433e-05 1.5987875e-01 8.0940008e-01 3.0419821e-02
 2.7326582e-04 9.3121486e-07 3.2814960e-08 3.1309805e-10]"
D:\Uni\Ulm\Master\Hiwi-Forschung-und-Lehre\FairFace\detected_faces\1134431_face0.jpg,Latino_Hispanic,Black,Male,10-19,"[9.2753256e-03 3.2393563e-01 6.2958920e-01 4.4245462e-04 1.0718261e-02
 8.0991751e-03 1.7939918e-02]",[0.00320159 0.9388502  0.01984133 0.03810687],[9.999997e-01 3.227636e-07],"[1.4762978e-07 7.9718139e-04 7.1424592e-01 2.7844757e-01 6.3892999e-03
 1.1895829e-04 8.5618120e-07 3.1816601e-08 4.5483511e-10]"
D:\Uni\Ulm\Master\Hiwi-Forschung-und-Lehre\FairFace\detected_faces\1134432_face0.jpg,White,White,Male,20-29,"[8.3451527e-01 5.7714783e-06 1.3414018e-03 2.6844832e-06 7.8743260e-06
 7.4306740e-06 1.6411962e-01]",[9.9996275e-01 2.7583887e-05 5.2001542e-06 4.5126544e-06],[1.000000e+00 8.084764e-09],"[5.4645665e-07 3.1091989e-04 9.0616442e-02 7.8268063e-01 1.2300974e-01
 3.3717079e-03 9.8155524e-06 1.1608543e-07 8.6844698e-10]"
D:\Uni\Ulm\Master\Hiwi-Forschung-und-Lehre\FairFace\detected_faces\1134476_face0.jpg,White,White,Male,20-29,"[9.5414537e-01 8.4327021e-06 5.3234682e-03 5.9141774e-05 1.7412998e-04
 1.7038549e-03 3.8585648e-02]",[9.8676157e-01 1.2550643e-04 1.8301206e-03 1.1282838e-02],[9.9999893e-01 1.0367404e-06],"[1.0895679e-06 2.5528995e-03 4.1370314e-01 5.7809573e-01 5.5985218e-03
 4.8462283e-05 1.0518866e-07 3.0220393e-09 1.3268343e-10]"
D:\Uni\Ulm\Master\Hiwi-Forschung-und-Lehre\FairFace\detected_faces\1134525_face0.jpg,Middle Eastern,White,Male,10-19,"[3.3950903e-02 1.4990056e-04 9.0287305e-02 5.7992278e-05 1.6005225e-04
 7.7257445e-04 8.7462127e-01]",[0.97001374 0.00677014 0.01522312 0.007993  ],[9.999931e-01 6.926008e-06],"[1.9192189e-06 1.8346123e-02 7.9463214e-01 1.8313274e-01 3.8148933e-03
 7.1902556e-05 2.1912797e-07 8.1389446e-09 1.5720546e-10]"
D:\Uni\Ulm\Master\Hiwi-Forschung-und-Lehre\FairFace\detected_faces\1134530_face0.jpg,White,White,Male,10-19,"[9.9669898e-01 8.5006810e-05 2.2089414e-03 2.3687677e-05 5.0028728e-05
 8.4153817e-06 9.2504732e-04]",[9.9606019e-01 2.3981254e-03 1.3860802e-03 1.5555696e-04],[9.999991e-01 9.078691e-07],"[1.48572346e-08 1.32038011e-04 5.73943436e-01 4.19241965e-01
 6.54046796e-03 1.40986478e-04 1.04330479e-06 2.09171436e-08
 5.06523434e-10]"
D:\Uni\Ulm\Master\Hiwi-Forschung-und-Lehre\FairFace\detected_faces\1134532_face0.jpg,White,White,Male,10-19,"[4.9184367e-01 7.7288051e-04 4.0021098e-01 4.6089481e-05 5.4648326e-04
 9.4633754e-03 9.7116493e-02]",[0.9199339  0.01128342 0.00092241 0.06786028],[9.9999982e-01 1.9241875e-07],"[7.93958677e-09 1.56782276e-04 8.30999970e-01 1.67893425e-01
 9.39227932e-04 1.04797655e-05 4.03705727e-08 1.15719712e-09
 1.80792378e-11]"
D:\Uni\Ulm\Master\Hiwi-Forschung-und-Lehre\FairFace\detected_faces\1134561_face0.jpg,White,White,Male,20-29,"[7.6621783e-01 7.7086377e-05 2.8602121e-02 3.1560339e-04 2.3854230e-04
 9.0756781e-05 2.0445792e-01]",[9.9942857e-01 7.6953555e-05 4.7275412e-04 2.1738784e-05],[9.9986416e-01 1.3577635e-04],"[1.9437751e-08 3.6351310e-05 3.4342968e-01 6.5168995e-01 4.8273411e-03
 1.6652391e-05 2.9268124e-08 6.6734901e-10 2.3159712e-11]"
D:\Uni\Ulm\Master\Hiwi-Forschung-und-Lehre\FairFace\detected_faces\1134623_face0.jpg,White,White,Male,20-29,"[0.36211535 0.00465075 0.30179396 0.00586931 0.00615831 0.00051985
 0.31889254]",[8.0117136e-01 1.0303460e-01 9.5059730e-02 7.3440932e-04],[1.0000000e+00 3.8428926e-08],"[2.6774305e-07 1.7959374e-04 1.9469823e-01 7.7204496e-01 3.2616619e-02
 4.5753925e-04 2.6712303e-06 5.9628221e-08 8.3298130e-10]"
D:\Uni\Ulm\Master\Hiwi-Forschung-und-Lehre\FairFace\detected_faces\1134625_face0.jpg,White,White,Male,10-19,"[7.4235672e-01 1.4008435e-03 1.3447674e-01 1.3939527e-04 1.1046744e-03
 1.8786219e-03 1.1864306e-01]",[0.86998856 0.0964546  0.00367162 0.02988527],[9.9986768e-01 1.3235847e-04],"[9.6106271e-07 1.4299258e-03 5.4680616e-01 4.2538571e-01 2.5606258e-02
 7.6180365e-04 8.7662620e-06 4.3613210e-07 1.4170152e-08]"
D:\Uni\Ulm\Master\Hiwi-Forschung-und-Lehre\FairFace\detected_faces\1134632_face0.jpg,Latino_Hispanic,White,Male,20-29,"[0.26026872 0.00056156 0.5165336  0.00603805 0.00458111 0.00279121
 0.20922565]",[0.8938368  0.06947926 0.02620636 0.01047766],[9.999979e-01 2.052006e-06],"[4.6672847e-07 2.9549710e-04 1.9455804e-01 7.5741076e-01 4.6605170e-02
 1.1227389e-03 7.1320874e-06 1.7711110e-07 1.6570495e-09]"
D:\Uni\Ulm\Master\Hiwi-Forschung-und-Lehre\FairFace\detected_faces\1134633_face0.jpg,Black,Black,Male,30-39,"[7.1044844e-05 9.9592471e-01 3.2760613e-03 4.5150351e-05 2.7258595e-04
 3.0701238e-04 1.0350858e-04]",[3.1999884e-05 9.9805874e-01 1.5557555e-03 3.5353933e-04],[9.9998170e-01 1.8298962e-05],"[2.02971023e-05 8.89912335e-05 1.08878931e-03 1.41668305e-01
 6.05892897e-01 2.41082132e-01 9.82226059e-03 3.21140717e-04
 1.51680915e-05]"
D:\Uni\Ulm\Master\Hiwi-Forschung-und-Lehre\FairFace\detected_faces\1134634_face0.jpg,Middle Eastern,White,Male,20-29,"[1.3700645e-01 6.1095277e-05 3.9534390e-02 3.3979744e-05 1.0535428e-04
 7.8086322e-04 8.2247782e-01]",[9.9073571e-01 3.0103067e-03 6.1296881e-04 5.6410194e-03],[9.9999958e-01 3.6684028e-07],"[3.2800827e-07 1.6040294e-04 4.7870923e-02 8.3684051e-01 1.1371960e-01
 1.4055597e-03 2.6124239e-06 4.3596760e-08 5.1247795e-10]"
D:\Uni\Ulm\Master\Hiwi-Forschung-und-Lehre\FairFace\detected_faces\1134635_face0.jpg,Black,Black,Male,30-39,"[8.5056090e-04 9.3496531e-01 5.0249983e-02 7.7247696e-06 1.6248174e-04
 9.0064723e-03 4.7576157e-03]",[1.6779984e-04 9.9737239e-01 1.2209470e-04 2.3376488e-03],[9.9999976e-01 2.1765497e-07],"[6.0713927e-07 1.1533313e-05 2.7199860e-03 3.6377168e-01 5.6343907e-01
 6.8784550e-02 1.2607047e-03 1.1686888e-05 1.5862904e-07]"
D:\Uni\Ulm\Master\Hiwi-Forschung-und-Lehre\FairFace\detected_faces\1134636_face0.jpg,White,White,Male,20-29,"[9.9835545e-01 1.8407193e-06 2.3675263e-04 7.4933394e-07 2.6329271e-06
 1.6164659e-06 1.4009397e-03]",[9.9989223e-01 6.5979068e-05 1.6596981e-05 2.5179721e-05],[9.9999988e-01 1.1244226e-07],"[1.43533729e-09 4.29062993e-06 1.76023349e-01 8.14320803e-01
 9.43848677e-03 2.12011699e-04 1.08486131e-06 1.30217614e-08
 1.26263597e-10]"
D:\Uni\Ulm\Master\Hiwi-Forschung-und-Lehre\FairFace\detected_faces\1134642_face0.jpg,White,White,Male,20-29,"[6.4057118e-01 3.2545047e-04 3.2054923e-02 4.6263958e-05 9.0295085e-05
 4.2248220e-04 3.2648930e-01]",[9.88196433e-01 1.10748345e-02 1.58674200e-04 5.70057193e-04],[9.9999839e-01 1.5988708e-06],"[1.0224482e-07 2.9442881e-04 1.4758533e-01 8.3829570e-01 1.3753640e-02
 7.0660804e-05 1.4419599e-07 2.4784703e-09 4.6789499e-11]"
D:\Uni\Ulm\Master\Hiwi-Forschung-und-Lehre\FairFace\detected_faces\1134643_face0.jpg,Black,Black,Male,20-29,"[2.2172085e-06 9.9990970e-01 4.7160473e-05 3.9043078e-07 5.9057975e-06
 3.2797729e-05 1.8168365e-06]",[8.2060706e-06 9.9986869e-01 5.6132398e-05 6.7007029e-05],[9.9999559e-01 4.4195754e-06],"[4.8506227e-08 6.0763591e-06 4.9546841e-03 6.9963890e-01 2.8166541e-01
 1.3596708e-02 1.3710328e-04 1.1159901e-06 4.1637268e-08]"
D:\Uni\Ulm\Master\Hiwi-Forschung-und-Lehre\FairFace\detected_faces\1134706_face0.jpg,White,White,Male,20-29,"[5.5335009e-01 2.8310746e-05 2.4278246e-02 4.0838751e-04 2.8231455e-04
 2.3329732e-04 4.2141941e-01]",[9.9780256e-01 3.5176647e-05 7.1216573e-04 1.4500035e-03],[9.9999464e-01 5.3396270e-06],"[2.4970026e-07 1.0119702e-04 1.3665748e-01 8.2304418e-01 3.9757043e-02
 4.3862764e-04 1.1532212e-06 2.1427736e-08 2.6283672e-10]"
D:\Uni\Ulm\Master\Hiwi-Forschung-und-Lehre\FairFace\detected_faces\1134718_face0.jpg,White,White,Male,20-29,"[9.98208284e-01 1.28736965e-05 2.29090001e-04 6.79944151e-06
 1.53728597e-05 5.50059497e-07 1.52695272e-03]",[9.9955356e-01 3.7205435e-04 6.7982670e-05 6.3976554e-06],[9.9995494e-01 4.5056822e-05],"[1.11093385e-07 4.44548874e-04 3.96634191e-01 5.80664337e-01
 2.12037526e-02 1.02081778e-03 3.10402502e-05 1.25187978e-06
 3.24974678e-08]"
D:\Uni\Ulm\Master\Hiwi-Forschung-und-Lehre\FairFace\detected_faces\1134722_face0.jpg,Black,Black,Male,20-29,"[7.6570933e-07 9.9995065e-01 2.3295344e-05 1.0864949e-09 2.5970863e-08
 1.6827633e-05 8.4523417e-06]",[5.2177443e-06 9.9971843e-01 2.6507976e-06 2.7373518e-04],[1.0000000e+00 1.0726038e-08],"[6.6172923e-08 2.3021959e-05 6.0558072e-03 7.0410603e-01 2.8233811e-01
 7.4509438e-03 2.5684947e-05 3.1810930e-07 6.3416348e-09]"
D:\Uni\Ulm\Master\Hiwi-Forschung-und-Lehre\FairFace\detected_faces\1134723_face0.jpg,White,White,Male,20-29,"[9.9858123e-01 4.9678601e-08 4.8653105e-06 2.6556748e-07 4.2186440e-07
 4.2287775e-07 1.4127616e-03]",[9.9998206e-01 3.9059937e-06 1.8886249e-06 1.2157185e-05],[9.999990e-01 1.029091e-06],"[1.17463168e-08 4.16832677e-07 3.39343213e-03 8.80807638e-01
 1.11626484e-01 4.01283940e-03 1.55743997e-04 3.33463458e-06
 1.08266285e-07]"
D:\Uni\Ulm\Master\Hiwi-Forschung-und-Lehre\FairFace\detected_faces\1134725_face0.jpg,Black,Black,Male,20-29,"[1.3025261e-06 9.9981618e-01 4.6163841e-05 2.5350681e-07 4.5063284e-06
 1.2928736e-04 2.3420469e-06]",[3.3224951e-06 9.9996591e-01 2.8444294e-06 2.7902563e-05],[0.9036022  0.09639779],"[1.50908406e-07 2.54509971e-04 1.53348342e-01 7.52267480e-01
 9.27422419e-02 1.37368136e-03 1.34620705e-05 1.86124836e-07
 9.86210136e-09]"
D:\Uni\Ulm\Master\Hiwi-Forschung-und-Lehre\FairFace\detected_faces\1134728_face0.jpg,White,White,Male,20-29,"[9.2884958e-01 7.1220311e-05 9.0792878e-03 1.1239931e-05 2.1331371e-05
 5.9374463e-05 6.1908055e-02]",[9.9824929e-01 9.6212083e-04 3.2256276e-04 4.6606892e-04],[9.9999964e-01 3.7408364e-07],"[1.5459335e-08 1.0155541e-05 3.8967744e-02 9.4921136e-01 1.1774954e-02
 3.5670422e-05 6.0442623e-08 1.2199480e-09 2.1265639e-11]"
D:\Uni\Ulm\Master\Hiwi-Forschung-und-Lehre\FairFace\detected_faces\1134729_face0.jpg,White,White,Male,20-29,"[8.7306148e-01 1.3422268e-04 8.8687122e-02 2.7564010e-05 6.3965279e-05
 2.1369291e-04 3.7812032e-02]",[9.9727410e-01 4.1788173e-04 6.9720508e-04 1.6108061e-03],[9.9998116e-01 1.8870784e-05],"[4.2054715e-08 9.6723688e-06 7.3308662e-02 8.3024526e-01 9.2542097e-02
 3.8214419e-03 7.1376016e-05 1.4918246e-06 1.0298759e-08]"
D:\Uni\Ulm\Master\Hiwi-Forschung-und-Lehre\FairFace\detected_faces\1134731_face0.jpg,Black,Black,Male,30-39,"[2.2566810e-06 9.9973100e-01 9.9280978e-06 2.8838674e-08 3.7048798e-07
 2.5381148e-04 2.5824932e-06]",[1.1307817e-06 9.9998820e-01 9.4181746e-07 9.6916756e-06],[9.9998152e-01 1.8489674e-05],"[5.5082811e-08 6.1422338e-06 2.9456401e-03 4.1013664e-01 5.3640348e-01
 4.9165975e-02 1.3282136e-03 1.3588346e-05 3.7921296e-07]"
D:\Uni\Ulm\Master\Hiwi-Forschung-und-Lehre\FairFace\detected_faces\1134739_face0.jpg,White,White,Male,20-29,"[5.1152599e-01 3.6793898e-04 5.0313793e-02 5.3445176e-05 1.6271377e-04
 6.9308921e-04 4.3688297e-01]",[0.9854216  0.01112093 0.00170151 0.0017559 ],[9.9998957e-01 1.0463761e-05],"[1.9812795e-07 3.0609652e-05 8.7753050e-03 8.8329858e-01 1.0751644e-01
 3.7842485e-04 4.4683705e-07 1.0822603e-08 2.4607960e-10]"
D:\Uni\Ulm\Master\Hiwi-Forschung-und-Lehre\FairFace\detected_faces\1134740_face0.jpg,White,White,Male,20-29,"[9.9538827e-01 5.9335393e-06 2.4702956e-03 8.9543035e-05 3.5303357e-05
 4.3443917e-05 1.9671565e-03]",[9.9999118e-01 1.4950776e-07 4.7402091e-06 3.9288470e-06],[9.9995559e-01 4.4467415e-05],"[1.39529784e-05 8.54941027e-04 1.01642184e-01 5.46452999e-01
 3.14386427e-01 3.57855000e-02 8.47383926e-04 1.62877586e-05
 3.55701900e-07]"
D:\Uni\Ulm\Master\Hiwi-Forschung-und-Lehre\FairFace\detected_faces\1134744_face0.jpg,Indian,Indian,Male,20-29,"[0.03863848 0.03089944 0.42579892 0.00102524 0.01789935 0.47187278
 0.01386579]",[0.01712451 0.22329201 0.01890265 0.7406809 ],[9.9999195e-01 8.0241671e-06],"[6.8480496e-08 2.1679205e-05 7.0020393e-02 8.4437889e-01 8.4577046e-02
 9.9549920e-04 6.2858626e-06 1.3836515e-07 2.2054756e-09]"
D:\Uni\Ulm\Master\Hiwi-Forschung-und-Lehre\FairFace\detected_faces\1134748_face0.jpg,White,White,Male,20-29,"[9.8088628e-01 2.1169558e-06 2.9759735e-03 5.0195267e-05 7.1806535e-05
 5.3509179e-05 1.5960174e-02]",[9.9803942e-01 1.4648928e-05 1.4839392e-03 4.6206615e-04],[9.999999e-01 9.552848e-08],"[9.4528353e-08 8.5836458e-05 1.6936921e-01 7.9173297e-01 3.8287479e-02
 5.2330142e-04 1.0857767e-06 1.4941175e-08 1.9522549e-10]"
D:\Uni\Ulm\Master\Hiwi-Forschung-und-Lehre\FairFace\detected_faces\1134750_face0.jpg,White,White,Male,20-29,"[9.1907227e-01 2.8576775e-05 3.9348569e-02 1.1144831e-04 2.5945707e-04
 2.5073362e-03 3.8672294e-02]",[9.9890900e-01 8.4005274e-05 5.6074123e-04 4.4627479e-04],[9.9999994e-01 9.8989922e-08],"[5.3700637e-06 4.9845907e-03 4.3438527e-01 5.0024903e-01 5.6685012e-02
 3.6678780e-03 2.2317448e-05 4.4154595e-07 3.7640207e-09]"
D:\Uni\Ulm\Master\Hiwi-Forschung-und-Lehre\FairFace\detected_faces\1134751_face0.jpg,White,Black,Male,20-29,"[0.46708086 0.01451957 0.4319988  0.00898335 0.06038142 0.00536836
 0.01166762]",[0.32188448 0.40551758 0.16805495 0.10454296],[9.9983668e-01 1.6333659e-04],"[2.1730191e-06 1.0195588e-03 1.7183352e-01 7.6456112e-01 5.9924729e-02
 2.5998943e-03 5.7708323e-05 1.2317973e-06 3.3458278e-08]"
D:\Uni\Ulm\Master\Hiwi-Forschung-und-Lehre\FairFace\detected_faces\1134758_face0.jpg,Middle Eastern,White,Male,20-29,"[7.7447198e-02 6.5092310e-05 2.8721834e-02 8.6527551e-05 1.9062508e-04
 4.5358227e-03 8.8895291e-01]",[9.7688460e-01 1.6846809e-03 8.6741115e-04 2.0563306e-02],[9.9997950e-01 2.0483021e-05],"[1.5274622e-06 1.0837258e-03 1.5029508e-01 8.1629694e-01 3.1982142e-02
 3.3990011e-04 7.9177408e-07 2.2791275e-08 5.0028776e-10]"
D:\Uni\Ulm\Master\Hiwi-Forschung-und-Lehre\FairFace\detected_faces\1134784_face0.jpg,White,White,Male,20-29,"[8.5868627e-01 7.2977764e-06 3.5604276e-03 5.6506653e-04 3.6640547e-04
 4.3505081e-04 1.3637955e-01]",[9.97709990e-01 1.15693016e-04 1.37393991e-03 8.00340320e-04],[9.9988890e-01 1.1107403e-04],"[4.68974213e-05 1.03365527e-02 2.65722245e-01 5.96090198e-01
 1.20463304e-01 7.22983573e-03 1.08603119e-04 2.30718342e-06
 1.20764568e-07]"
D:\Uni\Ulm\Master\Hiwi-Forschung-und-Lehre\FairFace\detected_faces\1135873_face0.jpg,White,White,Male,20-29,"[9.9097764e-01 3.9879480e-05 4.8937667e-03 3.6821755e-06 2.3677239e-05
 1.8725754e-05 4.0425090e-03]",[9.9868321e-01 4.5697045e-04 3.3617907e-04 5.2363327e-04],[9.9996567e-01 3.4332737e-05],"[2.0455957e-08 9.6096512e-05 3.9154536e-01 5.9439105e-01 1.3418438e-02
 5.4246071e-04 6.4090354e-06 1.7823321e-07 3.6466177e-09]"
D:\Uni\Ulm\Master\Hiwi-Forschung-und-Lehre\FairFace\detected_faces\1135879_face0.jpg,Black,Black,Male,20-29,"[1.2171165e-03 9.1261113e-01 3.7136924e-02 5.6763532e-05 2.0571696e-03
 4.5172121e-02 1.7488265e-03]",[1.2253498e-04 9.7609818e-01 1.5635054e-04 2.3622913e-02],[9.9956429e-01 4.3574325e-04],"[1.13024555e-07 3.22715379e-04 4.70315933e-01 5.15420496e-01
 1.36139225e-02 3.21969448e-04 4.78220227e-06 1.23796141e-07
 3.90344512e-09]"
D:\Uni\Ulm\Master\Hiwi-Forschung-und-Lehre\FairFace\detected_faces\1135884_face0.jpg,White,White,Male,30-39,"[9.9790239e-01 1.6340219e-04 4.6430071e-04 1.0496248e-05 5.2648866e-05
 1.8585029e-05 1.3881831e-03]",[9.7251147e-01 2.5768889e-02 8.4416050e-04 8.7555486e-04],[1.000000e+00 2.763713e-09],"[9.41082999e-06 1.12273403e-04 1.61874853e-03 1.15756735e-01
 5.78557193e-01 2.83169985e-01 2.03143023e-02 4.54783003e-04
 6.56420661e-06]"
D:\Uni\Ulm\Master\Hiwi-Forschung-und-Lehre\FairFace\detected_faces\1135907_face0.jpg,White,White,Male,20-29,"[9.8528230e-01 4.6383877e-05 3.0039265e-03 1.6621887e-05 1.5170166e-05
 8.4988560e-06 1.1627149e-02]",[9.9974144e-01 2.0486634e-04 3.6318190e-05 1.7372588e-05],[9.999285e-01 7.157532e-05],"[2.0475493e-08 5.8594858e-05 4.6589148e-01 5.3165567e-01 2.3784393e-03
 1.5667283e-05 6.5334319e-08 2.0055393e-09 4.5694882e-11]"
D:\Uni\Ulm\Master\Hiwi-Forschung-und-Lehre\FairFace\detected_faces\1136013_face0.jpg,Middle Eastern,White,Male,20-29,"[5.1786523e-02 8.1711478e-05 1.1917433e-02 5.7290792e-05 1.3824677e-04
 4.2317007e-04 9.3559563e-01]",[9.8844755e-01 4.7349981e-03 7.8006572e-04 6.0373498e-03],[9.9955463e-01 4.4536029e-04],"[1.5507293e-06 2.9820189e-04 3.2161791e-02 6.9275212e-01 2.6865616e-01
 6.1092433e-03 2.0409980e-05 4.5874941e-07 9.7892947e-09]"
D:\Uni\Ulm\Master\Hiwi-Forschung-und-Lehre\FairFace\detected_faces\1136034_face0.jpg,White,White,Male,20-29,"[9.6720332e-01 2.0748717e-04 2.5006174e-03 4.3102977e-05 2.1898485e-04
 6.2773797e-05 2.9763769e-02]",[9.97483492e-01 1.90364942e-03 4.98671143e-04 1.14173316e-04],[9.999946e-01 5.428704e-06],"[3.2166028e-07 3.9149170e-05 5.1503710e-02 8.4657478e-01 9.5561169e-02
 6.1308211e-03 1.7705958e-04 1.2600159e-05 3.5416119e-07]"
D:\Uni\Ulm\Master\Hiwi-Forschung-und-Lehre\FairFace\detected_faces\1136097_face0.jpg,White,White,Male,20-29,"[8.0518490e-01 3.8182770e-03 8.8459745e-02 3.2437456e-04 5.6549028e-04
 2.8248384e-04 1.0136479e-01]",[0.643108   0.34619293 0.00168037 0.00901882],[9.9999899e-01 1.0721859e-06],"[2.8911739e-07 3.0464117e-04 1.0611885e-01 8.5947812e-01 3.3842418e-02
 2.5473224e-04 8.8413321e-07 2.1464746e-08 4.7115178e-10]"
D:\Uni\Ulm\Master\Hiwi-Forschung-und-Lehre\FairFace\detected_faces\1136227_face0.jpg,White,White,Male,20-29,"[9.1107833e-01 5.7695387e-04 7.1104281e-02 1.4021143e-04 3.0460945e-04
 1.1968827e-04 1.6675875e-02]",[0.99153185 0.00405667 0.00314542 0.00126606],[9.9999887e-01 1.1803266e-06],"[1.4090282e-08 1.4707124e-05 8.3585463e-02 8.8733739e-01 2.8824233e-02
 2.3698568e-04 1.0834585e-06 1.7959378e-08 2.0410738e-10]"
D:\Uni\Ulm\Master\Hiwi-Forschung-und-Lehre\FairFace\detected_faces\1136257_face0.jpg,Middle Eastern,White,Male,20-29,"[2.8507265e-01 1.7675778e-04 5.9589386e-02 7.5746758e-04 1.6067326e-03
 6.6168448e-03 6.4618021e-01]",[9.8352545e-01 7.5134006e-04 1.9355072e-03 1.3787630e-02],[9.9999887e-01 1.0944680e-06],"[1.7408123e-06 4.6681150e-04 5.1839042e-02 8.3513987e-01 1.1105700e-01
 1.4899077e-03 5.3750423e-06 1.9321045e-07 4.3971196e-09]"
D:\Uni\Ulm\Master\Hiwi-Forschung-und-Lehre\FairFace\detected_faces\1136325_face0.jpg,White,White,Male,20-29,"[4.7817832e-01 6.9967128e-04 4.3414325e-01 9.6375719e-05 3.5491158e-04
 6.1114063e-04 8.5916415e-02]",[0.92117625 0.0331264  0.01798689 0.02771044],[1.0000000e+00 3.4478735e-08],"[8.7507203e-08 2.3678670e-06 1.3385001e-03 5.0644428e-01 4.7007880e-01
 2.2001093e-02 1.3280254e-04 2.0967148e-06 1.1880528e-08]"
D:\Uni\Ulm\Master\Hiwi-Forschung-und-Lehre\FairFace\detected_faces\1136328_face0.jpg,White,White,Male,20-29,"[9.9982101e-01 3.9937795e-08 1.0587350e-05 5.0666762e-07 6.1582591e-07
 3.5455088e-08 1.6712697e-04]",[9.9998707e-01 3.4947766e-06 7.9774745e-06 1.4641590e-06],[9.9994445e-01 5.5483055e-05],"[5.6722399e-08 1.1158452e-04 4.8720592e-01 4.9873850e-01 1.3088482e-02
 8.4506412e-04 1.0271942e-05 1.7066118e-07 3.7619130e-09]"
D:\Uni\Ulm\Master\Hiwi-Forschung-und-Lehre\FairFace\detected_faces\1136399_face0.jpg,White,White,Male,30-39,"[9.9981385e-01 2.2155331e-07 2.1101978e-05 3.7340621e-06 4.9984533e-06
 1.3114169e-07 1.5594719e-04]",[9.9916631e-01 5.1716204e-05 7.7806407e-04 3.8956373e-06],[9.9999988e-01 1.3100558e-07],"[2.8063430e-06 4.4107768e-05 7.5855935e-03 3.3090547e-01 5.0737137e-01
 1.4259915e-01 1.1183611e-02 3.0405330e-04 3.8900362e-06]"
D:\Uni\Ulm\Master\Hiwi-Forschung-und-Lehre\FairFace\detected_faces\1136404_face0.jpg,Black,Black,Male,20-29,"[1.3083318e-04 9.7391254e-01 1.6007559e-02 7.7440956e-05 3.6996312e-03
 6.1013997e-03 7.0636073e-05]",[2.6812276e-04 9.8826677e-01 1.0991760e-03 1.0365892e-02],[9.999981e-01 1.861420e-06],"[1.7564586e-08 9.0720852e-07 7.2091119e-03 8.0392516e-01 1.8381266e-01
 4.9955300e-03 5.5840006e-05 6.9592926e-07 1.5740726e-08]"
D:\Uni\Ulm\Master\Hiwi-Forschung-und-Lehre\FairFace\detected_faces\1136409_face0.jpg,White,White,Male,20-29,"[9.9924076e-01 8.9735380e-07 2.4572548e-05 3.0315081e-07 3.5383408e-07
 1.0905516e-07 7.3291070e-04]",[9.9921626e-01 7.6135411e-04 2.0961132e-05 1.3185310e-06],[9.9997884e-01 2.1105034e-05],"[6.7591186e-06 1.0618828e-03 1.9558725e-01 7.4077749e-01 5.9940487e-02
 2.5972473e-03 2.8223185e-05 5.9787351e-07 2.3745720e-08]"
D:\Uni\Ulm\Master\Hiwi-Forschung-und-Lehre\FairFace\detected_faces\1136413_face0.jpg,Black,Black,Male,20-29,"[4.0973602e-03 7.4298555e-01 1.1888276e-01 9.7442375e-05 1.5232955e-03
 9.3441419e-03 1.2306939e-01]",[1.2630768e-03 9.9354357e-01 6.9446402e-04 4.4988380e-03],[9.9999672e-01 3.2981718e-06],"[3.4387466e-07 1.2629795e-05 1.4258211e-02 8.1634772e-01 1.6605270e-01
 3.3049788e-03 2.2544684e-05 9.3656865e-07 1.8062321e-08]"
D:\Uni\Ulm\Master\Hiwi-Forschung-und-Lehre\FairFace\detected_faces\1136418_face0.jpg,White,White,Male,20-29,"[9.9812406e-01 9.7585530e-07 1.5870272e-04 4.0383424e-07 9.3547646e-07
 2.7574717e-06 1.7122274e-03]",[9.9984777e-01 7.6814955e-05 3.2137341e-05 4.3212556e-05],[1.000000e+00 8.396944e-09],"[1.7099053e-07 6.0022634e-05 4.5905836e-02 8.9454633e-01 5.8933008e-02
 5.5340026e-04 1.2613998e-06 1.5918801e-08 2.6854971e-10]"
D:\Uni\Ulm\Master\Hiwi-Forschung-und-Lehre\FairFace\detected_faces\1136420_face0.jpg,White,White,Male,20-29,"[9.9379808e-01 5.0708883e-07 1.6201152e-04 1.1437410e-05 8.5873471e-06
 3.0749084e-06 6.0163443e-03]",[9.9964803e-01 1.2907876e-04 7.7305922e-05 1.4558627e-04],[9.9925566e-01 7.4440544e-04],"[8.27682740e-08 6.97172509e-05 4.64060634e-01 5.22359073e-01
 1.23270685e-02 1.14800897e-03 3.42340863e-05 1.19174194e-06
 3.25442180e-08]"
D:\Uni\Ulm\Master\Hiwi-Forschung-und-Lehre\FairFace\detected_faces\1136708_face0.jpg,White,White,Male,20-29,"[7.6552987e-01 1.1518371e-03 9.3409002e-02 1.5574477e-04 6.2315189e-04
 2.3993402e-04 1.3889052e-01]",[9.9898571e-01 9.2473155e-04 7.3445291e-05 1.6080212e-05],[9.9999875e-01 1.2692645e-06],"[3.8325979e-08 3.8102496e-06 1.4590823e-02 7.9695350e-01 1.8578294e-01
 2.6477198e-03 2.0854248e-05 3.5189314e-07 6.1752972e-09]"
D:\Uni\Ulm\Master\Hiwi-Forschung-und-Lehre\FairFace\detected_faces\1136715_face0.jpg,White,White,Male,20-29,"[5.2867234e-01 3.0035677e-03 5.9974082e-02 2.0903233e-05 1.0388626e-04
 1.8345038e-04 4.0804175e-01]",[8.2967675e-01 1.6727890e-01 3.6116285e-04 2.6831559e-03],[9.9999958e-01 4.3053322e-07],"[5.0079842e-07 7.2444134e-05 2.5384299e-02 8.7445194e-01 9.9160172e-02
 9.2808076e-04 2.5273171e-06 6.1670811e-08 7.6452805e-10]"
D:\Uni\Ulm\Master\Hiwi-Forschung-und-Lehre\FairFace\detected_faces\1136719_face0.jpg,White,White,Male,20-29,"[9.9992335e-01 7.4232496e-08 3.3661013e-06 1.1906142e-07 1.6750637e-07
 7.5665497e-08 7.2816256e-05]",[9.9999237e-01 2.9940613e-06 4.0001951e-06 7.3009983e-07],[9.9994004e-01 5.9979717e-05],"[1.2593791e-06 7.3974294e-04 1.6643202e-01 7.2631806e-01 1.0147076e-01
 4.9967789e-03 4.0969022e-05 4.2373910e-07 2.2847336e-08]"
D:\Uni\Ulm\Master\Hiwi-Forschung-und-Lehre\FairFace\detected_faces\1136721_face0.jpg,Black,Black,Male,20-29,"[7.3528399e-06 9.9951440e-01 3.2335566e-04 5.9261351e-06 6.3062413e-05
 7.9706901e-05 6.2332620e-06]",[1.0408893e-05 9.9972147e-01 2.4858807e-04 1.9536916e-05],[0.9962317  0.00376833],"[2.9153674e-05 7.9038385e-03 1.7541027e-01 7.2443992e-01 8.9465380e-02
 2.7351461e-03 1.5615733e-05 6.2301552e-07 7.2415574e-08]"
D:\Uni\Ulm\Master\Hiwi-Forschung-und-Lehre\FairFace\detected_faces\1136722_face0.jpg,White,White,Male,20-29,"[9.9990797e-01 4.1089661e-09 1.7861561e-06 8.0201037e-09 1.5350953e-08
 3.1476667e-08 9.0179616e-05]",[9.9999601e-01 1.3535382e-06 9.3671048e-07 1.7377272e-06],[9.9999988e-01 6.4015325e-08],"[4.1630255e-09 1.0022483e-05 1.0025157e-01 8.9354610e-01 6.1438382e-03
 4.8309772e-05 5.9088308e-08 4.6017712e-10 6.2345086e-12]"
D:\Uni\Ulm\Master\Hiwi-Forschung-und-Lehre\FairFace\detected_faces\1136730_face0.jpg,White,White,Male,20-29,"[9.9999982e-01 1.0277952e-09 1.1967855e-08 1.5486827e-09 3.7159824e-09
 2.3656335e-10 1.3217492e-07]",[1.0000000e+00 4.0780165e-08 5.1983641e-08 1.4694749e-08],[9.9999994e-01 7.5684362e-08],"[1.3641994e-08 4.3568871e-06 7.7465991e-03 7.4509525e-01 2.2861043e-01
 1.8283116e-02 2.5875052e-04 1.4779014e-06 3.2058768e-08]"
D:\Uni\Ulm\Master\Hiwi-Forschung-und-Lehre\FairFace\detected_faces\1136731_face0.jpg,Latino_Hispanic,Indian,Male,20-29,"[9.7563416e-02 6.1959196e-02 5.6742126e-01 3.2185984e-05 6.0967496e-04
 2.1444365e-01 5.7970550e-02]",[0.00800281 0.06017789 0.00112831 0.93069094],[9.9994040e-01 5.9640293e-05],"[1.0693834e-06 1.8452574e-03 4.1230333e-01 5.1867115e-01 6.3545085e-02
 3.5902117e-03 4.2878106e-05 1.0107701e-06 2.1852298e-08]"
D:\Uni\Ulm\Master\Hiwi-Forschung-und-Lehre\FairFace\detected_faces\1136798_face0.jpg,White,White,Male,20-29,"[7.0229411e-01 9.4521660e-05 1.5463185e-01 2.0728896e-04 9.0653106e-04
 9.2391332e-04 1.4094181e-01]",[0.9497241  0.01002816 0.01243634 0.02781137],[9.9999988e-01 1.2870409e-07],"[1.3601716e-07 6.6876644e-05 5.2079175e-02 8.4759146e-01 9.7951539e-02
 2.2957432e-03 1.4940352e-05 2.1185319e-07 1.5975433e-09]"
D:\Uni\Ulm\Master\Hiwi-Forschung-und-Lehre\FairFace\detected_faces\1136805_face0.jpg,Middle Eastern,White,Male,20-29,"[1.1584971e-01 7.1632698e-05 1.4375447e-02 3.8549242e-05 1.5673428e-04
 8.5621570e-05 8.6942226e-01]",[0.99537194 0.00165354 0.00106586 0.00190867],[9.9998033e-01 1.9716041e-05],"[9.8823909e-07 1.9599036e-04 4.6202246e-02 7.2580135e-01 2.2072507e-01
 7.0243846e-03 4.8390182e-05 1.5671887e-06 4.2877847e-08]"
D:\Uni\Ulm\Master\Hiwi-Forschung-und-Lehre\FairFace\detected_faces\1136806_face0.jpg,Black,Black,Male,30-39,"[3.5260823e-03 5.1325345e-01 2.4497080e-01 1.2843897e-04 4.5520058e-03
 2.2552711e-01 8.0421250e-03]",[2.9638410e-04 9.6661967e-01 7.4396114e-04 3.2339867e-02],[9.9999958e-01 4.2340193e-07],"[2.4203749e-07 2.0587258e-06 9.8297745e-04 4.5127878e-01 5.2210677e-01
 2.5282795e-02 3.3952462e-04 6.7608939e-06 1.2270543e-07]"
D:\Uni\Ulm\Master\Hiwi-Forschung-und-Lehre\FairFace\detected_faces\1136807_face0.jpg,White,White,Male,20-29,"[5.1383609e-01 9.0992056e-05 2.6852015e-02 3.3352953e-05 6.8159308e-05
 6.6987603e-05 4.5905235e-01]",[9.99321222e-01 2.51060759e-04 3.17704194e-04 1.09999215e-04],[9.9996525e-01 3.4814482e-05],"[8.0305949e-07 1.2295922e-03 4.6619958e-01 4.9852455e-01 3.3094652e-02
 9.4229664e-04 8.1262297e-06 3.4179632e-07 6.8576078e-09]"
D:\Uni\Ulm\Master\Hiwi-Forschung-und-Lehre\FairFace\detected_faces\1136812_face0.jpg,White,White,Male,20-29,"[9.9961019e-01 7.6654584e-07 4.4636687e-05 1.6365109e-07 1.0068113e-06
 8.6349252e-07 3.4240598e-04]",[9.9978638e-01 1.8742918e-04 1.2496568e-05 1.3724567e-05],[9.9999994e-01 1.2924650e-07],"[2.6089435e-08 6.2455229e-06 2.6879215e-03 7.1801722e-01 2.7038160e-01
 8.8712303e-03 3.5400444e-05 4.2328941e-07 9.3248120e-09]"
D:\Uni\Ulm\Master\Hiwi-Forschung-und-Lehre\FairFace\detected_faces\1136819_face0.jpg,Black,Black,Male,20-29,"[5.2811282e-07 9.9994898e-01 8.1759981e-06 2.0442372e-09 8.3225494e-08
 4.1549032e-05 7.0479342e-07]",[1.2560312e-06 9.9997431e-01 2.0367581e-06 2.2357521e-05],[1.0000000e+00 1.9453879e-08],"[1.7265259e-08 5.2075076e-05 3.8990822e-02 8.4824908e-01 1.1038227e-01
 2.3171853e-03 8.5054744e-06 9.1361962e-08 1.4813425e-09]"
D:\Uni\Ulm\Master\Hiwi-Forschung-und-Lehre\FairFace\detected_faces\1136896_face0.jpg,Black,Black,Male,30-39,"[5.2978870e-05 9.8677921e-01 3.8744914e-03 1.3311593e-06 4.9843849e-05
 8.8826204e-03 3.5944805e-04]",[2.8118424e-05 9.5857912e-01 1.0422302e-04 4.1288625e-02],[9.9921942e-01 7.8064005e-04],"[1.7202542e-06 7.1119168e-05 6.7283046e-03 3.6970177e-01 5.9085298e-01
 3.2272909e-02 3.6754506e-04 3.6003635e-06 6.8794556e-08]"
D:\Uni\Ulm\Master\Hiwi-Forschung-und-Lehre\FairFace\detected_faces\1136954_face0.jpg,White,White,Male,20-29,"[5.6778109e-01 1.2277739e-04 1.3572620e-02 7.7151439e-05 1.1507966e-04
 2.2102815e-04 4.1811025e-01]",[9.9447119e-01 1.4038653e-03 4.4533299e-04 3.6795838e-03],[9.9999690e-01 3.1385491e-06],"[1.7559390e-07 1.3400237e-04 1.1251341e-01 8.6367649e-01 2.3477420e-02
 1.9799059e-04 4.6874814e-07 1.2144065e-08 2.3789964e-10]"
D:\Uni\Ulm\Master\Hiwi-Forschung-und-Lehre\FairFace\detected_faces\1137087_face0.jpg,Black,Black,Male,20-29,"[1.8066627e-06 9.9997038e-01 1.1799375e-05 3.5673753e-09 1.3520746e-07
 1.1501523e-05 4.4281692e-06]",[2.3946527e-07 9.9999696e-01 4.8805776e-07 2.4344984e-06],[9.9988741e-01 1.1258363e-04],"[1.0789815e-08 8.5368544e-07 2.0244622e-03 5.0558096e-01 4.5870915e-01
 3.3226356e-02 4.5083635e-04 7.0615897e-06 2.4942113e-07]"
D:\Uni\Ulm\Master\Hiwi-Forschung-und-Lehre\FairFace\detected_faces\1137129_face0.jpg,Black,Black,Male,20-29,"[3.76695084e-07 9.99978960e-01 1.07119768e-05 3.13666582e-09
 1.04082126e-07 3.88726221e-06 5.89018919e-06]",[7.3085852e-07 9.9999189e-01 4.7206740e-06 2.6892162e-06],[9.9999976e-01 2.4267254e-07],"[5.0007196e-07 1.2854220e-04 1.5382883e-02 6.7557442e-01 2.9485720e-01
 1.3976518e-02 7.8317906e-05 1.4602032e-06 7.0081725e-08]"
D:\Uni\Ulm\Master\Hiwi-Forschung-und-Lehre\FairFace\detected_faces\1137132_face0.jpg,Latino_Hispanic,Black,Male,20-29,"[1.8551169e-01 6.0513481e-02 5.5710220e-01 1.5936496e-04 1.1684201e-03
 2.1899422e-03 1.9335490e-01]",[0.38208356 0.5807761  0.00317603 0.03396427],[9.9998802e-01 1.2032639e-05],"[3.8423272e-07 5.4567802e-04 4.8836413e-01 4.9509725e-01 1.5105925e-02
 8.6257188e-04 2.3560093e-05 5.3898583e-07 8.7321235e-09]"
D:\Uni\Ulm\Master\Hiwi-Forschung-und-Lehre\FairFace\detected_faces\1137151_face0.jpg,White,White,Male,20-29,"[9.9518716e-01 1.7905208e-05 2.6956464e-03 3.6979841e-07 1.8527229e-06
 5.7568491e-06 2.0911805e-03]",[9.9979520e-01 1.6720135e-04 3.3275726e-06 3.4175420e-05],[1.0000000e+00 1.4590137e-08],"[1.1570358e-08 1.5577609e-05 1.5802158e-01 8.2290983e-01 1.8757597e-02
 2.9386670e-04 1.5596137e-06 2.2766955e-08 1.7722467e-10]"
D:\Uni\Ulm\Master\Hiwi-Forschung-und-Lehre\FairFace\detected_faces\1137155_face0.jpg,White,White,Male,20-29,"[9.9992639e-01 3.0617076e-07 3.2320429e-05 2.7474877e-08 1.4822074e-07
 1.3850931e-06 3.9476559e-05]",[9.99951482e-01 1.29929385e-05 4.11491646e-06 3.14503923e-05],[9.9999958e-01 4.0919483e-07],"[1.7265370e-08 1.1607018e-05 3.2529451e-02 8.6742872e-01 9.5599107e-02
 4.3866541e-03 4.4152919e-05 2.4235842e-07 4.2223580e-09]"
D:\Uni\Ulm\Master\Hiwi-Forschung-und-Lehre\FairFace\detected_faces\1137219_face0.jpg,White,White,Male,10-19,"[0.7890592  0.00264631 0.00544801 0.03225965 0.09009428 0.00238251
 0.07811006]",[9.9859780e-01 8.1835140e-04 5.5181474e-04 3.2066750e-05],[0.9567368  0.04326322],"[1.2569964e-05 1.3288595e-02 7.2254544e-01 2.1588378e-01 3.9818708e-02
 6.9738766e-03 1.0828271e-03 3.4431610e-04 4.9816288e-05]"
D:\Uni\Ulm\Master\Hiwi-Forschung-und-Lehre\FairFace\detected_faces\1137231_face0.jpg,Latino_Hispanic,White,Male,20-29,"[0.02602549 0.10091936 0.5089561  0.00092212 0.01070457 0.15227623
 0.2001961 ]",[0.5265397  0.18001726 0.02745239 0.26599067],[9.9996841e-01 3.1541425e-05],"[2.8461079e-08 1.7277307e-05 6.8666764e-02 8.7461209e-01 5.6383617e-02
 3.1923258e-04 9.7497048e-07 2.6352362e-08 4.4620141e-10]"
D:\Uni\Ulm\Master\Hiwi-Forschung-und-Lehre\FairFace\detected_faces\1137256_face0.jpg,Black,Black,Male,20-29,"[7.1578030e-04 9.5588470e-01 9.4080381e-03 2.5726451e-06 1.1282222e-04
 3.1889599e-02 1.9866116e-03]",[1.6587781e-04 9.8055494e-01 1.3546643e-04 1.9143743e-02],[0.9988977  0.00110234],"[4.7663683e-08 3.3959757e-05 3.6719944e-02 7.7233231e-01 1.8768275e-01
 3.2030486e-03 2.7595743e-05 3.2426081e-07 1.5365151e-08]"
D:\Uni\Ulm\Master\Hiwi-Forschung-und-Lehre\FairFace\detected_faces\1137259_face0.jpg,White,White,Male,20-29,"[9.7018087e-01 1.8474216e-06 2.6927523e-03 5.9116305e-06 1.2726389e-05
 5.3530657e-05 2.7052343e-02]",[9.9947989e-01 3.1400152e-05 1.5519398e-04 3.3348851e-04],[9.9993277e-01 6.7259767e-05],"[3.5126511e-09 3.6568075e-05 2.1102153e-01 7.8578258e-01 3.1488871e-03
 1.0452052e-05 1.4924447e-08 2.6364239e-10 5.9050920e-12]"
D:\Uni\Ulm\Master\Hiwi-Forschung-und-Lehre\FairFace\detected_faces\1137268_face0.jpg,White,White,Male,20-29,"[0.4476718  0.00061207 0.1696465  0.0009479  0.00189901 0.01021572
 0.369007  ]",[0.90092516 0.01449439 0.00789013 0.07669038],[1.0000000e+00 3.2891673e-08],"[7.29129752e-08 6.03882727e-05 1.00647554e-01 8.69641840e-01
 2.93583125e-02 2.90502969e-04 1.26636962e-06 3.68814241e-08
 3.85183746e-10]"
D:\Uni\Ulm\Master\Hiwi-Forschung-und-Lehre\FairFace\detected_faces\1137275_face0.jpg,White,White,Male,10-19,"[4.6912897e-01 2.1670386e-04 2.6413259e-01 2.1152255e-05 1.8547526e-04
 4.3688072e-03 2.6194629e-01]",[0.98017085 0.00846659 0.00223888 0.00912365],[9.9999893e-01 1.1083222e-06],"[4.0100744e-08 1.4104107e-03 9.0246320e-01 9.5229752e-02 8.8432414e-04
 1.2127953e-05 2.5846628e-08 7.3141548e-10 1.0917208e-11]"
D:\Uni\Ulm\Master\Hiwi-Forschung-und-Lehre\FairFace\detected_faces\1137347_face0.jpg,White,White,Male,20-29,"[4.2759606e-01 2.8660521e-04 2.9935697e-01 5.6851091e-04 1.6051709e-03
 1.9027933e-02 2.5155875e-01]",[0.55411416 0.00512564 0.00481034 0.4359499 ],[9.9999893e-01 1.0921881e-06],"[1.2245189e-08 7.7548875e-06 4.0511988e-02 9.3836385e-01 2.1061243e-02
 5.5044886e-05 8.2348457e-08 4.9565521e-09 6.2072465e-11]"
D:\Uni\Ulm\Master\Hiwi-Forschung-und-Lehre\FairFace\detected_faces\1137364_face0.jpg,Middle Eastern,White,Male,20-29,"[6.0183503e-02 4.5582983e-03 3.7168700e-01 8.9078210e-05 5.2383950e-04
 7.4214241e-03 5.5553681e-01]",[0.74703354 0.05185081 0.00808718 0.19302851],[9.9999994e-01 5.9700888e-08],"[3.2292468e-07 2.9142657e-05 8.3972365e-03 7.7219820e-01 2.1566820e-01
 3.6920374e-03 1.4564819e-05 2.6789812e-07 2.7996847e-09]"
D:\Uni\Ulm\Master\Hiwi-Forschung-und-Lehre\FairFace\detected_faces\1137365_face0.jpg,Middle Eastern,White,Male,20-29,"[2.2484824e-01 6.3521999e-05 7.0595793e-02 1.2094555e-03 1.6111551e-03
 2.0685980e-02 6.8098581e-01]",[0.85927737 0.00101882 0.01112346 0.12858036],[9.9999827e-01 1.7201332e-06],"[1.6380695e-06 3.2656465e-04 2.7197970e-02 9.2999566e-01 4.2175304e-02
 3.0224412e-04 6.4319829e-07 2.4710570e-08 4.6294285e-10]"
D:\Uni\Ulm\Master\Hiwi-Forschung-und-Lehre\FairFace\detected_faces\1137366_face0.jpg,Middle Eastern,White,Male,10-19,"[4.5389321e-01 4.1862742e-05 1.5886843e-02 1.4293337e-05 4.1624877e-05
 3.3867761e-04 5.2978343e-01]",[9.9914527e-01 1.6429095e-04 4.8077607e-05 6.4239238e-04],[1.0000000e+00 2.0132513e-09],"[8.4997545e-08 3.1467431e-04 5.3837919e-01 4.5644766e-01 4.8164176e-03
 4.1889773e-05 7.0435945e-08 1.5716886e-09 1.1436261e-11]"
D:\Uni\Ulm\Master\Hiwi-Forschung-und-Lehre\FairFace\detected_faces\1137373_face0.jpg,White,White,Male,20-29,"[8.3402246e-01 1.9904699e-03 1.1557234e-01 3.5531051e-04 1.1370727e-03
 1.4594010e-03 4.5462873e-02]",[0.9877363  0.00863781 0.00103103 0.00259486],[1.0000000e+00 2.3144975e-09],"[8.98436667e-08 2.26729153e-05 4.34272476e-02 8.53745461e-01
 1.01094626e-01 1.69758836e-03 1.21353696e-05 2.36838417e-07
 1.32511135e-09]"
D:\Uni\Ulm\Master\Hiwi-Forschung-und-Lehre\FairFace\detected_faces\1137380_face0.jpg,White,White,Male,20-29,"[9.9707168e-01 9.1518729e-07 7.5792876e-04 2.6937252e-05 2.7957693e-05
 1.8790121e-05 2.0957305e-03]",[9.9943966e-01 1.4326707e-05 4.5847692e-04 8.7593849e-05],[1.0000000e+00 1.5386053e-08],"[9.0294732e-09 2.8008912e-05 2.5642183e-01 7.4112666e-01 2.4164440e-03
 7.0469250e-06 1.5727466e-08 1.7699735e-10 2.2656985e-12]"
D:\Uni\Ulm\Master\Hiwi-Forschung-und-Lehre\FairFace\detected_faces\1137390_face0.jpg,White,Indian,Male,20-29,"[0.5241129  0.00581684 0.24601464 0.0021288  0.00393664 0.1766405
 0.04134972]",[0.3534299  0.03025788 0.01164185 0.6046704 ],[9.9999344e-01 6.5706868e-06],"[4.9366467e-06 8.3763426e-04 4.3104790e-02 7.8314298e-01 1.6739309e-01
 5.4562320e-03 5.8038306e-05 2.2408701e-06 6.3048816e-08]"
D:\Uni\Ulm\Master\Hiwi-Forschung-und-Lehre\FairFace\detected_faces\1137430_face0.jpg,White,White,Male,20-29,"[5.29143572e-01 3.54093406e-03 4.09590960e-01 1.12006346e-04
 7.63810298e-04 3.70254228e-03 5.31462468e-02]",[0.8854282  0.06785973 0.0208119  0.02590018],[9.9999988e-01 1.2476825e-07],"[2.4312121e-09 1.7525491e-06 7.2827257e-02 9.1518891e-01 1.1914534e-02
 6.7334848e-05 2.6578653e-07 9.8555981e-09 1.1900358e-10]"
D:\Uni\Ulm\Master\Hiwi-Forschung-und-Lehre\FairFace\detected_faces\1137431_face0.jpg,Black,Black,Male,20-29,"[2.5730887e-07 9.9999726e-01 1.4201977e-06 4.9643140e-10 8.3961682e-09
 3.8065497e-07 7.0079153e-07]",[1.2713078e-07 9.9999940e-01 5.0602406e-08 4.5176211e-07],[9.9999982e-01 1.9525982e-07],"[1.4851084e-07 4.8557020e-04 1.1633592e-01 8.1482732e-01 6.6916667e-02
 1.4299976e-03 4.3187561e-06 9.4914945e-08 5.1955480e-09]"
D:\Uni\Ulm\Master\Hiwi-Forschung-und-Lehre\FairFace\detected_faces\1137577_face0.jpg,Latino_Hispanic,White,Male,20-29,"[0.29338792 0.00063608 0.63311857 0.00080473 0.00400323 0.00208804
 0.06596149]",[0.8992109  0.00720831 0.06934644 0.02423447],[9.999997e-01 2.574199e-07],"[1.2319833e-07 2.3458520e-04 2.3025815e-01 7.5199056e-01 1.7288378e-02
 2.2724566e-04 8.6763112e-07 1.9137728e-08 1.6095046e-10]"
D:\Uni\Ulm\Master\Hiwi-Forschung-und-Lehre\FairFace\detected_faces\1137585_face0.jpg,Middle Eastern,White,Male,10-19,"[0.15778492 0.00056546 0.24913004 0.00634693 0.01871551 0.0289952
 0.5384619 ]",[0.70504105 0.0063166  0.09854256 0.1900997 ],[9.999996e-01 3.961756e-07],"[3.02525990e-07 1.34717580e-02 9.59636927e-01 2.65908819e-02
 2.88044423e-04 1.20049281e-05 1.06870267e-07 1.21330315e-08
 2.27535574e-10]"
D:\Uni\Ulm\Master\Hiwi-Forschung-und-Lehre\FairFace\detected_faces\1137625_face0.jpg,White,White,Male,20-29,"[9.2102987e-01 4.0877581e-05 8.9831380e-03 6.0471342e-05 1.5630970e-04
 3.4306647e-04 6.9386311e-02]",[9.9814326e-01 1.4995712e-04 3.8305330e-04 1.3237338e-03],[9.999995e-01 4.511356e-07],"[1.05715712e-08 1.24004055e-05 1.35190174e-01 8.41907024e-01
 2.25818586e-02 3.07487033e-04 1.06924779e-06 2.28497345e-08
 3.77550574e-10]"
D:\Uni\Ulm\Master\Hiwi-Forschung-und-Lehre\FairFace\detected_faces\1137667_face0.jpg,Black,Black,Male,20-29,"[1.0527605e-07 9.9999058e-01 3.4200214e-06 1.0716716e-07 6.3824928e-07
 4.8373281e-06 2.1000069e-07]",[4.5888825e-08 9.9999321e-01 5.6579265e-06 1.0899747e-06],[9.9995703e-01 4.2959775e-05],"[2.7312312e-08 2.4920982e-05 2.3469966e-02 8.6509961e-01 1.0780246e-01
 3.5811660e-03 2.1637657e-05 2.6637306e-07 1.6102696e-08]"
D:\Uni\Ulm\Master\Hiwi-Forschung-und-Lehre\FairFace\detected_faces\1137668_face0.jpg,White,White,Male,20-29,"[5.9677911e-01 6.0605565e-03 7.3003531e-02 3.1075735e-05 1.4075873e-04
 1.9435870e-04 3.2379058e-01]",[9.8947018e-01 8.1797596e-03 1.3816836e-03 9.6833176e-04],[9.9999696e-01 3.0414240e-06],"[4.3857875e-07 2.4572512e-04 1.7443804e-01 7.7538890e-01 4.9016200e-02
 9.0583693e-04 4.7527569e-06 1.0839674e-07 1.7809330e-09]"
D:\Uni\Ulm\Master\Hiwi-Forschung-und-Lehre\FairFace\detected_faces\1137672_face0.jpg,White,White,Male,20-29,"[9.9435431e-01 2.0880854e-05 3.8661957e-03 4.0016502e-07 3.6657175e-06
 2.6205729e-05 1.7284718e-03]",[9.98873174e-01 5.42536029e-04 1.04245984e-04 4.79975541e-04],[9.9999970e-01 3.4501068e-07],"[6.7898345e-09 9.1743277e-06 6.7575745e-02 9.0022886e-01 3.1803578e-02
 3.8114312e-04 1.4047528e-06 1.8831733e-08 2.3048223e-10]"
D:\Uni\Ulm\Master\Hiwi-Forschung-und-Lehre\FairFace\detected_faces\1137676_face0.jpg,Black,Black,Male,20-29,"[2.9317971e-06 9.9993837e-01 4.3359989e-05 5.8101257e-09 1.4129105e-07
 4.7831495e-06 1.0419366e-05]",[2.5824922e-06 9.9998784e-01 1.7965521e-06 7.7792629e-06],[9.9999958e-01 4.5250414e-07],"[4.7659992e-07 8.9020003e-05 3.6308404e-02 7.7685237e-01 1.7833126e-01
 8.3481483e-03 6.8729751e-05 1.5264685e-06 7.4858612e-08]"
D:\Uni\Ulm\Master\Hiwi-Forschung-und-Lehre\FairFace\detected_faces\1137717_face0.jpg,White,White,Male,20-29,"[9.9944937e-01 4.4216595e-06 1.0290935e-04 1.6599086e-05 1.1665464e-05
 1.4511505e-06 4.1366700e-04]",[9.9994475e-01 2.1857444e-05 2.6148238e-05 7.2778280e-06],[9.9982107e-01 1.7889804e-04],"[8.2410516e-08 5.6973080e-05 4.6113398e-02 9.0382391e-01 4.9643882e-02
 3.5833119e-04 3.2740184e-06 5.9524272e-08 3.5609948e-09]"
D:\Uni\Ulm\Master\Hiwi-Forschung-und-Lehre\FairFace\detected_faces\1137727_face0.jpg,White,White,Male,20-29,"[9.5979643e-01 2.0268202e-05 4.2562922e-03 1.5471571e-05 5.5755037e-05
 2.7157081e-05 3.5828684e-02]",[9.977910e-01 8.557511e-04 5.541200e-04 7.990262e-04],[9.9999994e-01 8.0529027e-08],"[1.35581752e-06 1.05353130e-04 1.68633163e-02 6.48679912e-01
 3.16748023e-01 1.74965188e-02 1.04257735e-04 1.22734377e-06
 1.03265014e-08]"
D:\Uni\Ulm\Master\Hiwi-Forschung-und-Lehre\FairFace\detected_faces\1137728_face0.jpg,Middle Eastern,White,Male,20-29,"[1.3923085e-01 1.3972566e-04 2.4689753e-01 6.8504299e-04 1.3189754e-03
 1.4475796e-02 5.9725219e-01]",[0.8588413  0.00476123 0.0181007  0.1182967 ],[9.9999839e-01 1.6398124e-06],"[4.5519064e-07 5.9829606e-05 1.3146660e-02 9.1732180e-01 6.8968706e-02
 5.0117233e-04 1.3253274e-06 2.8739811e-08 4.5178938e-10]"
D:\Uni\Ulm\Master\Hiwi-Forschung-und-Lehre\FairFace\detected_faces\1137730_face0.jpg,Latino_Hispanic,White,Male,20-29,"[1.02189906e-01 7.23087648e-03 5.99342644e-01 1.98177673e-04
 9.79364500e-04 6.45301305e-04 2.89413571e-01]",[0.5217607  0.30747885 0.11296519 0.05779522],[1.0000000e+00 3.5529444e-09],"[1.6766743e-08 5.6451900e-06 2.7423372e-02 9.1654968e-01 5.5344284e-02
 6.7449932e-04 2.4040683e-06 1.1078806e-07 7.2317435e-10]"
D:\Uni\Ulm\Master\Hiwi-Forschung-und-Lehre\FairFace\detected_faces\1137731_face0.jpg,White,White,Male,20-29,"[9.4478548e-01 2.8802844e-05 4.6577132e-03 7.0211347e-05 1.3869780e-04
 1.7203811e-05 5.0301775e-02]",[9.9682963e-01 2.9084338e-03 1.2378875e-04 1.3804762e-04],[9.9999994e-01 6.5315717e-08],"[5.6475189e-09 8.2904726e-06 8.2012936e-02 9.0812886e-01 9.8317079e-03
 1.8200944e-05 3.2409687e-08 4.3652196e-10 5.4838278e-12]"
D:\Uni\Ulm\Master\Hiwi-Forschung-und-Lehre\FairFace\detected_faces\1137734_face0.jpg,White,White,Male,10-19,"[9.90726709e-01 5.04349430e-07 1.15170798e-04 6.55359236e-06
 1.01039805e-05 4.70562327e-06 9.13629495e-03]",[9.9983889e-01 3.6434914e-05 8.5304418e-05 3.9396484e-05],[1.0000000e+00 3.5018477e-08],"[5.2314670e-07 3.6842080e-03 7.9294235e-01 1.9731106e-01 5.5509983e-03
 5.0025393e-04 1.0144709e-05 4.7800648e-07 6.7450485e-09]"
D:\Uni\Ulm\Master\Hiwi-Forschung-und-Lehre\FairFace\detected_faces\1137751_face0.jpg,Middle Eastern,White,Male,20-29,"[3.5885310e-01 4.7564481e-05 9.8346164e-03 9.9286672e-06 4.4119024e-05
 3.1820510e-04 6.3089246e-01]",[0.7022528  0.01553073 0.00072275 0.28149363],[9.9999928e-01 7.4864084e-07],"[1.35127838e-08 2.11256497e-06 4.42865398e-03 8.89844894e-01
 1.05171666e-01 5.51689707e-04 9.79241349e-07 7.37542916e-09
 1.02181888e-10]"
D:\Uni\Ulm\Master\Hiwi-Forschung-und-Lehre\FairFace\detected_faces\1137752_face0.jpg,Middle Eastern,White,Male,20-29,"[6.9867469e-02 4.9601014e-05 1.0281534e-02 1.8141727e-05 5.6848283e-05
 9.3117898e-04 9.1879529e-01]",[9.8894918e-01 5.5751163e-05 1.7793333e-03 9.2156725e-03],[9.9999982e-01 2.2595013e-07],"[1.0120878e-07 2.7413435e-05 3.0237228e-02 9.2121875e-01 4.7965977e-02
 5.4798194e-04 2.5184627e-06 7.1265106e-08 1.4473946e-09]"
D:\Uni\Ulm\Master\Hiwi-Forschung-und-Lehre\FairFace\detected_faces\1137799_face0.jpg,White,White,Male,20-29,"[7.4734956e-01 4.6494994e-03 6.4408951e-02 9.8245990e-05 3.5057176e-04
 1.5183740e-03 1.8162483e-01]",[0.63680756 0.28338993 0.02911818 0.05068434],[1.0000000e+00 2.8374612e-09],"[7.8399456e-09 1.0231641e-06 1.0453697e-02 9.3837035e-01 5.0930999e-02
 2.4326541e-04 6.4069906e-07 1.6148222e-08 1.6355348e-10]"
D:\Uni\Ulm\Master\Hiwi-Forschung-und-Lehre\FairFace\detected_faces\1137814_face0.jpg,White,White,Male,20-29,"[9.0905565e-01 5.9706152e-05 8.3663343e-03 1.7631713e-05 5.5069348e-05
 7.7104814e-05 8.2368471e-02]",[0.9893897  0.00197274 0.00744134 0.00119622],[9.9998987e-01 1.0164011e-05],"[3.6823966e-08 1.3159718e-05 5.9279658e-02 8.7517309e-01 6.3266166e-02
 2.2371095e-03 3.0117872e-05 6.2589191e-07 9.0506376e-09]"
D:\Uni\Ulm\Master\Hiwi-Forschung-und-Lehre\FairFace\detected_faces\1137819_face0.jpg,Middle Eastern,White,Male,30-39,"[2.3480097e-03 8.7619643e-04 2.5459614e-03 1.8138163e-06 3.6189695e-06
 4.7286149e-04 9.9375159e-01]",[8.8291973e-01 3.7757754e-02 4.4117952e-04 7.8881308e-02],[9.9993587e-01 6.4135587e-05],"[1.0558877e-05 9.7189899e-05 2.8346817e-03 1.4669007e-01 5.8327627e-01
 2.4132206e-01 2.3833591e-02 1.8625058e-03 7.3011710e-05]"
D:\Uni\Ulm\Master\Hiwi-Forschung-und-Lehre\FairFace\detected_faces\1137829_face0.jpg,Latino_Hispanic,White,Male,20-29,"[3.0285794e-01 1.4456206e-03 4.3403524e-01 3.4910033e-04 9.6849236e-04
 2.8074613e-02 2.3226893e-01]",[0.8518112  0.00193879 0.01180872 0.13444138],[9.9999732e-01 2.7004996e-06],"[1.3285096e-06 3.4537888e-04 3.7604298e-02 8.8122892e-01 7.9847321e-02
 9.7026449e-04 2.3918985e-06 8.2546634e-08 1.0176539e-09]"
D:\Uni\Ulm\Master\Hiwi-Forschung-und-Lehre\FairFace\detected_faces\1137891_face0.jpg,White,White,Male,10-19,"[7.5238180e-01 4.3795168e-05 3.6786865e-02 6.6976736e-06 1.8296463e-05
 7.5705384e-04 2.1000552e-01]",[9.9910772e-01 3.9390645e-05 2.5411360e-05 8.2743756e-04],[9.9999982e-01 2.0390625e-07],"[4.4284229e-06 3.0683684e-03 5.3669572e-01 4.2661083e-01 3.2710109e-02
 9.0662466e-04 3.8989920e-06 6.9530437e-08 5.6297478e-10]"
D:\Uni\Ulm\Master\Hiwi-Forschung-und-Lehre\FairFace\detected_faces\1137896_face0.jpg,White,White,Male,30-39,"[9.94959593e-01 4.63142169e-05 6.77324424e-04 3.80245456e-06
 7.80608570e-06 1.10324094e-04 4.19488829e-03]",[9.9946737e-01 3.7057689e-04 1.7009987e-05 1.4502461e-04],[9.9997199e-01 2.8002876e-05],"[1.0589096e-04 8.7921054e-04 2.8391478e-03 3.2143441e-01 6.4058739e-01
 3.3668004e-02 4.7917638e-04 6.3418133e-06 4.4244987e-07]"
D:\Uni\Ulm\Master\Hiwi-Forschung-und-Lehre\FairFace\detected_faces\1138040_face0.jpg,White,White,Male,20-29,"[9.9252731e-01 1.0054175e-05 9.6942583e-04 3.5031160e-06 7.3692386e-06
 3.1253527e-05 6.4511141e-03]",[9.9860197e-01 3.8469722e-04 1.0248949e-04 9.1082067e-04],[1.0000000e+00 2.7137768e-08],"[1.1414366e-07 2.7693326e-05 2.7570123e-02 8.3236313e-01 1.3076396e-01
 9.1435527e-03 1.3025332e-04 1.1324496e-06 1.1944261e-08]"
D:\Uni\Ulm\Master\Hiwi-Forschung-und-Lehre\FairFace\detected_faces\1138130_face0.jpg,White,White,Male,20-29,"[9.5046884e-01 1.8885443e-05 3.2778333e-03 9.6970862e-06 1.9826355e-05
 1.0722259e-05 4.6194218e-02]",[9.9963319e-01 3.1706842e-04 3.6175374e-05 1.3536537e-05],[9.9997532e-01 2.4654615e-05],"[1.2733574e-07 1.4700809e-04 2.2559212e-01 7.4293137e-01 3.0814981e-02
 5.1110948e-04 3.1935142e-06 6.6846816e-08 1.1240350e-09]"
D:\Uni\Ulm\Master\Hiwi-Forschung-und-Lehre\FairFace\detected_faces\1138140_face0.jpg,White,White,Male,10-19,"[8.6950481e-01 2.4671963e-04 5.8863845e-02 7.5927158e-03 5.6751901e-03
 5.1569543e-04 5.7601087e-02]",[0.86468196 0.002041   0.12510838 0.00816868],[9.999993e-01 7.311589e-07],"[1.8779201e-07 1.2671920e-03 8.5349721e-01 1.4422338e-01 9.9437591e-04
 1.7503322e-05 1.1184865e-07 5.6005232e-09 1.0127784e-10]"
D:\Uni\Ulm\Master\Hiwi-Forschung-und-Lehre\FairFace\detected_faces\1138145_face0.jpg,Black,Black,Male,20-29,"[6.0245889e-04 9.7151428e-01 2.2714425e-02 4.5820543e-05 5.8188627e-04
 4.1949758e-03 3.4606847e-04]",[6.9778165e-05 9.9863839e-01 4.0023986e-04 8.9163124e-04],[9.9993026e-01 6.9765141e-05],"[1.1494793e-07 4.9969267e-06 6.3848766e-03 5.5762887e-01 4.1276389e-01
 2.2716258e-02 4.9063918e-04 1.0134286e-05 2.1432443e-07]"
D:\Uni\Ulm\Master\Hiwi-Forschung-und-Lehre\FairFace\detected_faces\1138396_face0.jpg,Black,Black,Male,20-29,"[2.1911655e-05 9.8523295e-01 4.7299091e-04 2.6253010e-06 4.7017729e-05
 1.4156353e-02 6.6233435e-05]",[5.2675288e-05 9.9908334e-01 2.1443053e-05 8.4245612e-04],[9.9999660e-01 3.4433526e-06],"[4.3713410e-07 5.0844165e-04 1.3778070e-01 6.8698907e-01 1.6823262e-01
 6.4239535e-03 6.3204272e-05 1.5512095e-06 2.4029223e-08]"
D:\Uni\Ulm\Master\Hiwi-Forschung-und-Lehre\FairFace\detected_faces\1138398_face0.jpg,White,White,Male,10-19,"[9.7607797e-01 2.1205085e-05 1.5301821e-03 1.0096200e-04 5.7015688e-05
 2.2324145e-06 2.2210455e-02]",[9.9692029e-01 1.0890126e-03 1.9012510e-03 8.9490881e-05],[9.9999726e-01 2.7314397e-06],"[2.1375831e-06 1.5395886e-02 8.3836293e-01 1.4325744e-01 2.9219559e-03
 5.9306170e-05 3.2909344e-07 2.0681755e-08 7.6260842e-10]"
D:\Uni\Ulm\Master\Hiwi-Forschung-und-Lehre\FairFace\detected_faces\1138399_face0.jpg,White,White,Male,20-29,"[9.6582347e-01 2.6204109e-05 8.2064364e-03 1.0769343e-02 2.3250233e-03
 6.4260406e-05 1.2785260e-02]",[8.9400291e-01 5.8314408e-04 1.0385070e-01 1.5631955e-03],[9.999996e-01 4.381042e-07],"[1.4837396e-08 1.7429053e-05 3.8571507e-01 6.1118656e-01 3.0690425e-03
 1.1871798e-05 5.1518789e-08 2.8928968e-09 5.1032841e-11]"
D:\Uni\Ulm\Master\Hiwi-Forschung-und-Lehre\FairFace\detected_faces\1138421_face0.jpg,Black,Black,Male,20-29,"[1.01694139e-02 7.70889461e-01 1.95563629e-01 1.13913185e-04
 3.78584070e-03 1.45107433e-02 4.96696774e-03]",[4.7830803e-05 9.9888289e-01 7.9161444e-05 9.9013210e-04],[9.9981123e-01 1.8877765e-04],"[1.1258226e-07 2.8928532e-04 3.3826360e-01 6.4420229e-01 1.7001716e-02
 2.4075829e-04 2.1102344e-06 6.2607945e-08 1.7780454e-09]"
D:\Uni\Ulm\Master\Hiwi-Forschung-und-Lehre\FairFace\detected_faces\1138428_face0.jpg,White,White,Male,10-19,"[9.9907404e-01 1.2498914e-07 1.3032155e-04 7.3591491e-07 1.6015508e-06
 4.9191988e-07 7.9275994e-04]",[9.9990803e-01 5.6813271e-05 3.0905510e-05 4.2720371e-06],[9.9998170e-01 1.8287697e-05],"[3.9387910e-06 4.2913318e-02 9.4863296e-01 7.9594329e-03 4.4585406e-04
 4.4177305e-05 3.0341616e-07 9.2556860e-09 5.1245391e-10]"
D:\Uni\Ulm\Master\Hiwi-Forschung-und-Lehre\FairFace\detected_faces\1138435_face0.jpg,Black,Black,Male,20-29,"[4.3731576e-05 5.8375239e-01 3.8574007e-03 9.8169926e-07 8.8714303e-05
 4.1169029e-01 5.6649029e-04]",[1.0159655e-04 6.2327814e-01 6.4080610e-04 3.7597948e-01],[9.9998742e-01 1.2584317e-05],"[2.0738639e-07 2.5713717e-04 1.3079527e-01 7.2009319e-01 1.4566828e-01
 3.1705401e-03 1.5124490e-05 2.3099290e-07 2.2139544e-09]"
D:\Uni\Ulm\Master\Hiwi-Forschung-und-Lehre\FairFace\detected_faces\1138445_face0.jpg,White,White,Male,20-29,"[9.9692672e-01 1.2136553e-05 5.3192920e-04 2.9338904e-05 3.5403238e-05
 3.4374605e-06 2.4609361e-03]",[9.9753475e-01 7.6745270e-04 1.6246783e-03 7.3118368e-05],[9.999982e-01 1.820465e-06],"[2.9450433e-08 1.9813879e-05 1.2797685e-01 8.5041696e-01 2.1216134e-02
 3.6724395e-04 2.8869988e-06 5.1026664e-08 1.0464770e-09]"
D:\Uni\Ulm\Master\Hiwi-Forschung-und-Lehre\FairFace\detected_faces\1138554_face0.jpg,Black,Black,Male,20-29,"[4.4771926e-07 9.9999052e-01 5.8121309e-06 6.1305427e-09 6.0057836e-08
 2.6187693e-06 5.9204461e-07]",[5.9999275e-07 9.9999291e-01 1.4981599e-06 4.9814857e-06],[9.993138e-01 6.861714e-04],"[9.3178635e-08 3.3065397e-05 2.0915460e-02 6.8058014e-01 2.7973524e-01
 1.8526880e-02 2.0743461e-04 1.5786188e-06 5.6537907e-08]"
D:\Uni\Ulm\Master\Hiwi-Forschung-und-Lehre\FairFace\detected_faces\1138776_face0.jpg,Middle Eastern,White,Male,10-19,"[1.20990165e-01 1.63173056e-04 3.33397500e-02 1.80973857e-05
 9.63147104e-05 6.91702822e-03 8.38475525e-01]",[0.7648093  0.02821881 0.00289761 0.20407428],[1.0000000e+00 2.3964164e-08],"[3.0831199e-08 3.5133547e-04 7.5359887e-01 2.4428636e-01 1.7494890e-03
 1.3745337e-05 4.8436060e-08 3.2389784e-09 2.6636884e-11]"
D:\Uni\Ulm\Master\Hiwi-Forschung-und-Lehre\FairFace\detected_faces\1138778_face0.jpg,White,White,Male,20-29,"[9.94201124e-01 7.77787989e-07 2.90479814e-03 2.60067871e-04
 3.88824003e-04 1.05626095e-05 2.23379955e-03]",[9.9904156e-01 2.5473342e-05 7.1179465e-04 2.2118079e-04],[9.999995e-01 4.862535e-07],"[3.8895653e-08 6.7207156e-06 2.0164102e-02 7.7706105e-01 1.9030060e-01
 1.2279928e-02 1.8545055e-04 2.0380307e-06 1.9168544e-08]"
D:\Uni\Ulm\Master\Hiwi-Forschung-und-Lehre\FairFace\detected_faces\1138779_face0.jpg,Latino_Hispanic,Indian,Male,20-29,"[4.4899825e-02 3.1196538e-02 6.9156545e-01 1.4566057e-04 1.7448968e-03
 3.0498000e-02 1.9994952e-01]",[0.18446799 0.16120017 0.00516216 0.64916974],[9.9999994e-01 7.0524152e-08],"[6.3871859e-08 1.5971698e-05 6.2493481e-02 8.8988060e-01 4.6903025e-02
 7.0246396e-04 4.1970980e-06 1.9977431e-07 1.9378046e-09]"
D:\Uni\Ulm\Master\Hiwi-Forschung-und-Lehre\FairFace\detected_faces\1138842_face0.jpg,Black,Black,Male,20-29,"[2.4312445e-07 9.9998128e-01 2.2638583e-06 3.3141220e-08 8.2657101e-07
 1.5127486e-05 2.1147835e-07]",[1.0776415e-06 9.9995095e-01 7.2382550e-06 4.0739498e-05],[9.999991e-01 8.782883e-07],"[2.0729232e-08 1.1044163e-05 1.4902601e-02 7.9743266e-01 1.7878681e-01
 8.7759579e-03 8.9220564e-05 1.6362524e-06 8.2352756e-08]"
D:\Uni\Ulm\Master\Hiwi-Forschung-und-Lehre\FairFace\detected_faces\1138843_face0.jpg,Black,Black,Male,20-29,"[1.0243857e-04 9.9405259e-01 4.9643554e-03 4.5571273e-06 3.2501796e-04
 4.0131173e-04 1.4978730e-04]",[3.0611143e-05 9.9968082e-01 5.6076718e-05 2.3253160e-04],[9.9999976e-01 2.8561274e-07],"[9.4212260e-10 7.5763973e-07 6.1772902e-02 9.2649871e-01 1.1682526e-02
 4.4888999e-05 1.0872792e-07 1.9897144e-09 3.9329939e-11]"
D:\Uni\Ulm\Master\Hiwi-Forschung-und-Lehre\FairFace\detected_faces\1138873_face0.jpg,White,White,Male,10-19,"[9.9956995e-01 4.7163326e-06 8.6515218e-05 1.0255248e-04 1.4420500e-04
 7.2074067e-07 9.1329042e-05]",[9.9649376e-01 1.4240430e-03 2.0711622e-03 1.1033339e-05],[9.999999e-01 5.930548e-08],"[7.5549804e-07 2.0111529e-03 5.9822160e-01 3.8469318e-01 1.4369014e-02
 6.8293180e-04 2.0703914e-05 6.4669558e-07 3.1799431e-08]"
D:\Uni\Ulm\Master\Hiwi-Forschung-und-Lehre\FairFace\detected_faces\1138933_face0.jpg,Middle Eastern,Black,Male,20-29,"[1.42828105e-02 8.45461488e-02 2.57558584e-01 2.16502507e-04
 2.73954216e-03 3.20834294e-02 6.08573020e-01]",[0.00732811 0.9350759  0.01249528 0.04510072],[9.9998790e-01 1.2117631e-05],"[2.9012097e-06 1.7643078e-04 2.9322293e-02 7.4116445e-01 2.2147878e-01
 7.7152438e-03 1.3285398e-04 6.8826721e-06 1.5465069e-07]"
D:\Uni\Ulm\Master\Hiwi-Forschung-und-Lehre\FairFace\detected_faces\1139191_face0.jpg,Middle Eastern,Indian,Male,20-29,"[1.7027343e-02 1.7644818e-03 8.7647364e-02 2.4662459e-05 4.3708857e-04
 2.0371822e-01 6.8938082e-01]",[0.04477919 0.00361934 0.00100843 0.95059305],[9.9999958e-01 4.4007191e-07],"[1.8070292e-08 1.1242522e-04 3.6762294e-01 6.2819535e-01 4.0520551e-03
 1.7220955e-05 2.8286308e-08 1.7168765e-09 1.8482741e-11]"
D:\Uni\Ulm\Master\Hiwi-Forschung-und-Lehre\FairFace\detected_faces\1139243_face0.jpg,Middle Eastern,White,Male,20-29,"[4.5609843e-02 4.4438352e-06 6.5785097e-03 4.9875885e-06 9.2466071e-06
 8.1608421e-05 9.4771135e-01]",[9.9931115e-01 1.2585304e-04 3.5515492e-04 2.0785269e-04],[9.9999166e-01 8.3230761e-06],"[2.0467032e-06 2.5225990e-03 3.0832180e-01 6.2328666e-01 6.4042404e-02
 1.8197480e-03 4.7058552e-06 6.5713216e-08 6.8610156e-10]"
D:\Uni\Ulm\Master\Hiwi-Forschung-und-Lehre\FairFace\detected_faces\1139245_face0.jpg,Black,Black,Male,20-29,"[5.4459144e-07 9.9998730e-01 4.1773415e-06 5.8778195e-08 4.4107259e-07
 7.1942272e-06 2.2640550e-07]",[2.8626462e-06 9.9997342e-01 1.9600493e-06 2.1837670e-05],[0.9425787  0.05742139],"[3.5848709e-07 7.6471228e-04 2.4636865e-01 6.8540335e-01 6.4305790e-02
 3.1100295e-03 4.6275338e-05 7.6581830e-07 5.5103751e-08]"
D:\Uni\Ulm\Master\Hiwi-Forschung-und-Lehre\FairFace\detected_faces\1139409_face0.jpg,White,White,Male,20-29,"[9.2851788e-01 2.7213409e-04 2.3859575e-02 2.3099667e-05 9.2953866e-05
 1.0074162e-03 4.6226934e-02]",[9.9872732e-01 1.5194617e-04 7.2021081e-05 1.0487391e-03],[1.000000e+00 8.670204e-09],"[1.3287129e-07 1.3403641e-04 8.0508217e-02 8.2837701e-01 8.9930527e-02
 1.0451744e-03 4.8182774e-06 8.8824663e-08 8.8820667e-10]"
D:\Uni\Ulm\Master\Hiwi-Forschung-und-Lehre\FairFace\detected_faces\1139648_face0.jpg,White,White,Male,20-29,"[6.7507243e-01 1.3270473e-05 3.4975603e-02 3.8217742e-05 9.4066178e-05
 5.9831537e-02 2.2997496e-01]",[8.3148503e-01 5.4410042e-04 3.9618192e-03 1.6400908e-01],[9.999996e-01 3.627377e-07],"[2.4257879e-06 5.7402765e-04 1.4523153e-01 7.5765520e-01 9.2019029e-02
 4.4861888e-03 3.1097185e-05 4.5449508e-07 6.5641435e-09]"
D:\Uni\Ulm\Master\Hiwi-Forschung-und-Lehre\FairFace\detected_faces\1139739_face0.jpg,Latino_Hispanic,White,Male,20-29,"[2.7604517e-01 3.2989641e-03 4.6235305e-01 1.0388131e-05 7.4072384e-05
 1.7963847e-02 2.4025452e-01]",[0.92518014 0.01183216 0.0037564  0.05923126],[9.9999964e-01 3.2554635e-07],"[2.3997205e-07 3.4351338e-05 1.8854341e-02 7.9498774e-01 1.8050592e-01
 5.5745719e-03 4.2487860e-05 4.0069582e-07 4.1418549e-09]"
D:\Uni\Ulm\Master\Hiwi-Forschung-und-Lehre\FairFace\detected_faces\1139953_face0.jpg,White,White,Male,10-19,"[7.3368651e-01 6.7003013e-05 3.1162824e-02 2.9763562e-06 1.7501259e-05
 3.1274898e-04 2.3475045e-01]",[9.9988741e-01 6.2196043e-05 1.9002795e-05 3.1299976e-05],[9.999983e-01 1.716299e-06],"[1.20257269e-07 2.26797513e-03 9.33051288e-01 6.38392046e-02
 8.26619449e-04 1.48617255e-05 3.72591131e-08 1.27426458e-09
 2.14447973e-11]"
D:\Uni\Ulm\Master\Hiwi-Forschung-und-Lehre\FairFace\detected_faces\1139956_face0.jpg,White,White,Male,20-29,"[8.5645854e-01 2.0028079e-05 1.5438903e-02 2.9299857e-05 3.5940080e-05
 1.3385656e-03 1.2667862e-01]",[9.9965352e-01 2.3910063e-05 4.0913561e-05 2.8169344e-04],[9.9998307e-01 1.7005896e-05],"[4.1746098e-06 2.5588786e-04 8.0588534e-03 7.4391884e-01 2.4470781e-01
 3.0477343e-03 6.5636950e-06 1.1568628e-07 2.6595297e-09]"
D:\Uni\Ulm\Master\Hiwi-Forschung-und-Lehre\FairFace\detected_faces\1140001_face0.jpg,White,White,Male,10-19,"[4.6107292e-01 2.8810289e-04 1.2649223e-01 4.1436509e-05 1.5807606e-04
 2.1152590e-04 4.1173577e-01]",[9.9164593e-01 6.8018795e-03 4.8508911e-04 1.0670947e-03],[9.9995756e-01 4.2480544e-05],"[3.5991121e-07 1.1103019e-03 5.2333230e-01 4.6159655e-01 1.3670351e-02
 2.8843529e-04 1.5596430e-06 4.7023377e-08 9.5491848e-10]"
D:\Uni\Ulm\Master\Hiwi-Forschung-und-Lehre\FairFace\detected_faces\1140362_face0.jpg,White,White,Male,20-29,"[9.3373859e-01 2.6443960e-05 4.6737809e-03 4.4349717e-06 1.3539213e-05
 4.0830015e-05 6.1502486e-02]",[9.9737829e-01 1.2084836e-03 3.2528900e-04 1.0878929e-03],[9.9999940e-01 5.8459466e-07],"[3.2211037e-07 5.1662046e-05 1.8196393e-02 9.3637305e-01 4.5127403e-02
 2.5047586e-04 6.5044009e-07 1.1093265e-08 1.4074124e-10]"
D:\Uni\Ulm\Master\Hiwi-Forschung-und-Lehre\FairFace\detected_faces\1140593_face0.jpg,White,White,Male,20-29,"[5.0218004e-01 4.1571432e-03 6.6314489e-02 4.5431048e-06 1.4033634e-05
 6.3028949e-04 4.2669943e-01]",[9.7680056e-01 1.9851988e-02 1.5856534e-04 3.1889095e-03],[9.9999136e-01 8.6790551e-06],"[4.9447226e-07 5.7817745e-04 1.1062660e-01 8.3304417e-01 5.5223309e-02
 5.2633719e-04 8.9903568e-07 2.3406773e-08 2.1242201e-10]"
D:\Uni\Ulm\Master\Hiwi-Forschung-und-Lehre\FairFace\detected_faces\1140597_face0.jpg,Black,Black,Male,20-29,"[1.68002243e-05 9.99717295e-01 2.23642171e-04 1.65045691e-07
 4.71749854e-06 2.57115880e-05 1.17372765e-05]",[1.0553224e-05 9.9991256e-01 2.4469940e-05 5.2427342e-05],[9.9992877e-01 7.1251605e-05],"[2.1708871e-07 3.8978960e-05 1.7657943e-02 7.7129650e-01 2.0662284e-01
 4.3354970e-03 4.7402791e-05 6.4861428e-07 3.8715029e-08]"
D:\Uni\Ulm\Master\Hiwi-Forschung-und-Lehre\FairFace\detected_faces\1140599_face0.jpg,Black,Black,Male,20-29,"[6.0527464e-07 9.9975306e-01 2.4858391e-05 1.5800943e-07 6.6544494e-06
 2.1432602e-04 2.4763642e-07]",[1.3540335e-06 9.9850553e-01 5.1901712e-05 1.4412036e-03],[9.9977767e-01 2.2239986e-04],"[1.1435344e-08 3.8741173e-06 1.2382052e-02 6.3127989e-01 3.4183288e-01
 1.4251702e-02 2.4802733e-04 1.5958360e-06 4.4939384e-08]"
D:\Uni\Ulm\Master\Hiwi-Forschung-und-Lehre\FairFace\detected_faces\1140877_face0.jpg,Middle Eastern,White,Male,20-29,"[2.7172577e-01 2.5740810e-04 3.1132506e-02 1.8514073e-05 3.9033464e-05
 3.8902566e-04 6.9643772e-01]",[9.9452019e-01 4.7052517e-03 5.1141233e-05 7.2345894e-04],[9.9999988e-01 4.9960992e-08],"[8.6663249e-08 1.3727194e-05 4.1481545e-03 6.4847845e-01 3.4187198e-01
 5.4738978e-03 1.3648382e-05 9.7575004e-08 1.3796219e-09]"
D:\Uni\Ulm\Master\Hiwi-Forschung-und-Lehre\FairFace\detected_faces\1141108_face0.jpg,White,White,Male,20-29,"[9.9176317e-01 4.0769564e-08 2.6297566e-04 7.6771415e-05 5.8348774e-05
 3.6952629e-06 7.8349831e-03]",[9.9981153e-01 2.8985974e-05 1.5474149e-04 4.8277766e-06],[9.9998277e-01 1.7180886e-05],"[5.3896218e-07 4.7815242e-04 2.1781659e-01 6.5999448e-01 1.1302261e-01
 8.5957488e-03 9.0691377e-05 1.1546131e-06 2.5247871e-08]"
D:\Uni\Ulm\Master\Hiwi-Forschung-und-Lehre\FairFace\detected_faces\1141109_face0.jpg,Latino_Hispanic,Black,Male,20-29,"[1.7913545e-02 3.6915742e-02 8.7135899e-01 5.0310651e-04 6.1066668e-03
 3.7037507e-02 3.0164577e-02]",[0.06597652 0.5381246  0.03669395 0.35920492],[9.9960035e-01 3.9964321e-04],"[2.58364622e-07 2.69927696e-04 2.82517463e-01 6.95852757e-01
 2.09479574e-02 4.08520224e-04 3.01831074e-06 1.09144295e-07
 2.15199547e-09]"
D:\Uni\Ulm\Master\Hiwi-Forschung-und-Lehre\FairFace\detected_faces\1141110_face0.jpg,White,White,Male,10-19,"[4.8437747e-01 8.5513793e-06 5.4449555e-03 2.9986547e-02 5.4451982e-03
 1.5628305e-03 4.7317445e-01]",[9.3174487e-01 2.6818279e-05 6.8015926e-02 2.1230364e-04],[0.9406021 0.0593979],"[8.7499979e-04 1.6330294e-01 7.5676519e-01 7.3830217e-02 4.6119322e-03
 5.7637517e-04 2.7756048e-05 9.5101232e-06 1.1212618e-06]"
D:\Uni\Ulm\Master\Hiwi-Forschung-und-Lehre\FairFace\detected_faces\1141131_face0.jpg,White,Indian,Male,20-29,"[0.40481284 0.00076437 0.39158174 0.00083302 0.00205756 0.0270508
 0.17289965]",[0.27964655 0.01019157 0.0033299  0.706832  ],[9.9999976e-01 2.1424356e-07],"[1.3167737e-07 1.9267070e-05 3.0327970e-02 9.0657854e-01 6.2136021e-02
 9.3339401e-04 4.4772678e-06 1.1328922e-07 1.2320530e-09]"
D:\Uni\Ulm\Master\Hiwi-Forschung-und-Lehre\FairFace\detected_faces\1141167_face0.jpg,White,White,Male,20-29,"[9.7105849e-01 1.0274653e-04 7.8286510e-03 8.3538704e-05 5.2341293e-05
 3.3024215e-05 2.0841200e-02]",[9.9888539e-01 8.4028507e-05 9.6508244e-04 6.5517423e-05],[9.9999720e-01 2.7680762e-06],"[1.7462428e-06 1.3801013e-04 1.9646838e-02 7.1751386e-01 2.5320610e-01
 9.4269812e-03 6.5283981e-05 1.1261985e-06 1.5997184e-08]"
D:\Uni\Ulm\Master\Hiwi-Forschung-und-Lehre\FairFace\detected_faces\1141168_face0.jpg,White,White,Male,20-29,"[9.5395917e-01 7.9687015e-05 8.7942816e-03 4.7571593e-05 9.7961682e-05
 1.2570104e-04 3.6895677e-02]",[0.946111   0.00094918 0.03861608 0.01432381],[9.9999988e-01 1.4265352e-07],"[4.8359192e-09 4.5977107e-05 4.7203812e-01 5.2446479e-01 3.4336196e-03
 1.7401815e-05 3.4344151e-08 1.1017065e-09 1.3484750e-11]"
D:\Uni\Ulm\Master\Hiwi-Forschung-und-Lehre\FairFace\detected_faces\1141169_face0.jpg,Black,Black,Male,30-39,"[4.7724949e-08 9.9999684e-01 2.8920181e-07 8.4421463e-11 1.2143592e-09
 2.7740839e-06 4.9295014e-08]",[7.00705527e-07 9.99957383e-01 1.06798836e-07 4.18260497e-05],[9.9997813e-01 2.1827202e-05],"[6.53297527e-10 1.14503216e-07 1.01404650e-04 1.20362520e-01
 7.98340201e-01 8.06438029e-02 5.49806107e-04 2.21508344e-06
 3.79799232e-08]"
D:\Uni\Ulm\Master\Hiwi-Forschung-und-Lehre\FairFace\detected_faces\1141663_face0.jpg,Latino_Hispanic,Black,Male,20-29,"[0.00554059 0.3767551  0.4463827  0.00329463 0.06051132 0.08962745
 0.01788819]",[0.00879843 0.83943164 0.07857431 0.07319558],[9.999976e-01 2.357883e-06],"[3.5279221e-08 1.2839095e-06 3.0884889e-03 6.3121021e-01 3.5351792e-01
 1.2103343e-02 7.7395911e-05 1.3109334e-06 2.3383235e-08]"
D:\Uni\Ulm\Master\Hiwi-Forschung-und-Lehre\FairFace\detected_faces\1141665_face0.jpg,Black,Black,Male,20-29,"[2.0940547e-07 9.9999642e-01 2.3428172e-06 4.7151745e-09 4.5076273e-08
 5.6290412e-07 4.5795991e-07]",[1.8944069e-06 9.9999344e-01 2.7425708e-06 1.9231486e-06],[9.9919385e-01 8.0615352e-04],"[2.5490381e-06 6.5419654e-04 3.2396022e-02 5.5869699e-01 3.7323222e-01
 3.4749966e-02 2.6579323e-04 2.1022574e-06 1.1378132e-07]"
D:\Uni\Ulm\Master\Hiwi-Forschung-und-Lehre\FairFace\detected_faces\1142091_face0.jpg,White,White,Male,20-29,"[9.8891270e-01 2.1152039e-06 7.0615611e-03 2.4312807e-05 2.8911090e-05
 1.8257160e-05 3.9520711e-03]",[9.9982738e-01 2.1359596e-05 3.7281221e-05 1.1391808e-04],[9.9976736e-01 2.3265391e-04],"[1.8937836e-09 2.1800404e-06 1.8261372e-01 8.0271757e-01 1.4565238e-02
 1.0077726e-04 4.6191587e-07 7.1451223e-09 9.5963452e-11]"
D:\Uni\Ulm\Master\Hiwi-Forschung-und-Lehre\FairFace\detected_faces\1142092_face0.jpg,White,White,Male,20-29,"[9.8900944e-01 1.1386902e-05 4.2984593e-03 8.6543860e-04 5.7118706e-04
 6.6474145e-06 5.2375379e-03]",[9.8041004e-01 1.5287444e-03 1.7473865e-02 5.8739440e-04],[9.9999964e-01 3.5801827e-07],"[5.2510821e-08 6.0317951e-05 2.7959356e-01 7.0515442e-01 1.4832857e-02
 3.5479772e-04 3.8862977e-06 9.0506212e-08 1.0966542e-09]"
D:\Uni\Ulm\Master\Hiwi-Forschung-und-Lehre\FairFace\detected_faces\1142094_face0.jpg,White,White,Male,20-29,"[9.9463618e-01 1.5138874e-06 3.3174115e-04 9.7631840e-08 1.9487506e-07
 5.6703601e-07 5.0297971e-03]",[9.9997348e-01 8.9287769e-06 5.7096222e-06 1.1847313e-05],[9.997824e-01 2.176069e-04],"[5.9900309e-08 3.7522172e-04 3.7659881e-01 6.1329216e-01 9.5338393e-03
 1.9954480e-04 4.8986959e-07 8.1509226e-09 1.8524778e-10]"
D:\Uni\Ulm\Master\Hiwi-Forschung-und-Lehre\FairFace\detected_faces\1142130_face0.jpg,White,White,Male,20-29,"[4.1872433e-01 9.7809185e-04 1.9336559e-01 1.1157923e-04 3.3687314e-04
 1.6176393e-03 3.8486591e-01]",[0.9470342  0.01492251 0.00712817 0.03091514],[9.9997312e-01 2.6875152e-05],"[1.2635508e-07 7.9880534e-05 7.3300160e-02 8.8078946e-01 4.5196723e-02
 6.3165813e-04 1.8871532e-06 2.7235508e-08 4.3700135e-10]"
D:\Uni\Ulm\Master\Hiwi-Forschung-und-Lehre\FairFace\detected_faces\1142137_face0.jpg,White,White,Male,20-29,"[9.9772042e-01 6.5974223e-07 2.2269622e-04 1.4959888e-06 2.1523040e-06
 1.4619156e-06 2.0510037e-03]",[9.9989301e-01 9.0453294e-05 1.1623638e-05 4.9398082e-06],[9.9980801e-01 1.9200612e-04],"[5.2978510e-08 2.3996803e-05 3.1222126e-02 9.1219950e-01 5.6161754e-02
 3.9189350e-04 7.7178390e-07 7.0193389e-09 2.5228672e-10]"
D:\Uni\Ulm\Master\Hiwi-Forschung-und-Lehre\FairFace\detected_faces\1142138_face0.jpg,Black,Black,Male,20-29,"[2.8994750e-06 9.9992299e-01 4.5078043e-05 2.4076812e-08 4.0507518e-07
 2.6968191e-05 1.6288607e-06]",[1.9787929e-06 9.9997246e-01 5.7296957e-06 1.9880405e-05],[9.9999958e-01 4.6494517e-07],"[1.3052826e-06 3.5918510e-04 6.1875466e-02 6.5985453e-01 2.5123602e-01
 2.5876096e-02 7.8915851e-04 7.9743349e-06 2.8602327e-07]"
D:\Uni\Ulm\Master\Hiwi-Forschung-und-Lehre\FairFace\detected_faces\1142149_face0.jpg,White,White,Male,20-29,"[9.4438416e-01 4.6762929e-04 4.5410581e-02 8.4100972e-04 2.9508579e-03
 8.0619648e-05 5.8651492e-03]",[0.93171823 0.00729587 0.05542153 0.00556432],[1.0000000e+00 2.2414186e-09],"[3.1303035e-08 2.6223513e-05 2.7314905e-02 9.1691613e-01 5.5177636e-02
 5.6150107e-04 3.4515440e-06 7.5167101e-08 7.4522843e-10]"
D:\Uni\Ulm\Master\Hiwi-Forschung-und-Lehre\FairFace\detected_faces\1142155_face0.jpg,White,White,Male,10-19,"[5.8868194e-01 6.7279830e-06 2.9086040e-02 1.6629601e-04 9.3446237e-05
 4.1781237e-05 3.8192382e-01]",[9.9917185e-01 5.1396779e-05 6.2810420e-04 1.4864000e-04],[9.9963713e-01 3.6288623e-04],"[1.0014705e-07 1.1052107e-03 7.9678571e-01 2.0047940e-01 1.6153946e-03
 1.4144944e-05 3.3297244e-08 1.0554186e-09 2.9846875e-11]"
D:\Uni\Ulm\Master\Hiwi-Forschung-und-Lehre\FairFace\detected_faces\1142171_face0.jpg,White,White,Male,20-29,"[9.9943793e-01 2.4689987e-06 3.0774018e-04 4.8268944e-06 1.3135464e-05
 5.4507545e-06 2.2860791e-04]",[9.9989033e-01 1.9214613e-05 7.3975811e-05 1.6587746e-05],[9.99999881e-01 1.06594534e-07],"[1.8985450e-08 4.2195927e-05 1.5316774e-01 8.3318722e-01 1.3472741e-02
 1.2960094e-04 5.1319029e-07 6.7391510e-09 1.0338722e-10]"
D:\Uni\Ulm\Master\Hiwi-Forschung-und-Lehre\FairFace\detected_faces\1142175_face0.jpg,Black,Black,Male,20-29,"[1.9951958e-06 9.9958551e-01 5.4109176e-05 7.3223100e-07 6.1262031e-06
 3.4856814e-04 3.0381739e-06]",[1.4047068e-06 9.9930769e-01 5.2708539e-05 6.3818617e-04],[0.9506 0.0494],"[1.43294233e-06 3.81531863e-04 1.02791965e-01 6.52329326e-01
 2.16044560e-01 2.78366245e-02 6.05646870e-04 8.52077028e-06
 3.39843751e-07]"
D:\Uni\Ulm\Master\Hiwi-Forschung-und-Lehre\FairFace\detected_faces\1142176_face0.jpg,White,White,Male,20-29,"[9.9965143e-01 3.8873219e-07 9.2865143e-05 7.7144423e-06 8.0471436e-06
 2.3766795e-06 2.3736039e-04]",[9.9998367e-01 5.5106475e-06 6.4848186e-06 4.3558539e-06],[9.9999630e-01 3.7539696e-06],"[2.55698205e-06 1.31425553e-03 1.02011144e-01 8.44302535e-01
 5.20439446e-02 3.24378692e-04 1.24837709e-06 1.42336818e-08
 6.72833567e-10]"
D:\Uni\Ulm\Master\Hiwi-Forschung-und-Lehre\FairFace\detected_faces\1142185_face0.jpg,White,White,Male,10-19,"[7.5831252e-01 3.5335275e-04 6.6462897e-02 8.7725726e-05 1.9024225e-04
 3.0974884e-04 1.7428370e-01]",[9.8877108e-01 9.1951871e-03 4.1988486e-04 1.6139018e-03],[9.9999946e-01 4.8739076e-07],"[4.7059740e-07 1.2297042e-03 5.8605081e-01 4.0844968e-01 4.2372728e-03
 3.1987649e-05 9.1788607e-08 2.0209068e-09 2.9830256e-11]"
D:\Uni\Ulm\Master\Hiwi-Forschung-und-Lehre\FairFace\detected_faces\1142211_face0.jpg,White,White,Male,20-29,"[9.9808288e-01 2.1079813e-05 1.1354147e-03 8.3185514e-06 1.7444632e-05
 1.7841710e-06 7.3313195e-04]",[9.9846584e-01 1.0248788e-03 4.9733726e-04 1.1894846e-05],[9.999915e-01 8.544162e-06],"[1.16257399e-06 3.86797328e-04 1.49729624e-01 7.37685740e-01
 1.07116744e-01 5.02705760e-03 5.17386434e-05 1.14758393e-06
 3.50363827e-08]"
D:\Uni\Ulm\Master\Hiwi-Forschung-und-Lehre\FairFace\detected_faces\1142233_face0.jpg,Black,Black,Male,20-29,"[6.2456988e-02 6.8446875e-01 2.0437615e-01 5.3736113e-04 1.0986447e-02
 3.4907173e-02 2.2671197e-03]",[0.01957862 0.9575656  0.00626934 0.01658648],[9.999987e-01 1.276261e-06],"[1.3926926e-09 2.3529441e-07 4.7880197e-03 7.7621377e-01 2.1728964e-01
 1.7009160e-03 7.2814250e-06 6.4067500e-08 7.0317618e-10]"
D:\Uni\Ulm\Master\Hiwi-Forschung-und-Lehre\FairFace\detected_faces\1142235_face0.jpg,White,White,Male,20-29,"[9.5024508e-01 1.9270201e-04 1.6967386e-02 9.9593590e-06 4.2605210e-05
 3.7909049e-05 3.2504361e-02]",[9.9744171e-01 1.4699134e-03 2.1483428e-04 8.7348447e-04],[9.9999964e-01 3.6786255e-07],"[6.8109057e-07 1.3975358e-04 4.6432685e-02 7.3257577e-01 2.1302590e-01
 7.7727218e-03 5.1806790e-05 6.8058870e-07 7.8016251e-09]"
D:\Uni\Ulm\Master\Hiwi-Forschung-und-Lehre\FairFace\detected_faces\1142238_face0.jpg,White,White,Male,20-29,"[9.2537200e-01 3.5046298e-05 4.6915486e-02 5.1868825e-05 7.7825403e-05
 1.3521877e-04 2.7412511e-02]",[9.98353660e-01 1.03182625e-04 4.42297984e-04 1.10088347e-03],[9.9999994e-01 9.7498130e-08],"[2.4954646e-08 9.2085516e-05 3.8512346e-01 6.1097234e-01 3.7956946e-03
 1.6345302e-05 2.2938384e-08 4.9743532e-10 5.7522724e-12]"
D:\Uni\Ulm\Master\Hiwi-Forschung-und-Lehre\FairFace\detected_faces\1142242_face0.jpg,Latino_Hispanic,White,Male,20-29,"[2.1366578e-01 3.4170467e-03 5.4008955e-01 1.7102704e-04 7.9650379e-04
 1.2803339e-02 2.2905689e-01]",[0.6592035  0.13447386 0.02922    0.17710257],[0.99796194 0.00203805],"[1.18055127e-07 7.67247620e-05 3.92613970e-02 8.67580950e-01
 9.19444710e-02 1.13203085e-03 4.27126633e-06 1.05503176e-07
 2.26588992e-09]"
D:\Uni\Ulm\Master\Hiwi-Forschung-und-Lehre\FairFace\detected_faces\1142244_face0.jpg,White,White,Male,20-29,"[9.82170880e-01 3.01007767e-05 5.37043437e-03 4.01757919e-04
 5.04961936e-04 1.26508327e-04 1.13954535e-02]",[9.9541301e-01 2.5872866e-04 4.1428967e-03 1.8533622e-04],[1.0000000e+00 1.9847866e-08],"[2.2983667e-07 2.0089967e-04 2.1526264e-01 7.5496370e-01 2.9051358e-02
 5.1733467e-04 3.6980111e-06 1.4338819e-07 1.8310445e-09]"
D:\Uni\Ulm\Master\Hiwi-Forschung-und-Lehre\FairFace\detected_faces\1142245_face0.jpg,White,White,Male,10-19,"[9.9888396e-01 3.1987408e-08 2.9725730e-05 1.5674747e-06 1.9731503e-06
 3.2760138e-07 1.0823504e-03]",[9.9995732e-01 2.1616083e-06 3.5163812e-05 5.3408476e-06],[1.0000000e+00 1.0021488e-08],"[2.5036556e-08 5.8699754e-04 9.1105914e-01 8.7852776e-02 4.9248588e-04
 8.5757201e-06 1.5513042e-08 2.7413355e-10 2.4150152e-12]"
D:\Uni\Ulm\Master\Hiwi-Forschung-und-Lehre\FairFace\detected_faces\1142246_face0.jpg,Latino_Hispanic,White,Male,20-29,"[4.3961236e-01 1.5436490e-03 5.0793493e-01 1.9369345e-05 2.0174602e-04
 1.9423174e-02 3.1264838e-02]",[0.9282371  0.00585329 0.00242606 0.06348355],[9.999999e-01 9.661603e-08],"[1.2744541e-08 1.3246207e-05 1.2982960e-02 8.4519672e-01 1.4096589e-01
 8.4051187e-04 6.6885485e-07 7.4493807e-09 5.4424375e-11]"
D:\Uni\Ulm\Master\Hiwi-Forschung-und-Lehre\FairFace\detected_faces\1142248_face0.jpg,Middle Eastern,White,Male,20-29,"[2.5592434e-01 5.8390428e-03 2.1593456e-01 2.8920404e-05 2.2052960e-04
 2.6601497e-03 5.1939249e-01]",[8.3377385e-01 1.5395166e-01 5.4428936e-04 1.1730185e-02],[9.9999988e-01 1.4877502e-07],"[7.9746866e-07 4.5608889e-05 1.5139868e-02 7.2116077e-01 2.5443935e-01
 9.1367485e-03 7.5546573e-05 1.2748739e-06 1.2044425e-08]"
D:\Uni\Ulm\Master\Hiwi-Forschung-und-Lehre\FairFace\detected_faces\1142249_face0.jpg,White,White,Male,20-29,"[9.9996549e-01 3.7977247e-07 2.7053151e-05 1.2329468e-06 1.9411189e-06
 1.3119173e-07 3.8278513e-06]",[9.9999434e-01 3.9194427e-07 5.2534078e-06 5.3531100e-08],[0.99853635 0.00146362],"[1.4233968e-06 9.0435240e-04 3.6793658e-01 5.9751737e-01 3.2585591e-02
 1.0350666e-03 1.8966006e-05 5.9488934e-07 8.2880788e-08]"
D:\Uni\Ulm\Master\Hiwi-Forschung-und-Lehre\FairFace\detected_faces\1142251_face0.jpg,Middle Eastern,White,Male,20-29,"[9.2045978e-02 4.9808505e-04 3.1142899e-01 4.7033896e-05 4.2032296e-04
 1.0520121e-02 5.8503944e-01]",[0.65627104 0.15936564 0.01370147 0.17066185],[9.9999988e-01 1.2945482e-07],"[3.5183041e-07 2.5020193e-04 2.2076546e-01 7.5160575e-01 2.6919197e-02
 4.5732630e-04 1.7192021e-06 4.7113730e-08 3.3043512e-10]"
D:\Uni\Ulm\Master\Hiwi-Forschung-und-Lehre\FairFace\detected_faces\1142253_face0.jpg,White,White,Male,10-19,"[9.9372715e-01 1.3243427e-07 3.6551335e-04 1.0013643e-05 1.6004673e-05
 5.4614998e-06 5.8757775e-03]",[9.992344e-01 6.440056e-06 6.739850e-04 8.525187e-05],[9.9999982e-01 1.3771111e-07],"[1.3902654e-06 5.2556363e-03 8.1405938e-01 1.7505093e-01 5.4864050e-03
 1.4589689e-04 3.5726003e-07 5.8092700e-09 7.4903937e-11]"
D:\Uni\Ulm\Master\Hiwi-Forschung-und-Lehre\FairFace\detected_faces\1142254_face0.jpg,White,White,Male,20-29,"[8.7094808e-01 8.7409622e-05 5.1534452e-02 6.2411375e-05 1.7186298e-04
 2.5963122e-03 7.4599482e-02]",[9.9931413e-01 2.4241128e-05 2.2927670e-04 4.3234893e-04],[1.0000000e+00 1.2182543e-08],"[6.0397922e-09 2.3733637e-06 1.5098214e-02 8.8873762e-01 9.5694840e-02
 4.6637587e-04 5.6575425e-07 4.5761852e-09 3.6258618e-11]"
D:\Uni\Ulm\Master\Hiwi-Forschung-und-Lehre\FairFace\detected_faces\1142256_face0.jpg,White,White,Male,20-29,"[9.9856722e-01 1.2363444e-07 9.4813586e-05 8.8068106e-08 3.1186758e-07
 8.0223197e-07 1.3366705e-03]",[9.9993712e-01 1.7025981e-05 6.9850566e-06 3.8924012e-05],[9.999016e-01 9.842989e-05],"[9.6465364e-08 5.1147381e-05 9.7415604e-02 8.4649122e-01 5.3585622e-02
 2.4362963e-03 1.9866739e-05 2.7322065e-07 6.4627028e-09]"
D:\Uni\Ulm\Master\Hiwi-Forschung-und-Lehre\FairFace\detected_faces\1142258_face0.jpg,Middle Eastern,White,Male,20-29,"[3.1417280e-01 3.2738145e-04 4.6302356e-02 1.9875760e-04 7.3297264e-04
 6.9319690e-04 6.3757259e-01]",[0.9938307  0.00265071 0.0024969  0.00102171],[9.9999988e-01 7.6585586e-08],"[8.1941110e-08 1.4118171e-04 1.9345753e-01 7.8524113e-01 2.1027986e-02
 1.3184472e-04 2.9333808e-07 5.7430003e-09 5.3955181e-11]"
D:\Uni\Ulm\Master\Hiwi-Forschung-und-Lehre\FairFace\detected_faces\1142260_face0.jpg,White,White,Male,20-29,"[9.9284148e-01 6.6396246e-06 3.6463628e-03 2.7062708e-06 1.1573565e-05
 1.2064438e-05 3.4792942e-03]",[9.9995655e-01 6.2633512e-06 1.1453234e-05 2.5700381e-05],[9.9999988e-01 1.4085037e-07],"[2.0465558e-09 4.6259929e-06 1.1970182e-01 8.7249643e-01 7.7705188e-03
 2.6579786e-05 6.1722623e-08 9.3173758e-10 1.0542062e-11]"
D:\Uni\Ulm\Master\Hiwi-Forschung-und-Lehre\FairFace\detected_faces\1142261_face0.jpg,White,Asian,Male,20-29,"[0.4845815  0.06279888 0.24840829 0.03065596 0.10606812 0.00642698
 0.06106028]",[0.04954061 0.32832688 0.6001768  0.02195568],[9.9999851e-01 1.4990601e-06],"[3.6013379e-08 7.8400619e-05 4.6241313e-01 5.2289498e-01 1.4118238e-02
 4.8517907e-04 9.5786063e-06 4.7419962e-07 7.4551787e-09]"
D:\Uni\Ulm\Master\Hiwi-Forschung-und-Lehre\FairFace\detected_faces\1142264_face0.jpg,Latino_Hispanic,Indian,Male,20-29,"[0.16249768 0.00067789 0.5829328  0.00269794 0.00743327 0.0086756
 0.23508488]",[0.18967183 0.06400108 0.04171997 0.7046071 ],[9.9999887e-01 1.1361296e-06],"[4.9728477e-08 1.5631915e-05 4.2822678e-02 8.7564474e-01 8.0504112e-02
 1.0078398e-03 4.8038987e-06 8.5135511e-08 8.5678203e-10]"
D:\Uni\Ulm\Master\Hiwi-Forschung-und-Lehre\FairFace\detected_faces\1142311_face0.jpg,White,White,Male,20-29,"[9.9594963e-01 2.7892424e-05 2.0397427e-03 2.5961808e-06 1.0740279e-05
 1.1680250e-05 1.9577271e-03]",[9.9627995e-01 2.9235589e-03 4.7784811e-04 3.1869864e-04],[9.9999911e-01 9.1548765e-07],"[1.0631677e-08 3.9107158e-06 7.2655618e-02 9.0198970e-01 2.5006220e-02
 3.4038856e-04 3.9527745e-06 1.5826151e-07 2.0797946e-09]"
D:\Uni\Ulm\Master\Hiwi-Forschung-und-Lehre\FairFace\detected_faces\1142315_face0.jpg,White,White,Male,10-19,"[9.9268317e-01 1.8395872e-06 1.0357433e-03 1.6918675e-04 1.9624522e-04
 9.7956363e-06 5.9039649e-03]",[9.9954802e-01 8.1675744e-06 3.7086435e-04 7.2867682e-05],[9.9999964e-01 4.0298579e-07],"[1.4935742e-08 3.3454486e-04 8.1334448e-01 1.8493451e-01 1.3573354e-03
 2.9057217e-05 1.4335637e-07 2.8456197e-09 3.9158819e-11]"
D:\Uni\Ulm\Master\Hiwi-Forschung-und-Lehre\FairFace\detected_faces\1142323_face0.jpg,Black,Black,Male,20-29,"[1.2738384e-05 9.9943614e-01 1.7937763e-04 1.4007486e-07 3.9955917e-06
 3.6442364e-04 3.2720743e-06]",[3.6783806e-06 9.9994338e-01 6.4830670e-06 4.6319565e-05],[9.9999970e-01 2.5838736e-07],"[2.9951021e-08 3.3920529e-05 3.2927502e-02 9.0240771e-01 6.3711882e-02
 9.1323024e-04 5.6778376e-06 8.8803574e-08 2.4965980e-09]"
D:\Uni\Ulm\Master\Hiwi-Forschung-und-Lehre\FairFace\detected_faces\1142335_face0.jpg,White,White,Male,20-29,"[9.9941707e-01 6.2874170e-07 4.9016093e-05 7.1731529e-07 1.1626902e-06
 4.4249256e-07 5.3102628e-04]",[9.9995571e-01 1.7156618e-06 2.5865362e-05 1.6722764e-05],[9.9914265e-01 8.5734949e-04],"[6.4053527e-09 2.2026017e-05 2.4305330e-01 7.4843842e-01 8.2296384e-03
 2.5410391e-04 2.4093995e-06 6.9219382e-08 1.6286370e-09]"
D:\Uni\Ulm\Master\Hiwi-Forschung-und-Lehre\FairFace\detected_faces\1142342_face0.jpg,White,White,Male,10-19,"[9.9978638e-01 1.7158617e-07 4.1758609e-05 8.3777940e-07 2.2711147e-06
 7.5679068e-08 1.6848210e-04]",[9.9999076e-01 6.0963697e-07 7.3027963e-06 1.2573790e-06],[9.99999e-01 9.89001e-07],"[1.5145581e-08 2.2518086e-04 7.7789229e-01 2.1832077e-01 3.4338692e-03
 1.2709448e-04 7.0074651e-07 1.4699284e-08 2.5204855e-10]"
D:\Uni\Ulm\Master\Hiwi-Forschung-und-Lehre\FairFace\detected_faces\1142343_face0.jpg,White,White,Male,20-29,"[9.9992764e-01 2.4297021e-06 3.8369519e-05 3.5564605e-07 8.6453935e-07
 1.2589894e-07 3.0265852e-05]",[9.9999464e-01 3.5518390e-06 1.2529255e-06 5.0327770e-07],[9.9995333e-01 4.6659618e-05],"[5.9183634e-08 2.7476775e-05 6.2527031e-02 8.7359881e-01 6.0188014e-02
 3.5595058e-03 9.6691503e-05 2.3119137e-06 7.1679096e-08]"
D:\Uni\Ulm\Master\Hiwi-Forschung-und-Lehre\FairFace\detected_faces\1142344_face0.jpg,Middle Eastern,White,Male,20-29,"[7.4922733e-02 1.7861207e-04 2.3320697e-02 3.4408622e-05 2.0197182e-04
 9.1653755e-03 8.9217621e-01]",[0.7434979  0.04693026 0.02586239 0.18370944],[9.9999976e-01 2.6100818e-07],"[6.96274327e-08 1.37014998e-04 1.92575186e-01 7.92581618e-01
 1.45956045e-02 1.10211782e-04 2.91224552e-07 9.82824666e-09
 1.10398718e-10]"
D:\Uni\Ulm\Master\Hiwi-Forschung-und-Lehre\FairFace\detected_faces\1142355_face0.jpg,Black,Black,Male,20-29,"[5.7647959e-04 9.7612107e-01 2.1545898e-02 5.3391610e-05 1.3529371e-03
 3.1680038e-04 3.3391472e-05]",[3.5489962e-04 9.9932837e-01 1.5479053e-04 1.6193440e-04],[9.9971956e-01 2.8040717e-04],"[5.3401988e-07 1.0651135e-04 8.4454484e-02 8.3702677e-01 7.4481338e-02
 3.8451734e-03 8.3917155e-05 1.0797286e-06 6.2219591e-08]"
D:\Uni\Ulm\Master\Hiwi-Forschung-und-Lehre\FairFace\detected_faces\1142580_face0.jpg,White,White,Male,20-29,"[9.5165622e-01 1.5991194e-04 3.5446897e-02 7.2645076e-04 8.2945119e-04
 2.0732517e-04 1.0973719e-02]",[9.8940444e-01 6.1053643e-03 3.5724640e-03 9.1778522e-04],[9.9999803e-01 1.9503011e-06],"[8.7048716e-07 2.7503422e-04 2.1763133e-01 7.4290758e-01 3.8416952e-02
 7.5946166e-04 8.5196571e-06 3.2255704e-07 5.3485478e-09]"
D:\Uni\Ulm\Master\Hiwi-Forschung-und-Lehre\FairFace\detected_faces\1142583_face0.jpg,Black,Black,Male,20-29,"[3.9761932e-07 9.9999279e-01 3.5458690e-06 7.9988984e-09 1.4757745e-07
 2.7779572e-06 3.6005665e-07]",[1.7469182e-07 9.9999881e-01 1.2115945e-07 9.0302939e-07],[0.99441785 0.00558217],"[8.7119906e-07 2.1272183e-03 2.8949860e-01 6.3496321e-01 6.9930807e-02
 3.4433091e-03 3.4915462e-05 9.5747487e-07 5.8464643e-08]"
D:\Uni\Ulm\Master\Hiwi-Forschung-und-Lehre\FairFace\detected_faces\1142586_face0.jpg,White,White,Male,10-19,"[9.5034194e-01 1.8459112e-04 2.7032811e-02 1.3345885e-03 7.2241930e-04
 6.8636105e-06 2.0376615e-02]",[9.8996818e-01 5.1040114e-03 4.8568691e-03 7.0945833e-05],[9.9983394e-01 1.6608551e-04],"[4.5186374e-07 1.4221289e-03 6.7722559e-01 3.0282575e-01 1.7383611e-02
 1.1107379e-03 3.0117773e-05 1.6491332e-06 3.5164796e-08]"
D:\Uni\Ulm\Master\Hiwi-Forschung-und-Lehre\FairFace\detected_faces\1142588_face0.jpg,White,White,Male,20-29,"[9.9867046e-01 5.9864152e-07 1.5142672e-04 8.7431658e-07 1.7926843e-06
 7.2593963e-07 1.1742505e-03]",[9.9987793e-01 1.1136585e-04 1.1484718e-06 9.5533660e-06],[9.9999994e-01 8.2151701e-08],"[9.9432407e-07 3.8505520e-04 1.1224045e-01 7.4952316e-01 1.3360487e-01
 4.2268466e-03 1.8396269e-05 1.8453305e-07 1.9698048e-09]"
D:\Uni\Ulm\Master\Hiwi-Forschung-und-Lehre\FairFace\detected_faces\1142596_face0.jpg,Latino_Hispanic,White,Male,10-19,"[9.4926581e-02 1.8456487e-03 5.4195476e-01 1.0209656e-04 5.4283859e-04
 3.5697392e-03 3.5705835e-01]",[0.7126299  0.1102042  0.00833504 0.16883086],[9.9999899e-01 1.0497546e-06],"[1.0955954e-07 4.1171415e-03 9.6330059e-01 3.2148872e-02 4.2460291e-04
 8.5277916e-06 4.4312682e-08 2.2218549e-09 3.5220504e-11]"
D:\Uni\Ulm\Master\Hiwi-Forschung-und-Lehre\FairFace\detected_faces\1142599_face0.jpg,White,White,Male,20-29,"[7.07563818e-01 1.20463024e-03 9.71589312e-02 3.29244649e-05
 1.45928338e-04 1.07569416e-04 1.93786174e-01]",[9.9834329e-01 7.5973448e-04 3.4479724e-04 5.5217877e-04],[9.999999e-01 8.588762e-08],"[3.3756393e-08 1.6123317e-05 5.3789359e-02 8.5651577e-01 8.6818092e-02
 2.8311748e-03 2.9060464e-05 3.8081555e-07 3.0027292e-09]"
D:\Uni\Ulm\Master\Hiwi-Forschung-und-Lehre\FairFace\detected_faces\1142604_face0.jpg,Black,Black,Male,20-29,"[2.1946619e-07 9.9999422e-01 4.9032074e-06 5.7857976e-09 4.3290356e-08
 3.8242590e-07 1.7691275e-07]",[5.3627963e-07 9.9999571e-01 3.4554430e-06 2.7541668e-07],[9.9999958e-01 4.6674643e-07],"[4.8407422e-08 5.9915878e-06 5.6412383e-03 7.0313925e-01 2.6730347e-01
 2.3505917e-02 3.9981204e-04 4.1744256e-06 1.2510164e-07]"
D:\Uni\Ulm\Master\Hiwi-Forschung-und-Lehre\FairFace\detected_faces\1142612_face0.jpg,Latino_Hispanic,Asian,Male,20-29,"[2.1625663e-01 3.3927476e-04 5.9514594e-01 7.3495142e-02 3.5807267e-02
 1.3497788e-02 6.5457903e-02]",[0.33296812 0.00145675 0.596775   0.06880017],[9.9999696e-01 3.0581518e-06],"[1.16116473e-06 3.50983435e-04 1.39745265e-01 7.06799686e-01
 1.46343142e-01 6.69002626e-03 6.82792743e-05 1.48917320e-06
 1.04968745e-08]"
D:\Uni\Ulm\Master\Hiwi-Forschung-und-Lehre\FairFace\detected_faces\1142636_face0.jpg,White,White,Male,10-19,"[7.8577703e-01 1.8419424e-04 6.3490853e-02 6.3743150e-06 5.4839380e-05
 1.6355499e-03 1.4885108e-01]",[0.9723788  0.00197295 0.00402863 0.02161963],[9.9999970e-01 2.7045832e-07],"[1.1768049e-08 2.8398659e-04 7.9045480e-01 2.0834143e-01 9.0267888e-04
 1.7028098e-05 9.3672924e-08 2.8689151e-09 4.1267250e-11]"
D:\Uni\Ulm\Master\Hiwi-Forschung-und-Lehre\FairFace\detected_faces\1142638_face0.jpg,White,White,Male,10-19,"[9.9924916e-01 6.8214104e-06 4.8258985e-04 2.0555728e-06 1.0502649e-05
 3.6648321e-06 2.4515856e-04]",[9.9976194e-01 1.0513197e-04 2.6199199e-05 1.0672831e-04],[9.999996e-01 4.279835e-07],"[7.0228654e-09 8.8325105e-05 5.0247908e-01 4.9392277e-01 3.4523574e-03
 5.7116766e-05 3.1043498e-07 9.1234424e-09 1.8515195e-10]"
D:\Uni\Ulm\Master\Hiwi-Forschung-und-Lehre\FairFace\detected_faces\1142669_face0.jpg,Black,Black,Male,10-19,"[6.2166609e-06 9.9993646e-01 5.5679509e-05 6.6345898e-08 1.7017965e-07
 7.4691206e-07 6.7696044e-07]",[9.0655840e-06 9.9997830e-01 4.5182137e-06 8.0858290e-06],[0.9839509  0.01604906],"[2.04384080e-04 1.02261096e-01 6.25499725e-01 2.15691686e-01
 4.66169156e-02 9.22033470e-03 4.78056085e-04 2.51126021e-05
 2.72536363e-06]"
D:\Uni\Ulm\Master\Hiwi-Forschung-und-Lehre\FairFace\detected_faces\1142674_face0.jpg,Black,Black,Male,20-29,"[1.3094802e-06 9.9998981e-01 7.3333053e-06 6.9204518e-09 1.2532463e-07
 1.0270279e-06 4.0741733e-07]",[1.7365993e-07 9.9999893e-01 3.0715870e-07 4.8863205e-07],[9.9992126e-01 7.8726465e-05],"[2.2772048e-07 3.3255076e-04 1.4350772e-01 7.7249432e-01 8.0987252e-02
 2.6269073e-03 4.9240258e-05 1.6848874e-06 1.2218385e-07]"
D:\Uni\Ulm\Master\Hiwi-Forschung-und-Lehre\FairFace\detected_faces\1142679_face0.jpg,Black,Black,Male,20-29,"[4.1316405e-05 9.9835658e-01 9.2438079e-04 7.5439637e-08 3.1335367e-06
 5.7365862e-04 1.0085080e-04]",[1.35837945e-05 9.99583364e-01 3.71739270e-06 3.99405486e-04],[9.9999744e-01 2.5288955e-06],"[4.2314984e-08 4.2974261e-05 5.6717198e-02 8.6291754e-01 7.9054400e-02
 1.2608647e-03 6.9535363e-06 7.6250771e-08 9.6449770e-10]"
D:\Uni\Ulm\Master\Hiwi-Forschung-und-Lehre\FairFace\detected_faces\1142690_face0.jpg,Black,Black,Male,20-29,"[8.5009169e-03 4.0232107e-01 1.2555391e-01 1.2014415e-04 2.8999497e-03
 3.8234571e-01 7.8258358e-02]",[0.00607638 0.53872967 0.00067718 0.45451677],[1.0000000e+00 1.4891869e-08],"[6.2535395e-09 1.4581998e-05 8.6948499e-02 8.9209372e-01 2.0794028e-02
 1.4858010e-04 5.5533076e-07 2.7670012e-08 3.1951056e-10]"
D:\Uni\Ulm\Master\Hiwi-Forschung-und-Lehre\FairFace\detected_faces\1142692_face0.jpg,White,White,Male,20-29,"[0.4730052  0.00244217 0.26990592 0.10583356 0.07753176 0.03229596
 0.0389855 ]",[0.95429134 0.00226779 0.01341094 0.03002996],[9.999914e-01 8.596656e-06],"[6.2548611e-07 3.1564673e-04 7.7099286e-02 8.7389112e-01 4.8208408e-02
 4.8330380e-04 1.5065154e-06 8.0340847e-08 1.3997430e-09]"
D:\Uni\Ulm\Master\Hiwi-Forschung-und-Lehre\FairFace\detected_faces\1142701_face0.jpg,Black,Black,Male,20-29,"[1.27523777e-03 9.65828478e-01 2.62263417e-02 3.46549791e-06
 1.11441055e-04 6.20661071e-03 3.48370057e-04]",[6.9884169e-05 9.9805540e-01 2.0095313e-05 1.8546345e-03],[9.9999547e-01 4.4820722e-06],"[3.5381472e-08 1.3263700e-06 3.8574319e-03 5.1128083e-01 4.4628635e-01
 3.7168726e-02 1.3941327e-03 1.0907141e-05 2.2138595e-07]"
D:\Uni\Ulm\Master\Hiwi-Forschung-und-Lehre\FairFace\detected_faces\1142703_face0.jpg,Black,Black,Male,20-29,"[0.12249288 0.52910674 0.2868525  0.00586338 0.03358347 0.01445436
 0.00764663]",[0.07978951 0.8190027  0.07228281 0.028925  ],[9.999325e-01 6.748427e-05],"[7.4050796e-08 4.4522953e-05 1.7525695e-01 8.0703080e-01 1.7517114e-02
 1.4935601e-04 1.1810555e-06 4.9315300e-08 2.0846795e-09]"
D:\Uni\Ulm\Master\Hiwi-Forschung-und-Lehre\FairFace\detected_faces\1142705_face0.jpg,White,White,Male,20-29,"[9.9472743e-01 1.0857282e-05 8.6218206e-04 2.1674205e-06 6.1514770e-06
 9.3801082e-06 4.3818941e-03]",[9.9974447e-01 1.2265403e-04 6.6107736e-05 6.6797504e-05],[1.000000e+00 2.793581e-08],"[9.6590846e-08 1.5875312e-04 3.8321859e-01 6.0585946e-01 1.0481480e-02
 2.7991380e-04 1.7193730e-06 3.5528259e-08 2.6550148e-10]"
D:\Uni\Ulm\Master\Hiwi-Forschung-und-Lehre\FairFace\detected_faces\1142708_face0.jpg,Black,Black,Male,20-29,"[1.2417024e-07 9.9999565e-01 3.3573745e-06 7.7169267e-09 2.8128724e-07
 3.4771347e-07 1.6396659e-07]",[3.6701300e-07 9.9999017e-01 2.4060635e-06 7.0443175e-06],[9.999919e-01 8.115784e-06],"[7.7246803e-08 2.6674712e-05 2.4611074e-02 7.1604633e-01 2.3914799e-01
 1.9842258e-02 3.1738132e-04 7.6039123e-06 6.1322584e-07]"
