face_name_align,race,race4,gender,age,race_scores_fair,race_scores_fair_4,gender_scores_fair,age_scores_fair
D:\Uni\Ulm\Master\Hiwi-Forschung-und-Lehre\FairFace\detected_faces\129505_face0.jpg,White,White,Male,30-39,"[7.6914698e-01 1.8093016e-04 1.8903079e-02 2.3258895e-06 1.2427425e-05
 7.7505953e-05 2.1167675e-01]",[9.997820e-01 9.840894e-05 7.033813e-05 4.928245e-05],[9.9995458e-01 4.5392913e-05],"[3.2156276e-08 4.6118063e-07 7.5042446e-04 2.6616660e-01 6.3868034e-01
 9.1294482e-02 3.0714318e-03 3.5798028e-05 4.5691758e-07]"
D:\Uni\Ulm\Master\Hiwi-Forschung-und-Lehre\FairFace\detected_faces\129629_face0.jpg,Latino_Hispanic,White,Male,20-29,"[7.3746674e-02 4.1959257e-04 6.9051397e-01 1.7566014e-04 9.6225430e-04
 9.9330386e-03 2.2424875e-01]",[0.88334507 0.00931163 0.00412171 0.10322153],[9.9998879e-01 1.1224035e-05],"[1.08615004e-05 1.29287923e-03 7.94310346e-02 6.19917035e-01
 2.89943844e-01 9.34393611e-03 5.92383039e-05 1.19702668e-06
 1.38485365e-08]"
D:\Uni\Ulm\Master\Hiwi-Forschung-und-Lehre\FairFace\detected_faces\129724_face0.jpg,White,White,Male,30-39,"[7.8801650e-01 2.8490671e-04 4.8752040e-02 3.1557622e-05 8.9598449e-05
 5.2956077e-03 1.5752982e-01]",[9.3395102e-01 1.2398557e-03 6.0883298e-04 6.4200349e-02],[9.999683e-01 3.168851e-05],"[5.14540807e-06 1.16054645e-04 2.64688372e-03 3.13236326e-01
 6.17335916e-01 6.60041943e-02 6.47761917e-04 7.53862923e-06
 1.44288379e-07]"
D:\Uni\Ulm\Master\Hiwi-Forschung-und-Lehre\FairFace\detected_faces\129861_face0.jpg,White,White,Male,30-39,"[6.0014296e-01 4.5732493e-04 8.2875028e-02 4.3600903e-05 8.7922497e-05
 8.8042562e-04 3.1551278e-01]",[9.9566519e-01 4.6616819e-04 3.5217725e-04 3.5164494e-03],[9.9999756e-01 2.4393000e-06],"[1.0969174e-05 1.8794020e-04 2.8349669e-03 2.3859829e-01 6.9544089e-01
 6.2519684e-02 4.0363651e-04 3.6506960e-06 3.4351711e-08]"
D:\Uni\Ulm\Master\Hiwi-Forschung-und-Lehre\FairFace\detected_faces\129865_face0.jpg,Latino_Hispanic,White,Male,20-29,"[0.17497143 0.00115322 0.5800273  0.00090573 0.00419259 0.02171066
 0.21703918]",[0.800655   0.00787579 0.0124428  0.1790264 ],[9.9999940e-01 6.5226857e-07],"[5.0555104e-07 3.5498761e-05 7.6732486e-03 6.6168052e-01 3.2435551e-01
 6.2269038e-03 2.7476221e-05 3.6990929e-07 4.1145678e-09]"
D:\Uni\Ulm\Master\Hiwi-Forschung-und-Lehre\FairFace\detected_faces\129874_face0.jpg,Middle Eastern,White,Male,30-39,"[1.7463133e-01 1.7089631e-02 2.8463313e-01 9.9359379e-05 5.2961358e-04
 3.8891789e-03 5.1912773e-01]",[0.8913975  0.08540724 0.01882864 0.00436663],[9.9999964e-01 3.4967081e-07],"[7.0343953e-07 1.4287708e-05 5.1433430e-04 2.5619927e-01 7.0303231e-01
 4.0031116e-02 2.0556328e-04 2.3460714e-06 2.7046312e-08]"
D:\Uni\Ulm\Master\Hiwi-Forschung-und-Lehre\FairFace\detected_faces\129916_face0.jpg,White,White,Male,20-29,"[9.8888636e-01 1.7879680e-05 3.0729531e-03 6.1155051e-06 1.4577314e-05
 9.8745135e-05 7.9034185e-03]",[9.9472457e-01 1.4310363e-03 1.0542076e-04 3.7389221e-03],[9.9998951e-01 1.0503392e-05],"[3.1503035e-07 1.8736107e-05 5.6511993e-03 6.1957109e-01 3.5547769e-01
 1.9102043e-02 1.7750752e-04 1.4594470e-06 3.0417866e-08]"
D:\Uni\Ulm\Master\Hiwi-Forschung-und-Lehre\FairFace\detected_faces\129926_face0.jpg,White,White,Male,20-29,"[5.1589155e-01 2.1226716e-03 2.4586355e-02 2.6302501e-05 1.8944005e-04
 9.3084323e-04 4.5625284e-01]",[9.7758734e-01 1.4603178e-02 5.8217230e-04 7.2273551e-03],[9.999960e-01 3.994751e-06],"[3.40628702e-07 1.29011605e-05 2.24110973e-03 5.64656734e-01
 4.22692060e-01 1.03239641e-02 7.17282383e-05 1.16213084e-06
 2.59791229e-08]"
D:\Uni\Ulm\Master\Hiwi-Forschung-und-Lehre\FairFace\detected_faces\129927_face0.jpg,Latino_Hispanic,White,Male,20-29,"[0.12223884 0.00160247 0.45035094 0.00063613 0.00156436 0.02250263
 0.4011046 ]",[0.8452358  0.034603   0.01875833 0.10140282],[9.9995840e-01 4.1670188e-05],"[4.5546749e-05 6.2475778e-04 9.3825879e-03 5.2067393e-01 4.4301021e-01
 2.5963286e-02 2.9423702e-04 5.4028660e-06 9.6862536e-08]"
D:\Uni\Ulm\Master\Hiwi-Forschung-und-Lehre\FairFace\detected_faces\130111_face0.jpg,White,White,Male,20-29,"[9.9966687e-01 1.7971082e-06 2.8115819e-05 5.5811914e-05 9.8706099e-05
 2.1677262e-07 1.4826568e-04]",[9.9760324e-01 3.6630512e-04 2.0284322e-03 1.9709769e-06],[9.9999708e-01 2.8724012e-06],"[1.9403769e-08 8.8643383e-06 1.7953157e-02 8.8116199e-01 9.9705003e-02
 1.1588611e-03 1.1870958e-05 2.0585641e-07 1.0826170e-08]"
D:\Uni\Ulm\Master\Hiwi-Forschung-und-Lehre\FairFace\detected_faces\130181_face0.jpg,White,White,Male,40-49,"[7.5174266e-01 1.0944642e-02 2.0665954e-01 7.0897354e-06 4.1545500e-05
 5.5535524e-03 2.5050964e-02]",[9.6469128e-01 3.3913914e-02 1.4692976e-04 1.2478500e-03],[9.9999225e-01 7.7546629e-06],"[3.6031954e-06 8.5332995e-06 2.8269211e-04 1.6966715e-02 2.5200355e-01
 5.1331931e-01 2.1374437e-01 3.6370934e-03 3.4156579e-05]"
D:\Uni\Ulm\Master\Hiwi-Forschung-und-Lehre\FairFace\detected_faces\130433_face0.jpg,White,White,Male,20-29,"[7.0396554e-01 3.8254945e-04 6.1262745e-02 3.7531141e-04 5.4649397e-04
 2.1142262e-04 2.3325595e-01]",[9.9663830e-01 3.4559277e-04 2.9107416e-03 1.0527609e-04],[9.9999607e-01 3.9401143e-06],"[1.0245345e-06 7.4774587e-05 3.5549063e-02 8.8910741e-01 7.3815346e-02
 1.4361553e-03 1.5892963e-05 3.2602654e-07 4.7408628e-09]"
D:\Uni\Ulm\Master\Hiwi-Forschung-und-Lehre\FairFace\detected_faces\130446_face0.jpg,White,White,Male,20-29,"[8.51446390e-01 2.36972664e-05 3.10746562e-02 1.90442835e-04
 2.79923523e-04 3.94979026e-04 1.16589844e-01]",[9.9974668e-01 6.1892529e-06 5.7066634e-05 1.9011419e-04],[9.999899e-01 1.001980e-05],"[4.1315434e-06 1.7036097e-04 7.8388685e-03 6.0126567e-01 3.8299391e-01
 7.7086580e-03 1.8266657e-05 1.2291169e-07 2.0793283e-09]"
D:\Uni\Ulm\Master\Hiwi-Forschung-und-Lehre\FairFace\detected_faces\130801_face0.jpg,Middle Eastern,Black,Male,30-39,"[2.2269224e-01 5.9427995e-02 1.7838617e-01 9.8829141e-06 4.4810022e-05
 1.8350992e-02 5.2108794e-01]",[2.1168119e-01 7.8174633e-01 5.8242457e-04 5.9901159e-03],[9.999993e-01 7.377052e-07],"[1.3946238e-06 3.3629622e-06 7.8532896e-05 3.7614763e-02 5.7739210e-01
 3.6377618e-01 2.0880748e-02 2.5071937e-04 2.1859914e-06]"
D:\Uni\Ulm\Master\Hiwi-Forschung-und-Lehre\FairFace\detected_faces\130802_face0.jpg,White,White,Male,30-39,"[9.9880987e-01 2.5223062e-06 1.8361180e-04 2.2229599e-07 8.4169113e-07
 3.9940633e-06 9.9883298e-04]",[9.99797404e-01 2.85824572e-05 5.20277936e-05 1.21939316e-04],[9.9998260e-01 1.7425142e-05],"[4.7816241e-07 4.2317115e-06 4.1962636e-04 1.3057061e-01 6.7014951e-01
 1.9212449e-01 6.6676061e-03 6.2117186e-05 1.2520768e-06]"
D:\Uni\Ulm\Master\Hiwi-Forschung-und-Lehre\FairFace\detected_faces\130807_face0.jpg,White,White,Male,20-29,"[6.7229098e-01 2.1608883e-04 1.1589231e-02 1.2627264e-05 2.8476516e-05
 2.3236156e-04 3.1563032e-01]",[9.9792099e-01 1.6327007e-03 1.4433754e-04 3.0191880e-04],[9.999754e-01 2.462247e-05],"[5.2623312e-07 1.3751321e-05 1.9210231e-03 5.8744925e-01 4.0530193e-01
 5.2957176e-03 1.7578406e-05 2.4036527e-07 6.9885764e-09]"
D:\Uni\Ulm\Master\Hiwi-Forschung-und-Lehre\FairFace\detected_faces\131004_face0.jpg,Middle Eastern,White,Male,30-39,"[1.4486985e-02 4.9984077e-04 3.3834877e-03 2.1152030e-06 1.1607910e-05
 2.3546601e-03 9.7926134e-01]",[0.7021831  0.25231814 0.0007691  0.04472965],[9.9951577e-01 4.8419298e-04],"[2.9023190e-06 2.4200781e-05 4.7995112e-04 4.7756411e-02 5.4839069e-01
 3.9347318e-01 9.7093554e-03 1.5758943e-04 5.7820548e-06]"
D:\Uni\Ulm\Master\Hiwi-Forschung-und-Lehre\FairFace\detected_faces\131007_face0.jpg,White,White,Male,20-29,"[3.8830465e-01 5.2883890e-03 3.2369941e-01 9.8968558e-05 3.5272547e-04
 3.0054906e-03 2.7925026e-01]",[0.9457243  0.03613569 0.00374978 0.01439024],[9.999882e-01 1.179126e-05],"[1.6275039e-06 3.2199390e-05 3.5900027e-03 5.7581568e-01 4.0596133e-01
 1.4531374e-02 6.6851964e-05 9.5559847e-07 1.4960190e-08]"
D:\Uni\Ulm\Master\Hiwi-Forschung-und-Lehre\FairFace\detected_faces\131108_face0.jpg,Middle Eastern,White,Male,20-29,"[1.1122832e-01 8.5422929e-05 7.1352847e-02 6.4520071e-05 2.1870632e-04
 1.4349427e-03 8.1561524e-01]",[9.9534237e-01 8.3556894e-04 5.2313320e-04 3.2988943e-03],[9.9999791e-01 2.0811026e-06],"[3.41249432e-07 1.16104726e-04 3.89057994e-02 9.01258349e-01
 5.93534559e-02 3.65260057e-04 7.38620827e-07 1.35069769e-08
 1.92974692e-10]"
D:\Uni\Ulm\Master\Hiwi-Forschung-und-Lehre\FairFace\detected_faces\131111_face0.jpg,White,White,Male,30-39,"[9.9766594e-01 6.0535594e-06 9.3989707e-05 1.6956097e-06 5.0152262e-06
 2.8178270e-06 2.2244023e-03]",[9.9925524e-01 5.6787173e-04 9.9891462e-05 7.6907738e-05],[9.999627e-01 3.730322e-05],"[4.4331623e-06 1.5501025e-04 2.7615651e-03 3.3362380e-01 6.2417483e-01
 3.9027669e-02 2.4830524e-04 4.1651861e-06 2.4170234e-07]"
D:\Uni\Ulm\Master\Hiwi-Forschung-und-Lehre\FairFace\detected_faces\131143_face0.jpg,White,White,Male,30-39,"[8.85002136e-01 2.65175313e-05 7.24913087e-03 1.29782333e-04
 2.03951378e-04 6.19370840e-04 1.06769055e-01]",[9.9749625e-01 5.2172790e-04 6.0883752e-04 1.3731708e-03],[0.9977614  0.00223859],"[6.45267107e-07 1.01942605e-05 7.32312328e-04 1.28406420e-01
 7.80004263e-01 9.02002379e-02 6.41911407e-04 3.91215963e-06
 1.35383104e-07]"
D:\Uni\Ulm\Master\Hiwi-Forschung-und-Lehre\FairFace\detected_faces\131164_face0.jpg,Middle Eastern,White,Male,20-29,"[0.3503267  0.00570171 0.06702508 0.0006718  0.00130146 0.00182608
 0.5731472 ]",[9.8722559e-01 8.5582919e-03 3.2865389e-03 9.2962623e-04],[9.9999988e-01 1.5232645e-07],"[3.3778778e-07 2.7480935e-05 3.5862485e-03 7.2047806e-01 2.7202085e-01
 3.8773268e-03 9.5068808e-06 1.7487973e-07 2.9830396e-09]"
D:\Uni\Ulm\Master\Hiwi-Forschung-und-Lehre\FairFace\detected_faces\131342_face0.jpg,Latino_Hispanic,White,Male,30-39,"[1.0292731e-01 5.8643641e-03 8.5767716e-01 3.5080177e-04 1.0589107e-03
 5.6370343e-03 2.6484432e-02]",[0.9693834  0.00509276 0.00799418 0.01752972],[9.9999154e-01 8.5084985e-06],"[5.4855347e-05 3.8939950e-04 9.1195311e-03 1.6851552e-01 6.2743753e-01
 1.8521999e-01 9.0721957e-03 1.8920042e-04 1.8241791e-06]"
D:\Uni\Ulm\Master\Hiwi-Forschung-und-Lehre\FairFace\detected_faces\131394_face0.jpg,Latino_Hispanic,Black,Male,20-29,"[3.4874749e-01 1.9796768e-03 6.1457342e-01 4.4382988e-03 1.6651802e-02
 3.9197705e-04 1.3217355e-02]",[0.12633118 0.8399955  0.02951033 0.00416296],[9.999669e-01 3.303813e-05],"[2.2059010e-07 1.3982553e-05 1.2013994e-02 4.9639055e-01 4.6001512e-01
 3.1057689e-02 5.0192827e-04 6.4553024e-06 8.7121322e-08]"
D:\Uni\Ulm\Master\Hiwi-Forschung-und-Lehre\FairFace\detected_faces\131494_face0.jpg,Middle Eastern,White,Male,30-39,"[7.3087759e-02 6.1956109e-03 6.4620204e-02 4.3994052e-05 3.5675860e-04
 2.5084747e-03 8.5318714e-01]",[0.9612907  0.01381432 0.00574651 0.01914839],[9.9999982e-01 2.0620254e-07],"[7.1605323e-06 3.3713775e-05 7.3311880e-04 9.2127606e-02 5.6324935e-01
 3.2588154e-01 1.7262856e-02 6.9386652e-04 1.0880526e-05]"
D:\Uni\Ulm\Master\Hiwi-Forschung-und-Lehre\FairFace\detected_faces\131534_face0.jpg,Middle Eastern,White,Male,30-39,"[8.6688645e-02 4.9927214e-04 2.0124136e-01 5.8026129e-04 1.6714323e-03
 4.7964402e-02 6.6135460e-01]",[0.6826617  0.00985334 0.00760479 0.29988018],[9.9996328e-01 3.6773312e-05],"[5.0610372e-05 2.0201017e-04 1.2499959e-03 1.6729979e-01 6.9257063e-01
 1.3642591e-01 2.1777414e-03 2.2817232e-05 5.4439118e-07]"
D:\Uni\Ulm\Master\Hiwi-Forschung-und-Lehre\FairFace\detected_faces\131557_face0.jpg,White,White,Male,30-39,"[8.8776976e-01 1.2783159e-03 2.5716413e-02 2.8000884e-05 1.3302985e-04
 4.4710899e-04 8.4627278e-02]",[9.9475896e-01 3.2755553e-03 9.2730108e-05 1.8727295e-03],[1.000000e+00 2.577763e-08],"[9.0789410e-07 3.4744937e-06 2.8198908e-04 1.1495440e-01 6.3259846e-01
 2.4380407e-01 8.1402166e-03 2.1352431e-04 3.0138312e-06]"
D:\Uni\Ulm\Master\Hiwi-Forschung-und-Lehre\FairFace\detected_faces\131581_face0.jpg,White,White,Male,20-29,"[8.2574832e-01 1.8743263e-04 3.5226077e-02 6.6130201e-06 3.8126556e-05
 4.9111835e-04 1.3830233e-01]",[9.97866750e-01 1.31026271e-03 1.02148035e-04 7.20852753e-04],[1.0000000e+00 2.6785559e-08],"[2.1372641e-08 6.0256098e-06 8.5290121e-03 8.9384109e-01 9.6765503e-02
 8.5652916e-04 1.7866585e-06 1.6734530e-08 1.5338684e-10]"
D:\Uni\Ulm\Master\Hiwi-Forschung-und-Lehre\FairFace\detected_faces\131604_face0.jpg,Middle Eastern,Indian,Male,20-29,"[1.5603592e-01 7.5115077e-04 6.4510025e-02 2.7425735e-05 1.1882192e-04
 9.3376944e-03 7.6921892e-01]",[0.18227568 0.02292136 0.00157809 0.7932249 ],[9.999332e-01 6.682630e-05],"[2.6532505e-06 2.1702552e-04 2.2044754e-02 7.7182233e-01 2.0109490e-01
 4.7918116e-03 2.6152786e-05 4.1913029e-07 9.5355626e-09]"
D:\Uni\Ulm\Master\Hiwi-Forschung-und-Lehre\FairFace\detected_faces\131685_face0.jpg,White,White,Male,30-39,"[7.1913677e-01 3.5123664e-04 3.3458721e-02 5.1972438e-05 1.1645668e-04
 1.7193534e-03 2.4516557e-01]",[9.9375427e-01 2.0772819e-03 8.4249728e-04 3.3259657e-03],[9.9978054e-01 2.1949406e-04],"[2.5175696e-06 1.8588769e-05 7.4745342e-04 1.3870434e-01 7.2811037e-01
 1.3105455e-01 1.3526229e-03 9.4608858e-06 1.3817559e-07]"
D:\Uni\Ulm\Master\Hiwi-Forschung-und-Lehre\FairFace\detected_faces\131687_face0.jpg,White,White,Male,20-29,"[7.6944250e-01 6.9587369e-04 8.5968256e-02 6.8312977e-04 1.5482858e-03
 1.9916843e-04 1.4146283e-01]",[0.9843916  0.00196305 0.01015981 0.00348547],[9.9999911e-01 9.1008917e-07],"[6.4938476e-06 1.9648520e-04 2.3161061e-02 5.0487310e-01 4.2482555e-01
 4.5875046e-02 1.0323189e-03 2.9632169e-05 2.8364718e-07]"
D:\Uni\Ulm\Master\Hiwi-Forschung-und-Lehre\FairFace\detected_faces\131716_face0.jpg,White,White,Male,20-29,"[9.9720633e-01 2.0226895e-05 9.8212191e-04 1.8833438e-06 1.6590251e-05
 1.5077369e-05 1.7578078e-03]",[9.9879372e-01 1.0792194e-03 6.2560510e-05 6.4540574e-05],[1.0000000e+00 2.6131485e-08],"[1.5129872e-08 5.6581843e-07 6.4498122e-04 5.0549710e-01 4.7444782e-01
 1.9247029e-02 1.6137386e-04 1.1912871e-06 1.9485887e-08]"
D:\Uni\Ulm\Master\Hiwi-Forschung-und-Lehre\FairFace\detected_faces\131778_face0.jpg,Middle Eastern,White,Male,30-39,"[0.2930175  0.00117855 0.27694967 0.00124461 0.0019203  0.01298114
 0.41270825]",[0.9128875  0.02833184 0.02674642 0.0320342 ],[9.999247e-01 7.531577e-05],"[1.9493687e-06 4.4095632e-05 5.7868991e-04 1.3062394e-01 7.8522050e-01
 8.2848966e-02 6.7771162e-04 4.1005114e-06 5.6112778e-08]"
D:\Uni\Ulm\Master\Hiwi-Forschung-und-Lehre\FairFace\detected_faces\131815_face0.jpg,White,White,Male,30-39,"[6.9046682e-01 6.4843154e-04 1.3546886e-01 2.3808892e-05 1.0948781e-04
 3.2593708e-03 1.7002317e-01]",[9.9321121e-01 1.2665774e-03 1.9638927e-04 5.3258701e-03],[9.999991e-01 9.600947e-07],"[9.8258489e-08 1.3507702e-06 5.1265972e-04 3.9242485e-01 5.8701849e-01
 1.9940998e-02 1.0078663e-04 7.8642444e-07 9.3003578e-09]"
D:\Uni\Ulm\Master\Hiwi-Forschung-und-Lehre\FairFace\detected_faces\131819_face0.jpg,White,White,Male,30-39,"[6.2328601e-01 5.0584646e-04 1.3358631e-02 3.2758303e-06 2.5997915e-05
 9.4400859e-04 3.6187613e-01]",[9.9171257e-01 3.5514687e-03 1.3390528e-04 4.6020201e-03],[9.999997e-01 2.620486e-07],"[9.3022301e-08 1.9268109e-06 4.3392781e-04 3.7831759e-01 6.0720134e-01
 1.3990833e-02 5.3949359e-05 3.1370249e-07 3.9178309e-09]"
D:\Uni\Ulm\Master\Hiwi-Forschung-und-Lehre\FairFace\detected_faces\131834_face0.jpg,Middle Eastern,White,Male,30-39,"[3.2323170e-01 4.5092788e-04 2.7581215e-02 6.5594286e-05 1.7400298e-04
 1.0993929e-03 6.4739716e-01]",[0.9735154  0.02318159 0.00116364 0.00213939],[9.9998999e-01 1.0029341e-05],"[2.0091363e-06 1.8961393e-05 7.0908014e-04 1.4065117e-01 7.4431348e-01
 1.1319605e-01 1.1000142e-03 8.9930045e-06 1.9773397e-07]"
D:\Uni\Ulm\Master\Hiwi-Forschung-und-Lehre\FairFace\detected_faces\131851_face0.jpg,White,White,Male,20-29,"[4.8045662e-01 3.8689078e-04 1.1414733e-01 6.6182110e-04 2.1563033e-03
 2.3632902e-03 3.9982769e-01]",[0.9201789  0.01727017 0.03516057 0.0273903 ],[1.0000000e+00 2.0875403e-08],"[2.0198729e-06 8.3333151e-05 6.8470594e-03 6.5783507e-01 3.2644823e-01
 8.7392228e-03 4.4449156e-05 5.6625959e-07 6.0748988e-09]"
D:\Uni\Ulm\Master\Hiwi-Forschung-und-Lehre\FairFace\detected_faces\131870_face0.jpg,Middle Eastern,White,Male,30-39,"[4.5365617e-01 6.9257023e-04 1.4538809e-03 1.6658457e-06 9.0575340e-06
 3.2413146e-04 5.4386252e-01]",[9.9101925e-01 5.3353976e-03 1.5216389e-04 3.4932219e-03],[9.9999267e-01 7.3417145e-06],"[4.1111278e-08 1.0291621e-06 2.5449146e-05 2.6938848e-02 7.6434755e-01
 2.0664932e-01 2.0308716e-03 6.6673324e-06 2.2076107e-07]"
D:\Uni\Ulm\Master\Hiwi-Forschung-und-Lehre\FairFace\detected_faces\131901_face0.jpg,Middle Eastern,White,Male,20-29,"[3.3230901e-01 1.8998253e-03 2.5969961e-01 3.5282457e-04 9.0039399e-04
 3.6864415e-02 3.6797392e-01]",[0.7937857  0.00253459 0.00969292 0.19398679],[9.9998707e-01 1.2877235e-05],"[6.1311721e-06 1.7177431e-04 3.8398115e-03 4.9248758e-01 4.7942209e-01
 2.3912156e-02 1.5794391e-04 2.4722774e-06 4.5406491e-08]"
D:\Uni\Ulm\Master\Hiwi-Forschung-und-Lehre\FairFace\detected_faces\131910_face0.jpg,White,White,Male,30-39,"[9.2453027e-01 1.4327954e-04 1.6542358e-02 3.7500005e-05 1.0189824e-04
 2.9170266e-04 5.8352988e-02]",[9.9227959e-01 8.6690480e-04 5.3065456e-04 6.3227657e-03],[9.9999553e-01 4.4060707e-06],"[6.8744157e-07 1.6836706e-05 3.7394785e-03 4.3822524e-01 5.1428193e-01
 4.3298218e-02 4.3250190e-04 5.0517433e-06 5.5994740e-08]"
D:\Uni\Ulm\Master\Hiwi-Forschung-und-Lehre\FairFace\detected_faces\131916_face0.jpg,White,White,Male,30-39,"[8.8934803e-01 6.7407864e-06 2.6335669e-04 3.0433873e-06 6.9373541e-06
 1.1020863e-05 1.1036084e-01]",[9.9940997e-01 1.6799361e-04 1.8323219e-04 2.3879610e-04],[9.999977e-01 2.352460e-06],"[8.3506011e-06 7.0235055e-06 6.9307789e-05 2.9920554e-02 6.5369660e-01
 3.1171301e-01 4.5362222e-03 4.7946218e-05 9.9617580e-07]"
D:\Uni\Ulm\Master\Hiwi-Forschung-und-Lehre\FairFace\detected_faces\131985_face0.jpg,White,White,Male,20-29,"[5.9096164e-01 3.6308652e-04 1.4795011e-01 2.0633650e-04 7.3703378e-04
 5.3028539e-03 2.5447893e-01]",[0.9366001  0.00739439 0.00099511 0.05501048],[9.9999905e-01 9.7721079e-07],"[8.2086888e-09 2.4491513e-07 9.8864723e-04 7.3178130e-01 2.6496592e-01
 2.2584742e-03 5.4242441e-06 5.0154625e-08 6.4417627e-10]"
D:\Uni\Ulm\Master\Hiwi-Forschung-und-Lehre\FairFace\detected_faces\132023_face0.jpg,White,White,Male,30-39,"[6.9932526e-01 1.4713369e-03 2.1067755e-01 2.2799025e-04 4.2743818e-04
 6.4165671e-03 8.1453949e-02]",[9.9559510e-01 4.7284618e-04 1.3249163e-03 2.6071398e-03],[9.99986112e-01 1.39011245e-05],"[7.8704056e-07 3.3080846e-06 1.3711523e-04 1.3768108e-01 7.8364229e-01
 7.8152977e-02 3.7942713e-04 2.9986750e-06 3.0025280e-08]"
D:\Uni\Ulm\Master\Hiwi-Forschung-und-Lehre\FairFace\detected_faces\132099_face0.jpg,White,White,Male,40-49,"[7.3304397e-01 4.1416478e-03 4.1534219e-02 1.6132110e-05 6.3190368e-05
 4.0231282e-03 2.1717767e-01]",[0.9847337  0.00348569 0.00187232 0.00990823],[9.9999833e-01 1.6447294e-06],"[3.6688955e-06 4.9383475e-06 3.9014147e-05 4.0892940e-03 1.7606199e-01
 6.8010688e-01 1.3780697e-01 1.8571806e-03 2.9968647e-05]"
D:\Uni\Ulm\Master\Hiwi-Forschung-und-Lehre\FairFace\detected_faces\132148_face0.jpg,White,White,Male,30-39,"[9.6412587e-01 1.9108616e-04 2.0999741e-02 4.6018155e-07 8.6673308e-06
 2.8938398e-04 1.4384921e-02]",[9.9728465e-01 8.6874177e-04 6.5051354e-05 1.7815725e-03],[9.999999e-01 9.843134e-08],"[1.7932948e-08 2.5330752e-07 1.5643919e-04 1.1159739e-01 7.5756156e-01
 1.2943077e-01 1.2457093e-03 7.7185641e-06 8.3124192e-08]"
D:\Uni\Ulm\Master\Hiwi-Forschung-und-Lehre\FairFace\detected_faces\132149_face0.jpg,Black,Black,Male,30-39,"[3.6239083e-04 9.6949124e-01 2.4185363e-02 2.9263995e-06 1.3073698e-04
 3.8966499e-03 1.9307985e-03]",[1.8220670e-04 9.9839175e-01 4.5853620e-05 1.3801765e-03],[9.999999e-01 8.784748e-08],"[3.8863084e-07 2.2931176e-06 3.8741878e-04 2.8658661e-01 6.6393417e-01
 4.8582032e-02 5.0092797e-04 5.9994545e-06 1.1162327e-07]"
D:\Uni\Ulm\Master\Hiwi-Forschung-und-Lehre\FairFace\detected_faces\132154_face0.jpg,Middle Eastern,White,Male,30-39,"[3.1548756e-01 2.8437615e-04 1.7102097e-01 3.3911795e-04 5.2299816e-04
 2.4334772e-02 4.8801023e-01]",[9.5781446e-01 1.0384404e-03 4.7873077e-04 4.0668327e-02],[9.9960715e-01 3.9287776e-04],"[5.6711324e-06 1.4416223e-04 2.3791788e-03 3.8053808e-01 5.9125602e-01
 2.5569884e-02 1.0579452e-04 1.1800385e-06 2.6555044e-08]"
D:\Uni\Ulm\Master\Hiwi-Forschung-und-Lehre\FairFace\detected_faces\132173_face0.jpg,Latino_Hispanic,White,Male,30-39,"[1.7663920e-01 6.1344774e-03 3.5261482e-01 1.3127537e-04 8.2846073e-04
 3.1777024e-01 1.4588155e-01]",[0.50811946 0.05772265 0.00287305 0.43128482],[9.9997360e-01 2.6421503e-05],"[1.3907500e-06 4.1704543e-06 9.0584952e-05 3.5923019e-02 7.4012059e-01
 2.2077432e-01 3.0652485e-03 2.0501213e-05 2.3085651e-07]"
D:\Uni\Ulm\Master\Hiwi-Forschung-und-Lehre\FairFace\detected_faces\132286_face0.jpg,Middle Eastern,White,Male,30-39,"[1.5063031e-01 3.0656634e-03 4.0315084e-02 4.4539975e-06 2.9999539e-05
 8.7837894e-03 7.9717070e-01]",[6.5983611e-01 2.6716217e-01 1.6809709e-04 7.2833613e-02],[9.9999905e-01 9.5632788e-07],"[1.1994792e-06 2.0674290e-06 6.5638415e-05 2.4382725e-02 5.1208740e-01
 4.3954697e-01 2.3260491e-02 6.4552494e-04 7.8779012e-06]"
D:\Uni\Ulm\Master\Hiwi-Forschung-und-Lehre\FairFace\detected_faces\132295_face0.jpg,White,White,Male,30-39,"[3.9432007e-01 1.5648466e-02 2.0890008e-01 6.3906205e-05 3.2304376e-04
 5.2689966e-03 3.7547544e-01]",[0.8574532  0.12309007 0.00199155 0.01746512],[1.0000000e+00 1.6760232e-08],"[9.5596704e-07 1.2196911e-05 2.9364895e-04 1.8491861e-01 7.5256270e-01
 6.1833721e-02 3.7504552e-04 3.0182634e-06 1.8411130e-08]"
D:\Uni\Ulm\Master\Hiwi-Forschung-und-Lehre\FairFace\detected_faces\132318_face0.jpg,Indian,Indian,Male,30-39,"[3.6394995e-02 1.0904664e-03 1.9056967e-01 2.9873883e-05 3.0201045e-04
 5.7768893e-01 1.9392402e-01]",[3.2971311e-02 8.8759679e-03 3.5582483e-04 9.5779693e-01],[9.9999738e-01 2.6670214e-06],"[5.2621567e-07 4.4197959e-06 2.7565067e-04 1.1085319e-01 7.5268072e-01
 1.3345778e-01 2.7032734e-03 2.4188490e-05 2.4554927e-07]"
D:\Uni\Ulm\Master\Hiwi-Forschung-und-Lehre\FairFace\detected_faces\132325_face0.jpg,Middle Eastern,White,Male,30-39,"[3.8810745e-02 6.5124920e-03 1.5439026e-01 2.6401613e-05 2.2275888e-04
 6.0878947e-02 7.3915833e-01]",[0.61979324 0.15517649 0.00224438 0.22278586],[9.9978614e-01 2.1389085e-04],"[3.24778534e-06 3.03032612e-05 8.86068912e-04 2.48677850e-01
 6.92175448e-01 5.74698336e-02 7.42028293e-04 1.48675945e-05
 3.16283632e-07]"
D:\Uni\Ulm\Master\Hiwi-Forschung-und-Lehre\FairFace\detected_faces\132335_face0.jpg,Middle Eastern,Indian,Male,40-49,"[8.5895933e-02 1.0695650e-04 5.9267301e-02 3.1196916e-05 9.1541500e-05
 1.0550840e-02 8.4405625e-01]",[0.48913646 0.00766139 0.00149011 0.5017121 ],[9.9997717e-01 2.2788758e-05],"[1.1793385e-07 6.2068847e-07 1.7197430e-05 2.1248139e-03 2.6133686e-01
 7.1936345e-01 1.7123722e-02 3.2958142e-05 2.2222061e-07]"
D:\Uni\Ulm\Master\Hiwi-Forschung-und-Lehre\FairFace\detected_faces\132357_face0.jpg,White,White,Male,30-39,"[9.3715447e-01 1.9450390e-05 6.4002415e-03 3.8998699e-04 2.1746512e-04
 2.2060541e-04 5.5597678e-02]",[9.980297e-01 3.107670e-05 1.787999e-03 1.511143e-04],[9.9999827e-01 1.7400738e-06],"[4.3067993e-07 3.2757652e-07 2.7839833e-05 1.3009228e-02 5.8571529e-01
 3.9062503e-01 1.0554240e-02 6.6885317e-05 7.0230607e-07]"
D:\Uni\Ulm\Master\Hiwi-Forschung-und-Lehre\FairFace\detected_faces\132383_face0.jpg,White,White,Male,20-29,"[9.8716044e-01 1.1129652e-03 9.6483827e-03 2.1551592e-05 7.6811200e-05
 1.3465408e-04 1.8451290e-03]",[9.8943818e-01 8.0624139e-03 2.7315487e-04 2.2262018e-03],[1.0000000e+00 3.0107085e-08],"[1.6278876e-06 8.3299574e-06 1.3229836e-03 6.2204587e-01 3.6091760e-01
 1.5126311e-02 5.5261952e-04 2.4101015e-05 5.1208667e-07]"
D:\Uni\Ulm\Master\Hiwi-Forschung-und-Lehre\FairFace\detected_faces\132407_face0.jpg,White,White,Male,20-29,"[7.1032822e-01 1.8489107e-03 7.8577518e-02 7.2419643e-06 5.0962539e-05
 7.1198709e-04 2.0847514e-01]",[9.7947347e-01 1.6405445e-02 2.6245671e-04 3.8586212e-03],[9.9999934e-01 6.9364563e-07],"[2.5898626e-07 1.2778368e-05 2.7674683e-03 7.7801037e-01 2.1655516e-01
 2.6457328e-03 8.0091268e-06 1.1026636e-07 1.9000315e-09]"
D:\Uni\Ulm\Master\Hiwi-Forschung-und-Lehre\FairFace\detected_faces\132408_face0.jpg,Middle Eastern,White,Male,30-39,"[2.3952059e-01 1.0263185e-02 1.2329420e-01 2.3866160e-05 9.8086501e-05
 7.5240142e-04 6.2604761e-01]",[9.4507736e-01 4.9799629e-02 3.5452991e-04 4.7684722e-03],[9.999701e-01 2.991040e-05],"[5.2389879e-07 1.1638072e-05 1.6082290e-03 3.2483274e-01 6.3257819e-01
 4.0510330e-02 4.5065180e-04 7.4567406e-06 1.4616482e-07]"
D:\Uni\Ulm\Master\Hiwi-Forschung-und-Lehre\FairFace\detected_faces\132410_face0.jpg,White,White,Male,20-29,"[9.5049036e-01 5.4420374e-04 3.3354025e-02 3.1692500e-04 9.3301322e-04
 1.1041756e-04 1.4251087e-02]",[0.92475045 0.03882671 0.01747355 0.01894929],[9.9997360e-01 2.6369307e-05],"[3.6167435e-07 1.2245945e-05 7.9675792e-03 4.4945192e-01 3.5581744e-01
 1.6671447e-01 1.9618340e-02 4.0952585e-04 8.2119041e-06]"
D:\Uni\Ulm\Master\Hiwi-Forschung-und-Lehre\FairFace\detected_faces\132507_face0.jpg,Latino_Hispanic,Indian,Male,30-39,"[0.08849167 0.00370376 0.7787061  0.00133029 0.00620323 0.03585893
 0.08570592]",[0.41087458 0.03615534 0.05612206 0.496848  ],[9.9999446e-01 5.5135806e-06],"[9.6327076e-06 5.3572156e-05 1.6907627e-03 1.9795223e-01 6.6442657e-01
 1.3022785e-01 5.5530258e-03 8.5450323e-05 9.0704538e-07]"
D:\Uni\Ulm\Master\Hiwi-Forschung-und-Lehre\FairFace\detected_faces\132556_face0.jpg,Latino_Hispanic,Indian,Male,20-29,"[3.6536448e-02 2.2793561e-02 4.7001073e-01 2.0746980e-05 4.8508815e-04
 3.5748303e-01 1.1267035e-01]",[0.02808323 0.01499851 0.001838   0.9550803 ],[9.9999893e-01 1.0951252e-06],"[3.5561062e-08 2.5718728e-06 1.4250095e-03 5.6323195e-01 4.2883661e-01
 6.4880368e-03 1.5660100e-05 9.2739192e-08 9.9514819e-10]"
D:\Uni\Ulm\Master\Hiwi-Forschung-und-Lehre\FairFace\detected_faces\132606_face0.jpg,White,White,Male,30-39,"[9.8875672e-01 1.7284094e-05 2.3414511e-03 5.6215846e-05 9.2150927e-05
 2.5523668e-05 8.7107969e-03]",[9.9854857e-01 2.2469032e-04 1.1417280e-03 8.5037951e-05],[9.9999940e-01 6.2862586e-07],"[2.6485173e-05 2.8251769e-05 6.2860979e-04 1.2498164e-01 7.6305073e-01
 1.0952496e-01 1.7225581e-03 3.5996192e-05 7.3656201e-07]"
D:\Uni\Ulm\Master\Hiwi-Forschung-und-Lehre\FairFace\detected_faces\132607_face0.jpg,White,White,Male,20-29,"[9.9887007e-01 1.3327258e-05 2.6706379e-04 5.1738193e-06 1.3276373e-05
 8.4849444e-06 8.2270952e-04]",[9.9945050e-01 2.9585985e-04 1.1630997e-04 1.3730777e-04],[9.9999952e-01 4.6637706e-07],"[1.00138180e-07 3.57323142e-06 7.49137893e-04 5.87432027e-01
 3.99205446e-01 1.25025045e-02 1.06420026e-04 6.85286864e-07
 1.44847094e-08]"
D:\Uni\Ulm\Master\Hiwi-Forschung-und-Lehre\FairFace\detected_faces\132619_face0.jpg,White,White,Male,30-39,"[9.9601454e-01 2.4728683e-06 5.8960542e-04 3.7346413e-07 2.7132119e-06
 2.1597110e-05 3.3687353e-03]",[9.9987966e-01 6.2413083e-06 5.4970824e-06 1.0868063e-04],[9.9999666e-01 3.3781248e-06],"[4.1363555e-07 8.9991427e-06 5.3408975e-04 2.0590024e-01 7.4362767e-01
 4.9704183e-02 2.2280890e-04 1.6523741e-06 2.3055781e-08]"
D:\Uni\Ulm\Master\Hiwi-Forschung-und-Lehre\FairFace\detected_faces\132645_face0.jpg,White,White,Male,30-39,"[9.97410476e-01 1.92354692e-05 1.19461474e-04 7.41647511e-07
 3.52134202e-06 1.43369289e-05 2.43219920e-03]",[9.9884528e-01 3.5829100e-04 2.3685930e-04 5.5960374e-04],[9.999917e-01 8.285265e-06],"[1.5970762e-07 3.8310718e-06 2.2859160e-04 1.0168430e-01 7.4024135e-01
 1.5588720e-01 1.9429426e-03 1.1316573e-05 2.8164825e-07]"
D:\Uni\Ulm\Master\Hiwi-Forschung-und-Lehre\FairFace\detected_faces\132654_face0.jpg,White,White,Male,20-29,"[9.9793541e-01 4.6798295e-06 1.0867242e-03 3.1885995e-06 7.4443424e-06
 6.8046165e-06 9.5572043e-04]",[9.9925309e-01 1.3260472e-04 2.8138721e-04 3.3294258e-04],[9.9999928e-01 7.2522016e-07],"[1.1537721e-08 2.3069262e-07 3.0262102e-04 5.0899160e-01 4.7675022e-01
 1.3886623e-02 6.8216890e-05 5.0288526e-07 6.3826162e-09]"
D:\Uni\Ulm\Master\Hiwi-Forschung-und-Lehre\FairFace\detected_faces\132661_face0.jpg,White,White,Male,30-39,"[9.7272241e-01 2.4139536e-05 3.2043732e-03 3.3134854e-06 1.6261989e-05
 4.5465957e-05 2.3984009e-02]",[9.9974769e-01 6.8985857e-05 2.1334718e-05 1.6196907e-04],[9.9999636e-01 3.6623999e-06],"[2.9898054e-08 1.4009187e-06 4.3222285e-04 3.2433367e-01 6.4849383e-01
 2.6667451e-02 7.1103350e-05 2.8751097e-07 4.7603321e-09]"
D:\Uni\Ulm\Master\Hiwi-Forschung-und-Lehre\FairFace\detected_faces\132664_face0.jpg,White,White,Male,20-29,"[8.4047556e-01 4.2006199e-05 4.3230787e-02 7.9759811e-05 2.4558985e-04
 2.3603342e-03 1.1356599e-01]",[9.9072504e-01 2.1745313e-03 9.0892974e-04 6.1915093e-03],[9.9999928e-01 7.5257543e-07],"[2.2566512e-06 3.3166746e-04 5.4923147e-02 7.8544468e-01 1.5436418e-01
 4.9028904e-03 3.0881922e-05 2.9466415e-07 3.7668211e-09]"
D:\Uni\Ulm\Master\Hiwi-Forschung-und-Lehre\FairFace\detected_faces\132674_face0.jpg,White,White,Male,20-29,"[7.9167366e-01 8.1565394e-04 8.1377707e-02 1.1340779e-03 8.8836410e-04
 1.2278502e-04 1.2398776e-01]",[9.9070889e-01 3.2940574e-03 5.7778838e-03 2.1914580e-04],[9.9947065e-01 5.2936428e-04],"[2.0369323e-06 1.1113333e-04 2.4920430e-02 4.8341811e-01 4.6656159e-01
 2.4720170e-02 2.6224216e-04 4.2143552e-06 5.1309812e-08]"
D:\Uni\Ulm\Master\Hiwi-Forschung-und-Lehre\FairFace\detected_faces\132682_face0.jpg,White,White,Male,20-29,"[9.9664146e-01 5.3111904e-05 1.5968694e-03 6.5030217e-06 6.8737310e-05
 5.5223281e-06 1.6277876e-03]",[9.9898422e-01 7.4962730e-04 2.4970982e-04 1.6480704e-05],[9.9999982e-01 1.3858023e-07],"[5.0657690e-07 5.6661764e-05 5.6076616e-02 6.2870634e-01 2.8172180e-01
 3.1990435e-02 1.4106060e-03 3.6413774e-05 6.2445059e-07]"
D:\Uni\Ulm\Master\Hiwi-Forschung-und-Lehre\FairFace\detected_faces\132704_face0.jpg,White,White,Male,30-39,"[7.2568196e-01 5.2588887e-04 1.8577100e-01 7.8247124e-03 7.8741042e-03
 5.1239426e-03 6.7198426e-02]",[9.8860216e-01 7.3570013e-04 9.2693064e-03 1.3928405e-03],[9.9999797e-01 2.0212149e-06],"[1.0736943e-05 1.2758483e-04 2.1214772e-04 7.6576903e-02 7.8683555e-01
 1.3518833e-01 1.0401716e-03 8.5356787e-06 9.9073567e-08]"
D:\Uni\Ulm\Master\Hiwi-Forschung-und-Lehre\FairFace\detected_faces\132852_face0.jpg,Middle Eastern,White,Male,20-29,"[4.4949463e-01 6.8733185e-05 4.1172400e-02 4.5105524e-05 1.4226994e-04
 1.0732333e-02 4.9834463e-01]",[9.9078989e-01 2.5097761e-04 6.5061184e-05 8.8940198e-03],[9.9998343e-01 1.6548451e-05],"[5.9222810e-07 1.4745406e-04 2.2224432e-02 8.1069428e-01 1.6469114e-01
 2.2369456e-03 4.9458017e-06 1.2954837e-07 2.3466371e-09]"
D:\Uni\Ulm\Master\Hiwi-Forschung-und-Lehre\FairFace\detected_faces\132874_face0.jpg,White,White,Male,30-39,"[9.7098643e-01 1.1259082e-04 1.4418314e-02 2.1971355e-06 6.7656206e-06
 8.2130027e-05 1.4391497e-02]",[9.9778247e-01 1.9044391e-03 5.2948897e-05 2.6018661e-04],[9.9999523e-01 4.7891076e-06],"[9.9556861e-09 3.4011677e-07 4.6415449e-04 3.7707293e-01 5.8547336e-01
 3.6658060e-02 3.2889322e-04 2.3082946e-06 2.4638519e-08]"
D:\Uni\Ulm\Master\Hiwi-Forschung-und-Lehre\FairFace\detected_faces\133168_face0.jpg,White,White,Male,30-39,"[9.9382252e-01 7.4794443e-05 1.7250944e-03 1.6748963e-05 6.6723813e-05
 3.5601443e-05 4.2584669e-03]",[9.978256e-01 6.984818e-04 6.515179e-04 8.244034e-04],[1.0000000e+00 1.9959076e-08],"[1.6576485e-07 1.4298241e-06 2.0836641e-04 2.6809791e-01 6.8939590e-01
 4.1956302e-02 3.3623009e-04 3.6532319e-06 6.8905756e-08]"
D:\Uni\Ulm\Master\Hiwi-Forschung-und-Lehre\FairFace\detected_faces\133199_face0.jpg,Latino_Hispanic,Black,Male,20-29,"[6.1444972e-02 1.9842004e-02 8.7456250e-01 7.0891500e-04 6.8458477e-03
 2.9622340e-03 3.3633471e-02]",[0.11682601 0.81871617 0.01911512 0.04534268],[9.9999434e-01 5.6858826e-06],"[9.4589133e-08 2.3433880e-05 4.7748674e-02 8.1667489e-01 1.3238883e-01
 3.1313081e-03 3.2237709e-05 5.6903605e-07 7.2773529e-09]"
D:\Uni\Ulm\Master\Hiwi-Forschung-und-Lehre\FairFace\detected_faces\133229_face0.jpg,Middle Eastern,White,Male,30-39,"[3.7425652e-01 7.7598920e-04 4.8368316e-02 2.4363835e-06 1.6428245e-05
 2.2070203e-03 5.7437325e-01]",[9.8831391e-01 1.8953996e-03 8.6495478e-05 9.7040962e-03],[9.990535e-01 9.464936e-04],"[5.2009801e-07 5.9534696e-06 5.8921496e-04 1.7360395e-01 7.1979451e-01
 1.0345715e-01 2.5099833e-03 3.7900503e-05 8.3570581e-07]"
D:\Uni\Ulm\Master\Hiwi-Forschung-und-Lehre\FairFace\detected_faces\133236_face0.jpg,Middle Eastern,White,Male,20-29,"[6.5747574e-02 8.4418580e-03 2.1296035e-01 5.3743959e-05 3.4386929e-04
 4.3530152e-03 7.0809960e-01]",[0.6073959  0.03872473 0.01157866 0.3423008 ],[9.999999e-01 8.781351e-08],"[2.3675847e-07 1.6231023e-05 3.5133944e-03 7.7903581e-01 2.1101293e-01
 6.3601374e-03 5.9339793e-05 2.0006191e-06 3.2071064e-08]"
D:\Uni\Ulm\Master\Hiwi-Forschung-und-Lehre\FairFace\detected_faces\133586_face0.jpg,White,White,Male,30-39,"[9.7031778e-01 7.4965499e-07 1.6160613e-03 1.0168549e-05 1.0057572e-05
 2.3057799e-05 2.8022196e-02]",[9.9979311e-01 3.8813500e-06 1.7941013e-05 1.8500471e-04],[9.9999809e-01 1.9004065e-06],"[6.8036916e-06 6.5936249e-05 3.9243326e-03 1.4378923e-01 7.5348246e-01
 9.8229192e-02 4.9969915e-04 2.3985106e-06 1.5611066e-08]"
D:\Uni\Ulm\Master\Hiwi-Forschung-und-Lehre\FairFace\detected_faces\133735_face0.jpg,White,White,Male,30-39,"[9.9366677e-01 2.8272843e-04 1.5713648e-03 4.3598807e-06 2.6287678e-05
 5.9137645e-05 4.3893144e-03]",[9.906103e-01 7.844410e-03 4.949388e-04 1.050415e-03],[9.9999893e-01 1.1032218e-06],"[8.7595453e-07 1.0406291e-05 1.8436993e-03 2.3513740e-01 5.4791194e-01
 1.9807348e-01 1.6527392e-02 4.7942816e-04 1.5495167e-05]"
D:\Uni\Ulm\Master\Hiwi-Forschung-und-Lehre\FairFace\detected_faces\133792_face0.jpg,White,White,Male,30-39,"[7.2742045e-01 5.9070432e-04 1.6563423e-01 3.8328231e-05 1.4282834e-04
 4.4565122e-03 1.0171697e-01]",[9.6686131e-01 6.8586931e-04 1.1560797e-03 3.1296797e-02],[9.9984252e-01 1.5749318e-04],"[6.5476843e-07 9.4929292e-06 1.2890418e-03 2.2525656e-01 7.0667273e-01
 6.6046298e-02 7.1806216e-04 7.0985607e-06 8.2484007e-08]"
D:\Uni\Ulm\Master\Hiwi-Forschung-und-Lehre\FairFace\detected_faces\133908_face0.jpg,White,White,Male,20-29,"[8.7414050e-01 7.4767385e-04 8.5572831e-02 2.2088095e-04 4.9658370e-04
 8.9317409e-04 3.7928343e-02]",[9.9472088e-01 2.2651206e-04 4.8412036e-04 4.5685349e-03],[9.9948704e-01 5.1296951e-04],"[7.8859962e-08 3.2894252e-06 6.2765148e-03 8.0262691e-01 1.8663716e-01
 4.4022361e-03 5.2829382e-05 1.0123670e-06 2.1447166e-08]"
D:\Uni\Ulm\Master\Hiwi-Forschung-und-Lehre\FairFace\detected_faces\133938_face0.jpg,Middle Eastern,White,Male,30-39,"[2.8484476e-01 4.2059572e-04 8.5697837e-02 1.0395265e-04 3.1914443e-04
 2.0144917e-03 6.2659919e-01]",[9.9374819e-01 5.6402903e-04 2.1393560e-03 3.5484498e-03],[9.9998748e-01 1.2551433e-05],"[1.0974419e-05 3.9679202e-05 5.0777273e-04 4.4351075e-02 6.6674542e-01
 2.8036287e-01 7.8857420e-03 9.5308307e-05 1.1554554e-06]"
D:\Uni\Ulm\Master\Hiwi-Forschung-und-Lehre\FairFace\detected_faces\134029_face0.jpg,White,White,Male,30-39,"[8.7590641e-01 8.6866639e-04 7.1049243e-02 3.2980324e-06 2.4072659e-05
 5.5012951e-04 5.1598135e-02]",[9.9633604e-01 9.0984191e-04 1.0080910e-04 2.6533445e-03],[9.9999994e-01 3.7439616e-08],"[1.1582972e-07 3.6610843e-06 7.9393992e-04 2.2498836e-01 7.1296895e-01
 6.0915563e-02 3.2746105e-04 1.8741364e-06 1.0192184e-08]"
D:\Uni\Ulm\Master\Hiwi-Forschung-und-Lehre\FairFace\detected_faces\134095_face0.jpg,White,White,Male,20-29,"[8.39064181e-01 2.30557198e-05 1.45258270e-02 3.52985735e-05
 1.01354395e-04 3.21112620e-03 1.43039182e-01]",[9.594198e-01 9.912987e-04 8.220510e-04 3.876689e-02],[9.999995e-01 4.662200e-07],"[1.2110944e-07 5.0775152e-06 9.2525186e-04 6.7765945e-01 3.1583443e-01
 5.5637625e-03 1.1801993e-05 8.2082217e-08 1.0849369e-09]"
D:\Uni\Ulm\Master\Hiwi-Forschung-und-Lehre\FairFace\detected_faces\134107_face0.jpg,White,White,Male,20-29,"[9.0651828e-01 2.6680584e-04 6.7293425e-03 9.1918287e-07 4.1428075e-06
 7.2319570e-05 8.6408235e-02]",[9.9936724e-01 4.5045800e-04 3.0720394e-06 1.7919348e-04],[0.997216   0.00278403],"[1.9517304e-07 7.0654542e-06 7.3254700e-03 5.9019995e-01 3.8845569e-01
 1.3763745e-02 2.4488740e-04 3.0047217e-06 2.9881388e-08]"
D:\Uni\Ulm\Master\Hiwi-Forschung-und-Lehre\FairFace\detected_faces\134137_face0.jpg,Middle Eastern,White,Male,30-39,"[3.6556688e-01 4.3384201e-04 1.7885940e-01 5.5044057e-04 5.3763716e-04
 1.6584413e-02 4.3746743e-01]",[0.9069637  0.00172062 0.00245525 0.08886049],[9.9995804e-01 4.1961193e-05],"[1.8128641e-06 6.7175461e-06 7.0730239e-05 1.8607700e-02 5.2023178e-01
 4.5085382e-01 1.0102259e-02 1.2370279e-04 1.4194121e-06]"
D:\Uni\Ulm\Master\Hiwi-Forschung-und-Lehre\FairFace\detected_faces\134216_face0.jpg,White,White,Male,20-29,"[9.9959016e-01 1.3343989e-06 9.8820798e-05 1.7121211e-07 4.7614901e-07
 2.1944468e-06 3.0682047e-04]",[9.9997729e-01 1.2794958e-05 1.9987281e-06 7.8670455e-06],[9.999616e-01 3.835379e-05],"[1.52195270e-07 3.06894835e-05 1.17883375e-02 6.81947947e-01
 2.98029512e-01 8.14203266e-03 6.05282221e-05 7.36979985e-07
 3.98278104e-08]"
D:\Uni\Ulm\Master\Hiwi-Forschung-und-Lehre\FairFace\detected_faces\134231_face0.jpg,Latino_Hispanic,White,Male,20-29,"[2.3901336e-01 1.2857123e-02 6.0579634e-01 1.3536305e-04 1.0090509e-03
 3.4696669e-03 1.3771915e-01]",[0.9315114  0.06355423 0.00365378 0.00128052],[1.0000000e+00 5.3473066e-09],"[6.5098035e-08 3.6872163e-06 7.6462179e-03 7.6413739e-01 2.2144367e-01
 6.6783838e-03 8.9603804e-05 1.0152512e-06 5.7736926e-09]"
D:\Uni\Ulm\Master\Hiwi-Forschung-und-Lehre\FairFace\detected_faces\134246_face0.jpg,Black,Black,Male,20-29,"[1.6111074e-04 9.6893656e-01 1.2784310e-02 2.9663902e-06 1.4859972e-04
 1.6644455e-02 1.3219367e-03]",[1.0476179e-04 9.8133278e-01 2.8479262e-04 1.8277569e-02],[1.0000000e+00 2.4900878e-08],"[5.3246939e-08 3.8463777e-06 4.0928675e-03 7.2960258e-01 2.5902525e-01
 7.2397082e-03 3.5326706e-05 4.1550524e-07 5.4776597e-09]"
D:\Uni\Ulm\Master\Hiwi-Forschung-und-Lehre\FairFace\detected_faces\134248_face0.jpg,White,Black,Male,20-29,"[6.5382457e-01 7.4237496e-02 2.4799497e-01 2.9529101e-04 2.5814655e-03
 4.2163057e-04 2.0644613e-02]",[2.9657739e-01 6.9710749e-01 5.8710580e-03 4.4401333e-04],[1.000000e+00 2.194525e-08],"[1.2627635e-07 3.4803113e-06 1.0787943e-02 8.2047921e-01 1.6346408e-01
 5.1353248e-03 1.2531853e-04 4.3304562e-06 7.0110254e-08]"
D:\Uni\Ulm\Master\Hiwi-Forschung-und-Lehre\FairFace\detected_faces\134250_face0.jpg,Latino_Hispanic,Indian,Male,20-29,"[0.02036777 0.00599308 0.4734467  0.00104204 0.00697769 0.18031405
 0.31185868]",[0.06502757 0.0468891  0.03145899 0.85662436],[9.9999905e-01 9.4101159e-07],"[5.1336872e-07 1.8546390e-05 3.3647758e-03 7.6819754e-01 2.2446917e-01
 3.9393310e-03 9.9038143e-06 2.1159663e-07 3.2560110e-09]"
D:\Uni\Ulm\Master\Hiwi-Forschung-und-Lehre\FairFace\detected_faces\134361_face0.jpg,Middle Eastern,White,Male,30-39,"[2.0412989e-01 3.6780662e-03 1.8939839e-01 1.9858066e-06 1.9393430e-05
 1.9904427e-01 4.0372807e-01]",[9.8919851e-01 3.7270205e-05 5.6525522e-07 1.0763715e-02],[9.9999958e-01 4.1256584e-07],"[3.5361907e-08 1.6698553e-07 4.9365332e-05 1.4697906e-01 7.9873401e-01
 5.3896472e-02 3.3870965e-04 2.2057534e-06 2.0402686e-08]"
D:\Uni\Ulm\Master\Hiwi-Forschung-und-Lehre\FairFace\detected_faces\134365_face0.jpg,Black,Black,Male,20-29,"[2.1435808e-06 9.9995768e-01 2.2774799e-05 2.2243741e-08 3.1408419e-07
 1.6988008e-05 1.6745065e-07]",[2.8272677e-07 9.9998683e-01 4.2869497e-06 8.5741940e-06],[0.99530864 0.00469137],"[2.66078963e-08 7.95702545e-06 1.26344655e-02 6.75595582e-01
 2.93324232e-01 1.80808995e-02 3.52726376e-04 3.93411028e-06
 1.95591170e-07]"
D:\Uni\Ulm\Master\Hiwi-Forschung-und-Lehre\FairFace\detected_faces\134527_face0.jpg,White,White,Male,20-29,"[9.9336928e-01 1.1631167e-05 8.4039656e-04 1.8124953e-06 3.7551265e-06
 1.8933144e-05 5.7542552e-03]",[9.9921948e-01 3.5752197e-05 3.0147276e-04 4.4329852e-04],[9.9999976e-01 2.1581668e-07],"[1.0339435e-08 9.5614803e-07 2.8235284e-03 8.4655327e-01 1.4888385e-01
 1.7276061e-03 1.0700766e-05 1.0065360e-07 1.1396956e-09]"
D:\Uni\Ulm\Master\Hiwi-Forschung-und-Lehre\FairFace\detected_faces\134778_face0.jpg,White,White,Male,20-29,"[9.9299759e-01 4.5469373e-05 3.9022295e-03 6.5435182e-05 1.5420649e-04
 1.0077133e-05 2.8249319e-03]",[9.9390495e-01 2.9865401e-03 2.7962639e-03 3.1224286e-04],[1.0000000e+00 3.7073566e-09],"[1.42294825e-08 2.21202595e-06 8.33557080e-03 8.28276396e-01
 1.59781963e-01 3.57300299e-03 3.05762042e-05 2.45076706e-07
 2.29063124e-09]"
D:\Uni\Ulm\Master\Hiwi-Forschung-und-Lehre\FairFace\detected_faces\134849_face0.jpg,White,White,Male,20-29,"[0.48253325 0.00438268 0.45245996 0.00050759 0.00127221 0.00284348
 0.05600082]",[0.9180465  0.06015235 0.00839269 0.01340847],[9.9999952e-01 4.7355138e-07],"[6.1859743e-07 3.5370696e-05 9.1389623e-03 7.6467729e-01 2.1941112e-01
 6.6563119e-03 7.9386962e-05 9.3864685e-07 1.2686334e-08]"
D:\Uni\Ulm\Master\Hiwi-Forschung-und-Lehre\FairFace\detected_faces\134868_face0.jpg,White,White,Male,30-39,"[9.9907786e-01 2.7352733e-06 5.1635626e-04 3.8110750e-06 5.1498373e-06
 9.0407633e-07 3.9318795e-04]",[9.9998724e-01 7.3075262e-06 3.3233448e-06 2.1308165e-06],[9.9999952e-01 4.7566826e-07],"[2.0720510e-08 9.6753081e-07 6.7290198e-04 4.3102029e-01 5.5653507e-01
 1.1729182e-02 4.1398838e-05 1.4345734e-07 1.8278472e-09]"
D:\Uni\Ulm\Master\Hiwi-Forschung-und-Lehre\FairFace\detected_faces\135115_face0.jpg,Middle Eastern,White,Male,30-39,"[3.8804102e-01 1.2008684e-03 1.6579526e-02 4.8963916e-06 2.9485134e-05
 3.3647416e-04 5.9380776e-01]",[8.5103571e-01 1.4650296e-01 1.8135320e-04 2.2799645e-03],[9.9999821e-01 1.7945065e-06],"[2.9569816e-07 1.0294206e-05 2.4930534e-03 3.6719552e-01 5.9472007e-01
 3.5314348e-02 2.6415379e-04 2.2647880e-06 3.5985916e-08]"
D:\Uni\Ulm\Master\Hiwi-Forschung-und-Lehre\FairFace\detected_faces\135116_face0.jpg,White,White,Male,30-39,"[5.47442377e-01 3.12321400e-03 9.66893435e-02 1.15398216e-04
 3.44223954e-04 6.92156330e-03 3.45363855e-01]",[0.95403147 0.00762313 0.00140878 0.03693656],[9.999844e-01 1.565312e-05],"[5.8877072e-06 4.3271102e-05 3.0648310e-04 1.1684659e-01 7.6841754e-01
 1.1319335e-01 1.1636890e-03 2.2792659e-05 3.9665213e-07]"
D:\Uni\Ulm\Master\Hiwi-Forschung-und-Lehre\FairFace\detected_faces\135238_face0.jpg,White,White,Male,20-29,"[9.9048978e-01 1.2864310e-05 1.1976429e-03 3.0154083e-06 6.3010643e-06
 4.9507937e-05 8.2409121e-03]",[9.9923629e-01 4.3052604e-04 5.1685944e-05 2.8145596e-04],[9.9995494e-01 4.5076700e-05],"[1.48255978e-07 1.74248653e-05 7.27044325e-03 8.71766210e-01
 1.20228834e-01 7.15414644e-04 1.54647159e-06 1.89318268e-08
 6.27530250e-10]"
D:\Uni\Ulm\Master\Hiwi-Forschung-und-Lehre\FairFace\detected_faces\135246_face0.jpg,White,White,Male,20-29,"[9.5180279e-01 3.3529152e-05 1.9123869e-02 8.6116394e-05 1.2358587e-04
 5.1377410e-05 2.8778646e-02]",[9.9820805e-01 8.4036023e-05 1.1652809e-03 5.4264907e-04],[9.9999994e-01 6.0068054e-08],"[7.0849580e-07 1.5166045e-05 6.5798541e-03 5.1775390e-01 4.2538580e-01
 4.9372997e-02 8.7879261e-04 1.2671384e-05 7.1141500e-08]"
D:\Uni\Ulm\Master\Hiwi-Forschung-und-Lehre\FairFace\detected_faces\135256_face0.jpg,White,White,Male,20-29,"[9.4431114e-01 1.3456120e-04 4.9875405e-02 3.5704976e-05 3.1103237e-04
 5.8271526e-04 4.7494653e-03]",[9.9337041e-01 1.0733476e-03 1.1814266e-04 5.4380675e-03],[9.9999988e-01 1.4304001e-07],"[4.6613501e-08 4.2036054e-06 2.0163935e-02 7.1806264e-01 2.3573026e-01
 2.5201721e-02 8.2207628e-04 1.4927498e-05 1.5099864e-07]"
D:\Uni\Ulm\Master\Hiwi-Forschung-und-Lehre\FairFace\detected_faces\135263_face0.jpg,White,White,Male,20-29,"[9.9330604e-01 6.7707088e-06 7.4291538e-04 6.6084644e-06 1.1748809e-05
 9.0659678e-06 5.9167785e-03]",[9.9976617e-01 1.1451163e-05 1.8163762e-04 4.0784576e-05],[9.9999982e-01 1.6481822e-07],"[1.0034775e-07 3.7698421e-06 1.3281238e-03 5.0336981e-01 4.6822563e-01
 2.6833232e-02 2.3604909e-04 3.1670954e-06 3.2941863e-08]"
D:\Uni\Ulm\Master\Hiwi-Forschung-und-Lehre\FairFace\detected_faces\135264_face0.jpg,Black,Black,Male,20-29,"[3.2715304e-03 6.1151075e-01 2.7655768e-01 5.3056692e-06 1.1919750e-04
 6.7083635e-03 1.0182711e-01]",[0.00300312 0.9364308  0.00282792 0.05773816],[9.999951e-01 4.890190e-06],"[1.2824084e-06 1.5797235e-04 5.3108566e-02 7.2431874e-01 2.1220636e-01
 1.0082322e-02 1.2207763e-04 2.6379646e-06 2.8636199e-08]"
D:\Uni\Ulm\Master\Hiwi-Forschung-und-Lehre\FairFace\detected_faces\135269_face0.jpg,Middle Eastern,White,Male,30-39,"[1.8390560e-01 4.5755404e-04 4.4733051e-02 2.4354315e-05 1.1425420e-04
 1.3556272e-03 7.6940954e-01]",[0.9646894  0.0215295  0.00239096 0.01139017],[9.9999374e-01 6.2579047e-06],"[1.6466751e-06 2.0159907e-05 1.7872967e-03 3.5419875e-01 6.0414958e-01
 3.9528191e-02 3.1057681e-04 3.7124501e-06 5.6785552e-08]"
D:\Uni\Ulm\Master\Hiwi-Forschung-und-Lehre\FairFace\detected_faces\135271_face0.jpg,White,White,Male,30-39,"[5.7468969e-01 4.9361540e-04 4.9453579e-02 1.4383640e-04 2.3415503e-04
 5.6089653e-04 3.7442431e-01]",[9.9560678e-01 1.6596119e-03 9.3536929e-04 1.7982555e-03],[9.9996811e-01 3.1892312e-05],"[5.9373026e-08 1.6162830e-06 4.0763416e-04 3.3655518e-01 6.4653605e-01
 1.6458008e-02 4.1076350e-05 3.3071080e-07 3.7215702e-09]"
D:\Uni\Ulm\Master\Hiwi-Forschung-und-Lehre\FairFace\detected_faces\135404_face0.jpg,White,White,Male,20-29,"[9.0268761e-01 1.0777318e-04 4.1134194e-02 1.0434114e-05 5.7739981e-05
 3.3824479e-05 5.5968449e-02]",[9.9951744e-01 3.9125053e-04 1.7343255e-05 7.3956784e-05],[9.9999881e-01 1.1866158e-06],"[5.6079288e-09 5.0387752e-07 1.0101146e-02 8.7790787e-01 1.1063810e-01
 1.3421425e-03 1.0044262e-05 2.1274380e-07 1.9359407e-09]"
D:\Uni\Ulm\Master\Hiwi-Forschung-und-Lehre\FairFace\detected_faces\135590_face0.jpg,White,White,Male,30-39,"[0.45087114 0.01183775 0.43145406 0.00065489 0.00150078 0.0040657
 0.09961572]",[0.9684029  0.01710452 0.00917826 0.00531431],[9.9994671e-01 5.3332085e-05],"[4.2997760e-04 9.8483521e-04 2.2105298e-03 3.8315251e-02 5.0587881e-01
 3.9302436e-01 5.6741606e-02 2.3828319e-03 3.1711457e-05]"
D:\Uni\Ulm\Master\Hiwi-Forschung-und-Lehre\FairFace\detected_faces\135602_face0.jpg,Middle Eastern,White,Male,20-29,"[1.4482442e-01 5.4770047e-05 1.9508182e-03 2.9964558e-06 2.1105559e-05
 1.8914173e-04 8.5295671e-01]",[9.9145395e-01 4.4022556e-03 4.0478099e-04 3.7390075e-03],[9.999948e-01 5.165628e-06],"[5.4243916e-08 5.6167887e-06 2.6845352e-03 5.6794882e-01 4.1852686e-01
 1.0808806e-02 2.5081021e-05 2.5002603e-07 6.0142282e-09]"
D:\Uni\Ulm\Master\Hiwi-Forschung-und-Lehre\FairFace\detected_faces\135623_face0.jpg,White,White,Male,20-29,"[9.9799496e-01 1.4357562e-05 2.5953740e-04 4.8124889e-06 1.8616689e-05
 4.3571399e-06 1.7034819e-03]",[9.9981844e-01 9.2087488e-05 3.8210412e-05 5.1187537e-05],[9.9999958e-01 3.8072122e-07],"[5.3363169e-06 1.0031429e-04 6.3289604e-03 6.3385981e-01 3.4988382e-01
 9.6928980e-03 1.2574758e-04 2.8943766e-06 1.1374158e-07]"
D:\Uni\Ulm\Master\Hiwi-Forschung-und-Lehre\FairFace\detected_faces\135647_face0.jpg,White,White,Male,20-29,"[9.9898517e-01 1.8413482e-05 5.8986613e-04 1.3438897e-07 8.9314574e-07
 6.8841468e-06 3.9858260e-04]",[9.9409181e-01 4.3511176e-03 2.0339656e-05 1.5368032e-03],[9.999978e-01 2.171173e-06],"[3.7539474e-09 6.2725030e-07 6.0562757e-03 8.8680035e-01 1.0228090e-01
 4.7015073e-03 1.5800484e-04 2.3058983e-06 3.1635278e-08]"
D:\Uni\Ulm\Master\Hiwi-Forschung-und-Lehre\FairFace\detected_faces\135666_face0.jpg,Latino_Hispanic,White,Male,20-29,"[2.5713956e-01 6.0900017e-03 6.7210853e-01 1.1812135e-04 4.3707388e-04
 1.4861886e-02 4.9244758e-02]",[0.52196974 0.04433665 0.00985403 0.42383963],[9.9998301e-01 1.6977228e-05],"[3.1118100e-06 3.3258996e-04 1.1923499e-01 5.7052910e-01 2.4472906e-01
 6.0664274e-02 4.4014561e-03 1.0443582e-04 1.0584928e-06]"
D:\Uni\Ulm\Master\Hiwi-Forschung-und-Lehre\FairFace\detected_faces\135694_face0.jpg,Latino_Hispanic,White,Male,20-29,"[1.2068283e-01 5.7272972e-03 6.2828320e-01 3.2059127e-04 1.1473889e-03
 2.1219270e-02 2.2261946e-01]",[0.508553   0.25435945 0.05053368 0.18655391],[9.9998289e-01 1.7059601e-05],"[3.1775792e-06 4.1622548e-05 4.1008033e-03 5.6745785e-01 4.0741864e-01
 2.0749705e-02 2.2481014e-04 3.3408612e-06 5.6532851e-08]"
D:\Uni\Ulm\Master\Hiwi-Forschung-und-Lehre\FairFace\detected_faces\135700_face0.jpg,Middle Eastern,White,Male,20-29,"[1.0511669e-01 1.3757670e-04 6.4846799e-02 1.1454362e-04 3.6590724e-04
 4.3841624e-03 8.2503432e-01]",[0.93048406 0.0101427  0.01061169 0.04876155],[9.9999613e-01 3.8197113e-06],"[3.2726456e-07 3.4926907e-05 5.3991047e-03 7.7775627e-01 2.1373494e-01
 3.0665949e-03 7.7537370e-06 9.5461672e-08 1.5675067e-09]"
D:\Uni\Ulm\Master\Hiwi-Forschung-und-Lehre\FairFace\detected_faces\135775_face0.jpg,Indian,Indian,Male,30-39,"[1.2753457e-02 4.0860053e-02 2.4284256e-01 4.7312227e-05 8.5777190e-04
 6.5750653e-01 4.5132399e-02]",[0.01601911 0.46096876 0.0023275  0.5206846 ],[9.9998730e-01 1.2743067e-05],"[9.7652261e-08 1.6286666e-06 3.2754792e-04 3.6665407e-01 6.1649168e-01
 1.6453588e-02 7.0704154e-05 6.9426119e-07 1.4411624e-08]"
D:\Uni\Ulm\Master\Hiwi-Forschung-und-Lehre\FairFace\detected_faces\136108_face0.jpg,Middle Eastern,White,Male,30-39,"[2.8915241e-01 6.7711435e-04 5.9831861e-02 1.7390032e-05 1.1075950e-04
 6.9054719e-03 6.4330494e-01]",[9.9765652e-01 2.0734590e-04 1.0752852e-04 2.0285915e-03],[9.9999857e-01 1.4173258e-06],"[1.9448644e-06 7.4737150e-06 7.5561933e-05 2.2572987e-02 6.0896248e-01
 3.6408335e-01 4.2627933e-03 3.3100492e-05 3.2974128e-07]"
D:\Uni\Ulm\Master\Hiwi-Forschung-und-Lehre\FairFace\detected_faces\136262_face0.jpg,Middle Eastern,White,Male,30-39,"[1.7001426e-01 6.4773642e-04 2.3274057e-01 1.6284102e-04 5.1377091e-04
 9.4058877e-03 5.8651489e-01]",[0.943489   0.0059318  0.00821781 0.04236134],[9.999993e-01 7.038752e-07],"[9.68660316e-08 3.24798975e-06 6.62868028e-04 3.48372102e-01
 6.25479519e-01 2.53686905e-02 1.12339694e-04 1.16894955e-06
 1.33483828e-08]"
D:\Uni\Ulm\Master\Hiwi-Forschung-und-Lehre\FairFace\detected_faces\136322_face0.jpg,Middle Eastern,White,Male,30-39,"[6.0758952e-02 1.3735299e-03 1.7183046e-01 1.8221113e-05 1.3213464e-04
 5.6825638e-02 7.0906115e-01]",[0.80670536 0.00353738 0.00149017 0.18826711],[9.999915e-01 8.499330e-06],"[2.0925092e-06 2.4375009e-05 5.9508381e-04 1.8414225e-01 7.1277487e-01
 1.0144508e-01 1.0076230e-03 8.5917736e-06 7.7376228e-08]"
D:\Uni\Ulm\Master\Hiwi-Forschung-und-Lehre\FairFace\detected_faces\136375_face0.jpg,White,White,Male,30-39,"[9.8384839e-01 7.6757853e-05 7.2449483e-03 1.8323946e-06 1.8466280e-05
 5.2086398e-05 8.7575018e-03]",[9.9965680e-01 8.5056643e-05 2.0209487e-05 2.3789391e-04],[9.9999994e-01 9.0549491e-08],"[1.12973886e-07 2.18691162e-06 1.72122743e-03 3.65239561e-01
 5.20408869e-01 1.06935292e-01 5.59430476e-03 9.73233909e-05
 1.07939161e-06]"
D:\Uni\Ulm\Master\Hiwi-Forschung-und-Lehre\FairFace\detected_faces\136381_face0.jpg,White,White,Male,20-29,"[9.9985683e-01 2.1960147e-07 9.3393874e-06 1.5301753e-08 6.3037533e-08
 1.6885016e-07 1.3341174e-04]",[9.9988914e-01 4.2670570e-05 2.1061003e-06 6.6065790e-05],[9.9999905e-01 9.6161466e-07],"[8.1900948e-09 8.7024353e-07 1.5637896e-03 7.1840787e-01 2.7571329e-01
 4.2959303e-03 1.8161067e-05 1.0526428e-07 2.4498730e-09]"
D:\Uni\Ulm\Master\Hiwi-Forschung-und-Lehre\FairFace\detected_faces\136675_face0.jpg,White,White,Male,30-39,"[6.9587743e-01 1.8328613e-03 1.1258377e-01 6.7046011e-04 5.4535363e-04
 4.5150286e-03 1.8397515e-01]",[0.974931   0.0059094  0.01192459 0.00723497],[9.9991006e-01 8.9902387e-05],"[3.5458581e-06 4.1832311e-05 1.6393600e-04 3.3251468e-02 7.2840399e-01
 2.3617944e-01 1.9396938e-03 1.5873560e-05 2.0600346e-07]"
D:\Uni\Ulm\Master\Hiwi-Forschung-und-Lehre\FairFace\detected_faces\136710_face0.jpg,White,White,Male,30-39,"[7.23931730e-01 3.93169373e-03 1.12901516e-01 3.91878893e-05
 1.18917029e-04 2.39283242e-03 1.56684205e-01]",[0.96555144 0.01559527 0.00230653 0.01654681],[9.9999434e-01 5.6479985e-06],"[1.8816493e-06 1.8482315e-05 8.4449048e-04 3.2470909e-01 5.9856933e-01
 7.3313214e-02 2.4557789e-03 8.5691652e-05 2.0197222e-06]"
D:\Uni\Ulm\Master\Hiwi-Forschung-und-Lehre\FairFace\detected_faces\136718_face0.jpg,White,White,Male,20-29,"[9.8798943e-01 7.6181437e-05 4.8686038e-03 9.5622509e-06 4.0003852e-05
 4.2660675e-05 6.9735730e-03]",[9.9924719e-01 3.0633155e-04 2.9639734e-04 1.5007769e-04],[9.9999756e-01 2.3977541e-06],"[2.6955996e-07 1.0839299e-05 3.2386866e-03 5.8228928e-01 3.9642543e-01
 1.7889097e-02 1.4499716e-04 1.4439001e-06 2.1303203e-08]"
D:\Uni\Ulm\Master\Hiwi-Forschung-und-Lehre\FairFace\detected_faces\136743_face0.jpg,White,White,Male,30-39,"[6.8951941e-01 9.1035829e-05 8.8975981e-02 4.9188139e-04 9.6942257e-04
 1.4606138e-03 2.1849161e-01]",[9.9799007e-01 7.7548269e-05 2.5149752e-04 1.6809589e-03],[9.9998868e-01 1.1314804e-05],"[4.5084162e-06 1.3329333e-04 3.6358307e-03 2.8796783e-01 6.2661552e-01
 8.1061751e-02 5.7299231e-04 8.1390408e-06 1.3737801e-07]"
D:\Uni\Ulm\Master\Hiwi-Forschung-und-Lehre\FairFace\detected_faces\136856_face0.jpg,Middle Eastern,White,Male,30-39,"[2.3743835e-01 1.3721997e-03 2.2218697e-01 2.7176808e-04 4.4805548e-04
 8.4195919e-03 5.2986306e-01]",[0.8748582  0.00682138 0.00214348 0.11617687],[9.9999672e-01 3.2530484e-06],"[3.2554692e-06 4.0765870e-05 1.1939722e-03 2.9829901e-01 6.4882261e-01
 5.1227219e-02 4.0559078e-04 7.4991599e-06 1.0860064e-07]"
D:\Uni\Ulm\Master\Hiwi-Forschung-und-Lehre\FairFace\detected_faces\136922_face0.jpg,White,White,Male,40-49,"[9.96853113e-01 3.05080448e-05 2.94670276e-03 6.01971124e-06
 1.24057915e-05 8.37899188e-06 1.42902747e-04]",[9.9928063e-01 3.1800315e-04 3.5742737e-04 4.3956799e-05],[9.9999863e-01 1.3859243e-06],"[1.9590752e-06 1.0351319e-05 1.1866817e-03 4.4791915e-02 3.1778690e-01
 4.9658269e-01 1.3783336e-01 1.7951691e-03 1.0903578e-05]"
D:\Uni\Ulm\Master\Hiwi-Forschung-und-Lehre\FairFace\detected_faces\136924_face0.jpg,White,White,Male,20-29,"[9.9891609e-01 2.7928692e-07 2.1874982e-04 7.9615984e-06 7.9034298e-06
 3.7719062e-07 8.4861589e-04]",[9.9995810e-01 9.2715600e-06 2.9193787e-05 3.4977702e-06],[9.9999964e-01 3.0354352e-07],"[1.9821506e-08 2.7925962e-05 1.2593719e-01 8.2492185e-01 4.7894195e-02
 1.2136730e-03 5.0677190e-06 4.1193818e-08 4.5946785e-10]"
D:\Uni\Ulm\Master\Hiwi-Forschung-und-Lehre\FairFace\detected_faces\136926_face0.jpg,Middle Eastern,White,Male,20-29,"[0.06224386 0.00124018 0.32789    0.00060649 0.00198424 0.00838072
 0.5976545 ]",[0.9537898  0.00868104 0.01970822 0.01782102],[9.9999887e-01 1.1757329e-06],"[1.3270659e-06 1.7336340e-04 5.3843297e-02 8.1877011e-01 1.2247359e-01
 4.6880292e-03 4.9190519e-05 1.0533969e-06 1.0951432e-08]"
D:\Uni\Ulm\Master\Hiwi-Forschung-und-Lehre\FairFace\detected_faces\136930_face0.jpg,Middle Eastern,White,Male,30-39,"[4.2631708e-02 2.8028185e-04 8.6429110e-03 6.3492471e-06 1.9122630e-05
 1.3620881e-04 9.4828343e-01]",[9.9543947e-01 2.4283906e-03 9.6761808e-04 1.1644432e-03],[9.9999750e-01 2.4584194e-06],"[2.7297642e-06 5.0584826e-05 2.0680386e-03 4.0204883e-01 5.6962729e-01
 2.6062030e-02 1.3874024e-04 1.8204850e-06 3.1789266e-08]"
D:\Uni\Ulm\Master\Hiwi-Forschung-und-Lehre\FairFace\detected_faces\136933_face0.jpg,White,White,Male,30-39,"[6.6689241e-01 6.5636926e-04 3.1121552e-02 5.4038588e-05 1.0791972e-04
 3.0828785e-04 3.0085939e-01]",[9.8432297e-01 1.2851452e-02 7.5909874e-04 2.0664758e-03],[9.9999976e-01 2.5653824e-07],"[4.4790118e-09 2.1872449e-07 1.6806625e-04 2.8022984e-01 7.0262241e-01
 1.6953468e-02 2.5852074e-05 1.0912779e-07 1.3252313e-09]"
D:\Uni\Ulm\Master\Hiwi-Forschung-und-Lehre\FairFace\detected_faces\136935_face0.jpg,White,White,Male,30-39,"[9.9999744e-01 6.2524053e-09 2.6078320e-07 6.0225869e-09 8.8294545e-09
 1.6382904e-09 2.3083680e-06]",[9.9999636e-01 1.9627801e-06 1.5929357e-06 1.4248899e-07],[9.9999923e-01 7.6427176e-07],"[5.99393104e-07 1.02882013e-05 4.16513113e-03 2.41996214e-01
 5.16099989e-01 2.22337082e-01 1.52147515e-02 1.74307148e-04
 1.67669089e-06]"
D:\Uni\Ulm\Master\Hiwi-Forschung-und-Lehre\FairFace\detected_faces\136947_face0.jpg,Middle Eastern,White,Male,20-29,"[2.5928700e-02 1.0500844e-03 4.9716912e-02 1.1348950e-05 7.5207492e-05
 4.1334216e-02 8.8188356e-01]",[0.60638887 0.01719333 0.00095827 0.3754595 ],[9.999455e-01 5.449716e-05],"[2.5622975e-07 1.3907191e-05 2.3754095e-03 5.9273636e-01 3.9748943e-01
 7.3653175e-03 1.9110126e-05 2.4495054e-07 3.9854946e-09]"
D:\Uni\Ulm\Master\Hiwi-Forschung-und-Lehre\FairFace\detected_faces\136976_face0.jpg,Middle Eastern,White,Male,30-39,"[0.23121884 0.00071702 0.32239348 0.00139882 0.00186045 0.0446893
 0.39772213]",[0.7150189  0.001028   0.00952342 0.27442956],[9.9991864e-01 8.1334678e-05],"[1.1326063e-06 1.4523564e-05 6.7273260e-04 2.6071504e-01 6.7300385e-01
 6.5118782e-02 4.7027602e-04 3.6172300e-06 8.5444739e-08]"
D:\Uni\Ulm\Master\Hiwi-Forschung-und-Lehre\FairFace\detected_faces\137017_face0.jpg,Latino_Hispanic,Black,Male,30-39,"[1.1215103e-02 2.2730921e-01 4.5121640e-01 4.2658336e-05 7.3418627e-04
 5.3617127e-02 2.5586528e-01]",[0.00878122 0.9532384  0.00161719 0.03636314],[1.0000000e+00 1.1863743e-08],"[3.7404352e-08 7.2070009e-07 9.7677018e-04 3.8964978e-01 5.5903447e-01
 4.9709704e-02 6.2428409e-04 4.1986837e-06 2.9888916e-08]"
D:\Uni\Ulm\Master\Hiwi-Forschung-und-Lehre\FairFace\detected_faces\137051_face0.jpg,White,White,Male,20-29,"[7.8739190e-01 2.1960253e-03 7.3935866e-02 2.6825906e-05 1.3034214e-04
 7.9652644e-05 1.3623941e-01]",[9.6224368e-01 3.7285443e-02 1.5024995e-04 3.2066237e-04],[9.999993e-01 7.637167e-07],"[6.4488091e-08 6.2418849e-06 2.7982306e-02 8.0088192e-01 1.6479804e-01
 6.2321741e-03 9.6895943e-05 2.4235248e-06 2.4786168e-08]"
D:\Uni\Ulm\Master\Hiwi-Forschung-und-Lehre\FairFace\detected_faces\137053_face0.jpg,White,White,Male,30-39,"[9.0427792e-01 1.1850884e-04 2.0209169e-03 5.9367801e-05 1.9216686e-04
 6.5764827e-05 9.3265407e-02]",[9.9886137e-01 4.0283747e-04 3.5275670e-04 3.8310574e-04],[9.9999958e-01 3.9268434e-07],"[9.1559032e-06 3.6267251e-05 7.8350562e-04 1.9589452e-01 7.1997327e-01
 8.1914388e-02 1.3291379e-03 5.7693869e-05 2.0464026e-06]"
D:\Uni\Ulm\Master\Hiwi-Forschung-und-Lehre\FairFace\detected_faces\137060_face0.jpg,White,White,Male,40-49,"[9.9344015e-01 5.2832162e-05 4.1629951e-03 6.0165976e-06 1.6047830e-05
 5.3551994e-05 2.2684699e-03]",[9.9778092e-01 1.5593031e-03 3.7477537e-05 6.2226597e-04],[9.9999899e-01 1.0439135e-06],"[1.5684923e-07 5.7263520e-07 2.4062625e-04 4.3376338e-02 2.8706321e-01
 4.5309457e-01 2.1005033e-01 6.0961111e-03 7.8067103e-05]"
D:\Uni\Ulm\Master\Hiwi-Forschung-und-Lehre\FairFace\detected_faces\137155_face0.jpg,White,White,Male,30-39,"[9.9922162e-01 2.2189811e-06 6.5836881e-05 4.4962630e-06 9.1425936e-06
 1.8757071e-06 6.9485290e-04]",[9.9974769e-01 1.2532849e-05 1.3129876e-04 1.0845662e-04],[9.9999970e-01 2.6899033e-07],"[3.1720783e-06 1.4494779e-05 1.3788148e-03 3.6467129e-01 5.6832176e-01
 6.3317671e-02 2.2296933e-03 6.1346378e-05 1.6582575e-06]"
D:\Uni\Ulm\Master\Hiwi-Forschung-und-Lehre\FairFace\detected_faces\137309_face0.jpg,Middle Eastern,Indian,Male,20-29,"[1.2683466e-03 1.0316644e-05 7.6602231e-04 8.6692571e-06 1.8223707e-05
 1.1394925e-03 9.9678892e-01]",[0.05338176 0.00500637 0.00759583 0.93401605],[9.999998e-01 1.590918e-07],"[2.3920356e-06 6.4526022e-05 4.8674601e-03 7.0736611e-01 2.7741164e-01
 1.0234708e-02 5.1890383e-05 1.2616954e-06 2.1475364e-08]"
D:\Uni\Ulm\Master\Hiwi-Forschung-und-Lehre\FairFace\detected_faces\137343_face0.jpg,White,White,Male,30-39,"[9.9074483e-01 6.9790360e-05 3.6072200e-03 1.7817272e-06 1.5331934e-05
 9.0249661e-05 5.4708635e-03]",[9.951696e-01 4.116881e-03 7.454336e-05 6.389661e-04],[1.000000e+00 5.533291e-08],"[2.0273907e-08 2.7807869e-07 1.9384082e-04 2.8868017e-01 6.6550511e-01
 4.5385372e-02 2.3341364e-04 1.7897037e-06 3.0350598e-08]"
D:\Uni\Ulm\Master\Hiwi-Forschung-und-Lehre\FairFace\detected_faces\137360_face0.jpg,White,White,Male,40-49,"[8.9854723e-01 3.3303825e-03 3.5138167e-02 1.0853161e-05 3.2134878e-05
 1.2616408e-03 6.1679538e-02]",[9.9127710e-01 7.7866986e-03 1.9525406e-04 7.4097706e-04],[9.999997e-01 3.321220e-07],"[5.8445357e-06 5.3053764e-06 5.4923396e-05 1.6868513e-02 3.8452226e-01
 5.3323942e-01 6.3324384e-02 1.9608964e-03 1.8433686e-05]"
D:\Uni\Ulm\Master\Hiwi-Forschung-und-Lehre\FairFace\detected_faces\137379_face0.jpg,White,White,Male,20-29,"[9.9161828e-01 1.4038949e-04 2.9986026e-03 4.5796523e-06 2.3506083e-05
 7.2142097e-06 5.2073919e-03]",[9.9553496e-01 3.8860128e-03 1.3350334e-04 4.4549108e-04],[9.9999964e-01 4.1608354e-07],"[9.4675393e-08 1.1385735e-05 1.8146574e-02 9.0945888e-01 7.1383134e-02
 9.9263468e-04 7.0598312e-06 1.7426926e-07 4.3665920e-09]"
D:\Uni\Ulm\Master\Hiwi-Forschung-und-Lehre\FairFace\detected_faces\137663_face0.jpg,Latino_Hispanic,White,Male,30-39,"[0.16209978 0.00115986 0.48970369 0.00383177 0.00572776 0.06079986
 0.27667734]",[0.7700089  0.00602465 0.06344084 0.16052558],[9.9998766e-01 1.2364771e-05],"[1.7573417e-05 7.4627918e-05 1.4739578e-03 3.0951312e-01 6.3198423e-01
 5.6221016e-02 7.0517760e-04 1.0117761e-05 1.8545869e-07]"
D:\Uni\Ulm\Master\Hiwi-Forschung-und-Lehre\FairFace\detected_faces\137664_face0.jpg,White,White,Male,30-39,"[9.9739790e-01 3.1119928e-06 4.5048472e-04 1.2489929e-06 4.2149381e-06
 1.2797883e-05 2.1303531e-03]",[9.9975413e-01 7.7750803e-05 3.1500211e-05 1.3666089e-04],[9.999572e-01 4.282724e-05],"[8.6547374e-08 2.6091313e-06 1.8680379e-04 2.9850039e-01 6.8442720e-01
 1.6848875e-02 3.3771805e-05 2.0150503e-07 5.5049250e-09]"
D:\Uni\Ulm\Master\Hiwi-Forschung-und-Lehre\FairFace\detected_faces\137665_face0.jpg,Middle Eastern,White,Male,30-39,"[1.6895415e-01 6.4795616e-04 1.2064410e-01 1.1234093e-04 4.2428562e-04
 3.7000403e-02 6.7221671e-01]",[0.93688256 0.0022975  0.00179902 0.0590209 ],[9.9998057e-01 1.9418887e-05],"[1.4915883e-06 5.7079425e-05 5.9383322e-04 1.9530214e-01 7.4654818e-01
 5.7282921e-02 2.1321261e-04 1.2296318e-06 2.0302879e-08]"
D:\Uni\Ulm\Master\Hiwi-Forschung-und-Lehre\FairFace\detected_faces\137667_face0.jpg,Middle Eastern,White,Male,20-29,"[2.8429288e-01 5.5991462e-03 2.7325737e-01 1.4925757e-04 6.1177270e-04
 6.0752914e-03 4.3001425e-01]",[0.92843914 0.02402743 0.00312578 0.04440763],[9.9999875e-01 1.2196158e-06],"[1.9755517e-07 9.1658958e-06 4.1602100e-03 7.6708555e-01 2.2643672e-01
 2.3018678e-03 6.2763365e-06 7.2389696e-08 1.0747262e-09]"
D:\Uni\Ulm\Master\Hiwi-Forschung-und-Lehre\FairFace\detected_faces\137673_face0.jpg,White,White,Male,30-39,"[5.0674248e-01 3.0573044e-04 1.5321611e-02 1.0311748e-05 6.1693303e-05
 1.1620815e-03 4.7639611e-01]",[0.9869554  0.00440673 0.00149184 0.00714604],[9.9998844e-01 1.1568194e-05],"[6.2867421e-06 9.3231829e-06 3.0086894e-04 8.6730339e-02 6.7992568e-01
 2.2413866e-01 8.6828982e-03 2.0123906e-04 4.6938512e-06]"
D:\Uni\Ulm\Master\Hiwi-Forschung-und-Lehre\FairFace\detected_faces\137692_face0.jpg,White,White,Male,20-29,"[9.8836052e-01 3.4316945e-06 3.2345855e-03 6.3298132e-05 8.9121953e-05
 2.6562606e-05 8.2225204e-03]",[9.9993175e-01 1.3863307e-05 3.8033639e-05 1.6329610e-05],[9.9999660e-01 3.3783115e-06],"[3.4631360e-06 5.0124986e-04 1.7734883e-02 7.1569473e-01 2.6131016e-01
 4.7305077e-03 2.4760557e-05 2.6637449e-07 6.9026544e-09]"
D:\Uni\Ulm\Master\Hiwi-Forschung-und-Lehre\FairFace\detected_faces\137698_face0.jpg,White,White,Male,20-29,"[9.8886603e-01 3.4929337e-06 1.4133556e-03 2.7368425e-05 4.3741944e-05
 2.8550094e-05 9.6173538e-03]",[9.9942946e-01 8.1936239e-05 2.3361114e-04 2.5492092e-04],[9.999956e-01 4.425269e-06],"[1.01948665e-07 1.82286385e-05 1.86269311e-03 6.28219128e-01
 3.66558790e-01 3.33785848e-03 3.24839925e-06 2.26299406e-08
 4.54790927e-10]"
D:\Uni\Ulm\Master\Hiwi-Forschung-und-Lehre\FairFace\detected_faces\137719_face0.jpg,White,White,Male,20-29,"[9.9541539e-01 5.6739682e-06 2.0224576e-04 5.9827323e-07 3.2111243e-06
 9.1775610e-06 4.3636602e-03]",[9.9958211e-01 3.6211804e-04 2.1957516e-05 3.3833934e-05],[9.9993074e-01 6.9264723e-05],"[2.9781518e-07 1.5638634e-05 2.1399795e-03 5.9796882e-01 3.9014092e-01
 9.6794581e-03 5.4369422e-05 5.3022836e-07 1.7412846e-08]"
D:\Uni\Ulm\Master\Hiwi-Forschung-und-Lehre\FairFace\detected_faces\137757_face0.jpg,White,White,Male,20-29,"[8.5592467e-01 2.2663204e-03 5.4290023e-02 3.6939109e-05 2.0679395e-04
 2.3122906e-04 8.7044135e-02]",[9.9575192e-01 3.9949571e-03 1.0978464e-04 1.4330950e-04],[9.9999988e-01 1.1316723e-07],"[3.1598155e-08 1.2528214e-05 1.1185024e-02 7.9789257e-01 1.8862312e-01
 2.2807764e-03 5.8926680e-06 7.3308051e-08 1.1081681e-09]"
D:\Uni\Ulm\Master\Hiwi-Forschung-und-Lehre\FairFace\detected_faces\137774_face0.jpg,White,White,Male,30-39,"[9.99897599e-01 1.14477980e-05 3.44154396e-05 1.97958661e-06
 1.12782545e-05 2.45787760e-06 4.09473214e-05]",[9.9546677e-01 4.4317357e-03 4.5255456e-05 5.6198325e-05],[9.9999976e-01 1.7350534e-07],"[1.9063723e-06 1.4763546e-05 1.3191192e-03 2.7880752e-01 5.5591327e-01
 1.4312151e-01 1.9841271e-02 9.3367544e-04 4.6830002e-05]"
D:\Uni\Ulm\Master\Hiwi-Forschung-und-Lehre\FairFace\detected_faces\137775_face0.jpg,Middle Eastern,White,Male,20-29,"[1.3168831e-01 1.6463337e-02 2.2594820e-01 2.0790520e-05 1.6051058e-04
 2.6366934e-03 6.2308222e-01]",[0.7636667  0.07932679 0.00349359 0.15351291],[9.999975e-01 2.560994e-06],"[5.1998222e-07 5.4469503e-05 2.1984994e-02 8.9901555e-01 7.8382619e-02
 5.5913732e-04 2.6590192e-06 6.4455350e-08 1.0996621e-09]"
D:\Uni\Ulm\Master\Hiwi-Forschung-und-Lehre\FairFace\detected_faces\137786_face0.jpg,Black,Black,Male,20-29,"[3.82900907e-07 9.99984682e-01 2.00279260e-06 6.60104593e-09
 7.47263798e-08 1.28250131e-05 1.03116896e-07]",[2.4381086e-07 9.9998271e-01 2.5170010e-07 1.6885815e-05],[9.9987298e-01 1.2706034e-04],"[3.1142225e-08 3.1553616e-06 5.2301353e-03 5.5522001e-01 3.8709337e-01
 5.0542518e-02 1.8787428e-03 3.0640866e-05 1.4113764e-06]"
D:\Uni\Ulm\Master\Hiwi-Forschung-und-Lehre\FairFace\detected_faces\137789_face0.jpg,White,White,Male,40-49,"[5.6887645e-01 6.1246748e-05 1.2223771e-02 1.2471589e-05 3.1135933e-05
 2.5721657e-04 4.1853771e-01]",[9.96810555e-01 8.38339547e-05 1.15738796e-04 2.98989145e-03],[9.9999797e-01 2.0457078e-06],"[5.3655340e-06 1.4638788e-05 6.3027994e-04 3.3516597e-02 4.5802495e-01
 4.7829187e-01 2.9222772e-02 2.9162853e-04 1.9199631e-06]"
D:\Uni\Ulm\Master\Hiwi-Forschung-und-Lehre\FairFace\detected_faces\137808_face0.jpg,White,White,Male,20-29,"[9.9749941e-01 1.1883314e-07 6.1334722e-05 1.2862720e-06 3.6144700e-06
 6.0921529e-06 2.4281014e-03]",[9.9986076e-01 2.6728096e-06 2.4299206e-05 1.1225895e-04],[9.9999863e-01 1.3689453e-06],"[3.0562781e-08 7.8860612e-06 1.6583728e-03 6.5575165e-01 3.3850175e-01
 4.0762625e-03 4.0301015e-06 1.3079849e-08 3.9555931e-10]"
D:\Uni\Ulm\Master\Hiwi-Forschung-und-Lehre\FairFace\detected_faces\137844_face0.jpg,White,White,Male,20-29,"[9.6751779e-01 3.8915418e-06 3.0640021e-03 3.7088899e-05 6.2179621e-05
 4.7352594e-05 2.9267656e-02]",[9.9792564e-01 1.3517749e-05 1.6113852e-04 1.8996914e-03],[9.999978e-01 2.180679e-06],"[1.7815495e-07 3.0691517e-05 8.8060722e-03 9.0880144e-01 8.1986569e-02
 3.7440905e-04 5.6617523e-07 8.5272749e-09 1.9407181e-10]"
D:\Uni\Ulm\Master\Hiwi-Forschung-und-Lehre\FairFace\detected_faces\137930_face0.jpg,White,White,Male,30-39,"[6.5566361e-01 1.2592659e-03 1.2999929e-01 2.3703480e-05 6.9719179e-05
 1.5676476e-02 1.9730787e-01]",[9.8759252e-01 7.9735694e-03 2.1854012e-04 4.2153765e-03],[9.9997538e-01 2.4650937e-05],"[3.4756906e-06 1.3878965e-05 1.0044544e-04 3.7088856e-02 7.1143335e-01
 2.4800402e-01 3.3387782e-03 1.6960867e-05 2.0194689e-07]"
D:\Uni\Ulm\Master\Hiwi-Forschung-und-Lehre\FairFace\detected_faces\137946_face0.jpg,White,White,Male,30-39,"[7.2363031e-01 1.3680350e-03 1.6966861e-01 6.0758593e-05 1.7414735e-04
 5.5086715e-03 9.9589415e-02]",[9.9196059e-01 2.1167166e-04 2.7353136e-04 7.5542340e-03],[9.9998814e-01 1.1843680e-05],"[5.6810637e-07 1.8073937e-05 8.4059598e-04 3.6426836e-01 6.1486262e-01
 1.9936502e-02 7.2832510e-05 3.6354993e-07 4.5894155e-09]"
D:\Uni\Ulm\Master\Hiwi-Forschung-und-Lehre\FairFace\detected_faces\137978_face0.jpg,Black,Black,Male,30-39,"[9.8448425e-07 9.9989390e-01 7.2524541e-05 2.4347207e-07 9.1236670e-06
 2.2802158e-05 3.7168684e-07]",[3.404525e-06 9.999815e-01 7.620137e-06 7.482505e-06],[9.9999684e-01 3.1727225e-06],"[1.5168994e-06 7.8512994e-06 9.1103098e-04 8.9173689e-02 5.4050827e-01
 3.4832442e-01 2.0778896e-02 2.8799783e-04 6.3628886e-06]"
D:\Uni\Ulm\Master\Hiwi-Forschung-und-Lehre\FairFace\detected_faces\137982_face0.jpg,Middle Eastern,White,Male,20-29,"[7.33778551e-02 4.51592170e-03 1.05397224e-01 2.85958413e-05
 1.30057291e-04 2.79865693e-02 7.88563788e-01]",[7.4612385e-01 3.2456268e-02 7.3155429e-04 2.2068830e-01],[9.9998754e-01 1.2457381e-05],"[1.9030024e-06 1.4884649e-04 5.8900844e-03 6.8492538e-01 3.0277479e-01
 6.2348084e-03 2.3394505e-05 7.9815356e-07 1.3918028e-08]"
D:\Uni\Ulm\Master\Hiwi-Forschung-und-Lehre\FairFace\detected_faces\137983_face0.jpg,Black,Black,Male,30-39,"[5.2988823e-03 8.1187850e-01 1.3709415e-01 1.1083606e-05 2.8254811e-04
 1.1885884e-02 3.3548940e-02]",[0.01992939 0.9634343  0.00170598 0.01493033],[9.9998564e-01 1.4397599e-05],"[5.5781684e-06 1.8362160e-04 5.0764852e-03 4.2604607e-01 5.4620558e-01
 2.2343917e-02 1.3654075e-04 2.1267952e-06 5.8819939e-08]"
D:\Uni\Ulm\Master\Hiwi-Forschung-und-Lehre\FairFace\detected_faces\138024_face0.jpg,White,White,Male,30-39,"[9.9796391e-01 4.8956837e-05 2.0010458e-04 6.6122703e-07 3.2949249e-06
 2.3338618e-05 1.7596694e-03]",[9.9536210e-01 2.3864971e-03 2.8118002e-04 1.9702006e-03],[9.9999857e-01 1.4769169e-06],"[1.4396765e-07 1.1239797e-06 2.8542310e-04 2.4493079e-01 6.3449913e-01
 1.1049048e-01 9.5618758e-03 2.2106104e-04 9.9720964e-06]"
D:\Uni\Ulm\Master\Hiwi-Forschung-und-Lehre\FairFace\detected_faces\138124_face0.jpg,White,White,Male,20-29,"[9.7994471e-01 4.2421688e-04 1.1189309e-02 1.4916237e-06 1.5298478e-05
 8.4842919e-05 8.3400570e-03]",[9.9951982e-01 3.7956116e-04 4.2182830e-05 5.8450962e-05],[9.9999958e-01 4.1385312e-07],"[5.5342554e-08 7.9513102e-06 8.1243161e-03 8.4266347e-01 1.4701378e-01
 2.1699355e-03 2.0169140e-05 2.8978104e-07 4.0735904e-09]"
D:\Uni\Ulm\Master\Hiwi-Forschung-und-Lehre\FairFace\detected_faces\138126_face0.jpg,Black,Black,Male,30-39,"[8.7800785e-05 8.7776071e-01 4.4236979e-03 1.1731992e-06 6.7411966e-05
 1.1463841e-01 3.0207559e-03]",[7.4712792e-05 9.8149019e-01 1.9726803e-04 1.8237811e-02],[9.999995e-01 4.777568e-07],"[2.6248497e-08 3.4264892e-06 1.0663973e-03 4.2521423e-01 5.5311549e-01
 2.0544136e-02 5.6022996e-05 2.6396495e-07 3.6734995e-09]"
D:\Uni\Ulm\Master\Hiwi-Forschung-und-Lehre\FairFace\detected_faces\138131_face0.jpg,White,White,Male,20-29,"[5.3957593e-01 2.0030749e-03 3.1442401e-01 3.3462106e-04 1.0168368e-03
 5.0730235e-04 1.4213826e-01]",[0.93987405 0.0377258  0.01253648 0.00986359],[9.9998957e-01 1.0423031e-05],"[1.0563525e-08 3.4861796e-06 5.8367107e-02 8.8471806e-01 5.6428190e-02
 4.8151930e-04 1.6239188e-06 1.8547361e-08 2.1718750e-10]"
D:\Uni\Ulm\Master\Hiwi-Forschung-und-Lehre\FairFace\detected_faces\138135_face0.jpg,White,White,Male,20-29,"[9.9995583e-01 1.5561724e-07 3.2777971e-06 4.5032917e-07 1.2037323e-06
 7.3532291e-08 3.8988739e-05]",[9.9993664e-01 4.6566238e-05 1.5934704e-05 8.5828492e-07],[9.9991965e-01 8.0312209e-05],"[4.7562537e-08 2.4071684e-05 5.1578186e-02 8.6750144e-01 7.9317890e-02
 1.5606517e-03 1.7410111e-05 2.7007064e-07 1.7014834e-08]"
D:\Uni\Ulm\Master\Hiwi-Forschung-und-Lehre\FairFace\detected_faces\138143_face0.jpg,Latino_Hispanic,White,Male,30-39,"[9.1377467e-02 1.5406058e-02 8.4201819e-01 4.7002555e-04 2.0738302e-03
 1.1533401e-02 3.7121031e-02]",[0.66751003 0.07580961 0.05581531 0.20086505],[9.9999654e-01 3.4324628e-06],"[1.1903251e-04 4.6159860e-04 1.5995333e-02 2.4400160e-01 4.8618191e-01
 2.1435107e-01 3.8150758e-02 7.3371624e-04 5.1093284e-06]"
D:\Uni\Ulm\Master\Hiwi-Forschung-und-Lehre\FairFace\detected_faces\138146_face0.jpg,Latino_Hispanic,White,Male,30-39,"[0.46298495 0.00201464 0.5038112  0.0104252  0.01387462 0.00097619
 0.00591316]",[0.9397903  0.01710361 0.04170981 0.00139632],[9.9998885e-01 1.1107357e-05],"[2.8167858e-07 2.6496868e-06 1.5185274e-03 2.0098431e-01 6.8780577e-01
 1.0708022e-01 2.5946549e-03 1.3449300e-05 7.6655674e-08]"
D:\Uni\Ulm\Master\Hiwi-Forschung-und-Lehre\FairFace\detected_faces\138149_face0.jpg,White,White,Male,20-29,"[9.87487018e-01 1.07243366e-04 3.63686378e-03 4.51924461e-06
 1.95703760e-05 2.57467946e-05 8.71892087e-03]",[9.9895144e-01 4.0204645e-04 1.6777586e-04 4.7871293e-04],[9.9999607e-01 3.9253923e-06],"[2.0066183e-08 6.8625877e-07 1.1662568e-03 6.1904150e-01 3.6687580e-01
 1.2777664e-02 1.3621661e-04 1.8813752e-06 3.9516596e-08]"
D:\Uni\Ulm\Master\Hiwi-Forschung-und-Lehre\FairFace\detected_faces\138150_face0.jpg,White,White,Male,30-39,"[9.9812722e-01 1.0932580e-05 9.4106654e-04 3.9125051e-05 4.6628287e-05
 2.0261163e-05 8.1486854e-04]",[9.9975425e-01 8.9788737e-05 8.4215477e-05 7.1709597e-05],[9.9995410e-01 4.5934226e-05],"[2.8803180e-07 1.2898026e-05 2.6154472e-03 4.7488689e-01 4.9087274e-01
 3.1317890e-02 2.9087061e-04 2.8320062e-06 1.0390307e-07]"
D:\Uni\Ulm\Master\Hiwi-Forschung-und-Lehre\FairFace\detected_faces\138151_face0.jpg,White,White,Male,20-29,"[5.1205611e-01 1.5599909e-04 2.8557543e-02 1.7216880e-05 4.8850405e-05
 6.7295489e-04 4.5849136e-01]",[9.9960881e-01 4.1576150e-05 1.3251277e-04 2.1711981e-04],[9.9999881e-01 1.2190724e-06],"[5.8409518e-05 5.7284050e-03 5.3566448e-02 7.5440550e-01 1.8204656e-01
 4.1726786e-03 2.1599943e-05 4.2851926e-07 7.8444513e-09]"
D:\Uni\Ulm\Master\Hiwi-Forschung-und-Lehre\FairFace\detected_faces\138152_face0.jpg,Middle Eastern,White,Male,20-29,"[2.5148341e-01 2.3504446e-04 1.4180531e-01 2.9757360e-04 8.1917335e-04
 6.3887802e-03 5.9897077e-01]",[9.9077922e-01 8.1987739e-05 5.2191806e-03 3.9195591e-03],[9.999607e-01 3.927314e-05],"[9.9006195e-07 7.1899965e-05 6.7700152e-03 8.4990460e-01 1.4248888e-01
 7.6197844e-04 1.5641081e-06 5.5419481e-08 1.1316036e-09]"
D:\Uni\Ulm\Master\Hiwi-Forschung-und-Lehre\FairFace\detected_faces\138154_face0.jpg,White,White,Male,20-29,"[7.9082477e-01 6.5654363e-05 1.5634907e-02 1.5541482e-05 7.1866787e-05
 4.9388723e-04 1.9289330e-01]",[9.87406075e-01 2.94082536e-04 4.48949606e-04 1.18508795e-02],[9.9999988e-01 1.5513459e-07],"[2.2963880e-09 1.2715557e-06 1.7575949e-02 9.2945081e-01 5.2570619e-02
 4.0028288e-04 1.0418104e-06 9.2645278e-09 8.0995287e-11]"
D:\Uni\Ulm\Master\Hiwi-Forschung-und-Lehre\FairFace\detected_faces\138156_face0.jpg,Middle Eastern,White,Male,30-39,"[4.3983825e-02 7.0650340e-04 1.4174195e-01 1.4283558e-04 4.5964273e-04
 3.8401932e-02 7.7456337e-01]",[0.58984184 0.02560692 0.00588667 0.37866455],[9.9991596e-01 8.4099789e-05],"[4.1700746e-06 3.4864064e-05 1.7632573e-03 2.0141043e-01 6.7006242e-01
 1.2380766e-01 2.8847235e-03 3.1808915e-05 6.3274359e-07]"
D:\Uni\Ulm\Master\Hiwi-Forschung-und-Lehre\FairFace\detected_faces\138159_face0.jpg,Latino_Hispanic,White,Male,30-39,"[0.22949953 0.00107035 0.7444931  0.00082309 0.00218944 0.00206168
 0.01986274]",[0.9491851  0.00261235 0.01803394 0.03016867],[9.9999976e-01 2.6171045e-07],"[1.49191601e-06 4.08198466e-05 1.14993015e-02 2.81499565e-01
 5.41779101e-01 1.56468153e-01 8.58106557e-03 1.29735970e-04
 7.15902843e-07]"
D:\Uni\Ulm\Master\Hiwi-Forschung-und-Lehre\FairFace\detected_faces\138165_face0.jpg,Latino_Hispanic,Black,Male,20-29,"[1.8252878e-02 3.4952413e-02 4.7759792e-01 3.7992802e-05 4.7244242e-04
 1.5808489e-02 4.5287791e-01]",[0.21358112 0.45878464 0.02555693 0.30207732],[9.9999994e-01 5.2768520e-08],"[3.5996109e-07 1.3005195e-05 2.2167517e-03 5.5087876e-01 4.2797053e-01
 1.8860498e-02 5.9317121e-05 8.5545122e-07 7.5902404e-09]"
D:\Uni\Ulm\Master\Hiwi-Forschung-und-Lehre\FairFace\detected_faces\138261_face0.jpg,White,White,Male,30-39,"[6.5400451e-01 1.0433181e-03 2.4769768e-01 8.6778993e-05 3.4407602e-04
 6.8821190e-03 8.9941531e-02]",[0.9778313  0.00604381 0.00495806 0.0111668 ],[9.9987322e-01 1.2680238e-04],"[2.1559676e-06 9.8411174e-06 8.2275370e-04 8.9735143e-02 6.0518157e-01
 2.9568350e-01 8.4343031e-03 1.2907828e-04 1.6849772e-06]"
D:\Uni\Ulm\Master\Hiwi-Forschung-und-Lehre\FairFace\detected_faces\138310_face0.jpg,Black,Black,Male,20-29,"[5.7419417e-03 6.9260156e-01 1.9141489e-01 2.5166710e-05 5.0202833e-04
 2.7350981e-02 8.2363330e-02]",[2.3984534e-03 9.4664007e-01 4.2603319e-04 5.0535467e-02],[1.0000000e+00 1.0809539e-09],"[1.5503204e-08 2.1960432e-06 2.6305087e-03 5.7394344e-01 4.0451390e-01
 1.8786799e-02 1.2194751e-04 1.1586365e-06 8.5277998e-09]"
D:\Uni\Ulm\Master\Hiwi-Forschung-und-Lehre\FairFace\detected_faces\138381_face0.jpg,Middle Eastern,White,Male,20-29,"[6.8079032e-02 4.9558573e-04 1.8324827e-01 1.7569859e-04 7.3188252e-04
 2.6370998e-02 7.2089851e-01]",[0.565252   0.0337479  0.00956464 0.39143544],[9.999153e-01 8.466941e-05],"[6.4423148e-07 2.6411835e-05 2.8246765e-03 6.4626932e-01 3.4366354e-01
 7.1997512e-03 1.5483385e-05 2.2427578e-07 3.9215986e-09]"
D:\Uni\Ulm\Master\Hiwi-Forschung-und-Lehre\FairFace\detected_faces\138383_face0.jpg,Middle Eastern,White,Male,20-29,"[3.53768200e-01 1.02770282e-05 3.04876380e-02 1.08029664e-04
 1.96455992e-04 4.72022570e-04 6.14957333e-01]",[9.9877799e-01 1.1087639e-04 1.4493569e-04 9.6622290e-04],[9.99999940e-01 1.07692244e-07],"[3.8082730e-06 3.3993712e-03 2.2497976e-01 7.2876626e-01 4.2366203e-02
 4.8353328e-04 1.1188168e-06 2.1965198e-08 2.3803826e-10]"
D:\Uni\Ulm\Master\Hiwi-Forschung-und-Lehre\FairFace\detected_faces\138387_face0.jpg,White,White,Male,30-39,"[0.55483824 0.00103926 0.17492543 0.00388905 0.00516759 0.00414855
 0.25599185]",[9.9609166e-01 1.3362116e-03 1.9016698e-03 6.7047018e-04],[9.9987799e-01 1.2206676e-04],"[5.9222464e-07 2.5694994e-06 6.2069757e-04 2.4798781e-01 6.9971561e-01
 5.0861314e-02 8.0251705e-04 8.7308090e-06 1.7877234e-07]"
D:\Uni\Ulm\Master\Hiwi-Forschung-und-Lehre\FairFace\detected_faces\138388_face0.jpg,White,White,Male,20-29,"[9.5777929e-01 1.6911127e-06 7.2675257e-04 1.9880290e-04 2.1930919e-04
 3.2874716e-05 4.1041337e-02]",[9.8488182e-01 4.0232833e-05 1.4694642e-02 3.8327789e-04],[1.0000000e+00 1.1959158e-09],"[8.1858280e-09 2.8296213e-06 3.1847149e-02 9.2647725e-01 4.1338854e-02
 3.3251740e-04 1.2765098e-06 2.3542125e-08 1.3198671e-10]"
D:\Uni\Ulm\Master\Hiwi-Forschung-und-Lehre\FairFace\detected_faces\138390_face0.jpg,Middle Eastern,White,Male,30-39,"[4.1499704e-01 4.7631348e-03 1.1875035e-01 1.4078887e-05 3.7451529e-05
 8.4672831e-03 4.5297059e-01]",[9.9814057e-01 6.4659020e-04 1.8466802e-05 1.1944072e-03],[9.9999595e-01 4.0779810e-06],"[1.9844142e-06 7.3388060e-06 8.2113787e-05 6.9516093e-02 7.8366274e-01
 1.4554863e-01 1.1738054e-03 7.1229997e-06 7.9217600e-08]"
D:\Uni\Ulm\Master\Hiwi-Forschung-und-Lehre\FairFace\detected_faces\138394_face0.jpg,Middle Eastern,Indian,Male,30-39,"[4.2926773e-02 8.0855647e-03 1.6943255e-01 3.9117946e-05 1.9282391e-04
 6.4081058e-02 7.1524209e-01]",[0.03997931 0.02285834 0.00215986 0.9350025 ],[9.9999839e-01 1.6084346e-06],"[5.5201963e-07 2.8659888e-06 6.6640692e-05 3.2021660e-02 6.4916563e-01
 3.1562126e-01 3.1047228e-03 1.6637316e-05 1.4791864e-07]"
D:\Uni\Ulm\Master\Hiwi-Forschung-und-Lehre\FairFace\detected_faces\138463_face0.jpg,White,White,Male,20-29,"[9.9954289e-01 3.1868106e-07 2.0141746e-05 1.9434885e-06 4.8377847e-06
 1.6436985e-07 4.2970685e-04]",[9.9998128e-01 3.6053859e-06 1.4862098e-05 3.0453575e-07],[9.9990302e-01 9.7007265e-05],"[5.4299392e-07 8.8363056e-05 6.6054396e-02 7.6936340e-01 1.5434803e-01
 9.9898046e-03 1.5196348e-04 3.3883500e-06 1.5631215e-07]"
D:\Uni\Ulm\Master\Hiwi-Forschung-und-Lehre\FairFace\detected_faces\138466_face0.jpg,White,White,Male,10-19,"[9.6521443e-01 1.7522283e-06 3.1287738e-03 1.0024368e-04 1.0029838e-04
 7.5705289e-06 3.1446885e-02]",[9.9622381e-01 3.7933722e-05 3.6956372e-03 4.2605636e-05],[9.999928e-01 7.216208e-06],"[1.57051616e-08 1.20027915e-04 5.56911111e-01 4.39315975e-01
 3.61287314e-03 3.98888551e-05 1.03728532e-07 1.50971491e-09
 2.95865311e-11]"
D:\Uni\Ulm\Master\Hiwi-Forschung-und-Lehre\FairFace\detected_faces\138491_face0.jpg,White,White,Male,20-29,"[9.7204113e-01 2.0094145e-04 1.5342695e-02 2.8194581e-05 3.7487047e-05
 5.1168179e-05 1.2298352e-02]",[9.9885815e-01 5.5032590e-04 4.5554386e-04 1.3597521e-04],[9.9999982e-01 1.4869815e-07],"[1.5489357e-07 5.1135794e-06 1.2340290e-02 8.1175542e-01 1.6780850e-01
 7.9595130e-03 1.2917361e-04 1.8344444e-06 1.4039524e-08]"
D:\Uni\Ulm\Master\Hiwi-Forschung-und-Lehre\FairFace\detected_faces\138530_face0.jpg,White,White,Male,30-39,"[9.9999321e-01 8.3490024e-09 1.4110624e-07 6.0579000e-09 2.4776405e-08
 9.0853032e-09 6.6588909e-06]",[9.999223e-01 2.275061e-05 4.897697e-05 6.060228e-06],[9.9999899e-01 1.0160453e-06],"[1.93215712e-07 1.56054848e-05 2.05680076e-03 3.24538320e-01
 5.61075509e-01 1.10039756e-01 2.25471403e-03 1.81181822e-05
 8.84518727e-07]"
D:\Uni\Ulm\Master\Hiwi-Forschung-und-Lehre\FairFace\detected_faces\138531_face0.jpg,Black,Black,Male,30-39,"[8.0708507e-03 9.0715235e-01 6.8998627e-02 1.4589675e-04 1.1970184e-03
 4.5258608e-03 9.9093942e-03]",[2.3989168e-03 9.9544108e-01 1.3633568e-03 7.9667964e-04],[9.9988347e-01 1.1653178e-04],"[4.4612525e-06 4.5955985e-05 8.3421590e-04 2.1966060e-01 6.8875784e-01
 8.9546546e-02 1.1345478e-03 1.5330848e-05 5.3304376e-07]"
D:\Uni\Ulm\Master\Hiwi-Forschung-und-Lehre\FairFace\detected_faces\138534_face0.jpg,Black,Black,Male,30-39,"[9.0930615e-07 9.9991149e-01 7.5019307e-05 7.3812977e-08 2.2138797e-06
 9.4261432e-06 8.2546342e-07]",[3.5994397e-06 9.9977458e-01 1.7453695e-04 4.7285328e-05],[9.999934e-01 6.600031e-06],"[1.7073863e-07 1.5359460e-06 1.5247078e-04 5.9179720e-02 5.9987760e-01
 3.2392526e-01 1.6655233e-02 2.0138267e-04 6.6127659e-06]"
D:\Uni\Ulm\Master\Hiwi-Forschung-und-Lehre\FairFace\detected_faces\138546_face0.jpg,White,White,Male,20-29,"[9.98571992e-01 1.02093625e-04 6.86716812e-04 3.79679159e-06
 3.04776167e-05 3.39571216e-06 6.01560809e-04]",[9.9950987e-01 3.7419228e-04 5.9603604e-05 5.6324716e-05],[9.999367e-01 6.334115e-05],"[5.8839362e-08 5.1765701e-06 1.0418432e-02 6.9671726e-01 2.7348194e-01
 1.8764097e-02 5.9388677e-04 1.8486775e-05 6.5659992e-07]"
D:\Uni\Ulm\Master\Hiwi-Forschung-und-Lehre\FairFace\detected_faces\138572_face0.jpg,White,White,Male,30-39,"[5.1862174e-01 2.5054562e-04 8.8930413e-02 1.8076268e-04 3.5684824e-04
 1.6300807e-03 3.9002955e-01]",[0.99162316 0.00233374 0.00393179 0.00211125],[9.999953e-01 4.752233e-06],"[5.3924036e-06 6.9598856e-05 1.3544997e-03 1.6915302e-01 7.0571035e-01
 1.2224857e-01 1.4412876e-03 1.7097298e-05 1.7294703e-07]"
D:\Uni\Ulm\Master\Hiwi-Forschung-und-Lehre\FairFace\detected_faces\138573_face0.jpg,White,White,Male,30-39,"[8.7083006e-01 1.9178692e-04 3.2086059e-02 3.8950751e-05 9.9671764e-05
 4.0034298e-03 9.2750087e-02]",[0.8790413  0.01085148 0.00120404 0.10890321],[9.9998480e-01 1.5227673e-05],"[3.1189911e-06 3.7461428e-05 1.5969069e-03 2.4740605e-01 6.6504347e-01
 8.3748385e-02 2.1385660e-03 2.5586156e-05 4.7723159e-07]"
D:\Uni\Ulm\Master\Hiwi-Forschung-und-Lehre\FairFace\detected_faces\138605_face0.jpg,White,White,Male,20-29,"[9.7690141e-01 1.8317130e-04 1.1931890e-02 1.5342250e-04 3.7112838e-04
 1.3855231e-04 1.0320377e-02]",[0.9812214  0.00857022 0.00616888 0.00403949],[9.9999994e-01 8.1640060e-08],"[1.3706011e-06 1.1054633e-04 6.0446295e-03 6.9372636e-01 2.9230502e-01
 7.7722347e-03 3.9425064e-05 4.3630217e-07 8.2328846e-09]"
D:\Uni\Ulm\Master\Hiwi-Forschung-und-Lehre\FairFace\detected_faces\138613_face0.jpg,White,White,Male,40-49,"[9.9751383e-01 2.3263186e-05 8.1725972e-04 1.2976784e-06 4.0840896e-06
 1.0247946e-05 1.6301032e-03]",[9.9925083e-01 6.3574797e-04 1.3719644e-05 9.9700272e-05],[9.999980e-01 1.991277e-06],"[5.2308877e-07 2.4792203e-06 7.3194376e-04 7.1012773e-02 3.3232036e-01
 5.1293349e-01 8.1712760e-02 1.2760342e-03 9.6607628e-06]"
D:\Uni\Ulm\Master\Hiwi-Forschung-und-Lehre\FairFace\detected_faces\138765_face0.jpg,White,White,Male,30-39,"[9.9552202e-01 3.8133935e-06 5.8610260e-04 1.1473562e-06 2.4905257e-06
 6.8251461e-06 3.8777117e-03]",[9.9988854e-01 3.4106035e-06 9.7271557e-05 1.0801256e-05],[9.9998736e-01 1.2611479e-05],"[9.4957180e-08 4.1936728e-06 3.8430569e-04 4.0928796e-01 5.7793081e-01
 1.2358710e-02 3.3694345e-05 2.1399848e-07 4.6488169e-09]"
D:\Uni\Ulm\Master\Hiwi-Forschung-und-Lehre\FairFace\detected_faces\138827_face0.jpg,Latino_Hispanic,White,Male,20-29,"[1.1654307e-01 5.0939163e-03 8.1916791e-01 1.0084074e-04 1.0021679e-03
 1.3657673e-02 4.4434436e-02]",[0.4637448  0.25321102 0.01162915 0.27141505],[9.9999976e-01 2.2232007e-07],"[8.36472438e-08 4.77518006e-06 6.20345213e-03 8.67822766e-01
 1.24735363e-01 1.22687838e-03 6.52703511e-06 1.17752904e-07
 1.71884429e-09]"
D:\Uni\Ulm\Master\Hiwi-Forschung-und-Lehre\FairFace\detected_faces\138828_face0.jpg,Black,Black,Male,30-39,"[5.6237359e-06 9.9985260e-01 2.6494305e-05 9.0176488e-09 1.8506350e-07
 6.2192070e-05 5.2951487e-05]",[9.6389804e-06 9.9988908e-01 2.8352299e-05 7.2928757e-05],[9.9999934e-01 6.2782755e-07],"[1.3355050e-06 1.5141128e-05 6.6896359e-04 6.8642601e-02 5.2735907e-01
 3.8922888e-01 1.3943052e-02 1.3733933e-04 3.6915883e-06]"
D:\Uni\Ulm\Master\Hiwi-Forschung-und-Lehre\FairFace\detected_faces\138830_face0.jpg,Black,Black,Male,20-29,"[1.4861171e-05 9.9348527e-01 1.6325766e-03 1.7856939e-06 7.6927674e-05
 4.7642151e-03 2.4291616e-05]",[9.9990611e-06 9.9096179e-01 3.0176115e-04 8.7264841e-03],[9.9998814e-01 1.1908532e-05],"[3.7624754e-06 4.7336300e-04 6.4241052e-02 6.4310938e-01 2.5599810e-01
 3.4760922e-02 1.3668819e-03 4.5257588e-05 1.2948752e-06]"
D:\Uni\Ulm\Master\Hiwi-Forschung-und-Lehre\FairFace\detected_faces\138833_face0.jpg,Latino_Hispanic,Black,Male,30-39,"[1.9820301e-02 3.2393149e-01 4.5859709e-01 3.2299693e-04 3.7524044e-03
 4.0544090e-03 1.8952125e-01]",[0.00286661 0.9810042  0.01223486 0.00389431],[9.9999839e-01 1.5661665e-06],"[6.6816629e-06 8.1755250e-05 2.7005642e-03 3.5699573e-01 5.8339041e-01
 5.5827282e-02 9.8215253e-04 1.4952305e-05 4.6193517e-07]"
D:\Uni\Ulm\Master\Hiwi-Forschung-und-Lehre\FairFace\detected_faces\138836_face0.jpg,White,White,Male,20-29,"[9.9866956e-01 8.2115375e-06 1.1630537e-03 5.0394292e-06 1.5519179e-05
 6.6808516e-06 1.3205431e-04]",[9.9976194e-01 1.3958791e-04 6.7941517e-05 3.0622152e-05],[9.9999976e-01 2.5741565e-07],"[1.3887651e-06 3.9701205e-04 6.9142371e-02 7.2233987e-01 1.9910762e-01
 8.8946158e-03 1.1597051e-04 1.2359544e-06 3.2340107e-08]"
D:\Uni\Ulm\Master\Hiwi-Forschung-und-Lehre\FairFace\detected_faces\138837_face0.jpg,Black,Black,Male,20-29,"[4.9416521e-08 9.9998641e-01 1.1630320e-06 7.8679205e-09 1.7861883e-07
 1.2186161e-05 1.2072136e-08]",[2.0056863e-08 9.9999642e-01 5.4775830e-07 2.9424011e-06],[0.83670026 0.1632997 ],"[1.9334742e-08 1.0500469e-05 1.1774235e-02 6.5438801e-01 3.1903952e-01
 1.4618527e-02 1.6816698e-04 9.1081569e-07 3.1657258e-08]"
D:\Uni\Ulm\Master\Hiwi-Forschung-und-Lehre\FairFace\detected_faces\138890_face0.jpg,White,White,Male,20-29,"[8.4085107e-01 4.3919220e-04 8.1044570e-02 2.5239087e-05 1.2177115e-04
 8.6581735e-03 6.8859965e-02]",[8.8349354e-01 4.0962663e-04 3.0526565e-04 1.1579152e-01],[9.9999958e-01 3.9626133e-07],"[4.0290281e-08 4.0240993e-06 4.6693543e-03 8.4166270e-01 1.5244721e-01
 1.2130301e-03 3.4526581e-06 7.8896576e-08 9.9067543e-10]"
D:\Uni\Ulm\Master\Hiwi-Forschung-und-Lehre\FairFace\detected_faces\138891_face0.jpg,Black,Black,Male,20-29,"[0.00539769 0.65917724 0.26627898 0.00176482 0.03049511 0.03458934
 0.00229688]",[7.1182888e-04 9.7681922e-01 5.5022319e-03 1.6966682e-02],[9.9986297e-01 1.3705587e-04],"[1.9525528e-07 2.9951754e-05 3.2422852e-02 8.2914764e-01 1.3322616e-01
 5.1230420e-03 4.9328151e-05 7.2802442e-07 2.3294891e-08]"
D:\Uni\Ulm\Master\Hiwi-Forschung-und-Lehre\FairFace\detected_faces\138892_face0.jpg,Middle Eastern,White,Male,30-39,"[2.1248792e-01 5.0022071e-03 1.7377430e-01 5.9146172e-05 1.6893198e-04
 1.7666935e-03 6.0674077e-01]",[9.4903874e-01 3.7152007e-02 4.5296332e-04 1.3356322e-02],[9.999991e-01 8.746877e-07],"[8.2680344e-07 1.3318344e-05 3.4365070e-03 4.7271287e-01 4.9162000e-01
 3.1711329e-02 4.9563969e-04 9.4022562e-06 8.4414239e-08]"
D:\Uni\Ulm\Master\Hiwi-Forschung-und-Lehre\FairFace\detected_faces\139094_face0.jpg,White,White,Male,30-39,"[8.6994201e-01 5.9975864e-05 2.1795005e-02 5.1850756e-04 7.6999381e-04
 9.1680151e-04 1.0599772e-01]",[9.3448120e-01 8.0194161e-04 4.4395775e-02 2.0321045e-02],[9.9990195e-01 9.8002070e-05],"[1.64061169e-06 7.99743066e-06 4.32720088e-04 1.16188884e-01
 7.41170585e-01 1.38490513e-01 3.61839775e-03 8.77635539e-05
 1.47926585e-06]"
D:\Uni\Ulm\Master\Hiwi-Forschung-und-Lehre\FairFace\detected_faces\139097_face0.jpg,White,White,Male,20-29,"[9.0487939e-01 6.6473993e-04 4.1792630e-03 7.6990682e-06 2.7064354e-05
 2.5387588e-05 9.0216592e-02]",[9.7103351e-01 2.8459635e-02 7.2972151e-05 4.3382161e-04],[9.9999309e-01 6.9520884e-06],"[1.1327688e-07 1.5174054e-05 7.5626173e-03 7.3024684e-01 2.5858247e-01
 3.5817532e-03 1.0955320e-05 1.0959171e-07 2.7215206e-09]"
D:\Uni\Ulm\Master\Hiwi-Forschung-und-Lehre\FairFace\detected_faces\139152_face0.jpg,White,White,Male,30-39,"[9.6756226e-01 9.2645460e-05 1.1459304e-02 2.9154619e-06 1.0545634e-05
 3.5340647e-04 2.0518966e-02]",[9.98891592e-01 1.12003334e-04 1.86779616e-05 9.77820368e-04],[9.999728e-01 2.723437e-05],"[7.53623652e-08 1.94588210e-06 1.09531036e-04 7.13614523e-02
 7.84997940e-01 1.42619029e-01 9.06866102e-04 3.06904985e-06
 4.02607476e-08]"
D:\Uni\Ulm\Master\Hiwi-Forschung-und-Lehre\FairFace\detected_faces\139225_face0.jpg,Black,Black,Male,30-39,"[4.1458236e-07 9.9999857e-01 8.0365550e-07 4.8991533e-10 2.5717937e-09
 1.4537433e-07 5.5059054e-08]",[4.2216769e-07 9.9999928e-01 7.2583042e-08 1.8389855e-07],[9.9994403e-01 5.6000528e-05],"[3.1448684e-07 1.9492642e-05 1.7409826e-03 2.9774612e-01 5.8068264e-01
 1.1668998e-01 3.0755259e-03 4.1752588e-05 3.2435571e-06]"
D:\Uni\Ulm\Master\Hiwi-Forschung-und-Lehre\FairFace\detected_faces\139227_face0.jpg,Black,Black,Male,20-29,"[9.7481052e-07 9.9995828e-01 9.4761535e-06 1.2690668e-08 1.7876545e-07
 3.0064053e-05 8.9631806e-07]",[3.5412004e-06 9.9996561e-01 8.9225767e-07 2.9920075e-05],[9.9990124e-01 9.8767938e-05],"[3.5199824e-07 4.1046547e-05 1.2121471e-02 4.7643784e-01 4.3651125e-01
 7.1124211e-02 3.6172715e-03 1.3979257e-04 6.7158271e-06]"
D:\Uni\Ulm\Master\Hiwi-Forschung-und-Lehre\FairFace\detected_faces\139228_face0.jpg,Black,Black,Male,30-39,"[2.4512298e-07 9.9998587e-01 2.6009748e-06 5.1219695e-10 2.0134921e-08
 1.0480278e-05 7.7590317e-07]",[5.7465576e-07 9.9999553e-01 1.4063582e-07 3.7586888e-06],[9.9999994e-01 8.9371660e-08],"[8.4950926e-09 4.9632314e-07 5.4679497e-04 4.3143377e-01 5.4776263e-01
 2.0182669e-02 7.3167750e-05 4.1137216e-07 9.5440145e-09]"
D:\Uni\Ulm\Master\Hiwi-Forschung-und-Lehre\FairFace\detected_faces\139229_face0.jpg,Black,Black,Male,20-29,"[1.0934494e-06 9.9996924e-01 1.0224832e-05 9.6958486e-09 1.7924640e-07
 1.8639437e-05 6.0172533e-07]",[1.4982045e-07 9.9999428e-01 6.0211698e-07 4.8898974e-06],[9.9993253e-01 6.7454195e-05],"[4.5801617e-08 3.3119341e-05 1.3555912e-02 7.3954594e-01 2.4322887e-01
 3.6264393e-03 9.6563981e-06 6.3221478e-08 2.6973042e-09]"
D:\Uni\Ulm\Master\Hiwi-Forschung-und-Lehre\FairFace\detected_faces\139235_face0.jpg,Black,Black,Male,30-39,"[4.1505302e-07 9.9999428e-01 3.8364360e-06 8.3342094e-10 9.3002859e-09
 9.5706321e-07 5.0898552e-07]",[6.8809294e-07 9.9999750e-01 3.4895103e-07 1.4757330e-06],[9.9999934e-01 6.2386385e-07],"[7.1450438e-07 4.8370715e-05 1.8113363e-03 4.0876448e-01 5.4202229e-01
 4.7228742e-02 1.2341958e-04 6.3749167e-07 2.2941505e-08]"
D:\Uni\Ulm\Master\Hiwi-Forschung-und-Lehre\FairFace\detected_faces\139245_face0.jpg,White,White,Male,20-29,"[7.9188293e-01 8.8577850e-05 1.0711360e-02 6.2677268e-06 2.0684667e-05
 2.3118667e-04 1.9705895e-01]",[9.9333632e-01 5.7837152e-04 2.6028496e-04 5.8249999e-03],[9.9996632e-01 3.3630353e-05],"[1.2892483e-06 4.7021305e-05 5.0721797e-03 6.6557002e-01 3.2137102e-01
 7.9054460e-03 3.2704920e-05 3.9843141e-07 6.5855508e-09]"
D:\Uni\Ulm\Master\Hiwi-Forschung-und-Lehre\FairFace\detected_faces\139250_face0.jpg,Middle Eastern,White,Male,30-39,"[1.91263825e-01 1.00176410e-04 1.22291625e-01 7.96205597e-04
 1.22505811e-03 3.03698820e-03 6.81286037e-01]",[9.8741072e-01 5.9539962e-05 1.1371749e-02 1.1580486e-03],[9.999246e-01 7.545714e-05],"[9.6710255e-06 1.3051258e-04 2.6753990e-03 4.1354409e-01 5.6368786e-01
 1.9882211e-02 6.9173431e-05 1.0864759e-06 1.7758547e-08]"
D:\Uni\Ulm\Master\Hiwi-Forschung-und-Lehre\FairFace\detected_faces\139254_face0.jpg,White,White,Male,20-29,"[7.7157468e-01 2.0325235e-04 9.6522361e-02 2.8774595e-05 1.2209418e-04
 9.8893046e-04 1.3055994e-01]",[9.8910165e-01 4.8955232e-03 3.8840499e-04 5.6143967e-03],[9.9999982e-01 1.4170315e-07],"[1.0903139e-08 7.4137245e-07 8.2802202e-04 6.1409420e-01 3.8113925e-01
 3.9338437e-03 3.8542994e-06 2.5516051e-08 2.1365903e-10]"
D:\Uni\Ulm\Master\Hiwi-Forschung-und-Lehre\FairFace\detected_faces\139256_face0.jpg,White,White,Male,20-29,"[9.7659624e-01 1.5516064e-04 4.7816886e-03 7.3901970e-06 5.9825292e-05
 3.2736836e-05 1.8367015e-02]",[9.9192989e-01 6.7472849e-03 6.7829964e-04 6.4455229e-04],[9.999914e-01 8.557050e-06],"[4.7786923e-08 7.4526047e-06 7.7648140e-03 6.8808293e-01 2.9441229e-01
 9.5813032e-03 1.4925275e-04 1.9730314e-06 3.3702040e-08]"
D:\Uni\Ulm\Master\Hiwi-Forschung-und-Lehre\FairFace\detected_faces\139261_face0.jpg,White,White,Male,20-29,"[8.3974606e-01 8.3681000e-05 9.0036571e-02 1.2146126e-04 4.1657858e-04
 5.2255869e-04 6.9073051e-02]",[9.986462e-01 7.864146e-05 3.426183e-04 9.325572e-04],[9.9999934e-01 6.5991827e-07],"[5.0861169e-09 2.8179429e-07 1.1892703e-03 5.3040636e-01 4.5905206e-01
 9.3300678e-03 2.1845901e-05 9.9291775e-08 8.4249430e-10]"
D:\Uni\Ulm\Master\Hiwi-Forschung-und-Lehre\FairFace\detected_faces\139262_face0.jpg,White,White,Male,20-29,"[9.6832842e-01 2.3937300e-05 3.2100119e-03 6.7682396e-07 2.9327166e-06
 3.1822499e-06 2.8430834e-02]",[9.9942863e-01 5.6294750e-05 1.3858694e-04 3.7655295e-04],[9.999954e-01 4.601836e-06],"[1.9928239e-09 7.7484844e-07 2.7052483e-02 9.1058475e-01 6.0695633e-02
 1.6559890e-03 1.0234332e-05 6.5365647e-08 5.2597859e-10]"
D:\Uni\Ulm\Master\Hiwi-Forschung-und-Lehre\FairFace\detected_faces\139267_face0.jpg,White,White,Male,30-39,"[4.3064833e-01 4.9894680e-03 2.0082073e-01 6.9221445e-05 2.1873461e-04
 3.9980761e-03 3.5925540e-01]",[0.9839976  0.00574818 0.00114497 0.00910918],[9.9999863e-01 1.3422336e-06],"[1.27864305e-05 3.80483616e-05 1.01636339e-03 1.12601817e-01
 6.68268979e-01 2.10120112e-01 7.78106414e-03 1.58879877e-04
 1.86792317e-06]"
D:\Uni\Ulm\Master\Hiwi-Forschung-und-Lehre\FairFace\detected_faces\139271_face0.jpg,Middle Eastern,White,Male,30-39,"[1.9926444e-01 2.8720710e-03 5.5463608e-02 3.4498946e-06 2.9188230e-05
 1.6400388e-02 7.2596693e-01]",[7.9449481e-01 4.3897104e-02 6.6877627e-05 1.6154116e-01],[9.9980175e-01 1.9821209e-04],"[4.8103595e-07 3.3604915e-06 1.1001009e-04 3.8580313e-02 7.3763245e-01
 2.2108287e-01 2.5715777e-03 1.8579150e-05 3.2102324e-07]"
D:\Uni\Ulm\Master\Hiwi-Forschung-und-Lehre\FairFace\detected_faces\139272_face0.jpg,Middle Eastern,White,Male,30-39,"[4.9249690e-02 1.8293101e-03 3.8558494e-02 2.4488196e-05 1.0560809e-04
 5.6083812e-03 9.0462404e-01]",[8.9960217e-01 3.4168947e-02 6.1813637e-04 6.5610774e-02],[9.9996841e-01 3.1618554e-05],"[8.2137492e-05 1.8207126e-03 1.2203476e-02 4.2196333e-01 5.0765884e-01
 5.5304892e-02 9.4246503e-04 2.3497250e-05 6.0132112e-07]"
D:\Uni\Ulm\Master\Hiwi-Forschung-und-Lehre\FairFace\detected_faces\139273_face0.jpg,White,White,Male,20-29,"[9.6077436e-01 1.0686300e-05 4.2285486e-03 9.2883198e-07 6.5495715e-06
 1.5236415e-04 3.4826502e-02]",[9.9962944e-01 3.0056528e-05 4.9997657e-06 3.3559994e-04],[9.99988496e-01 1.14931445e-05],"[3.3064785e-07 3.8030048e-05 8.7598972e-03 7.5712991e-01 2.2948876e-01
 4.5739752e-03 9.0398589e-06 7.5813219e-08 1.1145788e-09]"
D:\Uni\Ulm\Master\Hiwi-Forschung-und-Lehre\FairFace\detected_faces\139274_face0.jpg,White,White,Male,20-29,"[9.6373641e-01 4.8264796e-05 1.2845908e-02 1.3266725e-04 1.1592744e-04
 1.7240115e-04 2.2948435e-02]",[9.9967021e-01 7.8819627e-05 6.6324792e-05 1.8461962e-04],[9.9999899e-01 1.0085697e-06],"[9.0003333e-08 2.4487967e-06 7.6474133e-04 5.9228665e-01 3.9942002e-01
 7.4974238e-03 2.8355902e-05 3.0961891e-07 4.6751909e-09]"
D:\Uni\Ulm\Master\Hiwi-Forschung-und-Lehre\FairFace\detected_faces\139276_face0.jpg,White,White,Male,20-29,"[9.87378776e-01 2.93808098e-05 1.93473184e-03 2.70754811e-07
 1.34208847e-06 1.94486362e-04 1.04608815e-02]",[9.9956322e-01 3.5494522e-05 1.5876532e-05 3.8543527e-04],[9.9999994e-01 4.9022564e-08],"[1.7124240e-08 4.1402463e-06 9.5072845e-03 8.6089027e-01 1.2632738e-01
 3.2558858e-03 1.4957637e-05 9.3590586e-08 1.3077567e-09]"
D:\Uni\Ulm\Master\Hiwi-Forschung-und-Lehre\FairFace\detected_faces\139304_face0.jpg,Middle Eastern,White,Male,20-29,"[1.5450412e-01 1.9515939e-04 1.5247370e-02 1.1855299e-05 2.1111904e-05
 7.6236371e-05 8.2994413e-01]",[9.9282706e-01 6.6178413e-03 2.8721028e-04 2.6799933e-04],[9.999988e-01 1.238691e-06],"[1.48890490e-06 1.50973443e-04 3.72915715e-02 8.57563913e-01
 1.03757285e-01 1.22964638e-03 4.98368127e-06 1.47914719e-07
 1.96544869e-09]"
D:\Uni\Ulm\Master\Hiwi-Forschung-und-Lehre\FairFace\detected_faces\139310_face0.jpg,Black,Black,Male,40-49,"[3.8757904e-07 9.9995106e-01 4.0058844e-06 5.5841243e-09 8.0332562e-08
 4.4235192e-05 2.1549789e-07]",[3.9927741e-07 9.9995703e-01 1.4880599e-06 4.1061441e-05],[9.9999106e-01 8.9392861e-06],"[3.5391441e-08 4.1302653e-07 1.3117872e-04 4.0539451e-02 3.0771300e-01
 5.0954992e-01 1.3769157e-01 4.2274804e-03 1.4696429e-04]"
D:\Uni\Ulm\Master\Hiwi-Forschung-und-Lehre\FairFace\detected_faces\139328_face0.jpg,White,White,Male,20-29,"[6.4745742e-01 6.7897763e-06 6.9073192e-03 9.3327299e-06 5.1940962e-05
 2.3630961e-04 3.4533086e-01]",[9.5659333e-01 3.8544828e-04 2.9536182e-04 4.2725887e-02],[9.9997038e-01 2.9669603e-05],"[3.0267383e-08 1.5535010e-05 2.9404037e-02 8.8346112e-01 8.5833870e-02
 1.2804124e-03 4.9534724e-06 4.6153659e-08 1.0123979e-09]"
D:\Uni\Ulm\Master\Hiwi-Forschung-und-Lehre\FairFace\detected_faces\139389_face0.jpg,Middle Eastern,White,Male,20-29,"[3.14625829e-01 1.13252165e-04 2.37860940e-02 6.81258098e-05
 7.61317933e-05 5.78298816e-04 6.60752237e-01]",[9.9751180e-01 7.7093940e-04 2.6405003e-04 1.4531709e-03],[9.9973321e-01 2.6680497e-04],"[1.3837227e-06 2.9439249e-04 4.8198204e-02 8.8126659e-01 6.9721960e-02
 5.1588379e-04 1.5408289e-06 3.8289066e-08 1.2978829e-09]"
D:\Uni\Ulm\Master\Hiwi-Forschung-und-Lehre\FairFace\detected_faces\139394_face0.jpg,Middle Eastern,White,Male,30-39,"[1.55896306e-01 3.40945786e-04 1.24195196e-01 2.75653671e-04
 5.28990699e-04 1.59077682e-02 7.02855229e-01]",[9.8532689e-01 3.8783075e-04 7.2027589e-03 7.0825098e-03],[9.9999493e-01 5.1020938e-06],"[1.4747028e-06 3.5470213e-05 1.5184588e-03 3.8901275e-01 5.7552117e-01
 3.3772171e-02 1.3644446e-04 2.0447312e-06 2.1321457e-08]"
D:\Uni\Ulm\Master\Hiwi-Forschung-und-Lehre\FairFace\detected_faces\139397_face0.jpg,Middle Eastern,White,Male,30-39,"[3.9747936e-01 5.1686325e-04 1.8689390e-01 1.9763540e-05 1.0222965e-04
 9.4461329e-03 4.0554175e-01]",[9.8722833e-01 2.1991036e-03 5.6648063e-05 1.0515912e-02],[9.9999547e-01 4.4794715e-06],"[2.4560837e-08 1.3986952e-06 4.5709373e-04 4.9567467e-01 4.9935600e-01
 4.5067999e-03 3.9654119e-06 1.9329734e-08 2.3166144e-10]"
D:\Uni\Ulm\Master\Hiwi-Forschung-und-Lehre\FairFace\detected_faces\139399_face0.jpg,White,White,Male,30-39,"[9.8652333e-01 2.6893613e-05 2.6369146e-03 3.7447480e-05 7.9440375e-05
 1.9624913e-05 1.0676413e-02]",[9.9941510e-01 1.4860932e-04 3.5682981e-04 7.9497288e-05],[9.9999434e-01 5.6561344e-06],"[5.66142660e-07 2.81594475e-06 7.80124756e-05 4.75658104e-02
 7.75753617e-01 1.75612122e-01 9.78411408e-04 8.53702386e-06
 1.13951515e-07]"
D:\Uni\Ulm\Master\Hiwi-Forschung-und-Lehre\FairFace\detected_faces\139402_face0.jpg,White,White,Male,20-29,"[4.58914131e-01 2.03863019e-03 1.05198875e-01 5.32059421e-05
 2.07430756e-04 9.00655519e-03 4.24581140e-01]",[0.7019765  0.0876732  0.00089136 0.209459  ],[9.9999964e-01 3.5903201e-07],"[6.1415307e-08 9.7945588e-07 7.7864848e-04 6.1932337e-01 3.7118638e-01
 8.6656390e-03 4.4471435e-05 3.8117543e-07 5.5270140e-09]"
D:\Uni\Ulm\Master\Hiwi-Forschung-und-Lehre\FairFace\detected_faces\139410_face0.jpg,Latino_Hispanic,White,Male,20-29,"[1.4939660e-01 3.0302812e-04 4.3568575e-01 1.4144512e-03 3.2227554e-03
 2.1229833e-02 3.8874766e-01]",[0.7897252  0.0137897  0.03121236 0.16527277],[9.9998856e-01 1.1436448e-05],"[1.1895515e-06 5.7574922e-05 4.5432160e-03 6.5039980e-01 3.3656520e-01
 8.4109185e-03 2.1854803e-05 2.5883082e-07 3.7158416e-09]"
D:\Uni\Ulm\Master\Hiwi-Forschung-und-Lehre\FairFace\detected_faces\139412_face0.jpg,White,Black,Male,20-29,"[0.5513444  0.04829026 0.38496783 0.00077915 0.00517057 0.00143396
 0.00801386]",[0.28429687 0.68658537 0.02195395 0.00716379],[1.000000e+00 2.156381e-08],"[2.5512118e-06 7.7241544e-05 1.7737186e-02 5.2254164e-01 3.7260485e-01
 7.8047834e-02 8.8117812e-03 1.7497306e-04 1.9375548e-06]"
D:\Uni\Ulm\Master\Hiwi-Forschung-und-Lehre\FairFace\detected_faces\139415_face0.jpg,White,White,Male,30-39,"[8.3335257e-01 2.3172479e-05 3.1281807e-02 9.1598916e-04 9.0367656e-04
 3.2768826e-04 1.3319507e-01]",[9.9860418e-01 8.4434447e-05 3.5757537e-04 9.5383427e-04],[9.999952e-01 4.786436e-06],"[1.44953165e-05 7.39546376e-05 6.75096759e-04 1.13593213e-01
 7.84454346e-01 1.00373901e-01 8.07563716e-04 7.37242863e-06
 7.54435305e-08]"
D:\Uni\Ulm\Master\Hiwi-Forschung-und-Lehre\FairFace\detected_faces\139507_face0.jpg,White,White,Male,20-29,"[9.6765316e-01 1.6932311e-06 5.6661235e-04 5.8717405e-06 7.0498900e-06
 4.2493107e-06 3.1761453e-02]",[9.99728858e-01 2.57958254e-05 1.11681016e-04 1.33628084e-04],[9.9999750e-01 2.5128377e-06],"[5.7200809e-09 2.6549503e-06 1.9354267e-02 9.4009185e-01 4.0413540e-02
 1.3749013e-04 1.9316830e-07 2.1895121e-09 4.2592110e-11]"
D:\Uni\Ulm\Master\Hiwi-Forschung-und-Lehre\FairFace\detected_faces\139510_face0.jpg,White,White,Male,20-29,"[9.9971271e-01 2.8909283e-06 5.4436347e-05 6.4868464e-06 2.5443886e-05
 1.3049282e-07 1.9786933e-04]",[9.994389e-01 9.146369e-05 4.603928e-04 9.293617e-06],[9.9999982e-01 1.6179712e-07],"[2.37358137e-07 8.26311953e-05 1.19936295e-01 8.23212266e-01
 5.51397204e-02 1.60089997e-03 2.72813795e-05 7.09312872e-07
 1.50530308e-08]"
D:\Uni\Ulm\Master\Hiwi-Forschung-und-Lehre\FairFace\detected_faces\139520_face0.jpg,White,White,Male,30-39,"[9.5874000e-01 5.6700948e-05 1.0596766e-03 3.6611746e-06 1.4044544e-05
 5.7430134e-06 4.0120143e-02]",[9.9976319e-01 3.2227224e-05 1.1493602e-04 8.9623158e-05],[9.9980468e-01 1.9533886e-04],"[2.1467343e-07 8.5388556e-06 1.1421805e-03 2.3890106e-01 7.1304172e-01
 4.6647143e-02 2.5497930e-04 4.1476442e-06 8.8046363e-08]"
D:\Uni\Ulm\Master\Hiwi-Forschung-und-Lehre\FairFace\detected_faces\139524_face0.jpg,Middle Eastern,White,Male,30-39,"[2.4678759e-01 3.1493297e-03 1.5199184e-01 5.9101934e-05 4.5540734e-04
 7.9118885e-04 5.9676558e-01]",[0.9786435  0.00593681 0.00977396 0.00564581],[1.000000e+00 8.462028e-09],"[7.98640940e-06 6.79718432e-05 2.60609551e-03 2.40108028e-01
 6.45297289e-01 1.08819455e-01 3.04421852e-03 4.85699857e-05
 2.98428745e-07]"
D:\Uni\Ulm\Master\Hiwi-Forschung-und-Lehre\FairFace\detected_faces\139570_face0.jpg,White,White,Male,20-29,"[9.3603230e-01 1.1997419e-04 3.4049116e-03 2.7571862e-06 1.2904815e-05
 1.2079322e-05 6.0415167e-02]",[9.9989241e-01 4.9322822e-05 4.2504835e-05 1.5763193e-05],[9.9998760e-01 1.2440274e-05],"[1.4868404e-07 1.2946228e-05 3.9605186e-03 5.8467621e-01 3.9604473e-01
 1.5171994e-02 1.3012260e-04 3.2324101e-06 6.3522371e-08]"
D:\Uni\Ulm\Master\Hiwi-Forschung-und-Lehre\FairFace\detected_faces\139585_face0.jpg,White,White,Male,20-29,"[6.7819196e-01 9.9099132e-05 5.1353000e-02 6.8094464e-06 6.3422718e-05
 5.6662364e-04 2.6971906e-01]",[9.9796033e-01 1.0140504e-03 1.6843302e-04 8.5711427e-04],[9.9999988e-01 1.1081034e-07],"[1.5825472e-08 3.0405356e-06 5.1256758e-03 8.3018976e-01 1.6268843e-01
 1.9887893e-03 4.2463189e-06 4.7412051e-08 4.9961191e-10]"
D:\Uni\Ulm\Master\Hiwi-Forschung-und-Lehre\FairFace\detected_faces\139598_face0.jpg,White,White,Male,20-29,"[9.7282106e-01 6.1366583e-05 2.4021367e-02 3.6557633e-04 7.6263864e-04
 9.4967552e-05 1.8730167e-03]",[9.9444324e-01 1.7103940e-04 5.2958289e-03 8.9854409e-05],[9.9987304e-01 1.2701114e-04],"[2.5831022e-07 8.8745459e-05 3.3354353e-02 7.5695246e-01 2.0451383e-01
 5.0609219e-03 2.9178131e-05 2.8321412e-07 7.5645792e-09]"
D:\Uni\Ulm\Master\Hiwi-Forschung-und-Lehre\FairFace\detected_faces\139715_face0.jpg,White,White,Male,20-29,"[9.3769026e-01 4.4673838e-04 1.3758654e-02 1.0393159e-05 3.4887056e-05
 4.7563677e-05 4.8011500e-02]",[9.9644905e-01 2.9731193e-03 2.5737711e-04 3.2041967e-04],[9.999946e-01 5.404370e-06],"[9.1360306e-08 1.5536074e-05 1.9957162e-02 8.4780920e-01 1.3040884e-01
 1.8011640e-03 7.8755402e-06 1.4011552e-07 1.8844772e-09]"
D:\Uni\Ulm\Master\Hiwi-Forschung-und-Lehre\FairFace\detected_faces\139789_face0.jpg,Latino_Hispanic,Indian,Male,30-39,"[2.7561972e-01 1.7251640e-03 5.5356359e-01 1.0287927e-04 2.2587608e-04
 1.0509720e-01 6.3665554e-02]",[0.44857156 0.03034457 0.00346037 0.51762354],[9.999945e-01 5.473746e-06],"[8.3098428e-07 3.3447814e-06 1.3182056e-04 1.8159935e-01 7.3987138e-01
 7.7586271e-02 8.0077921e-04 6.1689966e-06 4.8649991e-08]"
D:\Uni\Ulm\Master\Hiwi-Forschung-und-Lehre\FairFace\detected_faces\139798_face0.jpg,White,White,Male,30-39,"[5.7075346e-01 4.3929878e-04 2.5748650e-02 4.0685452e-05 1.0941143e-04
 1.4070396e-03 4.0150145e-01]",[9.1139925e-01 3.8069941e-02 2.8785190e-04 5.0243031e-02],[9.9995553e-01 4.4456981e-05],"[7.6649059e-08 7.7752259e-07 3.8423634e-04 3.8621175e-01 5.9308547e-01
 2.0094773e-02 2.2032771e-04 2.4767041e-06 8.2091709e-08]"
D:\Uni\Ulm\Master\Hiwi-Forschung-und-Lehre\FairFace\detected_faces\139919_face0.jpg,Latino_Hispanic,White,Male,30-39,"[0.16967253 0.00233387 0.8101944  0.00111685 0.00400634 0.00449415
 0.00818184]",[0.95814824 0.01025686 0.0119694  0.01962549],[1.0000000e+00 1.9651719e-10],"[3.8780306e-07 1.7822632e-06 5.1488436e-04 9.3156546e-02 5.9157240e-01
 2.8699508e-01 2.7543841e-02 2.1464663e-04 3.5057178e-07]"
D:\Uni\Ulm\Master\Hiwi-Forschung-und-Lehre\FairFace\detected_faces\139921_face0.jpg,Middle Eastern,White,Male,20-29,"[3.1161833e-01 8.0919861e-05 8.2318887e-02 1.4619673e-04 3.4647313e-04
 1.1092760e-03 6.0438001e-01]",[9.8613423e-01 5.8522896e-04 7.6208136e-04 1.2518488e-02],[9.9999923e-01 8.2007296e-07],"[1.2976847e-07 7.5173389e-06 1.0316126e-02 7.7348763e-01 2.1212560e-01
 4.0426543e-03 2.0083693e-05 2.0873689e-07 2.1532387e-09]"
D:\Uni\Ulm\Master\Hiwi-Forschung-und-Lehre\FairFace\detected_faces\139925_face0.jpg,White,White,Male,30-39,"[9.8345995e-01 1.0317095e-04 4.0658433e-03 2.3430382e-05 7.6274591e-05
 5.5387267e-05 1.2216003e-02]",[9.986083e-01 9.058211e-04 2.361758e-04 2.497501e-04],[9.999995e-01 4.050911e-07],"[3.8983609e-07 6.2915215e-06 7.8115670e-04 1.4874004e-01 6.8973804e-01
 1.5826939e-01 2.4439278e-03 2.0567571e-05 2.0464195e-07]"
D:\Uni\Ulm\Master\Hiwi-Forschung-und-Lehre\FairFace\detected_faces\139931_face0.jpg,White,White,Male,20-29,"[9.9894452e-01 9.8673115e-07 5.9919672e-05 1.6074817e-06 2.1849378e-06
 5.1208708e-06 9.8572089e-04]",[9.9959922e-01 1.7677890e-05 3.1312753e-04 6.9987356e-05],[9.9999774e-01 2.2624915e-06],"[1.0408368e-06 4.2647855e-05 2.7468938e-03 4.7998095e-01 4.7806105e-01
 3.8836550e-02 3.2864820e-04 2.2934655e-06 4.9019732e-08]"
D:\Uni\Ulm\Master\Hiwi-Forschung-und-Lehre\FairFace\detected_faces\140010_face0.jpg,Middle Eastern,White,Male,20-29,"[1.8055667e-01 1.1845278e-03 3.8678139e-01 4.3707641e-05 2.6752517e-04
 7.2206724e-03 4.2394558e-01]",[0.7667373  0.05305032 0.00469073 0.17552163],[9.9999976e-01 2.0724633e-07],"[3.2635171e-08 1.0621668e-05 6.5397071e-03 8.4265661e-01 1.4868838e-01
 2.0980628e-03 6.5105974e-06 3.5364181e-08 3.3121864e-10]"
D:\Uni\Ulm\Master\Hiwi-Forschung-und-Lehre\FairFace\detected_faces\140479_face0.jpg,Middle Eastern,White,Male,20-29,"[9.0559341e-02 1.2550375e-04 1.4631318e-02 8.2789338e-06 6.2537358e-05
 2.5862420e-03 8.9202678e-01]",[0.9496764  0.00144603 0.00236199 0.04651558],[9.9999982e-01 1.3162152e-07],"[8.0074602e-07 9.9275683e-05 1.4636916e-02 5.5934298e-01 3.9570159e-01
 3.0017380e-02 1.9725543e-04 3.7441391e-06 5.4092819e-08]"
D:\Uni\Ulm\Master\Hiwi-Forschung-und-Lehre\FairFace\detected_faces\140487_face0.jpg,White,White,Male,20-29,"[9.9977970e-01 5.4265452e-06 7.3193965e-05 2.7755568e-06 1.2025514e-05
 1.0261909e-06 1.2595791e-04]",[9.9986959e-01 3.0768697e-05 8.0386890e-05 1.9245605e-05],[9.9998754e-01 1.2398766e-05],"[1.2053951e-07 6.7219389e-06 4.2681717e-03 5.6507647e-01 3.9509284e-01
 3.4646235e-02 8.9638494e-04 1.2557116e-05 5.0884290e-07]"
D:\Uni\Ulm\Master\Hiwi-Forschung-und-Lehre\FairFace\detected_faces\141203_face0.jpg,White,White,Male,20-29,"[9.8415929e-01 5.4077700e-05 6.9423472e-03 3.4156931e-06 1.7486191e-05
 2.6370295e-05 8.7970123e-03]",[9.9283266e-01 5.2097444e-03 6.3059741e-04 1.3270940e-03],[9.999997e-01 3.401292e-07],"[5.8413502e-08 3.6170700e-06 3.5494489e-03 7.0339531e-01 2.8217891e-01
 1.0779184e-02 9.2550908e-05 9.3611106e-07 1.5478802e-08]"
D:\Uni\Ulm\Master\Hiwi-Forschung-und-Lehre\FairFace\detected_faces\141383_face0.jpg,White,White,Male,30-39,"[7.7303475e-01 1.2686971e-04 4.9996872e-02 5.4101631e-05 1.0590992e-04
 4.6354500e-03 1.7204604e-01]",[9.9028736e-01 4.6278763e-04 6.2452623e-04 8.6253518e-03],[9.999086e-01 9.137563e-05],"[1.7287325e-06 1.1956998e-05 5.6849763e-04 1.9689849e-01 7.2280371e-01
 7.8936763e-02 7.7414373e-04 4.6995301e-06 8.9345065e-08]"
D:\Uni\Ulm\Master\Hiwi-Forschung-und-Lehre\FairFace\detected_faces\141525_face0.jpg,White,White,Male,30-39,"[5.2737826e-01 8.7095425e-04 2.4834153e-01 4.9496954e-04 2.6547022e-03
 1.9575441e-01 2.4505224e-02]",[0.5893302  0.00094427 0.00211891 0.40760672],[9.999970e-01 2.974441e-06],"[3.3042267e-07 4.7073554e-06 8.4603991e-05 1.2568884e-01 7.9706371e-01
 7.6883316e-02 2.7322714e-04 1.2900859e-06 1.7154621e-08]"
D:\Uni\Ulm\Master\Hiwi-Forschung-und-Lehre\FairFace\detected_faces\141612_face0.jpg,White,White,Male,30-39,"[7.5434494e-01 5.8454211e-04 9.2329651e-02 2.8786116e-04 5.7204510e-04
 9.4493438e-04 1.5093592e-01]",[0.98568034 0.00965186 0.00143706 0.0032307 ],[9.9999923e-01 7.7192885e-07],"[7.2617750e-06 5.6714714e-05 2.3908250e-03 1.1558543e-01 6.0980809e-01
 2.6271430e-01 9.2943618e-03 1.4145090e-04 1.6603759e-06]"
D:\Uni\Ulm\Master\Hiwi-Forschung-und-Lehre\FairFace\detected_faces\141655_face0.jpg,White,White,Male,30-39,"[6.78334594e-01 3.62389401e-05 1.30280042e-02 1.18845426e-04
 1.69174265e-04 1.51247962e-03 3.06800693e-01]",[9.9450624e-01 3.7747677e-04 6.4436521e-04 4.4718930e-03],[9.9999529e-01 4.7007065e-06],"[1.9622243e-07 1.1221634e-06 1.3097578e-04 8.9913867e-02 8.0394876e-01
 1.0548316e-01 5.1933533e-04 2.5338147e-06 2.7351069e-08]"
D:\Uni\Ulm\Master\Hiwi-Forschung-und-Lehre\FairFace\detected_faces\141664_face0.jpg,Middle Eastern,White,Male,20-29,"[3.43366951e-01 1.09964472e-04 3.85876931e-02 1.18709766e-04
 2.14248401e-04 4.37733426e-04 6.17164671e-01]",[0.9865178  0.0023955  0.00299034 0.00809634],[1.000000e+00 4.866692e-08],"[4.4484153e-07 3.0032965e-05 8.4661385e-03 8.3345312e-01 1.5600397e-01
 2.0395273e-03 6.6953894e-06 9.1451781e-08 1.0071868e-09]"
D:\Uni\Ulm\Master\Hiwi-Forschung-und-Lehre\FairFace\detected_faces\141665_face0.jpg,Middle Eastern,White,Male,20-29,"[1.2631935e-01 1.4529094e-05 1.6054660e-02 6.4376807e-05 2.3245849e-04
 5.1038959e-03 8.5221076e-01]",[9.2316365e-01 2.6583264e-04 1.5799314e-02 6.0771186e-02],[9.9999464e-01 5.4040324e-06],"[1.69195602e-07 4.48421924e-05 3.46681587e-02 7.83387482e-01
 1.78155541e-01 3.73433158e-03 9.36173456e-06 1.08445995e-07
 1.77585213e-09]"
D:\Uni\Ulm\Master\Hiwi-Forschung-und-Lehre\FairFace\detected_faces\141832_face0.jpg,White,White,Male,20-29,"[7.0630717e-01 1.8817406e-04 1.0496677e-01 3.6813679e-05 7.4514508e-05
 2.0255616e-03 1.8640098e-01]",[9.8649925e-01 1.1089118e-03 2.2022380e-04 1.2171618e-02],[9.999908e-01 9.222517e-06],"[4.6520423e-08 2.6459641e-06 3.3871003e-03 8.4740824e-01 1.4810285e-01
 1.0967031e-03 2.4683088e-06 3.0507447e-08 5.7615912e-10]"
D:\Uni\Ulm\Master\Hiwi-Forschung-und-Lehre\FairFace\detected_faces\141897_face0.jpg,White,White,Male,30-39,"[0.485855   0.00475869 0.3821338  0.00194855 0.0038676  0.00162783
 0.11980856]",[0.94179994 0.00470881 0.04473167 0.00875959],[9.9999917e-01 8.2779104e-07],"[1.7482907e-06 5.5277383e-06 6.9153088e-04 2.7241132e-01 6.3383245e-01
 9.0285428e-02 2.7101533e-03 6.1167179e-05 6.8090878e-07]"
D:\Uni\Ulm\Master\Hiwi-Forschung-und-Lehre\FairFace\detected_faces\141915_face0.jpg,White,White,Male,20-29,"[7.7603859e-01 4.1056008e-04 5.0042138e-02 2.1215561e-03 3.5056751e-03
 1.0332640e-03 1.6684820e-01]",[0.98608446 0.00123976 0.00704056 0.00563521],[9.9999464e-01 5.3446784e-06],"[2.3764514e-06 4.6846249e-05 5.0668591e-03 6.5501612e-01 3.2857659e-01
 1.1134565e-02 1.5223966e-04 4.3333198e-06 1.0439935e-07]"
D:\Uni\Ulm\Master\Hiwi-Forschung-und-Lehre\FairFace\detected_faces\141945_face0.jpg,White,White,Male,20-29,"[7.6416773e-01 6.6650704e-05 1.4737097e-02 6.1366554e-05 9.0802729e-05
 1.5531419e-04 2.2072105e-01]",[9.9922234e-01 4.4328914e-04 1.4195695e-04 1.9240705e-04],[9.999991e-01 9.103384e-07],"[3.11727661e-07 1.30955505e-05 4.73799510e-03 6.23994291e-01
 3.58960837e-01 1.22402720e-02 5.26586118e-05 4.57337279e-07
 5.46972823e-09]"
D:\Uni\Ulm\Master\Hiwi-Forschung-und-Lehre\FairFace\detected_faces\141951_face0.jpg,Middle Eastern,White,Male,30-39,"[1.2550463e-01 5.1438337e-06 3.4276588e-04 3.5779809e-07 1.2505649e-06
 2.9205870e-05 8.7411666e-01]",[9.9721795e-01 1.5049517e-03 8.6487016e-05 1.1905987e-03],[9.9996793e-01 3.2121970e-05],"[3.8663466e-06 2.9396146e-05 7.2727917e-04 4.8113685e-02 5.2296913e-01
 4.0976906e-01 1.8206159e-02 1.7729582e-04 4.1653434e-06]"
D:\Uni\Ulm\Master\Hiwi-Forschung-und-Lehre\FairFace\detected_faces\141967_face0.jpg,Middle Eastern,White,Male,20-29,"[2.2276257e-01 2.4643932e-03 9.3334056e-02 1.0063669e-04 3.9334799e-04
 1.5745538e-03 6.7937040e-01]",[0.86789924 0.06264062 0.00100757 0.06845253],[9.9998897e-01 1.1084373e-05],"[1.2709834e-06 1.4132173e-04 1.8634569e-02 7.7677333e-01 1.9975080e-01
 4.6766414e-03 2.1798664e-05 3.4937611e-07 5.9763257e-09]"
D:\Uni\Ulm\Master\Hiwi-Forschung-und-Lehre\FairFace\detected_faces\141997_face0.jpg,Middle Eastern,White,Male,30-39,"[2.4840486e-01 1.2265620e-04 4.3302022e-02 1.7823135e-05 5.3624368e-05
 6.0797818e-03 7.0201916e-01]",[9.8571658e-01 1.0441650e-03 1.3306762e-04 1.3106175e-02],[9.9999565e-01 4.3178056e-06],"[2.1265657e-06 7.9207102e-06 4.7237983e-05 1.7964283e-02 6.5355098e-01
 3.2677367e-01 1.6471319e-03 6.6490752e-06 5.0487660e-08]"
D:\Uni\Ulm\Master\Hiwi-Forschung-und-Lehre\FairFace\detected_faces\142018_face0.jpg,White,White,Male,30-39,"[5.4668540e-01 9.7242603e-03 3.4334901e-01 3.3522409e-04 1.7251231e-03
 6.9039646e-03 9.1277003e-02]",[0.97555023 0.00699073 0.00445429 0.01300475],[9.9999708e-01 2.9323412e-06],"[8.2011575e-06 2.0669484e-05 3.7723751e-04 1.6221949e-01 7.5872409e-01
 7.7551290e-02 1.0842059e-03 1.4590177e-05 2.1582592e-07]"
D:\Uni\Ulm\Master\Hiwi-Forschung-und-Lehre\FairFace\detected_faces\142037_face0.jpg,Middle Eastern,White,Male,20-29,"[1.6450013e-01 4.2619865e-04 1.7812014e-01 2.5105849e-04 6.4755086e-04
 3.6676659e-03 6.5238732e-01]",[0.9238162  0.03306574 0.00478303 0.03833501],[9.999924e-01 7.600567e-06],"[3.2558643e-07 3.4756475e-05 1.9188680e-02 8.3475626e-01 1.4467724e-01
 1.3393022e-03 3.4062725e-06 8.5566825e-08 1.2032931e-09]"
D:\Uni\Ulm\Master\Hiwi-Forschung-und-Lehre\FairFace\detected_faces\142096_face0.jpg,White,White,Male,20-29,"[9.9979049e-01 1.1216079e-06 7.4237556e-05 1.1884516e-06 1.9319239e-06
 2.3932918e-07 1.3073096e-04]",[9.9998879e-01 6.2671488e-06 3.5382293e-06 1.4494307e-06],[9.999994e-01 6.169174e-07],"[3.3892096e-09 3.2633741e-07 4.0100636e-03 7.6647127e-01 2.2559369e-01
 3.9002409e-03 2.4219918e-05 1.4861207e-07 1.5111584e-09]"
D:\Uni\Ulm\Master\Hiwi-Forschung-und-Lehre\FairFace\detected_faces\142104_face0.jpg,White,White,Male,10-19,"[9.7049165e-01 5.6239911e-05 5.4871445e-03 2.7820795e-05 6.3823798e-05
 5.4411453e-06 2.3867883e-02]",[9.9740368e-01 2.0235425e-03 5.2260072e-04 5.0177321e-05],[9.9999976e-01 2.7714523e-07],"[4.9899501e-07 5.7638437e-04 5.3489339e-01 4.4018152e-01 2.3267211e-02
 1.0615309e-03 1.8936318e-05 4.9759456e-07 5.7839227e-09]"
D:\Uni\Ulm\Master\Hiwi-Forschung-und-Lehre\FairFace\detected_faces\142107_face0.jpg,White,White,Male,30-39,"[9.9994653e-01 9.4412246e-07 2.5212199e-05 4.5849433e-07 1.6640432e-06
 1.1400991e-06 2.4116749e-05]",[9.9978894e-01 1.8604986e-04 6.9806351e-06 1.8075394e-05],[9.9999636e-01 3.6733516e-06],"[8.8712773e-07 1.4802260e-05 5.7244819e-04 1.8426865e-01 7.4226904e-01
 7.1864359e-02 1.0034686e-03 6.0293801e-06 3.0515355e-07]"
D:\Uni\Ulm\Master\Hiwi-Forschung-und-Lehre\FairFace\detected_faces\142116_face0.jpg,White,White,Male,20-29,"[7.8561544e-01 1.5781935e-03 1.4420326e-01 3.0657637e-05 3.7614114e-04
 8.8934717e-04 6.7306824e-02]",[0.97157425 0.01509153 0.00114599 0.01218821],[9.9999988e-01 1.2829962e-07],"[2.6686122e-08 1.2475512e-05 2.8292747e-02 7.7775794e-01 1.8856981e-01
 5.3274729e-03 3.9025705e-05 4.2687697e-07 3.5270507e-09]"
D:\Uni\Ulm\Master\Hiwi-Forschung-und-Lehre\FairFace\detected_faces\142118_face0.jpg,White,White,Male,30-39,"[9.4505638e-01 7.6433097e-04 1.1020807e-02 3.0762556e-06 2.1217964e-05
 6.5854366e-04 4.2475544e-02]",[9.4893253e-01 2.9205799e-02 3.4320002e-04 2.1518435e-02],[9.9999994e-01 8.1377017e-08],"[5.5698703e-08 1.6056575e-06 8.1830146e-04 4.4678530e-01 5.2517688e-01
 2.6975218e-02 2.4108691e-04 1.4781110e-06 1.7875594e-08]"
D:\Uni\Ulm\Master\Hiwi-Forschung-und-Lehre\FairFace\detected_faces\142135_face0.jpg,White,White,Male,20-29,"[9.9777842e-01 1.0607548e-06 1.0768787e-04 1.9419102e-07 6.7087205e-07
 1.6849559e-06 2.1102882e-03]",[9.9979877e-01 1.3690304e-04 1.1106657e-05 5.3189724e-05],[9.999692e-01 3.079935e-05],"[3.9602970e-08 4.1552353e-06 2.4662807e-03 7.4320620e-01 2.5102285e-01
 3.2867498e-03 1.3632810e-05 1.3585669e-07 2.4197371e-09]"
D:\Uni\Ulm\Master\Hiwi-Forschung-und-Lehre\FairFace\detected_faces\142148_face0.jpg,Middle Eastern,Indian,Male,30-39,"[7.2723135e-02 2.7133498e-04 7.4131005e-02 5.6063873e-05 2.0170558e-04
 3.6151145e-02 8.1646556e-01]",[0.33632317 0.00933158 0.00090169 0.6534435 ],[9.9995905e-01 4.0917297e-05],"[3.2230864e-06 2.1986951e-05 8.7397994e-04 5.8331810e-02 6.5115678e-01
 2.8052750e-01 8.9840572e-03 9.9151075e-05 1.5329010e-06]"
D:\Uni\Ulm\Master\Hiwi-Forschung-und-Lehre\FairFace\detected_faces\142169_face0.jpg,Black,Black,Male,20-29,"[3.7593219e-07 9.9998373e-01 3.1322861e-06 1.9166578e-08 2.4230698e-07
 1.1707225e-05 8.8829313e-07]",[1.4281329e-07 9.9999470e-01 1.4261126e-06 3.7148695e-06],[0.9987611  0.00123884],"[1.03178884e-07 4.23434612e-05 9.52903647e-03 5.87752461e-01
 3.82337213e-01 2.01439727e-02 1.93369706e-04 1.46052400e-06
 7.18494846e-08]"
D:\Uni\Ulm\Master\Hiwi-Forschung-und-Lehre\FairFace\detected_faces\142189_face0.jpg,White,White,Male,20-29,"[9.9891466e-01 9.7302120e-07 1.0966900e-04 3.7780009e-07 9.4369358e-07
 7.6651025e-07 9.7261264e-04]",[9.9971884e-01 2.5816433e-04 1.1898649e-05 1.1119987e-05],[9.9999988e-01 1.5843372e-07],"[2.0368101e-09 9.8755152e-07 1.1380731e-02 9.6241593e-01 2.6145991e-02
 5.6257093e-05 9.7372137e-08 8.1310458e-10 1.9131962e-11]"
D:\Uni\Ulm\Master\Hiwi-Forschung-und-Lehre\FairFace\detected_faces\142198_face0.jpg,White,White,Male,10-19,"[9.9693352e-01 1.3641444e-06 2.6197871e-04 6.9525204e-06 8.6095142e-06
 2.4905544e-06 2.7850266e-03]",[9.9710387e-01 1.8191015e-03 1.0263650e-03 5.0690254e-05],[9.9999976e-01 2.1073193e-07],"[4.74611734e-05 1.04113035e-02 4.26853061e-01 3.01585674e-01
 2.16644555e-01 4.23653089e-02 2.05393438e-03 3.83511651e-05
 3.54013054e-07]"
D:\Uni\Ulm\Master\Hiwi-Forschung-und-Lehre\FairFace\detected_faces\142208_face0.jpg,White,White,Male,30-39,"[9.3612957e-01 3.5723206e-04 3.8943086e-02 3.7453069e-06 1.4333657e-05
 9.7894075e-04 2.3573166e-02]",[9.9787593e-01 5.7075737e-04 5.4925913e-05 1.4983675e-03],[9.999990e-01 9.553397e-07],"[1.68005982e-07 1.51146505e-05 3.03241774e-03 4.42249358e-01
 5.11346996e-01 4.31625433e-02 1.92383406e-04 1.02998229e-06
 9.61112612e-09]"
D:\Uni\Ulm\Master\Hiwi-Forschung-und-Lehre\FairFace\detected_faces\142215_face0.jpg,White,White,Male,20-29,"[9.7485721e-01 7.6453078e-05 2.8731893e-03 2.5301015e-06 1.4983619e-05
 3.5415916e-05 2.2140181e-02]",[9.98882294e-01 7.29049789e-04 1.19944365e-04 2.68701755e-04],[9.999998e-01 1.778082e-07],"[4.7082199e-07 2.4005485e-05 6.5870248e-03 7.0633811e-01 2.7454573e-01
 1.2361497e-02 1.4135049e-04 1.7709797e-06 2.0060861e-08]"
D:\Uni\Ulm\Master\Hiwi-Forschung-und-Lehre\FairFace\detected_faces\142221_face0.jpg,White,White,Male,30-39,"[9.4705248e-01 5.6637498e-05 4.8252968e-03 6.9316143e-06 2.1983869e-05
 4.1317934e-04 4.7623474e-02]",[0.95555764 0.00437285 0.00125813 0.03881133],[9.999977e-01 2.385703e-06],"[3.2000551e-06 6.1470455e-06 2.2740588e-04 3.4986276e-02 5.1341468e-01
 4.1359827e-01 3.6778722e-02 9.7005907e-04 1.5246183e-05]"
D:\Uni\Ulm\Master\Hiwi-Forschung-und-Lehre\FairFace\detected_faces\142231_face0.jpg,White,White,Male,20-29,"[9.8120689e-01 2.2830989e-05 7.8360224e-04 2.6763794e-06 7.7343466e-06
 4.8723205e-06 1.7971443e-02]",[9.916573e-01 8.239779e-03 2.967894e-05 7.327820e-05],[9.9984550e-01 1.5449032e-04],"[3.1287449e-08 7.1490526e-06 3.2694251e-03 6.9754267e-01 2.9555675e-01
 3.6165856e-03 7.3044325e-06 4.6545402e-08 1.1962736e-09]"
D:\Uni\Ulm\Master\Hiwi-Forschung-und-Lehre\FairFace\detected_faces\142239_face0.jpg,White,White,Male,30-39,"[9.9717760e-01 4.4127287e-06 2.0921770e-04 1.3378672e-06 9.1630645e-06
 7.6843207e-06 2.5905415e-03]",[9.9982655e-01 2.6700491e-05 6.4225140e-05 8.2488506e-05],[9.9998778e-01 1.2162079e-05],"[1.1100361e-07 7.7300847e-06 1.0427529e-03 4.7804299e-01 5.0495261e-01
 1.5876686e-02 7.6496392e-05 6.1669112e-07 3.2650345e-08]"
D:\Uni\Ulm\Master\Hiwi-Forschung-und-Lehre\FairFace\detected_faces\142249_face0.jpg,White,White,Male,20-29,"[8.1424034e-01 2.9060654e-03 1.3382304e-01 4.2332660e-05 2.3024021e-04
 2.8402178e-04 4.8474010e-02]",[0.9593296  0.0296949  0.00939063 0.00158487],[9.9999982e-01 2.0024734e-07],"[1.5689750e-08 4.3923069e-06 6.9682986e-02 8.9572304e-01 3.4044053e-02
 5.3848146e-04 6.9193798e-06 1.5342611e-07 1.4706156e-09]"
D:\Uni\Ulm\Master\Hiwi-Forschung-und-Lehre\FairFace\detected_faces\142259_face0.jpg,White,White,Male,30-39,"[9.7466147e-01 4.3480523e-04 2.2349484e-02 1.3817007e-05 4.7751619e-05
 9.4389310e-05 2.3983151e-03]",[9.3625253e-01 6.2093448e-02 9.5832144e-04 6.9570693e-04],[9.999999e-01 5.881529e-08],"[1.5258386e-06 8.5981837e-06 5.8424831e-03 3.7783021e-01 3.9838627e-01
 1.7622168e-01 4.0841188e-02 8.6497434e-04 3.0750384e-06]"
D:\Uni\Ulm\Master\Hiwi-Forschung-und-Lehre\FairFace\detected_faces\142263_face0.jpg,White,White,Male,20-29,"[9.9996537e-01 7.0849967e-07 5.6031158e-06 2.2831557e-08 6.2082854e-08
 4.7392439e-07 2.7770471e-05]",[9.9999803e-01 1.1209014e-06 9.6639226e-08 7.9067530e-07],[9.9990547e-01 9.4476076e-05],"[1.4249360e-07 5.3925692e-06 1.9592058e-03 4.9335119e-01 4.7206837e-01
 3.1394865e-02 1.1987882e-03 2.0688278e-05 1.3217340e-06]"
D:\Uni\Ulm\Master\Hiwi-Forschung-und-Lehre\FairFace\detected_faces\142329_face0.jpg,White,White,Male,20-29,"[7.7334011e-01 5.1040781e-05 3.1119749e-02 3.2696611e-05 1.2143613e-04
 7.1764877e-03 1.8815839e-01]",[9.9865001e-01 6.0664970e-05 8.4401028e-05 1.2049312e-03],[9.9996895e-01 3.1047148e-05],"[1.1724050e-07 2.3812202e-06 1.6908590e-03 6.0160172e-01 3.8554808e-01
 1.1091545e-02 6.4004707e-05 1.2667072e-06 2.9104509e-08]"
D:\Uni\Ulm\Master\Hiwi-Forschung-und-Lehre\FairFace\detected_faces\142390_face0.jpg,White,White,Male,30-39,"[8.1374931e-01 4.8293572e-05 4.1115072e-02 4.1978721e-05 1.2140897e-04
 1.6828727e-03 1.4324108e-01]",[9.9927127e-01 6.9874518e-06 1.7715205e-05 7.0400449e-04],[9.997154e-01 2.845619e-04],"[1.3162260e-06 3.6741229e-05 1.5609888e-03 3.2975686e-01 6.3135540e-01
 3.7066922e-02 2.1968289e-04 2.0186412e-06 3.1894597e-08]"
D:\Uni\Ulm\Master\Hiwi-Forschung-und-Lehre\FairFace\detected_faces\142395_face0.jpg,Latino_Hispanic,Indian,Male,30-39,"[3.0902067e-01 4.2235320e-03 4.1409105e-01 6.6893735e-05 3.9674682e-04
 3.7765063e-02 2.3443611e-01]",[0.42037162 0.06299545 0.00616934 0.51046354],[9.9999726e-01 2.7239935e-06],"[2.7638225e-07 3.5826245e-06 4.6974252e-04 2.3409662e-01 7.0970899e-01
 5.5266164e-02 4.5166377e-04 2.9031326e-06 2.8677480e-08]"
D:\Uni\Ulm\Master\Hiwi-Forschung-und-Lehre\FairFace\detected_faces\142470_face0.jpg,White,White,Male,20-29,"[7.6960957e-01 2.8911009e-04 4.2076122e-02 3.2007112e-04 5.0393480e-04
 2.5251109e-04 1.8694866e-01]",[9.9142051e-01 6.5588094e-03 1.4115336e-03 6.0915196e-04],[9.999453e-01 5.470953e-05],"[3.1871022e-07 2.8908786e-05 2.6306810e-02 8.3212852e-01 1.3864200e-01
 2.8642835e-03 2.8471062e-05 6.6726437e-07 1.3644320e-08]"
D:\Uni\Ulm\Master\Hiwi-Forschung-und-Lehre\FairFace\detected_faces\142471_face0.jpg,White,White,Male,20-29,"[9.9921119e-01 2.7710466e-05 2.5389754e-04 1.9991719e-06 8.0725040e-06
 7.8293260e-07 4.9630279e-04]",[9.7606969e-01 2.3375118e-02 5.0998584e-04 4.5171128e-05],[9.999977e-01 2.284069e-06],"[2.5866208e-07 1.6452061e-04 8.6193375e-02 8.3346838e-01 7.8576177e-02
 1.5800322e-03 1.6733602e-05 5.4821885e-07 2.1372227e-08]"
D:\Uni\Ulm\Master\Hiwi-Forschung-und-Lehre\FairFace\detected_faces\142478_face0.jpg,Black,Black,Male,30-39,"[5.4745784e-04 9.5774233e-01 3.0709323e-02 1.9343051e-05 4.9201958e-04
 4.1595441e-03 6.3298969e-03]",[4.8730965e-04 9.9256152e-01 1.5843837e-03 5.3668017e-03],[9.9999613e-01 3.8906824e-06],"[6.4546623e-07 1.2079620e-05 4.3160743e-03 4.3807498e-01 5.0385225e-01
 5.2699603e-02 1.0271411e-03 1.6951300e-05 2.7150622e-07]"
D:\Uni\Ulm\Master\Hiwi-Forschung-und-Lehre\FairFace\detected_faces\142480_face0.jpg,White,White,Male,20-29,"[9.9985039e-01 2.4863707e-06 7.1674542e-05 2.6869671e-07 1.4797579e-06
 1.2763946e-06 7.2459494e-05]",[9.9953032e-01 3.7389275e-04 1.8043638e-05 7.7750679e-05],[9.9999982e-01 1.6508399e-07],"[5.7796149e-07 3.9109440e-05 1.2354506e-02 5.7737625e-01 3.6555859e-01
 4.2617690e-02 2.0063398e-03 4.6229863e-05 6.8251865e-07]"
D:\Uni\Ulm\Master\Hiwi-Forschung-und-Lehre\FairFace\detected_faces\142485_face0.jpg,White,White,Male,20-29,"[9.9960238e-01 9.3103026e-06 1.5565407e-04 3.9313001e-08 1.8767261e-07
 2.9186884e-07 2.3208534e-04]",[9.9855953e-01 1.4337713e-03 3.1674813e-06 3.6290389e-06],[9.999993e-01 7.267483e-07],"[2.0186089e-08 1.3236703e-05 1.8838303e-02 8.7340462e-01 1.0632524e-01
 1.4122729e-03 6.2698377e-06 9.2993460e-08 1.2329775e-09]"
D:\Uni\Ulm\Master\Hiwi-Forschung-und-Lehre\FairFace\detected_faces\142486_face0.jpg,White,White,Male,20-29,"[9.99503255e-01 1.35526739e-06 1.06390136e-04 4.13458338e-06
 3.66734025e-06 1.65639244e-06 3.79502570e-04]",[9.9979681e-01 7.1600800e-05 1.1687811e-04 1.4725943e-05],[9.999954e-01 4.614730e-06],"[1.3382607e-08 1.0072081e-06 9.3877164e-04 6.3604510e-01 3.5630816e-01
 6.6672070e-03 3.9554710e-05 1.3224698e-07 3.3197265e-09]"
D:\Uni\Ulm\Master\Hiwi-Forschung-und-Lehre\FairFace\detected_faces\142524_face0.jpg,Black,Black,Male,30-39,"[7.4357617e-05 9.8595464e-01 6.5904032e-03 1.1051854e-05 7.9760462e-04
 5.8428939e-03 7.2904071e-04]",[2.2463331e-05 9.9963129e-01 7.7404431e-05 2.6874189e-04],[9.9999326e-01 6.7296419e-06],"[2.9599007e-06 2.8674061e-05 2.7356744e-03 2.6520908e-01 6.5932727e-01
 7.1237236e-02 1.4343121e-03 2.4063293e-05 7.8478263e-07]"
D:\Uni\Ulm\Master\Hiwi-Forschung-und-Lehre\FairFace\detected_faces\142525_face0.jpg,White,White,Male,30-39,"[9.83394504e-01 3.79441517e-05 3.16776894e-03 1.04282575e-04
 2.40618552e-04 5.28822602e-05 1.30020622e-02]",[9.9743670e-01 1.4856385e-04 2.3440276e-03 7.0690527e-05],[9.9999988e-01 1.4233125e-07],"[7.1733493e-06 8.3681327e-05 5.2592256e-03 2.0545512e-01 6.2817901e-01
 1.5523949e-01 5.7020015e-03 7.3779447e-05 5.2179183e-07]"
D:\Uni\Ulm\Master\Hiwi-Forschung-und-Lehre\FairFace\detected_faces\142568_face0.jpg,White,White,Male,20-29,"[8.9506370e-01 1.7215947e-04 8.9074343e-02 4.7153218e-05 1.8711403e-04
 1.7875245e-04 1.5276786e-02]",[9.9903280e-01 3.4635334e-04 2.6863796e-04 3.5223534e-04],[1.0000000e+00 2.2890088e-08],"[1.2341900e-07 3.6820149e-06 4.6561901e-03 5.9968805e-01 3.8033649e-01
 1.5198829e-02 1.1569699e-04 1.0011082e-06 7.2721611e-09]"
D:\Uni\Ulm\Master\Hiwi-Forschung-und-Lehre\FairFace\detected_faces\142570_face0.jpg,White,White,Male,20-29,"[9.9940473e-01 5.1701336e-06 1.9195519e-04 6.6050557e-06 1.6417243e-05
 2.1532549e-06 3.7292193e-04]",[9.9422401e-01 1.4638286e-03 3.9459155e-03 3.6624755e-04],[1.0000000e+00 2.3902563e-08],"[8.4047301e-08 3.7879963e-06 4.9020308e-03 8.6760926e-01 1.2647864e-01
 1.0006452e-03 5.4972134e-06 5.8335630e-08 1.1656455e-09]"
