face_name_align,race,race4,gender,age,race_scores_fair,race_scores_fair_4,gender_scores_fair,age_scores_fair
D:\Uni\Ulm\Master\Hiwi-Forschung-und-Lehre\FairFace\detected_faces\1387923_face0.jpg,White,White,Male,20-29,"[9.9831629e-01 5.6873287e-06 2.3258031e-04 2.0943980e-06 2.6320845e-06
 4.3597649e-07 1.4402556e-03]",[9.9995059e-01 2.8863786e-05 1.7929595e-05 2.5389279e-06],[9.9999964e-01 3.8662529e-07],"[1.9513310e-08 7.2349430e-05 3.9199820e-01 6.0001725e-01 7.8369509e-03
 7.4985495e-05 2.8737318e-07 4.2095780e-09 7.0032785e-11]"
D:\Uni\Ulm\Master\Hiwi-Forschung-und-Lehre\FairFace\detected_faces\1387924_face0.jpg,Latino_Hispanic,White,Male,20-29,"[4.1560289e-01 3.9916495e-03 4.6276706e-01 2.6149486e-04 6.8174361e-04
 1.0316243e-03 1.1566348e-01]",[0.8976843  0.05543826 0.04168021 0.00519725],[9.9997914e-01 2.0861724e-05],"[4.1584585e-06 5.1692309e-04 1.3615990e-01 7.1651644e-01 1.3801961e-01
 8.5927723e-03 1.8674825e-04 3.4945708e-06 4.7578990e-08]"
D:\Uni\Ulm\Master\Hiwi-Forschung-und-Lehre\FairFace\detected_faces\1387925_face0.jpg,White,White,Male,20-29,"[9.7334850e-01 1.7459573e-04 5.4799216e-03 7.4897043e-06 2.0408288e-05
 8.0813170e-06 2.0960955e-02]",[9.9885732e-01 9.7029028e-04 1.6076515e-04 1.1690966e-05],[1.000000e+00 1.782667e-08],"[1.13155686e-07 1.12241753e-04 7.20763728e-02 8.79939854e-01
 4.72666584e-02 6.02192886e-04 2.56434350e-06 3.75796283e-08
 4.96871599e-10]"
D:\Uni\Ulm\Master\Hiwi-Forschung-und-Lehre\FairFace\detected_faces\1387930_face0.jpg,Black,Black,Male,20-29,"[3.5131125e-06 9.9977773e-01 9.2237031e-05 1.8963770e-07 1.0231322e-05
 1.1319384e-04 3.0002329e-06]",[1.6769975e-05 9.9956626e-01 1.6275581e-04 2.5412947e-04],[9.9998349e-01 1.6504566e-05],"[2.58830113e-08 3.54090525e-06 8.42402410e-03 7.85597384e-01
 2.01255903e-01 4.68212878e-03 3.66325257e-05 3.19071802e-07
 1.36744225e-08]"
D:\Uni\Ulm\Master\Hiwi-Forschung-und-Lehre\FairFace\detected_faces\1388328_face0.jpg,Middle Eastern,Indian,Male,20-29,"[4.1356076e-02 3.9210019e-04 1.2378194e-01 4.6964077e-04 2.3140407e-03
 2.5295360e-02 8.0639082e-01]",[0.3511113  0.08512904 0.04850518 0.5152545 ],[9.9998307e-01 1.6892698e-05],"[1.5230802e-07 7.9262109e-06 2.9670682e-03 7.2562671e-01 2.6607466e-01
 5.3055799e-03 1.7646395e-05 2.3645653e-07 4.4517270e-09]"
D:\Uni\Ulm\Master\Hiwi-Forschung-und-Lehre\FairFace\detected_faces\1388341_face0.jpg,Black,Black,Male,40-49,"[7.7224482e-04 6.6584533e-01 6.4778537e-02 6.3431624e-05 1.4361900e-03
 2.6568118e-01 1.4230675e-03]",[3.5268505e-04 9.0367830e-01 2.1815159e-04 9.5750868e-02],[1.0000000e+00 7.3978286e-09],"[3.76566982e-06 4.12790287e-05 4.13764687e-03 1.31610900e-01
 3.06356728e-01 4.31655020e-01 1.20941035e-01 5.21170488e-03
 4.19652206e-05]"
D:\Uni\Ulm\Master\Hiwi-Forschung-und-Lehre\FairFace\detected_faces\1388529_face0.jpg,White,White,Male,10-19,"[8.94990921e-01 1.15795331e-06 5.01895731e-04 4.16793227e-05
 2.58811579e-05 7.29914427e-06 1.04431175e-01]",[9.9989080e-01 2.8015678e-05 1.9004423e-05 6.2244253e-05],[0.9879165  0.01208349],"[5.3424412e-07 9.7782910e-04 8.0766690e-01 1.7473976e-01 1.4927696e-02
 1.6152802e-03 6.4820997e-05 6.8707091e-06 2.6613179e-07]"
D:\Uni\Ulm\Master\Hiwi-Forschung-und-Lehre\FairFace\detected_faces\1388544_face0.jpg,Indian,Black,Male,10-19,"[0.00509621 0.26321205 0.10374611 0.00666281 0.12411343 0.4480101
 0.04915921]",[0.00517532 0.50889874 0.07376369 0.4121622 ],[9.9980283e-01 1.9716684e-04],"[3.0454746e-06 8.3883349e-03 8.2211363e-01 1.5504675e-01 1.2963545e-02
 1.4261452e-03 5.1344694e-05 6.8382037e-06 3.1581499e-07]"
D:\Uni\Ulm\Master\Hiwi-Forschung-und-Lehre\FairFace\detected_faces\1389689_face0.jpg,Latino_Hispanic,Black,Male,20-29,"[1.2217131e-01 4.1156534e-02 6.7301685e-01 6.5186556e-04 3.9316379e-03
 5.4031704e-02 1.0504012e-01]",[0.39510074 0.5379806  0.01167402 0.05524471],[9.999879e-01 1.209337e-05],"[1.5631816e-05 1.2390792e-03 4.2948253e-02 7.9229212e-01 1.6063483e-01
 2.8495719e-03 1.9830179e-05 7.3347519e-07 1.9127503e-08]"
D:\Uni\Ulm\Master\Hiwi-Forschung-und-Lehre\FairFace\detected_faces\1389768_face0.jpg,Black,Black,Male,20-29,"[8.8023348e-03 5.2261430e-01 4.5330414e-01 2.4920556e-04 4.1732602e-03
 3.4334557e-03 7.4233133e-03]",[7.1687007e-04 9.9496371e-01 4.1145715e-04 3.9079390e-03],[9.9979752e-01 2.0251382e-04],"[6.0755286e-07 1.0791431e-04 1.8490262e-01 7.4823207e-01 6.3827373e-02
 2.8648728e-03 6.3122206e-05 1.3477492e-06 4.1219373e-08]"
D:\Uni\Ulm\Master\Hiwi-Forschung-und-Lehre\FairFace\detected_faces\1389893_face0.jpg,Middle Eastern,White,Male,20-29,"[1.1717938e-01 4.8715426e-04 1.3010684e-01 3.4872133e-05 2.1260195e-04
 1.0368601e-02 7.4161053e-01]",[0.9373629  0.04196783 0.00142589 0.01924329],[9.9999881e-01 1.2035731e-06],"[8.34089747e-07 1.01376856e-04 6.30151946e-03 8.48136723e-01
 1.44017771e-01 1.43809395e-03 3.70141629e-06 6.08675634e-08
 7.92137578e-10]"
D:\Uni\Ulm\Master\Hiwi-Forschung-und-Lehre\FairFace\detected_faces\1390090_face0.jpg,White,White,Male,10-19,"[0.5556839  0.01813801 0.3785953  0.00104147 0.00683406 0.0015395
 0.03816783]",[0.47284392 0.47184345 0.04832128 0.00699134],[9.9999994e-01 4.7794796e-08],"[4.4480832e-09 2.8828086e-05 5.1874596e-01 4.7948661e-01 1.7280319e-03
 1.0442763e-05 4.3411983e-08 2.2177016e-09 2.3704837e-11]"
D:\Uni\Ulm\Master\Hiwi-Forschung-und-Lehre\FairFace\detected_faces\1390243_face0.jpg,White,White,Male,10-19,"[9.7536075e-01 3.3794340e-06 1.9875078e-02 7.2733223e-05 2.7302006e-04
 1.5893113e-04 4.2560622e-03]",[9.9714947e-01 3.3470344e-05 2.6359612e-03 1.8113575e-04],[9.9999988e-01 7.1468484e-08],"[6.5343144e-08 9.3027676e-04 8.0941671e-01 1.8781078e-01 1.8133483e-03
 2.8683997e-05 7.5049869e-08 1.3116855e-09 1.9811224e-11]"
D:\Uni\Ulm\Master\Hiwi-Forschung-und-Lehre\FairFace\detected_faces\1390354_face0.jpg,Black,Black,Male,20-29,"[7.9615980e-05 9.9599284e-01 1.3110996e-03 2.4855466e-04 1.8017682e-03
 4.8125762e-04 8.4882420e-05]",[9.4203664e-05 9.5819420e-01 3.7340831e-02 4.3708393e-03],[9.9954504e-01 4.5501714e-04],"[1.8021111e-06 7.7715267e-05 1.0553573e-02 5.3323263e-01 4.0109438e-01
 4.9967617e-02 4.6720924e-03 3.5246176e-04 4.7686004e-05]"
D:\Uni\Ulm\Master\Hiwi-Forschung-und-Lehre\FairFace\detected_faces\1390489_face0.jpg,Middle Eastern,White,Male,20-29,"[1.9385213e-01 4.8826674e-05 9.8284997e-02 4.4645160e-05 8.6046770e-05
 6.9801775e-03 7.0070314e-01]",[8.6547369e-01 4.4221594e-04 3.6873338e-03 1.3039680e-01],[9.9999976e-01 2.0970678e-07],"[6.4387905e-06 3.1180265e-03 3.9944384e-01 5.7088298e-01 2.5906941e-02
 6.3827616e-04 3.4376046e-06 9.6552476e-08 9.4206787e-10]"
D:\Uni\Ulm\Master\Hiwi-Forschung-und-Lehre\FairFace\detected_faces\1390614_face0.jpg,White,White,Male,10-19,"[9.8720825e-01 3.9810484e-06 2.9638333e-03 4.2533669e-05 4.2822128e-05
 1.9981682e-05 9.7186277e-03]",[9.9868757e-01 1.4997931e-04 8.3897030e-05 1.0786126e-03],[9.9999958e-01 4.8469417e-07],"[8.3365412e-09 4.3531338e-05 5.8303756e-01 4.1434914e-01 2.5365592e-03
 3.3074662e-05 1.5733094e-07 2.7537495e-09 3.8492542e-11]"
D:\Uni\Ulm\Master\Hiwi-Forschung-und-Lehre\FairFace\detected_faces\1390682_face0.jpg,White,White,Male,20-29,"[9.3483710e-01 3.0258316e-06 9.7401254e-03 4.0664476e-05 6.4003449e-05
 1.5337615e-04 5.5161793e-02]",[9.8880750e-01 1.3903530e-04 1.4587219e-03 9.5948009e-03],[9.9999839e-01 1.6619173e-06],"[6.7842452e-09 8.5440206e-06 4.0100176e-02 9.3005288e-01 2.9520515e-02
 3.1714365e-04 6.9235620e-07 5.2555094e-09 9.2815464e-11]"
D:\Uni\Ulm\Master\Hiwi-Forschung-und-Lehre\FairFace\detected_faces\1390683_face0.jpg,White,White,Male,20-29,"[9.9338198e-01 1.7701372e-04 2.4955454e-03 1.0373064e-04 1.5592585e-04
 1.6144440e-05 3.6696058e-03]",[0.97047746 0.00586775 0.01706021 0.00659449],[9.999996e-01 4.173978e-07],"[5.2093578e-09 3.4619552e-06 6.0692899e-02 9.2308909e-01 1.6059473e-02
 1.5312532e-04 1.7948375e-06 3.4654164e-08 4.5800813e-10]"
D:\Uni\Ulm\Master\Hiwi-Forschung-und-Lehre\FairFace\detected_faces\1390753_face0.jpg,White,White,Male,10-19,"[9.1232497e-01 4.3324457e-05 3.7176080e-02 4.4160355e-05 8.8282992e-05
 6.6936499e-04 4.9653787e-02]",[9.9917489e-01 5.3253931e-05 9.6757685e-05 6.7513727e-04],[9.9963164e-01 3.6837629e-04],"[5.0497224e-06 9.3284277e-03 7.9482853e-01 1.8920039e-01 6.2716710e-03
 3.6168308e-04 4.1150538e-06 1.2634349e-07 4.9092055e-09]"
D:\Uni\Ulm\Master\Hiwi-Forschung-und-Lehre\FairFace\detected_faces\1390756_face0.jpg,White,White,Male,10-19,"[8.3622825e-01 4.4264085e-05 2.0075569e-02 8.4163396e-05 1.7749173e-04
 5.3155669e-05 1.4333709e-01]",[9.9859518e-01 3.9570831e-04 4.3475654e-04 5.7429844e-04],[9.9998695e-01 1.3056143e-05],"[8.1391065e-08 5.7725434e-04 8.2091182e-01 1.7320122e-01 5.0688847e-03
 2.3852136e-04 2.1782666e-06 5.1829332e-08 1.0508886e-09]"
D:\Uni\Ulm\Master\Hiwi-Forschung-und-Lehre\FairFace\detected_faces\1391111_face0.jpg,Latino_Hispanic,White,Male,10-19,"[0.18614799 0.00845531 0.5181262  0.00130175 0.00741362 0.00676339
 0.2717918 ]",[0.6286828  0.12990807 0.21532546 0.02608366],[9.9998116e-01 1.8799079e-05],"[3.5853951e-05 5.7397902e-02 6.9362473e-01 2.3145086e-01 1.6542258e-02
 9.3717722e-04 1.0801899e-05 3.7715441e-07 1.0070954e-08]"
D:\Uni\Ulm\Master\Hiwi-Forschung-und-Lehre\FairFace\detected_faces\1391304_face0.jpg,Black,Black,Male,20-29,"[3.3805221e-03 5.7623446e-01 3.5082686e-01 4.2139023e-04 9.9972431e-03
 3.0374996e-02 2.8764496e-02]",[0.00178639 0.8578704  0.05623975 0.08410344],[9.9999642e-01 3.5672974e-06],"[1.9737859e-06 6.5418586e-05 2.3602169e-02 7.0856994e-01 2.3569150e-01
 3.0994836e-02 1.0093239e-03 6.3175270e-05 1.6759054e-06]"
D:\Uni\Ulm\Master\Hiwi-Forschung-und-Lehre\FairFace\detected_faces\1391366_face0.jpg,Middle Eastern,White,Male,20-29,"[2.6792127e-01 6.0024080e-03 1.6986123e-01 4.1657790e-06 6.6344917e-05
 5.7998110e-02 4.9814653e-01]",[5.9431642e-01 1.9878252e-01 4.7161759e-04 2.0642936e-01],[9.9999988e-01 5.6638765e-08],"[4.9308543e-08 8.8777189e-05 8.2579680e-02 8.6429644e-01 5.2633274e-02
 4.0104057e-04 7.0886949e-07 1.1244964e-08 1.2018919e-10]"
D:\Uni\Ulm\Master\Hiwi-Forschung-und-Lehre\FairFace\detected_faces\1391374_face0.jpg,White,White,Male,20-29,"[9.3866605e-01 6.3181680e-04 2.2325810e-02 1.5433033e-03 1.6527516e-03
 2.4251404e-04 3.4937777e-02]",[9.5745230e-01 6.6064694e-04 4.0810522e-02 1.0765718e-03],[1.0000000e+00 3.0735638e-08],"[2.4699643e-06 3.0201685e-04 6.9813371e-02 8.6614054e-01 6.2987372e-02
 7.4596296e-04 7.8528255e-06 4.5933317e-07 5.8533733e-09]"
D:\Uni\Ulm\Master\Hiwi-Forschung-und-Lehre\FairFace\detected_faces\1391375_face0.jpg,White,White,Male,20-29,"[9.72310781e-01 1.35958489e-05 5.95696131e-03 7.44918289e-05
 1.00155885e-04 2.10062368e-04 2.13339031e-02]",[9.9986476e-01 7.5268963e-06 6.2718515e-05 6.5070039e-05],[9.9999726e-01 2.7370020e-06],"[1.5647879e-06 1.1370580e-03 2.6519099e-01 6.7921788e-01 5.3050905e-02
 1.3930072e-03 8.3427849e-06 1.5355094e-07 2.9785738e-09]"
D:\Uni\Ulm\Master\Hiwi-Forschung-und-Lehre\FairFace\detected_faces\1391411_face0.jpg,White,White,Male,20-29,"[9.9568504e-01 1.9805932e-06 1.6619090e-03 9.5273765e-07 2.0329442e-06
 4.2422533e-05 2.6055551e-03]",[9.9938071e-01 1.3702969e-05 5.0923777e-06 6.0051202e-04],[9.9999428e-01 5.7066504e-06],"[6.0368950e-09 2.5484562e-05 2.4384755e-01 7.4940830e-01 6.6408822e-03
 7.7509692e-05 2.0944069e-07 2.6425608e-09 3.6993176e-11]"
D:\Uni\Ulm\Master\Hiwi-Forschung-und-Lehre\FairFace\detected_faces\1391437_face0.jpg,White,White,Male,20-29,"[9.7632766e-01 6.3596136e-04 6.4881556e-03 5.9910566e-05 6.6974935e-05
 3.8364411e-05 1.6383005e-02]",[0.9623422  0.03170874 0.00273239 0.00321662],[9.9998921e-01 1.0788342e-05],"[6.1769242e-08 1.9302364e-05 2.7763559e-02 8.1486714e-01 1.5331063e-01
 3.9814264e-03 5.6798388e-05 1.1347377e-06 1.9678458e-08]"
D:\Uni\Ulm\Master\Hiwi-Forschung-und-Lehre\FairFace\detected_faces\1391487_face0.jpg,Latino_Hispanic,Black,Male,10-19,"[1.4662514e-02 8.4001966e-02 8.1497329e-01 1.3283515e-05 5.5081997e-04
 7.0978820e-02 1.4819320e-02]",[0.04696399 0.78431535 0.02967716 0.13904351],[1.0000000e+00 7.3282624e-09],"[1.8969709e-08 4.5638983e-04 7.9939890e-01 1.9749305e-01 2.6264491e-03
 2.5265355e-05 6.8667148e-08 1.8118597e-09 1.6165560e-11]"
D:\Uni\Ulm\Master\Hiwi-Forschung-und-Lehre\FairFace\detected_faces\1391596_face0.jpg,Latino_Hispanic,Indian,Male,20-29,"[1.1186445e-01 2.9963078e-03 7.7823287e-01 6.0642222e-05 5.8060407e-04
 8.5880375e-03 9.7677045e-02]",[0.2293007  0.14004481 0.00859092 0.6220635 ],[9.9999720e-01 2.8024983e-06],"[9.4679017e-08 5.0919505e-05 1.8850051e-01 7.8956187e-01 2.1574866e-02
 3.0884403e-04 2.8298111e-06 8.4272486e-08 1.0651628e-09]"
D:\Uni\Ulm\Master\Hiwi-Forschung-und-Lehre\FairFace\detected_faces\1391616_face0.jpg,White,White,Male,20-29,"[9.9325031e-01 3.1456559e-05 2.0903400e-03 1.8936018e-05 2.0889773e-05
 2.4233209e-06 4.5856694e-03]",[9.9985099e-01 1.4340910e-05 1.2565793e-04 9.0312269e-06],[9.9999970e-01 2.7843245e-07],"[4.1328288e-08 6.3092048e-05 3.7123176e-01 6.1848778e-01 1.0099345e-02
 1.1746803e-04 5.5845391e-07 1.8909889e-08 2.7489724e-10]"
D:\Uni\Ulm\Master\Hiwi-Forschung-und-Lehre\FairFace\detected_faces\1391752_face0.jpg,White,White,Male,20-29,"[8.5928005e-01 7.2827002e-05 1.9514646e-02 1.1222964e-05 6.7037974e-05
 2.3997806e-03 1.1865449e-01]",[9.9886513e-01 2.1707125e-04 1.4742602e-05 9.0306450e-04],[9.9999964e-01 3.6748790e-07],"[2.7866442e-06 1.0998899e-03 1.7708071e-01 6.3951010e-01 1.6539206e-01
 1.6682116e-02 2.2532612e-04 6.9489565e-06 8.2090288e-08]"
D:\Uni\Ulm\Master\Hiwi-Forschung-und-Lehre\FairFace\detected_faces\1391786_face0.jpg,Middle Eastern,Black,Male,20-29,"[1.1224525e-01 1.8127719e-02 2.8883648e-01 6.4744432e-05 3.5585032e-04
 5.7522738e-03 5.7461768e-01]",[7.7166654e-02 8.8820779e-01 7.8721804e-04 3.3838306e-02],[9.9999720e-01 2.7878411e-06],"[8.60916032e-08 8.55458802e-06 7.90545065e-03 7.50574052e-01
 2.34575316e-01 6.83254981e-03 1.02688326e-04 1.32489799e-06
 2.20030216e-08]"
D:\Uni\Ulm\Master\Hiwi-Forschung-und-Lehre\FairFace\detected_faces\1391789_face0.jpg,Black,Black,Male,30-39,"[8.4871652e-05 9.9707574e-01 9.9540316e-04 6.6797514e-07 6.2715794e-06
 1.8007854e-03 3.6196630e-05]",[8.3570027e-05 9.9984032e-01 3.7338971e-06 7.2429306e-05],[0.9798046  0.02019539],"[7.9530080e-09 6.8650422e-07 1.0039185e-03 3.5623664e-01 6.1471432e-01
 2.7632348e-02 4.0813867e-04 3.9208326e-06 7.0717348e-08]"
D:\Uni\Ulm\Master\Hiwi-Forschung-und-Lehre\FairFace\detected_faces\1391824_face0.jpg,White,White,Male,20-29,"[9.99724090e-01 1.18143282e-06 1.09901055e-04 1.52107896e-06
 1.51869085e-06 6.42117072e-07 1.61124393e-04]",[9.9988103e-01 7.5625190e-05 3.4714423e-05 8.6090922e-06],[9.999692e-01 3.082759e-05],"[2.2267951e-08 2.7085483e-05 1.5053549e-01 8.3007634e-01 1.8996531e-02
 3.5919200e-04 5.2443247e-06 9.9574038e-08 3.7516288e-09]"
D:\Uni\Ulm\Master\Hiwi-Forschung-und-Lehre\FairFace\detected_faces\1391830_face0.jpg,Black,Black,Male,20-29,"[2.6917995e-03 7.3778987e-01 1.5251160e-01 5.2925016e-06 1.8406553e-04
 9.7557291e-02 9.2601571e-03]",[1.2890763e-04 9.9436527e-01 6.6500514e-05 5.4393271e-03],[9.99999940e-01 1.02311574e-07],"[2.6500686e-08 9.8039573e-07 5.7645859e-03 7.9584277e-01 1.9328497e-01
 5.0387173e-03 6.6481189e-05 1.4775874e-06 1.4173316e-08]"
D:\Uni\Ulm\Master\Hiwi-Forschung-und-Lehre\FairFace\detected_faces\1391844_face0.jpg,White,White,Male,20-29,"[9.9714214e-01 8.4722851e-06 3.6250439e-04 4.9020912e-07 2.1982848e-06
 7.0535502e-06 2.4771625e-03]",[9.9944490e-01 2.1740720e-04 9.8469982e-06 3.2782252e-04],[9.9998260e-01 1.7380089e-05],"[1.4175910e-08 1.7924380e-05 8.8469677e-02 8.8878942e-01 2.2134043e-02
 5.8204221e-04 6.8029062e-06 1.2529772e-07 4.0007802e-09]"
D:\Uni\Ulm\Master\Hiwi-Forschung-und-Lehre\FairFace\detected_faces\1391845_face0.jpg,Black,Black,Male,30-39,"[8.5843913e-04 9.9498063e-01 1.9850049e-03 7.2817062e-07 1.9041363e-05
 1.4125837e-03 7.4360910e-04]",[4.1517634e-03 9.9424070e-01 2.5908745e-04 1.3484212e-03],[9.99999881e-01 1.10803846e-07],"[2.15254143e-08 3.64960528e-07 6.68708177e-04 4.72907305e-01
 5.15595675e-01 1.06298830e-02 1.94176144e-04 3.80023516e-06
 1.03198005e-07]"
D:\Uni\Ulm\Master\Hiwi-Forschung-und-Lehre\FairFace\detected_faces\1391878_face0.jpg,White,White,Male,20-29,"[9.7204638e-01 4.9700022e-05 1.8009424e-02 2.2291458e-06 1.1539746e-05
 3.7228045e-05 9.8434789e-03]",[9.995465e-01 3.581859e-04 3.118098e-05 6.412214e-05],[9.9999988e-01 5.1809906e-08],"[7.4940921e-08 6.4234478e-06 5.5219536e-03 6.6571772e-01 3.1632876e-01
 1.2357152e-02 6.6619199e-05 1.2332800e-06 7.6325515e-09]"
D:\Uni\Ulm\Master\Hiwi-Forschung-und-Lehre\FairFace\detected_faces\1391879_face0.jpg,Latino_Hispanic,Indian,Male,20-29,"[3.8136609e-02 3.1472384e-03 3.4857956e-01 1.6449406e-04 1.1777938e-03
 2.7983314e-01 3.2896116e-01]",[0.02751089 0.0086956  0.00296783 0.9608257 ],[1.0000000e+00 3.0231104e-09],"[1.1952804e-06 3.8185215e-05 5.6606047e-03 6.5260297e-01 3.2920361e-01
 1.2390588e-02 1.0051923e-04 2.2956488e-06 1.2736223e-08]"
D:\Uni\Ulm\Master\Hiwi-Forschung-und-Lehre\FairFace\detected_faces\1391895_face0.jpg,Middle Eastern,White,Male,10-19,"[1.4637695e-01 7.0038957e-05 7.5432318e-03 2.3787204e-04 2.5613172e-04
 4.2231681e-04 8.4509337e-01]",[0.98606884 0.00206469 0.00543088 0.00643552],[9.999927e-01 7.310540e-06],"[2.6606106e-08 2.8293394e-04 8.3090359e-01 1.6815123e-01 6.5544085e-04
 6.7414244e-06 3.1372743e-08 2.8619893e-09 5.3940234e-11]"
D:\Uni\Ulm\Master\Hiwi-Forschung-und-Lehre\FairFace\detected_faces\1391970_face0.jpg,White,White,Male,20-29,"[8.9510661e-01 1.4002105e-03 4.9272925e-02 6.2426108e-05 7.8273486e-05
 2.1439759e-04 5.3865194e-02]",[9.9832064e-01 1.2538563e-03 8.8484201e-05 3.3693929e-04],[9.9995863e-01 4.1363655e-05],"[3.6811182e-06 1.8271257e-04 2.2977354e-02 8.3616161e-01 1.3857663e-01
 2.0806957e-03 1.6804710e-05 5.7879754e-07 2.2188743e-08]"
D:\Uni\Ulm\Master\Hiwi-Forschung-und-Lehre\FairFace\detected_faces\1392077_face0.jpg,White,White,Male,20-29,"[9.9889475e-01 3.6948368e-06 4.9516116e-04 1.2547845e-05 3.2258016e-05
 2.8190877e-07 5.6136033e-04]",[9.9987859e-01 2.1767883e-05 9.5441559e-05 4.3461455e-06],[0.9987242  0.00127584],"[3.0556894e-08 4.3713459e-05 2.7391809e-01 7.0442384e-01 2.1048389e-02
 5.5880059e-04 6.9468119e-06 1.1576513e-07 3.9765675e-09]"
D:\Uni\Ulm\Master\Hiwi-Forschung-und-Lehre\FairFace\detected_faces\1392457_face0.jpg,Middle Eastern,White,Male,20-29,"[1.6205069e-02 2.8903951e-06 5.5922684e-03 2.9157703e-05 5.8774305e-05
 1.9653626e-03 9.7614646e-01]",[9.7926676e-01 3.7978552e-05 1.1351142e-03 1.9560155e-02],[9.9970394e-01 2.9606646e-04],"[2.8669031e-06 1.2317594e-04 8.1486525e-03 7.1600217e-01 2.6974469e-01
 5.9601376e-03 1.7955363e-05 3.6889941e-07 1.1479632e-08]"
D:\Uni\Ulm\Master\Hiwi-Forschung-und-Lehre\FairFace\detected_faces\1392458_face0.jpg,White,White,Male,20-29,"[9.9371785e-01 3.0543950e-05 6.6869351e-04 4.6467294e-06 6.3759690e-06
 1.6529891e-06 5.5702506e-03]",[9.9974537e-01 1.6034704e-04 5.4545977e-05 3.9675080e-05],[9.9999994e-01 5.3396853e-08],"[3.1531027e-08 3.1211330e-06 6.0582133e-03 8.8042456e-01 1.1193350e-01
 1.5685332e-03 1.1781044e-05 2.4304035e-07 2.7185914e-09]"
D:\Uni\Ulm\Master\Hiwi-Forschung-und-Lehre\FairFace\detected_faces\1392459_face0.jpg,Middle Eastern,White,Male,20-29,"[1.06488332e-01 1.04448896e-04 4.55692923e-03 1.34191441e-03
 1.97733869e-04 3.20918247e-04 8.86989713e-01]",[9.9852687e-01 4.1073904e-04 6.6021050e-04 4.0215775e-04],[0.8674184  0.13258155],"[2.9562875e-06 7.8871490e-05 2.3354208e-02 5.4000312e-01 3.3595765e-01
 9.0093218e-02 9.3954252e-03 1.0509216e-03 6.3594031e-05]"
D:\Uni\Ulm\Master\Hiwi-Forschung-und-Lehre\FairFace\detected_faces\1392506_face0.jpg,White,White,Male,10-19,"[9.7964948e-01 1.1958338e-06 1.3527056e-03 1.8605569e-05 1.1119397e-05
 1.7604250e-05 1.8949250e-02]",[9.9995512e-01 1.5909894e-06 1.7100752e-05 2.6246951e-05],[9.99985337e-01 1.46221155e-05],"[3.3357142e-06 5.2781170e-03 8.2116854e-01 1.6291794e-01 1.0014948e-02
 6.1187346e-04 5.1571706e-06 1.5087711e-07 3.2357559e-09]"
D:\Uni\Ulm\Master\Hiwi-Forschung-und-Lehre\FairFace\detected_faces\1392573_face0.jpg,White,White,Male,20-29,"[5.4976171e-01 2.4829298e-04 6.8969145e-02 1.1736562e-04 2.4913740e-04
 1.1054529e-03 3.7954894e-01]",[0.9850374  0.00323548 0.00773507 0.00399206],[9.999641e-01 3.583863e-05],"[1.06946601e-07 1.13323595e-05 5.78154204e-03 8.60786021e-01
 1.32925019e-01 4.95291839e-04 6.74657542e-07 1.47025006e-08
 2.43937981e-10]"
D:\Uni\Ulm\Master\Hiwi-Forschung-und-Lehre\FairFace\detected_faces\1392592_face0.jpg,White,White,Male,10-19,"[8.8350588e-01 3.5937683e-05 9.3365638e-03 6.6662324e-05 9.5492687e-05
 1.2936813e-04 1.0683008e-01]",[9.9809927e-01 1.1984429e-03 3.8721351e-04 3.1506570e-04],[9.999923e-01 7.694777e-06],"[3.8728338e-08 3.4322898e-04 5.4259759e-01 4.5444945e-01 2.5953250e-03
 1.4409719e-05 2.9786930e-08 1.1021675e-09 2.6278263e-11]"
D:\Uni\Ulm\Master\Hiwi-Forschung-und-Lehre\FairFace\detected_faces\1392774_face0.jpg,White,Asian,Male,10-19,"[4.7338668e-01 2.2752011e-04 2.4365054e-01 1.6976517e-02 2.2486163e-02
 9.0166496e-04 2.4237090e-01]",[0.4156046  0.00127813 0.58082676 0.00229054],[9.999999e-01 7.275912e-08],"[1.16154325e-07 1.53633388e-04 5.03612816e-01 4.89049941e-01
 7.12710526e-03 5.61039997e-05 2.62413380e-07 9.61949453e-09
 7.60770821e-11]"
D:\Uni\Ulm\Master\Hiwi-Forschung-und-Lehre\FairFace\detected_faces\1392882_face0.jpg,Middle Eastern,White,Male,20-29,"[8.8578299e-02 5.1833522e-03 1.7956524e-01 5.8426044e-04 2.0364609e-03
 3.2608039e-03 7.2079158e-01]",[0.86709917 0.03439227 0.01280434 0.08570419],[1.000000e+00 4.631761e-09],"[2.6299708e-07 1.9602319e-05 8.9190220e-03 8.0654752e-01 1.7973430e-01
 4.7023497e-03 7.1653354e-05 5.1867414e-06 4.3852289e-08]"
D:\Uni\Ulm\Master\Hiwi-Forschung-und-Lehre\FairFace\detected_faces\1393274_face0.jpg,White,White,Male,20-29,"[9.8846477e-01 1.1496134e-05 2.0378244e-03 1.0048947e-05 1.9033409e-05
 3.7206330e-05 9.4196880e-03]",[9.9964327e-01 9.4997931e-06 3.0333298e-05 3.1692669e-04],[9.9998188e-01 1.8072342e-05],"[5.6626510e-07 6.1069390e-05 4.8685487e-02 8.6086136e-01 8.7899201e-02
 2.4801737e-03 1.2001680e-05 1.9157973e-07 4.4107922e-09]"
D:\Uni\Ulm\Master\Hiwi-Forschung-und-Lehre\FairFace\detected_faces\1393275_face0.jpg,Middle Eastern,Indian,Male,20-29,"[8.1323989e-02 3.1717452e-03 3.3096170e-01 3.0497962e-04 2.8912136e-03
 5.8086789e-03 5.7553768e-01]",[0.29965776 0.0401239  0.02943827 0.6307801 ],[9.9984968e-01 1.5029553e-04],"[4.2488236e-07 5.1121748e-05 2.8408740e-02 7.2851282e-01 2.2708790e-01
 1.5490839e-02 4.3532552e-04 1.2551249e-05 2.0980933e-07]"
D:\Uni\Ulm\Master\Hiwi-Forschung-und-Lehre\FairFace\detected_faces\1393276_face0.jpg,White,White,Male,20-29,"[9.8709887e-01 1.5499251e-06 1.1412457e-03 9.8427146e-05 7.9349149e-05
 2.2603661e-05 1.1557880e-02]",[0.99393684 0.00143488 0.00249539 0.00213293],[9.9999636e-01 3.6223905e-06],"[4.5095959e-08 5.2524494e-05 1.7496389e-01 8.0779904e-01 1.6961485e-02
 2.2170189e-04 1.2576110e-06 3.0362859e-08 5.1640536e-10]"
D:\Uni\Ulm\Master\Hiwi-Forschung-und-Lehre\FairFace\detected_faces\1393423_face0.jpg,White,White,Male,20-29,"[8.7363601e-01 1.6213104e-04 1.0861262e-02 7.9211357e-05 1.1678716e-04
 5.8626367e-05 1.1508593e-01]",[9.9993062e-01 3.4714645e-05 3.0672418e-05 4.0114383e-06],[9.9999326e-01 6.7080846e-06],"[2.86933670e-07 1.04022358e-04 3.51508670e-02 8.40660334e-01
 1.22512616e-01 1.56389643e-03 7.88158468e-06 8.46505657e-08
 2.48499954e-09]"
D:\Uni\Ulm\Master\Hiwi-Forschung-und-Lehre\FairFace\detected_faces\1393424_face0.jpg,White,White,Male,20-29,"[9.3944114e-01 3.9554710e-04 2.3558445e-02 7.4164214e-05 2.3362425e-04
 8.1229206e-05 3.6215927e-02]",[9.8950613e-01 3.4337381e-03 6.5303547e-03 5.2967475e-04],[9.99986827e-01 1.31874685e-05],"[1.4662706e-07 5.0694347e-05 1.6531618e-01 7.9751521e-01 3.5912197e-02
 1.1876000e-03 1.7398279e-05 5.5095404e-07 1.3545204e-08]"
D:\Uni\Ulm\Master\Hiwi-Forschung-und-Lehre\FairFace\detected_faces\1393594_face0.jpg,Middle Eastern,White,Male,20-29,"[1.8936631e-01 5.4153649e-04 7.6919571e-02 3.2099171e-05 2.2133547e-04
 9.5257181e-04 7.3196661e-01]",[0.9748089  0.00391427 0.00321902 0.01805786],[9.999999e-01 7.232411e-08],"[2.4209156e-08 9.6818258e-06 3.7306670e-02 9.2430812e-01 3.7891090e-02
 4.8277696e-04 1.7011014e-06 3.7648661e-08 2.9439046e-10]"
D:\Uni\Ulm\Master\Hiwi-Forschung-und-Lehre\FairFace\detected_faces\1393673_face0.jpg,Black,Black,Male,20-29,"[1.00620055e-05 9.99438822e-01 1.15778312e-04 1.03235280e-07
 1.25975419e-06 4.27420309e-04 6.58788986e-06]",[5.2217683e-06 9.9982101e-01 6.4944260e-07 1.7321935e-04],[9.9985802e-01 1.4203916e-04],"[9.15335534e-07 1.62858877e-03 3.57470185e-01 5.91499984e-01
 4.68272381e-02 2.54238537e-03 3.01492637e-05 5.41305553e-07
 1.44173145e-08]"
D:\Uni\Ulm\Master\Hiwi-Forschung-und-Lehre\FairFace\detected_faces\1393939_face0.jpg,Black,Black,Male,20-29,"[4.19237258e-05 9.97378707e-01 1.30100688e-03 3.00128903e-07
 1.32052355e-05 1.12718286e-03 1.37643525e-04]",[1.33964695e-05 9.99258280e-01 3.78593504e-05 6.90457062e-04],[9.9995410e-01 4.5817087e-05],"[9.6693509e-07 6.3089503e-04 1.9800222e-01 7.4798107e-01 5.1137194e-02
 2.2065055e-03 4.0361356e-05 7.7255277e-07 1.8757774e-08]"
D:\Uni\Ulm\Master\Hiwi-Forschung-und-Lehre\FairFace\detected_faces\1394029_face0.jpg,Black,Black,Male,20-29,"[2.6261262e-07 9.9999672e-01 1.7699542e-06 1.8459113e-09 2.7287099e-08
 8.3588503e-07 3.9287514e-07]",[8.7125109e-08 9.9999839e-01 1.0622099e-06 5.2258827e-07],[9.9999350e-01 6.4580277e-06],"[6.1493367e-08 1.8556326e-04 7.1695805e-02 8.5425353e-01 7.3062092e-02
 8.0043729e-04 2.4056292e-06 2.8156027e-08 1.2008775e-09]"
D:\Uni\Ulm\Master\Hiwi-Forschung-und-Lehre\FairFace\detected_faces\1394030_face0.jpg,Middle Eastern,White,Male,10-19,"[9.8161973e-02 5.6990215e-05 3.6698919e-02 2.8272083e-05 8.3445688e-05
 4.7353955e-04 8.6449689e-01]",[9.9628806e-01 5.9267104e-04 1.2114398e-03 1.9078022e-03],[9.9996263e-01 3.7319307e-05],"[3.4209981e-07 3.9526150e-03 8.5847670e-01 1.3562708e-01 1.9003230e-03
 4.2747994e-05 1.8909400e-07 7.6816917e-09 1.6555593e-10]"
D:\Uni\Ulm\Master\Hiwi-Forschung-und-Lehre\FairFace\detected_faces\1394031_face0.jpg,White,White,Male,10-19,"[9.9369663e-01 1.6382855e-07 1.5547920e-04 4.8846518e-06 1.0661674e-05
 1.4391034e-06 6.1307438e-03]",[9.9987215e-01 7.8411122e-06 5.0618426e-05 6.9386384e-05],[9.995298e-01 4.702458e-04],"[2.3679318e-06 9.5929876e-03 8.5636759e-01 1.2257674e-01 1.0057490e-02
 1.3835219e-03 1.8539771e-05 7.4962725e-07 3.2171393e-08]"
D:\Uni\Ulm\Master\Hiwi-Forschung-und-Lehre\FairFace\detected_faces\1394032_face0.jpg,Black,Black,Male,20-29,"[2.0773075e-07 9.9980801e-01 6.5887348e-06 1.5727211e-07 1.8913796e-06
 1.8300315e-04 1.3012492e-07]",[4.0576419e-06 9.9923491e-01 2.8293955e-05 7.3271611e-04],[0.991725   0.00827503],"[2.39846187e-08 1.75578916e-05 1.01388395e-02 6.24467373e-01
 3.50082666e-01 1.51419053e-02 1.50224238e-04 1.30468914e-06
 3.42016193e-08]"
D:\Uni\Ulm\Master\Hiwi-Forschung-und-Lehre\FairFace\detected_faces\1394064_face0.jpg,White,White,Male,20-29,"[8.5460234e-01 4.6014006e-07 2.6304103e-04 1.1943457e-05 1.4058070e-05
 9.0308073e-05 1.4501782e-01]",[9.9744374e-01 5.6128993e-05 7.6927745e-04 1.7307915e-03],[9.9999988e-01 1.1995591e-07],"[7.5836915e-08 1.0320652e-04 1.9666597e-01 7.9124838e-01 1.1840646e-02
 1.4133415e-04 3.6308836e-07 6.7005770e-09 1.2115856e-10]"
D:\Uni\Ulm\Master\Hiwi-Forschung-und-Lehre\FairFace\detected_faces\1394089_face0.jpg,White,White,Male,20-29,"[8.0995822e-01 2.0832644e-04 7.4563459e-02 9.7073859e-04 2.1560818e-03
 4.3164400e-04 1.1171151e-01]",[0.94320476 0.01446571 0.03813947 0.00419005],[9.9995595e-01 4.4070755e-05],"[1.9320194e-07 1.2835209e-03 4.3517941e-01 5.4769719e-01 1.5619595e-02
 2.1946426e-04 6.4258802e-07 1.4108189e-08 3.8964132e-10]"
D:\Uni\Ulm\Master\Hiwi-Forschung-und-Lehre\FairFace\detected_faces\1394097_face0.jpg,Black,Black,Male,20-29,"[3.6214033e-04 8.3995265e-01 3.2110233e-02 4.8153740e-03 9.8901138e-02
 2.3623833e-02 2.3464119e-04]",[7.157901e-04 9.241139e-01 3.564805e-02 3.952226e-02],[0.94033575 0.05966424],"[5.6458123e-07 5.8220641e-05 1.8909626e-02 5.8224916e-01 3.6356378e-01
 3.3860985e-02 1.3360048e-03 2.0950956e-05 6.3784142e-07]"
D:\Uni\Ulm\Master\Hiwi-Forschung-und-Lehre\FairFace\detected_faces\1394099_face0.jpg,White,White,Male,10-19,"[9.9569780e-01 2.8403538e-06 2.4574637e-04 2.8285060e-06 1.8752151e-05
 1.3015886e-05 4.0190523e-03]",[9.9997383e-01 1.5804135e-05 5.1515249e-06 5.1926654e-06],[9.999990e-01 9.666898e-07],"[9.5461974e-07 8.1986459e-03 8.9263296e-01 9.3759969e-02 4.4970992e-03
 8.9090184e-04 1.8630681e-05 8.6919027e-07 3.0538828e-08]"
D:\Uni\Ulm\Master\Hiwi-Forschung-und-Lehre\FairFace\detected_faces\1394183_face0.jpg,Black,Black,Male,20-29,"[2.3366058e-06 9.9989241e-01 4.2817850e-05 3.6540833e-09 1.5301582e-07
 3.4316825e-05 2.7977085e-05]",[1.6307375e-06 9.9996668e-01 1.3989229e-06 3.0226358e-05],[1.0000000e+00 2.2825565e-08],"[3.5919353e-08 2.0934969e-05 5.8910749e-03 7.2698188e-01 2.6244837e-01
 4.6424977e-03 1.5021961e-05 1.9125308e-07 4.8465791e-09]"
D:\Uni\Ulm\Master\Hiwi-Forschung-und-Lehre\FairFace\detected_faces\1394202_face0.jpg,White,White,Male,30-39,"[9.9787349e-01 8.2729179e-07 1.4677178e-03 1.8006580e-05 4.8132246e-05
 1.1130594e-05 5.8062916e-04]",[9.9971402e-01 1.0637881e-05 2.3888041e-04 3.6501104e-05],[9.999978e-01 2.214837e-06],"[7.0106614e-07 9.0076035e-05 4.3324893e-03 4.8168921e-01 4.9862418e-01
 1.5223580e-02 3.9361141e-05 4.4182596e-07 1.0369259e-08]"
D:\Uni\Ulm\Master\Hiwi-Forschung-und-Lehre\FairFace\detected_faces\1394304_face0.jpg,White,White,Male,20-29,"[9.7820616e-01 1.4904731e-04 3.0112276e-03 1.3017234e-04 9.1888898e-05
 1.1247674e-05 1.8400118e-02]",[9.9728745e-01 2.3303358e-03 3.6160374e-04 2.0608040e-05],[0.9973234 0.0026766],"[1.7249393e-05 7.1883266e-04 5.3364232e-02 5.2007109e-01 3.5036516e-01
 6.3281268e-02 1.1305385e-02 8.2883710e-04 4.7915622e-05]"
D:\Uni\Ulm\Master\Hiwi-Forschung-und-Lehre\FairFace\detected_faces\1394371_face0.jpg,White,White,Male,20-29,"[9.24432874e-01 7.65431396e-05 3.19445021e-02 1.29488008e-02
 1.65809412e-02 7.59393501e-04 1.32569475e-02]",[9.1125381e-01 3.9350888e-04 8.7015696e-02 1.3368999e-03],[9.99999940e-01 1.09732625e-07],"[1.0050320e-05 3.9529414e-03 2.7105466e-01 6.7778820e-01 4.5568574e-02
 1.6070649e-03 1.8058439e-05 4.3581323e-07 6.2224150e-09]"
D:\Uni\Ulm\Master\Hiwi-Forschung-und-Lehre\FairFace\detected_faces\1394372_face0.jpg,White,White,Male,10-19,"[8.30862463e-01 4.37640148e-04 5.84063008e-02 4.42504330e-04
 8.64047499e-04 1.33851194e-04 1.08853124e-01]",[9.9180228e-01 3.2230753e-03 4.9218829e-03 5.2833017e-05],[9.999949e-01 5.120708e-06],"[3.8135104e-07 2.7277088e-03 7.3818421e-01 2.5215229e-01 6.7641945e-03
 1.7033717e-04 8.8188790e-07 3.7464847e-08 1.1719321e-09]"
D:\Uni\Ulm\Master\Hiwi-Forschung-und-Lehre\FairFace\detected_faces\1394376_face0.jpg,White,White,Male,20-29,"[8.4747469e-01 1.5641204e-05 4.7726903e-02 1.0090832e-04 2.8319249e-04
 1.2436173e-02 9.1962434e-02]",[9.5949060e-01 1.7253435e-04 2.0376835e-03 3.8299207e-02],[9.999996e-01 4.268684e-07],"[5.5801355e-08 3.6646012e-05 4.3925915e-02 9.2478514e-01 3.1046953e-02
 2.0506131e-04 2.8363817e-07 4.2687809e-09 7.7374711e-11]"
D:\Uni\Ulm\Master\Hiwi-Forschung-und-Lehre\FairFace\detected_faces\1394397_face0.jpg,White,White,Male,20-29,"[9.9973834e-01 9.0506779e-07 3.7790269e-05 3.5919422e-07 1.4207535e-06
 1.3358430e-06 2.1997004e-04]",[9.9965590e-01 2.0387808e-04 2.7686707e-05 1.1245993e-04],[9.9955642e-01 4.4362913e-04],"[7.4488180e-06 4.6903868e-03 2.5224891e-01 5.6801081e-01 1.4734727e-01
 2.6856398e-02 8.0477813e-04 3.1165291e-05 2.8259963e-06]"
D:\Uni\Ulm\Master\Hiwi-Forschung-und-Lehre\FairFace\detected_faces\1394434_face0.jpg,White,White,Male,20-29,"[9.6053922e-01 8.0876540e-05 1.5870217e-02 1.0419552e-04 2.0088091e-04
 2.2840886e-05 2.3181742e-02]",[9.9953568e-01 3.6309484e-05 2.2806248e-04 1.9986593e-04],[9.999996e-01 3.820814e-07],"[1.9292155e-08 4.5094316e-06 1.3441921e-02 7.4623305e-01 2.2962247e-01
 1.0579754e-02 1.1689127e-04 1.4218770e-06 1.6393351e-08]"
D:\Uni\Ulm\Master\Hiwi-Forschung-und-Lehre\FairFace\detected_faces\1394458_face0.jpg,Middle Eastern,White,Male,20-29,"[6.9288731e-02 1.2279738e-03 4.5343053e-01 2.9311160e-04 1.5806848e-03
 4.0513868e-03 4.7012752e-01]",[0.77834356 0.03104999 0.09778782 0.09281863],[9.9999994e-01 3.3038710e-08],"[3.1006241e-08 4.6809882e-06 6.0451529e-03 8.9958423e-01 9.3651637e-02
 7.1202836e-04 2.0964414e-06 7.0798905e-08 5.5592431e-10]"
D:\Uni\Ulm\Master\Hiwi-Forschung-und-Lehre\FairFace\detected_faces\1394461_face0.jpg,White,White,Male,20-29,"[0.53107417 0.00084936 0.22478166 0.0010204  0.00670959 0.00431843
 0.23124643]",[0.80285865 0.00678352 0.16806546 0.02229235],[1.0000000e+00 1.7918922e-09],"[4.87208709e-08 5.47950694e-05 1.09361246e-01 8.44288468e-01
 4.52884175e-02 1.00041833e-03 6.27142708e-06 2.86764674e-07
 2.04298067e-09]"
D:\Uni\Ulm\Master\Hiwi-Forschung-und-Lehre\FairFace\detected_faces\1394498_face0.jpg,White,White,Male,20-29,"[9.9946910e-01 7.8425892e-06 1.4362179e-04 7.6873113e-07 2.0098371e-06
 1.6634413e-06 3.7490457e-04]",[9.9947250e-01 5.0231448e-04 5.2823648e-06 1.9990308e-05],[9.9999863e-01 1.3889133e-06],"[1.3222989e-06 9.1264315e-05 1.0827244e-02 7.2024870e-01 2.5749674e-01
 1.1145325e-02 1.8568951e-04 3.5958183e-06 8.6595890e-08]"
D:\Uni\Ulm\Master\Hiwi-Forschung-und-Lehre\FairFace\detected_faces\1394647_face0.jpg,White,White,Male,20-29,"[8.4721601e-01 7.2366665e-06 1.5737507e-02 1.2501740e-03 4.7646608e-04
 3.6160386e-04 1.3495103e-01]",[9.9213791e-01 4.5403349e-04 5.0319154e-03 2.3762032e-03],[9.9999934e-01 6.8271351e-07],"[2.19017849e-07 5.87725299e-05 1.30028144e-01 8.23371828e-01
 4.55941483e-02 9.39983933e-04 6.80524681e-06 1.15129346e-07
 1.12431287e-09]"
D:\Uni\Ulm\Master\Hiwi-Forschung-und-Lehre\FairFace\detected_faces\1394676_face0.jpg,Black,Black,Male,30-39,"[4.3324640e-06 9.9997842e-01 5.3992053e-06 6.8361864e-08 3.6156567e-07
 1.0820793e-05 6.5051012e-07]",[1.1006623e-05 9.9995840e-01 8.4971425e-06 2.2096581e-05],[9.9998939e-01 1.0585723e-05],"[6.7106254e-09 3.0096928e-07 2.4588450e-04 2.3306723e-01 6.1474878e-01
 1.4583538e-01 6.0260966e-03 7.3401236e-05 3.0391809e-06]"
D:\Uni\Ulm\Master\Hiwi-Forschung-und-Lehre\FairFace\detected_faces\1394714_face0.jpg,Middle Eastern,White,Male,10-19,"[3.65792774e-02 9.74958966e-05 1.16389375e-02 7.55080646e-06
 4.29870415e-05 4.04602062e-04 9.51229155e-01]",[0.9375324  0.0116624  0.0020129  0.04879222],[9.999900e-01 9.996623e-06],"[2.1347202e-07 3.7762597e-03 9.5696503e-01 3.8793806e-02 4.4585261e-04
 1.8771290e-05 1.1314310e-07 9.7023571e-09 1.5834548e-10]"
D:\Uni\Ulm\Master\Hiwi-Forschung-und-Lehre\FairFace\detected_faces\1394801_face0.jpg,White,White,Male,10-19,"[9.8636633e-01 2.4550641e-04 9.2960941e-03 2.7956619e-04 3.1625832e-04
 7.7152026e-06 3.4885432e-03]",[9.970787e-01 9.326947e-05 2.763005e-03 6.495251e-05],[9.9995393e-01 4.6091776e-05],"[6.1075935e-09 6.6103050e-05 8.3380324e-01 1.6523056e-01 8.7334891e-04
 2.6388079e-05 2.9544847e-07 1.8216474e-08 3.6028672e-10]"
D:\Uni\Ulm\Master\Hiwi-Forschung-und-Lehre\FairFace\detected_faces\1394802_face0.jpg,Black,Black,Male,20-29,"[4.1583742e-05 9.9756920e-01 6.0126116e-04 1.7223268e-06 3.3454329e-05
 1.7254209e-03 2.7282380e-05]",[8.2682440e-05 9.9165773e-01 5.0800940e-04 7.7515417e-03],[9.995612e-01 4.388315e-04],"[1.0896704e-07 5.8182413e-05 8.0885082e-02 8.0127889e-01 1.1583511e-01
 1.9149033e-03 2.6918711e-05 7.8467792e-07 1.5632873e-08]"
D:\Uni\Ulm\Master\Hiwi-Forschung-und-Lehre\FairFace\detected_faces\1394949_face0.jpg,White,White,Male,20-29,"[9.9916244e-01 1.8039494e-06 8.1031940e-05 3.3613437e-06 3.3121751e-06
 2.5956143e-07 7.4780162e-04]",[9.9963975e-01 2.7082188e-04 6.9009242e-05 2.0490064e-05],[9.9978334e-01 2.1664699e-04],"[1.0795005e-07 2.3049553e-04 3.3941770e-01 6.4516664e-01 1.4522861e-02
 6.4883364e-04 1.2754954e-05 5.4714013e-07 2.3099499e-08]"
D:\Uni\Ulm\Master\Hiwi-Forschung-und-Lehre\FairFace\detected_faces\1394950_face0.jpg,Black,Black,Male,20-29,"[4.7900471e-06 9.9466705e-01 1.6645895e-03 9.3815572e-05 2.8165991e-03
 7.3037512e-04 2.2777183e-05]",[3.1373272e-06 9.9961066e-01 3.0365115e-04 8.2486389e-05],[9.9956787e-01 4.3210539e-04],"[5.8670729e-08 1.3393978e-05 1.9271290e-02 5.6283152e-01 3.5521248e-01
 6.0290128e-02 2.3474528e-03 3.2722783e-05 9.2014744e-07]"
D:\Uni\Ulm\Master\Hiwi-Forschung-und-Lehre\FairFace\detected_faces\1394951_face0.jpg,Middle Eastern,White,Male,20-29,"[1.1206093e-01 3.9859712e-03 2.3927112e-01 2.4233133e-05 1.4391378e-04
 1.5775687e-03 6.4293623e-01]",[0.89616716 0.07336207 0.00234035 0.02813036],[9.9999690e-01 3.1155746e-06],"[8.4629178e-08 5.6968824e-05 9.9627808e-02 8.2178819e-01 7.7442229e-02
 1.0805116e-03 4.1589215e-06 7.6463301e-08 8.0697371e-10]"
D:\Uni\Ulm\Master\Hiwi-Forschung-und-Lehre\FairFace\detected_faces\1394957_face0.jpg,White,White,Male,20-29,"[9.9975330e-01 4.2384664e-07 7.3276919e-05 3.1700749e-06 7.7257610e-06
 6.2713485e-07 1.6143866e-04]",[9.9986094e-01 2.2400653e-05 1.0503941e-04 1.1629279e-05],[9.9908608e-01 9.1392465e-04],"[1.18857265e-07 2.28564793e-04 2.40067035e-01 7.19271541e-01
 3.88713889e-02 1.54565275e-03 1.53676974e-05 3.39007698e-07
 1.45532892e-08]"
D:\Uni\Ulm\Master\Hiwi-Forschung-und-Lehre\FairFace\detected_faces\1394960_face0.jpg,Middle Eastern,White,Male,20-29,"[3.1725323e-01 3.5361841e-04 1.2197371e-01 3.0939155e-03 2.1161004e-03
 3.0147368e-03 5.5219471e-01]",[9.4171017e-01 3.6218873e-04 4.1442569e-02 1.6485101e-02],[9.9999875e-01 1.2533950e-06],"[2.1259527e-06 1.7402675e-03 3.4678677e-01 6.3940954e-01 1.1815246e-02
 2.4226189e-04 3.6065187e-06 2.1803316e-07 3.3867911e-09]"
D:\Uni\Ulm\Master\Hiwi-Forschung-und-Lehre\FairFace\detected_faces\1395044_face0.jpg,Middle Eastern,Indian,Male,20-29,"[6.5920490e-04 7.0247967e-05 4.1628897e-04 2.8725722e-06 1.4941142e-05
 2.0743997e-03 9.9676210e-01]",[0.4354986  0.06074126 0.00725544 0.49650472],[0.99427634 0.00572364],"[3.9739393e-06 1.8119821e-03 2.7380782e-01 6.4808947e-01 6.9751292e-02
 6.3153328e-03 1.9511372e-04 2.2986560e-05 2.0919153e-06]"
D:\Uni\Ulm\Master\Hiwi-Forschung-und-Lehre\FairFace\detected_faces\1395045_face0.jpg,Latino_Hispanic,White,Male,20-29,"[8.8014103e-02 2.6011629e-02 6.2716371e-01 2.8049422e-04 7.4443792e-04
 3.4762167e-03 2.5430951e-01]",[0.7795755  0.11891481 0.01266241 0.08884721],[9.9999785e-01 2.0823504e-06],"[1.2360549e-08 1.3445717e-06 2.4337083e-02 9.2942268e-01 4.5643207e-02
 5.8997818e-04 5.3486124e-06 3.5564514e-07 5.3085305e-09]"
D:\Uni\Ulm\Master\Hiwi-Forschung-und-Lehre\FairFace\detected_faces\1395441_face0.jpg,Middle Eastern,White,Male,20-29,"[4.7196746e-03 9.9637226e-05 1.7337041e-02 8.0917579e-07 9.5775686e-06
 3.1960197e-04 9.7751361e-01]",[0.64335316 0.16490206 0.00679711 0.18494764],[9.9999988e-01 1.6092254e-07],"[5.6705876e-08 3.3634773e-05 7.7492565e-02 8.9865303e-01 2.3685664e-02
 1.3482141e-04 2.9463556e-07 7.5807609e-09 6.5902367e-11]"
D:\Uni\Ulm\Master\Hiwi-Forschung-und-Lehre\FairFace\detected_faces\1395600_face0.jpg,White,White,Male,20-29,"[9.9481821e-01 3.9953738e-06 1.2873594e-03 2.6092919e-06 5.8592695e-06
 3.5013068e-06 3.8785504e-03]",[9.9998844e-01 1.5824814e-06 5.5534633e-06 4.4571098e-06],[9.999761e-01 2.387239e-05],"[5.5929505e-09 2.7937434e-05 3.5350198e-01 6.3561791e-01 1.0735805e-02
 1.1600678e-04 4.7729947e-07 7.7397733e-09 2.0142524e-10]"
D:\Uni\Ulm\Master\Hiwi-Forschung-und-Lehre\FairFace\detected_faces\1395640_face0.jpg,White,White,Male,10-19,"[9.9416524e-01 1.4588327e-06 6.5111922e-04 2.9242817e-06 4.4653457e-06
 1.1748594e-05 5.1630726e-03]",[9.9986619e-01 1.8306006e-05 6.7562694e-05 4.8028407e-05],[9.9999964e-01 3.2271646e-07],"[3.60720165e-08 1.28826289e-03 9.59405303e-01 3.91515344e-02
 1.51300017e-04 3.54973986e-06 2.01171968e-08 4.74404682e-10
 1.19039075e-11]"
D:\Uni\Ulm\Master\Hiwi-Forschung-und-Lehre\FairFace\detected_faces\1395695_face0.jpg,White,White,Male,20-29,"[9.9966460e-01 5.6280237e-07 6.1042098e-05 5.5800674e-06 6.9828084e-06
 5.5514829e-07 2.6071310e-04]",[9.9987400e-01 2.0957857e-05 9.5483731e-05 9.6027179e-06],[0.9971421  0.00285797],"[3.93987335e-07 1.47003715e-03 4.50469643e-01 5.32377779e-01
 1.52569255e-02 4.22433892e-04 2.71423187e-06 5.76973065e-08
 3.47494011e-09]"
D:\Uni\Ulm\Master\Hiwi-Forschung-und-Lehre\FairFace\detected_faces\1395757_face0.jpg,White,White,Male,10-19,"[7.7730346e-01 5.3846328e-05 1.0537038e-02 8.3992445e-06 4.0968844e-05
 5.3862383e-04 2.1151759e-01]",[9.9420667e-01 7.4685214e-04 5.2780949e-04 4.5187017e-03],[9.9999994e-01 3.4890011e-08],"[5.3387009e-08 4.1072190e-04 5.5455774e-01 4.3799862e-01 6.8990905e-03
 1.3349045e-04 3.0315860e-07 6.2848273e-09 3.8251739e-11]"
D:\Uni\Ulm\Master\Hiwi-Forschung-und-Lehre\FairFace\detected_faces\1395767_face0.jpg,Black,Indian,Male,20-29,"[7.65838136e-04 7.57927418e-01 9.70468149e-02 1.18967560e-04
 3.79891484e-03 1.25663176e-01 1.46788815e-02]",[8.8765507e-04 3.1221214e-01 6.4202480e-04 6.8625814e-01],[9.9999988e-01 1.0709493e-07],"[4.0222332e-07 1.2784287e-04 2.9004492e-02 7.8913313e-01 1.7726071e-01
 4.4383453e-03 3.4604189e-05 4.9956975e-07 1.0609894e-08]"
D:\Uni\Ulm\Master\Hiwi-Forschung-und-Lehre\FairFace\detected_faces\1395903_face0.jpg,Middle Eastern,White,Male,20-29,"[2.9708263e-01 1.4299254e-03 1.8645070e-01 8.1002385e-05 4.5738314e-04
 3.0435859e-03 5.1145476e-01]",[0.8052489  0.04508612 0.03142264 0.11824236],[9.999999e-01 6.902594e-08],"[5.1509645e-08 6.1451542e-06 7.5292019e-03 6.7855966e-01 2.9902133e-01
 1.4750042e-02 1.3169528e-04 1.8907823e-06 1.4204127e-08]"
D:\Uni\Ulm\Master\Hiwi-Forschung-und-Lehre\FairFace\detected_faces\1396048_face0.jpg,White,White,Male,30-39,"[9.9361330e-01 1.7090675e-05 1.5455758e-03 5.9652379e-08 4.5335116e-07
 5.9590533e-05 4.7639334e-03]",[9.988181e-01 9.329563e-04 9.752598e-06 2.391821e-04],[9.994275e-01 5.725030e-04],"[4.2925429e-08 9.5321877e-07 5.9987302e-04 4.0590248e-01 5.7074594e-01
 2.2427469e-02 3.1995948e-04 3.2203520e-06 6.9150566e-08]"
D:\Uni\Ulm\Master\Hiwi-Forschung-und-Lehre\FairFace\detected_faces\1396056_face0.jpg,White,White,Male,20-29,"[9.4812781e-01 1.8420562e-05 3.0278938e-03 2.1155009e-05 7.8104735e-05
 3.8766982e-05 4.8687913e-02]",[9.9946135e-01 6.3791500e-05 3.3923276e-04 1.3573152e-04],[9.9999994e-01 8.6727212e-08],"[6.9020696e-09 7.3553167e-07 2.8084137e-03 8.6251616e-01 1.3323581e-01
 1.4333702e-03 5.3828348e-06 5.2248954e-08 6.4031341e-10]"
D:\Uni\Ulm\Master\Hiwi-Forschung-und-Lehre\FairFace\detected_faces\1396151_face0.jpg,White,White,Male,20-29,"[8.7836146e-01 1.2098622e-05 9.3508065e-03 3.3826880e-05 4.9724596e-05
 4.3863402e-05 1.1214829e-01]",[9.9914277e-01 1.0378264e-04 3.6063269e-04 3.9277817e-04],[9.9999952e-01 4.4936013e-07],"[2.7466594e-08 7.1743884e-06 9.5499828e-03 9.1565371e-01 7.4387476e-02
 4.0099965e-04 6.8076884e-07 8.7425729e-09 1.1051237e-10]"
D:\Uni\Ulm\Master\Hiwi-Forschung-und-Lehre\FairFace\detected_faces\1396154_face0.jpg,White,White,Male,10-19,"[9.5860589e-01 2.5198364e-05 7.9581607e-03 3.7097457e-04 2.0243303e-04
 1.4640445e-05 3.2822732e-02]",[9.9990565e-01 1.7800403e-05 7.0075104e-05 6.5182780e-06],[9.993643e-01 6.356642e-04],"[7.4692257e-06 3.4767251e-02 8.7936431e-01 8.0998085e-02 4.7445158e-03
 1.1771477e-04 7.1409653e-07 3.0009442e-08 2.8449771e-09]"
D:\Uni\Ulm\Master\Hiwi-Forschung-und-Lehre\FairFace\detected_faces\1396160_face0.jpg,White,White,Male,30-39,"[5.4790276e-01 3.9207758e-03 1.8610941e-01 1.2849808e-05 5.9686874e-05
 4.6603665e-02 2.1539088e-01]",[9.2957091e-01 3.8286522e-03 2.7362173e-04 6.6326797e-02],[9.999904e-01 9.572202e-06],"[1.3464913e-06 1.0639851e-05 1.9354273e-04 9.4511397e-02 7.7656966e-01
 1.2680550e-01 1.9014857e-03 6.3611483e-06 6.6750900e-08]"
D:\Uni\Ulm\Master\Hiwi-Forschung-und-Lehre\FairFace\detected_faces\1396167_face0.jpg,Middle Eastern,White,Male,20-29,"[1.1595155e-01 1.6344774e-03 3.6140475e-01 9.3986717e-05 4.5473495e-04
 1.7893951e-02 5.0256658e-01]",[0.82972515 0.01259359 0.00578371 0.1518976 ],[9.999903e-01 9.754094e-06],"[2.3272391e-07 6.6730732e-05 2.8497241e-02 8.6724323e-01 1.0298988e-01
 1.1989860e-03 3.5604462e-06 4.9516192e-08 8.4351737e-10]"
D:\Uni\Ulm\Master\Hiwi-Forschung-und-Lehre\FairFace\detected_faces\1396168_face0.jpg,White,White,Male,20-29,"[6.5844774e-01 8.0171907e-05 5.5863149e-02 7.9093693e-04 1.2256680e-03
 2.6281379e-04 2.8332946e-01]",[0.99275565 0.0012655  0.00426487 0.00171395],[9.9999928e-01 6.7758435e-07],"[1.3366318e-06 2.9600274e-03 2.5594205e-01 6.8585801e-01 5.4164324e-02
 1.0700296e-03 4.0770142e-06 6.5626523e-08 1.2398926e-09]"
D:\Uni\Ulm\Master\Hiwi-Forschung-und-Lehre\FairFace\detected_faces\1396169_face0.jpg,White,White,Male,20-29,"[9.9567986e-01 1.7423803e-06 7.6605112e-04 1.1821696e-05 1.6357919e-05
 7.4870486e-06 3.5165856e-03]",[9.9994540e-01 1.6138512e-05 1.3014800e-05 2.5492494e-05],[9.9999952e-01 4.0936675e-07],"[4.0471782e-08 2.0121930e-04 3.0702949e-01 6.8463409e-01 8.0692125e-03
 6.5851731e-05 1.2542577e-07 1.3645243e-09 3.2058235e-11]"
D:\Uni\Ulm\Master\Hiwi-Forschung-und-Lehre\FairFace\detected_faces\1396199_face0.jpg,Middle Eastern,White,Male,20-29,"[7.0324734e-02 6.2736261e-05 4.3574455e-03 4.3878786e-06 1.8513138e-05
 2.1773912e-03 9.2305481e-01]",[9.9461651e-01 6.1515253e-04 7.4911593e-05 4.6934257e-03],[9.9999946e-01 5.3823970e-07],"[1.4349092e-07 5.9687260e-05 5.8182701e-02 8.9242131e-01 4.8722602e-02
 6.1103515e-04 2.3717325e-06 8.8736599e-08 1.6079509e-09]"
D:\Uni\Ulm\Master\Hiwi-Forschung-und-Lehre\FairFace\detected_faces\1396210_face0.jpg,Middle Eastern,White,Male,10-19,"[3.6666635e-01 1.2854943e-05 2.0797318e-02 9.1871298e-05 3.4385838e-04
 2.6135321e-03 6.0947430e-01]",[9.9882913e-01 1.0363283e-04 1.4101397e-04 9.2625839e-04],[9.9999976e-01 2.3567839e-07],"[3.10491259e-08 2.46227952e-04 7.78664351e-01 2.16534659e-01
 4.42244345e-03 1.31957509e-04 4.10450639e-07 1.02335855e-08
 8.70787192e-11]"
D:\Uni\Ulm\Master\Hiwi-Forschung-und-Lehre\FairFace\detected_faces\1396445_face0.jpg,Black,Black,Male,20-29,"[6.2713380e-06 9.9947530e-01 1.3580783e-04 7.9640543e-08 1.2671545e-06
 3.5201706e-04 2.9174182e-05]",[1.0690808e-05 9.9920219e-01 3.5934791e-06 7.8348618e-04],[9.9995184e-01 4.8129044e-05],"[8.3167642e-08 3.2080916e-05 2.7079845e-02 7.4930674e-01 2.1513203e-01
 8.3693815e-03 7.8733588e-05 1.0685085e-06 2.5098615e-08]"
D:\Uni\Ulm\Master\Hiwi-Forschung-und-Lehre\FairFace\detected_faces\1397168_face0.jpg,Black,Black,Male,20-29,"[1.1000531e-05 9.9907207e-01 5.4938666e-04 2.8625129e-06 6.3678272e-05
 2.9521913e-04 5.7113075e-06]",[4.3161758e-06 9.9976075e-01 1.8442412e-04 5.0519960e-05],[9.9907315e-01 9.2681852e-04],"[1.3603769e-06 4.2805690e-04 6.4626612e-02 7.2079474e-01 1.9032465e-01
 2.2878088e-02 9.2314550e-04 2.2306052e-05 1.0406267e-06]"
D:\Uni\Ulm\Master\Hiwi-Forschung-und-Lehre\FairFace\detected_faces\1397174_face0.jpg,Middle Eastern,White,Male,20-29,"[1.3629690e-01 2.5641386e-04 6.0054503e-02 4.1612064e-05 1.8912370e-04
 4.5651663e-03 7.9859626e-01]",[0.92702615 0.00813571 0.00795541 0.05688272],[1.0000000e+00 6.5465633e-10],"[7.3382189e-08 1.5770133e-04 2.2497912e-01 7.4642420e-01 2.8129062e-02
 3.0940329e-04 5.1296814e-07 1.1127148e-08 5.0456805e-11]"
D:\Uni\Ulm\Master\Hiwi-Forschung-und-Lehre\FairFace\detected_faces\1397347_face0.jpg,Black,Black,Male,20-29,"[5.7188681e-06 9.9942744e-01 4.6879926e-05 1.5172045e-08 2.0129052e-07
 1.5243751e-04 3.6728819e-04]",[1.1538851e-05 9.9989086e-01 3.9556448e-06 9.3531242e-05],[9.9999917e-01 8.0571044e-07],"[1.8171012e-06 1.6345526e-03 5.0618183e-02 6.8551093e-01 2.5462508e-01
 7.5810030e-03 2.7919379e-05 5.1489883e-07 1.3055525e-08]"
D:\Uni\Ulm\Master\Hiwi-Forschung-und-Lehre\FairFace\detected_faces\1397348_face0.jpg,Black,Black,Male,10-19,"[1.7774254e-03 9.2130774e-01 5.6478616e-02 3.2898743e-04 1.3243780e-02
 6.8245297e-03 3.8878949e-05]",[2.6470440e-04 9.9446952e-01 3.9439518e-03 1.3218205e-03],[0.9950595  0.00494047],"[1.6667715e-07 1.5826790e-03 7.1357280e-01 2.8143024e-01 3.3833091e-03
 3.0580370e-05 2.0818995e-07 4.2980846e-09 2.7847374e-10]"
D:\Uni\Ulm\Master\Hiwi-Forschung-und-Lehre\FairFace\detected_faces\1397365_face0.jpg,White,White,Male,10-19,"[8.8943964e-01 1.3297611e-04 8.9665584e-02 1.0071054e-05 9.0034431e-05
 6.1979151e-04 2.0041909e-02]",[9.9944735e-01 2.8801142e-04 1.1665246e-04 1.4798870e-04],[9.9999869e-01 1.2773463e-06],"[5.7988254e-06 6.9960984e-03 5.6926543e-01 3.9525717e-01 2.7433699e-02
 1.0349511e-03 6.6782882e-06 2.0188051e-07 4.2130641e-09]"
D:\Uni\Ulm\Master\Hiwi-Forschung-und-Lehre\FairFace\detected_faces\1397373_face0.jpg,White,White,Male,20-29,"[9.9817270e-01 2.4299921e-05 2.5324742e-04 1.9131126e-04 1.4022549e-04
 1.3670601e-05 1.2046053e-03]",[9.9994141e-01 6.7835713e-06 4.8505030e-05 3.3031454e-06],[9.9923420e-01 7.6579966e-04],"[1.3318710e-05 1.2417181e-03 1.5014720e-01 7.4679273e-01 9.7439811e-02
 4.1748956e-03 1.8019365e-04 8.8850102e-06 1.2498455e-06]"
D:\Uni\Ulm\Master\Hiwi-Forschung-und-Lehre\FairFace\detected_faces\1397373_face1.jpg,White,White,Male,20-29,"[0.8504489  0.00212874 0.02045452 0.00481941 0.00129988 0.0030998
 0.11774877]",[9.8761851e-01 1.0029713e-02 2.0100530e-03 3.4165417e-04],[0.84536666 0.15463339],"[2.2411128e-04 3.7660482e-03 4.0067095e-02 5.0511712e-01 3.1327212e-01
 9.1414899e-02 2.8968379e-02 1.1790684e-02 5.3795655e-03]"
D:\Uni\Ulm\Master\Hiwi-Forschung-und-Lehre\FairFace\detected_faces\1397374_face0.jpg,Middle Eastern,White,Male,20-29,"[2.9978710e-01 1.2868179e-04 8.2723815e-03 7.0372764e-05 1.3320980e-04
 8.1996862e-03 6.8340856e-01]",[0.7328519  0.00200643 0.00352298 0.2616187 ],[9.9999863e-01 1.3854345e-06],"[7.51537186e-07 1.79090159e-04 1.03882365e-02 8.09541345e-01
 1.77732542e-01 2.15249788e-03 5.39862504e-06 1.02079255e-07
 2.42473219e-09]"
D:\Uni\Ulm\Master\Hiwi-Forschung-und-Lehre\FairFace\detected_faces\1397469_face0.jpg,White,White,Male,3-9,"[9.7375929e-01 6.6143289e-06 2.0561235e-03 8.1238486e-03 8.6640060e-04
 8.6954104e-05 1.5100832e-02]",[9.1295582e-01 4.0867624e-05 8.6242482e-02 7.6090149e-04],[9.997861e-01 2.139251e-04],"[6.0836477e-03 5.0207365e-01 3.5455683e-01 1.0778517e-01 2.6893856e-02
 2.5202066e-03 7.7926976e-05 7.9188685e-06 7.9629399e-07]"
D:\Uni\Ulm\Master\Hiwi-Forschung-und-Lehre\FairFace\detected_faces\1397472_face0.jpg,Middle Eastern,White,Male,20-29,"[5.03013916e-02 2.83806073e-03 7.46446475e-02 1.15919545e-04
 5.76096820e-04 1.51424063e-02 8.56381416e-01]",[0.65969557 0.04841793 0.01103611 0.28085044],[9.999999e-01 1.291306e-07],"[8.0095606e-07 9.6395565e-04 2.0880526e-01 7.5204718e-01 3.7562691e-02
 6.1811949e-04 1.9289957e-06 1.1952714e-07 1.4736382e-09]"
D:\Uni\Ulm\Master\Hiwi-Forschung-und-Lehre\FairFace\detected_faces\1397478_face0.jpg,Black,Black,Male,10-19,"[5.0015221e-03 6.6699815e-01 1.7789569e-01 2.3249003e-04 8.0012074e-03
 9.0989165e-02 5.0881729e-02]",[0.00098933 0.91529185 0.00535642 0.07836242],[9.9998826e-01 1.1798149e-05],"[3.1582110e-06 1.0044845e-02 5.6954819e-01 4.1019458e-01 9.9423071e-03
 2.6462154e-04 2.1950195e-06 7.1900772e-08 2.3033315e-09]"
D:\Uni\Ulm\Master\Hiwi-Forschung-und-Lehre\FairFace\detected_faces\1397506_face0.jpg,White,White,Male,10-19,"[9.5616305e-01 1.8687938e-06 1.3854874e-02 1.6836193e-04 2.3039366e-04
 4.0478416e-04 2.9176582e-02]",[9.9986011e-01 2.4803901e-05 6.8578440e-05 4.6483561e-05],[9.9998021e-01 1.9765912e-05],"[5.1438011e-08 1.3662059e-03 8.6527276e-01 1.3271773e-01 6.3701993e-04
 6.1838041e-06 1.2193704e-08 1.7366994e-10 7.2529946e-12]"
D:\Uni\Ulm\Master\Hiwi-Forschung-und-Lehre\FairFace\detected_faces\1397671_face0.jpg,Black,Black,Male,20-29,"[1.2583640e-06 9.9996769e-01 1.2773824e-05 7.4116947e-08 6.2824432e-07
 1.4813096e-05 2.8326890e-06]",[3.8615649e-06 9.9990201e-01 1.6205335e-05 7.7854413e-05],[0.93277144 0.06722854],"[1.9287086e-06 9.0098270e-04 1.2981670e-01 5.8441126e-01 2.6037592e-01
 2.3456812e-02 1.0117543e-03 2.3413426e-05 1.2516257e-06]"
D:\Uni\Ulm\Master\Hiwi-Forschung-und-Lehre\FairFace\detected_faces\1397672_face0.jpg,White,White,Male,20-29,"[9.8369849e-01 2.3891684e-05 4.4195047e-03 1.6240630e-05 1.5194337e-05
 3.2786052e-06 1.1823391e-02]",[9.9990100e-01 8.6533306e-05 1.0457529e-05 2.0118059e-06],[9.9999851e-01 1.4797886e-06],"[1.9376062e-08 1.1143824e-05 7.3848307e-02 9.0908241e-01 1.6968414e-02
 8.9372130e-05 3.0673877e-07 7.9000966e-09 9.9552477e-11]"
D:\Uni\Ulm\Master\Hiwi-Forschung-und-Lehre\FairFace\detected_faces\1397674_face0.jpg,Middle Eastern,White,Male,20-29,"[2.7405474e-01 3.0104824e-05 1.1422322e-01 1.6129985e-03 2.3425026e-03
 5.1926146e-03 6.0254383e-01]",[9.8967880e-01 3.7005139e-04 1.1574809e-03 8.7936381e-03],[9.9967313e-01 3.2687848e-04],"[5.4247419e-05 3.1178996e-02 2.6170591e-01 5.8144039e-01 1.1874432e-01
 6.8263612e-03 4.8346530e-05 1.3948799e-06 4.4224638e-08]"
D:\Uni\Ulm\Master\Hiwi-Forschung-und-Lehre\FairFace\detected_faces\1397675_face0.jpg,White,White,Male,20-29,"[9.8704094e-01 6.3915919e-05 4.4590877e-03 2.6189728e-05 7.4997006e-05
 1.5879432e-05 8.3189802e-03]",[9.9395937e-01 2.8760759e-03 2.8114032e-03 3.5315970e-04],[9.9999994e-01 5.7273731e-08],"[9.7751744e-08 1.3701273e-05 1.1537902e-02 8.1411237e-01 1.6974017e-01
 4.5666490e-03 2.8805365e-05 2.9512165e-07 3.7393786e-09]"
D:\Uni\Ulm\Master\Hiwi-Forschung-und-Lehre\FairFace\detected_faces\1397711_face0.jpg,Latino_Hispanic,Black,Male,20-29,"[1.9830808e-01 5.1821541e-02 6.4362979e-01 2.9390727e-05 3.0248176e-04
 4.1220352e-02 6.4688399e-02]",[0.1849352  0.7409033  0.00130757 0.07285382],[9.9999881e-01 1.2448359e-06],"[3.7768464e-07 5.6687521e-04 1.7061628e-01 7.5807244e-01 6.9542564e-02
 1.1956348e-03 5.7118737e-06 1.7598305e-07 2.8811593e-09]"
D:\Uni\Ulm\Master\Hiwi-Forschung-und-Lehre\FairFace\detected_faces\1397725_face0.jpg,White,White,Male,10-19,"[9.8135036e-01 5.4517636e-06 1.1898083e-02 9.1255299e-04 1.2737138e-03
 4.4134216e-05 4.5156977e-03]",[9.7199917e-01 2.4841764e-05 2.7899532e-02 7.6458549e-05],[1.000000e+00 4.847945e-08],"[1.3238611e-07 2.1928723e-03 8.4089273e-01 1.5208392e-01 4.6876105e-03
 1.4176361e-04 9.3503184e-07 2.2645398e-08 2.9530065e-10]"
D:\Uni\Ulm\Master\Hiwi-Forschung-und-Lehre\FairFace\detected_faces\1397736_face0.jpg,White,White,Male,10-19,"[9.1053563e-01 3.2457995e-04 1.3450041e-02 2.7006989e-05 1.7123522e-04
 3.3266511e-04 7.5158887e-02]",[9.9764484e-01 1.0436713e-03 6.1211665e-04 6.9933559e-04],[9.9999946e-01 5.1466503e-07],"[3.7939245e-08 8.0555811e-04 8.4622282e-01 1.5157215e-01 1.3685207e-03
 3.0733107e-05 1.9541029e-07 7.7584907e-09 1.0910487e-10]"
D:\Uni\Ulm\Master\Hiwi-Forschung-und-Lehre\FairFace\detected_faces\1397738_face0.jpg,Middle Eastern,White,Male,20-29,"[3.8847998e-01 8.0194935e-05 2.5932705e-02 7.2539500e-05 1.7721635e-04
 5.4438291e-03 5.7981354e-01]",[9.9704075e-01 3.7696358e-05 9.0368738e-04 2.0179020e-03],[9.9999928e-01 6.8805235e-07],"[7.8094505e-05 6.1659021e-03 1.3246651e-01 5.9282100e-01 2.4819762e-01
 2.0148154e-02 1.1961694e-04 3.0223168e-06 3.8484536e-08]"
D:\Uni\Ulm\Master\Hiwi-Forschung-und-Lehre\FairFace\detected_faces\1397756_face0.jpg,White,White,Male,10-19,"[6.8720591e-01 2.4006022e-03 2.8795904e-01 2.6650782e-04 1.1507890e-03
 8.0629364e-03 1.2954230e-02]",[9.8113543e-01 8.5814006e-04 6.5757165e-04 1.7348865e-02],[9.9967396e-01 3.2605772e-04],"[5.3074238e-08 2.5530020e-04 5.7312810e-01 4.2238000e-01 4.1636778e-03
 7.2439972e-05 4.4539985e-07 2.2635744e-08 9.8088526e-10]"
D:\Uni\Ulm\Master\Hiwi-Forschung-und-Lehre\FairFace\detected_faces\1397769_face0.jpg,White,White,Male,20-29,"[8.7426066e-01 1.1001909e-03 3.4555737e-02 3.3690003e-04 5.1309995e-04
 2.5903056e-03 8.6643092e-02]",[9.8703706e-01 4.3357536e-03 9.1578683e-04 7.7113612e-03],[9.999357e-01 6.428510e-05],"[1.2778017e-06 1.2276169e-05 3.0239071e-03 5.6239259e-01 3.9295420e-01
 3.9555285e-02 1.8995831e-03 1.5035486e-04 1.0507007e-05]"
D:\Uni\Ulm\Master\Hiwi-Forschung-und-Lehre\FairFace\detected_faces\1397801_face0.jpg,White,White,Male,10-19,"[6.8955517e-01 8.6195369e-06 1.8678170e-02 5.5871307e-05 6.9554218e-05
 2.9245645e-04 2.9134020e-01]",[9.9946398e-01 3.3126587e-05 1.2553889e-04 3.7736844e-04],[9.9999696e-01 3.0395468e-06],"[9.3526751e-07 3.3528623e-03 6.4245868e-01 3.4966418e-01 4.4650510e-03
 5.8056561e-05 1.9704720e-07 7.5769959e-09 1.8074559e-10]"
D:\Uni\Ulm\Master\Hiwi-Forschung-und-Lehre\FairFace\detected_faces\1397822_face0.jpg,Black,Black,Male,20-29,"[9.0426475e-08 9.9998176e-01 8.1933854e-07 2.8659503e-07 8.1690841e-06
 8.8222241e-06 6.4760130e-08]",[3.9954463e-07 9.9997962e-01 1.6962669e-05 3.0131127e-06],[0.9807764  0.01922358],"[1.6504966e-07 6.3634019e-05 4.5506440e-02 7.8356373e-01 1.5993738e-01
 1.0433843e-02 4.7844002e-04 1.4412372e-05 1.9287054e-06]"
D:\Uni\Ulm\Master\Hiwi-Forschung-und-Lehre\FairFace\detected_faces\1397832_face0.jpg,White,White,Male,20-29,"[8.8350391e-01 2.0975711e-04 2.6044661e-02 6.7490393e-05 1.2518135e-04
 2.5156554e-04 8.9797474e-02]",[9.9891365e-01 4.1048141e-04 2.3456164e-04 4.4134760e-04],[9.9999475e-01 5.2031346e-06],"[1.0647482e-07 5.1872398e-06 3.0288349e-03 7.3872614e-01 2.5529945e-01
 2.9333872e-03 6.7920182e-06 8.4700559e-08 1.3970235e-09]"
D:\Uni\Ulm\Master\Hiwi-Forschung-und-Lehre\FairFace\detected_faces\1398196_face0.jpg,White,White,Male,10-19,"[4.3188012e-01 1.1100770e-03 1.6045325e-01 1.0763784e-04 1.0976335e-03
 1.4457058e-02 3.9089417e-01]",[9.7773254e-01 1.2291730e-02 4.1479192e-04 9.5609976e-03],[9.9999946e-01 4.9449568e-07],"[3.7455608e-09 1.9618346e-04 8.3275366e-01 1.6661911e-01 4.2892477e-04
 2.1139449e-06 3.3378489e-09 1.0621346e-10 1.3342827e-12]"
D:\Uni\Ulm\Master\Hiwi-Forschung-und-Lehre\FairFace\detected_faces\1398518_face0.jpg,Latino_Hispanic,Indian,Male,20-29,"[6.3011482e-02 3.6011369e-03 4.0894425e-01 2.3507938e-04 1.1471715e-03
 1.2602498e-01 3.9703590e-01]",[0.12689503 0.0340047  0.00469399 0.83440626],[9.9999917e-01 8.1179127e-07],"[8.1739026e-06 9.9808356e-05 9.2912149e-03 6.0952204e-01 3.5113499e-01
 2.9403990e-02 5.2482577e-04 1.4806532e-05 1.8195904e-07]"
D:\Uni\Ulm\Master\Hiwi-Forschung-und-Lehre\FairFace\detected_faces\1398524_face0.jpg,White,White,Male,20-29,"[9.2601132e-01 2.6961136e-05 1.2592349e-02 1.9514580e-05 5.0501221e-05
 1.9532464e-04 6.1104003e-02]",[9.9867260e-01 8.7612029e-04 7.4810923e-05 3.7646957e-04],[1.000000e+00 1.234597e-08],"[1.17281926e-08 2.64915543e-05 1.12372644e-01 8.77487838e-01
 1.00830328e-02 3.00664360e-05 4.13764951e-08 7.40089712e-10
 6.15691829e-12]"
D:\Uni\Ulm\Master\Hiwi-Forschung-und-Lehre\FairFace\detected_faces\1398529_face0.jpg,Black,Black,Male,20-29,"[7.2899929e-06 9.9987435e-01 4.5327033e-05 3.2504683e-08 6.2679192e-07
 7.0375136e-05 1.9168185e-06]",[1.43321295e-05 9.99947608e-01 2.39165147e-05 1.41890687e-05],[9.9999064e-01 9.4274501e-06],"[1.2179245e-07 1.1280124e-05 6.5071937e-03 5.9988940e-01 3.7144724e-01
 2.1735845e-02 4.0490940e-04 3.8690541e-06 1.2312346e-07]"
D:\Uni\Ulm\Master\Hiwi-Forschung-und-Lehre\FairFace\detected_faces\1398540_face0.jpg,White,White,Male,20-29,"[9.7977513e-01 1.5245604e-06 8.8493004e-03 5.7880268e-05 1.0063471e-04
 1.0093033e-04 1.1114538e-02]",[9.9980426e-01 3.7697202e-05 6.8033187e-05 9.0065958e-05],[9.9999994e-01 5.7384753e-08],"[2.0327361e-08 4.9106213e-05 3.0955046e-01 6.8446910e-01 5.8911294e-03
 4.0051502e-05 1.0634617e-07 1.6046203e-09 1.8836495e-11]"
D:\Uni\Ulm\Master\Hiwi-Forschung-und-Lehre\FairFace\detected_faces\1398550_face0.jpg,Black,Black,Male,10-19,"[2.9375371e-06 9.9996305e-01 3.2237054e-05 1.3914847e-07 4.3190016e-07
 7.1278942e-07 4.1961235e-07]",[2.3201944e-06 9.9999243e-01 3.8047958e-06 1.3919724e-06],[0.97280014 0.02719983],"[2.2699885e-05 1.3437466e-02 4.9936172e-01 3.6850855e-01 8.9811578e-02
 2.6922517e-02 1.8574086e-03 7.4146352e-05 3.8841181e-06]"
D:\Uni\Ulm\Master\Hiwi-Forschung-und-Lehre\FairFace\detected_faces\1398557_face0.jpg,White,White,Male,20-29,"[9.7918147e-01 7.4834330e-05 1.1267011e-02 2.5674293e-05 7.6159587e-05
 5.4591001e-05 9.3202516e-03]",[0.99637645 0.00101692 0.00147784 0.00112869],[9.9999708e-01 2.9399657e-06],"[2.6526752e-07 9.9174737e-04 4.7549674e-01 4.8027796e-01 4.1919969e-02
 1.3054834e-03 7.6501556e-06 1.5556367e-07 3.5853063e-09]"
D:\Uni\Ulm\Master\Hiwi-Forschung-und-Lehre\FairFace\detected_faces\1399702_face0.jpg,Middle Eastern,White,Male,20-29,"[2.9641941e-01 1.1130192e-03 7.0363440e-02 8.9719775e-05 1.8887801e-04
 8.3513936e-05 6.3174206e-01]",[0.9708458  0.02221512 0.00410466 0.00283436],[9.9999970e-01 3.1147556e-07],"[6.6161810e-08 3.7383832e-04 4.9258152e-01 5.0248969e-01 4.4925897e-03
 6.1948878e-05 2.8897350e-07 6.2174279e-09 8.1135022e-11]"
D:\Uni\Ulm\Master\Hiwi-Forschung-und-Lehre\FairFace\detected_faces\1399742_face0.jpg,Latino_Hispanic,White,Male,20-29,"[6.0794786e-02 3.8562290e-04 8.9355892e-01 5.5457244e-04 2.1054978e-03
 3.4362309e-02 8.2382793e-03]",[0.6425999  0.00385777 0.22522652 0.12831578],[9.9999994e-01 8.3866283e-08],"[4.4073589e-09 3.4548432e-07 1.9350906e-03 6.7992771e-01 3.1114742e-01
 6.9648577e-03 2.4445668e-05 1.4966712e-07 4.8445570e-10]"
D:\Uni\Ulm\Master\Hiwi-Forschung-und-Lehre\FairFace\detected_faces\1399881_face0.jpg,White,White,Male,20-29,"[9.9630398e-01 9.0032836e-07 5.9696095e-04 3.8420312e-06 7.0656301e-06
 3.6133117e-06 3.0836901e-03]",[9.9924105e-01 1.4190593e-04 3.1585654e-04 3.0112517e-04],[9.999999e-01 1.380644e-07],"[3.5058179e-09 1.0028425e-05 2.6828659e-01 7.2518486e-01 6.4486437e-03
 6.9471178e-05 3.2071785e-07 5.0712354e-09 6.1512948e-11]"
D:\Uni\Ulm\Master\Hiwi-Forschung-und-Lehre\FairFace\detected_faces\1399882_face0.jpg,White,White,Male,20-29,"[0.6570785  0.00116085 0.04601848 0.03675513 0.01187723 0.00223197
 0.24487789]",[0.9862161  0.00527884 0.0072975  0.00120765],[9.9998426e-01 1.5702788e-05],"[2.8871975e-06 5.3665740e-04 5.8593147e-02 7.8895783e-01 1.4808893e-01
 3.7704678e-03 4.6603454e-05 3.4033590e-06 9.8875539e-08]"
D:\Uni\Ulm\Master\Hiwi-Forschung-und-Lehre\FairFace\detected_faces\1399893_face0.jpg,White,White,Male,10-19,"[9.4205445e-01 4.2382093e-05 2.7595434e-02 1.3178914e-03 1.0017273e-03
 1.0477774e-04 2.7883299e-02]",[9.9626529e-01 1.4004135e-04 3.2840942e-03 3.1060542e-04],[9.999930e-01 6.963199e-06],"[4.5909735e-07 4.0721952e-04 5.6777328e-01 4.1705233e-01 1.4373949e-02
 3.8934749e-04 3.3316758e-06 8.9742102e-08 1.7147705e-09]"
D:\Uni\Ulm\Master\Hiwi-Forschung-und-Lehre\FairFace\detected_faces\1400426_face0.jpg,Indian,Indian,Male,20-29,"[0.00117798 0.27862418 0.043912   0.00969143 0.3090097  0.35461843
 0.00296629]",[0.00160736 0.3199877  0.05370965 0.6246953 ],[9.9935627e-01 6.4369431e-04],"[4.5108513e-06 1.8082951e-03 2.6427224e-01 6.3387889e-01 8.7867483e-02
 1.1441446e-02 6.4160256e-04 8.2217062e-05 3.2891533e-06]"
D:\Uni\Ulm\Master\Hiwi-Forschung-und-Lehre\FairFace\detected_faces\1400646_face0.jpg,Southeast Asian,Indian,Male,10-19,"[0.00253875 0.08135852 0.25498542 0.01575527 0.459883   0.1842508
 0.00122827]",[6.5897004e-04 1.5676409e-02 1.0211576e-02 9.7345304e-01],[0.9904583  0.00954171],"[4.2713386e-06 2.2861036e-02 8.9014876e-01 8.2696266e-02 4.0079355e-03
 2.7472939e-04 6.6529547e-06 4.4183270e-07 1.3649765e-08]"
D:\Uni\Ulm\Master\Hiwi-Forschung-und-Lehre\FairFace\detected_faces\1400650_face0.jpg,White,White,Male,20-29,"[8.7222111e-01 3.6424763e-06 1.1004261e-02 1.6392949e-05 2.6022220e-05
 2.3796497e-04 1.1649057e-01]",[9.9762911e-01 2.1283743e-04 7.0216323e-05 2.0878462e-03],[9.9998927e-01 1.0747385e-05],"[2.2080350e-07 2.2051549e-04 4.2030197e-01 5.6709343e-01 1.2158323e-02
 2.2473688e-04 7.9545146e-07 1.6809421e-08 2.1008770e-10]"
D:\Uni\Ulm\Master\Hiwi-Forschung-und-Lehre\FairFace\detected_faces\1400656_face0.jpg,Latino_Hispanic,Black,Male,20-29,"[2.9459684e-03 4.3716034e-01 4.7430232e-01 1.1632909e-03 7.8547001e-02
 5.6688143e-03 2.1226985e-04]",[3.7271943e-04 9.5716733e-01 3.6444757e-02 6.0152602e-03],[9.999123e-01 8.764218e-05],"[3.8106556e-08 1.4680334e-04 3.7684005e-01 6.1637104e-01 6.5698749e-03
 7.1731076e-05 4.2834037e-07 1.0630583e-08 3.3482644e-10]"
D:\Uni\Ulm\Master\Hiwi-Forschung-und-Lehre\FairFace\detected_faces\1401142_face0.jpg,White,White,Male,20-29,"[8.4244668e-01 4.5720892e-05 7.9034008e-02 3.2326305e-05 1.2026382e-04
 9.5742318e-04 7.7363521e-02]",[9.9898189e-01 1.8357762e-04 3.7698695e-04 4.5749330e-04],[9.9999988e-01 1.4654485e-07],"[6.5266503e-09 8.8258030e-06 1.9698204e-02 9.0129149e-01 7.8650922e-02
 3.5029391e-04 2.1132855e-07 3.0149687e-09 2.2148875e-11]"
D:\Uni\Ulm\Master\Hiwi-Forschung-und-Lehre\FairFace\detected_faces\1401702_face0.jpg,Black,Black,Male,20-29,"[3.5887018e-03 7.3297036e-01 2.2702278e-01 1.6568849e-05 5.8844790e-04
 2.2013282e-02 1.3799946e-02]",[5.3887898e-03 9.3589097e-01 8.5506658e-04 5.7865184e-02],[9.9999917e-01 8.1996654e-07],"[4.9916883e-07 9.2261216e-05 1.3985821e-02 8.1144100e-01 1.7240702e-01
 2.0676060e-03 5.7368161e-06 1.0791547e-07 2.0517446e-09]"
D:\Uni\Ulm\Master\Hiwi-Forschung-und-Lehre\FairFace\detected_faces\1401709_face0.jpg,White,White,Male,10-19,"[6.6505909e-01 3.6867480e-03 1.6083761e-01 5.8727339e-05 2.8120875e-04
 9.9937874e-04 1.6907731e-01]",[0.8250381  0.1449092  0.01089908 0.01915369],[9.9999970e-01 3.0577843e-07],"[5.6394911e-09 4.7435806e-05 5.4693729e-01 4.5172811e-01 1.2832261e-03
 3.8737026e-06 7.6658759e-09 3.9433362e-10 4.0967741e-12]"
D:\Uni\Ulm\Master\Hiwi-Forschung-und-Lehre\FairFace\detected_faces\1402167_face0.jpg,Middle Eastern,Indian,Male,20-29,"[1.7779478e-01 3.9552743e-04 3.2807872e-01 2.1776119e-04 1.0896926e-03
 7.6884940e-02 4.1553858e-01]",[0.33643734 0.00936064 0.0140631  0.6401389 ],[1.0000000e+00 2.6109188e-08],"[6.8706584e-07 1.3539677e-04 6.3446060e-02 8.1734341e-01 1.1508356e-01
 3.9618202e-03 2.8515487e-05 5.1545453e-07 4.0671759e-09]"
D:\Uni\Ulm\Master\Hiwi-Forschung-und-Lehre\FairFace\detected_faces\1402217_face0.jpg,White,White,Male,20-29,"[8.3664435e-01 2.5972191e-05 6.4457677e-02 2.6261629e-04 2.6630369e-04
 6.9256476e-04 9.7650550e-02]",[0.99345475 0.00109926 0.00304359 0.00240246],[9.9999946e-01 5.6703379e-07],"[2.7788201e-07 7.8223449e-05 6.2505215e-02 8.7340671e-01 6.2942125e-02
 1.0630138e-03 4.3450714e-06 4.8810499e-08 7.4870143e-10]"
D:\Uni\Ulm\Master\Hiwi-Forschung-und-Lehre\FairFace\detected_faces\1402232_face0.jpg,White,White,Male,20-29,"[6.1894435e-01 9.1866247e-04 2.7576736e-01 4.4287374e-04 1.5457011e-03
 2.8988282e-04 1.0209135e-01]",[0.9820832  0.00391823 0.01262239 0.00137608],[9.9961650e-01 3.8347344e-04],"[8.5886327e-08 2.1272719e-04 2.9358608e-01 6.7995393e-01 2.5623711e-02
 6.1870919e-04 4.6986397e-06 1.2690150e-07 2.8922902e-09]"
D:\Uni\Ulm\Master\Hiwi-Forschung-und-Lehre\FairFace\detected_faces\1402517_face0.jpg,Latino_Hispanic,Black,Male,20-29,"[4.7991380e-01 1.9669119e-02 4.8035726e-01 8.8330977e-05 4.0403879e-04
 3.1432942e-03 1.6424235e-02]",[0.14530008 0.79312885 0.00328626 0.05828486],[9.9998945e-01 1.0505765e-05],"[4.6137285e-07 1.9825080e-04 1.7715839e-01 7.4117702e-01 7.6789856e-02
 4.5272452e-03 1.4243374e-04 6.2579170e-06 1.0719187e-07]"
D:\Uni\Ulm\Master\Hiwi-Forschung-und-Lehre\FairFace\detected_faces\1402573_face0.jpg,White,White,Male,20-29,"[7.3514205e-01 8.8034460e-05 8.7775834e-02 1.3861980e-04 2.4449409e-04
 1.1387534e-03 1.7547224e-01]",[9.9829805e-01 3.7022276e-04 1.8110566e-04 1.1505232e-03],[9.9997443e-01 2.5564474e-05],"[1.8196389e-06 1.3432748e-03 4.0945262e-01 5.7941955e-01 9.6814130e-03
 1.0092832e-04 3.8847622e-07 9.1659933e-09 1.8993937e-10]"
D:\Uni\Ulm\Master\Hiwi-Forschung-und-Lehre\FairFace\detected_faces\1402594_face0.jpg,White,White,Male,20-29,"[9.3795693e-01 7.0282695e-05 2.6993878e-02 1.3304273e-04 1.5573921e-04
 3.5749927e-05 3.4654390e-02]",[9.9764597e-01 5.0558790e-04 1.6040496e-03 2.4442110e-04],[9.9999297e-01 7.0601568e-06],"[1.00727640e-07 1.01202595e-05 1.05328141e-02 8.75157595e-01
 1.12829380e-01 1.46199239e-03 7.87431418e-06 1.85559145e-07
 2.22510255e-09]"
D:\Uni\Ulm\Master\Hiwi-Forschung-und-Lehre\FairFace\detected_faces\1402597_face0.jpg,Black,Black,Male,20-29,"[2.1770857e-03 6.7406052e-01 1.2251921e-01 1.2742687e-04 3.1285211e-03
 1.9732460e-01 6.6270219e-04]",[1.4382259e-03 9.2235655e-01 2.2186480e-04 7.5983323e-02],[0.9958106  0.00418937],"[3.5114811e-06 3.3142271e-03 3.6333233e-01 5.1956344e-01 9.7899929e-02
 1.5088222e-02 7.7644148e-04 2.1445634e-05 5.4966375e-07]"
D:\Uni\Ulm\Master\Hiwi-Forschung-und-Lehre\FairFace\detected_faces\1402668_face0.jpg,Middle Eastern,White,Male,20-29,"[1.09356515e-01 2.35391955e-04 1.81942768e-02 6.38568451e-07
 8.66018581e-06 1.82230100e-02 8.53981495e-01]",[8.72202039e-01 1.15743876e-02 1.14504517e-04 1.16109036e-01],[1.0000e+00 9.7085e-09],"[1.8407329e-08 2.9790623e-05 6.7025639e-02 9.1209072e-01 2.0772085e-02
 8.1637925e-05 7.3413993e-08 1.4027783e-09 1.2236020e-11]"
D:\Uni\Ulm\Master\Hiwi-Forschung-und-Lehre\FairFace\detected_faces\1402697_face0.jpg,White,White,Male,20-29,"[5.2059925e-01 6.0766155e-04 1.6016878e-01 1.3557504e-04 3.9583966e-04
 3.8429792e-04 3.1770852e-01]",[0.99011374 0.00272377 0.00592928 0.00123317],[9.9984694e-01 1.5309645e-04],"[3.3518464e-08 4.3441505e-05 2.1884172e-01 7.6303947e-01 1.7787054e-02
 2.8703402e-04 1.2047773e-06 1.8079458e-08 4.4637929e-10]"
D:\Uni\Ulm\Master\Hiwi-Forschung-und-Lehre\FairFace\detected_faces\1402716_face0.jpg,White,White,Male,10-19,"[0.5445645  0.00077543 0.37326634 0.01702895 0.01914335 0.00207125
 0.04315025]",[9.2883205e-01 5.7189382e-04 5.6648511e-02 1.3947481e-02],[9.9998939e-01 1.0621946e-05],"[4.9554217e-08 1.7316095e-04 6.5047449e-01 3.4559667e-01 3.7070047e-03
 4.8133785e-05 3.4525794e-07 2.0549594e-08 3.1222525e-10]"
D:\Uni\Ulm\Master\Hiwi-Forschung-und-Lehre\FairFace\detected_faces\1402736_face0.jpg,Black,Black,Male,10-19,"[2.9059112e-04 8.8939679e-01 4.4316044e-03 7.0963628e-03 5.0182130e-02
 4.8466578e-02 1.3604971e-04]",[8.1473067e-05 9.0633565e-01 7.8508064e-02 1.5074864e-02],[0.99868244 0.00131756],"[2.1442852e-07 7.0222369e-03 9.3912166e-01 5.3377807e-02 4.6341438e-04
 1.4447718e-05 1.8397347e-07 1.9864247e-08 7.9877588e-10]"
D:\Uni\Ulm\Master\Hiwi-Forschung-und-Lehre\FairFace\detected_faces\1402902_face0.jpg,White,White,Male,10-19,"[4.51514959e-01 9.99309495e-03 1.13071196e-01 3.24422406e-04
 1.45427196e-03 2.21644746e-04 4.23420370e-01]",[0.5660391  0.40394685 0.01751113 0.01250294],[9.9975270e-01 2.4735412e-04],"[4.1878003e-08 1.2497892e-04 5.2586943e-01 4.6028316e-01 1.3312046e-02
 4.0589142e-04 4.3557902e-06 1.1922199e-07 2.1059703e-09]"
D:\Uni\Ulm\Master\Hiwi-Forschung-und-Lehre\FairFace\detected_faces\1402907_face0.jpg,White,White,Male,20-29,"[0.64954627 0.00255004 0.29838407 0.00581249 0.0211044  0.0044835
 0.01811929]",[0.9590499  0.00879468 0.0217532  0.01040228],[9.9999678e-01 3.1971033e-06],"[1.6146882e-07 1.7378968e-04 2.3629783e-01 6.9731951e-01 6.3705720e-02
 2.4696442e-03 3.2293901e-05 1.0195104e-06 1.6026748e-08]"
D:\Uni\Ulm\Master\Hiwi-Forschung-und-Lehre\FairFace\detected_faces\1402908_face0.jpg,White,White,Male,10-19,"[9.4978082e-01 9.5288624e-06 2.3336930e-02 1.7448201e-05 7.2627947e-05
 5.7881686e-04 2.6203899e-02]",[9.9166703e-01 1.2448134e-03 4.8683141e-04 6.6013602e-03],[9.9999738e-01 2.5693037e-06],"[2.3271726e-08 1.1377314e-03 9.4586509e-01 5.2726440e-02 2.6795166e-04
 2.7748149e-06 2.9831813e-09 6.0124600e-11 9.5480904e-13]"
D:\Uni\Ulm\Master\Hiwi-Forschung-und-Lehre\FairFace\detected_faces\1402912_face0.jpg,Black,Black,Male,20-29,"[2.6137257e-02 6.0669672e-01 3.2977369e-01 3.9744182e-06 1.2955736e-04
 1.2385539e-02 2.4873219e-02]",[1.5375377e-03 9.9387395e-01 7.5314550e-05 4.5131701e-03],[9.999761e-01 2.385893e-05],"[5.9048841e-07 7.3149189e-04 3.6347800e-01 6.0738409e-01 2.7380368e-02
 9.9674158e-04 2.7674658e-05 1.0719982e-06 1.5543920e-08]"
D:\Uni\Ulm\Master\Hiwi-Forschung-und-Lehre\FairFace\detected_faces\1402913_face0.jpg,White,White,Male,20-29,"[5.91613650e-01 5.67859155e-04 1.13737926e-01 4.74988592e-05
 1.70425235e-04 8.82660912e-04 2.92979866e-01]",[0.98782843 0.00783795 0.00187991 0.00245367],[1.0000000e+00 2.3571966e-08],"[4.0259135e-07 1.1254627e-03 3.7713248e-01 6.0537946e-01 1.6034352e-02
 3.2604788e-04 1.7983832e-06 4.2390791e-08 3.5641992e-10]"
D:\Uni\Ulm\Master\Hiwi-Forschung-und-Lehre\FairFace\detected_faces\1402914_face0.jpg,White,White,Male,20-29,"[9.9226248e-01 8.7007547e-06 6.8471360e-04 2.2575944e-06 7.1845980e-06
 4.7068020e-06 7.0299204e-03]",[9.9971741e-01 1.5849955e-04 8.1331164e-05 4.2774715e-05],[9.9999988e-01 1.1035822e-07],"[1.9952640e-07 7.0742425e-04 3.8108313e-01 6.0042083e-01 1.7358474e-02
 4.2831077e-04 1.5516156e-06 3.9585029e-08 5.8252070e-10]"
D:\Uni\Ulm\Master\Hiwi-Forschung-und-Lehre\FairFace\detected_faces\1402922_face0.jpg,White,White,Male,20-29,"[9.9459708e-01 8.0216245e-07 3.2649856e-04 9.0131934e-06 1.6559405e-05
 9.0685126e-06 5.0409986e-03]",[9.9971628e-01 3.5899720e-05 1.2211573e-04 1.2563026e-04],[9.9999213e-01 7.8609637e-06],"[4.6522825e-07 6.9214869e-04 4.3947992e-01 5.3795964e-01 2.1046154e-02
 8.1687915e-04 4.8116690e-06 6.1836694e-08 1.0863427e-09]"
D:\Uni\Ulm\Master\Hiwi-Forschung-und-Lehre\FairFace\detected_faces\1402927_face0.jpg,White,White,Male,20-29,"[9.3190438e-01 6.6716377e-05 3.9750051e-02 3.4960112e-06 2.6333668e-05
 1.7444085e-04 2.8074550e-02]",[9.9854928e-01 1.4670919e-04 2.9030498e-04 1.0136931e-03],[9.999999e-01 9.034299e-08],"[1.9330683e-08 2.6399865e-05 1.8952519e-01 7.7615088e-01 3.2284658e-02
 1.9872496e-03 2.4823457e-05 7.2037500e-07 5.7098797e-09]"
D:\Uni\Ulm\Master\Hiwi-Forschung-und-Lehre\FairFace\detected_faces\1402929_face0.jpg,Black,Black,Male,20-29,"[9.3594637e-05 9.9779636e-01 1.8085277e-03 1.1860828e-06 1.3623190e-05
 2.2373984e-04 6.2767256e-05]",[3.1181436e-05 9.9980235e-01 1.2734966e-05 1.5372768e-04],[9.999992e-01 7.467024e-07],"[2.8997275e-07 6.3994707e-04 2.5259537e-01 6.8035954e-01 6.3869998e-02
 2.4988737e-03 3.5316298e-05 6.3186377e-07 1.5118543e-08]"
D:\Uni\Ulm\Master\Hiwi-Forschung-und-Lehre\FairFace\detected_faces\1403004_face0.jpg,White,White,Male,10-19,"[9.6361560e-01 5.2601963e-06 4.3856525e-03 4.7671136e-05 4.5699944e-05
 3.6657657e-05 3.1863511e-02]",[9.9845892e-01 2.1809652e-05 1.4631150e-03 5.6145473e-05],[9.9999565e-01 4.3608770e-06],"[9.2824934e-07 1.3592230e-03 5.1220465e-01 4.6980831e-01 1.6077068e-02
 5.4696511e-04 2.8041493e-06 8.7692875e-08 9.7048447e-10]"
D:\Uni\Ulm\Master\Hiwi-Forschung-und-Lehre\FairFace\detected_faces\1403015_face0.jpg,White,White,Male,10-19,"[5.1213676e-01 1.5084809e-04 1.0259540e-01 1.9756360e-04 3.8776299e-04
 5.0856831e-04 3.8402307e-01]",[9.9660718e-01 2.2105433e-03 3.8327280e-04 7.9896982e-04],[9.9961787e-01 3.8207095e-04],"[5.5052418e-08 1.1058520e-03 8.9620847e-01 1.0211856e-01 5.6195748e-04
 5.0922672e-06 1.6943154e-08 9.3726216e-10 2.2816610e-11]"
D:\Uni\Ulm\Master\Hiwi-Forschung-und-Lehre\FairFace\detected_faces\1403018_face0.jpg,White,White,Male,20-29,"[9.9399465e-01 4.0558039e-05 3.4426861e-03 3.2580081e-06 1.5399462e-05
 2.6005789e-06 2.5008188e-03]",[9.9538237e-01 3.8233656e-03 7.5432175e-04 3.9900016e-05],[9.9999994e-01 3.6845218e-08],"[1.21060255e-08 2.29377165e-05 1.38227895e-01 8.39650989e-01
 2.17670333e-02 3.29352537e-04 1.78310188e-06 2.37828992e-08
 3.29832189e-10]"
D:\Uni\Ulm\Master\Hiwi-Forschung-und-Lehre\FairFace\detected_faces\1403050_face0.jpg,Black,Black,Male,20-29,"[1.9616725e-06 9.9990350e-01 2.9597606e-05 4.4358064e-08 1.2132364e-06
 6.2195366e-05 1.4962824e-06]",[6.45004548e-07 9.99896348e-01 1.00598845e-05 9.28831723e-05],[9.9982655e-01 1.7338824e-04],"[3.2502260e-08 1.7135257e-05 3.5978079e-02 8.3776736e-01 1.2288815e-01
 3.3166616e-03 3.2141157e-05 4.6006303e-07 1.8725808e-08]"
D:\Uni\Ulm\Master\Hiwi-Forschung-und-Lehre\FairFace\detected_faces\1403053_face0.jpg,Middle Eastern,White,Male,20-29,"[3.7114644e-01 5.0205472e-03 2.3881193e-01 7.5194825e-05 4.2163822e-04
 4.9888520e-03 3.7953535e-01]",[0.69450814 0.27525437 0.00787145 0.02236605],[0.9984946  0.00150535],"[6.6393902e-08 6.8389745e-05 9.4869234e-02 8.7094349e-01 3.3849072e-02
 2.6849963e-04 1.2341118e-06 3.7419831e-08 1.3001389e-09]"
D:\Uni\Ulm\Master\Hiwi-Forschung-und-Lehre\FairFace\detected_faces\1403061_face0.jpg,Black,Black,Male,30-39,"[1.08875975e-06 9.99873340e-01 9.08698621e-06 5.80998005e-09
 1.16263173e-07 1.15693925e-04 7.05276705e-07]",[7.2482698e-07 9.9998122e-01 1.3637313e-07 1.7924978e-05],[9.9997866e-01 2.1327636e-05],"[2.0575149e-08 3.0641174e-06 2.4437665e-03 4.3841028e-01 5.2509338e-01
 3.3698779e-02 3.4813953e-04 2.5379773e-06 5.7032810e-08]"
D:\Uni\Ulm\Master\Hiwi-Forschung-und-Lehre\FairFace\detected_faces\1403108_face0.jpg,Latino_Hispanic,Indian,Male,20-29,"[8.7106198e-02 1.1163155e-02 7.5353700e-01 3.4244210e-04 1.6070519e-03
 9.7220363e-03 1.3652213e-01]",[0.15177263 0.2221048  0.05306531 0.57305723],[9.9998665e-01 1.3348948e-05],"[2.2308186e-07 3.1346537e-04 3.8888091e-01 6.0485536e-01 5.9245718e-03
 2.5422565e-05 7.3083143e-08 4.1346611e-09 9.0714644e-11]"
D:\Uni\Ulm\Master\Hiwi-Forschung-und-Lehre\FairFace\detected_faces\1403111_face0.jpg,White,White,Male,10-19,"[9.9337173e-01 1.0027503e-05 3.4454369e-03 3.6668887e-05 7.1056093e-05
 1.5302516e-05 3.0496500e-03]",[9.9991506e-01 2.8040226e-05 4.8987466e-05 7.9387373e-06],[1.0000000e+00 3.4404366e-08],"[3.9099717e-08 4.9410929e-04 8.0947620e-01 1.8882668e-01 1.1901886e-03
 1.2763616e-05 3.5920621e-08 6.1746047e-10 1.0700205e-11]"
D:\Uni\Ulm\Master\Hiwi-Forschung-und-Lehre\FairFace\detected_faces\1403148_face0.jpg,Black,Black,Male,10-19,"[1.5168533e-05 9.7826582e-01 7.7702780e-04 3.9229926e-06 2.2566022e-04
 2.0706603e-02 5.7743882e-06]",[9.6781278e-06 9.9741471e-01 4.4796961e-05 2.5308796e-03],[0.9623831  0.03761694],"[1.0390595e-06 3.5816997e-02 8.6564684e-01 9.6318901e-02 2.1844001e-03
 3.1420132e-05 3.1672965e-07 1.5166167e-08 9.3221231e-10]"
D:\Uni\Ulm\Master\Hiwi-Forschung-und-Lehre\FairFace\detected_faces\1403192_face0.jpg,White,White,Male,10-19,"[9.3605214e-01 6.8854633e-06 5.2650771e-03 7.0438800e-06 1.1361428e-05
 9.5358137e-06 5.8647946e-02]",[9.9993587e-01 3.7456941e-06 4.9510105e-05 1.0952233e-05],[9.9999899e-01 1.0325322e-06],"[3.3895404e-07 1.5566739e-03 6.5537238e-01 3.3439597e-01 8.4033580e-03
 2.7001643e-04 1.1695141e-06 2.3299334e-08 3.2326236e-10]"
D:\Uni\Ulm\Master\Hiwi-Forschung-und-Lehre\FairFace\detected_faces\1403216_face0.jpg,Latino_Hispanic,Black,Male,20-29,"[2.6827311e-02 1.0002783e-01 8.0948675e-01 6.4069609e-04 9.1614239e-03
 1.6909113e-02 3.6946878e-02]",[0.00509295 0.9708878  0.00663371 0.0173855 ],[9.9999589e-01 4.1491835e-06],"[3.6381945e-07 1.5390913e-04 1.2855798e-01 8.1503093e-01 5.4291040e-02
 1.9242398e-03 4.0491293e-05 1.0960820e-06 2.4783807e-08]"
D:\Uni\Ulm\Master\Hiwi-Forschung-und-Lehre\FairFace\detected_faces\1403294_face0.jpg,White,White,Male,10-19,"[5.3346795e-01 1.8619609e-04 6.7085661e-02 2.2608883e-04 4.4924277e-04
 1.1665602e-04 3.9846814e-01]",[0.97144985 0.01985462 0.00759538 0.00110015],[9.9999970e-01 2.7683552e-07],"[2.69075190e-06 5.08399261e-03 6.73575640e-01 3.09333384e-01
 1.16924485e-02 3.10467702e-04 1.38983648e-06 3.20649960e-08
 3.53804430e-10]"
D:\Uni\Ulm\Master\Hiwi-Forschung-und-Lehre\FairFace\detected_faces\1403348_face0.jpg,White,White,Male,20-29,"[9.8826569e-01 8.9080877e-06 6.2915240e-03 2.9651912e-07 2.0867144e-06
 2.0640891e-05 5.4107690e-03]",[9.99882460e-01 9.83400787e-06 5.12853285e-06 1.02557635e-04],[9.9999523e-01 4.7599278e-06],"[5.9026295e-09 2.6587334e-06 5.5202965e-02 8.2509410e-01 1.1353261e-01
 6.1239074e-03 4.3305423e-05 4.5697547e-07 3.6466554e-09]"
D:\Uni\Ulm\Master\Hiwi-Forschung-und-Lehre\FairFace\detected_faces\1403571_face0.jpg,Black,Black,Male,20-29,"[2.5637222e-08 9.9999923e-01 3.1014633e-07 2.4670604e-10 1.6415627e-09
 4.0391137e-07 6.2102970e-08]",[1.5582343e-08 9.9999964e-01 6.0689011e-08 2.9258624e-07],[9.9963039e-01 3.6964956e-04],"[3.7937536e-06 8.8833703e-04 4.5535240e-02 5.5677742e-01 3.4404776e-01
 5.1996939e-02 7.4259611e-04 7.5213097e-06 3.3749021e-07]"
D:\Uni\Ulm\Master\Hiwi-Forschung-und-Lehre\FairFace\detected_faces\1404329_face0.jpg,White,White,Male,20-29,"[9.9976021e-01 8.8933639e-08 7.2137041e-06 2.2072079e-06 1.6644026e-06
 5.9079554e-07 2.2802384e-04]",[9.9997598e-01 2.0630945e-07 2.1808210e-05 1.9735069e-06],[9.9952167e-01 4.7830053e-04],"[4.51685963e-07 3.59080004e-04 1.75148398e-01 8.05785179e-01
 1.85227767e-02 1.83472963e-04 6.13795123e-07 1.07239355e-08
 8.92984353e-10]"
D:\Uni\Ulm\Master\Hiwi-Forschung-und-Lehre\FairFace\detected_faces\1404430_face0.jpg,Black,Black,Male,20-29,"[4.4190197e-06 9.9990529e-01 1.9624395e-05 2.9644367e-08 3.4621573e-07
 6.6657863e-05 3.6443821e-06]",[1.6340339e-06 9.9995774e-01 1.0787910e-05 2.9832676e-05],[9.9984878e-01 1.5121869e-04],"[3.1010461e-07 1.5401385e-04 2.8430570e-02 7.2442734e-01 2.3890571e-01
 8.0066491e-03 7.4653086e-05 6.8171920e-07 3.2075107e-08]"
D:\Uni\Ulm\Master\Hiwi-Forschung-und-Lehre\FairFace\detected_faces\1404547_face0.jpg,Black,Black,Male,20-29,"[2.3356895e-07 9.9993020e-01 2.3990306e-05 5.5155216e-08 2.0702810e-06
 4.2912892e-05 5.3393120e-07]",[7.2990900e-07 9.9997360e-01 1.6015575e-06 2.3990420e-05],[0.97830135 0.02169866],"[1.2130557e-08 1.8961860e-05 5.6067925e-02 7.8935355e-01 1.5089379e-01
 3.6236537e-03 4.1776177e-05 3.1446527e-07 8.6364906e-09]"
D:\Uni\Ulm\Master\Hiwi-Forschung-und-Lehre\FairFace\detected_faces\1404671_face0.jpg,Black,Asian,Male,20-29,"[0.02952944 0.41321623 0.34814098 0.00994907 0.12679471 0.03926813
 0.03310142]",[0.00704152 0.3415465  0.5805305  0.07088141],[9.9999988e-01 1.5553972e-07],"[1.5165714e-08 2.1334143e-05 1.7823075e-01 7.9457784e-01 2.6896773e-02
 2.7157067e-04 1.6899743e-06 6.3198421e-08 8.5103702e-10]"
D:\Uni\Ulm\Master\Hiwi-Forschung-und-Lehre\FairFace\detected_faces\1404704_face0.jpg,Middle Eastern,White,Male,20-29,"[0.07978949 0.03389442 0.05039186 0.18711257 0.0833377  0.00610689
 0.55936706]",[0.43144697 0.21550551 0.35064757 0.0023999 ],[0.98686415 0.01313583],"[7.4925905e-05 9.0968434e-04 3.6874071e-02 7.3992980e-01 2.0718868e-01
 1.3573247e-02 1.1541636e-03 2.4899648e-04 4.6474346e-05]"
D:\Uni\Ulm\Master\Hiwi-Forschung-und-Lehre\FairFace\detected_faces\1407484_face0.jpg,Black,Black,Male,10-19,"[4.5715183e-06 9.9814504e-01 3.9116095e-04 2.4613373e-05 9.7498269e-04
 4.5853626e-04 1.1512293e-06]",[3.5180592e-06 9.9655342e-01 1.3017865e-03 2.1412394e-03],[9.9971765e-01 2.8235264e-04],"[1.8624530e-07 8.8218861e-04 5.3724122e-01 4.5327479e-01 8.5032061e-03
 9.7739867e-05 6.7996012e-07 1.4705414e-08 9.8120778e-10]"
D:\Uni\Ulm\Master\Hiwi-Forschung-und-Lehre\FairFace\detected_faces\1407524_face0.jpg,Latino_Hispanic,Asian,Male,20-29,"[0.08012862 0.00270245 0.70316315 0.01416582 0.0191338  0.00245538
 0.17825079]",[0.0604245  0.01661816 0.9151929  0.00776437],[1.0000000e+00 1.2899003e-08],"[3.2310030e-08 2.1627244e-05 1.2633410e-01 8.5016286e-01 2.3164885e-02
 3.1403528e-04 2.3807083e-06 8.8159069e-08 5.7854510e-10]"
D:\Uni\Ulm\Master\Hiwi-Forschung-und-Lehre\FairFace\detected_faces\1407702_face0.jpg,Latino_Hispanic,White,Male,20-29,"[1.4450164e-01 1.4501928e-03 6.1251748e-01 4.2271795e-04 1.4783826e-03
 5.3871078e-03 2.3424245e-01]",[0.5596238  0.02852012 0.3773152  0.0345409 ],[9.9999845e-01 1.5817467e-06],"[1.0725523e-06 3.3736680e-05 3.2431039e-03 6.1448115e-01 3.6810771e-01
 1.4056359e-02 7.5562253e-05 1.3318604e-06 1.5217518e-08]"
D:\Uni\Ulm\Master\Hiwi-Forschung-und-Lehre\FairFace\detected_faces\1407705_face0.jpg,White,White,Male,10-19,"[9.2703843e-01 1.5501544e-04 5.1802211e-02 4.5169145e-05 1.4919291e-04
 1.5965039e-04 2.0650377e-02]",[9.9636769e-01 1.3024405e-03 4.3506085e-04 1.8948222e-03],[9.9996185e-01 3.8196082e-05],"[3.8221618e-08 7.0302468e-04 7.9212725e-01 2.0545600e-01 1.6984835e-03
 1.5186291e-05 4.0200337e-08 1.3652186e-09 3.7590934e-11]"
D:\Uni\Ulm\Master\Hiwi-Forschung-und-Lehre\FairFace\detected_faces\1407752_face0.jpg,White,White,Male,10-19,"[8.5062951e-01 1.2345395e-04 8.9008966e-03 8.7282417e-05 9.7236916e-05
 2.8382434e-05 1.4013323e-01]",[9.9961472e-01 2.4301161e-04 1.0980520e-04 3.2517397e-05],[9.9988955e-01 1.1046862e-04],"[1.2159149e-06 1.9351897e-03 6.0980070e-01 3.7274784e-01 1.4951830e-02
 5.5662327e-04 6.3837697e-06 2.4660255e-07 8.4277403e-09]"
D:\Uni\Ulm\Master\Hiwi-Forschung-und-Lehre\FairFace\detected_faces\1408175_face0.jpg,White,White,Male,20-29,"[4.9825206e-01 1.2343202e-05 4.4232914e-03 3.1360843e-05 5.9490048e-05
 1.4409031e-03 4.9578062e-01]",[9.9940825e-01 4.2240781e-06 1.3110595e-05 5.7433551e-04],[9.999826e-01 1.742554e-05],"[2.48709512e-07 1.25071365e-05 1.27510424e-03 5.87296188e-01
 4.06958342e-01 4.44979314e-03 7.75106309e-06 7.50156275e-08
 2.00916728e-09]"
D:\Uni\Ulm\Master\Hiwi-Forschung-und-Lehre\FairFace\detected_faces\1408352_face0.jpg,Black,Black,Male,20-29,"[1.9530917e-06 9.9988335e-01 2.8220062e-05 1.4846128e-07 2.5525767e-06
 6.4451124e-05 1.9377014e-05]",[8.4167499e-07 9.9997580e-01 1.3891557e-05 9.3976350e-06],[9.9999994e-01 4.9772620e-08],"[7.4380935e-08 8.7207981e-04 1.7653328e-01 7.9405230e-01 2.8139327e-02
 4.0191680e-04 9.7833788e-07 2.3799821e-08 8.1960300e-10]"
D:\Uni\Ulm\Master\Hiwi-Forschung-und-Lehre\FairFace\detected_faces\1409087_face0.jpg,Middle Eastern,White,Male,20-29,"[0.14257006 0.00344313 0.4085248  0.00308245 0.01275099 0.01294531
 0.41668335]",[0.9749645  0.01324487 0.00961985 0.00217082],[9.9999964e-01 3.4782403e-07],"[6.8299033e-07 9.4164134e-04 3.6791220e-01 6.0734469e-01 2.3172826e-02
 6.2206452e-04 5.6791082e-06 1.6478050e-07 1.6920308e-09]"
D:\Uni\Ulm\Master\Hiwi-Forschung-und-Lehre\FairFace\detected_faces\1409108_face0.jpg,Black,Black,Male,20-29,"[1.4137245e-06 9.9999237e-01 5.3611093e-06 4.4467029e-08 2.0500046e-07
 5.2462241e-07 1.1512677e-07]",[2.1459070e-06 9.9998540e-01 6.9511079e-06 5.5643795e-06],[9.9993896e-01 6.1097729e-05],"[4.6987682e-07 3.1163538e-05 8.1706839e-03 5.2066076e-01 4.0238342e-01
 6.6970997e-02 1.7463944e-03 3.3167675e-05 3.0016922e-06]"
D:\Uni\Ulm\Master\Hiwi-Forschung-und-Lehre\FairFace\detected_faces\1409339_face0.jpg,Middle Eastern,Indian,Male,10-19,"[1.4311126e-01 1.8563276e-03 1.0124462e-01 2.7966154e-05 6.5484137e-04
 7.2603181e-02 6.8050182e-01]",[0.10522009 0.01547711 0.01145223 0.8678506 ],[9.9999970e-01 2.4320644e-07],"[3.5487406e-09 3.4202606e-04 9.2488378e-01 7.4269310e-02 4.9769145e-04
 7.2273674e-06 1.9170157e-08 6.0505040e-10 6.7232725e-12]"
D:\Uni\Ulm\Master\Hiwi-Forschung-und-Lehre\FairFace\detected_faces\1409353_face0.jpg,White,White,Male,20-29,"[9.5801973e-01 1.2540794e-04 1.3233996e-02 2.2449165e-05 8.1100734e-05
 2.6602889e-04 2.8251315e-02]",[9.9746025e-01 1.2771814e-03 9.8108081e-05 1.1645172e-03],[1.000000e+00 2.130596e-08],"[4.1950227e-07 1.5944921e-04 7.4764036e-02 8.8538754e-01 3.9392035e-02
 2.9571683e-04 7.9022385e-07 1.6480502e-08 2.3912011e-10]"
D:\Uni\Ulm\Master\Hiwi-Forschung-und-Lehre\FairFace\detected_faces\1409365_face0.jpg,Middle Eastern,White,Male,20-29,"[4.2943886e-01 1.7267116e-03 3.1071693e-02 6.0867449e-05 1.0017635e-04
 1.5670473e-04 5.3744501e-01]",[9.6819651e-01 3.0060159e-02 3.0892098e-04 1.4344336e-03],[9.9999988e-01 7.7609165e-08],"[1.4440059e-07 5.1085917e-05 1.0027935e-01 8.7976485e-01 1.9543856e-02
 3.5145541e-04 8.6638211e-06 5.1961143e-07 6.3149885e-09]"
D:\Uni\Ulm\Master\Hiwi-Forschung-und-Lehre\FairFace\detected_faces\1409371_face0.jpg,White,White,Male,10-19,"[9.9342126e-01 4.0108876e-05 3.3445435e-03 2.3580908e-05 9.1685033e-05
 1.3906898e-05 3.0649821e-03]",[9.9939525e-01 1.4700151e-04 4.3246654e-04 2.5255198e-05],[9.9999815e-01 1.8639265e-06],"[1.0122448e-07 2.0380087e-04 6.4143682e-01 3.4921238e-01 8.5694045e-03
 5.6563696e-04 1.1418434e-05 4.4337978e-07 8.3311420e-09]"
D:\Uni\Ulm\Master\Hiwi-Forschung-und-Lehre\FairFace\detected_faces\1410124_face0.jpg,Latino_Hispanic,Indian,Male,20-29,"[0.00955304 0.05492214 0.5660521  0.00174969 0.01942372 0.10560256
 0.2426968 ]",[0.02691927 0.39299443 0.03931035 0.54077595],[9.9999976e-01 1.7533115e-07],"[2.0680932e-07 3.6598966e-04 2.5661471e-01 7.3162085e-01 1.1259768e-02
 1.3786145e-04 5.6593899e-07 2.3869701e-08 3.1924380e-10]"
D:\Uni\Ulm\Master\Hiwi-Forschung-und-Lehre\FairFace\detected_faces\1410172_face0.jpg,White,White,Male,10-19,"[9.9878138e-01 1.3819189e-07 1.1821983e-04 3.8936855e-07 5.0931646e-07
 4.2672389e-07 1.0990475e-03]",[9.9999070e-01 5.8467076e-06 2.1034164e-06 1.3528155e-06],[9.9999785e-01 2.1510477e-06],"[7.5184111e-08 1.3527704e-03 9.4242370e-01 5.5982936e-02 2.3643475e-04
 4.0472955e-06 1.1111760e-08 2.6611635e-10 8.1228149e-12]"
D:\Uni\Ulm\Master\Hiwi-Forschung-und-Lehre\FairFace\detected_faces\1410180_face0.jpg,White,White,Male,10-19,"[9.9873507e-01 1.1161841e-06 1.2276474e-04 8.7845416e-05 3.7402115e-05
 8.2808884e-07 1.0150207e-03]",[9.9759448e-01 7.5327502e-05 2.3049756e-03 2.5180923e-05],[9.9998373e-01 1.6219916e-05],"[5.6715902e-07 1.4283202e-03 5.1416981e-01 4.7074443e-01 1.3333781e-02
 3.2049551e-04 2.5075842e-06 4.5757172e-08 1.4903802e-09]"
D:\Uni\Ulm\Master\Hiwi-Forschung-und-Lehre\FairFace\detected_faces\1410201_face0.jpg,Black,Black,Male,20-29,"[7.9962092e-06 9.9920714e-01 4.9888674e-04 4.7343116e-07 2.7924185e-05
 2.2343078e-04 3.4136876e-05]",[4.9792175e-07 9.9991792e-01 2.1517026e-05 6.0010127e-05],[9.9999994e-01 7.9527474e-08],"[8.64195684e-08 3.21283223e-05 1.12140946e-01 8.44526231e-01
 4.21219952e-02 1.17037166e-03 8.03062539e-06 2.47884344e-07
 4.19451096e-09]"
D:\Uni\Ulm\Master\Hiwi-Forschung-und-Lehre\FairFace\detected_faces\1410218_face0.jpg,Black,Black,Male,20-29,"[9.7270915e-04 8.9371818e-01 4.7478169e-02 1.5343943e-04 1.1767279e-02
 4.5691483e-02 2.1875299e-04]",[9.2057679e-05 9.9530822e-01 1.1760041e-03 3.4237257e-03],[9.9974018e-01 2.5981275e-04],"[1.9648947e-07 8.9217465e-05 1.3732418e-01 7.5154227e-01 1.0583684e-01
 5.0636865e-03 1.4037121e-04 3.0719948e-06 1.3244220e-07]"
D:\Uni\Ulm\Master\Hiwi-Forschung-und-Lehre\FairFace\detected_faces\1410227_face0.jpg,White,White,Male,20-29,"[9.9986845e-01 1.7718678e-07 1.7247987e-05 2.6608424e-07 4.3924277e-07
 3.0597383e-07 1.1302945e-04]",[9.9999702e-01 4.5266830e-07 8.2181964e-07 1.6054399e-06],[9.9991995e-01 8.0051817e-05],"[8.9234447e-08 6.0436745e-05 1.8366718e-01 7.6812243e-01 4.3710537e-02
 4.3408326e-03 9.5509495e-05 2.8925492e-06 1.1047119e-07]"
D:\Uni\Ulm\Master\Hiwi-Forschung-und-Lehre\FairFace\detected_faces\1410332_face0.jpg,White,White,Male,30-39,"[6.3506442e-01 1.0751121e-04 1.4189681e-01 1.7057141e-04 2.9737712e-04
 5.4280940e-03 2.1703519e-01]",[9.7777390e-01 8.1887818e-04 1.2299281e-02 9.1079315e-03],[9.9996120e-01 3.8805767e-05],"[5.4015771e-08 1.7531038e-06 5.7663606e-04 4.0064004e-01 5.8305097e-01
 1.5695188e-02 3.5150431e-05 2.5516061e-07 2.6707798e-09]"
D:\Uni\Ulm\Master\Hiwi-Forschung-und-Lehre\FairFace\detected_faces\1410367_face0.jpg,White,White,Male,10-19,"[9.9999654e-01 5.7076482e-10 8.9858425e-08 9.3370591e-09 2.8766875e-08
 2.0909643e-09 3.3684739e-06]",[9.9999976e-01 5.8889803e-08 1.5845323e-07 2.3378718e-08],[9.9969953e-01 3.0049460e-04],"[7.1868867e-06 2.4851071e-02 7.4781728e-01 2.1487166e-01 1.1134225e-02
 1.3034466e-03 1.4610504e-05 4.8022656e-07 3.3988581e-08]"
D:\Uni\Ulm\Master\Hiwi-Forschung-und-Lehre\FairFace\detected_faces\1410463_face0.jpg,White,White,Male,30-39,"[8.04773808e-01 3.40294908e-04 2.60828948e-03 1.07917942e-04
 1.20172146e-04 5.52692625e-04 1.91496789e-01]",[9.99031603e-01 3.89342895e-04 1.16758485e-04 4.62334952e-04],[0.99064744 0.00935254],"[3.4654044e-05 1.0984901e-03 3.0521821e-02 3.3948553e-01 4.5851305e-01
 1.4642401e-01 2.1333583e-02 2.2540384e-03 3.3478372e-04]"
D:\Uni\Ulm\Master\Hiwi-Forschung-und-Lehre\FairFace\detected_faces\1410488_face0.jpg,White,White,Male,20-29,"[5.4014987e-01 7.0545159e-04 1.2779905e-01 2.3292827e-04 6.1785470e-04
 9.0055598e-04 3.2959425e-01]",[0.7185963  0.04463064 0.03672794 0.20004518],[9.9999899e-01 1.0077669e-06],"[2.2534087e-08 1.9606539e-05 5.0646096e-02 9.0861768e-01 4.0501148e-02
 2.1503036e-04 4.1281916e-07 5.5004081e-09 6.7116222e-11]"
D:\Uni\Ulm\Master\Hiwi-Forschung-und-Lehre\FairFace\detected_faces\1410734_face0.jpg,White,White,Male,20-29,"[9.4691575e-01 1.7581070e-04 1.5713638e-02 1.7000049e-05 3.3978376e-05
 2.5002487e-04 3.6893748e-02]",[9.9169785e-01 4.4314153e-03 3.5302475e-04 3.5177274e-03],[9.9999976e-01 2.3388692e-07],"[1.7412001e-08 5.7249608e-06 2.0341037e-02 9.1732746e-01 6.1820388e-02
 5.0366734e-04 1.7088934e-06 3.1753114e-08 4.8409221e-10]"
D:\Uni\Ulm\Master\Hiwi-Forschung-und-Lehre\FairFace\detected_faces\1410925_face0.jpg,Middle Eastern,White,Male,10-19,"[1.7116088e-01 1.2185495e-05 5.3453818e-02 4.2905868e-04 7.6858269e-04
 1.8398876e-03 7.7233559e-01]",[7.1467549e-01 2.7980321e-04 5.1183052e-02 2.3386167e-01],[9.998853e-01 1.146965e-04],"[6.3210687e-06 1.2836789e-02 6.3581431e-01 3.3672139e-01 1.4004742e-02
 6.1296020e-04 3.2559151e-06 1.4910482e-07 3.0679199e-09]"
D:\Uni\Ulm\Master\Hiwi-Forschung-und-Lehre\FairFace\detected_faces\1410926_face0.jpg,Black,Black,Male,20-29,"[8.2986259e-07 9.9998981e-01 3.3218912e-06 1.8722144e-09 2.1384297e-08
 5.6927270e-06 3.2014668e-07]",[1.3746186e-06 9.9998885e-01 6.4578319e-07 9.0942394e-06],[9.999672e-01 3.277728e-05],"[3.8874896e-07 3.8117953e-04 8.3367512e-02 6.7143112e-01 2.2739854e-01
 1.7163439e-02 2.5584741e-04 1.8240055e-06 4.5687564e-08]"
D:\Uni\Ulm\Master\Hiwi-Forschung-und-Lehre\FairFace\detected_faces\1410927_face0.jpg,White,White,Male,10-19,"[6.7624193e-01 3.9760402e-05 2.0071666e-01 9.4069124e-05 4.4572353e-04
 2.1489650e-02 1.0097219e-01]",[9.2229629e-01 1.6331219e-04 5.7787653e-03 7.1761698e-02],[9.9999934e-01 6.6106054e-07],"[1.0474792e-07 7.4477732e-04 7.5734490e-01 2.3874989e-01 3.1088686e-03
 5.1289837e-05 1.3658384e-07 4.4192214e-09 6.6251213e-11]"
D:\Uni\Ulm\Master\Hiwi-Forschung-und-Lehre\FairFace\detected_faces\1411141_face0.jpg,Latino_Hispanic,White,Male,20-29,"[2.8422338e-01 3.8681871e-03 6.7630583e-01 2.1714752e-04 1.5088908e-03
 5.4215156e-03 2.8455080e-02]",[0.8884487  0.00388916 0.00864002 0.09902208],[9.9996901e-01 3.0993284e-05],"[1.0890354e-06 8.2364876e-04 3.6441141e-01 5.8051503e-01 5.0978854e-02
 3.2135998e-03 5.5060100e-05 1.3573884e-06 3.2992730e-08]"
D:\Uni\Ulm\Master\Hiwi-Forschung-und-Lehre\FairFace\detected_faces\1413129_face0.jpg,White,White,Male,20-29,"[9.9997741e-01 2.4911328e-08 4.0857958e-06 1.5292158e-06 1.3292930e-06
 1.6321838e-08 1.5651322e-05]",[9.9996734e-01 2.5698973e-05 5.1810944e-06 1.7937704e-06],[9.9999982e-01 1.9082877e-07],"[1.4727340e-07 1.4306309e-04 2.9966977e-01 6.4939380e-01 4.7223873e-02
 3.4990960e-03 6.8603345e-05 1.5950138e-06 2.3290946e-08]"
D:\Uni\Ulm\Master\Hiwi-Forschung-und-Lehre\FairFace\detected_faces\1413564_face0.jpg,Middle Eastern,White,Male,20-29,"[2.3155441e-03 6.5060203e-06 3.0423645e-03 5.5938449e-06 2.8287366e-05
 9.5613956e-05 9.9450606e-01]",[0.9710854  0.00720801 0.01161805 0.01008854],[9.9998933e-01 1.0701238e-05],"[1.1170107e-07 3.5025895e-04 4.2214996e-01 5.6951535e-01 7.8808032e-03
 1.0311676e-04 3.6574724e-07 1.4564017e-08 2.6456820e-10]"
D:\Uni\Ulm\Master\Hiwi-Forschung-und-Lehre\FairFace\detected_faces\1414275_face0.jpg,Black,Black,Male,20-29,"[2.3437949e-06 9.9992406e-01 2.3342114e-05 1.2185765e-08 2.4748186e-07
 4.6131401e-05 3.8703333e-06]",[1.2484630e-06 9.9993926e-01 8.4555853e-07 5.8722700e-05],[9.9998844e-01 1.1559703e-05],"[5.3788440e-06 8.4103784e-03 2.8898275e-01 6.2951255e-01 7.1508370e-02
 1.5735790e-03 6.8636796e-06 1.3082095e-07 5.5883014e-09]"
D:\Uni\Ulm\Master\Hiwi-Forschung-und-Lehre\FairFace\detected_faces\1414916_face0.jpg,Latino_Hispanic,Indian,Male,10-19,"[0.02296885 0.18768021 0.38907218 0.00437182 0.08695714 0.2875656
 0.02138413]",[0.00523199 0.29515922 0.04247428 0.65713453],[9.9972552e-01 2.7449694e-04],"[6.6454355e-08 4.8432878e-04 6.6716558e-01 3.2923269e-01 3.0899302e-03
 2.7311993e-05 1.3970758e-07 7.4042377e-09 2.3099010e-10]"
D:\Uni\Ulm\Master\Hiwi-Forschung-und-Lehre\FairFace\detected_faces\1414931_face0.jpg,Black,Black,Male,20-29,"[1.9820247e-04 9.8166931e-01 1.0639367e-02 5.7951224e-06 1.3894333e-04
 6.4471187e-03 9.0124167e-04]",[2.0475803e-04 9.7760481e-01 4.2758672e-03 1.7914595e-02],[0.9982248 0.0017752],"[1.6371116e-08 1.4906186e-06 6.1035398e-03 6.6402102e-01 3.2426494e-01
 5.5768285e-03 3.1991021e-05 2.1464569e-07 5.9033112e-09]"
D:\Uni\Ulm\Master\Hiwi-Forschung-und-Lehre\FairFace\detected_faces\1414933_face0.jpg,White,White,Male,20-29,"[9.9448371e-01 3.5732097e-05 2.8333392e-03 8.0739992e-06 2.3189852e-05
 1.6059354e-05 2.6000428e-03]",[9.9989623e-01 2.6048912e-05 3.3883823e-06 7.4295858e-05],[9.9999988e-01 9.5966044e-08],"[3.7331502e-09 1.3190668e-06 2.9054198e-02 9.3132812e-01 3.9396454e-02
 2.1897176e-04 9.1764713e-07 1.3398971e-08 1.9865817e-10]"
D:\Uni\Ulm\Master\Hiwi-Forschung-und-Lehre\FairFace\detected_faces\1414991_face0.jpg,White,White,Male,10-19,"[6.1360544e-01 2.0127048e-04 1.9472666e-01 3.1826668e-04 9.8579528e-04
 2.9386778e-04 1.8986866e-01]",[9.9711782e-01 1.2602106e-03 1.1578139e-03 4.6415924e-04],[9.9999893e-01 1.0923799e-06],"[2.66351805e-07 3.80412186e-03 8.81933153e-01 1.11471854e-01
 2.73716752e-03 5.32603081e-05 1.47432047e-07 2.70443290e-09
 4.44470988e-11]"
D:\Uni\Ulm\Master\Hiwi-Forschung-und-Lehre\FairFace\detected_faces\1416063_face0.jpg,Latino_Hispanic,Indian,Male,20-29,"[0.00485128 0.0595282  0.46253943 0.00985757 0.23642197 0.22591683
 0.00088471]",[0.00145233 0.1232103  0.02860518 0.84673214],[9.9999946e-01 5.5639214e-07],"[1.2007108e-07 4.7990685e-05 1.2061221e-01 8.4274340e-01 3.6027741e-02
 5.6273490e-04 5.6128683e-06 2.1392049e-07 4.7817239e-09]"
D:\Uni\Ulm\Master\Hiwi-Forschung-und-Lehre\FairFace\detected_faces\1416072_face0.jpg,Black,Black,Male,20-29,"[7.6358603e-08 9.9999493e-01 1.1923161e-06 1.1541182e-09 3.5030368e-08
 3.5727423e-06 1.6758547e-07]",[1.2690105e-06 9.9998713e-01 1.6466723e-06 1.0035749e-05],[9.9999672e-01 3.2287983e-06],"[5.1057189e-08 4.9412288e-06 4.7696531e-03 5.3067005e-01 4.2739442e-01
 3.6846813e-02 3.1113633e-04 2.8817728e-06 9.2998057e-08]"
D:\Uni\Ulm\Master\Hiwi-Forschung-und-Lehre\FairFace\detected_faces\1416232_face0.jpg,White,White,Male,10-19,"[6.3304949e-01 2.5243356e-04 7.5350419e-02 3.3614011e-05 1.0765443e-04
 7.2083337e-04 2.9048553e-01]",[9.9549454e-01 2.0379589e-03 3.1227313e-04 2.1552439e-03],[9.9999946e-01 5.2242956e-07],"[4.6157616e-08 6.4971211e-04 8.1801337e-01 1.7968220e-01 1.6321709e-03
 2.2411701e-05 5.0550256e-08 1.1965958e-09 1.6166889e-11]"
D:\Uni\Ulm\Master\Hiwi-Forschung-und-Lehre\FairFace\detected_faces\1416384_face0.jpg,Black,Black,Male,20-29,"[2.6984574e-06 9.9981678e-01 1.3513312e-04 1.4900343e-07 4.5785459e-06
 2.7226366e-05 1.3375848e-05]",[1.6947417e-06 9.9995339e-01 2.4417501e-05 2.0476928e-05],[9.9985838e-01 1.4162058e-04],"[3.0600373e-07 5.1647233e-04 2.9012099e-01 6.5886742e-01 4.8666626e-02
 1.7965531e-03 3.1125714e-05 5.4893877e-07 1.3661854e-08]"
D:\Uni\Ulm\Master\Hiwi-Forschung-und-Lehre\FairFace\detected_faces\1416429_face0.jpg,White,White,Male,10-19,"[9.9889642e-01 7.8308432e-08 3.0971427e-05 3.9418839e-07 7.1728050e-07
 3.2209113e-07 1.0710568e-03]",[9.9999261e-01 1.7336372e-06 4.3574605e-06 1.4010562e-06],[9.999968e-01 3.179392e-06],"[1.0068176e-06 3.2991793e-03 8.1348813e-01 1.7122085e-01 1.0127648e-02
 1.8332533e-03 2.9306688e-05 6.0565816e-07 1.6321236e-08]"
D:\Uni\Ulm\Master\Hiwi-Forschung-und-Lehre\FairFace\detected_faces\1416440_face0.jpg,White,White,Male,20-29,"[8.6830419e-01 1.4531790e-06 3.2967704e-04 4.0494035e-07 1.0575288e-06
 3.3990304e-06 1.3135982e-01]",[9.9995810e-01 2.9409968e-05 5.2332362e-06 7.2436551e-06],[0.9672736 0.0327264],"[1.7433539e-08 1.7618930e-05 7.0633739e-02 8.6451858e-01 6.3006207e-02
 1.7911607e-03 3.1670257e-05 1.0112560e-06 2.0220638e-08]"
D:\Uni\Ulm\Master\Hiwi-Forschung-und-Lehre\FairFace\detected_faces\1416470_face0.jpg,Indian,Indian,Male,20-29,"[1.0786424e-01 4.2998072e-04 2.4975929e-01 1.9499925e-05 2.1696939e-04
 4.1267994e-01 2.2903013e-01]",[6.7628875e-02 2.8316076e-03 4.0256692e-04 9.2913699e-01],[9.9999994e-01 4.9432462e-08],"[3.7209159e-07 3.2840492e-04 4.4188838e-02 8.6764628e-01 8.7113567e-02
 7.2182261e-04 6.3135627e-07 9.0437178e-09 7.4667869e-11]"
D:\Uni\Ulm\Master\Hiwi-Forschung-und-Lehre\FairFace\detected_faces\1416532_face0.jpg,Latino_Hispanic,White,Male,10-19,"[0.47055733 0.0049577  0.48033807 0.00453515 0.01897916 0.00617564
 0.01445695]",[0.58346283 0.172812   0.08002741 0.16369776],[9.9999982e-01 2.1235739e-07],"[1.05717115e-08 4.05408471e-04 9.02644098e-01 9.63642001e-02
 5.81170898e-04 5.12356155e-06 2.13366338e-08 6.36550257e-10
 9.85018317e-12]"
D:\Uni\Ulm\Master\Hiwi-Forschung-und-Lehre\FairFace\detected_faces\1416943_face0.jpg,Middle Eastern,Indian,Male,20-29,"[5.9107777e-02 2.1018011e-03 2.3376368e-01 9.2180853e-05 5.6120369e-04
 5.5779181e-02 6.4859414e-01]",[0.15416753 0.09583607 0.00204506 0.7479514 ],[1.0000000e+00 3.7583355e-08],"[1.5214166e-08 5.7363410e-05 1.5928331e-01 8.2698321e-01 1.3607322e-02
 6.8705500e-05 1.1767482e-07 4.3518038e-09 4.7927027e-11]"
D:\Uni\Ulm\Master\Hiwi-Forschung-und-Lehre\FairFace\detected_faces\1416970_face0.jpg,White,White,Male,10-19,"[6.6459477e-01 1.0914913e-05 8.2844915e-03 1.2332752e-05 2.5658734e-05
 1.0734061e-04 3.2696453e-01]",[9.9716896e-01 7.8341844e-05 8.4133346e-05 2.6686070e-03],[9.9996716e-01 3.2794193e-05],"[2.51884927e-07 5.48966229e-04 4.93111551e-01 4.92266744e-01
 1.36732925e-02 3.97593220e-04 1.46207606e-06 3.62097907e-08
 4.99811803e-10]"
D:\Uni\Ulm\Master\Hiwi-Forschung-und-Lehre\FairFace\detected_faces\1417361_face0.jpg,White,White,Male,10-19,"[9.9980849e-01 1.4598280e-07 1.8163748e-05 2.1026269e-06 2.3976538e-06
 5.2143025e-07 1.6805746e-04]",[9.9958205e-01 5.1334864e-05 2.2068918e-04 1.4582349e-04],[9.999994e-01 6.194430e-07],"[4.3513946e-08 2.8429850e-04 7.2868377e-01 2.6876187e-01 2.2107563e-03
 5.9011709e-05 3.2189180e-07 3.4881529e-09 8.7006305e-11]"
D:\Uni\Ulm\Master\Hiwi-Forschung-und-Lehre\FairFace\detected_faces\1417534_face0.jpg,Black,Black,Female,20-29,"[1.8564493e-05 9.9869722e-01 1.8129803e-04 3.0540116e-06 1.4440160e-05
 8.2555373e-04 2.5985955e-04]",[3.6355780e-04 9.9637598e-01 5.0672548e-05 3.2097397e-03],[0.3987958  0.60120416],"[1.2564105e-05 2.6234025e-03 1.0722582e-01 4.9403292e-01 3.4456092e-01
 4.7568791e-02 3.8143133e-03 1.5724541e-04 4.0465029e-06]"
D:\Uni\Ulm\Master\Hiwi-Forschung-und-Lehre\FairFace\detected_faces\1418213_face0.jpg,White,White,Male,20-29,"[9.9855494e-01 3.3039706e-07 7.1596682e-05 1.3453663e-05 1.4973944e-05
 5.7151715e-07 1.3441647e-03]",[9.9936879e-01 8.6102943e-07 6.2471745e-04 5.6371096e-06],[9.9999976e-01 1.9215202e-07],"[2.9381533e-07 5.0427846e-04 4.0649161e-01 5.0991225e-01 7.7228986e-02
 5.7840799e-03 7.6956436e-05 1.5854587e-06 1.3818252e-08]"
D:\Uni\Ulm\Master\Hiwi-Forschung-und-Lehre\FairFace\detected_faces\1418623_face0.jpg,Black,Black,Male,10-19,"[2.2245278e-05 9.9875671e-01 4.2368745e-04 1.2719823e-06 2.1710988e-05
 7.4481795e-04 2.9449719e-05]",[4.5495624e-05 9.9884427e-01 1.1276754e-04 9.9746382e-04],[0.9982427  0.00175728],"[2.2377109e-04 2.1078441e-01 6.1476552e-01 1.5523539e-01 1.6684895e-02
 2.2229280e-03 7.9861078e-05 3.1480413e-06 1.9450468e-07]"
D:\Uni\Ulm\Master\Hiwi-Forschung-und-Lehre\FairFace\detected_faces\1418624_face0.jpg,Latino_Hispanic,White,Male,10-19,"[3.2584351e-01 1.5191943e-04 3.8658920e-01 4.9205055e-04 7.8012544e-04
 1.0559927e-03 2.8508711e-01]",[9.9705797e-01 1.8211248e-04 1.8277112e-03 9.3218929e-04],[9.9995470e-01 4.5271452e-05],"[1.4937544e-06 1.0405509e-02 8.9745587e-01 8.7394595e-02 4.6046991e-03
 1.3738497e-04 5.3664320e-07 1.5265906e-08 3.6253153e-10]"
D:\Uni\Ulm\Master\Hiwi-Forschung-und-Lehre\FairFace\detected_faces\1418644_face0.jpg,Middle Eastern,Indian,Male,20-29,"[1.7634153e-02 1.6441150e-02 1.8807952e-01 2.8991033e-05 1.6059318e-04
 4.2600748e-03 7.7339548e-01]",[0.16282123 0.18421027 0.03747131 0.61549723],[9.9999064e-01 9.3504414e-06],"[6.0770992e-07 5.1330520e-05 1.3986892e-02 6.6419095e-01 3.1154585e-01
 1.0174032e-02 4.9853435e-05 4.5677868e-07 5.7852088e-09]"
D:\Uni\Ulm\Master\Hiwi-Forschung-und-Lehre\FairFace\detected_faces\1418646_face0.jpg,Latino_Hispanic,Black,Male,20-29,"[2.0600404e-01 7.9807565e-02 6.2134480e-01 7.5189506e-05 7.7256805e-04
 2.8378451e-02 6.3617386e-02]",[0.08365187 0.5924906  0.00801794 0.31583965],[9.9999964e-01 3.2442188e-07],"[4.11101730e-08 7.69521648e-06 1.21537065e-02 8.27826083e-01
 1.54485166e-01 5.44288661e-03 8.25002862e-05 2.01840817e-06
 2.84156343e-08]"
D:\Uni\Ulm\Master\Hiwi-Forschung-und-Lehre\FairFace\detected_faces\1418649_face0.jpg,White,White,Male,10-19,"[9.99301314e-01 1.28509228e-07 2.98110081e-05 7.09238961e-08
 1.13867685e-07 1.70698215e-07 6.68418070e-04]",[9.9998248e-01 1.1831943e-05 3.5428091e-06 2.1466967e-06],[9.9999738e-01 2.6418224e-06],"[2.4246967e-08 1.2010077e-03 9.6714628e-01 3.1562336e-02 8.7879060e-05
 2.4166206e-06 6.4717094e-09 1.0863984e-10 2.8958964e-12]"
D:\Uni\Ulm\Master\Hiwi-Forschung-und-Lehre\FairFace\detected_faces\1418701_face0.jpg,White,White,Male,20-29,"[4.5791471e-01 1.6299835e-04 1.1175752e-01 1.3611075e-05 6.9030255e-05
 1.5550582e-03 4.2852709e-01]",[0.9795618  0.00170909 0.00259346 0.01613557],[9.9999839e-01 1.6233826e-06],"[4.3189073e-07 4.0129156e-04 2.2840901e-01 7.4861187e-01 2.2276707e-02
 2.9977644e-04 8.9358753e-07 3.6613926e-08 3.6952330e-10]"
D:\Uni\Ulm\Master\Hiwi-Forschung-und-Lehre\FairFace\detected_faces\1418703_face0.jpg,White,White,Male,10-19,"[9.9984384e-01 1.2031368e-08 1.8148263e-06 3.7878075e-07 2.9983866e-07
 1.5259410e-08 1.5366304e-04]",[9.9999392e-01 5.2986468e-07 5.0711978e-06 4.2752205e-07],[9.9999613e-01 3.9477704e-06],"[1.5614777e-08 5.4275122e-04 9.6369201e-01 3.5676353e-02 8.6615633e-05
 2.2077827e-06 7.1536919e-09 2.1419456e-10 5.6922999e-12]"
D:\Uni\Ulm\Master\Hiwi-Forschung-und-Lehre\FairFace\detected_faces\1423711_face0.jpg,Black,Black,Male,20-29,"[3.7390109e-05 9.9779618e-01 1.1014706e-03 3.1245934e-06 5.6065208e-05
 9.6799084e-04 3.7871410e-05]",[3.9915567e-06 9.9913996e-01 1.3311880e-04 7.2291412e-04],[9.999585e-01 4.153200e-05],"[3.5183216e-08 2.2111995e-05 7.6885335e-02 8.8417512e-01 3.8127687e-02
 7.8406872e-04 5.3868630e-06 1.7271043e-07 8.6937435e-09]"
D:\Uni\Ulm\Master\Hiwi-Forschung-und-Lehre\FairFace\detected_faces\1423747_face0.jpg,White,White,Male,20-29,"[8.1236464e-01 6.1762148e-05 3.9971307e-02 4.0230629e-05 9.7586861e-05
 2.0445495e-04 1.4726004e-01]",[9.9275810e-01 5.8504166e-03 1.7872237e-04 1.2127251e-03],[1.00000e+00 7.79914e-09],"[2.6610618e-09 1.0117017e-05 1.5000336e-01 8.3946574e-01 1.0472966e-02
 4.7772275e-05 8.5529386e-08 8.7161584e-10 5.6411638e-12]"
D:\Uni\Ulm\Master\Hiwi-Forschung-und-Lehre\FairFace\detected_faces\1424191_face0.jpg,Black,Black,Male,20-29,"[1.2945871e-04 9.7112727e-01 2.6595101e-02 2.1659891e-06 2.6227711e-04
 7.0770580e-04 1.1759386e-03]",[8.5098063e-06 9.9951297e-01 1.2776542e-04 3.5080715e-04],[9.9999934e-01 6.7065406e-07],"[1.07648184e-07 1.48064879e-04 3.04355741e-01 6.82442307e-01
 1.29074343e-02 1.45339931e-04 9.46384830e-07 1.71256964e-08
 2.89117841e-10]"
D:\Uni\Ulm\Master\Hiwi-Forschung-und-Lehre\FairFace\detected_faces\1424220_face0.jpg,Middle Eastern,White,Male,10-19,"[1.1100125e-01 1.2754111e-04 1.9435564e-02 2.9465449e-05 7.7298842e-05
 1.4030376e-03 8.6792582e-01]",[0.97285485 0.01285176 0.003448   0.01084537],[9.9999869e-01 1.3215896e-06],"[3.1471889e-06 1.2496623e-02 8.3841932e-01 1.4415650e-01 4.7896178e-03
 1.3425494e-04 5.8126801e-07 2.8376396e-08 5.6234201e-10]"
D:\Uni\Ulm\Master\Hiwi-Forschung-und-Lehre\FairFace\detected_faces\1424232_face0.jpg,White,White,Male,20-29,"[5.6567174e-01 2.5919511e-03 1.2076316e-01 4.0882467e-05 2.4028549e-04
 4.8804242e-04 3.1020397e-01]",[0.9712297  0.01883311 0.00838861 0.00154859],[9.9999994e-01 7.5595565e-08],"[4.0605942e-06 2.4816173e-04 2.4631459e-02 8.2990086e-01 1.4104378e-01
 4.1299486e-03 4.0528241e-05 1.2866092e-06 1.1679882e-08]"
D:\Uni\Ulm\Master\Hiwi-Forschung-und-Lehre\FairFace\detected_faces\1424560_face0.jpg,White,White,Male,10-19,"[8.3210063e-01 4.3272492e-05 6.5189146e-02 2.3558531e-04 6.7888794e-04
 4.8154153e-04 1.0127088e-01]",[9.9757957e-01 5.3279463e-04 1.3420230e-03 5.4560474e-04],[1.0000000e+00 2.8936503e-08],"[8.92598528e-09 5.22733571e-05 6.70081079e-01 3.27009171e-01
 2.83386954e-03 2.34814379e-05 6.21290255e-08 1.41214640e-09
 1.43811005e-11]"
D:\Uni\Ulm\Master\Hiwi-Forschung-und-Lehre\FairFace\detected_faces\1424627_face0.jpg,White,White,Male,10-19,"[9.9968588e-01 6.7872477e-08 3.6632824e-05 1.6677016e-06 1.6895012e-06
 2.1601966e-07 2.7380153e-04]",[9.9999589e-01 8.9464584e-07 2.2577849e-06 1.0032321e-06],[9.999997e-01 2.530479e-07],"[3.2714038e-08 6.4939022e-04 9.5203173e-01 4.6749782e-02 5.4101454e-04
 2.7933806e-05 1.7310877e-07 3.4775309e-09 4.6562695e-11]"
D:\Uni\Ulm\Master\Hiwi-Forschung-und-Lehre\FairFace\detected_faces\1424629_face0.jpg,White,White,Male,10-19,"[5.7105368e-01 2.9681186e-04 2.6552558e-01 4.1928445e-03 6.7013493e-03
 2.2058049e-03 1.5002388e-01]",[0.8756593  0.00992997 0.09566313 0.01874764],[9.9999988e-01 5.8541147e-08],"[4.9416794e-08 6.5675826e-04 8.2695329e-01 1.7019898e-01 2.1713646e-03
 1.9453075e-05 5.8488180e-08 1.8508136e-09 1.6793417e-11]"
D:\Uni\Ulm\Master\Hiwi-Forschung-und-Lehre\FairFace\detected_faces\1424651_face0.jpg,Black,Black,Female,10-19,"[1.2949275e-07 9.9992234e-01 6.1844662e-06 6.7345836e-06 3.1760079e-05
 3.2783279e-05 3.8254555e-08]",[4.1980985e-07 9.9827743e-01 1.0160282e-03 7.0604077e-04],[0.07141677 0.9285832 ],"[3.1124517e-05 5.1380809e-02 4.5185915e-01 4.4755992e-01 4.5723081e-02
 3.2950726e-03 1.4421233e-04 5.9482195e-06 7.1840600e-07]"
D:\Uni\Ulm\Master\Hiwi-Forschung-und-Lehre\FairFace\detected_faces\1424762_face0.jpg,White,White,Male,20-29,"[5.4392523e-01 8.9107465e-04 4.2193201e-01 2.6374943e-05 1.8798013e-04
 9.8254681e-03 2.3211876e-02]",[0.96278435 0.00192291 0.01639679 0.01889586],[9.9999994e-01 5.7632292e-08],"[1.3927718e-07 1.6875916e-05 3.4155153e-02 8.2051629e-01 1.4177564e-01
 3.5129415e-03 2.2373148e-05 5.5760620e-07 3.8377843e-09]"
D:\Uni\Ulm\Master\Hiwi-Forschung-und-Lehre\FairFace\detected_faces\1424850_face0.jpg,White,White,Male,20-29,"[7.6537770e-01 5.9792330e-04 2.0500414e-01 6.0882891e-04 1.5510959e-03
 4.6073818e-03 2.2252792e-02]",[0.814921   0.02209064 0.01262537 0.15036298],[9.9999756e-01 2.4689032e-06],"[6.9761413e-08 1.3733431e-04 4.2280075e-01 5.6482106e-01 1.2018692e-02
 2.2072754e-04 1.2589057e-06 3.2047787e-08 6.2489369e-10]"
D:\Uni\Ulm\Master\Hiwi-Forschung-und-Lehre\FairFace\detected_faces\1425029_face0.jpg,Black,Black,Male,20-29,"[1.7546397e-05 9.9936694e-01 2.9381205e-04 1.2389570e-06 1.4417352e-05
 3.0515672e-04 8.9101599e-07]",[2.2177681e-05 9.9803460e-01 3.1078675e-05 1.9121545e-03],[0.99144065 0.00855933],"[4.3259227e-08 1.4497963e-06 4.0777726e-03 5.0021333e-01 4.0897918e-01
 8.1799045e-02 4.8666024e-03 6.0511185e-05 2.1058934e-06]"
D:\Uni\Ulm\Master\Hiwi-Forschung-und-Lehre\FairFace\detected_faces\1425050_face0.jpg,White,White,Male,20-29,"[9.9023521e-01 1.6012695e-05 2.0759746e-03 3.1331508e-06 7.5200928e-06
 1.8513756e-05 7.6435385e-03]",[9.9952501e-01 1.3187884e-04 1.3398079e-04 2.0915545e-04],[9.9999994e-01 8.5680774e-08],"[1.3463588e-06 9.3630049e-04 2.7981979e-01 6.1795580e-01 9.7386360e-02
 3.8766994e-03 2.3457818e-05 2.2540401e-07 1.6403900e-09]"
D:\Uni\Ulm\Master\Hiwi-Forschung-und-Lehre\FairFace\detected_faces\1425209_face0.jpg,White,White,Male,20-29,"[9.9386972e-01 6.8067064e-05 1.7740254e-03 2.4600909e-06 6.2912841e-06
 3.2025075e-06 4.2763399e-03]",[9.9975473e-01 1.7962429e-04 5.2726300e-05 1.2935585e-05],[9.9998140e-01 1.8623747e-05],"[4.15192716e-07 1.50171079e-04 1.16601035e-01 7.22384930e-01
 1.46741658e-01 1.36938896e-02 4.15962684e-04 1.17108211e-05
 2.39416750e-07]"
D:\Uni\Ulm\Master\Hiwi-Forschung-und-Lehre\FairFace\detected_faces\1425823_face0.jpg,White,White,Male,20-29,"[9.0587682e-01 5.5895016e-06 9.1233710e-04 1.3969603e-07 5.1613790e-07
 1.3297406e-05 9.3191244e-02]",[9.9992424e-01 5.7906236e-05 4.1356511e-06 1.3658156e-05],[9.9998266e-01 1.7375914e-05],"[1.1466129e-07 2.1502071e-04 1.4924487e-01 8.2674652e-01 2.3471989e-02
 3.2044388e-04 9.7711427e-07 1.2844745e-08 3.4164171e-10]"
D:\Uni\Ulm\Master\Hiwi-Forschung-und-Lehre\FairFace\detected_faces\1426132_face0.jpg,White,White,Male,10-19,"[9.4137400e-01 1.7910869e-06 2.0517439e-03 2.5305386e-05 2.9395884e-05
 1.7269222e-04 5.6345101e-02]",[9.9873006e-01 1.4426709e-05 1.0472216e-03 2.0832017e-04],[9.9999905e-01 9.2919919e-07],"[6.4496180e-07 3.2277718e-02 9.5052588e-01 1.7069282e-02 1.2000735e-04
 6.4175811e-06 2.9981067e-08 1.3418588e-09 4.2832120e-11]"
D:\Uni\Ulm\Master\Hiwi-Forschung-und-Lehre\FairFace\detected_faces\1426625_face0.jpg,White,Asian,Male,20-29,"[0.3331935  0.00209108 0.23877195 0.20942666 0.1665848  0.02130293
 0.0286291 ]",[0.1549651  0.04641335 0.6989449  0.09967659],[9.9999815e-01 1.8850446e-06],"[6.2949561e-09 5.5856563e-06 1.9670901e-01 7.9327118e-01 9.9334121e-03
 7.9889985e-05 9.4452236e-07 7.6133290e-08 1.0531271e-09]"
D:\Uni\Ulm\Master\Hiwi-Forschung-und-Lehre\FairFace\detected_faces\1427091_face0.jpg,White,White,Male,20-29,"[9.9870819e-01 2.0100721e-07 5.4577213e-05 5.4499646e-06 3.3945405e-06
 7.6044216e-07 1.2275258e-03]",[9.9998891e-01 6.5907716e-06 1.0941973e-06 3.3898498e-06],[9.9982947e-01 1.7047755e-04],"[9.45294047e-08 5.89081756e-05 1.29706159e-01 8.49304914e-01
 2.07281820e-02 2.00925817e-04 8.18308990e-07 1.11727285e-08
 5.03347752e-10]"
D:\Uni\Ulm\Master\Hiwi-Forschung-und-Lehre\FairFace\detected_faces\1427208_face0.jpg,White,White,Male,20-29,"[4.9452043e-01 1.8393699e-05 3.0848257e-02 1.2285735e-04 2.9589317e-04
 4.4660773e-03 4.6972805e-01]",[9.9507654e-01 8.5000618e-05 2.3998483e-03 2.4386514e-03],[9.9999845e-01 1.5426847e-06],"[3.1967420e-07 8.7834598e-04 3.7617561e-01 6.0515660e-01 1.7458275e-02
 3.3023130e-04 6.3864672e-07 1.0840191e-08 2.3204141e-10]"
D:\Uni\Ulm\Master\Hiwi-Forschung-und-Lehre\FairFace\detected_faces\1427579_face0.jpg,Black,Black,Male,20-29,"[2.3788929e-02 4.2719495e-01 3.2780468e-01 2.6671894e-06 9.1898160e-05
 4.8409268e-02 1.7270757e-01]",[1.9521451e-02 9.4498181e-01 1.8723878e-04 3.5309464e-02],[9.9999714e-01 2.8658058e-06],"[2.1848928e-08 1.9036316e-04 4.5855546e-01 5.3331810e-01 7.8636268e-03
 7.2006515e-05 3.5597301e-07 9.8770352e-09 1.0031380e-10]"
D:\Uni\Ulm\Master\Hiwi-Forschung-und-Lehre\FairFace\detected_faces\1427624_face0.jpg,White,White,Male,10-19,"[5.2132797e-01 1.2507944e-04 2.1703014e-01 1.2270107e-03 1.8499220e-03
 2.8792541e-03 2.5556067e-01]",[0.9586249  0.00488497 0.02461541 0.01187479],[9.999901e-01 9.875021e-06],"[1.7318457e-06 7.9690944e-03 7.7285314e-01 2.1714416e-01 2.0009000e-03
 3.0824183e-05 1.2208116e-07 6.6847354e-09 1.7686612e-10]"
D:\Uni\Ulm\Master\Hiwi-Forschung-und-Lehre\FairFace\detected_faces\1428531_face0.jpg,White,White,Male,20-29,"[9.9286389e-01 1.5195503e-05 4.1449990e-04 3.9260194e-05 2.7077263e-05
 1.6332548e-05 6.6236914e-03]",[9.9990314e-01 6.1546807e-06 1.7415916e-05 7.3271287e-05],[9.9999958e-01 4.2538696e-07],"[1.0762716e-06 2.8046925e-04 6.0733590e-02 8.7103558e-01 6.7191668e-02
 7.5492595e-04 2.6623970e-06 5.2948369e-08 9.1351249e-10]"
D:\Uni\Ulm\Master\Hiwi-Forschung-und-Lehre\FairFace\detected_faces\1428576_face0.jpg,White,White,Male,20-29,"[8.2928330e-01 2.7965812e-04 4.6111755e-02 2.0019079e-05 9.1429632e-05
 5.8588822e-04 1.2362801e-01]",[9.5418519e-01 3.9019890e-03 4.6240483e-04 4.1450419e-02],[9.9999988e-01 1.0613531e-07],"[2.0602984e-08 4.7213466e-06 1.3163560e-02 9.1801023e-01 6.8279736e-02
 5.4039859e-04 1.3130215e-06 1.7180307e-08 1.9128381e-10]"
D:\Uni\Ulm\Master\Hiwi-Forschung-und-Lehre\FairFace\detected_faces\1428688_face0.jpg,White,White,Male,20-29,"[9.8985273e-01 4.5217213e-04 2.5490697e-03 4.5185533e-04 5.4142257e-04
 1.5010820e-04 6.0025970e-03]",[9.9559540e-01 1.0522348e-03 3.2127078e-03 1.3963191e-04],[0.969169   0.03083097],"[2.2495736e-07 2.5684665e-05 2.6074886e-02 8.7155735e-01 9.8100841e-02
 3.8928080e-03 3.1051054e-04 3.3261229e-05 4.3588566e-06]"
D:\Uni\Ulm\Master\Hiwi-Forschung-und-Lehre\FairFace\detected_faces\1428696_face0.jpg,Middle Eastern,White,Male,20-29,"[4.2503741e-02 8.6770742e-04 5.7175688e-02 4.8066551e-05 1.6040129e-04
 1.0776783e-03 8.9816672e-01]",[0.84631336 0.11513986 0.00717616 0.03137057],[9.9999619e-01 3.8152225e-06],"[5.6329685e-07 3.1651369e-05 6.7583481e-03 6.7981720e-01 3.0798340e-01
 5.3934325e-03 1.5077417e-05 3.7463769e-07 4.8428435e-09]"
D:\Uni\Ulm\Master\Hiwi-Forschung-und-Lehre\FairFace\detected_faces\1428699_face0.jpg,Latino_Hispanic,White,Male,20-29,"[2.4104680e-01 4.7581556e-04 6.5757257e-01 2.3810598e-03 3.1941857e-03
 1.1400029e-03 9.4189517e-02]",[0.9668098  0.00157939 0.02102618 0.01058457],[9.9999809e-01 1.8982672e-06],"[6.9882439e-08 1.6788302e-04 2.9754928e-01 6.8135107e-01 2.0656394e-02
 2.7435122e-04 9.7097688e-07 3.4696278e-08 4.0716722e-10]"
D:\Uni\Ulm\Master\Hiwi-Forschung-und-Lehre\FairFace\detected_faces\1429847_face0.jpg,Black,Black,Male,20-29,"[1.6919132e-05 9.9816841e-01 2.6517228e-04 7.6868804e-07 1.3828014e-05
 1.5323005e-03 2.6115731e-06]",[2.1138262e-06 9.9975258e-01 4.9101295e-06 2.4037641e-04],[9.999246e-01 7.539571e-05],"[2.0666768e-08 4.2545189e-06 2.9690513e-02 7.9986501e-01 1.6261365e-01
 7.6385392e-03 1.8605716e-04 1.8457554e-06 5.4575334e-08]"
D:\Uni\Ulm\Master\Hiwi-Forschung-und-Lehre\FairFace\detected_faces\1429958_face0.jpg,Middle Eastern,White,Male,10-19,"[2.7413511e-01 1.2800217e-05 1.1528571e-01 3.0732481e-04 6.0502649e-04
 4.2490903e-03 6.0540497e-01]",[9.6324563e-01 4.2630942e-04 1.2939483e-03 3.5034131e-02],[9.9999994e-01 8.8088939e-08],"[1.8511871e-08 5.6923111e-04 8.4276885e-01 1.5628634e-01 3.7342298e-04
 2.1642272e-06 2.9016760e-09 9.6284737e-11 8.2939715e-13]"
D:\Uni\Ulm\Master\Hiwi-Forschung-und-Lehre\FairFace\detected_faces\1430599_face0.jpg,Black,Black,Male,20-29,"[1.1520286e-05 9.4956428e-01 5.0661806e-04 8.0404320e-08 5.2871274e-06
 4.9763899e-02 1.4845593e-04]",[9.4060597e-06 9.9687135e-01 7.1737145e-06 3.1120176e-03],[9.9999624e-01 3.7353636e-06],"[1.4089713e-07 7.6573539e-05 5.0796364e-02 8.1062222e-01 1.3518497e-01
 3.2835526e-03 3.5401910e-05 7.9597271e-07 1.3792447e-08]"
D:\Uni\Ulm\Master\Hiwi-Forschung-und-Lehre\FairFace\detected_faces\1430783_face0.jpg,White,White,Male,10-19,"[9.9932688e-01 4.6381027e-07 8.6138207e-05 1.5909280e-05 1.6502956e-05
 2.2777184e-07 5.5393361e-04]",[9.9985576e-01 1.7308151e-06 1.4127012e-04 1.2390126e-06],[9.9999982e-01 1.8396877e-07],"[5.5084355e-09 1.2113581e-04 8.1156480e-01 1.8751918e-01 7.8504265e-04
 9.7874372e-06 4.7754604e-08 1.8574321e-09 3.3375667e-11]"
D:\Uni\Ulm\Master\Hiwi-Forschung-und-Lehre\FairFace\detected_faces\1430806_face0.jpg,White,White,Male,10-19,"[9.9933940e-01 8.0424968e-07 1.1774324e-04 4.0659570e-06 3.3585952e-06
 1.3041052e-06 5.3333497e-04]",[9.9998981e-01 4.7508522e-07 4.6716987e-06 5.0628528e-06],[9.9996608e-01 3.3925884e-05],"[1.2765230e-06 1.5530763e-03 7.3120213e-01 2.4053028e-01 2.3189116e-02
 3.4270699e-03 9.4223076e-05 2.8515899e-06 8.4834575e-08]"
D:\Uni\Ulm\Master\Hiwi-Forschung-und-Lehre\FairFace\detected_faces\1430810_face0.jpg,Black,Black,Male,20-29,"[1.2509441e-03 8.9390504e-01 6.8636142e-02 4.8559168e-04 1.6877860e-02
 1.7093923e-02 1.7504698e-03]",[3.2062104e-05 9.9858719e-01 4.0200510e-04 9.7873376e-04],[0.9640916  0.03590838],"[6.49365177e-07 4.72619926e-04 2.25950465e-01 6.50883973e-01
 1.17080726e-01 5.42064663e-03 1.85017372e-04 5.61933939e-06
 3.09882694e-07]"
D:\Uni\Ulm\Master\Hiwi-Forschung-und-Lehre\FairFace\detected_faces\1430812_face0.jpg,Middle Eastern,White,Male,20-29,"[9.7896509e-02 1.1179645e-03 6.8903401e-02 4.1238032e-05 8.4685991e-05
 2.9759253e-03 8.2898033e-01]",[9.7823137e-01 3.6683362e-03 9.9037825e-05 1.8001309e-02],[9.9998772e-01 1.2252179e-05],"[6.5775134e-06 2.1972970e-04 3.2925956e-02 6.2746531e-01 3.2063025e-01
 1.8605715e-02 1.4195645e-04 4.3998734e-06 7.6344705e-08]"
D:\Uni\Ulm\Master\Hiwi-Forschung-und-Lehre\FairFace\detected_faces\1431516_face0.jpg,Black,Black,Female,30-39,"[1.5404554e-06 9.9980938e-01 3.8261729e-05 5.5971248e-07 1.1097073e-05
 1.3688188e-04 2.2946815e-06]",[2.9345797e-06 9.9992579e-01 2.1085847e-05 5.0117458e-05],[0.06786095 0.93213904],"[4.7853961e-09 6.6842978e-07 1.2016905e-03 2.8522098e-01 6.4648938e-01
 6.4669870e-02 2.4006597e-03 1.6246384e-05 4.7075540e-07]"
D:\Uni\Ulm\Master\Hiwi-Forschung-und-Lehre\FairFace\detected_faces\1431595_face0.jpg,White,White,Male,10-19,"[9.8559803e-01 5.0902531e-06 2.6117209e-03 5.6860604e-06 1.0625988e-05
 5.0520057e-06 1.1763810e-02]",[9.9951327e-01 4.1873750e-04 5.2610110e-05 1.5443462e-05],[1.0000000e+00 2.6907301e-08],"[9.2390565e-08 2.6419421e-03 9.6136582e-01 3.5442103e-02 5.3350255e-04
 1.6580409e-05 4.4726232e-08 8.6005852e-10 9.7010620e-12]"
D:\Uni\Ulm\Master\Hiwi-Forschung-und-Lehre\FairFace\detected_faces\1431878_face0.jpg,Latino_Hispanic,Black,Male,20-29,"[3.9859798e-02 1.2820072e-01 8.1739610e-01 1.9888178e-04 3.5358379e-03
 6.0942560e-04 1.0199271e-02]",[0.39630985 0.5342592  0.01301983 0.05641107],[9.999999e-01 6.506884e-08],"[4.6808406e-08 1.9825939e-06 6.0810293e-03 7.2946149e-01 2.5714645e-01
 7.2403350e-03 6.7827707e-05 8.7735600e-07 8.9958991e-09]"
D:\Uni\Ulm\Master\Hiwi-Forschung-und-Lehre\FairFace\detected_faces\1431952_face0.jpg,White,White,Male,10-19,"[8.9791787e-01 5.6660643e-05 8.6176638e-03 3.2920981e-04 1.9425669e-03
 2.2127675e-03 8.8923283e-02]",[9.9705732e-01 2.0506649e-04 2.0792603e-03 6.5837265e-04],[0.9984365  0.00156351],"[6.1261824e-05 7.8959957e-02 8.9424074e-01 2.1793481e-02 3.5202748e-03
 1.3659511e-03 5.1914845e-05 6.2117570e-06 2.2975932e-07]"
D:\Uni\Ulm\Master\Hiwi-Forschung-und-Lehre\FairFace\detected_faces\1431953_face0.jpg,Middle Eastern,White,Male,20-29,"[3.6667824e-01 1.8327486e-03 1.1932324e-01 2.4448507e-04 8.5204048e-04
 8.3360844e-04 5.1023573e-01]",[9.877482e-01 7.409419e-03 4.331459e-03 5.109576e-04],[1.000000e+00 4.000308e-08],"[7.6060616e-07 2.0907435e-04 1.9895747e-02 7.5689632e-01 2.1910059e-01
 3.8790666e-03 1.8122761e-05 3.3019140e-07 3.5851166e-09]"
D:\Uni\Ulm\Master\Hiwi-Forschung-und-Lehre\FairFace\detected_faces\1432130_face0.jpg,Black,Black,Male,20-29,"[1.7379901e-06 9.9998015e-01 1.2336599e-05 8.6999483e-09 1.7310184e-07
 4.0555793e-07 5.2034261e-06]",[1.0375151e-05 9.9997133e-01 1.6745173e-05 1.5811684e-06],[9.9999791e-01 2.0512457e-06],"[6.4475657e-08 4.4747147e-05 2.1443548e-02 8.0471480e-01 1.6998327e-01
 3.7916580e-03 2.1584989e-05 3.1674622e-07 1.9919927e-08]"
D:\Uni\Ulm\Master\Hiwi-Forschung-und-Lehre\FairFace\detected_faces\1432276_face0.jpg,White,White,Male,30-39,"[9.5129806e-01 2.2632403e-04 2.9829498e-03 4.9727061e-04 6.4317632e-04
 1.2744935e-03 4.3077756e-02]",[9.9570745e-01 5.4346246e-04 1.4648801e-03 2.2842742e-03],[9.9990875e-01 9.1252594e-05],"[1.7084589e-05 2.1988046e-05 9.2185714e-04 1.7453349e-01 4.6805611e-01
 2.5164613e-01 8.1645146e-02 1.9781223e-02 3.3770369e-03]"
D:\Uni\Ulm\Master\Hiwi-Forschung-und-Lehre\FairFace\detected_faces\1436200_face0.jpg,White,White,Male,20-29,"[9.3081379e-01 1.1048274e-05 2.3108427e-03 2.2845420e-03 5.3028623e-04
 2.2554644e-04 6.3823931e-02]",[9.9933183e-01 2.3274777e-06 5.9696106e-04 6.8886766e-05],[9.999931e-01 6.902560e-06],"[3.6604970e-04 1.8612804e-02 1.2142364e-01 5.6485957e-01 2.6863998e-01
 2.5257383e-02 8.0135313e-04 3.7206937e-05 2.0372763e-06]"
D:\Uni\Ulm\Master\Hiwi-Forschung-und-Lehre\FairFace\detected_faces\1438837_face0.jpg,Black,Black,Male,20-29,"[1.3314449e-06 9.9977857e-01 5.4395274e-05 6.6141492e-06 9.6657117e-05
 5.9089100e-05 3.3401454e-06]",[5.4504994e-07 9.9998343e-01 1.1561038e-05 4.4156723e-06],[9.9954975e-01 4.5030366e-04],"[8.8940322e-07 1.7703277e-03 2.8548884e-01 6.1772478e-01 8.6938843e-02
 7.8786472e-03 1.9326404e-04 4.0767663e-06 3.1724539e-07]"
D:\Uni\Ulm\Master\Hiwi-Forschung-und-Lehre\FairFace\detected_faces\1440627_face0.jpg,Black,Black,Male,20-29,"[7.5235171e-04 9.5287645e-01 3.2522041e-02 1.0367848e-05 3.1488715e-04
 1.9525804e-03 1.1571394e-02]",[4.9249269e-05 9.9960643e-01 1.8609302e-04 1.5828054e-04],[9.9999952e-01 4.8520246e-07],"[7.6023348e-08 3.3535012e-05 3.0576216e-02 8.9386761e-01 7.4393004e-02
 1.1239260e-03 5.5614269e-06 1.8874873e-07 4.3736397e-09]"
D:\Uni\Ulm\Master\Hiwi-Forschung-und-Lehre\FairFace\detected_faces\1440937_face0.jpg,White,White,Male,10-19,"[9.9398130e-01 5.4048332e-06 8.3620468e-04 2.8197728e-03 7.0123904e-04
 9.8641995e-06 1.6462678e-03]",[9.9596417e-01 7.2554109e-04 3.2527591e-03 5.7539564e-05],[9.9928313e-01 7.1682694e-04],"[1.8169434e-04 3.0031057e-02 6.9405377e-01 2.3598328e-01 3.5854366e-02
 3.5825362e-03 2.8254560e-04 2.8351311e-05 2.4595379e-06]"
D:\Uni\Ulm\Master\Hiwi-Forschung-und-Lehre\FairFace\detected_faces\1440948_face0.jpg,Middle Eastern,White,Male,20-29,"[0.2968321  0.0037829  0.17579035 0.00241389 0.00663416 0.01953027
 0.4950163 ]",[0.71359146 0.02930477 0.04435448 0.21274921],[9.999993e-01 6.938014e-07],"[9.8288657e-09 2.1454689e-06 1.7626673e-02 9.2681801e-01 5.5036675e-02
 5.1326974e-04 3.0372789e-06 1.4092629e-07 2.6703300e-09]"
D:\Uni\Ulm\Master\Hiwi-Forschung-und-Lehre\FairFace\detected_faces\1440997_face0.jpg,Middle Eastern,White,Male,20-29,"[3.06818902e-01 1.88076901e-05 1.08679505e-02 2.20404036e-04
 2.08426543e-04 6.22627966e-04 6.81242883e-01]",[9.8815989e-01 7.3097734e-04 2.0096181e-03 9.0995189e-03],[9.9999845e-01 1.5202075e-06],"[1.1292460e-05 1.6782957e-03 7.3278971e-02 8.3416277e-01 8.8414654e-02
 2.4339817e-03 1.9279905e-05 8.1669208e-07 2.1035875e-08]"
D:\Uni\Ulm\Master\Hiwi-Forschung-und-Lehre\FairFace\detected_faces\1441825_face0.jpg,White,White,Male,20-29,"[8.0410630e-01 5.6718133e-04 3.8869593e-02 5.0915306e-04 1.5656910e-03
 9.6557260e-04 1.5341640e-01]",[9.9561179e-01 8.4758119e-04 3.1606196e-03 3.8006448e-04],[0.9295194  0.07048064],"[1.5681071e-05 1.7889725e-03 1.3798076e-01 6.7507994e-01 1.7015481e-01
 1.4479839e-02 4.8320612e-04 1.6119748e-05 6.9617772e-07]"
D:\Uni\Ulm\Master\Hiwi-Forschung-und-Lehre\FairFace\detected_faces\1441829_face0.jpg,White,White,Male,20-29,"[7.0471370e-01 9.7060511e-03 1.0249318e-01 4.5897771e-04 2.0256897e-03
 5.5639871e-04 1.8004595e-01]",[9.9293739e-01 5.6951880e-03 6.1128562e-04 7.5615867e-04],[9.9999875e-01 1.2732235e-06],"[8.8342063e-08 1.8234135e-05 1.3649153e-02 8.6821020e-01 1.1679967e-01
 1.3116262e-03 1.0647630e-05 3.6277942e-07 7.7664435e-09]"
D:\Uni\Ulm\Master\Hiwi-Forschung-und-Lehre\FairFace\detected_faces\1442178_face0.jpg,White,White,Male,20-29,"[9.9382490e-01 1.0230577e-05 1.5547018e-03 5.9808503e-05 8.9770198e-05
 3.4980026e-06 4.4570738e-03]",[9.9928308e-01 3.5134828e-05 6.5753667e-04 2.4351266e-05],[9.9999964e-01 3.3253619e-07],"[1.3337960e-08 2.0724779e-05 6.6089541e-02 9.1263425e-01 2.1112565e-02
 1.4241450e-04 4.6709482e-07 5.8054903e-09 1.1355253e-10]"
D:\Uni\Ulm\Master\Hiwi-Forschung-und-Lehre\FairFace\detected_faces\1442214_face0.jpg,Latino_Hispanic,Black,Male,20-29,"[3.77009809e-01 6.90386668e-02 4.46722060e-01 6.41154111e-05
 3.08659277e-04 1.96977193e-03 1.04886875e-01]",[0.47290194 0.5075653  0.00791447 0.01161831],[9.999999e-01 6.895202e-08],"[1.5677676e-07 1.4006670e-05 1.2855297e-02 9.0908992e-01 7.7285387e-02
 7.4934011e-04 5.7805596e-06 6.4110814e-08 1.0160520e-09]"
D:\Uni\Ulm\Master\Hiwi-Forschung-und-Lehre\FairFace\detected_faces\1444728_face0.jpg,Middle Eastern,Indian,Male,20-29,"[5.1108398e-03 3.9354907e-03 5.0058823e-02 6.5753542e-05 6.7919493e-04
 8.0966420e-02 8.5918349e-01]",[0.07329495 0.21313734 0.00502999 0.70853776],[9.9999291e-01 7.0703068e-06],"[1.2603008e-06 3.4790719e-04 9.1394231e-02 7.7259511e-01 1.2967899e-01
 5.9044147e-03 7.5335884e-05 2.6594957e-06 6.8212870e-08]"
D:\Uni\Ulm\Master\Hiwi-Forschung-und-Lehre\FairFace\detected_faces\1445228_face0.jpg,Middle Eastern,White,Male,20-29,"[1.2689831e-02 6.8538335e-05 9.8896222e-03 1.0740785e-05 4.8340429e-05
 1.0179903e-03 9.7627497e-01]",[8.2482886e-01 1.2489358e-01 7.5536111e-04 4.9522165e-02],[9.9998480e-01 1.5209515e-05],"[1.8992152e-06 2.0855737e-04 1.9586585e-02 8.1633466e-01 1.6123787e-01
 2.6219683e-03 8.2770139e-06 2.2860860e-07 5.7598180e-09]"
D:\Uni\Ulm\Master\Hiwi-Forschung-und-Lehre\FairFace\detected_faces\1445790_face0.jpg,Middle Eastern,White,Male,10-19,"[7.9988074e-03 8.7935892e-05 3.5571577e-03 6.5440754e-06 2.7139893e-05
 7.2895244e-05 9.8824948e-01]",[9.9776828e-01 2.9203610e-04 1.5276505e-03 4.1200637e-04],[9.99881327e-01 1.18649485e-04],"[2.1758035e-06 1.4953563e-02 9.2897481e-01 5.3009927e-02 2.7706204e-03
 2.8261705e-04 5.7246548e-06 5.8742552e-07 1.4615825e-08]"
D:\Uni\Ulm\Master\Hiwi-Forschung-und-Lehre\FairFace\detected_faces\1445945_face0.jpg,Black,Black,Male,10-19,"[6.5737447e-07 9.9990648e-01 8.9968889e-06 7.4262665e-08 1.1172149e-06
 8.1545557e-05 9.9930344e-07]",[3.1037882e-06 9.9973571e-01 3.7799787e-06 2.5742236e-04],[0.91281    0.08719002],"[1.7525886e-07 6.8910997e-03 8.2730728e-01 1.6207415e-01 3.6519370e-03
 7.4652591e-05 7.4367017e-07 2.0998849e-08 1.2278277e-09]"
D:\Uni\Ulm\Master\Hiwi-Forschung-und-Lehre\FairFace\detected_faces\1446172_face0.jpg,Black,Black,Male,10-19,"[1.1918182e-05 9.9958915e-01 3.3036634e-04 7.5461678e-08 2.8281981e-06
 3.8234106e-05 2.7288952e-05]",[2.8352865e-06 9.9986207e-01 6.2995659e-06 1.2878307e-04],[9.9999183e-01 8.1935832e-06],"[1.5815124e-06 8.3381962e-03 8.4042543e-01 1.4446662e-01 6.4905686e-03
 2.7422057e-04 3.3612430e-06 9.5847540e-08 4.3000026e-09]"
D:\Uni\Ulm\Master\Hiwi-Forschung-und-Lehre\FairFace\detected_faces\1457536_face0.jpg,Middle Eastern,White,Male,10-19,"[3.4348115e-02 2.0696547e-05 1.1476960e-02 1.8725768e-05 4.3146985e-05
 6.2180514e-04 9.5347053e-01]",[9.9020147e-01 4.6660486e-03 9.1303402e-04 4.2194109e-03],[9.9999779e-01 2.2112492e-06],"[4.1722537e-06 4.5382767e-03 4.9102858e-01 4.7170329e-01 3.1083129e-02
 1.6309147e-03 1.1264952e-05 3.8753603e-07 4.3063850e-09]"
D:\Uni\Ulm\Master\Hiwi-Forschung-und-Lehre\FairFace\detected_faces\1457736_face0.jpg,White,White,Male,10-19,"[9.9711871e-01 1.5914002e-06 5.7910878e-04 5.9429781e-06 8.1477310e-06
 2.9865771e-06 2.2835121e-03]",[9.9998909e-01 2.0584930e-06 6.7150822e-06 2.1519609e-06],[9.99999881e-01 1.07932834e-07],"[8.6973031e-08 3.2621052e-04 5.6944597e-01 4.2464012e-01 5.4732999e-03
 1.1365126e-04 6.6212152e-07 2.1852731e-08 3.4280132e-10]"
D:\Uni\Ulm\Master\Hiwi-Forschung-und-Lehre\FairFace\detected_faces\1457821_face0.jpg,Black,Black,Male,20-29,"[2.7353515e-05 9.9658865e-01 2.4905798e-04 2.4753109e-07 1.2052468e-05
 3.0983014e-03 2.4352215e-05]",[3.8576753e-05 9.9962234e-01 1.6183092e-05 3.2287181e-04],[9.9999857e-01 1.4507359e-06],"[1.4639261e-08 1.6314465e-06 5.6497585e-03 7.4128348e-01 2.4417710e-01
 8.7584862e-03 1.2807615e-04 1.5023916e-06 3.1168678e-08]"
D:\Uni\Ulm\Master\Hiwi-Forschung-und-Lehre\FairFace\detected_faces\1458073_face0.jpg,Black,Black,Male,20-29,"[2.5924442e-06 9.9996686e-01 1.6462742e-05 1.9421395e-07 1.6094399e-06
 1.1945821e-05 2.9175911e-07]",[2.7149970e-06 9.9999195e-01 3.0327731e-06 2.2763477e-06],[0.9811361  0.01886392],"[4.4195193e-07 1.5777453e-04 4.1558001e-02 7.0185101e-01 2.3441848e-01
 2.1251069e-02 7.5198663e-04 1.0664987e-05 5.9180769e-07]"
D:\Uni\Ulm\Master\Hiwi-Forschung-und-Lehre\FairFace\detected_faces\1459620_face0.jpg,Middle Eastern,White,Male,10-19,"[1.0062931e-01 4.4605476e-06 1.2325821e-02 9.7381019e-07 1.0235552e-05
 9.8652355e-03 8.7716395e-01]",[9.8318487e-01 7.6955897e-05 8.8007844e-05 1.6650163e-02],[9.9999672e-01 3.2838159e-06],"[2.1909711e-06 1.3071367e-03 4.5434469e-01 3.4976894e-01 1.4228550e-01
 5.1019117e-02 1.2520652e-03 2.0181651e-05 1.9196966e-07]"
D:\Uni\Ulm\Master\Hiwi-Forschung-und-Lehre\FairFace\detected_faces\1461519_face0.jpg,Middle Eastern,White,Male,20-29,"[1.36342645e-02 7.03239231e-04 7.23471567e-02 1.67545732e-05
 8.57015330e-05 5.66034159e-03 9.07552540e-01]",[0.7663847  0.01899929 0.00266055 0.21195547],[9.9999589e-01 4.1176777e-06],"[1.4772073e-06 1.0340200e-03 9.2571065e-02 8.3364069e-01 7.1767718e-02
 9.8248711e-04 2.5640561e-06 6.7169033e-08 1.0480858e-09]"
D:\Uni\Ulm\Master\Hiwi-Forschung-und-Lehre\FairFace\detected_faces\1461535_face0.jpg,White,White,Male,20-29,"[9.8809540e-01 3.7032810e-06 1.0859790e-04 3.5908553e-07 1.4795855e-06
 2.1615743e-07 1.1790222e-02]",[9.9991030e-01 5.3875956e-05 1.9200130e-05 1.6616459e-05],[9.9999893e-01 1.0625073e-06],"[1.9035147e-08 1.8497672e-05 1.1261393e-01 8.4136373e-01 4.4244848e-02
 1.7386965e-03 1.9672989e-05 5.5193675e-07 6.6192314e-09]"
D:\Uni\Ulm\Master\Hiwi-Forschung-und-Lehre\FairFace\detected_faces\1461593_face0.jpg,Latino_Hispanic,Black,Male,10-19,"[0.02495597 0.06622174 0.40323204 0.06012112 0.38586134 0.02969981
 0.02990799]",[0.04099245 0.5695579  0.29546973 0.09397991],[0.99424124 0.00575877],"[3.9128554e-06 3.8740928e-03 7.1359080e-01 2.3078838e-01 4.6233956e-02
 5.0594974e-03 3.9464096e-04 5.2214811e-05 2.4338372e-06]"
D:\Uni\Ulm\Master\Hiwi-Forschung-und-Lehre\FairFace\detected_faces\1461595_face0.jpg,White,White,Male,10-19,"[8.9000267e-01 5.7535017e-05 7.3356554e-02 2.0402452e-04 1.7479969e-04
 1.1723503e-04 3.6087155e-02]",[9.9793273e-01 2.1613753e-04 1.0928130e-03 7.5835496e-04],[9.9992305e-01 7.6953613e-05],"[5.87299631e-08 2.14595711e-04 6.98827267e-01 2.97856629e-01
 3.06048431e-03 4.06075451e-05 3.33756020e-07 1.10259135e-08
 2.57838861e-10]"
D:\Uni\Ulm\Master\Hiwi-Forschung-und-Lehre\FairFace\detected_faces\1461596_face0.jpg,Black,Black,Male,20-29,"[2.2022247e-04 9.9501961e-01 1.8025715e-03 2.4456759e-07 1.1131671e-05
 2.1408682e-03 8.0526946e-04]",[5.7809997e-05 9.9978334e-01 3.9711736e-06 1.5492013e-04],[1.000000e+00 6.227939e-09],"[1.1257086e-09 3.4352334e-07 2.7692090e-03 7.6890320e-01 2.2349092e-01
 4.7782850e-03 5.7187786e-05 7.5572507e-07 8.6609200e-09]"
D:\Uni\Ulm\Master\Hiwi-Forschung-und-Lehre\FairFace\detected_faces\1461597_face0.jpg,Latino_Hispanic,Black,Male,20-29,"[9.4400041e-02 3.4626743e-01 5.5117267e-01 2.9922185e-05 2.0244364e-04
 1.0601034e-03 6.8672793e-03]",[1.0406525e-03 9.9875879e-01 5.1296178e-05 1.4926580e-04],[9.9991614e-01 8.3914616e-05],"[7.2206731e-08 5.6153574e-05 1.4330877e-01 8.3366454e-01 2.2692757e-02
 2.7486598e-04 2.7835054e-06 4.1649482e-08 1.1684239e-09]"
D:\Uni\Ulm\Master\Hiwi-Forschung-und-Lehre\FairFace\detected_faces\1461613_face0.jpg,Black,Black,Male,20-29,"[1.0265148e-07 9.9999726e-01 1.3524771e-06 2.9964425e-10 1.0987171e-08
 1.0516080e-06 2.2058020e-07]",[6.2638911e-08 9.9999958e-01 2.1399045e-07 1.6702718e-07],[1.0000000e+00 1.5353692e-08],"[8.8372101e-09 2.3909895e-06 2.7488100e-03 7.1973950e-01 2.7010623e-01
 7.3518939e-03 5.0795625e-05 3.0124724e-07 7.4060571e-09]"
D:\Uni\Ulm\Master\Hiwi-Forschung-und-Lehre\FairFace\detected_faces\1461738_face0.jpg,Black,Indian,Male,10-19,"[0.00878972 0.46467784 0.11675204 0.0014953  0.03707291 0.25340608
 0.11780607]",[0.00354892 0.17265126 0.04589115 0.7779087 ],[9.9997920e-01 2.0775064e-05],"[3.1700054e-07 1.0240738e-03 5.3557712e-01 4.5386741e-01 9.4354181e-03
 9.5175768e-05 4.7076577e-07 4.8460393e-08 1.6999673e-09]"
D:\Uni\Ulm\Master\Hiwi-Forschung-und-Lehre\FairFace\detected_faces\1461745_face0.jpg,Latino_Hispanic,Black,Male,20-29,"[0.07169785 0.02645659 0.83894587 0.00085679 0.01127893 0.0469031
 0.00386086]",[0.08784077 0.5504541  0.01408953 0.34761557],[0.9821961  0.01780391],"[2.9176730e-08 7.3349562e-05 3.1034330e-01 6.4078856e-01 4.8062302e-02
 7.2678278e-04 5.6148515e-06 1.1620902e-07 4.1331982e-09]"
D:\Uni\Ulm\Master\Hiwi-Forschung-und-Lehre\FairFace\detected_faces\1461842_face0.jpg,Black,Black,Male,20-29,"[9.8787150e-06 9.9792832e-01 5.4666930e-04 2.0006006e-05 1.4068526e-03
 8.2696548e-05 5.6001522e-06]",[9.6493481e-05 9.9917597e-01 6.2262069e-04 1.0499106e-04],[9.990817e-01 9.182801e-04],"[9.9247688e-07 1.7206062e-03 3.6543223e-01 5.7970399e-01 5.1226061e-02
 1.8575969e-03 5.6952627e-05 1.5523922e-06 1.2503817e-07]"
D:\Uni\Ulm\Master\Hiwi-Forschung-und-Lehre\FairFace\detected_faces\1461863_face0.jpg,Latino_Hispanic,Black,Male,20-29,"[2.6997712e-02 3.8377900e-02 6.8113554e-01 4.0290423e-04 6.0214503e-03
 5.7608373e-03 2.4130370e-01]",[0.00814266 0.94783294 0.01375487 0.03026958],[9.9999791e-01 2.0858245e-06],"[3.58832182e-08 2.09322126e-04 3.45894217e-01 6.43653393e-01
 1.01668444e-02 7.59519899e-05 2.26072032e-07 6.24423979e-09
 1.13366774e-10]"
D:\Uni\Ulm\Master\Hiwi-Forschung-und-Lehre\FairFace\detected_faces\1462285_face0.jpg,White,White,Male,20-29,"[9.8956972e-01 9.7047723e-07 5.3195900e-04 5.6898578e-05 2.9937455e-05
 1.7358010e-05 9.7931735e-03]",[9.9968094e-01 7.8838439e-06 1.2652365e-04 1.8462463e-04],[9.994498e-01 5.502714e-04],"[9.4031529e-09 1.3543647e-05 3.1812963e-01 6.7374998e-01 8.0196066e-03
 8.6842992e-05 4.2412080e-07 1.1654955e-08 3.0294928e-10]"
D:\Uni\Ulm\Master\Hiwi-Forschung-und-Lehre\FairFace\detected_faces\1462287_face0.jpg,White,White,Male,20-29,"[6.8701816e-01 9.4471652e-05 5.2610314e-03 2.0546565e-04 1.8354836e-04
 1.7705261e-04 3.0706030e-01]",[9.9920696e-01 3.7432069e-04 2.8093840e-04 1.3783216e-04],[9.9999982e-01 1.6701657e-07],"[3.2489820e-07 3.3722416e-04 9.9106751e-02 8.5847610e-01 4.1769531e-02
 3.0917468e-04 7.9203693e-07 2.4193440e-08 4.8092935e-10]"
D:\Uni\Ulm\Master\Hiwi-Forschung-und-Lehre\FairFace\detected_faces\1462288_face0.jpg,White,White,Male,20-29,"[8.7746543e-01 2.0129963e-04 1.8196941e-03 7.3049647e-05 1.2473651e-04
 1.1539959e-04 1.2020037e-01]",[9.9944496e-01 3.2470573e-04 5.5219654e-05 1.7510695e-04],[9.9966550e-01 3.3451815e-04],"[7.2030593e-07 2.6468771e-05 1.2115326e-02 7.5128883e-01 2.1344675e-01
 2.0328710e-02 2.5146054e-03 2.5499464e-04 2.3584791e-05]"
D:\Uni\Ulm\Master\Hiwi-Forschung-und-Lehre\FairFace\detected_faces\1462293_face0.jpg,Black,Black,Male,20-29,"[7.6585451e-07 9.9995774e-01 2.7558284e-05 1.6755632e-08 4.1470804e-07
 7.3488195e-06 6.2644567e-06]",[3.5954770e-07 9.9999571e-01 6.3386125e-07 3.3347228e-06],[9.9999553e-01 4.4651642e-06],"[4.8439862e-08 2.0489499e-05 1.4203349e-02 7.9765058e-01 1.8285790e-01
 5.2309055e-03 3.6420515e-05 3.0661749e-07 9.5976773e-09]"
D:\Uni\Ulm\Master\Hiwi-Forschung-und-Lehre\FairFace\detected_faces\1462297_face0.jpg,White,Asian,Male,30-39,"[5.9660244e-01 2.1377412e-04 2.0837210e-02 2.3317067e-01 6.0923345e-02
 3.8016413e-04 8.7872379e-02]",[1.6694802e-01 1.1649370e-04 8.3196133e-01 9.7416877e-04],[9.9995100e-01 4.9001756e-05],"[2.12024570e-05 3.05156311e-04 1.02866162e-02 4.18173164e-01
 5.04502773e-01 6.27623200e-02 3.66499205e-03 2.71743804e-04
 1.20278055e-05]"
D:\Uni\Ulm\Master\Hiwi-Forschung-und-Lehre\FairFace\detected_faces\1462301_face0.jpg,White,White,Male,20-29,"[9.9940211e-01 1.7351604e-07 6.7147543e-05 2.2929473e-07 4.9598435e-07
 8.4713270e-07 5.2902463e-04]",[9.9991524e-01 1.8010556e-05 5.6048475e-06 6.1160325e-05],[9.99999881e-01 1.09191774e-07],"[5.8382270e-08 2.5551909e-04 3.1011626e-01 6.7513674e-01 1.4187066e-02
 3.0367676e-04 6.3076254e-07 6.6579178e-09 8.5552142e-11]"
D:\Uni\Ulm\Master\Hiwi-Forschung-und-Lehre\FairFace\detected_faces\1462302_face0.jpg,White,White,Male,10-19,"[9.9912512e-01 5.9202598e-08 5.8418409e-05 7.4686268e-06 3.2742710e-06
 2.6198924e-07 8.0534385e-04]",[9.9966425e-01 5.3967196e-06 3.1981483e-04 1.0513298e-05],[9.9999964e-01 4.0941794e-07],"[9.0621121e-08 2.5750042e-04 8.2677418e-01 1.7182617e-01 1.1142797e-03
 2.7598076e-05 1.6432055e-07 4.0245354e-09 5.6214478e-11]"
D:\Uni\Ulm\Master\Hiwi-Forschung-und-Lehre\FairFace\detected_faces\1462306_face0.jpg,Middle Eastern,White,Male,10-19,"[2.5956759e-01 3.0930747e-05 7.9190381e-02 6.1365851e-04 1.0578919e-03
 5.0143744e-03 6.5452522e-01]",[9.83145714e-01 1.13010174e-04 5.40980091e-03 1.13314055e-02],[9.9999982e-01 2.1860399e-07],"[1.2605854e-07 1.3263276e-03 8.1654131e-01 1.8024598e-01 1.8550779e-03
 3.1051877e-05 8.6322217e-08 3.1434353e-09 2.9991950e-11]"
D:\Uni\Ulm\Master\Hiwi-Forschung-und-Lehre\FairFace\detected_faces\1462307_face0.jpg,White,White,Male,20-29,"[8.14843774e-01 9.56276126e-05 1.85059104e-02 2.59151193e-06
 8.96528491e-06 1.13958755e-04 1.66429162e-01]",[9.9774450e-01 7.5805967e-04 1.0268429e-04 1.3947763e-03],[9.9999982e-01 1.6733902e-07],"[1.4441454e-06 2.3063568e-04 2.3390954e-02 8.6237121e-01 1.1278449e-01
 1.2177217e-03 3.4373602e-06 5.1507691e-08 6.9412176e-10]"
D:\Uni\Ulm\Master\Hiwi-Forschung-und-Lehre\FairFace\detected_faces\1462314_face0.jpg,White,White,Male,20-29,"[9.6416616e-01 2.0650234e-05 2.6787545e-03 1.9943422e-05 4.0501447e-05
 4.0425490e-05 3.3033557e-02]",[9.9994951e-01 3.2739817e-06 2.0512885e-05 2.6733489e-05],[9.9999988e-01 6.4856884e-08],"[9.7536849e-07 8.1250793e-04 3.2147828e-01 6.5759993e-01 1.9953975e-02
 1.5393509e-04 3.5887075e-07 1.1835232e-08 1.8972186e-10]"
D:\Uni\Ulm\Master\Hiwi-Forschung-und-Lehre\FairFace\detected_faces\1462316_face0.jpg,Indian,Black,Male,20-29,"[4.6444964e-03 1.7476222e-01 2.9860628e-01 8.0194121e-05 1.8963480e-03
 4.1106981e-01 1.0894065e-01]",[0.0436076  0.77336633 0.00655223 0.17647378],[1.0000000e+00 3.9542214e-09],"[1.7388396e-07 1.2120978e-04 1.1973276e-02 8.3952165e-01 1.4554769e-01
 2.8296988e-03 6.2284830e-06 7.5582648e-08 5.3301918e-10]"
D:\Uni\Ulm\Master\Hiwi-Forschung-und-Lehre\FairFace\detected_faces\1462342_face0.jpg,White,White,Male,10-19,"[9.6494788e-01 1.4618028e-06 1.8563230e-03 6.8445217e-05 3.4024873e-05
 1.4656681e-05 3.3077322e-02]",[9.9984419e-01 5.7917891e-06 1.3898450e-04 1.1015624e-05],[9.9995828e-01 4.1752224e-05],"[1.7826587e-05 2.0148687e-02 7.8862214e-01 1.8414034e-01 6.7068972e-03
 3.6182784e-04 2.1741216e-06 6.8265464e-08 2.4107714e-09]"
D:\Uni\Ulm\Master\Hiwi-Forschung-und-Lehre\FairFace\detected_faces\1462742_face0.jpg,Black,Black,Male,20-29,"[1.6696410e-07 9.9998981e-01 1.6203171e-06 3.5005774e-09 9.2933128e-08
 8.2030983e-06 1.2374673e-07]",[9.1813729e-07 9.9999285e-01 1.8454399e-06 4.4052463e-06],[9.9999964e-01 3.0783164e-07],"[8.8051548e-09 4.0189406e-07 1.7057321e-03 5.5135792e-01 4.1211903e-01
 3.4441374e-02 3.7222879e-04 3.1804659e-06 8.9283859e-08]"
D:\Uni\Ulm\Master\Hiwi-Forschung-und-Lehre\FairFace\detected_faces\1462786_face0.jpg,White,White,Male,20-29,"[9.5804560e-01 1.3239073e-05 3.5402272e-02 8.5327911e-06 2.8973081e-05
 4.0018171e-04 6.1012371e-03]",[9.9980181e-01 4.2424286e-05 5.0680981e-05 1.0510057e-04],[9.9999982e-01 2.0600706e-07],"[1.0784734e-07 2.0489203e-04 3.7594339e-01 6.0588318e-01 1.7709170e-02
 2.5848160e-04 8.1813528e-07 1.0989408e-08 1.0690009e-10]"
D:\Uni\Ulm\Master\Hiwi-Forschung-und-Lehre\FairFace\detected_faces\1463397_face0.jpg,Middle Eastern,White,Male,20-29,"[1.9947989e-01 1.4587734e-03 9.1748554e-03 1.4453880e-04 1.5563198e-04
 8.6113851e-04 7.8872520e-01]",[9.9686682e-01 5.2792259e-04 2.0529050e-03 5.5232464e-04],[0.9813306  0.01866939],"[3.6096148e-07 1.0420302e-05 8.9672301e-03 5.9340328e-01 3.5910231e-01
 3.4170724e-02 3.8465303e-03 4.6061492e-04 3.8608436e-05]"
D:\Uni\Ulm\Master\Hiwi-Forschung-und-Lehre\FairFace\detected_faces\1463398_face0.jpg,Black,Black,Male,30-39,"[3.0710548e-04 9.7297525e-01 3.1711387e-03 6.4143131e-04 1.9089334e-02
 3.5670171e-03 2.4865998e-04]",[0.00108634 0.9950854  0.0018572  0.00197101],[9.999905e-01 9.548652e-06],"[3.7882278e-06 3.5158053e-05 9.7479805e-04 1.5823896e-01 5.2145302e-01
 2.4139823e-01 7.3744662e-02 3.5625601e-03 5.8874278e-04]"
D:\Uni\Ulm\Master\Hiwi-Forschung-und-Lehre\FairFace\detected_faces\1463438_face0.jpg,Black,Black,Male,30-39,"[1.3043061e-06 9.9992496e-01 8.3767718e-06 2.3481432e-08 3.0307808e-07
 6.4856715e-05 1.2798859e-07]",[5.1185850e-07 9.9998546e-01 1.8494779e-06 1.2103272e-05],[0.76533544 0.23466456],"[3.7749217e-08 6.7249898e-06 4.2825318e-03 3.0589408e-01 5.8080721e-01
 1.0368925e-01 5.2667521e-03 5.1905678e-05 1.4695125e-06]"
D:\Uni\Ulm\Master\Hiwi-Forschung-und-Lehre\FairFace\detected_faces\1464132_face0.jpg,Black,Black,Male,20-29,"[7.3897399e-06 9.9995339e-01 1.5310317e-05 2.7965180e-07 1.3837127e-06
 2.1374319e-05 8.6572618e-07]",[7.4115775e-07 9.9999017e-01 6.5997388e-06 2.6099826e-06],[9.9969089e-01 3.0909848e-04],"[9.9655558e-08 2.7130804e-05 1.2359171e-02 6.8044901e-01 2.9211617e-01
 1.4759394e-02 2.8252948e-04 6.0581015e-06 4.0271610e-07]"
D:\Uni\Ulm\Master\Hiwi-Forschung-und-Lehre\FairFace\detected_faces\1464642_face0.jpg,Indian,Indian,Male,10-19,"[0.00058385 0.40923914 0.04630314 0.00065995 0.02162006 0.51322925
 0.00836457]",[3.1702762e-04 4.1282085e-01 4.1245174e-02 5.4561698e-01],[0.9918413  0.00815867],"[2.9215786e-05 3.6564235e-02 6.7645866e-01 2.4817887e-01 3.3409882e-02
 5.1938351e-03 1.5698624e-04 8.0585396e-06 2.8263014e-07]"
D:\Uni\Ulm\Master\Hiwi-Forschung-und-Lehre\FairFace\detected_faces\1464647_face0.jpg,White,White,Male,20-29,"[8.1239468e-01 1.8347446e-03 1.6213559e-01 9.8607154e-05 4.6921286e-04
 2.1559700e-04 2.2851489e-02]",[9.9863601e-01 1.1367531e-03 1.6167245e-04 6.5504180e-05],[9.9999660e-01 3.4064008e-06],"[1.4087250e-07 3.6301653e-04 4.8053840e-01 4.9810869e-01 2.0713516e-02
 2.7463768e-04 1.5396425e-06 3.8861270e-08 6.4867900e-10]"
D:\Uni\Ulm\Master\Hiwi-Forschung-und-Lehre\FairFace\detected_faces\1464650_face0.jpg,White,White,Male,10-19,"[9.0166879e-01 6.5544198e-05 2.9000664e-02 3.2060118e-06 1.5940985e-05
 1.7524431e-04 6.9070533e-02]",[9.9930984e-01 2.0819897e-04 3.9934435e-05 4.4202991e-04],[9.9999517e-01 4.8541783e-06],"[7.5864271e-08 2.2102301e-03 9.1922444e-01 7.7789418e-02 7.5671793e-04
 1.9112142e-05 6.2952445e-08 1.1184600e-09 2.2666910e-11]"
D:\Uni\Ulm\Master\Hiwi-Forschung-und-Lehre\FairFace\detected_faces\1464651_face0.jpg,White,White,Male,10-19,"[7.9992628e-01 5.9790154e-06 2.8141809e-03 4.2457192e-05 1.2396186e-04
 1.8125764e-04 1.9690584e-01]",[9.9673069e-01 6.7132103e-05 3.1203954e-03 8.1781218e-05],[9.9999255e-01 7.3891224e-06],"[3.13484679e-06 1.90845989e-02 9.11443472e-01 6.74546659e-02
 1.89665286e-03 1.16678144e-04 7.37115329e-07 4.44342803e-08
 1.13907750e-09]"
D:\Uni\Ulm\Master\Hiwi-Forschung-und-Lehre\FairFace\detected_faces\1465061_face0.jpg,White,White,Male,20-29,"[6.08635843e-01 3.16308360e-05 1.20018736e-01 3.69618967e-04
 4.50653082e-04 7.13380810e-04 2.69780099e-01]",[9.9708056e-01 4.7575557e-04 2.0377787e-03 4.0586368e-04],[9.9998707e-01 1.2892775e-05],"[1.00777825e-07 7.60649418e-05 1.70463130e-01 7.90037274e-01
 3.87338847e-02 6.86998363e-04 2.49110894e-06 3.70693165e-08
 5.23952493e-10]"
D:\Uni\Ulm\Master\Hiwi-Forschung-und-Lehre\FairFace\detected_faces\1465149_face0.jpg,White,White,Male,10-19,"[9.2986840e-01 3.3776506e-03 2.1147886e-02 7.5966230e-04 4.1278580e-04
 3.5702251e-04 4.4076584e-02]",[9.9209166e-01 4.3027159e-03 3.3460336e-03 2.5959784e-04],[9.9976337e-01 2.3662794e-04],"[0.00354905 0.23814942 0.3488586  0.17450726 0.14815421 0.06521725
 0.01638784 0.00438848 0.00078784]"
D:\Uni\Ulm\Master\Hiwi-Forschung-und-Lehre\FairFace\detected_faces\1465424_face0.jpg,White,White,Male,20-29,"[9.83829319e-01 2.03031468e-05 2.29446241e-03 3.16489576e-07
 1.43854436e-06 1.68433962e-05 1.38373375e-02]",[9.9983037e-01 6.6441426e-05 1.1880031e-05 9.1307491e-05],[1.0000000e+00 1.4464608e-09],"[1.09035625e-08 2.48541141e-06 3.16351466e-03 9.07723188e-01
 8.85693878e-02 5.40979207e-04 5.02795388e-07 5.45755752e-09
 3.81839560e-11]"
D:\Uni\Ulm\Master\Hiwi-Forschung-und-Lehre\FairFace\detected_faces\1466116_face0.jpg,White,White,Male,20-29,"[9.8935556e-01 9.8688266e-05 5.7357019e-03 1.7337220e-04 1.6631598e-04
 8.3777304e-05 4.3865917e-03]",[9.9942762e-01 2.6209743e-04 2.5632704e-04 5.4027871e-05],[9.9999994e-01 9.3909527e-08],"[9.7673069e-07 3.9579533e-04 1.0260671e-01 7.0673227e-01 1.8394233e-01
 6.2786890e-03 4.2598644e-05 5.8636294e-07 6.2899397e-09]"
D:\Uni\Ulm\Master\Hiwi-Forschung-und-Lehre\FairFace\detected_faces\1466124_face0.jpg,Latino_Hispanic,Black,Male,10-19,"[0.02432019 0.06650591 0.8369978  0.00154224 0.04649045 0.01720092
 0.00694258]",[0.01132189 0.52539355 0.26404932 0.19923525],[9.9998838e-01 1.1625365e-05],"[1.5060047e-07 8.6198020e-04 7.6703846e-01 2.2971009e-01 2.3601993e-03
 2.8955734e-05 2.0836546e-07 1.3289805e-08 2.7308256e-10]"
D:\Uni\Ulm\Master\Hiwi-Forschung-und-Lehre\FairFace\detected_faces\1466129_face0.jpg,Latino_Hispanic,White,Male,10-19,"[0.41860208 0.00068936 0.45696658 0.00047047 0.00310449 0.00244041
 0.11772664]",[0.98857915 0.00400299 0.00238685 0.00503101],[0.9989329  0.00106709],"[2.6167815e-08 5.2868080e-04 8.0707711e-01 1.8783250e-01 4.4860570e-03
 7.5260636e-05 3.3674098e-07 8.5505212e-09 1.5711675e-10]"
D:\Uni\Ulm\Master\Hiwi-Forschung-und-Lehre\FairFace\detected_faces\1466134_face0.jpg,White,White,Male,10-19,"[8.0971724e-01 7.3582050e-05 5.4636501e-02 1.7749568e-05 5.5153218e-05
 9.8279816e-05 1.3540146e-01]",[9.9992961e-01 8.9182658e-06 3.3015906e-05 2.8449891e-05],[1.0000000e+00 1.2223997e-08],"[1.5599298e-07 7.0781115e-04 7.0944834e-01 2.8707832e-01 2.7298690e-03
 3.5354638e-05 1.4146585e-07 3.9290486e-09 2.9002472e-11]"
D:\Uni\Ulm\Master\Hiwi-Forschung-und-Lehre\FairFace\detected_faces\1466488_face0.jpg,Middle Eastern,White,Male,20-29,"[1.7866442e-01 4.6184054e-03 3.9000654e-01 3.4872029e-04 1.0104843e-03
 7.7360314e-03 4.1761544e-01]",[0.74083483 0.17910135 0.00571214 0.07435174],[9.9999791e-01 2.0922696e-06],"[1.3275032e-06 6.6310161e-04 1.8817148e-01 7.7338934e-01 3.7063412e-02
 7.0690230e-04 4.3350283e-06 1.0643563e-07 1.9297981e-09]"
D:\Uni\Ulm\Master\Hiwi-Forschung-und-Lehre\FairFace\detected_faces\1466543_face0.jpg,Black,Black,Male,20-29,"[0.0276181  0.3206807  0.24509118 0.00090165 0.01028263 0.2727798
 0.12264592]",[0.02105689 0.9056017  0.00958449 0.06375691],[9.9999756e-01 2.3969608e-06],"[7.3157838e-07 2.1766429e-03 2.3778617e-01 7.3264569e-01 2.7002530e-02
 3.8582846e-04 2.2658960e-06 5.6168151e-08 2.0511193e-09]"
D:\Uni\Ulm\Master\Hiwi-Forschung-und-Lehre\FairFace\detected_faces\1466570_face0.jpg,White,White,Male,10-19,"[9.9863482e-01 1.3621402e-06 4.9476902e-04 4.1059129e-06 3.2804230e-06
 4.0179475e-06 8.5752486e-04]",[9.9997795e-01 8.1368244e-06 1.7124109e-06 1.2183025e-05],[9.9998069e-01 1.9303045e-05],"[3.0780700e-07 2.4675822e-03 9.0411824e-01 9.2365973e-02 1.0203284e-03
 2.7388436e-05 1.5740879e-07 4.3157304e-09 2.1163123e-10]"
D:\Uni\Ulm\Master\Hiwi-Forschung-und-Lehre\FairFace\detected_faces\1466657_face0.jpg,White,White,Male,10-19,"[6.28923416e-01 1.05736464e-04 8.42654705e-02 3.79083445e-04
 6.92064234e-04 1.91886607e-03 2.83715427e-01]",[9.9555308e-01 7.6036598e-04 2.4871575e-03 1.1993045e-03],[1.00000e+00 3.66214e-08],"[1.1907580e-05 1.5821705e-02 4.8218748e-01 4.6803281e-01 3.3258118e-02
 6.8566349e-04 2.2411725e-06 5.4809828e-08 4.8833315e-10]"
D:\Uni\Ulm\Master\Hiwi-Forschung-und-Lehre\FairFace\detected_faces\1466784_face0.jpg,White,White,Male,10-19,"[9.9384123e-01 2.0420379e-05 2.3808749e-03 1.6161965e-05 3.9357659e-05
 1.7649161e-05 3.6842765e-03]",[9.9812639e-01 4.0177404e-04 9.4111520e-04 5.3071522e-04],[1.0000000e+00 2.2572447e-08],"[1.4416024e-08 2.2406798e-04 7.2957373e-01 2.6928830e-01 9.0909138e-04
 4.7355948e-06 1.5499980e-08 4.6926824e-10 8.0804148e-12]"
D:\Uni\Ulm\Master\Hiwi-Forschung-und-Lehre\FairFace\detected_faces\1466809_face0.jpg,White,White,Male,10-19,"[9.9582857e-01 1.3462012e-06 1.9611385e-04 6.8460986e-06 7.6680999e-06
 1.2018926e-06 3.9584450e-03]",[9.998721e-01 6.768005e-05 5.449011e-05 5.676228e-06],[9.9974495e-01 2.5506015e-04],"[1.5300351e-06 5.6747454e-03 8.3465427e-01 1.5497053e-01 4.5581455e-03
 1.4013555e-04 6.6027110e-07 2.2416836e-08 8.8706470e-10]"
D:\Uni\Ulm\Master\Hiwi-Forschung-und-Lehre\FairFace\detected_faces\1467061_face0.jpg,White,White,Male,10-19,"[9.9089980e-01 4.5127027e-07 8.9091773e-05 3.9311158e-06 6.1043093e-06
 2.2595550e-06 8.9983102e-03]",[9.9958128e-01 4.9481525e-05 2.6570473e-04 1.0350121e-04],[9.9997813e-01 2.1845277e-05],"[1.1621984e-07 4.3795921e-04 6.1030787e-01 3.7732288e-01 1.1240024e-02
 6.8661122e-04 4.4045055e-06 6.8574877e-08 1.0870694e-09]"
D:\Uni\Ulm\Master\Hiwi-Forschung-und-Lehre\FairFace\detected_faces\1467402_face0.jpg,White,White,Male,10-19,"[9.5733166e-01 7.1285112e-06 2.1738275e-03 3.7662339e-05 2.9462011e-05
 3.1973323e-05 4.0388342e-02]",[9.9975109e-01 1.4625056e-04 7.7215322e-05 2.5487709e-05],[0.99898785 0.00101216],"[5.0835524e-06 7.5312690e-03 5.0977463e-01 4.2246875e-01 5.3900033e-02
 6.1864504e-03 1.2668660e-04 6.7627325e-06 2.9605462e-07]"
D:\Uni\Ulm\Master\Hiwi-Forschung-und-Lehre\FairFace\detected_faces\1467703_face0.jpg,Black,Black,Male,10-19,"[7.4135905e-06 9.9987692e-01 7.8692858e-05 2.6104956e-07 1.9367171e-06
 2.7025897e-05 7.7635150e-06]",[9.8636692e-06 9.9980700e-01 1.8002951e-05 1.6515066e-04],[0.98003155 0.01996845],"[8.6173219e-05 7.6563656e-02 5.6870157e-01 3.1409132e-01 3.8301304e-02
 2.2038368e-03 4.8597874e-05 3.1036277e-06 4.0544253e-07]"
D:\Uni\Ulm\Master\Hiwi-Forschung-und-Lehre\FairFace\detected_faces\1468040_face0.jpg,White,White,Male,20-29,"[8.7484306e-01 5.4833054e-04 2.5240812e-02 4.0744430e-07 5.9420563e-06
 1.3107623e-04 9.9230312e-02]",[9.3109798e-01 6.5968283e-02 2.5325888e-04 2.6804616e-03],[9.9999833e-01 1.6947512e-06],"[1.4470610e-09 2.4204491e-07 1.9829369e-03 7.8326905e-01 2.1225742e-01
 2.4805090e-03 9.6482236e-06 7.9853351e-08 9.5810493e-10]"
D:\Uni\Ulm\Master\Hiwi-Forschung-und-Lehre\FairFace\detected_faces\1468046_face0.jpg,Latino_Hispanic,Black,Male,20-29,"[0.14738037 0.18978381 0.5785924  0.00206422 0.01085549 0.00314139
 0.0681823 ]",[0.18083562 0.6121595  0.20009139 0.00691356],[1.0000000e+00 3.6551025e-08],"[6.13643749e-08 2.91284468e-05 3.86848748e-02 8.95170391e-01
 6.53147995e-02 7.95864966e-04 4.84680004e-06 1.06374515e-07
 1.71628112e-09]"
D:\Uni\Ulm\Master\Hiwi-Forschung-und-Lehre\FairFace\detected_faces\1468054_face0.jpg,White,White,Male,20-29,"[9.9925858e-01 4.6713776e-06 7.7867255e-05 4.1807942e-07 1.4793687e-06
 4.9092200e-06 6.5198983e-04]",[9.9744099e-01 2.0675452e-03 1.1498714e-04 3.7654085e-04],[9.9998510e-01 1.4937063e-05],"[4.1118744e-07 2.9974495e-05 4.9756686e-03 6.6083920e-01 3.2206216e-01
 1.1935024e-02 1.5582930e-04 1.6595620e-06 8.5527162e-08]"
D:\Uni\Ulm\Master\Hiwi-Forschung-und-Lehre\FairFace\detected_faces\1468090_face0.jpg,White,White,Male,30-39,"[9.9773788e-01 2.7286005e-05 1.2215350e-03 5.1454467e-06 1.1448606e-05
 6.9640632e-06 9.8968484e-04]",[9.9994016e-01 2.6676416e-05 1.8546261e-05 1.4583563e-05],[9.9999994e-01 7.0328277e-08],"[2.5178772e-06 2.7566617e-05 1.4831772e-03 2.1464439e-01 7.0941442e-01
 7.3329799e-02 1.0827113e-03 1.5183455e-05 2.6912429e-07]"
D:\Uni\Ulm\Master\Hiwi-Forschung-und-Lehre\FairFace\detected_faces\1468175_face0.jpg,White,White,Male,20-29,"[8.9734942e-01 1.7075003e-05 1.7760234e-02 1.2978164e-05 2.9575966e-05
 5.0887025e-05 8.4779851e-02]",[9.9960452e-01 1.4084834e-04 1.3138088e-04 1.2319333e-04],[9.9999988e-01 1.4272796e-07],"[1.3810279e-07 5.2994874e-05 1.8207009e-01 7.6138061e-01 5.4786094e-02
 1.6973511e-03 1.2462430e-05 2.1235310e-07 1.7537930e-09]"
D:\Uni\Ulm\Master\Hiwi-Forschung-und-Lehre\FairFace\detected_faces\1468297_face0.jpg,Middle Eastern,White,Male,20-29,"[2.1819760e-01 8.9899322e-06 6.4396565e-03 1.4130361e-05 3.0812545e-05
 8.1029214e-04 7.7449852e-01]",[9.97213900e-01 1.15504445e-04 9.80201512e-05 2.57259235e-03],[9.9977213e-01 2.2788122e-04],"[1.4232999e-06 1.7090347e-03 2.9517543e-01 6.6835904e-01 3.3840805e-02
 9.0826477e-04 5.8669098e-06 1.3049772e-07 3.0814353e-09]"
D:\Uni\Ulm\Master\Hiwi-Forschung-und-Lehre\FairFace\detected_faces\1468580_face0.jpg,White,White,Male,20-29,"[9.9837750e-01 4.5736863e-07 1.4200984e-04 7.1374220e-06 4.9451983e-06
 1.8859562e-05 1.4489825e-03]",[9.9473649e-01 1.5696298e-04 2.6533429e-03 2.4531863e-03],[9.999992e-01 7.516484e-07],"[1.4477804e-08 1.9858518e-05 1.9629624e-01 7.9384297e-01 9.7321263e-03
 1.0826577e-04 4.7557037e-07 1.0282193e-08 2.1748789e-10]"
D:\Uni\Ulm\Master\Hiwi-Forschung-und-Lehre\FairFace\detected_faces\1469341_face0.jpg,White,White,Male,20-29,"[7.4035150e-01 1.4301274e-03 2.8472692e-02 2.6412579e-04 4.6229898e-04
 3.3643501e-04 2.2868280e-01]",[0.95993584 0.02669318 0.0102806  0.00309041],[9.9999964e-01 3.7345856e-07],"[2.9837895e-06 3.3262726e-03 3.2255375e-01 6.1613113e-01 5.6356695e-02
 1.6200860e-03 8.9497435e-06 1.6645369e-07 2.8143050e-09]"
D:\Uni\Ulm\Master\Hiwi-Forschung-und-Lehre\FairFace\detected_faces\1469468_face0.jpg,White,White,Male,10-19,"[7.1626747e-01 1.6874926e-04 4.3478645e-03 1.4334359e-03 5.0530382e-03
 6.6324900e-04 2.7206621e-01]",[0.96788114 0.00977908 0.01424144 0.00809831],[1.000000e+00 4.254851e-08],"[6.9224677e-07 4.5567565e-03 9.2169231e-01 6.7649871e-02 4.9330029e-03
 1.1116270e-03 5.0317380e-05 5.3911435e-06 5.5070668e-08]"
D:\Uni\Ulm\Master\Hiwi-Forschung-und-Lehre\FairFace\detected_faces\1470063_face0.jpg,White,White,Male,10-19,"[8.8125527e-01 1.6838612e-05 1.8641979e-02 9.4706320e-06 4.4714048e-05
 1.8764241e-04 9.9844180e-02]",[9.9474150e-01 7.0695608e-04 1.3909534e-03 3.1605805e-03],[9.999994e-01 6.202645e-07],"[4.6469889e-08 1.6234026e-03 9.2976910e-01 6.7981914e-02 6.1121583e-04
 1.4302767e-05 3.9460268e-08 1.1907381e-09 1.6973046e-11]"
D:\Uni\Ulm\Master\Hiwi-Forschung-und-Lehre\FairFace\detected_faces\1470379_face0.jpg,White,White,Female,20-29,"[8.2255358e-01 2.3322211e-05 7.5418979e-02 1.6187590e-04 3.7306742e-04
 4.7129914e-03 9.6756160e-02]",[9.8490083e-01 7.1131064e-05 9.8971208e-04 1.4038342e-02],[0.24657415 0.75342584],"[2.7664916e-07 2.4306666e-04 1.6315851e-01 7.4569708e-01 8.8815123e-02
 2.0771197e-03 8.6552163e-06 1.6987552e-07 8.4624450e-09]"
D:\Uni\Ulm\Master\Hiwi-Forschung-und-Lehre\FairFace\detected_faces\1470532_face0.jpg,Black,Black,Male,20-29,"[8.7156055e-05 9.9810183e-01 1.6115376e-03 4.9214191e-07 1.0303727e-05
 1.8006934e-04 8.6134087e-06]",[1.3108337e-05 9.9987054e-01 1.8471388e-05 9.7925156e-05],[0.9988093  0.00119072],"[8.5050419e-07 1.7701762e-04 3.2747727e-02 7.4813771e-01 2.0715022e-01
 1.1564696e-02 2.1671761e-04 4.8296920e-06 1.8417822e-07]"
D:\Uni\Ulm\Master\Hiwi-Forschung-und-Lehre\FairFace\detected_faces\1470881_face0.jpg,White,White,Male,20-29,"[9.6715605e-01 1.3547381e-05 9.7008850e-03 2.4685849e-05 3.9923962e-05
 9.9714189e-06 2.3054872e-02]",[9.9899715e-01 3.6787853e-05 8.9299172e-04 7.3110525e-05],[9.9999917e-01 8.6969573e-07],"[2.9419251e-08 8.5629572e-06 3.5276543e-02 8.5591948e-01 1.0498607e-01
 3.7701880e-03 3.8801882e-05 3.1784219e-07 3.0631717e-09]"
D:\Uni\Ulm\Master\Hiwi-Forschung-und-Lehre\FairFace\detected_faces\1471046_face0.jpg,White,White,Male,20-29,"[7.6887274e-01 4.7329822e-04 2.0044900e-01 2.7378381e-04 5.4306665e-04
 3.4000023e-04 2.9047996e-02]",[0.99221426 0.00299462 0.00367547 0.00111566],[9.9999869e-01 1.3069022e-06],"[1.37841835e-06 9.62873091e-05 6.61690831e-02 7.18593895e-01
 1.90741450e-01 2.36897934e-02 6.94250281e-04 1.36466015e-05
 1.17229021e-07]"
D:\Uni\Ulm\Master\Hiwi-Forschung-und-Lehre\FairFace\detected_faces\1471513_face0.jpg,White,White,Male,10-19,"[6.2812769e-01 3.5800506e-06 2.3763545e-02 8.7615845e-05 1.4016662e-04
 9.8271579e-05 3.4777910e-01]",[9.9875766e-01 1.0126181e-05 9.9044177e-04 2.4184302e-04],[9.999546e-01 4.541198e-05],"[7.4655581e-08 3.7880306e-04 8.9523888e-01 1.0333374e-01 1.0309058e-03
 1.7473756e-05 6.3447402e-08 2.7539173e-09 7.4820039e-11]"
D:\Uni\Ulm\Master\Hiwi-Forschung-und-Lehre\FairFace\detected_faces\1471569_face0.jpg,Black,Black,Male,20-29,"[3.6340180e-07 9.9993855e-01 1.5063022e-05 5.4397468e-08 1.4811436e-06
 4.3122945e-05 1.4272695e-06]",[3.8188634e-07 9.9998152e-01 1.5117746e-05 2.9542814e-06],[9.9999493e-01 5.0280719e-06],"[1.0033984e-07 4.6221914e-05 3.5503015e-02 8.2752371e-01 1.2812737e-01
 8.6856447e-03 1.1142437e-04 2.4561657e-06 9.2383992e-08]"
D:\Uni\Ulm\Master\Hiwi-Forschung-und-Lehre\FairFace\detected_faces\1471588_face0.jpg,Black,Black,Male,20-29,"[2.1157216e-04 9.3630356e-01 8.1445565e-03 2.6340012e-05 6.8165746e-04
 5.3078629e-02 1.5537038e-03]",[5.0443283e-04 8.4516484e-01 1.0991223e-03 1.5323155e-01],[9.990013e-01 9.986762e-04],"[2.2451832e-07 1.0733048e-04 1.5330268e-01 7.7622747e-01 6.8496205e-02
 1.8444373e-03 2.0891905e-05 7.5552617e-07 3.2841008e-08]"
D:\Uni\Ulm\Master\Hiwi-Forschung-und-Lehre\FairFace\detected_faces\1472205_face0.jpg,Middle Eastern,White,Male,10-19,"[2.2257294e-01 4.0903193e-05 2.1008972e-02 4.8975274e-04 7.1716652e-04
 2.1835940e-03 7.5298667e-01]",[9.79908168e-01 4.84900258e-04 6.04226533e-03 1.35646565e-02],[9.9999326e-01 6.7208721e-06],"[7.57362045e-07 2.60848831e-03 7.48318076e-01 2.43925929e-01
 5.02689742e-03 1.19361546e-04 3.66058117e-07 1.16899210e-08
 1.63970115e-10]"
D:\Uni\Ulm\Master\Hiwi-Forschung-und-Lehre\FairFace\detected_faces\1472808_face0.jpg,White,White,Male,20-29,"[7.4139380e-01 2.2722140e-03 8.8116296e-02 1.3490161e-05 1.2248075e-04
 2.1998938e-03 1.6588184e-01]",[9.6457118e-01 1.3022185e-02 1.5068732e-04 2.2255924e-02],[9.9999964e-01 3.9495805e-07],"[5.4044172e-08 1.0887435e-04 1.1732689e-01 8.6302173e-01 1.9414073e-02
 1.2802985e-04 2.4455761e-07 6.2260748e-09 1.0596274e-10]"
D:\Uni\Ulm\Master\Hiwi-Forschung-und-Lehre\FairFace\detected_faces\1472930_face0.jpg,Middle Eastern,Indian,Male,20-29,"[0.22117774 0.00131402 0.22898187 0.00088364 0.00384099 0.15243445
 0.3913673 ]",[0.28660056 0.00997786 0.01079947 0.6926221 ],[9.999959e-01 4.156324e-06],"[1.0355573e-06 1.1409498e-03 2.2685438e-01 7.2322053e-01 4.7890440e-02
 8.8759320e-04 4.9458454e-06 1.2083459e-07 2.1545348e-09]"
D:\Uni\Ulm\Master\Hiwi-Forschung-und-Lehre\FairFace\detected_faces\1472931_face0.jpg,White,White,Male,20-29,"[5.3546959e-01 2.0416785e-05 1.0158075e-02 1.9820598e-03 1.5473550e-03
 1.6533014e-03 4.4916919e-01]",[9.5771450e-01 4.2544145e-04 3.4594685e-02 7.2653457e-03],[9.9990445e-01 9.5518000e-05],"[4.0001115e-07 3.3336252e-04 3.2483655e-01 6.5651655e-01 1.7905392e-02
 4.0296110e-04 4.5990600e-06 2.1690417e-07 1.0087678e-08]"
D:\Uni\Ulm\Master\Hiwi-Forschung-und-Lehre\FairFace\detected_faces\1472937_face0.jpg,White,White,Male,10-19,"[9.9989009e-01 1.3980210e-06 4.7291185e-05 4.5771230e-06 7.8965122e-06
 8.9938646e-07 4.7878730e-05]",[9.9962634e-01 3.4034595e-06 3.6263344e-04 7.6027904e-06],[9.9998927e-01 1.0702669e-05],"[2.3797644e-05 1.5653534e-02 4.6195337e-01 4.1197681e-01 9.9581525e-02
 1.0461001e-02 3.4343314e-04 6.0053094e-06 4.9799650e-07]"
D:\Uni\Ulm\Master\Hiwi-Forschung-und-Lehre\FairFace\detected_faces\1472963_face0.jpg,Middle Eastern,White,Male,20-29,"[3.5475308e-01 1.9320707e-06 9.5647800e-04 9.2814516e-06 9.7574821e-06
 4.1850708e-05 6.4422762e-01]",[9.9988765e-01 4.2242260e-05 2.0935862e-05 4.9218797e-05],[9.9999785e-01 2.1410713e-06],"[9.3618355e-06 3.5797621e-03 3.1811336e-01 6.2814128e-01 4.8089791e-02
 2.0545246e-03 1.1639626e-05 3.0811657e-07 7.1165447e-09]"
D:\Uni\Ulm\Master\Hiwi-Forschung-und-Lehre\FairFace\detected_faces\1473091_face0.jpg,White,White,Male,20-29,"[9.5286649e-01 3.4145562e-06 2.1000227e-03 2.5206469e-05 2.8426219e-05
 1.0559716e-04 4.4870730e-02]",[9.9976218e-01 8.3168579e-06 1.3351631e-04 9.6034644e-05],[9.999904e-01 9.607045e-06],"[7.4162273e-08 3.2915334e-06 1.9811287e-03 6.6275072e-01 3.3210093e-01
 3.1574836e-03 6.3550824e-06 3.9037708e-08 8.8963403e-10]"
D:\Uni\Ulm\Master\Hiwi-Forschung-und-Lehre\FairFace\detected_faces\1473137_face0.jpg,White,White,Male,10-19,"[9.9224710e-01 6.0724465e-06 5.2299723e-03 1.0732414e-04 3.7307109e-04
 6.8096175e-05 1.9684602e-03]",[9.9981260e-01 1.7702261e-05 7.8841709e-05 9.0843023e-05],[9.9999017e-01 9.8490445e-06],"[4.9002669e-08 7.2269922e-04 9.0170169e-01 9.5810145e-02 1.6895696e-03
 7.5172960e-05 6.0378420e-07 2.0504546e-08 6.1710087e-10]"
D:\Uni\Ulm\Master\Hiwi-Forschung-und-Lehre\FairFace\detected_faces\1473159_face0.jpg,Middle Eastern,White,Male,20-29,"[5.4619260e-02 6.4457459e-03 1.7488042e-01 2.9560211e-04 1.4047284e-03
 9.0299375e-02 6.7205483e-01]",[0.5119023  0.03465285 0.02240645 0.43103844],[9.9995428e-01 4.5710454e-05],"[2.4802279e-07 2.2089863e-04 1.3321014e-01 8.3586901e-01 3.0472288e-02
 2.2650769e-04 8.4025459e-07 1.0058559e-07 1.8156189e-09]"
D:\Uni\Ulm\Master\Hiwi-Forschung-und-Lehre\FairFace\detected_faces\1473201_face0.jpg,Latino_Hispanic,Black,Male,20-29,"[1.4904542e-02 4.2839389e-02 9.2745996e-01 3.2270962e-04 4.5583635e-03
 4.5699691e-03 5.3451457e-03]",[0.03638013 0.8490052  0.07263271 0.04198187],[9.9999481e-01 5.2263345e-06],"[5.9578866e-07 1.5084741e-04 1.7954405e-01 7.6252079e-01 5.5746529e-02
 2.0169187e-03 1.9763040e-05 4.6538020e-07 6.4382646e-09]"
D:\Uni\Ulm\Master\Hiwi-Forschung-und-Lehre\FairFace\detected_faces\1473408_face0.jpg,White,White,Male,20-29,"[9.9657941e-01 1.0200183e-06 1.4667496e-03 1.5383555e-05 1.4622983e-05
 4.2144675e-06 1.9186439e-03]",[9.9991935e-01 7.1848717e-06 7.1197115e-05 2.1987651e-06],[9.9992174e-01 7.8283701e-05],"[1.3406296e-06 3.7975379e-04 1.8256339e-01 5.6668413e-01 2.1521875e-01
 3.4570158e-02 5.7541474e-04 6.9363928e-06 9.8477102e-08]"
D:\Uni\Ulm\Master\Hiwi-Forschung-und-Lehre\FairFace\detected_faces\1474296_face0.jpg,White,White,Male,20-29,"[9.2377430e-01 4.1387809e-04 6.7551151e-02 7.5403841e-05 2.7073070e-04
 5.6223414e-04 7.3522646e-03]",[9.9422193e-01 3.0798980e-03 3.4020355e-04 2.3579074e-03],[9.9999911e-01 8.7258314e-07],"[1.8544556e-09 1.7864052e-06 5.0083827e-02 9.3010068e-01 1.9609138e-02
 2.0374243e-04 7.8665045e-07 1.4901132e-08 3.2658964e-10]"
D:\Uni\Ulm\Master\Hiwi-Forschung-und-Lehre\FairFace\detected_faces\1474711_face0.jpg,White,White,Male,20-29,"[7.4419540e-01 8.9769665e-06 3.0752467e-02 4.2435258e-05 9.2442075e-05
 3.4069319e-03 2.2150137e-01]",[9.9633253e-01 2.5021989e-05 1.3190384e-04 3.5105534e-03],[9.9999946e-01 6.0064764e-07],"[8.8970884e-09 1.4526814e-05 1.0855488e-01 8.7609625e-01 1.5264554e-02
 6.9680580e-05 8.5202842e-08 1.3989512e-09 1.8708129e-11]"
D:\Uni\Ulm\Master\Hiwi-Forschung-und-Lehre\FairFace\detected_faces\1474846_face0.jpg,Black,Black,Male,20-29,"[1.8579256e-06 9.9986917e-01 8.9290967e-05 1.2843849e-07 3.1683696e-06
 3.2900880e-05 3.5116918e-06]",[2.5006605e-06 9.9995697e-01 8.8654651e-06 3.1652926e-05],[9.9999654e-01 3.4688317e-06],"[3.3849549e-08 2.4367816e-06 1.3008467e-02 8.1608707e-01 1.6364129e-01
 7.1838219e-03 7.5763273e-05 1.1560877e-06 3.8665728e-08]"
D:\Uni\Ulm\Master\Hiwi-Forschung-und-Lehre\FairFace\detected_faces\1475013_face0.jpg,White,White,Male,10-19,"[9.9977392e-01 1.6135867e-07 3.4898861e-05 2.5910742e-06 1.5538668e-06
 2.2342979e-07 1.8671970e-04]",[9.9999797e-01 5.2606165e-08 1.7977859e-06 8.6808249e-08],[9.999356e-01 6.433138e-05],"[2.8873751e-06 5.3445338e-03 7.9566300e-01 1.8157032e-01 1.5941830e-02
 1.4585931e-03 1.8496436e-05 3.0946552e-07 1.2228409e-08]"
D:\Uni\Ulm\Master\Hiwi-Forschung-und-Lehre\FairFace\detected_faces\1476772_face0.jpg,White,White,Male,20-29,"[9.9885756e-01 9.7462794e-07 1.8684215e-04 1.4324808e-05 1.1380787e-05
 1.2946296e-06 9.2756044e-04]",[9.9975652e-01 1.5098796e-05 1.9200852e-04 3.6414574e-05],[9.9999988e-01 5.8820227e-08],"[1.4956127e-08 9.8679293e-06 8.6179480e-02 8.8863099e-01 2.4693340e-02
 4.8273336e-04 3.5658259e-06 5.6131789e-08 6.1429450e-10]"
D:\Uni\Ulm\Master\Hiwi-Forschung-und-Lehre\FairFace\detected_faces\1477017_face0.jpg,White,White,Male,20-29,"[9.7384828e-01 5.9100935e-06 1.9744812e-03 6.8553803e-05 5.2547468e-05
 6.0615321e-06 2.4044160e-02]",[9.9354482e-01 1.4442284e-04 6.2980554e-03 1.2685341e-05],[9.9999744e-01 2.5370248e-06],"[7.4153027e-06 2.7266450e-03 2.2965978e-01 6.3669842e-01 1.2553476e-01
 5.3064809e-03 6.5623841e-05 9.2614550e-07 1.4558978e-08]"
D:\Uni\Ulm\Master\Hiwi-Forschung-und-Lehre\FairFace\detected_faces\1477041_face0.jpg,Middle Eastern,White,Male,10-19,"[3.4768599e-01 6.9207679e-05 2.5784912e-02 1.9225448e-03 1.3384327e-03
 2.2251899e-03 6.2097377e-01]",[9.8671526e-01 1.0729056e-04 1.4954167e-03 1.1682000e-02],[0.9973605  0.00263943],"[1.7056331e-05 1.4713515e-01 8.3906871e-01 1.3515834e-02 2.4893755e-04
 1.4204314e-05 1.4119952e-07 1.7384998e-08 1.3164155e-09]"
D:\Uni\Ulm\Master\Hiwi-Forschung-und-Lehre\FairFace\detected_faces\1477340_face0.jpg,Middle Eastern,Black,Male,10-19,"[4.4983543e-02 3.4882212e-03 1.6517109e-01 9.3640323e-05 5.5926706e-04
 1.3562542e-03 7.8434795e-01]",[0.11714941 0.7737749  0.00609216 0.10298359],[9.9917811e-01 8.2188175e-04],"[1.4991579e-07 6.5261457e-04 8.5657078e-01 1.3743547e-01 5.1749377e-03
 1.6302825e-04 2.8321435e-06 2.5302091e-07 7.2433615e-09]"
D:\Uni\Ulm\Master\Hiwi-Forschung-und-Lehre\FairFace\detected_faces\1478892_face0.jpg,Middle Eastern,White,Male,10-19,"[3.5913691e-01 2.6143450e-04 5.3464439e-02 2.9419377e-04 2.2172213e-03
 3.5054507e-03 5.8112031e-01]",[0.8074867  0.00893569 0.00719684 0.17638072],[9.999992e-01 7.628363e-07],"[5.6436136e-08 1.5984016e-03 9.2869592e-01 6.9119625e-02 5.7345181e-04
 1.2479459e-05 6.2446773e-08 3.0911287e-09 5.0736550e-11]"
D:\Uni\Ulm\Master\Hiwi-Forschung-und-Lehre\FairFace\detected_faces\1479018_face0.jpg,White,White,Male,10-19,"[9.9542320e-01 3.7670729e-06 9.3612314e-04 1.5898193e-05 4.3865162e-05
 9.7498332e-06 3.5673708e-03]",[9.9873143e-01 7.5836468e-04 3.7774164e-04 1.3248585e-04],[9.9999666e-01 3.3026674e-06],"[1.5802894e-06 6.6035721e-03 7.7975124e-01 1.9570172e-01 1.6798712e-02
 1.1345397e-03 8.3207897e-06 2.6882230e-07 6.7499664e-09]"
D:\Uni\Ulm\Master\Hiwi-Forschung-und-Lehre\FairFace\detected_faces\1481356_face0.jpg,White,White,Male,20-29,"[9.9998271e-01 1.2684780e-09 1.0215306e-06 4.6038160e-08 5.2092997e-08
 1.5433393e-08 1.6137365e-05]",[9.999838e-01 4.574848e-07 6.880339e-06 8.902393e-06],[9.999930e-01 7.014442e-06],"[6.8780373e-08 4.7863221e-05 2.4165392e-01 7.3332626e-01 2.3672547e-02
 1.2920665e-03 7.2084658e-06 9.9455576e-08 2.7239093e-09]"
D:\Uni\Ulm\Master\Hiwi-Forschung-und-Lehre\FairFace\detected_faces\1481688_face0.jpg,White,White,Male,20-29,"[9.99923527e-01 1.83197116e-07 1.89067523e-05 7.25132736e-07
 1.53607141e-06 1.04947475e-07 5.49644501e-05]",[9.9992007e-01 3.6018231e-05 3.5099678e-05 8.8229108e-06],[9.998309e-01 1.691321e-04],"[1.1365731e-07 1.3702476e-04 1.7214742e-01 7.9261458e-01 3.4263939e-02
 8.3178253e-04 5.0716394e-06 6.6463727e-08 4.0205226e-09]"
D:\Uni\Ulm\Master\Hiwi-Forschung-und-Lehre\FairFace\detected_faces\1481752_face0.jpg,White,White,Male,10-19,"[9.9843466e-01 7.9688419e-07 1.8147685e-04 3.6070774e-06 2.0901784e-06
 1.3742798e-06 1.3759993e-03]",[9.9994344e-01 1.6379407e-05 3.3010740e-05 7.2217540e-06],[9.999926e-01 7.402387e-06],"[4.7647513e-06 8.6455364e-03 6.9166762e-01 2.8836417e-01 1.1061629e-02
 2.5443087e-04 1.7990243e-06 5.2683681e-08 2.5703646e-09]"
D:\Uni\Ulm\Master\Hiwi-Forschung-und-Lehre\FairFace\detected_faces\1481918_face0.jpg,Black,Black,Male,20-29,"[6.7172027e-07 9.9997836e-01 1.0123792e-05 7.2863826e-09 1.8835199e-07
 9.7393731e-06 1.0090458e-06]",[5.0133497e-07 9.9999595e-01 7.1392139e-07 2.7815154e-06],[9.9992537e-01 7.4642696e-05],"[3.2999363e-08 1.0172450e-04 1.1198684e-01 8.3271408e-01 5.4575499e-02
 6.1962858e-04 2.1711435e-06 2.3507214e-08 1.1542705e-09]"
D:\Uni\Ulm\Master\Hiwi-Forschung-und-Lehre\FairFace\detected_faces\1481943_face0.jpg,White,White,Male,20-29,"[9.9917841e-01 3.2577855e-06 7.1233146e-05 3.5643254e-06 9.7857228e-06
 1.8606481e-07 7.3364715e-04]",[9.9966222e-01 2.7812232e-04 5.6339628e-05 3.3501706e-06],[9.9986559e-01 1.3440508e-04],"[1.8654136e-08 3.1043877e-05 2.1504873e-01 7.7104396e-01 1.3575562e-02
 2.9808481e-04 2.5017389e-06 7.9234304e-08 2.6543723e-09]"
D:\Uni\Ulm\Master\Hiwi-Forschung-und-Lehre\FairFace\detected_faces\1482305_face0.jpg,Middle Eastern,White,Male,20-29,"[3.4586748e-01 2.4923991e-04 2.9128292e-01 5.1829495e-05 2.5505599e-04
 1.8942171e-03 3.6039919e-01]",[0.9504227  0.0062965  0.00628046 0.03700031],[1.0000000e+00 1.2726582e-08],"[1.14248859e-08 1.64771118e-05 6.65556490e-02 9.14115727e-01
 1.92082282e-02 1.03808175e-04 1.07240062e-07 1.50130386e-09
 1.07841453e-11]"
D:\Uni\Ulm\Master\Hiwi-Forschung-und-Lehre\FairFace\detected_faces\1482456_face0.jpg,Black,Black,Male,20-29,"[4.9920351e-04 4.3303797e-01 4.6684094e-02 5.1734238e-03 8.2715712e-02
 4.3154237e-01 3.4719487e-04]",[5.84553563e-05 8.55239213e-01 3.76014747e-02 1.07100844e-01],[0.8415966  0.15840338],"[4.7614409e-05 9.6736494e-03 2.5203183e-01 6.0940295e-01 1.1849457e-01
 1.0062223e-02 2.7379589e-04 1.2797614e-05 5.9272992e-07]"
D:\Uni\Ulm\Master\Hiwi-Forschung-und-Lehre\FairFace\detected_faces\1482508_face0.jpg,White,White,Male,10-19,"[9.6353585e-01 7.8852486e-04 1.0619844e-02 6.4069391e-05 4.6198181e-04
 1.1226115e-03 2.3407076e-02]",[0.98771936 0.00757747 0.00117244 0.00353073],[0.9872021  0.01279791],"[2.7286872e-06 4.4121929e-02 8.6102927e-01 8.4639013e-02 9.3154414e-03
 8.7158591e-04 1.8777482e-05 1.2036548e-06 6.6453019e-08]"
D:\Uni\Ulm\Master\Hiwi-Forschung-und-Lehre\FairFace\detected_faces\1482553_face0.jpg,Middle Eastern,White,Male,10-19,"[1.4311017e-01 9.7199320e-04 2.7621597e-01 4.1021535e-04 1.1123434e-03
 9.0355793e-04 5.7727563e-01]",[0.5517147  0.12137036 0.11788598 0.2090289 ],[9.9999827e-01 1.7361675e-06],"[2.7627459e-07 7.9628499e-04 7.3300403e-01 2.5901514e-01 6.9956351e-03
 1.8748379e-04 1.1072299e-06 3.6656346e-08 5.2663551e-10]"
D:\Uni\Ulm\Master\Hiwi-Forschung-und-Lehre\FairFace\detected_faces\1484339_face0.jpg,White,White,Male,10-19,"[0.58323044 0.00085974 0.15532935 0.01792571 0.04468493 0.00646992
 0.1915    ]",[0.96971333 0.00439612 0.02268885 0.00320173],[9.999353e-01 6.465174e-05],"[6.6901393e-06 9.7261993e-03 9.4182938e-01 4.4281401e-02 3.6033548e-03
 5.1932619e-04 2.7581147e-05 5.7260172e-06 3.3107929e-07]"
D:\Uni\Ulm\Master\Hiwi-Forschung-und-Lehre\FairFace\detected_faces\1484648_face0.jpg,Middle Eastern,White,Male,20-29,"[9.2423096e-02 6.7616780e-03 1.1164201e-01 3.6331781e-05 2.5083765e-04
 3.8383409e-04 7.8850222e-01]",[0.59574383 0.36835796 0.00768844 0.02820984],[9.9999994e-01 3.1681665e-08],"[1.2991813e-08 2.0343086e-05 6.4246416e-02 9.0886569e-01 2.6743092e-02
 1.2422772e-04 2.3706608e-07 5.5613465e-09 7.1836689e-11]"
D:\Uni\Ulm\Master\Hiwi-Forschung-und-Lehre\FairFace\detected_faces\1484652_face0.jpg,White,White,Male,20-29,"[7.83384860e-01 3.82466351e-05 4.08053547e-02 9.68873501e-05
 2.26988603e-04 1.15936244e-04 1.75331742e-01]",[9.9963462e-01 6.0330905e-05 2.1587632e-04 8.9213077e-05],[1.0000000e+00 1.2306308e-08],"[9.9760058e-09 9.3300892e-05 4.7399715e-01 5.2324486e-01 2.6561464e-03
 8.5525671e-06 1.1503171e-08 2.2004271e-10 1.6642786e-12]"
D:\Uni\Ulm\Master\Hiwi-Forschung-und-Lehre\FairFace\detected_faces\1484959_face0.jpg,White,White,Male,20-29,"[3.7239093e-01 2.2697668e-03 3.6362606e-01 3.0575422e-04 9.9777896e-04
 7.9066409e-03 2.5250307e-01]",[0.97074056 0.01192414 0.00875453 0.00858076],[9.9999708e-01 2.8847628e-06],"[3.2480648e-07 1.4039477e-05 1.8472401e-03 7.5287336e-01 2.4293073e-01
 2.3298431e-03 4.4151693e-06 5.5412674e-08 1.0701209e-09]"
D:\Uni\Ulm\Master\Hiwi-Forschung-und-Lehre\FairFace\detected_faces\1485040_face0.jpg,Middle Eastern,White,Male,20-29,"[2.4458891e-02 2.9354156e-05 3.1245735e-03 1.1516005e-06 6.2186309e-06
 9.4189274e-04 9.7143793e-01]",[0.5953103  0.00098715 0.00106081 0.4026417 ],[1.000000e+00 8.613051e-09],"[2.8759095e-07 4.0045462e-04 3.1845402e-02 9.2465609e-01 4.2825188e-02
 2.7233182e-04 3.4484069e-07 4.4689665e-09 3.7232582e-11]"
D:\Uni\Ulm\Master\Hiwi-Forschung-und-Lehre\FairFace\detected_faces\1485371_face0.jpg,Latino_Hispanic,Black,Male,20-29,"[0.05127588 0.05217414 0.8429662  0.00175086 0.01624967 0.01721304
 0.01837027]",[0.05065277 0.5157851  0.28493613 0.14862601],[9.9993902e-01 6.1002218e-05],"[1.8439206e-07 6.1228656e-04 4.8316425e-01 5.0963664e-01 6.4926730e-03
 9.3035305e-05 8.9585632e-07 5.4398278e-08 1.3660475e-09]"
D:\Uni\Ulm\Master\Hiwi-Forschung-und-Lehre\FairFace\detected_faces\1486039_face0.jpg,White,White,Male,10-19,"[6.8655217e-01 3.2810185e-06 5.0783338e-04 2.4651305e-04 1.3941240e-04
 1.7122326e-05 3.1253365e-01]",[9.994046e-01 6.233639e-05 5.257094e-04 7.320511e-06],[9.9990034e-01 9.9665194e-05],"[2.7952613e-06 1.2236582e-02 8.6785972e-01 1.1642983e-01 3.3796139e-03
 9.1006528e-05 4.4340422e-07 2.1695255e-08 7.3127698e-10]"
D:\Uni\Ulm\Master\Hiwi-Forschung-und-Lehre\FairFace\detected_faces\1486782_face0.jpg,Indian,Indian,Male,20-29,"[8.1667036e-02 2.1108317e-03 3.6376929e-01 1.8604598e-05 2.3308671e-04
 3.8483894e-01 1.6736218e-01]",[1.0613649e-01 4.4852914e-03 3.8361724e-04 8.8899457e-01],[9.9999946e-01 5.7663487e-07],"[6.8216529e-08 3.7966358e-05 1.0456640e-02 9.0984023e-01 7.9325445e-02
 3.3947983e-04 2.8267658e-07 5.7425429e-09 8.0752773e-11]"
D:\Uni\Ulm\Master\Hiwi-Forschung-und-Lehre\FairFace\detected_faces\1486787_face0.jpg,White,White,Male,20-29,"[5.9653473e-01 6.4213782e-05 2.7811976e-02 1.7913176e-04 3.6607892e-04
 5.7003961e-04 3.7447393e-01]",[9.9807286e-01 6.6249326e-05 7.1288651e-04 1.1479589e-03],[9.9999833e-01 1.7065248e-06],"[2.29975194e-06 5.91465359e-05 2.48088837e-02 4.83116955e-01
 3.81507337e-01 1.00178316e-01 9.69813578e-03 6.16370700e-04
 1.25081688e-05]"
D:\Uni\Ulm\Master\Hiwi-Forschung-und-Lehre\FairFace\detected_faces\1487110_face0.jpg,Middle Eastern,White,Male,20-29,"[2.1541689e-01 8.2013743e-05 2.1272779e-01 1.5947853e-03 2.0041345e-03
 1.1882992e-02 5.5629140e-01]",[8.6962366e-01 6.6787866e-04 1.5835790e-02 1.1387260e-01],[9.9998945e-01 1.0577641e-05],"[2.98213195e-07 1.86022124e-04 3.36413682e-02 9.27665532e-01
 3.83362509e-02 1.70227009e-04 2.22869659e-07 6.11234707e-09
 1.16038304e-10]"
D:\Uni\Ulm\Master\Hiwi-Forschung-und-Lehre\FairFace\detected_faces\1487127_face0.jpg,White,White,Male,20-29,"[8.9579022e-01 4.9490307e-05 2.9893108e-03 3.6371028e-04 2.7835899e-04
 5.2110280e-04 1.0000780e-01]",[9.9976295e-01 1.9818312e-06 5.4959146e-05 1.8006824e-04],[0.97486055 0.02513951],"[2.0941593e-06 3.5008686e-04 1.2775411e-01 7.1397859e-01 1.2337475e-01
 2.8571773e-02 5.0397399e-03 8.4240950e-04 8.6542292e-05]"
D:\Uni\Ulm\Master\Hiwi-Forschung-und-Lehre\FairFace\detected_faces\1487196_face0.jpg,Middle Eastern,White,Male,20-29,"[8.6574972e-02 1.9497613e-05 9.4758905e-03 3.8940496e-05 1.3774526e-04
 3.4112082e-04 9.0341181e-01]",[9.9903190e-01 1.6343140e-04 9.1532042e-05 7.1307155e-04],[9.9999493e-01 5.0835379e-06],"[3.7014779e-08 4.1320032e-05 1.2700559e-01 8.2611877e-01 4.6155173e-02
 6.7684747e-04 2.1911414e-06 3.5352407e-08 5.1356869e-10]"
D:\Uni\Ulm\Master\Hiwi-Forschung-und-Lehre\FairFace\detected_faces\1488334_face0.jpg,Black,Black,Male,20-29,"[2.4900146e-06 9.9911630e-01 5.7795831e-05 4.6316555e-07 1.3562074e-05
 8.0793031e-04 1.4061393e-06]",[3.5626874e-06 9.9989879e-01 7.0436163e-06 9.0660971e-05],[9.9923688e-01 7.6306757e-04],"[1.7426289e-07 2.4560362e-04 7.3195845e-02 8.0937999e-01 1.1429391e-01
 2.8562350e-03 2.7919848e-05 2.5570080e-07 1.0592006e-08]"
D:\Uni\Ulm\Master\Hiwi-Forschung-und-Lehre\FairFace\detected_faces\1488390_face0.jpg,White,White,Male,20-29,"[9.8758113e-01 1.3981631e-06 3.7470387e-04 1.0770251e-04 9.2955277e-05
 4.6386594e-06 1.1837420e-02]",[9.9887156e-01 4.6060732e-06 1.1131188e-03 1.0701263e-05],[9.9999994e-01 3.8063533e-08],"[9.0220649e-09 1.0137906e-05 2.5845131e-01 7.3105836e-01 1.0258407e-02
 2.1953216e-04 2.1033422e-06 7.7552983e-08 8.4356144e-10]"
D:\Uni\Ulm\Master\Hiwi-Forschung-und-Lehre\FairFace\detected_faces\1488668_face0.jpg,Black,Black,Male,20-29,"[3.1215681e-05 9.9984741e-01 5.5735392e-05 5.5575509e-07 4.0774021e-06
 4.6121728e-05 1.4869167e-05]",[3.311470e-06 9.999150e-01 5.003523e-06 7.663339e-05],[0.99781173 0.00218827],"[7.4296446e-07 6.7600032e-04 8.1615925e-02 6.1697811e-01 2.7841327e-01
 2.1757180e-02 5.4317183e-04 1.4708229e-05 8.8190512e-07]"
D:\Uni\Ulm\Master\Hiwi-Forschung-und-Lehre\FairFace\detected_faces\1489202_face0.jpg,Black,Black,Male,20-29,"[7.12576613e-04 8.52958918e-01 1.04218714e-01 3.81433434e-04
 3.65064219e-02 4.22748458e-03 9.94519796e-04]",[3.26792739e-04 9.80045021e-01 9.00637731e-03 1.06217805e-02],[9.9998862e-01 1.1366209e-05],"[4.3301725e-07 6.8486662e-04 4.7181794e-01 5.1192939e-01 1.5142832e-02
 4.1954246e-04 4.8827865e-06 1.2777379e-07 3.6163592e-09]"
D:\Uni\Ulm\Master\Hiwi-Forschung-und-Lehre\FairFace\detected_faces\1489217_face0.jpg,White,White,Male,20-29,"[9.9885994e-01 4.5417742e-08 7.3645820e-06 4.2828518e-08 5.5410133e-08
 1.4138419e-07 1.1325583e-03]",[9.9999154e-01 3.6220247e-06 1.3653537e-06 3.5037749e-06],[9.9999833e-01 1.6396245e-06],"[1.1912448e-06 2.8151189e-04 6.3011743e-02 8.4993166e-01 8.5253812e-02
 1.5161141e-03 3.9198599e-06 4.2100627e-08 7.8482804e-10]"
D:\Uni\Ulm\Master\Hiwi-Forschung-und-Lehre\FairFace\detected_faces\1489420_face0.jpg,White,White,Male,20-29,"[9.8377270e-01 3.4279652e-05 5.2689435e-03 2.1643077e-06 7.2067128e-06
 2.2164750e-05 1.0892652e-02]",[9.98667419e-01 1.21112540e-03 1.60268173e-05 1.05369625e-04],[9.9999422e-01 5.7543843e-06],"[5.2912192e-06 4.6090381e-03 3.6259714e-01 5.7885277e-01 5.1431574e-02
 2.4867316e-03 1.7089191e-05 3.8587058e-07 7.4869551e-09]"
D:\Uni\Ulm\Master\Hiwi-Forschung-und-Lehre\FairFace\detected_faces\1489578_face0.jpg,White,White,Male,20-29,"[9.1570675e-01 7.6220412e-04 1.7270535e-02 2.0799080e-03 6.9568172e-04
 6.5614627e-04 6.2828809e-02]",[9.9479204e-01 1.9508140e-03 2.8165802e-03 4.4059413e-04],[0.9848951  0.01510491],"[3.22306587e-05 1.19844498e-02 2.05194846e-01 7.16831744e-01
 6.48751557e-02 1.06727472e-03 1.31546285e-05 9.52633172e-07
 1.50877028e-07]"
D:\Uni\Ulm\Master\Hiwi-Forschung-und-Lehre\FairFace\detected_faces\1489579_face0.jpg,White,White,Male,10-19,"[8.0407327e-01 4.1286414e-05 1.4192015e-03 2.9865830e-04 2.5984715e-04
 7.2410701e-05 1.9383535e-01]",[9.9825251e-01 3.2258089e-04 1.0899267e-03 3.3502094e-04],[9.9965543e-01 3.4462241e-04],"[2.0351164e-08 3.2276026e-04 7.2295910e-01 2.7524534e-01 1.4544238e-03
 1.8286282e-05 1.0821825e-07 5.5672493e-09 2.2194067e-10]"
D:\Uni\Ulm\Master\Hiwi-Forschung-und-Lehre\FairFace\detected_faces\1489792_face0.jpg,Middle Eastern,White,Male,20-29,"[2.4266887e-02 8.6668579e-06 4.4586351e-03 6.3284366e-05 7.3244228e-05
 1.3295056e-03 9.6979976e-01]",[9.9392241e-01 2.2086004e-05 4.1112120e-04 5.6443573e-03],[9.9999577e-01 4.2323059e-06],"[2.7783659e-05 7.1014147e-03 1.3435189e-01 8.0872732e-01 4.9011458e-02
 7.7809702e-04 2.0120217e-06 8.2154187e-08 2.0338415e-09]"
D:\Uni\Ulm\Master\Hiwi-Forschung-und-Lehre\FairFace\detected_faces\1489937_face0.jpg,Middle Eastern,White,Male,20-29,"[1.3583502e-01 4.6149673e-04 5.6877311e-02 2.9573057e-04 8.9389592e-04
 9.9075283e-04 8.0464584e-01]",[0.9463751  0.00410628 0.04661957 0.00289913],[9.9999577e-01 4.2427600e-06],"[4.5283844e-07 2.9373652e-04 3.5976347e-01 6.2012523e-01 1.9593360e-02
 2.2237710e-04 1.1919512e-06 6.1337936e-08 9.4776809e-10]"
D:\Uni\Ulm\Master\Hiwi-Forschung-und-Lehre\FairFace\detected_faces\1489949_face0.jpg,White,White,Male,20-29,"[9.5401013e-01 1.2337555e-06 4.8033041e-03 1.1879588e-03 4.7622365e-04
 2.6741369e-05 3.9494492e-02]",[9.8321468e-01 3.2155644e-05 1.5348597e-02 1.4045864e-03],[9.9987584e-01 1.2417040e-04],"[4.2571767e-07 1.5680326e-04 1.6608092e-01 8.0205113e-01 3.1473458e-02
 2.3650828e-04 7.5565225e-07 2.0368473e-08 3.2762484e-10]"
D:\Uni\Ulm\Master\Hiwi-Forschung-und-Lehre\FairFace\detected_faces\1489952_face0.jpg,White,White,Male,10-19,"[6.31346643e-01 8.13847641e-04 2.59856135e-01 1.53522310e-03
 3.05644399e-03 2.97327002e-04 1.03094414e-01]",[9.7359216e-01 1.7158106e-02 8.9288540e-03 3.2085329e-04],[9.9986464e-01 1.3538045e-04],"[4.5974737e-08 3.0671468e-04 7.3151112e-01 2.6696327e-01 1.2085638e-03
 1.0276653e-05 4.2033246e-08 1.6671576e-09 4.9667916e-11]"
D:\Uni\Ulm\Master\Hiwi-Forschung-und-Lehre\FairFace\detected_faces\1490346_face0.jpg,Middle Eastern,White,Male,20-29,"[7.0080779e-02 2.2245254e-04 2.1536866e-02 6.4425967e-06 8.9405446e-05
 2.5513244e-03 9.0551269e-01]",[0.9837047  0.00177416 0.00216842 0.01235274],[1.00000e+00 5.44864e-09],"[1.1784441e-08 8.4052299e-05 3.3826894e-01 6.5755153e-01 4.0730992e-03
 2.2196960e-05 5.2872000e-08 1.6162146e-09 1.3113241e-11]"
D:\Uni\Ulm\Master\Hiwi-Forschung-und-Lehre\FairFace\detected_faces\1490806_face0.jpg,White,White,Male,20-29,"[4.2582312e-01 7.9774525e-04 2.4452476e-01 6.4317508e-05 6.9070340e-04
 5.5018529e-02 2.7308083e-01]",[0.82918966 0.00972239 0.0040009  0.157087  ],[9.9999982e-01 1.7284549e-07],"[3.7491554e-07 6.2408618e-04 3.7177065e-01 6.0397571e-01 2.3083614e-02
 5.4338336e-04 2.1937187e-06 5.8001781e-08 6.1141142e-10]"
D:\Uni\Ulm\Master\Hiwi-Forschung-und-Lehre\FairFace\detected_faces\1492462_face0.jpg,White,White,Male,10-19,"[6.0197628e-01 7.7603117e-04 2.7030361e-01 2.8898758e-05 1.9351112e-04
 3.0698266e-03 1.2365187e-01]",[0.9708783  0.00153557 0.00201708 0.02556903],[1.000000e+00 2.987715e-08],"[2.7455776e-08 1.5848900e-04 5.1686728e-01 4.7951686e-01 3.4385447e-03
 1.8716484e-05 4.0694196e-08 1.4869528e-09 1.5421482e-11]"
D:\Uni\Ulm\Master\Hiwi-Forschung-und-Lehre\FairFace\detected_faces\1492471_face0.jpg,White,White,Male,20-29,"[9.9969995e-01 6.6810927e-08 7.0685373e-06 2.2610791e-07 1.6295972e-07
 2.3032401e-07 2.9233802e-04]",[9.9999070e-01 5.2743444e-06 2.1355652e-06 1.8608042e-06],[1.000000e+00 3.117116e-08],"[2.8814409e-07 5.2553846e-04 4.7693962e-01 5.0548881e-01 1.6382948e-02
 6.5756857e-04 5.1052939e-06 7.0783720e-08 1.3453467e-09]"
D:\Uni\Ulm\Master\Hiwi-Forschung-und-Lehre\FairFace\detected_faces\1492716_face0.jpg,Black,Black,Male,10-19,"[9.7448701e-06 9.9733531e-01 4.1341191e-04 2.0793552e-05 5.9449463e-04
 1.6166837e-03 9.6347330e-06]",[6.9527910e-06 9.9947095e-01 1.4625373e-04 3.7586383e-04],[0.9420366  0.05796342],"[2.7148803e-06 1.0463941e-02 4.6058062e-01 4.1867760e-01 9.9601470e-02
 1.0209537e-02 4.5376807e-04 9.4293209e-06 9.5871178e-07]"
D:\Uni\Ulm\Master\Hiwi-Forschung-und-Lehre\FairFace\detected_faces\1492718_face0.jpg,White,White,Male,20-29,"[9.7885180e-01 5.5935698e-07 7.4284722e-04 2.0110607e-05 1.5685548e-05
 3.4813488e-06 2.0365402e-02]",[9.998595e-01 4.028201e-06 1.018094e-04 3.465107e-05],[9.9999982e-01 1.8776815e-07],"[3.1410005e-07 5.3337216e-04 3.1466323e-01 6.5213931e-01 3.1841923e-02
 8.1851194e-04 3.2575160e-06 8.1653319e-08 9.1122571e-10]"
D:\Uni\Ulm\Master\Hiwi-Forschung-und-Lehre\FairFace\detected_faces\1492722_face0.jpg,White,White,Female,20-29,"[9.6892846e-01 5.3459953e-06 1.9594554e-03 3.1900545e-06 3.8252483e-06
 7.4594558e-05 2.9025204e-02]",[9.9888390e-01 3.4121540e-04 4.7056925e-05 7.2786503e-04],[0.11969984 0.88030016],"[1.7318794e-06 3.0782276e-03 2.7273718e-01 6.6237134e-01 5.8708116e-02
 3.0722721e-03 3.0332259e-05 7.2311371e-07 3.8116010e-08]"
D:\Uni\Ulm\Master\Hiwi-Forschung-und-Lehre\FairFace\detected_faces\1492729_face0.jpg,White,White,Male,20-29,"[8.0449295e-01 1.0408551e-03 5.4930396e-02 1.9082788e-04 8.0242980e-04
 3.6553945e-05 1.3850591e-01]",[9.8127270e-01 1.5946787e-02 2.5637213e-03 2.1676903e-04],[9.9998367e-01 1.6311787e-05],"[2.4920254e-08 1.6661581e-04 4.0962204e-01 5.7295585e-01 1.7013120e-02
 2.4122813e-04 1.0379558e-06 2.3289651e-08 5.1189536e-10]"
D:\Uni\Ulm\Master\Hiwi-Forschung-und-Lehre\FairFace\detected_faces\1493157_face0.jpg,Black,Black,Male,20-29,"[1.69287063e-07 9.99997497e-01 9.17998420e-07 8.73327077e-10
 1.12702105e-08 1.23703819e-06 1.28361734e-07]",[3.9446596e-07 9.9999720e-01 3.2965806e-07 2.1251099e-06],[9.992965e-01 7.035153e-04],"[4.1018026e-07 3.9764823e-04 3.9543528e-02 6.2881798e-01 3.2029507e-01
 1.0846594e-02 9.7457349e-05 1.2120368e-06 4.2537057e-08]"
D:\Uni\Ulm\Master\Hiwi-Forschung-und-Lehre\FairFace\detected_faces\1493201_face0.jpg,Middle Eastern,White,Male,10-19,"[4.0212893e-01 2.6476535e-05 3.0249394e-02 5.4041852e-06 2.3651652e-05
 4.3482138e-04 5.6713134e-01]",[9.9864537e-01 3.8403118e-04 6.8312809e-05 9.0230705e-04],[9.9988550e-01 1.1445057e-04],"[4.3162490e-08 3.8829158e-04 6.8543226e-01 3.1206158e-01 2.0979110e-03
 1.9955598e-05 3.9268762e-08 1.2552144e-09 3.1224277e-11]"
D:\Uni\Ulm\Master\Hiwi-Forschung-und-Lehre\FairFace\detected_faces\1493213_face0.jpg,Black,Black,Male,20-29,"[4.4587495e-07 9.9985498e-01 7.0523442e-06 2.5329683e-08 8.6069610e-07
 1.3455973e-04 2.1212454e-06]",[3.2317425e-07 9.9998969e-01 1.8511040e-06 8.2783899e-06],[9.9999839e-01 1.5988128e-06],"[1.1941894e-07 1.2865147e-04 4.2123772e-02 7.0535135e-01 2.3518680e-01
 1.6846003e-02 3.5360776e-04 9.4683728e-06 2.4603938e-07]"
D:\Uni\Ulm\Master\Hiwi-Forschung-und-Lehre\FairFace\detected_faces\1493216_face0.jpg,Latino_Hispanic,White,Male,10-19,"[3.9987695e-01 2.4111129e-03 4.6863514e-01 3.8581366e-05 7.6478417e-04
 2.2070203e-02 1.0620322e-01]",[0.8745167  0.0441325  0.00363316 0.07771762],[1.000000e+00 3.490648e-08],"[1.6178747e-07 1.0631736e-03 7.5984937e-01 2.3106608e-01 7.8346776e-03
 1.8572467e-04 8.1555248e-07 1.5815990e-08 1.6333815e-10]"
D:\Uni\Ulm\Master\Hiwi-Forschung-und-Lehre\FairFace\detected_faces\1493226_face0.jpg,White,White,Male,20-29,"[9.7680271e-01 3.0266470e-05 6.4106942e-03 2.4205279e-05 2.1517260e-05
 1.2790078e-04 1.6582837e-02]",[9.9990803e-01 2.5673600e-05 2.5654172e-06 6.3718137e-05],[9.9998051e-01 1.9523288e-05],"[4.4278600e-08 2.8438084e-05 1.5641327e-01 8.3461958e-01 8.8959569e-03
 4.2663680e-05 1.3859774e-07 5.6333294e-09 1.6973664e-10]"
D:\Uni\Ulm\Master\Hiwi-Forschung-und-Lehre\FairFace\detected_faces\1493319_face0.jpg,Latino_Hispanic,Black,Male,20-29,"[1.7873287e-02 2.0590004e-01 6.8839437e-01 1.8739651e-04 3.2740806e-03
 1.7888259e-02 6.6482589e-02]",[0.00712584 0.9372467  0.00379906 0.05182848],[9.9999988e-01 1.5631517e-07],"[5.2840306e-07 9.5847201e-05 1.9803980e-02 7.4659979e-01 2.2503088e-01
 8.3915535e-03 7.6763470e-05 6.4031298e-07 8.2156744e-09]"
D:\Uni\Ulm\Master\Hiwi-Forschung-und-Lehre\FairFace\detected_faces\1493475_face0.jpg,Southeast Asian,Asian,Male,10-19,"[0.12805922 0.05722842 0.21485133 0.28149796 0.2896494  0.00861908
 0.02009454]",[0.10068638 0.0181461  0.87035125 0.01081627],[0.99847513 0.00152486],"[3.0436189e-04 1.9353198e-01 5.6395608e-01 1.4149965e-01 7.7250168e-02
 2.0711239e-02 2.1346894e-03 4.9787032e-04 1.1399396e-04]"
D:\Uni\Ulm\Master\Hiwi-Forschung-und-Lehre\FairFace\detected_faces\1493496_face0.jpg,East Asian,Asian,Male,10-19,"[7.0581521e-04 3.5196696e-05 6.5709831e-04 8.7209809e-01 1.2640303e-01
 8.0094571e-05 2.0649322e-05]",[2.4474910e-04 8.9569621e-05 9.9942797e-01 2.3770866e-04],[9.9998903e-01 1.0987852e-05],"[1.4402103e-06 2.0461597e-03 6.1794651e-01 3.4817505e-01 3.0061908e-02
 1.7116554e-03 5.2500254e-05 4.7071962e-06 9.6343726e-08]"
D:\Uni\Ulm\Master\Hiwi-Forschung-und-Lehre\FairFace\detected_faces\1493689_face0.jpg,Black,Black,Male,20-29,"[3.6620670e-05 9.9986720e-01 4.5183122e-05 3.1284713e-07 3.5165872e-06
 4.6159988e-05 9.6948361e-07]",[2.0311938e-05 9.9997503e-01 2.2841823e-06 2.3520231e-06],[9.9971557e-01 2.8439163e-04],"[5.0374872e-08 5.1101983e-06 2.2964426e-03 5.4587281e-01 4.0844196e-01
 4.1208200e-02 2.1468468e-03 2.7520200e-05 1.1275563e-06]"
D:\Uni\Ulm\Master\Hiwi-Forschung-und-Lehre\FairFace\detected_faces\1494096_face0.jpg,Middle Eastern,White,Male,20-29,"[1.8258736e-01 1.0240421e-03 4.3323051e-02 1.2645470e-04 2.2101747e-04
 1.2694005e-03 7.7144873e-01]",[0.9906115  0.00118376 0.0022145  0.00599037],[0.9987384  0.00126163],"[1.55755089e-07 9.90982153e-05 2.10600734e-01 7.42742658e-01
 4.53865826e-02 1.15691707e-03 1.33354033e-05 5.44031820e-07
 1.27502595e-08]"
D:\Uni\Ulm\Master\Hiwi-Forschung-und-Lehre\FairFace\detected_faces\1494377_face0.jpg,White,White,Male,20-29,"[8.1052101e-01 2.1040137e-03 4.1243531e-02 5.7461404e-04 1.4993175e-03
 1.9450766e-03 1.4211246e-01]",[0.98534673 0.00436891 0.0042861  0.00599829],[1.0000000e+00 2.8235448e-08],"[1.7311152e-08 2.0383124e-05 1.2433438e-01 8.6815447e-01 7.4637271e-03
 2.6927537e-05 8.6004881e-08 4.2755119e-09 5.6049866e-11]"
D:\Uni\Ulm\Master\Hiwi-Forschung-und-Lehre\FairFace\detected_faces\1494391_face0.jpg,Middle Eastern,White,Male,20-29,"[1.6025335e-01 8.3794373e-05 1.5420233e-01 1.3896298e-04 3.0050002e-04
 5.6217094e-03 6.7939931e-01]",[9.9384624e-01 3.4184777e-04 1.2994919e-03 4.5124320e-03],[9.9999958e-01 4.0561454e-07],"[6.43055910e-06 1.24554767e-03 4.49707098e-02 8.54489744e-01
 9.80495140e-02 1.23472826e-03 3.18740581e-06 1.06900465e-07
 1.27784572e-09]"
D:\Uni\Ulm\Master\Hiwi-Forschung-und-Lehre\FairFace\detected_faces\1494445_face0.jpg,White,White,Male,10-19,"[8.9774191e-01 9.6323056e-05 4.6311114e-02 6.9507235e-03 7.9642152e-03
 1.8954837e-04 4.0746100e-02]",[9.8980689e-01 3.1952737e-04 9.6332552e-03 2.4032946e-04],[9.999998e-01 2.483980e-07],"[1.8407309e-08 7.0734590e-04 9.6112698e-01 3.7858322e-02 2.9951701e-04
 7.7765317e-06 3.9598554e-08 1.5582583e-09 1.9636355e-11]"
D:\Uni\Ulm\Master\Hiwi-Forschung-und-Lehre\FairFace\detected_faces\1495719_face0.jpg,White,White,Male,20-29,"[9.8758650e-01 1.2080224e-04 9.3371989e-03 1.5149749e-04 3.4796522e-04
 4.8289890e-05 2.4078079e-03]",[0.955286   0.03580388 0.00473478 0.00417532],[9.9999976e-01 2.4353733e-07],"[5.5420881e-09 1.9064799e-05 2.6807988e-01 7.1158373e-01 2.0083506e-02
 2.3242024e-04 1.2979136e-06 2.1963748e-08 2.3970664e-10]"
D:\Uni\Ulm\Master\Hiwi-Forschung-und-Lehre\FairFace\detected_faces\1495833_face0.jpg,White,White,Male,20-29,"[0.5471842  0.00168351 0.2102574  0.00707885 0.01951295 0.00180658
 0.2124765 ]",[0.73005277 0.01732492 0.12695155 0.1256707 ],[9.9999994e-01 5.5940188e-08],"[1.0772739e-08 3.8703700e-05 1.4611503e-01 8.4207332e-01 1.1734475e-02
 3.8329821e-05 1.2804523e-07 3.8751917e-09 5.8319266e-11]"
D:\Uni\Ulm\Master\Hiwi-Forschung-und-Lehre\FairFace\detected_faces\1495844_face0.jpg,White,White,Male,20-29,"[9.9945486e-01 4.6549044e-07 1.1354684e-04 9.6802096e-06 9.7456614e-06
 1.2589121e-07 4.1162199e-04]",[9.9987036e-01 2.9390876e-06 1.2511206e-04 1.6080944e-06],[1.0000000e+00 3.8014907e-09],"[6.4199481e-09 6.3527928e-06 6.1649255e-02 9.0243798e-01 3.5202134e-02
 6.9960975e-04 4.5315255e-06 5.3849515e-08 3.4783945e-10]"
D:\Uni\Ulm\Master\Hiwi-Forschung-und-Lehre\FairFace\detected_faces\1495856_face0.jpg,Middle Eastern,White,Male,20-29,"[3.9155194e-01 4.2460073e-04 1.7352346e-02 4.4901644e-06 1.6158874e-05
 1.7773265e-04 5.9047276e-01]",[9.8934275e-01 9.0704365e-03 6.1549661e-05 1.5252539e-03],[9.9999988e-01 6.9524226e-08],"[3.4136708e-08 1.5699666e-06 1.0064275e-03 5.8470219e-01 4.0823096e-01
 6.0403380e-03 1.8291792e-05 1.6772209e-07 1.9743560e-09]"
D:\Uni\Ulm\Master\Hiwi-Forschung-und-Lehre\FairFace\detected_faces\1495871_face0.jpg,White,White,Male,20-29,"[9.9225616e-01 1.3865097e-06 4.9094867e-04 7.9120980e-07 1.9031474e-06
 2.8900098e-05 7.2199311e-03]",[9.998581e-01 5.754420e-06 5.035657e-06 1.311281e-04],[9.9998093e-01 1.9090527e-05],"[1.4766202e-07 2.9248442e-04 3.6092430e-01 6.3087785e-01 7.8031872e-03
 1.0160642e-04 3.1643350e-07 6.6023018e-09 2.2414035e-10]"
D:\Uni\Ulm\Master\Hiwi-Forschung-und-Lehre\FairFace\detected_faces\1496078_face0.jpg,Latino_Hispanic,Black,Male,20-29,"[0.1786538  0.02567497 0.57670623 0.00175112 0.01126315 0.00427481
 0.20167588]",[0.10244893 0.85407245 0.00616387 0.03731475],[9.9986541e-01 1.3459349e-04],"[4.6364516e-07 1.8886408e-04 1.2764017e-01 7.7619648e-01 9.2869096e-02
 3.0392294e-03 6.3579551e-05 2.1240642e-06 4.7535437e-08]"
D:\Uni\Ulm\Master\Hiwi-Forschung-und-Lehre\FairFace\detected_faces\1498295_face0.jpg,Black,Black,Male,20-29,"[8.7319895e-05 9.9350834e-01 3.6810255e-03 4.1979833e-06 3.4779499e-04
 2.3427629e-03 2.8590455e-05]",[2.3147812e-05 9.9930173e-01 1.8277354e-04 4.9243367e-04],[9.994889e-01 5.111082e-04],"[4.2849124e-09 1.6808686e-05 1.9752622e-01 7.8148204e-01 2.0808592e-02
 1.6482829e-04 1.5487972e-06 1.1759333e-08 3.8783807e-10]"
D:\Uni\Ulm\Master\Hiwi-Forschung-und-Lehre\FairFace\detected_faces\1498819_face0.jpg,Middle Eastern,White,Male,20-29,"[2.7483073e-01 1.9136973e-03 1.0863740e-01 3.3954447e-04 9.4438926e-04
 2.4447839e-03 6.1088949e-01]",[0.91305697 0.0108785  0.01928296 0.05678157],[9.9999869e-01 1.3212363e-06],"[2.9502988e-07 2.5006291e-04 1.7461228e-01 8.0087250e-01 2.4076013e-02
 1.8827319e-04 5.8876049e-07 2.0628793e-08 3.5048045e-10]"
D:\Uni\Ulm\Master\Hiwi-Forschung-und-Lehre\FairFace\detected_faces\1500347_face0.jpg,Middle Eastern,White,Male,10-19,"[3.5470200e-01 7.5797027e-05 5.3737510e-02 1.0749749e-03 1.3987321e-03
 1.6791885e-03 5.8733189e-01]",[9.8755908e-01 3.6225768e-04 8.6807208e-03 3.3979802e-03],[9.9996066e-01 3.9383958e-05],"[1.1851730e-08 1.5684524e-04 8.0979460e-01 1.8829140e-01 1.7384662e-03
 1.8586255e-05 6.4810315e-08 4.6348747e-09 9.2214611e-11]"
D:\Uni\Ulm\Master\Hiwi-Forschung-und-Lehre\FairFace\detected_faces\1500529_face0.jpg,Black,Black,Male,20-29,"[0.00354898 0.46173832 0.2504052  0.02048589 0.25467426 0.00866064
 0.00048673]",[5.3850516e-05 9.7973436e-01 2.0079853e-02 1.3186179e-04],[9.9998522e-01 1.4779991e-05],"[6.3770344e-08 1.9878292e-04 2.5506040e-01 7.1630085e-01 2.7817817e-02
 6.1546278e-04 6.4234814e-06 1.8274267e-07 4.2671431e-09]"
D:\Uni\Ulm\Master\Hiwi-Forschung-und-Lehre\FairFace\detected_faces\1500807_face0.jpg,White,White,Male,20-29,"[9.9661547e-01 4.8436536e-06 1.1870160e-03 3.9751894e-06 7.7746236e-06
 7.6915430e-06 2.1732387e-03]",[9.9995273e-01 3.3006527e-05 1.0788713e-05 3.4441246e-06],[9.9999982e-01 1.8276208e-07],"[1.5095611e-07 5.6857541e-05 1.0172804e-01 8.7736553e-01 2.0616097e-02
 2.3161730e-04 1.5975301e-06 5.5183524e-08 1.3110191e-09]"
D:\Uni\Ulm\Master\Hiwi-Forschung-und-Lehre\FairFace\detected_faces\1503836_face0.jpg,Black,Black,Male,20-29,"[7.2630598e-07 9.9942160e-01 1.0404511e-05 1.1463161e-07 3.1631780e-06
 5.6335295e-04 5.6026556e-07]",[3.4491181e-06 9.9861145e-01 2.4797368e-05 1.3603397e-03],[9.997186e-01 2.813570e-04],"[1.7918788e-09 1.9831075e-06 1.9210273e-02 8.8878596e-01 9.0501688e-02
 1.4863175e-03 1.3699156e-05 1.4429246e-07 6.0665264e-09]"
D:\Uni\Ulm\Master\Hiwi-Forschung-und-Lehre\FairFace\detected_faces\1506768_face0.jpg,White,White,Male,20-29,"[9.7594547e-01 6.4658634e-05 9.4718486e-03 9.6943040e-05 1.2405746e-04
 1.3164083e-05 1.4283817e-02]",[9.9024546e-01 6.9479905e-03 2.6718243e-03 1.3475670e-04],[9.9999970e-01 3.1826642e-07],"[7.8008583e-07 4.5598805e-04 3.4803134e-01 6.1328655e-01 3.6824521e-02
 1.3805953e-03 1.9860712e-05 3.6058302e-07 5.8291660e-09]"
D:\Uni\Ulm\Master\Hiwi-Forschung-und-Lehre\FairFace\detected_faces\1507376_face0.jpg,White,White,Male,20-29,"[6.0555470e-01 3.5644721e-04 2.7955586e-02 2.8230399e-06 1.3313140e-05
 6.7632808e-04 3.6544079e-01]",[9.9296248e-01 4.7373925e-03 9.5785595e-05 2.2043586e-03],[9.9999982e-01 1.7519051e-07],"[2.1196728e-08 2.1289396e-05 9.5768899e-02 8.7572682e-01 2.8206116e-02
 2.7586179e-04 9.1417041e-07 2.2580979e-08 3.4500872e-10]"
D:\Uni\Ulm\Master\Hiwi-Forschung-und-Lehre\FairFace\detected_faces\1510000_face0.jpg,White,White,Male,10-19,"[0.6242666  0.00114626 0.24776307 0.00240784 0.00418484 0.00337541
 0.11685593]",[0.9372892  0.03417563 0.02341965 0.00511558],[9.9999565e-01 4.3883456e-06],"[6.3701049e-07 5.8935340e-03 8.1557733e-01 1.7593710e-01 2.5497878e-03
 4.1429139e-05 1.7030897e-07 8.5484748e-09 2.4221242e-10]"
D:\Uni\Ulm\Master\Hiwi-Forschung-und-Lehre\FairFace\detected_faces\1511910_face0.jpg,White,White,Male,10-19,"[8.5120398e-01 1.6212708e-04 6.4923875e-02 1.1430465e-04 2.7850983e-04
 3.7305690e-03 7.9586595e-02]",[9.8189652e-01 9.2904095e-04 1.1033212e-03 1.6071074e-02],[9.9999988e-01 1.3949108e-07],"[6.1047125e-08 2.6342424e-04 5.2017331e-01 4.7561538e-01 3.9224289e-03
 2.5490337e-05 5.9632285e-08 1.7604278e-09 2.3697417e-11]"
D:\Uni\Ulm\Master\Hiwi-Forschung-und-Lehre\FairFace\detected_faces\1512142_face0.jpg,East Asian,Asian,Male,10-19,"[0.18859005 0.00130265 0.05617841 0.48226106 0.2660596  0.001086
 0.00452216]",[0.08210199 0.00439842 0.9092268  0.00427283],[9.9996579e-01 3.4180517e-05],"[9.0402175e-09 6.9430913e-05 6.4819127e-01 3.4976539e-01 1.9597542e-03
 1.4104623e-05 8.8649628e-08 7.4742399e-09 1.6213589e-10]"
D:\Uni\Ulm\Master\Hiwi-Forschung-und-Lehre\FairFace\detected_faces\1512235_face0.jpg,Black,Black,Male,20-29,"[8.3729225e-05 6.0318387e-01 2.7891963e-03 4.4763060e-06 1.9962325e-04
 3.9368868e-01 5.0390427e-05]",[2.0519870e-04 5.7714963e-01 3.0981822e-04 4.2233542e-01],[9.9999839e-01 1.5607853e-06],"[4.8687050e-09 2.7135420e-06 1.3048183e-02 8.5519373e-01 1.3090299e-01
 8.5093232e-04 1.5184062e-06 1.6077879e-08 2.2340620e-10]"
D:\Uni\Ulm\Master\Hiwi-Forschung-und-Lehre\FairFace\detected_faces\1512337_face0.jpg,White,White,Male,20-29,"[9.7159189e-01 2.8850636e-04 1.9672208e-02 7.4478834e-05 1.0780366e-04
 2.4195997e-05 8.2409047e-03]",[9.9982375e-01 1.1510246e-04 4.3949392e-05 1.7166258e-05],[9.9999827e-01 1.6892432e-06],"[9.8977662e-09 3.8083524e-06 6.3421480e-02 8.9526439e-01 4.0931724e-02
 3.7640461e-04 2.0769523e-06 6.4881341e-08 8.0575968e-10]"
D:\Uni\Ulm\Master\Hiwi-Forschung-und-Lehre\FairFace\detected_faces\1512984_face0.jpg,East Asian,White,Male,10-19,"[3.3315711e-02 1.2084699e-03 3.0528069e-03 8.9150637e-01 4.8758645e-02
 8.5663713e-05 2.2072351e-02]",[7.8506106e-01 6.9628521e-03 2.0785081e-01 1.2533912e-04],[0.7353445 0.2646555],"[3.8738080e-04 5.2335855e-02 4.1835412e-01 3.9369160e-01 9.3239099e-02
 2.2112915e-02 9.5358081e-03 7.1797590e-03 3.1634909e-03]"
D:\Uni\Ulm\Master\Hiwi-Forschung-und-Lehre\FairFace\detected_faces\1513211_face0.jpg,White,White,Male,20-29,"[6.5057808e-01 2.6724357e-04 8.0339806e-03 1.7863957e-03 4.5515533e-04
 2.2815408e-03 3.3659759e-01]",[9.9626368e-01 5.1765458e-04 1.7567496e-03 1.4618919e-03],[0.5875785 0.4124215],"[3.6435463e-06 1.6460499e-05 3.9187875e-03 2.5580046e-01 2.1924497e-01
 2.2177286e-01 2.1680596e-01 7.2832726e-02 9.6042296e-03]"
D:\Uni\Ulm\Master\Hiwi-Forschung-und-Lehre\FairFace\detected_faces\1513451_face0.jpg,White,White,Male,20-29,"[8.48297715e-01 3.57075944e-04 1.17849045e-01 1.45117927e-03
 3.89575632e-03 1.17587093e-04 2.80316919e-02]",[9.9728382e-01 6.1508740e-04 2.0680060e-03 3.3055832e-05],[1.000000e+00 2.259452e-08],"[2.5950175e-07 3.4290762e-04 4.6323359e-01 4.9268156e-01 4.2129971e-02
 1.5926062e-03 1.8790195e-05 3.1409897e-07 1.6238987e-09]"
D:\Uni\Ulm\Master\Hiwi-Forschung-und-Lehre\FairFace\detected_faces\1513452_face0.jpg,White,White,Male,10-19,"[9.9682575e-01 1.3540948e-07 5.8653107e-04 8.0615428e-06 9.1720995e-06
 4.7284734e-06 2.5657131e-03]",[9.9995899e-01 7.3044356e-07 2.5486217e-05 1.4859308e-05],[9.9999321e-01 6.8161867e-06],"[4.27576606e-06 7.49365706e-03 8.69462967e-01 1.16307475e-01
 6.45920122e-03 2.71544734e-04 8.06139099e-07 1.30807090e-08
 2.41651588e-10]"
D:\Uni\Ulm\Master\Hiwi-Forschung-und-Lehre\FairFace\detected_faces\1513570_face0.jpg,Black,Black,Male,20-29,"[6.8845548e-04 8.8263357e-01 1.0807365e-01 4.2770112e-05 2.8888297e-03
 5.0190468e-03 6.5369025e-04]",[6.0264778e-04 9.8705035e-01 7.3835282e-03 4.9634739e-03],[9.9999291e-01 7.0985584e-06],"[4.6415545e-07 3.1408592e-05 1.1921543e-02 7.5125563e-01 2.2886962e-01
 7.8508407e-03 6.9239148e-05 1.1986371e-06 2.3561149e-08]"
D:\Uni\Ulm\Master\Hiwi-Forschung-und-Lehre\FairFace\detected_faces\1513618_face0.jpg,White,White,Male,10-19,"[9.9645245e-01 2.8845884e-06 7.8474398e-04 1.2571540e-05 1.4314747e-05
 4.3622667e-06 2.7286327e-03]",[9.9991482e-01 6.2380968e-06 4.5166704e-05 3.3759177e-05],[9.999999e-01 6.760237e-08],"[3.4278546e-08 1.8599229e-04 6.2657666e-01 3.6627603e-01 6.7419880e-03
 2.1791228e-04 1.4134616e-06 2.8579350e-08 2.5339200e-10]"
D:\Uni\Ulm\Master\Hiwi-Forschung-und-Lehre\FairFace\detected_faces\1513631_face0.jpg,Middle Eastern,White,Male,20-29,"[4.1855329e-01 2.5269514e-04 1.1136314e-01 3.5140832e-04 6.9655402e-04
 2.9870778e-04 4.6848419e-01]",[9.6472323e-01 3.4181654e-02 9.7529514e-04 1.1983247e-04],[9.9999875e-01 1.1925797e-06],"[1.0228433e-07 5.2188110e-04 4.8579875e-01 5.0795412e-01 5.6739170e-03
 5.1109659e-05 1.7232645e-07 7.5808959e-09 1.1254897e-10]"
D:\Uni\Ulm\Master\Hiwi-Forschung-und-Lehre\FairFace\detected_faces\1513648_face0.jpg,Indian,Indian,Male,20-29,"[1.6016751e-03 9.0475613e-04 1.5541135e-02 9.6575811e-04 1.4569044e-02
 9.6059132e-01 5.8263335e-03]",[0.0337809  0.00599416 0.05594661 0.9042784 ],[9.9998432e-01 1.5693666e-05],"[7.0010924e-07 1.9982730e-03 1.9958842e-01 7.6588172e-01 3.2095600e-02
 4.3375813e-04 1.4641112e-06 7.8459180e-08 2.1648363e-09]"
D:\Uni\Ulm\Master\Hiwi-Forschung-und-Lehre\FairFace\detected_faces\1513656_face0.jpg,White,White,Male,20-29,"[0.5785331  0.00131449 0.27049938 0.00072637 0.00143919 0.00500679
 0.14248075]",[0.9583945  0.00626055 0.02305053 0.01229442],[0.99819934 0.00180071],"[2.3690397e-06 1.4786369e-03 2.2685722e-01 7.3121709e-01 3.9661162e-02
 7.7783468e-04 5.5185310e-06 1.8317208e-07 5.9667093e-09]"
D:\Uni\Ulm\Master\Hiwi-Forschung-und-Lehre\FairFace\detected_faces\1513673_face0.jpg,White,White,Male,10-19,"[9.9308807e-01 5.5969957e-07 1.7290877e-03 7.6325832e-06 2.9864344e-05
 3.6867248e-05 5.1078466e-03]",[9.9981463e-01 1.1359091e-06 3.6346581e-05 1.4790201e-04],[9.999995e-01 4.578021e-07],"[1.2199306e-06 2.2742737e-03 6.8528736e-01 2.9890829e-01 1.3072553e-02
 4.5504616e-04 1.2408244e-06 2.0652585e-08 2.0395144e-10]"
D:\Uni\Ulm\Master\Hiwi-Forschung-und-Lehre\FairFace\detected_faces\1513787_face0.jpg,Black,Black,Male,20-29,"[1.9694087e-06 9.9965489e-01 6.5760629e-05 8.7295973e-08 9.9184854e-07
 2.7370616e-04 2.5825170e-06]",[2.6148423e-06 9.9961776e-01 7.1837289e-06 3.7242525e-04],[9.992063e-01 7.937270e-04],"[1.56922837e-07 3.65045213e-04 1.90578163e-01 7.02081919e-01
 1.02935255e-01 3.98327643e-03 5.55223523e-05 6.08801827e-07
 1.26871758e-08]"
D:\Uni\Ulm\Master\Hiwi-Forschung-und-Lehre\FairFace\detected_faces\1513896_face0.jpg,White,White,Male,20-29,"[8.3003306e-01 3.0195467e-06 1.4711256e-02 9.1679904e-05 2.0521415e-04
 9.7880873e-04 1.5397683e-01]",[9.9730206e-01 2.7788376e-05 5.1328196e-04 2.1568805e-03],[9.999999e-01 8.729246e-08],"[6.1917603e-08 1.1907241e-04 2.4631855e-01 7.3135126e-01 2.2009203e-02
 2.0154937e-04 4.0115859e-07 4.9383542e-09 4.7949287e-11]"
D:\Uni\Ulm\Master\Hiwi-Forschung-und-Lehre\FairFace\detected_faces\1514419_face0.jpg,White,White,Male,20-29,"[9.9266052e-01 1.8073128e-04 5.6297556e-03 1.2381535e-05 3.4365792e-05
 5.4816843e-05 1.4274502e-03]",[9.9415261e-01 2.3980385e-03 3.5386792e-04 3.0953803e-03],[9.9998385e-01 1.6138632e-05],"[3.3132817e-08 6.1120656e-05 2.2746450e-01 7.5627887e-01 1.5972806e-02
 2.2067317e-04 1.9287156e-06 3.9195935e-08 2.0337541e-09]"
D:\Uni\Ulm\Master\Hiwi-Forschung-und-Lehre\FairFace\detected_faces\1514462_face0.jpg,Middle Eastern,White,Male,20-29,"[7.7566118e-03 1.8983701e-05 1.1966242e-02 9.5149000e-05 2.1708723e-04
 3.3987935e-03 9.7654718e-01]",[0.8760288  0.00201851 0.0196237  0.1023291 ],[9.9999851e-01 1.4929595e-06],"[9.7865120e-07 6.9177634e-04 1.6645107e-01 7.6611990e-01 6.4552903e-02
 2.1740810e-03 9.0226595e-06 2.5365367e-07 3.3714489e-09]"
D:\Uni\Ulm\Master\Hiwi-Forschung-und-Lehre\FairFace\detected_faces\1514463_face0.jpg,White,White,Male,10-19,"[9.8957729e-01 1.3089684e-05 2.6917057e-03 8.1187856e-05 9.4172297e-05
 1.0065554e-05 7.5324988e-03]",[9.9988574e-01 9.0842250e-06 1.0066686e-04 4.5452566e-06],[9.9999982e-01 2.4000528e-07],"[2.71865765e-08 1.67797174e-04 7.79687166e-01 2.18851522e-01
 1.27887609e-03 1.45451395e-05 8.86653737e-08 2.82805779e-09
 4.52808485e-11]"
D:\Uni\Ulm\Master\Hiwi-Forschung-und-Lehre\FairFace\detected_faces\1514600_face0.jpg,White,White,Male,20-29,"[7.80240536e-01 2.16939326e-04 7.32637197e-02 1.02705235e-04
 2.26767806e-04 1.91719926e-04 1.45757556e-01]",[9.9818426e-01 1.8621294e-04 1.2248423e-03 4.0469063e-04],[9.999271e-01 7.285444e-05],"[4.5210161e-08 1.0677646e-05 4.0423121e-02 8.7561089e-01 8.1817433e-02
 2.1221875e-03 1.5447977e-05 2.2657183e-07 3.4072523e-09]"
D:\Uni\Ulm\Master\Hiwi-Forschung-und-Lehre\FairFace\detected_faces\1514612_face0.jpg,Black,Black,Male,20-29,"[7.0793940e-06 9.9948674e-01 4.3313843e-04 1.7352843e-07 4.5950824e-06
 3.4320277e-05 3.3866560e-05]",[2.1904954e-05 9.9987978e-01 2.4882433e-05 7.3370014e-05],[1.0000000e+00 2.5865251e-08],"[7.81106166e-08 2.56409930e-06 4.23018029e-03 6.14169776e-01
 3.55018765e-01 2.62153484e-02 3.58621066e-04 4.56565567e-06
 1.03839895e-07]"
D:\Uni\Ulm\Master\Hiwi-Forschung-und-Lehre\FairFace\detected_faces\1514620_face0.jpg,Black,Black,Male,30-39,"[3.2548273e-06 9.9994332e-01 2.2534929e-05 1.2572709e-08 1.6330613e-07
 2.9248358e-05 1.5752838e-06]",[1.7446744e-05 9.9982667e-01 1.0395518e-05 1.4546808e-04],[9.9996102e-01 3.9022405e-05],"[1.6623167e-07 4.3571317e-06 1.7813017e-03 2.7068821e-01 6.0321319e-01
 1.2241182e-01 1.8837675e-03 1.6874854e-05 3.4440592e-07]"
D:\Uni\Ulm\Master\Hiwi-Forschung-und-Lehre\FairFace\detected_faces\1514742_face0.jpg,White,White,Male,20-29,"[9.9980903e-01 1.6071777e-08 4.4389089e-05 3.3643695e-07 6.6093725e-07
 2.4928565e-07 1.4540454e-04]",[9.9999404e-01 3.1897190e-07 2.2675251e-06 3.4092041e-06],[1.0000000e+00 2.0303637e-09],"[2.2509772e-08 6.9645590e-05 2.5350222e-01 7.2436953e-01 2.1729214e-02
 3.2878082e-04 5.2800141e-07 3.6495746e-09 1.9936379e-11]"
D:\Uni\Ulm\Master\Hiwi-Forschung-und-Lehre\FairFace\detected_faces\1514893_face0.jpg,Black,Black,Male,20-29,"[2.9077326e-05 9.9704295e-01 8.7460456e-04 1.5100370e-06 8.2918101e-05
 1.6786020e-03 2.9034808e-04]",[2.9295961e-05 9.9943274e-01 6.7335430e-05 4.7069843e-04],[1.000000e+00 8.315223e-09],"[1.5671203e-08 2.0036685e-05 3.1017123e-02 9.2444605e-01 4.4075165e-02
 4.3978725e-04 1.7941447e-06 2.6757840e-08 3.9641920e-10]"
D:\Uni\Ulm\Master\Hiwi-Forschung-und-Lehre\FairFace\detected_faces\1514913_face0.jpg,White,White,Male,20-29,"[7.0394802e-01 6.9895286e-05 1.0007211e-02 1.8593693e-05 5.6261997e-05
 1.0422545e-03 2.8485778e-01]",[9.9433297e-01 6.2844332e-04 2.5315286e-04 4.7854851e-03],[9.9999988e-01 1.0329467e-07],"[3.1168204e-07 1.2453269e-04 6.1638702e-02 8.8431877e-01 5.3480331e-02
 4.3644386e-04 9.1355048e-07 1.7380133e-08 2.3716751e-10]"
D:\Uni\Ulm\Master\Hiwi-Forschung-und-Lehre\FairFace\detected_faces\1515554_face0.jpg,White,White,Male,20-29,"[9.9510771e-01 4.9927485e-06 2.1781973e-03 2.8408609e-05 5.5869179e-05
 8.7767648e-06 2.6160907e-03]",[9.9963617e-01 3.7221344e-05 2.4572553e-04 8.0880251e-05],[1.0000000e+00 1.5806632e-08],"[4.1576524e-08 3.7487884e-05 1.6699906e-02 8.5535526e-01 1.2580350e-01
 2.0978895e-03 5.8444298e-06 5.8738681e-08 6.7087624e-10]"
D:\Uni\Ulm\Master\Hiwi-Forschung-und-Lehre\FairFace\detected_faces\1515577_face0.jpg,Middle Eastern,White,Male,20-29,"[1.22456215e-01 2.59057735e-04 1.77528691e-02 8.23610113e-04
 7.55140907e-04 2.42588008e-04 8.57710540e-01]",[9.7565383e-01 1.5523664e-03 2.2406833e-02 3.8694602e-04],[0.99383175 0.0061683 ],"[2.08606398e-05 1.41953081e-02 4.25094724e-01 4.43968922e-01
 1.01736195e-01 1.43620726e-02 5.48790209e-04 7.04503327e-05
 2.67333371e-06]"
D:\Uni\Ulm\Master\Hiwi-Forschung-und-Lehre\FairFace\detected_faces\1515860_face0.jpg,White,White,Male,10-19,"[9.7194761e-01 5.9006663e-05 6.0954452e-03 2.3301625e-05 2.9689872e-05
 1.5048850e-05 2.1829884e-02]",[9.9957347e-01 2.0568575e-04 2.1196459e-04 8.9255227e-06],[9.999204e-01 7.955424e-05],"[1.3783656e-06 6.4319833e-03 7.9171687e-01 1.9494799e-01 6.7176223e-03
 1.8331796e-04 9.0724649e-07 2.1729262e-08 8.7668528e-10]"
D:\Uni\Ulm\Master\Hiwi-Forschung-und-Lehre\FairFace\detected_faces\1515926_face0.jpg,White,White,Male,10-19,"[9.9973220e-01 2.9653981e-07 1.5483423e-05 8.6852106e-06 7.7653904e-06
 8.8878366e-08 2.3547270e-04]",[9.9991894e-01 4.3809764e-06 7.5710050e-05 9.7792588e-07],[9.9999213e-01 7.8583362e-06],"[1.7852374e-08 3.1813068e-04 7.9394299e-01 2.0319901e-01 2.4529691e-03
 8.6141838e-05 6.9594086e-07 1.5552075e-08 4.4090964e-10]"
D:\Uni\Ulm\Master\Hiwi-Forschung-und-Lehre\FairFace\detected_faces\1515967_face0.jpg,White,White,Male,20-29,"[9.2404640e-01 4.8625271e-04 2.3364302e-02 2.2808026e-05 7.2433657e-05
 2.8603594e-05 5.1979240e-02]",[9.9818462e-01 1.4764594e-03 2.9888711e-04 3.9995724e-05],[9.999999e-01 6.370449e-08],"[9.0588749e-08 1.3366552e-05 3.2276854e-02 8.7493873e-01 9.0363160e-02
 2.3873346e-03 2.0039985e-05 3.7262080e-07 3.9595429e-09]"
D:\Uni\Ulm\Master\Hiwi-Forschung-und-Lehre\FairFace\detected_faces\1516608_face0.jpg,White,White,Male,10-19,"[9.8298132e-01 2.9569041e-05 7.8076255e-03 5.9945201e-06 4.1435058e-05
 3.2663684e-05 9.1014160e-03]",[9.9991024e-01 3.1313190e-05 4.3120235e-05 1.5314992e-05],[9.9998701e-01 1.3004326e-05],"[9.49206722e-08 3.14777857e-03 8.80728126e-01 1.14668645e-01
 1.42394169e-03 3.12056836e-05 1.75277165e-07 7.48324691e-09
 2.67541544e-10]"
D:\Uni\Ulm\Master\Hiwi-Forschung-und-Lehre\FairFace\detected_faces\1516610_face0.jpg,White,White,Male,20-29,"[7.0158881e-01 1.7020595e-04 5.7874028e-02 1.0262047e-04 4.8147215e-04
 5.3157508e-03 2.3446715e-01]",[9.7739464e-01 6.8835691e-03 6.6567230e-04 1.5056174e-02],[9.9999994e-01 1.0235516e-07],"[4.0074332e-07 2.1978869e-04 1.3828544e-01 7.4542457e-01 1.0912427e-01
 6.8203621e-03 1.2194138e-04 3.1794282e-06 3.2305469e-08]"
D:\Uni\Ulm\Master\Hiwi-Forschung-und-Lehre\FairFace\detected_faces\1516620_face0.jpg,White,White,Male,20-29,"[8.8133353e-01 1.2388245e-05 2.0210590e-02 2.2906084e-05 8.0522295e-05
 2.2967278e-04 9.8110348e-02]",[9.9959993e-01 2.1388485e-05 3.7761049e-05 3.4089017e-04],[9.999994e-01 6.209888e-07],"[1.5519366e-07 3.5486679e-05 4.1680161e-02 8.5006243e-01 1.0575447e-01
 2.4563090e-03 1.0835942e-05 9.5220926e-08 8.5596441e-10]"
D:\Uni\Ulm\Master\Hiwi-Forschung-und-Lehre\FairFace\detected_faces\1516754_face0.jpg,Black,Black,Male,20-29,"[5.7433624e-07 9.9997908e-01 1.3300024e-05 7.1505619e-09 1.3524034e-07
 5.7609254e-06 1.0006777e-06]",[1.9782154e-07 9.9999529e-01 7.0801821e-07 3.8667599e-06],[9.9975902e-01 2.4096384e-04],"[6.6781894e-07 1.7557510e-04 6.3849360e-02 7.8469682e-01 1.4535372e-01
 5.8466522e-03 7.4280091e-05 2.7736214e-06 1.3705478e-07]"
D:\Uni\Ulm\Master\Hiwi-Forschung-und-Lehre\FairFace\detected_faces\1516879_face0.jpg,White,White,Male,20-29,"[5.1334882e-01 3.1910089e-03 4.3184614e-01 9.1628754e-05 2.0093017e-04
 4.6079379e-04 5.0860725e-02]",[9.6917629e-01 2.8848419e-02 1.5375389e-03 4.3776107e-04],[0.99722135 0.00277867],"[1.1002870e-06 8.9594343e-04 3.2888192e-01 6.2920409e-01 3.9873395e-02
 1.1330636e-03 1.0291795e-05 1.7201783e-07 4.0385100e-09]"
D:\Uni\Ulm\Master\Hiwi-Forschung-und-Lehre\FairFace\detected_faces\1518119_face0.jpg,Indian,Indian,Male,20-29,"[0.00543219 0.00509583 0.05681257 0.00100719 0.01583512 0.90780574
 0.00801131]",[0.13842064 0.08671406 0.03862768 0.73623765],[9.9999851e-01 1.4751326e-06],"[2.2123265e-07 8.4421400e-04 1.8863228e-01 7.8317738e-01 2.7099332e-02
 2.4577431e-04 8.4493280e-07 2.7000022e-08 6.3391897e-10]"
D:\Uni\Ulm\Master\Hiwi-Forschung-und-Lehre\FairFace\detected_faces\1518514_face0.jpg,White,White,Male,20-29,"[8.00966918e-01 9.25281667e-04 1.02053300e-01 1.16940355e-05
 1.33197245e-04 8.93136836e-04 9.50164199e-02]",[0.9605148  0.02442218 0.00130537 0.01375757],[9.9999994e-01 4.5140734e-08],"[6.9281074e-09 4.2228123e-05 4.3318030e-01 5.5735886e-01 9.2258882e-03
 1.9160366e-04 1.0218146e-06 2.1449969e-08 1.6455909e-10]"
D:\Uni\Ulm\Master\Hiwi-Forschung-und-Lehre\FairFace\detected_faces\1518589_face0.jpg,Middle Eastern,Indian,Male,20-29,"[9.6302874e-02 1.5914930e-03 2.6023915e-01 6.2649684e-05 5.6171336e-04
 1.4352249e-01 4.9771959e-01]",[0.11370351 0.0078311  0.00157826 0.87688714],[1.0000000e+00 1.2885553e-08],"[1.4274823e-07 7.2385075e-05 5.6607716e-02 8.6932826e-01 7.2420985e-02
 1.5612514e-03 9.0634157e-06 1.8839459e-07 1.3457434e-09]"
D:\Uni\Ulm\Master\Hiwi-Forschung-und-Lehre\FairFace\detected_faces\1518691_face0.jpg,Middle Eastern,White,Male,10-19,"[2.2490337e-01 3.4361925e-05 2.1675329e-03 1.1042642e-04 8.9915433e-05
 7.7981676e-05 7.7261645e-01]",[9.9688298e-01 1.7231988e-03 1.0313871e-03 3.6241653e-04],[0.6803736 0.3196264],"[9.8440047e-08 1.3280185e-03 8.3788925e-01 1.5874670e-01 2.0098193e-03
 2.5864321e-05 2.2218317e-07 1.4326214e-08 5.5558513e-10]"
D:\Uni\Ulm\Master\Hiwi-Forschung-und-Lehre\FairFace\detected_faces\1518697_face0.jpg,White,White,Male,20-29,"[9.9952650e-01 3.5186918e-07 8.2484192e-05 1.5225570e-06 2.2707827e-06
 1.4464932e-07 3.8667241e-04]",[9.9998176e-01 2.8789004e-06 1.4694309e-05 7.0603761e-07],[9.9999964e-01 3.2871739e-07],"[1.04742819e-08 1.40840866e-05 1.00951344e-01 8.58348012e-01
 3.96645926e-02 1.01435848e-03 7.36134325e-06 1.22698694e-07
 1.53901702e-09]"
D:\Uni\Ulm\Master\Hiwi-Forschung-und-Lehre\FairFace\detected_faces\1518699_face0.jpg,Latino_Hispanic,Black,Male,10-19,"[2.8279474e-01 2.3070471e-02 5.7075936e-01 3.2667551e-04 2.1569403e-03
 9.0056118e-03 1.1188616e-01]",[0.26766792 0.70307195 0.00883515 0.02042497],[9.9923754e-01 7.6247269e-04],"[1.3034425e-07 1.6139382e-02 9.6056104e-01 2.3079200e-02 2.1733623e-04
 2.8451047e-06 1.2127615e-08 7.3918632e-10 2.8163189e-11]"
D:\Uni\Ulm\Master\Hiwi-Forschung-und-Lehre\FairFace\detected_faces\1518700_face0.jpg,White,White,Male,20-29,"[0.4477951  0.00430063 0.2866653  0.1155374  0.05008801 0.00992688
 0.08568671]",[0.79583776 0.10978373 0.06648654 0.02789195],[9.9999917e-01 8.8790938e-07],"[2.3660283e-07 3.0014569e-05 7.2957233e-02 7.3663741e-01 1.7212738e-01
 1.7509881e-02 6.9818326e-04 3.9279959e-05 3.6930081e-07]"
D:\Uni\Ulm\Master\Hiwi-Forschung-und-Lehre\FairFace\detected_faces\1518701_face0.jpg,White,White,Male,20-29,"[9.4668955e-01 1.1545109e-06 8.6584984e-04 1.3069015e-05 9.3852723e-06
 1.3972172e-05 5.2406929e-02]",[9.9986678e-01 1.3443745e-05 1.9196155e-05 1.0049470e-04],[9.9976051e-01 2.3951576e-04],"[2.02254128e-07 1.16572655e-05 3.49120833e-02 7.71726310e-01
 1.59614861e-01 3.21855433e-02 1.51839363e-03 3.04657369e-05
 4.19183408e-07]"
D:\Uni\Ulm\Master\Hiwi-Forschung-und-Lehre\FairFace\detected_faces\1518820_face0.jpg,Black,Black,Female,30-39,"[7.6649837e-07 9.9998236e-01 8.3032201e-06 3.4977699e-08 7.8920090e-07
 7.4847389e-06 2.2878613e-07]",[5.1051129e-06 9.9997455e-01 3.4109260e-06 1.6890150e-05],[0.22269848 0.77730155],"[9.8202317e-09 1.4238418e-06 1.3688306e-03 3.2350373e-01 6.2622350e-01
 4.7671489e-02 1.2149226e-03 1.5364973e-05 6.4547828e-07]"
D:\Uni\Ulm\Master\Hiwi-Forschung-und-Lehre\FairFace\detected_faces\1518868_face0.jpg,Black,Black,Male,20-29,"[2.2570342e-05 9.9882877e-01 2.5460075e-04 7.8535072e-07 7.1149821e-06
 8.7335281e-04 1.2792824e-05]",[5.6270466e-05 9.6741915e-01 6.6880886e-05 3.2457680e-02],[0.99860466 0.0013953 ],"[7.0040564e-08 2.6923331e-05 1.4246673e-02 5.8074331e-01 3.6921063e-01
 3.4275562e-02 1.4707862e-03 2.5375170e-05 6.8961435e-07]"
D:\Uni\Ulm\Master\Hiwi-Forschung-und-Lehre\FairFace\detected_faces\1518959_face0.jpg,White,White,Male,10-19,"[5.9511620e-01 4.3176323e-02 3.1304476e-01 3.8484106e-04 2.8936358e-03
 3.8497502e-04 4.4999294e-02]",[0.37852752 0.29935348 0.3110157  0.01110333],[9.9995410e-01 4.5843182e-05],"[1.1760262e-08 7.1336806e-04 9.6374410e-01 3.5241716e-02 2.9745398e-04
 3.2757666e-06 1.2874025e-08 6.3011663e-10 1.8301475e-11]"
D:\Uni\Ulm\Master\Hiwi-Forschung-und-Lehre\FairFace\detected_faces\1518971_face0.jpg,Middle Eastern,White,Male,10-19,"[1.6313595e-01 1.5015677e-04 1.4847261e-01 2.8227203e-04 1.3674774e-03
 2.4503847e-03 6.8414116e-01]",[0.9767899  0.0018896  0.0062955  0.01502504],[9.9999750e-01 2.4851117e-06],"[1.2745789e-07 2.1007904e-03 9.3030500e-01 6.6797256e-02 7.8272907e-04
 1.4011197e-05 6.0186068e-08 2.7098754e-09 4.9249153e-11]"
D:\Uni\Ulm\Master\Hiwi-Forschung-und-Lehre\FairFace\detected_faces\1518972_face0.jpg,White,White,Male,20-29,"[9.5709133e-01 3.1042036e-05 1.5187502e-02 1.8210492e-05 9.3424875e-05
 1.7086614e-04 2.7407648e-02]",[9.9996126e-01 4.8241918e-06 1.4736823e-05 1.9236320e-05],[1.0000000e+00 2.2211644e-08],"[4.19950368e-08 7.27976512e-05 3.91249001e-01 6.01409078e-01
 7.22150132e-03 4.75988272e-05 1.03561945e-07 2.12492446e-09
 2.46039907e-11]"
D:\Uni\Ulm\Master\Hiwi-Forschung-und-Lehre\FairFace\detected_faces\1518983_face0.jpg,White,White,Male,20-29,"[7.9719532e-01 3.1196055e-06 3.8406688e-03 2.7471600e-04 1.5516083e-04
 2.8715496e-05 1.9850242e-01]",[9.9912089e-01 6.1217988e-06 6.4718851e-04 2.2586015e-04],[9.9998987e-01 1.0096352e-05],"[5.4584699e-08 6.7424575e-05 3.3571422e-01 6.5363753e-01 1.0512128e-02
 6.8453657e-05 1.4153616e-07 3.7092045e-09 6.6498848e-11]"
D:\Uni\Ulm\Master\Hiwi-Forschung-und-Lehre\FairFace\detected_faces\1518984_face0.jpg,White,White,Male,10-19,"[9.2880601e-01 4.8676528e-05 5.3673156e-02 4.0596380e-05 6.7190522e-05
 5.9557398e-05 1.7304823e-02]",[9.9991179e-01 1.6067708e-05 4.2703967e-05 2.9435749e-05],[9.9966443e-01 3.3559548e-04],"[8.8468319e-08 2.2650688e-04 5.9019154e-01 3.8341826e-01 2.5279306e-02
 8.7801839e-04 6.1815354e-06 1.1336224e-07 1.8734763e-09]"
D:\Uni\Ulm\Master\Hiwi-Forschung-und-Lehre\FairFace\detected_faces\1518985_face0.jpg,Black,Black,Male,20-29,"[9.5082578e-06 9.9962175e-01 2.2459021e-04 2.8394771e-07 6.3143630e-06
 1.1974264e-04 1.7860471e-05]",[6.0479761e-07 9.9999279e-01 4.7992294e-06 1.7902563e-06],[9.9999535e-01 4.6326149e-06],"[1.9479475e-07 2.2993652e-05 1.8966893e-02 7.1676952e-01 2.2692193e-01
 3.5885435e-02 1.3706275e-03 6.0544255e-05 1.9285840e-06]"
D:\Uni\Ulm\Master\Hiwi-Forschung-und-Lehre\FairFace\detected_faces\1519173_face0.jpg,White,White,Male,20-29,"[9.9685967e-01 1.2850365e-05 1.3647923e-04 6.5258164e-06 9.6835356e-06
 3.2848968e-06 2.9713840e-03]",[9.9980563e-01 1.7015642e-04 1.5028396e-05 9.0777330e-06],[9.9999905e-01 9.5379482e-07],"[4.2477809e-06 1.1462164e-03 1.4780895e-01 7.6468158e-01 8.3925977e-02
 2.3899029e-03 4.1740841e-05 1.3179368e-06 8.5628024e-08]"
D:\Uni\Ulm\Master\Hiwi-Forschung-und-Lehre\FairFace\detected_faces\1520771_face0.jpg,Latino_Hispanic,Black,Male,10-19,"[0.39303532 0.02608814 0.49499905 0.00201555 0.00421337 0.00068141
 0.07896724]",[0.3386067  0.54727566 0.11119241 0.00292519],[9.9999881e-01 1.2079513e-06],"[6.1521627e-07 7.0928485e-04 5.2085739e-01 4.5938116e-01 1.8418709e-02
 6.2407361e-04 8.3122068e-06 4.1254378e-07 8.2269613e-09]"
D:\Uni\Ulm\Master\Hiwi-Forschung-und-Lehre\FairFace\detected_faces\1520800_face0.jpg,White,White,Male,20-29,"[8.9474559e-01 1.7980509e-04 4.2319268e-02 3.9097373e-04 6.1230699e-04
 1.4475959e-04 6.1607301e-02]",[9.9767369e-01 5.0797255e-04 1.4052624e-03 4.1313493e-04],[9.999999e-01 5.544589e-08],"[2.4012130e-07 2.1588002e-04 2.7232015e-01 7.0116073e-01 2.5862105e-02
 4.3867747e-04 2.1644651e-06 5.6263112e-08 5.8760918e-10]"
D:\Uni\Ulm\Master\Hiwi-Forschung-und-Lehre\FairFace\detected_faces\1520803_face0.jpg,Black,Black,Male,20-29,"[1.1216692e-06 9.9989325e-01 2.8141134e-05 6.5481606e-07 1.2097414e-05
 6.3482454e-05 1.2840680e-06]",[8.4430070e-07 9.9997258e-01 1.1918084e-05 1.4689648e-05],[9.9979180e-01 2.0817119e-04],"[4.7697557e-07 9.3943276e-04 3.4061670e-01 5.4217488e-01 1.0569029e-01
 1.0254414e-02 3.1526011e-04 7.9706824e-06 5.0974211e-07]"
D:\Uni\Ulm\Master\Hiwi-Forschung-und-Lehre\FairFace\detected_faces\1520806_face0.jpg,Black,Black,Male,20-29,"[2.6831876e-05 9.9910516e-01 2.3834301e-04 9.8343151e-07 3.7251706e-05
 5.8431097e-04 7.1295954e-06]",[5.8133651e-06 9.9988204e-01 3.4544690e-05 7.7646022e-05],[9.9999696e-01 3.0286583e-06],"[5.0534834e-09 9.3221270e-06 3.9711971e-02 8.9802563e-01 6.1423250e-02
 8.2509988e-04 4.6401688e-06 9.2807177e-08 3.5398342e-09]"
D:\Uni\Ulm\Master\Hiwi-Forschung-und-Lehre\FairFace\detected_faces\1521040_face0.jpg,White,White,Male,20-29,"[8.3507478e-01 1.9972119e-03 1.0656191e-01 6.9210981e-04 1.6068189e-03
 6.1609503e-04 5.3450968e-02]",[0.9085806  0.03412348 0.04113898 0.01615688],[9.9990135e-01 9.8676916e-05],"[2.2802813e-06 1.1710927e-03 2.3616952e-01 6.8854439e-01 7.2878212e-02
 1.2255834e-03 8.5839501e-06 2.8846551e-07 6.5917587e-09]"
D:\Uni\Ulm\Master\Hiwi-Forschung-und-Lehre\FairFace\detected_faces\1521041_face0.jpg,White,White,Male,20-29,"[9.9097592e-01 3.9362299e-06 1.0859899e-03 1.7664651e-07 1.0208875e-06
 4.2965396e-05 7.8900605e-03]",[9.9959791e-01 1.6461163e-05 1.6556976e-05 3.6910834e-04],[9.9999970e-01 3.7048042e-07],"[9.1829726e-09 3.4222251e-06 1.8861271e-02 9.5615089e-01 2.4810091e-02
 1.7392833e-04 3.8216314e-07 8.7649434e-09 1.5257481e-10]"
D:\Uni\Ulm\Master\Hiwi-Forschung-und-Lehre\FairFace\detected_faces\1521245_face0.jpg,White,White,Male,10-19,"[8.9247286e-01 8.4645344e-06 2.8044211e-03 2.9571427e-04 1.5060070e-04
 1.7007740e-04 1.0409782e-01]",[9.9925762e-01 1.6477557e-05 5.8509409e-04 1.4086564e-04],[0.9674127  0.03258731],"[1.8539040e-04 1.7186901e-01 7.7229047e-01 5.3369857e-02 2.0472470e-03
 2.3316896e-04 4.1576404e-06 6.3277213e-07 6.8620864e-08]"
D:\Uni\Ulm\Master\Hiwi-Forschung-und-Lehre\FairFace\detected_faces\1521246_face0.jpg,Middle Eastern,White,Male,20-29,"[3.1744901e-02 4.2966978e-05 2.3816869e-02 1.6078286e-04 3.8788852e-04
 3.5423305e-02 9.0842330e-01]",[6.2252486e-01 5.7624292e-04 7.8817010e-03 3.6901721e-01],[9.9999976e-01 2.5338645e-07],"[7.4720339e-07 1.8536155e-04 8.3806738e-02 8.8265592e-01 3.2936197e-02
 4.1331619e-04 1.6269204e-06 1.5278466e-07 2.6799329e-09]"
D:\Uni\Ulm\Master\Hiwi-Forschung-und-Lehre\FairFace\detected_faces\1521381_face0.jpg,Black,Black,Male,20-29,"[0.00194738 0.8616908  0.04328266 0.00087011 0.01677977 0.07451288
 0.0009164 ]",[1.7252065e-04 9.7129840e-01 5.8975453e-03 2.2631582e-02],[9.9987346e-01 1.2648250e-04],"[7.9950063e-08 1.1713560e-05 5.2981414e-02 8.6090326e-01 8.3843581e-02
 2.2311569e-03 2.7912780e-05 8.7699630e-07 2.8537565e-08]"
D:\Uni\Ulm\Master\Hiwi-Forschung-und-Lehre\FairFace\detected_faces\1521382_face0.jpg,White,White,Male,10-19,"[9.9999326e-01 8.3506180e-09 4.7736887e-07 2.9741577e-07 4.0620665e-07
 2.3866480e-09 5.6120998e-06]",[9.9984545e-01 1.6090571e-06 1.5290731e-04 9.8929142e-08],[9.999942e-01 5.782526e-06],"[2.5062300e-07 1.0201572e-03 5.8887941e-01 3.9825854e-01 1.1014646e-02
 8.1705442e-04 9.7260827e-06 2.0706659e-07 5.6227356e-09]"
D:\Uni\Ulm\Master\Hiwi-Forschung-und-Lehre\FairFace\detected_faces\1521566_face0.jpg,White,White,Male,20-29,"[4.8765150e-01 7.7911340e-02 4.2198309e-01 7.4856143e-05 3.4192277e-04
 1.5642417e-04 1.1880878e-02]",[0.792954   0.17736503 0.02178938 0.00789159],[9.9983633e-01 1.6367347e-04],"[1.2593953e-08 2.3502567e-05 2.5580919e-01 7.1643597e-01 2.7321424e-02
 4.0684853e-04 2.9619302e-06 5.6836232e-08 1.0292576e-09]"
D:\Uni\Ulm\Master\Hiwi-Forschung-und-Lehre\FairFace\detected_faces\1521617_face0.jpg,Black,Black,Male,20-29,"[9.1852803e-07 9.9991673e-01 1.5929585e-05 1.1271903e-07 1.7753744e-06
 6.4313179e-05 2.1009492e-07]",[1.7580969e-06 9.9895060e-01 1.7926499e-05 1.0297780e-03],[0.98117435 0.01882566],"[7.9148705e-08 3.2273907e-05 3.1516653e-02 7.8366393e-01 1.7959931e-01
 5.0965906e-03 9.0051835e-05 1.0451680e-06 5.6012166e-08]"
D:\Uni\Ulm\Master\Hiwi-Forschung-und-Lehre\FairFace\detected_faces\1521618_face0.jpg,Middle Eastern,White,Male,10-19,"[4.5617488e-01 3.8828494e-04 2.0251540e-02 3.9220141e-04 1.8344389e-03
 2.0166985e-03 5.1894200e-01]",[0.98227334 0.00323756 0.00483814 0.00965092],[0.9817478  0.01825221],"[3.4395893e-05 1.7905092e-02 5.7174379e-01 3.3145329e-01 6.0921710e-02
 1.5607951e-02 1.7663382e-03 4.6446433e-04 1.0298696e-04]"
D:\Uni\Ulm\Master\Hiwi-Forschung-und-Lehre\FairFace\detected_faces\1521638_face0.jpg,Middle Eastern,White,Male,20-29,"[4.3276653e-01 5.0621318e-05 2.8108245e-02 1.6234111e-04 3.4730721e-04
 5.3888456e-05 5.3851116e-01]",[0.9833423  0.0010518  0.01398478 0.00162106],[9.9999738e-01 2.6606829e-06],"[2.4982808e-07 6.3365017e-04 3.8479105e-01 6.0186332e-01 1.2580559e-02
 1.3036451e-04 7.1275497e-07 3.7160945e-08 6.0468547e-10]"
D:\Uni\Ulm\Master\Hiwi-Forschung-und-Lehre\FairFace\detected_faces\1521891_face0.jpg,White,White,Male,20-29,"[0.544476   0.00746877 0.35112345 0.01014771 0.01126037 0.00497802
 0.07054569]",[0.5761676  0.02584838 0.39318714 0.00479689],[9.9998575e-01 1.4239428e-05],"[5.1128433e-07 3.1795917e-04 2.4901681e-01 7.2408623e-01 2.6273521e-02
 3.0332035e-04 1.5241948e-06 9.7198608e-08 3.2964627e-09]"
D:\Uni\Ulm\Master\Hiwi-Forschung-und-Lehre\FairFace\detected_faces\1521939_face0.jpg,Middle Eastern,White,Male,10-19,"[4.7665870e-01 8.4464864e-06 8.1653446e-03 1.3844854e-04 1.5594864e-04
 7.0312992e-04 5.1416999e-01]",[9.9245393e-01 1.3783262e-05 2.0036682e-04 7.3318477e-03],[9.9937856e-01 6.2139728e-04],"[7.7875075e-04 9.6470937e-02 6.6009444e-01 2.1545912e-01 2.4362631e-02
 2.7772456e-03 5.1942236e-05 4.6209907e-06 2.9204389e-07]"
D:\Uni\Ulm\Master\Hiwi-Forschung-und-Lehre\FairFace\detected_faces\1521964_face0.jpg,Middle Eastern,White,Male,20-29,"[8.3911568e-02 1.2325068e-04 1.7354609e-02 5.1081664e-05 9.0037116e-05
 6.4105472e-05 8.9840537e-01]",[9.8892528e-01 3.2624484e-03 7.5868536e-03 2.2537520e-04],[9.999921e-01 7.883092e-06],"[1.4468466e-07 2.7006487e-05 2.4408951e-02 8.8987738e-01 8.5057423e-02
 6.2711746e-04 1.9870504e-06 6.9657005e-08 1.1831384e-09]"
D:\Uni\Ulm\Master\Hiwi-Forschung-und-Lehre\FairFace\detected_faces\1522234_face0.jpg,Black,Black,Male,20-29,"[2.5544173e-06 9.9796152e-01 2.5525025e-05 1.2195724e-07 2.5820766e-06
 2.0070297e-03 7.0237218e-07]",[2.0220932e-06 9.9889249e-01 5.6905869e-06 1.0998197e-03],[9.9947494e-01 5.2504992e-04],"[3.6376633e-08 1.7699971e-05 3.2534316e-02 8.1759202e-01 1.4248939e-01
 7.1826531e-03 1.8143967e-04 2.4066680e-06 7.6516791e-08]"
D:\Uni\Ulm\Master\Hiwi-Forschung-und-Lehre\FairFace\detected_faces\1522259_face0.jpg,Middle Eastern,White,Male,20-29,"[4.9151827e-02 5.6236557e-04 2.1905482e-01 1.1661889e-04 3.1702101e-04
 4.3237242e-03 7.2647363e-01]",[0.5693188  0.11410876 0.011117   0.30545554],[9.999615e-01 3.852388e-05],"[4.8066482e-07 2.5744705e-05 1.6438074e-02 6.9860047e-01 2.7504897e-01
 9.7552696e-03 1.2756548e-04 3.3217600e-06 6.5645452e-08]"
D:\Uni\Ulm\Master\Hiwi-Forschung-und-Lehre\FairFace\detected_faces\1523127_face0.jpg,White,White,Male,20-29,"[7.4996638e-01 4.2083841e-05 4.7134757e-03 8.3655701e-04 6.3694036e-04
 3.4564993e-04 2.4345891e-01]",[9.9956411e-01 1.3861232e-04 1.3811857e-04 1.5909229e-04],[9.9964368e-01 3.5631392e-04],"[1.4524821e-07 3.6614711e-04 4.3581846e-01 5.3933901e-01 2.3351371e-02
 1.1031021e-03 2.0120442e-05 1.5797781e-06 8.8967205e-08]"
D:\Uni\Ulm\Master\Hiwi-Forschung-und-Lehre\FairFace\detected_faces\1523135_face0.jpg,Middle Eastern,White,Male,10-19,"[3.6977362e-02 3.1080650e-05 1.0227712e-02 1.9010276e-05 8.1763217e-05
 1.1287413e-03 9.5153433e-01]",[9.7545397e-01 9.0760645e-04 1.2988785e-03 2.2339538e-02],[9.999932e-01 6.788224e-06],"[2.3507380e-06 5.6627858e-03 5.3310412e-01 4.4087219e-01 1.9809447e-02
 5.4720964e-04 1.8380281e-06 7.4548055e-08 1.6419139e-09]"
D:\Uni\Ulm\Master\Hiwi-Forschung-und-Lehre\FairFace\detected_faces\1523574_face0.jpg,White,White,Male,30-39,"[9.9984372e-01 1.7102263e-06 2.9729577e-05 2.7720296e-07 1.1477640e-06
 2.1780650e-06 1.2121472e-04]",[9.9996132e-01 1.5730759e-05 4.9113710e-06 1.8048429e-05],[9.999924e-01 7.602017e-06],"[1.4633352e-07 2.1885430e-06 4.6839009e-04 1.8929569e-01 6.7203134e-01
 1.3277502e-01 5.3992239e-03 2.7280194e-05 6.8145027e-07]"
D:\Uni\Ulm\Master\Hiwi-Forschung-und-Lehre\FairFace\detected_faces\1523604_face0.jpg,White,White,Male,20-29,"[9.7703832e-01 5.5702826e-06 3.0278997e-03 4.9371482e-07 1.2129972e-06
 1.7403679e-04 1.9752467e-02]",[9.9983817e-01 4.2254928e-06 2.1860054e-05 1.3560891e-04],[9.9941540e-01 5.8461155e-04],"[5.6118591e-07 2.3577377e-04 8.8453993e-02 8.5218924e-01 5.5688825e-02
 3.3785377e-03 5.2009331e-05 1.0032750e-06 4.1707398e-08]"
D:\Uni\Ulm\Master\Hiwi-Forschung-und-Lehre\FairFace\detected_faces\1523740_face0.jpg,Latino_Hispanic,Black,Male,20-29,"[2.8260292e-02 1.6424683e-01 6.6905022e-01 8.6049549e-05 7.6078100e-04
 5.2377437e-03 1.3235812e-01]",[0.01441902 0.96815693 0.00535643 0.01206763],[9.9999976e-01 2.4516271e-07],"[2.38999949e-08 6.19830371e-06 2.08048392e-02 8.70760143e-01
 1.07217476e-01 1.20706682e-03 4.24745622e-06 5.65219196e-08
 8.10485679e-10]"
D:\Uni\Ulm\Master\Hiwi-Forschung-und-Lehre\FairFace\detected_faces\1523929_face0.jpg,White,White,Male,20-29,"[7.63162971e-01 2.74982885e-04 1.18200211e-02 2.42260103e-06
 1.42960525e-05 3.64891835e-04 2.24360391e-01]",[9.9842751e-01 4.3255303e-04 9.2162365e-05 1.0476775e-03],[1.000000e+00 4.413621e-09],"[2.5003425e-08 2.5241419e-05 3.9942600e-02 9.1135120e-01 4.8365239e-02
 3.1511491e-04 5.7602125e-07 7.4697599e-09 6.6760521e-11]"
D:\Uni\Ulm\Master\Hiwi-Forschung-und-Lehre\FairFace\detected_faces\1523969_face0.jpg,White,White,Male,20-29,"[8.74422550e-01 2.30713358e-05 4.46003210e-03 1.11203815e-04
 9.96846720e-05 3.10266732e-05 1.20852433e-01]",[9.9986678e-01 6.4715248e-05 6.5216504e-05 3.2648325e-06],[1.0000000e+00 1.1830054e-08],"[4.0364009e-07 8.9684989e-05 6.6497475e-02 8.5526478e-01 7.7314369e-02
 8.3009969e-04 3.1941993e-06 5.2440917e-08 5.5930488e-10]"
D:\Uni\Ulm\Master\Hiwi-Forschung-und-Lehre\FairFace\detected_faces\1524112_face0.jpg,Middle Eastern,White,Male,10-19,"[1.3487269e-01 1.2738137e-04 4.9059059e-02 1.4993617e-05 1.1855047e-04
 6.9637089e-03 8.0884355e-01]",[9.4492793e-01 5.0361529e-03 3.8504883e-04 4.9650904e-02],[9.9950433e-01 4.9567793e-04],"[4.2907192e-07 8.7358868e-03 9.0405256e-01 8.4976524e-02 2.1407316e-03
 9.3158436e-05 6.9367883e-07 3.1588019e-08 9.0926272e-10]"
D:\Uni\Ulm\Master\Hiwi-Forschung-und-Lehre\FairFace\detected_faces\1524119_face0.jpg,White,White,Male,10-19,"[9.97998714e-01 1.17123662e-07 2.47776916e-05 1.30034905e-05
 6.12581243e-06 3.86964899e-07 1.95675506e-03]",[9.9968433e-01 1.8865940e-05 2.8390720e-04 1.2930293e-05],[1.0000000e+00 2.6624653e-08],"[6.0899106e-07 1.8898705e-03 7.6629543e-01 2.2877495e-01 2.9891429e-03
 4.9808754e-05 1.5971260e-07 3.3431398e-09 6.4242993e-11]"
D:\Uni\Ulm\Master\Hiwi-Forschung-und-Lehre\FairFace\detected_faces\1524396_face0.jpg,White,White,Male,20-29,"[9.7337162e-01 1.4450405e-04 2.3717225e-02 2.1721398e-06 1.6150267e-05
 9.9072437e-05 2.6492954e-03]",[9.9744344e-01 1.7237512e-03 2.1458129e-04 6.1827764e-04],[9.9999994e-01 6.3534735e-08],"[1.6054582e-08 4.5378511e-06 3.7943635e-02 8.8763535e-01 7.2951578e-02
 1.4538063e-03 1.0837320e-05 1.5138798e-07 1.3251916e-09]"
D:\Uni\Ulm\Master\Hiwi-Forschung-und-Lehre\FairFace\detected_faces\1525361_face0.jpg,White,White,Male,20-29,"[3.8112465e-01 4.3492755e-03 2.5334913e-01 1.0416624e-04 4.1920427e-04
 4.3925617e-02 3.1672797e-01]",[0.75786304 0.02179036 0.00100629 0.21934026],[9.9999899e-01 1.0703577e-06],"[7.0853366e-07 2.7477072e-04 8.2770083e-03 7.7299821e-01 2.1683975e-01
 1.6078743e-03 1.6060532e-06 1.9813902e-08 3.2577718e-10]"
D:\Uni\Ulm\Master\Hiwi-Forschung-und-Lehre\FairFace\detected_faces\1525367_face0.jpg,Black,Black,Male,20-29,"[3.2708696e-05 9.9767119e-01 9.5914589e-04 4.3253962e-07 1.1153238e-05
 8.3511043e-04 4.9026706e-04]",[6.5165666e-05 9.9986529e-01 2.1097723e-05 4.8387516e-05],[9.9999356e-01 6.4609794e-06],"[4.9464731e-08 3.5617984e-06 2.1104722e-03 5.4415131e-01 4.4126964e-01
 1.2363579e-02 1.0052987e-04 8.3030710e-07 2.5494677e-08]"
D:\Uni\Ulm\Master\Hiwi-Forschung-und-Lehre\FairFace\detected_faces\1525369_face0.jpg,White,White,Male,20-29,"[8.1058657e-01 1.0466924e-05 1.7612917e-02 7.6207645e-05 1.6300919e-04
 5.7126657e-04 1.7097948e-01]",[9.9872756e-01 9.4282232e-06 7.4211083e-04 5.2093097e-04],[9.9999964e-01 3.5750378e-07],"[3.9215342e-07 3.0890055e-04 2.2115025e-01 7.6105702e-01 1.7241839e-02
 2.4064074e-04 9.4471721e-07 2.9908680e-08 4.5083517e-10]"
D:\Uni\Ulm\Master\Hiwi-Forschung-und-Lehre\FairFace\detected_faces\1525375_face0.jpg,East Asian,White,Male,20-29,"[0.0584911  0.00798115 0.02204286 0.5794951  0.31633937 0.00223118
 0.01341921]",[0.5510931  0.01959077 0.3364429  0.09287324],[0.9969693  0.00303077],"[4.8706429e-06 1.4197158e-03 2.0100030e-01 6.2775606e-01 1.5037221e-01
 1.8493783e-02 8.8177074e-04 6.8228212e-05 3.0269287e-06]"
D:\Uni\Ulm\Master\Hiwi-Forschung-und-Lehre\FairFace\detected_faces\1525378_face0.jpg,White,White,Male,10-19,"[5.0090522e-01 3.2299856e-04 2.4218297e-02 3.9653558e-05 9.2293318e-05
 7.1490998e-05 4.7435001e-01]",[9.99768198e-01 1.18490694e-04 5.63346875e-05 5.69789481e-05],[9.9998164e-01 1.8416966e-05],"[1.2033827e-07 2.2715173e-04 5.2822739e-01 4.5854583e-01 1.2627855e-02
 3.6803426e-04 3.4390571e-06 1.3688725e-07 2.1347266e-09]"
D:\Uni\Ulm\Master\Hiwi-Forschung-und-Lehre\FairFace\detected_faces\1525433_face0.jpg,Black,Black,Male,30-39,"[8.0081318e-06 9.9801648e-01 2.8335201e-04 1.9576284e-07 7.5494786e-06
 1.6383512e-03 4.6027413e-05]",[1.5525024e-05 9.9873000e-01 3.8383809e-05 1.2160484e-03],[9.9999714e-01 2.8300542e-06],"[1.05572198e-07 1.19865435e-05 2.31601112e-03 2.60172576e-01
 6.10198796e-01 1.22494958e-01 4.72155586e-03 8.26586838e-05
 1.31506999e-06]"
D:\Uni\Ulm\Master\Hiwi-Forschung-und-Lehre\FairFace\detected_faces\1525551_face0.jpg,Middle Eastern,White,Male,20-29,"[2.1336550e-01 2.3307698e-04 1.7616646e-01 7.0829142e-04 1.8004058e-03
 2.6645733e-02 5.8108050e-01]",[0.9278259  0.00182633 0.00497646 0.06537124],[1.000000e+00 1.233389e-09],"[8.3158892e-07 1.0182568e-03 2.4278648e-01 7.2077358e-01 3.5000827e-02
 4.1879286e-04 1.1594925e-06 2.6930561e-08 1.4100762e-10]"
D:\Uni\Ulm\Master\Hiwi-Forschung-und-Lehre\FairFace\detected_faces\1525557_face0.jpg,White,White,Male,20-29,"[9.9786359e-01 2.9250311e-06 1.0478443e-03 8.6281347e-05 8.4341213e-05
 4.3397717e-06 9.1076340e-04]",[9.9964923e-01 1.0107891e-05 3.1481290e-04 2.5786532e-05],[9.9999982e-01 2.3071156e-07],"[5.7517622e-07 1.7555249e-04 1.9279963e-01 6.9937432e-01 1.0298363e-01
 4.6024267e-03 6.3046886e-05 8.6634100e-07 1.3925259e-08]"
D:\Uni\Ulm\Master\Hiwi-Forschung-und-Lehre\FairFace\detected_faces\1525622_face0.jpg,Black,Black,Male,10-19,"[3.6237370e-06 9.9992961e-01 3.4511337e-05 5.7334165e-07 8.1888229e-06
 1.9425381e-05 4.1198896e-06]",[3.1974565e-07 9.9999726e-01 1.6229341e-06 8.0924195e-07],[0.99772924 0.00227084],"[6.9705047e-06 2.8041419e-02 7.9507834e-01 1.6884807e-01 7.4756304e-03
 5.3575780e-04 1.3295019e-05 5.3613940e-07 6.3114641e-08]"
D:\Uni\Ulm\Master\Hiwi-Forschung-und-Lehre\FairFace\detected_faces\1525689_face0.jpg,White,White,Male,10-19,"[9.4959307e-01 1.9325498e-05 5.0674886e-03 2.8955810e-05 3.0072979e-05
 8.8107801e-04 4.4380102e-02]",[9.9891126e-01 1.1718105e-04 2.5526819e-05 9.4600674e-04],[0.9920314  0.00796858],"[1.0243002e-05 2.7502451e-02 8.0843699e-01 1.5309493e-01 1.0347656e-02
 6.0244027e-04 5.0740887e-06 1.3981223e-07 1.1923386e-08]"
D:\Uni\Ulm\Master\Hiwi-Forschung-und-Lehre\FairFace\detected_faces\1525763_face0.jpg,White,White,Male,20-29,"[9.7131717e-01 4.4977212e-05 1.1514493e-03 2.5337142e-05 5.3277286e-05
 8.2541555e-06 2.7399598e-02]",[9.9813062e-01 1.3251294e-03 4.5595036e-04 8.8305511e-05],[9.9979156e-01 2.0845383e-04],"[1.5774279e-07 2.0545687e-05 4.1644648e-02 9.1515958e-01 4.2113423e-02
 1.0247094e-03 3.3783424e-05 2.9348105e-06 1.7713356e-07]"
D:\Uni\Ulm\Master\Hiwi-Forschung-und-Lehre\FairFace\detected_faces\1525857_face0.jpg,Middle Eastern,White,Male,20-29,"[4.5138560e-02 1.2570577e-03 1.0055660e-01 6.9061090e-04 5.0711613e-03
 3.5631683e-02 8.1165433e-01]",[0.96400213 0.00629349 0.00229559 0.02740877],[0.98834264 0.01165738],"[2.6952664e-05 1.0371511e-02 2.3677105e-01 5.7827556e-01 1.6197187e-01
 1.2180888e-02 3.7456327e-04 2.6461086e-05 1.1972518e-06]"
D:\Uni\Ulm\Master\Hiwi-Forschung-und-Lehre\FairFace\detected_faces\1525863_face0.jpg,White,White,Male,10-19,"[9.9897385e-01 2.4253342e-08 4.9457802e-05 8.8564475e-06 4.8961165e-06
 2.7695518e-07 9.6259487e-04]",[9.9993956e-01 6.2244669e-07 5.2277770e-05 7.5355456e-06],[9.9999696e-01 3.0495139e-06],"[1.2779844e-09 5.8590162e-05 9.2124569e-01 7.8542851e-02 1.5096110e-04
 1.8202657e-06 4.7218078e-09 9.5707435e-11 1.7758347e-12]"
D:\Uni\Ulm\Master\Hiwi-Forschung-und-Lehre\FairFace\detected_faces\1526298_face0.jpg,Middle Eastern,White,Male,10-19,"[0.08954431 0.00123294 0.35714328 0.00310936 0.00619359 0.00557078
 0.53720564]",[0.55872905 0.08559559 0.20596991 0.14970541],[9.9999917e-01 8.1904955e-07],"[2.93663015e-06 1.19610485e-02 6.55241191e-01 3.10320109e-01
 2.14612950e-02 1.00631197e-03 6.90147999e-06 2.41315149e-07
 2.12784479e-09]"
D:\Uni\Ulm\Master\Hiwi-Forschung-und-Lehre\FairFace\detected_faces\1526573_face0.jpg,White,White,Male,10-19,"[9.9465477e-01 5.7168641e-06 2.7874159e-03 5.0563649e-06 1.8714096e-05
 1.4365088e-05 2.5140317e-03]",[9.9906838e-01 1.9269255e-04 5.0384377e-04 2.3503485e-04],[9.9999815e-01 1.8964984e-06],"[2.0438263e-08 2.0989572e-04 6.1164677e-01 3.8482070e-01 3.2687134e-03
 5.3671341e-05 1.9928278e-07 3.3256442e-09 7.2802486e-11]"
D:\Uni\Ulm\Master\Hiwi-Forschung-und-Lehre\FairFace\detected_faces\1526620_face0.jpg,Middle Eastern,White,Male,20-29,"[1.65811971e-01 5.85743783e-06 1.38168000e-02 4.52372005e-05
 1.11110596e-04 3.23231099e-03 8.16976666e-01]",[9.9836183e-01 4.9007394e-06 2.1986029e-04 1.4134257e-03],[9.9999988e-01 1.1150926e-07],"[6.8186779e-07 9.1031572e-05 2.0554131e-02 8.6001450e-01 1.1715247e-01
 2.1799954e-03 7.0208230e-06 1.5573859e-07 1.8359781e-09]"
D:\Uni\Ulm\Master\Hiwi-Forschung-und-Lehre\FairFace\detected_faces\1526630_face0.jpg,Middle Eastern,White,Male,20-29,"[3.3766943e-01 7.4162599e-05 1.9815059e-02 4.2377064e-06 1.1640510e-05
 1.1031334e-04 6.4231509e-01]",[9.9518043e-01 3.9401809e-03 1.4070437e-04 7.3870167e-04],[9.999991e-01 8.871027e-07],"[3.5143877e-08 2.5730882e-05 6.5466613e-02 9.0294975e-01 3.1238059e-02
 3.1851477e-04 1.2818382e-06 3.3262197e-08 3.8768574e-10]"
D:\Uni\Ulm\Master\Hiwi-Forschung-und-Lehre\FairFace\detected_faces\1526645_face0.jpg,White,White,Male,20-29,"[9.9564546e-01 1.6081195e-06 5.8817212e-04 1.5810507e-04 9.3086957e-05
 2.2174272e-05 3.4913479e-03]",[9.9987310e-01 1.7701667e-06 9.2578375e-05 3.2520624e-05],[9.9998569e-01 1.4268103e-05],"[4.3820182e-06 1.3211997e-03 2.5348058e-01 7.1675736e-01 2.8023113e-02
 4.0990696e-04 3.3818847e-06 1.1150730e-07 4.5972879e-09]"
D:\Uni\Ulm\Master\Hiwi-Forschung-und-Lehre\FairFace\detected_faces\1526648_face0.jpg,White,White,Male,20-29,"[4.9709684e-01 7.4489927e-04 5.0878357e-02 2.8502662e-04 2.7282754e-04
 6.1823558e-03 4.4453964e-01]",[0.96524197 0.01049315 0.00210488 0.02216001],[9.999907e-01 9.289648e-06],"[1.2251857e-05 7.3859381e-04 5.7240643e-02 8.0567724e-01 1.3311519e-01
 3.1923228e-03 2.2861668e-05 1.0040854e-06 3.0562731e-08]"
D:\Uni\Ulm\Master\Hiwi-Forschung-und-Lehre\FairFace\detected_faces\1526690_face0.jpg,Middle Eastern,White,Male,10-19,"[8.8419132e-02 1.1300763e-04 4.5986105e-02 5.9212151e-05 2.0922457e-04
 2.3790060e-02 8.4142327e-01]",[0.8620649  0.00134039 0.01126336 0.12533133],[9.9999094e-01 9.0661024e-06],"[1.6276099e-05 1.6673563e-02 6.0340065e-01 3.5619786e-01 2.2069728e-02
 1.6225663e-03 1.8671231e-05 6.9746613e-07 1.7618088e-08]"
D:\Uni\Ulm\Master\Hiwi-Forschung-und-Lehre\FairFace\detected_faces\1526934_face0.jpg,White,White,Male,20-29,"[7.0052391e-01 6.5619337e-05 5.8406372e-02 4.9426820e-04 7.6576264e-04
 4.7050999e-03 2.3503897e-01]",[9.7796810e-01 2.2334163e-04 4.1832943e-03 1.7625213e-02],[9.999996e-01 4.116199e-07],"[1.2076872e-06 1.7902917e-03 4.7446638e-01 5.0477117e-01 1.8476641e-02
 4.9202750e-04 2.1708611e-06 4.7401649e-08 7.3331663e-10]"
D:\Uni\Ulm\Master\Hiwi-Forschung-und-Lehre\FairFace\detected_faces\1527023_face0.jpg,White,White,Male,20-29,"[9.5329922e-01 4.1630712e-05 1.4229905e-02 7.2301962e-05 8.8173874e-05
 7.3226256e-05 3.2195549e-02]",[9.9694562e-01 6.4706348e-04 5.1275018e-04 1.8946115e-03],[9.9999815e-01 1.8588026e-06],"[1.3562174e-08 2.1968785e-06 7.0995945e-03 9.2059004e-01 7.1629666e-02
 6.7517289e-04 3.2406631e-06 3.1515352e-08 6.5429673e-10]"
D:\Uni\Ulm\Master\Hiwi-Forschung-und-Lehre\FairFace\detected_faces\1529876_face0.jpg,White,White,Male,20-29,"[5.0430864e-01 2.3899486e-03 2.0017874e-01 1.9355815e-04 6.9173548e-04
 5.9988169e-04 2.9163751e-01]",[0.9774359  0.00261052 0.00509117 0.01486244],[9.9999970e-01 2.5023172e-07],"[2.9509283e-07 2.4081457e-04 2.0535934e-01 7.5916439e-01 3.4572307e-02
 6.5913948e-04 3.5488968e-06 8.7291426e-08 8.4998308e-10]"
D:\Uni\Ulm\Master\Hiwi-Forschung-und-Lehre\FairFace\detected_faces\1529877_face0.jpg,White,White,Male,20-29,"[8.2501978e-01 8.8717570e-05 2.8205823e-02 9.5139310e-04 1.5518656e-03
 1.9689158e-03 1.4221357e-01]",[9.9415588e-01 6.3427127e-05 1.1424088e-03 4.6383492e-03],[1.0000000e+00 2.3168438e-08],"[4.8028761e-07 4.2432901e-05 3.8191408e-02 8.6412841e-01 9.6032955e-02
 1.5951945e-03 8.8994975e-06 2.4424688e-07 1.9461046e-09]"
D:\Uni\Ulm\Master\Hiwi-Forschung-und-Lehre\FairFace\detected_faces\1529878_face0.jpg,White,White,Male,20-29,"[0.48179182 0.01168006 0.2145094  0.00284669 0.00446016 0.00099825
 0.28371364]",[0.95383036 0.03111757 0.0053598  0.00969221],[9.999990e-01 9.731698e-07],"[4.0969553e-08 3.6622507e-06 1.1068719e-02 9.0565801e-01 8.2521319e-02
 7.4422010e-04 3.9234742e-06 7.3424644e-08 9.5744146e-10]"
D:\Uni\Ulm\Master\Hiwi-Forschung-und-Lehre\FairFace\detected_faces\1529879_face0.jpg,White,White,Male,10-19,"[9.9876118e-01 7.7397954e-07 1.4927749e-04 2.8961443e-07 3.7903325e-07
 3.3966586e-07 1.0877877e-03]",[9.9993843e-01 3.9054139e-05 1.2328998e-05 1.0189917e-05],[9.9999994e-01 4.6699650e-08],"[6.6180554e-08 5.8445887e-04 5.9100014e-01 4.0220556e-01 6.0628871e-03
 1.4637770e-04 5.0291482e-07 9.5830375e-09 1.1490423e-10]"
D:\Uni\Ulm\Master\Hiwi-Forschung-und-Lehre\FairFace\detected_faces\1529925_face0.jpg,White,White,Male,20-29,"[7.4371982e-01 1.5390920e-03 1.9159257e-01 5.0907427e-05 3.6301915e-04
 3.0963232e-03 5.9638303e-02]",[9.8038745e-01 3.6324549e-03 5.3084531e-04 1.5449261e-02],[9.999946e-01 5.393210e-06],"[2.6731991e-08 1.2546523e-04 3.6669472e-01 6.1836255e-01 1.4590497e-02
 2.2578894e-04 9.4229409e-07 1.7058179e-08 2.7973204e-10]"
D:\Uni\Ulm\Master\Hiwi-Forschung-und-Lehre\FairFace\detected_faces\1529999_face0.jpg,Middle Eastern,White,Male,20-29,"[1.0276137e-01 7.8388890e-05 2.9117541e-02 2.6466491e-04 3.9641248e-04
 6.6815708e-03 8.6070007e-01]",[9.5361203e-01 2.7434947e-04 3.1193516e-03 4.2994317e-02],[9.9999982e-01 2.3687478e-07],"[1.1960208e-07 9.5009535e-05 5.0984874e-02 9.0582985e-01 4.2870961e-02
 2.1901340e-04 2.5267875e-07 1.2436215e-08 1.6989474e-10]"
D:\Uni\Ulm\Master\Hiwi-Forschung-und-Lehre\FairFace\detected_faces\1530683_face0.jpg,Latino_Hispanic,White,Male,10-19,"[3.9072812e-01 2.4342558e-03 5.3540313e-01 2.3571795e-04 2.0956628e-03
 2.6280245e-02 4.2822868e-02]",[0.6329854  0.04060299 0.02982416 0.29658747],[9.9999893e-01 1.0869556e-06],"[3.2999765e-07 4.0264893e-03 8.2938719e-01 1.6274337e-01 3.7865199e-03
 5.5839948e-05 2.4618669e-07 6.8360473e-09 1.4244855e-10]"
D:\Uni\Ulm\Master\Hiwi-Forschung-und-Lehre\FairFace\detected_faces\1533787_face0.jpg,White,White,Male,10-19,"[9.8169738e-01 3.7858921e-05 4.2576846e-03 2.2971413e-04 2.3771547e-04
 9.4011513e-05 1.3445585e-02]",[9.9659586e-01 4.3202972e-04 2.7760779e-03 1.9601142e-04],[9.9999928e-01 7.1670615e-07],"[1.6458173e-07 9.4981521e-04 8.5131329e-01 1.4551133e-01 2.1828958e-03
 4.2203264e-05 3.1213486e-07 1.1993776e-08 3.1198383e-10]"
D:\Uni\Ulm\Master\Hiwi-Forschung-und-Lehre\FairFace\detected_faces\1534761_face0.jpg,White,White,Male,20-29,"[7.16129363e-01 3.11061558e-05 1.01303935e-01 2.00704108e-05
 1.21074772e-04 1.25480667e-02 1.69846401e-01]",[8.5469592e-01 3.3046937e-04 2.6891497e-04 1.4470465e-01],[9.9999988e-01 1.3431529e-07],"[8.8304670e-09 2.7837083e-05 9.6269891e-02 8.8675845e-01 1.6871924e-02
 7.1831688e-05 5.7458234e-08 5.1909976e-10 5.9972136e-12]"
D:\Uni\Ulm\Master\Hiwi-Forschung-und-Lehre\FairFace\detected_faces\1534762_face0.jpg,Black,Black,Male,20-29,"[1.3804081e-06 9.9998349e-01 8.3306304e-06 5.4061708e-08 5.2145009e-07
 4.5554170e-06 1.6015840e-06]",[8.5100140e-07 9.9999613e-01 2.2799254e-06 7.8779453e-07],[9.9988842e-01 1.1160046e-04],"[3.6016427e-08 1.8462299e-04 1.8617447e-01 7.6065481e-01 5.2131392e-02
 8.4937358e-04 5.2043260e-06 8.9181903e-08 3.8651908e-09]"
D:\Uni\Ulm\Master\Hiwi-Forschung-und-Lehre\FairFace\detected_faces\1536452_face0.jpg,White,White,Male,10-19,"[9.7025931e-01 6.9123316e-06 1.1219683e-03 4.4223270e-06 7.8385301e-06
 2.9282961e-05 2.8570272e-02]",[9.9904054e-01 1.4813268e-04 5.0774543e-04 3.0354736e-04],[9.9998146e-01 1.8542825e-05],"[1.1602518e-06 3.8972285e-03 7.7827686e-01 2.1542685e-01 2.3276566e-03
 6.9684356e-05 5.0248343e-07 1.8530860e-08 6.5654071e-10]"
D:\Uni\Ulm\Master\Hiwi-Forschung-und-Lehre\FairFace\detected_faces\1536650_face0.jpg,Black,Black,Male,20-29,"[4.2639640e-06 9.9996769e-01 1.8848061e-05 3.8854438e-08 3.4564982e-07
 7.3839137e-06 1.4026310e-06]",[9.5190629e-08 9.9999928e-01 3.6738575e-07 2.6668098e-07],[0.98802966 0.01197033],"[1.0211563e-05 1.1608645e-02 4.7236574e-01 4.9141058e-01 2.4005886e-02
 5.9501838e-04 3.7345926e-06 1.2589607e-07 1.7316495e-08]"
D:\Uni\Ulm\Master\Hiwi-Forschung-und-Lehre\FairFace\detected_faces\1537214_face0.jpg,White,White,Male,20-29,"[9.8823422e-01 2.4492381e-06 8.1638144e-03 1.7978959e-05 6.1696730e-05
 4.2777225e-05 3.4771170e-03]",[9.9971920e-01 5.6422094e-05 1.3838132e-04 8.5964020e-05],[9.9999851e-01 1.4190678e-06],"[1.7375671e-08 2.2215923e-05 2.3350900e-01 7.3629159e-01 2.9379396e-02
 7.9322606e-04 4.4841245e-06 6.2039454e-08 7.8550666e-10]"
D:\Uni\Ulm\Master\Hiwi-Forschung-und-Lehre\FairFace\detected_faces\1537741_face0.jpg,Black,Black,Male,20-29,"[6.6016064e-06 9.9978524e-01 5.4886048e-05 5.8995161e-06 2.3606084e-05
 1.2147241e-04 2.2033967e-06]",[1.37335355e-05 9.99881506e-01 6.80296289e-05 3.67706889e-05],[0.98796564 0.01203434],"[1.7047071e-06 2.7151674e-04 4.8577208e-02 7.7386999e-01 1.6762002e-01
 9.3119927e-03 3.3067528e-04 1.5582329e-05 1.3800374e-06]"
D:\Uni\Ulm\Master\Hiwi-Forschung-und-Lehre\FairFace\detected_faces\1539470_face0.jpg,White,White,Male,20-29,"[7.8319257e-01 7.8564230e-04 5.1852621e-02 1.1798018e-04 3.5704594e-04
 5.0324702e-04 1.6319081e-01]",[0.985093   0.0124759  0.00132336 0.00110774],[9.9999964e-01 4.0354820e-07],"[2.5103324e-07 2.0419550e-04 2.2879551e-01 7.3297089e-01 3.7206482e-02
 8.1541255e-04 7.0729066e-06 2.5428491e-07 3.3452283e-09]"
D:\Uni\Ulm\Master\Hiwi-Forschung-und-Lehre\FairFace\detected_faces\1542078_face0.jpg,White,White,Male,20-29,"[9.7201902e-01 1.7387053e-04 9.3018068e-03 8.2473860e-05 1.3482643e-04
 2.7248508e-04 1.8015465e-02]",[9.99441743e-01 2.87442293e-04 1.00134435e-04 1.70678439e-04],[9.9968767e-01 3.1237386e-04],"[2.4462656e-06 6.2893779e-04 6.6329904e-02 9.0972799e-01 2.3148926e-02
 1.6038882e-04 1.3263605e-06 7.7850480e-08 5.7964926e-09]"
D:\Uni\Ulm\Master\Hiwi-Forschung-und-Lehre\FairFace\detected_faces\1542697_face0.jpg,White,White,Male,10-19,"[9.9750167e-01 6.9689440e-06 1.3973196e-03 8.7889450e-05 1.7156023e-04
 5.6885699e-07 8.3402114e-04]",[9.9981350e-01 3.3239940e-05 1.4882168e-04 4.4401218e-06],[9.9997473e-01 2.5288888e-05],"[2.5215243e-08 5.1988335e-04 9.2456090e-01 7.3288895e-02 1.5588186e-03
 7.0560971e-05 8.9651422e-07 2.7282489e-08 6.1484140e-10]"
D:\Uni\Ulm\Master\Hiwi-Forschung-und-Lehre\FairFace\detected_faces\1542721_face0.jpg,Black,Black,Male,20-29,"[1.0192982e-06 9.9994755e-01 1.7323870e-05 1.7663774e-08 2.3557816e-07
 3.3819862e-05 6.4579766e-08]",[7.1606091e-06 9.9996465e-01 3.8993920e-07 2.7843374e-05],[0.5234348  0.47656512],"[1.0286456e-06 4.0178355e-03 2.8401560e-01 5.9879780e-01 1.1058064e-01
 2.5559505e-03 3.0543884e-05 5.4176252e-07 2.8977292e-08]"
D:\Uni\Ulm\Master\Hiwi-Forschung-und-Lehre\FairFace\detected_faces\1542978_face0.jpg,Black,Black,Male,20-29,"[6.8394073e-08 9.9999094e-01 2.9511309e-06 1.9276921e-08 4.4903925e-07
 5.3238214e-06 2.4985505e-07]",[1.6929219e-07 9.9998039e-01 5.0966132e-06 1.4224984e-05],[9.9992496e-01 7.5053358e-05],"[1.0048049e-06 1.3694623e-03 2.5178790e-01 6.8985158e-01 5.4721396e-02
 2.2551771e-03 1.3234069e-05 1.9419993e-07 1.0476115e-08]"
D:\Uni\Ulm\Master\Hiwi-Forschung-und-Lehre\FairFace\detected_faces\1544465_face0.jpg,Black,Black,Male,30-39,"[1.9228536e-07 9.9999690e-01 8.1619464e-07 1.9465989e-09 3.0762472e-08
 1.5171388e-06 5.6358488e-07]",[1.7053843e-06 9.9995333e-01 6.8668351e-06 3.8115759e-05],[9.9997556e-01 2.4457317e-05],"[5.5833625e-06 3.8428535e-04 8.8486187e-03 2.6931563e-01 5.7991213e-01
 1.3632746e-01 5.0418568e-03 1.5363045e-04 1.0809541e-05]"
D:\Uni\Ulm\Master\Hiwi-Forschung-und-Lehre\FairFace\detected_faces\1544639_face0.jpg,Middle Eastern,White,Male,30-39,"[6.4144164e-02 2.4479284e-04 2.0030022e-02 1.2722104e-05 4.4284276e-05
 7.7837361e-03 9.0774024e-01]",[9.3565625e-01 7.3439413e-04 6.9639143e-05 6.3539751e-02],[9.9998254e-01 1.7484106e-05],"[9.2390119e-06 1.8985626e-04 2.8000628e-03 3.6254722e-01 5.9534007e-01
 3.8731433e-02 3.7480154e-04 7.1588065e-06 1.8202326e-07]"
D:\Uni\Ulm\Master\Hiwi-Forschung-und-Lehre\FairFace\detected_faces\1546098_face0.jpg,Middle Eastern,White,Male,10-19,"[8.0760188e-02 1.3854663e-04 6.4385802e-02 3.7683058e-04 8.6489110e-04
 2.9179389e-03 8.5055578e-01]",[0.8576804  0.01417549 0.05163132 0.07651281],[9.9999976e-01 2.7558326e-07],"[1.4712740e-06 4.2297309e-03 7.3886502e-01 2.4432519e-01 1.2066879e-02
 5.0780759e-04 3.8057392e-06 1.3741959e-07 1.5648064e-09]"
D:\Uni\Ulm\Master\Hiwi-Forschung-und-Lehre\FairFace\detected_faces\1546231_face0.jpg,Latino_Hispanic,Black,Male,10-19,"[5.2984055e-02 2.9318067e-01 4.4672015e-01 4.1234525e-05 4.1692864e-04
 3.0285925e-02 1.7637104e-01]",[0.01465031 0.7699     0.00108446 0.21436518],[0.99784553 0.00215449],"[6.4663716e-08 3.6223760e-04 7.9727244e-01 2.0035778e-01 1.9741324e-03
 3.2983618e-05 2.9820896e-07 1.7653816e-08 4.2201384e-10]"
D:\Uni\Ulm\Master\Hiwi-Forschung-und-Lehre\FairFace\detected_faces\1548400_face0.jpg,White,White,Male,10-19,"[9.7345132e-01 2.2859031e-06 2.6711976e-04 3.9337460e-06 4.8347042e-06
 2.7905758e-06 2.6267586e-02]",[9.9939787e-01 4.4380818e-04 3.0603103e-05 1.2767574e-04],[0.99465156 0.00534842],"[7.2395659e-07 7.0258235e-03 8.3256799e-01 1.5661934e-01 3.6621760e-03
 1.2311821e-04 8.1143838e-07 3.1740104e-08 1.1330916e-09]"
D:\Uni\Ulm\Master\Hiwi-Forschung-und-Lehre\FairFace\detected_faces\1548439_face0.jpg,White,White,Male,20-29,"[9.0483183e-01 1.7565076e-04 1.9958706e-03 3.0900562e-06 1.0908775e-05
 6.4309999e-05 9.2918329e-02]",[9.9898928e-01 2.7643048e-04 1.0430828e-04 6.3004676e-04],[9.999995e-01 5.213613e-07],"[7.2468843e-08 8.6277969e-06 3.2678703e-03 6.2233281e-01 3.5366586e-01
 2.0456294e-02 2.6489192e-04 3.4640032e-06 4.9872892e-08]"
D:\Uni\Ulm\Master\Hiwi-Forschung-und-Lehre\FairFace\detected_faces\1550811_face0.jpg,Black,Black,Male,20-29,"[3.7904748e-08 9.9999410e-01 4.1475352e-07 1.1574814e-09 2.9749804e-08
 5.4869856e-06 2.1779643e-08]",[1.7450411e-07 9.9999028e-01 3.0109823e-07 9.1902702e-06],[9.9998605e-01 1.3966014e-05],"[7.6266565e-10 1.1197072e-06 9.1066742e-03 8.7616289e-01 1.1381753e-01
 9.1005384e-04 1.7129225e-06 4.5080926e-09 1.4783073e-10]"
D:\Uni\Ulm\Master\Hiwi-Forschung-und-Lehre\FairFace\detected_faces\1561177_face0.jpg,White,White,Male,10-19,"[9.9977267e-01 9.2188380e-08 2.9235802e-05 7.4969389e-06 3.8490007e-06
 2.0546580e-07 1.8645001e-04]",[9.9980450e-01 1.8352894e-06 1.8829013e-04 5.4374459e-06],[9.9998379e-01 1.6184193e-05],"[1.0648004e-08 6.3993757e-05 5.3291714e-01 4.6384001e-01 3.1595002e-03
 1.9250276e-05 4.5697355e-08 8.3862617e-10 4.2077754e-11]"
D:\Uni\Ulm\Master\Hiwi-Forschung-und-Lehre\FairFace\detected_faces\1561756_face0.jpg,Middle Eastern,White,Male,10-19,"[3.8317546e-01 4.1380636e-06 8.8895196e-03 1.5600610e-05 5.7908193e-05
 3.8402766e-04 6.0747337e-01]",[9.99115467e-01 6.03712360e-05 1.10118715e-04 7.14063644e-04],[9.9999064e-01 9.3189137e-06],"[9.0662598e-07 2.5880192e-03 6.9410127e-01 2.8505334e-01 1.7261086e-02
 9.8952849e-04 5.6662129e-06 1.4762693e-07 2.4158446e-09]"
D:\Uni\Ulm\Master\Hiwi-Forschung-und-Lehre\FairFace\detected_faces\1561798_face0.jpg,White,White,Male,20-29,"[8.8057625e-01 6.9605972e-05 5.1744948e-03 1.7868922e-04 1.3259133e-04
 1.0073503e-04 1.1376760e-01]",[9.9924606e-01 1.2531724e-04 4.7967423e-04 1.4888133e-04],[9.9961632e-01 3.8371963e-04],"[4.6755034e-07 2.3350162e-04 2.4013160e-01 7.3261410e-01 2.6267309e-02
 7.4282731e-04 9.6657704e-06 5.6780067e-07 1.5095429e-08]"
D:\Uni\Ulm\Master\Hiwi-Forschung-und-Lehre\FairFace\detected_faces\1564553_face0.jpg,Latino_Hispanic,Black,Male,20-29,"[1.9504862e-02 1.9662295e-01 6.8803686e-01 3.5227917e-05 1.2319610e-03
 5.0713629e-02 4.3854438e-02]",[0.0045789  0.9347616  0.00120832 0.05945118],[9.9999738e-01 2.5961624e-06],"[1.35308937e-07 1.05577994e-04 1.92456797e-01 7.43466556e-01
 6.20168187e-02 1.92638033e-03 2.68088825e-05 9.25413246e-07
 1.41967149e-08]"
D:\Uni\Ulm\Master\Hiwi-Forschung-und-Lehre\FairFace\detected_faces\1564553_face1.jpg,White,White,Male,30-39,"[0.4360121  0.20099847 0.02207594 0.05334419 0.02544663 0.00990017
 0.2522225 ]",[0.83728796 0.03511986 0.11912154 0.00847066],[0.97086126 0.02913878],"[0.00446697 0.00730078 0.00786382 0.11761747 0.45069617 0.28340375
 0.10776878 0.01775523 0.00312704]"
D:\Uni\Ulm\Master\Hiwi-Forschung-und-Lehre\FairFace\detected_faces\1564682_face0.jpg,White,White,Male,10-19,"[9.9766594e-01 5.0065245e-07 4.8171627e-05 8.5193769e-06 4.2729089e-06
 1.6607256e-06 2.2710573e-03]",[9.9997240e-01 2.2009526e-06 2.4090130e-05 1.2979318e-06],[9.9996138e-01 3.8580165e-05],"[4.9516653e-05 2.4038943e-02 8.6919129e-01 9.3872659e-02 1.0787230e-02
 1.9554468e-03 1.0007051e-04 4.6774753e-06 2.6059917e-07]"
D:\Uni\Ulm\Master\Hiwi-Forschung-und-Lehre\FairFace\detected_faces\1564849_face0.jpg,Black,Black,Male,20-29,"[1.2727751e-06 9.9994200e-01 2.8448421e-05 6.6034545e-07 9.1115980e-06
 1.8077239e-05 4.5862504e-07]",[6.4043127e-07 9.9998558e-01 1.2353348e-05 1.4885238e-06],[0.99781454 0.00218546],"[6.5012524e-09 1.9176191e-06 7.7006468e-03 6.6237700e-01 3.1670648e-01
 1.2945751e-02 2.6613215e-04 1.9496254e-06 8.1272830e-08]"
D:\Uni\Ulm\Master\Hiwi-Forschung-und-Lehre\FairFace\detected_faces\1566879_face0.jpg,Black,Black,Male,20-29,"[5.6603984e-08 9.9999511e-01 9.2850149e-07 1.5304678e-08 1.4009063e-07
 3.6963097e-06 1.6532489e-08]",[1.3061562e-07 9.9999493e-01 6.4370522e-07 4.2569659e-06],[0.86858207 0.13141797],"[1.2286216e-07 1.3995773e-04 8.4137455e-02 7.0411283e-01 2.0261741e-01
 8.7942537e-03 1.9549411e-04 2.3718746e-06 1.6778539e-07]"
D:\Uni\Ulm\Master\Hiwi-Forschung-und-Lehre\FairFace\detected_faces\1567897_face0.jpg,White,White,Male,10-19,"[8.3972281e-01 2.1991154e-04 1.2723380e-01 1.7896298e-05 6.6995541e-05
 4.3163038e-04 3.2306913e-02]",[9.9708545e-01 1.8970275e-03 2.7822659e-04 7.3928927e-04],[9.9998534e-01 1.4673577e-05],"[6.16593567e-08 1.40598346e-03 8.87914836e-01 1.09659314e-01
 1.00593234e-03 1.38523737e-05 3.28037686e-08 9.09443798e-10
 3.05177550e-11]"
D:\Uni\Ulm\Master\Hiwi-Forschung-und-Lehre\FairFace\detected_faces\1568535_face0.jpg,White,White,Male,20-29,"[9.8913091e-01 3.9165403e-05 2.9869101e-03 3.5974103e-05 5.3403186e-05
 1.1475409e-04 7.6387348e-03]",[9.9625015e-01 7.7588530e-04 4.3175736e-04 2.5421996e-03],[9.9999988e-01 1.0034632e-07],"[1.0169914e-07 5.2769316e-05 5.8438472e-02 9.1255224e-01 2.8701289e-02
 2.5398756e-04 1.1366353e-06 3.5287879e-08 6.5520467e-10]"
D:\Uni\Ulm\Master\Hiwi-Forschung-und-Lehre\FairFace\detected_faces\1580022_face0.jpg,Black,Black,Male,20-29,"[7.6390995e-07 9.9997419e-01 1.6984664e-05 2.3884223e-07 2.3447765e-06
 4.3236205e-06 1.0371252e-06]",[7.5735267e-07 9.9998134e-01 1.1050493e-05 6.8669474e-06],[9.9924028e-01 7.5965753e-04],"[4.67418261e-07 8.46926938e-04 3.38930935e-01 6.23897374e-01
 3.52496654e-02 1.06306595e-03 1.11375775e-05 3.34031540e-07
 2.83980413e-08]"
D:\Uni\Ulm\Master\Hiwi-Forschung-und-Lehre\FairFace\detected_faces\1580024_face0.jpg,White,Asian,Male,10-19,"[7.1183079e-01 3.0696701e-04 3.2726411e-02 2.2486370e-02 1.2393579e-02
 6.5174507e-04 2.1960421e-01]",[0.47916132 0.00197773 0.496605   0.0222559 ],[9.99897897e-01 1.02126905e-04],"[1.9490647e-06 1.3229497e-03 5.2482939e-01 4.4158775e-01 3.0991051e-02
 1.2500236e-03 1.6111626e-05 8.1232452e-07 2.3705425e-08]"
D:\Uni\Ulm\Master\Hiwi-Forschung-und-Lehre\FairFace\detected_faces\1585898_face0.jpg,Middle Eastern,White,Male,20-29,"[5.9977137e-02 1.7317304e-04 2.3197832e-02 1.1187643e-05 5.3155345e-05
 2.8279221e-02 8.8830829e-01]",[9.2563200e-01 2.3440982e-03 5.1720010e-04 7.1506716e-02],[9.9999648e-01 3.5173045e-06],"[2.0487483e-05 3.3906386e-03 9.4758958e-02 7.0052481e-01 1.9117272e-01
 1.0048678e-02 8.0729973e-05 2.8909262e-06 5.1320278e-08]"
D:\Uni\Ulm\Master\Hiwi-Forschung-und-Lehre\FairFace\detected_faces\1585899_face0.jpg,Latino_Hispanic,Indian,Male,10-19,"[1.0463846e-01 5.8375229e-03 6.8593854e-01 1.5892667e-05 2.0879973e-04
 1.3636132e-02 1.8972461e-01]",[0.34790313 0.03803451 0.01010703 0.6039553 ],[9.997662e-01 2.338047e-04],"[1.0599224e-07 2.7675389e-03 9.5630872e-01 4.0485084e-02 4.3114330e-04
 7.4575023e-06 2.8192998e-08 2.5065654e-09 1.1719148e-10]"
D:\Uni\Ulm\Master\Hiwi-Forschung-und-Lehre\FairFace\detected_faces\1586020_face0.jpg,Black,Black,Male,20-29,"[2.0584259e-02 5.0696403e-01 4.5141205e-01 2.9309953e-04 7.2892564e-03
 1.1461483e-02 1.9957449e-03]",[1.8141880e-03 9.9157834e-01 4.4504597e-04 6.1624460e-03],[9.9983084e-01 1.6912098e-04],"[2.3282896e-08 3.7188027e-05 3.1432697e-01 6.5659320e-01 2.8671268e-02
 3.6804628e-04 3.1530117e-06 7.2269060e-08 2.3773592e-09]"
D:\Uni\Ulm\Master\Hiwi-Forschung-und-Lehre\FairFace\detected_faces\1586047_face0.jpg,Latino_Hispanic,White,Male,20-29,"[0.20921767 0.07577816 0.5220941  0.00147246 0.01111117 0.10781506
 0.07251137]",[0.84004366 0.00999436 0.00742901 0.142533  ],[9.999613e-01 3.866525e-05],"[5.5741117e-07 3.4778015e-05 1.9440930e-02 6.7141676e-01 2.9716250e-01
 1.1682709e-02 2.5193725e-04 9.3937297e-06 3.9774730e-07]"
D:\Uni\Ulm\Master\Hiwi-Forschung-und-Lehre\FairFace\detected_faces\1586926_face0.jpg,White,White,Male,20-29,"[0.5758884  0.0075138  0.03447163 0.01308209 0.01215975 0.01716392
 0.33972046]",[0.75834763 0.01834423 0.16615842 0.05714977],[0.90011597 0.09988397],"[1.8313633e-05 1.1224839e-03 5.9393231e-02 4.1438314e-01 3.1495726e-01
 1.4181396e-01 5.6322224e-02 1.0908429e-02 1.0809652e-03]"
D:\Uni\Ulm\Master\Hiwi-Forschung-und-Lehre\FairFace\detected_faces\1587694_face0.jpg,Middle Eastern,White,Male,20-29,"[4.3289703e-01 2.3775939e-04 6.4302012e-02 5.0720014e-04 2.5803146e-03
 1.3454481e-04 4.9934110e-01]",[9.9294394e-01 4.4051826e-04 6.3403919e-03 2.7510125e-04],[0.96424973 0.03575026],"[4.9533986e-07 6.7895115e-04 2.3447484e-01 6.2027186e-01 1.4042255e-01
 4.1074734e-03 4.2776857e-05 1.0425766e-06 3.0991231e-08]"
D:\Uni\Ulm\Master\Hiwi-Forschung-und-Lehre\FairFace\detected_faces\1590101_face0.jpg,White,White,Male,10-19,"[8.9250082e-01 3.6961850e-05 2.0137558e-02 4.0960539e-04 4.1849134e-04
 3.1560045e-05 8.6464822e-02]",[9.6842837e-01 1.1239192e-03 2.9699558e-02 7.4820186e-04],[9.9999630e-01 3.6934007e-06],"[2.5409275e-07 2.0294425e-03 8.8311726e-01 1.1221631e-01 2.5502567e-03
 8.5746433e-05 6.7995370e-07 2.5433165e-08 4.0340878e-10]"
D:\Uni\Ulm\Master\Hiwi-Forschung-und-Lehre\FairFace\detected_faces\1590568_face0.jpg,White,White,Male,20-29,"[9.9384522e-01 2.6012730e-04 4.0154229e-03 3.4658983e-04 6.7054521e-04
 1.7260089e-04 6.8950868e-04]",[9.9253190e-01 4.2423035e-04 6.1036823e-03 9.4017002e-04],[9.9999648e-01 3.5373819e-06],"[1.8026000e-08 3.2790722e-06 3.3579819e-02 8.6769652e-01 9.0686604e-02
 7.8202542e-03 2.0887794e-04 4.5136812e-06 7.2038773e-08]"
D:\Uni\Ulm\Master\Hiwi-Forschung-und-Lehre\FairFace\detected_faces\1591981_face0.jpg,East Asian,Asian,Male,10-19,"[2.6367747e-04 4.9973740e-05 7.7957491e-04 6.7567962e-01 3.2269320e-01
 5.2357756e-04 1.0288872e-05]",[4.89651342e-04 1.34864285e-05 9.99160230e-01 3.36621277e-04],[9.9999839e-01 1.6156248e-06],"[3.1178146e-07 2.8823237e-03 8.1830114e-01 1.7414096e-01 4.5442050e-03
 1.2906948e-04 1.7099348e-06 2.1194862e-07 2.7920841e-09]"
D:\Uni\Ulm\Master\Hiwi-Forschung-und-Lehre\FairFace\detected_faces\1592169_face0.jpg,Black,Black,Male,20-29,"[3.7329153e-06 9.9995232e-01 3.2828775e-05 1.5158303e-08 2.0236068e-07
 1.6145740e-06 9.2932796e-06]",[1.2398290e-06 9.9999726e-01 5.5143244e-07 9.5724909e-07],[9.9999976e-01 2.6977835e-07],"[4.2540537e-07 1.4451152e-05 5.4572755e-03 6.1587453e-01 3.3855256e-01
 3.9079130e-02 9.8683266e-04 3.3050390e-05 1.7081120e-06]"
D:\Uni\Ulm\Master\Hiwi-Forschung-und-Lehre\FairFace\detected_faces\1592317_face0.jpg,Black,Black,Male,10-19,"[1.0994515e-02 3.1282392e-01 3.0897227e-01 2.4831205e-04 5.1593580e-03
 1.3991053e-01 2.2189103e-01]",[0.00069926 0.6911648  0.00587604 0.30225986],[0.998752   0.00124802],"[4.9345613e-07 1.6801091e-02 9.7308159e-01 9.8672276e-03 2.4131317e-04
 8.2154957e-06 6.2561504e-08 7.5406135e-09 2.5909871e-10]"
D:\Uni\Ulm\Master\Hiwi-Forschung-und-Lehre\FairFace\detected_faces\1592389_face0.jpg,White,White,Male,10-19,"[9.9576348e-01 5.3339354e-06 2.1394886e-04 4.2312695e-06 4.0130803e-06
 8.0506322e-07 4.0081427e-03]",[9.9989551e-01 5.9058453e-05 2.5392023e-05 2.0051095e-05],[9.9999636e-01 3.6462204e-06],"[4.2891093e-06 1.1817815e-02 9.0152419e-01 7.9733692e-02 5.6775990e-03
 1.1503024e-03 8.1888094e-05 9.9430908e-06 2.5721454e-07]"
D:\Uni\Ulm\Master\Hiwi-Forschung-und-Lehre\FairFace\detected_faces\1593640_face0.jpg,White,White,Male,20-29,"[9.9629605e-01 4.5632433e-07 2.6108572e-04 3.1196614e-05 3.7123667e-05
 2.1767712e-06 3.3719519e-03]",[9.9988538e-01 1.2506133e-06 9.3474744e-05 1.9928624e-05],[9.99947e-01 5.30251e-05],"[4.5808211e-09 6.2036443e-06 2.7320153e-01 7.1935791e-01 7.3038363e-03
 1.2931012e-04 1.1942167e-06 3.6338594e-08 6.0790784e-10]"
D:\Uni\Ulm\Master\Hiwi-Forschung-und-Lehre\FairFace\detected_faces\1594156_face0.jpg,White,White,Male,10-19,"[8.3362979e-01 2.6176570e-03 1.1412169e-01 7.8039459e-04 8.3482277e-04
 7.3643593e-04 4.7279205e-02]",[9.9930364e-01 5.0225324e-04 6.8767062e-05 1.2530589e-04],[0.9753473  0.02465272],"[2.0613293e-04 2.7471609e-02 4.5219976e-01 3.3446729e-01 1.3873944e-01
 4.1112076e-02 5.1504206e-03 6.0448045e-04 4.8740108e-05]"
D:\Uni\Ulm\Master\Hiwi-Forschung-und-Lehre\FairFace\detected_faces\1594840_face0.jpg,White,White,Male,10-19,"[9.7611529e-01 3.7327263e-05 1.8975763e-03 1.0518845e-05 4.3802051e-05
 1.7604001e-05 2.1877995e-02]",[9.9965990e-01 5.8680213e-05 1.9345542e-04 8.7883753e-05],[0.99779856 0.00220144],"[2.6121467e-07 2.5861156e-03 7.4799252e-01 2.4306060e-01 5.9928014e-03
 3.6227427e-04 5.1644038e-06 2.1710089e-07 7.5395201e-09]"
D:\Uni\Ulm\Master\Hiwi-Forschung-und-Lehre\FairFace\detected_faces\1594963_face0.jpg,Middle Eastern,White,Male,20-29,"[4.3881851e-01 7.2711955e-05 3.5728589e-02 4.9720569e-05 9.3932293e-05
 1.7650025e-04 5.2506000e-01]",[9.9526733e-01 1.8770734e-03 4.8102569e-04 2.3746137e-03],[9.999995e-01 4.357719e-07],"[3.11263051e-07 3.91152949e-04 1.17486805e-01 8.04611385e-01
 7.64328167e-02 1.07501063e-03 2.52008431e-06 3.29772156e-08
 4.92605179e-10]"
D:\Uni\Ulm\Master\Hiwi-Forschung-und-Lehre\FairFace\detected_faces\1595111_face0.jpg,White,White,Male,10-19,"[0.76657546 0.00097521 0.17164983 0.00095386 0.0031479  0.01241595
 0.04428189]",[9.8288941e-01 1.9218363e-03 9.7525609e-04 1.4213476e-02],[9.9999297e-01 7.0204255e-06],"[3.4822293e-07 1.1156008e-03 5.7056582e-01 4.1687110e-01 1.1211360e-02
 2.3333506e-04 2.3674777e-06 8.3769315e-08 1.7273830e-09]"
D:\Uni\Ulm\Master\Hiwi-Forschung-und-Lehre\FairFace\detected_faces\1595496_face0.jpg,Middle Eastern,White,Male,20-29,"[2.3540169e-01 1.5470080e-04 2.8497869e-02 2.3609109e-04 2.5024667e-04
 2.3810959e-03 7.3307830e-01]",[9.5775819e-01 8.6580770e-04 3.0035747e-02 1.1340243e-02],[9.9999797e-01 2.0361856e-06],"[5.8722884e-07 1.1311791e-04 1.6770414e-01 7.9867089e-01 3.3124801e-02
 3.8411401e-04 2.2046802e-06 1.6340132e-07 2.8011045e-09]"
D:\Uni\Ulm\Master\Hiwi-Forschung-und-Lehre\FairFace\detected_faces\1595588_face0.jpg,Latino_Hispanic,White,Male,20-29,"[3.3607465e-01 7.0334674e-05 3.6281082e-01 2.4345317e-03 5.1502474e-03
 6.7608878e-03 2.8669849e-01]",[0.7509907  0.00725939 0.10081543 0.14093442],[1.0000000e+00 2.0976232e-09],"[9.8818722e-09 4.8720945e-06 1.7299164e-02 9.3255097e-01 4.9809474e-02
 3.3474312e-04 7.6042232e-07 7.2743331e-09 4.1047065e-11]"
D:\Uni\Ulm\Master\Hiwi-Forschung-und-Lehre\FairFace\detected_faces\1596517_face0.jpg,White,White,Male,10-19,"[9.9991512e-01 9.1918899e-08 4.2811021e-06 5.4106272e-06 3.9701968e-06
 1.4796302e-07 7.0977519e-05]",[9.9941242e-01 6.0463376e-06 5.7216216e-04 9.4017814e-06],[9.9999535e-01 4.6297355e-06],"[2.0207128e-06 2.9410918e-03 5.5855483e-01 4.2173517e-01 1.6011307e-02
 7.4711361e-04 8.1730377e-06 1.9331388e-07 8.2746521e-09]"
D:\Uni\Ulm\Master\Hiwi-Forschung-und-Lehre\FairFace\detected_faces\1596552_face0.jpg,White,White,Male,20-29,"[9.7729307e-01 1.0445582e-04 1.4338049e-02 2.1450971e-05 8.7468623e-05
 3.3247135e-05 8.1223333e-03]",[9.9170482e-01 7.1794484e-03 1.7822653e-04 9.3747413e-04],[9.9999982e-01 1.7623793e-07],"[1.6665880e-09 1.3476308e-06 1.2491104e-02 9.4275957e-01 4.4339105e-02
 4.0763459e-04 1.2657248e-06 1.2659083e-08 1.4502101e-10]"
D:\Uni\Ulm\Master\Hiwi-Forschung-und-Lehre\FairFace\detected_faces\1596558_face0.jpg,White,White,Male,20-29,"[4.6079096e-01 1.5331127e-03 2.5953171e-01 3.5300251e-04 1.5002105e-03
 5.3286951e-02 2.2300407e-01]",[0.97456473 0.00285627 0.00436035 0.01821866],[9.9998343e-01 1.6587368e-05],"[3.8053474e-06 5.6858739e-04 2.2919128e-02 7.9265618e-01 1.7959078e-01
 4.2365571e-03 2.4415733e-05 5.3105651e-07 9.6024086e-09]"
D:\Uni\Ulm\Master\Hiwi-Forschung-und-Lehre\FairFace\detected_faces\1596935_face0.jpg,White,White,Male,10-19,"[9.9942195e-01 3.2235667e-07 3.8686685e-05 2.7138654e-07 3.2255485e-07
 1.7613257e-07 5.3833966e-04]",[9.9999696e-01 1.0174043e-06 8.3943985e-07 1.1913958e-06],[9.9999994e-01 9.7991993e-08],"[1.6096060e-06 2.2784681e-03 5.8830583e-01 3.9336851e-01 1.5690198e-02
 3.5362330e-04 1.7407640e-06 2.2924745e-08 3.6359263e-10]"
D:\Uni\Ulm\Master\Hiwi-Forschung-und-Lehre\FairFace\detected_faces\1604109_face0.jpg,Latino_Hispanic,White,Male,20-29,"[0.186595   0.00133006 0.46969038 0.00106482 0.0014335  0.00451596
 0.33537036]",[0.7409453  0.13160734 0.073944   0.05350335],[9.999920e-01 7.978358e-06],"[5.2078562e-06 2.6787263e-03 2.7680957e-01 6.0043573e-01 1.1418855e-01
 5.8202781e-03 6.0040573e-05 1.9380141e-06 2.3657345e-08]"
D:\Uni\Ulm\Master\Hiwi-Forschung-und-Lehre\FairFace\detected_faces\1604177_face0.jpg,Latino_Hispanic,Indian,Male,20-29,"[5.0621063e-02 8.3189299e-03 7.6922667e-01 5.4072872e-05 1.3349953e-03
 8.2168631e-02 8.8275492e-02]",[0.22370973 0.11999676 0.00387391 0.6524196 ],[9.9999982e-01 1.4245597e-07],"[6.2194637e-08 4.3997705e-05 1.3296270e-01 8.0395639e-01 6.1931085e-02
 1.1010512e-03 4.4814037e-06 1.6993722e-07 1.5354378e-09]"
D:\Uni\Ulm\Master\Hiwi-Forschung-und-Lehre\FairFace\detected_faces\1604852_face0.jpg,Middle Eastern,White,Male,10-19,"[4.2853627e-01 6.6728960e-04 4.9034143e-03 1.5054007e-04 1.6050867e-04
 5.6546583e-04 5.6501657e-01]",[0.9756506  0.01107392 0.004528   0.0087474 ],[9.9996376e-01 3.6226131e-05],"[5.9353735e-04 3.1654030e-01 6.0283607e-01 6.4147741e-02 1.2558390e-02
 3.1322085e-03 1.6906548e-04 2.1323636e-05 1.3533127e-06]"
D:\Uni\Ulm\Master\Hiwi-Forschung-und-Lehre\FairFace\detected_faces\1605227_face0.jpg,White,White,Male,20-29,"[7.4081314e-01 2.2585514e-04 6.1811209e-02 4.7158892e-06 4.2901738e-05
 3.2029615e-03 1.9389921e-01]",[9.8857099e-01 1.7701003e-03 1.0043881e-04 9.5584812e-03],[9.9999511e-01 4.9087475e-06],"[1.0101728e-07 1.3550857e-04 2.6249015e-01 7.1442950e-01 2.2064477e-02
 8.7066059e-04 9.3545104e-06 2.8767678e-07 5.3121485e-09]"
D:\Uni\Ulm\Master\Hiwi-Forschung-und-Lehre\FairFace\detected_faces\1605664_face0.jpg,White,White,Male,20-29,"[9.8374450e-01 1.0248489e-04 5.5712294e-03 4.0432443e-03 2.3764488e-03
 5.4566139e-05 4.1075577e-03]",[9.3834007e-01 8.8672916e-04 6.0393743e-02 3.7944067e-04],[0.9919464 0.0080536],"[3.8337774e-07 1.8987949e-04 4.3060073e-01 5.4807222e-01 2.0309350e-02
 8.1114762e-04 1.5143980e-05 1.0899658e-06 5.9409430e-08]"
D:\Uni\Ulm\Master\Hiwi-Forschung-und-Lehre\FairFace\detected_faces\1605665_face0.jpg,White,White,Male,20-29,"[9.9926233e-01 1.8600414e-05 1.9932778e-04 9.7293241e-07 2.4865028e-06
 3.8821318e-06 5.1237707e-04]",[9.9971026e-01 6.7017507e-05 1.7769920e-05 2.0491068e-04],[9.9999791e-01 2.1092264e-06],"[1.0527340e-08 7.8068679e-06 2.6534237e-02 9.1366553e-01 5.9214234e-02
 5.7590212e-04 2.1760538e-06 2.4649090e-08 3.4060316e-10]"
D:\Uni\Ulm\Master\Hiwi-Forschung-und-Lehre\FairFace\detected_faces\1606561_face0.jpg,Latino_Hispanic,White,Male,20-29,"[3.2483107e-01 1.3886570e-03 4.6480778e-01 4.4196953e-05 4.2051435e-04
 1.7291455e-02 1.9121635e-01]",[0.9021561  0.03065179 0.00099772 0.06619439],[9.9999970e-01 3.7343378e-07],"[1.3238208e-07 1.2510529e-04 1.9734377e-01 7.1641535e-01 8.3178855e-02
 2.9102813e-03 2.5800038e-05 6.7237056e-07 8.0240854e-09]"
D:\Uni\Ulm\Master\Hiwi-Forschung-und-Lehre\FairFace\detected_faces\1606622_face0.jpg,White,White,Male,10-19,"[9.3571228e-01 4.1047544e-05 1.2667728e-02 2.8558027e-02 2.0670839e-02
 2.3589280e-04 2.1143111e-03]",[9.9877584e-01 3.9809743e-06 1.2147801e-03 5.4282505e-06],[9.9978173e-01 2.1826148e-04],"[5.2462798e-07 2.9892123e-03 9.3595648e-01 6.0474049e-02 5.6634238e-04
 1.3241695e-05 1.4293552e-07 1.5144970e-08 7.5755546e-10]"
D:\Uni\Ulm\Master\Hiwi-Forschung-und-Lehre\FairFace\detected_faces\1606797_face0.jpg,White,White,Male,10-19,"[9.9596834e-01 5.5663775e-05 2.4772349e-03 9.5466916e-05 7.7371245e-05
 1.1660779e-05 1.3142433e-03]",[9.99609590e-01 3.29602444e-05 2.51779275e-04 1.05742176e-04],[9.991169e-01 8.831345e-04],"[9.2991201e-08 3.7940865e-04 5.9644580e-01 3.9462301e-01 8.0477893e-03
 4.8443928e-04 1.8816763e-05 6.3667085e-07 3.5925467e-08]"
D:\Uni\Ulm\Master\Hiwi-Forschung-und-Lehre\FairFace\detected_faces\1613065_face0.jpg,White,White,Male,20-29,"[9.1427785e-01 5.2816704e-05 6.4312955e-03 5.5954512e-04 3.3716814e-04
 2.4771600e-04 7.8093596e-02]",[9.9862957e-01 4.4190331e-04 6.2716939e-04 3.0125232e-04],[9.999963e-01 3.656261e-06],"[6.5286451e-07 1.4563452e-04 8.9980252e-02 7.6076454e-01 1.4442483e-01
 4.6497844e-03 3.3393382e-05 8.8792359e-07 2.4770642e-08]"
D:\Uni\Ulm\Master\Hiwi-Forschung-und-Lehre\FairFace\detected_faces\1613102_face0.jpg,White,White,Male,20-29,"[9.4608170e-01 7.6283559e-06 1.8060382e-03 1.1471462e-03 6.5277953e-04
 1.0648205e-04 5.0198194e-02]",[9.9739492e-01 9.1867747e-05 1.8754146e-03 6.3782698e-04],[9.9999481e-01 5.1241077e-06],"[1.2793323e-07 4.0215577e-06 2.7747523e-02 7.3014891e-01 2.0893756e-01
 3.1568654e-02 1.4922372e-03 9.8975652e-05 1.9669858e-06]"
D:\Uni\Ulm\Master\Hiwi-Forschung-und-Lehre\FairFace\detected_faces\1613104_face0.jpg,White,White,Male,20-29,"[9.3741649e-01 5.0711542e-06 2.5021238e-03 6.1488558e-05 4.8918260e-05
 1.0411214e-05 5.9955444e-02]",[9.9893099e-01 1.1241961e-04 9.0331677e-04 5.3315645e-05],[9.9999994e-01 5.6015004e-08],"[9.4773713e-06 5.6217830e-03 4.3743783e-01 4.3828997e-01 1.1073574e-01
 7.8501794e-03 5.4521606e-05 4.9399853e-07 4.7846060e-09]"
D:\Uni\Ulm\Master\Hiwi-Forschung-und-Lehre\FairFace\detected_faces\1613627_face0.jpg,Black,Black,Male,20-29,"[9.1077720e-07 9.9990797e-01 2.7623197e-05 3.0409003e-06 4.7002286e-05
 8.2868301e-06 5.2673231e-06]",[8.4788953e-06 9.9956918e-01 4.0900343e-04 1.3315556e-05],[9.9991649e-01 8.3536295e-05],"[2.2801711e-07 1.3399015e-04 6.0751524e-02 8.0231923e-01 1.3095428e-01
 5.7804193e-03 5.9232832e-05 9.8985504e-07 9.9726400e-08]"
D:\Uni\Ulm\Master\Hiwi-Forschung-und-Lehre\FairFace\detected_faces\1613841_face0.jpg,White,White,Male,20-29,"[9.0884161e-01 2.7798768e-04 1.2929924e-02 4.7264230e-03 1.7288869e-03
 4.2968374e-04 7.1065485e-02]",[9.8287994e-01 1.2909202e-02 3.3870542e-03 8.2388532e-04],[9.9989623e-01 1.0381194e-04],"[1.2219278e-04 2.9062775e-03 1.1562623e-01 4.8490137e-01 2.6908675e-01
 9.7279206e-02 2.5322916e-02 4.4451565e-03 3.0986752e-04]"
D:\Uni\Ulm\Master\Hiwi-Forschung-und-Lehre\FairFace\detected_faces\1613843_face0.jpg,Black,Black,Male,20-29,"[3.2108937e-07 9.9974620e-01 6.5735953e-06 3.2240585e-08 1.1477124e-06
 2.4552445e-04 1.8125608e-07]",[2.7233405e-06 9.9999130e-01 1.3310339e-06 4.6325749e-06],[9.9998510e-01 1.4871317e-05],"[4.6051898e-08 5.7619312e-05 5.1060658e-02 8.4810489e-01 9.7267382e-02
 3.4599558e-03 4.8362192e-05 1.0366990e-06 4.6105644e-08]"
D:\Uni\Ulm\Master\Hiwi-Forschung-und-Lehre\FairFace\detected_faces\1614418_face0.jpg,White,White,Male,10-19,"[8.05644512e-01 9.38589685e-04 9.03381333e-02 1.09424320e-04
 4.48720850e-04 4.63578152e-04 1.02056965e-01]",[0.9520324  0.04133128 0.00229117 0.00434516],[9.9999952e-01 4.7122634e-07],"[1.7310482e-07 3.9165741e-04 5.7604468e-01 4.0835407e-01 1.4479023e-02
 7.2128669e-04 8.9350697e-06 1.6538127e-07 2.0756101e-09]"
D:\Uni\Ulm\Master\Hiwi-Forschung-und-Lehre\FairFace\detected_faces\1614419_face0.jpg,White,White,Male,10-19,"[5.9207159e-01 5.5412366e-04 3.2777411e-01 4.4720518e-04 7.0738187e-04
 4.2824852e-04 7.8017317e-02]",[0.96306556 0.03081417 0.00359553 0.00252471],[9.999909e-01 9.148525e-06],"[2.9610018e-07 9.6177141e-04 8.1693619e-01 1.7695603e-01 5.0234036e-03
 1.2098623e-04 1.1908409e-06 4.2444434e-08 6.6015843e-10]"
D:\Uni\Ulm\Master\Hiwi-Forschung-und-Lehre\FairFace\detected_faces\1615820_face0.jpg,White,White,Male,20-29,"[9.9944526e-01 1.9171324e-05 9.4217859e-05 3.0352382e-07 1.0521879e-06
 4.3892155e-06 4.3561525e-04]",[9.9991709e-01 5.6035224e-05 1.2402040e-05 1.4557865e-05],[9.9998981e-01 1.0227879e-05],"[1.2021734e-06 1.4364837e-03 1.9502285e-01 7.6520866e-01 3.6204875e-02
 2.0911233e-03 3.3305554e-05 1.4576486e-06 6.3450599e-08]"
D:\Uni\Ulm\Master\Hiwi-Forschung-und-Lehre\FairFace\detected_faces\1616588_face0.jpg,Latino_Hispanic,Asian,Male,10-19,"[0.11503921 0.00184497 0.7412712  0.03840603 0.03925931 0.00513967
 0.05903965]",[0.06029416 0.02218138 0.8466936  0.07083088],[9.9999791e-01 2.1145072e-06],"[3.9176284e-06 3.7581129e-03 5.7733309e-01 3.6975574e-01 4.5548409e-02
 3.5112754e-03 8.3946041e-05 5.4595116e-06 9.2537007e-08]"
D:\Uni\Ulm\Master\Hiwi-Forschung-und-Lehre\FairFace\detected_faces\1618452_face0.jpg,White,White,Male,20-29,"[8.7130553e-01 3.8726997e-04 5.9367333e-02 7.1894336e-03 3.3948577e-03
 1.0312395e-03 5.7324339e-02]",[9.9942815e-01 1.1898748e-04 3.2836100e-04 1.2442088e-04],[0.9897138  0.01028622],"[3.3784505e-05 1.9199554e-03 1.9357912e-01 4.1651434e-01 2.9544824e-01
 8.4984526e-02 6.6123484e-03 8.7247009e-04 3.5140751e-05]"
D:\Uni\Ulm\Master\Hiwi-Forschung-und-Lehre\FairFace\detected_faces\1618538_face0.jpg,White,White,Male,10-19,"[9.8852366e-01 2.4732279e-05 2.2754478e-03 8.4837448e-05 1.0870338e-04
 5.2391479e-06 8.9773182e-03]",[9.9453712e-01 8.7333343e-04 4.1546854e-03 4.3484208e-04],[1.0000000e+00 4.5729937e-08],"[2.1465021e-07 1.7377583e-03 8.4719491e-01 1.4904128e-01 1.9755827e-03
 4.9895618e-05 3.1782446e-07 1.1366143e-08 1.6664689e-10]"
D:\Uni\Ulm\Master\Hiwi-Forschung-und-Lehre\FairFace\detected_faces\1618554_face0.jpg,Latino_Hispanic,Black,Male,10-19,"[0.22871493 0.07317895 0.6624397  0.00106058 0.0116541  0.0077734
 0.01517836]",[0.1264371  0.82998276 0.00850472 0.03507539],[9.999996e-01 4.068027e-07],"[5.8934941e-09 9.5244272e-05 7.5790197e-01 2.4137038e-01 6.2980771e-04
 2.5590741e-06 9.0519183e-09 3.6129857e-10 7.8740686e-12]"
D:\Uni\Ulm\Master\Hiwi-Forschung-und-Lehre\FairFace\detected_faces\1619732_face0.jpg,White,White,Male,20-29,"[9.4390762e-01 9.0984386e-06 1.0161437e-03 3.6170038e-06 2.6996613e-05
 3.5614698e-04 5.4680362e-02]",[9.9905545e-01 1.8208633e-05 6.5948021e-05 8.6035533e-04],[9.9999732e-01 2.6550572e-06],"[4.0945551e-08 1.5118856e-05 3.0252133e-02 8.4873581e-01 1.1370048e-01
 7.1606869e-03 1.3175342e-04 3.7727218e-06 1.9539767e-07]"
D:\Uni\Ulm\Master\Hiwi-Forschung-und-Lehre\FairFace\detected_faces\1620519_face0.jpg,White,White,Male,20-29,"[4.1088939e-01 8.5543059e-02 3.8966054e-01 1.0193271e-04 4.5521531e-04
 7.3859371e-02 3.9490484e-02]",[6.2329590e-01 3.1403220e-01 1.2427212e-04 6.2547617e-02],[0.99767065 0.00232936],"[1.1384687e-06 2.8270821e-03 4.0555578e-01 5.7431054e-01 1.7025836e-02
 2.7751378e-04 2.0118016e-06 8.0497649e-08 4.4194151e-09]"
D:\Uni\Ulm\Master\Hiwi-Forschung-und-Lehre\FairFace\detected_faces\1621150_face0.jpg,White,White,Male,10-19,"[9.4908774e-01 3.5142546e-06 1.2905226e-02 8.1256847e-05 1.4612882e-04
 2.8433948e-04 3.7491746e-02]",[9.9845189e-01 9.6192285e-05 9.1481942e-04 5.3706736e-04],[9.999989e-01 1.050961e-06],"[1.5066684e-05 5.5434857e-02 8.7999392e-01 5.2912451e-02 9.9342177e-03
 1.6946463e-03 1.4622724e-05 2.2845980e-07 4.7664535e-09]"
D:\Uni\Ulm\Master\Hiwi-Forschung-und-Lehre\FairFace\detected_faces\1625767_face0.jpg,White,Asian,Female,40-49,"[0.2947627  0.01250792 0.22082199 0.19758493 0.05417161 0.0440261
 0.17612475]",[0.30522132 0.02249204 0.40310913 0.26917747],[0.16364919 0.8363508 ],"[3.5036323e-05 3.2295805e-04 1.2385172e-02 2.1734285e-01 2.9757202e-01
 3.0810511e-01 1.3094012e-01 3.1887226e-02 1.4094948e-03]"
D:\Uni\Ulm\Master\Hiwi-Forschung-und-Lehre\FairFace\detected_faces\1625776_face0.jpg,White,White,Male,10-19,"[9.9977213e-01 9.3628829e-09 1.0826763e-05 3.3084387e-07 5.1047886e-07
 2.6836892e-07 2.1597737e-04]",[9.9998951e-01 7.9502223e-07 5.5694381e-06 4.0694099e-06],[1.000000e+00 5.047502e-08],"[1.1682289e-07 1.3461652e-03 9.2761540e-01 6.8932928e-02 1.9416715e-03
 1.6251169e-04 1.1514688e-06 2.5524068e-08 3.4160644e-10]"
D:\Uni\Ulm\Master\Hiwi-Forschung-und-Lehre\FairFace\detected_faces\1626200_face0.jpg,Black,Black,Male,20-29,"[1.5753409e-07 9.9998778e-01 5.5948722e-06 4.3702446e-08 5.8403856e-07
 5.0375947e-06 7.4596721e-07]",[2.8724248e-06 9.9997175e-01 1.9832167e-05 5.5303071e-06],[9.993170e-01 6.829569e-04],"[2.9587001e-08 5.6800436e-06 6.5790629e-03 6.9736725e-01 2.7513689e-01
 2.0753400e-02 1.5596891e-04 1.5475706e-06 7.8288622e-08]"
D:\Uni\Ulm\Master\Hiwi-Forschung-und-Lehre\FairFace\detected_faces\1628422_face0.jpg,White,White,Male,10-19,"[9.6892852e-01 8.4734522e-05 7.4282261e-03 2.3429611e-04 1.5212045e-04
 4.1019277e-05 2.3131056e-02]",[9.9423832e-01 4.3402514e-03 1.3346869e-03 8.6643027e-05],[9.9999976e-01 2.4084284e-07],"[1.8080034e-05 2.4505479e-02 6.8074250e-01 2.4028084e-01 4.7411781e-02
 6.7736702e-03 2.5940660e-04 8.0789223e-06 2.1680816e-07]"
D:\Uni\Ulm\Master\Hiwi-Forschung-und-Lehre\FairFace\detected_faces\1629002_face0.jpg,Middle Eastern,White,Male,20-29,"[2.1186112e-01 1.9422339e-04 5.3378772e-02 2.5155614e-04 6.6289352e-04
 3.7884242e-03 7.2986299e-01]",[0.6632758  0.01324845 0.05628382 0.26719195],[9.9998879e-01 1.1192113e-05],"[2.3481147e-07 8.7475032e-04 4.2941144e-01 5.4726797e-01 2.1737840e-02
 7.0461095e-04 2.9411858e-06 8.2456211e-08 1.2685345e-09]"
D:\Uni\Ulm\Master\Hiwi-Forschung-und-Lehre\FairFace\detected_faces\1629003_face0.jpg,White,White,Male,10-19,"[9.9966723e-01 1.4864534e-09 1.4339164e-06 7.5128945e-08 7.5722163e-08
 2.5040485e-08 3.3116838e-04]",[9.9999946e-01 2.1086304e-08 3.7723299e-07 1.2155132e-07],[0.9786778  0.02132216],"[1.4547068e-05 5.2020838e-03 8.0032676e-01 1.5060556e-01 2.1367719e-02
 2.1243621e-02 1.1182227e-03 1.1279763e-04 8.6152040e-06]"
D:\Uni\Ulm\Master\Hiwi-Forschung-und-Lehre\FairFace\detected_faces\1629006_face0.jpg,Middle Eastern,Indian,Male,20-29,"[2.4110980e-03 8.6318149e-05 2.5789211e-02 1.2725491e-04 1.0920842e-03
 3.3905804e-03 9.6710348e-01]",[0.05284324 0.12393945 0.02498013 0.7982372 ],[9.9999636e-01 3.6096549e-06],"[1.7883040e-07 4.9377338e-04 3.3734319e-01 6.0777879e-01 5.2537333e-02
 1.8369853e-03 9.4146953e-06 2.7204379e-07 2.7189748e-09]"
D:\Uni\Ulm\Master\Hiwi-Forschung-und-Lehre\FairFace\detected_faces\1630988_face0.jpg,White,White,Male,20-29,"[9.07589436e-01 8.78332648e-04 1.58852339e-02 1.40749125e-05
 8.43851449e-05 4.46714403e-04 7.51017854e-02]",[9.9795818e-01 1.6254593e-03 1.4485270e-04 2.7147395e-04],[1.0000000e+00 6.6343566e-09],"[2.2308370e-07 1.2627868e-04 4.5900702e-02 8.9431494e-01 5.8914214e-02
 7.4027188e-04 3.3524623e-06 7.4409513e-08 5.5658594e-10]"
D:\Uni\Ulm\Master\Hiwi-Forschung-und-Lehre\FairFace\detected_faces\1632472_face0.jpg,White,White,Male,20-29,"[7.9852039e-01 1.3942276e-04 4.6637040e-02 9.5562014e-04 7.8297005e-04
 3.5069854e-04 1.5261380e-01]",[9.9483544e-01 2.6501911e-03 2.4323927e-03 8.1901497e-05],[9.9999946e-01 4.9912120e-07],"[9.8676981e-07 1.0948551e-03 3.4669042e-01 6.4268696e-01 9.4401399e-03
 8.6272281e-05 3.7084166e-07 2.1671836e-08 4.5150841e-10]"
D:\Uni\Ulm\Master\Hiwi-Forschung-und-Lehre\FairFace\detected_faces\1632524_face0.jpg,White,White,Male,20-29,"[9.9999684e-01 5.4216120e-09 2.0182169e-07 1.2691930e-07 2.3439800e-07
 1.1561800e-08 2.6366104e-06]",[9.9999785e-01 7.1895663e-08 2.0743671e-06 3.1004753e-08],[9.9959999e-01 4.0005392e-04],"[5.8489366e-07 8.3063799e-04 3.5110632e-01 6.2524581e-01 2.1856369e-02
 9.4365509e-04 1.5864829e-05 6.5311667e-07 5.7346789e-08]"
D:\Uni\Ulm\Master\Hiwi-Forschung-und-Lehre\FairFace\detected_faces\1632531_face0.jpg,Black,Black,Male,30-39,"[8.6798910e-03 8.3582246e-01 6.9799186e-03 4.4793991e-04 1.1173410e-03
 5.9616994e-02 8.7335482e-02]",[0.05556421 0.8613024  0.00994913 0.07318424],[0.9872373  0.01276265],"[1.16667630e-04 3.37027386e-03 2.88624763e-02 3.12628537e-01
 3.87892872e-01 1.44767389e-01 1.05773486e-01 1.45133063e-02
 2.07497249e-03]"
D:\Uni\Ulm\Master\Hiwi-Forschung-und-Lehre\FairFace\detected_faces\1634275_face0.jpg,White,White,Male,10-19,"[9.9519885e-01 1.6027608e-06 1.0013672e-03 2.5855472e-05 4.3137952e-05
 7.2195980e-06 3.7220514e-03]",[9.9893898e-01 1.4183036e-04 8.3333912e-04 8.5813728e-05],[9.999970e-01 2.947474e-06],"[2.6316096e-08 3.4984649e-04 8.0961108e-01 1.8841954e-01 1.5656267e-03
 5.3476037e-05 3.6231836e-07 8.5677945e-09 2.4585151e-10]"
D:\Uni\Ulm\Master\Hiwi-Forschung-und-Lehre\FairFace\detected_faces\1634305_face0.jpg,Black,Black,Male,20-29,"[5.9177930e-04 9.7387367e-01 1.9564647e-02 2.2932469e-05 2.2161421e-03
 3.6507186e-03 8.0145852e-05]",[6.0281789e-05 9.9874496e-01 6.6048646e-04 5.3418439e-04],[9.9999624e-01 3.6898848e-06],"[9.2072270e-09 1.2688129e-04 4.0962607e-01 5.8725029e-01 2.9859769e-03
 1.0707889e-05 3.9474173e-08 9.3950525e-10 3.7494542e-11]"
D:\Uni\Ulm\Master\Hiwi-Forschung-und-Lehre\FairFace\detected_faces\1634327_face0.jpg,Latino_Hispanic,Black,Male,10-19,"[0.01825633 0.14161204 0.7950698  0.00137665 0.01330472 0.00461304
 0.02576741]",[0.00375811 0.94698554 0.01592763 0.03332871],[0.9926586  0.00734139],"[4.9072162e-07 1.2169115e-03 7.4858272e-01 2.3888637e-01 1.1047821e-02
 2.6256181e-04 2.9846854e-06 1.2382574e-07 4.3968162e-09]"
D:\Uni\Ulm\Master\Hiwi-Forschung-und-Lehre\FairFace\detected_faces\1634339_face0.jpg,White,White,Male,10-19,"[9.9975926e-01 2.0506464e-07 3.4825825e-05 7.1451228e-07 1.0809893e-06
 1.4528571e-07 2.0382820e-04]",[9.9989671e-01 3.5646641e-05 5.9308844e-05 8.3195009e-06],[1.0000000e+00 3.1127552e-08],"[1.4927007e-08 2.1075485e-04 7.9539007e-01 2.0309806e-01 1.2756782e-03
 2.5326519e-05 7.0464509e-08 1.0379860e-09 1.2549202e-11]"
D:\Uni\Ulm\Master\Hiwi-Forschung-und-Lehre\FairFace\detected_faces\1634376_face0.jpg,White,White,Male,10-19,"[4.6921322e-01 4.1366089e-03 2.1916066e-01 2.4582294e-04 1.2173250e-03
 1.2734062e-02 2.9329225e-01]",[0.8000481  0.15135905 0.00817285 0.04041991],[9.9982160e-01 1.7836805e-04],"[9.8985101e-06 1.7708650e-02 7.0330727e-01 2.5117525e-01 2.6942629e-02
 8.5017242e-04 5.8293849e-06 2.5306059e-07 1.2393727e-08]"
D:\Uni\Ulm\Master\Hiwi-Forschung-und-Lehre\FairFace\detected_faces\1637932_face0.jpg,White,White,Male,20-29,"[6.9163036e-01 1.0383505e-05 3.2681867e-03 9.2020100e-03 2.0622874e-03
 1.9463514e-04 2.9363215e-01]",[9.9839091e-01 9.1846022e-07 1.5975947e-03 1.0522333e-05],[9.999188e-01 8.120440e-05],"[2.3732986e-07 1.1355980e-04 6.1210781e-02 8.1978548e-01 1.1640878e-01
 2.4578664e-03 2.2204884e-05 1.0406029e-06 2.4852502e-08]"
D:\Uni\Ulm\Master\Hiwi-Forschung-und-Lehre\FairFace\detected_faces\1638000_face0.jpg,White,White,Male,10-19,"[9.9895388e-01 3.5889016e-08 4.7285761e-05 6.6862094e-07 9.6537383e-07
 1.2713834e-06 9.9595217e-04]",[9.9999237e-01 2.5775631e-07 4.5521861e-07 6.9315975e-06],[9.9938482e-01 6.1517966e-04],"[4.5394774e-08 1.5497918e-04 6.1268085e-01 3.8252881e-01 4.4384864e-03
 1.9588791e-04 9.7443103e-07 1.4833395e-08 3.9641518e-10]"
D:\Uni\Ulm\Master\Hiwi-Forschung-und-Lehre\FairFace\detected_faces\1638763_face0.jpg,White,White,Male,20-29,"[8.3374709e-01 1.9609540e-04 3.0890105e-02 7.4828989e-05 1.3681897e-04
 6.8963302e-04 1.3426542e-01]",[9.8998666e-01 4.9500391e-03 1.6601148e-04 4.8972829e-03],[9.9999952e-01 4.7945775e-07],"[6.2163117e-08 7.6451688e-05 1.1338445e-01 8.5522747e-01 3.1167902e-02
 1.4346962e-04 1.7687542e-07 3.5101886e-09 4.2188111e-11]"
D:\Uni\Ulm\Master\Hiwi-Forschung-und-Lehre\FairFace\detected_faces\1639543_face0.jpg,White,White,Male,10-19,"[8.4662598e-01 1.2718758e-04 7.6708004e-02 1.2196452e-06 9.9754243e-06
 1.2856073e-03 7.5241968e-02]",[9.9771917e-01 5.0069168e-05 3.7228594e-05 2.1935950e-03],[9.99986589e-01 1.34363545e-05],"[1.4217352e-06 5.4006097e-03 7.9010344e-01 1.8989271e-01 1.3582422e-02
 1.0141949e-03 5.1042625e-06 8.0191136e-08 1.0078675e-09]"
D:\Uni\Ulm\Master\Hiwi-Forschung-und-Lehre\FairFace\detected_faces\1643824_face0.jpg,Black,Black,Male,20-29,"[5.04518403e-06 9.74936008e-01 1.95703615e-04 5.47995967e-07
 1.87120531e-05 2.48336159e-02 1.02052445e-05]",[2.1434875e-05 9.3401331e-01 9.7044278e-05 6.5868169e-02],[0.9989813  0.00101869],"[2.0716045e-07 6.3110754e-05 1.2186276e-02 6.0412753e-01 3.7396666e-01
 9.6292803e-03 2.6738619e-05 2.1733572e-07 6.6549521e-09]"
D:\Uni\Ulm\Master\Hiwi-Forschung-und-Lehre\FairFace\detected_faces\1644404_face0.jpg,Middle Eastern,Asian,Male,20-29,"[0.06304642 0.00140698 0.386085   0.02510904 0.02358081 0.00708073
 0.49369097]",[0.19686373 0.02598889 0.7515004  0.02564697],[9.999938e-01 6.219245e-06],"[3.1372915e-06 1.7287514e-04 1.7482212e-02 7.6660401e-01 2.1065035e-01
 5.0587072e-03 2.7481732e-05 1.2097314e-06 2.0904034e-08]"
D:\Uni\Ulm\Master\Hiwi-Forschung-und-Lehre\FairFace\detected_faces\1645004_face0.jpg,White,White,Male,10-19,"[9.2328340e-01 2.2341921e-04 9.0068672e-03 1.6896749e-05 6.3407228e-05
 1.5312165e-04 6.7252912e-02]",[9.9912328e-01 5.6133681e-04 1.6568563e-04 1.4975533e-04],[9.999999e-01 7.381151e-08],"[3.7726591e-07 2.7813714e-03 8.1246918e-01 1.8127921e-01 3.2892295e-03
 1.7771695e-04 2.6787902e-06 2.7634735e-07 4.5627808e-09]"
D:\Uni\Ulm\Master\Hiwi-Forschung-und-Lehre\FairFace\detected_faces\1649918_face0.jpg,White,White,Male,10-19,"[9.8733377e-01 1.7173296e-04 4.4067805e-03 3.3980978e-05 1.4011514e-04
 1.3493379e-05 7.9002697e-03]",[9.9769825e-01 1.5336775e-03 5.0651102e-04 2.6153016e-04],[9.9999958e-01 3.4576098e-07],"[1.9490358e-08 6.9276401e-05 6.4568883e-01 3.4942210e-01 4.6832063e-03
 1.3478598e-04 1.7600845e-06 5.8608940e-08 8.6496299e-10]"
D:\Uni\Ulm\Master\Hiwi-Forschung-und-Lehre\FairFace\detected_faces\1650964_face0.jpg,Middle Eastern,White,Male,10-19,"[2.0829849e-01 7.3135736e-05 7.8373194e-02 1.1353496e-04 2.7966601e-04
 5.6390493e-04 7.1229810e-01]",[9.9918908e-01 1.0479610e-04 3.0417787e-04 4.0190850e-04],[9.9993485e-01 6.5138396e-05],"[3.8263798e-07 2.4987059e-03 7.7704316e-01 2.1725762e-01 3.1689524e-03
 3.1015992e-05 1.1714020e-07 5.9190697e-09 1.5533741e-10]"
D:\Uni\Ulm\Master\Hiwi-Forschung-und-Lehre\FairFace\detected_faces\1651330_face0.jpg,Middle Eastern,White,Male,20-29,"[1.0757663e-01 1.5173896e-04 2.3884119e-02 7.0338306e-06 1.9002395e-05
 3.4398882e-04 8.6801749e-01]",[9.973456e-01 7.325410e-04 6.552983e-04 1.266592e-03],[1.0000000e+00 5.3846985e-09],"[3.6251501e-07 6.5931570e-05 2.9533651e-02 9.0756315e-01 6.2211961e-02
 6.2336522e-04 1.4513461e-06 7.3537393e-08 7.8136259e-10]"
D:\Uni\Ulm\Master\Hiwi-Forschung-und-Lehre\FairFace\detected_faces\1652679_face0.jpg,Black,Black,Male,10-19,"[7.09246451e-05 9.99286950e-01 3.36110272e-04 4.53339526e-05
 1.04391904e-04 1.22487923e-04 3.38300451e-05]",[2.0402959e-04 9.9912906e-01 3.0492310e-04 3.6204889e-04],[0.8427036  0.15729637],"[5.0971947e-05 3.5667595e-02 3.8635242e-01 3.6134762e-01 1.6310735e-01
 4.3334801e-02 9.2463763e-03 7.8341796e-04 1.0936623e-04]"
D:\Uni\Ulm\Master\Hiwi-Forschung-und-Lehre\FairFace\detected_faces\1653718_face0.jpg,Middle Eastern,White,Male,20-29,"[5.4232303e-02 2.2799124e-05 4.6743420e-03 1.0800668e-05 1.5475138e-05
 2.3348730e-04 9.4081080e-01]",[9.9859798e-01 1.0255043e-04 2.2704215e-04 1.0725098e-03],[0.9976616  0.00233844],"[8.81064040e-08 9.76267165e-06 1.48006305e-02 5.62067926e-01
 3.88827413e-01 3.38014923e-02 4.85323631e-04 7.17057628e-06
 1.28572125e-07]"
D:\Uni\Ulm\Master\Hiwi-Forschung-und-Lehre\FairFace\detected_faces\1655006_face0.jpg,Indian,Indian,Male,20-29,"[0.02356807 0.00114431 0.30028462 0.00113311 0.00932036 0.49928677
 0.16526277]",[0.00815975 0.00333358 0.06749868 0.92100805],[9.999999e-01 9.871233e-08],"[1.5890448e-05 3.9074980e-02 4.3985406e-01 4.8439988e-01 3.5596158e-02
 1.0547442e-03 4.0658988e-06 1.3285116e-07 1.6980745e-09]"
D:\Uni\Ulm\Master\Hiwi-Forschung-und-Lehre\FairFace\detected_faces\1656611_face0.jpg,White,White,Male,10-19,"[8.2915133e-01 8.4290943e-05 1.4245589e-01 2.7637865e-04 8.5142720e-04
 3.2915403e-03 2.3889156e-02]",[9.7420388e-01 8.3237822e-04 3.7153896e-03 2.1248383e-02],[9.9997848e-01 2.1459104e-05],"[1.0771460e-06 4.0000048e-03 8.2094276e-01 1.6418160e-01 1.0130706e-02
 7.3649263e-04 7.1906215e-06 2.0196437e-07 3.5214409e-09]"
D:\Uni\Ulm\Master\Hiwi-Forschung-und-Lehre\FairFace\detected_faces\1656634_face0.jpg,Middle Eastern,White,Male,20-29,"[3.4590717e-02 6.6342116e-05 3.7396171e-03 2.0946357e-04 1.5097596e-04
 3.0590517e-03 9.5818377e-01]",[0.95772797 0.00748691 0.01504953 0.01973556],[0.8085777  0.19142225],"[1.17302159e-06 4.23498685e-04 1.20179839e-01 7.38594592e-01
 1.34428814e-01 6.14333479e-03 2.13125866e-04 1.48192785e-05
 8.56148176e-07]"
D:\Uni\Ulm\Master\Hiwi-Forschung-und-Lehre\FairFace\detected_faces\1656914_face0.jpg,White,White,Male,20-29,"[9.3433130e-01 1.7069218e-04 3.4990495e-03 2.6766060e-05 4.5530000e-05
 1.0983549e-05 6.1915748e-02]",[9.9654335e-01 3.1743601e-03 2.4185851e-04 4.0390503e-05],[9.9998248e-01 1.7524795e-05],"[9.1713197e-09 6.0756749e-05 4.4205645e-01 5.5022705e-01 7.5758914e-03
 7.9499805e-05 3.8047230e-07 1.2325058e-08 3.3292352e-10]"
D:\Uni\Ulm\Master\Hiwi-Forschung-und-Lehre\FairFace\detected_faces\1801416_face0.jpg,Middle Eastern,White,Male,20-29,"[2.3896923e-02 6.2754352e-06 1.2475073e-03 3.4556838e-04 5.4494775e-04
 1.4833792e-04 9.7381043e-01]",[0.9769888  0.0018109  0.01333522 0.00786508],[0.9596754  0.04032463],"[5.1524796e-07 4.5251436e-05 2.4943741e-02 5.0758255e-01 4.1001242e-01
 5.4806881e-02 2.4151327e-03 1.7561756e-04 1.7811642e-05]"
D:\Uni\Ulm\Master\Hiwi-Forschung-und-Lehre\FairFace\detected_faces\1801596_face0.jpg,Middle Eastern,White,Male,20-29,"[4.0848106e-01 7.4534526e-04 6.1950188e-02 1.7837831e-04 3.8338921e-04
 1.7462041e-03 5.2651536e-01]",[9.8154366e-01 1.5782814e-02 2.8844117e-04 2.3851064e-03],[1.000000e+00 2.956759e-08],"[7.4665316e-08 8.5799584e-05 1.9379169e-01 7.8738052e-01 1.8505359e-02
 2.3548253e-04 1.0281641e-06 4.1913502e-08 4.1174339e-10]"
D:\Uni\Ulm\Master\Hiwi-Forschung-und-Lehre\FairFace\detected_faces\1802013_face0.jpg,White,White,Male,20-29,"[9.8182219e-01 4.0727318e-05 1.7012706e-02 5.9845512e-05 1.0747939e-04
 2.7734337e-05 9.2921039e-04]",[9.9871641e-01 9.7217294e-04 2.5232669e-04 5.9163140e-05],[9.999999e-01 8.681621e-08],"[3.2881655e-08 1.0674015e-04 4.5964220e-01 5.3129917e-01 8.7949680e-03
 1.5580929e-04 1.0091760e-06 2.6981501e-08 4.2791307e-10]"
D:\Uni\Ulm\Master\Hiwi-Forschung-und-Lehre\FairFace\detected_faces\1802099_face0.jpg,Middle Eastern,White,Male,20-29,"[6.4314795e-03 3.8603492e-05 3.6980829e-03 1.9551362e-06 8.8974366e-06
 6.2676852e-05 9.8975831e-01]",[0.9463781  0.03679467 0.00774983 0.00907744],[9.9999988e-01 5.1600736e-08],"[1.4467221e-07 6.8077519e-05 3.2043524e-02 8.2178712e-01 1.4391941e-01
 2.1751898e-03 6.4272867e-06 1.3035925e-07 1.1190454e-09]"
D:\Uni\Ulm\Master\Hiwi-Forschung-und-Lehre\FairFace\detected_faces\1802812_face0.jpg,White,White,Male,10-19,"[9.9842739e-01 4.0903569e-07 7.6412107e-05 9.2799337e-06 5.7685033e-06
 2.7028014e-07 1.4803938e-03]",[9.9931091e-01 1.7060496e-05 6.6907000e-04 2.9563287e-06],[9.9994910e-01 5.0857154e-05],"[9.8667847e-08 3.2372633e-04 6.2361652e-01 3.6838073e-01 7.4929227e-03
 1.8485929e-04 1.1049170e-06 2.7443770e-08 5.4782556e-10]"
D:\Uni\Ulm\Master\Hiwi-Forschung-und-Lehre\FairFace\detected_faces\1804181_face0.jpg,White,Black,Male,20-29,"[8.3904880e-01 8.4524691e-02 5.5440780e-02 5.8847577e-06 3.4450455e-05
 1.1369071e-04 2.0831676e-02]",[9.1716260e-02 9.0731764e-01 1.4553212e-04 8.2052971e-04],[9.999914e-01 8.597236e-06],"[4.3753346e-07 2.1206903e-04 1.2984963e-01 7.6842457e-01 9.4914265e-02
 6.3493676e-03 2.4591421e-04 3.6346503e-06 6.0969150e-08]"
D:\Uni\Ulm\Master\Hiwi-Forschung-und-Lehre\FairFace\detected_faces\1804183_face0.jpg,Black,Black,Female,20-29,"[9.9210797e-07 9.9995571e-01 2.1782966e-05 2.9381960e-07 2.6760263e-06
 1.8466277e-05 4.3645031e-08]",[4.1019098e-06 9.9994558e-01 2.1256086e-05 2.8967819e-05],[0.00989052 0.9901095 ],"[8.7229915e-07 1.9221086e-03 1.8192984e-01 6.8566996e-01 1.2801863e-01
 2.4060141e-03 5.1674651e-05 8.0289340e-07 2.5190985e-08]"
D:\Uni\Ulm\Master\Hiwi-Forschung-und-Lehre\FairFace\detected_faces\1804786_face0.jpg,White,White,Male,20-29,"[9.7165036e-01 9.7426309e-05 1.5279950e-02 2.3112442e-04 4.6697087e-04
 5.5875495e-04 1.1715351e-02]",[9.8542774e-01 5.5298477e-04 5.7689231e-03 8.2504060e-03],[9.9999982e-01 1.8760412e-07],"[2.0651540e-07 1.5737121e-04 1.5089667e-01 7.5321805e-01 9.0182394e-02
 5.4679918e-03 7.5672215e-05 1.6405902e-06 1.8571148e-08]"
D:\Uni\Ulm\Master\Hiwi-Forschung-und-Lehre\FairFace\detected_faces\1804788_face0.jpg,White,White,Male,20-29,"[9.9912864e-01 2.0299582e-07 9.9391553e-05 2.8090781e-04 3.0236263e-04
 1.4852121e-07 1.8838441e-04]",[9.8634934e-01 8.1746111e-05 1.3554793e-02 1.4221182e-05],[9.991284e-01 8.716073e-04],"[6.2325881e-07 3.4156835e-04 3.5094437e-01 5.0944030e-01 1.2117869e-01
 1.7267125e-02 8.0758525e-04 1.9348108e-05 3.7808690e-07]"
D:\Uni\Ulm\Master\Hiwi-Forschung-und-Lehre\FairFace\detected_faces\1804805_face0.jpg,White,White,Male,20-29,"[8.2232231e-01 1.8940955e-04 2.3942374e-02 3.2679559e-04 1.1001974e-03
 3.9885283e-05 1.5207902e-01]",[9.8766828e-01 7.0807926e-04 1.1405438e-02 2.1818884e-04],[9.9999899e-01 1.0326454e-06],"[2.3831149e-06 8.5188687e-04 1.5463471e-01 6.3111025e-01 1.9794482e-01
 1.5145688e-02 3.0075666e-04 9.3872995e-06 1.4480518e-07]"
D:\Uni\Ulm\Master\Hiwi-Forschung-und-Lehre\FairFace\detected_faces\1806953_face0.jpg,White,White,Male,20-29,"[9.8668414e-01 1.5609412e-05 1.9896792e-03 6.1709034e-05 7.0304850e-05
 7.7460973e-06 1.1170801e-02]",[9.8979157e-01 9.0158004e-03 8.8731246e-04 3.0524825e-04],[0.9978201  0.00217991],"[1.27305575e-05 1.31949270e-03 2.74040163e-01 5.69844067e-01
 1.33776382e-01 2.02135351e-02 7.48007500e-04 4.40915792e-05
 1.53398503e-06]"
D:\Uni\Ulm\Master\Hiwi-Forschung-und-Lehre\FairFace\detected_faces\1806990_face0.jpg,Middle Eastern,White,Male,20-29,"[0.30350202 0.00071839 0.1579911  0.00100373 0.00196682 0.0010187
 0.53379923]",[0.91811264 0.00280696 0.07332245 0.00575792],[9.9999982e-01 1.3734991e-07],"[1.6514464e-07 1.4643952e-04 1.9961761e-01 7.4835557e-01 5.1008426e-02
 8.6833368e-04 3.3247077e-06 1.5784653e-07 1.5920016e-09]"
D:\Uni\Ulm\Master\Hiwi-Forschung-und-Lehre\FairFace\detected_faces\1807070_face0.jpg,Latino_Hispanic,White,Male,20-29,"[1.1973603e-01 2.7726269e-03 7.1791893e-01 1.9005033e-04 7.5298053e-04
 4.5153402e-02 1.1347595e-01]",[0.4940466  0.02092938 0.00198851 0.48303553],[9.999996e-01 4.828390e-07],"[3.7530484e-07 9.7459770e-06 3.4325805e-03 6.4712906e-01 3.4110171e-01
 8.2771042e-03 4.8512302e-05 9.1153385e-07 9.5642134e-09]"
D:\Uni\Ulm\Master\Hiwi-Forschung-und-Lehre\FairFace\detected_faces\1807520_face0.jpg,White,White,Male,20-29,"[8.6729258e-01 3.5735648e-06 8.5451780e-03 7.2323479e-04 3.7095364e-04
 7.9027173e-05 1.2298555e-01]",[9.9864197e-01 1.3830655e-04 1.1239314e-03 9.5846677e-05],[9.9971187e-01 2.8813176e-04],"[4.1640164e-06 8.8593073e-04 2.5237203e-01 6.9908023e-01 4.6668928e-02
 9.8190492e-04 6.6609555e-06 2.0243743e-07 5.6631615e-09]"
D:\Uni\Ulm\Master\Hiwi-Forschung-und-Lehre\FairFace\detected_faces\1818220_face0.jpg,White,White,Male,10-19,"[9.7950041e-01 3.9723500e-07 9.7776436e-05 6.4299536e-05 1.9187866e-05
 1.9390165e-05 2.0298377e-02]",[9.9996907e-01 1.4075358e-07 6.9616981e-06 2.3879360e-05],[0.970451   0.02954904],"[5.0133061e-05 1.0816568e-02 5.1518738e-01 3.7502396e-01 7.8826532e-02
 1.9539881e-02 5.3182041e-04 2.1204545e-05 2.5610259e-06]"
D:\Uni\Ulm\Master\Hiwi-Forschung-und-Lehre\FairFace\detected_faces\1820835_face0.jpg,White,White,Male,10-19,"[8.8562793e-01 1.9515815e-05 1.5163270e-02 1.9814032e-04 4.9927254e-04
 6.2687765e-04 9.7865015e-02]",[9.9594164e-01 1.7111313e-04 5.9053930e-04 3.2966796e-03],[9.9998623e-01 1.3755554e-05],"[7.9876365e-08 6.1398692e-04 8.1749070e-01 1.8007295e-01 1.7763323e-03
 4.5632700e-05 3.2993449e-07 1.4143119e-08 2.5355390e-10]"
D:\Uni\Ulm\Master\Hiwi-Forschung-und-Lehre\FairFace\detected_faces\1822986_face0.jpg,Middle Eastern,White,Male,40-49,"[4.7266763e-02 5.0121493e-04 7.3990421e-03 1.9752260e-05 1.4203167e-04
 1.2760446e-03 9.4339514e-01]",[0.86230224 0.01660262 0.10136802 0.0197271 ],[0.9967406  0.00325943],"[2.4054149e-04 4.0108413e-03 3.9049380e-02 9.4971135e-02 3.4182495e-01
 3.9990747e-01 1.0008892e-01 1.7861154e-02 2.0456237e-03]"
D:\Uni\Ulm\Master\Hiwi-Forschung-und-Lehre\FairFace\detected_faces\1823560_face0.jpg,White,White,Male,20-29,"[8.5245687e-01 1.4971579e-04 1.7129343e-02 5.5736955e-04 8.6030876e-04
 1.7387178e-03 1.2710768e-01]",[0.63185817 0.00209138 0.35951036 0.00654   ],[9.9998307e-01 1.6948206e-05],"[1.0302889e-07 6.4536151e-05 1.0164935e-01 8.4553903e-01 5.1231019e-02
 1.4987367e-03 1.6695727e-05 4.9518945e-07 1.7310319e-08]"
D:\Uni\Ulm\Master\Hiwi-Forschung-und-Lehre\FairFace\detected_faces\1824137_face0.jpg,Black,Black,Male,30-39,"[4.0186242e-06 9.9985325e-01 9.0188994e-05 2.2288927e-07 2.8410830e-06
 4.9019316e-05 4.4033581e-07]",[1.15020757e-05 9.99866426e-01 1.94394888e-05 1.02615624e-04],[9.9998188e-01 1.8131135e-05],"[9.0290094e-08 3.4030747e-06 1.1685470e-03 2.5877008e-01 5.7727224e-01
 1.5348116e-01 9.1998633e-03 1.0275211e-04 1.9266342e-06]"
D:\Uni\Ulm\Master\Hiwi-Forschung-und-Lehre\FairFace\detected_faces\1824141_face0.jpg,Middle Eastern,White,Male,30-39,"[1.6925220e-01 2.8636362e-04 7.1622238e-02 1.6801018e-02 1.7904716e-02
 7.3702200e-03 7.1676326e-01]",[0.9502779  0.00170749 0.0392479  0.00876663],[0.9967607  0.00323925],"[4.6894285e-05 2.6574654e-03 9.9816760e-03 2.3952340e-01 7.0000827e-01
 4.7381464e-02 3.9097326e-04 9.6753420e-06 2.7475039e-07]"
D:\Uni\Ulm\Master\Hiwi-Forschung-und-Lehre\FairFace\detected_faces\1830852_face0.jpg,Middle Eastern,Black,Male,10-19,"[0.20641035 0.02984244 0.33568057 0.01856403 0.05527666 0.008276
 0.34594986]",[0.09579742 0.8243471  0.06933851 0.01051705],[9.9998128e-01 1.8676612e-05],"[8.5544364e-08 1.0368683e-03 8.9977241e-01 9.8502077e-02 6.7834416e-04
 1.0188514e-05 7.6430617e-08 7.5455961e-09 1.6277593e-10]"
D:\Uni\Ulm\Master\Hiwi-Forschung-und-Lehre\FairFace\detected_faces\1832379_face0.jpg,Middle Eastern,White,Female,20-29,"[0.284838   0.00205076 0.12334662 0.02797895 0.01365435 0.00466718
 0.5434642 ]",[0.8873548  0.00116023 0.09604799 0.01543699],[0.05533481 0.9446652 ],"[1.6838458e-06 2.2015015e-04 6.2810153e-02 4.2738938e-01 3.8408321e-01
 1.1343966e-01 1.0750744e-02 1.2725445e-03 3.2458447e-05]"
D:\Uni\Ulm\Master\Hiwi-Forschung-und-Lehre\FairFace\detected_faces\1832449_face0.jpg,White,White,Male,10-19,"[9.9390984e-01 1.7554395e-06 2.2250092e-04 2.4138292e-06 3.6064951e-06
 4.2828913e-07 5.8594956e-03]",[9.9995559e-01 4.1291602e-05 1.2083821e-06 1.8876933e-06],[9.9999821e-01 1.7632113e-06],"[8.0441422e-09 7.6954901e-05 7.7464390e-01 2.2442935e-01 8.3628006e-04
 1.3332972e-05 4.9471190e-08 1.1363609e-09 2.0016672e-11]"
D:\Uni\Ulm\Master\Hiwi-Forschung-und-Lehre\FairFace\detected_faces\1835216_face0.jpg,White,White,Male,20-29,"[6.5270978e-01 3.2752589e-05 4.7580581e-04 4.3331434e-06 1.8683821e-05
 7.9287263e-04 3.4596571e-01]",[9.9231529e-01 1.0057283e-04 7.0998003e-04 6.8740272e-03],[9.9974900e-01 2.5094952e-04],"[1.6476857e-07 1.1390399e-04 2.4190265e-01 7.1944648e-01 3.4615356e-02
 3.6762229e-03 2.1742610e-04 2.6769700e-05 1.0035919e-06]"
D:\Uni\Ulm\Master\Hiwi-Forschung-und-Lehre\FairFace\detected_faces\1835716_face0.jpg,White,White,Male,10-19,"[8.9665604e-01 4.4348760e-04 2.8502950e-02 8.0568228e-05 2.7768710e-04
 1.3295184e-04 7.3906288e-02]",[0.9935335  0.00311023 0.00147324 0.00188309],[9.9999946e-01 5.6474721e-07],"[4.1772465e-09 7.4679375e-04 9.4987476e-01 4.9309928e-02 6.8083253e-05
 4.4263075e-07 1.6201168e-09 7.9738098e-11 1.4414832e-12]"
D:\Uni\Ulm\Master\Hiwi-Forschung-und-Lehre\FairFace\detected_faces\1836735_face0.jpg,White,White,Male,10-19,"[4.9507666e-01 4.5835384e-04 1.2687890e-01 3.1296094e-04 5.5746979e-04
 4.1951304e-03 3.7252051e-01]",[9.9604237e-01 7.7946280e-04 1.4110291e-03 1.7671454e-03],[9.9999934e-01 6.8371764e-07],"[1.2908389e-06 1.8968348e-03 5.2916324e-01 4.5192069e-01 1.6653262e-02
 3.6235285e-04 2.3119851e-06 5.3713542e-08 8.7342300e-10]"
D:\Uni\Ulm\Master\Hiwi-Forschung-und-Lehre\FairFace\detected_faces\1836736_face0.jpg,White,Asian,Male,20-29,"[0.67685306 0.00125589 0.04694984 0.00939585 0.00609152 0.03871116
 0.22074257]",[0.17382483 0.02469132 0.53626597 0.2652179 ],[0.95622814 0.04377183],"[1.2084273e-04 3.8781306e-03 1.3744067e-01 6.7317665e-01 1.5484628e-01
 2.7547961e-02 2.6437142e-03 3.3117004e-04 1.4589773e-05]"
D:\Uni\Ulm\Master\Hiwi-Forschung-und-Lehre\FairFace\detected_faces\1836793_face0.jpg,Black,Black,Male,10-19,"[1.1808982e-03 9.3198615e-01 2.2752747e-02 1.6163240e-04 4.5490414e-03
 3.6889367e-02 2.4801053e-03]",[1.8455009e-03 9.9173212e-01 1.7656627e-04 6.2458036e-03],[0.922277 0.077723],"[3.2994518e-05 2.9882235e-02 5.1894140e-01 3.4886515e-01 9.7090445e-02
 5.0221025e-03 1.5687886e-04 8.2179395e-06 5.3725444e-07]"
D:\Uni\Ulm\Master\Hiwi-Forschung-und-Lehre\FairFace\detected_faces\1838178_face0.jpg,White,White,Male,20-29,"[7.9677618e-01 6.0332817e-04 1.2787007e-01 7.5028674e-04 3.2970924e-03
 3.4160493e-03 6.7287035e-02]",[9.7297931e-01 8.9187059e-04 2.3835812e-02 2.2930044e-03],[0.99444085 0.00555914],"[3.1004618e-08 1.7730762e-04 4.2077214e-01 5.7354790e-01 5.4649604e-03
 3.7393180e-05 2.2089293e-07 9.7362474e-09 4.2638876e-10]"
D:\Uni\Ulm\Master\Hiwi-Forschung-und-Lehre\FairFace\detected_faces\1838727_face0.jpg,Middle Eastern,Black,Male,20-29,"[1.13934204e-01 6.77020801e-03 4.29502815e-01 7.44973077e-05
 6.51968934e-04 7.46772671e-03 4.41598684e-01]",[0.15577692 0.48309383 0.01744225 0.34368697],[1.0000000e+00 1.4485213e-08],"[1.0338461e-08 2.1272494e-05 9.8837271e-02 8.6937577e-01 3.1216586e-02
 5.4563343e-04 3.3551491e-06 6.3428672e-08 4.3848017e-10]"
D:\Uni\Ulm\Master\Hiwi-Forschung-und-Lehre\FairFace\detected_faces\1839149_face0.jpg,Latino_Hispanic,White,Male,20-29,"[3.7479645e-01 7.3613008e-03 5.9611356e-01 2.5393887e-04 1.0700416e-03
 1.7438172e-03 1.8660903e-02]",[0.8733264  0.11236864 0.00759165 0.00671327],[9.9977255e-01 2.2746372e-04],"[2.3355573e-08 9.7944576e-06 1.6833273e-01 7.8029758e-01 5.0667789e-02
 6.8710034e-04 4.8724755e-06 1.2499650e-07 1.7794785e-09]"
D:\Uni\Ulm\Master\Hiwi-Forschung-und-Lehre\FairFace\detected_faces\1841365_face0.jpg,White,White,Male,10-19,"[8.74739051e-01 2.48583761e-04 1.95923969e-02 1.06184794e-04
 3.19494662e-04 4.11417597e-04 1.04582787e-01]",[9.9830222e-01 3.8240870e-04 4.7865426e-04 8.3680899e-04],[9.9994177e-01 5.8246100e-05],"[1.4434632e-06 1.2213979e-03 7.0980960e-01 2.7348226e-01 1.4268119e-02
 1.1962558e-03 2.0103156e-05 7.8074828e-07 1.7638904e-08]"
D:\Uni\Ulm\Master\Hiwi-Forschung-und-Lehre\FairFace\detected_faces\1841875_face0.jpg,White,White,Male,20-29,"[9.64162946e-01 1.28947468e-05 7.19106244e-03 5.83454821e-05
 9.60034158e-05 1.07366315e-04 2.83713490e-02]",[9.9863034e-01 6.7354340e-05 7.4722175e-04 5.5506342e-04],[9.9999994e-01 3.8287176e-08],"[1.03620756e-07 1.06387604e-04 2.65506566e-01 7.20018566e-01
 1.42534235e-02 1.14613547e-04 3.73767080e-07 9.06489994e-09
 1.03415262e-10]"
D:\Uni\Ulm\Master\Hiwi-Forschung-und-Lehre\FairFace\detected_faces\1845491_face0.jpg,Black,Black,Male,30-39,"[8.1641911e-06 9.9986815e-01 1.8972774e-05 2.3063424e-07 2.0023022e-06
 9.9419580e-05 3.0400402e-06]",[3.0935440e-05 9.9850237e-01 4.8058796e-06 1.4618681e-03],[9.9971747e-01 2.8249368e-04],"[1.8027174e-07 5.5855862e-06 2.8874018e-04 1.0756968e-01 6.1153221e-01
 2.4221437e-01 3.7907582e-02 4.5374525e-04 2.7861401e-05]"
D:\Uni\Ulm\Master\Hiwi-Forschung-und-Lehre\FairFace\detected_faces\1847433_face0.jpg,White,White,Male,20-29,"[8.2692468e-01 4.6977497e-04 2.3699014e-02 8.2318357e-04 1.3349216e-03
 5.6277821e-04 1.4618565e-01]",[0.7484826  0.00598832 0.22633725 0.01919181],[9.9999791e-01 2.0583975e-06],"[1.3149202e-08 1.2280233e-05 1.2408772e-01 8.5345227e-01 2.2089278e-02
 3.5560079e-04 2.7011822e-06 1.3190441e-07 2.2371376e-09]"
D:\Uni\Ulm\Master\Hiwi-Forschung-und-Lehre\FairFace\detected_faces\1855438_face0.jpg,Middle Eastern,White,Male,20-29,"[3.3128443e-01 8.0009711e-05 4.3261487e-02 2.5021091e-05 8.5745480e-05
 6.9404147e-03 6.1832291e-01]",[9.956257e-01 4.057573e-05 1.818854e-04 4.151902e-03],[9.9999946e-01 5.5498293e-07],"[1.9533727e-06 1.0654518e-03 2.4371652e-01 6.5489954e-01 9.6920930e-02
 3.3780518e-03 1.7286262e-05 2.5212972e-07 2.5900537e-09]"
D:\Uni\Ulm\Master\Hiwi-Forschung-und-Lehre\FairFace\detected_faces\1855682_face0.jpg,Middle Eastern,White,Male,20-29,"[2.08954111e-01 3.07921036e-05 9.40407161e-03 1.02127124e-04
 1.03773236e-04 2.25367537e-03 7.79151440e-01]",[9.8482841e-01 3.5088876e-04 1.1104234e-02 3.7163827e-03],[0.9968147  0.00318532],"[1.89347003e-04 1.41417505e-02 1.83084667e-01 5.88041544e-01
 1.91796064e-01 2.22287886e-02 4.89583181e-04 2.62216090e-05
 1.92942093e-06]"
D:\Uni\Ulm\Master\Hiwi-Forschung-und-Lehre\FairFace\detected_faces\1855725_face0.jpg,White,White,Male,20-29,"[9.6509093e-01 6.9975476e-06 2.2899518e-03 1.3365196e-05 2.9006438e-05
 4.9456088e-05 3.2520358e-02]",[9.9996126e-01 1.3172201e-05 1.8536815e-05 7.0956235e-06],[9.999996e-01 3.487651e-07],"[8.4746130e-09 2.5159994e-05 1.7672394e-01 8.0850613e-01 1.4558999e-02
 1.8500094e-04 7.7916826e-07 1.5006798e-08 2.1373307e-10]"
D:\Uni\Ulm\Master\Hiwi-Forschung-und-Lehre\FairFace\detected_faces\1855775_face0.jpg,White,White,Male,10-19,"[6.8946195e-01 5.0615059e-04 2.5818890e-01 4.1426587e-04 1.5307965e-03
 8.0844539e-04 4.9089555e-02]",[9.9870759e-01 1.4935007e-04 5.7467190e-04 5.6841614e-04],[9.9999946e-01 5.0369607e-07],"[8.0387572e-06 2.4933915e-03 4.9928385e-01 3.3946669e-01 1.4469413e-01
 1.3788846e-02 2.6028164e-04 4.8442121e-06 3.8489787e-08]"
D:\Uni\Ulm\Master\Hiwi-Forschung-und-Lehre\FairFace\detected_faces\1855791_face0.jpg,White,White,Male,20-29,"[7.0770586e-01 9.0202966e-06 2.1750415e-02 2.9569377e-05 5.1156592e-05
 1.5292416e-03 2.6892474e-01]",[9.9876589e-01 3.3717133e-05 2.4623686e-04 9.5414836e-04],[9.9999934e-01 6.8102310e-07],"[5.0097782e-07 2.4051090e-04 3.7429217e-01 5.9407985e-01 3.0356279e-02
 1.0260203e-03 4.6000241e-06 1.2945894e-07 1.2308008e-09]"
D:\Uni\Ulm\Master\Hiwi-Forschung-und-Lehre\FairFace\detected_faces\1858198_face0.jpg,Middle Eastern,White,Male,20-29,"[0.21881595 0.00167759 0.05762734 0.01508329 0.01215386 0.0016689
 0.692973  ]",[0.8822172  0.00125564 0.1086558  0.00787134],[0.8287605  0.17123955],"[1.2867892e-05 3.9643925e-03 1.5746585e-01 6.2307900e-01 1.9794038e-01
 1.6660694e-02 7.6935859e-04 9.6855474e-05 1.0670009e-05]"
D:\Uni\Ulm\Master\Hiwi-Forschung-und-Lehre\FairFace\detected_faces\1858216_face0.jpg,White,White,Male,10-19,"[9.9780035e-01 5.6503141e-06 5.5428344e-04 6.0989792e-06 1.5734839e-05
 6.4260043e-06 1.6113516e-03]",[9.9995637e-01 1.4257925e-05 2.5095889e-05 4.2347651e-06],[9.9997133e-01 2.8720548e-05],"[7.0974501e-08 3.7041059e-04 6.5758872e-01 3.3101016e-01 1.0445015e-02
 5.8029074e-04 5.1763295e-06 7.8055876e-08 2.0884352e-09]"
D:\Uni\Ulm\Master\Hiwi-Forschung-und-Lehre\FairFace\detected_faces\1858217_face0.jpg,White,White,Male,20-29,"[0.55900466 0.0056844  0.37219027 0.00081623 0.00264857 0.01408283
 0.045573  ]",[0.53634983 0.16641746 0.01990301 0.27732968],[9.9999493e-01 5.0380263e-06],"[8.6427775e-08 2.7817459e-04 4.3393543e-01 5.5629694e-01 9.3149208e-03
 1.7319723e-04 1.1457320e-06 5.2487081e-08 1.4288245e-09]"
D:\Uni\Ulm\Master\Hiwi-Forschung-und-Lehre\FairFace\detected_faces\1858451_face0.jpg,Middle Eastern,White,Male,20-29,"[3.7636042e-01 2.5421553e-04 5.6873206e-02 3.2569857e-05 2.0569589e-04
 5.8394810e-03 5.6043446e-01]",[9.8345298e-01 8.4798527e-04 3.9322552e-04 1.5305837e-02],[9.99999881e-01 1.04874594e-07],"[2.0589815e-07 1.0571669e-04 8.9828834e-02 8.6529577e-01 4.4121295e-02
 6.4553710e-04 2.6196280e-06 9.8316377e-08 1.4827020e-09]"
D:\Uni\Ulm\Master\Hiwi-Forschung-und-Lehre\FairFace\detected_faces\1858455_face0.jpg,White,White,Male,10-19,"[6.8095964e-01 1.6350810e-04 2.6338361e-02 2.6395395e-03 1.9186971e-03
 1.1562284e-03 2.8682402e-01]",[9.9525815e-01 3.4606512e-04 2.1344689e-03 2.2612701e-03],[9.9947429e-01 5.2575173e-04],"[7.4978615e-08 2.6610942e-04 5.8871752e-01 4.0506190e-01 5.8825742e-03
 7.1338647e-05 4.7937488e-07 2.1532333e-08 9.4262342e-10]"
D:\Uni\Ulm\Master\Hiwi-Forschung-und-Lehre\FairFace\detected_faces\1858819_face0.jpg,White,White,Male,20-29,"[9.53585923e-01 2.23591516e-04 3.38916890e-02 4.16877912e-04
 1.31917035e-03 1.36536197e-04 1.04262335e-02]",[9.7841740e-01 7.2122053e-03 1.3723604e-02 6.4686645e-04],[9.9999428e-01 5.7133725e-06],"[2.4841665e-06 1.0949387e-03 1.5259132e-01 6.1523771e-01 2.1209620e-01
 1.8658046e-02 3.1647220e-04 2.7373562e-06 5.8600840e-08]"
D:\Uni\Ulm\Master\Hiwi-Forschung-und-Lehre\FairFace\detected_faces\1858820_face0.jpg,White,White,Male,10-19,"[9.2721915e-01 3.8736008e-04 2.5383176e-02 2.3895956e-05 8.6263972e-05
 4.6076853e-04 4.6439350e-02]",[9.9677849e-01 1.3498124e-03 1.9266902e-04 1.6790904e-03],[9.99895036e-01 1.04919716e-04],"[6.20189269e-08 1.29796308e-03 8.74064088e-01 1.23235814e-01
 1.37646706e-03 2.55319010e-05 1.05807388e-07 4.36190639e-09
 1.03737671e-10]"
D:\Uni\Ulm\Master\Hiwi-Forschung-und-Lehre\FairFace\detected_faces\1859923_face0.jpg,Middle Eastern,White,Male,10-19,"[4.1071808e-01 6.7576912e-05 8.3595127e-02 1.4919044e-03 3.9781565e-03
 4.2405184e-03 4.9590865e-01]",[0.96534574 0.00346539 0.01762553 0.01356333],[0.99397993 0.00602011],"[1.19425786e-04 2.97983795e-01 6.92883670e-01 6.41640136e-03
 1.64534675e-03 8.82023480e-04 5.76345046e-05 1.08084641e-05
 9.39232905e-07]"
D:\Uni\Ulm\Master\Hiwi-Forschung-und-Lehre\FairFace\detected_faces\1859924_face0.jpg,Middle Eastern,White,Female,20-29,"[4.1382250e-01 4.2298640e-04 4.6520781e-02 9.9673644e-02 1.1081270e-02
 4.7350099e-04 4.2800525e-01]",[0.950697   0.00141092 0.04509147 0.0028006 ],[0.49854547 0.50145453],"[1.2001102e-06 9.6240983e-05 5.1530123e-02 6.8574643e-01 2.2039747e-01
 3.5426106e-02 5.5411183e-03 1.2150962e-03 4.6184286e-05]"
D:\Uni\Ulm\Master\Hiwi-Forschung-und-Lehre\FairFace\detected_faces\1859929_face0.jpg,Southeast Asian,Asian,Male,10-19,"[2.0556216e-04 2.6878039e-03 2.3882675e-03 1.0406984e-01 8.8615030e-01
 4.4452948e-03 5.2935939e-05]",[8.4105320e-04 1.4604388e-04 9.9660516e-01 2.4077003e-03],[9.9997121e-01 2.8790033e-05],"[2.1481508e-04 2.0396775e-01 6.4117724e-01 1.3501918e-01 1.7216288e-02
 2.2595322e-03 1.2536775e-04 1.8431620e-05 1.3363035e-06]"
D:\Uni\Ulm\Master\Hiwi-Forschung-und-Lehre\FairFace\detected_faces\1859930_face0.jpg,Middle Eastern,White,Male,20-29,"[4.3469411e-01 2.6161471e-04 2.8749032e-02 1.1000985e-05 3.2880169e-05
 2.1027825e-03 5.3414857e-01]",[9.9462414e-01 6.9336471e-04 4.2980132e-04 4.2527099e-03],[9.999997e-01 3.121664e-07],"[7.8842577e-06 2.5904833e-03 1.1656317e-01 6.9701993e-01 1.7594808e-01
 7.8293234e-03 4.0699219e-05 4.8506706e-07 8.2833171e-09]"
D:\Uni\Ulm\Master\Hiwi-Forschung-und-Lehre\FairFace\detected_faces\1860172_face0.jpg,Black,Black,Male,20-29,"[1.1857726e-05 9.9906516e-01 3.3421046e-04 3.3890646e-07 9.9240169e-06
 2.0904501e-04 3.6943649e-04]",[8.4398116e-06 9.9996221e-01 6.8428358e-06 2.2517615e-05],[9.9999708e-01 2.9876467e-06],"[1.0489069e-08 2.7620199e-06 7.3958598e-03 7.8219604e-01 2.0485453e-01
 5.5034873e-03 4.6405865e-05 8.8150614e-07 2.7519958e-08]"
D:\Uni\Ulm\Master\Hiwi-Forschung-und-Lehre\FairFace\detected_faces\1860395_face0.jpg,White,White,Male,20-29,"[8.5950482e-01 1.4841324e-05 2.8912369e-03 3.3337518e-04 4.5258214e-04
 3.3943349e-04 1.3646367e-01]",[9.7238517e-01 3.1491867e-04 5.5721751e-03 2.1727756e-02],[0.96318924 0.0368108 ],"[2.4055578e-05 4.2963135e-03 1.0922398e-01 3.6233878e-01 2.7829665e-01
 2.0196325e-01 4.0287063e-02 3.0064539e-03 5.6346407e-04]"
D:\Uni\Ulm\Master\Hiwi-Forschung-und-Lehre\FairFace\detected_faces\1862607_face0.jpg,White,White,Male,20-29,"[0.67958134 0.0017157  0.18210411 0.00151484 0.00218571 0.00121944
 0.1316787 ]",[0.97860086 0.0045686  0.00456911 0.01226139],[9.9917525e-01 8.2475611e-04],"[9.9808665e-07 3.2240452e-04 1.6900769e-01 8.0452138e-01 2.5943210e-02
 2.0293855e-04 1.3343290e-06 7.9893205e-08 2.8338809e-09]"
D:\Uni\Ulm\Master\Hiwi-Forschung-und-Lehre\FairFace\detected_faces\1863204_face0.jpg,White,White,Male,20-29,"[9.6779925e-01 8.2240609e-04 1.1619303e-02 8.8735465e-03 2.7852168e-03
 3.1020821e-04 7.7901371e-03]",[0.9552993  0.00288452 0.03999113 0.00182508],[0.9979118  0.00208821],"[6.3461448e-06 3.1230932e-03 4.6441463e-01 5.0720990e-01 2.4161424e-02
 1.0395190e-03 4.2187065e-05 2.6105961e-06 2.3349546e-07]"
D:\Uni\Ulm\Master\Hiwi-Forschung-und-Lehre\FairFace\detected_faces\1863205_face0.jpg,Middle Eastern,White,Male,10-19,"[8.59866962e-02 4.90190811e-04 1.12639643e-01 3.65844753e-04
 7.57609436e-04 1.48272095e-02 7.84932792e-01]",[0.9084746  0.00624338 0.00698288 0.07829907],[9.9962366e-01 3.7635575e-04],"[1.5742391e-05 2.3750322e-02 6.7054766e-01 2.8712741e-01 1.7806020e-02
 7.4191310e-04 1.0124586e-05 7.2351662e-07 2.7534584e-08]"
D:\Uni\Ulm\Master\Hiwi-Forschung-und-Lehre\FairFace\detected_faces\1863206_face0.jpg,White,White,Male,10-19,"[9.4527006e-01 9.5603224e-05 1.4637130e-02 1.7934572e-02 6.2465509e-03
 5.9683365e-04 1.5219202e-02]",[9.8832351e-01 5.0537223e-05 1.0834620e-02 7.9137762e-04],[9.9946064e-01 5.3937291e-04],"[5.9055111e-07 2.9093676e-04 4.9631751e-01 4.8490426e-01 1.7917341e-02
 5.5763236e-04 1.0341194e-05 1.3997401e-06 6.6854575e-08]"
D:\Uni\Ulm\Master\Hiwi-Forschung-und-Lehre\FairFace\detected_faces\1864973_face0.jpg,Middle Eastern,White,Male,30-39,"[4.2720795e-01 6.5212807e-05 3.8237449e-02 9.1803574e-04 1.2944873e-03
 1.3259808e-03 5.3095090e-01]",[9.9279684e-01 1.2908978e-04 4.3581971e-03 2.7158717e-03],[9.9999952e-01 4.6768187e-07],"[1.4433155e-06 8.1345919e-05 1.5214883e-02 4.3753362e-01 4.8744938e-01
 5.9023906e-02 6.9012278e-04 5.1987431e-06 5.8597664e-08]"
D:\Uni\Ulm\Master\Hiwi-Forschung-und-Lehre\FairFace\detected_faces\1865387_face0.jpg,Middle Eastern,White,Male,20-29,"[5.1312365e-02 2.0155637e-04 2.9735252e-02 2.3176099e-06 1.3780982e-05
 1.0479986e-03 9.1768670e-01]",[0.9602631  0.02736366 0.0077313  0.00464198],[9.9999994e-01 5.7581790e-08],"[6.8843676e-08 4.0978452e-04 3.6159551e-01 6.1877775e-01 1.8881975e-02
 3.3370167e-04 1.1553136e-06 3.1109657e-08 3.2749509e-10]"
D:\Uni\Ulm\Master\Hiwi-Forschung-und-Lehre\FairFace\detected_faces\1865909_face0.jpg,White,Asian,Male,10-19,"[5.09151816e-01 4.99355956e-04 1.17225789e-01 1.84443325e-01
 1.06247425e-01 8.48981086e-04 8.15832615e-02]",[3.2944837e-01 1.5519600e-04 6.7009866e-01 2.9778801e-04],[0.99110675 0.00889322],"[5.4791097e-05 1.2453509e-02 6.1292714e-01 3.1528139e-01 5.4018453e-02
 4.9994593e-03 2.2963453e-04 3.3477889e-05 2.2349009e-06]"
D:\Uni\Ulm\Master\Hiwi-Forschung-und-Lehre\FairFace\detected_faces\1869106_face0.jpg,Middle Eastern,White,Male,20-29,"[0.09012111 0.00122407 0.11617132 0.00360701 0.00372521 0.00290341
 0.78224784]",[0.8184771  0.07368422 0.07047203 0.03736664],[0.98747677 0.01252319],"[5.2694730e-07 2.2607663e-05 2.3360800e-02 5.9485102e-01 3.4399378e-01
 3.6077231e-02 1.6235478e-03 6.7536537e-05 2.8781531e-06]"
D:\Uni\Ulm\Master\Hiwi-Forschung-und-Lehre\FairFace\detected_faces\1869129_face0.jpg,White,White,Male,20-29,"[5.7640731e-01 2.0097788e-04 8.0194674e-02 3.5352753e-03 2.5809032e-03
 5.3928455e-04 3.3654153e-01]",[0.9073273  0.01686644 0.05697839 0.01882795],[0.9616161 0.0383839],"[2.4769548e-07 3.5107747e-04 4.1614962e-01 5.6272191e-01 2.0320151e-02
 4.5276992e-04 4.0696837e-06 1.9360266e-07 9.4832009e-09]"
D:\Uni\Ulm\Master\Hiwi-Forschung-und-Lehre\FairFace\detected_faces\2000055688_face0.jpg,Black,Black,Male,20-29,"[2.50161014e-04 9.71133947e-01 1.46075469e-02 5.14754247e-05
 1.58561917e-03 1.15504945e-02 8.20869172e-04]",[2.4462579e-04 9.8903561e-01 3.6742771e-03 7.0454427e-03],[0.97353375 0.02646628],"[2.3789374e-08 2.4705078e-06 7.5699301e-03 6.8116182e-01 3.0474728e-01
 6.4649545e-03 5.3105399e-05 3.6913528e-07 1.4344986e-08]"
