face_name_align,race,race4,gender,age,race_scores_fair,race_scores_fair_4,gender_scores_fair,age_scores_fair
D:\Uni\Ulm\Master\Hiwi-Forschung-und-Lehre\FairFace\detected_faces\100206_face0.jpg,White,White,Male,20-29,"[9.9370080e-01 5.3425157e-07 1.0786799e-03 1.8385494e-05 2.4108500e-05
 1.7691332e-04 5.0006635e-03]",[9.9749166e-01 1.5686188e-05 1.2616346e-04 2.3664148e-03],[9.999907e-01 9.294614e-06],"[4.63095056e-08 9.59608042e-06 1.46273980e-02 8.72356474e-01
 1.11758396e-01 1.24531449e-03 2.78943389e-06 2.15491731e-08
 4.83417195e-10]"
D:\Uni\Ulm\Master\Hiwi-Forschung-und-Lehre\FairFace\detected_faces\100382_face0.jpg,Latino_Hispanic,Black,Male,20-29,"[3.4876890e-02 1.4152685e-01 6.5569216e-01 5.1614334e-05 2.0278946e-03
 6.4277530e-02 1.0154713e-01]",[2.2137530e-02 9.6315664e-01 6.8036868e-04 1.4025477e-02],[9.9999970e-01 2.6695025e-07],"[9.4579429e-09 5.2323861e-07 1.0431921e-03 7.0703650e-01 2.8957143e-01
 2.3436141e-03 4.6391492e-06 4.1266969e-08 5.5474292e-10]"
D:\Uni\Ulm\Master\Hiwi-Forschung-und-Lehre\FairFace\detected_faces\100389_face0.jpg,White,White,Male,20-29,"[9.9896204e-01 5.8295524e-07 2.7665001e-04 1.9288173e-05 4.5975790e-05
 9.8493420e-06 6.8568852e-04]",[9.9913400e-01 3.6256228e-05 4.4752672e-04 3.8223769e-04],[1.0000000e+00 1.1505941e-10],"[2.6499495e-07 6.7496396e-05 7.7543661e-02 5.6260383e-01 2.9175270e-01
 6.5635599e-02 2.3702409e-03 2.6087417e-05 1.2384403e-07]"
D:\Uni\Ulm\Master\Hiwi-Forschung-und-Lehre\FairFace\detected_faces\100408_face0.jpg,White,White,Male,20-29,"[9.9309450e-01 1.2960499e-05 6.0437713e-04 8.2074512e-06 2.8694931e-05
 6.2030143e-05 6.1892029e-03]",[0.99375993 0.00159343 0.00108476 0.00356188],[1.000000e+00 2.361269e-08],"[6.1970859e-08 1.9409606e-06 2.9199680e-03 6.6198438e-01 3.1425536e-01
 2.0401163e-02 4.3227375e-04 4.8109423e-06 5.8217068e-08]"
D:\Uni\Ulm\Master\Hiwi-Forschung-und-Lehre\FairFace\detected_faces\100412_face0.jpg,White,White,Male,30-39,"[9.9131542e-01 2.1422076e-05 1.4922563e-03 3.7559724e-07 2.3388370e-06
 7.7092009e-05 7.0911702e-03]",[9.9619824e-01 2.9772830e-03 2.2839455e-05 8.0168236e-04],[9.9999917e-01 7.9578098e-07],"[1.6116026e-08 2.1863298e-07 2.7214340e-04 2.9512912e-01 6.3644648e-01
 6.7243651e-02 9.0301700e-04 5.2738783e-06 7.0853396e-08]"
D:\Uni\Ulm\Master\Hiwi-Forschung-und-Lehre\FairFace\detected_faces\100564_face0.jpg,White,White,Male,30-39,"[9.8937267e-01 1.2668957e-04 4.7371167e-04 1.5722775e-07 8.5572196e-07
 1.9535506e-05 1.0006382e-02]",[9.9821943e-01 1.2532440e-03 9.4157818e-05 4.3313924e-04],[9.9999946e-01 5.7863264e-07],"[9.05665090e-08 1.12924829e-06 6.79690493e-05 5.84892072e-02
 7.77453065e-01 1.61916256e-01 2.06050510e-03 1.17545305e-05
 1.30199297e-07]"
D:\Uni\Ulm\Master\Hiwi-Forschung-und-Lehre\FairFace\detected_faces\100565_face0.jpg,White,White,Male,30-39,"[9.5520443e-01 1.0761413e-04 2.8073234e-03 3.3946908e-05 9.0330213e-05
 1.5895032e-05 4.1740365e-02]",[9.9893522e-01 4.5472404e-04 4.7541285e-04 1.3475346e-04],[9.9999982e-01 2.0173199e-07],"[7.9177164e-07 1.1634994e-05 1.4954776e-03 4.5891291e-01 5.2020431e-01
 1.9269465e-02 1.0280608e-04 2.5374441e-06 5.2975626e-08]"
D:\Uni\Ulm\Master\Hiwi-Forschung-und-Lehre\FairFace\detected_faces\100568_face0.jpg,White,White,Male,30-39,"[9.0658045e-01 3.7647838e-05 9.2924824e-03 2.0042683e-04 2.4643730e-04
 5.6834152e-04 8.3074212e-02]",[9.9930668e-01 1.9142113e-05 1.2544350e-04 5.4881611e-04],[9.9997401e-01 2.5970143e-05],"[9.9045310e-06 3.8411759e-05 5.5366982e-04 1.8162639e-01 7.7059960e-01
 4.6854939e-02 3.1379075e-04 3.2375699e-06 7.7571620e-08]"
D:\Uni\Ulm\Master\Hiwi-Forschung-und-Lehre\FairFace\detected_faces\100569_face0.jpg,White,White,Male,30-39,"[8.8289958e-01 3.7071394e-04 6.8412617e-02 3.0896455e-05 5.5635235e-05
 3.7203373e-03 4.4510216e-02]",[9.8796391e-01 1.7293586e-03 4.7511893e-04 9.8316707e-03],[9.999724e-01 2.765381e-05],"[8.8612722e-07 8.6153168e-06 2.2049178e-04 1.2457526e-01 7.7456903e-01
 9.9998362e-02 6.2422699e-04 3.0607562e-06 2.7944951e-08]"
D:\Uni\Ulm\Master\Hiwi-Forschung-und-Lehre\FairFace\detected_faces\100570_face0.jpg,White,White,Male,30-39,"[9.3696159e-01 2.4055575e-05 2.2123130e-02 6.9647016e-05 1.4068025e-04
 1.3072325e-03 3.9373580e-02]",[9.9843901e-01 3.4119032e-05 7.6965356e-05 1.4498199e-03],[9.9946201e-01 5.3798413e-04],"[1.1721414e-06 3.7799407e-05 2.5839193e-03 2.7110296e-01 6.7975193e-01
 4.6334606e-02 1.8574664e-04 1.8610310e-06 3.0901930e-08]"
D:\Uni\Ulm\Master\Hiwi-Forschung-und-Lehre\FairFace\detected_faces\100574_face0.jpg,Middle Eastern,White,Male,30-39,"[4.0646592e-01 2.5844488e-02 2.4301907e-02 4.7600229e-06 6.0457402e-05
 3.7753973e-03 5.3954703e-01]",[9.9336416e-01 4.7170478e-03 2.4768503e-04 1.6711497e-03],[9.9999982e-01 2.0296443e-07],"[2.02146089e-06 1.19455162e-05 3.26528214e-04 1.86162293e-01
 6.94036067e-01 1.13615796e-01 5.58165414e-03 2.57925014e-04
 5.65093660e-06]"
D:\Uni\Ulm\Master\Hiwi-Forschung-und-Lehre\FairFace\detected_faces\100578_face0.jpg,White,White,Male,20-29,"[9.1547710e-01 9.0210444e-05 4.7651600e-02 3.3708686e-06 1.7836624e-05
 2.4142099e-04 3.6518477e-02]",[9.9451011e-01 1.4214586e-03 1.1367025e-04 3.9547901e-03],[1.0000000e+00 2.1117465e-08],"[2.78334316e-08 1.24212124e-06 3.26723442e-03 5.25787830e-01
 4.37310547e-01 3.32023799e-02 4.27924533e-04 2.91038737e-06
 1.21245325e-08]"
D:\Uni\Ulm\Master\Hiwi-Forschung-und-Lehre\FairFace\detected_faces\100579_face0.jpg,White,White,Male,30-39,"[8.7315744e-01 2.0766775e-03 4.4978056e-02 1.0975623e-04 3.6099172e-04
 4.6950823e-04 7.8847587e-02]",[9.9845749e-01 8.2916924e-04 3.1786389e-04 3.9547993e-04],[1.0000000e+00 1.2216117e-08],"[1.1708539e-06 2.0512030e-05 2.5042738e-03 4.3407747e-01 5.1758200e-01
 4.4812903e-02 9.7979582e-04 2.1614918e-05 2.9075395e-07]"
D:\Uni\Ulm\Master\Hiwi-Forschung-und-Lehre\FairFace\detected_faces\100580_face0.jpg,Latino_Hispanic,Indian,Male,20-29,"[0.11189853 0.00652128 0.6742611  0.01077865 0.0229186  0.08908178
 0.08453999]",[0.3788214  0.02122365 0.06708127 0.53287363],[9.9999994e-01 1.1933706e-07],"[4.5814880e-07 4.9627870e-06 6.8932987e-04 5.5054283e-01 4.3600601e-01
 1.2699700e-02 5.5792425e-05 8.9727695e-07 9.1625951e-09]"
D:\Uni\Ulm\Master\Hiwi-Forschung-und-Lehre\FairFace\detected_faces\100621_face0.jpg,Black,Black,Male,20-29,"[1.0223775e-02 4.8364049e-01 3.8199797e-01 4.1905028e-04 9.0082064e-03
 6.9130085e-02 4.5580458e-02]",[0.00395453 0.94657177 0.00143923 0.04803449],[9.9999934e-01 6.3873847e-07],"[1.7467065e-06 6.6948407e-05 9.7014979e-03 7.7935028e-01 2.0722473e-01
 3.6288549e-03 2.5298408e-05 5.8778136e-07 1.5578124e-08]"
D:\Uni\Ulm\Master\Hiwi-Forschung-und-Lehre\FairFace\detected_faces\100637_face0.jpg,White,White,Male,30-39,"[9.9991375e-01 1.5499161e-06 1.5706548e-05 1.6875046e-07 3.5448036e-07
 6.5711384e-07 6.7833193e-05]",[9.9996960e-01 1.4860097e-05 4.3356595e-06 1.1229883e-05],[9.9996406e-01 3.5902238e-05],"[1.2424124e-07 1.5498529e-06 6.8877918e-05 5.1182989e-02 7.4956834e-01
 1.9701909e-01 2.1451807e-03 1.3366194e-05 4.8654283e-07]"
D:\Uni\Ulm\Master\Hiwi-Forschung-und-Lehre\FairFace\detected_faces\100726_face0.jpg,Latino_Hispanic,Indian,Male,30-39,"[2.0427200e-01 4.1141373e-04 6.9371670e-01 1.1317676e-04 5.6356849e-04
 7.8913622e-02 2.2009488e-02]",[0.31721795 0.00577408 0.00117609 0.67583185],[9.9999958e-01 4.3406126e-07],"[9.9984641e-07 3.2922249e-05 1.2850582e-03 1.4662956e-01 7.5943553e-01
 9.2123531e-02 4.9039390e-04 1.9720324e-06 1.4427585e-08]"
D:\Uni\Ulm\Master\Hiwi-Forschung-und-Lehre\FairFace\detected_faces\101156_face0.jpg,White,White,Male,20-29,"[9.9409848e-01 9.0684107e-06 1.8202781e-03 2.8495461e-04 4.0557265e-04
 7.2202934e-06 3.3745952e-03]",[9.7020501e-01 6.2791473e-06 2.9770790e-02 1.7911794e-05],[1.0000000e+00 3.6792704e-09],"[2.0423138e-07 7.1241420e-06 7.0479116e-03 8.0613226e-01 1.8333237e-01
 3.4461191e-03 3.3518663e-05 4.7157232e-07 5.3027169e-09]"
D:\Uni\Ulm\Master\Hiwi-Forschung-und-Lehre\FairFace\detected_faces\101367_face0.jpg,White,White,Male,20-29,"[9.9823838e-01 1.6256477e-05 1.7112942e-04 1.8020397e-07 1.1335462e-06
 4.1513017e-06 1.5687980e-03]",[9.9925494e-01 2.9525696e-04 1.6449126e-04 2.8533343e-04],[9.9999809e-01 1.9235476e-06],"[1.6497086e-08 9.7663838e-07 7.2424166e-04 4.9318707e-01 4.7425565e-01
 3.1231271e-02 5.9397268e-04 6.6719258e-06 1.4662874e-07]"
D:\Uni\Ulm\Master\Hiwi-Forschung-und-Lehre\FairFace\detected_faces\101393_face0.jpg,White,White,Male,30-39,"[9.9057049e-01 7.0617156e-04 2.1651587e-03 6.3304185e-05 2.3825224e-04
 5.9547972e-05 6.1969054e-03]",[8.7329578e-01 1.2592325e-01 6.0725660e-04 1.7367127e-04],[9.9999720e-01 2.7794351e-06],"[1.7883178e-06 8.3287014e-06 8.0265041e-04 1.1905080e-01 6.3708198e-01
 2.1669802e-01 2.5124410e-02 1.2012357e-03 3.0839350e-05]"
D:\Uni\Ulm\Master\Hiwi-Forschung-und-Lehre\FairFace\detected_faces\101417_face0.jpg,Black,Black,Male,20-29,"[2.12105670e-06 9.99795318e-01 1.07187276e-04 2.88200575e-08
 1.57598060e-06 3.78209043e-05 5.58957072e-05]",[2.3893344e-06 9.9997264e-01 6.7868309e-06 1.8283892e-05],[9.9999994e-01 7.3407271e-08],"[2.0767972e-08 9.2576311e-06 1.5689733e-02 8.5547894e-01 1.2650998e-01
 2.3059179e-03 5.9997492e-06 8.1941295e-08 2.3182523e-09]"
D:\Uni\Ulm\Master\Hiwi-Forschung-und-Lehre\FairFace\detected_faces\101789_face0.jpg,White,White,Male,20-29,"[9.9820870e-01 4.6319351e-06 1.7356743e-04 4.5256184e-06 1.0904101e-05
 1.9500874e-06 1.5956719e-03]",[9.9956816e-01 1.5505542e-04 2.0335610e-04 7.3493175e-05],[9.9987519e-01 1.2479354e-04],"[2.6506012e-07 1.6504011e-05 2.1752466e-03 6.4088130e-01 3.5214385e-01
 4.7622020e-03 2.0355064e-05 3.3780455e-07 1.1397674e-08]"
D:\Uni\Ulm\Master\Hiwi-Forschung-und-Lehre\FairFace\detected_faces\101864_face0.jpg,Black,Black,Male,20-29,"[1.9344738e-05 9.9962729e-01 1.4190738e-04 5.9916253e-08 6.6181389e-07
 5.3383854e-05 1.5737528e-04]",[2.5000325e-06 9.9998897e-01 6.1532705e-07 7.9862666e-06],[9.9999881e-01 1.2108948e-06],"[1.3670250e-07 1.8964989e-05 1.1445103e-02 6.9254929e-01 2.7057567e-01
 2.4590086e-02 8.0139987e-04 1.9035286e-05 3.9113090e-07]"
D:\Uni\Ulm\Master\Hiwi-Forschung-und-Lehre\FairFace\detected_faces\101882_face0.jpg,White,White,Male,30-39,"[6.2447584e-01 4.1935095e-03 2.4634826e-01 4.1621061e-05 1.4226191e-04
 8.9275194e-03 1.1587103e-01]",[9.9349326e-01 1.3843247e-03 1.3965754e-04 4.9828086e-03],[9.999980e-01 2.060853e-06],"[5.8648152e-07 1.6445142e-06 1.9829470e-04 8.8040009e-02 7.5027734e-01
 1.5742274e-01 4.0228516e-03 3.6293823e-05 2.2846447e-07]"
D:\Uni\Ulm\Master\Hiwi-Forschung-und-Lehre\FairFace\detected_faces\101999_face0.jpg,White,White,Male,30-39,"[9.99849319e-01 4.01869187e-07 3.08216986e-05 6.66711344e-08
 4.83959980e-07 6.24729637e-07 1.18220974e-04]",[9.9997991e-01 1.4950924e-06 5.8842647e-07 1.7986329e-05],[9.9999934e-01 6.5081764e-07],"[5.1359943e-09 3.1189430e-07 3.3997835e-04 3.8068181e-01 5.8513921e-01
 3.3668086e-02 1.6995578e-04 6.5564319e-07 1.0393028e-08]"
D:\Uni\Ulm\Master\Hiwi-Forschung-und-Lehre\FairFace\detected_faces\102077_face0.jpg,White,White,Male,30-39,"[5.5440646e-01 1.2043070e-02 1.3466984e-01 9.5628247e-06 4.6066187e-05
 4.9690828e-03 2.9385594e-01]",[8.9074111e-01 7.7191673e-02 2.7116804e-04 3.1796020e-02],[9.9999833e-01 1.6332906e-06],"[1.3080310e-06 1.1157968e-05 3.0577910e-04 1.3826147e-01 7.5254059e-01
 1.0787749e-01 9.9094026e-04 1.1142833e-05 1.6952468e-07]"
D:\Uni\Ulm\Master\Hiwi-Forschung-und-Lehre\FairFace\detected_faces\102280_face0.jpg,White,White,Male,30-39,"[9.8623294e-01 6.5762933e-06 9.3318016e-04 1.6225224e-05 4.3300894e-05
 4.6724494e-05 1.2721012e-02]",[9.995397e-01 7.287572e-05 7.229863e-05 3.151288e-04],[9.9999654e-01 3.5391722e-06],"[2.0828823e-08 4.2229809e-07 1.2599926e-04 2.8637302e-01 7.0262074e-01
 1.0862800e-02 1.6953023e-05 7.2199633e-08 2.0763957e-09]"
D:\Uni\Ulm\Master\Hiwi-Forschung-und-Lehre\FairFace\detected_faces\102624_face0.jpg,White,White,Male,20-29,"[8.6688167e-01 8.3696665e-03 8.6226396e-02 2.4093192e-03 9.9240374e-03
 3.2226220e-04 2.5866600e-02]",[0.75250435 0.22360578 0.01927847 0.00461134],[9.9997705e-01 2.2957840e-05],"[1.0370325e-06 2.9062499e-05 8.0901403e-03 6.5653938e-01 3.1082276e-01
 2.3685191e-02 7.5998774e-04 6.9974332e-05 2.4662766e-06]"
D:\Uni\Ulm\Master\Hiwi-Forschung-und-Lehre\FairFace\detected_faces\102626_face0.jpg,White,White,Male,20-29,"[9.4900346e-01 6.0041850e-05 6.9084442e-03 3.2492626e-06 1.7512593e-05
 1.8623099e-04 4.3821100e-02]",[9.9867982e-01 2.8950445e-04 3.9888506e-05 9.9094689e-04],[9.9998522e-01 1.4761537e-05],"[2.6865614e-06 1.8589935e-04 5.5205324e-03 5.2929854e-01 4.5399764e-01
 1.0962232e-02 3.2188429e-05 3.0583789e-07 7.7093514e-09]"
D:\Uni\Ulm\Master\Hiwi-Forschung-und-Lehre\FairFace\detected_faces\102703_face0.jpg,White,White,Male,30-39,"[9.8134750e-01 8.2571678e-05 4.2371741e-03 3.2448348e-05 1.6431561e-04
 4.2521468e-05 1.4093409e-02]",[9.9304670e-01 3.7514837e-03 2.4506848e-03 7.5120048e-04],[9.999844e-01 1.563562e-05],"[1.7868361e-07 1.0546044e-05 1.4048479e-03 4.4481441e-01 5.3568810e-01
 1.7985856e-02 9.4912961e-05 1.0504433e-06 2.9875640e-08]"
D:\Uni\Ulm\Master\Hiwi-Forschung-und-Lehre\FairFace\detected_faces\102983_face0.jpg,Black,Black,Male,30-39,"[4.3388279e-03 5.9440964e-01 7.8493111e-02 8.6094815e-06 1.6198542e-04
 4.9302332e-02 2.7328557e-01]",[0.005861   0.8568672  0.00323543 0.13403639],[9.9999464e-01 5.3866024e-06],"[3.12901670e-06 1.60438649e-05 7.41238706e-04 5.33120148e-02
 5.53640664e-01 3.53404999e-01 3.78279462e-02 1.04329467e-03
 1.06543475e-05]"
D:\Uni\Ulm\Master\Hiwi-Forschung-und-Lehre\FairFace\detected_faces\103012_face0.jpg,Middle Eastern,White,Male,30-39,"[3.4491989e-01 2.7459913e-03 1.4217007e-01 1.6068033e-04 5.7584053e-04
 2.4546734e-03 5.0697285e-01]",[0.9611552  0.0162084  0.00180545 0.02083098],[9.9997485e-01 2.5135527e-05],"[7.4066829e-06 3.5513058e-05 9.8983455e-04 1.3280448e-01 6.6066957e-01
 1.9881168e-01 6.5997397e-03 8.0555590e-05 1.2235763e-06]"
D:\Uni\Ulm\Master\Hiwi-Forschung-und-Lehre\FairFace\detected_faces\103040_face0.jpg,White,White,Male,30-39,"[9.5323259e-01 1.0602455e-04 4.1478220e-03 1.3694949e-05 3.6998303e-05
 2.4402597e-04 4.2219006e-02]",[9.9978858e-01 8.3374311e-05 4.4365384e-05 8.3635627e-05],[9.999993e-01 7.499210e-07],"[4.4843298e-07 3.2278354e-06 4.1864719e-04 2.8987676e-01 6.6823500e-01
 4.1058522e-02 4.0168822e-04 5.5359378e-06 1.0810121e-07]"
D:\Uni\Ulm\Master\Hiwi-Forschung-und-Lehre\FairFace\detected_faces\103045_face0.jpg,Black,Black,Male,30-39,"[8.4149360e-06 9.9901193e-01 5.0578109e-04 8.2523499e-08 2.8174052e-06
 4.4460723e-04 2.6232627e-05]",[3.8694481e-05 9.9830037e-01 3.2732627e-04 1.3335842e-03],[9.9999982e-01 2.0652946e-07],"[4.0163554e-06 1.6170923e-05 6.3414883e-04 1.3734700e-01 6.4232272e-01
 2.1248813e-01 7.0400150e-03 1.4466140e-04 3.1610291e-06]"
D:\Uni\Ulm\Master\Hiwi-Forschung-und-Lehre\FairFace\detected_faces\103115_face0.jpg,White,White,Male,30-39,"[9.9526173e-01 3.1243639e-05 1.0403467e-04 2.6513553e-07 7.4955710e-07
 7.5691114e-06 4.5944438e-03]",[9.9940938e-01 3.2740855e-04 1.8299615e-05 2.4483117e-04],[9.9999511e-01 4.9406303e-06],"[1.3776061e-07 2.9262264e-07 6.4295571e-05 7.8906894e-02 6.1403191e-01
 2.7059615e-01 3.5264332e-02 1.1015425e-03 3.4474262e-05]"
D:\Uni\Ulm\Master\Hiwi-Forschung-und-Lehre\FairFace\detected_faces\103117_face0.jpg,White,White,Male,40-49,"[9.9885160e-01 4.4885010e-06 3.8582511e-05 1.4935748e-07 5.6578580e-07
 2.4068181e-06 1.1022801e-03]",[9.9979413e-01 1.7122350e-04 3.9759266e-06 3.0672119e-05],[9.992573e-01 7.426802e-04],"[7.7180283e-07 2.0400854e-05 1.8560009e-03 7.6598167e-02 3.2827264e-01
 4.2639530e-01 1.5814418e-01 8.2798516e-03 4.3273557e-04]"
D:\Uni\Ulm\Master\Hiwi-Forschung-und-Lehre\FairFace\detected_faces\103156_face0.jpg,Middle Eastern,White,Male,30-39,"[2.8208143e-01 8.2135596e-04 2.3374264e-01 5.1277355e-05 4.4378088e-04
 2.3072666e-02 4.5978692e-01]",[0.7215892  0.00814687 0.00378642 0.26647753],[9.9998915e-01 1.0865315e-05],"[3.3978656e-06 9.5238123e-05 2.9903671e-03 3.7776449e-01 5.8330554e-01
 3.5665058e-02 1.7447602e-04 1.4089209e-06 1.6348849e-08]"
D:\Uni\Ulm\Master\Hiwi-Forschung-und-Lehre\FairFace\detected_faces\103289_face0.jpg,White,White,Male,30-39,"[9.9438816e-01 1.0387213e-05 1.0813276e-03 8.8579441e-07 2.6404539e-06
 1.0523188e-05 4.5061172e-03]",[9.9961567e-01 1.3705502e-04 1.3209561e-04 1.1518451e-04],[9.9999410e-01 5.9534023e-06],"[5.5992950e-07 2.3117113e-06 7.3121127e-04 1.3857606e-01 5.6513876e-01
 2.5599194e-01 3.8995866e-02 5.5850670e-04 4.7488502e-06]"
D:\Uni\Ulm\Master\Hiwi-Forschung-und-Lehre\FairFace\detected_faces\103335_face0.jpg,White,White,Male,30-39,"[9.9966174e-01 4.3923945e-05 2.1630710e-04 6.1481510e-06 9.2970913e-06
 1.9708286e-06 6.0560284e-05]",[9.7182012e-01 2.7273880e-02 6.9197966e-04 2.1402381e-04],[9.9999714e-01 2.8488635e-06],"[2.0381195e-07 1.2633550e-06 5.5275118e-04 1.5000513e-01 4.7591475e-01
 3.0188543e-01 7.0527911e-02 1.0893259e-03 2.3273935e-05]"
D:\Uni\Ulm\Master\Hiwi-Forschung-und-Lehre\FairFace\detected_faces\103364_face0.jpg,White,White,Male,20-29,"[9.6318668e-01 1.6941606e-04 3.5274647e-02 2.4438214e-06 2.0629870e-05
 4.1278337e-05 1.3048749e-03]",[9.9879032e-01 1.0861792e-03 4.1079533e-05 8.2447717e-05],[9.9999982e-01 1.8855359e-07],"[3.5905057e-08 3.2452137e-06 2.8360472e-03 5.0807828e-01 4.7058946e-01
 1.8343054e-02 1.4856605e-04 1.3154577e-06 1.6213770e-08]"
D:\Uni\Ulm\Master\Hiwi-Forschung-und-Lehre\FairFace\detected_faces\103417_face0.jpg,White,White,Male,30-39,"[6.91466868e-01 7.97107277e-05 1.99131235e-01 1.15403505e-04
 2.43952163e-04 3.86598147e-02 7.03030005e-02]",[9.7994202e-01 1.8228046e-04 1.2822977e-03 1.8593373e-02],[9.9999106e-01 8.9440664e-06],"[7.52966457e-07 1.35461169e-05 2.42961556e-04 1.42520681e-01
 7.96438098e-01 6.06712550e-02 1.12313865e-04 3.14680733e-07
 2.43677345e-09]"
D:\Uni\Ulm\Master\Hiwi-Forschung-und-Lehre\FairFace\detected_faces\103442_face0.jpg,White,White,Male,30-39,"[9.4629687e-01 9.4752220e-05 2.4436722e-02 4.5875342e-05 1.2432325e-04
 1.8321772e-03 2.7169112e-02]",[9.9063742e-01 3.5483119e-04 7.4261776e-04 8.2651665e-03],[9.9982393e-01 1.7605753e-04],"[2.2120098e-06 3.3633096e-05 6.3695345e-04 1.2961735e-01 7.3044211e-01
 1.3787687e-01 1.3837996e-03 6.9250477e-06 1.7483380e-07]"
D:\Uni\Ulm\Master\Hiwi-Forschung-und-Lehre\FairFace\detected_faces\103928_face0.jpg,Black,Black,Male,30-39,"[3.3900410e-06 9.9992579e-01 4.4219862e-05 3.2656821e-08 7.4110517e-07
 2.2976710e-05 2.8399575e-06]",[1.2401395e-05 9.9969465e-01 3.1869651e-05 2.6102591e-04],[9.9985969e-01 1.4033625e-04],"[1.5549731e-05 4.6680684e-04 2.1308549e-02 3.8944247e-01 4.8161748e-01
 1.0451306e-01 2.5626817e-03 7.0412498e-05 2.9820767e-06]"
D:\Uni\Ulm\Master\Hiwi-Forschung-und-Lehre\FairFace\detected_faces\104794_face0.jpg,Indian,Indian,Male,30-39,"[3.1799410e-02 3.7575192e-03 1.0689121e-01 5.3601172e-05 5.0111121e-04
 7.8554124e-01 7.1455911e-02]",[0.09656531 0.00225723 0.0027335  0.89844394],[9.9999368e-01 6.2822774e-06],"[3.0088333e-07 2.8017848e-06 1.0221807e-03 4.0076655e-01 5.7675177e-01
 2.1289065e-02 1.6452433e-04 2.7080819e-06 3.6826922e-08]"
D:\Uni\Ulm\Master\Hiwi-Forschung-und-Lehre\FairFace\detected_faces\104813_face0.jpg,White,White,Male,30-39,"[9.9891776e-01 2.1234277e-06 3.7746420e-05 2.1151063e-06 5.5206187e-06
 1.6129817e-06 1.0330700e-03]",[9.9974120e-01 1.0927444e-04 1.2400682e-04 2.5462610e-05],[9.9999648e-01 3.5132075e-06],"[3.6645221e-07 7.9480378e-06 2.2605991e-03 4.6831310e-01 4.8403180e-01
 4.4398583e-02 9.6739514e-04 1.9596207e-05 5.7058861e-07]"
D:\Uni\Ulm\Master\Hiwi-Forschung-und-Lehre\FairFace\detected_faces\104818_face0.jpg,White,White,Male,30-39,"[9.5767349e-01 1.0168679e-04 5.0713690e-03 4.5729271e-06 1.9202453e-05
 5.6399953e-05 3.7073284e-02]",[9.9832791e-01 9.3153381e-04 4.0014647e-04 3.4045498e-04],[9.999842e-01 1.577428e-05],"[9.7874882e-08 1.4607890e-06 1.1138464e-03 4.8022854e-01 4.8801833e-01
 3.0143665e-02 4.8590917e-04 7.9282436e-06 1.9428747e-07]"
D:\Uni\Ulm\Master\Hiwi-Forschung-und-Lehre\FairFace\detected_faces\104822_face0.jpg,Black,Black,Male,20-29,"[1.5427420e-06 9.9994510e-01 1.6204402e-05 6.9458008e-07 3.0440979e-05
 2.8057977e-06 3.2810310e-06]",[8.5321290e-06 9.9998635e-01 4.0264581e-06 1.1092532e-06],[9.9999815e-01 1.8414655e-06],"[3.9554587e-07 8.0416605e-05 2.1349499e-02 5.9997058e-01 3.3678126e-01
 3.9670791e-02 2.0851719e-03 5.5539022e-05 6.4538958e-06]"
D:\Uni\Ulm\Master\Hiwi-Forschung-und-Lehre\FairFace\detected_faces\104857_face0.jpg,Latino_Hispanic,Black,Male,30-39,"[7.3643816e-03 2.9112339e-01 3.4756154e-01 5.7002893e-05 1.1704065e-03
 2.1862490e-02 3.3086076e-01]",[0.01607665 0.923322   0.01700894 0.04359237],[9.9999905e-01 9.5516748e-07],"[1.7234296e-07 1.7082690e-05 8.7374300e-03 4.3507773e-01 4.8135111e-01
 7.2723739e-02 2.0634674e-03 2.8866891e-05 3.8508736e-07]"
D:\Uni\Ulm\Master\Hiwi-Forschung-und-Lehre\FairFace\detected_faces\104922_face0.jpg,White,White,Male,20-29,"[9.9252456e-01 1.7705660e-04 3.4913605e-03 7.6113965e-06 1.3097226e-05
 5.5060791e-05 3.7312501e-03]",[9.9604332e-01 3.4086644e-03 1.4693791e-04 4.0106988e-04],[9.9998748e-01 1.2510677e-05],"[4.0391797e-08 1.0174848e-06 1.0402536e-03 5.4558355e-01 4.4338879e-01
 9.9353604e-03 5.0678183e-05 3.2294139e-07 8.8370937e-09]"
D:\Uni\Ulm\Master\Hiwi-Forschung-und-Lehre\FairFace\detected_faces\105176_face0.jpg,Latino_Hispanic,White,Male,20-29,"[0.2027895  0.00405756 0.6792334  0.00547067 0.01763482 0.00238639
 0.0884277 ]",[0.6473503  0.01795955 0.30251238 0.03217775],[9.999861e-01 1.394973e-05],"[1.4643076e-06 5.5587512e-05 6.7518763e-03 6.8433279e-01 3.0302009e-01
 5.8112368e-03 2.6518726e-05 3.8708041e-07 6.2691567e-09]"
D:\Uni\Ulm\Master\Hiwi-Forschung-und-Lehre\FairFace\detected_faces\105255_face0.jpg,White,White,Male,30-39,"[3.2436535e-01 1.4088640e-03 1.4614719e-01 8.7296448e-06 6.6751694e-05
 2.1626712e-01 3.1173605e-01]",[6.3664824e-01 2.5424317e-03 2.6271018e-04 3.6054653e-01],[9.9999994e-01 7.0632957e-08],"[4.5509365e-09 6.6861872e-08 1.5601591e-04 3.7535015e-01 6.0440409e-01
 1.9947527e-02 1.4113747e-04 1.0565886e-06 1.0335006e-08]"
D:\Uni\Ulm\Master\Hiwi-Forschung-und-Lehre\FairFace\detected_faces\105496_face0.jpg,White,White,Male,20-29,"[6.8684560e-01 5.8685336e-04 3.2335974e-02 1.7266349e-04 4.2840815e-04
 5.3666974e-04 2.7909374e-01]",[0.9905415  0.00262799 0.00302875 0.00380175],[9.9989134e-01 1.0867978e-04],"[7.86075589e-07 5.38882268e-05 8.82965792e-03 6.62357688e-01
 3.17395031e-01 1.12756975e-02 8.64481117e-05 8.57725865e-07
 3.24902629e-08]"
D:\Uni\Ulm\Master\Hiwi-Forschung-und-Lehre\FairFace\detected_faces\105697_face0.jpg,Black,Black,Male,30-39,"[3.6038671e-07 9.9996972e-01 1.8287123e-05 6.6898243e-09 2.0400290e-07
 9.8930377e-06 1.5035936e-06]",[2.0825937e-07 9.9999267e-01 1.5082674e-06 5.6011431e-06],[9.99999e-01 1.00483e-06],"[6.3059453e-08 1.1912185e-06 7.5997197e-04 2.9213193e-01 6.1655915e-01
 8.9137562e-02 1.4015278e-03 8.4324274e-06 2.1289064e-07]"
D:\Uni\Ulm\Master\Hiwi-Forschung-und-Lehre\FairFace\detected_faces\105734_face0.jpg,White,White,Male,30-39,"[9.96136963e-01 2.51618458e-05 6.17801910e-04 5.52407255e-06
 1.15919765e-05 1.82958192e-05 3.18472832e-03]",[9.9939877e-01 2.8140494e-04 8.9161062e-05 2.3067504e-04],[9.9999309e-01 6.8804507e-06],"[1.6027128e-08 1.4864919e-07 7.2045084e-05 1.6168654e-01 7.6421028e-01
 7.3470421e-02 5.5750832e-04 2.9643263e-06 6.7622068e-08]"
D:\Uni\Ulm\Master\Hiwi-Forschung-und-Lehre\FairFace\detected_faces\105905_face0.jpg,Black,Black,Male,20-29,"[3.3749122e-06 9.9978584e-01 1.1461498e-04 1.2744385e-07 3.5437220e-06
 3.7971262e-05 5.4528202e-05]",[1.0067568e-05 9.9993372e-01 1.9573486e-05 3.6673246e-05],[9.9999994e-01 8.0449539e-08],"[4.9219784e-07 3.1914536e-04 5.0280683e-02 7.7660871e-01 1.6257197e-01
 1.0078398e-02 1.3478597e-04 5.7021921e-06 2.0043596e-07]"
D:\Uni\Ulm\Master\Hiwi-Forschung-und-Lehre\FairFace\detected_faces\105951_face0.jpg,Middle Eastern,White,Male,30-39,"[1.0181283e-01 5.7206773e-03 1.8747494e-01 2.8429483e-04 2.4827563e-03
 6.3666007e-03 6.9585788e-01]",[0.70316976 0.0233823  0.07727796 0.19616994],[9.9999750e-01 2.5266704e-06],"[1.6972352e-07 1.7206918e-06 8.8671903e-04 1.4348519e-01 7.1826255e-01
 1.3302737e-01 4.2876704e-03 4.8218917e-05 4.2004015e-07]"
D:\Uni\Ulm\Master\Hiwi-Forschung-und-Lehre\FairFace\detected_faces\105964_face0.jpg,White,White,Male,20-29,"[9.9860460e-01 5.3968546e-05 7.5997104e-04 9.7829783e-08 4.4140842e-07
 1.5014633e-05 5.6592969e-04]",[9.9330235e-01 6.0393834e-03 8.0852893e-05 5.7744782e-04],[9.9999797e-01 2.0383318e-06],"[9.4184280e-08 3.7900688e-06 2.8304970e-03 6.2452185e-01 3.4573114e-01
 2.5779318e-02 1.1134211e-03 1.9690231e-05 2.1402181e-07]"
D:\Uni\Ulm\Master\Hiwi-Forschung-und-Lehre\FairFace\detected_faces\105971_face0.jpg,Latino_Hispanic,White,Male,20-29,"[3.2533389e-01 2.2315364e-03 3.9938766e-01 2.8342655e-04 1.6510182e-03
 1.3751569e-03 2.6973733e-01]",[0.95623714 0.02782937 0.00425564 0.01167784],[1.000000e+00 7.572569e-09],"[9.4400399e-08 9.8152886e-06 1.3458553e-02 7.5658715e-01 2.1952279e-01
 1.0295347e-02 1.2513957e-04 1.0759300e-06 5.3790368e-09]"
D:\Uni\Ulm\Master\Hiwi-Forschung-und-Lehre\FairFace\detected_faces\106192_face0.jpg,White,White,Male,20-29,"[9.9882048e-01 1.1060805e-05 1.9669240e-04 9.3961390e-09 7.0108996e-08
 1.1274572e-06 9.7049563e-04]",[9.9900323e-01 8.3692046e-04 3.3244010e-06 1.5645582e-04],[9.9999785e-01 2.1373971e-06],"[1.7282477e-09 2.0173185e-07 7.0251961e-04 5.5915540e-01 4.3458256e-01
 5.5493279e-03 9.9541039e-06 5.2004903e-08 6.3405620e-10]"
D:\Uni\Ulm\Master\Hiwi-Forschung-und-Lehre\FairFace\detected_faces\106258_face0.jpg,White,White,Male,30-39,"[5.0515312e-01 9.4275950e-03 2.5829130e-01 2.9510453e-05 1.6855674e-04
 2.0022443e-03 2.2492772e-01]",[0.9417993  0.02448616 0.00125004 0.03246455],[9.9998504e-01 1.4955600e-05],"[1.3377366e-06 1.8559480e-05 1.7245081e-03 4.4393617e-01 5.2304608e-01
 3.0866683e-02 4.0132657e-04 5.2489663e-06 8.3130061e-08]"
D:\Uni\Ulm\Master\Hiwi-Forschung-und-Lehre\FairFace\detected_faces\106260_face0.jpg,White,White,Male,30-39,"[6.4562953e-01 2.6754287e-04 1.7073536e-01 5.1535724e-04 6.4886583e-04
 1.9785170e-03 1.8022484e-01]",[9.9554861e-01 9.2487619e-04 4.5360942e-04 3.0728998e-03],[1.00000e+00 4.76458e-08],"[1.0418505e-06 1.5619064e-05 4.0577524e-03 4.6594059e-01 5.0197846e-01
 2.7770925e-02 2.3387968e-04 1.7329259e-06 1.2812241e-08]"
D:\Uni\Ulm\Master\Hiwi-Forschung-und-Lehre\FairFace\detected_faces\106272_face0.jpg,White,White,Male,20-29,"[9.8727590e-01 2.9980886e-04 7.3326114e-03 2.2047489e-06 1.8132774e-05
 5.4963184e-05 5.0164657e-03]",[9.9840093e-01 1.3284486e-03 4.9973765e-05 2.2066117e-04],[9.9999893e-01 1.1289254e-06],"[2.6080114e-09 1.9500067e-06 4.9471087e-03 8.5942727e-01 1.3408114e-01
 1.5384625e-03 4.0207001e-06 2.5820546e-08 4.3919335e-10]"
D:\Uni\Ulm\Master\Hiwi-Forschung-und-Lehre\FairFace\detected_faces\106274_face0.jpg,Middle Eastern,White,Male,20-29,"[1.5988874e-01 3.1593136e-04 3.4344696e-02 2.6257305e-05 1.3125267e-04
 1.6750798e-03 8.0361801e-01]",[0.9529386  0.00374466 0.00228681 0.04102985],[9.9999988e-01 6.9193376e-08],"[5.3355446e-08 1.7816326e-05 3.7407749e-03 7.8188467e-01 2.1283859e-01
 1.5159454e-03 2.1100898e-06 1.8373500e-08 1.7739164e-10]"
D:\Uni\Ulm\Master\Hiwi-Forschung-und-Lehre\FairFace\detected_faces\106288_face0.jpg,White,White,Male,30-39,"[6.5766335e-01 2.7337571e-04 5.6982070e-02 1.7614193e-05 5.7785037e-05
 2.1632445e-04 2.8478941e-01]",[9.9725515e-01 1.6453107e-03 2.9650988e-04 8.0307142e-04],[9.999999e-01 6.117339e-08],"[1.3986860e-07 5.1015031e-06 1.5626118e-03 3.0665627e-01 6.4875913e-01
 4.2704020e-02 3.0974668e-04 2.9925493e-06 1.3872553e-08]"
D:\Uni\Ulm\Master\Hiwi-Forschung-und-Lehre\FairFace\detected_faces\106289_face0.jpg,White,White,Male,20-29,"[9.9720216e-01 8.0904538e-06 1.6016179e-03 4.4742237e-07 1.6875837e-06
 7.8162757e-06 1.1781857e-03]",[9.9995345e-01 8.3312143e-06 6.6269843e-07 3.7589867e-05],[9.999904e-01 9.580814e-06],"[5.4746470e-09 1.5520386e-06 9.0695024e-03 7.9585582e-01 1.9165626e-01
 3.4027034e-03 1.4093719e-05 9.7883550e-08 1.2614031e-09]"
D:\Uni\Ulm\Master\Hiwi-Forschung-und-Lehre\FairFace\detected_faces\106337_face0.jpg,Black,Black,Male,20-29,"[1.9742120e-07 9.9998862e-01 8.7752060e-06 3.5530054e-09 1.5556253e-07
 1.8476056e-06 4.2302389e-07]",[5.6231539e-07 9.9999601e-01 2.1068956e-06 1.3220479e-06],[1.000000e+00 1.824256e-08],"[3.3993572e-08 2.6501352e-06 2.6691423e-03 6.0511369e-01 3.6180514e-01
 3.0028027e-02 3.7129541e-04 9.7333841e-06 3.6687473e-07]"
D:\Uni\Ulm\Master\Hiwi-Forschung-und-Lehre\FairFace\detected_faces\106389_face0.jpg,White,White,Male,20-29,"[6.0574251e-01 6.5139699e-05 6.8114642e-03 2.5002561e-05 4.9164464e-05
 1.0877111e-03 3.8621902e-01]",[9.9990475e-01 1.0124071e-05 1.3696347e-05 7.1345123e-05],[9.9998391e-01 1.6067563e-05],"[1.5556136e-08 1.0108665e-06 3.2829838e-03 7.5065130e-01 2.4260350e-01
 3.4444006e-03 1.6527309e-05 2.1778547e-07 5.1713167e-09]"
D:\Uni\Ulm\Master\Hiwi-Forschung-und-Lehre\FairFace\detected_faces\106572_face0.jpg,Latino_Hispanic,Black,Male,30-39,"[0.00353983 0.08458193 0.5116523  0.0115599  0.36435208 0.02343477
 0.00087919]",[0.03939507 0.5618707  0.3349967  0.0637375 ],[1.0000000e+00 2.2465594e-09],"[9.0112962e-07 1.4177362e-05 2.1920127e-03 1.9094126e-01 6.5411639e-01
 1.4708006e-01 5.6158295e-03 3.9152263e-05 2.0078292e-07]"
D:\Uni\Ulm\Master\Hiwi-Forschung-und-Lehre\FairFace\detected_faces\106579_face0.jpg,Latino_Hispanic,White,Male,20-29,"[4.4012246e-01 2.0940201e-03 4.4534704e-01 2.2624573e-04 6.3790457e-04
 8.2240667e-04 1.1074996e-01]",[0.98101157 0.01514142 0.0020958  0.00175122],[9.999965e-01 3.560521e-06],"[1.0950030e-07 1.0267997e-04 1.6204688e-01 8.2061827e-01 1.7055755e-02
 1.7546293e-04 8.5310398e-07 1.6536882e-08 2.6207062e-10]"
D:\Uni\Ulm\Master\Hiwi-Forschung-und-Lehre\FairFace\detected_faces\106662_face0.jpg,White,White,Male,20-29,"[8.1855261e-01 3.2620490e-05 1.5739214e-02 7.1117698e-05 1.4538360e-04
 2.7959925e-04 1.6517936e-01]",[9.9807990e-01 2.4448638e-04 6.3323771e-04 1.0422255e-03],[9.999903e-01 9.654305e-06],"[5.1518782e-07 2.8891900e-05 6.5216054e-03 7.6594514e-01 2.2427896e-01
 3.2137437e-03 1.0999471e-05 1.5754009e-07 2.8287579e-09]"
D:\Uni\Ulm\Master\Hiwi-Forschung-und-Lehre\FairFace\detected_faces\106713_face0.jpg,White,White,Male,20-29,"[9.52678263e-01 7.47167587e-06 5.92506491e-03 9.13125405e-05
 1.01619626e-04 1.77536087e-04 4.10187133e-02]",[9.9932009e-01 5.0710551e-06 2.7070066e-04 4.0416489e-04],[9.999994e-01 5.605153e-07],"[3.0748285e-07 1.0984555e-05 1.5401805e-03 6.3693565e-01 3.5750392e-01
 4.0032002e-03 5.6405770e-06 5.8218397e-08 9.0756369e-10]"
D:\Uni\Ulm\Master\Hiwi-Forschung-und-Lehre\FairFace\detected_faces\106726_face0.jpg,White,White,Male,20-29,"[9.9993956e-01 1.2356197e-06 4.9608487e-05 2.7698235e-07 5.2021210e-07
 2.2388804e-07 8.5224101e-06]",[9.9990922e-01 6.4106272e-05 1.7120716e-05 9.5583346e-06],[0.9985846  0.00141539],"[2.6711323e-08 2.9463326e-06 7.1591111e-03 6.5140957e-01 3.1390798e-01
 2.7025662e-02 4.9194269e-04 2.6910939e-06 6.8029152e-08]"
D:\Uni\Ulm\Master\Hiwi-Forschung-und-Lehre\FairFace\detected_faces\106751_face0.jpg,Latino_Hispanic,White,Male,30-39,"[1.23493575e-01 3.42221494e-04 6.54404223e-01 1.48689328e-03
 4.17577894e-03 1.07310312e-02 2.05366284e-01]",[9.3428749e-01 5.4404867e-04 2.6965315e-02 3.8203146e-02],[9.9999869e-01 1.2807911e-06],"[3.8426369e-06 1.4113366e-04 7.3853279e-03 4.4544804e-01 5.0767529e-01
 3.8844902e-02 4.9411965e-04 7.2618591e-06 7.7681975e-08]"
D:\Uni\Ulm\Master\Hiwi-Forschung-und-Lehre\FairFace\detected_faces\106920_face0.jpg,Black,Black,Male,30-39,"[2.1458577e-02 7.8747463e-01 1.7092907e-01 8.7105858e-05 1.3286606e-03
 3.6913189e-03 1.5030600e-02]",[0.00436067 0.9896022  0.00342492 0.00261225],[9.9999988e-01 1.4039081e-07],"[3.8547896e-08 1.0714231e-06 6.1174092e-04 2.8206900e-01 6.3847440e-01
 7.7040493e-02 1.7792849e-03 2.3632239e-05 3.2856613e-07]"
D:\Uni\Ulm\Master\Hiwi-Forschung-und-Lehre\FairFace\detected_faces\107025_face0.jpg,Middle Eastern,White,Male,30-39,"[1.3127869e-01 3.6504264e-03 3.0032131e-01 3.0700298e-04 1.3608035e-03
 4.8388872e-02 5.1469296e-01]",[0.69701314 0.06595102 0.02326588 0.21376993],[9.9999487e-01 5.1533125e-06],"[1.0810568e-06 8.3461309e-06 4.1969915e-04 2.3442709e-01 7.1622968e-01
 4.8640177e-02 2.7140713e-04 2.4555745e-06 3.5277829e-08]"
D:\Uni\Ulm\Master\Hiwi-Forschung-und-Lehre\FairFace\detected_faces\107071_face0.jpg,White,White,Male,20-29,"[8.0383122e-01 5.4092176e-05 2.0973319e-03 2.3090108e-06 8.4664143e-06
 1.7928287e-05 1.9398864e-01]",[9.9959147e-01 3.6261717e-04 1.2106590e-05 3.3786870e-05],[9.9999982e-01 1.6775566e-07],"[9.8326538e-09 1.6295133e-05 3.4252148e-02 9.2773688e-01 3.7820682e-02
 1.7376042e-04 2.4411074e-07 2.1020290e-09 2.2803561e-11]"
D:\Uni\Ulm\Master\Hiwi-Forschung-und-Lehre\FairFace\detected_faces\107093_face0.jpg,White,White,Male,20-29,"[7.1967310e-01 7.1508135e-04 1.4061266e-01 2.2742467e-04 7.1211578e-04
 3.0094697e-04 1.3775872e-01]",[0.9879532  0.00665836 0.00321767 0.00217073],[9.9999982e-01 1.7685254e-07],"[6.12065037e-07 1.11396825e-04 7.41667300e-02 8.47181916e-01
 7.73073509e-02 1.22484483e-03 7.11814118e-06 8.27484996e-08
 8.77971418e-10]"
D:\Uni\Ulm\Master\Hiwi-Forschung-und-Lehre\FairFace\detected_faces\107128_face0.jpg,White,White,Male,30-39,"[7.5033945e-01 1.4063437e-03 8.0104284e-02 1.0225984e-05 8.1768056e-05
 1.4852610e-03 1.6657260e-01]",[9.6612883e-01 3.0469898e-02 3.1134381e-04 3.0899094e-03],[9.9999595e-01 4.0524997e-06],"[2.2188045e-08 7.0768141e-07 5.9095933e-04 3.8411707e-01 5.9657043e-01
 1.8650884e-02 6.9517162e-05 3.8620522e-07 5.4158535e-09]"
D:\Uni\Ulm\Master\Hiwi-Forschung-und-Lehre\FairFace\detected_faces\107414_face0.jpg,White,White,Male,20-29,"[7.5139177e-01 2.1124595e-04 5.4690894e-02 3.9194485e-05 2.1069300e-04
 6.2619736e-05 1.9339359e-01]",[9.965315e-01 6.951677e-04 2.276925e-03 4.964914e-04],[9.999427e-01 5.727702e-05],"[3.9938470e-08 1.0915124e-05 3.1443037e-02 7.5766647e-01 2.0236664e-01
 8.4665958e-03 4.5748588e-05 5.6681324e-07 8.1608649e-09]"
D:\Uni\Ulm\Master\Hiwi-Forschung-und-Lehre\FairFace\detected_faces\107420_face0.jpg,Latino_Hispanic,Indian,Male,30-39,"[1.46314865e-02 3.29679772e-02 5.78128159e-01 3.68474168e-04
 2.39721988e-03 3.35819930e-01 3.56867611e-02]",[0.04480407 0.03485027 0.00287427 0.9174714 ],[9.9999851e-01 1.4224674e-06],"[5.0507572e-07 9.6675603e-06 7.9157884e-04 3.8913649e-01 5.8208269e-01
 2.7830863e-02 1.4652072e-04 1.7133730e-06 1.9360701e-08]"
D:\Uni\Ulm\Master\Hiwi-Forschung-und-Lehre\FairFace\detected_faces\107936_face0.jpg,Middle Eastern,White,Male,30-39,"[1.1648760e-01 4.3218592e-03 1.7000563e-01 7.2577910e-05 4.0669282e-04
 9.9732513e-03 6.9873238e-01]",[0.702226   0.115647   0.01643083 0.16569625],[9.9999899e-01 1.0596805e-06],"[1.0774423e-06 1.1746038e-05 9.2302950e-04 4.0148166e-01 5.7342720e-01
 2.4033286e-02 1.2035602e-04 1.5875030e-06 2.1781563e-08]"
D:\Uni\Ulm\Master\Hiwi-Forschung-und-Lehre\FairFace\detected_faces\108030_face0.jpg,White,White,Male,20-29,"[4.3429741e-01 1.3329642e-03 3.5753798e-01 1.5617232e-05 1.2806758e-04
 4.0075132e-03 2.0268044e-01]",[9.9418300e-01 2.0160978e-03 1.0880356e-04 3.6920991e-03],[9.9999994e-01 5.7737580e-08],"[2.69889171e-07 3.36150879e-05 1.70764811e-02 8.45713079e-01
 1.34749815e-01 2.41647591e-03 1.01673131e-05 1.00952114e-07
 9.61090429e-10]"
D:\Uni\Ulm\Master\Hiwi-Forschung-und-Lehre\FairFace\detected_faces\108152_face0.jpg,Middle Eastern,White,Male,30-39,"[2.0738038e-01 8.1398571e-03 5.5731814e-02 7.5736472e-07 6.1307737e-06
 2.8513735e-03 7.2588962e-01]",[7.8862125e-01 2.0742230e-01 6.2912266e-04 3.3273781e-03],[9.9999326e-01 6.7640949e-06],"[5.3651942e-08 9.7932559e-07 1.9275439e-04 2.3054308e-01 7.3418552e-01
 3.4860995e-02 2.1530077e-04 1.3190853e-06 1.7849366e-08]"
D:\Uni\Ulm\Master\Hiwi-Forschung-und-Lehre\FairFace\detected_faces\108171_face0.jpg,White,White,Male,20-29,"[9.8458338e-01 1.6557793e-05 2.5751612e-03 2.4761042e-05 6.9351430e-05
 2.2393073e-05 1.2708319e-02]",[9.9904907e-01 3.2429703e-04 4.5230033e-04 1.7429913e-04],[9.9999774e-01 2.2692511e-06],"[6.0599809e-06 2.7003669e-04 1.2159504e-02 5.5853975e-01 4.1419479e-01
 1.4707632e-02 1.2093320e-04 1.3135389e-06 2.2328308e-08]"
D:\Uni\Ulm\Master\Hiwi-Forschung-und-Lehre\FairFace\detected_faces\108412_face0.jpg,Middle Eastern,White,Male,30-39,"[2.1145643e-01 4.2725398e-05 2.0453651e-02 1.0021345e-05 2.6163229e-05
 1.1276390e-03 7.6688337e-01]",[9.9594116e-01 1.1148774e-04 2.2332839e-04 3.7240568e-03],[0.9983512  0.00164877],"[4.9689061e-06 2.4323761e-05 9.0770144e-04 9.3512356e-02 7.1074259e-01
 1.9051656e-01 4.2382032e-03 5.2131480e-05 1.1502839e-06]"
D:\Uni\Ulm\Master\Hiwi-Forschung-und-Lehre\FairFace\detected_faces\108452_face0.jpg,Middle Eastern,Black,Male,30-39,"[3.8624190e-02 5.4448113e-02 3.3301780e-01 1.6229058e-05 1.6250310e-04
 4.4262197e-02 5.2946895e-01]",[0.15548278 0.737762   0.00156877 0.10518648],[9.9999952e-01 4.8265747e-07],"[5.0970648e-06 3.1457468e-05 6.5816776e-04 2.0840524e-01 7.0691776e-01
 8.3085269e-02 8.8846381e-04 8.4596859e-06 9.5114522e-08]"
D:\Uni\Ulm\Master\Hiwi-Forschung-und-Lehre\FairFace\detected_faces\108484_face0.jpg,Black,Black,Male,20-29,"[3.6351921e-03 8.0621272e-01 1.6927166e-01 2.4747750e-04 5.1841787e-03
 2.4120549e-03 1.3036837e-02]",[0.00709298 0.98432213 0.00401233 0.00457258],[9.999948e-01 5.188852e-06],"[1.0310036e-06 1.6502512e-05 5.0049964e-03 5.3481477e-01 4.4080397e-01
 1.9203721e-02 1.5116761e-04 3.6141917e-06 1.1934314e-07]"
D:\Uni\Ulm\Master\Hiwi-Forschung-und-Lehre\FairFace\detected_faces\108508_face0.jpg,White,White,Male,30-39,"[9.9996591e-01 3.8285521e-07 2.0090033e-06 1.6335601e-08 8.7549189e-08
 2.5716389e-07 3.1350664e-05]",[9.9963921e-01 2.2838307e-04 2.0457730e-05 1.1199172e-04],[9.9997920e-01 2.0757143e-05],"[6.5156399e-07 7.7267441e-06 2.5939755e-04 4.2742919e-02 5.1586890e-01
 3.9763930e-01 4.2679284e-02 7.5740874e-04 4.4411579e-05]"
D:\Uni\Ulm\Master\Hiwi-Forschung-und-Lehre\FairFace\detected_faces\108515_face0.jpg,Latino_Hispanic,Indian,Male,30-39,"[1.1016725e-01 1.1556052e-02 4.9932355e-01 1.8230799e-04 9.7962422e-04
 1.9408724e-01 1.8370396e-01]",[0.26524693 0.02892583 0.07289555 0.6329317 ],[9.999670e-01 3.302441e-05],"[1.9224042e-05 5.9987378e-05 8.5883593e-04 9.6309319e-02 6.5024722e-01
 2.3886859e-01 1.3417752e-02 2.1627554e-04 2.6860869e-06]"
D:\Uni\Ulm\Master\Hiwi-Forschung-und-Lehre\FairFace\detected_faces\108538_face0.jpg,Black,Black,Male,30-39,"[2.4988135e-06 9.9993926e-01 3.7784834e-05 1.2187120e-07 1.3368941e-06
 1.7200751e-05 1.7555466e-06]",[5.1276979e-06 9.9997663e-01 5.1029583e-06 1.3107766e-05],[9.9999791e-01 2.0628252e-06],"[9.6713400e-08 5.1089787e-06 3.6165779e-03 4.1855004e-01 4.3268740e-01
 1.3741051e-01 7.6341256e-03 9.2456314e-05 3.7465024e-06]"
D:\Uni\Ulm\Master\Hiwi-Forschung-und-Lehre\FairFace\detected_faces\108574_face0.jpg,Black,Black,Male,30-39,"[1.9929621e-03 8.3791250e-01 4.0611077e-02 9.9587614e-06 1.7417500e-04
 7.2292998e-02 4.7006436e-02]",[6.6546150e-03 7.1794212e-01 4.6157459e-04 2.7494162e-01],[9.9999994e-01 3.9659529e-08],"[1.5887041e-07 2.7562858e-06 2.3720544e-04 1.1558294e-01 7.4872833e-01
 1.3434242e-01 1.0970876e-03 9.0413623e-06 7.7322554e-08]"
D:\Uni\Ulm\Master\Hiwi-Forschung-und-Lehre\FairFace\detected_faces\108579_face0.jpg,White,White,Male,30-39,"[5.6600350e-01 3.1817670e-04 5.2637339e-02 8.6117761e-05 3.9663838e-04
 2.6539392e-03 3.7790427e-01]",[0.9855993  0.00281268 0.00341176 0.0081763 ],[9.9993193e-01 6.8094290e-05],"[4.29152260e-06 7.81901908e-05 1.85261981e-03 2.38766074e-01
 6.86955690e-01 7.11916983e-02 1.13761972e-03 1.35926675e-05
 2.79598623e-07]"
D:\Uni\Ulm\Master\Hiwi-Forschung-und-Lehre\FairFace\detected_faces\108584_face0.jpg,White,White,Male,30-39,"[6.4840400e-01 2.8895278e-04 5.3640369e-02 2.6645255e-05 1.2200177e-04
 8.2847622e-04 2.9668963e-01]",[0.9758312  0.00771741 0.01020547 0.00624588],[9.994294e-01 5.706269e-04],"[9.3049931e-07 5.7020683e-05 2.9963311e-03 3.1400350e-01 6.4367872e-01
 3.9090727e-02 1.7085504e-04 1.8517759e-06 2.7492327e-08]"
D:\Uni\Ulm\Master\Hiwi-Forschung-und-Lehre\FairFace\detected_faces\108727_face0.jpg,Middle Eastern,White,Male,20-29,"[2.4807009e-01 3.9717995e-04 1.9872764e-02 9.3926146e-06 2.2192187e-05
 5.1390700e-04 7.3111451e-01]",[9.9869967e-01 7.2488830e-05 2.1944808e-04 1.0083553e-03],[9.999997e-01 3.081142e-07],"[5.0942180e-07 7.1107188e-06 1.4014366e-03 5.3065616e-01 4.5681950e-01
 1.1050871e-02 6.3388696e-05 9.9859312e-07 2.0767240e-08]"
D:\Uni\Ulm\Master\Hiwi-Forschung-und-Lehre\FairFace\detected_faces\108730_face0.jpg,Middle Eastern,White,Male,20-29,"[2.2836143e-02 1.5464114e-04 4.3647893e-02 1.8638109e-05 6.5677930e-05
 9.2560000e-04 9.3235141e-01]",[0.6871868  0.17050712 0.00560504 0.13670103],[9.9999982e-01 1.8262615e-07],"[9.8237267e-09 5.5001087e-06 2.4245383e-02 9.1317338e-01 6.2186498e-02
 3.8834134e-04 7.7179487e-07 1.0333954e-08 1.0038291e-10]"
D:\Uni\Ulm\Master\Hiwi-Forschung-und-Lehre\FairFace\detected_faces\108736_face0.jpg,White,White,Male,30-39,"[6.4179587e-01 7.2960294e-04 7.9535274e-03 1.7615627e-06 5.5282344e-06
 1.2214627e-04 3.4939158e-01]",[9.9955446e-01 3.6305471e-05 2.1675501e-04 1.9249032e-04],[9.9999827e-01 1.6791018e-06],"[1.0393328e-06 9.7127158e-06 2.2667665e-04 3.0134439e-01 6.7629135e-01
 2.1966331e-02 1.5736240e-04 3.0663605e-06 1.0778832e-07]"
D:\Uni\Ulm\Master\Hiwi-Forschung-und-Lehre\FairFace\detected_faces\108800_face0.jpg,White,White,Male,30-39,"[5.69397688e-01 5.33359940e-04 1.15922745e-02 9.57338852e-06
 6.56838674e-05 1.94766291e-03 4.16453689e-01]",[9.8985708e-01 9.7644079e-04 1.5113476e-05 9.1513181e-03],[9.99985158e-01 1.48335075e-05],"[7.0471569e-06 6.1948100e-05 1.2283465e-03 3.5001132e-01 6.0562497e-01
 4.2598646e-02 4.5256602e-04 1.4665764e-05 5.6250104e-07]"
D:\Uni\Ulm\Master\Hiwi-Forschung-und-Lehre\FairFace\detected_faces\108810_face0.jpg,Middle Eastern,White,Male,30-39,"[4.3969184e-01 2.2389172e-04 3.7408356e-02 5.6062277e-06 2.3133598e-05
 1.5935344e-03 5.2105361e-01]",[9.9211419e-01 7.7780022e-04 2.5500768e-04 6.8530422e-03],[9.9981809e-01 1.8195037e-04],"[1.6922429e-07 1.2225983e-05 7.0786552e-04 3.2621455e-01 6.5689838e-01
 1.6140478e-02 2.6189859e-05 1.3285138e-07 2.4685398e-09]"
D:\Uni\Ulm\Master\Hiwi-Forschung-und-Lehre\FairFace\detected_faces\108856_face0.jpg,White,White,Male,30-39,"[9.9693358e-01 3.7112916e-06 9.3792111e-04 2.6115833e-06 5.0406652e-06
 1.0301168e-05 2.1068701e-03]",[9.9984694e-01 5.7365167e-05 6.5342911e-06 8.9226844e-05],[9.9999493e-01 5.0712051e-06],"[8.0087983e-07 1.8441850e-05 2.0236440e-03 4.3516213e-01 5.2960014e-01
 3.2861114e-02 3.3084239e-04 2.8157629e-06 4.1838067e-08]"
D:\Uni\Ulm\Master\Hiwi-Forschung-und-Lehre\FairFace\detected_faces\109002_face0.jpg,White,White,Male,30-39,"[9.0510815e-01 8.5610911e-05 6.7085467e-02 1.8989792e-04 4.1724992e-04
 1.8083036e-03 2.5305346e-02]",[0.99248797 0.00159453 0.00285561 0.00306189],[9.9999779e-01 2.1488559e-06],"[1.9743813e-05 1.7408963e-04 2.6815569e-03 1.0915326e-01 6.8263066e-01
 2.0081466e-01 4.4892598e-03 3.6249174e-05 4.1101202e-07]"
D:\Uni\Ulm\Master\Hiwi-Forschung-und-Lehre\FairFace\detected_faces\109296_face0.jpg,White,White,Male,20-29,"[9.9533445e-01 5.9783106e-06 1.5093466e-04 1.9864565e-06 1.2899144e-05
 2.7303192e-06 4.4909720e-03]",[9.9913538e-01 7.2412007e-04 7.3446856e-05 6.7097149e-05],[9.9999994e-01 9.4926300e-08],"[1.2226670e-07 2.3786053e-05 5.5193673e-03 8.1658548e-01 1.7596966e-01
 1.8947882e-03 6.7726560e-06 7.9251414e-08 1.8177316e-09]"
D:\Uni\Ulm\Master\Hiwi-Forschung-und-Lehre\FairFace\detected_faces\109453_face0.jpg,White,White,Male,20-29,"[7.7955908e-01 8.0969279e-05 6.2247686e-02 3.9112147e-05 1.1808374e-04
 2.7197006e-03 1.5523538e-01]",[9.8817307e-01 3.2830867e-04 4.5046187e-04 1.1048190e-02],[9.9996465e-01 3.5298708e-05],"[7.2649327e-09 4.4281842e-07 4.7022529e-04 5.9139878e-01 4.0363771e-01
 4.4872584e-03 5.4774432e-06 2.8114052e-08 3.4346528e-10]"
D:\Uni\Ulm\Master\Hiwi-Forschung-und-Lehre\FairFace\detected_faces\109461_face0.jpg,White,White,Male,20-29,"[0.41091916 0.00126651 0.22992653 0.000517   0.00151684 0.02454826
 0.33130577]",[0.9578472  0.00266116 0.00316678 0.0363249 ],[9.9999493e-01 5.0539020e-06],"[1.5723712e-06 4.0427924e-05 2.2365774e-03 6.4113951e-01 3.5104999e-01
 5.5122874e-03 1.9364214e-05 2.4701910e-07 5.6205929e-09]"
D:\Uni\Ulm\Master\Hiwi-Forschung-und-Lehre\FairFace\detected_faces\109512_face0.jpg,White,White,Male,20-29,"[9.9976301e-01 2.9413917e-07 6.9988360e-05 1.4274464e-07 2.8282557e-07
 2.0174366e-06 1.6419899e-04]",[9.9988514e-01 4.1777792e-05 5.4939483e-06 6.7665882e-05],[9.9999607e-01 3.9847559e-06],"[8.6694529e-10 1.1385375e-07 1.9893392e-04 5.3521597e-01 4.5804682e-01
 6.5252595e-03 1.2796460e-05 4.6475723e-08 1.2127934e-09]"
D:\Uni\Ulm\Master\Hiwi-Forschung-und-Lehre\FairFace\detected_faces\110021_face0.jpg,White,White,Male,30-39,"[9.9497032e-01 4.4308952e-05 1.5083080e-03 2.1219612e-05 4.3101569e-05
 1.1394424e-05 3.4013721e-03]",[9.9828357e-01 1.6680156e-03 2.1626489e-05 2.6799704e-05],[9.9999934e-01 6.2778832e-07],"[4.1351782e-08 6.3104380e-07 6.6638133e-04 3.1350768e-01 6.4481640e-01
 4.0485933e-02 5.1838881e-04 4.4677349e-06 8.2288125e-08]"
D:\Uni\Ulm\Master\Hiwi-Forschung-und-Lehre\FairFace\detected_faces\110210_face0.jpg,White,White,Male,30-39,"[4.8139438e-01 3.6126506e-04 1.3444875e-01 6.5804063e-04 8.2554336e-04
 1.0147406e-03 3.8129726e-01]",[0.986132   0.00103125 0.01079976 0.00203697],[9.9999493e-01 5.0720028e-06],"[9.6160295e-07 2.1889708e-05 2.3448295e-03 4.3092239e-01 5.4865628e-01
 1.7965207e-02 8.7298766e-05 1.1487705e-06 1.4687787e-08]"
D:\Uni\Ulm\Master\Hiwi-Forschung-und-Lehre\FairFace\detected_faces\110508_face0.jpg,White,White,Male,20-29,"[6.8779200e-01 1.5563177e-03 1.6625072e-01 4.6331530e-05 2.6373015e-04
 1.1707237e-02 1.3238364e-01]",[0.95659536 0.01445516 0.00161646 0.02733306],[9.9998868e-01 1.1330635e-05],"[1.59350193e-07 3.37542133e-06 2.42247386e-03 6.40119314e-01
 3.46714467e-01 1.05965445e-02 1.41702039e-04 1.90427420e-06
 3.44649500e-08]"
D:\Uni\Ulm\Master\Hiwi-Forschung-und-Lehre\FairFace\detected_faces\110778_face0.jpg,White,White,Male,30-39,"[9.8580366e-01 5.0796883e-05 2.9128343e-03 6.8922645e-06 3.3283013e-05
 4.5222307e-05 1.1147412e-02]",[9.9809486e-01 1.5850584e-03 2.8671324e-05 2.9136110e-04],[9.9967575e-01 3.2427892e-04],"[8.5119233e-08 1.4615526e-05 6.7400472e-04 3.0994013e-01 6.7331076e-01
 1.6036969e-02 2.3342844e-05 1.5083033e-07 4.4038129e-09]"
D:\Uni\Ulm\Master\Hiwi-Forschung-und-Lehre\FairFace\detected_faces\110781_face0.jpg,Middle Eastern,White,Male,30-39,"[2.2172024e-02 7.8596054e-03 2.6813833e-02 5.1629991e-06 2.0259717e-05
 7.6941643e-03 9.3543494e-01]",[7.46384978e-01 1.36368856e-01 3.28060123e-04 1.16918065e-01],[9.9969774e-01 3.0228213e-04],"[2.2682460e-05 2.0439079e-04 2.5013022e-03 1.5365463e-01 6.7122853e-01
 1.6883117e-01 3.5172726e-03 3.9050730e-05 9.7794134e-07]"
D:\Uni\Ulm\Master\Hiwi-Forschung-und-Lehre\FairFace\detected_faces\110783_face0.jpg,White,Black,Male,30-39,"[6.6442001e-01 3.3464830e-02 8.1124358e-02 8.1186249e-07 5.6014314e-06
 1.3937789e-03 2.1959059e-01]",[3.5253796e-01 6.4483297e-01 6.2017105e-05 2.5670412e-03],[9.9999899e-01 1.0321756e-06],"[4.1208685e-07 5.8762512e-06 3.4210738e-04 2.4602310e-01 6.8539077e-01
 6.6942267e-02 1.2712899e-03 2.3998025e-05 2.0283152e-07]"
D:\Uni\Ulm\Master\Hiwi-Forschung-und-Lehre\FairFace\detected_faces\110846_face0.jpg,White,White,Male,20-29,"[9.8617107e-01 5.0190120e-05 7.8194272e-03 2.1586406e-05 6.3843661e-05
 7.3256597e-05 5.8006309e-03]",[9.9953747e-01 8.4022802e-05 3.1202938e-04 6.6551227e-05],[9.999987e-01 1.346839e-06],"[1.0321926e-07 5.1694510e-06 2.0661161e-03 4.9706855e-01 4.6071571e-01
 3.9546810e-02 5.9433165e-04 3.1468344e-06 5.5939378e-08]"
D:\Uni\Ulm\Master\Hiwi-Forschung-und-Lehre\FairFace\detected_faces\110850_face0.jpg,Latino_Hispanic,White,Male,30-39,"[8.2097806e-02 8.5742893e-03 4.6195209e-01 3.0731189e-05 2.6659278e-04
 6.8367735e-02 3.7871069e-01]",[0.51924884 0.08345561 0.00624766 0.39104778],[9.9996793e-01 3.2089531e-05],"[2.4102606e-05 7.4211566e-05 1.2956057e-03 1.3127388e-01 6.9666636e-01
 1.6447054e-01 6.1054919e-03 8.8740737e-05 1.1385741e-06]"
D:\Uni\Ulm\Master\Hiwi-Forschung-und-Lehre\FairFace\detected_faces\110942_face0.jpg,White,White,Male,30-39,"[9.0235394e-01 1.0090734e-04 5.1123168e-02 2.8730536e-04 8.4794761e-04
 1.7396228e-03 4.3547165e-02]",[0.9818399  0.00140627 0.00401416 0.01273966],[9.9989641e-01 1.0358375e-04],"[4.3086973e-07 5.5447144e-06 4.7747963e-04 1.4740486e-01 7.5888568e-01
 9.2582926e-02 6.3935766e-04 3.5789949e-06 5.3437468e-08]"
D:\Uni\Ulm\Master\Hiwi-Forschung-und-Lehre\FairFace\detected_faces\110950_face0.jpg,Black,Black,Male,20-29,"[3.6717377e-06 9.9961382e-01 8.2574443e-05 1.1286929e-07 3.9036099e-06
 2.9435463e-04 1.5852609e-06]",[4.5147190e-06 9.9988842e-01 3.3237166e-06 1.0367169e-04],[9.9999666e-01 3.3469742e-06],"[3.41388535e-08 1.28662205e-05 1.37758655e-02 7.59784997e-01
 2.18490392e-01 7.83559773e-03 9.92933419e-05 9.65139975e-07
 3.38731176e-08]"
D:\Uni\Ulm\Master\Hiwi-Forschung-und-Lehre\FairFace\detected_faces\110956_face0.jpg,Black,Black,Male,30-39,"[6.1200005e-03 5.7838994e-01 4.5688853e-02 4.2344749e-07 1.4875538e-05
 3.2346332e-01 4.6322614e-02]",[1.6166616e-03 9.5877618e-01 2.0373114e-05 3.9586779e-02],[9.9999994e-01 8.9354707e-08],"[5.1895277e-08 6.3089251e-06 4.1346758e-04 2.2671303e-01 7.3852175e-01
 3.4202639e-02 1.4199657e-04 7.7795085e-07 6.9501356e-09]"
D:\Uni\Ulm\Master\Hiwi-Forschung-und-Lehre\FairFace\detected_faces\110967_face0.jpg,White,White,Male,20-29,"[9.3608177e-01 2.6367931e-04 1.0723516e-02 2.2975752e-05 5.2706306e-05
 3.4083459e-05 5.2821264e-02]",[9.9934822e-01 1.2560929e-04 3.2700755e-04 1.9918696e-04],[9.9994332e-01 5.6669203e-05],"[9.7335987e-07 3.9276845e-05 8.5191261e-03 7.2632706e-01 2.5737667e-01
 7.6363422e-03 9.7636934e-05 2.8652353e-06 4.7375853e-08]"
D:\Uni\Ulm\Master\Hiwi-Forschung-und-Lehre\FairFace\detected_faces\111025_face0.jpg,White,White,Male,20-29,"[9.8894072e-01 2.8270110e-06 1.0469265e-03 1.5502283e-05 1.8821243e-05
 4.6830526e-05 9.9283271e-03]",[9.9973261e-01 1.2048572e-05 1.6444840e-04 9.0909642e-05],[1.0000000e+00 1.3868703e-09],"[2.5932065e-06 1.3830744e-04 4.3203715e-02 7.7377331e-01 1.7249930e-01
 1.0245842e-02 1.3511567e-04 1.7745559e-06 1.3832149e-08]"
D:\Uni\Ulm\Master\Hiwi-Forschung-und-Lehre\FairFace\detected_faces\111026_face0.jpg,White,White,Male,20-29,"[9.9800748e-01 1.4362345e-07 4.5912449e-05 1.9516654e-07 3.7674874e-07
 2.1625570e-07 1.9456911e-03]",[9.9992841e-01 1.7820998e-05 3.0979481e-05 2.2811821e-05],[9.9935937e-01 6.4064254e-04],"[2.3785002e-08 7.4543917e-05 4.6518585e-01 5.2080232e-01 1.3595397e-02
 3.4041161e-04 1.4428061e-06 3.1246493e-08 9.1051927e-10]"
D:\Uni\Ulm\Master\Hiwi-Forschung-und-Lehre\FairFace\detected_faces\111229_face0.jpg,Middle Eastern,White,Male,30-39,"[0.23971118 0.00272402 0.2131966  0.00093283 0.00169898 0.00110447
 0.54063195]",[0.93162173 0.00329206 0.04728588 0.01780033],[9.9999720e-01 2.7369283e-06],"[1.6074808e-05 1.3725623e-04 4.5890291e-03 3.5469857e-01 5.9518635e-01
 4.4753939e-02 6.0985202e-04 8.9102878e-06 9.7158491e-08]"
D:\Uni\Ulm\Master\Hiwi-Forschung-und-Lehre\FairFace\detected_faces\111398_face0.jpg,White,White,Male,20-29,"[9.34375525e-01 1.26865325e-05 2.58997339e-03 1.46010789e-05
 2.38035809e-05 5.66190974e-05 6.29267246e-02]",[9.99574900e-01 1.71425621e-04 1.52746114e-04 1.00934456e-04],[9.999953e-01 4.701405e-06],"[7.7679964e-08 2.2948034e-06 6.7746040e-04 6.1327302e-01 3.8046664e-01
 5.5614538e-03 1.8848765e-05 1.5952367e-07 3.4867802e-09]"
D:\Uni\Ulm\Master\Hiwi-Forschung-und-Lehre\FairFace\detected_faces\111416_face0.jpg,White,White,Male,30-39,"[0.5095942  0.00223136 0.2931827  0.00054639 0.00193124 0.01185272
 0.18066148]",[0.9255448  0.01444048 0.00249219 0.05752244],[9.99988437e-01 1.15290095e-05],"[1.27989892e-06 6.21869640e-06 1.10024484e-04 4.78219502e-02
 7.14794934e-01 2.33629212e-01 3.60762072e-03 2.83519385e-05
 4.45414372e-07]"
D:\Uni\Ulm\Master\Hiwi-Forschung-und-Lehre\FairFace\detected_faces\111483_face0.jpg,White,White,Male,20-29,"[9.5743555e-01 5.6377259e-05 2.9959675e-02 3.1025824e-03 4.3982510e-03
 8.7831402e-05 4.9598222e-03]",[9.7550511e-01 3.8245860e-03 2.0284044e-02 3.8623766e-04],[9.9999940e-01 6.3288354e-07],"[2.5299826e-07 8.5272266e-05 4.0193498e-02 7.7645987e-01 1.7782074e-01
 5.3596511e-03 8.0154525e-05 5.9310838e-07 1.0046501e-08]"
D:\Uni\Ulm\Master\Hiwi-Forschung-und-Lehre\FairFace\detected_faces\111487_face0.jpg,White,White,Male,30-39,"[0.6102075  0.00067844 0.13033938 0.00410636 0.00732641 0.00612863
 0.24121316]",[0.6847635  0.01910606 0.01150087 0.28462955],[1.0000000e+00 2.9344912e-08],"[2.4740288e-07 6.5406953e-06 6.5638334e-04 4.4862950e-01 5.3877169e-01
 1.1870380e-02 6.4674641e-05 5.4376574e-07 7.5185937e-09]"
D:\Uni\Ulm\Master\Hiwi-Forschung-und-Lehre\FairFace\detected_faces\111500_face0.jpg,Latino_Hispanic,White,Male,30-39,"[0.35686186 0.00527184 0.5083954  0.00097527 0.00118088 0.00656458
 0.12075023]",[0.9727589  0.00124568 0.02039961 0.00559582],[9.9999470e-01 5.2942632e-06],"[7.8500916e-06 2.3471946e-05 4.3027298e-04 9.1678850e-02 7.3419970e-01
 1.6952020e-01 4.1011688e-03 3.8091901e-05 3.9057281e-07]"
D:\Uni\Ulm\Master\Hiwi-Forschung-und-Lehre\FairFace\detected_faces\111505_face0.jpg,East Asian,Asian,Male,20-29,"[4.0020770e-03 2.6989253e-06 6.8537390e-04 9.2719573e-01 6.7989558e-02
 7.2732313e-05 5.1825260e-05]",[8.9653290e-04 1.2458173e-05 9.9879384e-01 2.9713230e-04],[9.9999982e-01 1.9200193e-07],"[3.5175484e-07 1.4877826e-05 1.1673416e-02 5.6842107e-01 3.6327928e-01
 5.3911973e-02 2.5230246e-03 1.7503035e-04 1.0482578e-06]"
D:\Uni\Ulm\Master\Hiwi-Forschung-und-Lehre\FairFace\detected_faces\111726_face0.jpg,White,White,Male,20-29,"[9.9002135e-01 3.6535639e-05 1.8763739e-03 1.6162954e-05 4.9604401e-05
 2.0560414e-04 7.7943085e-03]",[0.9909997  0.0019034  0.00140523 0.00569163],[1.0000000e+00 2.6853904e-08],"[1.3588755e-06 3.1125778e-04 2.5269641e-02 8.4073234e-01 1.3020934e-01
 3.4557751e-03 1.9978530e-05 3.0056236e-07 4.9501354e-09]"
D:\Uni\Ulm\Master\Hiwi-Forschung-und-Lehre\FairFace\detected_faces\111746_face0.jpg,White,White,Male,20-29,"[8.5891807e-01 1.9948011e-04 1.2847753e-02 4.0245483e-05 1.3923633e-04
 3.4233351e-04 1.2751293e-01]",[9.9682653e-01 9.0327370e-04 1.1248948e-03 1.1452361e-03],[9.9999863e-01 1.3674569e-06],"[6.3320281e-06 9.4417999e-05 2.3576727e-03 5.1725060e-01 4.6529299e-01
 1.4940920e-02 5.5854140e-05 1.2076074e-06 2.5516114e-08]"
D:\Uni\Ulm\Master\Hiwi-Forschung-und-Lehre\FairFace\detected_faces\111802_face0.jpg,Black,Black,Male,20-29,"[1.1421860e-05 9.9951917e-01 3.8769728e-04 8.2318330e-08 2.7985477e-06
 5.7801823e-05 2.1051426e-05]",[6.1321721e-06 9.9992740e-01 1.8452763e-05 4.8011585e-05],[1.0000000e+00 6.6717525e-09],"[5.9593388e-09 4.0831418e-07 1.7905331e-03 7.3975986e-01 2.5082102e-01
 7.5514596e-03 7.5826450e-05 8.4027573e-07 1.4512431e-08]"
D:\Uni\Ulm\Master\Hiwi-Forschung-und-Lehre\FairFace\detected_faces\111803_face0.jpg,Black,Black,Male,30-39,"[1.3592646e-04 9.9958313e-01 1.6391980e-04 4.3532804e-08 7.3842097e-07
 5.9891478e-05 5.6349763e-05]",[1.1068759e-05 9.9997139e-01 3.2859414e-06 1.4235334e-05],[9.9999619e-01 3.8198064e-06],"[1.7528313e-06 2.1494578e-05 4.2352590e-04 1.9439776e-01 7.1885085e-01
 8.5532159e-02 7.5654761e-04 1.5567399e-05 5.0495839e-07]"
D:\Uni\Ulm\Master\Hiwi-Forschung-und-Lehre\FairFace\detected_faces\111850_face0.jpg,Black,Black,Male,30-39,"[2.2206802e-06 9.9994969e-01 4.1951964e-05 5.0418254e-08 2.9655666e-07
 3.8566236e-06 1.9565932e-06]",[1.5898285e-06 9.9999142e-01 4.4709400e-06 2.4328492e-06],[9.996638e-01 3.362680e-04],"[3.3678871e-06 4.9960752e-05 4.1664229e-03 3.8513812e-01 5.1296121e-01
 9.4134405e-02 3.4734809e-03 7.0774498e-05 2.2257188e-06]"
D:\Uni\Ulm\Master\Hiwi-Forschung-und-Lehre\FairFace\detected_faces\111961_face0.jpg,Black,Black,Male,20-29,"[7.2356059e-05 9.9933994e-01 3.7816472e-04 1.1429531e-06 2.2335591e-05
 1.6386647e-04 2.2276663e-05]",[1.0610348e-04 9.9864608e-01 9.4505644e-04 3.0281435e-04],[9.9999732e-01 2.7303965e-06],"[2.1985112e-07 2.1462467e-06 2.6043868e-03 5.5254602e-01 3.4002417e-01
 8.9841157e-02 1.3805446e-02 1.1349838e-03 4.1439609e-05]"
D:\Uni\Ulm\Master\Hiwi-Forschung-und-Lehre\FairFace\detected_faces\111963_face0.jpg,Black,Black,Male,20-29,"[8.6384152e-06 9.9974990e-01 1.5767929e-04 7.2993708e-07 1.1558304e-05
 5.5423909e-05 1.6173173e-05]",[1.6488075e-05 9.9960750e-01 1.9919037e-04 1.7680599e-04],[0.99819636 0.00180367],"[5.0285748e-06 6.8470393e-03 4.6771842e-01 4.9882343e-01 2.5611185e-02
 9.8049326e-04 1.3686849e-05 6.1374516e-07 4.4105199e-08]"
D:\Uni\Ulm\Master\Hiwi-Forschung-und-Lehre\FairFace\detected_faces\111969_face0.jpg,Latino_Hispanic,White,Male,30-39,"[2.3328935e-01 2.9700659e-03 6.2352479e-01 2.8336377e-04 1.2814229e-03
 9.5453732e-02 4.3197315e-02]",[0.60832816 0.01083461 0.01810712 0.36273015],[9.999971e-01 2.904037e-06],"[4.6389305e-06 3.3313067e-05 8.0228882e-04 1.6370660e-01 7.2953069e-01
 1.0489307e-01 1.0230365e-03 6.3116108e-06 6.5361156e-08]"
D:\Uni\Ulm\Master\Hiwi-Forschung-und-Lehre\FairFace\detected_faces\112018_face0.jpg,White,White,Male,20-29,"[9.9890608e-01 4.5383977e-06 2.8513648e-04 1.3940413e-05 3.7095491e-05
 7.5382394e-07 7.5244746e-04]",[9.9906254e-01 2.9237277e-04 5.7030318e-04 7.4775249e-05],[9.9995947e-01 4.0507683e-05],"[5.0981623e-09 2.8856407e-06 1.3053401e-02 8.3426356e-01 1.4950305e-01
 3.1552007e-03 2.1674537e-05 2.8689965e-07 7.2170314e-09]"
D:\Uni\Ulm\Master\Hiwi-Forschung-und-Lehre\FairFace\detected_faces\112761_face0.jpg,White,White,Male,40-49,"[6.5923917e-01 6.5622198e-06 2.0701739e-03 1.1927195e-05 4.4978533e-05
 1.0980108e-04 3.3851734e-01]",[9.99062002e-01 4.83030773e-04 1.16440795e-04 3.38553451e-04],[9.9933732e-01 6.6267786e-04],"[7.1728946e-06 8.4368330e-05 2.1442496e-03 3.6021110e-02 2.4923414e-01
 5.2619684e-01 1.7845221e-01 7.2758025e-03 5.8414828e-04]"
D:\Uni\Ulm\Master\Hiwi-Forschung-und-Lehre\FairFace\detected_faces\112794_face0.jpg,White,White,Male,20-29,"[7.3715669e-01 1.5134684e-05 2.5427377e-02 6.9323483e-05 1.2977178e-04
 9.7666134e-04 2.3622502e-01]",[9.9113548e-01 4.9150949e-05 1.6990621e-03 7.1162977e-03],[9.999991e-01 9.369399e-07],"[1.3439175e-06 8.2831590e-05 2.3581355e-03 5.8935279e-01 4.0209290e-01
 6.1036767e-03 8.3071036e-06 6.6658899e-08 7.0041500e-10]"
D:\Uni\Ulm\Master\Hiwi-Forschung-und-Lehre\FairFace\detected_faces\112846_face0.jpg,White,White,Male,30-39,"[9.5509976e-01 1.9891349e-04 8.8346750e-03 6.2212666e-06 9.1762549e-06
 1.1587221e-03 3.4692470e-02]",[9.6669006e-01 5.7930625e-03 1.4855004e-04 2.7368316e-02],[9.999563e-01 4.369433e-05],"[8.6952201e-07 8.8645502e-06 1.6660153e-04 4.0775586e-02 6.6798782e-01
 2.8319958e-01 7.8246715e-03 3.5551333e-05 4.6223983e-07]"
D:\Uni\Ulm\Master\Hiwi-Forschung-und-Lehre\FairFace\detected_faces\112877_face0.jpg,Middle Eastern,White,Male,20-29,"[4.0913340e-01 2.2051559e-04 3.4360167e-02 6.3449656e-06 2.4081313e-05
 2.1636102e-04 5.5603909e-01]",[9.9880117e-01 4.5780020e-04 2.1500372e-04 5.2611344e-04],[9.99999881e-01 1.14012785e-07],"[1.4593830e-08 1.1931484e-05 4.6920992e-02 9.2137849e-01 3.1531282e-02
 1.5705211e-04 2.4473223e-07 3.2868315e-09 3.5939838e-11]"
D:\Uni\Ulm\Master\Hiwi-Forschung-und-Lehre\FairFace\detected_faces\112904_face0.jpg,White,White,Male,20-29,"[7.5394320e-01 4.6944371e-03 6.7357972e-02 4.7896923e-05 1.9117109e-04
 1.1129879e-04 1.7365408e-01]",[9.4339919e-01 5.6121372e-02 2.2526098e-04 2.5408305e-04],[9.999991e-01 8.759917e-07],"[2.4108465e-07 2.6555466e-05 3.0475469e-02 7.8268266e-01 1.8097587e-01
 5.7804845e-03 5.7836518e-05 8.8364254e-07 1.0580748e-08]"
D:\Uni\Ulm\Master\Hiwi-Forschung-und-Lehre\FairFace\detected_faces\112928_face0.jpg,White,White,Male,30-39,"[9.0116996e-01 1.6544065e-04 1.8050766e-02 2.5207119e-06 9.8316086e-06
 3.3246769e-04 8.0268972e-02]",[9.9852312e-01 7.3962862e-04 1.4421633e-04 5.9307052e-04],[9.9987549e-01 1.2450831e-04],"[5.4940735e-08 1.5378723e-06 5.1339850e-04 4.0147695e-01 5.7931173e-01
 1.8616481e-02 7.9333033e-05 4.9043808e-07 6.6119439e-09]"
D:\Uni\Ulm\Master\Hiwi-Forschung-und-Lehre\FairFace\detected_faces\113437_face0.jpg,White,White,Male,20-29,"[9.9158674e-01 5.6243731e-05 3.8423976e-03 1.4592674e-06 1.0161177e-05
 5.1128533e-05 4.4518257e-03]",[9.9868798e-01 4.6706261e-04 8.6079155e-05 7.5885316e-04],[1.0000000e+00 1.0797788e-08],"[7.1716798e-08 8.4590647e-06 6.5317070e-03 8.7983555e-01 1.1169219e-01
 1.9167081e-03 1.5106599e-05 2.4319718e-07 2.9656775e-09]"
D:\Uni\Ulm\Master\Hiwi-Forschung-und-Lehre\FairFace\detected_faces\113442_face0.jpg,Latino_Hispanic,White,Male,30-39,"[0.18655385 0.00266018 0.60237235 0.0017262  0.00983695 0.0222063
 0.17464426]",[0.8132235  0.08523437 0.04320517 0.05833698],[9.9998122e-01 1.8727378e-05],"[1.1426824e-06 4.1044499e-05 1.5443586e-03 3.8426161e-01 5.9639806e-01
 1.7690033e-02 6.3144289e-05 5.7092592e-07 1.0961948e-08]"
D:\Uni\Ulm\Master\Hiwi-Forschung-und-Lehre\FairFace\detected_faces\113593_face0.jpg,White,White,Male,20-29,"[9.9997044e-01 3.8894640e-08 3.4757638e-06 1.9700762e-07 2.4195108e-07
 8.6727105e-08 2.5546780e-05]",[9.9999535e-01 5.5632853e-07 1.9257577e-06 2.1014848e-06],[9.9999619e-01 3.8813346e-06],"[1.1086261e-07 2.0367210e-05 1.5193723e-03 6.3910508e-01 3.5719156e-01
 2.1608488e-03 2.5657969e-06 8.1254399e-09 3.6445258e-10]"
D:\Uni\Ulm\Master\Hiwi-Forschung-und-Lehre\FairFace\detected_faces\113673_face0.jpg,Black,Black,Male,20-29,"[3.0797264e-03 8.1975806e-01 1.5219021e-01 6.5447530e-05 2.6099249e-03
 2.9267129e-03 1.9369913e-02]",[3.6706554e-04 9.9670190e-01 1.3323012e-03 1.5987083e-03],[9.9999523e-01 4.7716080e-06],"[9.8548789e-08 6.7266745e-05 1.2950046e-01 8.4111542e-01 2.8949067e-02
 3.6489207e-04 2.7507556e-06 1.0747793e-07 2.7503331e-09]"
D:\Uni\Ulm\Master\Hiwi-Forschung-und-Lehre\FairFace\detected_faces\113700_face0.jpg,White,White,Male,30-39,"[8.7376285e-01 1.1821124e-03 1.1195599e-01 4.6923658e-05 1.9463091e-04
 2.6307802e-03 1.0226574e-02]",[9.92057323e-01 1.14238195e-04 1.75190077e-03 6.07658178e-03],[9.999995e-01 4.826138e-07],"[6.3103022e-07 7.2249109e-06 1.6045044e-03 2.1284710e-01 6.7143035e-01
 1.1186680e-01 2.2303252e-03 1.3016373e-05 1.2166078e-07]"
D:\Uni\Ulm\Master\Hiwi-Forschung-und-Lehre\FairFace\detected_faces\113920_face0.jpg,Middle Eastern,White,Male,20-29,"[2.1448988e-01 1.6076011e-03 2.6730070e-01 3.7099776e-04 1.2358318e-03
 2.7464298e-03 5.1224864e-01]",[0.9780586  0.00898576 0.00853029 0.00442536],[9.9999982e-01 1.8134604e-07],"[9.58776809e-07 8.30174831e-05 1.42964795e-02 5.05044043e-01
 4.48187947e-01 3.19354385e-02 4.47622268e-04 4.40817848e-06
 3.42242927e-08]"
D:\Uni\Ulm\Master\Hiwi-Forschung-und-Lehre\FairFace\detected_faces\113955_face0.jpg,Latino_Hispanic,White,Male,30-39,"[0.38094878 0.00197134 0.5737812  0.00084054 0.00477575 0.01356119
 0.02412123]",[0.9464256  0.01372131 0.00663405 0.0332191 ],[9.999993e-01 6.781290e-07],"[2.2307097e-07 1.9808288e-06 2.9926345e-04 1.0358633e-01 7.7334094e-01
 1.2081985e-01 1.9391687e-03 1.2104807e-05 7.4072005e-08]"
D:\Uni\Ulm\Master\Hiwi-Forschung-und-Lehre\FairFace\detected_faces\113956_face0.jpg,Black,Black,Male,30-39,"[3.8085813e-03 8.1426597e-01 7.7364840e-02 2.4508910e-05 3.8531134e-04
 6.1772585e-02 4.2378176e-02]",[0.01259956 0.93214893 0.00164902 0.05360252],[9.9999696e-01 2.9978255e-06],"[6.7153047e-07 1.1285450e-05 1.3776189e-03 3.0131683e-01 6.1290199e-01
 8.1582807e-02 2.7776209e-03 3.0678333e-05 5.1327521e-07]"
D:\Uni\Ulm\Master\Hiwi-Forschung-und-Lehre\FairFace\detected_faces\114062_face0.jpg,White,White,Male,30-39,"[8.5006905e-01 6.6869157e-05 1.3292952e-02 1.5213458e-06 1.0632724e-05
 6.2534382e-04 1.3593356e-01]",[9.8407793e-01 5.9548503e-04 7.6215998e-05 1.5250330e-02],[9.995133e-01 4.866620e-04],"[1.3818767e-07 1.3140785e-06 1.0102221e-04 2.4388019e-02 6.3893968e-01
 3.3385012e-01 2.7121948e-03 7.4591858e-06 9.1996931e-08]"
D:\Uni\Ulm\Master\Hiwi-Forschung-und-Lehre\FairFace\detected_faces\114066_face0.jpg,Black,Black,Male,20-29,"[1.2294096e-03 9.6260309e-01 3.2975044e-02 1.2674479e-06 5.2810334e-05
 1.5772691e-03 1.5610426e-03]",[6.3519728e-05 9.9840057e-01 1.6954971e-05 1.5189555e-03],[9.9999648e-01 3.5036012e-06],"[6.3297068e-07 1.9464553e-05 4.4585061e-03 5.8594126e-01 3.9621615e-01
 1.3266018e-02 9.6921896e-05 1.0194009e-06 2.5976258e-08]"
D:\Uni\Ulm\Master\Hiwi-Forschung-und-Lehre\FairFace\detected_faces\114067_face0.jpg,Latino_Hispanic,White,Male,20-29,"[1.8303087e-01 2.5694869e-03 3.8670591e-01 8.6867542e-05 5.0748227e-04
 1.0155907e-01 3.2554030e-01]",[0.39372241 0.23597008 0.00445804 0.3658494 ],[9.9992323e-01 7.6791745e-05],"[4.7738354e-07 4.1444568e-05 2.4529430e-03 5.0712121e-01 4.8165229e-01
 8.7056076e-03 2.5717363e-05 2.1710400e-07 4.3662118e-09]"
D:\Uni\Ulm\Master\Hiwi-Forschung-und-Lehre\FairFace\detected_faces\114155_face0.jpg,Latino_Hispanic,White,Male,20-29,"[3.5454664e-01 8.6122612e-03 5.9167784e-01 1.7809091e-04 1.0010304e-03
 1.9629293e-03 4.2021219e-02]",[0.7562617  0.17371595 0.00180645 0.06821588],[9.9999607e-01 3.9780562e-06],"[1.2068141e-09 4.1723334e-07 8.8969767e-03 9.3826717e-01 5.2605774e-02
 2.2936911e-04 4.0724328e-07 3.5685077e-09 5.5292635e-11]"
D:\Uni\Ulm\Master\Hiwi-Forschung-und-Lehre\FairFace\detected_faces\114157_face0.jpg,White,White,Male,20-29,"[7.4655753e-01 5.6767578e-05 4.0289983e-02 2.8628352e-05 5.0779774e-05
 1.2331762e-04 2.1289298e-01]",[9.9823111e-01 1.3983202e-03 5.5937791e-05 3.1460758e-04],[9.9998397e-01 1.5960444e-05],"[4.2656289e-08 2.9987405e-05 5.9424195e-02 8.3632904e-01 1.0171407e-01
 2.4904064e-03 1.2020808e-05 1.3013809e-07 2.4864766e-09]"
D:\Uni\Ulm\Master\Hiwi-Forschung-und-Lehre\FairFace\detected_faces\114379_face0.jpg,Middle Eastern,White,Male,30-39,"[1.9505429e-01 7.1222492e-04 5.3244632e-02 5.8276164e-06 2.3111799e-05
 2.9283795e-03 7.4803156e-01]",[0.97889805 0.01172772 0.00107815 0.00829606],[9.9999464e-01 5.3799799e-06],"[1.3917896e-06 6.1843516e-06 2.4360025e-04 1.1040011e-01 7.6310432e-01
 1.2498619e-01 1.2481142e-03 9.9309755e-06 1.1404779e-07]"
D:\Uni\Ulm\Master\Hiwi-Forschung-und-Lehre\FairFace\detected_faces\114497_face0.jpg,White,White,Male,30-39,"[6.3684952e-01 4.7653692e-05 3.1180240e-02 5.4223294e-04 8.8832795e-04
 3.3775177e-03 3.2711455e-01]",[9.8487687e-01 2.8226533e-04 2.7875123e-03 1.2053406e-02],[9.9999940e-01 5.4975203e-07],"[2.0421064e-07 5.3407321e-06 1.2500655e-04 1.8650122e-01 7.8405786e-01
 2.9273083e-02 3.7223035e-05 1.5588434e-07 1.7893904e-09]"
D:\Uni\Ulm\Master\Hiwi-Forschung-und-Lehre\FairFace\detected_faces\114527_face0.jpg,White,White,Male,20-29,"[9.8971224e-01 2.6320817e-04 7.1756204e-04 9.9103579e-07 4.6562718e-06
 1.8540492e-05 9.2828134e-03]",[9.9876547e-01 1.1468309e-03 4.3063174e-06 8.3426967e-05],[9.999996e-01 4.042463e-07],"[5.1346120e-07 1.2997780e-05 3.8635104e-03 4.9620789e-01 4.6872419e-01
 3.0481525e-02 6.9876394e-04 1.0427684e-05 1.7289688e-07]"
D:\Uni\Ulm\Master\Hiwi-Forschung-und-Lehre\FairFace\detected_faces\114777_face0.jpg,White,White,Male,20-29,"[9.9996543e-01 6.3550076e-09 1.0200998e-05 2.6582812e-08 5.5277670e-08
 2.8973250e-07 2.3995242e-05]",[9.9998707e-01 1.4674285e-06 1.5927551e-06 9.8538940e-06],[9.999991e-01 9.173045e-07],"[1.7246813e-07 3.6515215e-05 1.3305557e-02 8.3545309e-01 1.4656304e-01
 4.6277731e-03 1.3729007e-05 7.6396041e-08 2.1609459e-09]"
D:\Uni\Ulm\Master\Hiwi-Forschung-und-Lehre\FairFace\detected_faces\114868_face0.jpg,Middle Eastern,Black,Male,30-39,"[2.09602684e-01 2.97652721e-01 1.10375814e-01 8.12400976e-05
 4.92614054e-04 5.97679578e-02 3.22026998e-01]",[2.3854826e-02 9.7194463e-01 2.3825075e-04 3.9623105e-03],[9.999923e-01 7.698957e-06],"[1.6331403e-06 1.9071971e-05 4.6629758e-04 1.4077134e-01 7.0908701e-01
 1.4438877e-01 5.2070548e-03 5.7438945e-05 1.3946330e-06]"
D:\Uni\Ulm\Master\Hiwi-Forschung-und-Lehre\FairFace\detected_faces\115346_face0.jpg,Middle Eastern,Black,Male,30-39,"[2.9916771e-02 3.1868309e-02 4.1011728e-02 2.4171187e-04 7.7326456e-04
 2.0523602e-02 8.7566465e-01]",[1.3301924e-03 9.9691892e-01 1.0153811e-03 7.3548849e-04],[9.9999225e-01 7.7117847e-06],"[1.1269149e-04 7.4684853e-04 1.9584040e-03 2.0160413e-01 6.4229190e-01
 1.4933106e-01 3.8024872e-03 1.4709476e-04 5.3722424e-06]"
D:\Uni\Ulm\Master\Hiwi-Forschung-und-Lehre\FairFace\detected_faces\115365_face0.jpg,White,White,Male,20-29,"[8.4251261e-01 4.5494162e-05 1.1596508e-02 8.1829094e-06 2.1178557e-05
 2.3972711e-05 1.4579205e-01]",[9.99116540e-01 6.16512203e-04 1.48692547e-04 1.18231605e-04],[1.0000000e+00 1.9782592e-08],"[1.2588549e-07 4.2400325e-06 4.4126092e-03 7.8022224e-01 2.0990796e-01
 5.4090908e-03 4.2652562e-05 1.1585657e-06 8.3593319e-09]"
D:\Uni\Ulm\Master\Hiwi-Forschung-und-Lehre\FairFace\detected_faces\115368_face0.jpg,White,White,Male,20-29,"[5.7988799e-01 5.1474379e-04 4.0195804e-02 1.9118343e-06 1.6115380e-05
 2.9657283e-04 3.7908679e-01]",[9.9791437e-01 1.7273558e-03 4.4602581e-05 3.1371796e-04],[9.999985e-01 1.493774e-06],"[1.01911235e-08 4.73449973e-06 3.41624878e-02 9.37453449e-01
 2.81615276e-02 2.16526503e-04 1.15970204e-06 3.13756630e-08
 3.79505816e-10]"
D:\Uni\Ulm\Master\Hiwi-Forschung-und-Lehre\FairFace\detected_faces\115427_face0.jpg,Black,Black,Male,30-39,"[6.07244874e-06 9.99767244e-01 8.07820106e-05 3.09967483e-08
 8.94751508e-07 1.21443285e-04 2.35861917e-05]",[1.7989563e-06 9.9996871e-01 5.4319385e-06 2.3953342e-05],[9.9999976e-01 2.0694264e-07],"[1.8650056e-07 1.1192371e-05 2.9269718e-03 4.2910498e-01 5.3152961e-01
 3.5730831e-02 6.8620336e-04 9.8401142e-06 1.7487288e-07]"
D:\Uni\Ulm\Master\Hiwi-Forschung-und-Lehre\FairFace\detected_faces\115432_face0.jpg,White,White,Male,30-39,"[9.8015732e-01 7.8366720e-04 3.4379181e-03 1.8865585e-05 5.5074637e-05
 1.5068353e-04 1.5396539e-02]",[9.9803698e-01 5.1794137e-04 4.9013906e-04 9.5487171e-04],[9.9998361e-01 1.6372684e-05],"[8.3173887e-07 7.4699255e-06 6.5178447e-04 1.7566353e-01 6.5187389e-01
 1.6538928e-01 6.3368962e-03 7.4380645e-05 1.9017608e-06]"
D:\Uni\Ulm\Master\Hiwi-Forschung-und-Lehre\FairFace\detected_faces\115434_face0.jpg,Black,Black,Male,30-39,"[5.2511645e-04 9.8576820e-01 7.0466688e-03 1.7663235e-05 3.1320445e-04
 3.1890622e-03 3.1402246e-03]",[1.7278326e-03 9.9441338e-01 1.9090963e-04 3.6678046e-03],[9.9994224e-01 5.7775098e-05],"[1.1569323e-05 1.8481056e-04 4.6486580e-03 2.7376819e-01 6.0796136e-01
 1.0858184e-01 4.7152052e-03 1.2443101e-04 3.9645588e-06]"
D:\Uni\Ulm\Master\Hiwi-Forschung-und-Lehre\FairFace\detected_faces\115441_face0.jpg,White,White,Male,30-39,"[9.6518499e-01 7.3134681e-05 1.2391403e-02 7.8806792e-05 1.6883899e-04
 8.3460630e-04 2.1268111e-02]",[9.9263161e-01 4.7329548e-04 5.0244719e-04 6.3926317e-03],[0.99117875 0.00882126],"[2.9726421e-06 9.1778056e-05 4.3506031e-03 2.7299568e-01 6.4686430e-01
 7.4449435e-02 1.2311492e-03 1.3445880e-05 5.8601370e-07]"
D:\Uni\Ulm\Master\Hiwi-Forschung-und-Lehre\FairFace\detected_faces\115516_face0.jpg,Middle Eastern,White,Male,20-29,"[3.9507142e-01 5.0059669e-05 2.6644509e-02 3.2466749e-05 8.7978900e-05
 1.1227687e-03 5.7699084e-01]",[9.8032588e-01 1.8599616e-04 1.0234237e-03 1.8464722e-02],[9.9999970e-01 2.7702936e-07],"[5.3984007e-07 5.6527213e-05 1.6020657e-02 8.5570234e-01 1.2667623e-01
 1.5388556e-03 4.8279840e-06 6.3207452e-08 8.8828905e-10]"
D:\Uni\Ulm\Master\Hiwi-Forschung-und-Lehre\FairFace\detected_faces\115665_face0.jpg,Black,Black,Male,30-39,"[4.3469540e-06 9.9994105e-01 3.4869216e-05 3.1599221e-08 4.2384562e-07
 1.8170553e-05 1.1482243e-06]",[6.2179456e-06 9.9983424e-01 8.3506420e-06 1.5118570e-04],[9.9997300e-01 2.7023609e-05],"[1.0265156e-05 4.1966638e-04 7.5241728e-03 2.7569622e-01 5.6513369e-01
 1.4725228e-01 3.9129234e-03 4.8946662e-05 1.8132040e-06]"
D:\Uni\Ulm\Master\Hiwi-Forschung-und-Lehre\FairFace\detected_faces\115666_face0.jpg,White,White,Male,20-29,"[0.63008595 0.00232723 0.12593076 0.00629775 0.00434914 0.00228959
 0.22871967]",[0.93097675 0.00825138 0.05780944 0.00296247],[9.9968773e-01 3.1230872e-04],"[3.07436994e-06 5.66752220e-04 5.44414632e-02 8.36328745e-01
 1.07825145e-01 8.32214020e-04 2.46802711e-06 9.02113513e-08
 3.80478626e-09]"
D:\Uni\Ulm\Master\Hiwi-Forschung-und-Lehre\FairFace\detected_faces\116193_face0.jpg,White,White,Male,20-29,"[7.3520970e-01 1.1829328e-05 1.9540593e-03 2.0866009e-06 9.7123811e-06
 5.2145406e-05 2.6276043e-01]",[9.9934578e-01 4.4977380e-04 2.9394196e-05 1.7503872e-04],[9.9999505e-01 4.9542418e-06],"[1.4057080e-07 5.0485844e-04 2.6580846e-01 7.1497452e-01 1.8563174e-02
 1.4858739e-04 2.3751170e-07 3.2477716e-09 6.0269081e-11]"
D:\Uni\Ulm\Master\Hiwi-Forschung-und-Lehre\FairFace\detected_faces\116570_face0.jpg,White,White,Male,20-29,"[9.7293437e-01 2.3730486e-04 1.6576316e-02 2.1771938e-04 2.6579178e-04
 1.9091074e-05 9.7494675e-03]",[9.9462420e-01 2.5456285e-03 2.7927516e-03 3.7392958e-05],[9.9980813e-01 1.9192413e-04],"[7.7057493e-08 4.4787889e-06 3.3754583e-02 8.0870903e-01 1.5178441e-01
 5.6681763e-03 7.7972902e-05 1.2769539e-06 1.8091525e-08]"
D:\Uni\Ulm\Master\Hiwi-Forschung-und-Lehre\FairFace\detected_faces\116607_face0.jpg,Middle Eastern,White,Male,20-29,"[1.81041118e-02 9.72901238e-04 4.77013513e-02 1.73073477e-05
 1.07351974e-04 5.89418598e-03 9.27202821e-01]",[0.82218045 0.08611193 0.0011002  0.09060735],[9.9990165e-01 9.8345401e-05],"[1.4661613e-06 7.0461669e-05 4.4958238e-03 5.7862628e-01 4.0416861e-01
 1.2584015e-02 5.2565349e-05 7.3467601e-07 1.4190666e-08]"
D:\Uni\Ulm\Master\Hiwi-Forschung-und-Lehre\FairFace\detected_faces\116623_face0.jpg,Black,Black,Male,20-29,"[2.4556812e-07 9.9999779e-01 1.4097749e-06 4.6801030e-10 1.0819061e-08
 5.3334497e-07 1.0217665e-07]",[1.2957318e-07 9.9999982e-01 3.5977166e-08 1.1803397e-07],[9.9995571e-01 4.4325425e-05],"[8.0555758e-08 1.6196762e-05 1.5051362e-02 6.7742676e-01 2.8711611e-01
 2.0196838e-02 1.8962473e-04 2.9184966e-06 1.4055352e-07]"
D:\Uni\Ulm\Master\Hiwi-Forschung-und-Lehre\FairFace\detected_faces\116664_face0.jpg,Latino_Hispanic,White,Male,20-29,"[6.0321469e-02 2.9981917e-02 8.4869951e-01 4.3296975e-05 2.7408553e-04
 2.9960873e-02 3.0718813e-02]",[0.6063058  0.17227103 0.00173429 0.21968889],[9.9999541e-01 4.5857996e-06],"[4.9570332e-07 1.0749591e-05 2.3522750e-03 5.7631201e-01 4.0171662e-01
 1.9489126e-02 1.1747087e-04 1.2961980e-06 1.3844947e-08]"
D:\Uni\Ulm\Master\Hiwi-Forschung-und-Lehre\FairFace\detected_faces\116666_face0.jpg,Middle Eastern,White,Male,30-39,"[4.1758415e-01 1.1982449e-03 1.3834302e-01 6.6264765e-05 2.0513468e-04
 1.1169320e-02 4.3143383e-01]",[9.8192632e-01 9.4886537e-04 2.6070150e-03 1.4517761e-02],[9.9998826e-01 1.1676749e-05],"[1.0016576e-05 3.7337075e-05 2.9933467e-04 3.5514969e-02 5.5240625e-01
 3.9299178e-01 1.8542981e-02 1.9508296e-04 2.1990159e-06]"
D:\Uni\Ulm\Master\Hiwi-Forschung-und-Lehre\FairFace\detected_faces\116667_face0.jpg,White,White,Male,30-39,"[5.5643123e-01 6.5909456e-03 1.6863602e-01 1.6252103e-04 2.2032726e-04
 3.0283758e-03 2.6493055e-01]",[0.9356334  0.03287964 0.00539172 0.02609525],[9.9999756e-01 2.4619983e-06],"[3.7806226e-06 2.5878269e-05 3.3228690e-04 2.2672467e-01 6.9196379e-01
 8.0031149e-02 9.0426253e-04 1.3929332e-05 1.9680850e-07]"
D:\Uni\Ulm\Master\Hiwi-Forschung-und-Lehre\FairFace\detected_faces\116692_face0.jpg,Middle Eastern,White,Male,20-29,"[6.2352709e-02 4.5710537e-04 3.0000277e-02 9.3604567e-06 3.7924863e-05
 8.7256130e-04 9.0627003e-01]",[9.6267390e-01 2.2269925e-02 6.2482379e-04 1.4431312e-02],[9.999941e-01 5.877408e-06],"[4.9253651e-07 6.1325729e-05 1.5825618e-02 8.1151593e-01 1.6938505e-01
 3.1954562e-03 1.5886693e-05 2.3376916e-07 3.4090075e-09]"
D:\Uni\Ulm\Master\Hiwi-Forschung-und-Lehre\FairFace\detected_faces\116947_face0.jpg,Black,Black,Male,30-39,"[4.9037539e-05 9.9949282e-01 2.9980124e-04 1.9238678e-08 3.0343452e-07
 9.5533273e-05 6.2521161e-05]",[4.2512303e-05 9.9987602e-01 5.5173946e-06 7.5926429e-05],[9.9999976e-01 2.1827267e-07],"[3.0434578e-08 1.2116955e-06 3.8577628e-04 3.5927653e-01 6.0416198e-01
 3.5922531e-02 2.4913147e-04 2.7750789e-06 5.9874431e-08]"
D:\Uni\Ulm\Master\Hiwi-Forschung-und-Lehre\FairFace\detected_faces\116952_face0.jpg,White,White,Male,20-29,"[5.0735217e-01 5.8533533e-05 2.6078217e-02 4.6683317e-06 1.7990445e-05
 2.0934099e-03 4.6439499e-01]",[9.9563271e-01 2.3178379e-04 1.7160952e-05 4.1183513e-03],[9.9999994e-01 5.2675283e-08],"[8.8713392e-09 6.0073592e-07 7.7710452e-04 6.9534713e-01 3.0126813e-01
 2.6023877e-03 4.6402047e-06 2.6667667e-08 2.3603922e-10]"
D:\Uni\Ulm\Master\Hiwi-Forschung-und-Lehre\FairFace\detected_faces\116955_face0.jpg,White,White,Male,20-29,"[9.1434968e-01 5.2060172e-05 3.1645815e-03 9.1368151e-05 1.0378338e-04
 9.2852046e-05 8.2145713e-02]",[9.9916464e-01 3.7793160e-04 6.5023160e-05 3.9234996e-04],[9.9999714e-01 2.8471914e-06],"[5.3387447e-07 1.8730054e-05 2.3604422e-03 6.8539667e-01 3.0975309e-01
 2.4608232e-03 9.5655687e-06 1.2667830e-07 3.4832661e-09]"
D:\Uni\Ulm\Master\Hiwi-Forschung-und-Lehre\FairFace\detected_faces\117083_face0.jpg,White,White,Male,30-39,"[9.9438292e-01 2.2333692e-05 3.9242156e-04 3.5331811e-07 1.1878224e-06
 6.3427389e-05 5.1375139e-03]",[9.9962622e-01 7.3665811e-05 1.0988919e-06 2.9900379e-04],[9.999843e-01 1.574432e-05],"[1.4045730e-07 1.8793588e-06 5.8850852e-05 5.0871428e-02 8.0192912e-01
 1.4543524e-01 1.6931233e-03 9.9394947e-06 2.8071923e-07]"
D:\Uni\Ulm\Master\Hiwi-Forschung-und-Lehre\FairFace\detected_faces\117373_face0.jpg,Middle Eastern,White,Male,20-29,"[3.14403772e-01 7.69241160e-05 1.14362724e-01 2.09723163e-04
 2.85065413e-04 1.71437226e-02 5.53518116e-01]",[9.8873758e-01 4.1021904e-05 2.9916319e-04 1.0922206e-02],[9.999375e-01 6.247767e-05],"[1.4205881e-06 4.7355763e-05 3.7329572e-03 6.0597903e-01 3.8455471e-01
 5.6751966e-03 9.3218714e-06 7.7951462e-08 1.3036819e-09]"
D:\Uni\Ulm\Master\Hiwi-Forschung-und-Lehre\FairFace\detected_faces\117399_face0.jpg,Black,Black,Male,20-29,"[8.7718014e-03 8.3536738e-01 1.4511126e-01 8.9963405e-06 1.6967305e-04
 1.9026321e-03 8.6683743e-03]",[2.9183396e-03 9.8724145e-01 2.0671576e-04 9.6335057e-03],[9.9999988e-01 1.0040432e-07],"[9.8100500e-08 4.8973366e-06 1.6829997e-02 7.7726448e-01 1.9293246e-01
 1.2549477e-02 4.0985859e-04 8.6307618e-06 1.3403213e-07]"
D:\Uni\Ulm\Master\Hiwi-Forschung-und-Lehre\FairFace\detected_faces\117777_face0.jpg,White,White,Male,20-29,"[7.8869671e-01 5.1645287e-03 1.9495319e-01 1.4211216e-05 6.5413646e-05
 3.2049019e-04 1.0785374e-02]",[9.9410450e-01 4.8613930e-03 1.7999162e-04 8.5414207e-04],[9.9999869e-01 1.3457836e-06],"[5.5623325e-08 1.3663621e-06 3.1131096e-03 6.8787980e-01 2.7812675e-01
 2.9426100e-02 1.4241383e-03 2.8371534e-05 2.3013776e-07]"
D:\Uni\Ulm\Master\Hiwi-Forschung-und-Lehre\FairFace\detected_faces\117794_face0.jpg,Latino_Hispanic,Indian,Male,30-39,"[0.03545347 0.00425143 0.89377624 0.0023865  0.00956497 0.05015753
 0.00440988]",[0.29154792 0.04936574 0.11616346 0.54292285],[9.9999934e-01 6.7059841e-07],"[7.3576971e-06 4.4408913e-05 1.5014029e-03 1.0421708e-01 6.8604136e-01
 1.9828668e-01 9.8435106e-03 5.8041234e-05 2.1441544e-07]"
D:\Uni\Ulm\Master\Hiwi-Forschung-und-Lehre\FairFace\detected_faces\118179_face0.jpg,White,White,Male,40-49,"[9.7836697e-01 1.5899946e-04 7.9107482e-04 1.0865051e-07 1.2050626e-06
 1.9460764e-04 2.0487012e-02]",[9.8991436e-01 7.2828289e-03 2.5162635e-05 2.7776330e-03],[9.9999762e-01 2.3282157e-06],"[1.1626034e-06 3.0034207e-06 5.6284825e-05 1.2667274e-02 3.7818927e-01
 5.3056830e-01 7.6782621e-02 1.6956164e-03 3.6388312e-05]"
D:\Uni\Ulm\Master\Hiwi-Forschung-und-Lehre\FairFace\detected_faces\118756_face0.jpg,White,White,Male,20-29,"[7.20898151e-01 5.41290683e-05 5.09838015e-02 1.20566394e-04
 2.21240858e-04 2.05206522e-03 2.25669950e-01]",[0.9198425  0.00397454 0.00767808 0.06850494],[9.9999988e-01 5.9524254e-08],"[1.16616866e-06 1.03978426e-04 1.63620543e-02 8.70359004e-01
 1.11801498e-01 1.36842416e-03 3.75884747e-06 4.61446810e-08
 4.67058558e-10]"
D:\Uni\Ulm\Master\Hiwi-Forschung-und-Lehre\FairFace\detected_faces\118759_face0.jpg,White,White,Male,20-29,"[9.8639286e-01 5.3875092e-06 9.1591774e-04 9.9783290e-07 8.5192678e-06
 3.5181567e-06 1.2672947e-02]",[9.9219781e-01 6.7792544e-03 4.2512533e-04 5.9779803e-04],[9.9999911e-01 9.2692284e-07],"[3.1793259e-09 1.1187349e-06 2.2183824e-03 6.6517448e-01 3.2762975e-01
 4.9689403e-03 7.3617489e-06 3.4909057e-08 6.0378613e-10]"
D:\Uni\Ulm\Master\Hiwi-Forschung-und-Lehre\FairFace\detected_faces\118982_face0.jpg,White,White,Male,20-29,"[9.9696714e-01 1.6530550e-05 2.2746925e-03 4.0934370e-07 3.6796973e-06
 2.7316562e-05 7.1012834e-04]",[9.9978149e-01 1.3109195e-04 2.2426606e-05 6.4974214e-05],[9.9998188e-01 1.8135039e-05],"[1.7632594e-07 4.8073925e-05 2.1537783e-02 7.3617679e-01 2.3570392e-01
 6.4959377e-03 3.6828107e-05 4.8394628e-07 1.4161993e-08]"
D:\Uni\Ulm\Master\Hiwi-Forschung-und-Lehre\FairFace\detected_faces\119083_face0.jpg,White,White,Male,20-29,"[9.2727119e-01 1.1403775e-04 9.2138974e-03 1.2464338e-06 9.6265612e-06
 4.4639779e-05 6.3345373e-02]",[9.9831307e-01 9.9727709e-04 7.9660625e-05 6.0998375e-04],[9.9998033e-01 1.9704397e-05],"[1.7826672e-09 1.0478771e-07 8.4975507e-04 6.2519211e-01 3.6955336e-01
 4.3947403e-03 9.8317687e-06 8.8993943e-08 1.3139437e-09]"
D:\Uni\Ulm\Master\Hiwi-Forschung-und-Lehre\FairFace\detected_faces\119151_face0.jpg,Latino_Hispanic,White,Male,30-39,"[2.5332502e-01 2.7773788e-03 3.7389821e-01 5.0232979e-05 2.1488304e-04
 3.6371555e-02 3.3336273e-01]",[0.7004835  0.05677586 0.00251356 0.24022706],[9.9995512e-01 4.4919787e-05],"[8.9936054e-07 1.0228598e-05 6.3957940e-03 4.2548409e-01 5.0214392e-01
 6.3325152e-02 2.6113803e-03 2.8049701e-05 4.4614532e-07]"
D:\Uni\Ulm\Master\Hiwi-Forschung-und-Lehre\FairFace\detected_faces\119159_face0.jpg,Latino_Hispanic,White,Male,20-29,"[4.1922265e-01 4.6960369e-02 5.0293732e-01 1.2365633e-04 1.7847550e-03
 3.2949925e-04 2.8641792e-02]",[0.71504426 0.25157902 0.02266411 0.01071268],[9.9999994e-01 3.8510336e-08],"[1.1876949e-08 5.5121027e-06 2.1849824e-02 8.9995748e-01 7.7197604e-02
 9.8036299e-04 9.1035954e-06 1.4597011e-07 1.7155039e-09]"
D:\Uni\Ulm\Master\Hiwi-Forschung-und-Lehre\FairFace\detected_faces\119179_face0.jpg,Latino_Hispanic,White,Male,30-39,"[1.3832527e-01 5.5442010e-03 6.3790679e-01 4.7860466e-04 1.5088714e-03
 6.4726099e-02 1.5151016e-01]",[0.780346   0.0134567  0.00975822 0.19643912],[9.9997556e-01 2.4441384e-05],"[1.6222667e-04 2.8823124e-04 1.4896679e-03 7.5746052e-02 5.8798760e-01
 3.1636727e-01 1.7569013e-02 3.8444652e-04 5.4869811e-06]"
D:\Uni\Ulm\Master\Hiwi-Forschung-und-Lehre\FairFace\detected_faces\119198_face0.jpg,Middle Eastern,White,Male,20-29,"[1.0653914e-01 1.7261752e-03 1.3749129e-01 8.4485524e-05 3.1037739e-04
 1.4180930e-02 7.3966759e-01]",[0.69263923 0.1541273  0.0034578  0.14977562],[9.9992263e-01 7.7304510e-05],"[3.2861979e-05 1.6030392e-03 1.3829624e-02 7.0935297e-01 2.6920772e-01
 5.9384238e-03 3.4722048e-05 6.1022166e-07 1.3912064e-08]"
D:\Uni\Ulm\Master\Hiwi-Forschung-und-Lehre\FairFace\detected_faces\119242_face0.jpg,Black,Black,Male,20-29,"[3.1649123e-04 9.0999323e-01 1.9486096e-02 8.2495838e-04 5.6003999e-02
 1.3252376e-02 1.2299606e-04]",[3.325974e-05 9.953570e-01 3.730191e-03 8.795668e-04],[9.9998671e-01 1.3257377e-05],"[3.1873813e-07 6.8314890e-05 4.6640899e-02 7.1617782e-01 2.1278310e-01
 2.2835400e-02 1.4482233e-03 4.4094082e-05 1.8193352e-06]"
D:\Uni\Ulm\Master\Hiwi-Forschung-und-Lehre\FairFace\detected_faces\119518_face0.jpg,White,White,Male,20-29,"[5.7750148e-01 6.0639723e-04 9.2909716e-02 5.5006203e-06 3.6968057e-05
 4.6094032e-03 3.2433060e-01]",[9.7427875e-01 1.1001973e-02 5.3415188e-05 1.4665913e-02],[9.9999875e-01 1.2676381e-06],"[1.3754627e-08 4.2354262e-07 4.2628433e-04 6.8443412e-01 3.1185767e-01
 3.2761954e-03 5.2280266e-06 3.5466424e-08 4.2720980e-10]"
D:\Uni\Ulm\Master\Hiwi-Forschung-und-Lehre\FairFace\detected_faces\120282_face0.jpg,White,White,Male,20-29,"[9.79423761e-01 8.63443074e-06 9.65939648e-03 6.52764447e-06
 2.22070848e-05 1.02618964e-04 1.07768597e-02]",[9.9794048e-01 5.4719287e-05 2.5331028e-04 1.7514366e-03],[9.9999994e-01 4.0800664e-08],"[2.1386080e-08 8.7824912e-07 4.9970206e-03 7.9125476e-01 1.9982666e-01
 3.9039452e-03 1.6529029e-05 2.1532149e-07 1.8403448e-09]"
D:\Uni\Ulm\Master\Hiwi-Forschung-und-Lehre\FairFace\detected_faces\120298_face0.jpg,Middle Eastern,Indian,Male,30-39,"[1.9166900e-02 3.2024479e-03 2.0058540e-01 4.3538636e-05 2.8696022e-04
 3.8561809e-01 3.9109674e-01]",[3.4227815e-02 3.7890259e-02 8.5634238e-04 9.2702562e-01],[9.9999529e-01 4.7003273e-06],"[2.9585951e-06 1.7469434e-05 2.3180051e-04 8.0959626e-02 7.0470583e-01
 2.1162316e-01 2.4402495e-03 1.8687922e-05 2.4179528e-07]"
D:\Uni\Ulm\Master\Hiwi-Forschung-und-Lehre\FairFace\detected_faces\120300_face0.jpg,White,White,Male,30-39,"[9.9454069e-01 7.6124115e-06 1.2405257e-03 1.7728433e-05 3.9765662e-05
 1.8624924e-05 4.1350573e-03]",[9.9993795e-01 2.2089405e-05 1.8061317e-05 2.1944074e-05],[9.9999547e-01 4.5395177e-06],"[1.7613297e-07 3.5161529e-06 1.0417103e-03 4.2286509e-01 5.5925220e-01
 1.6765725e-02 7.1117342e-05 5.0848371e-07 1.2862718e-08]"
D:\Uni\Ulm\Master\Hiwi-Forschung-und-Lehre\FairFace\detected_faces\120302_face0.jpg,White,White,Male,30-39,"[9.2248553e-01 3.0151883e-04 1.3784224e-02 7.5081011e-06 3.6557118e-05
 1.9380942e-04 6.3190848e-02]",[9.99676168e-01 1.20087745e-04 5.87278410e-05 1.45020822e-04],[9.9999005e-01 9.9172030e-06],"[2.2565504e-07 6.1261121e-06 2.0632002e-04 2.3427768e-01 7.4627960e-01
 1.9195301e-02 3.4585119e-05 1.4765649e-07 2.2717646e-09]"
D:\Uni\Ulm\Master\Hiwi-Forschung-und-Lehre\FairFace\detected_faces\120480_face0.jpg,Black,Black,Male,20-29,"[3.6352320e-04 9.6281022e-01 2.6445825e-02 1.4748648e-04 7.1026762e-03
 1.5774037e-03 1.5529905e-03]",[1.3636133e-05 9.9775648e-01 2.1396873e-03 9.0176662e-05],[9.999993e-01 6.773660e-07],"[4.8611474e-07 1.5452970e-05 6.6797286e-03 5.7487434e-01 3.6799812e-01
 4.7685456e-02 2.6488795e-03 9.4521718e-05 3.0124329e-06]"
D:\Uni\Ulm\Master\Hiwi-Forschung-und-Lehre\FairFace\detected_faces\120538_face0.jpg,White,White,Male,30-39,"[8.9603549e-01 3.1921433e-03 6.8307616e-02 2.1345694e-04 4.4386876e-03
 1.5283161e-03 2.6284302e-02]",[0.8802929  0.07849261 0.03085023 0.01036427],[9.9999893e-01 1.0742248e-06],"[4.4539506e-06 2.3687138e-05 2.3507809e-03 1.6414259e-01 4.6071348e-01
 2.6760286e-01 9.4861247e-02 9.9370210e-03 3.6387483e-04]"
D:\Uni\Ulm\Master\Hiwi-Forschung-und-Lehre\FairFace\detected_faces\120787_face0.jpg,Middle Eastern,White,Male,30-39,"[1.73337027e-01 4.41206394e-05 9.74754337e-03 3.39541984e-05
 8.96177226e-05 1.10123656e-04 8.16637635e-01]",[9.9733138e-01 5.3253846e-04 1.1391956e-03 9.9687360e-04],[9.9999994e-01 6.0730166e-08],"[2.6212736e-06 2.9235225e-05 3.6772075e-03 2.8179380e-01 5.8019769e-01
 1.3113137e-01 3.1077163e-03 5.9831786e-05 5.0051216e-07]"
D:\Uni\Ulm\Master\Hiwi-Forschung-und-Lehre\FairFace\detected_faces\121181_face0.jpg,White,White,Male,30-39,"[9.9286777e-01 6.1389932e-05 2.2580270e-03 3.1871155e-06 1.4441281e-05
 1.5622644e-04 4.6388265e-03]",[9.9912226e-01 5.5212677e-05 2.9802117e-05 7.9278986e-04],[9.9999917e-01 8.6585834e-07],"[5.7393805e-08 6.2884749e-07 1.1360047e-04 2.2707197e-01 7.2781074e-01
 4.4655941e-02 3.4492358e-04 2.1070123e-06 5.5896159e-08]"
D:\Uni\Ulm\Master\Hiwi-Forschung-und-Lehre\FairFace\detected_faces\121551_face0.jpg,Latino_Hispanic,Black,Male,30-39,"[2.1926953e-02 2.5092985e-02 9.2322946e-01 3.3584621e-04 1.4478321e-03
 1.1649664e-02 1.6317308e-02]",[0.2146217  0.49172887 0.09614783 0.1975016 ],[9.9998915e-01 1.0884565e-05],"[2.9953144e-05 5.5852117e-05 2.0456146e-03 1.1266261e-01 6.2915313e-01
 2.3776607e-01 1.7932018e-02 3.5226985e-04 2.6204086e-06]"
D:\Uni\Ulm\Master\Hiwi-Forschung-und-Lehre\FairFace\detected_faces\121613_face0.jpg,Latino_Hispanic,White,Male,30-39,"[1.03729606e-01 1.45959780e-02 6.48932576e-01 2.12708750e-04
 1.71970460e-03 4.71773744e-03 2.26091728e-01]",[0.7405588  0.06433582 0.16718978 0.02791562],[9.9999690e-01 3.1373495e-06],"[1.8048785e-06 6.8052364e-06 1.9133155e-03 2.2700170e-01 6.2237024e-01
 1.4183716e-01 6.6741146e-03 1.9259991e-04 2.3099769e-06]"
D:\Uni\Ulm\Master\Hiwi-Forschung-und-Lehre\FairFace\detected_faces\121773_face0.jpg,Middle Eastern,White,Male,20-29,"[4.7111332e-01 7.6020451e-06 1.9086886e-02 1.1972426e-04 1.7602126e-04
 6.7509303e-04 5.0882137e-01]",[9.9824494e-01 1.2889325e-04 5.4295506e-05 1.5718262e-03],[9.9998814e-01 1.1899597e-05],"[1.40395605e-06 1.61927630e-04 1.05601735e-01 6.77109420e-01
 2.06631407e-01 1.04104513e-02 8.24664967e-05 1.29395858e-06
 1.46071448e-08]"
D:\Uni\Ulm\Master\Hiwi-Forschung-und-Lehre\FairFace\detected_faces\121774_face0.jpg,White,White,Male,30-39,"[9.9066037e-01 4.6789451e-06 1.1673415e-03 2.0483554e-05 5.1143546e-05
 2.9720713e-06 8.0930823e-03]",[9.9988186e-01 2.7304965e-05 8.1432001e-05 9.2861173e-06],[9.9999678e-01 3.1594461e-06],"[5.7470260e-07 3.0132518e-05 3.6597196e-02 2.1784016e-01 4.7856003e-01
 2.4410714e-01 2.2349194e-02 5.1208260e-04 3.5668090e-06]"
D:\Uni\Ulm\Master\Hiwi-Forschung-und-Lehre\FairFace\detected_faces\121777_face0.jpg,Black,Black,Male,20-29,"[1.4851694e-06 9.9997383e-01 1.4123435e-05 3.6323890e-08 6.4468276e-07
 4.7519457e-06 5.2043833e-06]",[3.990256e-07 9.999948e-01 7.699786e-07 4.016913e-06],[9.9963266e-01 3.6734325e-04],"[3.6034486e-05 9.3018133e-03 5.2826952e-02 4.9212325e-01 4.0190434e-01
 4.2895496e-02 8.9174212e-04 1.8395349e-05 1.9414274e-06]"
D:\Uni\Ulm\Master\Hiwi-Forschung-und-Lehre\FairFace\detected_faces\121792_face0.jpg,White,White,Male,20-29,"[7.89736629e-01 7.08109990e-04 9.76006240e-02 3.52834504e-05
 1.62105323e-04 2.35336763e-03 1.09403946e-01]",[9.9024349e-01 3.3049441e-03 2.6919920e-04 6.1824410e-03],[9.9991739e-01 8.2654966e-05],"[2.2691114e-07 1.0093688e-05 2.7714593e-03 5.2846962e-01 4.5420122e-01
 1.4438327e-02 1.0743852e-04 1.6002425e-06 2.9695425e-08]"
D:\Uni\Ulm\Master\Hiwi-Forschung-und-Lehre\FairFace\detected_faces\121793_face0.jpg,White,White,Male,20-29,"[9.9917823e-01 3.8617502e-05 1.7825986e-04 9.3775424e-07 5.2812156e-06
 2.2743247e-06 5.9630407e-04]",[9.9902225e-01 9.0571778e-04 1.1151218e-05 6.0908242e-05],[9.9999988e-01 1.0337942e-07],"[8.8556831e-08 1.1785539e-05 4.4737142e-03 7.4438787e-01 2.4811463e-01
 2.9968563e-03 1.4957596e-05 1.2858955e-07 2.9423717e-09]"
D:\Uni\Ulm\Master\Hiwi-Forschung-und-Lehre\FairFace\detected_faces\121908_face0.jpg,White,White,Male,30-39,"[9.7597343e-01 1.2922642e-04 6.3658655e-03 4.6309133e-04 8.4810931e-04
 4.2991731e-05 1.6177217e-02]",[9.8003471e-01 1.8024556e-02 1.4444588e-03 4.9626298e-04],[9.999976e-01 2.425529e-06],"[2.2001288e-06 1.2003106e-05 2.4227067e-03 3.7502149e-01 5.1643687e-01
 1.0133201e-01 4.6117431e-03 1.5735388e-04 3.5923638e-06]"
D:\Uni\Ulm\Master\Hiwi-Forschung-und-Lehre\FairFace\detected_faces\121943_face0.jpg,White,White,Male,20-29,"[9.5497632e-01 7.2220522e-05 3.4743588e-02 1.3003081e-04 6.0026185e-04
 2.4403573e-05 9.4531588e-03]",[9.9581981e-01 9.6741965e-04 2.7784654e-03 4.3429161e-04],[1.0000000e+00 1.8696836e-08],"[4.2535460e-09 1.7432030e-06 1.9544320e-02 8.8257766e-01 9.6747294e-02
 1.1238067e-03 5.1796364e-06 4.3817913e-08 3.2675501e-10]"
D:\Uni\Ulm\Master\Hiwi-Forschung-und-Lehre\FairFace\detected_faces\121973_face0.jpg,Middle Eastern,White,Male,20-29,"[2.4043698e-02 7.6122623e-04 2.9044459e-02 6.7464971e-06 3.6771467e-05
 2.3399626e-03 9.4376713e-01]",[0.79231155 0.08745005 0.00314927 0.11708916],[9.9999982e-01 1.8941121e-07],"[4.3546297e-07 2.6420606e-05 3.7934682e-03 6.6258365e-01 3.2549721e-01
 8.0659594e-03 3.2442083e-05 3.9730244e-07 5.3079421e-09]"
D:\Uni\Ulm\Master\Hiwi-Forschung-und-Lehre\FairFace\detected_faces\122010_face0.jpg,White,White,Male,20-29,"[9.9919450e-01 2.3365104e-05 2.7786993e-04 8.9159985e-06 2.8245646e-05
 2.6850882e-06 4.6428471e-04]",[9.9877167e-01 7.5565092e-04 4.5827759e-04 1.4398465e-05],[9.9999976e-01 2.0317405e-07],"[2.18958974e-07 8.39959193e-06 8.80000088e-03 6.64986193e-01
 3.12187582e-01 1.36868935e-02 3.23547923e-04 6.94708979e-06
 1.78378741e-07]"
D:\Uni\Ulm\Master\Hiwi-Forschung-und-Lehre\FairFace\detected_faces\122075_face0.jpg,White,White,Male,20-29,"[9.9034560e-01 3.1862608e-05 4.3620919e-03 1.8187119e-06 9.8824194e-06
 2.4524028e-05 5.2241571e-03]",[9.9915975e-01 6.7424384e-04 7.2801726e-05 9.3199567e-05],[9.9999988e-01 7.5765534e-08],"[1.35728335e-08 2.08006054e-06 1.79546338e-03 8.16641629e-01
 1.80607200e-01 9.52416100e-04 1.12023849e-06 6.36457154e-09
 1.10277433e-10]"
D:\Uni\Ulm\Master\Hiwi-Forschung-und-Lehre\FairFace\detected_faces\122079_face0.jpg,Latino_Hispanic,Indian,Male,30-39,"[3.2368228e-01 2.9479729e-03 4.9206284e-01 5.9332964e-05 4.1910299e-04
 5.2380756e-02 1.2844779e-01]",[0.36315033 0.05120535 0.05313335 0.53251094],[9.9999958e-01 4.2155003e-07],"[2.3752057e-06 3.7918937e-05 1.4786067e-03 1.3795166e-01 6.3536370e-01
 2.2130832e-01 3.8091147e-03 4.7929549e-05 3.9759666e-07]"
D:\Uni\Ulm\Master\Hiwi-Forschung-und-Lehre\FairFace\detected_faces\122124_face0.jpg,White,White,Male,30-39,"[9.4664997e-01 1.5109061e-05 3.4503713e-02 4.5006303e-03 4.3327441e-03
 1.2860588e-04 9.8691918e-03]",[9.8851824e-01 1.4169092e-05 1.1252763e-02 2.1483017e-04],[9.999914e-01 8.535268e-06],"[4.3780338e-07 6.3113830e-06 3.9576287e-03 3.3334672e-01 5.7319397e-01
 8.7008193e-02 2.4630718e-03 2.3460952e-05 2.3485855e-07]"
D:\Uni\Ulm\Master\Hiwi-Forschung-und-Lehre\FairFace\detected_faces\122403_face0.jpg,White,White,Male,20-29,"[9.2292583e-01 2.2585802e-03 1.5224255e-02 1.1495821e-04 3.0888294e-04
 1.3848653e-04 5.9029050e-02]",[8.6277837e-01 1.3222261e-01 7.7556941e-04 4.2234268e-03],[9.9997675e-01 2.3206281e-05],"[3.7599305e-06 9.5691146e-05 9.3453620e-03 7.6073611e-01 2.2653297e-01
 3.2604595e-03 2.4979376e-05 7.4346866e-07 2.3741993e-08]"
D:\Uni\Ulm\Master\Hiwi-Forschung-und-Lehre\FairFace\detected_faces\122570_face0.jpg,White,White,Male,30-39,"[5.2513343e-01 2.8261787e-04 1.4554596e-01 9.3958828e-05 3.6976484e-04
 4.6762037e-03 3.2389808e-01]",[9.9701643e-01 5.3755852e-04 2.2054772e-04 2.2254596e-03],[9.999657e-01 3.429623e-05],"[2.3902157e-07 8.4254725e-06 4.8297129e-04 1.7711897e-01 7.7627677e-01
 4.5969259e-02 1.4266270e-04 6.6455829e-07 1.0820557e-08]"
D:\Uni\Ulm\Master\Hiwi-Forschung-und-Lehre\FairFace\detected_faces\122573_face0.jpg,Middle Eastern,White,Male,20-29,"[0.3554109  0.00044616 0.26553056 0.00217805 0.00551456 0.00202566
 0.3688941 ]",[0.97100437 0.00741862 0.01298962 0.00858738],[9.9999964e-01 3.8507002e-07],"[1.0463759e-06 4.6396250e-05 1.3826646e-02 7.8411257e-01 1.9871984e-01
 3.2713900e-03 2.1559794e-05 5.6235507e-07 6.8068586e-09]"
D:\Uni\Ulm\Master\Hiwi-Forschung-und-Lehre\FairFace\detected_faces\122578_face0.jpg,White,White,Male,30-39,"[7.8157765e-01 1.3457234e-03 4.6900060e-02 1.6410301e-04 5.2347756e-04
 2.9443698e-03 1.6654462e-01]",[9.6629339e-01 2.8423741e-02 7.5662852e-04 4.5262636e-03],[9.9998474e-01 1.5273612e-05],"[9.9448389e-06 2.2893010e-04 2.4791933e-03 2.4100932e-01 6.7915624e-01
 7.5833514e-02 1.2670242e-03 1.5615211e-05 2.8866870e-07]"
D:\Uni\Ulm\Master\Hiwi-Forschung-und-Lehre\FairFace\detected_faces\122621_face0.jpg,Latino_Hispanic,White,Male,20-29,"[0.03459718 0.0075646  0.6244178  0.00080309 0.00353266 0.00505568
 0.32402903]",[0.71191484 0.10873661 0.10072041 0.07862807],[9.99999881e-01 1.16720756e-07],"[3.0231185e-08 2.9027586e-05 6.1815124e-02 9.1722351e-01 2.0820750e-02
 1.1114081e-04 3.8856854e-07 1.9425869e-08 1.9684135e-10]"
D:\Uni\Ulm\Master\Hiwi-Forschung-und-Lehre\FairFace\detected_faces\122630_face0.jpg,White,White,Male,30-39,"[6.7749763e-01 4.0049468e-05 2.6161993e-02 4.9021924e-05 1.0885412e-04
 1.0263460e-03 2.9511613e-01]",[9.9926877e-01 7.5282172e-05 9.7436132e-05 5.5850256e-04],[9.9983066e-01 1.6939057e-04],"[1.1207426e-05 8.7472901e-05 2.0691720e-03 3.0636543e-01 6.3559979e-01
 5.5300992e-02 5.5492902e-04 1.0732877e-05 2.4739271e-07]"
D:\Uni\Ulm\Master\Hiwi-Forschung-und-Lehre\FairFace\detected_faces\122634_face0.jpg,Latino_Hispanic,White,Male,20-29,"[1.3180757e-01 6.3288948e-03 5.3506756e-01 2.6997254e-04 1.3627077e-03
 2.1400200e-03 3.2302329e-01]",[0.6158644  0.33430672 0.03854746 0.01128143],[9.9999994e-01 8.4568761e-08],"[8.5796745e-07 4.4253789e-05 8.9088427e-03 6.6823119e-01 3.0979037e-01
 1.2891581e-02 1.3003167e-04 2.8609613e-06 2.8209445e-08]"
D:\Uni\Ulm\Master\Hiwi-Forschung-und-Lehre\FairFace\detected_faces\122663_face0.jpg,Middle Eastern,Black,Male,20-29,"[2.47528814e-02 2.01176684e-02 1.47799760e-01 4.98638155e-06
 8.48590789e-05 1.10976305e-02 7.96142161e-01]",[5.0634198e-02 9.1791230e-01 1.4044174e-04 3.1313065e-02],[9.9998814e-01 1.1823795e-05],"[3.32932686e-08 5.59991804e-06 6.03757286e-03 7.85957754e-01
 2.05585778e-01 2.40442134e-03 8.81252890e-06 1.17435306e-07
 2.09349049e-09]"
D:\Uni\Ulm\Master\Hiwi-Forschung-und-Lehre\FairFace\detected_faces\122701_face0.jpg,Latino_Hispanic,Black,Male,30-39,"[2.4011603e-01 1.7268232e-01 4.0774652e-01 1.0473906e-05 1.4543023e-04
 5.2661402e-03 1.7403305e-01]",[2.1479060e-01 7.5536990e-01 3.1791872e-04 2.9521514e-02],[9.9999994e-01 3.8690828e-08],"[2.0049035e-07 1.8897251e-06 3.2741949e-04 2.7442667e-01 6.5703714e-01
 6.6632122e-02 1.5438236e-03 3.0375024e-05 2.6873562e-07]"
D:\Uni\Ulm\Master\Hiwi-Forschung-und-Lehre\FairFace\detected_faces\122702_face0.jpg,Latino_Hispanic,White,Male,20-29,"[1.0705103e-01 8.5866433e-03 8.1406033e-01 6.5221684e-05 6.9450989e-04
 1.9358344e-02 5.0183896e-02]",[0.57649416 0.18593125 0.00236548 0.23520915],[9.9999863e-01 1.3561873e-06],"[3.0284437e-07 2.0613086e-05 1.1001025e-02 5.3869945e-01 4.0309304e-01
 4.6123642e-02 1.0486534e-03 1.3239999e-05 1.3149598e-07]"
D:\Uni\Ulm\Master\Hiwi-Forschung-und-Lehre\FairFace\detected_faces\122711_face0.jpg,Middle Eastern,White,Male,30-39,"[5.3011324e-02 5.3974134e-03 3.0352488e-01 5.0333685e-05 3.8333805e-04
 5.1551778e-03 6.3247752e-01]",[0.89041924 0.05131117 0.00337213 0.05489748],[9.9997252e-01 2.7486565e-05],"[6.0316694e-07 1.1396110e-05 3.6466187e-03 4.0067413e-01 5.6172311e-01
 3.3431157e-02 4.9760565e-04 1.5114693e-05 2.2626051e-07]"
D:\Uni\Ulm\Master\Hiwi-Forschung-und-Lehre\FairFace\detected_faces\122810_face0.jpg,Latino_Hispanic,Indian,Male,30-39,"[5.4001648e-02 6.0299444e-03 8.1518507e-01 3.3058992e-04 1.8560966e-03
 6.9240056e-02 5.3356610e-02]",[0.24909018 0.06199641 0.02307412 0.66583925],[9.9996358e-01 3.6393525e-05],"[7.1591535e-06 6.0621111e-05 3.0787690e-03 1.6360329e-01 6.0696739e-01
 2.1592139e-01 1.0159513e-02 1.9838747e-04 3.6018573e-06]"
D:\Uni\Ulm\Master\Hiwi-Forschung-und-Lehre\FairFace\detected_faces\122848_face0.jpg,White,White,Male,30-39,"[5.6707698e-01 1.7592648e-02 2.0181772e-01 7.7305129e-05 5.0118309e-04
 6.5939333e-03 2.0634013e-01]",[0.8609957  0.0571868  0.0128237  0.06899376],[1.0000000e+00 2.6425674e-08],"[2.8290892e-06 3.0436975e-05 9.5441553e-04 2.9083580e-01 6.2333179e-01
 8.3430596e-02 1.3928440e-03 2.1032860e-05 2.0165258e-07]"
D:\Uni\Ulm\Master\Hiwi-Forschung-und-Lehre\FairFace\detected_faces\122951_face0.jpg,Latino_Hispanic,Black,Male,30-39,"[6.4866215e-02 3.1644378e-02 8.0350584e-01 1.4016316e-04 8.9027791e-04
 4.0186696e-02 5.8766376e-02]",[0.12683465 0.47686112 0.00409103 0.39221317],[9.9999714e-01 2.8591505e-06],"[1.77593222e-06 1.15254270e-05 2.35622702e-03 2.37297952e-01
 6.35548353e-01 1.21040784e-01 3.70907388e-03 3.40942534e-05
 2.84216611e-07]"
D:\Uni\Ulm\Master\Hiwi-Forschung-und-Lehre\FairFace\detected_faces\123166_face0.jpg,Black,Black,Male,20-29,"[1.7115693e-07 9.9999493e-01 3.7861416e-06 1.0279449e-08 1.2260438e-07
 6.8383378e-07 3.4421126e-07]",[1.5086151e-07 9.9999583e-01 3.2661708e-06 7.5227234e-07],[9.9998385e-01 1.6112301e-05],"[5.0905824e-06 3.1401620e-03 2.1769030e-01 7.1029466e-01 6.5627985e-02
 3.2112503e-03 2.9658029e-05 8.0705723e-07 6.5512147e-08]"
D:\Uni\Ulm\Master\Hiwi-Forschung-und-Lehre\FairFace\detected_faces\123189_face0.jpg,White,White,Male,30-39,"[9.3766832e-01 4.0820721e-04 3.1698242e-02 3.7568600e-05 9.6699296e-05
 1.7441732e-04 2.9916601e-02]",[9.9872905e-01 4.6426256e-04 5.4364459e-04 2.6304327e-04],[9.9999905e-01 8.8817609e-07],"[3.9788623e-07 1.9694010e-06 2.9653739e-04 2.7823031e-01 6.5115064e-01
 6.9116727e-02 1.1906212e-03 1.2679981e-05 1.2328834e-07]"
D:\Uni\Ulm\Master\Hiwi-Forschung-und-Lehre\FairFace\detected_faces\123207_face0.jpg,White,White,Male,20-29,"[7.4391890e-01 1.7913971e-04 6.3776135e-02 1.3273314e-04 3.3504513e-04
 3.5381541e-04 1.9130424e-01]",[9.9836355e-01 8.4136246e-04 5.5767456e-04 2.3736306e-04],[9.999996e-01 4.297604e-07],"[1.0501217e-07 4.9571609e-06 1.5071911e-03 6.0404044e-01 3.8604078e-01
 8.3746295e-03 3.1610583e-05 3.2700382e-07 3.6598320e-09]"
D:\Uni\Ulm\Master\Hiwi-Forschung-und-Lehre\FairFace\detected_faces\123208_face0.jpg,Black,Black,Male,30-39,"[0.00583932 0.6475599  0.17780471 0.00514276 0.08886878 0.06511695
 0.00966751]",[0.04645336 0.48051643 0.31018236 0.16284782],[0.9980428  0.00195717],"[3.4396762e-05 2.2511529e-04 3.0417242e-03 3.0663115e-01 6.3319808e-01
 5.6258436e-02 6.0057594e-04 9.8670153e-06 6.0172050e-07]"
D:\Uni\Ulm\Master\Hiwi-Forschung-und-Lehre\FairFace\detected_faces\123223_face0.jpg,Latino_Hispanic,White,Male,30-39,"[0.16574076 0.01082437 0.36777225 0.00038197 0.00269086 0.21245955
 0.24013023]",[0.47849962 0.22009388 0.00222384 0.29918262],[9.999921e-01 7.942006e-06],"[6.0048006e-07 8.0120881e-06 1.8022225e-04 2.3685700e-01 7.4187887e-01
 2.1042362e-02 3.2691671e-05 2.9208823e-07 3.6709058e-09]"
D:\Uni\Ulm\Master\Hiwi-Forschung-und-Lehre\FairFace\detected_faces\123228_face0.jpg,Middle Eastern,White,Male,30-39,"[0.17335063 0.00716722 0.36628944 0.00088724 0.00236075 0.06976917
 0.38017556]",[0.6097175  0.15517502 0.01049016 0.22461726],[9.9992937e-01 7.0622627e-05],"[1.6834712e-05 9.7289827e-05 6.8829267e-04 2.6086995e-01 6.9735342e-01
 4.0746119e-02 2.2253612e-04 5.4117831e-06 1.1241051e-07]"
D:\Uni\Ulm\Master\Hiwi-Forschung-und-Lehre\FairFace\detected_faces\123320_face0.jpg,White,White,Male,30-39,"[9.9991566e-01 1.5806248e-07 1.7223534e-05 9.4351613e-08 5.2853130e-07
 4.8082654e-07 6.5871980e-05]",[9.9993986e-01 2.1293463e-05 5.5064047e-06 3.3360317e-05],[9.9999964e-01 2.8342939e-07],"[1.9646732e-08 1.4740413e-06 4.5723768e-04 3.9961043e-01 5.8108360e-01
 1.8795401e-02 5.1528787e-05 2.6155726e-07 6.2292513e-09]"
D:\Uni\Ulm\Master\Hiwi-Forschung-und-Lehre\FairFace\detected_faces\123388_face0.jpg,Black,Black,Male,20-29,"[1.5998659e-05 9.9958044e-01 3.2914054e-04 6.9854451e-08 1.5481336e-06
 6.9846342e-06 6.5809487e-05]",[1.4124323e-06 9.9999589e-01 1.1662374e-06 1.5761240e-06],[9.9999994e-01 3.2408987e-08],"[1.8991943e-07 2.1077543e-05 8.7429164e-03 8.1265908e-01 1.7303872e-01
 5.4800529e-03 5.6261590e-05 1.5700365e-06 6.4470093e-08]"
D:\Uni\Ulm\Master\Hiwi-Forschung-und-Lehre\FairFace\detected_faces\123399_face0.jpg,Black,Black,Male,30-39,"[1.5973825e-05 9.9961370e-01 3.3146254e-04 1.6895269e-08 2.1214882e-07
 2.7028676e-05 1.1676106e-05]",[1.4615356e-05 9.9991709e-01 9.0256515e-07 6.7338915e-05],[9.9999976e-01 2.4526349e-07],"[5.3377738e-07 6.5882450e-06 9.2509895e-04 1.9854471e-01 5.6505597e-01
 2.2076061e-01 1.4194252e-02 5.0116814e-04 1.1005155e-05]"
D:\Uni\Ulm\Master\Hiwi-Forschung-und-Lehre\FairFace\detected_faces\123682_face0.jpg,White,White,Male,20-29,"[9.9996620e-01 5.8473724e-08 1.0387938e-06 1.6613518e-08 8.9970875e-08
 1.4912862e-08 3.2482363e-05]",[9.9997127e-01 1.3019466e-05 1.0395866e-05 5.3947242e-06],[9.9999994e-01 1.2802279e-07],"[1.0000888e-08 4.2434417e-06 7.3787686e-03 7.5403154e-01 2.2397584e-01
 1.4447088e-02 1.6016874e-04 2.2692461e-06 3.8841645e-08]"
D:\Uni\Ulm\Master\Hiwi-Forschung-und-Lehre\FairFace\detected_faces\123689_face0.jpg,White,White,Male,20-29,"[6.0203898e-01 2.8627955e-03 2.9963404e-01 1.9683286e-04 1.2655050e-03
 6.3683593e-04 9.3364947e-02]",[0.63933724 0.3378322  0.00086158 0.02196901],[9.999749e-01 2.511667e-05],"[3.0367977e-07 1.1409337e-04 2.2309517e-02 7.0104617e-01 2.6689544e-01
 9.5577091e-03 7.5857824e-05 8.3623797e-07 1.6964311e-08]"
D:\Uni\Ulm\Master\Hiwi-Forschung-und-Lehre\FairFace\detected_faces\123717_face0.jpg,White,White,Male,30-39,"[6.0025841e-01 3.6819340e-05 3.8824338e-02 2.4722645e-05 1.2798967e-04
 7.5366832e-03 3.5319105e-01]",[9.9467516e-01 8.5645233e-06 5.3390060e-05 5.2629691e-03],[9.999347e-01 6.529269e-05],"[5.8966089e-05 4.6952697e-04 1.5074086e-02 3.9571279e-01 4.2816877e-01
 1.5470836e-01 5.5108769e-03 2.8818162e-04 8.4169342e-06]"
D:\Uni\Ulm\Master\Hiwi-Forschung-und-Lehre\FairFace\detected_faces\123773_face0.jpg,Black,Black,Male,30-39,"[0.01054861 0.452299   0.20818342 0.00197773 0.02138653 0.00649322
 0.2991115 ]",[7.0242834e-04 9.9028361e-01 3.1055384e-03 5.9084166e-03],[9.9996328e-01 3.6754973e-05],"[2.6726127e-06 1.6499263e-04 1.2502217e-02 4.3616349e-01 5.0000083e-01
 5.0037935e-02 1.1056572e-03 2.1800970e-05 4.2474005e-07]"
D:\Uni\Ulm\Master\Hiwi-Forschung-und-Lehre\FairFace\detected_faces\123778_face0.jpg,White,White,Male,30-39,"[9.9890488e-01 2.1038761e-07 5.8544880e-05 1.9869951e-06 5.6445210e-06
 1.2730534e-06 1.0274547e-03]",[9.9988955e-01 2.5165922e-05 1.6144188e-05 6.9135720e-05],[9.9999684e-01 3.1306829e-06],"[2.6455081e-07 1.2794477e-05 1.0835412e-03 3.1788918e-01 6.5065444e-01
 3.0255780e-02 1.0331588e-04 6.4732274e-07 2.1579913e-08]"
D:\Uni\Ulm\Master\Hiwi-Forschung-und-Lehre\FairFace\detected_faces\123805_face0.jpg,White,White,Male,30-39,"[9.9957746e-01 2.3892781e-07 2.6097157e-05 2.4816229e-06 4.3798264e-06
 3.0928405e-07 3.8908672e-04]",[9.9963385e-01 2.6521055e-04 2.0562977e-05 8.0443511e-05],[9.9999946e-01 5.1140927e-07],"[5.6011913e-06 5.5002482e-05 2.5624617e-03 2.7894664e-01 6.5254372e-01
 6.5118395e-02 7.5637508e-04 1.1527124e-05 2.4464603e-07]"
D:\Uni\Ulm\Master\Hiwi-Forschung-und-Lehre\FairFace\detected_faces\123865_face0.jpg,White,White,Male,20-29,"[9.9566191e-01 1.2324470e-04 9.7008393e-04 1.2861803e-05 4.3441145e-05
 1.9468764e-05 3.1689520e-03]",[9.9622869e-01 1.9391440e-03 6.4144284e-04 1.1906712e-03],[9.9999988e-01 1.2700652e-07],"[2.5102088e-06 5.2079642e-05 1.8838017e-03 6.6543567e-01 3.2253414e-01
 9.9489996e-03 1.3710419e-04 5.4786860e-06 1.7213634e-07]"
D:\Uni\Ulm\Master\Hiwi-Forschung-und-Lehre\FairFace\detected_faces\123875_face0.jpg,White,White,Male,30-39,"[9.9116081e-01 1.9710837e-03 5.2365600e-03 2.9508230e-06 1.1409871e-05
 2.6323722e-04 1.3539825e-03]",[9.5325726e-01 4.4637747e-02 2.4829342e-04 1.8567601e-03],[9.9999779e-01 2.1982637e-06],"[1.1075537e-06 1.6092004e-05 3.5099027e-04 1.8595541e-01 7.5154310e-01
 6.1211642e-02 9.1316813e-04 8.2206034e-06 2.3592696e-07]"
D:\Uni\Ulm\Master\Hiwi-Forschung-und-Lehre\FairFace\detected_faces\123906_face0.jpg,Latino_Hispanic,Indian,Male,20-29,"[0.03627669 0.00979151 0.89636755 0.00207246 0.02106413 0.02160146
 0.01282616]",[0.13099273 0.1043574  0.37701336 0.3876365 ],[9.9999863e-01 1.3978062e-06],"[1.1478892e-06 2.0297026e-05 1.3212968e-03 5.7517481e-01 4.1296694e-01
 1.0469139e-02 4.5563251e-05 7.2983897e-07 9.4784749e-09]"
D:\Uni\Ulm\Master\Hiwi-Forschung-und-Lehre\FairFace\detected_faces\123915_face0.jpg,Middle Eastern,White,Male,20-29,"[4.3764928e-01 1.9563978e-04 6.3764621e-03 7.5419075e-07 5.2220948e-06
 9.2003720e-05 5.5568063e-01]",[9.9093819e-01 4.2287763e-03 1.2984799e-04 4.7032223e-03],[9.9999964e-01 3.1601678e-07],"[1.1617833e-07 2.8958128e-05 3.6403835e-03 8.2499498e-01 1.6980071e-01
 1.5321599e-03 2.6825944e-06 3.0202596e-08 4.3287610e-10]"
D:\Uni\Ulm\Master\Hiwi-Forschung-und-Lehre\FairFace\detected_faces\88169_face0.jpg,Middle Eastern,White,Male,30-39,"[2.0394041e-01 5.6214957e-04 1.2356822e-02 1.0663520e-05 1.0663538e-04
 8.5607963e-04 7.8216720e-01]",[9.8599410e-01 5.3143804e-03 7.6069182e-04 7.9308068e-03],[9.9999273e-01 7.3009596e-06],"[3.0944459e-06 2.6792922e-04 9.4580427e-03 4.7407937e-01 4.9358958e-01
 2.2430597e-02 1.6877580e-04 2.5415941e-06 5.3785637e-08]"
D:\Uni\Ulm\Master\Hiwi-Forschung-und-Lehre\FairFace\detected_faces\88431_face0.jpg,White,White,Male,30-39,"[5.1100934e-01 3.5127124e-04 1.0394716e-01 2.0216256e-04 3.5564986e-04
 9.7916722e-03 3.7434274e-01]",[9.9649268e-01 2.5209546e-04 6.5632252e-04 2.5988868e-03],[9.9977088e-01 2.2911397e-04],"[9.17760553e-06 8.20656351e-05 7.34463392e-04 2.03422114e-01
 6.99867547e-01 9.48085859e-02 1.06308493e-03 1.27514595e-05
 2.25798686e-07]"
D:\Uni\Ulm\Master\Hiwi-Forschung-und-Lehre\FairFace\detected_faces\88471_face0.jpg,White,White,Male,30-39,"[9.9581289e-01 4.9418077e-07 3.2016306e-04 1.3520106e-07 9.3564319e-07
 4.1614370e-05 3.8238363e-03]",[9.9991918e-01 3.0904598e-06 2.2865045e-06 7.5459604e-05],[9.9998879e-01 1.1218647e-05],"[1.1627364e-07 1.0434630e-06 1.6845566e-04 8.5949816e-02 6.2289745e-01
 2.8412944e-01 6.8277800e-03 2.5414549e-05 4.4553798e-07]"
D:\Uni\Ulm\Master\Hiwi-Forschung-und-Lehre\FairFace\detected_faces\88494_face0.jpg,White,White,Male,20-29,"[9.5532644e-01 1.5199681e-04 4.5076795e-03 8.9911218e-06 2.3557233e-05
 4.5805438e-05 3.9935485e-02]",[9.9567014e-01 3.4932322e-03 9.8135948e-05 7.3845591e-04],[9.9999750e-01 2.4725741e-06],"[7.5524207e-07 5.1240811e-05 5.7054292e-03 8.0841309e-01 1.8226583e-01
 3.5355529e-03 2.7306558e-05 8.5100453e-07 1.6091130e-08]"
D:\Uni\Ulm\Master\Hiwi-Forschung-und-Lehre\FairFace\detected_faces\88528_face0.jpg,White,White,Male,30-39,"[9.9822199e-01 1.6148574e-06 8.0507525e-05 1.0031619e-06 2.8779098e-06
 3.4204325e-07 1.6916293e-03]",[9.9989218e-01 2.1035836e-05 6.9443151e-05 1.7295966e-05],[1.000000e+00 5.009669e-08],"[2.2645338e-08 5.9167269e-07 2.7852372e-04 2.5609490e-01 6.9021863e-01
 5.2958123e-02 4.4409640e-04 5.0536146e-06 4.4997080e-08]"
D:\Uni\Ulm\Master\Hiwi-Forschung-und-Lehre\FairFace\detected_faces\88625_face0.jpg,White,White,Male,20-29,"[9.9690485e-01 5.8458672e-06 2.9038242e-04 5.0387458e-05 9.4591429e-05
 1.0327823e-05 2.6436313e-03]",[9.9957013e-01 8.1069746e-05 3.1891221e-04 2.9942099e-05],[9.999994e-01 6.320210e-07],"[5.8993646e-08 4.7244907e-06 1.2551496e-03 5.6654227e-01 4.2569315e-01
 6.4770416e-03 2.7372409e-05 1.7169546e-07 4.7685682e-09]"
D:\Uni\Ulm\Master\Hiwi-Forschung-und-Lehre\FairFace\detected_faces\88645_face0.jpg,White,White,Male,30-39,"[9.5152694e-01 1.8661842e-04 7.5324234e-03 1.1995176e-05 6.8636633e-05
 5.1544685e-05 4.0621839e-02]",[9.9850279e-01 1.3922605e-03 6.2636973e-05 4.2275773e-05],[9.9999923e-01 7.4511183e-07],"[5.0745092e-07 3.2697792e-06 6.6563790e-04 3.2362172e-01 6.3959259e-01
 3.5760105e-02 3.5134144e-04 4.7490421e-06 1.0117805e-07]"
D:\Uni\Ulm\Master\Hiwi-Forschung-und-Lehre\FairFace\detected_faces\88697_face0.jpg,Black,Black,Male,30-39,"[1.9477313e-05 9.9995375e-01 4.6879800e-06 6.3870324e-08 3.7758235e-07
 2.1461936e-05 1.3071919e-07]",[3.1890183e-06 9.9998569e-01 2.2512409e-06 8.8961497e-06],[0.99859035 0.00140967],"[1.3396530e-07 3.2308149e-06 7.0549309e-04 1.8375997e-01 4.7855240e-01
 2.7452004e-01 6.1140407e-02 1.2349879e-03 8.3334548e-05]"
D:\Uni\Ulm\Master\Hiwi-Forschung-und-Lehre\FairFace\detected_faces\88857_face0.jpg,White,White,Male,30-39,"[9.7608370e-01 1.4450439e-04 3.8984697e-03 1.4112997e-05 2.3190949e-05
 3.0028500e-04 1.9535765e-02]",[9.9616742e-01 1.2278932e-03 1.8904095e-04 2.4156177e-03],[9.9999857e-01 1.4148328e-06],"[2.0191113e-07 1.0823425e-05 1.6197336e-03 4.6003407e-01 5.1071936e-01
 2.7265335e-02 3.4763705e-04 2.8050461e-06 6.8617453e-08]"
D:\Uni\Ulm\Master\Hiwi-Forschung-und-Lehre\FairFace\detected_faces\88859_face0.jpg,White,White,Male,30-39,"[9.0163851e-01 1.3525141e-03 3.1427931e-02 2.4053563e-05 5.7012585e-05
 4.8004385e-04 6.5019943e-02]",[9.9862486e-01 1.1645650e-03 2.9664210e-05 1.8089121e-04],[9.9999803e-01 2.0202669e-06],"[1.6394248e-06 7.1986419e-06 1.7535813e-04 4.7809295e-02 5.5444455e-01
 3.8049513e-01 1.6804440e-02 2.5933620e-04 3.0039689e-06]"
D:\Uni\Ulm\Master\Hiwi-Forschung-und-Lehre\FairFace\detected_faces\89510_face0.jpg,Middle Eastern,White,Male,30-39,"[1.8983702e-01 5.8855448e-04 9.4474316e-02 2.5520972e-05 8.5934356e-05
 4.0323162e-03 7.1095628e-01]",[9.7825223e-01 6.8722136e-04 1.1738553e-03 1.9886751e-02],[9.999656e-01 3.443637e-05],"[2.1346592e-05 1.0855649e-04 1.7560516e-03 8.6960562e-02 5.9512740e-01
 3.0064192e-01 1.5221251e-02 1.6082817e-04 2.0743892e-06]"
D:\Uni\Ulm\Master\Hiwi-Forschung-und-Lehre\FairFace\detected_faces\89713_face0.jpg,White,White,Male,30-39,"[9.82399821e-01 4.61869262e-04 6.30403589e-03 1.82840682e-04
 5.44602401e-04 7.13760965e-05 1.00354655e-02]",[9.8198253e-01 1.6209438e-02 9.3622762e-04 8.7184412e-04],[1.000000e+00 4.555504e-08],"[5.0944226e-07 1.7969825e-05 1.8586117e-03 3.3868563e-01 6.2073708e-01
 3.8275830e-02 4.2131159e-04 3.0553131e-06 3.2190279e-08]"
D:\Uni\Ulm\Master\Hiwi-Forschung-und-Lehre\FairFace\detected_faces\89894_face0.jpg,White,White,Male,30-39,"[9.9922484e-01 2.7935693e-07 1.2969838e-04 2.0614209e-06 3.5975991e-06
 6.6701909e-06 6.3294725e-04]",[9.9919498e-01 5.6749308e-05 3.2291358e-04 4.2545711e-04],[9.9999154e-01 8.4475469e-06],"[2.2032100e-07 1.3067721e-06 4.0941075e-05 3.8740017e-02 8.1904733e-01
 1.4149353e-01 6.7496410e-04 1.7475304e-06 2.8243885e-08]"
D:\Uni\Ulm\Master\Hiwi-Forschung-und-Lehre\FairFace\detected_faces\90121_face0.jpg,White,White,Male,30-39,"[8.55748236e-01 8.63132227e-05 3.90569419e-02 3.19000246e-05
 1.70816231e-04 1.22710189e-03 1.03678785e-01]",[9.910880e-01 7.781007e-04 7.041829e-04 7.429721e-03],[9.9981838e-01 1.8161496e-04],"[2.0600702e-08 3.2787563e-07 3.7964509e-04 2.4509397e-01 7.0438552e-01
 4.9686622e-02 4.4936853e-04 4.4290364e-06 8.3767461e-08]"
D:\Uni\Ulm\Master\Hiwi-Forschung-und-Lehre\FairFace\detected_faces\90168_face0.jpg,White,White,Male,20-29,"[9.8819971e-01 1.9999175e-06 2.6807012e-03 2.6762898e-05 7.8814497e-05
 6.7127665e-05 8.9448718e-03]",[9.9570143e-01 5.3831562e-05 3.5280649e-05 4.2095333e-03],[9.999952e-01 4.802215e-06],"[2.5184564e-08 1.2322492e-05 1.2289346e-02 9.0642959e-01 8.0278762e-02
 9.8521879e-04 4.7278199e-06 4.2474745e-08 1.0515447e-09]"
D:\Uni\Ulm\Master\Hiwi-Forschung-und-Lehre\FairFace\detected_faces\91046_face0.jpg,White,White,Male,20-29,"[8.6338913e-01 3.0272844e-04 2.2879759e-02 2.9977626e-05 1.2741642e-04
 4.0559203e-04 1.1286537e-01]",[9.9339581e-01 5.5600181e-03 1.2512431e-04 9.1905612e-04],[9.9999982e-01 1.3947484e-07],"[3.2050369e-07 3.2891927e-05 4.7267154e-03 8.0228901e-01 1.9105558e-01
 1.8913592e-03 4.0396844e-06 3.5693429e-08 5.9010252e-10]"
D:\Uni\Ulm\Master\Hiwi-Forschung-und-Lehre\FairFace\detected_faces\91047_face0.jpg,Latino_Hispanic,White,Male,30-39,"[0.07730883 0.22287697 0.6490594  0.00182599 0.00826654 0.02610441
 0.0145578 ]",[0.7578945  0.16037616 0.01373163 0.06799763],[9.9997759e-01 2.2399267e-05],"[4.20819197e-06 3.12610900e-05 4.57080605e-04 1.16562694e-01
 7.84788549e-01 9.70809907e-02 1.06645771e-03 8.59381544e-06
 1.57718645e-07]"
D:\Uni\Ulm\Master\Hiwi-Forschung-und-Lehre\FairFace\detected_faces\91493_face0.jpg,White,White,Male,20-29,"[9.6707386e-01 2.2425709e-05 1.6657781e-02 6.2168474e-05 2.3680089e-04
 1.1583389e-04 1.5831139e-02]",[9.9775273e-01 1.1016765e-03 5.9303176e-04 5.5257668e-04],[9.999999e-01 9.512249e-08],"[4.5498001e-09 4.3337018e-06 6.3279420e-02 9.0573353e-01 3.0751191e-02
 2.3117730e-04 4.2120669e-07 4.6584279e-09 4.1469325e-11]"
D:\Uni\Ulm\Master\Hiwi-Forschung-und-Lehre\FairFace\detected_faces\91984_face0.jpg,White,White,Male,20-29,"[9.9986917e-01 2.7908698e-07 2.2947468e-05 3.2447576e-07 1.1773961e-06
 1.2138992e-07 1.0597299e-04]",[9.9959403e-01 3.6663303e-04 3.3532120e-05 5.7880970e-06],[9.9999630e-01 3.6887277e-06],"[1.7956085e-08 3.9355214e-06 2.9279275e-03 6.8756419e-01 3.0324376e-01
 6.2331771e-03 2.6797607e-05 1.9000899e-07 4.1438062e-09]"
D:\Uni\Ulm\Master\Hiwi-Forschung-und-Lehre\FairFace\detected_faces\93796_face0.jpg,Latino_Hispanic,Black,Male,20-29,"[1.0522244e-01 6.2528268e-02 7.9954469e-01 2.2846336e-05 2.2570376e-04
 5.9864190e-03 2.6469460e-02]",[0.17285448 0.5986182  0.00858501 0.21994233],[9.9999964e-01 3.5024848e-07],"[3.0716950e-07 3.2461717e-06 4.7775190e-03 5.8930886e-01 3.5943234e-01
 4.3669865e-02 2.7629202e-03 4.4621611e-05 3.5783927e-07]"
D:\Uni\Ulm\Master\Hiwi-Forschung-und-Lehre\FairFace\detected_faces\93868_face0.jpg,White,White,Male,20-29,"[9.7296131e-01 2.1883489e-04 1.5077953e-03 5.7699699e-03 1.1817633e-02
 9.3336203e-05 7.6310476e-03]",[0.9641246  0.00413195 0.0301475  0.00159585],[0.9932781 0.0067219],"[5.4151297e-07 1.5527032e-05 1.7431289e-02 6.4448988e-01 2.4608755e-01
 7.5323582e-02 1.5507019e-02 1.0544144e-03 9.0197653e-05]"
D:\Uni\Ulm\Master\Hiwi-Forschung-und-Lehre\FairFace\detected_faces\93870_face0.jpg,Black,Black,Male,30-39,"[6.4371014e-04 8.4059238e-01 1.2324930e-02 9.6113286e-07 3.7320780e-05
 1.1265529e-02 1.3513516e-01]",[1.5863152e-04 9.9449182e-01 2.0097124e-05 5.3294841e-03],[9.9999195e-01 8.0030941e-06],"[4.76263813e-06 1.17077354e-04 4.70413035e-03 2.82649308e-01
 6.57755792e-01 5.45187294e-02 2.46889773e-04 3.26303416e-06
 7.17631750e-08]"
D:\Uni\Ulm\Master\Hiwi-Forschung-und-Lehre\FairFace\detected_faces\93885_face0.jpg,Black,Black,Male,30-39,"[1.0599201e-06 9.9996650e-01 2.1174148e-05 2.3077956e-08 6.9138690e-07
 6.2082172e-06 4.4025019e-06]",[6.5501541e-07 9.9999148e-01 9.0353961e-07 6.9384478e-06],[9.9997735e-01 2.2619528e-05],"[3.9668885e-06 1.7944220e-04 7.9557532e-03 4.2539874e-01 5.0991064e-01
 5.5877943e-02 6.6066405e-04 1.1857443e-05 9.8203770e-07]"
D:\Uni\Ulm\Master\Hiwi-Forschung-und-Lehre\FairFace\detected_faces\94002_face0.jpg,White,White,Male,30-39,"[9.2028636e-01 1.2401233e-02 5.8462352e-02 1.2715093e-03 5.5462234e-03
 1.8020096e-04 1.8520266e-03]",[0.9318311  0.04704866 0.02007116 0.00104899],[9.9999893e-01 1.0840256e-06],"[1.6890905e-05 1.2347809e-04 9.7088227e-03 3.3306623e-01 3.7457377e-01
 1.9980219e-01 7.8016222e-02 4.5748800e-03 1.1758503e-04]"
D:\Uni\Ulm\Master\Hiwi-Forschung-und-Lehre\FairFace\detected_faces\94099_face0.jpg,White,White,Male,30-39,"[9.9885803e-01 8.4569438e-06 1.5183885e-04 1.7310558e-07 1.4268822e-06
 6.7170013e-06 9.7336923e-04]",[9.9971879e-01 9.9520839e-05 9.5868118e-06 1.7212272e-04],[9.9999994e-01 7.6900427e-08],"[1.5394777e-09 6.3363906e-08 5.2599753e-05 3.2979292e-01 6.5366572e-01
 1.6439153e-02 4.9296472e-05 2.1856053e-07 6.3486478e-09]"
D:\Uni\Ulm\Master\Hiwi-Forschung-und-Lehre\FairFace\detected_faces\94234_face0.jpg,White,White,Male,20-29,"[8.8263524e-01 7.1167597e-06 1.1885360e-02 4.0422317e-05 5.4955934e-05
 1.6079379e-04 1.0521608e-01]",[9.9866718e-01 9.2324830e-04 6.0281352e-05 3.4932411e-04],[9.9999762e-01 2.3598575e-06],"[7.7560607e-08 5.0489371e-06 7.4598161e-03 6.9901931e-01 2.8674743e-01
 6.7483764e-03 1.9883864e-05 1.1792444e-07 1.4974486e-09]"
D:\Uni\Ulm\Master\Hiwi-Forschung-und-Lehre\FairFace\detected_faces\94255_face0.jpg,White,White,Male,20-29,"[9.5189047e-01 1.9396355e-05 4.3105494e-04 2.9697679e-07 1.1953108e-06
 3.8177164e-05 4.7619428e-02]",[9.9990839e-01 3.6099784e-05 2.5183951e-06 5.2985357e-05],[9.999970e-01 2.915856e-06],"[2.5029536e-07 1.1250383e-05 1.5574694e-03 7.7635354e-01 2.2048254e-01
 1.5913185e-03 3.5879718e-06 4.3659426e-08 1.2499601e-09]"
D:\Uni\Ulm\Master\Hiwi-Forschung-und-Lehre\FairFace\detected_faces\94271_face0.jpg,Latino_Hispanic,Black,Male,20-29,"[0.01765478 0.15219767 0.722205   0.00075553 0.02123353 0.03930487
 0.0466487 ]",[0.01660331 0.81796014 0.00815952 0.15727709],[9.9999714e-01 2.8876136e-06],"[3.1198348e-07 5.5850055e-06 6.8272757e-03 7.9914594e-01 1.8870609e-01
 5.2614254e-03 5.1276245e-05 2.0839252e-06 6.0662487e-08]"
D:\Uni\Ulm\Master\Hiwi-Forschung-und-Lehre\FairFace\detected_faces\94283_face0.jpg,White,White,Male,30-39,"[0.5925114  0.00132854 0.22410753 0.00068547 0.00150067 0.01712964
 0.1627367 ]",[0.8558904  0.02128177 0.00960347 0.11322436],[9.9975818e-01 2.4178103e-04],"[1.6466083e-06 3.7552014e-05 2.0165001e-03 4.4577333e-01 5.3033501e-01
 2.1704119e-02 1.3055932e-04 1.2281565e-06 3.1078478e-08]"
D:\Uni\Ulm\Master\Hiwi-Forschung-und-Lehre\FairFace\detected_faces\94286_face0.jpg,White,White,Male,20-29,"[9.6640110e-01 1.1287658e-04 2.6400076e-02 5.4591641e-05 1.6668979e-04
 7.5714343e-05 6.7889453e-03]",[9.9944675e-01 1.9581807e-04 1.5207789e-04 2.0537712e-04],[9.9997193e-01 2.8027576e-05],"[1.9175978e-07 4.3999138e-05 2.3951180e-02 7.0400095e-01 2.6091892e-01
 1.1014646e-02 6.9168491e-05 9.3979588e-07 2.1869257e-08]"
D:\Uni\Ulm\Master\Hiwi-Forschung-und-Lehre\FairFace\detected_faces\94300_face0.jpg,White,White,Male,20-29,"[9.1194201e-01 4.3065011e-05 7.7074505e-02 5.1888172e-04 1.4241922e-03
 9.6097050e-05 8.9013753e-03]",[9.9850428e-01 7.3968542e-05 1.2534765e-03 1.6826768e-04],[9.9999994e-01 9.7351048e-08],"[1.2216120e-06 1.5673858e-04 1.7033156e-02 7.3950583e-01 2.3969835e-01
 3.5846273e-03 1.9719511e-05 2.9033652e-07 2.7912950e-09]"
D:\Uni\Ulm\Master\Hiwi-Forschung-und-Lehre\FairFace\detected_faces\94312_face0.jpg,White,White,Male,40-49,"[9.3595684e-01 1.6689225e-04 4.8811629e-02 1.0089779e-04 7.2375929e-04
 1.6635905e-03 1.2576385e-02]",[0.99329543 0.00181311 0.00144013 0.00345135],[9.9999976e-01 2.1445220e-07],"[6.3882103e-06 4.8175792e-05 7.5811474e-04 2.5515391e-02 4.0403262e-01
 5.1116729e-01 5.7938613e-02 5.2845053e-04 5.0118788e-06]"
D:\Uni\Ulm\Master\Hiwi-Forschung-und-Lehre\FairFace\detected_faces\94411_face0.jpg,White,White,Male,30-39,"[9.6760869e-01 7.1923547e-05 3.5898583e-03 4.6901783e-05 1.3284631e-04
 1.4608697e-04 2.8403744e-02]",[9.9882227e-01 8.5328138e-05 9.3498838e-04 1.5738374e-04],[9.9998933e-01 1.0702314e-05],"[2.7983490e-06 1.4822887e-05 5.7980570e-04 1.3011241e-01 7.0640928e-01
 1.5953685e-01 3.2956058e-03 4.6920453e-05 1.5703152e-06]"
D:\Uni\Ulm\Master\Hiwi-Forschung-und-Lehre\FairFace\detected_faces\94527_face0.jpg,White,White,Male,30-39,"[9.0282261e-01 3.8936904e-03 4.8624855e-02 1.1125311e-05 5.0518382e-05
 1.8838854e-04 4.4408783e-02]",[9.5927137e-01 4.0161952e-02 1.0386734e-04 4.6282195e-04],[9.9999893e-01 1.1106997e-06],"[1.0702551e-07 2.4941776e-06 6.5976701e-04 4.0684980e-01 5.7056057e-01
 2.1799879e-02 1.2547996e-04 1.8441549e-06 1.9126187e-08]"
D:\Uni\Ulm\Master\Hiwi-Forschung-und-Lehre\FairFace\detected_faces\94539_face0.jpg,White,White,Male,30-39,"[9.7383142e-01 2.2897650e-04 1.0246559e-02 2.8032744e-05 1.7447650e-04
 6.9619789e-05 1.5420940e-02]",[9.7678798e-01 2.0414490e-02 3.7831295e-04 2.4192738e-03],[1.0000000e+00 1.7092829e-09],"[4.7018537e-07 3.1939278e-05 2.2407931e-03 4.6441063e-01 4.9793237e-01
 3.4858469e-02 5.1721116e-04 8.0555465e-06 7.9906698e-08]"
D:\Uni\Ulm\Master\Hiwi-Forschung-und-Lehre\FairFace\detected_faces\94548_face0.jpg,White,White,Male,20-29,"[9.8165983e-01 2.0445336e-06 5.0142566e-03 8.6830987e-06 1.5565298e-05
 6.5655426e-05 1.3233955e-02]",[9.9994904e-01 2.2367133e-06 2.8422111e-05 2.0149493e-05],[9.9997914e-01 2.0812860e-05],"[1.2751488e-08 3.9352790e-06 2.2122685e-02 9.2299819e-01 5.4520421e-02
 3.5411687e-04 6.6111318e-07 6.8043158e-09 1.3542971e-10]"
D:\Uni\Ulm\Master\Hiwi-Forschung-und-Lehre\FairFace\detected_faces\94562_face0.jpg,Middle Eastern,White,Male,20-29,"[7.2907530e-02 9.8868751e-04 7.4034363e-02 3.9829101e-05 1.9271513e-04
 9.0148309e-03 8.4282202e-01]",[9.8520720e-01 6.3067609e-03 9.5914426e-04 7.5269374e-03],[9.999090e-01 9.105554e-05],"[1.1696037e-06 1.3667606e-04 7.7230888e-03 5.7296497e-01 4.1116345e-01
 7.9860557e-03 2.4374789e-05 2.5220845e-07 4.2853521e-09]"
D:\Uni\Ulm\Master\Hiwi-Forschung-und-Lehre\FairFace\detected_faces\94665_face0.jpg,White,White,Male,20-29,"[9.9414736e-01 6.4387418e-06 1.0651195e-03 4.7519908e-04 4.9720699e-04
 1.6214575e-06 3.8070898e-03]",[9.9814141e-01 3.6959225e-04 1.4780965e-03 1.0886196e-05],[9.999993e-01 6.776645e-07],"[1.5177378e-08 2.3802340e-06 1.1892529e-02 8.6441904e-01 1.2161576e-01
 2.0478102e-03 2.2020811e-05 3.2611305e-07 4.4206701e-09]"
D:\Uni\Ulm\Master\Hiwi-Forschung-und-Lehre\FairFace\detected_faces\94668_face0.jpg,Middle Eastern,Indian,Male,30-39,"[2.6497608e-03 4.7200541e-03 2.4497252e-02 1.9390454e-05 1.3395133e-04
 3.3238310e-02 9.3474132e-01]",[0.07688545 0.17861848 0.00523786 0.73925817],[9.9999243e-01 7.6125589e-06],"[9.3249264e-06 3.9609964e-05 2.2260165e-04 4.4709250e-02 6.1369169e-01
 3.3692989e-01 4.3565370e-03 4.0365056e-05 7.4471563e-07]"
D:\Uni\Ulm\Master\Hiwi-Forschung-und-Lehre\FairFace\detected_faces\94671_face0.jpg,White,White,Male,20-29,"[9.9931800e-01 5.3740823e-06 1.9537173e-04 1.0149231e-05 2.1733731e-05
 3.4002928e-06 4.4589938e-04]",[9.9985898e-01 7.1219059e-05 6.2152125e-05 7.6643191e-06],[9.9998868e-01 1.1339133e-05],"[7.3748174e-07 5.4595155e-05 4.2752880e-03 6.4344591e-01 3.4646699e-01
 5.7337214e-03 2.2597998e-05 1.6859413e-07 9.4075521e-09]"
D:\Uni\Ulm\Master\Hiwi-Forschung-und-Lehre\FairFace\detected_faces\94726_face0.jpg,White,White,Male,20-29,"[9.9970490e-01 6.6654543e-06 4.2251253e-05 7.0337342e-06 8.8037923e-06
 2.9273895e-07 2.3006654e-04]",[9.9974489e-01 1.1662963e-04 1.3241982e-04 6.0687062e-06],[9.999994e-01 5.668281e-07],"[8.7828818e-07 9.7360295e-05 2.1171916e-02 8.3745581e-01 1.3795234e-01
 3.2608255e-03 5.9693586e-05 1.0893863e-06 2.5717462e-08]"
D:\Uni\Ulm\Master\Hiwi-Forschung-und-Lehre\FairFace\detected_faces\94743_face0.jpg,White,White,Male,20-29,"[6.7961282e-01 1.8514010e-04 4.5269910e-02 8.1495877e-05 1.8481676e-04
 4.7064066e-04 2.7419510e-01]",[9.9445504e-01 1.1600381e-03 9.3587104e-04 3.4489520e-03],[9.9999964e-01 3.8021579e-07],"[1.8813756e-08 6.2803196e-07 7.8035553e-04 6.4360178e-01 3.5336643e-01
 2.2473421e-03 3.4967798e-06 3.8640817e-08 4.9139381e-10]"
D:\Uni\Ulm\Master\Hiwi-Forschung-und-Lehre\FairFace\detected_faces\94752_face0.jpg,White,White,Male,30-39,"[9.9982470e-01 5.1513803e-06 4.6517940e-05 5.6120925e-08 3.3385649e-07
 1.8140545e-06 1.2145086e-04]",[9.9955940e-01 3.9416083e-04 1.2910847e-05 3.3554261e-05],[1.0000000e+00 2.4496739e-08],"[3.9211564e-08 2.6345026e-07 4.4910281e-05 1.1957769e-01 7.1934307e-01
 1.5704606e-01 3.9404733e-03 4.5808156e-05 1.6585275e-06]"
D:\Uni\Ulm\Master\Hiwi-Forschung-und-Lehre\FairFace\detected_faces\94758_face0.jpg,White,White,Male,30-39,"[9.9979103e-01 1.3359815e-07 9.7012335e-06 2.6619341e-08 8.7788898e-08
 8.1853250e-07 1.9824202e-04]",[9.9997002e-01 1.2288151e-06 1.8474071e-06 2.6906875e-05],[9.9999690e-01 3.1424804e-06],"[1.5384311e-08 8.3597439e-07 6.7758310e-04 3.5854739e-01 5.8094132e-01
 5.9199069e-02 6.3109351e-04 2.6967032e-06 4.2976264e-08]"
D:\Uni\Ulm\Master\Hiwi-Forschung-und-Lehre\FairFace\detected_faces\94781_face0.jpg,White,White,Male,20-29,"[9.9803853e-01 5.8188634e-06 5.2292808e-04 7.2101575e-06 2.3668212e-05
 1.5529237e-06 1.4002348e-03]",[9.9542117e-01 4.2159869e-03 2.1625865e-04 1.4655596e-04],[9.9999392e-01 6.0802804e-06],"[8.81013928e-09 2.55326358e-06 1.45916594e-02 8.66420746e-01
 1.16398245e-01 2.56970921e-03 1.68097977e-05 2.06737226e-07
 4.64540362e-09]"
D:\Uni\Ulm\Master\Hiwi-Forschung-und-Lehre\FairFace\detected_faces\94841_face0.jpg,White,White,Male,20-29,"[9.8776776e-01 5.0576159e-07 9.0254087e-04 7.4063942e-06 2.3423430e-05
 1.7672015e-05 1.1280740e-02]",[9.9874896e-01 4.9380858e-05 7.2413892e-04 4.7748437e-04],[9.9997908e-01 2.0972395e-05],"[6.6560119e-08 8.1776352e-06 9.2767542e-03 6.9438118e-01 2.8398675e-01
 1.2302963e-02 4.3787932e-05 2.8490356e-07 5.1598232e-09]"
D:\Uni\Ulm\Master\Hiwi-Forschung-und-Lehre\FairFace\detected_faces\94844_face0.jpg,White,White,Male,20-29,"[9.8612481e-01 2.4610097e-05 3.8006178e-03 6.0943101e-05 8.6258879e-05
 9.0826261e-06 9.8936697e-03]",[9.9923712e-01 4.8451903e-04 2.3995098e-04 3.8400798e-05],[0.9971655  0.00283451],"[2.2450766e-07 2.0159726e-04 1.7273925e-01 6.9774258e-01 1.2337797e-01
 5.8122231e-03 1.2312840e-04 2.8641005e-06 1.3613793e-07]"
D:\Uni\Ulm\Master\Hiwi-Forschung-und-Lehre\FairFace\detected_faces\94856_face0.jpg,White,White,Male,30-39,"[9.8942089e-01 5.0039508e-04 2.5003559e-03 5.5080245e-06 4.1436990e-05
 2.3710625e-05 7.5076628e-03]",[9.9706870e-01 2.5135526e-03 1.6365627e-04 2.5407021e-04],[1.000000e+00 7.043679e-09],"[1.5256338e-06 6.9209300e-06 3.6849867e-04 2.0309147e-01 6.9985342e-01
 9.3934454e-02 2.5793153e-03 1.6143499e-04 2.9093596e-06]"
D:\Uni\Ulm\Master\Hiwi-Forschung-und-Lehre\FairFace\detected_faces\94857_face0.jpg,Latino_Hispanic,White,Male,30-39,"[3.2492030e-01 1.0289787e-03 4.4397229e-01 3.6361636e-04 1.4728830e-03
 2.6511893e-02 2.0173007e-01]",[0.5871457  0.0652245  0.01099565 0.3366341 ],[9.9999899e-01 1.0014016e-06],"[6.1591862e-07 1.3871639e-05 4.6027442e-03 4.8270050e-01 5.0017309e-01
 1.2452788e-02 5.5890760e-05 4.6520449e-07 4.7854152e-09]"
D:\Uni\Ulm\Master\Hiwi-Forschung-und-Lehre\FairFace\detected_faces\94924_face0.jpg,White,White,Male,20-29,"[9.8605525e-01 6.4330961e-05 4.9403468e-03 1.0412453e-05 3.6941088e-05
 2.1850476e-05 8.8708177e-03]",[9.98619974e-01 1.21507503e-03 1.02971804e-04 6.19630009e-05],[9.9999899e-01 1.0228352e-06],"[3.3545074e-08 1.4415633e-06 1.9206990e-03 6.9734496e-01 2.9647139e-01
 4.2456798e-03 1.5661682e-05 1.3109512e-07 2.1768356e-09]"
D:\Uni\Ulm\Master\Hiwi-Forschung-und-Lehre\FairFace\detected_faces\95138_face0.jpg,White,White,Male,30-39,"[8.4301913e-01 3.8281971e-04 3.0107088e-02 3.9359777e-05 1.5184176e-04
 8.0407917e-04 1.2549561e-01]",[9.9723530e-01 4.5500486e-04 1.5464512e-03 7.6327909e-04],[9.9999505e-01 4.9520436e-06],"[1.8220204e-06 4.1082349e-05 5.0104328e-04 1.5725157e-01 7.6868600e-01
 7.3289633e-02 2.2755071e-04 1.2751672e-06 2.1322613e-08]"
D:\Uni\Ulm\Master\Hiwi-Forschung-und-Lehre\FairFace\detected_faces\95153_face0.jpg,Middle Eastern,Black,Male,20-29,"[4.3186698e-02 4.3055981e-02 3.0509487e-01 2.0429005e-04 2.2294093e-03
 1.7616411e-03 6.0446703e-01]",[0.44335684 0.5361754  0.01601704 0.00445083],[9.9999994e-01 7.1520482e-08],"[2.4578353e-07 6.0769203e-06 5.3804088e-03 6.7539376e-01 3.1196463e-01
 7.1839010e-03 6.8773676e-05 2.2286058e-06 3.0714194e-08]"
D:\Uni\Ulm\Master\Hiwi-Forschung-und-Lehre\FairFace\detected_faces\95211_face0.jpg,White,White,Male,20-29,"[9.9453485e-01 5.2777573e-06 3.5326686e-04 1.4705741e-05 5.0317408e-06
 1.1900516e-05 5.0748768e-03]",[9.9988079e-01 5.0537121e-05 4.5692694e-05 2.2998349e-05],[9.9991107e-01 8.8954526e-05],"[5.7647721e-08 9.0459816e-06 6.8832897e-03 9.0875745e-01 8.3966404e-02
 3.8293141e-04 8.7716711e-07 1.0610774e-08 3.1144259e-10]"
D:\Uni\Ulm\Master\Hiwi-Forschung-und-Lehre\FairFace\detected_faces\95323_face0.jpg,White,White,Male,20-29,"[9.6435165e-01 2.7745715e-04 2.4423625e-02 7.7727350e-04 2.0137148e-03
 1.9725539e-04 7.9590352e-03]",[9.9702567e-01 6.0940936e-04 2.2465647e-03 1.1840427e-04],[9.9999785e-01 2.0905818e-06],"[5.1064438e-07 1.5586558e-05 2.8935213e-02 5.8759367e-01 3.1878024e-01
 6.0866814e-02 3.6983956e-03 1.0859113e-04 1.0381649e-06]"
D:\Uni\Ulm\Master\Hiwi-Forschung-und-Lehre\FairFace\detected_faces\95381_face0.jpg,Latino_Hispanic,White,Male,30-39,"[2.3617221e-01 2.7879155e-03 6.5282011e-01 3.8349308e-04 1.4498440e-03
 2.8216645e-02 7.8169808e-02]",[0.91773033 0.00858762 0.01941325 0.05426881],[9.9999917e-01 8.4704220e-07],"[3.1680709e-05 1.3249242e-04 2.6373360e-03 3.2872626e-01 6.1892331e-01
 4.8591454e-02 9.4546220e-04 1.1856383e-05 1.0155383e-07]"
D:\Uni\Ulm\Master\Hiwi-Forschung-und-Lehre\FairFace\detected_faces\95461_face0.jpg,White,White,Male,20-29,"[9.91929471e-01 2.46635282e-05 1.48493948e-03 1.21694939e-05
 7.59846080e-05 1.15122775e-05 6.46124687e-03]",[9.9937731e-01 4.4267386e-04 4.2166896e-05 1.3780790e-04],[0.99763066 0.00236932],"[3.9893223e-08 4.4873491e-06 9.2984736e-03 7.0039684e-01 2.7580929e-01
 1.4247176e-02 2.4000410e-04 3.5424889e-06 1.4044063e-07]"
D:\Uni\Ulm\Master\Hiwi-Forschung-und-Lehre\FairFace\detected_faces\95606_face0.jpg,Middle Eastern,White,Male,30-39,"[1.5455198e-01 2.0489807e-03 1.7225319e-01 6.1456303e-05 2.1720414e-04
 1.2539996e-02 6.5832716e-01]",[9.3710721e-01 3.8847215e-03 4.7439811e-04 5.8533750e-02],[9.9955529e-01 4.4469858e-04],"[1.7742665e-05 2.3932468e-04 3.7598247e-03 3.3897787e-01 5.9948939e-01
 5.6726273e-02 7.7698741e-04 1.2312349e-05 2.6663406e-07]"
D:\Uni\Ulm\Master\Hiwi-Forschung-und-Lehre\FairFace\detected_faces\95687_face0.jpg,White,White,Male,20-29,"[9.4401038e-01 2.9729836e-04 5.0988261e-02 2.6886541e-05 1.7141271e-04
 9.8066230e-04 3.5252068e-03]",[9.9580765e-01 2.6825161e-03 5.8628537e-04 9.2350709e-04],[1.000000e+00 3.064169e-08],"[3.6931137e-08 4.8242337e-06 7.6529942e-03 7.6570010e-01 2.2077984e-01
 5.8366684e-03 2.5403337e-05 1.5943779e-07 2.0985902e-09]"
D:\Uni\Ulm\Master\Hiwi-Forschung-und-Lehre\FairFace\detected_faces\95707_face0.jpg,White,White,Male,20-29,"[9.9805319e-01 2.7171207e-06 3.2006332e-04 9.6665877e-05 1.2007522e-04
 1.8018781e-06 1.4054162e-03]",[9.9996275e-01 3.0041631e-06 3.3315911e-05 9.4755330e-07],[9.9959433e-01 4.0566310e-04],"[6.1134948e-08 2.4011755e-05 2.4280243e-02 8.0533093e-01 1.6716056e-01
 3.1682323e-03 3.5550860e-05 3.9822208e-07 2.3663000e-08]"
D:\Uni\Ulm\Master\Hiwi-Forschung-und-Lehre\FairFace\detected_faces\95791_face0.jpg,White,White,Male,30-39,"[9.9889749e-01 1.0149256e-06 5.3604454e-05 1.3689088e-07 5.8203960e-07
 4.9303304e-07 1.0466782e-03]",[9.9989074e-01 6.5446635e-05 1.8064533e-05 2.5756022e-05],[9.999998e-01 1.974015e-07],"[5.5793090e-09 3.2427212e-07 1.9647245e-04 3.8635105e-01 6.0586262e-01
 7.5767995e-03 1.2714584e-05 6.4031880e-08 1.1086074e-09]"
D:\Uni\Ulm\Master\Hiwi-Forschung-und-Lehre\FairFace\detected_faces\96040_face0.jpg,Middle Eastern,White,Male,30-39,"[3.8837335e-01 3.6918480e-04 5.2551124e-02 1.8759081e-05 1.0031522e-04
 1.5165203e-03 5.5707073e-01]",[9.9122781e-01 1.3994961e-03 7.9955137e-04 6.5731178e-03],[9.9999917e-01 8.2067936e-07],"[2.3749725e-07 6.4800865e-06 1.1843768e-03 3.3183384e-01 6.0598838e-01
 6.0449716e-02 5.3229328e-04 4.6311111e-06 4.2600814e-08]"
D:\Uni\Ulm\Master\Hiwi-Forschung-und-Lehre\FairFace\detected_faces\96098_face0.jpg,White,White,Male,30-39,"[9.96769965e-01 4.34156073e-06 5.00075752e-04 6.52393719e-05
 1.00015124e-04 1.68295242e-06 2.55876291e-03]",[9.9725837e-01 8.0819341e-04 1.9152839e-03 1.8167757e-05],[9.9999982e-01 1.6223757e-07],"[9.8219934e-06 7.3723102e-05 3.2888008e-03 2.9972300e-01 5.8403254e-01
 1.0865546e-01 4.0735481e-03 1.4138935e-04 1.7497550e-06]"
D:\Uni\Ulm\Master\Hiwi-Forschung-und-Lehre\FairFace\detected_faces\96116_face0.jpg,White,White,Male,20-29,"[9.8493195e-01 1.9213934e-05 4.8918591e-04 8.9256200e-06 2.9121833e-05
 4.5298175e-06 1.4517063e-02]",[9.9848551e-01 8.7395427e-04 5.6381506e-04 7.6650736e-05],[9.999936e-01 6.380454e-06],"[3.1145284e-08 1.1957766e-06 1.5836108e-03 6.9743788e-01 2.9786989e-01
 3.0915423e-03 1.5635040e-05 2.4087316e-07 5.9954037e-09]"
D:\Uni\Ulm\Master\Hiwi-Forschung-und-Lehre\FairFace\detected_faces\96301_face0.jpg,White,White,Male,30-39,"[7.0829397e-01 2.9378526e-03 7.5939648e-02 4.2783105e-04 7.6635467e-04
 8.1560959e-04 2.1081877e-01]",[0.97859186 0.00978187 0.00904538 0.0025809 ],[9.9998903e-01 1.0950516e-05],"[1.7781671e-06 4.6119708e-06 3.2364629e-04 1.9128338e-01 7.3164839e-01
 7.6006725e-02 7.1292435e-04 1.8307377e-05 3.5443384e-07]"
D:\Uni\Ulm\Master\Hiwi-Forschung-und-Lehre\FairFace\detected_faces\96361_face0.jpg,White,White,Male,20-29,"[9.6342123e-01 3.6447989e-05 2.4469744e-03 9.8178607e-06 3.8605674e-05
 6.0090958e-04 3.3446051e-02]",[9.9599952e-01 1.1322529e-03 2.1156982e-04 2.6565874e-03],[9.9999762e-01 2.4225753e-06],"[9.61108384e-08 1.23428845e-05 7.14797573e-03 7.88365364e-01
 2.02070147e-01 2.39894725e-03 5.13664281e-06 4.99571264e-08
 1.51022983e-09]"
D:\Uni\Ulm\Master\Hiwi-Forschung-und-Lehre\FairFace\detected_faces\96363_face0.jpg,Black,Black,Male,20-29,"[1.5146006e-02 4.4461665e-01 1.4593513e-01 2.2593804e-06 6.6815388e-05
 1.8145656e-02 3.7608746e-01]",[3.6951501e-03 9.5736587e-01 9.3945906e-05 3.8845100e-02],[1.0000000e+00 4.9932773e-09],"[3.4403865e-07 1.5592470e-05 2.8775772e-03 6.3400155e-01 3.5152003e-01
 1.1493735e-02 8.9575384e-05 1.5900420e-06 1.5980945e-08]"
D:\Uni\Ulm\Master\Hiwi-Forschung-und-Lehre\FairFace\detected_faces\96364_face0.jpg,Black,Black,Male,20-29,"[2.3195706e-03 9.1026968e-01 4.2384136e-02 1.3001416e-07 6.9383414e-06
 4.3818816e-03 4.0637761e-02]",[2.6459552e-04 9.9642295e-01 1.8922405e-05 3.2935434e-03],[9.9999982e-01 1.3797289e-07],"[3.2595867e-08 5.0500225e-06 7.0185713e-03 6.5557969e-01 3.2104644e-01
 1.6145919e-02 2.0235377e-04 1.9530803e-06 1.5133988e-08]"
D:\Uni\Ulm\Master\Hiwi-Forschung-und-Lehre\FairFace\detected_faces\96365_face0.jpg,White,White,Male,30-39,"[9.6237528e-01 3.0290817e-05 1.9066332e-02 3.4373286e-05 3.3763361e-05
 2.3806479e-05 1.8436152e-02]",[9.9920058e-01 2.5401582e-04 9.4194649e-05 4.5118851e-04],[9.999985e-01 1.490817e-06],"[4.27617181e-07 2.04559692e-05 1.11975195e-02 3.52766246e-01
 5.85171521e-01 5.03690019e-02 4.70864557e-04 3.93823484e-06
 2.37851498e-08]"
D:\Uni\Ulm\Master\Hiwi-Forschung-und-Lehre\FairFace\detected_faces\96366_face0.jpg,White,White,Male,30-39,"[7.5427473e-01 2.6309508e-04 1.5087324e-01 1.5541980e-05 5.0426450e-05
 4.4632875e-03 9.0059608e-02]",[9.8319840e-01 2.9011106e-03 4.4655702e-05 1.3855772e-02],[9.9998945e-01 1.0542890e-05],"[1.2481422e-07 3.3409535e-06 6.7283283e-04 3.5462517e-01 6.1673564e-01
 2.7802227e-02 1.5984925e-04 8.6679722e-07 8.4447196e-09]"
D:\Uni\Ulm\Master\Hiwi-Forschung-und-Lehre\FairFace\detected_faces\96367_face0.jpg,Latino_Hispanic,Black,Male,30-39,"[1.5652476e-02 4.7403282e-01 4.8138073e-01 1.9474073e-05 4.1911917e-04
 1.3778948e-02 1.4716481e-02]",[0.02816189 0.8163677  0.00097279 0.1544976 ],[9.9999976e-01 1.8914884e-07],"[8.5901149e-08 6.4279556e-07 3.8818028e-04 3.5419598e-01 6.1482310e-01
 3.0376315e-02 2.1406115e-04 1.5851798e-06 1.8033697e-08]"
D:\Uni\Ulm\Master\Hiwi-Forschung-und-Lehre\FairFace\detected_faces\96369_face0.jpg,White,White,Male,30-39,"[5.1717097e-01 1.0877065e-03 2.2342670e-01 6.6972934e-05 2.2619561e-04
 1.7072389e-02 2.4094911e-01]",[9.9608922e-01 4.3242043e-04 4.6298963e-05 3.4320632e-03],[9.9998295e-01 1.7043152e-05],"[7.4169867e-07 1.2952206e-05 1.2275120e-03 4.5852676e-01 5.2167910e-01
 1.8440163e-02 1.1128310e-04 1.4468726e-06 2.2568482e-08]"
D:\Uni\Ulm\Master\Hiwi-Forschung-und-Lehre\FairFace\detected_faces\96370_face0.jpg,White,White,Male,30-39,"[5.3865045e-01 2.3238452e-03 3.4353864e-01 2.0133614e-04 3.4041228e-04
 4.5035906e-02 6.9909394e-02]",[9.8869824e-01 1.8782468e-03 1.7108343e-04 9.2524588e-03],[9.9999434e-01 5.6730655e-06],"[2.3401229e-07 6.6194029e-06 1.5337314e-04 2.0211622e-01 7.5552791e-01
 4.2117029e-02 7.8107951e-05 4.5907530e-07 3.5871501e-09]"
D:\Uni\Ulm\Master\Hiwi-Forschung-und-Lehre\FairFace\detected_faces\96371_face0.jpg,Middle Eastern,White,Male,20-29,"[3.5750091e-01 1.7504932e-03 1.3248535e-01 6.9393594e-05 2.1529179e-04
 5.7484716e-04 5.0740373e-01]",[0.86783624 0.11078067 0.00771646 0.01366659],[1.000000e+00 9.241942e-09],"[1.0217190e-06 4.5157438e-05 8.8389022e-03 5.9660751e-01 3.8273475e-01
 1.1695707e-02 7.6046374e-05 8.6680654e-07 5.3470539e-09]"
D:\Uni\Ulm\Master\Hiwi-Forschung-und-Lehre\FairFace\detected_faces\96372_face0.jpg,White,White,Male,30-39,"[8.4350806e-01 2.0904385e-04 2.6125476e-02 1.6955184e-03 1.1534332e-03
 1.8665419e-04 1.2712176e-01]",[9.9886984e-01 2.5150229e-04 8.2855584e-04 5.0115133e-05],[9.9999923e-01 8.0143826e-07],"[1.9103023e-05 4.6723077e-04 5.6670196e-03 2.1103224e-01 6.7533606e-01
 1.0608990e-01 1.3747705e-03 1.3498795e-05 1.5145935e-07]"
D:\Uni\Ulm\Master\Hiwi-Forschung-und-Lehre\FairFace\detected_faces\96373_face0.jpg,White,White,Male,30-39,"[7.7726233e-01 5.0601593e-05 1.8500122e-01 3.2189073e-05 1.2733397e-04
 7.4544749e-03 3.0071734e-02]",[0.8750249  0.00152531 0.00287953 0.12057026],[9.9997622e-01 2.3822542e-05],"[2.0725683e-07 1.6799513e-06 1.5639138e-04 6.7913428e-02 7.9592675e-01
 1.3534312e-01 6.5571908e-04 2.7484698e-06 2.1403082e-08]"
D:\Uni\Ulm\Master\Hiwi-Forschung-und-Lehre\FairFace\detected_faces\96486_face0.jpg,Black,Black,Male,30-39,"[5.3304357e-06 9.9989718e-01 7.9834863e-05 3.1547822e-07 5.2135192e-06
 3.2358171e-06 8.9413734e-06]",[5.3903491e-06 9.9988025e-01 9.1558548e-05 2.2914983e-05],[9.999939e-01 6.112740e-06],"[6.6259621e-05 6.9493181e-03 5.0409473e-02 3.6672798e-01 4.1921368e-01
 1.5069777e-01 5.7146759e-03 2.0165245e-04 1.9239153e-05]"
D:\Uni\Ulm\Master\Hiwi-Forschung-und-Lehre\FairFace\detected_faces\96490_face0.jpg,Middle Eastern,White,Male,30-39,"[1.3396332e-01 3.2409574e-04 1.0823650e-01 3.6630579e-04 1.3301952e-03
 2.6142304e-03 7.5316536e-01]",[0.95354587 0.00499317 0.00964517 0.0318158 ],[9.9999911e-01 9.3512693e-07],"[5.9416711e-06 5.8578466e-05 2.7161466e-03 2.3187520e-01 6.8769437e-01
 7.6480798e-02 1.1526971e-03 1.6073860e-05 1.2194167e-07]"
D:\Uni\Ulm\Master\Hiwi-Forschung-und-Lehre\FairFace\detected_faces\96531_face0.jpg,Latino_Hispanic,Black,Male,20-29,"[0.06404343 0.25468415 0.54332006 0.00071018 0.0090759  0.05361176
 0.0745545 ]",[0.04384383 0.8201112  0.02282737 0.11321758],[9.999280e-01 7.200215e-05],"[2.0232649e-07 3.3234305e-06 2.7228792e-03 5.3058714e-01 4.3504825e-01
 3.0625546e-02 9.8303135e-04 2.8843764e-05 7.3230962e-07]"
D:\Uni\Ulm\Master\Hiwi-Forschung-und-Lehre\FairFace\detected_faces\96535_face0.jpg,Black,Black,Male,20-29,"[1.2233693e-06 9.9987489e-01 3.3257948e-05 6.8152173e-09 5.0230091e-07
 8.7177759e-05 2.8932391e-06]",[5.0052489e-07 9.9998832e-01 6.1954711e-07 1.0641439e-05],[1.0000000e+00 7.9439735e-09],"[8.5469463e-09 2.5606471e-06 5.9063956e-03 7.3137069e-01 2.4886444e-01
 1.3621050e-02 2.3005657e-04 4.7327835e-06 8.3442011e-08]"
D:\Uni\Ulm\Master\Hiwi-Forschung-und-Lehre\FairFace\detected_faces\96536_face0.jpg,Black,Black,Male,30-39,"[7.4391087e-06 9.9989647e-01 8.2003724e-05 1.8288997e-08 5.2352510e-07
 9.4297466e-06 4.2807233e-06]",[3.7102840e-05 9.9992824e-01 2.3368717e-05 1.1232877e-05],[9.9999982e-01 1.8372131e-07],"[9.0342958e-08 2.1213150e-06 4.1938963e-04 1.8519579e-01 6.1771458e-01
 1.8612178e-01 1.0328985e-02 2.1207357e-04 5.1922952e-06]"
D:\Uni\Ulm\Master\Hiwi-Forschung-und-Lehre\FairFace\detected_faces\96538_face0.jpg,White,White,Male,20-29,"[9.1181064e-01 1.7225153e-04 3.2747168e-02 2.1085298e-05 9.7953140e-05
 2.8785598e-04 5.4863095e-02]",[9.9794769e-01 3.4720713e-04 3.4010675e-04 1.3649459e-03],[9.9998671e-01 1.3306769e-05],"[2.1103892e-07 1.5770167e-05 1.3802277e-02 7.9453790e-01 1.7787234e-01
 1.3509509e-02 2.5522083e-04 6.5803852e-06 1.6457044e-07]"
D:\Uni\Ulm\Master\Hiwi-Forschung-und-Lehre\FairFace\detected_faces\96544_face0.jpg,Black,Black,Male,20-29,"[2.1614159e-07 9.9999231e-01 3.3072959e-06 3.8572594e-09 1.1026894e-07
 3.1728741e-06 9.3105865e-07]",[7.7999069e-08 9.9999958e-01 1.4699688e-07 1.7440298e-07],[1.0000000e+00 5.1076796e-09],"[3.2368935e-10 1.2826875e-07 1.5426934e-03 8.2724589e-01 1.6926409e-01
 1.9424277e-03 4.7370340e-06 2.2785560e-08 6.2719330e-10]"
D:\Uni\Ulm\Master\Hiwi-Forschung-und-Lehre\FairFace\detected_faces\96547_face0.jpg,Black,Black,Male,30-39,"[3.1056655e-07 9.9984467e-01 9.2699156e-06 1.1092295e-09 8.1279026e-08
 1.4382726e-04 1.7189114e-06]",[1.6657646e-07 9.9999684e-01 5.5477372e-08 2.9483840e-06],[9.9999976e-01 2.3771686e-07],"[1.1526789e-08 2.9314361e-07 2.0262139e-04 1.1735923e-01 7.0883888e-01
 1.7103669e-01 2.5525538e-03 9.6288959e-06 1.6817050e-07]"
D:\Uni\Ulm\Master\Hiwi-Forschung-und-Lehre\FairFace\detected_faces\96606_face0.jpg,White,White,Male,30-39,"[9.4035196e-01 4.5036610e-05 3.2894254e-02 6.1494793e-05 1.4142964e-04
 3.8374096e-04 2.6122095e-02]",[9.9822563e-01 7.4371113e-04 5.3553085e-04 4.9511314e-04],[9.9999988e-01 1.6071861e-07],"[3.8031135e-06 6.3146181e-05 7.5591435e-03 1.4240374e-01 5.6405181e-01
 2.7205482e-01 1.3734540e-02 1.2824884e-04 8.3739303e-07]"
D:\Uni\Ulm\Master\Hiwi-Forschung-und-Lehre\FairFace\detected_faces\96649_face0.jpg,Middle Eastern,White,Male,20-29,"[4.7400102e-01 5.6589983e-04 2.7329933e-02 4.2964589e-06 3.1324129e-05
 5.4424163e-04 4.9752328e-01]",[9.9637944e-01 1.9753717e-03 5.0355124e-05 1.5948534e-03],[9.9999803e-01 1.9484949e-06],"[3.9909828e-08 2.2450947e-06 8.3340617e-04 5.6895494e-01 4.2412126e-01
 6.0800859e-03 7.9445063e-06 4.9758611e-08 6.2850053e-10]"
D:\Uni\Ulm\Master\Hiwi-Forschung-und-Lehre\FairFace\detected_faces\96660_face0.jpg,White,White,Male,20-29,"[9.9981850e-01 2.1143189e-06 1.0122722e-04 7.5770544e-07 1.3547361e-06
 2.6745363e-07 7.5718679e-05]",[9.9983466e-01 1.3990361e-04 1.7958062e-05 7.4470795e-06],[9.999997e-01 3.501608e-07],"[4.7062112e-08 5.0452451e-05 1.4451396e-01 7.7787435e-01 7.5121723e-02
 2.4182783e-03 2.1039630e-05 1.7187391e-07 2.8080087e-09]"
D:\Uni\Ulm\Master\Hiwi-Forschung-und-Lehre\FairFace\detected_faces\96702_face0.jpg,Black,Black,Male,30-39,"[2.7899856e-05 9.9905652e-01 8.2041853e-04 2.6080860e-07 4.7229337e-06
 4.1652089e-05 4.8407026e-05]",[1.7428443e-05 9.9989957e-01 3.9100294e-05 4.3961943e-05],[9.9999541e-01 4.6062646e-06],"[5.7703113e-07 1.1545175e-05 3.7512684e-03 4.3412966e-01 4.9101168e-01
 6.9532618e-02 1.5390345e-03 2.3130477e-05 5.3772288e-07]"
D:\Uni\Ulm\Master\Hiwi-Forschung-und-Lehre\FairFace\detected_faces\96746_face0.jpg,White,White,Male,20-29,"[9.9999398e-01 3.1055433e-10 5.2284257e-08 1.6682909e-09 3.7665857e-09
 2.2395252e-09 6.0151524e-06]",[9.9999827e-01 2.7986317e-07 4.7160302e-07 9.7149564e-07],[9.9999815e-01 1.8119119e-06],"[4.6944382e-07 3.5514747e-04 1.8056841e-01 7.7025068e-01 4.6248451e-02
 2.5589492e-03 1.7713559e-05 1.6273083e-07 4.7057420e-09]"
D:\Uni\Ulm\Master\Hiwi-Forschung-und-Lehre\FairFace\detected_faces\96832_face0.jpg,White,White,Male,30-39,"[0.5663633  0.00126651 0.28225675 0.00089307 0.00284302 0.00881058
 0.13756688]",[0.90062255 0.01306882 0.02252795 0.06378072],[9.9999785e-01 2.1515593e-06],"[4.0559462e-06 3.9365384e-04 1.1004318e-02 4.0974841e-01 5.3137356e-01
 4.6959557e-02 5.1147479e-04 4.9184014e-06 6.5639398e-08]"
D:\Uni\Ulm\Master\Hiwi-Forschung-und-Lehre\FairFace\detected_faces\96834_face0.jpg,Middle Eastern,White,Male,30-39,"[4.4786775e-01 2.2275641e-04 2.1595081e-02 2.0192660e-04 4.7654088e-04
 1.2619559e-03 5.2837408e-01]",[9.9190116e-01 2.9217257e-04 3.1539234e-03 4.6527907e-03],[0.9979233  0.00207673],"[1.6634647e-06 1.8015904e-05 2.1314919e-03 2.0837982e-01 7.1120036e-01
 7.6743409e-02 1.5092285e-03 1.5691669e-05 3.3968396e-07]"
D:\Uni\Ulm\Master\Hiwi-Forschung-und-Lehre\FairFace\detected_faces\96905_face0.jpg,Middle Eastern,White,Male,20-29,"[3.40849996e-01 4.22229095e-05 1.13168485e-01 3.35644465e-04
 6.11734285e-04 2.21607462e-03 5.42775810e-01]",[0.975688   0.00169533 0.0048366  0.01778007],[9.9995279e-01 4.7181908e-05],"[2.1224253e-07 1.5997670e-05 6.0227965e-03 8.2265997e-01 1.6957641e-01
 1.7208458e-03 3.7148711e-06 7.0375613e-08 1.3117675e-09]"
D:\Uni\Ulm\Master\Hiwi-Forschung-und-Lehre\FairFace\detected_faces\96920_face0.jpg,White,White,Male,20-29,"[4.3409863e-01 1.3683951e-03 3.8666847e-01 3.1022617e-04 7.6170196e-04
 3.8691214e-03 1.7292352e-01]",[0.8503114  0.00541183 0.00173522 0.14254156],[9.999990e-01 9.819705e-07],"[4.18962827e-06 1.07429441e-04 7.16234557e-03 6.27318680e-01
 3.54375899e-01 1.09680565e-02 6.21470172e-05 1.20469963e-06
 1.32812756e-08]"
D:\Uni\Ulm\Master\Hiwi-Forschung-und-Lehre\FairFace\detected_faces\96968_face0.jpg,White,White,Male,30-39,"[9.9959362e-01 2.3930692e-05 4.2780830e-05 4.6591933e-07 1.6425572e-06
 1.6737315e-06 3.3581359e-04]",[9.9993265e-01 6.0457387e-05 8.9787358e-07 5.9518397e-06],[9.999992e-01 8.267915e-07],"[4.1875165e-07 1.1742200e-05 8.9679332e-04 2.7515510e-01 6.3827145e-01
 8.2940340e-02 2.6595159e-03 6.2504121e-05 2.1909425e-06]"
D:\Uni\Ulm\Master\Hiwi-Forschung-und-Lehre\FairFace\detected_faces\96999_face0.jpg,Middle Eastern,Black,Male,30-39,"[2.5651740e-02 9.4775017e-03 2.6956415e-01 5.6625355e-05 8.4784086e-04
 8.3510421e-02 6.1089170e-01]",[0.03842098 0.50180215 0.00427555 0.45550126],[9.9999821e-01 1.7235485e-06],"[2.7911660e-06 2.3715089e-04 5.1584588e-03 4.4766125e-01 5.1980293e-01
 2.6994919e-02 1.4079071e-04 1.6949973e-06 3.1204831e-08]"
D:\Uni\Ulm\Master\Hiwi-Forschung-und-Lehre\FairFace\detected_faces\97404_face0.jpg,Black,Black,Male,30-39,"[1.1874660e-05 9.9972278e-01 1.9437907e-04 1.1627090e-07 1.1624406e-06
 3.5003930e-05 3.4806908e-05]",[6.1374576e-06 9.9997306e-01 9.3952249e-06 1.1432698e-05],[9.9985796e-01 1.4204267e-04],"[8.8599296e-07 1.9458999e-05 2.6446788e-03 3.3726841e-01 5.9785873e-01
 6.1731797e-02 4.7090725e-04 4.9500959e-06 1.6798278e-07]"
D:\Uni\Ulm\Master\Hiwi-Forschung-und-Lehre\FairFace\detected_faces\97408_face0.jpg,Middle Eastern,White,Male,20-29,"[1.8716214e-02 6.1581354e-04 6.9714040e-02 5.9414256e-06 3.0757128e-05
 3.2156243e-03 9.0770161e-01]",[7.6731986e-01 1.5492044e-01 6.9115532e-04 7.7068567e-02],[9.9999553e-01 4.4126973e-06],"[2.4686614e-07 1.1770621e-05 4.3641715e-03 7.3005450e-01 2.5892422e-01
 6.6176318e-03 2.7176198e-05 2.9917416e-07 4.9020383e-09]"
D:\Uni\Ulm\Master\Hiwi-Forschung-und-Lehre\FairFace\detected_faces\97409_face0.jpg,Black,Black,Male,30-39,"[9.0986188e-04 8.9169586e-01 6.1623406e-02 2.8549805e-06 1.3408683e-04
 2.8683506e-02 1.6950456e-02]",[2.1952527e-04 8.9786619e-01 1.3795964e-04 1.0177636e-01],[9.999992e-01 7.378536e-07],"[2.8144453e-07 4.7662561e-06 1.2731574e-03 2.9812700e-01 6.4398730e-01
 5.6049190e-02 5.5346999e-04 4.6720356e-06 8.4409351e-08]"
D:\Uni\Ulm\Master\Hiwi-Forschung-und-Lehre\FairFace\detected_faces\97410_face0.jpg,White,White,Male,30-39,"[9.9999827e-01 2.8379343e-09 2.7283676e-08 4.6502273e-09 1.4472944e-08
 1.6289916e-09 1.7270958e-06]",[9.9998963e-01 1.7451464e-06 7.7425411e-06 9.0952113e-07],[9.999996e-01 4.438063e-07],"[2.8972812e-07 5.3640474e-06 3.7672214e-04 3.0267507e-01 6.8255496e-01
 1.4334511e-02 5.2767118e-05 3.0278557e-07 1.5917006e-08]"
D:\Uni\Ulm\Master\Hiwi-Forschung-und-Lehre\FairFace\detected_faces\97465_face0.jpg,White,White,Male,20-29,"[9.9874794e-01 1.1489298e-04 6.0618162e-04 1.2372341e-06 6.5370086e-06
 4.2671304e-06 5.1893905e-04]",[9.9975288e-01 1.4398150e-04 6.3779582e-05 3.9421804e-05],[9.9999982e-01 1.7445376e-07],"[1.5883245e-07 4.1280005e-06 6.2562746e-04 5.0539720e-01 4.7642112e-01
 1.7370502e-02 1.7806748e-04 3.1136894e-06 8.7410896e-08]"
D:\Uni\Ulm\Master\Hiwi-Forschung-und-Lehre\FairFace\detected_faces\97905_face0.jpg,White,White,Male,30-39,"[9.4240957e-01 1.8511188e-05 1.6839003e-02 3.2574919e-04 4.0831577e-04
 3.2889575e-04 3.9669987e-02]",[9.9214381e-01 3.9331884e-05 6.3193156e-03 1.4974743e-03],[9.9996114e-01 3.8859685e-05],"[3.08513080e-07 7.56861982e-06 1.17796159e-03 4.84015346e-01
 5.03489614e-01 1.12842405e-02 2.45999890e-05 3.19132823e-07
 5.67292036e-09]"
D:\Uni\Ulm\Master\Hiwi-Forschung-und-Lehre\FairFace\detected_faces\97915_face0.jpg,Black,Black,Male,20-29,"[3.44928564e-03 8.06015074e-01 1.24364495e-01 2.62105081e-04
 8.29043239e-03 2.93752570e-02 2.82432698e-02]",[2.6339875e-04 9.9336934e-01 2.3829138e-03 3.9843391e-03],[9.9987537e-01 1.2457668e-04],"[1.6056569e-07 2.7994001e-05 2.1029817e-02 8.1033510e-01 1.6627400e-01
 2.3240915e-03 8.6869277e-06 1.3122224e-07 5.0683999e-09]"
D:\Uni\Ulm\Master\Hiwi-Forschung-und-Lehre\FairFace\detected_faces\97923_face0.jpg,White,White,Male,30-39,"[9.9889666e-01 3.1213422e-06 2.6364237e-04 1.9709075e-06 8.9780660e-06
 6.0619977e-06 8.1961026e-04]",[9.9986744e-01 3.7539801e-05 3.1024687e-05 6.4016553e-05],[9.9999952e-01 4.5043316e-07],"[5.1879727e-08 3.7919970e-06 3.8544121e-04 2.6862621e-01 7.0151597e-01
 2.9417120e-02 5.1304909e-05 1.6898544e-07 2.4995321e-09]"
D:\Uni\Ulm\Master\Hiwi-Forschung-und-Lehre\FairFace\detected_faces\97924_face0.jpg,White,White,Male,30-39,"[9.8651350e-01 1.2656295e-04 2.6561737e-03 6.4157229e-07 2.4198732e-06
 3.7481124e-05 1.0663367e-02]",[9.9845761e-01 8.9092168e-04 1.9077456e-04 4.6067481e-04],[9.9999660e-01 3.4186473e-06],"[1.47219410e-08 1.81011080e-06 7.97821907e-04 4.80293989e-01
 5.10533929e-01 8.35915655e-03 1.32578825e-05 6.22558574e-08
 7.39154349e-10]"
D:\Uni\Ulm\Master\Hiwi-Forschung-und-Lehre\FairFace\detected_faces\97925_face0.jpg,White,White,Male,20-29,"[8.9111233e-01 2.5774675e-04 5.2693326e-02 1.5971882e-03 2.9345525e-03
 2.1529835e-04 5.1189587e-02]",[0.9722857  0.00137133 0.02531978 0.00102309],[9.999995e-01 4.963297e-07],"[1.3115792e-06 5.4281263e-04 8.1061453e-02 7.3835683e-01 1.7055024e-01
 9.4111087e-03 7.5120217e-05 1.1320816e-06 1.7418470e-08]"
D:\Uni\Ulm\Master\Hiwi-Forschung-und-Lehre\FairFace\detected_faces\97926_face0.jpg,Black,Black,Male,20-29,"[3.1966208e-06 9.9986190e-01 8.6126995e-05 2.6348449e-08 1.1330324e-06
 3.6769805e-05 1.0807577e-05]",[1.2473673e-06 9.9997330e-01 3.2107678e-06 2.2211974e-05],[9.9999982e-01 1.6708395e-07],"[1.1550106e-08 1.9675286e-05 2.3938276e-02 8.7715298e-01 9.7516924e-02
 1.3635161e-03 8.4274643e-06 1.6595563e-07 6.1435528e-09]"
D:\Uni\Ulm\Master\Hiwi-Forschung-und-Lehre\FairFace\detected_faces\97927_face0.jpg,White,White,Male,20-29,"[9.9881631e-01 9.4348152e-06 6.5379834e-04 8.0844165e-06 4.7145801e-05
 1.0064267e-05 4.5514264e-04]",[9.9967885e-01 1.5292852e-04 1.4544454e-04 2.2811006e-05],[9.9999326e-01 6.7652722e-06],"[9.5799567e-07 8.0055484e-05 1.7653694e-02 7.7704674e-01 1.9560641e-01
 9.2058806e-03 3.9890868e-04 7.0915116e-06 3.2232774e-07]"
D:\Uni\Ulm\Master\Hiwi-Forschung-und-Lehre\FairFace\detected_faces\97929_face0.jpg,White,White,Male,30-39,"[9.5153487e-01 6.6759079e-05 8.2448898e-03 5.7500140e-05 1.0255755e-04
 1.9514280e-04 3.9798249e-02]",[9.99760151e-01 8.49723292e-05 1.06545835e-04 4.82882315e-05],[9.999878e-01 1.218117e-05],"[6.9503790e-06 4.4127719e-05 4.2096982e-03 3.4758696e-01 5.6423163e-01
 8.1137277e-02 2.7064027e-03 7.5822245e-05 1.1275657e-06]"
D:\Uni\Ulm\Master\Hiwi-Forschung-und-Lehre\FairFace\detected_faces\97933_face0.jpg,White,White,Male,20-29,"[9.6089518e-01 5.2560010e-04 2.2850513e-02 2.9078871e-04 8.3227927e-04
 1.4165747e-04 1.4463932e-02]",[0.7862064  0.16606219 0.04303779 0.00469363],[1.000000e+00 3.415483e-08],"[7.42182829e-06 5.71634482e-05 6.82511088e-03 5.30946791e-01
 4.21930641e-01 3.79300378e-02 2.19810661e-03 1.02749036e-04
 1.95075449e-06]"
D:\Uni\Ulm\Master\Hiwi-Forschung-und-Lehre\FairFace\detected_faces\97935_face0.jpg,White,White,Male,20-29,"[9.9670523e-01 5.3749927e-06 4.0612565e-04 1.6251284e-06 5.9273348e-06
 3.1209311e-06 2.8726107e-03]",[9.9962908e-01 5.0135535e-05 2.6114919e-04 5.9558646e-05],[9.9999404e-01 5.9950135e-06],"[6.0747347e-08 6.5878467e-06 5.9040897e-03 8.5406232e-01 1.3857855e-01
 1.4375247e-03 1.0804871e-05 1.2681632e-07 2.6562288e-09]"
D:\Uni\Ulm\Master\Hiwi-Forschung-und-Lehre\FairFace\detected_faces\97938_face0.jpg,Middle Eastern,White,Male,20-29,"[2.4444941e-01 5.9143320e-04 3.5712036e-01 2.4002181e-04 7.3195435e-04
 5.5183987e-03 3.9134842e-01]",[0.9061554  0.00358082 0.01153277 0.07873107],[9.9999613e-01 3.8489593e-06],"[5.5114265e-07 5.1355735e-05 5.2729314e-03 6.8298787e-01 3.0540809e-01
 6.2659751e-03 1.3117642e-05 1.3520624e-07 1.5444217e-09]"
D:\Uni\Ulm\Master\Hiwi-Forschung-und-Lehre\FairFace\detected_faces\97951_face0.jpg,White,White,Male,30-39,"[6.0349542e-01 5.6899426e-06 4.2966064e-03 8.7836979e-06 3.2329026e-05
 2.4022700e-04 3.9192092e-01]",[9.9869990e-01 1.0736736e-05 1.4590014e-04 1.1434886e-03],[9.9999166e-01 8.3662408e-06],"[2.1662981e-07 2.1967589e-06 2.6463502e-04 2.2622152e-01 7.4282068e-01
 3.0611660e-02 7.8621044e-05 4.6015006e-07 6.8779911e-09]"
D:\Uni\Ulm\Master\Hiwi-Forschung-und-Lehre\FairFace\detected_faces\97967_face0.jpg,Middle Eastern,White,Male,20-29,"[1.1647937e-01 1.6583137e-03 6.1689086e-02 1.4288141e-05 9.5533214e-05
 4.4908994e-03 8.1557250e-01]",[9.3467212e-01 1.5633427e-02 6.5104809e-04 4.9043469e-02],[9.9999917e-01 8.8933263e-07],"[6.0275534e-07 8.6656046e-06 9.6288550e-04 5.3285903e-01 4.5540893e-01
 1.0708371e-02 5.0569244e-05 9.5678718e-07 1.8698785e-08]"
D:\Uni\Ulm\Master\Hiwi-Forschung-und-Lehre\FairFace\detected_faces\97978_face0.jpg,White,White,Male,30-39,"[9.9095201e-01 1.5899419e-05 7.4735068e-04 1.1169327e-05 2.8567081e-05
 9.6049871e-06 8.2354126e-03]",[9.9849957e-01 5.1003683e-04 2.8705029e-04 7.0338673e-04],[1.0000000e+00 2.4180833e-08],"[7.6200543e-08 9.4259968e-07 2.8665186e-04 3.3301091e-01 6.2929040e-01
 3.7084874e-02 3.2129875e-04 4.8170723e-06 5.9214560e-08]"
D:\Uni\Ulm\Master\Hiwi-Forschung-und-Lehre\FairFace\detected_faces\98003_face0.jpg,Middle Eastern,White,Male,20-29,"[1.2242854e-01 1.0218968e-03 1.0573577e-01 1.7731657e-04 5.0308940e-04
 4.8095817e-03 7.6532382e-01]",[0.92079806 0.05374439 0.00791507 0.01754246],[9.999954e-01 4.569104e-06],"[7.4522641e-06 3.9500988e-04 1.2078008e-02 5.0629711e-01 4.5919120e-01
 2.1891857e-02 1.3752817e-04 1.8634461e-06 3.4640781e-08]"
D:\Uni\Ulm\Master\Hiwi-Forschung-und-Lehre\FairFace\detected_faces\98058_face0.jpg,White,White,Male,20-29,"[5.5348206e-01 2.5808902e-05 7.5313836e-02 4.7874262e-04 1.0343026e-03
 1.3682076e-03 3.6829704e-01]",[0.8777337  0.00164077 0.04267558 0.07794988],[9.9999964e-01 4.0739727e-07],"[5.4026916e-08 5.4946736e-06 4.2825146e-03 8.4073693e-01 1.5399656e-01
 9.7712968e-04 1.2697586e-06 1.4003984e-08 1.6996496e-10]"
D:\Uni\Ulm\Master\Hiwi-Forschung-und-Lehre\FairFace\detected_faces\98059_face0.jpg,Middle Eastern,White,Male,30-39,"[3.1456494e-01 5.1780511e-04 1.0064384e-02 6.3612038e-07 7.3165843e-06
 8.5869379e-04 6.7398620e-01]",[9.7250396e-01 1.9479254e-02 1.9019413e-04 7.8266012e-03],[9.9999815e-01 1.8682091e-06],"[7.9996840e-07 1.3759702e-05 5.4066395e-04 2.6952678e-01 6.9567025e-01
 3.4089901e-02 1.5497362e-04 2.7832414e-06 5.6105137e-08]"
D:\Uni\Ulm\Master\Hiwi-Forschung-und-Lehre\FairFace\detected_faces\98063_face0.jpg,White,White,Male,30-39,"[9.9912709e-01 1.0205531e-06 1.5124293e-04 1.3609905e-07 5.5945321e-07
 1.0201133e-05 7.0981326e-04]",[9.9911213e-01 1.1917458e-04 1.1994110e-05 7.5666286e-04],[9.9997562e-01 2.4321815e-05],"[1.1665465e-08 7.3882444e-07 1.6956207e-04 2.5862688e-01 7.1754056e-01
 2.3619488e-02 4.2655905e-05 1.1545453e-07 2.3110305e-09]"
D:\Uni\Ulm\Master\Hiwi-Forschung-und-Lehre\FairFace\detected_faces\98073_face0.jpg,White,White,Male,30-39,"[8.3101755e-01 1.8915486e-04 9.6477997e-03 7.2643384e-06 2.8071327e-05
 8.0382073e-04 1.5830624e-01]",[9.9744570e-01 5.4748886e-04 1.2196716e-05 1.9946294e-03],[9.9999011e-01 9.8919545e-06],"[1.2382646e-06 7.8125386e-06 1.1069304e-03 3.1038833e-01 6.2318468e-01
 6.4196289e-02 1.0776107e-03 3.6058125e-05 1.1165238e-06]"
D:\Uni\Ulm\Master\Hiwi-Forschung-und-Lehre\FairFace\detected_faces\98075_face0.jpg,White,White,Male,20-29,"[5.0291538e-01 2.2015917e-04 1.5917228e-01 7.3993765e-04 6.6930457e-04
 5.1588260e-02 2.8469461e-01]",[9.1601712e-01 2.8922726e-04 3.6024682e-03 8.0091216e-02],[0.9974873  0.00251269],"[2.9511548e-05 5.3993572e-04 6.4810952e-03 6.2774211e-01 3.5621354e-01
 8.9337118e-03 5.8294463e-05 1.7075298e-06 4.9528701e-08]"
D:\Uni\Ulm\Master\Hiwi-Forschung-und-Lehre\FairFace\detected_faces\98197_face0.jpg,White,White,Male,30-39,"[9.6492648e-01 2.1086085e-05 1.1738735e-03 1.6980408e-05 4.7572808e-05
 6.9215072e-05 3.3744901e-02]",[9.9945825e-01 2.9539285e-04 1.3409331e-04 1.1226117e-04],[9.9999970e-01 2.8142003e-07],"[2.6274822e-06 1.3392801e-05 4.1901841e-04 2.2669062e-01 7.3023826e-01
 4.2378455e-02 2.5541420e-04 2.2315576e-06 3.7725989e-08]"
D:\Uni\Ulm\Master\Hiwi-Forschung-und-Lehre\FairFace\detected_faces\98210_face0.jpg,White,White,Male,30-39,"[7.6049358e-01 1.1413714e-04 5.9565142e-02 1.3238151e-04 2.2999238e-04
 2.1416051e-03 1.7732322e-01]",[9.8514283e-01 9.6931530e-05 3.0708029e-03 1.1689458e-02],[9.999629e-01 3.703634e-05],"[8.4266838e-07 2.2943848e-05 2.2529012e-03 3.9151490e-01 5.8138275e-01
 2.4654001e-02 1.6921383e-04 2.3846985e-06 3.6824638e-08]"
D:\Uni\Ulm\Master\Hiwi-Forschung-und-Lehre\FairFace\detected_faces\98212_face0.jpg,Middle Eastern,Indian,Male,30-39,"[2.0193152e-01 2.9746916e-03 1.9578847e-01 4.9395067e-06 7.0600378e-05
 1.3367955e-02 5.8586180e-01]",[0.23736732 0.02744579 0.00316246 0.7320245 ],[9.9999970e-01 2.7994184e-07],"[4.4713482e-07 1.2935764e-05 1.6622688e-03 4.3205282e-01 5.3475350e-01
 3.1290714e-02 2.2505589e-04 2.2597917e-06 2.2457879e-08]"
D:\Uni\Ulm\Master\Hiwi-Forschung-und-Lehre\FairFace\detected_faces\98217_face0.jpg,White,White,Male,20-29,"[7.5755984e-01 6.1240797e-05 6.4782470e-02 2.9739438e-04 5.0563144e-04
 1.6701367e-03 1.7512329e-01]",[9.8794001e-01 5.3577981e-04 6.4046023e-04 1.0883670e-02],[9.9999934e-01 6.2779316e-07],"[4.5792650e-08 9.0882850e-07 6.6465116e-04 5.5640048e-01 4.3478844e-01
 8.1141982e-03 3.0901450e-05 3.7415225e-07 4.1889079e-09]"
D:\Uni\Ulm\Master\Hiwi-Forschung-und-Lehre\FairFace\detected_faces\98427_face0.jpg,White,White,Male,30-39,"[9.97537136e-01 2.53389680e-06 1.08254346e-04 1.76841240e-06
 5.96245627e-06 2.40735631e-06 2.34190980e-03]",[9.9984330e-01 1.9061070e-05 2.9592589e-05 1.0801947e-04],[9.9999458e-01 5.4244197e-06],"[2.6511029e-07 3.1244706e-06 5.8666366e-04 2.5100803e-01 6.5568388e-01
 9.0690508e-02 1.9995945e-03 2.6956965e-05 9.7513703e-07]"
D:\Uni\Ulm\Master\Hiwi-Forschung-und-Lehre\FairFace\detected_faces\98429_face0.jpg,White,White,Male,30-39,"[5.8347857e-01 3.4396219e-04 6.3774906e-02 9.8834615e-05 1.7611597e-04
 1.4144273e-02 3.3798325e-01]",[9.8999590e-01 5.6568725e-04 1.4987048e-04 9.2885178e-03],[9.9997687e-01 2.3128941e-05],"[1.1662544e-05 1.0573788e-04 1.7222445e-03 3.6012930e-01 5.9770972e-01
 3.9929762e-02 3.8693228e-04 4.4851718e-06 1.7013640e-07]"
D:\Uni\Ulm\Master\Hiwi-Forschung-und-Lehre\FairFace\detected_faces\98431_face0.jpg,White,White,Male,30-39,"[6.8010437e-01 7.1624893e-04 1.5491533e-02 3.9491229e-06 3.3139397e-05
 3.2512160e-04 3.0332565e-01]",[9.9802876e-01 1.7140725e-03 2.1721891e-05 2.3542742e-04],[9.999129e-01 8.706088e-05],"[8.4796358e-07 1.0872446e-05 1.1311590e-03 2.1816090e-01 7.0617700e-01
 7.2264709e-02 2.1674982e-03 8.5234824e-05 1.7974172e-06]"
D:\Uni\Ulm\Master\Hiwi-Forschung-und-Lehre\FairFace\detected_faces\98435_face0.jpg,White,White,Male,30-39,"[9.7702694e-01 3.2814466e-03 9.6178781e-03 3.1477259e-04 1.4836771e-03
 1.7327824e-04 8.1020622e-03]",[0.89951295 0.07385542 0.02557006 0.00106163],[9.999076e-01 9.237680e-05],"[2.89988907e-06 2.18413315e-05 2.73393630e-03 1.18328512e-01
 3.99331719e-01 3.64431083e-01 1.10936195e-01 4.04079352e-03
 1.73007604e-04]"
D:\Uni\Ulm\Master\Hiwi-Forschung-und-Lehre\FairFace\detected_faces\98437_face0.jpg,Black,Black,Male,20-29,"[1.3880265e-06 9.9997693e-01 1.5828909e-05 7.9260565e-10 2.1492177e-08
 3.4997754e-06 2.3339321e-06]",[3.2891086e-07 9.9999946e-01 4.6006409e-08 2.3894833e-07],[9.999998e-01 2.160652e-07],"[3.31013936e-08 3.08106723e-06 3.02260579e-03 5.30016661e-01
 4.35337424e-01 3.13097574e-02 3.06190515e-04 4.18069112e-06
 1.17709625e-07]"
D:\Uni\Ulm\Master\Hiwi-Forschung-und-Lehre\FairFace\detected_faces\98439_face0.jpg,White,White,Male,20-29,"[9.9871367e-01 1.9755414e-06 4.5973848e-04 1.1135489e-06 3.5199332e-06
 2.2472789e-06 8.1768108e-04]",[9.9941808e-01 3.7992734e-04 6.0745497e-05 1.4128102e-04],[1.00000000e+00 1.07500915e-08],"[4.4717744e-08 1.0454472e-05 1.6975399e-02 7.8639919e-01 1.9199704e-01
 4.6026963e-03 1.5014429e-05 1.1725521e-07 1.1885776e-09]"
D:\Uni\Ulm\Master\Hiwi-Forschung-und-Lehre\FairFace\detected_faces\98440_face0.jpg,White,White,Male,30-39,"[9.1229701e-01 3.0502788e-04 5.0211777e-03 7.6888227e-06 5.0876315e-05
 5.8478530e-05 8.2259692e-02]",[0.9642267  0.03265305 0.00110505 0.00201519],[9.9999374e-01 6.3061648e-06],"[1.6543795e-07 4.1453491e-06 6.6872395e-04 2.8011516e-01 6.6964537e-01
 4.8745815e-02 8.0833834e-04 1.1931702e-05 3.3352745e-07]"
D:\Uni\Ulm\Master\Hiwi-Forschung-und-Lehre\FairFace\detected_faces\98448_face0.jpg,White,White,Male,20-29,"[9.6382076e-01 5.1917148e-05 1.7022090e-02 1.9177864e-04 3.8714460e-04
 2.0693465e-04 1.8319262e-02]",[9.9750292e-01 7.4396332e-05 1.7204897e-03 7.0220366e-04],[9.9999684e-01 3.1824716e-06],"[1.9147541e-07 5.9927565e-06 2.2302559e-03 5.4136354e-01 4.4084632e-01
 1.5461631e-02 9.1290574e-05 8.0385314e-07 9.0270573e-09]"
D:\Uni\Ulm\Master\Hiwi-Forschung-und-Lehre\FairFace\detected_faces\98449_face0.jpg,White,White,Male,30-39,"[5.0425255e-01 1.1889361e-03 1.0862105e-01 1.0922659e-04 2.5922665e-04
 2.1912137e-03 3.8337776e-01]",[0.8678887  0.02754651 0.0036652  0.10089963],[9.9999577e-01 4.2096508e-06],"[2.8806116e-06 1.6249754e-05 1.1190161e-03 3.2665142e-01 5.5409718e-01
 1.1338551e-01 4.5445007e-03 1.8080753e-04 2.3437212e-06]"
D:\Uni\Ulm\Master\Hiwi-Forschung-und-Lehre\FairFace\detected_faces\98450_face0.jpg,Black,Black,Male,30-39,"[1.20763582e-06 9.99861360e-01 2.07850735e-05 1.05719501e-07
 3.78389473e-06 1.11552785e-04 1.23361235e-06]",[4.4767359e-07 9.9996865e-01 2.3444768e-06 2.8559818e-05],[0.998351   0.00164906],"[9.7196209e-07 3.4798621e-05 2.9737267e-03 2.5047624e-01 6.4225435e-01
 1.0213757e-01 2.1028607e-03 1.8564833e-05 8.5167926e-07]"
D:\Uni\Ulm\Master\Hiwi-Forschung-und-Lehre\FairFace\detected_faces\98452_face0.jpg,Latino_Hispanic,Black,Male,20-29,"[1.2766053e-02 1.6555138e-01 7.6759404e-01 1.0842739e-04 3.1407869e-03
 4.5775253e-02 5.0640935e-03]",[0.02518077 0.70746386 0.00314171 0.26421368],[9.9996865e-01 3.1304244e-05],"[4.8399011e-06 2.4891234e-04 1.7953800e-02 6.1717975e-01 3.4038422e-01
 2.3886655e-02 3.3255894e-04 9.0414242e-06 2.3456398e-07]"
D:\Uni\Ulm\Master\Hiwi-Forschung-und-Lehre\FairFace\detected_faces\98454_face0.jpg,White,White,Male,30-39,"[9.4286942e-01 6.5722869e-04 2.2399468e-02 6.6631048e-07 5.3404437e-06
 1.8336574e-04 3.3884406e-02]",[9.9868470e-01 3.5102860e-04 3.6564277e-05 9.2770264e-04],[9.9999976e-01 2.4258523e-07],"[5.2746742e-07 3.2702810e-06 1.7414433e-04 6.8188407e-02 6.2207484e-01
 2.9229328e-01 1.6880764e-02 3.8111029e-04 3.7076263e-06]"
D:\Uni\Ulm\Master\Hiwi-Forschung-und-Lehre\FairFace\detected_faces\98912_face0.jpg,Black,Black,Male,30-39,"[2.7081657e-03 8.6450350e-01 9.7767718e-02 1.1616733e-05 2.2351842e-04
 2.6683815e-02 8.1016524e-03]",[1.3523222e-03 9.6700418e-01 3.2480853e-04 3.1318575e-02],[9.9999917e-01 7.8358522e-07],"[2.4314610e-07 1.1495607e-06 6.5324457e-05 2.9575424e-02 5.5453712e-01
 4.0064177e-01 1.5078559e-02 9.9359044e-05 1.0949086e-06]"
D:\Uni\Ulm\Master\Hiwi-Forschung-und-Lehre\FairFace\detected_faces\98953_face0.jpg,White,White,Male,30-39,"[9.9944007e-01 4.6665806e-05 1.3913169e-04 7.8643785e-07 5.1060492e-06
 1.6886390e-06 3.6657762e-04]",[9.9745554e-01 2.3433368e-03 5.6468733e-05 1.4457639e-04],[9.9999875e-01 1.2870996e-06],"[1.8468542e-08 7.7648940e-07 6.0958375e-04 4.4458875e-01 5.3549838e-01
 1.9042183e-02 2.5545110e-04 4.6775726e-06 2.0125212e-07]"
D:\Uni\Ulm\Master\Hiwi-Forschung-und-Lehre\FairFace\detected_faces\99052_face0.jpg,Black,Black,Male,30-39,"[2.1285226e-03 9.3354505e-01 3.0438595e-02 2.3302180e-06 4.2724412e-05
 8.5957590e-03 2.5247065e-02]",[1.6029549e-03 9.7418302e-01 7.9891732e-05 2.4134139e-02],[9.9999976e-01 2.6478440e-07],"[2.2726606e-06 4.1015577e-05 4.7601233e-03 3.5769638e-01 5.3660363e-01
 9.7774811e-02 3.0665158e-03 5.4082095e-05 1.2253178e-06]"
D:\Uni\Ulm\Master\Hiwi-Forschung-und-Lehre\FairFace\detected_faces\99078_face0.jpg,Black,Black,Male,20-29,"[7.69617236e-06 9.99184668e-01 3.62731051e-04 4.66530366e-07
 2.02852898e-05 3.04056681e-04 1.20008175e-04]",[1.5599510e-06 9.9997556e-01 3.4895365e-06 1.9392290e-05],[9.9999857e-01 1.3819667e-06],"[1.15742125e-07 1.07808213e-04 7.41150454e-02 8.49319577e-01
 7.49275610e-02 1.52181566e-03 7.97057146e-06 1.34122203e-07
 3.60104568e-09]"
D:\Uni\Ulm\Master\Hiwi-Forschung-und-Lehre\FairFace\detected_faces\99090_face0.jpg,White,White,Male,30-39,"[9.9988556e-01 2.8912896e-06 3.3485427e-05 6.7065237e-08 6.1588264e-07
 2.1885260e-06 7.5164346e-05]",[9.9946392e-01 8.2071696e-05 2.5781668e-05 4.2826205e-04],[9.999999e-01 7.462427e-08],"[1.11439897e-08 1.12350406e-07 2.11277307e-04 2.84303874e-01
 5.62181294e-01 1.41205817e-01 1.19700273e-02 1.25805440e-04
 1.73174453e-06]"
D:\Uni\Ulm\Master\Hiwi-Forschung-und-Lehre\FairFace\detected_faces\99097_face0.jpg,Middle Eastern,White,Male,40-49,"[8.0585875e-02 3.5022926e-03 1.2182101e-01 6.7172455e-06 2.2966033e-05
 3.5921983e-02 7.5813913e-01]",[0.658131   0.2288464  0.00229052 0.11073209],[9.9997830e-01 2.1691914e-05],"[1.4608227e-05 1.9772717e-05 1.9090579e-04 1.4430199e-02 3.5205883e-01
 5.9450227e-01 3.8394485e-02 3.8429396e-04 4.6402870e-06]"
D:\Uni\Ulm\Master\Hiwi-Forschung-und-Lehre\FairFace\detected_faces\99104_face0.jpg,White,White,Male,20-29,"[9.9593711e-01 2.3295073e-05 2.0485646e-03 9.9982986e-05 1.8904936e-04
 2.2897036e-06 1.6997672e-03]",[9.9700254e-01 6.7539036e-04 2.2409444e-03 8.1101272e-05],[1.0000000e+00 1.1962428e-08],"[1.8730620e-07 2.3033694e-05 2.8847231e-02 7.4676418e-01 2.0663475e-01
 1.6767969e-02 9.4496255e-04 1.7565961e-05 1.6618606e-07]"
D:\Uni\Ulm\Master\Hiwi-Forschung-und-Lehre\FairFace\detected_faces\99516_face0.jpg,White,White,Male,30-39,"[9.8583335e-01 2.7514387e-05 4.1569662e-03 6.4093809e-05 7.3423711e-05
 7.8544130e-05 9.7660674e-03]",[9.9922234e-01 1.2238485e-05 6.6773844e-04 9.7697179e-05],[9.9999976e-01 2.4291060e-07],"[2.0263058e-06 4.9935741e-05 4.9648149e-04 1.2208062e-01 7.5756770e-01
 1.1894223e-01 8.5552997e-04 5.4559282e-06 4.7174211e-08]"
D:\Uni\Ulm\Master\Hiwi-Forschung-und-Lehre\FairFace\detected_faces\99517_face0.jpg,White,White,Male,30-39,"[5.6971121e-01 4.3007196e-04 1.7486738e-01 3.9432616e-06 1.8901717e-05
 1.0322875e-02 2.4464557e-01]",[9.5697665e-01 9.8440656e-03 2.4213233e-04 3.2937206e-02],[9.9999464e-01 5.3550384e-06],"[1.8308010e-07 6.1480723e-06 5.4320256e-04 4.3055487e-01 5.5176312e-01
 1.7104445e-02 2.7986025e-05 1.1797196e-07 1.2565415e-09]"
D:\Uni\Ulm\Master\Hiwi-Forschung-und-Lehre\FairFace\detected_faces\99519_face0.jpg,Latino_Hispanic,White,Male,20-29,"[0.35452506 0.00770794 0.43659833 0.00189738 0.00583266 0.0170494
 0.17638928]",[0.7494338  0.204446   0.00345642 0.04266371],[9.9999350e-01 6.4814144e-06],"[7.6332144e-06 2.0192485e-04 1.1171004e-02 7.6327968e-01 2.2171263e-01
 3.5892620e-03 3.6906971e-05 9.8225053e-07 2.3941972e-08]"
D:\Uni\Ulm\Master\Hiwi-Forschung-und-Lehre\FairFace\detected_faces\99520_face0.jpg,White,White,Male,20-29,"[5.5454212e-01 9.2368600e-06 2.4112152e-02 4.9749899e-05 7.4071606e-05
 1.8052121e-03 4.1940749e-01]",[9.8363191e-01 1.6259793e-03 2.6692860e-04 1.4475047e-02],[9.9999619e-01 3.8106573e-06],"[2.56660595e-08 2.18265768e-06 2.24751187e-03 8.79411221e-01
 1.17686406e-01 6.51752867e-04 8.76942977e-07 7.34004635e-09
 1.21334581e-10]"
D:\Uni\Ulm\Master\Hiwi-Forschung-und-Lehre\FairFace\detected_faces\99524_face0.jpg,Middle Eastern,White,Male,20-29,"[3.3797458e-01 1.6578726e-03 2.9743883e-01 9.2029943e-05 6.1248749e-04
 1.2086942e-02 3.5013726e-01]",[9.34616685e-01 1.35573065e-02 5.72187768e-04 5.12538217e-02],[9.9995774e-01 4.2215979e-05],"[7.5486444e-09 1.8956172e-06 3.2929452e-03 8.4723681e-01 1.4885296e-01
 6.1465579e-04 7.7231584e-07 7.7787705e-09 2.5342331e-10]"
D:\Uni\Ulm\Master\Hiwi-Forschung-und-Lehre\FairFace\detected_faces\99527_face0.jpg,White,White,Male,20-29,"[9.1127217e-01 1.4273330e-05 5.5265795e-03 1.5379734e-05 6.1657258e-05
 9.2436552e-05 8.3017588e-02]",[9.9979204e-01 1.1023932e-05 9.6040611e-05 1.0087840e-04],[1.0000000e+00 1.7117795e-08],"[4.34013685e-07 2.75774491e-05 4.40505752e-03 6.41732454e-01
 3.38845372e-01 1.49015635e-02 8.61831140e-05 1.36367066e-06
 1.26469040e-08]"
D:\Uni\Ulm\Master\Hiwi-Forschung-und-Lehre\FairFace\detected_faces\99528_face0.jpg,White,White,Male,40-49,"[7.1479559e-01 5.5246096e-04 5.2303031e-02 6.6811219e-04 9.4673177e-04
 1.9451873e-03 2.2878896e-01]",[0.9960949  0.00106142 0.00162433 0.00121935],[9.9999493e-01 5.0704575e-06],"[5.5329389e-07 2.4939670e-06 2.7449005e-05 5.4382281e-03 4.0814853e-01
 5.7744312e-01 8.9160716e-03 2.3447275e-05 1.5962060e-07]"
D:\Uni\Ulm\Master\Hiwi-Forschung-und-Lehre\FairFace\detected_faces\99546_face0.jpg,White,White,Male,30-39,"[9.1438156e-01 8.4914333e-05 1.9967170e-02 1.2896073e-02 8.1043569e-03
 1.3887438e-03 4.3177236e-02]",[9.6622187e-01 9.9839832e-05 3.2368097e-02 1.3102356e-03],[9.9998146e-01 1.8557899e-05],"[1.1914475e-04 1.6153025e-03 3.6131411e-03 2.2139856e-01 6.2434620e-01
 1.4383417e-01 4.9865153e-03 8.4863226e-05 2.0723376e-06]"
