face_name_align,race,race4,gender,age,race_scores_fair,race_scores_fair_4,gender_scores_fair,age_scores_fair
D:\Uni\Ulm\Master\Hiwi-Forschung-und-Lehre\FairFace\detected_faces\914276_face0.jpg,Black,Black,Male,20-29,"[4.7102340e-06 9.9949431e-01 1.7970918e-04 3.1882642e-08 1.3720262e-06
 2.0974799e-04 1.1020223e-04]",[1.0465989e-06 9.9998808e-01 9.2505780e-07 1.0007919e-05],[1.0000000e+00 2.7104583e-08],"[6.2145662e-09 2.0417619e-06 4.2998805e-03 8.2148594e-01 1.7132394e-01
 2.8769486e-03 1.1153995e-05 1.0925586e-07 3.2170533e-09]"
D:\Uni\Ulm\Master\Hiwi-Forschung-und-Lehre\FairFace\detected_faces\914309_face0.jpg,Black,Black,Male,30-39,"[2.4228294e-03 5.5614138e-01 3.9143169e-01 9.3867107e-05 3.5675324e-03
 4.4339109e-02 2.0036304e-03]",[0.01126732 0.9319235  0.01159819 0.04521096],[9.9999988e-01 1.2857176e-07],"[3.6465207e-07 1.4021067e-05 2.6165124e-03 4.6385196e-01 5.1009923e-01
 2.3239397e-02 1.7743709e-04 1.0522044e-06 9.5947765e-09]"
D:\Uni\Ulm\Master\Hiwi-Forschung-und-Lehre\FairFace\detected_faces\914313_face0.jpg,White,White,Male,20-29,"[9.7329152e-01 3.9751799e-06 3.9244560e-03 1.7224858e-04 1.2994814e-04
 4.7338026e-04 2.2004440e-02]",[9.9947947e-01 1.7494825e-06 1.5383301e-04 3.6490979e-04],[9.9999666e-01 3.3002009e-06],"[1.6088812e-07 3.5062978e-05 1.2956436e-02 9.0366387e-01 8.2758695e-02
 5.8456202e-04 1.1832910e-06 7.7934112e-09 1.9764011e-10]"
D:\Uni\Ulm\Master\Hiwi-Forschung-und-Lehre\FairFace\detected_faces\914399_face0.jpg,White,White,Male,20-29,"[9.9680591e-01 1.1153712e-06 4.6370333e-04 5.5934201e-05 2.1821599e-05
 4.3085402e-05 2.6085270e-03]",[9.9866354e-01 2.5554420e-05 3.5854170e-04 9.5250638e-04],[9.9999756e-01 2.4882218e-06],"[1.6288305e-06 1.2542502e-04 2.7588058e-02 9.0380239e-01 6.7593560e-02
 8.8549161e-04 3.3077972e-06 5.4336329e-08 1.2647619e-09]"
D:\Uni\Ulm\Master\Hiwi-Forschung-und-Lehre\FairFace\detected_faces\914412_face0.jpg,Black,Black,Male,30-39,"[1.4237827e-05 9.9583387e-01 2.0617072e-03 6.7733833e-07 5.0495069e-05
 1.9863169e-03 5.2744970e-05]",[1.3150375e-05 9.9746132e-01 8.4106134e-05 2.4414307e-03],[9.9999994e-01 4.1384887e-08],"[6.37048103e-08 3.22987347e-07 3.40028171e-04 1.78370580e-01
 6.29719496e-01 1.80237472e-01 1.10836355e-02 2.43970295e-04
 4.39298128e-06]"
D:\Uni\Ulm\Master\Hiwi-Forschung-und-Lehre\FairFace\detected_faces\914419_face0.jpg,White,White,Male,20-29,"[6.2350029e-01 1.0846267e-03 8.6387634e-02 2.9456403e-05 1.1194485e-04
 4.6551492e-04 2.8842047e-01]",[0.7196826  0.25867066 0.0010831  0.02056368],[9.9999964e-01 3.4916596e-07],"[1.6770470e-07 1.2897175e-05 6.3466704e-03 7.6978296e-01 2.1974684e-01
 4.0845410e-03 2.5644531e-05 3.2149947e-07 4.3478883e-09]"
D:\Uni\Ulm\Master\Hiwi-Forschung-und-Lehre\FairFace\detected_faces\914477_face0.jpg,Middle Eastern,Black,Male,30-39,"[1.2268880e-02 2.2302826e-01 2.4927862e-01 1.8890589e-04 3.0968967e-03
 8.4335856e-02 4.2780253e-01]",[0.00738956 0.9405826  0.00327701 0.04875081],[9.9998540e-01 1.4610798e-05],"[1.4375420e-06 3.8320199e-05 2.4014213e-03 3.7812513e-01 5.8914196e-01
 3.0116692e-02 1.7203341e-04 2.9918262e-06 7.3729616e-08]"
D:\Uni\Ulm\Master\Hiwi-Forschung-und-Lehre\FairFace\detected_faces\914481_face0.jpg,White,White,Male,20-29,"[8.8113338e-01 5.9656515e-03 8.9699268e-02 2.1678917e-04 9.9160126e-04
 3.4554029e-04 2.1647830e-02]",[9.5140630e-01 4.7330927e-02 6.6651759e-04 5.9620413e-04],[9.9999523e-01 4.7710782e-06],"[2.7905043e-07 1.6526010e-05 1.7253259e-02 6.9895977e-01 2.2923827e-01
 4.8272353e-02 6.1072139e-03 1.4914545e-04 3.2290111e-06]"
D:\Uni\Ulm\Master\Hiwi-Forschung-und-Lehre\FairFace\detected_faces\914487_face0.jpg,Black,Black,Male,20-29,"[1.3416930e-03 7.7702099e-01 2.0594536e-01 1.1738604e-04 8.1656938e-03
 4.7330391e-03 2.6758178e-03]",[3.5968778e-04 9.9691403e-01 1.5194989e-03 1.2067666e-03],[9.9999988e-01 1.0999193e-07],"[5.8318605e-08 6.0203861e-06 2.3435462e-02 8.7078333e-01 1.0383010e-01
 1.9272703e-03 1.7528377e-05 3.1205957e-07 6.6682242e-09]"
D:\Uni\Ulm\Master\Hiwi-Forschung-und-Lehre\FairFace\detected_faces\914501_face0.jpg,White,White,Male,20-29,"[9.9160236e-01 1.6777671e-05 4.3420908e-03 2.5464069e-05 5.6327546e-05
 9.3648496e-06 3.9475081e-03]",[9.99141157e-01 1.62216180e-04 5.79384388e-04 1.17189586e-04],[9.9999201e-01 8.0181635e-06],"[1.03861346e-07 8.49910430e-05 1.37481108e-01 8.43473852e-01
 1.84404347e-02 5.09916863e-04 9.34340824e-06 2.77205629e-07
 4.19443857e-09]"
D:\Uni\Ulm\Master\Hiwi-Forschung-und-Lehre\FairFace\detected_faces\914519_face0.jpg,Middle Eastern,White,Male,20-29,"[5.3426083e-02 7.5926073e-05 5.2146468e-02 1.8074921e-04 4.0725982e-04
 1.6345751e-03 8.9212894e-01]",[0.9513044  0.00178004 0.0014221  0.04549351],[9.9999976e-01 2.1184320e-07],"[7.3970853e-07 3.0019920e-04 3.1183075e-02 8.2175833e-01 1.4307745e-01
 3.6643762e-03 1.5616815e-05 2.2125433e-07 1.9612574e-09]"
D:\Uni\Ulm\Master\Hiwi-Forschung-und-Lehre\FairFace\detected_faces\914521_face0.jpg,White,White,Male,20-29,"[7.7347499e-01 1.5675800e-04 8.0225050e-02 8.9836639e-04 7.7278243e-04
 1.9129704e-03 1.4255899e-01]",[9.3173838e-01 7.5471983e-04 6.9188620e-03 6.0588066e-02],[1.0000000e+00 1.4085939e-08],"[3.0795564e-07 1.7120369e-04 8.6080186e-02 8.8781077e-01 2.5771867e-02
 1.6508340e-04 5.5143028e-07 1.8864604e-08 1.6396529e-10]"
D:\Uni\Ulm\Master\Hiwi-Forschung-und-Lehre\FairFace\detected_faces\914522_face0.jpg,White,White,Male,10-19,"[9.5565885e-01 2.0614931e-07 2.5511003e-04 7.2287444e-06 1.3537404e-05
 1.9297928e-05 4.4045698e-02]",[9.9942726e-01 1.4836311e-05 1.9582157e-04 3.6207394e-04],[9.9999821e-01 1.8085154e-06],"[5.7348285e-07 1.8356573e-03 6.6310143e-01 3.2108530e-01 1.3011542e-02
 9.5605582e-04 9.1486645e-06 3.0905849e-07 3.0385114e-09]"
D:\Uni\Ulm\Master\Hiwi-Forschung-und-Lehre\FairFace\detected_faces\914523_face0.jpg,Middle Eastern,White,Male,20-29,"[1.7616965e-02 5.3916196e-05 9.1258446e-03 1.2019520e-05 4.7339865e-05
 4.6248888e-03 9.6851909e-01]",[0.9512893  0.00298676 0.00233957 0.04338437],[9.9999970e-01 2.9292195e-07],"[9.9157724e-06 2.9072943e-03 1.0716008e-01 7.1900445e-01 1.6201200e-01
 8.8390121e-03 6.6000393e-05 1.2417853e-06 1.5941264e-08]"
D:\Uni\Ulm\Master\Hiwi-Forschung-und-Lehre\FairFace\detected_faces\914527_face0.jpg,Middle Eastern,White,Male,30-39,"[5.6550756e-02 1.5569311e-04 2.0419503e-02 9.1932561e-06 6.9629335e-05
 7.6106848e-04 9.2203414e-01]",[9.8684090e-01 1.2307977e-03 4.3995789e-04 1.1488309e-02],[1.0000000e+00 1.9398058e-08],"[4.4201724e-07 1.5003003e-05 2.3282578e-03 3.9232033e-01 5.5724311e-01
 4.7856234e-02 2.3420755e-04 2.4140033e-06 1.6250789e-08]"
D:\Uni\Ulm\Master\Hiwi-Forschung-und-Lehre\FairFace\detected_faces\914691_face0.jpg,Black,Black,Male,20-29,"[1.0822475e-06 9.9972934e-01 2.6977841e-05 9.2502773e-08 3.2497057e-06
 2.3642705e-04 2.8583036e-06]",[3.9218603e-06 9.9986428e-01 2.8782881e-05 1.0294717e-04],[9.999929e-01 7.142595e-06],"[3.3121682e-07 2.2809493e-04 5.9350953e-02 7.8599167e-01 1.4592330e-01
 8.3741145e-03 1.2849644e-04 2.9188602e-06 9.6546742e-08]"
D:\Uni\Ulm\Master\Hiwi-Forschung-und-Lehre\FairFace\detected_faces\914692_face0.jpg,Black,Black,Male,20-29,"[1.9058188e-04 6.1659914e-01 2.1461982e-02 9.8286771e-05 7.0005404e-03
 3.5290712e-01 1.7424285e-03]",[6.1286980e-04 8.2705051e-01 5.1917764e-04 1.7181745e-01],[9.9967355e-01 3.2649221e-04],"[2.0786294e-07 1.8205747e-04 5.7296313e-02 8.7424618e-01 6.7379743e-02
 8.9029124e-04 5.1236912e-06 1.2323306e-07 5.0759548e-09]"
D:\Uni\Ulm\Master\Hiwi-Forschung-und-Lehre\FairFace\detected_faces\914694_face0.jpg,Black,Black,Male,30-39,"[7.8993071e-05 9.8516345e-01 8.5554468e-03 6.7535380e-05 3.6728343e-03
 2.4135471e-03 4.8212591e-05]",[0.00330001 0.9357524  0.02609436 0.03485322],[9.9999875e-01 1.2635363e-06],"[8.4120910e-07 3.8260960e-06 7.2463608e-04 2.1949667e-01 6.8191111e-01
 9.5083497e-02 2.7477478e-03 3.0694475e-05 1.0001655e-06]"
D:\Uni\Ulm\Master\Hiwi-Forschung-und-Lehre\FairFace\detected_faces\914695_face0.jpg,Latino_Hispanic,Indian,Male,20-29,"[1.8622015e-01 4.0190495e-03 4.9280414e-01 1.6077570e-04 1.9990064e-03
 2.3394445e-01 8.0852486e-02]",[0.18165554 0.04133479 0.0219423  0.7550674 ],[9.9979687e-01 2.0314379e-04],"[1.6792779e-08 4.7628619e-06 2.9824940e-02 8.2227260e-01 1.4545085e-01
 2.4224420e-03 2.4042978e-05 3.0450875e-07 5.5750871e-09]"
D:\Uni\Ulm\Master\Hiwi-Forschung-und-Lehre\FairFace\detected_faces\914711_face0.jpg,Black,Black,Male,20-29,"[4.2687010e-05 9.9788147e-01 5.4025732e-04 5.9697783e-08 2.4478643e-06
 9.0847985e-04 6.2453159e-04]",[3.1486579e-05 9.9749655e-01 8.2591614e-05 2.3894045e-03],[9.9999976e-01 2.0990134e-07],"[2.0350469e-06 4.4311178e-04 1.7841114e-02 6.2825084e-01 3.4019160e-01
 1.3177302e-02 9.1279704e-05 2.6368011e-06 6.1778628e-08]"
D:\Uni\Ulm\Master\Hiwi-Forschung-und-Lehre\FairFace\detected_faces\914723_face0.jpg,Middle Eastern,White,Male,30-39,"[1.8453281e-01 2.0791165e-04 9.7908668e-02 5.3242315e-04 1.2313774e-03
 4.0346473e-03 7.1155220e-01]",[9.7312260e-01 7.9086615e-04 6.7916703e-03 1.9294763e-02],[9.9966997e-01 3.3001491e-04],"[6.3983125e-06 8.9421017e-05 2.0315493e-03 5.7022430e-02 5.7265395e-01
 3.5668731e-01 1.1365400e-02 1.4148635e-04 2.1441372e-06]"
D:\Uni\Ulm\Master\Hiwi-Forschung-und-Lehre\FairFace\detected_faces\914727_face0.jpg,Middle Eastern,White,Male,20-29,"[1.8886729e-01 3.2827881e-04 3.7950981e-02 1.2477507e-05 8.6218512e-05
 9.7115037e-05 7.7265769e-01]",[9.9633318e-01 2.7184128e-03 3.7802826e-04 5.7027850e-04],[9.9999958e-01 3.7424846e-07],"[7.5968941e-08 2.9339951e-06 2.1847212e-03 5.8614779e-01 4.0249366e-01
 9.1174180e-03 5.2610842e-05 8.2650303e-07 8.2491773e-09]"
D:\Uni\Ulm\Master\Hiwi-Forschung-und-Lehre\FairFace\detected_faces\914728_face0.jpg,White,White,Male,20-29,"[4.4454402e-01 7.9827261e-04 4.0744886e-01 2.7749402e-04 7.0358004e-04
 9.0888096e-04 1.4531885e-01]",[0.9468756  0.02786099 0.00769601 0.01756741],[9.999981e-01 1.914471e-06],"[5.5220649e-08 2.5769761e-05 3.0559452e-02 9.0679717e-01 6.2235568e-02
 3.8143058e-04 4.4359300e-07 6.7929204e-09 8.3770317e-11]"
D:\Uni\Ulm\Master\Hiwi-Forschung-und-Lehre\FairFace\detected_faces\914731_face0.jpg,White,White,Male,20-29,"[6.8061906e-01 4.3069511e-03 1.1382711e-01 1.4385547e-03 8.7499656e-03
 6.1859313e-04 1.9043970e-01]",[0.41350487 0.1849393  0.38610604 0.01544975],[1.0000000e+00 4.7508188e-08],"[6.0521748e-09 3.0100622e-05 1.6429681e-01 8.2514536e-01 1.0470769e-02
 5.6606677e-05 3.6828220e-07 1.1902725e-08 1.2796383e-10]"
D:\Uni\Ulm\Master\Hiwi-Forschung-und-Lehre\FairFace\detected_faces\914744_face0.jpg,White,White,Male,20-29,"[7.7359438e-01 5.7160607e-05 1.5991725e-01 1.2756878e-04 6.8347808e-04
 3.6863599e-03 6.1933752e-02]",[0.9589008  0.00126928 0.00339143 0.03643856],[9.9999684e-01 3.1311465e-06],"[6.9542899e-08 6.8444538e-06 2.3767198e-03 6.4971519e-01 3.4300792e-01
 4.8843189e-03 8.9302612e-06 9.6837176e-08 1.2219228e-09]"
D:\Uni\Ulm\Master\Hiwi-Forschung-und-Lehre\FairFace\detected_faces\914749_face0.jpg,Latino_Hispanic,Indian,Male,20-29,"[2.0228601e-01 3.3949397e-04 3.8851169e-01 1.3836308e-03 3.7423302e-03
 4.9833130e-02 3.5390374e-01]",[0.37893707 0.00325881 0.01168725 0.6061169 ],[9.999777e-01 2.228844e-05],"[3.2439522e-05 4.6374791e-04 5.6100371e-03 6.0580713e-01 3.7535250e-01
 1.2651180e-02 8.0325772e-05 2.4700810e-06 5.1008378e-08]"
D:\Uni\Ulm\Master\Hiwi-Forschung-und-Lehre\FairFace\detected_faces\914752_face0.jpg,Middle Eastern,White,Male,20-29,"[2.9888223e-03 7.8467754e-05 3.5031114e-03 3.3780968e-06 2.3572949e-05
 2.5209889e-03 9.9088162e-01]",[8.1666809e-01 2.8613224e-03 5.1823107e-04 1.7995232e-01],[9.997932e-01 2.067988e-04],"[5.4317707e-07 2.1933673e-05 6.2245531e-03 6.1350673e-01 3.6301404e-01
 1.7026102e-02 1.9755344e-04 8.2058805e-06 3.4871582e-07]"
D:\Uni\Ulm\Master\Hiwi-Forschung-und-Lehre\FairFace\detected_faces\914754_face0.jpg,White,White,Male,20-29,"[8.7063229e-01 1.0117083e-04 4.4402350e-02 3.6253859e-05 6.0251510e-05
 6.6016859e-05 8.4701635e-02]",[9.998002e-01 8.459955e-05 4.154191e-05 7.364939e-05],[9.9998945e-01 1.0565553e-05],"[9.1834469e-09 1.5574695e-05 2.4791884e-01 7.3961484e-01 1.2331511e-02
 1.1900065e-04 3.0985717e-07 4.2717629e-09 6.1007324e-11]"
D:\Uni\Ulm\Master\Hiwi-Forschung-und-Lehre\FairFace\detected_faces\914755_face0.jpg,White,White,Male,20-29,"[9.95556712e-01 6.86329884e-07 6.49037538e-04 3.71395868e-06
 1.44437545e-05 2.40706286e-05 3.75134870e-03]",[9.9971265e-01 6.4252978e-05 3.5828594e-05 1.8729713e-04],[1.0000000e+00 4.5663544e-09],"[1.2135243e-07 6.3594925e-05 3.1956181e-02 7.6709884e-01 1.9192353e-01
 8.9265676e-03 3.0924326e-05 2.2213824e-07 1.7816300e-09]"
D:\Uni\Ulm\Master\Hiwi-Forschung-und-Lehre\FairFace\detected_faces\914756_face0.jpg,White,White,Male,20-29,"[7.4538970e-01 1.2467739e-04 1.5467538e-01 9.1215414e-05 1.4680525e-04
 7.2058552e-05 9.9500127e-02]",[9.9604118e-01 6.8787864e-04 3.1830708e-03 8.7811233e-05],[0.9964127  0.00358734],"[3.6188208e-09 3.8351222e-06 6.2222797e-02 8.8699323e-01 5.0083194e-02
 6.9368212e-04 3.2192479e-06 5.7700600e-08 6.2243788e-10]"
D:\Uni\Ulm\Master\Hiwi-Forschung-und-Lehre\FairFace\detected_faces\914765_face0.jpg,White,White,Male,20-29,"[0.58463806 0.01789889 0.293432   0.00134374 0.00784895 0.05535061
 0.03948783]",[0.7092839  0.15894635 0.01449473 0.1172751 ],[9.9999988e-01 1.3635585e-07],"[3.3914475e-07 6.4767359e-05 5.6007508e-02 7.7487338e-01 1.6338341e-01
 5.5948724e-03 7.2789968e-05 2.9085832e-06 3.9933070e-08]"
D:\Uni\Ulm\Master\Hiwi-Forschung-und-Lehre\FairFace\detected_faces\914771_face0.jpg,White,White,Male,20-29,"[9.1154879e-01 1.6820053e-05 2.4402311e-02 5.8240915e-04 6.5093581e-04
 4.2092588e-04 6.2377725e-02]",[9.9876153e-01 3.6868819e-06 1.0257900e-03 2.0898122e-04],[9.9999940e-01 6.1541596e-07],"[1.2716630e-06 6.7343288e-05 1.4856398e-02 8.0304778e-01 1.7983042e-01
 2.1908686e-03 5.6860631e-06 1.4103175e-07 1.6899309e-09]"
D:\Uni\Ulm\Master\Hiwi-Forschung-und-Lehre\FairFace\detected_faces\914775_face0.jpg,Middle Eastern,White,Male,20-29,"[2.0039150e-01 1.5415542e-03 1.5225774e-01 5.2598563e-05 1.8711996e-04
 2.2249632e-03 6.4334458e-01]",[0.9534697  0.01865254 0.00160569 0.02627212],[9.999993e-01 6.924700e-07],"[6.08398693e-07 3.09671123e-05 7.86546152e-03 8.78674030e-01
 1.12220764e-01 1.20277144e-03 5.20257254e-06 1.46711244e-07
 2.37038500e-09]"
D:\Uni\Ulm\Master\Hiwi-Forschung-und-Lehre\FairFace\detected_faces\914780_face0.jpg,White,White,Male,20-29,"[6.0458916e-01 1.0098673e-03 2.5295132e-01 2.1243848e-04 4.3097645e-04
 1.0972839e-03 1.3970886e-01]",[0.9888144  0.00565522 0.0029209  0.0026094 ],[9.9999803e-01 1.9443175e-06],"[1.5747116e-06 3.1843389e-04 6.9505282e-02 7.1385503e-01 2.1160375e-01
 4.6899775e-03 2.5771142e-05 2.3458693e-07 2.7669580e-09]"
D:\Uni\Ulm\Master\Hiwi-Forschung-und-Lehre\FairFace\detected_faces\914819_face0.jpg,Latino_Hispanic,Black,Male,30-39,"[1.50320698e-02 1.01778954e-01 3.20746005e-01 6.73218310e-05
 1.10230362e-03 2.77811319e-01 2.83462018e-01]",[8.335431e-03 9.381419e-01 7.730606e-04 5.274954e-02],[9.9999726e-01 2.6766543e-06],"[8.3067091e-05 1.7046557e-03 1.2671211e-02 2.9965550e-01 5.5136478e-01
 1.2676381e-01 7.5351163e-03 2.1822863e-04 3.5949327e-06]"
D:\Uni\Ulm\Master\Hiwi-Forschung-und-Lehre\FairFace\detected_faces\914835_face0.jpg,Black,Black,Male,20-29,"[5.4450986e-05 9.9702686e-01 1.6754493e-03 1.2094149e-06 4.4808974e-05
 9.3138206e-04 2.6581081e-04]",[1.7363642e-05 9.9949408e-01 4.5545112e-05 4.4299633e-04],[1.0000000e+00 2.6355481e-08],"[8.1439149e-09 2.0513680e-06 9.1239186e-03 7.8196585e-01 2.0378238e-01
 5.0809467e-03 4.4138887e-05 6.5365475e-07 6.8224359e-09]"
D:\Uni\Ulm\Master\Hiwi-Forschung-und-Lehre\FairFace\detected_faces\914838_face0.jpg,Middle Eastern,White,Male,20-29,"[6.6652775e-02 4.0713415e-04 1.0534030e-01 6.5209642e-05 2.4116140e-04
 2.0410204e-03 8.2525235e-01]",[0.867837   0.05304968 0.00232507 0.07678822],[9.999987e-01 1.274950e-06],"[4.8940836e-07 3.5224071e-05 1.0051306e-02 6.5453792e-01 3.2520020e-01
 1.0129709e-02 4.4595647e-05 5.9929727e-07 6.3222929e-09]"
D:\Uni\Ulm\Master\Hiwi-Forschung-und-Lehre\FairFace\detected_faces\914844_face0.jpg,Latino_Hispanic,Black,Male,20-29,"[1.6619340e-01 8.3950557e-02 5.3012854e-01 1.5632942e-04 1.0123351e-03
 1.7244821e-02 2.0131397e-01]",[0.2626586  0.40975493 0.01981019 0.30777627],[9.999914e-01 8.578405e-06],"[1.6388173e-06 2.5799760e-04 2.5609557e-02 7.5466347e-01 2.1168876e-01
 7.6981862e-03 7.8720077e-05 1.6783928e-06 2.5496160e-08]"
D:\Uni\Ulm\Master\Hiwi-Forschung-und-Lehre\FairFace\detected_faces\914846_face0.jpg,White,White,Male,10-19,"[5.7626390e-01 3.4032705e-06 5.4072076e-03 6.8002258e-04 5.6584110e-04
 1.5584902e-04 4.1692382e-01]",[9.9349487e-01 4.6411467e-05 4.2761620e-03 2.1825812e-03],[9.9963325e-01 3.6669333e-04],"[5.3463202e-07 1.9751005e-03 6.2164259e-01 3.6765009e-01 8.4766606e-03
 2.5323211e-04 1.8273212e-06 4.2541998e-08 9.5906161e-10]"
D:\Uni\Ulm\Master\Hiwi-Forschung-und-Lehre\FairFace\detected_faces\914848_face0.jpg,Latino_Hispanic,Black,Male,30-39,"[1.5217893e-01 8.3577327e-02 6.4767075e-01 8.7523717e-05 4.1729282e-04
 5.0594104e-03 1.1100877e-01]",[0.19310756 0.7907535  0.0032874  0.01285152],[9.9999434e-01 5.6797448e-06],"[8.6207692e-06 8.8433153e-05 1.8783283e-03 2.3326118e-01 6.3937753e-01
 1.2097350e-01 4.3560797e-03 5.5538927e-05 7.2437240e-07]"
D:\Uni\Ulm\Master\Hiwi-Forschung-und-Lehre\FairFace\detected_faces\914857_face0.jpg,White,White,Male,20-29,"[9.9998015e-01 4.3606491e-08 2.4982987e-06 8.4043641e-08 1.2767121e-07
 4.5109392e-08 1.7093193e-05]",[9.9999851e-01 4.6909076e-07 5.7720393e-07 4.3671673e-07],[1.0000000e+00 1.0981403e-08],"[4.7131758e-07 3.8096223e-05 8.3617428e-03 6.4994717e-01 3.2719034e-01
 1.4382401e-02 7.9284364e-05 4.5591793e-07 8.0610594e-09]"
D:\Uni\Ulm\Master\Hiwi-Forschung-und-Lehre\FairFace\detected_faces\914863_face0.jpg,Middle Eastern,White,Male,30-39,"[1.7531412e-03 4.5367528e-04 2.8559759e-03 2.1508859e-07 3.2026555e-06
 5.2820164e-04 9.9440557e-01]",[0.73862207 0.20445946 0.00087013 0.05604826],[9.9998158e-01 1.8391876e-05],"[1.8047502e-06 4.6371733e-05 3.6917934e-03 3.2872805e-01 6.2255555e-01
 4.4222806e-02 7.2983617e-04 2.3318105e-05 3.9434465e-07]"
D:\Uni\Ulm\Master\Hiwi-Forschung-und-Lehre\FairFace\detected_faces\914877_face0.jpg,White,White,Male,20-29,"[5.4630619e-01 2.5572549e-04 1.5234227e-01 2.2828019e-05 1.1624709e-04
 6.2341690e-03 2.9472247e-01]",[9.0931904e-01 7.2556728e-04 3.1162100e-03 8.6839207e-02],[9.999143e-01 8.566377e-05],"[2.0696957e-07 1.0501089e-05 7.5303842e-03 7.7587301e-01 2.1334106e-01
 3.2299198e-03 1.4742230e-05 1.8611999e-07 3.0812268e-09]"
D:\Uni\Ulm\Master\Hiwi-Forschung-und-Lehre\FairFace\detected_faces\914879_face0.jpg,White,White,Male,20-29,"[9.5931309e-01 9.4925927e-04 2.9616619e-02 6.6252331e-05 1.2404511e-04
 6.0554881e-05 9.8702833e-03]",[0.9962142  0.00146815 0.00117916 0.00113847],[9.99899566e-01 1.00376325e-04],"[1.3418310e-06 7.0095964e-05 1.7080409e-02 6.6625607e-01 2.8782719e-01
 2.7539469e-02 1.1722525e-03 5.1608233e-05 1.6312141e-06]"
D:\Uni\Ulm\Master\Hiwi-Forschung-und-Lehre\FairFace\detected_faces\914881_face0.jpg,White,Black,Male,20-29,"[3.8279381e-01 1.7658582e-01 3.6521688e-01 2.7581944e-05 1.9567549e-04
 3.3812602e-03 7.1798943e-02]",[5.1435914e-02 9.4782305e-01 4.3534059e-05 6.9743395e-04],[9.999999e-01 7.976491e-08],"[9.0213078e-08 1.8781061e-06 3.3677698e-03 5.1502383e-01 4.2992204e-01
 4.9320728e-02 2.3240272e-03 3.9247047e-05 3.4496267e-07]"
D:\Uni\Ulm\Master\Hiwi-Forschung-und-Lehre\FairFace\detected_faces\914891_face0.jpg,White,White,Male,20-29,"[9.9934602e-01 1.8793011e-06 2.0079015e-04 2.8516768e-06 3.6564998e-06
 1.6079665e-07 4.4463057e-04]",[9.9911904e-01 6.5923005e-04 2.0280579e-04 1.8852703e-05],[1.0000000e+00 1.5074503e-09],"[4.5460888e-09 8.4088497e-06 9.2151023e-02 8.7491477e-01 3.2418039e-02
 5.0558842e-04 2.1515057e-06 1.4201453e-08 8.8351888e-11]"
D:\Uni\Ulm\Master\Hiwi-Forschung-und-Lehre\FairFace\detected_faces\914895_face0.jpg,White,White,Male,20-29,"[9.6964508e-01 2.3793988e-04 1.8855097e-02 1.1532714e-04 1.6680642e-04
 2.8060593e-05 1.0951695e-02]",[9.9659455e-01 2.4501630e-03 6.9902401e-04 2.5619578e-04],[9.999992e-01 7.375008e-07],"[2.3131405e-07 9.8578581e-05 1.1670306e-01 8.4050632e-01 4.1554853e-02
 1.1175976e-03 1.9058385e-05 3.1809626e-07 6.8490542e-09]"
D:\Uni\Ulm\Master\Hiwi-Forschung-und-Lehre\FairFace\detected_faces\914902_face0.jpg,White,White,Male,20-29,"[9.9999762e-01 1.9008333e-08 3.3802135e-07 9.0462251e-09 3.4317530e-08
 1.3298200e-08 2.0354996e-06]",[9.9999034e-01 6.1523383e-06 1.0840599e-06 2.4167339e-06],[9.9991816e-01 8.1847633e-05],"[4.2484267e-08 1.0622162e-05 1.3163245e-02 6.5951389e-01 2.6971701e-01
 5.5912007e-02 1.6502825e-03 3.2134172e-05 7.3081674e-07]"
D:\Uni\Ulm\Master\Hiwi-Forschung-und-Lehre\FairFace\detected_faces\914915_face0.jpg,Middle Eastern,White,Male,20-29,"[4.2777205e-01 2.4323830e-04 1.5392800e-02 4.5346044e-04 4.1416023e-04
 9.8825665e-04 5.5473608e-01]",[9.9875927e-01 8.3901983e-04 2.7991188e-04 1.2182119e-04],[9.9999982e-01 1.8227271e-07],"[2.0429870e-07 5.2134212e-05 3.1035451e-02 9.2131186e-01 4.7395952e-02
 2.0397051e-04 3.4717169e-07 1.1029579e-08 1.9128689e-10]"
D:\Uni\Ulm\Master\Hiwi-Forschung-und-Lehre\FairFace\detected_faces\915043_face0.jpg,Middle Eastern,White,Male,20-29,"[6.5381564e-02 3.8364151e-04 8.7047435e-02 9.4304633e-05 2.7837217e-04
 1.7863635e-02 8.2895106e-01]",[0.5181708  0.06352244 0.01026376 0.40804306],[9.9998808e-01 1.1964693e-05],"[3.5768554e-07 6.9596907e-05 5.9443898e-03 8.1218690e-01 1.8047501e-01
 1.3208349e-03 2.8364932e-06 3.2281623e-08 5.7355348e-10]"
D:\Uni\Ulm\Master\Hiwi-Forschung-und-Lehre\FairFace\detected_faces\915098_face0.jpg,White,White,Male,20-29,"[9.6054518e-01 1.5834424e-04 8.8615231e-03 1.5628408e-06 6.0156167e-06
 4.8182730e-04 2.9945577e-02]",[9.8327535e-01 1.8311598e-03 1.7065133e-04 1.4722802e-02],[9.999659e-01 3.408826e-05],"[3.3014100e-08 2.9920111e-06 7.3600318e-03 8.2536024e-01 1.6542645e-01
 1.8428976e-03 7.2959324e-06 1.1416948e-07 2.0236357e-09]"
D:\Uni\Ulm\Master\Hiwi-Forschung-und-Lehre\FairFace\detected_faces\915129_face0.jpg,Black,Black,Male,20-29,"[2.17775346e-06 9.99386668e-01 7.36445509e-05 7.12641338e-07
 2.44241055e-05 5.00807189e-04 1.15418625e-05]",[2.1006124e-06 9.9987048e-01 2.8287674e-05 9.9200777e-05],[9.9999571e-01 4.2685947e-06],"[1.6480051e-07 4.4851491e-04 1.8659462e-01 7.6965165e-01 4.2468544e-02
 8.3243370e-04 4.0535515e-06 7.8427476e-08 2.6759150e-09]"
D:\Uni\Ulm\Master\Hiwi-Forschung-und-Lehre\FairFace\detected_faces\915135_face0.jpg,Black,Black,Male,10-19,"[7.5474607e-05 9.9885625e-01 7.7250844e-04 3.4904051e-06 1.7461718e-04
 9.3623232e-05 2.4131266e-05]",[1.1250568e-05 9.9992812e-01 4.0764706e-05 1.9876528e-05],[0.99855936 0.00144067],"[2.0540554e-06 1.8828722e-02 7.6529592e-01 2.1243446e-01 3.3620119e-03
 7.5741205e-05 9.8435862e-07 4.2312543e-08 2.9852369e-09]"
D:\Uni\Ulm\Master\Hiwi-Forschung-und-Lehre\FairFace\detected_faces\915280_face0.jpg,Black,Black,Male,30-39,"[3.3522647e-06 9.9944204e-01 2.3509027e-04 2.2749198e-06 3.4232362e-05
 2.7789117e-04 5.0485723e-06]",[4.9004602e-06 9.9974054e-01 9.3655457e-05 1.6087442e-04],[9.99781e-01 2.19009e-04],"[2.1632544e-05 1.8607797e-04 4.2360132e-03 4.7673526e-01 4.7683102e-01
 4.1498717e-02 4.8574957e-04 5.2154296e-06 2.7346658e-07]"
D:\Uni\Ulm\Master\Hiwi-Forschung-und-Lehre\FairFace\detected_faces\915281_face0.jpg,White,White,Male,20-29,"[9.7502214e-01 6.6038310e-06 3.8467955e-03 5.2613923e-05 6.4862928e-05
 8.2177983e-05 2.0924741e-02]",[9.9947053e-01 2.2148529e-04 8.8063767e-05 2.1993565e-04],[9.9999946e-01 5.4558137e-07],"[1.5886812e-07 1.7441178e-05 1.0476906e-02 8.9614886e-01 9.2417888e-02
 9.3677727e-04 1.9721251e-06 1.9140348e-08 3.0490285e-10]"
D:\Uni\Ulm\Master\Hiwi-Forschung-und-Lehre\FairFace\detected_faces\915451_face0.jpg,Black,Black,Male,20-29,"[8.4548892e-06 9.9971539e-01 2.3032640e-04 7.9685655e-08 8.1904682e-07
 2.2614924e-05 2.2366088e-05]",[9.6975618e-06 9.9995518e-01 2.1092199e-05 1.4042759e-05],[9.9999857e-01 1.4634055e-06],"[4.2210238e-05 7.8994706e-03 2.2210357e-01 5.6377566e-01 1.7079444e-01
 3.4656402e-02 7.1263179e-04 1.5135628e-05 4.4152603e-07]"
D:\Uni\Ulm\Master\Hiwi-Forschung-und-Lehre\FairFace\detected_faces\915567_face0.jpg,White,White,Male,20-29,"[9.6646857e-01 1.2822517e-05 1.3363327e-02 8.7025383e-06 1.9218429e-05
 4.1540254e-05 2.0085827e-02]",[9.9956757e-01 1.6289527e-04 7.4355885e-05 1.9517737e-04],[9.9999893e-01 1.0761478e-06],"[4.0087958e-08 3.1061860e-05 5.1233385e-02 9.0100914e-01 4.7453746e-02
 2.7224753e-04 3.8514167e-07 4.2861452e-09 8.3793250e-11]"
D:\Uni\Ulm\Master\Hiwi-Forschung-und-Lehre\FairFace\detected_faces\915628_face0.jpg,White,White,Male,20-29,"[9.6978390e-01 1.5912496e-04 1.7451584e-02 2.8022563e-05 7.2836352e-05
 1.9515876e-04 1.2309307e-02]",[9.9869293e-01 3.4857786e-04 3.0488856e-04 6.5361359e-04],[1.0000000e+00 1.8265975e-08],"[2.24256127e-07 5.80484266e-05 1.24271018e-02 7.52688348e-01
 2.30191782e-01 4.62151831e-03 1.29234440e-05 1.16918045e-07
 1.21677479e-09]"
D:\Uni\Ulm\Master\Hiwi-Forschung-und-Lehre\FairFace\detected_faces\915688_face0.jpg,Black,Black,Male,20-29,"[6.6473694e-07 9.9996114e-01 2.1996151e-05 1.0491174e-08 3.0641914e-07
 1.0882141e-05 4.8327388e-06]",[3.8525454e-07 9.9999619e-01 1.0802420e-06 2.3813864e-06],[9.9999714e-01 2.8442876e-06],"[1.1405367e-08 2.2943220e-06 1.0062982e-02 8.0978638e-01 1.7381793e-01
 6.2826076e-03 4.7266160e-05 5.3602849e-07 1.6529416e-08]"
D:\Uni\Ulm\Master\Hiwi-Forschung-und-Lehre\FairFace\detected_faces\915812_face0.jpg,White,White,Male,20-29,"[5.4263127e-01 5.3012860e-04 3.4340870e-01 1.2500609e-04 4.3979747e-04
 5.3378805e-03 1.0752716e-01]",[0.8659441  0.01242554 0.00296619 0.11866406],[9.999995e-01 4.692079e-07],"[2.04382422e-06 4.39583237e-04 2.56944858e-02 7.84293652e-01
 1.86694026e-01 2.87019694e-03 5.90744048e-06 1.11164674e-07
 1.17536625e-09]"
D:\Uni\Ulm\Master\Hiwi-Forschung-und-Lehre\FairFace\detected_faces\915839_face0.jpg,Black,Black,Male,20-29,"[2.5879197e-05 9.9863148e-01 1.1257458e-03 4.6545887e-07 1.2831781e-05
 9.0830668e-05 1.1269364e-04]",[1.0580357e-05 9.9983668e-01 5.3679680e-05 9.9081393e-05],[9.9999976e-01 2.4034642e-07],"[1.3313139e-07 6.5732083e-06 9.2482064e-03 6.0354322e-01 3.6371842e-01
 2.3141734e-02 3.3311613e-04 8.4402709e-06 1.9188096e-07]"
D:\Uni\Ulm\Master\Hiwi-Forschung-und-Lehre\FairFace\detected_faces\915907_face0.jpg,White,White,Male,20-29,"[0.3601161  0.03098351 0.25862548 0.00055389 0.00147024 0.01033345
 0.3379173 ]",[0.98347455 0.00855886 0.0049273  0.00303932],[9.9999827e-01 1.7277048e-06],"[4.5134064e-07 3.0272133e-06 1.5451434e-03 5.1347619e-01 4.6414596e-01
 2.0649282e-02 1.7683434e-04 2.9988182e-06 5.3955972e-08]"
D:\Uni\Ulm\Master\Hiwi-Forschung-und-Lehre\FairFace\detected_faces\916051_face0.jpg,White,White,Male,20-29,"[7.9419065e-01 1.5931870e-03 8.4848121e-02 7.1612292e-04 2.7530200e-03
 3.2283986e-04 1.1557607e-01]",[0.9734463  0.01911666 0.00436725 0.00306985],[9.9999994e-01 1.0679713e-07],"[3.2184104e-07 1.7675279e-04 3.4570873e-02 9.0562105e-01 5.9257723e-02
 3.7241244e-04 8.1977083e-07 1.7811308e-08 2.6768096e-10]"
D:\Uni\Ulm\Master\Hiwi-Forschung-und-Lehre\FairFace\detected_faces\916069_face0.jpg,Middle Eastern,White,Male,20-29,"[3.8438302e-01 2.2445656e-03 2.2417597e-01 3.7096946e-05 1.6071253e-04
 1.9719347e-03 3.8702679e-01]",[9.8836082e-01 7.9076579e-03 7.5307174e-04 2.9784848e-03],[9.9998677e-01 1.3260741e-05],"[7.0514531e-08 7.9756019e-06 5.8167470e-03 8.2170320e-01 1.6963153e-01
 2.8246692e-03 1.5521080e-05 3.5375049e-07 6.4734040e-09]"
D:\Uni\Ulm\Master\Hiwi-Forschung-und-Lehre\FairFace\detected_faces\916136_face0.jpg,White,White,Male,20-29,"[5.1180035e-01 1.3063794e-03 1.0883573e-01 3.8935192e-05 1.0774061e-04
 4.1564112e-03 3.7375453e-01]",[0.93029463 0.05510091 0.00097503 0.01362941],[1.0000000e+00 1.7302618e-08],"[1.0106393e-06 4.5053464e-05 6.7775873e-03 5.5491912e-01 4.0635604e-01
 3.1432927e-02 4.6144452e-04 6.8034124e-06 4.9449447e-08]"
D:\Uni\Ulm\Master\Hiwi-Forschung-und-Lehre\FairFace\detected_faces\916246_face0.jpg,Middle Eastern,White,Male,30-39,"[6.5669995e-03 3.0880969e-04 4.7221696e-03 1.4701213e-05 7.2685172e-05
 1.5584414e-03 9.8675621e-01]",[0.5633746  0.1721201  0.01358421 0.25092107],[9.9979275e-01 2.0723969e-04],"[2.8091521e-05 4.9109658e-04 1.1208663e-02 4.1160187e-01 5.3836161e-01
 3.7804544e-02 4.8240542e-04 2.1023581e-05 6.3391644e-07]"
D:\Uni\Ulm\Master\Hiwi-Forschung-und-Lehre\FairFace\detected_faces\916322_face0.jpg,White,White,Male,20-29,"[9.8594588e-01 3.3499742e-05 8.4183337e-03 3.5063818e-05 8.0478756e-05
 3.3460492e-05 5.4533440e-03]",[9.9943864e-01 1.9912563e-04 2.9299417e-04 6.9239009e-05],[9.9998164e-01 1.8389046e-05],"[8.1803944e-07 9.7320735e-05 2.4377225e-02 7.7480352e-01 1.9716536e-01
 3.5382460e-03 1.7312981e-05 2.1884135e-07 5.1743778e-09]"
D:\Uni\Ulm\Master\Hiwi-Forschung-und-Lehre\FairFace\detected_faces\916355_face0.jpg,Latino_Hispanic,White,Male,20-29,"[0.42646903 0.00047626 0.45758304 0.00218207 0.00534933 0.00239125
 0.10554899]",[0.8441123  0.04077286 0.05516991 0.05994505],[1.000000e+00 2.409651e-10],"[3.5123588e-09 1.7046461e-06 1.7495381e-02 9.3903649e-01 4.3137014e-02
 3.2845500e-04 9.7025645e-07 1.4375587e-08 7.1206811e-11]"
D:\Uni\Ulm\Master\Hiwi-Forschung-und-Lehre\FairFace\detected_faces\916543_face0.jpg,Black,Black,Male,20-29,"[1.6452010e-05 9.9981236e-01 1.2918706e-04 3.1536409e-08 1.0610086e-06
 2.5596684e-05 1.5338723e-05]",[5.3922518e-06 9.9998683e-01 1.3790400e-06 6.4115793e-06],[1.000000e+00 3.170464e-08],"[1.4298945e-09 3.5706400e-06 1.5327675e-02 9.1774726e-01 6.6484369e-02
 4.3563193e-04 1.5035041e-06 1.6681529e-08 3.6555117e-10]"
D:\Uni\Ulm\Master\Hiwi-Forschung-und-Lehre\FairFace\detected_faces\916607_face0.jpg,White,White,Male,20-29,"[6.8413055e-01 1.0009862e-03 8.9654490e-02 9.8535973e-05 5.5377424e-04
 3.6804864e-04 2.2419360e-01]",[9.8416018e-01 1.3665283e-02 1.3409727e-03 8.3352916e-04],[9.9999988e-01 1.6118689e-07],"[5.7844147e-08 3.1743337e-05 7.7095620e-02 8.8875192e-01 3.3773381e-02
 3.4554352e-04 1.7684584e-06 4.1830116e-08 5.7632649e-10]"
D:\Uni\Ulm\Master\Hiwi-Forschung-und-Lehre\FairFace\detected_faces\916654_face0.jpg,White,White,Male,30-39,"[8.7544090e-01 7.4616095e-05 1.1564544e-01 1.0368124e-04 2.2776675e-04
 5.5796735e-04 7.9496354e-03]",[9.9388826e-01 4.1420653e-04 2.1845072e-04 5.4790499e-03],[1.0000000e+00 8.2542915e-09],"[8.0387288e-08 3.6290830e-06 1.1450568e-03 3.4751996e-01 5.9699988e-01
 5.3945433e-02 3.8359794e-04 2.3541568e-06 1.3701195e-08]"
D:\Uni\Ulm\Master\Hiwi-Forschung-und-Lehre\FairFace\detected_faces\916680_face0.jpg,Black,Black,Male,30-39,"[7.2385234e-08 9.9999720e-01 5.5237109e-07 1.8702160e-09 2.5413092e-08
 2.0938601e-06 5.1478402e-08]",[3.4003600e-07 9.9999881e-01 3.1169679e-07 5.6048214e-07],[9.999913e-01 8.687759e-06],"[3.0650050e-08 1.8309208e-06 1.1598943e-03 2.6120669e-01 5.5458272e-01
 1.7642562e-01 6.5518166e-03 6.8247478e-05 3.1317913e-06]"
D:\Uni\Ulm\Master\Hiwi-Forschung-und-Lehre\FairFace\detected_faces\916681_face0.jpg,White,White,Male,20-29,"[9.1328830e-01 2.8604061e-06 8.3278529e-03 1.6137194e-04 1.9256250e-04
 1.1920206e-05 7.8015149e-02]",[9.9917555e-01 1.2556587e-05 4.9806101e-04 3.1391581e-04],[9.9999267e-01 7.3298984e-06],"[2.8354615e-08 9.8723300e-05 1.9866072e-01 7.8297377e-01 1.8054556e-02
 2.1149131e-04 7.0193011e-07 9.5732746e-09 1.7967393e-10]"
D:\Uni\Ulm\Master\Hiwi-Forschung-und-Lehre\FairFace\detected_faces\916920_face0.jpg,White,White,Male,20-29,"[9.9980342e-01 1.5140330e-05 1.0789053e-04 1.1954990e-07 8.6209502e-07
 2.5599606e-06 6.9891968e-05]",[9.9865031e-01 7.8881142e-04 3.1162424e-05 5.2975793e-04],[9.9996334e-01 3.6631136e-05],"[3.3690647e-08 1.5136861e-05 1.6275672e-02 9.2405760e-01 5.8446549e-02
 1.1860656e-03 1.8555254e-05 4.3257484e-07 2.9103068e-08]"
D:\Uni\Ulm\Master\Hiwi-Forschung-und-Lehre\FairFace\detected_faces\916946_face0.jpg,White,White,Male,20-29,"[9.7349447e-01 6.7489462e-05 4.6926672e-03 4.7457493e-06 3.3244833e-05
 7.6971002e-05 2.1630406e-02]",[9.9932170e-01 2.3617106e-04 8.0589241e-05 3.6151780e-04],[9.9990124e-01 9.8759621e-05],"[2.6690964e-08 5.9722556e-06 8.2564447e-03 6.1251920e-01 3.6056542e-01
 1.8514708e-02 1.3690795e-04 1.3339762e-06 4.1485745e-08]"
D:\Uni\Ulm\Master\Hiwi-Forschung-und-Lehre\FairFace\detected_faces\916996_face0.jpg,White,White,Male,20-29,"[6.1678886e-01 4.0957425e-04 2.9699216e-02 1.0371740e-04 2.2894116e-04
 1.9084524e-03 3.5086125e-01]",[9.9331647e-01 1.7358386e-04 1.0203727e-03 5.4894811e-03],[9.999998e-01 1.471299e-07],"[1.2914946e-06 1.9569049e-04 6.1452616e-02 8.1314516e-01 1.2223430e-01
 2.9583359e-03 1.2381274e-05 1.8864529e-07 2.6379661e-09]"
D:\Uni\Ulm\Master\Hiwi-Forschung-und-Lehre\FairFace\detected_faces\917005_face0.jpg,Black,Black,Male,30-39,"[1.3480284e-06 9.9983281e-01 6.3360138e-05 3.3593505e-08 1.0443712e-06
 9.5631927e-05 5.8079445e-06]",[6.3327620e-06 9.9933344e-01 2.1738852e-05 6.3844456e-04],[9.999954e-01 4.577094e-06],"[5.2060605e-09 2.4423551e-07 9.2556584e-04 4.2863405e-01 5.3500092e-01
 3.4878321e-02 5.5308791e-04 7.6349515e-06 1.8749738e-07]"
D:\Uni\Ulm\Master\Hiwi-Forschung-und-Lehre\FairFace\detected_faces\917007_face0.jpg,Black,Black,Male,30-39,"[4.1751111e-05 9.9833935e-01 7.0802239e-04 1.7113449e-06 3.9967126e-05
 8.4621937e-04 2.3004362e-05]",[6.6313289e-05 9.9799144e-01 3.6126054e-05 1.9060682e-03],[9.9999613e-01 3.8482876e-06],"[1.4950956e-08 4.2072691e-07 9.9017494e-04 3.8107222e-01 5.6897002e-01
 4.7951456e-02 1.0089892e-03 6.6456837e-06 1.4697204e-07]"
D:\Uni\Ulm\Master\Hiwi-Forschung-und-Lehre\FairFace\detected_faces\917014-1720775893_face0.jpg,White,White,Male,20-29,"[9.0644592e-01 6.9603147e-06 9.2811966e-03 3.0549789e-05 5.0218707e-05
 4.5382115e-03 7.9646833e-02]",[9.7748095e-01 9.4505624e-05 3.5320527e-03 1.8892538e-02],[9.999994e-01 5.234380e-07],"[8.7755780e-07 4.0695732e-04 3.0758533e-01 6.6432130e-01 2.6623975e-02
 1.0552212e-03 6.2480781e-06 1.5246920e-07 1.8028455e-09]"
D:\Uni\Ulm\Master\Hiwi-Forschung-und-Lehre\FairFace\detected_faces\917048_face0.jpg,White,White,Male,20-29,"[9.7972190e-01 2.4751614e-06 7.9881968e-03 5.2021271e-05 8.8297500e-05
 8.3876577e-05 1.2063149e-02]",[9.9876922e-01 1.1612689e-05 5.7681859e-04 6.4235303e-04],[1.0000000e+00 4.8632728e-08],"[5.0385005e-08 1.8803037e-05 2.6418308e-02 8.8809192e-01 8.3286181e-02
 2.1754617e-03 9.1552156e-06 1.0710673e-07 8.7134305e-10]"
D:\Uni\Ulm\Master\Hiwi-Forschung-und-Lehre\FairFace\detected_faces\917087_face0.jpg,East Asian,Asian,Male,20-29,"[4.0087683e-04 8.7671906e-06 6.7488186e-04 9.2688388e-01 7.1918838e-02
 1.0497336e-04 7.6698598e-06]",[2.9997174e-03 1.9372733e-04 9.9605286e-01 7.5371063e-04],[0.9975671  0.00243289],"[1.08290905e-07 6.03307089e-05 8.94366652e-02 8.00102115e-01
 1.07094765e-01 3.25139775e-03 5.16910914e-05 2.74414015e-06
 5.58622126e-08]"
D:\Uni\Ulm\Master\Hiwi-Forschung-und-Lehre\FairFace\detected_faces\917248_face0.jpg,White,White,Male,20-29,"[4.7190863e-01 4.5097116e-03 1.8409070e-01 3.6823330e-05 2.1192859e-04
 6.1082625e-04 3.3863133e-01]",[0.8257521  0.16670185 0.00204161 0.00550446],[9.9999952e-01 4.8661843e-07],"[3.5845773e-08 4.3427324e-05 8.0656320e-02 8.9027721e-01 2.8892191e-02
 1.3068899e-04 1.3174235e-07 2.3947362e-09 3.2018260e-11]"
D:\Uni\Ulm\Master\Hiwi-Forschung-und-Lehre\FairFace\detected_faces\917305_face0.jpg,Black,Black,Male,30-39,"[1.9517233e-06 9.9998522e-01 9.1879429e-06 1.2850622e-07 8.8121766e-07
 1.3090315e-06 1.4164292e-06]",[1.8668969e-06 9.9999601e-01 1.7048405e-06 3.8527551e-07],[9.9954444e-01 4.5556741e-04],"[2.79973619e-07 1.46937564e-05 3.94596811e-03 3.82040411e-01
 5.01591563e-01 1.07417755e-01 4.83347941e-03 1.42041055e-04
 1.37846509e-05]"
D:\Uni\Ulm\Master\Hiwi-Forschung-und-Lehre\FairFace\detected_faces\917327_face0.jpg,Black,Black,Male,20-29,"[4.8494883e-07 9.9998641e-01 1.0685376e-05 1.8507570e-09 4.2697700e-08
 1.0786524e-06 1.2440911e-06]",[1.6819773e-06 9.9999315e-01 3.5507674e-06 1.4916588e-06],[9.9999970e-01 3.2847322e-07],"[1.2971130e-07 1.6808781e-05 1.9996699e-03 4.9538016e-01 4.7643206e-01
 2.6022565e-02 1.4725199e-04 1.3277017e-06 5.3526282e-08]"
D:\Uni\Ulm\Master\Hiwi-Forschung-und-Lehre\FairFace\detected_faces\917407_face0.jpg,Middle Eastern,White,Male,20-29,"[3.9851782e-01 9.8724675e-05 6.8811141e-02 2.6341584e-05 6.5649670e-05
 4.2607944e-04 5.3205425e-01]",[9.9945790e-01 6.0654354e-05 5.2709885e-05 4.2863470e-04],[9.99894023e-01 1.05946725e-04],"[2.4066034e-07 2.0119654e-05 1.1876119e-02 7.7414143e-01 2.1188377e-01
 2.0743085e-03 3.9407946e-06 4.1232486e-08 5.9280680e-10]"
D:\Uni\Ulm\Master\Hiwi-Forschung-und-Lehre\FairFace\detected_faces\917449_face0.jpg,Black,Black,Male,20-29,"[2.8142886e-06 9.9967510e-01 2.5550973e-05 3.8300850e-08 5.1815562e-07
 2.9416356e-04 1.8015646e-06]",[7.6688593e-07 9.9993259e-01 2.1510780e-06 6.4571301e-05],[9.9996847e-01 3.1570213e-05],"[6.9998670e-08 7.1624618e-06 6.0423962e-03 4.8375848e-01 4.2111099e-01
 8.4267370e-02 4.7571887e-03 5.5077784e-05 1.2684330e-06]"
D:\Uni\Ulm\Master\Hiwi-Forschung-und-Lehre\FairFace\detected_faces\917485_face0.jpg,Black,Black,Male,20-29,"[2.5057262e-02 6.9134581e-01 2.0879395e-01 1.8938257e-05 3.9032876e-04
 4.5590433e-03 6.9834635e-02]",[1.9596731e-03 9.9682438e-01 1.0408768e-04 1.1119316e-03],[9.9999934e-01 6.6055861e-07],"[3.0993081e-07 4.5117032e-04 1.1686618e-01 8.3387256e-01 4.8244085e-02
 5.6318345e-04 2.4939293e-06 3.5036081e-08 7.3234235e-10]"
D:\Uni\Ulm\Master\Hiwi-Forschung-und-Lehre\FairFace\detected_faces\917516_face0.jpg,White,White,Male,20-29,"[5.9759301e-01 1.5017454e-05 1.6309267e-02 2.1611590e-05 6.4168773e-05
 1.7591479e-04 3.8582104e-01]",[9.9722612e-01 5.2350946e-04 3.8670568e-04 1.8636442e-03],[1.000000e+00 5.705706e-09],"[4.4600320e-08 1.7591514e-05 2.1592535e-02 9.0268993e-01 7.5261086e-02
 4.3837124e-04 5.0697918e-07 4.4875317e-09 2.5616363e-11]"
D:\Uni\Ulm\Master\Hiwi-Forschung-und-Lehre\FairFace\detected_faces\917613_face0.jpg,Black,Black,Male,20-29,"[8.7753889e-08 9.9857724e-01 2.9708183e-06 6.3661041e-08 8.3638461e-06
 1.4112518e-03 3.3439832e-08]",[5.9421200e-06 9.9966645e-01 3.6290580e-06 3.2393291e-04],[9.999202e-01 7.977897e-05],"[3.0163343e-09 3.7072583e-05 3.7870120e-02 8.2143658e-01 1.3938630e-01
 1.2641514e-03 5.7555926e-06 5.1688264e-08 2.7230462e-09]"
D:\Uni\Ulm\Master\Hiwi-Forschung-und-Lehre\FairFace\detected_faces\917788_face0.jpg,White,White,Male,20-29,"[9.9961829e-01 3.7105092e-08 3.6288722e-05 3.9456303e-08 1.0010190e-07
 4.3902037e-07 3.4468324e-04]",[9.9997717e-01 3.8657490e-06 5.1640086e-06 1.3853776e-05],[1.0000000e+00 3.2515356e-08],"[2.9269813e-07 1.5612104e-04 5.6862596e-02 8.6642504e-01 7.4739821e-02
 1.8121831e-03 3.9608703e-06 2.8955819e-08 3.7931758e-10]"
D:\Uni\Ulm\Master\Hiwi-Forschung-und-Lehre\FairFace\detected_faces\917895_face0.jpg,Middle Eastern,White,Male,20-29,"[1.4234981e-01 2.2049589e-04 1.7945428e-01 2.4355621e-04 5.4699066e-04
 8.0030181e-02 5.9715468e-01]",[7.7492380e-01 5.5467855e-04 1.3524261e-03 2.2316901e-01],[9.9998307e-01 1.6896804e-05],"[7.7298700e-06 7.4744872e-05 3.4299837e-03 6.0009992e-01 3.8390434e-01
 1.2404523e-02 7.6974517e-05 1.7877353e-06 4.0075331e-08]"
D:\Uni\Ulm\Master\Hiwi-Forschung-und-Lehre\FairFace\detected_faces\918004_face0.jpg,White,White,Male,20-29,"[9.8733807e-01 3.9643719e-06 1.6830503e-03 9.5798378e-06 3.8375823e-05
 6.3883685e-06 1.0920624e-02]",[9.9937385e-01 1.8716743e-04 3.1720463e-04 1.2185899e-04],[9.9999976e-01 2.1174110e-07],"[2.9709321e-08 1.5141615e-05 1.4084074e-02 9.0089893e-01 8.4168233e-02
 8.3163800e-04 1.8996268e-06 1.7388562e-08 3.0666639e-10]"
D:\Uni\Ulm\Master\Hiwi-Forschung-und-Lehre\FairFace\detected_faces\918112_face0.jpg,White,White,Male,20-29,"[8.7134641e-01 3.1053030e-04 6.1391886e-02 6.2652989e-06 4.9488583e-05
 6.5905054e-04 6.6236325e-02]",[0.94207466 0.02091061 0.00160651 0.0354083 ],[9.9999970e-01 2.8023007e-07],"[2.29008023e-07 1.86506713e-05 7.11328536e-03 6.61440790e-01
 3.15685540e-01 1.56290866e-02 1.11184876e-04 1.25759732e-06
 1.27400481e-08]"
D:\Uni\Ulm\Master\Hiwi-Forschung-und-Lehre\FairFace\detected_faces\918166_face0.jpg,Middle Eastern,White,Male,30-39,"[1.7889684e-01 2.4248825e-03 3.5918483e-01 1.2825021e-05 1.0568113e-04
 4.4178676e-02 4.1519621e-01]",[0.8961848  0.05063729 0.00114653 0.05203143],[9.999837e-01 1.628507e-05],"[4.3493284e-07 2.1845439e-05 3.8597782e-03 4.6971366e-01 5.0388211e-01
 2.2373155e-02 1.4760731e-04 1.4717334e-06 1.7514358e-08]"
D:\Uni\Ulm\Master\Hiwi-Forschung-und-Lehre\FairFace\detected_faces\918206_face0.jpg,White,White,Male,20-29,"[0.47001004 0.00127323 0.32302794 0.00048763 0.00072463 0.00792231
 0.19655418]",[0.9760689  0.00388636 0.00403352 0.01601125],[9.9959934e-01 4.0063006e-04],"[4.6907226e-05 2.0133830e-03 8.4192827e-03 5.5732578e-01 4.2105713e-01
 1.1090766e-02 4.5684421e-05 1.0469221e-06 2.8626157e-08]"
D:\Uni\Ulm\Master\Hiwi-Forschung-und-Lehre\FairFace\detected_faces\918209_face0.jpg,Latino_Hispanic,White,Male,30-39,"[4.0431540e-02 3.0730972e-02 6.0007817e-01 3.1825836e-04 1.1429241e-03
 3.5857461e-02 2.9144064e-01]",[0.70979446 0.03207907 0.03840466 0.21972176],[9.9999803e-01 1.9579895e-06],"[1.8227064e-06 3.1855481e-05 1.1585427e-03 1.4848420e-01 6.8137991e-01
 1.6707054e-01 1.8482176e-03 2.4768269e-05 1.5005554e-07]"
D:\Uni\Ulm\Master\Hiwi-Forschung-und-Lehre\FairFace\detected_faces\918420_face0.jpg,Latino_Hispanic,White,Male,20-29,"[7.3008187e-02 2.5721015e-03 8.6649388e-01 2.4988208e-04 9.4722671e-04
 1.7799225e-02 3.8929507e-02]",[0.9260574  0.03036656 0.01091074 0.03266533],[9.9999988e-01 1.5779617e-07],"[1.1829394e-06 8.4868356e-05 1.1214174e-02 7.6111501e-01 2.1751131e-01
 9.9514052e-03 1.2027765e-04 1.7737779e-06 1.3690599e-08]"
D:\Uni\Ulm\Master\Hiwi-Forschung-und-Lehre\FairFace\detected_faces\918429_face0.jpg,White,White,Male,20-29,"[9.9995387e-01 9.2012385e-07 2.7567652e-05 1.5883079e-07 6.2829395e-07
 8.7335951e-07 1.5933689e-05]",[9.9988413e-01 4.6430592e-05 4.9425613e-05 1.9875251e-05],[0.93799806 0.06200194],"[3.3131652e-08 5.0816238e-06 1.1114470e-02 6.6275769e-01 2.9902178e-01
 2.6304498e-02 7.8266382e-04 1.3134222e-05 6.6914737e-07]"
D:\Uni\Ulm\Master\Hiwi-Forschung-und-Lehre\FairFace\detected_faces\918437_face0.jpg,White,White,Male,20-29,"[9.9830049e-01 4.0502653e-07 1.6750437e-04 3.8153116e-06 8.9928462e-06
 2.8722402e-06 1.5159070e-03]",[9.9993336e-01 1.6498916e-05 4.2060303e-05 8.0971786e-06],[1.0000000e+00 4.3933444e-08],"[2.4071339e-06 2.2777860e-04 4.1608058e-02 6.7015028e-01 2.6585782e-01
 2.1759171e-02 3.8995367e-04 4.5003444e-06 3.7148052e-08]"
D:\Uni\Ulm\Master\Hiwi-Forschung-und-Lehre\FairFace\detected_faces\918438_face0.jpg,White,White,Male,20-29,"[9.7149330e-01 2.8713950e-05 8.4204627e-03 2.1430316e-05 3.8933191e-05
 5.3218650e-05 1.9943992e-02]",[9.9599898e-01 2.9142639e-03 5.6575594e-04 5.2095874e-04],[9.9999738e-01 2.6378395e-06],"[8.0186664e-06 4.2334892e-04 6.2899366e-02 5.0323784e-01 3.5745481e-01
 7.2131328e-02 3.7863951e-03 5.8473481e-05 4.2412270e-07]"
D:\Uni\Ulm\Master\Hiwi-Forschung-und-Lehre\FairFace\detected_faces\918440_face0.jpg,White,White,Male,10-19,"[9.99898970e-01 1.05404695e-07 1.84983055e-05 2.21781505e-07
 5.39000609e-07 2.72503513e-07 8.14135492e-05]",[9.9993610e-01 3.0829526e-06 5.6330424e-05 4.4790445e-06],[1.0000000e+00 2.9686895e-09],"[1.3444371e-07 5.2848022e-04 5.1024485e-01 4.8571381e-01 3.4826670e-03
 2.9961308e-05 6.2987681e-08 6.3619088e-10 1.1922609e-11]"
D:\Uni\Ulm\Master\Hiwi-Forschung-und-Lehre\FairFace\detected_faces\918441_face0.jpg,White,White,Male,10-19,"[9.16966677e-01 1.19312281e-04 8.45585391e-03 4.51716944e-04
 4.41632787e-04 1.20408404e-04 7.34443441e-02]",[0.96587956 0.0081728  0.0214446  0.00450301],[9.9999976e-01 1.9886681e-07],"[3.8569051e-05 7.3096724e-03 4.9012277e-01 4.2453125e-01 7.4879959e-02
 3.0730420e-03 4.2805688e-05 1.9201989e-06 3.2719083e-08]"
D:\Uni\Ulm\Master\Hiwi-Forschung-und-Lehre\FairFace\detected_faces\918482_face0.jpg,White,White,Male,20-29,"[6.2138319e-01 6.1486182e-03 3.0206969e-01 4.5135824e-04 9.3532208e-04
 1.1346393e-03 6.7877233e-02]",[0.6604546  0.08772808 0.01375907 0.23805828],[9.9999779e-01 2.1822145e-06],"[1.6438936e-07 7.5418416e-06 2.2791564e-02 8.3413196e-01 1.3835119e-01
 4.6284227e-03 8.7948341e-05 1.2101012e-06 1.1892289e-08]"
D:\Uni\Ulm\Master\Hiwi-Forschung-und-Lehre\FairFace\detected_faces\918836_face0.jpg,Middle Eastern,White,Male,20-29,"[1.3135871e-01 1.1023588e-03 8.0385074e-02 5.9280766e-04 7.5944804e-04
 1.5009077e-03 7.8430063e-01]",[0.91418326 0.00749424 0.01809666 0.06022584],[9.9999535e-01 4.6146333e-06],"[5.4584340e-05 4.1952878e-03 6.0690325e-02 5.7315493e-01 3.4468573e-01
 1.7077450e-02 1.3808257e-04 3.5588009e-06 5.1989851e-08]"
D:\Uni\Ulm\Master\Hiwi-Forschung-und-Lehre\FairFace\detected_faces\918837_face0.jpg,Black,Black,Male,20-29,"[5.9276908e-07 9.9997348e-01 1.9524859e-05 7.1651405e-09 1.9581645e-07
 5.2407058e-06 1.0046492e-06]",[1.6481902e-06 9.9998790e-01 1.1370909e-06 9.3530571e-06],[1.00000000e+00 1.11502825e-08],"[1.6341142e-08 7.4631777e-07 2.0834692e-03 6.3549501e-01 3.3988762e-01
 2.2214597e-02 3.1362314e-04 4.7512217e-06 1.3816042e-07]"
D:\Uni\Ulm\Master\Hiwi-Forschung-und-Lehre\FairFace\detected_faces\918838_face0.jpg,White,White,Male,20-29,"[9.6971917e-01 5.5606994e-05 5.7854652e-03 1.4980000e-06 5.1717584e-06
 1.8721931e-04 2.4245908e-02]",[9.9802029e-01 2.7319792e-04 2.7548933e-05 1.6789660e-03],[9.9999988e-01 6.1044254e-08],"[3.2745545e-06 1.7073514e-03 2.5280482e-01 7.1834362e-01 2.6805600e-02
 3.3440941e-04 8.7695321e-07 1.2438677e-08 1.5683062e-10]"
D:\Uni\Ulm\Master\Hiwi-Forschung-und-Lehre\FairFace\detected_faces\918862_face0.jpg,White,White,Male,20-29,"[5.7896519e-01 8.4970292e-05 1.3878699e-01 8.2045165e-04 1.7591555e-03
 5.7859235e-03 2.7379733e-01]",[9.7465366e-01 3.1507184e-04 4.8486614e-03 2.0182632e-02],[9.9998403e-01 1.5982912e-05],"[9.2739633e-08 1.0259971e-05 9.6615879e-03 7.7183694e-01 2.1645893e-01
 2.0287468e-03 3.4421782e-06 3.7782996e-08 5.5726807e-10]"
D:\Uni\Ulm\Master\Hiwi-Forschung-und-Lehre\FairFace\detected_faces\918865_face0.jpg,White,White,Male,20-29,"[7.2632849e-01 2.7129667e-05 7.0202194e-02 2.4958712e-04 3.4762861e-04
 8.0898363e-04 2.0203590e-01]",[9.9944586e-01 9.0130699e-05 2.6609181e-04 1.9784473e-04],[1.0000000e+00 2.5440817e-08],"[5.21041329e-07 1.07041174e-04 8.99531320e-02 8.06106746e-01
 1.01578407e-01 2.24338449e-03 1.06424395e-05 9.98351055e-08
 6.84057311e-10]"
D:\Uni\Ulm\Master\Hiwi-Forschung-und-Lehre\FairFace\detected_faces\918866_face0.jpg,Latino_Hispanic,White,Male,20-29,"[2.2938347e-01 1.0403873e-03 4.2444995e-01 8.7566354e-05 3.9148235e-04
 5.9378892e-03 3.3870924e-01]",[0.9878176  0.0048353  0.0018166  0.00553046],[9.9998808e-01 1.1969322e-05],"[4.4470565e-07 4.3043276e-04 9.6333459e-02 8.4413129e-01 5.8434550e-02
 6.6840509e-04 1.4146342e-06 2.6891481e-08 4.3987161e-10]"
D:\Uni\Ulm\Master\Hiwi-Forschung-und-Lehre\FairFace\detected_faces\918867_face0.jpg,Middle Eastern,White,Male,20-29,"[3.31286877e-01 2.59323220e-04 1.20674096e-01 7.67818347e-05
 4.05932922e-04 1.69685893e-02 5.30328453e-01]",[9.5744908e-01 1.6390065e-03 5.0438510e-04 4.0407538e-02],[9.9999964e-01 4.0570583e-07],"[6.6804546e-08 2.6336780e-05 3.9319880e-02 8.6946332e-01 9.0464972e-02
 7.2408706e-04 1.3077562e-06 3.9484430e-08 4.9361704e-10]"
D:\Uni\Ulm\Master\Hiwi-Forschung-und-Lehre\FairFace\detected_faces\918868_face0.jpg,White,White,Male,20-29,"[8.7153035e-01 2.3906429e-04 4.8378263e-02 1.8466595e-05 1.6525245e-04
 4.3331953e-03 7.5335391e-02]",[0.9571294  0.01590604 0.00156832 0.02539624],[1.0000000e+00 1.6262857e-09],"[5.17868898e-07 2.88793322e-04 1.38955846e-01 7.38756835e-01
 1.17692895e-01 4.27238783e-03 3.21770858e-05 5.48533194e-07
 4.91394880e-09]"
D:\Uni\Ulm\Master\Hiwi-Forschung-und-Lehre\FairFace\detected_faces\918869_face0.jpg,Black,Black,Male,20-29,"[1.8988904e-07 9.9999553e-01 2.6747452e-06 5.5063163e-09 6.8223279e-08
 1.1434998e-06 2.3279918e-07]",[5.0995868e-07 9.9999732e-01 2.1676082e-07 1.9528231e-06],[9.9978513e-01 2.1483385e-04],"[1.2730206e-07 3.5322642e-05 2.5346613e-02 7.2108114e-01 2.3284678e-01
 2.0351669e-02 3.3436005e-04 3.7452519e-06 2.1554860e-07]"
D:\Uni\Ulm\Master\Hiwi-Forschung-und-Lehre\FairFace\detected_faces\918871_face0.jpg,White,White,Male,20-29,"[8.7402374e-01 1.8521200e-04 2.0858392e-02 1.4991348e-04 3.1219461e-04
 3.3377748e-04 1.0413678e-01]",[9.9005598e-01 3.2739190e-03 6.0082064e-03 6.6199125e-04],[9.9999934e-01 6.1660563e-07],"[2.4879796e-07 5.9507431e-05 3.4214482e-02 8.0418593e-01 1.5593551e-01
 5.5448622e-03 5.8671994e-05 7.2399467e-07 9.9516617e-09]"
D:\Uni\Ulm\Master\Hiwi-Forschung-und-Lehre\FairFace\detected_faces\918872_face0.jpg,White,White,Male,20-29,"[7.3669827e-01 5.1407289e-05 3.6954030e-02 8.2496472e-06 3.7997925e-05
 4.0488285e-03 2.2220124e-01]",[9.2455190e-01 3.3273254e-04 5.7037836e-05 7.5058371e-02],[9.9999833e-01 1.6573574e-06],"[6.5769377e-09 7.8782459e-06 4.1370463e-02 9.4746912e-01 1.1125350e-02
 2.7121303e-05 2.5986630e-08 5.3387500e-10 8.3473992e-12]"
D:\Uni\Ulm\Master\Hiwi-Forschung-und-Lehre\FairFace\detected_faces\918873_face0.jpg,White,White,Male,30-39,"[9.2985642e-01 1.8883118e-03 4.9751762e-02 9.8355627e-04 5.7331979e-04
 4.7309900e-04 1.6473610e-02]",[9.9439007e-01 4.7645625e-03 2.8235611e-04 5.6296284e-04],[9.9919415e-01 8.0586731e-04],"[7.1082752e-08 2.9522089e-06 9.2077106e-03 4.3262231e-01 5.2315915e-01
 3.4505565e-02 4.9436075e-04 7.7858276e-06 6.4664377e-08]"
D:\Uni\Ulm\Master\Hiwi-Forschung-und-Lehre\FairFace\detected_faces\919481_face0.jpg,Middle Eastern,Indian,Male,20-29,"[1.2287707e-03 1.7916833e-04 1.0704799e-02 3.9894026e-06 5.8820420e-05
 1.0086271e-03 9.8681587e-01]",[0.1580445  0.38942176 0.01499965 0.4375341 ],[9.9999905e-01 9.6926681e-07],"[1.3291420e-07 7.5166812e-05 3.3583816e-02 8.9702260e-01 6.8531826e-02
 7.8391447e-04 2.4636438e-06 9.0591470e-08 1.2930080e-09]"
D:\Uni\Ulm\Master\Hiwi-Forschung-und-Lehre\FairFace\detected_faces\919567_face0.jpg,Black,Black,Male,20-29,"[2.3519153e-08 9.9998987e-01 5.1478571e-07 8.3784257e-10 3.2814029e-08
 9.5586847e-06 4.9636157e-08]",[3.2448597e-08 9.9998075e-01 8.8439435e-07 1.8360744e-05],[9.9999851e-01 1.4850804e-06],"[4.9163253e-07 8.2298495e-05 1.8791195e-02 6.3471091e-01 3.1729677e-01
 2.8743390e-02 3.6689325e-04 7.6515744e-06 4.3586357e-07]"
D:\Uni\Ulm\Master\Hiwi-Forschung-und-Lehre\FairFace\detected_faces\919805_face0.jpg,White,White,Male,20-29,"[6.1046165e-01 2.5788967e-03 2.2151749e-01 2.8387418e-05 2.0927639e-04
 1.2660639e-03 1.6393822e-01]",[0.95891213 0.02846561 0.00113389 0.01148839],[9.9999940e-01 5.6215504e-07],"[3.3514230e-08 1.7562010e-05 2.1832576e-02 9.1522825e-01 6.2321641e-02
 5.9805228e-04 1.9716151e-06 2.4673247e-08 3.6533054e-10]"
D:\Uni\Ulm\Master\Hiwi-Forschung-und-Lehre\FairFace\detected_faces\920022_face0.jpg,Black,Black,Male,30-39,"[4.1887156e-07 9.9952650e-01 7.4603372e-06 6.3026420e-07 5.1700495e-06
 4.5935388e-04 4.9350075e-07]",[1.5983245e-06 9.9994451e-01 1.9863037e-05 3.3972934e-05],[0.96776277 0.03223727],"[2.8669498e-07 3.5375295e-05 8.6183595e-03 4.2861235e-01 4.8425502e-01
 7.5826980e-02 2.5722124e-03 7.5095544e-05 4.3195564e-06]"
D:\Uni\Ulm\Master\Hiwi-Forschung-und-Lehre\FairFace\detected_faces\920083_face0.jpg,White,White,Male,20-29,"[9.1109717e-01 4.7942558e-06 1.7812229e-03 1.5112932e-05 2.9295457e-05
 1.3116194e-04 8.6941183e-02]",[9.9971712e-01 1.1533872e-05 2.6226733e-05 2.4510809e-04],[9.9999696e-01 3.0214831e-06],"[1.86420875e-05 3.55876959e-03 1.09563716e-01 8.34108412e-01
 5.17820753e-02 9.65486455e-04 2.79465075e-06 7.75171145e-08
 2.67983058e-09]"
D:\Uni\Ulm\Master\Hiwi-Forschung-und-Lehre\FairFace\detected_faces\920346_face0.jpg,Indian,Indian,Male,30-39,"[5.5456487e-03 4.1584656e-02 1.0484317e-01 3.5157518e-05 5.8398250e-04
 7.1229714e-01 1.3511020e-01]",[0.00291309 0.27645624 0.00189409 0.71873665],[9.999904e-01 9.618522e-06],"[1.5755185e-06 2.0105590e-05 9.9829282e-04 2.5234091e-01 6.8899691e-01
 5.7139952e-02 4.9470732e-04 7.4365153e-06 1.1739459e-07]"
D:\Uni\Ulm\Master\Hiwi-Forschung-und-Lehre\FairFace\detected_faces\920368_face0.jpg,Middle Eastern,White,Male,20-29,"[1.05052635e-01 9.96792223e-04 2.72844613e-01 3.47149471e-04
 1.42223830e-03 1.97947938e-02 5.99541783e-01]",[0.5924123  0.01071755 0.04078388 0.35608634],[9.9999821e-01 1.8389692e-06],"[6.6092384e-06 8.8443706e-04 4.9178407e-02 7.8016287e-01 1.6498350e-01
 4.7538900e-03 2.9308381e-05 9.1973737e-07 1.1526919e-08]"
D:\Uni\Ulm\Master\Hiwi-Forschung-und-Lehre\FairFace\detected_faces\920374_face0.jpg,Black,Black,Male,40-49,"[1.1887274e-05 9.9894369e-01 2.2382365e-04 5.3959781e-07 9.9006693e-06
 8.0989412e-04 2.2888888e-07]",[3.8864937e-06 9.9967593e-01 2.2482371e-05 2.9772747e-04],[9.9999624e-01 3.7832804e-06],"[1.5808395e-08 2.0460598e-07 4.2398664e-04 1.1352454e-01 3.9239511e-01
 3.9464566e-01 9.7878359e-02 1.1134592e-03 1.8675848e-05]"
D:\Uni\Ulm\Master\Hiwi-Forschung-und-Lehre\FairFace\detected_faces\920375_face0.jpg,Black,Black,Male,20-29,"[2.0920265e-06 9.9965352e-01 6.8967624e-05 3.8921289e-07 1.4240646e-05
 2.5936097e-04 1.4543461e-06]",[9.8477685e-06 9.9918228e-01 1.1491724e-04 6.9286930e-04],[9.9999344e-01 6.5762820e-06],"[1.4590669e-09 1.6474709e-06 2.5665173e-02 8.4315938e-01 1.2986669e-01
 1.3015029e-03 5.5378564e-06 4.7189737e-08 1.3756846e-09]"
D:\Uni\Ulm\Master\Hiwi-Forschung-und-Lehre\FairFace\detected_faces\920379_face0.jpg,Black,Black,Male,30-39,"[3.61194964e-07 9.99940991e-01 1.05087865e-05 5.82532032e-08
 1.48794106e-06 4.59303374e-05 7.46360286e-07]",[1.1511551e-06 9.9998993e-01 4.3141667e-06 4.5658276e-06],[0.99725294 0.0027471 ],"[7.0319928e-08 5.0070275e-06 3.5035433e-03 4.7443923e-01 4.9171475e-01
 3.0155895e-02 1.8044330e-04 1.0710547e-06 2.9186840e-08]"
D:\Uni\Ulm\Master\Hiwi-Forschung-und-Lehre\FairFace\detected_faces\920386_face0.jpg,White,White,Male,20-29,"[9.99881327e-01 3.54516033e-07 1.09232569e-05 6.54176347e-07
 1.31028060e-06 1.37522804e-07 1.05242776e-04]",[9.9982357e-01 8.2660270e-05 8.2370134e-05 1.1444328e-05],[9.9999362e-01 6.4221545e-06],"[2.0077243e-05 5.5676778e-03 1.5827136e-01 4.9833372e-01 2.8579369e-01
 5.0552409e-02 1.4149005e-03 4.4450921e-05 1.7766063e-06]"
D:\Uni\Ulm\Master\Hiwi-Forschung-und-Lehre\FairFace\detected_faces\920391_face0.jpg,Black,Black,Male,30-39,"[2.7634794e-06 9.9942368e-01 1.5264483e-04 5.2020158e-07 6.4754568e-06
 4.0912887e-04 4.8022321e-06]",[2.9367454e-06 9.9960661e-01 7.3566793e-05 3.1684129e-04],[9.9981797e-01 1.8204931e-04],"[4.6862979e-08 2.2915096e-06 1.4817733e-03 3.1975049e-01 6.1628968e-01
 6.1716806e-02 7.4866257e-04 9.9797517e-06 3.0953737e-07]"
D:\Uni\Ulm\Master\Hiwi-Forschung-und-Lehre\FairFace\detected_faces\920393_face0.jpg,White,White,Male,30-39,"[9.8857266e-01 9.1973823e-05 7.1676547e-04 1.6961018e-06 5.2291666e-06
 3.4850000e-05 1.0576752e-02]",[9.9863505e-01 4.7925444e-04 2.2000683e-04 6.6575152e-04],[9.9998593e-01 1.4068624e-05],"[5.9819428e-08 8.2573763e-07 1.3137692e-04 1.0008963e-01 7.1488333e-01
 1.7948665e-01 5.3072451e-03 9.8077624e-05 2.8882987e-06]"
D:\Uni\Ulm\Master\Hiwi-Forschung-und-Lehre\FairFace\detected_faces\920395_face0.jpg,White,White,Male,20-29,"[9.9929589e-01 3.4051686e-06 4.1925377e-04 9.3636891e-07 1.9662928e-06
 2.8258553e-06 2.7588534e-04]",[9.9969238e-01 1.7381270e-04 5.6207689e-05 7.7623896e-05],[9.999919e-01 8.137581e-06],"[1.3855303e-08 1.1490127e-05 8.5456841e-02 8.7239593e-01 3.8981464e-02
 3.0563320e-03 9.6361473e-05 1.5945834e-06 2.4211129e-08]"
D:\Uni\Ulm\Master\Hiwi-Forschung-und-Lehre\FairFace\detected_faces\920396_face0.jpg,Middle Eastern,Indian,Male,30-39,"[3.9890293e-02 4.2143039e-04 7.0819937e-02 9.9689714e-06 1.1407494e-04
 6.1151646e-02 8.2759261e-01]",[0.09287896 0.03500364 0.00173265 0.87038475],[9.9997920e-01 2.0778058e-05],"[1.6184488e-07 4.9348137e-06 4.1293325e-03 4.2666045e-01 5.3304768e-01
 3.5752200e-02 4.0013689e-04 4.9776054e-06 9.9771853e-08]"
D:\Uni\Ulm\Master\Hiwi-Forschung-und-Lehre\FairFace\detected_faces\920399_face0.jpg,Black,Black,Male,20-29,"[1.2513300e-04 8.3913606e-01 1.7055200e-02 9.4057736e-04 1.0087084e-01
 4.1840341e-02 3.1852956e-05]",[1.0665517e-04 9.1249824e-01 5.7263356e-02 3.0131850e-02],[0.99898756 0.00101242],"[6.1842378e-08 1.7464737e-04 3.4232926e-01 6.5055740e-01 6.8848147e-03
 5.3691292e-05 1.7709378e-07 3.3548599e-09 1.9325244e-10]"
D:\Uni\Ulm\Master\Hiwi-Forschung-und-Lehre\FairFace\detected_faces\920402_face0.jpg,White,White,Male,20-29,"[7.2523224e-01 1.2310888e-04 1.4262432e-01 4.0027244e-05 8.7535118e-05
 1.4093099e-04 1.3175187e-01]",[9.9649453e-01 1.4451839e-03 2.6460568e-04 1.7957180e-03],[9.9999970e-01 2.5241124e-07],"[2.0128287e-08 1.1461656e-05 3.3479538e-02 9.0161395e-01 6.4340875e-02
 5.5316288e-04 9.7249040e-07 7.4495974e-09 7.0097844e-11]"
D:\Uni\Ulm\Master\Hiwi-Forschung-und-Lehre\FairFace\detected_faces\920407_face0.jpg,Black,Black,Male,30-39,"[2.7676529e-06 9.9566466e-01 3.0418305e-04 8.2425740e-06 4.0950795e-04
 3.6059851e-03 4.6265204e-06]",[1.1765505e-05 9.9738568e-01 9.0597104e-04 1.6965190e-03],[9.9999887e-01 1.1283348e-06],"[9.6807548e-07 1.7394750e-05 4.3836460e-03 3.3825669e-01 4.8368630e-01
 1.6609210e-01 7.3552234e-03 2.0054064e-04 7.1557697e-06]"
D:\Uni\Ulm\Master\Hiwi-Forschung-und-Lehre\FairFace\detected_faces\920435_face0.jpg,White,White,Male,20-29,"[9.9967265e-01 2.9007056e-06 5.5567078e-05 2.7691335e-06 8.7089893e-06
 6.1959298e-07 2.5677477e-04]",[9.9996924e-01 2.2182985e-05 7.2736539e-06 1.2616721e-06],[9.9983996e-01 1.6002799e-04],"[8.9986565e-07 1.0818470e-03 1.7286079e-01 7.0074767e-01 1.2053644e-01
 4.7211396e-03 5.0161860e-05 9.3380260e-07 9.2341864e-08]"
D:\Uni\Ulm\Master\Hiwi-Forschung-und-Lehre\FairFace\detected_faces\920437_face0.jpg,Black,Black,Male,20-29,"[3.8436669e-06 9.9913990e-01 4.0467081e-04 7.4594840e-07 6.9733716e-05
 3.5213295e-04 2.8937153e-05]",[1.0474758e-05 9.9917990e-01 4.4342818e-05 7.6527381e-04],[9.9999678e-01 3.1817901e-06],"[2.6306219e-07 2.2796135e-04 1.0164297e-01 8.0072141e-01 9.5246613e-02
 2.1435472e-03 1.6938187e-05 2.4287382e-07 8.7458139e-09]"
D:\Uni\Ulm\Master\Hiwi-Forschung-und-Lehre\FairFace\detected_faces\920505_face0.jpg,Black,Black,Male,30-39,"[1.1445903e-05 9.9967831e-01 1.4362423e-04 6.2426566e-06 4.8378974e-05
 1.0879443e-04 3.3030828e-06]",[6.5462586e-06 9.9839842e-01 1.5626402e-03 3.2431948e-05],[0.8272067  0.17279328],"[1.5252503e-07 2.1315262e-05 6.1168135e-03 4.1169012e-01 4.9315283e-01
 8.1969947e-02 6.8349452e-03 2.0161725e-04 1.2314927e-05]"
D:\Uni\Ulm\Master\Hiwi-Forschung-und-Lehre\FairFace\detected_faces\920518_face0.jpg,White,White,Male,20-29,"[9.8470211e-01 1.7461325e-05 3.0869660e-03 7.8703757e-05 7.3452626e-05
 1.5127760e-05 1.2026110e-02]",[9.9924499e-01 2.0850895e-04 4.8364574e-04 6.2843246e-05],[9.9998683e-01 1.3143355e-05],"[2.3913661e-05 1.8169370e-02 2.4071223e-01 4.3394166e-01 2.8034520e-01
 2.6515404e-02 2.8797984e-04 4.1243379e-06 1.7173993e-07]"
D:\Uni\Ulm\Master\Hiwi-Forschung-und-Lehre\FairFace\detected_faces\920525_face0.jpg,Latino_Hispanic,Black,Male,30-39,"[3.8511744e-03 2.6059705e-01 4.8462150e-01 6.4757223e-05 2.8869647e-03
 2.4095145e-01 7.0271934e-03]",[0.00300082 0.60117525 0.00689857 0.38892528],[9.9999988e-01 1.3145906e-07],"[2.7719634e-07 3.3354361e-06 1.9113286e-03 4.7513294e-01 4.8957267e-01
 3.2862265e-02 5.0832954e-04 8.6952987e-06 1.0657833e-07]"
D:\Uni\Ulm\Master\Hiwi-Forschung-und-Lehre\FairFace\detected_faces\920542_face0.jpg,Black,Black,Male,30-39,"[1.7593564e-08 9.9999851e-01 6.2691856e-07 2.9615763e-09 4.4568541e-08
 6.3333636e-07 8.0167737e-08]",[5.4467404e-07 9.9999392e-01 2.2510453e-06 3.2303556e-06],[9.9992967e-01 7.0285525e-05],"[4.4777316e-08 4.9948994e-06 2.0200093e-03 4.1689840e-01 5.3178668e-01
 4.8741076e-02 5.3973263e-04 8.6631380e-06 4.3267238e-07]"
D:\Uni\Ulm\Master\Hiwi-Forschung-und-Lehre\FairFace\detected_faces\920546_face0.jpg,Black,Black,Male,30-39,"[3.5876909e-03 8.6528575e-01 9.4872177e-02 3.7993875e-06 1.7787371e-04
 1.9197550e-02 1.6875185e-02]",[1.6531959e-03 9.8763275e-01 4.4902082e-04 1.0264988e-02],[1.0000000e+00 3.0445396e-08],"[2.0923201e-07 4.5600232e-06 1.1680890e-03 4.2069289e-01 5.4046637e-01
 3.7161216e-02 5.0001696e-04 6.5921117e-06 8.5511289e-08]"
D:\Uni\Ulm\Master\Hiwi-Forschung-und-Lehre\FairFace\detected_faces\920581_face0.jpg,White,White,Male,20-29,"[8.7203056e-01 3.7455004e-06 2.3759960e-03 4.3490581e-05 6.3001760e-05
 7.2681090e-05 1.2541054e-01]",[9.9994892e-01 1.8976224e-06 1.7561901e-05 3.1645373e-05],[9.9947953e-01 5.2047934e-04],"[1.7618579e-07 5.3123174e-05 9.0988666e-02 8.7457913e-01 3.3876419e-02
 4.9903372e-04 3.3183424e-06 7.3265596e-08 3.5328667e-09]"
D:\Uni\Ulm\Master\Hiwi-Forschung-und-Lehre\FairFace\detected_faces\920589_face0.jpg,White,White,Male,20-29,"[9.3702209e-01 3.3183289e-05 5.5435249e-03 6.8176989e-05 1.5458545e-04
 2.0315616e-05 5.7158023e-02]",[9.9880105e-01 8.9932897e-04 2.4000753e-04 5.9562488e-05],[9.9999475e-01 5.2398645e-06],"[2.1231237e-06 4.5329620e-04 1.5336633e-01 6.9504362e-01 1.3620900e-01
 1.4593186e-02 3.2475480e-04 7.4438763e-06 2.3141713e-07]"
D:\Uni\Ulm\Master\Hiwi-Forschung-und-Lehre\FairFace\detected_faces\920597_face0.jpg,White,White,Male,20-29,"[9.9605495e-01 2.5220439e-05 2.4145829e-04 2.0873854e-06 8.1250519e-06
 1.2428642e-06 3.6668784e-03]",[9.9674022e-01 2.8604767e-03 3.0538169e-04 9.3935014e-05],[9.9945170e-01 5.4827664e-04],"[4.7353174e-07 2.5484178e-04 1.8624902e-01 7.4103856e-01 6.7113593e-02
 5.1996047e-03 1.3652992e-04 7.1228719e-06 2.9542394e-07]"
D:\Uni\Ulm\Master\Hiwi-Forschung-und-Lehre\FairFace\detected_faces\920617_face0.jpg,White,White,Male,20-29,"[9.9314916e-01 1.3601156e-05 3.8719308e-04 7.6637929e-07 6.2030476e-06
 1.5011362e-06 6.4415098e-03]",[9.99930620e-01 5.09569873e-05 1.24972885e-05 5.86857141e-06],[9.9999422e-01 5.8084856e-06],"[2.4336129e-09 5.3435501e-06 3.5167277e-02 9.2817116e-01 3.6409087e-02
 2.4600912e-04 1.0704993e-06 1.5385982e-08 3.1268671e-10]"
D:\Uni\Ulm\Master\Hiwi-Forschung-und-Lehre\FairFace\detected_faces\920626_face0.jpg,Black,Black,Male,20-29,"[9.2529172e-06 9.9982005e-01 7.1355164e-05 1.3459045e-06 1.7261296e-05
 7.1910436e-05 8.7705821e-06]",[6.5050308e-06 9.9996030e-01 2.0731892e-05 1.2468295e-05],[9.9987662e-01 1.2334545e-04],"[6.7766183e-07 9.2156246e-05 2.3096390e-02 7.3002017e-01 2.2555608e-01
 2.0540830e-02 6.7829067e-04 1.4525794e-05 8.5165880e-07]"
D:\Uni\Ulm\Master\Hiwi-Forschung-und-Lehre\FairFace\detected_faces\920642_face0.jpg,White,White,Male,10-19,"[7.14007080e-01 5.10965538e-06 1.12483194e-02 1.20398276e-04
 8.63803070e-05 1.04963132e-04 2.74427831e-01]",[9.99572396e-01 1.15010276e-04 7.44733261e-05 2.38096603e-04],[9.9991053e-01 8.9430818e-05],"[2.2413813e-06 5.4536369e-03 7.1634221e-01 2.6920497e-01 8.8140722e-03
 1.8196474e-04 8.4259665e-07 2.9075085e-08 1.0394131e-09]"
D:\Uni\Ulm\Master\Hiwi-Forschung-und-Lehre\FairFace\detected_faces\920644_face0.jpg,White,White,Male,10-19,"[9.9989986e-01 1.3465834e-07 2.3185112e-06 7.0694579e-05 8.5095689e-06
 7.6359129e-08 1.8400808e-05]",[9.9920648e-01 2.1284002e-05 7.6958170e-04 2.6900464e-06],[0.9927044 0.0072956],"[6.2876993e-06 3.7802480e-02 8.0434066e-01 1.5217054e-01 5.4748976e-03
 2.0078066e-04 4.0293812e-06 2.1366770e-07 4.5236842e-08]"
D:\Uni\Ulm\Master\Hiwi-Forschung-und-Lehre\FairFace\detected_faces\920678_face0.jpg,Middle Eastern,White,Male,20-29,"[1.3792975e-01 1.0010028e-04 1.1950611e-02 9.8139471e-06 3.1967731e-05
 4.0028401e-04 8.4957743e-01]",[9.8843789e-01 8.6680381e-03 2.4190299e-04 2.6521678e-03],[0.9488611  0.05113886],"[1.24186130e-07 9.66627777e-05 1.19145334e-01 7.95357823e-01
 8.29664767e-02 2.40673637e-03 2.64235150e-05 3.70944065e-07
 8.53325499e-09]"
D:\Uni\Ulm\Master\Hiwi-Forschung-und-Lehre\FairFace\detected_faces\920680_face0.jpg,Black,Black,Male,30-39,"[4.8047775e-07 9.9998176e-01 1.2262036e-05 8.7194529e-08 9.9968474e-07
 4.1870840e-06 6.8742899e-08]",[4.2468477e-07 9.9998617e-01 1.1331527e-05 2.0592595e-06],[0.9770632  0.02293684],"[7.1272468e-09 3.5514790e-07 9.1353938e-04 4.4395033e-01 4.8487684e-01
 6.8458162e-02 1.7895470e-03 1.0736650e-05 4.3392544e-07]"
D:\Uni\Ulm\Master\Hiwi-Forschung-und-Lehre\FairFace\detected_faces\920682_face0.jpg,White,White,Male,20-29,"[9.9999988e-01 7.4098483e-10 3.1208927e-08 3.5191325e-10 1.4604215e-09
 3.2267793e-09 1.6202213e-07]",[9.9999511e-01 3.9644260e-06 8.2323247e-08 8.2970655e-07],[9.995159e-01 4.841170e-04],"[5.0441025e-09 2.6282669e-06 7.7280467e-03 7.9220784e-01 1.6895771e-01
 3.0056003e-02 1.0422550e-03 5.3454037e-06 1.4902294e-07]"
D:\Uni\Ulm\Master\Hiwi-Forschung-und-Lehre\FairFace\detected_faces\920744_face0.jpg,White,White,Male,20-29,"[9.6791977e-01 1.2174694e-04 1.2322219e-02 4.1622516e-05 6.0524551e-05
 5.3080505e-05 1.9481055e-02]",[9.9927574e-01 3.3227867e-04 9.9047349e-05 2.9293090e-04],[9.9999720e-01 2.7891892e-06],"[2.38997609e-06 1.85572935e-04 1.49554275e-02 6.96214080e-01
 2.78088987e-01 1.04187448e-02 1.31580760e-04 3.21822085e-06
 5.23989350e-08]"
D:\Uni\Ulm\Master\Hiwi-Forschung-und-Lehre\FairFace\detected_faces\920800_face0.jpg,Black,Black,Male,20-29,"[3.7470713e-07 9.9994814e-01 6.4536844e-06 7.3796143e-09 7.8675967e-08
 2.1806538e-05 2.3253984e-05]",[7.0820619e-07 9.9998569e-01 8.3934356e-07 1.2740644e-05],[9.9993742e-01 6.2599865e-05],"[4.6945665e-05 1.0739680e-02 1.4628278e-01 4.5248815e-01 3.0388737e-01
 8.3760463e-02 2.6995961e-03 8.9395391e-05 5.5853739e-06]"
D:\Uni\Ulm\Master\Hiwi-Forschung-und-Lehre\FairFace\detected_faces\920801_face0.jpg,White,White,Male,20-29,"[9.9956471e-01 1.8147479e-06 1.6047887e-04 1.6064210e-07 1.2066490e-06
 1.5445264e-06 2.7014449e-04]",[9.9997789e-01 1.1097828e-05 1.1568743e-06 9.9208683e-06],[1.0000000e+00 1.6099433e-08],"[1.2943309e-07 3.8554230e-05 5.9929416e-03 8.2755864e-01 1.6521493e-01
 1.1927886e-03 1.9932559e-06 1.5759142e-08 3.0736363e-10]"
D:\Uni\Ulm\Master\Hiwi-Forschung-und-Lehre\FairFace\detected_faces\920934_face0.jpg,Black,Black,Male,20-29,"[3.12147654e-06 9.99801397e-01 8.15046224e-05 1.48903894e-07
 7.14699763e-06 1.03959996e-04 2.74205900e-06]",[4.8880497e-07 9.9996156e-01 3.0189231e-06 3.4893128e-05],[9.9985337e-01 1.4664818e-04],"[2.0970189e-08 7.7667501e-05 2.7282786e-01 7.1565521e-01 1.1307026e-02
 1.3157506e-04 5.8936519e-07 1.5016290e-08 5.1222726e-10]"
D:\Uni\Ulm\Master\Hiwi-Forschung-und-Lehre\FairFace\detected_faces\920936_face0.jpg,White,White,Male,30-39,"[9.7920048e-01 1.3300747e-04 6.1869067e-03 2.4562314e-05 1.4155863e-04
 3.1508967e-05 1.4281951e-02]",[0.9706986  0.01806364 0.00915771 0.0020801 ],[9.9999988e-01 1.2766684e-07],"[7.4701716e-06 2.5425814e-04 3.9636563e-03 4.7245243e-01 5.0045753e-01
 2.2628065e-02 2.3053736e-04 5.8218220e-06 1.3190296e-07]"
D:\Uni\Ulm\Master\Hiwi-Forschung-und-Lehre\FairFace\detected_faces\921005_face0.jpg,White,White,Male,20-29,"[8.3442318e-01 1.5808265e-04 1.7801863e-03 1.6730573e-04 2.0722034e-04
 4.9754479e-05 1.6321430e-01]",[9.8184758e-01 1.2968699e-02 4.4451389e-03 7.3858973e-04],[0.75365424 0.24634576],"[5.2196168e-07 1.0557130e-03 2.5149295e-01 6.8111753e-01 6.3272074e-02
 3.0097638e-03 4.8273225e-05 3.0362944e-06 1.4190562e-07]"
D:\Uni\Ulm\Master\Hiwi-Forschung-und-Lehre\FairFace\detected_faces\921006_face0.jpg,White,White,Male,20-29,"[9.9516761e-01 1.2583455e-07 2.1702770e-04 6.7544909e-07 1.7920661e-06
 1.1412484e-05 4.6013733e-03]",[9.9725765e-01 2.2686812e-05 8.0813079e-05 2.6388250e-03],[9.999995e-01 4.555689e-07],"[3.6956514e-08 1.2344889e-06 9.3800231e-04 5.8265001e-01 4.0733832e-01
 9.0454426e-03 2.6815153e-05 1.2903446e-07 1.3368784e-09]"
D:\Uni\Ulm\Master\Hiwi-Forschung-und-Lehre\FairFace\detected_faces\921007_face0.jpg,White,White,Male,20-29,"[9.9872720e-01 1.7215535e-06 1.2147098e-04 3.5052030e-06 9.5405549e-06
 5.8721855e-07 1.1360539e-03]",[9.9991804e-01 3.9603452e-05 3.0765375e-05 1.1593341e-05],[1.0000000e+00 1.7110942e-08],"[7.7627034e-09 1.0947971e-05 2.0418109e-02 9.5808864e-01 2.1420615e-02
 6.1531558e-05 1.3815578e-07 1.6081942e-09 3.1623079e-11]"
D:\Uni\Ulm\Master\Hiwi-Forschung-und-Lehre\FairFace\detected_faces\921031_face0.jpg,Latino_Hispanic,White,Male,30-39,"[0.3814186  0.02041178 0.39280325 0.00046173 0.00185413 0.00365672
 0.1993939 ]",[0.94502795 0.01904893 0.02487596 0.0110471 ],[9.9998927e-01 1.0698956e-05],"[1.7046559e-04 1.3797113e-03 9.8482007e-03 4.0500098e-01 5.1449430e-01
 6.6802904e-02 2.2323141e-03 6.9789254e-05 1.3253095e-06]"
D:\Uni\Ulm\Master\Hiwi-Forschung-und-Lehre\FairFace\detected_faces\921032_face0.jpg,White,White,Male,20-29,"[9.9672639e-01 1.6073158e-06 1.1367269e-03 3.5313322e-05 4.3530843e-05
 5.0583867e-06 2.0514680e-03]",[9.9963045e-01 1.8448678e-05 2.7409842e-04 7.7056313e-05],[9.9999994e-01 4.7532566e-08],"[1.3898869e-08 4.9767082e-06 4.8842091e-02 9.2353964e-01 2.7359344e-02
 2.5309974e-04 8.6824332e-07 1.1292150e-08 1.1538776e-10]"
D:\Uni\Ulm\Master\Hiwi-Forschung-und-Lehre\FairFace\detected_faces\921033_face0.jpg,Black,Black,Male,30-39,"[6.5831188e-04 8.4761584e-01 4.1785177e-02 5.8742021e-06 2.7100430e-04
 9.9469773e-02 1.0193964e-02]",[0.00095127 0.8158366  0.00095709 0.18225506],[9.9999356e-01 6.4510814e-06],"[3.2128919e-06 6.5697008e-05 5.8168117e-03 4.2559475e-01 5.3258020e-01
 3.5283204e-02 6.3736655e-04 1.8395393e-05 3.4917863e-07]"
D:\Uni\Ulm\Master\Hiwi-Forschung-und-Lehre\FairFace\detected_faces\921216_face0.jpg,Black,Black,Male,30-39,"[2.8260679e-08 9.9999803e-01 6.1004829e-07 8.8278951e-10 3.0081630e-08
 1.4239816e-06 1.0905953e-08]",[3.0810394e-08 9.9999923e-01 2.2701431e-07 5.6430639e-07],[9.9994159e-01 5.8347992e-05],"[1.5900504e-09 1.2985414e-07 6.7952019e-04 4.3497732e-01 5.4430687e-01
 1.9889496e-02 1.4612930e-04 4.6822160e-07 1.1460446e-08]"
D:\Uni\Ulm\Master\Hiwi-Forschung-und-Lehre\FairFace\detected_faces\921257_face0.jpg,White,White,Male,20-29,"[6.8365890e-01 1.5988828e-03 2.7121153e-01 8.2889310e-04 1.1451970e-03
 3.3825435e-04 4.1218277e-02]",[0.9801104  0.01203169 0.00443133 0.00342663],[9.9980450e-01 1.9551985e-04],"[1.8924336e-08 1.6716516e-05 1.5100037e-01 8.2490903e-01 2.3779953e-02
 2.9230796e-04 1.6287941e-06 2.6490671e-08 7.3822426e-10]"
D:\Uni\Ulm\Master\Hiwi-Forschung-und-Lehre\FairFace\detected_faces\921285_face0.jpg,White,White,Male,20-29,"[7.5429511e-01 3.9873883e-04 8.0826178e-02 1.6655244e-03 2.3120623e-03
 5.3544842e-05 1.6044883e-01]",[9.8973531e-01 7.1725640e-03 2.9340126e-03 1.5815720e-04],[9.9999404e-01 5.9700124e-06],"[8.3754678e-08 3.1132782e-05 1.1417141e-01 8.4992582e-01 3.5383593e-02
 4.8477092e-04 3.0680744e-06 6.9877608e-08 1.0383593e-09]"
D:\Uni\Ulm\Master\Hiwi-Forschung-und-Lehre\FairFace\detected_faces\921373_face0.jpg,White,White,Male,20-29,"[8.8587254e-01 3.9658273e-04 6.1210960e-02 3.2734955e-04 5.7830632e-04
 5.7066800e-03 4.5907624e-02]",[0.88792884 0.0036676  0.00603927 0.1023643 ],[9.9997759e-01 2.2479233e-05],"[5.7057985e-08 4.8278034e-06 2.7962690e-03 7.4349493e-01 2.4917749e-01
 4.5058732e-03 2.0258864e-05 2.9610908e-07 7.7492617e-09]"
D:\Uni\Ulm\Master\Hiwi-Forschung-und-Lehre\FairFace\detected_faces\921417_face0.jpg,White,White,Male,20-29,"[5.8344555e-01 9.6960529e-04 2.0051391e-01 3.7037375e-04 1.2122814e-03
 1.2312806e-03 2.1225703e-01]",[9.9550897e-01 1.4980908e-03 5.1963050e-04 2.4733203e-03],[9.9999976e-01 2.0378961e-07],"[1.25923339e-06 4.09301247e-05 9.66515020e-03 6.09993339e-01
 3.68053138e-01 1.21372817e-02 1.07804495e-04 1.15991304e-06
 1.05237064e-08]"
D:\Uni\Ulm\Master\Hiwi-Forschung-und-Lehre\FairFace\detected_faces\921542_face0.jpg,White,White,Male,20-29,"[9.13995087e-01 2.79990286e-06 6.33750437e-03 8.12166691e-05
 1.21100195e-04 1.55144488e-04 7.93071613e-02]",[9.9908960e-01 1.8601915e-05 7.8789302e-04 1.0389396e-04],[9.999999e-01 1.057358e-07],"[1.4732882e-08 2.8378217e-06 3.1397312e-03 9.1096032e-01 8.5680470e-02
 2.1644353e-04 1.4686665e-07 1.6268396e-09 1.9187162e-11]"
D:\Uni\Ulm\Master\Hiwi-Forschung-und-Lehre\FairFace\detected_faces\921621_face0.jpg,Black,Black,Male,20-29,"[1.2838607e-05 9.9443650e-01 3.5354873e-04 1.5048369e-06 4.4954329e-05
 4.4978564e-03 6.5264886e-04]",[1.1615671e-05 9.9952728e-01 3.5773544e-05 4.2532687e-04],[9.9972212e-01 2.7789318e-04],"[2.9457830e-08 3.8628517e-05 1.2574771e-01 7.9783106e-01 7.3918074e-02
 2.4366826e-03 2.6954309e-05 8.6530247e-07 2.2698087e-08]"
D:\Uni\Ulm\Master\Hiwi-Forschung-und-Lehre\FairFace\detected_faces\921789_face0.jpg,White,White,Male,20-29,"[9.9979681e-01 3.5128126e-06 1.7835318e-05 3.4063483e-08 1.1798151e-07
 2.7694472e-08 1.8163693e-04]",[9.9993134e-01 6.0031085e-05 5.3125577e-06 3.2587454e-06],[1.000000e+00 9.188081e-09],"[8.9147179e-10 8.7671559e-08 1.5257546e-03 9.2050880e-01 7.6967493e-02
 9.9020184e-04 7.6306515e-06 9.6608822e-08 1.1756222e-09]"
D:\Uni\Ulm\Master\Hiwi-Forschung-und-Lehre\FairFace\detected_faces\922128_face0.jpg,Middle Eastern,White,Male,20-29,"[2.6102352e-01 7.0261785e-06 2.7211902e-03 4.8268789e-06 7.9074707e-06
 2.1077396e-05 7.3621446e-01]",[9.9865299e-01 2.1167802e-04 4.8087916e-04 6.5440562e-04],[9.9999815e-01 1.8456332e-06],"[7.8401428e-07 4.7797555e-05 1.2972932e-02 6.7577344e-01 3.0235764e-01
 8.8206436e-03 2.6462934e-05 3.2642086e-07 4.1042112e-09]"
D:\Uni\Ulm\Master\Hiwi-Forschung-und-Lehre\FairFace\detected_faces\922186_face0.jpg,White,White,Male,20-29,"[4.7741380e-01 4.7427872e-03 1.3906045e-01 1.2164812e-04 7.8909995e-04
 6.6356274e-04 3.7720868e-01]",[9.8955458e-01 8.3331922e-03 1.1390488e-03 9.7317051e-04],[9.9999994e-01 7.4870563e-08],"[1.9386330e-06 1.5250515e-04 3.0756565e-02 7.5924712e-01 2.0148496e-01
 8.2753981e-03 7.9683370e-05 1.8728762e-06 2.1355042e-08]"
D:\Uni\Ulm\Master\Hiwi-Forschung-und-Lehre\FairFace\detected_faces\922573_face0.jpg,Middle Eastern,Black,Male,20-29,"[0.04570322 0.01377557 0.35556012 0.00094779 0.00362658 0.01332976
 0.567057  ]",[0.18465869 0.31231573 0.19708496 0.30594054],[1.0000000e+00 2.0057804e-08],"[2.9767090e-08 2.0228749e-06 4.3647815e-03 7.5237203e-01 2.3541172e-01
 7.7619008e-03 8.4153420e-05 3.2784642e-06 2.9334309e-08]"
D:\Uni\Ulm\Master\Hiwi-Forschung-und-Lehre\FairFace\detected_faces\922892_face0.jpg,Black,Black,Male,30-39,"[9.1863825e-04 8.8606811e-01 9.4539523e-02 8.7472952e-05 1.9620229e-03
 1.4288831e-02 2.1352426e-03]",[0.00488755 0.91153264 0.01085672 0.07272304],[9.9993885e-01 6.1110317e-05],"[1.1239319e-05 2.9305229e-05 2.1916509e-03 1.4940117e-01 6.0620093e-01
 2.1928672e-01 2.2107985e-02 7.4851519e-04 2.2457874e-05]"
D:\Uni\Ulm\Master\Hiwi-Forschung-und-Lehre\FairFace\detected_faces\922896_face0.jpg,Latino_Hispanic,White,Male,20-29,"[1.0893796e-01 9.4716186e-03 7.9629290e-01 4.0101493e-04 2.0093988e-03
 2.6983654e-03 8.0188744e-02]",[0.8892011  0.04301797 0.02439306 0.04338784],[9.999956e-01 4.430581e-06],"[3.1140294e-07 5.0501367e-05 4.0128697e-02 8.7160605e-01 8.7041751e-02
 1.1629791e-03 9.6196072e-06 1.4207811e-07 2.2329139e-09]"
D:\Uni\Ulm\Master\Hiwi-Forschung-und-Lehre\FairFace\detected_faces\922927_face0.jpg,White,White,Male,20-29,"[4.8847806e-01 4.3271974e-04 2.6647726e-01 3.5103345e-05 2.3702490e-04
 1.0855754e-01 1.3578226e-01]",[0.7473373  0.00432968 0.00192479 0.24640818],[9.9999422e-01 5.7646553e-06],"[1.67682742e-06 1.08258806e-04 9.64787044e-03 7.27531731e-01
 2.54084796e-01 8.58373474e-03 4.08037813e-05 1.13179919e-06
 1.94298835e-08]"
D:\Uni\Ulm\Master\Hiwi-Forschung-und-Lehre\FairFace\detected_faces\922928_face0.jpg,White,White,Male,20-29,"[9.5150524e-01 7.2009352e-05 3.4024168e-02 8.9162779e-05 2.2616543e-04
 3.1757538e-04 1.3765632e-02]",[9.9888760e-01 4.3864136e-05 2.3743225e-04 8.3115406e-04],[1.0000000e+00 1.4833273e-08],"[1.16673654e-07 7.88540710e-05 1.61837444e-01 8.11711609e-01
 2.61222962e-02 2.48521595e-04 1.05844765e-06 2.85868165e-08
 2.89893470e-10]"
D:\Uni\Ulm\Master\Hiwi-Forschung-und-Lehre\FairFace\detected_faces\922931_face0.jpg,Southeast Asian,Black,Male,10-19,"[0.03581776 0.0201033  0.26604483 0.06115845 0.61252844 0.00104214
 0.0033051 ]",[0.04326387 0.5962115  0.35671788 0.00380673],[9.9998218e-01 1.7768989e-05],"[8.3120746e-08 9.8951359e-04 6.8859863e-01 3.0640656e-01 3.9565223e-03
 4.8166530e-05 4.4559204e-07 1.4929443e-08 3.2403091e-10]"
D:\Uni\Ulm\Master\Hiwi-Forschung-und-Lehre\FairFace\detected_faces\922939_face0.jpg,Middle Eastern,White,Male,20-29,"[2.5133673e-02 8.7279128e-05 4.7831046e-03 1.2798120e-05 4.1664607e-05
 1.8601721e-04 9.6975541e-01]",[0.97028476 0.02072272 0.00146484 0.00752766],[9.9999642e-01 3.5619225e-06],"[3.3796681e-07 2.9944777e-04 3.1848941e-02 8.9197785e-01 7.5559355e-02
 3.1378638e-04 2.8936134e-07 5.1827782e-09 7.7966494e-11]"
D:\Uni\Ulm\Master\Hiwi-Forschung-und-Lehre\FairFace\detected_faces\922966_face0.jpg,Black,Black,Male,30-39,"[3.3738679e-06 9.9992836e-01 2.6297279e-05 1.4790132e-07 2.0637140e-06
 3.6082409e-05 3.6731874e-06]",[6.3133125e-06 9.9969769e-01 1.5018186e-05 2.8099539e-04],[9.9990135e-01 9.8621378e-05],"[5.8807223e-07 1.5255592e-05 2.5288493e-03 1.1744459e-01 5.2106553e-01
 3.0909601e-01 4.8761822e-02 1.0308872e-03 5.6428184e-05]"
D:\Uni\Ulm\Master\Hiwi-Forschung-und-Lehre\FairFace\detected_faces\922967_face0.jpg,Black,Black,Male,30-39,"[3.0972942e-07 9.9995691e-01 2.0773021e-05 3.7617056e-08 8.6200703e-07
 2.0279766e-05 9.0365296e-07]",[2.94624556e-06 9.99813497e-01 1.02244616e-04 8.13284132e-05],[9.9999928e-01 7.1465934e-07],"[1.6958055e-07 3.3469480e-06 3.7641247e-04 1.1934556e-01 5.7298583e-01
 2.9530486e-01 1.1844146e-02 1.3502879e-04 4.6464402e-06]"
D:\Uni\Ulm\Master\Hiwi-Forschung-und-Lehre\FairFace\detected_faces\923000_face0.jpg,Latino_Hispanic,Indian,Male,30-39,"[4.8333429e-02 2.7353825e-02 4.5228571e-01 1.3043678e-05 1.2843312e-04
 4.4470556e-02 4.2741498e-01]",[0.09074399 0.07423504 0.00205354 0.83296746],[9.9998838e-01 1.1610747e-05],"[1.4066120e-06 4.1411360e-05 3.2991103e-03 4.3874964e-01 5.2588612e-01
 3.1799521e-02 2.1847834e-04 4.2922570e-06 5.5508565e-08]"
D:\Uni\Ulm\Master\Hiwi-Forschung-und-Lehre\FairFace\detected_faces\923448_face0.jpg,East Asian,Asian,Male,30-39,"[5.96354832e-04 1.31141305e-05 4.54410492e-03 6.91651344e-01
 3.02528769e-01 1.98078051e-04 4.68233920e-04]",[2.4650057e-03 7.0004590e-04 9.9554044e-01 1.2944626e-03],[9.9999976e-01 2.8678596e-07],"[1.7080113e-08 8.3478261e-07 4.1834399e-04 2.9397139e-01 6.5110135e-01
 5.3669356e-02 8.2945154e-04 9.1708634e-06 5.6064245e-08]"
D:\Uni\Ulm\Master\Hiwi-Forschung-und-Lehre\FairFace\detected_faces\923803_face0.jpg,Middle Eastern,White,Male,20-29,"[3.3839416e-02 3.1043694e-04 7.1593672e-02 3.0117510e-05 1.5267015e-04
 5.2776182e-04 8.9354593e-01]",[0.8954184  0.05552967 0.0023011  0.04675078],[9.9999911e-01 9.2915525e-07],"[1.51759721e-07 2.60724810e-05 1.86966956e-02 7.61260331e-01
 2.12780580e-01 7.17469212e-03 6.07289694e-05 7.36240963e-07
 1.02353495e-08]"
D:\Uni\Ulm\Master\Hiwi-Forschung-und-Lehre\FairFace\detected_faces\923820_face0.jpg,White,White,Male,10-19,"[6.2737411e-01 2.6451983e-04 1.6519466e-01 1.1105472e-03 2.0861363e-03
 6.5423705e-04 2.0331573e-01]",[0.96118754 0.01027103 0.01396977 0.01457162],[9.9997795e-01 2.2049882e-05],"[1.5895562e-08 3.7103359e-04 8.7961149e-01 1.1942824e-01 5.8587815e-04
 3.3542099e-06 6.4287367e-09 1.7084148e-10 3.3974525e-12]"
D:\Uni\Ulm\Master\Hiwi-Forschung-und-Lehre\FairFace\detected_faces\923823_face0.jpg,Black,Black,Male,20-29,"[9.1507229e-07 9.9986869e-01 9.2838782e-05 7.7923903e-07 2.2889710e-05
 1.2602919e-05 1.2827732e-06]",[6.825091e-06 9.990763e-01 8.906561e-04 2.623601e-05],[9.9999893e-01 1.0866655e-06],"[6.0412304e-07 1.1619046e-04 2.7434926e-02 7.9117274e-01 1.7068660e-01
 1.0456084e-02 1.3035059e-04 2.4008466e-06 1.3834864e-07]"
D:\Uni\Ulm\Master\Hiwi-Forschung-und-Lehre\FairFace\detected_faces\923894_face0.jpg,Black,Black,Male,20-29,"[1.34939561e-04 8.79257560e-01 1.01821624e-01 8.71356679e-05
 9.55701061e-03 8.67853779e-03 4.63241013e-04]",[1.6405772e-04 9.7847605e-01 4.1082157e-03 1.7251659e-02],[1.0000000e+00 4.0467985e-08],"[2.34244180e-08 1.01499984e-06 9.83450189e-03 8.86962652e-01
 9.81367230e-02 4.94957902e-03 1.11234796e-04 4.09092308e-06
 5.01761015e-08]"
D:\Uni\Ulm\Master\Hiwi-Forschung-und-Lehre\FairFace\detected_faces\923973_face0.jpg,Black,Black,Male,30-39,"[4.60636969e-08 9.99998391e-01 1.01159969e-06 5.65653968e-10
 1.33870754e-08 4.80567451e-07 9.76026939e-08]",[4.890360e-07 9.999982e-01 4.783186e-07 8.595481e-07],[9.9999988e-01 1.2870997e-07],"[5.6681642e-09 3.5608213e-07 5.8976555e-04 3.7036499e-01 5.6253135e-01
 6.5597713e-02 9.0727292e-04 8.1561539e-06 3.5324834e-07]"
D:\Uni\Ulm\Master\Hiwi-Forschung-und-Lehre\FairFace\detected_faces\924020_face0.jpg,White,White,Male,20-29,"[5.5265158e-01 5.3321471e-04 2.5717932e-01 2.7401946e-05 1.2767880e-04
 1.1358949e-01 7.5891316e-02]",[6.2284237e-01 1.2582685e-03 3.4846019e-04 3.7555087e-01],[9.9998933e-01 1.0710059e-05],"[2.21186065e-06 5.51296871e-05 1.41535485e-02 5.41271091e-01
 4.15561020e-01 2.85968799e-02 3.54756688e-04 5.19857440e-06
 1.03019573e-07]"
D:\Uni\Ulm\Master\Hiwi-Forschung-und-Lehre\FairFace\detected_faces\924076_face0.jpg,Middle Eastern,White,Male,20-29,"[1.3307090e-01 1.7970667e-03 2.0056397e-01 1.6041511e-05 7.9088975e-05
 1.2234806e-02 6.5223813e-01]",[0.8959429  0.00695247 0.00158742 0.09551723],[9.999933e-01 6.716544e-06],"[2.7485368e-07 1.7622648e-05 4.8539233e-03 7.5513560e-01 2.3704822e-01
 2.9361837e-03 8.0362861e-06 7.3402347e-08 1.1310003e-09]"
D:\Uni\Ulm\Master\Hiwi-Forschung-und-Lehre\FairFace\detected_faces\924104_face0.jpg,White,White,Male,10-19,"[9.9958926e-01 1.4811721e-08 8.2167335e-06 5.2190990e-07 1.1514211e-07
 2.9342345e-08 4.0192713e-04]",[9.9998873e-01 4.5924580e-07 9.3292465e-06 1.5015042e-06],[9.9999040e-01 9.5742425e-06],"[7.41654003e-05 1.27079159e-01 8.51445019e-01 1.80261694e-02
 2.66818400e-03 6.92759582e-04 1.39138865e-05 6.09766516e-07
 1.25406743e-08]"
D:\Uni\Ulm\Master\Hiwi-Forschung-und-Lehre\FairFace\detected_faces\924149_face0.jpg,White,White,Male,20-29,"[9.7382349e-01 6.9653393e-06 1.5965340e-03 3.8431990e-06 8.8067054e-06
 7.6104239e-05 2.4484308e-02]",[9.9995506e-01 1.1723523e-06 1.0615531e-05 3.3185006e-05],[0.99820244 0.00179757],"[2.8832153e-08 3.2640687e-06 1.2510116e-02 8.4797484e-01 1.3405579e-01
 5.3373408e-03 1.1723365e-04 1.3869329e-06 3.8419731e-08]"
D:\Uni\Ulm\Master\Hiwi-Forschung-und-Lehre\FairFace\detected_faces\924205_face0.jpg,White,White,Male,20-29,"[5.0985831e-01 1.0567677e-03 4.5992258e-01 3.8942322e-04 1.6159971e-03
 3.5602812e-04 2.6800884e-02]",[0.9514602  0.02791559 0.01450812 0.00611611],[1.0000000e+00 1.7723746e-09],"[1.6300846e-09 5.9158884e-07 4.4410653e-02 9.3729854e-01 1.8214550e-02
 7.5389180e-05 2.4354344e-07 3.0342899e-09 1.5190973e-11]"
D:\Uni\Ulm\Master\Hiwi-Forschung-und-Lehre\FairFace\detected_faces\924369_face0.jpg,Black,Black,Male,20-29,"[1.3054733e-06 9.9999458e-01 1.6362887e-06 3.1863638e-07 1.1324280e-06
 9.4881398e-07 1.2110306e-07]",[1.5162540e-06 9.9999326e-01 3.6747538e-06 1.5793360e-06],[9.994203e-01 5.797168e-04],"[1.14714101e-06 1.15999595e-04 1.39706330e-02 4.81434286e-01
 3.40546221e-01 1.45609483e-01 1.64775401e-02 1.44822954e-03
 3.96538118e-04]"
D:\Uni\Ulm\Master\Hiwi-Forschung-und-Lehre\FairFace\detected_faces\924378_face0.jpg,White,White,Male,20-29,"[9.9931180e-01 2.9769360e-06 2.7981799e-04 1.6218951e-06 5.7740253e-06
 2.1313310e-06 3.9581093e-04]",[9.9901259e-01 1.7329671e-04 2.8792594e-04 5.2620086e-04],[9.999998e-01 1.717515e-07],"[6.12710016e-09 1.45639137e-06 1.18290633e-02 9.33390617e-01
 5.35210930e-02 1.24263321e-03 1.48882655e-05 2.89732185e-07
 3.98213151e-09]"
D:\Uni\Ulm\Master\Hiwi-Forschung-und-Lehre\FairFace\detected_faces\924461_face0.jpg,Black,Black,Male,30-39,"[2.0083013e-05 9.9977493e-01 1.0030881e-04 9.1740986e-08 1.0242051e-06
 4.5328390e-05 5.8258764e-05]",[1.04867695e-05 9.99977529e-01 2.86234058e-06 9.09866594e-06],[9.999919e-01 8.129569e-06],"[2.4712310e-06 5.2749292e-05 2.1802047e-03 2.8245458e-01 6.0559696e-01
 1.0672652e-01 2.9134280e-03 7.0650465e-05 2.4258009e-06]"
D:\Uni\Ulm\Master\Hiwi-Forschung-und-Lehre\FairFace\detected_faces\924690_face0.jpg,Black,Black,Male,20-29,"[4.5780423e-03 4.1573778e-01 2.0152061e-01 8.9883448e-05 3.5167774e-03
 3.4283414e-01 3.1722777e-02]",[0.00343693 0.6464915  0.00743039 0.34264117],[9.9999946e-01 5.9162176e-07],"[4.6480833e-09 2.7268381e-05 1.8951836e-01 8.0298764e-01 7.4488441e-03
 1.7822942e-05 1.4438068e-08 3.1856107e-10 5.4474294e-12]"
D:\Uni\Ulm\Master\Hiwi-Forschung-und-Lehre\FairFace\detected_faces\924871_face0.jpg,Latino_Hispanic,White,Male,20-29,"[1.0286908e-01 1.5406816e-03 8.8575697e-01 5.1186414e-04 1.0931712e-03
 4.4470038e-03 3.7811331e-03]",[0.51988715 0.18330854 0.14489803 0.15190624],[9.999993e-01 7.590196e-07],"[8.8306635e-08 4.1306153e-06 2.1698935e-02 6.5986133e-01 2.7519432e-01
 4.1229773e-02 1.9835460e-03 2.7786218e-05 1.2816648e-07]"
D:\Uni\Ulm\Master\Hiwi-Forschung-und-Lehre\FairFace\detected_faces\924973_face0.jpg,White,White,Male,20-29,"[9.9992722e-01 9.7371906e-09 9.8049068e-06 3.9082215e-07 2.2224818e-07
 3.5972455e-08 6.2364721e-05]",[9.9998760e-01 3.8002341e-07 8.9620462e-06 3.0486062e-06],[9.9991935e-01 8.0630532e-05],"[4.3693598e-07 2.5978242e-04 3.0605215e-01 6.4835459e-01 4.3037016e-02
 2.2756218e-03 2.0001651e-05 3.8846622e-07 1.1030621e-08]"
D:\Uni\Ulm\Master\Hiwi-Forschung-und-Lehre\FairFace\detected_faces\925011_face0.jpg,White,White,Male,20-29,"[9.9441373e-01 8.6072578e-06 4.6064696e-04 2.7513401e-05 3.2919434e-05
 4.5414931e-06 5.0520976e-03]",[9.981570e-01 1.065316e-03 6.783085e-04 9.938418e-05],[0.9245067  0.07549327],"[1.36254375e-05 4.80225543e-04 8.71403813e-02 4.37367290e-01
 2.78399944e-01 1.63811237e-01 3.06281447e-02 2.11398420e-03
 4.51474407e-05]"
D:\Uni\Ulm\Master\Hiwi-Forschung-und-Lehre\FairFace\detected_faces\925015_face0.jpg,White,White,Male,20-29,"[9.79752719e-01 2.43399536e-05 5.79565205e-03 5.54196195e-05
 1.99322341e-04 3.04283076e-05 1.41421445e-02]",[9.9922234e-01 5.0406094e-04 3.7982900e-05 2.3565209e-04],[9.9999648e-01 3.5323608e-06],"[1.99198045e-08 2.56425892e-06 1.38511471e-02 8.81378472e-01
 1.02978155e-01 1.77721598e-03 1.22812999e-05 1.46787798e-07
 1.91486249e-09]"
D:\Uni\Ulm\Master\Hiwi-Forschung-und-Lehre\FairFace\detected_faces\925029_face0.jpg,Black,Black,Male,20-29,"[6.6561420e-06 9.9971104e-01 1.6971229e-04 2.1060158e-07 6.0527705e-06
 6.3457373e-05 4.2804582e-05]",[3.2179069e-06 9.9986017e-01 2.2213970e-05 1.1443822e-04],[9.9976766e-01 2.3234187e-04],"[1.18099194e-06 1.11771384e-04 2.41071712e-02 4.85542774e-01
 4.07073975e-01 7.96360523e-02 3.39968666e-03 1.21960489e-04
 5.46456067e-06]"
D:\Uni\Ulm\Master\Hiwi-Forschung-und-Lehre\FairFace\detected_faces\925097_face0.jpg,Latino_Hispanic,Black,Male,20-29,"[9.8925889e-02 1.9099440e-01 6.7868567e-01 1.1035122e-05 2.4921537e-04
 5.7884874e-03 2.5345348e-02]",[0.06333631 0.92852896 0.00101396 0.00712078],[1.0000000e+00 3.5329046e-09],"[9.7345811e-08 1.9968381e-06 1.3246525e-03 5.5488241e-01 4.0934825e-01
 3.3138197e-02 1.2725170e-03 3.1890995e-05 1.4364009e-07]"
D:\Uni\Ulm\Master\Hiwi-Forschung-und-Lehre\FairFace\detected_faces\925133_face0.jpg,Middle Eastern,White,Male,20-29,"[1.8717207e-01 1.3352039e-04 1.9357733e-01 1.6510730e-03 2.4757320e-03
 2.3045253e-03 6.1268568e-01]",[0.9067623  0.04122232 0.00911651 0.04289892],[9.9999893e-01 1.0463252e-06],"[2.66699402e-07 1.22921847e-04 1.14712626e-01 8.68829191e-01
 1.62766147e-02 5.82025641e-05 1.63094796e-07 6.48333387e-09
 8.01467781e-11]"
D:\Uni\Ulm\Master\Hiwi-Forschung-und-Lehre\FairFace\detected_faces\925206_face0.jpg,White,White,Male,20-29,"[8.1798160e-01 3.5419980e-05 1.3205787e-02 4.9651211e-05 4.6139859e-05
 9.4591531e-05 1.6858672e-01]",[9.9600422e-01 3.1392612e-03 3.3818933e-04 5.1833648e-04],[9.9999630e-01 3.6658048e-06],"[3.9874277e-07 5.9811916e-04 1.8918881e-01 7.9310673e-01 1.6955988e-02
 1.4943567e-04 5.3765649e-07 1.2531732e-08 2.8218372e-10]"
D:\Uni\Ulm\Master\Hiwi-Forschung-und-Lehre\FairFace\detected_faces\925220_face0.jpg,Middle Eastern,White,Male,30-39,"[3.6198887e-01 6.5770871e-03 1.4080766e-01 3.0995925e-05 9.1896538e-05
 2.4161749e-03 4.8808727e-01]",[9.2955649e-01 3.3592269e-02 5.8599981e-04 3.6265224e-02],[9.9999774e-01 2.2992770e-06],"[7.3246053e-07 1.4409716e-05 9.2487555e-04 3.2890216e-01 6.3756782e-01
 3.2360587e-02 2.2576527e-04 3.5392854e-06 6.2642158e-08]"
D:\Uni\Ulm\Master\Hiwi-Forschung-und-Lehre\FairFace\detected_faces\925242_face0.jpg,White,White,Male,20-29,"[5.9862363e-01 1.4997734e-03 2.3282395e-01 6.1070619e-05 6.9258548e-04
 1.0812443e-02 1.5548645e-01]",[9.9082154e-01 1.1017248e-03 3.8209031e-04 7.6946644e-03],[9.9999982e-01 2.0175935e-07],"[2.59813845e-07 1.15126186e-05 6.48517814e-03 6.63968146e-01
 3.17466050e-01 1.19583793e-02 1.08670254e-04 1.80523966e-06
 1.78859629e-08]"
D:\Uni\Ulm\Master\Hiwi-Forschung-und-Lehre\FairFace\detected_faces\925285_face0.jpg,Latino_Hispanic,Indian,Male,20-29,"[0.0168082  0.03921182 0.56484425 0.00097729 0.0082368  0.01353038
 0.35639134]",[0.0938013  0.35993752 0.11748464 0.42877653],[9.9999988e-01 1.4553649e-07],"[8.4219664e-08 2.0099867e-05 1.0905544e-02 8.3823609e-01 1.4885199e-01
 1.9795441e-03 6.5080762e-06 1.6294194e-07 2.2479556e-09]"
D:\Uni\Ulm\Master\Hiwi-Forschung-und-Lehre\FairFace\detected_faces\925790_face0.jpg,East Asian,Asian,Male,10-19,"[1.5008360e-03 6.9620037e-05 3.8454771e-02 5.1521909e-01 4.4345438e-01
 1.0625065e-03 2.3885675e-04]",[2.5918771e-04 4.5968853e-05 9.9843800e-01 1.2568209e-03],[9.9995375e-01 4.6259480e-05],"[2.9191040e-07 1.1488734e-03 5.6645662e-01 4.2016250e-01 1.1983451e-02
 2.4664676e-04 1.5346793e-06 1.2927923e-07 1.4253163e-09]"
D:\Uni\Ulm\Master\Hiwi-Forschung-und-Lehre\FairFace\detected_faces\925910_face0.jpg,Southeast Asian,Asian,Male,20-29,"[4.3353994e-04 1.0388553e-03 3.7755184e-03 3.7490717e-01 6.1860120e-01
 1.1823154e-03 6.1350838e-05]",[3.7191479e-04 3.1540121e-03 9.9566853e-01 8.0556318e-04],[9.9998116e-01 1.8825416e-05],"[2.6970952e-07 4.4977097e-04 4.5898545e-01 5.2761638e-01 1.2663622e-02
 2.8046162e-04 3.6754216e-06 4.0502405e-07 8.6263823e-09]"
D:\Uni\Ulm\Master\Hiwi-Forschung-und-Lehre\FairFace\detected_faces\926138_face0.jpg,Middle Eastern,Indian,Male,20-29,"[1.2608807e-01 6.3964986e-04 1.4411552e-01 3.0696656e-06 5.6902016e-05
 1.5307339e-01 5.7602340e-01]",[1.9449681e-01 7.2252043e-03 2.5074210e-04 7.9802728e-01],[1.0000000e+00 3.9933845e-08],"[1.0549878e-08 9.8340788e-06 1.2455201e-02 9.3437266e-01 5.2809924e-02
 3.5201709e-04 2.9163294e-07 4.6373470e-09 3.2579831e-11]"
D:\Uni\Ulm\Master\Hiwi-Forschung-und-Lehre\FairFace\detected_faces\926418_face0.jpg,Middle Eastern,White,Male,20-29,"[3.6542666e-01 2.5724870e-04 1.5877388e-01 7.4074873e-05 2.9122643e-04
 3.8415026e-03 4.7133550e-01]",[0.953953   0.00553991 0.00354351 0.03696357],[9.9999774e-01 2.2480685e-06],"[8.0884485e-07 1.4310275e-04 8.9880591e-03 8.6204368e-01 1.2782159e-01
 1.0011921e-03 1.6008227e-06 2.5078178e-08 4.4225548e-10]"
D:\Uni\Ulm\Master\Hiwi-Forschung-und-Lehre\FairFace\detected_faces\926589_face0.jpg,White,Asian,Male,20-29,"[6.0559916e-01 4.8663671e-04 1.7731893e-01 1.0961609e-01 9.2546597e-02
 1.4864652e-03 1.2946138e-02]",[0.14460425 0.0206813  0.83006334 0.00465108],[9.9972504e-01 2.7493938e-04],"[1.4096224e-07 2.2384271e-05 4.8376672e-02 8.5185933e-01 9.4578192e-02
 4.9778922e-03 1.7756659e-04 7.4945597e-06 1.9024831e-07]"
D:\Uni\Ulm\Master\Hiwi-Forschung-und-Lehre\FairFace\detected_faces\926892_face0.jpg,White,White,Male,20-29,"[9.9942899e-01 1.0031936e-07 8.9329624e-05 1.2686631e-06 2.7455928e-06
 7.2102443e-07 4.7684292e-04]",[9.9996918e-01 3.1263819e-06 2.2793896e-05 4.9430523e-06],[9.9997693e-01 2.3028253e-05],"[1.4215536e-07 2.8348939e-05 3.1948153e-02 8.2337624e-01 1.3808838e-01
 6.5124119e-03 4.5916393e-05 3.9823234e-07 8.9586729e-09]"
D:\Uni\Ulm\Master\Hiwi-Forschung-und-Lehre\FairFace\detected_faces\927030_face0.jpg,White,White,Male,30-39,"[8.6874962e-01 1.2785570e-05 9.7258361e-03 1.0016555e-04 1.6974066e-04
 1.0170868e-04 1.2114009e-01]",[9.9949884e-01 2.1200620e-05 3.6137784e-04 1.1855694e-04],[9.99894261e-01 1.05750616e-04],"[2.1333406e-07 3.5287198e-06 3.5551032e-03 3.0735594e-01 5.9746164e-01
 8.9826368e-02 1.7637156e-03 3.3023844e-05 4.5021949e-07]"
D:\Uni\Ulm\Master\Hiwi-Forschung-und-Lehre\FairFace\detected_faces\927036_face0.jpg,White,White,Male,20-29,"[6.4662474e-01 9.0242302e-06 6.2442957e-03 2.3447787e-05 5.0716350e-05
 5.5569492e-04 3.4649211e-01]",[9.9109989e-01 2.9483347e-04 1.2226767e-03 7.3825917e-03],[9.9999964e-01 3.5984641e-07],"[6.6907673e-06 6.2688645e-03 1.4812203e-01 7.9781717e-01 4.7262371e-02
 5.2199751e-04 8.4551442e-07 1.7107409e-08 4.2686149e-10]"
D:\Uni\Ulm\Master\Hiwi-Forschung-und-Lehre\FairFace\detected_faces\927066_face0.jpg,Latino_Hispanic,White,Male,30-39,"[0.1392594  0.00170756 0.45380977 0.00386702 0.00805882 0.01618878
 0.37710863]",[0.56953645 0.07923477 0.3370751  0.01415361],[9.9999595e-01 4.0323052e-06],"[2.6496715e-05 2.5360545e-04 1.0649150e-02 3.5789141e-01 5.2485222e-01
 1.0210075e-01 4.0979311e-03 1.2690005e-04 1.5539505e-06]"
D:\Uni\Ulm\Master\Hiwi-Forschung-und-Lehre\FairFace\detected_faces\927083_face0.jpg,Black,Black,Male,30-39,"[3.2137656e-03 9.7494268e-01 1.4801086e-02 1.3763436e-07 4.4801295e-06
 3.0826593e-03 3.9551668e-03]",[2.2024795e-04 9.9950957e-01 3.9056058e-06 2.6627217e-04],[9.9999952e-01 4.7116293e-07],"[3.5691536e-07 2.7450749e-06 1.2507141e-04 4.5597568e-02 6.5051603e-01
 2.9710203e-01 6.5906900e-03 6.4925276e-05 5.0970368e-07]"
D:\Uni\Ulm\Master\Hiwi-Forschung-und-Lehre\FairFace\detected_faces\927155_face0.jpg,White,White,Male,20-29,"[9.7851175e-01 1.7124396e-04 1.4177107e-03 2.2086610e-05 3.7978585e-05
 3.9164857e-05 1.9799996e-02]",[9.9925685e-01 5.4206554e-04 1.1892180e-05 1.8919523e-04],[9.9999475e-01 5.2222558e-06],"[1.0401140e-05 2.7385211e-04 7.3820683e-03 6.6174293e-01 3.2270557e-01
 7.8167068e-03 6.6292152e-05 2.1094813e-06 5.4411938e-08]"
D:\Uni\Ulm\Master\Hiwi-Forschung-und-Lehre\FairFace\detected_faces\927175_face0.jpg,White,White,Male,20-29,"[9.8854071e-01 5.8626879e-06 7.8105641e-04 2.7222095e-06 6.3323996e-06
 8.0697719e-06 1.0655273e-02]",[9.9945933e-01 2.7511621e-04 3.1672738e-05 2.3379504e-04],[9.9999988e-01 1.0230414e-07],"[3.2438725e-06 2.0749737e-04 1.0666319e-02 6.5347564e-01 3.2246822e-01
 1.3082579e-02 9.5148782e-05 1.3656879e-06 1.8324275e-08]"
D:\Uni\Ulm\Master\Hiwi-Forschung-und-Lehre\FairFace\detected_faces\927188_face0.jpg,Black,Black,Male,20-29,"[5.9820159e-06 9.9956232e-01 2.9551602e-05 1.6808212e-08 6.5543276e-07
 3.9737823e-04 4.0388627e-06]",[1.8941404e-05 9.9578601e-01 4.2378251e-05 4.1526109e-03],[9.9999487e-01 5.0962826e-06],"[2.0333434e-08 2.0848905e-05 9.5177926e-03 6.0243052e-01 3.6967981e-01
 1.8164285e-02 1.8381304e-04 2.7642895e-06 9.5941921e-08]"
D:\Uni\Ulm\Master\Hiwi-Forschung-und-Lehre\FairFace\detected_faces\927304_face0.jpg,White,White,Male,20-29,"[6.4560771e-01 5.2226795e-04 1.9998303e-01 8.7551234e-05 3.1849594e-04
 1.9027813e-03 1.5157822e-01]",[9.9938607e-01 1.4479794e-04 1.7006652e-04 2.9901171e-04],[9.9999964e-01 3.8153945e-07],"[2.5351184e-07 1.7571805e-05 6.7087980e-03 8.0765581e-01 1.8391506e-01
 1.6989361e-03 3.5487640e-06 4.8538173e-08 5.9179123e-10]"
D:\Uni\Ulm\Master\Hiwi-Forschung-und-Lehre\FairFace\detected_faces\927312_face0.jpg,White,White,Male,20-29,"[9.7303253e-01 4.1229014e-05 8.4229943e-04 6.7898065e-07 3.5423473e-06
 5.5670289e-06 2.6074117e-02]",[9.9709988e-01 2.6424723e-03 4.1377687e-05 2.1631307e-04],[9.9999994e-01 9.2506951e-08],"[4.8917993e-08 8.6632544e-06 3.3884386e-03 6.7879140e-01 3.0913067e-01
 8.6473562e-03 3.3012311e-05 4.6421880e-07 6.5687598e-09]"
D:\Uni\Ulm\Master\Hiwi-Forschung-und-Lehre\FairFace\detected_faces\927315_face0.jpg,White,White,Male,20-29,"[8.6480987e-01 4.0389851e-04 4.9110334e-02 3.5771467e-05 1.5748102e-04
 1.1977386e-03 8.4284842e-02]",[9.9822849e-01 9.5236028e-04 2.6435510e-04 5.5477413e-04],[9.999997e-01 3.273192e-07],"[3.1248271e-07 8.8051100e-05 4.0431581e-02 8.9502543e-01 6.3850075e-02
 6.0192461e-04 2.5542920e-06 4.4214566e-08 6.6110861e-10]"
D:\Uni\Ulm\Master\Hiwi-Forschung-und-Lehre\FairFace\detected_faces\927340_face0.jpg,Black,Black,Male,30-39,"[3.0346501e-03 9.7555685e-01 1.8792644e-02 7.6507073e-05 3.9384654e-04
 5.8907154e-04 1.5564692e-03]",[0.0050685  0.98962015 0.0026144  0.00269699],[0.9960258  0.00397419],"[1.0013988e-06 1.8779749e-05 2.9867145e-03 3.7120938e-01 5.6032795e-01
 6.3516498e-02 1.9012968e-03 3.7431957e-05 9.0797300e-07]"
D:\Uni\Ulm\Master\Hiwi-Forschung-und-Lehre\FairFace\detected_faces\927353_face0.jpg,White,White,Male,20-29,"[5.3302389e-01 3.4662071e-04 1.5347908e-01 4.4492292e-05 1.8451677e-04
 3.4764013e-03 3.0944496e-01]",[0.979551   0.0019342  0.00104989 0.01746484],[9.9999726e-01 2.7847973e-06],"[8.0880831e-08 2.9042944e-06 2.9940265e-03 6.4191806e-01 3.4443322e-01
 1.0548315e-02 1.0185835e-04 1.4869917e-06 2.4833950e-08]"
D:\Uni\Ulm\Master\Hiwi-Forschung-und-Lehre\FairFace\detected_faces\927355_face0.jpg,Black,Black,Male,30-39,"[4.4061173e-05 9.9958813e-01 3.2635761e-04 1.8677710e-07 2.1450189e-06
 2.1202683e-05 1.7863655e-05]",[5.9875569e-05 9.9977809e-01 1.3237767e-04 2.9650690e-05],[9.9999851e-01 1.4531655e-06],"[6.4876178e-07 1.7482975e-05 2.2680301e-03 4.6775013e-01 4.8678246e-01
 4.2339768e-02 8.2404853e-04 1.7002505e-05 4.7292500e-07]"
D:\Uni\Ulm\Master\Hiwi-Forschung-und-Lehre\FairFace\detected_faces\927356_face0.jpg,White,White,Male,20-29,"[9.9826324e-01 2.1934736e-06 9.4024721e-04 9.3454088e-07 3.2808766e-06
 7.7883260e-06 7.8236696e-04]",[9.9963766e-01 2.0358298e-04 3.1821713e-05 1.2682643e-04],[9.9999958e-01 4.1349918e-07],"[7.4579383e-09 3.4016518e-06 7.0282551e-03 9.0163916e-01 9.0867221e-02
 4.6135948e-04 5.4374493e-07 3.7295647e-09 6.2378207e-11]"
D:\Uni\Ulm\Master\Hiwi-Forschung-und-Lehre\FairFace\detected_faces\927360_face0.jpg,Black,Black,Male,20-29,"[4.5352420e-04 5.6415480e-01 8.9444853e-03 2.4955614e-06 2.4111943e-04
 4.2595607e-01 2.4747642e-04]",[2.3459778e-04 9.1264898e-01 3.2548603e-04 8.6790912e-02],[9.9998653e-01 1.3497177e-05],"[1.9543430e-08 9.3066647e-06 1.4720826e-02 7.5817770e-01 2.2200456e-01
 5.0575552e-03 2.9558105e-05 4.6250565e-07 7.2202648e-09]"
D:\Uni\Ulm\Master\Hiwi-Forschung-und-Lehre\FairFace\detected_faces\927361_face0.jpg,White,White,Male,20-29,"[9.9315137e-01 2.6551443e-05 3.2376873e-03 2.3714722e-06 8.0735390e-06
 4.5361689e-05 3.5285563e-03]",[9.9921972e-01 2.1859152e-04 1.5046910e-04 4.1123622e-04],[9.9999994e-01 5.5903680e-08],"[7.3314550e-09 1.1480965e-06 1.2832693e-03 6.0777247e-01 3.7824267e-01
 1.2652540e-02 4.7629779e-05 2.2652476e-07 2.6046449e-09]"
D:\Uni\Ulm\Master\Hiwi-Forschung-und-Lehre\FairFace\detected_faces\927363_face0.jpg,Black,Black,Male,20-29,"[6.0489445e-05 9.9907392e-01 6.0107093e-04 1.6276954e-06 2.4745070e-05
 1.9637238e-04 4.1766027e-05]",[3.0010867e-06 9.9992448e-01 1.0374470e-05 6.2186853e-05],[9.9955273e-01 4.4734048e-04],"[9.6183055e-07 6.9183625e-05 1.9410171e-02 6.3043118e-01 3.2949832e-01
 1.9714827e-02 8.4246456e-04 3.1719592e-05 1.1105403e-06]"
D:\Uni\Ulm\Master\Hiwi-Forschung-und-Lehre\FairFace\detected_faces\927366_face0.jpg,Latino_Hispanic,White,Male,20-29,"[0.23384927 0.0075707  0.7360684  0.00093666 0.00483131 0.00158423
 0.01515945]",[0.6682101  0.22962773 0.09211989 0.0100423 ],[9.999999e-01 6.537086e-08],"[4.3743117e-07 7.8872181e-05 5.1380295e-02 7.9609752e-01 1.4537545e-01
 6.9195754e-03 1.4498136e-04 2.9068519e-06 2.7994005e-08]"
D:\Uni\Ulm\Master\Hiwi-Forschung-und-Lehre\FairFace\detected_faces\927367_face0.jpg,White,White,Male,10-19,"[9.9977076e-01 2.1643290e-08 2.3342891e-06 3.9661819e-07 3.5680449e-07
 1.5781831e-08 2.2615308e-04]",[9.9997663e-01 8.9596888e-06 1.1900907e-05 2.4741389e-06],[9.9998450e-01 1.5500642e-05],"[1.1999718e-07 9.0840267e-04 6.2145764e-01 3.7211174e-01 5.3992649e-03
 1.2248443e-04 4.2420538e-07 7.8919689e-09 3.0561145e-10]"
D:\Uni\Ulm\Master\Hiwi-Forschung-und-Lehre\FairFace\detected_faces\927368_face0.jpg,White,White,Male,20-29,"[9.9983066e-01 8.0855318e-07 9.8806981e-05 2.0992541e-08 1.7160168e-07
 4.9787599e-07 6.9096241e-05]",[9.9999893e-01 2.3761783e-07 6.8583056e-08 7.2310434e-07],[1.0000000e+00 2.5876526e-08],"[2.7573700e-08 3.2808774e-05 1.4453363e-01 7.8848326e-01 6.0151715e-02
 6.6656433e-03 1.3064306e-04 2.1944293e-06 1.7777351e-08]"
D:\Uni\Ulm\Master\Hiwi-Forschung-und-Lehre\FairFace\detected_faces\927376_face0.jpg,White,White,Male,20-29,"[5.8720577e-01 4.7935828e-04 3.8777450e-01 3.9136670e-05 2.3865612e-04
 1.1377016e-03 2.3124864e-02]",[0.98237365 0.0097495  0.00153507 0.00634172],[9.9999928e-01 7.4870434e-07],"[1.5255907e-09 1.7563680e-05 4.9871609e-01 4.9958321e-01 1.6747301e-03
 8.3842542e-06 2.1774140e-08 5.8531269e-10 7.2704256e-12]"
D:\Uni\Ulm\Master\Hiwi-Forschung-und-Lehre\FairFace\detected_faces\927377_face0.jpg,White,White,Male,20-29,"[8.3805341e-01 1.7146677e-03 6.1341800e-02 9.1966992e-04 4.1873208e-03
 1.0604538e-04 9.3677007e-02]",[9.8093319e-01 3.3895315e-03 1.5300563e-02 3.7676838e-04],[9.9980140e-01 1.9856454e-04],"[2.6161194e-08 1.3745930e-04 4.7550529e-01 5.1882732e-01 5.4505663e-03
 7.8204190e-05 1.0830372e-06 6.7748665e-08 2.6897857e-09]"
D:\Uni\Ulm\Master\Hiwi-Forschung-und-Lehre\FairFace\detected_faces\927378_face0.jpg,White,White,Male,10-19,"[9.4235903e-01 1.6412113e-04 2.9059829e-02 9.3073345e-04 1.9057953e-03
 5.8231086e-05 2.5522249e-02]",[9.8776698e-01 3.5868946e-03 8.0819540e-03 5.6419434e-04],[9.99887764e-01 1.12263064e-04],"[3.4637946e-08 1.7546562e-03 8.6206245e-01 1.3524032e-01 9.2931680e-04
 1.3104079e-05 7.5158155e-08 3.7609262e-09 1.4663454e-10]"
D:\Uni\Ulm\Master\Hiwi-Forschung-und-Lehre\FairFace\detected_faces\927405_face0.jpg,East Asian,Asian,Male,20-29,"[2.9003681e-04 3.8137066e-05 1.6399659e-03 8.3879918e-01 1.5914613e-01
 7.2905641e-05 1.3616715e-05]",[1.1453109e-04 1.0470130e-04 9.9971676e-01 6.3976528e-05],[9.996496e-01 3.504354e-04],"[2.5859268e-07 5.8176891e-05 6.0218632e-02 7.2645944e-01 1.9720399e-01
 1.5299776e-02 7.1128662e-04 4.7837009e-05 6.0424827e-07]"
D:\Uni\Ulm\Master\Hiwi-Forschung-und-Lehre\FairFace\detected_faces\927407_face0.jpg,Middle Eastern,White,Male,20-29,"[3.3709598e-01 5.9676194e-04 1.8882574e-01 2.8919740e-05 6.6341687e-05
 3.0147207e-03 4.7037160e-01]",[9.1405010e-01 3.9103419e-02 4.9684499e-04 4.6349607e-02],[9.9999446e-01 5.5188261e-06],"[3.3510386e-07 2.2061602e-05 1.5100740e-02 8.6493129e-01 1.1879931e-01
 1.1433315e-03 2.9086814e-06 4.5788749e-08 6.2348032e-10]"
D:\Uni\Ulm\Master\Hiwi-Forschung-und-Lehre\FairFace\detected_faces\927408_face0.jpg,Middle Eastern,Black,Male,20-29,"[1.0169073e-01 3.1132656e-03 2.3639177e-01 1.1274712e-05 9.4588693e-05
 1.8044856e-03 6.5689385e-01]",[0.45436105 0.5221379  0.00129492 0.02220613],[1.0000000e+00 3.2497905e-08],"[1.08328955e-08 2.45697174e-06 8.02185200e-03 9.18505073e-01
 7.28301033e-02 6.38152764e-04 2.29576403e-06 5.26482289e-08
 4.44598303e-10]"
D:\Uni\Ulm\Master\Hiwi-Forschung-und-Lehre\FairFace\detected_faces\927551_face0.jpg,Black,Black,Male,20-29,"[2.1757195e-03 4.8245922e-01 4.0231016e-01 2.6944996e-04 1.9332182e-02
 8.9628711e-02 3.8246566e-03]",[0.00363517 0.8991325  0.00215735 0.09507509],[9.9999958e-01 4.2567223e-07],"[2.6182554e-06 5.1950116e-04 2.0707791e-01 6.0755581e-01 1.6116744e-01
 2.2402793e-02 1.2270336e-03 4.6180194e-05 7.1656160e-07]"
D:\Uni\Ulm\Master\Hiwi-Forschung-und-Lehre\FairFace\detected_faces\927634_face0.jpg,Middle Eastern,White,Male,20-29,"[1.7144775e-01 1.6972772e-03 7.7399820e-02 2.7090756e-04 6.1593280e-04
 1.6694953e-03 7.4689883e-01]",[0.90306306 0.03025956 0.00778187 0.05889557],[0.99229735 0.0077026 ],"[5.7040472e-07 5.8888207e-04 4.0127149e-01 5.5783027e-01 3.7534315e-02
 2.7065545e-03 6.4380059e-05 3.4510263e-06 8.5199872e-08]"
D:\Uni\Ulm\Master\Hiwi-Forschung-und-Lehre\FairFace\detected_faces\927768_face0.jpg,Middle Eastern,White,Male,20-29,"[7.2624356e-02 8.8283967e-04 1.8394662e-02 1.9515264e-06 1.5089499e-05
 5.0816347e-04 9.0757293e-01]",[9.5233417e-01 2.4296505e-02 4.3547706e-04 2.2933809e-02],[9.9999970e-01 2.9012915e-07],"[2.9215866e-07 1.1298766e-04 3.0741978e-02 8.1466424e-01 1.5135899e-01
 3.1146761e-03 6.7778701e-06 4.6951794e-08 4.5175966e-10]"
D:\Uni\Ulm\Master\Hiwi-Forschung-und-Lehre\FairFace\detected_faces\927838_face0.jpg,Middle Eastern,White,Male,10-19,"[2.3327431e-01 1.9141107e-05 6.5823920e-02 1.8444858e-04 3.7920865e-04
 1.3827943e-03 6.9893616e-01]",[9.5147210e-01 7.2738578e-05 9.5449286e-03 3.8910337e-02],[9.999995e-01 4.923907e-07],"[2.6274934e-08 2.1440652e-04 7.9803485e-01 2.0083469e-01 9.0984523e-04
 6.0904740e-06 1.8124009e-08 8.8260871e-10 9.0155496e-12]"
D:\Uni\Ulm\Master\Hiwi-Forschung-und-Lehre\FairFace\detected_faces\928047_face0.jpg,White,White,Male,20-29,"[9.3266231e-01 2.4111434e-05 3.3913650e-02 3.7645566e-04 3.5309166e-04
 3.9211402e-05 3.2631204e-02]",[0.96440196 0.0099774  0.02279492 0.00282576],[9.9999982e-01 1.8163719e-07],"[3.50594647e-08 3.10472715e-05 1.21090271e-01 8.56682062e-01
 2.19581220e-02 2.37290384e-04 1.12029113e-06 1.39551775e-08
 1.76848744e-10]"
D:\Uni\Ulm\Master\Hiwi-Forschung-und-Lehre\FairFace\detected_faces\928103_face0.jpg,White,White,Male,20-29,"[6.2390596e-01 3.6475385e-04 3.3388200e-01 5.8456621e-04 2.3310392e-03
 5.6929840e-03 3.3238851e-02]",[0.9926107  0.00105166 0.00376784 0.00256983],[9.9999970e-01 3.3048485e-07],"[4.5572610e-06 6.4128422e-04 4.1050978e-02 7.4293584e-01 2.0818722e-01
 7.1362155e-03 4.3002481e-05 8.5896141e-07 1.0381279e-08]"
D:\Uni\Ulm\Master\Hiwi-Forschung-und-Lehre\FairFace\detected_faces\928104_face0.jpg,White,White,Male,20-29,"[9.1560471e-01 7.2358789e-06 1.1326504e-02 2.6862003e-04 4.5205239e-04
 8.5300439e-05 7.2255537e-02]",[9.9881452e-01 6.0634420e-06 1.0465730e-03 1.3284491e-04],[9.9999964e-01 3.4390803e-07],"[3.4768348e-08 6.4736500e-06 5.3090532e-03 8.1844652e-01 1.7485777e-01
 1.3774155e-03 2.6480211e-06 2.0800963e-08 2.3032977e-10]"
D:\Uni\Ulm\Master\Hiwi-Forschung-und-Lehre\FairFace\detected_faces\928106_face0.jpg,Black,Black,Male,20-29,"[7.2073067e-06 9.9810904e-01 2.4022248e-04 3.3084640e-07 1.1336081e-05
 1.6124672e-03 1.9398054e-05]",[1.6897435e-05 9.9880654e-01 3.3179269e-05 1.1433536e-03],[1.00000e+00 3.88275e-08],"[7.3214061e-09 1.3852401e-06 3.3231415e-03 7.1470004e-01 2.6505774e-01
 1.6661298e-02 2.5229494e-04 3.9243982e-06 6.3487995e-08]"
D:\Uni\Ulm\Master\Hiwi-Forschung-und-Lehre\FairFace\detected_faces\928122_face0.jpg,White,White,Male,20-29,"[9.9439043e-01 1.3023389e-05 4.4298894e-03 1.4947009e-06 7.3007741e-06
 7.1732255e-05 1.0860920e-03]",[9.89717603e-01 3.08964954e-05 6.48792920e-05 1.01866415e-02],[9.9997157e-01 2.8471381e-05],"[4.0274171e-09 2.2242086e-06 1.9879121e-02 9.5413756e-01 2.5820728e-02
 1.5969628e-04 5.5685479e-07 9.8368584e-09 2.1953320e-10]"
D:\Uni\Ulm\Master\Hiwi-Forschung-und-Lehre\FairFace\detected_faces\928124_face0.jpg,White,White,Male,20-29,"[9.9996877e-01 2.2076955e-08 2.7008875e-06 5.0114785e-08 1.5100677e-07
 9.7277436e-08 2.8154622e-05]",[9.9999213e-01 1.4568567e-06 2.4717508e-06 3.9360489e-06],[9.9999714e-01 2.8824586e-06],"[1.2249438e-08 2.5430468e-06 2.3675342e-03 6.9553381e-01 2.8790161e-01
 1.4098741e-02 9.4742434e-05 9.6423344e-07 2.0741910e-08]"
D:\Uni\Ulm\Master\Hiwi-Forschung-und-Lehre\FairFace\detected_faces\928125_face0.jpg,Latino_Hispanic,White,Male,20-29,"[3.8822886e-01 4.2571169e-03 4.5007911e-01 6.7527908e-05 2.8846707e-04
 2.0488681e-02 1.3659024e-01]",[0.80412865 0.04325359 0.00490514 0.14771265],[9.9999964e-01 3.9405793e-07],"[9.5546670e-07 6.3642408e-05 8.1437156e-03 5.6474757e-01 3.9306557e-01
 3.3382695e-02 5.8153033e-04 1.4141765e-05 1.5363614e-07]"
D:\Uni\Ulm\Master\Hiwi-Forschung-und-Lehre\FairFace\detected_faces\928174_face0.jpg,Middle Eastern,White,Male,20-29,"[4.6256033e-01 1.4133173e-03 6.3542962e-02 1.0073474e-04 2.8034675e-04
 4.1810685e-04 4.7168419e-01]",[0.9919744  0.00194863 0.00406039 0.00201658],[9.9999547e-01 4.5072347e-06],"[4.3118348e-08 4.5992638e-06 1.9400669e-02 9.3679309e-01 4.3478992e-02
 3.2104904e-04 1.4439656e-06 5.4690656e-08 9.5226405e-10]"
D:\Uni\Ulm\Master\Hiwi-Forschung-und-Lehre\FairFace\detected_faces\928176_face0.jpg,White,White,Male,20-29,"[5.7119155e-01 2.2237923e-04 1.8193118e-01 1.9479988e-03 1.9024474e-03
 1.0514851e-02 2.3228948e-01]",[8.8548857e-01 4.8675435e-04 1.5247501e-02 9.8777197e-02],[9.9993348e-01 6.6511784e-05],"[1.7391573e-06 1.4107520e-04 2.6000295e-02 9.0729183e-01 6.6255331e-02
 3.0867831e-04 1.0753080e-06 5.6045700e-08 1.7087681e-09]"
D:\Uni\Ulm\Master\Hiwi-Forschung-und-Lehre\FairFace\detected_faces\928180_face0.jpg,Middle Eastern,White,Male,20-29,"[2.1789452e-01 1.1497678e-05 7.3739938e-03 9.4660347e-05 8.1102313e-05
 3.2470218e-04 7.7421951e-01]",[9.9785131e-01 1.0438502e-04 3.6945869e-04 1.6748384e-03],[9.9999946e-01 6.0709732e-07],"[5.8292886e-07 5.6715555e-05 1.6315965e-02 9.0072650e-01 8.2179524e-02
 7.1890588e-04 1.8062431e-06 3.2529972e-08 4.4100654e-10]"
D:\Uni\Ulm\Master\Hiwi-Forschung-und-Lehre\FairFace\detected_faces\928236_face0.jpg,White,White,Male,20-29,"[6.0408545e-01 9.3118782e-05 2.2344992e-01 3.7666058e-04 7.3235703e-04
 1.8557638e-03 1.6940677e-01]",[9.9634707e-01 2.7549095e-04 6.5035868e-04 2.7271018e-03],[9.9999934e-01 6.8237773e-07],"[5.7058230e-07 2.6389671e-04 1.8484166e-01 7.3347467e-01 7.8240685e-02
 3.1587866e-03 1.9462135e-05 2.9150303e-07 3.4948751e-09]"
D:\Uni\Ulm\Master\Hiwi-Forschung-und-Lehre\FairFace\detected_faces\928271_face0.jpg,Latino_Hispanic,White,Male,20-29,"[4.1796318e-01 9.6899178e-03 4.5013520e-01 8.7550354e-05 7.4960012e-04
 7.9375046e-04 1.2058068e-01]",[0.9450416  0.04912298 0.0034858  0.0023496 ],[9.999992e-01 7.379390e-07],"[2.0776615e-07 8.8489451e-06 5.1341588e-03 7.4756616e-01 2.4279951e-01
 4.4598752e-03 3.0644755e-05 6.6413185e-07 6.8146830e-09]"
D:\Uni\Ulm\Master\Hiwi-Forschung-und-Lehre\FairFace\detected_faces\928275_face0.jpg,Middle Eastern,White,Male,20-29,"[4.4394794e-01 5.8274469e-05 1.0109099e-01 2.4458638e-03 2.4290388e-03
 1.1731558e-03 4.4885474e-01]",[0.9755072  0.00383298 0.0127271  0.00793266],[9.9999648e-01 3.5070482e-06],"[2.38710225e-08 1.03858001e-04 3.84742260e-01 6.11439645e-01
 3.69520439e-03 1.90144365e-05 3.14799848e-08 9.56673851e-10
 1.21641065e-11]"
D:\Uni\Ulm\Master\Hiwi-Forschung-und-Lehre\FairFace\detected_faces\928295_face0.jpg,White,White,Male,10-19,"[9.8145336e-01 1.4922384e-05 3.9192764e-03 8.6807318e-05 2.4888926e-04
 1.1554286e-05 1.4265189e-02]",[9.4196385e-01 5.4638699e-04 5.7369523e-02 1.2018724e-04],[9.9999964e-01 3.2960554e-07],"[9.5649213e-09 4.0748768e-05 5.9773934e-01 3.9708242e-01 5.0138901e-03
 1.2258887e-04 1.0818690e-06 2.7900741e-08 3.1419226e-10]"
D:\Uni\Ulm\Master\Hiwi-Forschung-und-Lehre\FairFace\detected_faces\928318_face0.jpg,White,White,Male,20-29,"[5.8712947e-01 1.7013302e-04 4.7258707e-03 4.7302437e-05 7.2167408e-05
 1.9414307e-05 4.0783557e-01]",[9.8843527e-01 1.0793029e-02 5.1733025e-04 2.5445028e-04],[9.9999988e-01 1.3362653e-07],"[1.3426654e-06 5.8045734e-05 8.9820437e-03 6.9477582e-01 2.8995115e-01
 6.2009613e-03 3.0147679e-05 4.8109189e-07 8.7790184e-09]"
D:\Uni\Ulm\Master\Hiwi-Forschung-und-Lehre\FairFace\detected_faces\928356_face0.jpg,Middle Eastern,Black,Male,20-29,"[5.9285026e-02 1.2201255e-03 4.4277611e-01 9.8439123e-05 6.2680885e-04
 1.7247843e-02 4.7874561e-01]",[0.2095985  0.5237714  0.00181192 0.2648182 ],[9.999120e-01 8.797417e-05],"[9.1321589e-08 2.7789417e-04 3.0733827e-01 6.6915429e-01 2.2984095e-02
 2.4446571e-04 8.2223232e-07 1.5067553e-08 2.2546259e-10]"
D:\Uni\Ulm\Master\Hiwi-Forschung-und-Lehre\FairFace\detected_faces\928416_face0.jpg,White,White,Male,30-39,"[9.9997586e-01 3.7317056e-07 3.3220035e-06 8.1164438e-07 1.5015169e-06
 1.1531310e-07 1.7971433e-05]",[9.9998474e-01 4.2094312e-06 1.0867604e-05 1.8720340e-07],[9.999924e-01 7.639453e-06],"[6.5832905e-06 2.5067132e-04 9.7339656e-03 1.8247926e-01 5.3998607e-01
 2.4876495e-01 1.8329231e-02 4.2624996e-04 2.3089246e-05]"
D:\Uni\Ulm\Master\Hiwi-Forschung-und-Lehre\FairFace\detected_faces\928431_face0.jpg,Middle Eastern,White,Male,20-29,"[8.8011898e-02 9.6171738e-05 4.1594785e-02 3.4218341e-05 8.9662237e-05
 2.1732957e-04 8.6995590e-01]",[0.93771017 0.05438459 0.00163266 0.00627246],[9.9998605e-01 1.3914483e-05],"[1.6599380e-07 1.9695848e-04 1.8134867e-01 7.9505903e-01 2.3087082e-02
 3.0634325e-04 1.7643913e-06 3.2687453e-08 6.7583450e-10]"
D:\Uni\Ulm\Master\Hiwi-Forschung-und-Lehre\FairFace\detected_faces\928455_face0.jpg,White,White,Male,20-29,"[9.9941480e-01 2.8044747e-06 1.2998944e-04 9.0700296e-06 1.7069435e-05
 4.0293452e-07 4.2582364e-04]",[9.9964601e-01 5.5629444e-05 2.9716236e-04 1.1887759e-06],[9.9999809e-01 1.8823868e-06],"[6.1098576e-06 1.1990065e-03 1.2170272e-01 7.1726978e-01 1.5337923e-01
 6.3724127e-03 6.8821893e-05 1.7712207e-06 7.6019475e-08]"
D:\Uni\Ulm\Master\Hiwi-Forschung-und-Lehre\FairFace\detected_faces\928496_face0.jpg,Black,Black,Male,20-29,"[5.0404486e-07 9.9996972e-01 9.8079936e-06 8.3607041e-09 2.5918595e-07
 1.9394955e-05 3.5395459e-07]",[6.6679883e-07 9.9999654e-01 9.1251218e-07 1.8971316e-06],[1.0000000e+00 1.7097843e-08],"[1.8046666e-09 7.8820767e-07 5.6037349e-03 8.1872869e-01 1.7139404e-01
 4.2489069e-03 2.3747034e-05 1.3971169e-07 2.7652889e-09]"
D:\Uni\Ulm\Master\Hiwi-Forschung-und-Lehre\FairFace\detected_faces\928572_face0.jpg,White,White,Male,20-29,"[9.9081928e-01 4.6518985e-06 1.8784652e-03 3.6895703e-06 6.3076013e-06
 8.1816352e-06 7.2793425e-03]",[9.9988121e-01 2.8680850e-05 7.9205340e-05 1.0872371e-05],[9.9999887e-01 1.1289337e-06],"[2.6504647e-08 1.8031889e-05 5.9522085e-02 9.2445683e-01 1.5949404e-02
 5.3478368e-05 1.3148880e-07 2.2517048e-09 4.9375420e-11]"
D:\Uni\Ulm\Master\Hiwi-Forschung-und-Lehre\FairFace\detected_faces\928586_face0.jpg,White,White,Male,20-29,"[9.9620271e-01 1.0854492e-05 8.4417616e-04 1.2902284e-05 2.5270578e-05
 1.2901351e-05 2.8911419e-03]",[9.9974221e-01 1.2022443e-04 3.3587603e-05 1.0389372e-04],[9.9999887e-01 1.1293816e-06],"[1.9270377e-08 3.3624416e-05 9.9011607e-02 8.8419181e-01 1.6661460e-02
 1.0100767e-04 4.4065408e-07 9.3927524e-09 2.4579513e-10]"
D:\Uni\Ulm\Master\Hiwi-Forschung-und-Lehre\FairFace\detected_faces\928670_face0.jpg,White,White,Male,20-29,"[9.5082271e-01 4.6520359e-05 1.4551539e-02 7.9205347e-05 1.4410866e-04
 3.3428525e-05 3.4322515e-02]",[9.9918622e-01 4.8386000e-04 1.6883458e-04 1.6110581e-04],[9.9997783e-01 2.2225402e-05],"[2.0037650e-08 3.3940403e-05 8.2700334e-02 8.8248485e-01 3.4540109e-02
 2.4006705e-04 6.4969703e-07 6.4025909e-09 1.0111591e-10]"
D:\Uni\Ulm\Master\Hiwi-Forschung-und-Lehre\FairFace\detected_faces\928672_face0.jpg,White,White,Male,20-29,"[3.4344938e-01 3.4011914e-03 3.1910411e-01 2.7328997e-05 1.4817713e-04
 1.2330639e-03 3.3263668e-01]",[9.8387420e-01 1.2147673e-02 4.5265499e-04 3.5255502e-03],[9.9999994e-01 4.9285308e-08],"[2.43290277e-08 1.55214991e-06 5.10948198e-03 8.83542538e-01
 1.10369325e-01 9.75188159e-04 1.87885655e-06 2.46923193e-08
 2.33910863e-10]"
D:\Uni\Ulm\Master\Hiwi-Forschung-und-Lehre\FairFace\detected_faces\928753_face0.jpg,Middle Eastern,White,Male,10-19,"[1.7593268e-01 3.6970500e-06 2.7654918e-03 7.6056881e-06 1.3967771e-05
 2.2437893e-04 8.2105219e-01]",[9.9873203e-01 6.1075436e-05 1.6248456e-04 1.0443672e-03],[9.9992585e-01 7.4137897e-05],"[1.5655733e-08 6.0730723e-05 5.5665183e-01 4.4144967e-01 1.8268033e-03
 1.0981583e-05 2.5474847e-08 1.4144212e-09 3.1028648e-11]"
D:\Uni\Ulm\Master\Hiwi-Forschung-und-Lehre\FairFace\detected_faces\928766_face0.jpg,Latino_Hispanic,Indian,Male,20-29,"[0.00556866 0.05314355 0.79802215 0.00732317 0.09476535 0.03804286
 0.00313422]",[0.01352947 0.07636913 0.19327371 0.7168277 ],[1.0000000e+00 1.5200609e-08],"[1.6801446e-08 2.5041236e-06 1.4312217e-02 9.5051628e-01 3.4986190e-02
 1.8223978e-04 4.9521725e-07 1.4707630e-08 1.8910866e-10]"
D:\Uni\Ulm\Master\Hiwi-Forschung-und-Lehre\FairFace\detected_faces\928774_face0.jpg,Middle Eastern,White,Male,20-29,"[8.3540082e-02 1.7891637e-04 4.9801927e-02 1.7782989e-04 3.7951369e-04
 6.0710253e-04 8.6531466e-01]",[0.9019443  0.07032304 0.00553779 0.02219491],[9.9999982e-01 2.3091374e-07],"[1.4149573e-07 3.2534866e-04 2.7161872e-01 6.9240195e-01 3.4845173e-02
 8.0518768e-04 3.4370271e-06 8.5163705e-08 7.6055745e-10]"
D:\Uni\Ulm\Master\Hiwi-Forschung-und-Lehre\FairFace\detected_faces\928775_face0.jpg,Middle Eastern,Black,Male,20-29,"[2.8355232e-02 1.9052746e-02 2.2019345e-01 6.8363144e-05 4.5834924e-04
 4.3920432e-03 7.2747988e-01]",[0.31639525 0.642852   0.01185997 0.02889274],[9.9999857e-01 1.4103515e-06],"[1.5079261e-06 3.7869144e-05 3.3626887e-03 6.2043571e-01 3.6702633e-01
 9.0922704e-03 4.2711898e-05 8.8129343e-07 1.4067645e-08]"
D:\Uni\Ulm\Master\Hiwi-Forschung-und-Lehre\FairFace\detected_faces\928777_face0.jpg,Black,Black,Male,20-29,"[8.4408512e-06 9.9704593e-01 3.8918454e-04 9.1928041e-07 2.8175773e-05
 2.4876310e-03 3.9793606e-05]",[4.8640137e-05 9.9381608e-01 2.5947529e-03 3.5404330e-03],[9.9999934e-01 6.7479635e-07],"[9.3911616e-08 2.3818082e-05 7.1426169e-03 6.8553376e-01 2.9827997e-01
 8.9708669e-03 4.8315800e-05 5.2274555e-07 9.6514441e-09]"
D:\Uni\Ulm\Master\Hiwi-Forschung-und-Lehre\FairFace\detected_faces\928779_face0.jpg,Latino_Hispanic,White,Male,20-29,"[0.3335622  0.0040786  0.5082234  0.00283712 0.0043748  0.00543876
 0.14148505]",[0.95472175 0.01246443 0.00426119 0.02855262],[9.99999940e-01 1.02458586e-07],"[5.7072148e-06 9.2256116e-05 6.0878880e-03 6.1917156e-01 3.6286604e-01
 1.1691714e-02 8.3311206e-05 1.5554454e-06 1.8843807e-08]"
D:\Uni\Ulm\Master\Hiwi-Forschung-und-Lehre\FairFace\detected_faces\928780_face0.jpg,Middle Eastern,White,Male,20-29,"[2.0179093e-02 1.3540051e-04 6.6083878e-02 7.2302610e-05 4.3366459e-04
 1.1325766e-02 9.0176988e-01]",[0.5926643  0.00256369 0.00614488 0.39862716],[9.9999362e-01 6.3812804e-06],"[1.3674188e-05 5.1189358e-03 2.6275295e-01 6.1870605e-01 1.0377251e-01
 9.4781807e-03 1.5230173e-04 5.2422688e-06 8.3417255e-08]"
D:\Uni\Ulm\Master\Hiwi-Forschung-und-Lehre\FairFace\detected_faces\928795_face0.jpg,Latino_Hispanic,White,Male,20-29,"[3.2158676e-01 1.9765062e-04 4.8389295e-01 1.8598052e-03 3.7675463e-03
 6.5351287e-03 1.8216014e-01]",[0.90373635 0.03262553 0.01370392 0.04993421],[9.9999994e-01 3.6679527e-08],"[5.2510014e-09 2.3199625e-06 1.6793583e-02 9.6171212e-01 2.1425247e-02
 6.6668334e-05 8.0361161e-08 1.2593726e-09 1.0613481e-11]"
D:\Uni\Ulm\Master\Hiwi-Forschung-und-Lehre\FairFace\detected_faces\928796_face0.jpg,White,White,Male,30-39,"[9.9992251e-01 1.1391349e-07 5.5044065e-06 1.1515930e-07 2.6975715e-07
 1.5702695e-07 7.1368842e-05]",[9.9992019e-01 5.8187645e-05 6.2923482e-06 1.5246169e-05],[9.9999881e-01 1.2058863e-06],"[1.9941010e-06 5.9010090e-05 2.8319170e-03 4.7471485e-01 4.9215594e-01
 2.9934838e-02 2.9718003e-04 4.0969398e-06 1.5624340e-07]"
D:\Uni\Ulm\Master\Hiwi-Forschung-und-Lehre\FairFace\detected_faces\928798_face0.jpg,Latino_Hispanic,Black,Male,20-29,"[9.1505051e-03 5.4908171e-02 8.0508441e-01 3.7050736e-04 5.4420917e-03
 1.6729379e-02 1.0831502e-01]",[0.20642091 0.43360278 0.20464726 0.15532908],[9.9998915e-01 1.0837333e-05],"[7.5042112e-07 2.6593074e-05 1.3060528e-02 8.3351684e-01 1.4995289e-01
 3.4292717e-03 1.2637794e-05 4.4498520e-07 9.5025108e-09]"
D:\Uni\Ulm\Master\Hiwi-Forschung-und-Lehre\FairFace\detected_faces\928800_face0.jpg,White,White,Male,20-29,"[9.9980414e-01 3.2619891e-07 3.4837118e-05 1.7882419e-06 4.0203558e-06
 1.7630765e-07 1.5471465e-04]",[9.9946558e-01 1.8524780e-04 3.4129384e-04 7.8046742e-06],[9.9999368e-01 6.3177945e-06],"[2.3147942e-07 2.8863620e-05 1.1829252e-02 7.6270348e-01 2.2100067e-01
 4.4095307e-03 2.7705071e-05 2.7221023e-07 9.1163566e-09]"
D:\Uni\Ulm\Master\Hiwi-Forschung-und-Lehre\FairFace\detected_faces\928814_face0.jpg,Middle Eastern,White,Male,20-29,"[0.24150386 0.00057967 0.19406661 0.00120316 0.00218418 0.00776134
 0.55270123]",[0.9067701  0.03364928 0.03119686 0.02838377],[9.9999982e-01 1.3226672e-07],"[3.2189066e-06 4.4048321e-03 1.2826408e-01 6.9630539e-01 1.6566984e-01
 5.3283391e-03 2.4105955e-05 2.7467419e-07 2.8096758e-09]"
D:\Uni\Ulm\Master\Hiwi-Forschung-und-Lehre\FairFace\detected_faces\928815_face0.jpg,White,White,Male,20-29,"[9.4780505e-01 2.0139450e-05 1.4137719e-02 2.6442960e-05 3.8898750e-05
 2.4449942e-04 3.7727352e-02]",[9.962650e-01 5.798181e-04 3.933197e-05 3.115844e-03],[1.0000000e+00 1.2596644e-08],"[3.4732423e-08 4.2093748e-06 1.2693643e-02 9.0557587e-01 8.1080444e-02
 6.4417446e-04 1.6538481e-06 1.5010963e-08 1.4753174e-10]"
D:\Uni\Ulm\Master\Hiwi-Forschung-und-Lehre\FairFace\detected_faces\928820_face0.jpg,White,White,Male,20-29,"[0.49111465 0.00083495 0.12812363 0.00054551 0.00090769 0.00162998
 0.37684363]",[0.9785543  0.00632363 0.00400598 0.01111607],[9.9994516e-01 5.4846110e-05],"[8.5956337e-08 4.9814502e-05 1.2682736e-01 8.4689605e-01 2.5974974e-02
 2.5039769e-04 1.2419233e-06 3.1784563e-08 6.4618083e-10]"
D:\Uni\Ulm\Master\Hiwi-Forschung-und-Lehre\FairFace\detected_faces\928825_face0.jpg,Middle Eastern,White,Male,20-29,"[2.4897756e-01 1.0197753e-04 7.0306368e-02 2.0016880e-04 3.7198819e-04
 6.2537701e-03 6.7378819e-01]",[9.8160130e-01 1.9987456e-04 1.3340175e-03 1.6864840e-02],[9.9997628e-01 2.3718538e-05],"[3.5782756e-07 4.1551790e-05 8.0224136e-03 8.5212272e-01 1.3890220e-01
 9.0946059e-04 1.3019740e-06 1.5810663e-08 3.0737410e-10]"
D:\Uni\Ulm\Master\Hiwi-Forschung-und-Lehre\FairFace\detected_faces\928830_face0.jpg,White,White,Male,20-29,"[8.8961452e-01 6.8317073e-05 2.8254354e-02 9.9610716e-06 3.3793596e-05
 6.4174476e-04 8.1377357e-02]",[9.9229527e-01 4.1198911e-04 2.0774118e-04 7.0849918e-03],[9.9999279e-01 7.2234398e-06],"[4.0758820e-07 2.5953719e-05 1.6305439e-02 7.5703073e-01 2.1815509e-01
 8.4188031e-03 6.3125735e-05 4.3839987e-07 6.5590742e-09]"
D:\Uni\Ulm\Master\Hiwi-Forschung-und-Lehre\FairFace\detected_faces\928833_face0.jpg,Middle Eastern,White,Male,20-29,"[1.2202565e-01 9.7866161e-03 3.6304578e-01 3.5093188e-05 2.0772236e-04
 6.5166866e-03 4.9838239e-01]",[9.3545979e-01 5.9323363e-02 2.9636821e-04 4.9205148e-03],[9.9999994e-01 5.6094173e-08],"[3.0047697e-06 6.3128228e-04 5.1474210e-02 8.2259798e-01 1.2330394e-01
 1.9804372e-03 8.9561654e-06 2.3522531e-07 2.4157707e-09]"
D:\Uni\Ulm\Master\Hiwi-Forschung-und-Lehre\FairFace\detected_faces\928835_face0.jpg,Middle Eastern,White,Male,10-19,"[1.8028106e-01 3.6792720e-05 1.0718792e-01 1.1030497e-04 2.6205406e-04
 9.1876858e-04 7.1120316e-01]",[0.9239094  0.00317235 0.00388276 0.06903543],[9.999927e-01 7.290652e-06],"[2.9082791e-08 1.5471521e-04 7.2864890e-01 2.6907957e-01 2.0934660e-03
 2.3245333e-05 8.2695486e-08 2.8749521e-09 5.1388740e-11]"
D:\Uni\Ulm\Master\Hiwi-Forschung-und-Lehre\FairFace\detected_faces\928848_face0.jpg,White,White,Male,20-29,"[7.0195222e-01 4.7828350e-03 1.4644724e-01 2.3469047e-05 2.0906686e-04
 4.1496563e-03 1.4243558e-01]",[0.4777754  0.47656944 0.00250691 0.04314828],[9.999603e-01 3.969808e-05],"[6.8246493e-08 1.3686990e-05 1.1036118e-02 9.0343499e-01 8.4731951e-02
 7.7938236e-04 3.6755653e-06 8.0783352e-08 2.3057392e-09]"
D:\Uni\Ulm\Master\Hiwi-Forschung-und-Lehre\FairFace\detected_faces\928849_face0.jpg,White,Black,Male,20-29,"[7.2659475e-01 7.9601584e-03 1.8149535e-01 8.3629775e-04 2.2843038e-03
 3.6434832e-04 8.0464736e-02]",[0.3451107  0.6514756  0.00258557 0.0008281 ],[9.999984e-01 1.660244e-06],"[1.7518356e-07 3.9556492e-04 2.2882701e-01 7.3684806e-01 3.3377565e-02
 5.4789422e-04 3.6623371e-06 6.6314925e-08 1.6943995e-09]"
D:\Uni\Ulm\Master\Hiwi-Forschung-und-Lehre\FairFace\detected_faces\928854_face0.jpg,Middle Eastern,White,Male,30-39,"[1.9186255e-01 5.3335651e-05 5.3557426e-02 1.6247496e-04 2.0110402e-04
 1.2611692e-03 7.5290191e-01]",[9.9130416e-01 3.9173185e-04 1.9655915e-03 6.3385032e-03],[9.999999e-01 1.308218e-07],"[1.16298415e-05 1.53868532e-04 4.74010175e-03 2.09058851e-01
 6.83777034e-01 1.01053201e-01 1.19577232e-03 9.47432727e-06
 5.24880264e-08]"
D:\Uni\Ulm\Master\Hiwi-Forschung-und-Lehre\FairFace\detected_faces\928857_face0.jpg,Black,Black,Male,30-39,"[1.1354939e-04 9.9602073e-01 9.8906108e-04 1.6366274e-06 3.1102129e-05
 2.6679607e-03 1.7596502e-04]",[8.2622801e-06 9.9988085e-01 1.2504073e-05 9.8408629e-05],[9.9997312e-01 2.6885766e-05],"[2.7869220e-07 8.5023203e-06 3.8768775e-03 2.9690653e-01 5.5680853e-01
 1.3079414e-01 1.1364725e-02 2.3546031e-04 4.9497039e-06]"
D:\Uni\Ulm\Master\Hiwi-Forschung-und-Lehre\FairFace\detected_faces\928862_face0.jpg,White,White,Male,20-29,"[7.1416730e-01 3.2814671e-03 1.3358912e-01 3.1367726e-05 2.1336370e-04
 1.3226192e-03 1.4739484e-01]",[0.9283643  0.05941856 0.00111757 0.01109956],[9.9999785e-01 2.1326368e-06],"[3.7983011e-08 2.6911432e-06 2.1837738e-03 6.2042785e-01 3.6444157e-01
 1.2827058e-02 1.1614705e-04 8.6086277e-07 1.3866160e-08]"
D:\Uni\Ulm\Master\Hiwi-Forschung-und-Lehre\FairFace\detected_faces\928869_face0.jpg,White,White,Male,30-39,"[9.8168164e-01 3.7749144e-06 1.3697070e-02 2.6843249e-05 8.8505614e-05
 1.2266909e-03 3.2753998e-03]",[9.9775684e-01 2.4027471e-05 3.2259276e-04 1.8965018e-03],[9.9999654e-01 3.5108494e-06],"[1.4982369e-06 1.4764158e-04 6.4115128e-03 4.7889474e-01 4.8739177e-01
 2.7066560e-02 8.5566833e-05 7.1722400e-07 1.2340380e-08]"
D:\Uni\Ulm\Master\Hiwi-Forschung-und-Lehre\FairFace\detected_faces\928871_face0.jpg,Middle Eastern,White,Male,20-29,"[8.3601058e-02 2.8826282e-04 5.3552113e-02 1.0828048e-05 1.2191597e-04
 2.1355096e-02 8.4107071e-01]",[9.8568392e-01 2.5573922e-03 6.3491351e-04 1.1123769e-02],[9.9999940e-01 5.5095876e-07],"[1.3130258e-06 4.9282977e-04 8.3405703e-02 8.3751488e-01 7.6920860e-02
 1.6593150e-03 4.9886035e-06 2.3496756e-07 3.3381740e-09]"
D:\Uni\Ulm\Master\Hiwi-Forschung-und-Lehre\FairFace\detected_faces\928879_face0.jpg,White,White,Male,20-29,"[9.44303870e-01 4.41194106e-06 1.63538044e-03 1.16555575e-05
 1.71165502e-05 9.00458763e-05 5.39374612e-02]",[9.9985898e-01 2.5399764e-05 2.7736416e-05 8.7958753e-05],[9.9999982e-01 1.6804532e-07],"[2.2660849e-06 8.5110258e-04 5.5053126e-02 8.9430106e-01 4.9461797e-02
 3.3021983e-04 4.1095586e-07 4.3610475e-09 8.7483742e-11]"
D:\Uni\Ulm\Master\Hiwi-Forschung-und-Lehre\FairFace\detected_faces\928889_face0.jpg,Latino_Hispanic,White,Male,30-39,"[1.5325235e-01 1.8040892e-02 5.3159708e-01 1.4888885e-04 8.4761082e-04
 1.3753301e-02 2.8235981e-01]",[0.8437449  0.02902352 0.00562533 0.12160622],[9.9999988e-01 8.8926924e-08],"[8.9309515e-06 6.6979585e-05 5.3484663e-03 3.4767064e-01 5.6578934e-01
 7.7706419e-02 3.3335029e-03 7.4882279e-05 7.7448510e-07]"
D:\Uni\Ulm\Master\Hiwi-Forschung-und-Lehre\FairFace\detected_faces\928916_face0.jpg,White,White,Male,30-39,"[7.1652025e-01 2.0954580e-05 1.1766455e-02 1.1289905e-05 4.3640615e-05
 5.0475431e-04 2.7113262e-01]",[9.9910426e-01 1.8806788e-04 1.0440460e-04 6.0328504e-04],[9.9999970e-01 3.1758697e-07],"[7.8181183e-06 1.5231781e-04 3.3531622e-03 4.3096882e-01 5.3266573e-01
 3.2697156e-02 1.5397836e-04 1.0353983e-06 1.5180593e-08]"
D:\Uni\Ulm\Master\Hiwi-Forschung-und-Lehre\FairFace\detected_faces\928921_face0.jpg,White,White,Male,20-29,"[5.5935311e-01 2.8566990e-04 1.6714504e-01 7.0667005e-04 2.2845012e-03
 3.7548565e-03 2.6647016e-01]",[0.98560077 0.00120768 0.00976155 0.00342996],[9.9999982e-01 2.2974048e-07],"[2.9122000e-06 2.1766927e-03 1.8381290e-01 7.6676959e-01 4.6695311e-02
 5.4109044e-04 1.4679403e-06 2.9439368e-08 3.7775741e-10]"
D:\Uni\Ulm\Master\Hiwi-Forschung-und-Lehre\FairFace\detected_faces\928926_face0.jpg,White,White,Male,20-29,"[9.2680734e-01 2.3404278e-05 2.1562580e-02 1.2311364e-04 1.4151704e-04
 3.2620861e-05 5.1309370e-02]",[9.9517167e-01 2.8064181e-03 5.8011024e-04 1.4418298e-03],[9.9999970e-01 2.4256624e-07],"[1.8154845e-08 1.3031063e-05 7.1991831e-02 8.9732605e-01 3.0475693e-02
 1.9281996e-04 5.1974814e-07 5.3397553e-09 8.2000830e-11]"
D:\Uni\Ulm\Master\Hiwi-Forschung-und-Lehre\FairFace\detected_faces\928928_face0.jpg,White,White,Male,20-29,"[9.4283307e-01 9.6620779e-06 5.0629787e-03 3.9062837e-05 6.1769097e-05
 1.0760300e-04 5.1885787e-02]",[9.9813652e-01 2.5843972e-04 1.7174268e-04 1.4332697e-03],[9.9999982e-01 1.4678281e-07],"[5.3095800e-06 6.7453802e-04 5.2772481e-02 8.2002354e-01 1.2391905e-01
 2.5917939e-03 1.3063653e-05 2.0684084e-07 2.6518316e-09]"
D:\Uni\Ulm\Master\Hiwi-Forschung-und-Lehre\FairFace\detected_faces\928932_face0.jpg,Middle Eastern,White,Male,20-29,"[6.28776848e-02 1.08169962e-03 1.12416886e-01 2.19276953e-05
 1.38684656e-04 7.98808690e-03 8.15475047e-01]",[0.95658606 0.00334818 0.00108104 0.03898471],[1.0000000e+00 3.4826446e-08],"[9.2836609e-07 3.0879015e-05 2.6188600e-03 5.7459897e-01 4.0937266e-01
 1.3325195e-02 5.1988838e-05 5.4053180e-07 3.6669381e-09]"
D:\Uni\Ulm\Master\Hiwi-Forschung-und-Lehre\FairFace\detected_faces\928933_face0.jpg,Latino_Hispanic,Black,Male,20-29,"[3.3023465e-02 8.6158842e-02 8.4129852e-01 1.1014048e-04 1.6887701e-03
 2.1918677e-03 3.5528444e-02]",[0.01777367 0.9753612  0.00172645 0.00513861],[9.9999970e-01 2.7776798e-07],"[6.2580916e-08 3.5212626e-05 9.2044510e-02 8.7395638e-01 3.3631720e-02
 3.3073593e-04 1.3096480e-06 4.2629409e-08 6.0789845e-10]"
D:\Uni\Ulm\Master\Hiwi-Forschung-und-Lehre\FairFace\detected_faces\928943_face0.jpg,White,White,Male,20-29,"[8.1108916e-01 4.6471243e-05 1.1395919e-02 7.6036877e-06 2.0227193e-05
 5.2419811e-04 1.7691639e-01]",[9.9353755e-01 1.9412785e-04 1.7315052e-04 6.0952189e-03],[9.9999708e-01 2.9074022e-06],"[1.3605191e-07 4.9806044e-05 2.1748232e-02 9.0348709e-01 7.4114501e-02
 5.9902802e-04 1.1566215e-06 1.6712811e-08 2.9907421e-10]"
D:\Uni\Ulm\Master\Hiwi-Forschung-und-Lehre\FairFace\detected_faces\929130_face0.jpg,White,White,Male,20-29,"[9.4687676e-01 5.9662229e-06 2.3738202e-03 7.8558107e-05 1.1817974e-04
 8.0273167e-06 5.0538633e-02]",[9.99691725e-01 9.78009339e-05 1.03539503e-04 1.06872474e-04],[9.9989438e-01 1.0563768e-04],"[3.6599461e-09 2.5333791e-05 4.2248577e-01 5.7302076e-01 4.4411276e-03
 2.6846155e-05 6.1186128e-08 1.0823135e-09 1.9347256e-11]"
D:\Uni\Ulm\Master\Hiwi-Forschung-und-Lehre\FairFace\detected_faces\929132_face0.jpg,Black,Black,Male,30-39,"[8.1822490e-03 4.6472165e-01 4.6050486e-01 1.5158196e-04 3.9853635e-03
 4.8089609e-02 1.4364750e-02]",[0.00350884 0.96146834 0.00679136 0.02823143],[9.999912e-01 8.858973e-06],"[2.9281500e-06 2.4512459e-05 1.6208483e-03 3.6092988e-01 5.8850092e-01
 4.8132017e-02 7.7454111e-04 1.4089757e-05 3.5567777e-07]"
D:\Uni\Ulm\Master\Hiwi-Forschung-und-Lehre\FairFace\detected_faces\929163_face0.jpg,White,White,Male,20-29,"[9.2082047e-01 6.9481430e-05 1.7778991e-02 1.9740761e-04 4.0133268e-04
 1.5359699e-05 6.0716964e-02]",[9.9203753e-01 3.7623441e-03 3.9881538e-03 2.1208939e-04],[9.999991e-01 9.506871e-07],"[3.4432020e-08 3.5899608e-05 8.3517201e-02 8.5447621e-01 6.1050486e-02
 9.1573427e-04 4.3154701e-06 7.6860573e-08 6.3130878e-10]"
D:\Uni\Ulm\Master\Hiwi-Forschung-und-Lehre\FairFace\detected_faces\929199_face0.jpg,White,White,Male,20-29,"[9.4270521e-01 2.6285174e-04 2.0620555e-02 2.7541249e-04 4.4357742e-04
 1.9210683e-04 3.5500254e-02]",[0.9590832  0.00947843 0.02982632 0.0016121 ],[9.99999940e-01 1.04392136e-07],"[2.0872676e-07 1.5864067e-05 4.5856731e-03 8.4521103e-01 1.4874944e-01
 1.4338618e-03 3.9055230e-06 6.4176675e-08 1.5039918e-09]"
D:\Uni\Ulm\Master\Hiwi-Forschung-und-Lehre\FairFace\detected_faces\929623_face0.jpg,White,White,Male,20-29,"[6.3938361e-01 5.0722230e-03 2.3364896e-01 3.4344144e-04 7.4143638e-04
 6.5930141e-04 1.2015109e-01]",[0.9606194  0.02583522 0.01092155 0.00262388],[9.995004e-01 4.996588e-04],"[2.0599651e-07 8.5619276e-06 1.9898215e-02 7.3700613e-01 2.3855735e-01
 4.4940757e-03 3.4937046e-05 5.0621691e-07 5.5783724e-09]"
D:\Uni\Ulm\Master\Hiwi-Forschung-und-Lehre\FairFace\detected_faces\929627_face0.jpg,Latino_Hispanic,Indian,Male,20-29,"[0.08316623 0.00151188 0.35988066 0.00055726 0.0015772  0.24379353
 0.30951327]",[0.08926713 0.05120999 0.00701922 0.85250366],[9.9993896e-01 6.1033323e-05],"[1.4106259e-06 5.3126438e-05 3.9766175e-03 6.6345954e-01 3.2192579e-01
 1.0531098e-02 5.1585586e-05 7.9784854e-07 1.3771145e-08]"
D:\Uni\Ulm\Master\Hiwi-Forschung-und-Lehre\FairFace\detected_faces\929631_face0.jpg,Latino_Hispanic,Indian,Male,20-29,"[3.2365490e-02 3.1167118e-02 5.7464015e-01 2.3378305e-04 3.1335398e-03
 1.3194878e-01 2.2651112e-01]",[0.15415864 0.15250707 0.00779285 0.68554145],[9.999165e-01 8.347429e-05],"[1.2286321e-07 5.1586587e-05 5.8568381e-02 9.1575634e-01 2.5425395e-02
 1.9710632e-04 9.8242401e-07 3.7026982e-08 1.0736809e-09]"
D:\Uni\Ulm\Master\Hiwi-Forschung-und-Lehre\FairFace\detected_faces\929633_face0.jpg,Latino_Hispanic,Black,Male,20-29,"[2.6924837e-02 2.1523513e-01 5.8885992e-01 1.8137721e-04 8.4739644e-04
 4.4137944e-02 1.2381342e-01]",[0.06160962 0.8312537  0.01492157 0.09221508],[9.9999934e-01 6.3087299e-07],"[2.26078350e-06 5.66763811e-05 1.19350273e-02 4.79996324e-01
 3.97354275e-01 1.02419466e-01 8.05967022e-03 1.74616434e-04
 1.58124590e-06]"
D:\Uni\Ulm\Master\Hiwi-Forschung-und-Lehre\FairFace\detected_faces\929636_face0.jpg,Black,Black,Male,10-19,"[3.8091744e-05 9.9029452e-01 8.1268215e-04 4.7956536e-07 3.0303943e-05
 8.6593525e-03 1.6457061e-04]",[1.5399834e-05 9.9867034e-01 8.2161014e-06 1.3061228e-03],[9.9989891e-01 1.0110316e-04],"[1.6967627e-07 2.3580594e-03 5.9404624e-01 3.9649904e-01 7.0368741e-03
 5.9319704e-05 2.7478131e-07 8.3470439e-09 2.1416065e-10]"
D:\Uni\Ulm\Master\Hiwi-Forschung-und-Lehre\FairFace\detected_faces\929659_face0.jpg,White,White,Male,20-29,"[9.6491390e-01 5.3960011e-05 6.8736305e-03 1.3912212e-04 2.5197424e-04
 2.0672947e-04 2.7560677e-02]",[9.8016775e-01 2.4416955e-04 1.5684066e-02 3.9039953e-03],[1.0000000e+00 3.9306233e-10],"[2.0154927e-07 3.7347923e-05 1.4186647e-02 9.3170434e-01 5.3825561e-02
 2.4535836e-04 5.5192515e-07 9.9545305e-09 9.6453449e-11]"
D:\Uni\Ulm\Master\Hiwi-Forschung-und-Lehre\FairFace\detected_faces\929717_face0.jpg,White,White,Male,20-29,"[9.8524171e-01 6.8263325e-06 1.9969519e-03 3.1574804e-05 4.6281937e-05
 9.9720288e-05 1.2576935e-02]",[9.9665755e-01 1.5193090e-04 1.9270072e-03 1.2634714e-03],[9.9997371e-01 2.6279537e-05],"[6.0864198e-07 5.6451489e-04 1.7276533e-01 7.6535672e-01 5.9840579e-02
 1.4643634e-03 7.7976747e-06 8.0826617e-08 2.8378617e-09]"
D:\Uni\Ulm\Master\Hiwi-Forschung-und-Lehre\FairFace\detected_faces\929740_face0.jpg,White,White,Male,20-29,"[5.3384566e-01 2.0668306e-04 1.8002951e-01 5.5725855e-04 1.0698457e-03
 1.1091303e-03 2.8318200e-01]",[0.9895268  0.00273591 0.00102209 0.00671516],[9.9994671e-01 5.3315092e-05],"[1.5538083e-08 3.4602865e-05 2.3324394e-01 7.5543046e-01 1.1244111e-02
 4.6732494e-05 9.0572563e-08 1.7472508e-09 2.9878558e-11]"
D:\Uni\Ulm\Master\Hiwi-Forschung-und-Lehre\FairFace\detected_faces\929749_face0.jpg,White,White,Male,20-29,"[9.5582682e-01 2.5666617e-07 5.1093538e-04 6.4553774e-07 1.7428814e-06
 3.6815807e-05 4.3622807e-02]",[9.9949086e-01 9.4330443e-07 3.2051863e-05 4.7612126e-04],[9.999920e-01 7.982551e-06],"[5.51501351e-08 2.95114933e-06 9.72449593e-03 8.77429128e-01
 1.10350825e-01 2.47766753e-03 1.47255387e-05 1.91273415e-07
 4.00070554e-09]"
D:\Uni\Ulm\Master\Hiwi-Forschung-und-Lehre\FairFace\detected_faces\929752_face0.jpg,Middle Eastern,White,Male,20-29,"[2.6899305e-01 3.5875270e-04 1.9146585e-01 5.2609339e-05 2.5832720e-04
 3.0831844e-03 5.3578818e-01]",[0.95305204 0.00473045 0.0143265  0.02789101],[9.9999982e-01 1.7850647e-07],"[2.7404994e-06 6.5763964e-04 8.6615801e-02 7.9944837e-01 1.1009796e-01
 3.1649843e-03 1.2270143e-05 1.9739416e-07 1.3545629e-09]"
D:\Uni\Ulm\Master\Hiwi-Forschung-und-Lehre\FairFace\detected_faces\929758_face0.jpg,White,White,Male,20-29,"[5.8477426e-01 7.3481396e-02 3.0219582e-01 6.2217543e-05 3.1063179e-04
 7.3553496e-03 3.1820361e-02]",[7.9903638e-01 1.7652585e-01 4.1691290e-04 2.4020895e-02],[9.9999738e-01 2.6224047e-06],"[1.8430812e-07 2.4578709e-05 9.0330895e-03 8.0297506e-01 1.8494056e-01
 3.0067607e-03 1.9638761e-05 1.4803150e-07 3.0060501e-09]"
D:\Uni\Ulm\Master\Hiwi-Forschung-und-Lehre\FairFace\detected_faces\929770_face0.jpg,White,White,Male,20-29,"[4.7191280e-01 7.8106188e-04 2.0775038e-01 4.1756913e-04 1.3096028e-03
 1.5569026e-02 3.0225959e-01]",[0.53205556 0.00184203 0.01396609 0.45213634],[9.999999e-01 9.244433e-08],"[3.69068232e-07 3.90161818e-04 3.72842818e-01 6.17008328e-01
 9.68944840e-03 6.86706844e-05 2.41486816e-07 1.24460415e-08
 1.65057426e-10]"
D:\Uni\Ulm\Master\Hiwi-Forschung-und-Lehre\FairFace\detected_faces\929775_face0.jpg,Middle Eastern,White,Male,20-29,"[4.4786096e-01 5.0177501e-04 3.8852084e-02 2.8554368e-05 7.7148405e-05
 3.3458910e-04 5.1234490e-01]",[0.98626226 0.00831766 0.00291169 0.00250833],[9.9999714e-01 2.8976353e-06],"[1.14266822e-06 1.02674014e-04 5.32757901e-02 7.57952213e-01
 1.75584167e-01 1.28358863e-02 2.40658730e-04 7.39456573e-06
 8.97953072e-08]"
D:\Uni\Ulm\Master\Hiwi-Forschung-und-Lehre\FairFace\detected_faces\929779_face0.jpg,White,White,Male,20-29,"[9.6653444e-01 1.4106121e-05 2.9497794e-03 9.6744079e-05 9.7116128e-05
 9.0028159e-05 3.0217770e-02]",[9.9910331e-01 3.9749226e-04 2.3643952e-04 2.6275459e-04],[9.9999720e-01 2.8365096e-06],"[2.0818011e-06 2.0079289e-04 1.1792444e-02 7.4481815e-01 2.4015640e-01
 3.0177245e-03 1.2304581e-05 1.0433572e-07 2.5616762e-09]"
D:\Uni\Ulm\Master\Hiwi-Forschung-und-Lehre\FairFace\detected_faces\929806_face0.jpg,Latino_Hispanic,Indian,Male,30-39,"[1.5054898e-02 3.1439653e-03 9.0904224e-01 3.7630275e-04 2.4332146e-03
 4.5584846e-02 2.4364473e-02]",[0.12633404 0.10069407 0.27807674 0.49489516],[9.9999881e-01 1.1464872e-06],"[6.4981177e-05 6.8301638e-04 2.7217431e-02 3.7192860e-01 4.5637217e-01
 1.3619716e-01 7.3740003e-03 1.6142822e-04 1.1566990e-06]"
D:\Uni\Ulm\Master\Hiwi-Forschung-und-Lehre\FairFace\detected_faces\929850_face0.jpg,Middle Eastern,White,Male,10-19,"[1.8421471e-01 6.2705702e-03 1.3706926e-01 5.7076933e-05 4.2184236e-04
 1.9802027e-03 6.6998637e-01]",[0.95282346 0.0404723  0.00276322 0.00394106],[9.9984473e-01 1.5525108e-04],"[2.0827552e-07 1.2246877e-03 7.2265613e-01 2.7272418e-01 3.3284652e-03
 6.5359513e-05 7.4848560e-07 5.5674970e-08 1.1669924e-09]"
D:\Uni\Ulm\Master\Hiwi-Forschung-und-Lehre\FairFace\detected_faces\929855_face0.jpg,White,White,Male,20-29,"[9.9941534e-01 2.4378680e-05 3.0507820e-04 1.1815389e-06 3.5621613e-06
 4.7850922e-06 2.4566631e-04]",[9.9976003e-01 1.9254225e-04 3.1955380e-05 1.5476064e-05],[9.999995e-01 4.809452e-07],"[3.81194099e-07 1.05501786e-04 9.14849155e-03 8.11502516e-01
 1.78262651e-01 9.78433178e-04 1.95877237e-06 1.60886842e-08
 7.30586480e-10]"
D:\Uni\Ulm\Master\Hiwi-Forschung-und-Lehre\FairFace\detected_faces\929867_face0.jpg,Black,Black,Male,30-39,"[2.4489950e-06 9.9976939e-01 1.1451001e-04 1.1498593e-06 2.7124492e-05
 8.4500673e-05 8.2609313e-07]",[1.2155554e-06 9.9957871e-01 2.8070681e-05 3.9207895e-04],[0.928418   0.07158202],"[3.6080229e-07 3.9381180e-06 1.8595377e-03 2.3313227e-01 4.2601392e-01
 2.7404806e-01 6.2649399e-02 2.1963653e-03 9.6235926e-05]"
D:\Uni\Ulm\Master\Hiwi-Forschung-und-Lehre\FairFace\detected_faces\929894_face0.jpg,White,White,Male,20-29,"[0.41808254 0.00056667 0.19173542 0.00073979 0.00180708 0.00714509
 0.3799234 ]",[0.9335683  0.00254254 0.01349665 0.05039253],[1.0000000e+00 3.4997047e-08],"[1.02102895e-05 1.02306977e-02 2.62446612e-01 6.79818332e-01
 4.62564677e-02 1.23012112e-03 7.34892728e-06 1.69009510e-07
 2.07482187e-09]"
D:\Uni\Ulm\Master\Hiwi-Forschung-und-Lehre\FairFace\detected_faces\929899_face0.jpg,Middle Eastern,White,Male,20-29,"[3.5709608e-01 1.4149569e-04 2.3332778e-01 4.2465126e-05 1.5232299e-04
 3.6294528e-03 4.0561041e-01]",[0.9246548  0.01364254 0.00447672 0.05722594],[9.9999821e-01 1.7649651e-06],"[3.6861979e-07 1.7779504e-04 9.8966494e-02 8.6264908e-01 3.7733216e-02
 4.7163921e-04 1.4196305e-06 3.1966813e-08 3.9711923e-10]"
D:\Uni\Ulm\Master\Hiwi-Forschung-und-Lehre\FairFace\detected_faces\929902_face0.jpg,White,White,Male,10-19,"[9.99494433e-01 2.75883025e-07 3.23625791e-05 1.57990617e-05
 1.21490475e-05 5.47315047e-08 4.45032609e-04]",[9.998386e-01 7.094409e-05 8.593532e-05 4.511807e-06],[9.9966687e-01 3.3315571e-04],"[2.29872694e-06 1.52148551e-03 6.16448402e-01 3.36556315e-01
 4.08300199e-02 4.51595988e-03 1.21720775e-04 3.72831710e-06
 7.28355189e-08]"
D:\Uni\Ulm\Master\Hiwi-Forschung-und-Lehre\FairFace\detected_faces\929905_face0.jpg,White,White,Male,10-19,"[5.5579513e-01 7.3731248e-03 1.7000468e-01 8.6258416e-04 1.1922092e-03
 3.1115705e-04 2.6446119e-01]",[0.9390301  0.05545356 0.00420639 0.00131003],[0.99783796 0.00216205],"[3.4434208e-08 3.3527706e-04 6.9600898e-01 3.0226752e-01 1.3790316e-03
 9.1004067e-06 3.6845051e-08 7.7953671e-10 1.4668107e-11]"
D:\Uni\Ulm\Master\Hiwi-Forschung-und-Lehre\FairFace\detected_faces\929975_face0.jpg,Latino_Hispanic,Asian,Male,20-29,"[1.40513405e-01 1.63362609e-04 5.64768434e-01 7.84016848e-02
 1.18521966e-01 2.48197280e-03 9.51490775e-02]",[2.7292705e-01 1.2308460e-04 7.1099967e-01 1.5950100e-02],[9.9999964e-01 3.3705965e-07],"[2.8689200e-07 2.5527841e-05 1.1901989e-02 8.4821308e-01 1.3882445e-01
 1.0322584e-03 2.4075987e-06 4.4844899e-08 2.9381689e-10]"
D:\Uni\Ulm\Master\Hiwi-Forschung-und-Lehre\FairFace\detected_faces\929976_face0.jpg,Middle Eastern,White,Male,10-19,"[1.4562109e-01 7.1957643e-06 4.0239650e-03 1.1666196e-05 1.5863468e-05
 1.4717618e-04 8.5017306e-01]",[9.9888307e-01 5.9751834e-04 4.9681159e-05 4.6972235e-04],[9.999919e-01 8.063515e-06],"[3.2608780e-06 7.4428152e-03 5.9781867e-01 3.6404964e-01 2.9575333e-02
 1.1045687e-03 5.6065114e-06 1.2648916e-07 2.7857048e-09]"
D:\Uni\Ulm\Master\Hiwi-Forschung-und-Lehre\FairFace\detected_faces\930135_face0.jpg,Black,Black,Male,30-39,"[1.2739484e-06 9.9982011e-01 4.5031094e-05 7.4490487e-08 1.3025148e-06
 1.2715546e-04 5.0147828e-06]",[1.4196148e-06 9.9989164e-01 1.3182388e-05 9.3742994e-05],[9.999994e-01 6.025731e-07],"[3.04152678e-07 2.13671933e-06 1.88107821e-04 7.37687275e-02
 5.72265506e-01 3.41732711e-01 1.18041085e-02 2.31069280e-04
 7.25260998e-06]"
D:\Uni\Ulm\Master\Hiwi-Forschung-und-Lehre\FairFace\detected_faces\930136_face0.jpg,Black,Black,Male,20-29,"[6.6973104e-07 9.9996281e-01 6.4503797e-06 9.7383058e-08 1.7055137e-06
 2.7999158e-05 3.2140667e-07]",[6.8451516e-07 9.9996060e-01 1.8755511e-05 2.0009034e-05],[9.9949038e-01 5.0962827e-04],"[8.8786419e-07 5.5137515e-04 6.4345442e-02 7.6864159e-01 1.5432885e-01
 1.1818473e-02 3.0410194e-04 8.4974881e-06 7.9523068e-07]"
D:\Uni\Ulm\Master\Hiwi-Forschung-und-Lehre\FairFace\detected_faces\930189_face0.jpg,Latino_Hispanic,White,Male,10-19,"[2.47600123e-01 1.61787234e-02 6.45267248e-01 1.20390214e-04
 1.69090030e-03 3.02032437e-02 5.89393154e-02]",[0.6739596  0.06343497 0.01101504 0.25159034],[9.9990010e-01 9.9846584e-05],"[1.6195265e-06 2.4798275e-03 5.5785072e-01 4.1425872e-01 2.4623107e-02
 7.7752268e-04 8.2107472e-06 2.9096316e-07 7.3255633e-09]"
D:\Uni\Ulm\Master\Hiwi-Forschung-und-Lehre\FairFace\detected_faces\930191_face0.jpg,White,White,Male,20-29,"[9.1845590e-01 5.6313870e-06 9.7933123e-03 5.5043001e-06 8.3961295e-06
 1.5044982e-04 7.1580797e-02]",[9.9944413e-01 4.0182629e-05 2.3352000e-05 4.9236807e-04],[9.9999958e-01 4.6372935e-07],"[1.2959529e-06 1.5882195e-04 4.5108743e-02 7.1594244e-01 2.3098044e-01
 7.7872239e-03 2.0825459e-05 1.3989792e-07 9.1336017e-10]"
D:\Uni\Ulm\Master\Hiwi-Forschung-und-Lehre\FairFace\detected_faces\930226_face0.jpg,White,White,Male,20-29,"[8.4475172e-01 2.4007184e-05 3.1827305e-02 2.8334871e-05 5.2446321e-05
 3.8091070e-04 1.2293532e-01]",[9.9736726e-01 1.1558576e-04 4.7324982e-04 2.0438766e-03],[1.0000000e+00 3.2881765e-08],"[6.0394603e-07 9.8933175e-05 9.1965459e-02 8.2543427e-01 8.0934115e-02
 1.5615368e-03 5.0119243e-06 7.1543802e-08 4.6027909e-10]"
D:\Uni\Ulm\Master\Hiwi-Forschung-und-Lehre\FairFace\detected_faces\930233_face0.jpg,Black,Black,Male,10-19,"[3.5892099e-05 9.9431944e-01 1.7594037e-03 3.2743144e-05 1.5956189e-03
 2.2346356e-03 2.2266910e-05]",[4.2965639e-05 9.9376214e-01 4.1602040e-03 2.0346981e-03],[0.6870688 0.3129311],"[8.1624171e-07 2.6259467e-03 5.2318096e-01 4.5460537e-01 1.9389354e-02
 1.9567407e-04 1.8108586e-06 6.3551717e-08 3.1988026e-09]"
D:\Uni\Ulm\Master\Hiwi-Forschung-und-Lehre\FairFace\detected_faces\930251_face0.jpg,White,White,Male,20-29,"[9.6352476e-01 1.1097711e-06 3.8123915e-03 6.4903670e-06 1.8589602e-05
 4.1110921e-04 3.2225575e-02]",[9.9945104e-01 2.4571850e-06 7.6942801e-05 4.6955797e-04],[9.9999976e-01 2.6343102e-07],"[4.86460827e-08 1.65153979e-05 3.02076470e-02 8.55018377e-01
 1.11657776e-01 3.09108826e-03 8.46355488e-06 1.21232574e-07
 1.00605535e-09]"
D:\Uni\Ulm\Master\Hiwi-Forschung-und-Lehre\FairFace\detected_faces\930252_face0.jpg,White,White,Male,20-29,"[9.6239585e-01 2.7772710e-05 1.2028029e-02 8.0111840e-06 3.1628129e-05
 4.1476178e-05 2.5467215e-02]",[9.988571e-01 8.172279e-05 3.458599e-04 7.152813e-04],[9.9999970e-01 3.0714213e-07],"[5.0901940e-09 5.2430341e-06 3.5971574e-02 9.1539973e-01 4.7856744e-02
 7.6305028e-04 3.6570682e-06 3.1969954e-08 3.6354753e-10]"
D:\Uni\Ulm\Master\Hiwi-Forschung-und-Lehre\FairFace\detected_faces\930265_face0.jpg,White,White,Male,20-29,"[9.8912174e-01 5.0289260e-04 2.9626910e-03 1.9990950e-04 5.1432091e-04
 1.4107232e-05 6.6844728e-03]",[9.8468548e-01 1.0247727e-02 4.9863020e-03 8.0521750e-05],[9.9999756e-01 2.4023743e-06],"[1.8758220e-06 1.0089856e-04 6.4266361e-02 7.2103035e-01 1.8986560e-01
 2.3253521e-02 1.3553677e-03 1.2154098e-04 4.5094685e-06]"
D:\Uni\Ulm\Master\Hiwi-Forschung-und-Lehre\FairFace\detected_faces\930266_face0.jpg,White,White,Male,30-39,"[0.4518076  0.0011408  0.35511282 0.00054626 0.00097072 0.00354676
 0.18687506]",[0.9668714  0.00859724 0.00805913 0.0164723 ],[9.9995714e-01 4.2862423e-05],"[2.1400745e-06 3.0271523e-05 2.6484686e-03 4.4736192e-01 5.1521480e-01
 3.4436613e-02 3.0049068e-04 5.1719671e-06 6.0264320e-08]"
D:\Uni\Ulm\Master\Hiwi-Forschung-und-Lehre\FairFace\detected_faces\930267_face0.jpg,White,White,Male,20-29,"[7.6098585e-01 2.7644788e-04 2.4329243e-02 4.7750586e-05 1.3134307e-04
 2.8072204e-04 2.1394865e-01]",[9.9285585e-01 8.2234695e-04 1.6694553e-03 4.6523889e-03],[9.9999976e-01 2.4633971e-07],"[9.8677583e-07 4.8955371e-05 5.3489651e-03 7.3367262e-01 2.5673616e-01
 4.1713151e-03 2.0632249e-05 3.8880273e-07 4.2241943e-09]"
D:\Uni\Ulm\Master\Hiwi-Forschung-und-Lehre\FairFace\detected_faces\930269_face0.jpg,Middle Eastern,White,Male,20-29,"[2.60485172e-01 1.23349411e-04 1.15877995e-02 9.25695872e-07
 4.82273163e-06 2.81541666e-04 7.27516353e-01]",[9.9705833e-01 1.4251650e-03 3.8039809e-05 1.4785097e-03],[9.9999970e-01 2.7571508e-07],"[9.8029851e-08 1.7506964e-05 1.0762936e-02 8.0330420e-01 1.8132921e-01
 4.5596659e-03 2.5900883e-05 5.5730874e-07 5.3127871e-09]"
D:\Uni\Ulm\Master\Hiwi-Forschung-und-Lehre\FairFace\detected_faces\930271_face0.jpg,White,White,Male,20-29,"[9.9297404e-01 8.2702145e-06 1.1522447e-03 3.0595875e-05 3.6704078e-05
 1.3271836e-06 5.7967827e-03]",[9.9921155e-01 2.6130100e-04 4.5602070e-04 7.1077106e-05],[9.999495e-01 5.046234e-05],"[1.9078767e-08 5.8264442e-05 4.0390757e-01 5.8764982e-01 8.2244109e-03
 1.5880684e-04 1.1403208e-06 2.0216197e-08 4.0784087e-10]"
D:\Uni\Ulm\Master\Hiwi-Forschung-und-Lehre\FairFace\detected_faces\930272_face0.jpg,Middle Eastern,White,Male,20-29,"[1.3849826e-01 3.1677567e-04 5.6078643e-02 2.5381916e-05 1.0442187e-04
 5.9391878e-04 8.0438262e-01]",[0.99086016 0.00529962 0.00115978 0.0026804 ],[9.9999970e-01 2.7989344e-07],"[2.5579220e-06 2.0540661e-04 2.6383990e-02 8.5615838e-01 1.1614941e-01
 1.0979526e-03 2.2538572e-06 4.8803802e-08 6.8742195e-10]"
D:\Uni\Ulm\Master\Hiwi-Forschung-und-Lehre\FairFace\detected_faces\930273_face0.jpg,White,White,Male,20-29,"[9.8876464e-01 7.4628738e-06 2.1367134e-03 2.2125421e-06 6.2857089e-06
 4.3465934e-05 9.0392744e-03]",[9.9877959e-01 1.9754050e-04 1.6304677e-05 1.0065789e-03],[9.9998385e-01 1.6131033e-05],"[1.4520951e-07 1.1869760e-05 4.1402136e-03 7.8623325e-01 2.0773415e-01
 1.8758500e-03 4.5256124e-06 4.1229107e-08 6.7927342e-10]"
D:\Uni\Ulm\Master\Hiwi-Forschung-und-Lehre\FairFace\detected_faces\930277_face0.jpg,White,White,Male,20-29,"[9.66497540e-01 9.63070634e-05 8.42064433e-03 6.06737085e-05
 1.09194865e-04 5.24169707e-04 2.42915004e-02]",[0.9919793  0.0015277  0.00113888 0.00535411],[9.9999899e-01 9.4131985e-07],"[1.1559613e-06 4.0208823e-05 2.0668206e-03 6.5041590e-01 3.4090230e-01
 6.5308227e-03 4.2305066e-05 4.5076521e-07 1.7493553e-08]"
D:\Uni\Ulm\Master\Hiwi-Forschung-und-Lehre\FairFace\detected_faces\930279_face0.jpg,Black,Black,Male,20-29,"[1.6182399e-05 9.9984372e-01 7.0320173e-05 8.0046050e-08 1.0477703e-06
 4.9621529e-05 1.9011091e-05]",[1.4943132e-06 9.9998409e-01 2.1256751e-06 1.2326932e-05],[9.9998218e-01 1.7823106e-05],"[2.4563684e-08 7.7921806e-07 1.2538102e-03 5.3016454e-01 4.3365464e-01
 3.4251899e-02 6.5061689e-04 2.2894928e-05 8.1897116e-07]"
D:\Uni\Ulm\Master\Hiwi-Forschung-und-Lehre\FairFace\detected_faces\930282_face0.jpg,Latino_Hispanic,Black,Male,20-29,"[0.16943263 0.02229335 0.7652133  0.00112411 0.0073045  0.00187753
 0.03275461]",[0.05920107 0.74010783 0.18397455 0.01671648],[9.999996e-01 4.665032e-07],"[4.3623766e-07 2.0992133e-04 1.6861147e-01 7.9282969e-01 3.7303966e-02
 1.0226847e-03 2.1158996e-05 7.0307118e-07 1.1299410e-08]"
D:\Uni\Ulm\Master\Hiwi-Forschung-und-Lehre\FairFace\detected_faces\930295_face0.jpg,White,White,Male,20-29,"[9.9998200e-01 1.9295649e-06 1.0229428e-05 1.9327236e-07 1.3101389e-06
 2.6034476e-07 3.9818347e-06]",[9.9992049e-01 7.1531867e-05 3.3433255e-06 4.6039149e-06],[1.0000000e+00 1.2210075e-08],"[9.9021538e-09 4.3396144e-06 1.9302452e-02 8.9672703e-01 8.2429796e-02
 1.5185318e-03 1.7757260e-05 1.3518265e-07 4.7777902e-09]"
D:\Uni\Ulm\Master\Hiwi-Forschung-und-Lehre\FairFace\detected_faces\930339_face0.jpg,White,White,Male,20-29,"[7.0376539e-01 2.4174992e-04 3.2445900e-02 1.9085771e-04 2.7386795e-04
 6.9569773e-04 2.6238644e-01]",[9.9548888e-01 2.9589084e-04 3.4703366e-03 7.4489968e-04],[9.999957e-01 4.257983e-06],"[4.1206977e-07 1.4084121e-04 9.8656788e-03 8.6537206e-01 1.2402736e-01
 5.9266877e-04 9.7095233e-07 1.5610860e-08 2.9942124e-10]"
D:\Uni\Ulm\Master\Hiwi-Forschung-und-Lehre\FairFace\detected_faces\930360_face0.jpg,Middle Eastern,White,Male,20-29,"[1.6705768e-02 1.7607243e-04 3.1298887e-02 6.8180912e-06 3.6241898e-05
 2.0676018e-03 9.4970858e-01]",[0.8585552  0.03961094 0.00146844 0.10036533],[9.9999595e-01 4.0480677e-06],"[3.3568165e-07 3.5158042e-05 8.8859610e-03 7.5404555e-01 2.3371075e-01
 3.3148399e-03 7.2767380e-06 9.7110139e-08 1.2425090e-09]"
D:\Uni\Ulm\Master\Hiwi-Forschung-und-Lehre\FairFace\detected_faces\930408_face0.jpg,Latino_Hispanic,Black,Male,20-29,"[0.00988445 0.10332689 0.67049134 0.00730358 0.19413127 0.00834463
 0.00651795]",[0.00873077 0.74914783 0.1462401  0.09588131],[9.999988e-01 1.215775e-06],"[1.6438479e-07 5.4611923e-05 9.1132946e-02 7.4873769e-01 1.5214752e-01
 7.7723917e-03 1.5190855e-04 2.6978162e-06 4.6945104e-08]"
D:\Uni\Ulm\Master\Hiwi-Forschung-und-Lehre\FairFace\detected_faces\930439_face0.jpg,White,White,Male,20-29,"[9.8171073e-01 1.7801350e-06 4.3507963e-03 3.5023918e-06 5.9626859e-06
 1.3956100e-04 1.3787679e-02]",[9.9961144e-01 2.3208509e-05 5.4277731e-05 3.1102786e-04],[9.9999970e-01 3.0099443e-07],"[6.4989607e-08 5.6546003e-05 1.7116679e-01 8.0915225e-01 1.9276418e-02
 3.4690660e-04 9.0591044e-07 8.4227727e-09 1.1863907e-10]"
D:\Uni\Ulm\Master\Hiwi-Forschung-und-Lehre\FairFace\detected_faces\930441_face0.jpg,White,White,Male,20-29,"[9.9800259e-01 1.4344486e-06 3.4146404e-04 5.9697727e-06 1.1493391e-05
 3.1651155e-06 1.6339704e-03]",[9.9991119e-01 1.7392802e-05 2.6478594e-05 4.4856133e-05],[1.0000000e+00 1.8866444e-08],"[2.5722213e-09 4.0436275e-06 1.4963214e-01 8.4011668e-01 1.0192836e-02
 5.4166114e-05 1.2362223e-07 2.0856505e-09 1.9961480e-11]"
D:\Uni\Ulm\Master\Hiwi-Forschung-und-Lehre\FairFace\detected_faces\930666_face0.jpg,Latino_Hispanic,Black,Male,20-29,"[7.4240841e-02 5.2075446e-02 8.1313515e-01 8.0508195e-05 9.2128140e-04
 7.7334293e-03 5.1813424e-02]",[0.38413057 0.43719816 0.00375447 0.17491686],[1.0000000e+00 4.3805155e-08],"[1.5898204e-08 1.2805235e-06 5.3817132e-03 8.6331844e-01 1.2942210e-01
 1.8603479e-03 1.5859665e-05 2.7945850e-07 2.8783329e-09]"
D:\Uni\Ulm\Master\Hiwi-Forschung-und-Lehre\FairFace\detected_faces\930697_face0.jpg,Middle Eastern,White,Male,30-39,"[8.6696625e-02 9.1233784e-03 2.0673810e-01 2.0847672e-05 1.5539826e-04
 6.4997184e-03 6.9076598e-01]",[0.91144884 0.04711147 0.00127483 0.04016483],[9.9999988e-01 1.1900549e-07],"[3.0119810e-07 3.7146472e-06 3.9969126e-04 3.6083916e-01 6.1278957e-01
 2.5838232e-02 1.2801075e-04 1.3129684e-06 1.1430331e-08]"
D:\Uni\Ulm\Master\Hiwi-Forschung-und-Lehre\FairFace\detected_faces\930702_face0.jpg,White,White,Male,20-29,"[9.9931592e-01 4.2066167e-06 1.3577106e-04 1.2862882e-05 1.4567610e-05
 1.6161125e-06 5.1505858e-04]",[9.9937606e-01 1.7962318e-04 4.1903355e-04 2.5280018e-05],[0.9980803  0.00191969],"[2.3592271e-07 6.6230237e-04 3.3137321e-01 6.5161520e-01 1.5876636e-02
 4.6592433e-04 6.3208481e-06 1.7301230e-07 1.3754421e-08]"
D:\Uni\Ulm\Master\Hiwi-Forschung-und-Lehre\FairFace\detected_faces\930775_face0.jpg,White,White,Male,20-29,"[5.7846093e-01 5.0635786e-05 2.1870933e-02 3.2157410e-04 5.0024368e-04
 5.6161196e-04 3.9823410e-01]",[9.9899173e-01 1.1561417e-04 4.3482252e-04 4.5781882e-04],[9.9999815e-01 1.8718864e-06],"[8.5606480e-06 4.6525756e-04 1.9790798e-02 8.0213088e-01 1.7506924e-01
 2.5273641e-03 7.6497709e-06 1.8242235e-07 3.4849117e-09]"
D:\Uni\Ulm\Master\Hiwi-Forschung-und-Lehre\FairFace\detected_faces\930851_face0.jpg,Black,Black,Male,20-29,"[2.3595302e-07 9.9998093e-01 4.6626255e-06 2.0710840e-07 1.0282352e-05
 3.2307180e-06 3.9774341e-07]",[1.5502430e-06 9.9994993e-01 4.2046784e-05 6.4601982e-06],[9.999733e-01 2.670811e-05],"[3.0692090e-07 3.5907436e-04 2.0781441e-01 7.3124820e-01 5.8957491e-02
 1.6094579e-03 1.0830402e-05 2.2719678e-07 1.9956428e-08]"
D:\Uni\Ulm\Master\Hiwi-Forschung-und-Lehre\FairFace\detected_faces\930855_face0.jpg,Middle Eastern,Black,Male,10-19,"[8.5913679e-03 6.9186457e-02 3.6831310e-01 1.9769777e-04 5.3420803e-03
 3.4909807e-02 5.1345944e-01]",[5.9597823e-03 9.8947877e-01 6.7545765e-04 3.8859427e-03],[9.9998522e-01 1.4786803e-05],"[1.0901068e-07 1.5249181e-03 6.1537063e-01 3.7874770e-01 4.3305382e-03
 2.6059522e-05 5.8603121e-08 2.3010358e-09 4.4927957e-11]"
D:\Uni\Ulm\Master\Hiwi-Forschung-und-Lehre\FairFace\detected_faces\930997_face0.jpg,Latino_Hispanic,White,Male,30-39,"[2.4001338e-01 1.9001759e-03 3.7765718e-01 3.0404495e-04 1.0716212e-03
 2.4571909e-01 1.3333447e-01]",[7.4505037e-01 3.2195058e-02 6.6399819e-04 2.2209057e-01],[9.9999815e-01 1.8669687e-06],"[4.1355324e-06 3.6654917e-05 2.9658462e-04 2.2287652e-01 7.3394769e-01
 4.2752936e-02 8.4910622e-05 4.8945373e-07 4.2988666e-09]"
D:\Uni\Ulm\Master\Hiwi-Forschung-und-Lehre\FairFace\detected_faces\931223_face0.jpg,White,White,Male,20-29,"[8.1252611e-01 4.9632898e-04 1.8175999e-02 1.3543664e-04 2.3026015e-04
 7.5388169e-05 1.6836053e-01]",[9.698136e-01 2.942014e-02 4.441729e-04 3.220284e-04],[9.9999994e-01 6.9270236e-08],"[3.8117057e-07 1.3140228e-04 4.4850674e-02 9.0094078e-01 5.3496163e-02
 5.7779963e-04 2.7225526e-06 6.3885672e-08 9.0159763e-10]"
D:\Uni\Ulm\Master\Hiwi-Forschung-und-Lehre\FairFace\detected_faces\931250_face0.jpg,White,White,Male,10-19,"[9.9466121e-01 1.9339839e-05 1.1009031e-03 3.9400686e-05 3.7296348e-05
 5.8036185e-06 4.1359295e-03]",[9.9720931e-01 2.6762970e-03 1.0279255e-04 1.1570704e-05],[0.98459965 0.01540029],"[6.2728503e-08 1.5301290e-03 7.8737128e-01 2.0935202e-01 1.7370969e-03
 9.4503403e-06 2.4572895e-08 7.4986306e-10 4.9497004e-11]"
D:\Uni\Ulm\Master\Hiwi-Forschung-und-Lehre\FairFace\detected_faces\931252_face0.jpg,Black,Black,Male,20-29,"[4.2937700e-06 9.9988192e-01 7.2596529e-05 1.2176608e-08 2.4875274e-07
 2.8290484e-05 1.2635692e-05]",[1.2271728e-06 9.9998689e-01 3.7085425e-07 1.1524696e-05],[9.99989688e-01 1.02790045e-05],"[1.9106185e-06 1.5763869e-04 2.4176331e-02 5.8062756e-01 3.6280447e-01
 3.1512972e-02 7.0070283e-04 1.7739238e-05 6.6647237e-07]"
D:\Uni\Ulm\Master\Hiwi-Forschung-und-Lehre\FairFace\detected_faces\931257_face0.jpg,White,White,Male,20-29,"[9.9905396e-01 1.4844398e-06 9.4755305e-05 5.4557527e-06 3.6227441e-06
 3.2661291e-07 8.4040820e-04]",[9.9910212e-01 1.0473361e-04 7.1683427e-04 7.6335702e-05],[9.9999988e-01 5.8793482e-08],"[4.0057891e-08 1.0269946e-05 4.4474673e-02 9.0732229e-01 4.6953112e-02
 1.2201279e-03 1.9132443e-05 3.6493213e-07 4.2016852e-09]"
D:\Uni\Ulm\Master\Hiwi-Forschung-und-Lehre\FairFace\detected_faces\931266_face0.jpg,White,White,Male,30-39,"[9.2879492e-01 2.2339659e-04 3.3424985e-02 7.0012227e-04 6.6113088e-04
 1.2890059e-04 3.6066506e-02]",[9.9941707e-01 6.1266706e-05 3.2671768e-04 1.9496529e-04],[9.999992e-01 7.154237e-07],"[3.8277071e-07 4.4708604e-06 1.1696953e-03 3.6792192e-01 6.0394913e-01
 2.6744584e-02 2.0764045e-04 2.2188378e-06 3.0025326e-08]"
D:\Uni\Ulm\Master\Hiwi-Forschung-und-Lehre\FairFace\detected_faces\931267_face0.jpg,White,White,Male,20-29,"[9.8447925e-01 1.3918485e-04 9.2353523e-03 5.8882313e-05 1.7211323e-04
 2.6042684e-05 5.8891498e-03]",[9.9650604e-01 6.1666901e-04 2.5312817e-03 3.4603325e-04],[9.9999988e-01 5.4986554e-08],"[9.4146387e-08 2.9490134e-04 4.6246049e-01 5.2101856e-01 1.5890392e-02
 3.3390024e-04 1.6343706e-06 2.9413872e-08 3.2446226e-10]"
D:\Uni\Ulm\Master\Hiwi-Forschung-und-Lehre\FairFace\detected_faces\931278_face0.jpg,Latino_Hispanic,Indian,Male,30-39,"[3.6594790e-01 3.4968988e-03 4.8648593e-01 1.7989503e-04 3.4772913e-04
 4.6535883e-02 9.7005807e-02]",[0.43924382 0.02320328 0.008278   0.52927494],[9.9913955e-01 8.6042396e-04],"[1.6061844e-05 1.1210226e-04 1.0928466e-03 9.0505339e-02 6.8083483e-01
 2.1940802e-01 7.9687573e-03 6.1114479e-05 9.5344996e-07]"
D:\Uni\Ulm\Master\Hiwi-Forschung-und-Lehre\FairFace\detected_faces\931290_face0.jpg,Latino_Hispanic,White,Male,10-19,"[0.315005   0.00066079 0.5867722  0.00125867 0.00999836 0.00222729
 0.08407765]",[0.9571884  0.00605598 0.02658453 0.01017107],[1.0000000e+00 1.5473919e-08],"[5.9358765e-08 6.9679372e-04 7.0547229e-01 2.8957203e-01 4.2191236e-03
 3.9623130e-05 1.3743824e-07 2.3108684e-09 2.0455828e-11]"
D:\Uni\Ulm\Master\Hiwi-Forschung-und-Lehre\FairFace\detected_faces\931304_face0.jpg,White,White,Male,20-29,"[9.9637705e-01 6.2231641e-07 8.6033862e-04 2.3406799e-06 5.3288495e-06
 8.1968255e-06 2.7460151e-03]",[9.9990875e-01 7.4024310e-06 3.0705141e-05 5.3197196e-05],[1.0000000e+00 2.5387534e-09],"[1.08005665e-07 2.32925649e-05 2.93742586e-02 7.99254000e-01
 1.62627190e-01 8.65497161e-03 6.52095259e-05 9.18573619e-07
 5.59007374e-09]"
D:\Uni\Ulm\Master\Hiwi-Forschung-und-Lehre\FairFace\detected_faces\931353_face0.jpg,White,White,Male,20-29,"[9.9330240e-01 8.2938219e-05 4.3256558e-03 2.6739826e-05 9.3209877e-05
 9.0348076e-05 2.0787478e-03]",[9.9708498e-01 1.5277305e-03 8.3546236e-04 5.5179489e-04],[9.9999982e-01 1.7391986e-07],"[2.9427639e-07 2.5178186e-05 1.0521191e-02 7.5005174e-01 2.2577098e-01
 1.3317764e-02 3.0699297e-04 5.7935981e-06 1.1787787e-07]"
D:\Uni\Ulm\Master\Hiwi-Forschung-und-Lehre\FairFace\detected_faces\931719_face0.jpg,White,White,Male,30-39,"[9.8774576e-01 5.0578901e-04 6.9365012e-03 1.4119329e-04 2.0769481e-04
 1.1075934e-03 3.3555005e-03]",[9.9917513e-01 5.3719559e-04 7.2508839e-05 2.1520352e-04],[9.9990147e-01 9.8579105e-05],"[5.0160225e-04 6.4748223e-03 1.2700641e-02 2.3583440e-01 4.9331084e-01
 2.2554122e-01 2.4537865e-02 9.8854792e-04 1.1008272e-04]"
D:\Uni\Ulm\Master\Hiwi-Forschung-und-Lehre\FairFace\detected_faces\931720_face0.jpg,White,White,Male,20-29,"[5.0196314e-01 1.3381985e-05 1.0943021e-02 1.5059984e-04 1.0219298e-04
 1.4085046e-05 4.8681360e-01]",[9.9951810e-01 2.4559500e-04 2.2091443e-04 1.5437718e-05],[9.999880e-01 1.200299e-05],"[1.7737974e-06 1.6996056e-03 3.4971058e-01 6.1497784e-01 3.3004072e-02
 6.0353690e-04 2.4850299e-06 6.0343304e-08 1.3819691e-09]"
D:\Uni\Ulm\Master\Hiwi-Forschung-und-Lehre\FairFace\detected_faces\931732_face0.jpg,White,White,Male,20-29,"[9.8164886e-01 5.3952926e-06 1.9821043e-03 1.0255500e-06 4.2753404e-06
 1.6748048e-05 1.6341520e-02]",[9.9990869e-01 3.8458285e-05 5.7575462e-06 4.7056074e-05],[9.9999934e-01 6.8332810e-07],"[7.0035433e-10 3.5891342e-06 8.1551842e-02 9.1211081e-01 6.3117812e-03
 2.1955484e-05 3.5933144e-08 4.3924964e-10 7.1064881e-12]"
D:\Uni\Ulm\Master\Hiwi-Forschung-und-Lehre\FairFace\detected_faces\931742_face0.jpg,Black,Black,Male,20-29,"[1.14443246e-07 9.99990821e-01 1.40976988e-06 1.61846447e-08
 2.12117627e-07 7.24835172e-06 1.35226827e-07]",[9.8128010e-07 9.9998164e-01 7.7368613e-06 9.6257991e-06],[9.9977624e-01 2.2377231e-04],"[9.8172329e-08 2.2575254e-05 1.7933141e-02 7.0003432e-01 2.6128533e-01
 2.0140190e-02 5.7044794e-04 1.3102334e-05 7.4842393e-07]"
D:\Uni\Ulm\Master\Hiwi-Forschung-und-Lehre\FairFace\detected_faces\931844_face0.jpg,Black,Black,Male,30-39,"[2.2715298e-03 9.0611804e-01 8.1986256e-02 3.5677040e-06 5.2781765e-05
 6.7942529e-03 2.7736265e-03]",[0.00239793 0.96584207 0.00098795 0.03077203],[1.0000000e+00 1.1942626e-08],"[1.5032796e-06 5.1037687e-06 1.0707722e-03 1.2906390e-01 4.3327942e-01
 3.5965502e-01 7.4618980e-02 2.2864074e-03 1.8902116e-05]"
D:\Uni\Ulm\Master\Hiwi-Forschung-und-Lehre\FairFace\detected_faces\931994_face0.jpg,Middle Eastern,White,Male,30-39,"[6.4001024e-02 4.2343599e-04 1.5444042e-01 1.7433007e-03 2.6203697e-03
 6.7030497e-02 7.0974100e-01]",[9.4688576e-01 8.8734459e-04 2.0749252e-02 3.1477544e-02],[9.9999863e-01 1.3657993e-06],"[4.3552813e-05 1.0896673e-03 3.8275800e-03 3.8105339e-01 5.6888938e-01
 4.4732366e-02 3.5787185e-04 6.1325454e-06 6.3982199e-08]"
D:\Uni\Ulm\Master\Hiwi-Forschung-und-Lehre\FairFace\detected_faces\932024_face0.jpg,Black,Black,Male,20-29,"[1.2380847e-06 9.9996221e-01 2.3512313e-05 3.2108460e-08 3.2732115e-07
 6.6318712e-06 6.0715442e-06]",[1.1172985e-05 9.9993652e-01 2.8914692e-05 2.3393599e-05],[9.9999917e-01 8.5235877e-07],"[3.7461695e-07 7.2173199e-05 1.8341098e-02 6.9968820e-01 2.5326678e-01
 2.8241169e-02 3.8453061e-04 5.3729532e-06 2.1866494e-07]"
D:\Uni\Ulm\Master\Hiwi-Forschung-und-Lehre\FairFace\detected_faces\932029_face0.jpg,White,Black,Male,20-29,"[7.80252099e-01 1.06197685e-01 8.59109461e-02 2.28331592e-05
 2.05875054e-04 8.98550032e-04 2.65120547e-02]",[1.8952261e-01 8.0425912e-01 7.6368242e-04 5.4544914e-03],[9.9985629e-01 1.4367329e-04],"[2.60658425e-07 8.13409133e-05 5.79069071e-02 7.86663353e-01
 1.48002431e-01 7.21843354e-03 1.23974925e-04 3.22086657e-06
 1.06625045e-07]"
D:\Uni\Ulm\Master\Hiwi-Forschung-und-Lehre\FairFace\detected_faces\932070_face0.jpg,Middle Eastern,White,Male,20-29,"[4.2762154e-01 4.7402318e-05 1.3846177e-01 4.6151160e-04 7.8294659e-04
 9.2600676e-05 4.3253225e-01]",[9.7126156e-01 7.9761114e-04 2.6689665e-02 1.2511447e-03],[1.000000e+00 4.336799e-09],"[3.5418484e-08 4.4250755e-05 1.1106487e-01 8.6182052e-01 2.6867868e-02
 2.0190446e-04 5.0515609e-07 8.0730187e-09 4.2340732e-11]"
D:\Uni\Ulm\Master\Hiwi-Forschung-und-Lehre\FairFace\detected_faces\932233_face0.jpg,White,White,Male,20-29,"[9.3299067e-01 1.0584131e-04 2.1420604e-02 2.3668385e-05 5.8937207e-05
 1.6851536e-05 4.5383375e-02]",[9.9856436e-01 6.5719418e-04 5.6380895e-04 2.1471061e-04],[9.9985331e-01 1.4673341e-04],"[1.9749509e-08 9.0834228e-06 4.1464072e-02 8.2473004e-01 1.2896378e-01
 4.8056529e-03 2.7059656e-05 2.0667711e-07 2.3358511e-09]"
D:\Uni\Ulm\Master\Hiwi-Forschung-und-Lehre\FairFace\detected_faces\932236_face0.jpg,White,White,Male,10-19,"[9.9558902e-01 7.6351810e-08 1.8350127e-04 3.1615036e-05 1.8603323e-05
 1.9497004e-06 4.1754209e-03]",[9.99852657e-01 1.62587148e-05 1.21834106e-04 9.28584450e-06],[9.9996519e-01 3.4764038e-05],"[2.2871611e-05 2.8599394e-02 7.5767165e-01 1.8433811e-01 2.7341669e-02
 2.0090907e-03 1.6964372e-05 2.9721670e-07 9.1332213e-09]"
D:\Uni\Ulm\Master\Hiwi-Forschung-und-Lehre\FairFace\detected_faces\932269_face0.jpg,Black,Black,Male,20-29,"[6.82222753e-06 9.99701798e-01 1.36169314e-04 1.11605075e-07
 1.84563703e-06 1.01059828e-04 5.22408009e-05]",[2.6376574e-06 9.9997324e-01 1.6085612e-06 2.2513754e-05],[9.997928e-01 2.071820e-04],"[6.1225322e-08 3.9551440e-05 6.9012254e-02 8.3635354e-01 9.2525057e-02
 2.0518692e-03 1.7308868e-05 3.2911851e-07 1.0882482e-08]"
D:\Uni\Ulm\Master\Hiwi-Forschung-und-Lehre\FairFace\detected_faces\932316_face0.jpg,East Asian,Asian,Male,20-29,"[7.5042417e-04 3.4390453e-06 9.2838220e-03 7.8859967e-01 2.0048875e-01
 7.2710676e-04 1.4681608e-04]",[3.1057064e-04 8.5728556e-05 9.9812359e-01 1.4801637e-03],[9.999998e-01 1.580501e-07],"[1.00039045e-07 3.55147640e-05 2.76189968e-02 8.75909925e-01
 9.56067890e-02 8.25379917e-04 3.11204190e-06 1.02173857e-07
 8.16560319e-10]"
D:\Uni\Ulm\Master\Hiwi-Forschung-und-Lehre\FairFace\detected_faces\932418_face0.jpg,White,White,Male,20-29,"[9.9928826e-01 3.9561414e-06 2.7171616e-04 4.6416785e-06 1.5578500e-05
 1.3362766e-06 4.1454731e-04]",[9.9920911e-01 6.7870197e-04 8.2079125e-05 3.0042482e-05],[9.999992e-01 8.104381e-07],"[6.7187038e-08 2.5737565e-05 6.2426478e-02 8.9268523e-01 4.4092037e-02
 7.6351810e-04 6.8027512e-06 1.1667572e-07 3.0623792e-09]"
D:\Uni\Ulm\Master\Hiwi-Forschung-und-Lehre\FairFace\detected_faces\932479_face0.jpg,Middle Eastern,White,Male,20-29,"[2.7763048e-01 2.8299674e-04 1.7266984e-01 5.2333067e-05 2.3161875e-04
 1.6311380e-03 5.4750162e-01]",[0.9461233  0.00455399 0.00120417 0.04811855],[9.9999982e-01 1.6702032e-07],"[9.9872061e-08 2.1556532e-05 3.6809213e-02 8.6695927e-01 9.4056174e-02
 2.1420941e-03 1.1437745e-05 1.0729300e-07 1.0144113e-09]"
D:\Uni\Ulm\Master\Hiwi-Forschung-und-Lehre\FairFace\detected_faces\932481_face0.jpg,White,White,Male,20-29,"[9.9956304e-01 9.4439292e-06 1.7543255e-04 1.0403280e-06 2.3318971e-06
 2.1952196e-06 2.4656393e-04]",[9.9953514e-01 4.3696753e-04 1.0930764e-05 1.6967064e-05],[9.999952e-01 4.816114e-06],"[4.4106700e-06 3.3765717e-04 2.2902206e-02 7.2797251e-01 2.3911528e-01
 9.5180599e-03 1.4700842e-04 2.8068291e-06 7.2262878e-08]"
D:\Uni\Ulm\Master\Hiwi-Forschung-und-Lehre\FairFace\detected_faces\932628_face0.jpg,White,White,Male,20-29,"[9.9999923e-01 2.5851996e-09 2.1855513e-07 1.6299193e-09 5.6364695e-09
 3.5613184e-08 4.9346318e-07]",[9.99999940e-01 1.11329479e-08 1.47777355e-08 6.74201033e-08],[9.9999994e-01 4.8154543e-08],"[7.7294882e-09 1.2817477e-06 1.3557024e-03 7.6259875e-01 2.2862685e-01
 7.3890928e-03 2.8201879e-05 7.8456765e-08 2.0386048e-09]"
D:\Uni\Ulm\Master\Hiwi-Forschung-und-Lehre\FairFace\detected_faces\932630_face0.jpg,White,White,Male,20-29,"[9.7916037e-01 4.2810330e-05 8.7380344e-03 2.4571165e-04 4.3516487e-04
 2.2988936e-05 1.1354940e-02]",[9.9554175e-01 2.8403962e-04 3.7292577e-03 4.4499812e-04],[9.999991e-01 8.602142e-07],"[8.0040616e-07 7.7756535e-04 1.0495719e-01 7.6629490e-01 1.2319426e-01
 4.7264774e-03 4.7834063e-05 9.8707540e-07 1.7655656e-08]"
D:\Uni\Ulm\Master\Hiwi-Forschung-und-Lehre\FairFace\detected_faces\932643_face0.jpg,Black,Black,Male,20-29,"[8.0595305e-04 9.8132098e-01 1.4680513e-02 1.5939419e-05 2.5122412e-04
 5.6523504e-04 2.3602687e-03]",[4.7203663e-05 9.9992394e-01 1.0311015e-05 1.8474257e-05],[9.9998403e-01 1.5942502e-05],"[1.22038372e-07 8.35689498e-05 8.12538937e-02 8.43627453e-01
 7.36506954e-02 1.37156481e-03 1.25119859e-05 1.91831688e-07
 1.10472484e-08]"
D:\Uni\Ulm\Master\Hiwi-Forschung-und-Lehre\FairFace\detected_faces\932764_face0.jpg,Black,Black,Male,20-29,"[1.1659280e-06 9.9999154e-01 6.0996554e-06 1.1639008e-08 1.5223968e-07
 5.5814104e-07 6.6611187e-07]",[4.0591722e-06 9.9999285e-01 2.5704358e-06 5.9483307e-07],[9.99987483e-01 1.25267225e-05],"[3.4345626e-07 2.7384894e-04 4.0906344e-02 7.8283548e-01 1.6799143e-01
 7.8502381e-03 1.4005975e-04 2.2135007e-06 9.1171209e-08]"
D:\Uni\Ulm\Master\Hiwi-Forschung-und-Lehre\FairFace\detected_faces\932856_face0.jpg,White,White,Male,20-29,"[9.5437926e-01 7.2459551e-04 3.1356197e-02 4.4477896e-05 1.1911034e-04
 5.9704957e-06 1.3370385e-02]",[9.5931822e-01 3.9110038e-02 1.4297109e-03 1.4194990e-04],[9.9999756e-01 2.4545309e-06],"[1.9608720e-08 3.8026225e-05 2.7326778e-01 6.9682348e-01 2.9234605e-02
 6.3117297e-04 4.8050970e-06 7.6142001e-08 1.2932588e-09]"
D:\Uni\Ulm\Master\Hiwi-Forschung-und-Lehre\FairFace\detected_faces\933152_face0.jpg,Black,Black,Male,20-29,"[4.0666014e-04 9.4836611e-01 2.1966591e-02 3.9099032e-06 1.9912023e-04
 2.8211532e-02 8.4600836e-04]",[3.0983640e-05 9.9332267e-01 1.2383019e-04 6.5225125e-03],[9.9991518e-01 8.4873085e-05],"[1.6533158e-07 7.3345938e-05 5.3284872e-02 8.5509807e-01 9.0413339e-02
 1.1251427e-03 4.9942437e-06 7.7904154e-08 2.3214937e-09]"
D:\Uni\Ulm\Master\Hiwi-Forschung-und-Lehre\FairFace\detected_faces\933203_face0.jpg,Latino_Hispanic,Asian,Male,30-39,"[1.6562828e-01 5.2646419e-04 6.9419843e-01 3.1813584e-02 3.7996791e-02
 1.5970401e-02 5.3866081e-02]",[0.39274555 0.00531259 0.5211859  0.08075593],[9.9999923e-01 8.2526833e-07],"[7.0168988e-07 3.5203979e-05 1.0685002e-03 3.6488771e-01 6.0676682e-01
 2.7144777e-02 9.5467964e-05 8.9863033e-07 6.3590631e-09]"
D:\Uni\Ulm\Master\Hiwi-Forschung-und-Lehre\FairFace\detected_faces\933207_face0.jpg,White,White,Male,20-29,"[9.9939555e-01 2.4869931e-07 9.9151497e-05 5.9632366e-05 4.6604051e-05
 5.3234425e-07 3.9831316e-04]",[9.9932653e-01 1.1974971e-06 6.6938525e-04 2.9324246e-06],[9.9999893e-01 1.1264017e-06],"[8.2466431e-07 4.9029069e-04 1.9161077e-01 7.0178431e-01 1.0077459e-01
 5.2895905e-03 4.8687529e-05 9.2550499e-07 2.0274157e-08]"
D:\Uni\Ulm\Master\Hiwi-Forschung-und-Lehre\FairFace\detected_faces\933263_face0.jpg,Indian,Indian,Male,20-29,"[3.5420290e-04 1.1697636e-01 1.3202151e-02 1.1524818e-05 4.2690264e-04
 8.6534429e-01 3.6845591e-03]",[5.0006458e-04 1.6574922e-01 2.1742094e-04 8.3353323e-01],[9.9999982e-01 2.1000119e-07],"[3.6691117e-07 5.2237956e-05 6.5630940e-03 6.9114763e-01 2.9448944e-01
 7.7149174e-03 3.1876792e-05 4.8630869e-07 6.9384818e-09]"
D:\Uni\Ulm\Master\Hiwi-Forschung-und-Lehre\FairFace\detected_faces\933317_face0.jpg,White,White,Male,20-29,"[9.7436577e-01 7.6711927e-05 6.9290721e-03 7.9061101e-06 1.1557942e-05
 3.7915914e-05 1.8570974e-02]",[9.9836481e-01 1.4265263e-03 5.8102578e-05 1.5054268e-04],[9.9999410e-01 5.9302056e-06],"[1.7766915e-07 4.3274107e-05 3.3525489e-02 8.9376968e-01 7.1397781e-02
 1.2529064e-03 1.0513458e-05 1.6926232e-07 3.5345320e-09]"
D:\Uni\Ulm\Master\Hiwi-Forschung-und-Lehre\FairFace\detected_faces\933320_face0.jpg,Black,Black,Male,20-29,"[4.6926421e-06 9.9724597e-01 2.0057018e-04 3.2796757e-07 1.1869178e-05
 2.3483385e-03 1.8820899e-04]",[2.7792578e-06 9.9768043e-01 2.6988776e-06 2.3141566e-03],[9.9998933e-01 1.0662238e-05],"[1.0105624e-06 5.2718603e-04 7.2206400e-02 7.2115219e-01 1.9412158e-01
 1.1868188e-02 1.2055834e-04 2.8282768e-06 6.5641785e-08]"
D:\Uni\Ulm\Master\Hiwi-Forschung-und-Lehre\FairFace\detected_faces\933398_face0.jpg,Black,Black,Male,20-29,"[3.6175328e-04 9.8943758e-01 8.6832177e-03 2.2165910e-05 4.1288923e-04
 9.1253343e-04 1.6993580e-04]",[1.55883114e-04 9.99669135e-01 5.91418902e-05 1.15796334e-04],[9.9997717e-01 2.2863753e-05],"[6.0351603e-08 1.6331369e-06 5.4979147e-03 7.5931925e-01 2.2551814e-01
 9.5226718e-03 1.3881379e-04 1.4343445e-06 6.0970486e-08]"
D:\Uni\Ulm\Master\Hiwi-Forschung-und-Lehre\FairFace\detected_faces\933402_face0.jpg,Middle Eastern,Indian,Male,20-29,"[3.2278214e-02 1.0605146e-03 1.7308323e-01 1.0014827e-04 7.5067731e-04
 2.2641532e-01 5.6631190e-01]",[0.25941125 0.00705931 0.0036259  0.7299035 ],[9.9998546e-01 1.4576385e-05],"[8.8355040e-07 3.0497116e-05 4.7655562e-03 5.8992445e-01 3.8683900e-01
 1.8331503e-02 1.0592049e-04 2.1324749e-06 3.0875341e-08]"
D:\Uni\Ulm\Master\Hiwi-Forschung-und-Lehre\FairFace\detected_faces\933426_face0.jpg,White,White,Male,20-29,"[6.1750197e-01 5.2374508e-03 3.1355804e-01 1.8927382e-04 5.2111427e-04
 3.8281988e-04 6.2609389e-02]",[0.9755062  0.02063531 0.00105509 0.00280339],[1.0000000e+00 7.3835635e-09],"[4.2298991e-09 1.1651475e-06 7.4811750e-03 9.2353493e-01 6.8773560e-02
 2.0882890e-04 3.8192479e-07 5.9067617e-09 5.9620885e-11]"
