face_name_align,race,race4,gender,age,race_scores_fair,race_scores_fair_4,gender_scores_fair,age_scores_fair
D:\Uni\Ulm\Master\Hiwi-Forschung-und-Lehre\FairFace\detected_faces\50054_face0.jpg,White,White,Male,20-29,"[9.9843055e-01 6.1887338e-05 5.5163301e-04 1.3414282e-06 4.3197010e-06
 3.9904344e-06 9.4629155e-04]",[9.9961019e-01 2.9368474e-04 3.0929052e-05 6.5239576e-05],[1.0000000e+00 3.9647173e-08],"[9.7182514e-08 7.1325790e-06 1.0039925e-03 5.1406515e-01 4.7265950e-01
 1.2204323e-02 5.9307793e-05 4.8857561e-07 9.1899306e-09]"
D:\Uni\Ulm\Master\Hiwi-Forschung-und-Lehre\FairFace\detected_faces\50070_face0.jpg,Black,Black,Male,30-39,"[8.5651554e-06 9.9710619e-01 3.8411640e-04 1.2842611e-07 7.5012294e-06
 2.3661582e-03 1.2733966e-04]",[1.5548689e-05 9.9539810e-01 3.1367272e-05 4.5550596e-03],[9.9999946e-01 5.4016573e-07],"[2.8816407e-06 4.0022864e-05 2.1561701e-03 1.7769328e-01 6.7463171e-01
 1.4253812e-01 2.8982540e-03 3.8579725e-05 9.8479575e-07]"
D:\Uni\Ulm\Master\Hiwi-Forschung-und-Lehre\FairFace\detected_faces\50273_face0.jpg,White,White,Male,30-39,"[4.3095899e-01 3.1487753e-03 3.6370376e-01 3.8916605e-05 6.2295847e-05
 1.4147627e-02 1.8793966e-01]",[9.4479573e-01 5.7632704e-03 4.9105013e-04 4.8950024e-02],[9.9999297e-01 7.0094211e-06],"[7.63208504e-07 6.56210523e-06 5.64732938e-04 1.83272719e-01
 7.08178103e-01 1.06612474e-01 1.35728775e-03 7.28992063e-06
 3.46374733e-08]"
D:\Uni\Ulm\Master\Hiwi-Forschung-und-Lehre\FairFace\detected_faces\50294_face0.jpg,White,White,Male,30-39,"[5.6408644e-01 1.4244223e-02 2.1679859e-01 3.4567005e-05 1.6567283e-04
 5.5322102e-03 1.9913828e-01]",[0.7758664  0.13920462 0.00318285 0.08174615],[9.9999768e-01 2.3490397e-06],"[3.6658560e-07 8.3676059e-07 6.3450570e-05 5.3744078e-02 7.6776767e-01
 1.7613879e-01 2.2613369e-03 2.3189492e-05 1.8298688e-07]"
D:\Uni\Ulm\Master\Hiwi-Forschung-und-Lehre\FairFace\detected_faces\50479_face0.jpg,White,White,Male,20-29,"[4.7022954e-01 7.2233053e-04 2.3314890e-01 2.2088333e-04 7.9098064e-04
 5.9344023e-03 2.8895289e-01]",[0.9564667  0.00256806 0.02418378 0.01678146],[9.9994838e-01 5.1628034e-05],"[2.1124856e-07 7.2104522e-06 2.5856690e-03 5.8153433e-01 4.0830684e-01
 7.5417520e-03 2.3800212e-05 2.7113242e-07 6.0232508e-09]"
D:\Uni\Ulm\Master\Hiwi-Forschung-und-Lehre\FairFace\detected_faces\50480_face0.jpg,White,White,Male,40-49,"[9.71244752e-01 1.39811473e-05 4.21093497e-03 1.05118306e-04
 1.66287457e-04 9.71112095e-05 2.41617914e-02]",[9.9809355e-01 3.3709512e-05 1.0272954e-03 8.4543653e-04],[9.9999696e-01 3.0327074e-06],"[3.4310415e-06 7.4003360e-06 5.7734275e-04 4.3647006e-02 4.2168126e-01
 4.7906646e-01 5.3751893e-02 1.2522984e-03 1.2813321e-05]"
D:\Uni\Ulm\Master\Hiwi-Forschung-und-Lehre\FairFace\detected_faces\50485_face0.jpg,White,White,Male,20-29,"[9.97411251e-01 1.08517070e-05 1.38420984e-03 1.34748393e-06
 1.37316492e-05 1.11891995e-05 1.16732274e-03]",[9.9933243e-01 4.1523471e-04 4.8375656e-05 2.0399853e-04],[9.9999905e-01 8.9415801e-07],"[1.8823055e-08 4.9693340e-06 2.8222192e-03 5.6743497e-01 4.2006668e-01
 9.6419649e-03 2.9028210e-05 1.8896463e-07 3.9588275e-09]"
D:\Uni\Ulm\Master\Hiwi-Forschung-und-Lehre\FairFace\detected_faces\50490_face0.jpg,White,White,Male,30-39,"[9.82218504e-01 2.54111364e-04 4.53349808e-03 9.43429841e-05
 1.83873984e-04 3.25422370e-05 1.26830805e-02]",[9.9781877e-01 1.7550973e-03 4.1387585e-04 1.2257228e-05],[9.9999994e-01 7.7670514e-08],"[1.7624687e-06 4.8061513e-05 1.8944977e-03 4.0114087e-01 5.7611120e-01
 2.0650651e-02 1.5086491e-04 1.9344309e-06 5.2679106e-08]"
D:\Uni\Ulm\Master\Hiwi-Forschung-und-Lehre\FairFace\detected_faces\50539_face0.jpg,White,White,Male,20-29,"[9.4966918e-01 4.1439391e-05 5.1542181e-03 2.7235280e-04 4.7795274e-04
 1.4398836e-04 4.4240806e-02]",[9.9966413e-01 5.4084427e-05 1.9358842e-04 8.8188805e-05],[9.9999648e-01 3.5095522e-06],"[4.1003210e-07 3.3401091e-05 1.9006092e-03 5.2433187e-01 4.6410367e-01
 9.6060280e-03 2.3865390e-05 1.8175294e-07 3.1935432e-09]"
D:\Uni\Ulm\Master\Hiwi-Forschung-und-Lehre\FairFace\detected_faces\50713_face0.jpg,Middle Eastern,White,Male,30-39,"[1.8515632e-01 1.2154465e-03 3.6535710e-03 6.0688649e-07 7.1865775e-06
 6.3091086e-04 8.0933595e-01]",[9.7755450e-01 1.2525822e-02 5.4833409e-04 9.3713831e-03],[9.9999744e-01 2.5377601e-06],"[8.3210132e-08 1.8916139e-06 9.2646755e-05 7.1974397e-02 8.2894641e-01
 9.8129109e-02 8.4962859e-04 5.6457625e-06 1.0435566e-07]"
D:\Uni\Ulm\Master\Hiwi-Forschung-und-Lehre\FairFace\detected_faces\50730_face0.jpg,Black,Black,Male,30-39,"[3.8730175e-07 9.9999285e-01 1.9246563e-06 7.5138940e-10 1.0017704e-08
 1.6406418e-06 3.1897687e-06]",[2.5356036e-07 9.9999905e-01 1.8759035e-07 4.8589237e-07],[9.9995989e-01 4.0107196e-05],"[6.8417216e-07 9.2349073e-05 2.9199990e-03 2.4996282e-01 6.3758790e-01
 1.0792590e-01 1.4824697e-03 2.6384523e-05 1.5623801e-06]"
D:\Uni\Ulm\Master\Hiwi-Forschung-und-Lehre\FairFace\detected_faces\50731_face0.jpg,Middle Eastern,White,Male,20-29,"[1.0034847e-01 4.6822250e-05 4.3044761e-02 3.0307330e-05 1.3786570e-04
 1.3595484e-03 8.5503215e-01]",[9.8219466e-01 1.9368740e-04 1.5395908e-03 1.6072033e-02],[9.9999648e-01 3.4624552e-06],"[7.4288669e-09 1.5246200e-05 5.7442322e-02 9.2536861e-01 1.7128227e-02
 4.5520181e-05 6.4307216e-08 1.3355488e-09 2.4518651e-11]"
D:\Uni\Ulm\Master\Hiwi-Forschung-und-Lehre\FairFace\detected_faces\50826_face0.jpg,White,White,Male,30-39,"[9.9938905e-01 9.2549926e-06 1.3247042e-04 3.5685284e-07 1.6955975e-06
 4.3945402e-06 4.6281624e-04]",[9.9940783e-01 4.4497516e-04 3.7911454e-05 1.0938427e-04],[9.9999994e-01 7.9403492e-08],"[1.8995023e-07 3.2664516e-06 1.4364262e-04 2.1273521e-01 7.4452758e-01
 4.2395826e-02 1.9324281e-04 1.0532294e-06 2.6841832e-08]"
D:\Uni\Ulm\Master\Hiwi-Forschung-und-Lehre\FairFace\detected_faces\50899_face0.jpg,White,White,Male,30-39,"[9.0763479e-01 2.6396357e-03 5.3355776e-02 9.9380843e-05 3.0787595e-04
 1.5746960e-03 3.4388006e-02]",[0.9631601  0.01119384 0.003345   0.02230096],[9.9998367e-01 1.6387010e-05],"[9.5104049e-08 7.8370510e-07 1.9562207e-04 2.0619375e-01 7.2913301e-01
 6.3787021e-02 6.8219058e-04 7.3431665e-06 1.4148871e-07]"
D:\Uni\Ulm\Master\Hiwi-Forschung-und-Lehre\FairFace\detected_faces\50949_face0.jpg,White,White,Male,20-29,"[9.9162340e-01 3.7601194e-06 2.4600798e-04 8.1458238e-06 1.1776471e-05
 4.3014620e-06 8.1025856e-03]",[9.9937862e-01 2.4961888e-05 5.8294542e-04 1.3505451e-05],[9.9999982e-01 1.6713972e-07],"[3.2610442e-05 1.7843498e-02 3.1681457e-01 5.9527004e-01 6.7714721e-02
 2.3055484e-03 1.8719933e-05 3.5730713e-07 1.1317510e-08]"
D:\Uni\Ulm\Master\Hiwi-Forschung-und-Lehre\FairFace\detected_faces\50968_face0.jpg,Black,Black,Male,30-39,"[3.8347563e-03 7.9967296e-01 1.1585173e-01 4.8260858e-06 2.2235031e-04
 6.8675034e-02 1.1738316e-02]",[4.7565494e-03 9.0778816e-01 3.4941547e-04 8.7105826e-02],[1.0000000e+00 2.5572028e-08],"[1.8341731e-06 3.3781778e-06 4.8098849e-05 1.6488554e-02 5.9812349e-01
 3.7491810e-01 1.0347702e-02 6.8384776e-05 4.8543683e-07]"
D:\Uni\Ulm\Master\Hiwi-Forschung-und-Lehre\FairFace\detected_faces\51021_face0.jpg,White,White,Male,20-29,"[9.4624412e-01 1.7299562e-03 9.8607559e-03 1.0019670e-05 3.0697185e-05
 3.7129305e-04 4.1753072e-02]",[9.8847783e-01 1.1244226e-02 3.2917069e-05 2.4501470e-04],[9.9999911e-01 9.1261313e-07],"[2.7208431e-05 1.6261186e-04 3.0162598e-03 4.9418533e-01 4.8158899e-01
 2.0584920e-02 4.1901474e-04 1.5200810e-05 4.7488194e-07]"
D:\Uni\Ulm\Master\Hiwi-Forschung-und-Lehre\FairFace\detected_faces\51326_face0.jpg,White,White,Male,30-39,"[9.9929142e-01 4.5304330e-07 2.9043089e-05 1.2859979e-06 1.5515450e-06
 3.6750896e-07 6.7592144e-04]",[9.9992055e-01 7.9022830e-06 3.5422800e-05 3.6054720e-05],[9.9999952e-01 4.3584092e-07],"[2.8509729e-07 1.1965011e-05 2.7938802e-03 4.4682768e-01 5.1030946e-01
 3.9701093e-02 3.5277443e-04 2.8732334e-06 4.8518128e-08]"
D:\Uni\Ulm\Master\Hiwi-Forschung-und-Lehre\FairFace\detected_faces\51377_face0.jpg,Black,Black,Male,20-29,"[4.2071434e-07 9.9987465e-01 6.2938307e-05 5.8411440e-09 2.7687440e-07
 5.4153978e-05 7.6118781e-06]",[5.6648282e-06 9.9966115e-01 1.6077542e-05 3.1716374e-04],[1.0000000e+00 8.6086895e-11],"[1.2682681e-08 1.5613925e-06 1.7432724e-03 5.6181550e-01 4.0810627e-01
 2.8034728e-02 2.9564323e-04 3.0527344e-06 3.2277082e-08]"
D:\Uni\Ulm\Master\Hiwi-Forschung-und-Lehre\FairFace\detected_faces\51498_face0.jpg,Black,Black,Male,20-29,"[3.0301388e-03 8.9966279e-01 8.3736673e-02 4.3274772e-06 1.5958100e-04
 4.2981394e-03 9.1085359e-03]",[1.5330827e-03 9.9298388e-01 3.0427077e-04 5.1787663e-03],[1.0000000e+00 2.2527618e-09],"[4.4368811e-08 2.7297710e-06 2.2779817e-03 7.5353473e-01 2.3867798e-01
 5.4816562e-03 2.4555982e-05 3.3501291e-07 3.6854930e-09]"
D:\Uni\Ulm\Master\Hiwi-Forschung-und-Lehre\FairFace\detected_faces\51501_face0.jpg,Black,Black,Male,40-49,"[2.98954602e-02 4.93302077e-01 4.30057496e-01 8.19259549e-06
 1.14305825e-04 4.42057922e-02 2.41666264e-03]",[1.5699300e-03 9.3297791e-01 2.1835712e-04 6.5233745e-02],[9.9999976e-01 2.3246606e-07],"[3.4694139e-07 1.1382705e-06 2.4277873e-04 4.1274536e-02 3.2931617e-01
 4.8895523e-01 1.3668810e-01 3.4953451e-03 2.6346404e-05]"
D:\Uni\Ulm\Master\Hiwi-Forschung-und-Lehre\FairFace\detected_faces\51785_face0.jpg,White,White,Male,20-29,"[9.9969083e-01 4.0740127e-07 4.1980056e-05 8.7540985e-07 2.4047881e-06
 1.2588952e-06 2.6226239e-04]",[9.9980962e-01 3.6595160e-05 1.2599857e-04 2.7726690e-05],[0.98558325 0.01441681],"[3.4509020e-07 9.9214194e-05 2.3157742e-02 7.2934216e-01 2.3543718e-01
 1.1672043e-02 2.8443622e-04 6.2458248e-06 6.1026907e-07]"
D:\Uni\Ulm\Master\Hiwi-Forschung-und-Lehre\FairFace\detected_faces\52023_face0.jpg,White,White,Male,30-39,"[9.9802876e-01 5.7036691e-06 9.8874872e-05 3.7788966e-06 1.3606532e-05
 3.0717313e-06 1.8462181e-03]",[9.9993098e-01 3.2827989e-05 1.0761839e-05 2.5497528e-05],[9.9999917e-01 8.3958207e-07],"[9.4633072e-07 1.1960356e-05 5.3649483e-04 1.9870408e-01 7.2232002e-01
 7.7560842e-02 8.5478503e-04 1.0569411e-05 3.8578338e-07]"
D:\Uni\Ulm\Master\Hiwi-Forschung-und-Lehre\FairFace\detected_faces\52093_face0.jpg,Middle Eastern,White,Male,30-39,"[1.05362654e-01 2.14646780e-03 1.52919322e-01 3.48286048e-05
 1.47403422e-04 3.05314902e-02 7.08857834e-01]",[0.67115337 0.1099976  0.0007547  0.2180944 ],[9.998572e-01 1.428275e-04],"[1.3253083e-06 3.3138884e-05 1.3550736e-03 4.0389723e-01 5.7544786e-01
 1.9203272e-02 6.1605584e-05 4.7833828e-07 6.8779560e-09]"
D:\Uni\Ulm\Master\Hiwi-Forschung-und-Lehre\FairFace\detected_faces\52100_face0.jpg,Middle Eastern,White,Male,20-29,"[1.5410247e-01 2.9982737e-04 2.2005183e-01 3.3537272e-04 7.6885644e-04
 6.6922042e-03 6.1774951e-01]",[9.5340955e-01 2.7130847e-04 1.2620959e-02 3.3698209e-02],[9.9999624e-01 3.8113571e-06],"[1.9406185e-07 9.2800874e-06 6.7338138e-03 7.8095901e-01 2.0892939e-01
 3.3524800e-03 1.5629630e-05 2.2544808e-07 3.1688476e-09]"
D:\Uni\Ulm\Master\Hiwi-Forschung-und-Lehre\FairFace\detected_faces\52114_face0.jpg,Black,Black,Male,30-39,"[1.3573485e-05 9.9849188e-01 5.0633238e-04 9.5257928e-07 2.8883691e-05
 9.3232549e-04 2.6133563e-05]",[6.2547288e-06 9.9983335e-01 1.8025296e-05 1.4233866e-04],[9.9998528e-01 1.4690609e-05],"[1.7081928e-05 5.6836626e-04 5.0112382e-03 4.4192791e-01 5.0328922e-01
 4.8442136e-02 7.3176954e-04 1.1736604e-05 5.3367586e-07]"
D:\Uni\Ulm\Master\Hiwi-Forschung-und-Lehre\FairFace\detected_faces\52118_face0.jpg,Middle Eastern,White,Male,30-39,"[1.01140484e-01 8.05836054e-04 1.09168239e-01 2.72664329e-05
 1.94395092e-04 3.69813368e-02 7.51682460e-01]",[8.2940042e-01 3.9367815e-03 3.2515652e-04 1.6633762e-01],[9.9997371e-01 2.6247297e-05],"[3.8609174e-05 1.8923558e-04 1.8348240e-03 2.0070510e-01 6.7246538e-01
 1.2176660e-01 2.9504814e-03 4.8753303e-05 9.9445924e-07]"
D:\Uni\Ulm\Master\Hiwi-Forschung-und-Lehre\FairFace\detected_faces\52125_face0.jpg,Middle Eastern,White,Male,30-39,"[2.4093986e-01 1.4379404e-03 1.5463763e-01 3.2074699e-05 1.8211994e-04
 1.7615397e-02 5.8515495e-01]",[0.7792388  0.0061379  0.00689756 0.2077257 ],[9.9997193e-01 2.8102744e-05],"[1.2081243e-07 3.9122538e-06 5.7246553e-04 2.0058183e-01 7.4016315e-01
 5.8389451e-02 2.8702841e-04 2.0536604e-06 2.0321334e-08]"
D:\Uni\Ulm\Master\Hiwi-Forschung-und-Lehre\FairFace\detected_faces\52126_face0.jpg,Latino_Hispanic,White,Male,20-29,"[8.8666029e-02 9.9553382e-03 7.6457810e-01 7.6335782e-05 1.1565757e-03
 9.9052824e-03 1.2566230e-01]",[8.6628848e-01 8.7068558e-02 2.8761878e-04 4.6355303e-02],[9.9997735e-01 2.2658194e-05],"[2.0243253e-06 1.8572860e-04 1.6771233e-02 5.8976555e-01 3.7825343e-01
 1.4908001e-02 1.1260516e-04 1.4310780e-06 2.3832962e-08]"
D:\Uni\Ulm\Master\Hiwi-Forschung-und-Lehre\FairFace\detected_faces\52127_face0.jpg,Middle Eastern,White,Male,30-39,"[2.0814711e-01 3.2233950e-04 2.0964907e-02 5.1116772e-06 1.8020579e-05
 2.3335647e-03 7.6820898e-01]",[9.6309799e-01 8.3608823e-03 5.1335315e-04 2.8027730e-02],[9.9999970e-01 3.5690337e-07],"[3.7338204e-08 4.9063129e-07 2.8862894e-04 3.0032715e-01 6.7091233e-01
 2.8302072e-02 1.6808331e-04 1.1838371e-06 1.2867756e-08]"
D:\Uni\Ulm\Master\Hiwi-Forschung-und-Lehre\FairFace\detected_faces\52149_face0.jpg,Latino_Hispanic,Indian,Male,30-39,"[0.0422621  0.00720212 0.8044206  0.00559184 0.00948297 0.05279736
 0.07824294]",[0.30540746 0.19806543 0.02767091 0.4688563 ],[9.9999976e-01 2.7599128e-07],"[1.9809371e-05 2.0379284e-04 3.3604617e-03 1.5250811e-01 5.8594054e-01
 2.4771598e-01 1.0124229e-02 1.2622870e-04 8.7721281e-07]"
D:\Uni\Ulm\Master\Hiwi-Forschung-und-Lehre\FairFace\detected_faces\52663_face0.jpg,White,White,Male,30-39,"[9.9758863e-01 3.3197925e-06 1.9078355e-04 5.3236869e-07 2.0587420e-06
 1.0103661e-06 2.2135973e-03]",[9.9993557e-01 3.2121949e-05 1.4588049e-05 1.7778564e-05],[1.000000e+00 8.087786e-09],"[4.0591777e-07 3.2943022e-05 3.5662800e-03 4.1851282e-01 5.5163080e-01
 2.6089441e-02 1.6641502e-04 8.9057102e-07 9.2868904e-09]"
D:\Uni\Ulm\Master\Hiwi-Forschung-und-Lehre\FairFace\detected_faces\52691_face0.jpg,Latino_Hispanic,Asian,Male,20-29,"[0.01577826 0.00378453 0.80960184 0.0181861  0.13440073 0.0097903
 0.00845827]",[0.15728274 0.21593404 0.3670825  0.25970075],[9.9999982e-01 1.6366533e-07],"[4.3767706e-08 1.8770343e-06 1.7144821e-03 5.7736039e-01 4.0320382e-01
 1.7528700e-02 1.8826731e-04 2.4213946e-06 3.2688686e-08]"
D:\Uni\Ulm\Master\Hiwi-Forschung-und-Lehre\FairFace\detected_faces\52699_face0.jpg,White,White,Male,20-29,"[9.8392326e-01 2.5337731e-05 1.4326364e-03 4.9087538e-07 1.6318392e-06
 1.1679208e-05 1.4605010e-02]",[9.9964213e-01 1.8677041e-04 1.6692449e-05 1.5441579e-04],[9.9999756e-01 2.4129833e-06],"[1.1062566e-07 8.4271978e-06 7.6075783e-03 7.1743900e-01 2.5506753e-01
 1.9520074e-02 3.5301899e-04 4.1651247e-06 4.5629310e-08]"
D:\Uni\Ulm\Master\Hiwi-Forschung-und-Lehre\FairFace\detected_faces\52712_face0.jpg,White,White,Male,30-39,"[9.5591819e-01 4.2409105e-05 4.3692668e-03 2.0673100e-05 6.8569054e-05
 1.7279988e-04 3.9408136e-02]",[9.9910760e-01 4.3738040e-04 4.8334197e-05 4.0665016e-04],[9.9999440e-01 5.5778764e-06],"[7.3811560e-07 7.3181054e-06 1.1211340e-03 3.8629130e-01 5.7853711e-01
 3.3515081e-02 5.1748910e-04 9.6734602e-06 2.2876398e-07]"
D:\Uni\Ulm\Master\Hiwi-Forschung-und-Lehre\FairFace\detected_faces\52740_face0.jpg,Black,Black,Male,20-29,"[6.0935753e-07 9.9997526e-01 7.2915436e-06 4.2966533e-09 1.2798417e-07
 1.5556941e-05 1.1380378e-06]",[7.2201584e-07 9.9998927e-01 4.4962317e-07 9.5515015e-06],[9.9996006e-01 3.9902290e-05],"[2.4044107e-06 2.5681485e-04 1.9781951e-02 4.9580437e-01 4.4224459e-01
 4.0628988e-02 1.2559670e-03 2.4050898e-05 8.1911821e-07]"
D:\Uni\Ulm\Master\Hiwi-Forschung-und-Lehre\FairFace\detected_faces\52741_face0.jpg,White,White,Male,30-39,"[7.4208909e-01 6.6367332e-03 1.5631451e-01 2.9557403e-05 1.3483656e-04
 3.4306026e-03 9.1364741e-02]",[0.9610682  0.01768563 0.00226117 0.01898497],[9.9995863e-01 4.1408050e-05],"[1.9868455e-06 1.0816440e-05 3.9011808e-04 9.0500869e-02 6.4859468e-01
 2.5086245e-01 9.4609531e-03 1.7588366e-04 2.1887697e-06]"
D:\Uni\Ulm\Master\Hiwi-Forschung-und-Lehre\FairFace\detected_faces\52748_face0.jpg,White,White,Male,30-39,"[9.0977043e-01 2.0568943e-04 4.9336862e-02 4.7366862e-06 3.7471218e-05
 5.8041234e-03 3.4840666e-02]",[9.9926788e-01 2.3569098e-04 4.9867713e-06 4.9146434e-04],[9.9999994e-01 3.7340453e-08],"[1.4366806e-09 4.6244764e-08 3.8394300e-04 4.4278428e-01 5.2383536e-01
 3.2407366e-02 5.8686937e-04 2.1603628e-06 1.7255013e-08]"
D:\Uni\Ulm\Master\Hiwi-Forschung-und-Lehre\FairFace\detected_faces\52755_face0.jpg,White,White,Male,30-39,"[8.40656996e-01 1.18674601e-04 4.63643000e-02 3.03876848e-04
 7.46895443e-04 3.51617113e-03 1.08293064e-01]",[9.9341929e-01 7.8941666e-04 1.0182834e-03 4.7730529e-03],[9.9958336e-01 4.1664281e-04],"[7.1429000e-05 1.8714319e-04 1.3303753e-03 7.5552247e-02 5.8448577e-01
 3.2141000e-01 1.6561380e-02 3.9613299e-04 5.5315804e-06]"
D:\Uni\Ulm\Master\Hiwi-Forschung-und-Lehre\FairFace\detected_faces\52786_face0.jpg,Middle Eastern,White,Male,20-29,"[1.9404863e-01 2.1867576e-04 8.7593168e-02 1.3755358e-05 8.0776939e-05
 2.2561238e-03 7.1578890e-01]",[9.6259189e-01 3.0682341e-03 2.7384242e-04 3.4066085e-02],[9.9999905e-01 9.7611360e-07],"[8.8212857e-08 1.4885474e-05 5.9405407e-03 7.5058717e-01 2.4144708e-01
 2.0060656e-03 4.1613744e-06 3.2129154e-08 4.1733264e-10]"
D:\Uni\Ulm\Master\Hiwi-Forschung-und-Lehre\FairFace\detected_faces\53739_face0.jpg,White,White,Male,20-29,"[8.3100253e-01 4.6562878e-03 1.2446439e-01 9.2354079e-05 7.1879372e-04
 7.2295038e-04 3.8342629e-02]",[0.70684    0.27031165 0.00384594 0.01900241],[9.9999994e-01 3.5512965e-08],"[5.1007721e-08 6.9764519e-06 2.6842039e-03 7.3860580e-01 2.5407442e-01
 4.6051298e-03 2.3207649e-05 2.1290076e-07 2.1511288e-09]"
D:\Uni\Ulm\Master\Hiwi-Forschung-und-Lehre\FairFace\detected_faces\53753_face0.jpg,White,White,Male,20-29,"[8.2126683e-01 5.6482921e-04 1.1972499e-01 1.3315651e-04 6.5644697e-04
 1.0725015e-03 5.6581285e-02]",[0.97276264 0.00243828 0.00701623 0.01778283],[9.999999e-01 7.339551e-08],"[6.5047265e-09 3.7953026e-07 2.9194597e-03 8.1366742e-01 1.7874701e-01
 4.5892987e-03 7.5895878e-05 5.6598071e-07 5.9405076e-09]"
D:\Uni\Ulm\Master\Hiwi-Forschung-und-Lehre\FairFace\detected_faces\53757_face0.jpg,Middle Eastern,White,Male,30-39,"[1.7713465e-01 4.9354858e-03 2.6035562e-02 1.0181234e-06 7.9879856e-06
 7.3623832e-04 7.9114908e-01]",[6.2623495e-01 3.5708156e-01 2.0043054e-04 1.6483093e-02],[9.9999303e-01 6.9869297e-06],"[3.4837396e-07 9.7524699e-06 7.3322660e-04 2.6804441e-01 6.5888357e-01
 7.1237966e-02 1.0656583e-03 2.4748302e-05 4.0802016e-07]"
D:\Uni\Ulm\Master\Hiwi-Forschung-und-Lehre\FairFace\detected_faces\53770_face0.jpg,Middle Eastern,Indian,Male,20-29,"[1.7707328e-01 1.4405111e-04 1.7709099e-01 7.8244777e-03 1.2621629e-02
 1.3040450e-01 4.9484104e-01]",[7.1170427e-02 2.8724366e-04 3.2499868e-01 6.0354358e-01],[1.0000000e+00 4.4981148e-09],"[2.67147612e-07 5.04386262e-05 6.09086305e-02 8.34687233e-01
 1.02116615e-01 2.21785484e-03 1.84645905e-05 5.25438963e-07
 3.12240234e-09]"
D:\Uni\Ulm\Master\Hiwi-Forschung-und-Lehre\FairFace\detected_faces\53778_face0.jpg,White,White,Male,20-29,"[9.3610662e-01 1.5927360e-05 7.6903738e-03 2.2561101e-06 9.3485851e-06
 1.3526386e-03 5.4822829e-02]",[9.8602802e-01 7.1133079e-05 1.0665593e-05 1.3890156e-02],[9.9971086e-01 2.8912167e-04],"[8.0974638e-07 6.3652995e-05 6.7100050e-03 5.5466175e-01 4.1009271e-01
 2.8103678e-02 3.6418959e-04 3.1365732e-06 1.0876442e-07]"
D:\Uni\Ulm\Master\Hiwi-Forschung-und-Lehre\FairFace\detected_faces\53783_face0.jpg,White,White,Male,30-39,"[9.0884328e-01 1.7844675e-04 2.5684454e-03 2.4529816e-05 1.9295085e-05
 3.1889620e-05 8.8334173e-02]",[9.9887472e-01 3.1746138e-04 7.5324017e-05 7.3247036e-04],[9.999999e-01 1.514805e-07],"[7.1335677e-07 2.3570842e-06 5.9988402e-04 3.7272596e-01 5.9749883e-01
 2.8722448e-02 4.4226536e-04 7.4299282e-06 9.0692957e-08]"
D:\Uni\Ulm\Master\Hiwi-Forschung-und-Lehre\FairFace\detected_faces\53816_face0.jpg,Latino_Hispanic,Indian,Male,20-29,"[0.285235   0.00527722 0.36923692 0.00181347 0.0056956  0.10001032
 0.23273148]",[0.3101613  0.01493071 0.00919398 0.665714  ],[9.9999833e-01 1.6446058e-06],"[7.27764018e-07 1.08073218e-05 2.16716342e-03 6.03368700e-01
 3.77218843e-01 1.69948563e-02 2.34134233e-04 4.57025499e-06
 1.04641764e-07]"
D:\Uni\Ulm\Master\Hiwi-Forschung-und-Lehre\FairFace\detected_faces\53825_face0.jpg,Latino_Hispanic,Black,Male,40-49,"[1.6256168e-01 3.9912913e-02 7.2943723e-01 7.9924357e-05 1.9855973e-04
 2.9571978e-02 3.8237695e-02]",[0.29108393 0.43983003 0.00540032 0.2636857 ],[9.9998826e-01 1.1775567e-05],"[2.4874314e-06 4.0161476e-06 2.5240268e-04 1.3193780e-02 2.2633736e-01
 5.2932918e-01 2.2414890e-01 6.6835368e-03 4.8367314e-05]"
D:\Uni\Ulm\Master\Hiwi-Forschung-und-Lehre\FairFace\detected_faces\54242_face0.jpg,White,White,Male,30-39,"[9.2690241e-01 1.2090988e-04 4.5588370e-02 1.2020487e-04 1.1382274e-04
 3.0676560e-03 2.4086734e-02]",[0.94671637 0.00151775 0.0039005  0.04786544],[9.9986172e-01 1.3830076e-04],"[8.1497365e-07 5.0494955e-06 1.5194585e-04 5.7081856e-02 6.6948605e-01
 2.6838014e-01 4.8580519e-03 3.5709403e-05 4.9773178e-07]"
D:\Uni\Ulm\Master\Hiwi-Forschung-und-Lehre\FairFace\detected_faces\54330_face0.jpg,White,White,Male,30-39,"[4.8856565e-01 1.8906001e-03 4.8930194e-02 4.9789858e-05 3.3672180e-04
 1.2506093e-03 4.5897648e-01]",[9.6101272e-01 3.5194643e-02 4.9328664e-04 3.2993632e-03],[9.9999547e-01 4.5640613e-06],"[5.5214377e-07 7.4186821e-05 4.0589683e-03 3.4708956e-01 6.1944491e-01
 2.9175125e-02 1.5570244e-04 9.4450263e-07 1.3989281e-08]"
D:\Uni\Ulm\Master\Hiwi-Forschung-und-Lehre\FairFace\detected_faces\54331_face0.jpg,White,White,Male,20-29,"[9.0650862e-01 9.9979421e-05 2.7013931e-02 1.5291227e-05 4.1736523e-05
 4.3055357e-04 6.5889895e-02]",[9.9479908e-01 1.4288884e-03 2.1143189e-04 3.5606113e-03],[9.9999934e-01 6.7319303e-07],"[3.4973859e-09 7.7831879e-07 1.7141866e-03 7.6523751e-01 2.3001999e-01
 3.0196642e-03 7.7406694e-06 4.3109118e-08 6.5871925e-10]"
D:\Uni\Ulm\Master\Hiwi-Forschung-und-Lehre\FairFace\detected_faces\54338_face0.jpg,Black,Black,Male,30-39,"[2.7383248e-07 9.9995732e-01 2.4666675e-05 1.4616302e-07 3.5964783e-06
 1.3630529e-05 3.3402864e-07]",[1.0901549e-06 9.9997759e-01 1.9655359e-05 1.7220547e-06],[9.9954814e-01 4.5191898e-04],"[3.4147305e-07 2.6737671e-06 3.4051601e-04 1.3602449e-01 5.9640193e-01
 2.5246784e-01 1.4475354e-02 2.6684083e-04 2.0059248e-05]"
D:\Uni\Ulm\Master\Hiwi-Forschung-und-Lehre\FairFace\detected_faces\54629_face0.jpg,Middle Eastern,White,Male,20-29,"[3.3290729e-01 5.0460722e-04 5.1080808e-02 1.7760549e-05 7.0314702e-05
 9.8061108e-04 6.1443859e-01]",[9.9877352e-01 7.5313315e-04 1.1517827e-05 4.6185582e-04],[9.9995846e-01 4.1549225e-05],"[2.4463409e-07 1.9642162e-05 1.3868746e-02 7.7442938e-01 2.0494205e-01
 6.6701807e-03 6.8805013e-05 9.4460535e-07 2.4960313e-08]"
D:\Uni\Ulm\Master\Hiwi-Forschung-und-Lehre\FairFace\detected_faces\54644_face0.jpg,Middle Eastern,White,Male,20-29,"[1.61418915e-02 1.40249795e-05 1.03130257e-02 6.10590905e-06
 2.01955081e-05 4.40360513e-03 9.69101131e-01]",[9.6271247e-01 6.0332142e-04 2.5980378e-04 3.6424361e-02],[9.9999475e-01 5.3101048e-06],"[5.2821821e-07 4.8910551e-05 6.6909199e-03 7.0915991e-01 2.7826032e-01
 5.8295042e-03 9.7889260e-06 1.0190820e-07 1.9301427e-09]"
D:\Uni\Ulm\Master\Hiwi-Forschung-und-Lehre\FairFace\detected_faces\54686_face0.jpg,Latino_Hispanic,Asian,Male,30-39,"[0.027242   0.02508781 0.68356895 0.04082028 0.20554718 0.01234603
 0.0053877 ]",[0.12855537 0.20174947 0.6151894  0.05450574],[9.9996966e-01 3.0328114e-05],"[5.4444481e-06 1.6452571e-04 2.9878015e-02 4.3234468e-01 4.8648241e-01
 5.0009545e-02 1.0987795e-03 1.6311489e-05 3.5300062e-07]"
D:\Uni\Ulm\Master\Hiwi-Forschung-und-Lehre\FairFace\detected_faces\55052_face0.jpg,White,White,Male,20-29,"[9.7650939e-01 1.6729980e-04 1.0962671e-02 6.4739970e-07 4.5127881e-06
 1.2898078e-05 1.2342669e-02]",[9.9391359e-01 4.6329461e-03 3.0950810e-05 1.4224782e-03],[9.999961e-01 3.919309e-06],"[1.1094236e-08 6.9845873e-06 4.9740572e-02 8.9192796e-01 5.6974020e-02
 1.3363118e-03 1.3889999e-05 2.0573262e-07 1.6349428e-09]"
D:\Uni\Ulm\Master\Hiwi-Forschung-und-Lehre\FairFace\detected_faces\55119_face0.jpg,Middle Eastern,White,Male,20-29,"[2.0292301e-01 3.6047717e-05 3.0791642e-02 1.0599288e-05 4.8187958e-05
 1.2521009e-03 7.6493841e-01]",[9.8548084e-01 2.0200750e-03 9.7180164e-04 1.1527306e-02],[9.9998116e-01 1.8815526e-05],"[8.2415687e-07 4.9066417e-05 5.6999838e-03 6.3371116e-01 3.5234189e-01
 8.1773289e-03 1.9547935e-05 2.1031546e-07 2.8177694e-09]"
D:\Uni\Ulm\Master\Hiwi-Forschung-und-Lehre\FairFace\detected_faces\55123_face0.jpg,White,White,Male,30-39,"[9.9491817e-01 9.2434584e-06 2.3277935e-03 1.1693052e-06 6.0707639e-06
 3.4958288e-05 2.7026641e-03]",[9.9885279e-01 1.7570445e-04 2.0774850e-04 7.6378626e-04],[9.9999684e-01 3.1328289e-06],"[9.1763352e-09 4.3506174e-07 7.2221002e-05 1.3233845e-01 8.1480706e-01
 5.2706290e-02 7.5244367e-05 2.4642955e-07 3.8202161e-09]"
D:\Uni\Ulm\Master\Hiwi-Forschung-und-Lehre\FairFace\detected_faces\55253_face0.jpg,White,White,Male,40-49,"[9.4892621e-01 8.3715706e-05 3.5432652e-02 4.1483712e-04 3.3635166e-04
 1.0031624e-04 1.4705932e-02]",[9.9656713e-01 2.6417337e-04 3.0856112e-03 8.3068939e-05],[9.9999988e-01 1.1391421e-07],"[4.5877819e-06 3.8979874e-06 1.7831921e-04 1.7397610e-02 2.4065845e-01
 5.1519299e-01 2.1998689e-01 6.5491004e-03 2.8210146e-05]"
D:\Uni\Ulm\Master\Hiwi-Forschung-und-Lehre\FairFace\detected_faces\55314_face0.jpg,White,White,Male,30-39,"[8.4471393e-01 1.9300953e-04 6.1779220e-02 6.2573090e-05 1.2455748e-04
 1.0888176e-03 9.2037961e-02]",[9.9863648e-01 2.9879026e-04 5.4264901e-04 5.2214199e-04],[9.9997836e-01 2.1673512e-05],"[1.5061116e-06 1.8802997e-05 4.0936566e-04 1.9379690e-01 7.4656337e-01
 5.8849536e-02 3.5787516e-04 2.6267928e-06 3.4774800e-08]"
D:\Uni\Ulm\Master\Hiwi-Forschung-und-Lehre\FairFace\detected_faces\55570_face0.jpg,White,White,Male,30-39,"[7.0192343e-01 3.2114738e-03 4.4716593e-02 1.1772842e-05 1.0216932e-04
 1.3553723e-03 2.4867915e-01]",[0.955317   0.02178153 0.00159199 0.02130941],[9.9998587e-01 1.4095847e-05],"[4.5582269e-07 3.6645861e-06 3.5972625e-04 4.3305434e-02 4.7286159e-01
 4.2111799e-01 6.1451692e-02 8.8697398e-04 1.2550807e-05]"
D:\Uni\Ulm\Master\Hiwi-Forschung-und-Lehre\FairFace\detected_faces\55581_face0.jpg,White,White,Male,20-29,"[9.9983084e-01 4.0507571e-06 8.4187799e-05 8.0693286e-07 2.0231562e-06
 7.2493026e-06 7.0733666e-05]",[9.9987268e-01 4.5290039e-05 1.5378730e-05 6.6695764e-05],[9.9954528e-01 4.5469817e-04],"[6.1850415e-07 3.6914931e-05 1.3777711e-02 6.3234812e-01 3.3101121e-01
 2.1434400e-02 1.3643369e-03 2.4324178e-05 2.3749312e-06]"
D:\Uni\Ulm\Master\Hiwi-Forschung-und-Lehre\FairFace\detected_faces\56113_face0.jpg,Middle Eastern,White,Male,40-49,"[0.18740231 0.00747055 0.36761004 0.00087691 0.00309069 0.02911825
 0.40443128]",[0.56420237 0.06209753 0.02716118 0.34653896],[9.9999750e-01 2.4812598e-06],"[2.9797654e-06 7.8160028e-06 1.0450917e-03 4.8317853e-02 2.2030899e-01
 4.6508309e-01 2.4201457e-01 2.2893241e-02 3.2637932e-04]"
D:\Uni\Ulm\Master\Hiwi-Forschung-und-Lehre\FairFace\detected_faces\56601_face0.jpg,Middle Eastern,White,Male,30-39,"[2.69266725e-01 1.02985185e-03 2.85104007e-01 2.72470323e-04
 4.76191490e-04 1.39853535e-02 4.29865360e-01]",[0.9060959  0.01910534 0.01097068 0.06382807],[9.9997365e-01 2.6371772e-05],"[1.08050026e-05 1.19421646e-04 1.72589137e-03 3.31995696e-01
 6.25176311e-01 4.07644697e-02 2.05163320e-04 2.18115747e-06
 3.59854972e-08]"
D:\Uni\Ulm\Master\Hiwi-Forschung-und-Lehre\FairFace\detected_faces\57627_face0.jpg,White,White,Male,30-39,"[9.7995239e-01 1.2339583e-04 7.2408270e-04 9.8322107e-06 4.1344781e-05
 2.5328072e-05 1.9123618e-02]",[9.9901044e-01 4.6788488e-04 1.2717057e-04 3.9451639e-04],[9.9999994e-01 4.0985718e-08],"[2.1740414e-05 1.6638960e-04 2.8102163e-03 2.3352380e-01 6.0959738e-01
 1.4653280e-01 7.0480397e-03 2.9270482e-04 6.9681364e-06]"
D:\Uni\Ulm\Master\Hiwi-Forschung-und-Lehre\FairFace\detected_faces\58351_face0.jpg,Black,Black,Male,30-39,"[9.6514577e-07 9.9997950e-01 7.4764284e-06 3.7835797e-08 2.2560876e-07
 1.0224027e-05 1.6783135e-06]",[1.6175774e-06 9.9997854e-01 4.4740523e-06 1.5404832e-05],[9.999927e-01 7.262474e-06],"[1.6770786e-06 9.7452765e-05 3.6339879e-03 3.2816774e-01 5.2475590e-01
 1.3933730e-01 3.9095366e-03 9.2249495e-05 4.1285671e-06]"
D:\Uni\Ulm\Master\Hiwi-Forschung-und-Lehre\FairFace\detected_faces\58488_face0.jpg,White,White,Male,20-29,"[9.9843198e-01 5.4555014e-05 9.9841401e-04 2.3163331e-05 8.4243613e-05
 6.6243074e-06 4.0089453e-04]",[9.9801701e-01 1.4241213e-03 2.8208413e-04 2.7675537e-04],[9.999997e-01 3.379151e-07],"[2.2762556e-07 1.6807304e-05 6.4658448e-03 7.0007557e-01 2.6613209e-01
 2.5701700e-02 1.5760891e-03 3.0849395e-05 8.1011342e-07]"
D:\Uni\Ulm\Master\Hiwi-Forschung-und-Lehre\FairFace\detected_faces\58994_face0.jpg,Black,Black,Male,30-39,"[9.14210250e-06 9.99554574e-01 1.65978534e-04 5.06843243e-08
 2.07980770e-06 1.65493897e-04 1.02713566e-04]",[2.4086607e-05 9.9929231e-01 1.4011656e-05 6.6961558e-04],[1.0000000e+00 2.0172115e-08],"[8.2188694e-07 3.7206461e-05 1.8163644e-03 2.3512599e-01 6.5158409e-01
 1.0960432e-01 1.7983881e-03 3.2241423e-05 6.0236601e-07]"
D:\Uni\Ulm\Master\Hiwi-Forschung-und-Lehre\FairFace\detected_faces\59130_face0.jpg,White,White,Male,30-39,"[9.7039980e-01 8.5587902e-03 9.7489823e-03 4.5315423e-06 2.6807180e-05
 4.5529590e-04 1.0805627e-02]",[0.7260456  0.26272166 0.00723602 0.00399669],[9.9999994e-01 6.8238776e-08],"[6.3897424e-08 3.1101362e-07 1.6562593e-05 4.8014969e-02 7.5634551e-01
 1.8989423e-01 5.6850663e-03 4.2736836e-05 4.9532332e-07]"
D:\Uni\Ulm\Master\Hiwi-Forschung-und-Lehre\FairFace\detected_faces\59623_face0.jpg,White,White,Male,20-29,"[6.3069230e-01 8.5693353e-04 9.0012439e-02 9.3235343e-05 4.1218413e-04
 2.0315987e-03 2.7590132e-01]",[0.97373414 0.00961655 0.00253635 0.01411298],[9.9999964e-01 3.6998324e-07],"[4.4789795e-07 1.3616494e-05 1.7291211e-03 5.3267819e-01 4.5384681e-01
 1.1680035e-02 5.1301489e-05 3.9431828e-07 4.2080810e-09]"
D:\Uni\Ulm\Master\Hiwi-Forschung-und-Lehre\FairFace\detected_faces\59932_face0.jpg,White,White,Male,20-29,"[9.2540693e-01 1.2186872e-03 1.3539068e-02 3.4459255e-05 1.5366373e-04
 5.4658634e-05 5.9592597e-02]",[9.9267250e-01 6.5025827e-03 4.7419529e-05 7.7753182e-04],[9.9998939e-01 1.0665931e-05],"[8.81362681e-08 1.52526745e-05 1.23253400e-02 7.14638710e-01
 2.64411032e-01 8.49391706e-03 1.13983755e-04 1.72319312e-06
 3.28076943e-08]"
D:\Uni\Ulm\Master\Hiwi-Forschung-und-Lehre\FairFace\detected_faces\60184_face0.jpg,White,White,Male,30-39,"[8.1698942e-01 4.5182410e-04 1.4096154e-02 9.6265276e-06 2.3871386e-05
 6.4872840e-04 1.6778040e-01]",[9.9353659e-01 4.3772007e-03 2.3312507e-04 1.8530873e-03],[9.9999982e-01 1.9617141e-07],"[1.5865730e-06 2.3504292e-06 1.4275781e-04 5.6037594e-02 5.6943762e-01
 3.5440254e-01 1.9487469e-02 4.8168231e-04 6.3733669e-06]"
D:\Uni\Ulm\Master\Hiwi-Forschung-und-Lehre\FairFace\detected_faces\60232_face0.jpg,White,White,Male,20-29,"[9.6172631e-01 7.3713818e-05 3.7641800e-03 5.9539534e-06 2.9290035e-05
 3.8677314e-04 3.4013722e-02]",[0.9956033  0.00137715 0.00102748 0.00199207],[9.9999934e-01 6.9300359e-07],"[5.3248996e-06 6.7096052e-04 1.4407254e-02 5.3478134e-01 4.2271093e-01
 2.6979426e-02 4.4001857e-04 4.6303790e-06 1.6091710e-07]"
D:\Uni\Ulm\Master\Hiwi-Forschung-und-Lehre\FairFace\detected_faces\61238_face0.jpg,White,White,Male,20-29,"[9.9531001e-01 2.0589769e-06 3.5313211e-04 2.0335004e-07 4.8893804e-07
 8.8929198e-07 4.3331534e-03]",[9.9977028e-01 1.9503762e-04 5.8470332e-06 2.8832461e-05],[9.9999964e-01 3.2623871e-07],"[2.6599165e-09 5.2095010e-07 9.1203498e-03 9.2109925e-01 6.8911128e-02
 8.6654339e-04 2.1580870e-06 1.6675228e-08 1.8557464e-10]"
D:\Uni\Ulm\Master\Hiwi-Forschung-und-Lehre\FairFace\detected_faces\61445_face0.jpg,White,White,Male,30-39,"[9.8816168e-01 3.3950066e-05 1.4994566e-03 2.0268258e-06 1.3509609e-05
 9.3152303e-05 1.0196166e-02]",[9.9425220e-01 1.7280926e-03 1.7354829e-04 3.8461350e-03],[9.999968e-01 3.232198e-06],"[1.4061642e-07 1.0080711e-06 2.8549787e-04 2.4938861e-01 6.7601031e-01
 7.3430628e-02 8.7132002e-04 1.2119127e-05 3.4574407e-07]"
D:\Uni\Ulm\Master\Hiwi-Forschung-und-Lehre\FairFace\detected_faces\61526_face0.jpg,White,White,Male,20-29,"[8.1866229e-01 2.1420124e-03 4.0395435e-02 2.2599308e-05 7.1954106e-05
 1.2606356e-03 1.3744502e-01]",[8.0526483e-01 1.7365371e-01 9.9671808e-05 2.0981854e-02],[0.99855494 0.00144501],"[3.5301894e-06 7.2074945e-05 1.1807119e-02 6.0584062e-01 3.5263592e-01
 2.8875841e-02 7.3610537e-04 2.8175820e-05 6.9007388e-07]"
D:\Uni\Ulm\Master\Hiwi-Forschung-und-Lehre\FairFace\detected_faces\62399_face0.jpg,White,White,Male,30-39,"[4.2012140e-01 8.2413817e-04 3.3074066e-01 1.2239369e-04 2.6109692e-04
 2.5957549e-02 2.2197272e-01]",[9.4124275e-01 1.0849694e-02 3.1558672e-04 4.7592003e-02],[9.999038e-01 9.624791e-05],"[6.3559446e-06 3.9423980e-05 6.7154574e-04 2.0353034e-01 7.1854156e-01
 7.6460011e-02 7.4448867e-04 6.2017389e-06 9.4694855e-08]"
D:\Uni\Ulm\Master\Hiwi-Forschung-und-Lehre\FairFace\detected_faces\64860_face0.jpg,White,White,Male,20-29,"[9.99743462e-01 4.24114972e-07 1.42257049e-04 1.29304155e-07
 3.94136237e-07 2.01890066e-06 1.11324756e-04]",[9.9993974e-01 1.6579799e-05 1.4355981e-05 2.9390172e-05],[0.8081882  0.19181181],"[1.1247785e-09 1.2657803e-06 1.9515533e-02 9.0110689e-01 7.8553230e-02
 8.1898359e-04 4.0424679e-06 2.9507557e-08 1.1315178e-09]"
D:\Uni\Ulm\Master\Hiwi-Forschung-und-Lehre\FairFace\detected_faces\65221_face0.jpg,Latino_Hispanic,Black,Male,30-39,"[0.16538782 0.09730963 0.4734304  0.00067807 0.00256452 0.01847372
 0.24215578]",[0.32422653 0.55281574 0.01355893 0.10939883],[1.0000000e+00 1.1541284e-08],"[6.0672227e-07 6.8744052e-06 2.0559675e-03 2.3021555e-01 5.8421975e-01
 1.7328483e-01 1.0078091e-02 1.3696514e-04 1.3031347e-06]"
D:\Uni\Ulm\Master\Hiwi-Forschung-und-Lehre\FairFace\detected_faces\65953_face0.jpg,Middle Eastern,White,Male,30-39,"[3.9014059e-01 4.1202959e-03 9.2052862e-02 3.6627793e-05 8.4038416e-05
 2.3946019e-03 5.1117092e-01]",[9.9138343e-01 1.6864479e-03 8.8064856e-04 6.0495124e-03],[9.999992e-01 7.707374e-07],"[6.7528470e-07 3.2752901e-06 2.6762291e-04 1.3620770e-01 7.2826624e-01
 1.3077344e-01 4.4281320e-03 5.2349089e-05 5.7136691e-07]"
D:\Uni\Ulm\Master\Hiwi-Forschung-und-Lehre\FairFace\detected_faces\66214_face0.jpg,Latino_Hispanic,White,Male,30-39,"[2.0577843e-01 3.9735463e-02 4.8341301e-01 1.4992968e-05 9.6575452e-05
 6.9103919e-02 2.0185764e-01]",[8.40265632e-01 4.89683002e-02 5.85386646e-04 1.10180706e-01],[9.9997401e-01 2.6044227e-05],"[2.75512633e-07 8.42737336e-07 3.41984742e-05 3.21613625e-02
 7.46593833e-01 2.18751431e-01 2.44275224e-03 1.51582262e-05
 1.07612586e-07]"
D:\Uni\Ulm\Master\Hiwi-Forschung-und-Lehre\FairFace\detected_faces\66340_face0.jpg,White,White,Male,20-29,"[6.4175981e-01 8.7195593e-05 2.3858944e-02 9.9554658e-05 1.3689024e-04
 7.2207686e-04 3.3333552e-01]",[9.9576020e-01 1.5379654e-04 3.0603709e-03 1.0256605e-03],[9.9995714e-01 4.2866675e-05],"[5.1130505e-06 3.2049994e-04 8.7624360e-03 6.7637295e-01 3.0938235e-01
 5.1427339e-03 1.3758060e-05 2.1680493e-07 4.1983861e-09]"
D:\Uni\Ulm\Master\Hiwi-Forschung-und-Lehre\FairFace\detected_faces\66471_face0.jpg,Black,Black,Male,30-39,"[5.6385655e-02 5.1798797e-01 3.5267803e-01 3.9840920e-06 5.6048237e-05
 6.3765692e-03 6.6511735e-02]",[5.3332583e-03 9.9018419e-01 3.7734397e-05 4.4447859e-03],[9.999072e-01 9.283040e-05],"[1.01005151e-06 3.01340260e-05 2.22288840e-03 4.50286210e-01
 5.29854178e-01 1.74901150e-02 1.14447066e-04 1.05707420e-06
 2.11837534e-08]"
D:\Uni\Ulm\Master\Hiwi-Forschung-und-Lehre\FairFace\detected_faces\66477_face0.jpg,White,White,Male,30-39,"[4.6468645e-01 4.2528374e-04 7.4632049e-02 1.5954718e-04 3.0544496e-04
 2.7983573e-03 4.5699289e-01]",[9.8910975e-01 1.8612210e-04 7.9576089e-04 9.9083949e-03],[9.9998003e-01 1.9978770e-05],"[4.9749783e-06 4.9367289e-05 3.1982933e-04 3.6856752e-02 6.0834622e-01
 3.4849417e-01 5.8893245e-03 3.9062907e-05 3.4080387e-07]"
D:\Uni\Ulm\Master\Hiwi-Forschung-und-Lehre\FairFace\detected_faces\66492_face0.jpg,Black,Black,Male,20-29,"[7.1747363e-06 9.9922109e-01 3.3478125e-04 8.1181242e-06 3.8886527e-04
 3.1759148e-05 8.2036831e-06]",[6.0538955e-06 9.9976772e-01 2.1366897e-04 1.2541227e-05],[9.999997e-01 3.342382e-07],"[4.5816542e-08 8.8071974e-05 8.6819045e-02 8.8664734e-01 2.6182862e-02
 2.6188881e-04 6.6385530e-07 1.9096388e-08 1.1370154e-09]"
D:\Uni\Ulm\Master\Hiwi-Forschung-und-Lehre\FairFace\detected_faces\66512_face0.jpg,White,White,Male,20-29,"[9.8542559e-01 5.1069355e-06 5.3847479e-03 1.7285036e-05 7.0378017e-05
 1.0139478e-04 8.9955600e-03]",[9.9872380e-01 2.6077527e-04 9.3098963e-04 8.4527186e-05],[9.9989748e-01 1.0251792e-04],"[1.1023200e-07 1.9065747e-05 1.6714716e-02 6.8353069e-01 2.8916427e-01
 1.0503319e-02 6.7330802e-05 5.1504003e-07 9.1108685e-09]"
D:\Uni\Ulm\Master\Hiwi-Forschung-und-Lehre\FairFace\detected_faces\66514_face0.jpg,White,White,Male,20-29,"[8.9762396e-01 1.1783832e-04 5.1327515e-03 6.6831876e-07 4.4417420e-06
 9.1035698e-05 9.7029395e-02]",[9.9898535e-01 6.3302316e-04 4.8884240e-06 3.7673520e-04],[9.9999994e-01 3.5521904e-08],"[2.1408002e-08 6.6876087e-06 1.3635119e-02 9.0907651e-01 7.6544888e-02
 7.3435064e-04 2.4467608e-06 5.5077571e-08 4.5942417e-10]"
D:\Uni\Ulm\Master\Hiwi-Forschung-und-Lehre\FairFace\detected_faces\66518_face0.jpg,White,White,Male,20-29,"[9.73293006e-01 2.33241326e-06 2.99260113e-03 8.23614537e-05
 1.09794615e-04 8.31584111e-06 2.35115141e-02]",[9.9908233e-01 1.1488777e-05 8.2494173e-04 8.1285332e-05],[9.9999410e-01 5.8413107e-06],"[7.1446317e-07 2.2766078e-05 7.3874835e-03 6.5381074e-01 3.2900354e-01
 9.7281095e-03 4.6083154e-05 5.6455286e-07 9.2610897e-09]"
D:\Uni\Ulm\Master\Hiwi-Forschung-und-Lehre\FairFace\detected_faces\66721_face0.jpg,White,White,Male,20-29,"[9.9984294e-01 5.5662845e-08 4.2255451e-05 1.7233597e-05 4.1871561e-05
 5.4591095e-07 5.5016331e-05]",[9.9995530e-01 8.6438473e-07 3.7552010e-05 6.2832896e-06],[0.9954524  0.00454766],"[1.3314951e-07 1.7612432e-05 2.9247519e-02 7.7125263e-01 1.8309857e-01
 1.6004534e-02 3.6898095e-04 9.3591389e-06 6.1494768e-07]"
D:\Uni\Ulm\Master\Hiwi-Forschung-und-Lehre\FairFace\detected_faces\66837_face0.jpg,White,White,Male,30-39,"[7.3820168e-01 2.4972395e-03 1.3046439e-01 1.0802592e-04 3.7298710e-04
 9.4571104e-04 1.2740995e-01]",[9.7872984e-01 1.9043444e-02 5.8169424e-04 1.6449559e-03],[9.999987e-01 1.294343e-06],"[1.2222031e-06 2.7991106e-05 3.1647498e-03 3.4371638e-01 5.9592539e-01
 5.6636527e-02 5.2360323e-04 4.1435537e-06 3.5299678e-08]"
D:\Uni\Ulm\Master\Hiwi-Forschung-und-Lehre\FairFace\detected_faces\66840_face0.jpg,Latino_Hispanic,White,Male,30-39,"[3.6306727e-01 1.3134225e-04 4.9130422e-01 3.7416113e-03 5.4741893e-03
 1.6302176e-02 1.1997913e-01]",[9.6589422e-01 1.1538919e-04 1.5751585e-02 1.8238870e-02],[9.9986959e-01 1.3044443e-04],"[8.9706100e-06 1.2613014e-04 2.9664747e-03 2.9417548e-01 6.5250945e-01
 4.9813323e-02 3.9516727e-04 4.9497648e-06 5.5424902e-08]"
D:\Uni\Ulm\Master\Hiwi-Forschung-und-Lehre\FairFace\detected_faces\67119_face0.jpg,White,White,Male,20-29,"[9.9637741e-01 2.7122014e-06 3.7109441e-04 4.4783022e-07 1.7924907e-06
 3.4542541e-06 3.2431253e-03]",[9.99173462e-01 5.86902373e-04 1.17777054e-04 1.21791723e-04],[9.9999839e-01 1.6111204e-06],"[1.1507159e-08 7.0067290e-07 1.3182558e-03 7.0010191e-01 2.9411283e-01
 4.4450555e-03 2.1008454e-05 1.8459663e-07 2.9397775e-09]"
D:\Uni\Ulm\Master\Hiwi-Forschung-und-Lehre\FairFace\detected_faces\67507_face0.jpg,White,White,Male,30-39,"[7.6477170e-01 1.7589214e-04 1.0740811e-02 9.5775349e-06 2.7421209e-05
 6.8836314e-05 2.2420587e-01]",[9.9794745e-01 7.8689482e-04 1.9928988e-04 1.0663873e-03],[9.9999475e-01 5.2044675e-06],"[5.7903883e-08 1.4326995e-06 2.8015706e-03 4.1245455e-01 4.6496376e-01
 1.1442704e-01 5.2155233e-03 1.3454938e-04 1.5339402e-06]"
D:\Uni\Ulm\Master\Hiwi-Forschung-und-Lehre\FairFace\detected_faces\67590_face0.jpg,White,White,Male,20-29,"[9.51120436e-01 2.42234582e-05 1.96058527e-02 5.80972410e-05
 1.09393775e-04 4.47040293e-05 2.90373433e-02]",[9.9916726e-01 2.6109189e-04 1.9750949e-04 3.7414487e-04],[1.0000000e+00 1.3531106e-08],"[1.39371110e-08 2.57244051e-06 1.38597265e-02 9.19202328e-01
 6.65058494e-02 4.28366067e-04 1.04047854e-06 1.49995394e-08
 1.18264551e-10]"
D:\Uni\Ulm\Master\Hiwi-Forschung-und-Lehre\FairFace\detected_faces\67608_face0.jpg,White,White,Male,30-39,"[9.3742138e-01 2.5501557e-05 2.7750090e-03 5.3654385e-06 9.9410790e-06
 1.0850813e-04 5.9654299e-02]",[9.9821573e-01 1.3699943e-03 7.2714676e-05 3.4150929e-04],[9.9997622e-01 2.3755421e-05],"[2.1389303e-08 3.8748371e-07 1.1411483e-04 1.4064720e-01 7.8355402e-01
 7.5189479e-02 4.9142807e-04 3.2675409e-06 8.7089639e-08]"
D:\Uni\Ulm\Master\Hiwi-Forschung-und-Lehre\FairFace\detected_faces\67647_face0.jpg,Middle Eastern,White,Male,20-29,"[2.5292566e-01 9.6746124e-03 2.2262655e-01 1.1267738e-05 1.9397661e-04
 4.8681824e-03 5.0969976e-01]",[0.8109266  0.16482054 0.00093597 0.02331695],[9.9999994e-01 4.2527617e-08],"[1.3899924e-07 8.6643895e-06 1.3397462e-03 5.2500468e-01 4.6492234e-01
 8.6929128e-03 3.1210307e-05 3.3916083e-07 4.3097277e-09]"
D:\Uni\Ulm\Master\Hiwi-Forschung-und-Lehre\FairFace\detected_faces\67739_face0.jpg,White,White,Male,20-29,"[9.0432918e-01 1.0473400e-04 3.3802178e-02 4.7938951e-04 5.4249732e-04
 1.6335015e-04 6.0578562e-02]",[0.98487514 0.0055111  0.00271804 0.00689576],[9.9999976e-01 2.0402082e-07],"[3.8171621e-09 6.2335067e-07 1.5644524e-02 9.3008095e-01 5.3870782e-02
 4.0103827e-04 1.9943493e-06 3.1991689e-08 3.7187461e-10]"
D:\Uni\Ulm\Master\Hiwi-Forschung-und-Lehre\FairFace\detected_faces\67769_face0.jpg,Latino_Hispanic,Black,Male,30-39,"[1.3365506e-01 1.0570802e-02 5.8048648e-01 3.3247303e-05 1.6775345e-04
 1.2013544e-01 1.5495120e-01]",[3.1512067e-01 5.1521671e-01 4.6119004e-04 1.6920154e-01],[9.999977e-01 2.291318e-06],"[1.8901351e-06 5.7918889e-05 8.1605936e-04 2.5604066e-01 7.0635533e-01
 3.6592681e-02 1.3463771e-04 7.7494832e-07 5.4581859e-09]"
D:\Uni\Ulm\Master\Hiwi-Forschung-und-Lehre\FairFace\detected_faces\67866_face0.jpg,White,White,Male,20-29,"[9.9934691e-01 7.5083240e-06 9.4423718e-05 6.7403435e-06 2.6475320e-05
 6.7426089e-07 5.1723036e-04]",[9.9985796e-01 4.3552031e-05 9.6222728e-05 2.2992299e-06],[9.999595e-01 4.045757e-05],"[1.3147499e-07 7.6729149e-05 1.3091928e-01 8.0147040e-01 6.3800156e-02
 3.6259990e-03 1.0195835e-04 5.1942743e-06 2.0271905e-07]"
D:\Uni\Ulm\Master\Hiwi-Forschung-und-Lehre\FairFace\detected_faces\67868_face0.jpg,White,White,Male,20-29,"[8.1849045e-01 1.3182386e-04 6.7082107e-02 3.6003050e-05 2.4740619e-04
 4.9176491e-03 1.0909456e-01]",[9.9411356e-01 5.2698824e-04 9.8600809e-05 5.2607465e-03],[9.9991333e-01 8.6599226e-05],"[1.6210378e-06 1.0182767e-04 5.8432254e-03 6.4853019e-01 3.4029940e-01
 5.2075149e-03 1.6000295e-05 2.0400861e-07 4.8071107e-09]"
D:\Uni\Ulm\Master\Hiwi-Forschung-und-Lehre\FairFace\detected_faces\68002_face0.jpg,White,White,Male,30-39,"[8.3674347e-01 4.2647508e-04 7.3124334e-02 3.0352442e-06 1.8519508e-05
 6.6297348e-03 8.3054446e-02]",[9.9615598e-01 3.0305627e-04 3.2329583e-05 3.5086339e-03],[9.9998122e-01 1.8803174e-05],"[8.5401723e-08 9.6271935e-07 1.6167168e-04 2.8362742e-01 6.9472522e-01
 2.1411065e-02 7.3131356e-05 4.3173350e-07 6.8214692e-09]"
D:\Uni\Ulm\Master\Hiwi-Forschung-und-Lehre\FairFace\detected_faces\68076_face0.jpg,Middle Eastern,White,Male,30-39,"[6.3718915e-02 2.1644633e-03 3.0472729e-02 6.1011506e-06 2.4649629e-05
 7.4252725e-04 9.0287060e-01]",[9.8179239e-01 1.1473232e-02 4.8124508e-04 6.2531182e-03],[9.9998856e-01 1.1447289e-05],"[3.6344527e-06 3.7570604e-05 1.3334757e-03 1.6634217e-01 6.9044191e-01
 1.3970721e-01 2.1102109e-03 2.3363753e-05 3.9575417e-07]"
D:\Uni\Ulm\Master\Hiwi-Forschung-und-Lehre\FairFace\detected_faces\68332_face0.jpg,White,White,Male,30-39,"[0.693132   0.00073733 0.08055074 0.00368515 0.002622   0.00383359
 0.2154392 ]",[9.8676336e-01 9.8180620e-04 8.1053525e-03 4.1495473e-03],[9.999732e-01 2.679494e-05],"[1.8254711e-06 3.9256720e-05 8.2968967e-04 3.6520782e-01 6.1633766e-01
 1.7517414e-02 6.5347274e-05 9.1490512e-07 2.3158547e-08]"
D:\Uni\Ulm\Master\Hiwi-Forschung-und-Lehre\FairFace\detected_faces\68911_face0.jpg,White,White,Male,20-29,"[9.9145663e-01 1.0015543e-03 4.1699423e-03 1.3252136e-05 1.0373882e-04
 7.0959388e-05 3.1838608e-03]",[0.7941537  0.19394779 0.00162645 0.01027199],[9.999992e-01 7.192643e-07],"[6.8232055e-08 2.2024578e-06 3.0639281e-03 6.3823241e-01 3.3222836e-01
 2.5458222e-02 9.8783895e-04 2.6112104e-05 7.6081596e-07]"
D:\Uni\Ulm\Master\Hiwi-Forschung-und-Lehre\FairFace\detected_faces\69256_face0.jpg,White,White,Male,30-39,"[9.9532282e-01 2.3554203e-05 2.0691494e-03 1.0525007e-06 4.5612974e-06
 2.6388694e-05 2.5525060e-03]",[9.9835694e-01 1.1585231e-03 5.9893449e-05 4.2475146e-04],[1.0000000e+00 3.1295638e-08],"[5.1872314e-07 2.5551933e-06 2.5112260e-04 5.3957362e-02 5.4722315e-01
 3.6517388e-01 3.2905288e-02 4.8262125e-04 3.4729919e-06]"
D:\Uni\Ulm\Master\Hiwi-Forschung-und-Lehre\FairFace\detected_faces\69295_face0.jpg,White,White,Male,30-39,"[9.3472064e-01 6.0826744e-04 2.1236330e-02 3.7366470e-05 8.3154002e-05
 2.8389849e-04 4.3030359e-02]",[9.9990940e-01 5.9859743e-05 2.3102715e-05 7.6623510e-06],[9.9961442e-01 3.8557878e-04],"[1.2949177e-05 1.3760573e-05 6.0274597e-04 1.6433381e-01 6.8083870e-01
 1.4011738e-01 1.2368881e-02 1.6412354e-03 7.0516813e-05]"
D:\Uni\Ulm\Master\Hiwi-Forschung-und-Lehre\FairFace\detected_faces\69367_face0.jpg,Middle Eastern,White,Male,20-29,"[2.0338166e-01 2.9898394e-04 1.0791292e-01 6.0691085e-04 1.1019859e-03
 3.6582928e-03 6.8303925e-01]",[0.96425813 0.00297438 0.00651647 0.02625102],[9.9998498e-01 1.5062754e-05],"[1.7828114e-07 8.7869385e-06 1.2548561e-02 7.5629050e-01 2.2483306e-01
 6.2813703e-03 3.6723290e-05 7.9995152e-07 1.2513590e-08]"
D:\Uni\Ulm\Master\Hiwi-Forschung-und-Lehre\FairFace\detected_faces\69373_face0.jpg,White,White,Male,30-39,"[9.74942148e-01 1.54006175e-05 5.02723549e-03 2.76570563e-06
 1.02381973e-05 1.02109036e-04 1.99000649e-02]",[9.9574554e-01 1.3547752e-03 4.5349271e-04 2.4460729e-03],[9.9999517e-01 4.8404536e-06],"[2.1681964e-07 1.6129294e-06 7.8855541e-05 5.2925937e-02 8.1300789e-01
 1.3347791e-01 5.0496857e-04 2.5877553e-06 3.7810462e-08]"
D:\Uni\Ulm\Master\Hiwi-Forschung-und-Lehre\FairFace\detected_faces\69378_face0.jpg,White,White,Male,30-39,"[9.9252146e-01 3.0252972e-06 5.2370853e-04 9.9321016e-07 3.2923363e-06
 7.2441831e-06 6.9402694e-03]",[9.9906462e-01 6.3765899e-04 5.3332918e-05 2.4437782e-04],[9.999988e-01 1.230004e-06],"[2.7676550e-09 3.4492447e-07 2.3987216e-04 4.5915321e-01 5.3324258e-01
 7.3592803e-03 4.7523913e-06 2.2343803e-08 4.3119727e-10]"
D:\Uni\Ulm\Master\Hiwi-Forschung-und-Lehre\FairFace\detected_faces\69379_face0.jpg,Middle Eastern,White,Male,20-29,"[5.9772775e-02 9.7673947e-06 1.4079663e-02 1.4097135e-05 4.9959210e-05
 6.2759646e-04 9.2544615e-01]",[9.9407649e-01 3.3969391e-05 2.2798995e-04 5.6615854e-03],[9.9999982e-01 1.3419148e-07],"[6.4793902e-08 2.6189730e-06 1.4632076e-03 4.9322870e-01 4.8987806e-01
 1.5386773e-02 4.0168266e-05 3.6045338e-07 3.1069527e-09]"
D:\Uni\Ulm\Master\Hiwi-Forschung-und-Lehre\FairFace\detected_faces\69385_face0.jpg,White,White,Male,30-39,"[7.3021877e-01 1.1581902e-05 2.7350544e-03 2.7801377e-06 7.0896581e-06
 7.4002237e-05 2.6695067e-01]",[9.9948364e-01 7.4582946e-05 5.2944997e-05 3.8874440e-04],[9.999936e-01 6.385131e-06],"[1.6996778e-07 3.9302186e-06 2.7548149e-04 1.4640656e-01 7.6100004e-01
 9.1962673e-02 3.4946768e-04 1.6927456e-06 1.9225364e-08]"
D:\Uni\Ulm\Master\Hiwi-Forschung-und-Lehre\FairFace\detected_faces\69404_face0.jpg,White,White,Male,30-39,"[8.8522363e-01 4.2049491e-04 1.2002757e-02 7.6284482e-07 5.7837838e-06
 2.5680297e-04 1.0208981e-01]",[9.9860734e-01 9.3010842e-04 1.6678181e-05 4.4580424e-04],[9.9999285e-01 7.1578320e-06],"[1.6485205e-07 4.5026054e-06 2.0662451e-04 2.0573564e-01 7.5691319e-01
 3.7047461e-02 9.1880262e-05 4.9709797e-07 5.4161782e-09]"
D:\Uni\Ulm\Master\Hiwi-Forschung-und-Lehre\FairFace\detected_faces\69408_face0.jpg,White,White,Male,20-29,"[9.9993610e-01 1.9167976e-09 1.9282088e-06 4.7827172e-07 6.8612400e-07
 4.4445024e-08 6.0757440e-05]",[9.99818027e-01 1.05741975e-07 1.72548986e-04 9.24763663e-06],[9.9999708e-01 2.9386138e-06],"[1.7782965e-07 1.1481798e-05 4.6772659e-03 5.1440978e-01 4.7273821e-01
 8.1450380e-03 1.7949911e-05 8.1921819e-08 1.1837392e-09]"
D:\Uni\Ulm\Master\Hiwi-Forschung-und-Lehre\FairFace\detected_faces\69416_face0.jpg,White,White,Male,30-39,"[9.2679089e-01 1.5590401e-04 6.9432766e-03 1.1718935e-05 5.7421519e-05
 1.9047613e-04 6.5850310e-02]",[9.8937291e-01 8.2849804e-03 3.2955874e-04 2.0125690e-03],[9.999995e-01 5.019121e-07],"[4.2079850e-05 8.6713093e-04 1.6250724e-02 4.2854905e-01 4.9946114e-01
 5.3666160e-02 1.1315345e-03 3.1562824e-05 4.8920037e-07]"
D:\Uni\Ulm\Master\Hiwi-Forschung-und-Lehre\FairFace\detected_faces\69418_face0.jpg,Latino_Hispanic,Indian,Male,30-39,"[6.3543476e-02 8.1222560e-03 5.3649098e-01 1.8844595e-04 1.1327807e-03
 2.1601278e-02 3.6892083e-01]",[0.27562907 0.24823537 0.01515394 0.46098164],[9.9999863e-01 1.4142826e-06],"[3.6624367e-06 3.2850512e-05 1.8764674e-03 2.4825703e-01 6.5820163e-01
 9.0299338e-02 1.3013197e-03 2.7380740e-05 2.8196496e-07]"
D:\Uni\Ulm\Master\Hiwi-Forschung-und-Lehre\FairFace\detected_faces\69768_face0.jpg,White,White,Male,30-39,"[9.1108656e-01 3.5482240e-05 6.2802793e-03 3.3642227e-06 1.8179273e-05
 3.3046377e-05 8.2543120e-02]",[9.9988890e-01 5.2111329e-05 3.0415777e-05 2.8546387e-05],[9.9999964e-01 3.4592625e-07],"[6.3676429e-09 8.6537239e-07 5.3914299e-04 4.1840971e-01 5.7283580e-01
 8.2081277e-03 6.3311759e-06 3.3024705e-08 3.6003525e-10]"
D:\Uni\Ulm\Master\Hiwi-Forschung-und-Lehre\FairFace\detected_faces\70153_face0.jpg,White,White,Male,20-29,"[9.7625417e-01 2.7064287e-05 1.4815270e-02 1.5298499e-05 5.1622119e-05
 1.8733561e-04 8.6492542e-03]",[9.925547e-01 8.035994e-04 7.134909e-05 6.570388e-03],[9.999848e-01 1.521384e-05],"[1.2817436e-06 6.3239328e-05 9.9026617e-03 4.7796500e-01 4.7021461e-01
 4.1317735e-02 5.2945357e-04 5.8583223e-06 8.9790731e-08]"
D:\Uni\Ulm\Master\Hiwi-Forschung-und-Lehre\FairFace\detected_faces\70289_face0.jpg,White,White,Male,30-39,"[9.8235071e-01 1.9931147e-05 1.2464880e-02 3.6209600e-05 2.2149830e-04
 8.2654900e-05 4.8241969e-03]",[9.9975210e-01 3.9069946e-05 7.7171819e-05 1.3167062e-04],[9.9999785e-01 2.1281903e-06],"[6.8935819e-08 4.5996971e-06 2.4691140e-03 4.0976894e-01 5.5256468e-01
 3.4873109e-02 3.1779948e-04 1.7710520e-06 2.7137526e-08]"
D:\Uni\Ulm\Master\Hiwi-Forschung-und-Lehre\FairFace\detected_faces\70630_face0.jpg,White,White,Male,20-29,"[9.4758582e-01 4.4142518e-05 5.2068764e-03 9.4690813e-06 1.7728793e-05
 1.2901323e-04 4.7006935e-02]",[9.8433620e-01 1.3911834e-03 1.2596289e-04 1.4146586e-02],[9.9999523e-01 4.7694521e-06],"[4.3966487e-08 9.3701310e-06 1.1776059e-02 8.2400328e-01 1.6170739e-01
 2.4983310e-03 5.3968656e-06 7.0640873e-08 1.1817491e-09]"
D:\Uni\Ulm\Master\Hiwi-Forschung-und-Lehre\FairFace\detected_faces\70763_face0.jpg,White,White,Male,30-39,"[5.9750253e-01 7.2504429e-04 6.2948830e-02 5.0846927e-05 1.7734194e-04
 1.1517269e-02 3.2707816e-01]",[0.83928967 0.00140546 0.00231408 0.15699077],[9.9994600e-01 5.4014858e-05],"[2.8774426e-08 8.4862671e-07 1.2445054e-03 4.8153055e-01 5.0621873e-01
 1.0959491e-02 4.5420224e-05 4.1913469e-07 6.6586727e-09]"
D:\Uni\Ulm\Master\Hiwi-Forschung-und-Lehre\FairFace\detected_faces\70900_face0.jpg,White,White,Male,30-39,"[9.20629561e-01 1.24419275e-05 6.91624312e-03 5.62500372e-06
 1.23789932e-05 9.51025519e-04 7.14727566e-02]",[9.9953294e-01 1.2471604e-05 3.5018038e-06 4.5106592e-04],[9.9999464e-01 5.3624585e-06],"[1.1277177e-06 3.2587377e-05 6.9474219e-04 2.5715312e-01 7.0024502e-01
 4.1805200e-02 6.7878973e-05 2.9707309e-07 4.8349804e-09]"
D:\Uni\Ulm\Master\Hiwi-Forschung-und-Lehre\FairFace\detected_faces\70930_face0.jpg,White,White,Male,20-29,"[9.7175068e-01 4.0873694e-03 1.9273929e-02 4.7971866e-06 4.1017323e-05
 5.0310395e-05 4.7918567e-03]",[9.8991120e-01 9.6898805e-03 2.6718482e-05 3.7220324e-04],[9.9999994e-01 3.4249226e-08],"[5.1228557e-08 2.0979396e-06 2.5007527e-03 7.5979775e-01 2.3408732e-01
 3.5892478e-03 2.2388429e-05 3.8988713e-07 6.7914563e-09]"
D:\Uni\Ulm\Master\Hiwi-Forschung-und-Lehre\FairFace\detected_faces\70987_face0.jpg,White,White,Male,20-29,"[4.8871878e-01 8.0241766e-03 2.2851340e-01 6.2868603e-05 3.2448801e-04
 5.6254165e-03 2.6873091e-01]",[9.4685858e-01 5.7792310e-03 7.0435414e-04 4.6657819e-02],[9.9999225e-01 7.7533941e-06],"[4.12235977e-06 1.79222552e-04 1.33978175e-02 5.82548678e-01
 3.77640486e-01 2.57668067e-02 4.57341055e-04 5.46120327e-06
 6.11462951e-08]"
D:\Uni\Ulm\Master\Hiwi-Forschung-und-Lehre\FairFace\detected_faces\70988_face0.jpg,White,White,Male,30-39,"[9.1352040e-01 3.5178878e-06 8.7993685e-03 5.3359967e-05 7.6380966e-05
 9.7369259e-05 7.7449545e-02]",[9.9953604e-01 4.5669558e-06 3.0756593e-04 1.5177423e-04],[9.9999964e-01 3.2056423e-07],"[3.3447949e-07 3.4663142e-06 6.1305909e-04 1.1959620e-01 7.1362197e-01
 1.6471684e-01 1.4404287e-03 7.7014329e-06 3.5604902e-08]"
D:\Uni\Ulm\Master\Hiwi-Forschung-und-Lehre\FairFace\detected_faces\70996_face0.jpg,White,White,Male,30-39,"[9.9999744e-01 3.1657002e-08 7.7082302e-07 5.9953096e-09 4.7125702e-08
 4.1541306e-08 1.6106811e-06]",[9.9999154e-01 9.9545059e-07 1.2496646e-06 6.1454884e-06],[9.999973e-01 2.740715e-06],"[1.6937209e-09 1.7578587e-07 3.2562052e-04 3.4571326e-01 6.0295445e-01
 5.0300799e-02 7.0276845e-04 2.7671251e-06 8.4853681e-08]"
D:\Uni\Ulm\Master\Hiwi-Forschung-und-Lehre\FairFace\detected_faces\71072_face0.jpg,Latino_Hispanic,White,Male,30-39,"[1.9777775e-01 7.3837247e-03 6.9136530e-01 6.6922465e-04 4.5070644e-03
 1.2626603e-03 9.7034343e-02]",[0.9784325  0.00411405 0.01202348 0.00543006],[9.999999e-01 6.035798e-08],"[2.1684746e-06 3.1006191e-05 1.2171293e-02 4.4535720e-01 4.9034867e-01
 4.9810730e-02 2.2387591e-03 3.9837425e-05 2.8427900e-07]"
D:\Uni\Ulm\Master\Hiwi-Forschung-und-Lehre\FairFace\detected_faces\71203_face0.jpg,White,White,Male,30-39,"[6.8911493e-01 4.0565711e-04 1.6079769e-01 8.9907355e-04 1.2336114e-03
 9.2367986e-03 1.3831237e-01]",[0.9928826  0.00205639 0.00161028 0.00345078],[9.9974078e-01 2.5920098e-04],"[4.3765411e-07 8.2698989e-06 5.0688570e-04 2.5178671e-01 7.1259689e-01
 3.4971543e-02 1.2839600e-04 9.3385171e-07 1.4635709e-08]"
D:\Uni\Ulm\Master\Hiwi-Forschung-und-Lehre\FairFace\detected_faces\71285_face0.jpg,White,White,Male,30-39,"[0.44577152 0.00438435 0.26506183 0.00066551 0.00173347 0.00364173
 0.27874163]",[0.9192903  0.06435531 0.00993608 0.00641836],[9.9999702e-01 2.9911375e-06],"[1.5538439e-05 1.6687218e-04 1.6232008e-03 2.6392946e-01 6.6229659e-01
 7.0932306e-02 1.0146322e-03 2.0970772e-05 3.1763881e-07]"
D:\Uni\Ulm\Master\Hiwi-Forschung-und-Lehre\FairFace\detected_faces\71445_face0.jpg,White,White,Male,20-29,"[5.7556540e-01 6.9652284e-05 1.7464754e-01 1.5551755e-03 3.2071266e-03
 9.8884441e-03 2.3506667e-01]",[9.8187006e-01 2.3103101e-04 1.8614467e-03 1.6037451e-02],[9.9999875e-01 1.2363211e-06],"[4.3987217e-07 1.8864735e-04 2.2492902e-02 8.6107731e-01 1.1531358e-01
 9.2513161e-04 1.9605438e-06 3.2820139e-08 5.2452487e-10]"
D:\Uni\Ulm\Master\Hiwi-Forschung-und-Lehre\FairFace\detected_faces\71707_face0.jpg,White,White,Male,20-29,"[9.9980354e-01 2.5538577e-07 3.4073226e-05 2.1040341e-06 2.7419787e-06
 1.7647469e-07 1.5705901e-04]",[9.99802828e-01 7.06649880e-05 1.10373454e-04 1.61351800e-05],[1.00000e+00 6.07772e-09],"[1.3277699e-07 4.9696853e-05 6.5967292e-03 7.0371890e-01 2.7900046e-01
 1.0594171e-02 3.9577542e-05 3.9290768e-07 5.5972307e-09]"
D:\Uni\Ulm\Master\Hiwi-Forschung-und-Lehre\FairFace\detected_faces\71761_face0.jpg,White,White,Male,20-29,"[9.9907428e-01 5.8262999e-06 1.5313413e-04 4.3712042e-08 2.5549389e-07
 1.8577276e-06 7.6472375e-04]",[9.9991053e-01 3.1168627e-05 1.0794595e-05 4.7540667e-05],[9.9999982e-01 1.9193281e-07],"[2.7614435e-09 6.9035866e-07 3.0724509e-03 9.5427358e-01 4.2537861e-02
 1.1504094e-04 3.8344240e-07 2.7672773e-09 4.5678416e-11]"
D:\Uni\Ulm\Master\Hiwi-Forschung-und-Lehre\FairFace\detected_faces\71952_face0.jpg,White,White,Male,30-39,"[3.9075020e-01 1.2765427e-02 3.8878989e-01 4.7860776e-05 2.5049516e-04
 1.7148172e-02 1.9024804e-01]",[0.47503915 0.3228992  0.00929251 0.19276911],[9.9986863e-01 1.3136926e-04],"[1.67927078e-06 1.35954542e-05 5.76963008e-04 1.06964186e-01
 7.44322598e-01 1.46382645e-01 1.72501965e-03 1.31971810e-05
 1.11905642e-07]"
D:\Uni\Ulm\Master\Hiwi-Forschung-und-Lehre\FairFace\detected_faces\72127_face0.jpg,Middle Eastern,White,Male,30-39,"[1.7321509e-01 1.2279981e-02 1.4664978e-01 1.1163360e-04 2.9052416e-04
 1.2075484e-02 6.5537751e-01]",[0.5586832  0.32727844 0.0015884  0.11244999],[9.9999064e-01 9.3905164e-06],"[1.0523856e-06 1.0279042e-05 4.0052045e-04 2.0857100e-01 7.1947670e-01
 7.1101449e-02 4.3442004e-04 4.5255210e-06 7.3089893e-08]"
D:\Uni\Ulm\Master\Hiwi-Forschung-und-Lehre\FairFace\detected_faces\72192_face0.jpg,White,White,Male,30-39,"[9.9970686e-01 2.9326147e-06 5.5720220e-06 6.7354836e-07 1.9657791e-06
 5.1915868e-07 2.8153197e-04]",[9.9989623e-01 5.4543394e-05 2.2571550e-05 2.6643607e-05],[9.9996901e-01 3.0993193e-05],"[5.0378071e-06 7.8562371e-05 2.9185878e-03 3.6201784e-01 5.8030921e-01
 5.2713461e-02 1.9179323e-03 3.7634600e-05 1.7495547e-06]"
D:\Uni\Ulm\Master\Hiwi-Forschung-und-Lehre\FairFace\detected_faces\72638_face0.jpg,Middle Eastern,White,Male,20-29,"[7.6900840e-02 2.0865938e-03 9.9671997e-02 4.9299550e-05 3.1138817e-04
 1.4800151e-03 8.1949985e-01]",[0.9283145  0.04836394 0.0054892  0.01783235],[9.9999893e-01 1.0973263e-06],"[8.7974507e-07 9.1965972e-05 1.8006897e-02 5.5144447e-01 4.1251752e-01
 1.7815404e-02 1.2143933e-04 1.5199746e-06 1.5698681e-08]"
D:\Uni\Ulm\Master\Hiwi-Forschung-und-Lehre\FairFace\detected_faces\72670_face0.jpg,White,White,Male,20-29,"[9.9401248e-01 1.2067054e-06 3.3669855e-04 2.5733166e-06 7.7351679e-06
 1.8525301e-06 5.6375056e-03]",[9.9993241e-01 2.4201148e-05 2.9384350e-05 1.3961304e-05],[9.991439e-01 8.560715e-04],"[8.5278051e-09 1.7772810e-06 2.6445502e-02 8.4258473e-01 1.2510820e-01
 5.7964060e-03 6.2603685e-05 7.5741900e-07 1.7317118e-08]"
D:\Uni\Ulm\Master\Hiwi-Forschung-und-Lehre\FairFace\detected_faces\72806_face0.jpg,Middle Eastern,White,Male,20-29,"[8.18259194e-02 1.23595702e-04 1.48802735e-02 7.06427045e-06
 3.70937669e-05 1.46022474e-03 9.01665866e-01]",[0.9600772  0.00119926 0.00135306 0.03737037],[9.9999374e-01 6.2707140e-06],"[2.0568525e-05 4.9105607e-04 5.2091558e-03 6.2865055e-01 3.5465074e-01
 1.0908378e-02 6.8577348e-05 1.0666308e-06 2.5971424e-08]"
D:\Uni\Ulm\Master\Hiwi-Forschung-und-Lehre\FairFace\detected_faces\73057_face0.jpg,White,White,Male,20-29,"[5.9209204e-01 2.3070876e-03 2.6227757e-01 6.4648295e-05 3.1859777e-04
 1.1532499e-03 1.4178678e-01]",[0.9249027  0.06782664 0.00195857 0.00531219],[9.999990e-01 9.828944e-07],"[2.4080414e-08 2.5144636e-06 1.1323489e-02 8.4819674e-01 1.3791463e-01
 2.5409586e-03 2.1499678e-05 2.3545495e-07 3.9432675e-09]"
D:\Uni\Ulm\Master\Hiwi-Forschung-und-Lehre\FairFace\detected_faces\73059_face0.jpg,Black,Black,Male,20-29,"[1.9792635e-06 9.9992675e-01 5.5193344e-05 1.2600724e-08 3.2641759e-07
 1.2182159e-05 3.5843518e-06]",[2.2706402e-06 9.9998927e-01 2.1025651e-06 6.4305555e-06],[9.9999803e-01 1.9550137e-06],"[8.1588020e-08 1.2628263e-05 8.1849378e-03 7.3021263e-01 2.5254831e-01
 9.0007298e-03 4.0222330e-05 4.4455339e-07 1.7628835e-08]"
D:\Uni\Ulm\Master\Hiwi-Forschung-und-Lehre\FairFace\detected_faces\73262_face0.jpg,Black,Black,Male,20-29,"[5.7819528e-03 8.7046939e-01 5.7284135e-02 2.3873934e-06 9.4211522e-05
 3.6144061e-03 6.2753528e-02]",[5.5057025e-03 9.8821628e-01 4.1347955e-04 5.8645355e-03],[9.9999136e-01 8.5814108e-06],"[5.5769260e-07 1.5339729e-05 3.3147794e-03 4.9922240e-01 4.7914562e-01
 1.8139977e-02 1.5860287e-04 2.6597247e-06 6.1207707e-08]"
D:\Uni\Ulm\Master\Hiwi-Forschung-und-Lehre\FairFace\detected_faces\73392_face0.jpg,White,White,Male,30-39,"[9.9833602e-01 1.6553377e-06 4.1936761e-05 4.3281875e-07 1.7529346e-06
 9.3299462e-07 1.6172949e-03]",[9.9998379e-01 3.8160127e-07 1.4010124e-05 1.7855556e-06],[9.9999666e-01 3.2583948e-06],"[9.4342076e-06 6.2695057e-05 1.7284614e-03 3.5760903e-01 6.0544306e-01
 3.4535356e-02 5.9840124e-04 1.2855734e-05 6.9682670e-07]"
D:\Uni\Ulm\Master\Hiwi-Forschung-und-Lehre\FairFace\detected_faces\73409_face0.jpg,White,White,Male,30-39,"[9.1893327e-01 2.3285663e-03 6.4282650e-03 1.0161239e-06 6.3579078e-06
 4.7306018e-04 7.1829498e-02]",[9.7311974e-01 2.1027522e-02 4.2870310e-05 5.8098189e-03],[9.9999869e-01 1.3112567e-06],"[3.9442170e-08 4.6060464e-07 3.5475317e-05 4.4132482e-02 8.1330919e-01
 1.4126824e-01 1.2494726e-03 4.5974211e-06 6.5979677e-08]"
D:\Uni\Ulm\Master\Hiwi-Forschung-und-Lehre\FairFace\detected_faces\73412_face0.jpg,White,White,Male,30-39,"[9.7162193e-01 7.3342388e-03 9.2090471e-03 5.6614859e-05 2.7213630e-04
 4.4377756e-04 1.1062243e-02]",[9.9180943e-01 6.7645106e-03 7.4761896e-04 6.7843369e-04],[9.9999768e-01 2.3526477e-06],"[1.2877368e-04 6.3788885e-04 3.5480543e-03 2.7810189e-01 6.0402077e-01
 1.0514548e-01 7.6311980e-03 7.2774652e-04 5.8242775e-05]"
D:\Uni\Ulm\Master\Hiwi-Forschung-und-Lehre\FairFace\detected_faces\73420_face0.jpg,Middle Eastern,Black,Male,30-39,"[4.0723313e-02 2.5515568e-01 3.3515400e-01 8.9334972e-05 8.5908815e-04
 1.5861729e-02 3.5215679e-01]",[7.7438718e-03 9.8119146e-01 8.1948092e-04 1.0245213e-02],[9.9999958e-01 3.8563854e-07],"[5.4995689e-07 9.8080027e-06 1.0810433e-03 3.9233249e-01 5.7774448e-01
 2.8687103e-02 1.4323114e-04 1.3286960e-06 2.2408461e-08]"
D:\Uni\Ulm\Master\Hiwi-Forschung-und-Lehre\FairFace\detected_faces\73511_face0.jpg,White,White,Male,10-19,"[9.9999738e-01 7.5094366e-09 3.4900938e-07 2.2296266e-08 3.1222903e-08
 1.3714222e-09 2.3550592e-06]",[9.9999928e-01 2.0555225e-07 3.7220752e-07 1.0261174e-07],[9.999487e-01 5.133403e-05],"[1.3765489e-08 1.8565112e-04 6.6475743e-01 3.3165711e-01 3.2802362e-03
 1.1883812e-04 7.3478708e-07 6.8098833e-09 2.2110869e-10]"
D:\Uni\Ulm\Master\Hiwi-Forschung-und-Lehre\FairFace\detected_faces\73586_face0.jpg,White,White,Male,30-39,"[8.3933669e-01 1.1684735e-04 5.9495815e-03 2.8404361e-06 9.3679837e-06
 1.0961541e-04 1.5447508e-01]",[9.9786752e-01 2.0029221e-03 1.6340970e-05 1.1324240e-04],[9.9999386e-01 6.1297419e-06],"[1.1226995e-06 1.6708778e-05 1.7827647e-03 3.3139113e-01 6.2428653e-01
 4.2107921e-02 4.0802662e-04 5.6617891e-06 8.7516142e-08]"
D:\Uni\Ulm\Master\Hiwi-Forschung-und-Lehre\FairFace\detected_faces\73682_face0.jpg,White,White,Male,20-29,"[8.3767784e-01 7.7413657e-05 5.6632381e-02 2.8394637e-04 6.7680929e-04
 4.0630926e-04 1.0424527e-01]",[9.9142647e-01 8.0023316e-04 2.9496339e-03 4.8237424e-03],[9.999910e-01 8.938332e-06],"[2.8886376e-08 2.6768400e-06 6.4946236e-03 8.1810260e-01 1.7342128e-01
 1.9744560e-03 4.2780375e-06 4.6373192e-08 8.3688395e-10]"
D:\Uni\Ulm\Master\Hiwi-Forschung-und-Lehre\FairFace\detected_faces\73685_face0.jpg,Black,Black,Male,30-39,"[6.6650711e-02 3.2434103e-01 3.2050413e-01 1.5835314e-04 1.7646955e-03
 7.2771147e-02 2.1380997e-01]",[5.1133856e-02 9.3651539e-01 3.2837965e-04 1.2022445e-02],[1.000000e+00 5.609356e-09],"[4.2670220e-07 6.1145238e-06 3.0682722e-04 4.0291986e-01 5.8246607e-01
 1.4261847e-02 3.8627346e-05 2.8577276e-07 3.1007057e-09]"
D:\Uni\Ulm\Master\Hiwi-Forschung-und-Lehre\FairFace\detected_faces\73699_face0.jpg,Latino_Hispanic,White,Male,20-29,"[9.6641913e-02 1.7361319e-02 7.8962022e-01 4.0041312e-04 2.8253838e-03
 1.2527251e-03 9.1897987e-02]",[0.80489326 0.17186779 0.01773463 0.0055043 ],[1.0000000e+00 2.7750339e-08],"[8.5563869e-08 6.4529308e-06 1.5901409e-02 8.4487748e-01 1.3682644e-01
 2.3673472e-03 2.0053260e-05 7.3623380e-07 7.8421927e-09]"
D:\Uni\Ulm\Master\Hiwi-Forschung-und-Lehre\FairFace\detected_faces\73736_face0.jpg,Black,Black,Male,20-29,"[5.1428452e-07 9.9982750e-01 3.7837715e-05 8.9708941e-08 5.8427891e-06
 1.2693139e-04 1.3437264e-06]",[1.0027735e-06 9.9992627e-01 3.8018820e-06 6.8946851e-05],[9.9999964e-01 3.8232000e-07],"[3.7449888e-09 3.6164346e-07 1.3345724e-03 5.8156884e-01 4.0369380e-01
 1.3335946e-02 6.6188484e-05 3.1336810e-07 7.9637354e-09]"
D:\Uni\Ulm\Master\Hiwi-Forschung-und-Lehre\FairFace\detected_faces\73763_face0.jpg,Black,Black,Male,20-29,"[8.8338038e-07 9.9960262e-01 2.5562606e-05 1.3123709e-08 5.5482678e-07
 3.6699872e-04 3.4330394e-06]",[1.3501482e-06 9.9991250e-01 1.9904016e-06 8.4214538e-05],[9.999993e-01 6.615877e-07],"[1.0446506e-07 2.5972371e-05 3.7006440e-03 4.8911512e-01 4.8295164e-01
 2.3968844e-02 2.3564360e-04 2.0142436e-06 6.2461318e-08]"
D:\Uni\Ulm\Master\Hiwi-Forschung-und-Lehre\FairFace\detected_faces\73951_face0.jpg,Black,Black,Male,30-39,"[2.43408582e-03 5.39289117e-01 2.51623303e-01 4.05181818e-05
 2.08828179e-03 1.03221014e-01 1.01303682e-01]",[9.4940554e-04 9.8305786e-01 1.0865423e-03 1.4906148e-02],[9.9999982e-01 1.6985706e-07],"[6.76172931e-07 1.07725873e-05 7.41980213e-04 2.51776427e-01
 6.73754811e-01 7.27429166e-02 9.58913355e-04 1.34257525e-05
 1.86571242e-07]"
D:\Uni\Ulm\Master\Hiwi-Forschung-und-Lehre\FairFace\detected_faces\73980_face0.jpg,Latino_Hispanic,White,Male,30-39,"[2.7467617e-01 1.4001988e-03 6.3571382e-01 9.8078948e-05 6.5160386e-04
 1.5953492e-02 7.1506791e-02]",[0.8211645  0.01856155 0.00598523 0.15428878],[9.9999696e-01 3.0029114e-06],"[1.4922034e-07 4.4847316e-06 1.9560207e-03 4.7574991e-01 5.0038576e-01
 2.1779569e-02 1.2304363e-04 1.0614837e-06 9.7103099e-09]"
D:\Uni\Ulm\Master\Hiwi-Forschung-und-Lehre\FairFace\detected_faces\74045_face0.jpg,White,White,Male,20-29,"[7.7836049e-01 5.0374371e-04 1.8892373e-01 1.3191502e-03 1.7201492e-03
 2.5599852e-04 2.8916711e-02]",[0.97870797 0.01077619 0.00919523 0.00132062],[9.9999982e-01 1.6583303e-07],"[1.3657315e-07 1.4241019e-05 3.0973608e-02 7.3521054e-01 2.2084163e-01
 1.2750775e-02 2.0808491e-04 1.0494667e-06 4.9933186e-09]"
D:\Uni\Ulm\Master\Hiwi-Forschung-und-Lehre\FairFace\detected_faces\74075_face0.jpg,Middle Eastern,White,Male,20-29,"[1.9679502e-01 5.3041917e-04 3.4611803e-02 3.8427010e-04 9.7852340e-04
 2.8012201e-04 7.6641983e-01]",[9.9297416e-01 1.7955119e-03 4.3759351e-03 8.5439411e-04],[9.999933e-01 6.656215e-06],"[1.1916087e-05 2.9772788e-04 1.0026254e-02 5.9468406e-01 3.8319567e-01
 1.1712347e-02 7.0202877e-05 1.8494618e-06 3.8404277e-08]"
D:\Uni\Ulm\Master\Hiwi-Forschung-und-Lehre\FairFace\detected_faces\74201_face0.jpg,White,White,Male,30-39,"[5.1473182e-01 1.5779532e-02 2.5503501e-01 1.2237976e-04 3.6081250e-04
 2.2774991e-03 2.1169284e-01]",[6.5555799e-01 3.3934978e-01 5.7117181e-04 4.5210603e-03],[9.999688e-01 3.118491e-05],"[3.7233926e-07 1.9481238e-05 1.1667878e-03 3.3611920e-01 6.3386261e-01
 2.8684430e-02 1.4548835e-04 1.6081535e-06 2.6133769e-08]"
D:\Uni\Ulm\Master\Hiwi-Forschung-und-Lehre\FairFace\detected_faces\74335_face0.jpg,Black,Black,Male,30-39,"[1.5848079e-07 9.9978083e-01 3.2351306e-06 4.3714458e-08 1.5488839e-06
 2.1397017e-04 2.0032894e-07]",[2.4442093e-07 9.9999434e-01 1.5867280e-06 3.8493872e-06],[9.9994695e-01 5.3039457e-05],"[1.4641069e-09 3.2390616e-08 1.4905041e-04 2.0597082e-01 6.6601533e-01
 1.2518625e-01 2.6622547e-03 1.5828136e-05 4.7622052e-07]"
D:\Uni\Ulm\Master\Hiwi-Forschung-und-Lehre\FairFace\detected_faces\74340_face0.jpg,White,White,Male,20-29,"[9.9775392e-01 4.1119370e-06 1.4075404e-03 5.2940677e-06 1.2792210e-05
 9.4290326e-06 8.0687198e-04]",[9.9983764e-01 1.7745971e-05 5.3164509e-05 9.1491129e-05],[9.999957e-01 4.282427e-06],"[5.2214695e-09 4.2672073e-06 2.2637555e-02 9.3215853e-01 4.4622473e-02
 5.7361298e-04 3.5096957e-06 3.0589490e-08 7.5795387e-10]"
D:\Uni\Ulm\Master\Hiwi-Forschung-und-Lehre\FairFace\detected_faces\74440_face0.jpg,White,White,Male,20-29,"[9.9993068e-01 2.9725636e-06 1.5884756e-05 2.4326030e-06 1.7654636e-05
 2.5408701e-07 3.0066023e-05]",[9.9923784e-01 4.0448739e-04 3.4449337e-04 1.3192135e-05],[9.9996793e-01 3.2110267e-05],"[5.3706412e-07 1.4258067e-05 1.0747168e-02 6.3595724e-01 2.9357174e-01
 5.4306824e-02 5.1306398e-03 2.5643225e-04 1.5090479e-05]"
D:\Uni\Ulm\Master\Hiwi-Forschung-und-Lehre\FairFace\detected_faces\74506_face0.jpg,Black,Black,Male,30-39,"[1.2697769e-05 9.9984586e-01 1.0130282e-04 2.4967039e-07 4.6266255e-06
 1.7406857e-05 1.7896144e-05]",[4.6490906e-05 9.9977237e-01 1.4799691e-04 3.3191769e-05],[9.9999982e-01 1.3738696e-07],"[1.8881871e-06 9.5252959e-05 5.2142069e-03 4.5746213e-01 4.8177150e-01
 5.4106299e-02 1.3152550e-03 3.1678384e-05 1.7565480e-06]"
D:\Uni\Ulm\Master\Hiwi-Forschung-und-Lehre\FairFace\detected_faces\74545_face0.jpg,Black,Black,Male,20-29,"[2.0787686e-05 9.9923408e-01 5.2086340e-04 7.6512428e-08 2.2309373e-06
 1.9915913e-04 2.2734703e-05]",[8.9784298e-06 9.9994385e-01 1.6163086e-06 4.5496141e-05],[1.0000000e+00 2.0818302e-08],"[5.9719798e-09 2.2276787e-07 5.6295679e-04 5.0371462e-01 4.8402002e-01
 1.1650777e-02 5.0978226e-05 3.5613894e-07 6.3647643e-09]"
D:\Uni\Ulm\Master\Hiwi-Forschung-und-Lehre\FairFace\detected_faces\74574_face0.jpg,White,White,Male,30-39,"[9.4600070e-01 1.5599419e-04 3.6384869e-02 9.1303758e-05 2.9773821e-04
 1.6368901e-04 1.6905712e-02]",[0.98742    0.00151772 0.00689977 0.00416246],[9.9994433e-01 5.5719884e-05],"[1.20473055e-06 1.16996107e-05 1.50853978e-03 2.46282011e-01
 6.86068416e-01 6.54222146e-02 6.98462303e-04 7.34648893e-06
 1.03493136e-07]"
D:\Uni\Ulm\Master\Hiwi-Forschung-und-Lehre\FairFace\detected_faces\74577_face0.jpg,Black,Black,Male,30-39,"[2.2090198e-05 9.9830455e-01 1.5501942e-03 9.6322474e-08 2.8655675e-06
 9.0875692e-05 2.9341174e-05]",[7.8808052e-06 9.9962831e-01 1.5902540e-05 3.4784767e-04],[9.9999964e-01 3.1422528e-07],"[8.1008245e-08 2.4414976e-06 3.1859193e-03 3.2527217e-01 4.9007967e-01
 1.6970825e-01 1.1535169e-02 2.1330469e-04 2.9236933e-06]"
D:\Uni\Ulm\Master\Hiwi-Forschung-und-Lehre\FairFace\detected_faces\74769_face0.jpg,White,White,Male,30-39,"[9.4059104e-01 4.1811032e-05 8.1672184e-03 6.3308289e-06 1.4019569e-05
 2.7372103e-04 5.0905917e-02]",[9.9970156e-01 4.8544462e-05 1.3555139e-05 2.3629214e-04],[9.997126e-01 2.873697e-04],"[2.9980814e-07 4.3095820e-06 4.1306071e-04 3.1009173e-01 6.6610289e-01
 2.3294661e-02 9.2303308e-05 7.6548690e-07 1.8830535e-08]"
D:\Uni\Ulm\Master\Hiwi-Forschung-und-Lehre\FairFace\detected_faces\74873_face0.jpg,Middle Eastern,White,Male,30-39,"[2.9196283e-01 2.9127035e-04 9.9963890e-03 4.2763832e-06 1.8117184e-05
 2.0633037e-03 6.9566375e-01]",[9.9782681e-01 1.6336597e-04 2.3865489e-04 1.7711421e-03],[9.9997634e-01 2.3709084e-05],"[6.0904802e-07 5.9794306e-06 1.3007586e-04 6.6431008e-02 7.4701959e-01
 1.8415999e-01 2.2312193e-03 2.0856598e-05 7.0493519e-07]"
D:\Uni\Ulm\Master\Hiwi-Forschung-und-Lehre\FairFace\detected_faces\74915_face0.jpg,Middle Eastern,White,Male,30-39,"[1.99439563e-02 4.65911254e-03 1.83763709e-02 1.07444498e-06
 1.06215221e-05 1.13924914e-04 9.56894875e-01]",[0.92854404 0.0635958  0.00308298 0.00477708],[9.999955e-01 4.459443e-06],"[7.4738625e-07 9.6774138e-06 6.5984577e-04 5.7872269e-02 5.8480173e-01
 3.4396324e-01 1.2513515e-02 1.7623401e-04 2.7532703e-06]"
D:\Uni\Ulm\Master\Hiwi-Forschung-und-Lehre\FairFace\detected_faces\74958_face0.jpg,Latino_Hispanic,Black,Male,30-39,"[4.3128125e-02 9.2852481e-02 4.8553708e-01 6.8858630e-05 4.8352240e-04
 5.7477731e-02 3.2045218e-01]",[1.9667210e-01 7.0630997e-01 5.9109327e-04 9.6426852e-02],[9.999994e-01 5.500859e-07],"[9.6300141e-07 7.0906472e-06 1.0509002e-03 1.8166927e-01 5.9526271e-01
 2.0309882e-01 1.8257879e-02 6.4400648e-04 8.3915202e-06]"
D:\Uni\Ulm\Master\Hiwi-Forschung-und-Lehre\FairFace\detected_faces\75705_face0.jpg,White,White,Male,20-29,"[9.9549633e-01 2.6362916e-04 1.3470502e-03 1.0779253e-05 2.8520601e-05
 9.0300069e-05 2.7633468e-03]",[9.8350233e-01 1.5219639e-02 1.0121575e-04 1.1768062e-03],[0.94607246 0.05392753],"[1.9198399e-06 4.8912625e-04 7.0880540e-02 7.7106619e-01 1.4974406e-01
 7.3118107e-03 4.7547059e-04 2.7158749e-05 3.7623465e-06]"
D:\Uni\Ulm\Master\Hiwi-Forschung-und-Lehre\FairFace\detected_faces\75756_face0.jpg,White,White,Male,20-29,"[9.2249566e-01 6.8710389e-05 3.4644669e-03 1.6190470e-06 6.9386283e-06
 5.3918920e-05 7.3908709e-02]",[9.9496776e-01 1.8664420e-03 6.1363738e-04 2.5521787e-03],[9.9999875e-01 1.2174405e-06],"[3.0020868e-08 7.7891787e-07 2.1543317e-03 5.8091682e-01 3.9431995e-01
 2.2253919e-02 3.5065878e-04 3.5404805e-06 3.0266254e-08]"
D:\Uni\Ulm\Master\Hiwi-Forschung-und-Lehre\FairFace\detected_faces\75806_face0.jpg,Middle Eastern,White,Male,30-39,"[0.38774788 0.00081213 0.14364132 0.00052224 0.00102662 0.00688938
 0.45936048]",[0.97536606 0.00669339 0.00206789 0.0158727 ],[9.9996465e-01 3.5370300e-05],"[4.8942991e-07 4.1145704e-06 1.9778540e-04 9.0306975e-02 7.9860991e-01
 1.1022969e-01 6.4708589e-04 3.8297276e-06 4.8041432e-08]"
D:\Uni\Ulm\Master\Hiwi-Forschung-und-Lehre\FairFace\detected_faces\75835_face0.jpg,White,White,Male,20-29,"[7.2780830e-01 6.2539376e-04 6.6048533e-02 5.2669933e-05 2.3502420e-04
 4.7463414e-04 2.0475535e-01]",[9.9557072e-01 3.2029306e-03 6.6896371e-04 5.5739179e-04],[9.9999946e-01 5.1659163e-07],"[7.4818826e-07 6.4019459e-06 1.9584184e-03 5.6926167e-01 4.1940776e-01
 9.3137762e-03 4.9571689e-05 1.6531319e-06 3.1644607e-08]"
D:\Uni\Ulm\Master\Hiwi-Forschung-und-Lehre\FairFace\detected_faces\75866_face0.jpg,Indian,Indian,Male,40-49,"[7.8794146e-03 1.4450131e-02 1.7817011e-01 3.6057514e-05 3.7615898e-04
 5.5675960e-01 2.4232849e-01]",[0.0048838  0.10448317 0.00108957 0.8895435 ],[9.9998695e-01 1.3016489e-05],"[4.3519769e-05 5.3213711e-04 3.9407625e-03 3.6817528e-02 3.6677036e-01
 5.2828360e-01 6.3019209e-02 5.8471708e-04 8.1546086e-06]"
D:\Uni\Ulm\Master\Hiwi-Forschung-und-Lehre\FairFace\detected_faces\75900_face0.jpg,White,White,Male,30-39,"[8.4310049e-01 3.9843195e-05 4.3436326e-03 1.0731641e-04 2.2267408e-04
 1.5782366e-04 1.5202832e-01]",[9.9972832e-01 1.7312035e-05 1.5583159e-04 9.8526732e-05],[9.999302e-01 6.980401e-05],"[2.5595332e-06 7.9755719e-06 6.8040885e-04 1.7329346e-01 7.2799659e-01
 9.6720479e-02 1.2590035e-03 3.8270919e-05 1.1898836e-06]"
D:\Uni\Ulm\Master\Hiwi-Forschung-und-Lehre\FairFace\detected_faces\75994_face0.jpg,White,White,Male,30-39,"[9.9144465e-01 5.5343691e-05 1.7686588e-03 2.1087460e-06 1.5387353e-05
 8.1808372e-05 6.6321087e-03]",[9.9569732e-01 3.3225035e-03 1.7028771e-04 8.0984336e-04],[9.9999762e-01 2.4096778e-06],"[4.7917339e-08 1.1614434e-06 3.7299944e-04 3.0187348e-01 6.2979221e-01
 6.7324087e-02 6.3030492e-04 5.4698744e-06 1.6012100e-07]"
D:\Uni\Ulm\Master\Hiwi-Forschung-und-Lehre\FairFace\detected_faces\76027_face0.jpg,White,White,Male,30-39,"[7.8516185e-01 5.9351023e-05 9.3740374e-02 3.3800028e-05 1.2237683e-04
 9.6720261e-03 1.1121025e-01]",[9.915611e-01 5.167177e-05 2.877076e-05 8.358392e-03],[9.999687e-01 3.127208e-05],"[5.4763284e-08 2.4199014e-07 3.2885517e-05 3.7264578e-02 7.4521768e-01
 2.1521442e-01 2.2586051e-03 1.1449128e-05 1.4794973e-07]"
D:\Uni\Ulm\Master\Hiwi-Forschung-und-Lehre\FairFace\detected_faces\76029_face0.jpg,Middle Eastern,White,Male,30-39,"[3.0495375e-01 7.4362201e-03 6.5567210e-02 3.0804051e-05 9.4181494e-05
 9.0924911e-03 6.1282539e-01]",[0.8896081  0.06836196 0.00089411 0.0411358 ],[9.9999732e-01 2.6746632e-06],"[6.1423015e-07 1.4815821e-06 3.4703327e-05 2.2417206e-02 6.4388120e-01
 3.2893699e-01 4.6950686e-03 3.2421303e-05 3.2785630e-07]"
D:\Uni\Ulm\Master\Hiwi-Forschung-und-Lehre\FairFace\detected_faces\76032_face0.jpg,White,White,Male,20-29,"[3.8042063e-01 1.6146670e-04 8.9948475e-02 5.4291286e-05 2.2120275e-04
 2.0846970e-01 3.2072428e-01]",[9.1564810e-01 1.8022822e-04 9.5376898e-05 8.4076330e-02],[9.9999559e-01 4.4693757e-06],"[2.2168273e-05 1.2601274e-03 1.4986394e-02 5.8802158e-01 3.8187078e-01
 1.3803649e-02 3.4900193e-05 3.8678786e-07 4.8066608e-09]"
D:\Uni\Ulm\Master\Hiwi-Forschung-und-Lehre\FairFace\detected_faces\76038_face0.jpg,White,White,Male,20-29,"[9.7233546e-01 3.5572200e-05 5.8836476e-03 6.7014435e-07 3.1370878e-06
 7.0803777e-05 2.1670701e-02]",[9.9940860e-01 1.8848651e-04 1.1788275e-05 3.9102291e-04],[9.9999982e-01 1.8967141e-07],"[1.5610304e-08 1.0174739e-06 3.6623835e-04 5.0554782e-01 4.8364410e-01
 1.0424882e-02 1.5865920e-05 8.8450541e-08 8.4479335e-10]"
D:\Uni\Ulm\Master\Hiwi-Forschung-und-Lehre\FairFace\detected_faces\76048_face0.jpg,White,White,Male,20-29,"[7.4818510e-01 5.4983746e-05 8.5473005e-03 3.4269044e-05 4.5498946e-05
 4.0193636e-04 2.4273099e-01]",[9.9959230e-01 2.1387995e-04 7.8637990e-05 1.1514285e-04],[9.9999917e-01 7.8048589e-07],"[2.2689953e-06 2.0195926e-05 8.4145635e-04 5.5194360e-01 4.3620482e-01
 1.0926756e-02 6.0143444e-05 7.8223246e-07 1.5118300e-08]"
D:\Uni\Ulm\Master\Hiwi-Forschung-und-Lehre\FairFace\detected_faces\76063_face0.jpg,Latino_Hispanic,White,Male,30-39,"[0.25260022 0.00464436 0.5778793  0.002278   0.00430217 0.00802637
 0.15026952]",[0.96458805 0.00919947 0.01633073 0.00988175],[9.9999768e-01 2.3483096e-06],"[1.8524457e-05 4.4657438e-05 1.3599701e-03 1.4023949e-01 6.6808629e-01
 1.8402791e-01 6.1078663e-03 1.1405292e-04 1.1700555e-06]"
D:\Uni\Ulm\Master\Hiwi-Forschung-und-Lehre\FairFace\detected_faces\76081_face0.jpg,White,White,Male,30-39,"[9.4056809e-01 3.1792158e-06 1.1671932e-03 3.9221160e-07 1.9735842e-06
 4.7889471e-04 5.7780314e-02]",[9.9843246e-01 2.2308610e-05 7.1762142e-06 1.5379920e-03],[9.9963492e-01 3.6510738e-04],"[1.3809431e-07 1.1437447e-05 2.9518323e-03 4.0338117e-01 5.5081671e-01
 4.2565130e-02 2.7194581e-04 1.5877974e-06 6.2982970e-08]"
D:\Uni\Ulm\Master\Hiwi-Forschung-und-Lehre\FairFace\detected_faces\76087_face0.jpg,Middle Eastern,Indian,Male,30-39,"[1.5352155e-02 3.6154623e-04 1.4564020e-02 4.8648752e-07 3.2807550e-06
 1.8481500e-02 9.5123696e-01]",[4.8468134e-01 1.3172714e-02 9.1538139e-05 5.0205439e-01],[9.999987e-01 1.274666e-06],"[6.0008870e-07 2.6281309e-06 1.0660790e-04 6.2032413e-02 6.9096124e-01
 2.4255024e-01 4.2802827e-03 6.5243497e-05 6.7650512e-07]"
D:\Uni\Ulm\Master\Hiwi-Forschung-und-Lehre\FairFace\detected_faces\76095_face0.jpg,White,White,Male,30-39,"[7.8373986e-01 1.6347296e-04 3.4800991e-02 8.3089180e-05 7.0335023e-05
 9.2873379e-04 1.8021348e-01]",[0.9928927  0.0010459  0.00296696 0.00309449],[9.9999928e-01 6.8044113e-07],"[1.43124071e-05 1.08810600e-05 1.73427325e-04 2.05241218e-02
 5.71218133e-01 3.94571692e-01 1.33860139e-02 1.00932935e-04
 4.33997030e-07]"
D:\Uni\Ulm\Master\Hiwi-Forschung-und-Lehre\FairFace\detected_faces\76114_face0.jpg,Middle Eastern,White,Male,30-39,"[1.7124340e-01 3.2746245e-03 2.1597576e-01 3.1318671e-06 3.1526641e-05
 3.1521190e-03 6.0631949e-01]",[0.75869244 0.1714585  0.00299911 0.06684989],[9.999929e-01 7.125950e-06],"[5.2543548e-08 2.4877345e-06 1.0453872e-03 3.4544247e-01 6.2016106e-01
 3.3174016e-02 1.7374899e-04 7.4827699e-07 6.4585710e-09]"
D:\Uni\Ulm\Master\Hiwi-Forschung-und-Lehre\FairFace\detected_faces\76120_face0.jpg,Latino_Hispanic,White,Male,30-39,"[1.1344687e-01 8.7745532e-02 6.6817123e-01 4.5505902e-05 8.6250325e-04
 1.0410101e-01 2.5627367e-02]",[0.6575705  0.07665346 0.00323135 0.26254472],[0.99824554 0.00175444],"[2.1766870e-07 4.2532824e-06 7.8983133e-04 1.5142144e-01 7.2781980e-01
 1.1760518e-01 2.3331842e-03 2.5727126e-05 3.1472794e-07]"
D:\Uni\Ulm\Master\Hiwi-Forschung-und-Lehre\FairFace\detected_faces\76122_face0.jpg,White,White,Male,30-39,"[7.86065876e-01 6.45326436e-05 9.08668339e-02 1.13837217e-04
 2.90777185e-04 3.18353786e-03 1.19414605e-01]",[9.6713245e-01 6.4233592e-04 1.3933852e-03 3.0831832e-02],[9.9999738e-01 2.6055732e-06],"[2.8804595e-07 2.8245015e-06 3.9679083e-04 4.4334865e-01 5.4612398e-01
 1.0102112e-02 2.5173378e-05 2.3756802e-07 3.7013670e-09]"
D:\Uni\Ulm\Master\Hiwi-Forschung-und-Lehre\FairFace\detected_faces\76132_face0.jpg,Latino_Hispanic,White,Male,20-29,"[0.36361736 0.00461252 0.5122099  0.00141071 0.00725022 0.0039294
 0.10696993]",[0.7252234  0.09667681 0.0820446  0.09605505],[1.0000000e+00 7.0770816e-09],"[1.25606718e-07 1.86388006e-05 1.33875385e-02 8.24132979e-01
 1.59367144e-01 3.07876500e-03 1.46736711e-05 1.90930265e-07
 1.58919011e-09]"
D:\Uni\Ulm\Master\Hiwi-Forschung-und-Lehre\FairFace\detected_faces\76133_face0.jpg,White,White,Male,30-39,"[6.2625653e-01 2.1859172e-03 3.3710975e-02 9.3413168e-05 6.9491047e-04
 5.6986260e-04 3.3648843e-01]",[9.9673867e-01 1.9196320e-03 1.2338837e-04 1.2182869e-03],[1.0000000e+00 1.2327321e-08],"[1.4730979e-06 1.3930123e-05 9.9331187e-04 1.7142279e-01 6.4032829e-01
 1.8068114e-01 6.4413808e-03 1.1604667e-04 1.7216136e-06]"
D:\Uni\Ulm\Master\Hiwi-Forschung-und-Lehre\FairFace\detected_faces\76165_face0.jpg,White,White,Male,30-39,"[9.9961185e-01 5.3405333e-08 3.5811981e-06 3.7258505e-07 7.1414712e-07
 1.8459252e-07 3.8317518e-04]",[9.9999136e-01 2.8685940e-06 5.4159445e-06 4.2329722e-07],[9.9984252e-01 1.5743966e-04],"[4.3217801e-06 2.4825518e-05 1.1229392e-03 2.3608349e-01 7.0915759e-01
 5.3237472e-02 3.6530045e-04 3.8329181e-06 2.5256523e-07]"
D:\Uni\Ulm\Master\Hiwi-Forschung-und-Lehre\FairFace\detected_faces\76167_face0.jpg,White,White,Male,30-39,"[9.6492201e-01 1.4483504e-05 4.4006086e-03 1.7979407e-06 1.6695405e-05
 1.6381648e-04 3.0480647e-02]",[9.9783045e-01 1.3174106e-04 1.5957879e-04 1.8782333e-03],[9.9997032e-01 2.9651343e-05],"[8.7692902e-09 6.0578793e-07 3.6739235e-04 3.3953923e-01 6.4404660e-01
 1.6023653e-02 2.2434786e-05 7.4509110e-08 1.0672335e-09]"
D:\Uni\Ulm\Master\Hiwi-Forschung-und-Lehre\FairFace\detected_faces\76168_face0.jpg,Middle Eastern,White,Male,30-39,"[1.4078755e-02 4.7191349e-03 2.9869523e-02 6.9754278e-06 6.5743814e-05
 4.4607557e-03 9.4679910e-01]",[0.64166945 0.21848632 0.00109366 0.1387505 ],[9.9999619e-01 3.8368366e-06],"[2.53372514e-06 1.52042730e-05 3.07241717e-04 1.15647174e-01
 7.66678333e-01 1.15965866e-01 1.36513810e-03 1.82218082e-05
 2.33747969e-07]"
D:\Uni\Ulm\Master\Hiwi-Forschung-und-Lehre\FairFace\detected_faces\76265_face0.jpg,Latino_Hispanic,White,Male,30-39,"[9.9370196e-02 1.0786429e-03 5.6552863e-01 7.1136019e-05 3.9195930e-04
 7.4490234e-02 2.5906914e-01]",[9.3324006e-01 5.3324742e-04 1.6416754e-03 6.4585060e-02],[9.999997e-01 2.603612e-07],"[6.0702615e-07 6.9139428e-06 2.3539290e-04 5.1149931e-02 6.5993392e-01
 2.8381950e-01 4.8352447e-03 1.8463830e-05 9.0215707e-08]"
D:\Uni\Ulm\Master\Hiwi-Forschung-und-Lehre\FairFace\detected_faces\76343_face0.jpg,White,White,Male,20-29,"[8.2710713e-01 7.4994320e-04 1.0880066e-01 2.2584403e-05 1.0259200e-04
 7.4185274e-04 6.2475272e-02]",[9.9618942e-01 1.4561473e-03 5.4135478e-05 2.3003707e-03],[1.000000e+00 8.191172e-09],"[2.7894114e-07 6.6011708e-06 4.5665926e-03 4.8228157e-01 4.7888109e-01
 3.3887066e-02 3.7334263e-04 3.5045050e-06 1.9555889e-08]"
D:\Uni\Ulm\Master\Hiwi-Forschung-und-Lehre\FairFace\detected_faces\76345_face0.jpg,Middle Eastern,White,Male,30-39,"[1.10087514e-01 1.10147074e-02 2.12182790e-01 6.72284441e-05
 3.42115120e-04 3.31108235e-02 6.33194864e-01]",[0.75462174 0.07293519 0.00273051 0.16971257],[9.9999934e-01 5.9093065e-07],"[3.2343996e-07 1.0522101e-05 4.1294532e-04 3.0786827e-01 6.6948283e-01
 2.2186238e-02 3.8540456e-05 2.6002766e-07 2.7061300e-09]"
D:\Uni\Ulm\Master\Hiwi-Forschung-und-Lehre\FairFace\detected_faces\76481_face0.jpg,White,White,Male,30-39,"[7.7056968e-01 1.4098559e-03 2.7008308e-02 7.1796247e-05 1.3632351e-04
 1.8876759e-04 2.0061532e-01]",[9.9389338e-01 5.6164209e-03 1.4390370e-04 3.4625595e-04],[9.9935132e-01 6.4866734e-04],"[4.7327365e-05 4.5231791e-04 1.5114575e-02 3.4242597e-01 5.4587620e-01
 9.2295915e-02 3.7267935e-03 6.0223272e-05 6.8873516e-07]"
D:\Uni\Ulm\Master\Hiwi-Forschung-und-Lehre\FairFace\detected_faces\76632_face0.jpg,White,White,Male,20-29,"[0.56163734 0.11233738 0.25118858 0.00059327 0.0028068  0.0023995
 0.06903707]",[9.4502932e-01 5.3118315e-02 8.3664327e-04 1.0156940e-03],[9.9999946e-01 4.9716124e-07],"[4.9232858e-07 1.3212259e-04 3.5531726e-02 7.6680779e-01 1.9147496e-01
 5.9434338e-03 1.0801409e-04 1.4524747e-06 4.0938176e-08]"
D:\Uni\Ulm\Master\Hiwi-Forschung-und-Lehre\FairFace\detected_faces\77067_face0.jpg,Latino_Hispanic,White,Male,30-39,"[3.1582299e-01 4.6935724e-03 4.3237621e-01 2.6709406e-04 7.2695717e-04
 1.2360060e-02 2.3375307e-01]",[0.83065885 0.07531647 0.02829402 0.06573057],[9.9998838e-01 1.1646333e-05],"[1.3589262e-05 5.7030415e-05 7.4999069e-04 6.0463820e-02 5.8035183e-01
 3.3444926e-01 2.3538953e-02 3.7188342e-04 3.6798026e-06]"
D:\Uni\Ulm\Master\Hiwi-Forschung-und-Lehre\FairFace\detected_faces\77494_face0.jpg,Black,Indian,Male,30-39,"[2.7091210e-03 6.5311527e-01 1.2906261e-01 2.3145782e-05 4.3821096e-04
 1.8409501e-01 3.0556649e-02]",[0.04640275 0.45399565 0.00493809 0.49466354],[9.999902e-01 9.706995e-06],"[7.4653371e-08 1.2966208e-06 3.0004722e-04 1.1976092e-01 7.8271008e-01
 9.6439190e-02 7.8346906e-04 4.9360965e-06 6.1502725e-08]"
D:\Uni\Ulm\Master\Hiwi-Forschung-und-Lehre\FairFace\detected_faces\77512_face0.jpg,White,White,Male,20-29,"[9.7000569e-01 2.4774129e-06 2.0774729e-03 1.1050565e-05 1.9295780e-05
 1.3884225e-05 2.7870122e-02]",[9.9756473e-01 2.3519286e-04 3.4506913e-04 1.8549025e-03],[9.9999946e-01 5.9013939e-07],"[2.6454328e-09 1.1155207e-06 1.4179707e-02 9.4433933e-01 4.1144408e-02
 3.3478136e-04 7.1505644e-07 4.8762638e-09 6.2055923e-11]"
D:\Uni\Ulm\Master\Hiwi-Forschung-und-Lehre\FairFace\detected_faces\77644_face0.jpg,White,White,Male,30-39,"[7.7672970e-01 8.6283748e-04 1.9163072e-02 1.7784553e-04 2.9908886e-04
 8.5330568e-04 2.0191422e-01]",[0.99544746 0.00166879 0.00110898 0.0017748 ],[9.999983e-01 1.684968e-06],"[3.5401288e-05 2.5613117e-05 6.2170852e-04 8.5856646e-02 5.5922884e-01
 3.3050919e-01 2.2837648e-02 8.7136327e-04 1.3562317e-05]"
D:\Uni\Ulm\Master\Hiwi-Forschung-und-Lehre\FairFace\detected_faces\77653_face0.jpg,White,White,Male,30-39,"[8.38908613e-01 1.35052935e-04 1.04742154e-01 3.19312021e-05
 1.76079338e-04 1.38603579e-02 4.21456546e-02]",[9.4248825e-01 1.8201814e-04 1.3486895e-03 5.5981077e-02],[9.9999559e-01 4.4301055e-06],"[3.6075591e-07 8.1232783e-06 1.0671712e-03 3.1181628e-01 6.2237149e-01
 6.4041547e-02 6.9039635e-04 4.4836966e-06 6.1577971e-08]"
D:\Uni\Ulm\Master\Hiwi-Forschung-und-Lehre\FairFace\detected_faces\78152_face0.jpg,White,White,Male,30-39,"[9.9966413e-01 6.8150471e-06 1.6166744e-04 4.2380253e-07 1.4076878e-06
 2.3376617e-06 1.6315366e-04]",[9.996127e-01 2.696381e-04 3.874111e-05 7.899735e-05],[9.9999684e-01 3.1422690e-06],"[4.2489140e-07 5.7784873e-06 1.0586731e-03 2.6028442e-01 6.3212353e-01
 1.0361791e-01 2.8771635e-03 3.1300813e-05 7.0550760e-07]"
D:\Uni\Ulm\Master\Hiwi-Forschung-und-Lehre\FairFace\detected_faces\78368_face0.jpg,Middle Eastern,White,Male,30-39,"[2.8519577e-01 4.9416354e-04 1.9412206e-02 8.1312159e-05 2.9172964e-04
 2.6534899e-04 6.9425946e-01]",[9.9777317e-01 4.2077038e-04 1.2329165e-03 5.7314092e-04],[9.999922e-01 7.765003e-06],"[2.2422250e-06 1.0024145e-04 6.6818795e-03 2.9792714e-01 6.2702942e-01
 6.7527235e-02 7.2150439e-04 1.0166018e-05 1.7538795e-07]"
D:\Uni\Ulm\Master\Hiwi-Forschung-und-Lehre\FairFace\detected_faces\78382_face0.jpg,White,White,Male,20-29,"[0.4840537  0.00088698 0.46518436 0.00097625 0.0036301  0.00189855
 0.04337016]",[0.8841617  0.03222581 0.06413819 0.0194743 ],[1.0000000e+00 2.9124683e-08],"[1.67820513e-08 4.53449957e-06 1.62060000e-02 8.60905766e-01
 1.20481752e-01 2.38770153e-03 1.41619767e-05 1.01456195e-07
 8.36722802e-10]"
D:\Uni\Ulm\Master\Hiwi-Forschung-und-Lehre\FairFace\detected_faces\78454_face0.jpg,White,White,Male,30-39,"[7.8768784e-01 3.0946998e-02 5.3666946e-02 6.2160875e-06 5.1018993e-05
 1.8538637e-03 1.2578700e-01]",[0.8568568  0.14017352 0.00089289 0.00207672],[9.9982798e-01 1.7201366e-04],"[6.9141741e-08 2.0926652e-06 3.3850022e-04 1.5575281e-01 8.0743986e-01
 3.6124729e-02 3.3788293e-04 4.0024679e-06 1.0293015e-07]"
D:\Uni\Ulm\Master\Hiwi-Forschung-und-Lehre\FairFace\detected_faces\78477_face0.jpg,White,White,Male,30-39,"[8.1793898e-01 8.9952524e-04 1.5022378e-02 4.8539649e-05 1.6392648e-04
 3.9682299e-04 1.6552982e-01]",[9.9820036e-01 1.2044249e-03 3.0835491e-04 2.8682177e-04],[9.999926e-01 7.367616e-06],"[1.6212621e-06 2.5453279e-05 3.4257951e-03 4.5619714e-01 5.0297034e-01
 3.6327817e-02 1.0346395e-03 1.6841690e-05 3.4347840e-07]"
D:\Uni\Ulm\Master\Hiwi-Forschung-und-Lehre\FairFace\detected_faces\78517_face0.jpg,White,White,Male,30-39,"[9.9307781e-01 2.1638425e-05 4.3288795e-03 5.7140696e-05 1.3023653e-04
 1.0856679e-05 2.3733748e-03]",[9.9722463e-01 5.1856739e-04 1.5466660e-03 7.1014214e-04],[9.9997395e-01 2.6031676e-05],"[3.1766529e-06 6.6391061e-05 1.1236773e-02 1.7780364e-01 4.2375082e-01
 3.5795411e-01 2.8593607e-02 5.8489334e-04 6.5841559e-06]"
D:\Uni\Ulm\Master\Hiwi-Forschung-und-Lehre\FairFace\detected_faces\78520_face0.jpg,Middle Eastern,White,Male,20-29,"[9.9924691e-02 1.8216498e-03 2.3199370e-02 1.0378877e-06 7.2239109e-06
 1.2997572e-03 8.7374628e-01]",[9.6042049e-01 3.2533195e-02 5.9670001e-05 6.9866637e-03],[9.999920e-01 8.010639e-06],"[8.7698999e-07 1.6633063e-04 1.6443102e-02 6.2351024e-01 3.4435114e-01
 1.5370599e-02 1.5469670e-04 2.9303951e-06 3.9804373e-08]"
D:\Uni\Ulm\Master\Hiwi-Forschung-und-Lehre\FairFace\detected_faces\78609_face0.jpg,White,White,Male,30-39,"[9.1650605e-01 4.0367722e-06 7.2585692e-04 2.0108173e-06 7.5839876e-06
 1.4478112e-05 8.2739905e-02]",[9.99851048e-01 1.11498366e-05 2.98387422e-05 1.07977954e-04],[0.9982335 0.0017665],"[1.2388392e-07 3.0906131e-06 1.7904979e-03 3.8471541e-01 5.6865489e-01
 4.3787017e-02 1.0182667e-03 2.9967345e-05 6.8764530e-07]"
D:\Uni\Ulm\Master\Hiwi-Forschung-und-Lehre\FairFace\detected_faces\78621_face0.jpg,Black,Black,Male,30-39,"[8.0148466e-06 9.9931628e-01 1.0519256e-04 1.7161084e-07 6.1931614e-06
 5.2181439e-04 4.2326297e-05]",[9.3398530e-06 9.9990302e-01 1.6994452e-05 7.0663911e-05],[9.9998409e-01 1.5938771e-05],"[1.6466853e-07 2.8771487e-06 1.2635066e-03 3.2738173e-01 6.2344748e-01
 4.6695862e-02 1.1761150e-03 3.1083429e-05 1.0781131e-06]"
D:\Uni\Ulm\Master\Hiwi-Forschung-und-Lehre\FairFace\detected_faces\78768_face0.jpg,Middle Eastern,White,Male,20-29,"[1.0342731e-01 8.8505840e-05 3.2460451e-02 1.2712988e-04 2.3939788e-04
 1.1432925e-03 8.6251390e-01]",[9.6926671e-01 5.7231000e-04 6.9200653e-03 2.3240929e-02],[9.999929e-01 7.098605e-06],"[2.0946491e-07 1.1806479e-05 1.1463312e-02 8.1618923e-01 1.6897929e-01
 3.3353691e-03 2.0468138e-05 3.4845340e-07 5.4672444e-09]"
D:\Uni\Ulm\Master\Hiwi-Forschung-und-Lehre\FairFace\detected_faces\78781_face0.jpg,White,White,Male,30-39,"[9.9373001e-01 9.1073098e-06 1.2371389e-03 4.0980045e-05 1.0191950e-04
 2.3036762e-05 4.8576812e-03]",[9.9730951e-01 1.5651317e-03 1.0476878e-03 7.7637800e-05],[9.999997e-01 2.953695e-07],"[2.9132826e-07 1.0845750e-05 1.3418742e-03 3.5598576e-01 6.0756993e-01
 3.4688368e-02 3.9880368e-04 4.0132472e-06 9.0211167e-08]"
D:\Uni\Ulm\Master\Hiwi-Forschung-und-Lehre\FairFace\detected_faces\78881_face0.jpg,White,White,Male,30-39,"[9.9871784e-01 1.0858369e-04 3.7573976e-04 6.4805381e-06 3.0969961e-05
 2.5659918e-05 7.3465664e-04]",[9.9573720e-01 3.5647433e-03 2.5996834e-04 4.3813387e-04],[9.9999595e-01 4.0006926e-06],"[6.3698099e-07 4.4073036e-05 3.3015634e-03 4.7332138e-01 4.9461821e-01
 2.8151639e-02 5.4896018e-04 1.2694213e-05 9.1974823e-07]"
D:\Uni\Ulm\Master\Hiwi-Forschung-und-Lehre\FairFace\detected_faces\78891_face0.jpg,White,White,Male,30-39,"[9.9993187e-01 4.9947266e-06 4.2847409e-05 2.2365272e-07 2.0285622e-06
 7.5607466e-07 1.7148444e-05]",[9.9915862e-01 7.5227016e-04 5.4909753e-05 3.4258828e-05],[9.999942e-01 5.780544e-06],"[2.1380433e-06 7.6435332e-05 2.3235467e-03 2.9441932e-01 6.1384958e-01
 8.5183516e-02 4.0451232e-03 8.9715431e-05 1.0602626e-05]"
D:\Uni\Ulm\Master\Hiwi-Forschung-und-Lehre\FairFace\detected_faces\78893_face0.jpg,Black,Black,Male,30-39,"[5.8184713e-07 9.9999559e-01 3.3159458e-06 2.4758040e-09 1.3941555e-08
 1.7180504e-07 3.5903525e-07]",[7.0704692e-07 9.9999869e-01 2.2552335e-07 3.3145542e-07],[9.9925083e-01 7.4916566e-04],"[1.6685834e-06 1.0452951e-04 7.2916420e-03 4.0568846e-01 4.7557831e-01
 1.0862891e-01 2.6429913e-03 5.8943213e-05 4.5631427e-06]"
D:\Uni\Ulm\Master\Hiwi-Forschung-und-Lehre\FairFace\detected_faces\78939_face0.jpg,White,White,Male,30-39,"[9.9870306e-01 7.6995173e-07 2.5618127e-05 5.4483894e-07 2.4727747e-06
 8.8142366e-07 1.2666599e-03]",[9.9987209e-01 6.3861894e-06 8.9636735e-05 3.1923846e-05],[9.9999994e-01 5.5556782e-08],"[2.3763135e-07 4.3732402e-06 4.0125454e-04 2.7837801e-01 6.8648422e-01
 3.4577742e-02 1.5270931e-04 1.4685987e-06 3.4191757e-08]"
D:\Uni\Ulm\Master\Hiwi-Forschung-und-Lehre\FairFace\detected_faces\79403_face0.jpg,Black,Black,Male,20-29,"[9.3740510e-07 9.9995571e-01 2.9193408e-05 1.9867411e-08 8.6714675e-07
 1.2029384e-05 1.2787013e-06]",[5.0772462e-07 9.9999160e-01 1.3221505e-06 6.5835557e-06],[9.997673e-01 2.326359e-04],"[1.3987438e-09 6.1236659e-07 6.1649824e-03 7.9180640e-01 1.9969861e-01
 2.3176388e-03 1.1710813e-05 4.1879758e-08 1.0126096e-09]"
D:\Uni\Ulm\Master\Hiwi-Forschung-und-Lehre\FairFace\detected_faces\79423_face0.jpg,Middle Eastern,White,Male,30-39,"[4.7579281e-02 5.2644557e-04 2.3697175e-02 1.4514792e-05 5.4581065e-05
 5.3426524e-04 9.2759371e-01]",[0.90625995 0.08684624 0.00183471 0.00505908],[9.9998116e-01 1.8830106e-05],"[6.0760894e-06 1.3775268e-05 4.1523369e-04 7.5858831e-02 6.6110617e-01
 2.5408441e-01 8.2727056e-03 2.3913127e-04 3.7305012e-06]"
D:\Uni\Ulm\Master\Hiwi-Forschung-und-Lehre\FairFace\detected_faces\79626_face0.jpg,Middle Eastern,Indian,Male,40-49,"[2.09143758e-03 1.17625124e-04 2.72416626e-03 3.53246215e-08
 8.29937903e-07 7.20241899e-03 9.87863481e-01]",[1.3215783e-01 1.3703825e-02 2.0777470e-04 8.5393053e-01],[9.9999899e-01 1.0226593e-06],"[2.5283418e-07 3.2617294e-07 5.9229565e-06 3.0912599e-04 6.7045026e-02
 7.8615719e-01 1.4522092e-01 1.2449318e-03 1.6199800e-05]"
D:\Uni\Ulm\Master\Hiwi-Forschung-und-Lehre\FairFace\detected_faces\79636_face0.jpg,White,White,Male,20-29,"[9.8055148e-01 1.7888280e-05 1.8098411e-03 6.0848083e-06 2.7444152e-05
 7.0044669e-05 1.7517151e-02]",[9.9879098e-01 3.7423446e-04 1.9800289e-04 6.3677429e-04],[1.0000000e+00 1.3535048e-09],"[1.5757004e-06 1.4187866e-04 7.3700869e-03 6.0201114e-01 3.7998387e-01
 1.0451163e-02 3.9992192e-05 2.2962922e-07 2.2961935e-09]"
D:\Uni\Ulm\Master\Hiwi-Forschung-und-Lehre\FairFace\detected_faces\79644_face0.jpg,White,White,Male,30-39,"[9.8624581e-01 7.8110308e-05 6.3984427e-03 4.6140080e-06 2.3104378e-05
 9.9539827e-04 6.2545487e-03]",[9.9292052e-01 2.4454331e-03 1.5112942e-04 4.4828970e-03],[9.9997216e-01 2.7850352e-05],"[9.67152346e-07 1.32075611e-05 7.67459802e-04 1.04238816e-01
 6.50673985e-01 2.37254471e-01 7.01350626e-03 3.65333799e-05
 9.39940207e-07]"
D:\Uni\Ulm\Master\Hiwi-Forschung-und-Lehre\FairFace\detected_faces\79645_face0.jpg,Latino_Hispanic,White,Male,20-29,"[2.4234714e-01 3.9554858e-03 4.8430935e-01 9.5291514e-05 4.0801393e-04
 7.1972418e-03 2.6168749e-01]",[0.8073771  0.00808232 0.00918902 0.17535147],[9.999998e-01 1.329024e-07],"[4.4352660e-07 3.7026632e-06 8.0139225e-04 5.2226239e-01 4.4723627e-01
 2.9330479e-02 3.5771594e-04 7.5603116e-06 6.9656416e-08]"
D:\Uni\Ulm\Master\Hiwi-Forschung-und-Lehre\FairFace\detected_faces\79680_face0.jpg,Latino_Hispanic,White,Male,30-39,"[0.24860583 0.00141599 0.5111736  0.01667962 0.027576   0.0179576
 0.17659137]",[0.63374966 0.00148223 0.3325856  0.0321825 ],[9.999959e-01 4.105785e-06],"[2.7004397e-05 1.5839166e-04 1.2963524e-03 2.8995937e-01 6.6180807e-01
 4.6426855e-02 3.1706857e-04 6.7477495e-06 1.1355590e-07]"
D:\Uni\Ulm\Master\Hiwi-Forschung-und-Lehre\FairFace\detected_faces\79853_face0.jpg,Middle Eastern,White,Male,20-29,"[2.5704332e-02 3.1476887e-04 4.8062466e-02 1.1939889e-05 1.0295774e-04
 9.2976335e-03 9.1650587e-01]",[0.8346003  0.02767953 0.00200316 0.13571703],[9.9994993e-01 5.0104027e-05],"[6.4805243e-07 2.9089502e-05 2.1665297e-03 4.9198008e-01 4.8843196e-01
 1.7291844e-02 9.8712029e-05 1.1306137e-06 2.4680299e-08]"
D:\Uni\Ulm\Master\Hiwi-Forschung-und-Lehre\FairFace\detected_faces\79896_face0.jpg,White,White,Male,20-29,"[8.7226313e-01 1.1317297e-04 1.3839568e-02 5.1961444e-05 2.0482569e-04
 4.6030671e-04 1.1306702e-01]",[9.7564447e-01 6.9639198e-03 4.8949610e-04 1.6902084e-02],[9.993332e-01 6.668452e-04],"[8.8060389e-08 2.9776643e-06 2.0684472e-03 5.9039348e-01 3.9942840e-01
 8.0628367e-03 4.3175551e-05 5.8957528e-07 1.4784015e-08]"
D:\Uni\Ulm\Master\Hiwi-Forschung-und-Lehre\FairFace\detected_faces\80037_face0.jpg,Middle Eastern,White,Male,40-49,"[6.7800127e-02 8.4568112e-04 1.2097000e-01 4.9080502e-04 7.5572502e-04
 1.5022859e-02 7.9411477e-01]",[0.95036    0.00487173 0.01087875 0.03388952],[9.9996436e-01 3.5668818e-05],"[4.5917927e-06 6.7095325e-06 9.4661991e-05 1.2808493e-02 4.5423239e-01
 5.1430792e-01 1.8433563e-02 1.1077901e-04 9.7977966e-07]"
D:\Uni\Ulm\Master\Hiwi-Forschung-und-Lehre\FairFace\detected_faces\80057_face0.jpg,White,White,Male,30-39,"[5.2972400e-01 2.1432363e-03 1.2390344e-01 9.7695192e-05 2.9166616e-04
 3.8017265e-03 3.4003827e-01]",[0.98079735 0.01180438 0.00117891 0.00621932],[9.9995303e-01 4.6998644e-05],"[7.4836100e-07 1.7707103e-05 1.1170697e-03 3.1276119e-01 6.4896768e-01
 3.6885660e-02 2.4709827e-04 2.8144509e-06 5.2403127e-08]"
D:\Uni\Ulm\Master\Hiwi-Forschung-und-Lehre\FairFace\detected_faces\80074_face0.jpg,White,White,Male,30-39,"[3.9223453e-01 6.5871829e-04 2.1540470e-01 2.3847549e-04 5.3462276e-04
 6.4643053e-03 3.8446459e-01]",[0.9775567  0.00309274 0.00131608 0.0180345 ],[9.9999976e-01 2.4551144e-07],"[5.7281468e-06 7.8050522e-05 3.6331438e-03 4.3712360e-01 5.3263730e-01
 2.6260924e-02 2.5806925e-04 3.1593252e-06 3.0972046e-08]"
D:\Uni\Ulm\Master\Hiwi-Forschung-und-Lehre\FairFace\detected_faces\80110_face0.jpg,White,White,Male,20-29,"[9.5031059e-01 4.0609593e-06 2.2655793e-03 2.4691393e-05 4.6044261e-05
 9.3167102e-05 4.7255907e-02]",[9.9986291e-01 1.8492747e-05 3.2772026e-05 8.5807762e-05],[9.9999708e-01 2.8954532e-06],"[6.4777350e-07 4.9538248e-05 9.7376341e-03 4.8765156e-01 4.6832186e-01
 3.4033891e-02 2.0371593e-04 1.2241176e-06 2.0769393e-08]"
D:\Uni\Ulm\Master\Hiwi-Forschung-und-Lehre\FairFace\detected_faces\80118_face0.jpg,White,White,Male,30-39,"[4.94506776e-01 1.49311898e-02 2.44119480e-01 1.08614506e-04
 6.55546028e-04 1.75818091e-03 2.43920252e-01]",[0.98777187 0.00311059 0.00503505 0.0040825 ],[1.000000e+00 1.527468e-08],"[4.1981932e-07 9.3566860e-06 8.4719714e-04 3.0259269e-01 6.4867103e-01
 4.7437560e-02 4.3715176e-04 4.4850285e-06 4.1742176e-08]"
D:\Uni\Ulm\Master\Hiwi-Forschung-und-Lehre\FairFace\detected_faces\80203_face0.jpg,Middle Eastern,White,Male,20-29,"[2.6736224e-01 8.5924298e-04 1.7640334e-02 7.2784329e-05 1.9936300e-04
 3.1314272e-04 7.1355289e-01]",[9.9654603e-01 7.7632500e-04 4.3896108e-04 2.2386867e-03],[9.9999958e-01 4.6848808e-07],"[1.6537499e-06 9.5462681e-05 1.9008320e-02 7.9147154e-01 1.8626894e-01
 3.1328138e-03 2.0418462e-05 8.7373934e-07 1.2775924e-08]"
D:\Uni\Ulm\Master\Hiwi-Forschung-und-Lehre\FairFace\detected_faces\80406_face0.jpg,Middle Eastern,White,Male,30-39,"[8.5503437e-02 2.6412375e-04 4.2001031e-02 1.1539313e-04 4.9618038e-04
 4.4021448e-03 8.6721766e-01]",[0.9672169  0.00101051 0.00381272 0.02795991],[9.9981558e-01 1.8435418e-04],"[5.94603262e-06 2.70766439e-04 3.16747348e-03 1.15736425e-01
 7.22832799e-01 1.56386167e-01 1.59007311e-03 1.02039958e-05
 1.49394438e-07]"
D:\Uni\Ulm\Master\Hiwi-Forschung-und-Lehre\FairFace\detected_faces\80532_face0.jpg,Middle Eastern,White,Male,30-39,"[3.6830038e-01 4.1065491e-03 2.2300586e-01 3.2045918e-05 1.4632293e-04
 1.8784555e-02 3.8562435e-01]",[9.5686311e-01 2.7133131e-02 1.5520366e-04 1.5848590e-02],[9.9999464e-01 5.3869385e-06],"[9.9927502e-07 1.6854101e-05 9.5671142e-04 1.9595140e-01 7.2878754e-01
 7.3217370e-02 1.0561770e-03 1.2815158e-05 1.6395940e-07]"
D:\Uni\Ulm\Master\Hiwi-Forschung-und-Lehre\FairFace\detected_faces\80581_face0.jpg,Black,Black,Male,20-29,"[7.6651640e-06 9.9955291e-01 3.1768152e-05 1.2497614e-07 2.9136972e-06
 3.9959972e-04 4.9969567e-06]",[5.6564900e-06 9.9984258e-01 3.7903519e-06 1.4797856e-04],[0.9985259 0.0014741],"[1.2836990e-08 7.8834100e-06 1.2809004e-02 7.1707135e-01 2.6196304e-01
 7.9899244e-03 1.5699842e-04 1.7433381e-06 4.9910216e-08]"
D:\Uni\Ulm\Master\Hiwi-Forschung-und-Lehre\FairFace\detected_faces\80689_face0.jpg,White,White,Male,20-29,"[9.0474051e-01 2.8437719e-04 2.5078749e-02 6.6655419e-05 1.3033902e-04
 9.2327083e-04 6.8776064e-02]",[0.99473    0.00150603 0.00136302 0.00240092],[9.9999744e-01 2.5606803e-06],"[7.0750851e-08 6.5866243e-06 9.3691435e-04 5.0187773e-01 4.8688981e-01
 1.0264662e-02 2.4099121e-05 1.4412568e-07 2.5033908e-09]"
D:\Uni\Ulm\Master\Hiwi-Forschung-und-Lehre\FairFace\detected_faces\80691_face0.jpg,Middle Eastern,White,Male,30-39,"[3.7591505e-01 7.5434480e-04 1.5287007e-01 6.1173181e-05 2.6683882e-04
 3.4819257e-03 4.6665058e-01]",[9.9082094e-01 2.5887697e-04 5.0944719e-04 8.4107444e-03],[9.9999845e-01 1.5256808e-06],"[1.6671587e-06 4.6112924e-05 1.5606739e-03 2.8593308e-01 6.5743518e-01
 5.4681227e-02 3.3936169e-04 2.7031201e-06 3.1659205e-08]"
D:\Uni\Ulm\Master\Hiwi-Forschung-und-Lehre\FairFace\detected_faces\80802_face0.jpg,Middle Eastern,Black,Male,30-39,"[4.5171320e-02 6.9117723e-03 6.6831715e-02 4.3161895e-06 3.4685316e-05
 3.7080999e-03 8.7733805e-01]",[0.368199   0.6101203  0.00318777 0.01849303],[9.9999970e-01 2.7457835e-07],"[1.6644009e-06 1.3353719e-04 2.2342030e-03 4.0628362e-01 5.6443602e-01
 2.6814220e-02 9.5843949e-05 9.4158366e-07 9.8512851e-09]"
D:\Uni\Ulm\Master\Hiwi-Forschung-und-Lehre\FairFace\detected_faces\80842_face0.jpg,White,White,Male,20-29,"[7.8518826e-01 9.4262895e-04 1.6596830e-02 3.3607555e-06 1.7741488e-05
 4.2445571e-04 1.9682673e-01]",[9.8666149e-01 1.1352473e-02 2.1425460e-04 1.7717634e-03],[9.9999422e-01 5.8198584e-06],"[5.6327161e-07 1.8817347e-05 1.7057351e-03 6.4058501e-01 3.5067421e-01
 6.9742016e-03 4.0334988e-05 1.1478528e-06 2.2652010e-08]"
D:\Uni\Ulm\Master\Hiwi-Forschung-und-Lehre\FairFace\detected_faces\80995_face0.jpg,White,White,Male,30-39,"[9.3960744e-01 4.9245966e-05 9.5780808e-03 8.5471002e-05 2.6650319e-04
 1.2422340e-04 5.0289039e-02]",[9.9689978e-01 1.1026057e-03 1.3897099e-03 6.0788129e-04],[9.999909e-01 9.149132e-06],"[7.8809626e-07 2.3399118e-05 4.5561706e-04 9.2931852e-02 7.7481294e-01
 1.3118878e-01 5.8380695e-04 2.7443775e-06 4.6140649e-08]"
D:\Uni\Ulm\Master\Hiwi-Forschung-und-Lehre\FairFace\detected_faces\81150_face0.jpg,Middle Eastern,Black,Male,30-39,"[1.13621555e-01 6.51557222e-02 3.40206683e-01 2.04893819e-04
 2.36271555e-03 1.32788969e-02 4.65169519e-01]",[0.23141657 0.6067271  0.01376222 0.14809412],[9.9998170e-01 1.8318804e-05],"[5.2354580e-06 1.0315282e-04 2.4656784e-03 2.8407255e-01 6.4225799e-01
 7.0162974e-02 9.1437215e-04 1.7571349e-05 5.2810333e-07]"
D:\Uni\Ulm\Master\Hiwi-Forschung-und-Lehre\FairFace\detected_faces\81175_face0.jpg,White,White,Male,20-29,"[9.9997038e-01 1.7176714e-07 3.9704828e-06 5.1051856e-08 1.8837993e-07
 7.5783205e-08 2.5150212e-05]",[9.9999523e-01 2.9297751e-06 3.5067993e-07 1.4742867e-06],[9.9997997e-01 1.9996678e-05],"[1.7119499e-08 2.1710262e-06 2.7561414e-03 7.0420766e-01 2.8577226e-01
 7.1186437e-03 1.4189011e-04 1.2041500e-06 4.7494964e-08]"
D:\Uni\Ulm\Master\Hiwi-Forschung-und-Lehre\FairFace\detected_faces\81827_face0.jpg,White,White,Male,20-29,"[8.5904986e-01 4.9977280e-06 1.4398172e-02 8.6894062e-05 1.7872745e-04
 1.1626674e-04 1.2616502e-01]",[9.9692053e-01 4.1567336e-04 1.0377695e-03 1.6260447e-03],[9.9997705e-01 2.2963632e-05],"[1.1116354e-08 5.0980066e-07 1.9697498e-03 6.0862696e-01 3.8045368e-01
 8.9176260e-03 3.1276228e-05 2.2752386e-07 3.5316428e-09]"
D:\Uni\Ulm\Master\Hiwi-Forschung-und-Lehre\FairFace\detected_faces\81992_face0.jpg,White,White,Male,20-29,"[8.8868988e-01 4.7951622e-04 4.8711725e-02 7.9356014e-06 2.1877284e-05
 5.9947753e-03 5.6094248e-02]",[9.939378e-01 2.122879e-04 8.141358e-05 5.768501e-03],[9.9915600e-01 8.4398105e-04],"[6.3804231e-07 1.9297195e-05 3.8361060e-03 5.0566757e-01 4.8036516e-01
 1.0074306e-02 3.6401601e-05 5.4289819e-07 1.3686766e-08]"
D:\Uni\Ulm\Master\Hiwi-Forschung-und-Lehre\FairFace\detected_faces\82186_face0.jpg,White,White,Male,30-39,"[5.4673100e-01 7.2630873e-04 7.8136832e-02 2.8514689e-05 1.2758853e-04
 2.3979063e-03 3.7185189e-01]",[9.9001378e-01 1.8394812e-03 2.8387140e-04 7.8628557e-03],[9.9978071e-01 2.1925852e-04],"[1.5250051e-06 1.6191425e-05 7.6218881e-04 2.3603202e-01 7.1879864e-01
 4.4141363e-02 2.4543324e-04 2.6744592e-06 4.2558334e-08]"
D:\Uni\Ulm\Master\Hiwi-Forschung-und-Lehre\FairFace\detected_faces\82240_face0.jpg,Middle Eastern,White,Male,20-29,"[4.2193636e-02 3.7412875e-04 2.2994623e-01 6.2906656e-05 4.1408566e-04
 4.1540019e-02 6.8546897e-01]",[0.6220542  0.00580759 0.01414132 0.35799694],[9.9999899e-01 1.0272191e-06],"[1.0566893e-06 5.4313954e-05 7.0526199e-03 7.3824275e-01 2.4908246e-01
 5.5449200e-03 2.1568954e-05 3.0532564e-07 3.8300429e-09]"
D:\Uni\Ulm\Master\Hiwi-Forschung-und-Lehre\FairFace\detected_faces\82400_face0.jpg,Middle Eastern,White,Male,20-29,"[7.3746189e-02 1.4308979e-03 6.2462360e-02 2.1205738e-05 1.0477859e-04
 3.4753245e-03 8.5875922e-01]",[0.86445934 0.02696006 0.0029792  0.10560147],[9.999662e-01 3.378217e-05],"[7.75085667e-08 1.46435295e-05 1.03902593e-02 8.46964180e-01
 1.41890451e-01 7.39316223e-04 1.08467066e-06 1.63997314e-08
 3.22774224e-10]"
D:\Uni\Ulm\Master\Hiwi-Forschung-und-Lehre\FairFace\detected_faces\82401_face0.jpg,White,White,Male,30-39,"[7.8446490e-01 1.6063682e-04 5.3110007e-02 3.9830720e-05 9.4438605e-05
 1.5542430e-03 1.6057587e-01]",[9.9241221e-01 1.5066449e-03 3.2236811e-04 5.7587977e-03],[9.999924e-01 7.608897e-06],"[2.1724409e-07 1.8050945e-05 9.5753279e-04 3.5609996e-01 6.2491852e-01
 1.7965887e-02 3.9567767e-05 3.2484405e-07 4.6216164e-09]"
D:\Uni\Ulm\Master\Hiwi-Forschung-und-Lehre\FairFace\detected_faces\82474_face0.jpg,White,White,Male,30-39,"[9.9831343e-01 3.5245569e-06 3.9567560e-04 7.1878067e-06 9.5116166e-06
 7.7753242e-07 1.2699182e-03]",[9.9972093e-01 1.4704706e-04 1.1391771e-04 1.8107208e-05],[9.9999994e-01 5.2517905e-08],"[8.7682643e-08 4.0829746e-06 2.6141827e-03 3.8180682e-01 5.6818092e-01
 4.6917301e-02 4.7383187e-04 2.8037944e-06 2.2570301e-08]"
D:\Uni\Ulm\Master\Hiwi-Forschung-und-Lehre\FairFace\detected_faces\82497_face0.jpg,Latino_Hispanic,White,Male,30-39,"[2.0470582e-01 1.3638348e-02 6.5800822e-01 1.7753513e-04 7.1818638e-04
 3.8387100e-03 1.1891325e-01]",[0.89600503 0.07259143 0.01885113 0.01255245],[9.9995875e-01 4.1270094e-05],"[1.9658970e-05 1.3858524e-04 4.5125829e-03 3.2182673e-01 5.8886683e-01
 8.2363702e-02 2.2073078e-03 6.3663152e-05 9.6906547e-07]"
D:\Uni\Ulm\Master\Hiwi-Forschung-und-Lehre\FairFace\detected_faces\82555_face0.jpg,Middle Eastern,White,Male,30-39,"[3.0811307e-01 2.0791574e-03 2.5564337e-01 2.6540342e-04 5.0652085e-04
 6.3940965e-02 3.6945149e-01]",[9.4619536e-01 6.4631826e-03 3.4730573e-04 4.6994131e-02],[9.9991077e-01 8.9198096e-05],"[4.1132307e-06 2.5888476e-05 4.4278160e-04 1.9853364e-01 7.2632182e-01
 7.4090198e-02 5.7335949e-04 7.9992205e-06 1.8538589e-07]"
D:\Uni\Ulm\Master\Hiwi-Forschung-und-Lehre\FairFace\detected_faces\82566_face0.jpg,White,White,Male,30-39,"[9.9973577e-01 1.5751760e-06 9.3373710e-05 2.1862308e-08 9.6487383e-08
 1.9676609e-06 1.6717162e-04]",[9.9993539e-01 2.0769681e-05 6.2376017e-07 4.3246091e-05],[9.9995136e-01 4.8590420e-05],"[1.4846834e-08 4.9259404e-07 5.3077494e-04 3.0775002e-01 6.3194889e-01
 5.8867224e-02 8.9571497e-04 6.8121003e-06 1.3663730e-07]"
D:\Uni\Ulm\Master\Hiwi-Forschung-und-Lehre\FairFace\detected_faces\82703_face0.jpg,White,White,Male,20-29,"[9.9978936e-01 2.3795701e-06 1.4810211e-05 3.0604692e-08 1.7297130e-07
 6.2670665e-07 1.9267239e-04]",[9.9932963e-01 6.0274242e-04 7.8909525e-06 5.9743568e-05],[9.999929e-01 7.105981e-06],"[3.9068329e-08 1.4504831e-05 3.1720661e-03 6.1908895e-01 3.6553377e-01
 1.2125358e-02 6.4696673e-05 6.7406722e-07 2.5525447e-08]"
D:\Uni\Ulm\Master\Hiwi-Forschung-und-Lehre\FairFace\detected_faces\82798_face0.jpg,Middle Eastern,White,Male,20-29,"[7.6300636e-02 2.4606126e-05 4.1904680e-02 1.0746720e-05 4.1640342e-05
 1.5778124e-02 8.6593962e-01]",[9.0599573e-01 4.3109609e-04 3.9728478e-04 9.3175940e-02],[9.9999869e-01 1.3343143e-06],"[4.8128877e-06 7.0273505e-05 4.0342105e-03 5.5904698e-01 4.1697043e-01
 1.9749984e-02 1.2246869e-04 8.3476846e-07 7.7860856e-09]"
D:\Uni\Ulm\Master\Hiwi-Forschung-und-Lehre\FairFace\detected_faces\82891_face0.jpg,Middle Eastern,White,Male,30-39,"[1.2408216e-01 1.9488754e-04 5.2538551e-02 2.7251424e-05 8.3583880e-05
 3.4150050e-03 8.1965858e-01]",[0.7283282  0.01664854 0.00100961 0.25401363],[9.9999297e-01 7.0688034e-06],"[4.8340248e-06 3.3346025e-04 3.0053098e-02 4.2646661e-01 4.9899980e-01
 4.3595288e-02 5.3953845e-04 7.2662519e-06 8.7467285e-08]"
D:\Uni\Ulm\Master\Hiwi-Forschung-und-Lehre\FairFace\detected_faces\82943_face0.jpg,White,White,Male,20-29,"[9.79741693e-01 1.01592741e-04 1.06035341e-02 1.11232526e-04
 4.43578494e-04 3.77506687e-04 8.62081628e-03]",[0.99256384 0.00248257 0.00202335 0.00293024],[1.0000000e+00 3.0405596e-09],"[4.64885481e-08 6.30297882e-06 3.58602568e-03 6.26143992e-01
 3.57542068e-01 1.26206931e-02 1.00053934e-04 8.45601051e-07
 8.14396373e-09]"
D:\Uni\Ulm\Master\Hiwi-Forschung-und-Lehre\FairFace\detected_faces\83223_face0.jpg,Middle Eastern,White,Male,30-39,"[9.9468477e-02 2.3821284e-04 9.2235014e-02 4.2844269e-05 1.0731917e-04
 1.0321864e-02 7.9758626e-01]",[0.9627768  0.00390252 0.00200921 0.03131149],[9.9998605e-01 1.3938783e-05],"[4.0157770e-06 4.8594400e-05 4.6176827e-03 3.7530619e-01 5.6899673e-01
 5.0305136e-02 7.0872100e-04 1.2818662e-05 1.3064644e-07]"
D:\Uni\Ulm\Master\Hiwi-Forschung-und-Lehre\FairFace\detected_faces\83247_face0.jpg,Middle Eastern,White,Male,30-39,"[2.9071210e-02 1.4898590e-02 6.5290190e-02 2.7221236e-06 2.2809803e-05
 3.5371331e-03 8.8717735e-01]",[7.6900333e-01 1.9597010e-01 2.9632990e-04 3.4730323e-02],[9.9999803e-01 1.9851689e-06],"[3.5453902e-06 2.4423178e-04 2.3678090e-02 4.5352411e-01 4.6121442e-01
 6.0134940e-02 1.1764152e-03 2.3979324e-05 2.8380583e-07]"
D:\Uni\Ulm\Master\Hiwi-Forschung-und-Lehre\FairFace\detected_faces\83305_face0.jpg,Middle Eastern,White,Male,20-29,"[1.3478896e-01 7.2900979e-03 1.7072229e-01 3.9953055e-05 2.4149654e-04
 2.2696042e-03 6.8464750e-01]",[9.2731375e-01 6.1793014e-02 3.7857995e-04 1.0514695e-02],[9.9999994e-01 4.9023125e-08],"[8.8149335e-07 2.0895117e-04 2.2805087e-02 7.4338114e-01 2.2892003e-01
 4.6506133e-03 3.3069842e-05 2.7734086e-07 3.2635321e-09]"
D:\Uni\Ulm\Master\Hiwi-Forschung-und-Lehre\FairFace\detected_faces\83479_face0.jpg,White,White,Male,30-39,"[5.1574522e-01 3.9581577e-05 6.6642636e-03 2.2627996e-06 8.0846048e-06
 5.9521204e-04 4.7694540e-01]",[9.9243826e-01 1.3441446e-03 1.3987934e-04 6.0777068e-03],[9.99989808e-01 1.02133845e-05],"[1.7626184e-07 3.1523145e-06 9.9113407e-05 5.5442039e-02 8.2326698e-01
 1.2061529e-01 5.7153421e-04 1.6809762e-06 1.4774289e-08]"
D:\Uni\Ulm\Master\Hiwi-Forschung-und-Lehre\FairFace\detected_faces\83486_face0.jpg,White,White,Male,20-29,"[9.9998552e-01 5.4021740e-08 3.0581641e-06 5.0764562e-08 1.8717752e-07
 9.5194309e-08 1.0961848e-05]",[9.9999297e-01 4.7244475e-06 1.0679789e-06 1.2175235e-06],[9.999998e-01 1.992998e-07],"[1.17867822e-08 1.52360906e-06 3.18690855e-03 7.92569399e-01
 1.98123127e-01 6.06240658e-03 5.62139576e-05 3.38896825e-07
 1.12193135e-08]"
D:\Uni\Ulm\Master\Hiwi-Forschung-und-Lehre\FairFace\detected_faces\83506_face0.jpg,White,White,Male,20-29,"[8.0737936e-01 4.9203099e-04 1.1631793e-01 1.3689311e-04 3.6349034e-04
 5.1377300e-04 7.4796580e-02]",[9.9174368e-01 7.0037465e-03 6.1767519e-04 6.3487171e-04],[1.000000e+00 3.427376e-08],"[4.4484807e-08 1.2467659e-05 1.7864214e-02 9.0208226e-01 7.8987285e-02
 1.0490412e-03 4.6419050e-06 3.3751334e-08 3.3825190e-10]"
D:\Uni\Ulm\Master\Hiwi-Forschung-und-Lehre\FairFace\detected_faces\83602_face0.jpg,White,White,Male,20-29,"[7.2898430e-01 3.7796728e-04 1.5326586e-01 5.7104195e-04 1.4409430e-03
 1.7335541e-03 1.1362616e-01]",[9.9586946e-01 8.8334689e-04 1.1794297e-03 2.0677941e-03],[9.9999923e-01 7.4643543e-07],"[2.86369698e-07 4.71720123e-05 1.17530115e-02 7.33455777e-01
 2.41920605e-01 1.26698036e-02 1.51932894e-04 1.44078774e-06
 1.69620140e-08]"
D:\Uni\Ulm\Master\Hiwi-Forschung-und-Lehre\FairFace\detected_faces\83618_face0.jpg,White,White,Male,30-39,"[7.1513575e-01 1.5979506e-03 3.4142073e-02 8.2971739e-05 1.5163673e-04
 1.4598692e-04 2.4874367e-01]",[9.8720235e-01 1.1949146e-02 8.7701308e-05 7.6086837e-04],[9.9999464e-01 5.3683480e-06],"[5.2995333e-06 3.4007295e-05 8.8679540e-04 2.0441462e-01 6.9926453e-01
 9.3445487e-02 1.9125625e-03 3.5821980e-05 8.3794987e-07]"
D:\Uni\Ulm\Master\Hiwi-Forschung-und-Lehre\FairFace\detected_faces\83687_face0.jpg,White,White,Male,20-29,"[9.6902013e-01 2.1370468e-04 4.2905905e-03 7.4811505e-06 3.7018232e-05
 2.2185280e-04 2.6209237e-02]",[9.9919653e-01 3.3423706e-04 1.4414421e-05 4.5490189e-04],[9.9994767e-01 5.2324969e-05],"[1.4702943e-07 1.1798160e-05 4.9761678e-03 6.9755518e-01 2.9005203e-01
 7.3032784e-03 9.9775796e-05 1.5471760e-06 4.5387679e-08]"
D:\Uni\Ulm\Master\Hiwi-Forschung-und-Lehre\FairFace\detected_faces\83701_face0.jpg,White,White,Male,20-29,"[9.9999118e-01 2.6514311e-07 9.3899166e-07 1.0004777e-06 3.0466965e-06
 3.9615454e-08 3.4962427e-06]",[9.9989271e-01 2.9255245e-05 7.6997530e-05 1.0003885e-06],[9.999996e-01 4.113566e-07],"[3.3662808e-08 3.7256823e-06 3.1945137e-03 5.4150063e-01 3.7943986e-01
 6.9384463e-02 6.3478812e-03 1.2377716e-04 5.1082852e-06]"
D:\Uni\Ulm\Master\Hiwi-Forschung-und-Lehre\FairFace\detected_faces\83704_face0.jpg,White,White,Male,30-39,"[5.6712717e-01 3.6998276e-04 3.0815024e-02 1.9293714e-06 1.4448176e-05
 1.1614878e-02 3.9005652e-01]",[9.8402411e-01 2.7243266e-04 3.6699446e-05 1.5666841e-02],[9.9978715e-01 2.1290297e-04],"[1.6096901e-07 3.7029351e-06 2.9979940e-04 1.6920756e-01 7.6321107e-01
 6.6897415e-02 3.7819223e-04 2.0208927e-06 5.3634672e-08]"
D:\Uni\Ulm\Master\Hiwi-Forschung-und-Lehre\FairFace\detected_faces\83708_face0.jpg,White,White,Male,40-49,"[6.2407374e-01 2.4948249e-04 6.7372352e-02 3.7858044e-03 2.5701735e-03
 4.0051900e-04 3.0154794e-01]",[9.9141496e-01 6.2404393e-04 7.4717342e-03 4.8923376e-04],[9.9999958e-01 3.5549868e-07],"[5.3443960e-06 7.8296907e-06 1.6340225e-04 1.9329246e-02 4.2456841e-01
 5.1695019e-01 3.8469136e-02 5.0427805e-04 2.1606907e-06]"
D:\Uni\Ulm\Master\Hiwi-Forschung-und-Lehre\FairFace\detected_faces\83713_face0.jpg,White,White,Male,30-39,"[9.4120657e-01 4.4290780e-05 2.8344056e-02 5.0520147e-03 9.0019638e-03
 4.9495691e-04 1.5856082e-02]",[0.9296507  0.03045126 0.03758855 0.00230948],[9.9999708e-01 2.9232917e-06],"[4.9725236e-06 3.2473670e-04 2.1410486e-02 3.4705451e-01 5.4913014e-01
 7.9784863e-02 2.2694713e-03 2.0466417e-05 3.0500081e-07]"
D:\Uni\Ulm\Master\Hiwi-Forschung-und-Lehre\FairFace\detected_faces\83714_face0.jpg,White,White,Male,20-29,"[9.9702501e-01 2.0624736e-06 5.2426563e-04 7.5234010e-07 1.4348806e-06
 2.4902924e-05 2.4215877e-03]",[9.9995697e-01 1.3604395e-06 1.5986857e-06 4.0072191e-05],[9.9998033e-01 1.9737430e-05],"[3.5387819e-07 4.7983347e-05 5.9659937e-03 6.5354234e-01 3.2951543e-01
 1.0903972e-02 2.3778197e-05 1.4065380e-07 3.2753642e-09]"
D:\Uni\Ulm\Master\Hiwi-Forschung-und-Lehre\FairFace\detected_faces\83816_face0.jpg,White,White,Male,30-39,"[7.5413412e-01 1.3528339e-04 6.9145530e-02 9.1458576e-05 1.7667006e-04
 4.0021553e-04 1.7591669e-01]",[9.9844915e-01 3.5619704e-04 6.6719826e-05 1.1278878e-03],[9.9998647e-01 1.3464354e-05],"[3.33282657e-07 1.40048533e-05 2.11530458e-03 4.41550046e-01
 5.41646004e-01 1.46218827e-02 5.18228844e-05 6.27294639e-07
 1.06442855e-08]"
D:\Uni\Ulm\Master\Hiwi-Forschung-und-Lehre\FairFace\detected_faces\83848_face0.jpg,White,White,Male,30-39,"[5.6112683e-01 2.3547523e-03 3.3169472e-01 9.9255674e-05 2.4804627e-04
 1.9472870e-03 1.0252920e-01]",[9.9269724e-01 5.2305297e-03 3.6174784e-04 1.7104151e-03],[9.9998635e-01 1.3612865e-05],"[4.7304093e-07 7.0398419e-06 7.6035806e-04 2.0596178e-01 7.1619278e-01
 7.6533534e-02 5.4015970e-04 3.9266110e-06 3.7291493e-08]"
D:\Uni\Ulm\Master\Hiwi-Forschung-und-Lehre\FairFace\detected_faces\83864_face0.jpg,Middle Eastern,White,Male,30-39,"[2.1179844e-01 9.1112014e-03 1.4170934e-01 4.6213081e-05 4.3716200e-04
 4.1408031e-03 6.3275683e-01]",[9.1741216e-01 6.9198303e-02 2.8569656e-04 1.3103864e-02],[1.0000000e+00 2.7039135e-08],"[1.2255405e-06 1.4018560e-05 7.3263090e-04 2.2458692e-01 6.9400293e-01
 7.9661705e-02 9.8331121e-04 1.7134025e-05 1.7027807e-07]"
D:\Uni\Ulm\Master\Hiwi-Forschung-und-Lehre\FairFace\detected_faces\83945_face0.jpg,Middle Eastern,Indian,Male,20-29,"[1.0525150e-02 2.3898037e-06 3.0603092e-03 8.8731622e-06 2.3430166e-05
 6.1700814e-03 9.8020977e-01]",[4.6848541e-01 4.1641575e-05 1.6192147e-03 5.2985370e-01],[9.999998e-01 1.978878e-07],"[2.2471971e-08 6.8597833e-06 6.5230201e-03 9.1349512e-01 7.9338342e-02
 6.3584530e-04 7.7152333e-07 9.9158228e-09 1.1356030e-10]"
D:\Uni\Ulm\Master\Hiwi-Forschung-und-Lehre\FairFace\detected_faces\84068_face0.jpg,Middle Eastern,White,Male,20-29,"[2.1980377e-02 6.3430154e-05 1.6113499e-02 3.8713720e-06 2.5109179e-05
 1.4537874e-03 9.6035993e-01]",[9.5471668e-01 1.1661898e-02 2.9827922e-04 3.3323057e-02],[9.999999e-01 6.840723e-08],"[3.6087616e-08 9.6003478e-06 1.8111955e-02 7.3670548e-01 2.3770721e-01
 7.4181855e-03 4.6948662e-05 5.8908273e-07 5.1656333e-09]"
D:\Uni\Ulm\Master\Hiwi-Forschung-und-Lehre\FairFace\detected_faces\84075_face0.jpg,Middle Eastern,White,Male,30-39,"[3.6452499e-01 1.8694689e-03 2.1857341e-01 3.6168532e-04 9.3905075e-04
 8.8555012e-03 4.0487599e-01]",[0.95023113 0.01818651 0.0096511  0.02193131],[9.998142e-01 1.858249e-04],"[1.5131546e-06 2.3827526e-05 1.2129314e-03 1.8303747e-01 7.1768558e-01
 9.7330011e-02 7.0435839e-04 4.1701705e-06 9.2287976e-08]"
D:\Uni\Ulm\Master\Hiwi-Forschung-und-Lehre\FairFace\detected_faces\84251_face0.jpg,Middle Eastern,White,Male,30-39,"[3.8078183e-01 6.1160819e-05 1.2079636e-01 1.7629600e-04 7.3951634e-04
 1.9668065e-02 4.7777677e-01]",[9.5177090e-01 4.0869875e-04 1.8598462e-03 4.5960527e-02],[9.99878585e-01 1.21405144e-04],"[3.6644244e-07 1.0953474e-05 9.3725882e-04 2.2521098e-01 7.1520078e-01
 5.8243018e-02 3.9390379e-04 2.6270006e-06 6.0627301e-08]"
D:\Uni\Ulm\Master\Hiwi-Forschung-und-Lehre\FairFace\detected_faces\84258_face0.jpg,Middle Eastern,White,Male,40-49,"[6.4508379e-02 3.1915244e-03 7.3526397e-02 1.2135045e-04 6.7158701e-04
 1.9193526e-02 8.3878720e-01]",[0.59144425 0.01731267 0.00347613 0.38776693],[9.9999875e-01 1.2421037e-06],"[9.9196200e-07 5.8042101e-06 6.4645239e-05 8.3602965e-03 3.7788880e-01
 5.9542203e-01 1.8077666e-02 1.7845487e-04 1.3219988e-06]"
D:\Uni\Ulm\Master\Hiwi-Forschung-und-Lehre\FairFace\detected_faces\84293_face0.jpg,White,White,Male,30-39,"[5.6863916e-01 3.3294788e-04 9.4885148e-02 2.3138096e-05 6.4555214e-05
 1.0042224e-03 3.3505073e-01]",[9.8926830e-01 3.7282782e-03 3.1743009e-04 6.6860062e-03],[9.9999976e-01 2.5243571e-07],"[1.2871492e-06 4.4982593e-05 2.4366297e-03 4.0898436e-01 5.6767237e-01
 2.0770203e-02 8.9526933e-05 6.1134415e-07 6.0409495e-09]"
D:\Uni\Ulm\Master\Hiwi-Forschung-und-Lehre\FairFace\detected_faces\84298_face0.jpg,White,White,Male,30-39,"[8.7164015e-01 9.0069128e-03 3.7554651e-02 2.5031848e-06 1.4219326e-05
 6.3470571e-04 8.1146911e-02]",[9.7672880e-01 2.1721400e-02 1.7358539e-05 1.5324727e-03],[9.9999857e-01 1.4403774e-06],"[3.3529304e-06 6.8789624e-05 5.4415077e-04 2.2462246e-01 7.2924680e-01
 4.5278545e-02 2.3387572e-04 2.0338566e-06 3.4798621e-08]"
D:\Uni\Ulm\Master\Hiwi-Forschung-und-Lehre\FairFace\detected_faces\84484_face0.jpg,Middle Eastern,White,Male,20-29,"[2.1537112e-01 1.3294367e-03 5.5063397e-02 9.6594076e-06 4.3980428e-05
 5.1633280e-04 7.2766608e-01]",[9.6251243e-01 3.3605181e-02 4.6919627e-04 3.4131710e-03],[9.9991834e-01 8.1629471e-05],"[5.1188647e-07 2.2885461e-05 2.0748235e-03 5.0519753e-01 4.8085043e-01
 1.1802639e-02 5.0741615e-05 4.6492588e-07 1.0418203e-08]"
D:\Uni\Ulm\Master\Hiwi-Forschung-und-Lehre\FairFace\detected_faces\84531_face0.jpg,White,White,Male,30-39,"[5.3610474e-01 2.1635306e-04 5.5380587e-02 3.5162849e-04 4.5562244e-04
 2.0694399e-04 4.0728417e-01]",[9.9762052e-01 4.2381426e-04 1.6839927e-03 2.7161138e-04],[9.9999863e-01 1.3472276e-06],"[1.5922168e-06 3.2043048e-05 2.1772706e-03 3.3151177e-01 6.3300055e-01
 3.3041283e-02 2.3258134e-04 2.9187818e-06 3.3888952e-08]"
D:\Uni\Ulm\Master\Hiwi-Forschung-und-Lehre\FairFace\detected_faces\84539_face0.jpg,White,White,Male,30-39,"[4.5888123e-01 2.0843321e-03 3.9276510e-01 9.8632008e-06 9.8193996e-05
 9.4508417e-03 1.3671042e-01]",[0.95638824 0.01201076 0.00220752 0.02939344],[9.9999982e-01 2.0703398e-07],"[1.3315372e-08 2.4248843e-07 1.3830284e-04 4.1256210e-01 5.7554191e-01
 1.1734698e-02 2.2602073e-05 1.6183432e-07 1.3648247e-09]"
D:\Uni\Ulm\Master\Hiwi-Forschung-und-Lehre\FairFace\detected_faces\84844_face0.jpg,White,White,Male,30-39,"[9.9959069e-01 2.1903265e-06 5.8290349e-05 1.6342908e-07 6.9602572e-07
 1.6402681e-06 3.4637714e-04]",[9.9994284e-01 4.5974270e-05 1.1381419e-06 9.9793151e-06],[9.9999863e-01 1.3646879e-06],"[9.6202832e-09 3.5136370e-07 3.2703183e-04 4.0357786e-01 5.7529730e-01
 2.0643041e-02 1.5282586e-04 1.4885134e-06 3.8493688e-08]"
D:\Uni\Ulm\Master\Hiwi-Forschung-und-Lehre\FairFace\detected_faces\84854_face0.jpg,Black,Black,Male,20-29,"[6.5661687e-04 8.8922107e-01 1.0095779e-01 8.3183688e-05 5.1637231e-03
 2.0587551e-03 1.8588197e-03]",[4.6152403e-04 9.9801970e-01 1.1423989e-03 3.7638331e-04],[9.9999994e-01 5.6252105e-08],"[1.4979952e-08 1.1393560e-06 1.1693239e-02 8.7253571e-01 1.1386581e-01
 1.8883812e-03 1.5446192e-05 2.7621712e-07 4.1431338e-09]"
D:\Uni\Ulm\Master\Hiwi-Forschung-und-Lehre\FairFace\detected_faces\84972_face0.jpg,White,White,Male,40-49,"[7.8405517e-01 2.4493758e-04 1.2900604e-01 1.1374025e-03 2.7105033e-03
 5.7653864e-03 7.7080637e-02]",[9.8768258e-01 6.3813961e-04 8.1112962e-03 3.5679622e-03],[9.9998999e-01 1.0023117e-05],"[9.0742324e-05 1.4122848e-04 1.2307048e-03 4.2107351e-02 4.3434468e-01
 4.6564233e-01 5.5638678e-02 7.9700234e-04 7.2918328e-06]"
D:\Uni\Ulm\Master\Hiwi-Forschung-und-Lehre\FairFace\detected_faces\85058_face0.jpg,White,White,Male,30-39,"[9.8975843e-01 8.6170849e-06 4.0170494e-03 5.3428556e-04 7.1285601e-04
 5.2460382e-05 4.9161324e-03]",[9.9748170e-01 1.9004740e-04 1.9301589e-03 3.9804596e-04],[9.9999905e-01 8.9749534e-07],"[5.10799453e-07 1.20445775e-05 1.51315960e-03 4.51366693e-01
 5.24655402e-01 2.21924111e-02 2.57854583e-04 1.95036955e-06
 3.95283095e-08]"
D:\Uni\Ulm\Master\Hiwi-Forschung-und-Lehre\FairFace\detected_faces\85090_face0.jpg,Middle Eastern,White,Male,20-29,"[3.6378205e-01 6.3489337e-04 1.5733892e-01 6.5717628e-05 2.5524764e-04
 2.8733532e-03 4.7504979e-01]",[0.89174247 0.00840486 0.00116154 0.09869108],[9.9999684e-01 3.1810680e-06],"[5.0281471e-07 1.9277304e-05 4.4320128e-03 6.1132860e-01 3.7425330e-01
 9.8961666e-03 6.9252252e-05 8.7025450e-07 1.2977567e-08]"
D:\Uni\Ulm\Master\Hiwi-Forschung-und-Lehre\FairFace\detected_faces\85222_face0.jpg,White,White,Male,20-29,"[9.9214584e-01 7.8296853e-06 1.2703257e-03 2.6965097e-03 1.2658585e-03
 1.0386204e-05 2.6033076e-03]",[9.5016938e-01 1.7269509e-05 4.9742103e-02 7.1181712e-05],[9.998686e-01 1.314239e-04],"[3.0273677e-07 3.0311783e-05 1.0250947e-02 6.9686836e-01 2.8973225e-01
 3.1037065e-03 1.3913008e-05 2.1316103e-07 4.9219508e-09]"
D:\Uni\Ulm\Master\Hiwi-Forschung-und-Lehre\FairFace\detected_faces\85859_face0.jpg,Latino_Hispanic,White,Male,20-29,"[6.3563935e-02 1.8354021e-01 6.6616672e-01 3.0481449e-05 8.5041428e-04
 8.5113272e-03 7.7336863e-02]",[0.44036666 0.43451667 0.00455989 0.12055676],[9.9999714e-01 2.8793606e-06],"[1.0019188e-06 7.4044779e-05 2.2819085e-02 6.1556828e-01 3.2476628e-01
 3.5205185e-02 1.5136875e-03 5.1946088e-05 4.7540721e-07]"
D:\Uni\Ulm\Master\Hiwi-Forschung-und-Lehre\FairFace\detected_faces\86020_face0.jpg,White,White,Male,20-29,"[5.8653796e-01 1.9984107e-04 8.9971036e-02 1.2424694e-04 3.6410021e-04
 2.5093637e-03 3.2029346e-01]",[0.97917175 0.00486049 0.00145994 0.01450777],[9.9983698e-01 1.6301069e-04],"[1.6629906e-07 2.5066399e-06 1.0618567e-03 5.0692230e-01 4.7807273e-01
 1.3858203e-02 8.1104125e-05 1.1183391e-06 3.5048483e-08]"
D:\Uni\Ulm\Master\Hiwi-Forschung-und-Lehre\FairFace\detected_faces\86364_face0.jpg,White,White,Male,30-39,"[5.3245807e-01 3.6717727e-04 1.7959568e-01 2.4097382e-04 5.4247223e-04
 2.2151427e-02 2.6464421e-01]",[0.94308364 0.00373569 0.00163121 0.05154952],[9.9994379e-01 5.6246783e-05],"[5.0991417e-07 7.2942535e-06 2.2380672e-04 1.5085556e-01 7.8771645e-01
 6.0941041e-02 2.5436628e-04 9.5325493e-07 1.5089336e-08]"
D:\Uni\Ulm\Master\Hiwi-Forschung-und-Lehre\FairFace\detected_faces\86389_face0.jpg,White,White,Male,30-39,"[9.81853366e-01 6.59264188e-05 7.87521887e-04 5.73180068e-06
 1.71424163e-05 1.04504325e-04 1.71658378e-02]",[9.9770373e-01 1.5298032e-03 7.4971040e-06 7.5900560e-04],[9.9967158e-01 3.2844802e-04],"[2.45389992e-06 1.09549284e-04 1.87069969e-03 1.33808479e-01
 7.92454779e-01 7.05522373e-02 1.18301273e-03 1.73969402e-05
 1.38926862e-06]"
D:\Uni\Ulm\Master\Hiwi-Forschung-und-Lehre\FairFace\detected_faces\86528_face0.jpg,White,White,Male,30-39,"[9.6094805e-01 2.4565661e-05 2.2205701e-02 2.4743332e-04 1.6889490e-04
 7.1919319e-05 1.6333491e-02]",[9.9969465e-01 1.2907862e-04 8.7024004e-05 8.9233676e-05],[9.9999946e-01 5.4736211e-07],"[1.8334785e-07 4.9744331e-06 1.6558096e-03 3.3628386e-01 6.2413049e-01
 3.7673734e-02 2.4988441e-04 1.0499948e-06 7.3014976e-09]"
D:\Uni\Ulm\Master\Hiwi-Forschung-und-Lehre\FairFace\detected_faces\86988_face0.jpg,Middle Eastern,Indian,Male,40-49,"[2.2846060e-02 1.9426082e-03 4.9658444e-02 1.5038514e-06 1.8720259e-05
 4.9399242e-02 8.7613338e-01]",[2.8209159e-02 2.3009952e-02 1.3691622e-04 9.4864392e-01],[9.9985427e-01 1.4572834e-04],"[2.3021983e-06 7.0096394e-06 1.3791918e-04 3.2992365e-03 1.6575299e-01
 6.7434627e-01 1.5522709e-01 1.2105253e-03 1.6676049e-05]"
D:\Uni\Ulm\Master\Hiwi-Forschung-und-Lehre\FairFace\detected_faces\87185_face0.jpg,White,White,Male,20-29,"[9.9139255e-01 4.0931518e-06 3.5948135e-04 4.0075188e-06 1.1428404e-05
 2.2810443e-06 8.2261488e-03]",[9.9903309e-01 6.9480983e-04 2.4668261e-04 2.5467878e-05],[9.9999982e-01 1.7077518e-07],"[5.7923211e-07 2.6694996e-05 4.1273832e-03 5.7451081e-01 4.1009307e-01
 1.1191367e-02 4.9436618e-05 6.5612062e-07 1.7601382e-08]"
D:\Uni\Ulm\Master\Hiwi-Forschung-und-Lehre\FairFace\detected_faces\87223_face0.jpg,White,White,Male,20-29,"[0.6052314  0.02586512 0.25277233 0.00071087 0.00311233 0.00073806
 0.11156987]",[0.7179708  0.25501838 0.02551176 0.0014991 ],[9.9999905e-01 9.6049121e-07],"[2.5970005e-06 9.3134207e-05 9.6062440e-03 6.2355256e-01 3.5287735e-01
 1.3599137e-02 2.6421997e-04 4.6944592e-06 6.9821276e-08]"
D:\Uni\Ulm\Master\Hiwi-Forschung-und-Lehre\FairFace\detected_faces\87287_face0.jpg,White,White,Male,20-29,"[9.0821630e-01 6.1861945e-05 1.0304709e-02 7.3055875e-05 8.0972757e-05
 4.0328203e-05 8.1222773e-02]",[9.9976230e-01 1.7423937e-04 4.3850006e-05 1.9667497e-05],[9.9999881e-01 1.1245071e-06],"[2.8956129e-07 4.9102452e-04 4.5987779e-01 5.3009278e-01 9.3773231e-03
 1.5939168e-04 1.3993651e-06 3.8167361e-08 8.7773916e-10]"
D:\Uni\Ulm\Master\Hiwi-Forschung-und-Lehre\FairFace\detected_faces\87370_face0.jpg,Middle Eastern,Indian,Male,20-29,"[1.9314803e-01 4.3286891e-03 2.9760924e-01 1.7595505e-04 4.1695923e-04
 3.0294379e-02 4.7402668e-01]",[0.32926208 0.11164381 0.00187865 0.5572155 ],[9.9995857e-01 4.1455627e-05],"[1.5703307e-06 1.9609679e-04 1.1364675e-02 6.3744348e-01 3.4624299e-01
 4.7391583e-03 1.1810063e-05 1.3310766e-07 3.1916498e-09]"
D:\Uni\Ulm\Master\Hiwi-Forschung-und-Lehre\FairFace\detected_faces\87507_face0.jpg,Latino_Hispanic,White,Male,30-39,"[7.8849047e-02 5.9873029e-03 8.6464447e-01 5.0724653e-04 2.9738566e-03
 1.6353596e-02 3.0684510e-02]",[0.83712757 0.0080398  0.05457021 0.10026243],[9.9999779e-01 2.1977908e-06],"[2.2986310e-06 2.9580833e-05 7.8686455e-04 4.1448545e-01 5.6708795e-01
 1.7533692e-02 7.3077099e-05 1.0132527e-06 1.5999017e-08]"
D:\Uni\Ulm\Master\Hiwi-Forschung-und-Lehre\FairFace\detected_faces\87774_face0.jpg,Middle Eastern,White,Male,30-39,"[1.3430049e-01 1.2662446e-02 3.3464125e-01 1.9914387e-05 1.4966763e-04
 1.0523376e-01 4.1299248e-01]",[0.44415042 0.22152531 0.00471659 0.32960767],[9.9998164e-01 1.8297380e-05],"[2.9551040e-07 4.1380054e-06 2.1442161e-04 1.2961169e-01 7.8234035e-01
 8.7155633e-02 6.6797738e-04 5.3897702e-06 4.4688516e-08]"
