face_name_align,race,race4,gender,age,race_scores_fair,race_scores_fair_4,gender_scores_fair,age_scores_fair
D:\Uni\Ulm\Master\Hiwi-Forschung-und-Lehre\FairFace\detected_faces\962969_face0.jpg,Middle Eastern,White,Male,20-29,"[2.4602319e-01 2.3298156e-03 2.4348332e-01 2.0520636e-04 9.4992301e-04
 1.0502475e-02 4.9650604e-01]",[0.95426035 0.00469625 0.00247173 0.03857176],[9.9999928e-01 7.2654484e-07],"[1.17031675e-07 2.53439321e-05 9.88658704e-03 8.84942532e-01
 1.04330592e-01 8.12008861e-04 2.76449714e-06 4.66860683e-08
 6.26347085e-10]"
D:\Uni\Ulm\Master\Hiwi-Forschung-und-Lehre\FairFace\detected_faces\962998_face0.jpg,Black,Black,Male,20-29,"[1.1426394e-05 9.9984372e-01 9.4690353e-05 6.6769545e-08 5.3256758e-07
 4.1243085e-05 8.2904817e-06]",[3.4825400e-06 9.9991089e-01 2.7897506e-06 8.2894301e-05],[0.9096764  0.09032362],"[5.9769878e-05 2.6300907e-02 4.0321738e-01 4.7786385e-01 8.6748190e-02
 5.7342094e-03 7.4131407e-05 1.5032912e-06 1.0513681e-07]"
D:\Uni\Ulm\Master\Hiwi-Forschung-und-Lehre\FairFace\detected_faces\962999_face0.jpg,White,White,Male,20-29,"[9.9732310e-01 2.2324073e-05 3.7474540e-04 8.9623870e-07 3.5682242e-06
 2.9885221e-06 2.2723207e-03]",[9.9900031e-01 7.9057331e-04 1.6997517e-04 3.9139246e-05],[9.9999952e-01 4.4936795e-07],"[8.8764814e-08 5.8174123e-06 2.8902122e-03 8.3207470e-01 1.6408533e-01
 9.4146212e-04 2.3676225e-06 2.2298908e-08 5.5684440e-10]"
D:\Uni\Ulm\Master\Hiwi-Forschung-und-Lehre\FairFace\detected_faces\963038_face0.jpg,White,White,Male,20-29,"[9.9970454e-01 7.5310815e-08 4.6136294e-05 5.9231400e-07 1.5294323e-06
 6.4815322e-07 2.4645898e-04]",[9.9994981e-01 1.4408552e-06 1.7827180e-05 3.0879470e-05],[9.9999982e-01 1.7594681e-07],"[1.7896869e-07 1.0076212e-04 5.6240782e-02 8.6427087e-01 7.6924026e-02
 2.4522515e-03 1.0966205e-05 1.0004378e-07 1.4232463e-09]"
D:\Uni\Ulm\Master\Hiwi-Forschung-und-Lehre\FairFace\detected_faces\963043_face0.jpg,White,White,Male,20-29,"[6.3161492e-01 1.1443321e-03 6.8314150e-02 1.3667275e-03 6.0460703e-03
 4.8784178e-04 2.9102591e-01]",[0.7558897  0.01047651 0.230925   0.00270876],[9.999916e-01 8.420855e-06],"[4.9778100e-06 2.2552430e-03 3.0396003e-01 6.1714721e-01 7.2606698e-02
 3.9547789e-03 6.8364199e-05 2.6615344e-06 7.3650860e-08]"
D:\Uni\Ulm\Master\Hiwi-Forschung-und-Lehre\FairFace\detected_faces\963073_face0.jpg,White,White,Male,20-29,"[9.7361660e-01 1.8212447e-04 7.5930273e-03 6.2296713e-06 2.8897835e-05
 2.5884894e-05 1.8547270e-02]",[9.9811411e-01 1.0421657e-03 8.6874388e-05 7.5676269e-04],[9.9967301e-01 3.2701422e-04],"[1.1017584e-06 9.0987742e-04 2.8314763e-01 6.2566137e-01 8.1487760e-02
 8.6210100e-03 1.6814042e-04 3.0828314e-06 5.1796675e-08]"
D:\Uni\Ulm\Master\Hiwi-Forschung-und-Lehre\FairFace\detected_faces\963084_face0.jpg,White,White,Male,20-29,"[9.9102104e-01 1.3367673e-05 1.6397751e-03 1.4179414e-04 2.9474829e-04
 2.3645928e-06 6.8868659e-03]",[9.9940312e-01 2.2102240e-04 3.7141037e-04 4.4159469e-06],[9.9999958e-01 4.0365174e-07],"[1.5042447e-06 1.7001979e-04 7.0177995e-02 7.3276323e-01 1.8600702e-01
 1.0662069e-02 2.1384077e-04 4.2102897e-06 6.9252685e-08]"
D:\Uni\Ulm\Master\Hiwi-Forschung-und-Lehre\FairFace\detected_faces\963203_face0.jpg,Black,Black,Male,20-29,"[4.8176639e-06 9.9988377e-01 6.7179659e-05 1.4580276e-08 3.6109412e-07
 1.4390485e-05 2.9525794e-05]",[9.3751885e-07 9.9999791e-01 4.0301802e-07 7.0462573e-07],[9.9999881e-01 1.1819338e-06],"[2.27206374e-06 5.52104320e-03 2.47361481e-01 6.87336564e-01
 5.79962432e-02 1.77167822e-03 1.03700595e-05 2.43415485e-07
 1.22282708e-08]"
D:\Uni\Ulm\Master\Hiwi-Forschung-und-Lehre\FairFace\detected_faces\963211_face0.jpg,Black,Black,Male,30-39,"[7.2578575e-07 9.9999297e-01 5.5950304e-06 2.9816210e-08 2.1018730e-07
 3.6879814e-07 8.3936257e-08]",[2.0709341e-07 9.9999678e-01 2.6649132e-06 2.7617975e-07],[0.97984415 0.02015587],"[4.6682410e-07 1.9074345e-05 4.8129153e-03 4.4361341e-01 4.5366451e-01
 9.1965578e-02 5.7439948e-03 1.6778184e-04 1.2292253e-05]"
D:\Uni\Ulm\Master\Hiwi-Forschung-und-Lehre\FairFace\detected_faces\963301_face0.jpg,Middle Eastern,White,Male,20-29,"[2.3141833e-01 2.5019370e-04 1.1106947e-02 2.2779737e-05 6.0416529e-05
 1.5817626e-04 7.5698310e-01]",[0.82023925 0.17401987 0.00180947 0.00393142],[9.9998856e-01 1.1459568e-05],"[1.42306178e-07 1.37374576e-04 6.78002611e-02 8.97756755e-01
 3.41405869e-02 1.64518642e-04 3.82886071e-07 1.02463655e-08
 2.50215348e-10]"
D:\Uni\Ulm\Master\Hiwi-Forschung-und-Lehre\FairFace\detected_faces\963302_face0.jpg,Black,Black,Male,20-29,"[1.0634122e-06 9.9991632e-01 3.3003605e-05 1.2687545e-07 4.0887894e-06
 4.0838684e-05 4.5307952e-06]",[1.2660961e-06 9.9999565e-01 5.9893858e-07 2.4901997e-06],[9.9998164e-01 1.8348763e-05],"[7.9010434e-09 6.2691998e-07 3.8543514e-03 6.9920516e-01 2.8290695e-01
 1.3901827e-02 1.2982602e-04 1.2113944e-06 2.3752268e-08]"
D:\Uni\Ulm\Master\Hiwi-Forschung-und-Lehre\FairFace\detected_faces\963398_face0.jpg,Black,Black,Male,20-29,"[2.9369941e-02 6.5684056e-01 2.9592633e-01 3.2135862e-04 4.8742262e-03
 6.2349490e-03 6.4325887e-03]",[0.05238809 0.87193114 0.01478197 0.06089877],[9.9993306e-01 6.6961758e-05],"[3.4667231e-08 3.9065973e-05 1.2223849e-01 8.1528640e-01 6.1593775e-02
 8.3235413e-04 9.5342730e-06 3.3498682e-07 5.8591687e-09]"
D:\Uni\Ulm\Master\Hiwi-Forschung-und-Lehre\FairFace\detected_faces\963399_face0.jpg,Black,Black,Male,20-29,"[1.2364679e-05 9.9944174e-01 1.5908509e-04 7.1419208e-07 6.1880960e-06
 3.5245856e-04 2.7430058e-05]",[1.2240007e-05 9.9984300e-01 8.6214868e-06 1.3608992e-04],[9.9995428e-01 4.5712368e-05],"[1.5930746e-07 1.0450537e-05 4.0989886e-03 5.9334219e-01 3.8022467e-01
 2.1896031e-02 4.2301466e-04 4.3274881e-06 1.6781316e-07]"
D:\Uni\Ulm\Master\Hiwi-Forschung-und-Lehre\FairFace\detected_faces\963493_face0.jpg,White,White,Male,20-29,"[9.9973434e-01 3.1887791e-07 8.2322797e-05 4.3341856e-06 6.0000734e-06
 1.6988187e-06 1.7097539e-04]",[9.9993610e-01 2.3591533e-06 4.9920527e-05 1.1589534e-05],[9.9999994e-01 4.8346202e-08],"[7.5922495e-09 3.7280824e-06 2.3153789e-02 9.2735362e-01 4.8845802e-02
 6.3930283e-04 3.7423990e-06 3.9822758e-08 4.6046977e-10]"
D:\Uni\Ulm\Master\Hiwi-Forschung-und-Lehre\FairFace\detected_faces\963801_face0.jpg,Latino_Hispanic,White,Male,10-19,"[1.2790802e-01 3.8768947e-03 5.6927675e-01 2.4861484e-04 1.8426251e-03
 7.0630447e-03 2.8978398e-01]",[0.86620855 0.08126739 0.00396265 0.04856142],[9.999992e-01 7.892877e-07],"[1.9420672e-06 4.0811612e-03 6.3194633e-01 3.4366095e-01 1.9658925e-02
 6.4661913e-04 3.9488141e-06 9.1447497e-08 9.7742758e-10]"
D:\Uni\Ulm\Master\Hiwi-Forschung-und-Lehre\FairFace\detected_faces\963974_face0.jpg,Latino_Hispanic,White,Male,20-29,"[1.3737455e-01 1.3617248e-02 4.4304582e-01 1.6026413e-04 9.3697762e-04
 4.8146476e-03 4.0005037e-01]",[0.7049372  0.25626054 0.01094113 0.02786116],[9.999986e-01 1.306423e-06],"[2.7146696e-06 1.7953433e-04 2.6376743e-02 7.8261310e-01 1.8549851e-01
 5.2800393e-03 4.7949110e-05 1.3726820e-06 1.7750480e-08]"
D:\Uni\Ulm\Master\Hiwi-Forschung-und-Lehre\FairFace\detected_faces\963990_face0.jpg,Latino_Hispanic,Black,Male,20-29,"[1.4789408e-02 2.9009077e-01 4.5082617e-01 9.0910238e-05 1.3849506e-03
 8.1509165e-02 1.6130865e-01]",[6.219465e-03 9.505743e-01 2.312580e-04 4.297502e-02],[9.9998474e-01 1.5253166e-05],"[4.2275812e-07 3.2008153e-05 1.0261093e-02 8.5432971e-01 1.3366127e-01
 1.7035735e-03 1.1704768e-05 2.5135387e-07 6.1061654e-09]"
D:\Uni\Ulm\Master\Hiwi-Forschung-und-Lehre\FairFace\detected_faces\964106_face0.jpg,White,White,Male,20-29,"[8.3501142e-01 1.4436353e-04 9.2440145e-03 4.5640889e-05 7.3389383e-05
 1.8255375e-04 1.5529856e-01]",[9.99045432e-01 6.89073000e-04 1.01697005e-04 1.63774443e-04],[0.9984119  0.00158811],"[1.07294376e-07 1.67310372e-05 1.72303598e-02 8.02636266e-01
 1.70396417e-01 9.46552679e-03 2.43378847e-04 1.07465021e-05
 4.27649439e-07]"
D:\Uni\Ulm\Master\Hiwi-Forschung-und-Lehre\FairFace\detected_faces\964108_face0.jpg,Black,Black,Male,20-29,"[2.9762079e-05 9.9701995e-01 5.9174275e-04 1.6352815e-06 3.5113324e-05
 2.2156171e-03 1.0615202e-04]",[1.9315492e-05 9.9872565e-01 8.8532448e-05 1.1664398e-03],[9.9987489e-01 1.2508022e-04],"[3.0808829e-07 1.6506539e-04 5.2620009e-02 7.7842277e-01 1.6374715e-01
 4.9909172e-03 5.2971878e-05 8.2680356e-07 3.0782999e-08]"
D:\Uni\Ulm\Master\Hiwi-Forschung-und-Lehre\FairFace\detected_faces\964111_face0.jpg,Black,Black,Male,30-39,"[8.1085136e-06 9.9973142e-01 2.1592874e-04 3.6598914e-07 1.6650094e-06
 3.5102559e-05 7.3345641e-06]",[5.0758144e-06 9.9995363e-01 1.4064455e-05 2.7249716e-05],[9.9918091e-01 8.1907964e-04],"[3.6814492e-07 5.2740393e-06 8.3233631e-04 1.7022072e-01 5.9466857e-01
 2.2121556e-01 1.2850180e-02 2.0195973e-04 5.0671497e-06]"
D:\Uni\Ulm\Master\Hiwi-Forschung-und-Lehre\FairFace\detected_faces\964115_face0.jpg,Middle Eastern,White,Male,20-29,"[1.18675314e-01 9.72466878e-05 5.98492706e-03 1.06616077e-04
 1.73622946e-04 3.37308273e-04 8.74624968e-01]",[9.95878875e-01 1.20530196e-04 1.50531367e-03 2.49537453e-03],[9.999974e-01 2.608604e-06],"[1.09914090e-05 1.55679183e-03 2.49140523e-02 6.18983805e-01
 3.40153426e-01 1.42617747e-02 1.16753494e-04 2.28153249e-06
 5.11709324e-08]"
D:\Uni\Ulm\Master\Hiwi-Forschung-und-Lehre\FairFace\detected_faces\964119_face0.jpg,Black,Black,Male,30-39,"[3.4083865e-07 9.9994415e-01 2.0342619e-05 9.5779926e-09 3.1950989e-07
 3.0607927e-05 4.2373404e-06]",[2.9625294e-06 9.9962324e-01 6.4240579e-05 3.0958810e-04],[9.9970484e-01 2.9515557e-04],"[4.3422300e-08 3.8799494e-06 2.2608221e-03 3.9145085e-01 5.6935948e-01
 3.6469117e-02 4.5267484e-04 3.1346235e-06 7.1853030e-08]"
D:\Uni\Ulm\Master\Hiwi-Forschung-und-Lehre\FairFace\detected_faces\964153_face0.jpg,White,White,Male,20-29,"[0.5110429  0.00205075 0.43521026 0.00159045 0.00513869 0.00105932
 0.04390759]",[0.786221   0.02010965 0.18534814 0.00832119],[1.000000e+00 3.084284e-08],"[3.3943863e-08 1.4923249e-05 2.7336732e-02 9.3595338e-01 3.6522076e-02
 1.7233277e-04 5.5526073e-07 1.3872426e-08 1.5864517e-10]"
D:\Uni\Ulm\Master\Hiwi-Forschung-und-Lehre\FairFace\detected_faces\964154_face0.jpg,White,White,Male,20-29,"[9.9058741e-01 1.1218912e-05 5.0712721e-03 3.1961285e-04 3.5769684e-04
 1.0275910e-05 3.6426121e-03]",[9.8166686e-01 1.3930781e-04 1.8182464e-02 1.1368945e-05],[1.0000000e+00 1.4644453e-09],"[7.9033907e-07 7.8192817e-05 4.0060181e-02 7.7691358e-01 1.7693801e-01
 5.9383763e-03 6.9491274e-05 1.3809455e-06 9.6438910e-09]"
D:\Uni\Ulm\Master\Hiwi-Forschung-und-Lehre\FairFace\detected_faces\964161_face0.jpg,White,White,Male,10-19,"[9.9677986e-01 9.4325026e-07 5.1981653e-04 3.8993577e-04 1.1028852e-04
 1.3561543e-06 2.1977657e-03]",[9.9928039e-01 1.0681909e-04 5.9514702e-04 1.7570843e-05],[9.999991e-01 9.335760e-07],"[3.51773188e-08 1.72723623e-04 7.38648295e-01 2.59326041e-01
 1.82723871e-03 2.54949464e-05 1.11381226e-07 2.06652340e-09
 3.75333098e-11]"
D:\Uni\Ulm\Master\Hiwi-Forschung-und-Lehre\FairFace\detected_faces\964171_face0.jpg,White,White,Male,20-29,"[9.8771518e-01 3.3436888e-06 2.2069663e-03 2.7905928e-06 9.4564848e-06
 3.6606216e-05 1.0025635e-02]",[9.9978393e-01 2.2565995e-05 4.2453898e-06 1.8926768e-04],[9.9998826e-01 1.1749951e-05],"[5.6807934e-08 1.3179537e-04 1.0752449e-01 8.8334662e-01 8.9503909e-03
 4.6546978e-05 9.3171451e-08 1.4682087e-09 3.7914685e-11]"
D:\Uni\Ulm\Master\Hiwi-Forschung-und-Lehre\FairFace\detected_faces\964173_face0.jpg,Middle Eastern,White,Male,20-29,"[3.8270119e-01 1.1511090e-03 9.1726579e-02 1.4036772e-05 7.8924357e-05
 4.4286349e-03 5.1989961e-01]",[9.8567629e-01 3.6708088e-04 3.3660352e-05 1.3922960e-02],[9.9997646e-01 2.3568524e-05],"[1.2326431e-06 8.7309731e-05 4.0458385e-03 7.3399031e-01 2.5897983e-01
 2.8880073e-03 7.3849478e-06 1.0311530e-07 1.7806806e-09]"
D:\Uni\Ulm\Master\Hiwi-Forschung-und-Lehre\FairFace\detected_faces\964174_face0.jpg,Middle Eastern,White,Male,20-29,"[3.2925498e-01 5.2939329e-05 2.0901438e-02 1.9454705e-05 5.7629579e-05
 1.1469213e-03 6.4856660e-01]",[9.9238056e-01 1.1329106e-03 6.9961516e-04 5.7868864e-03],[9.9999928e-01 6.9832356e-07],"[2.7478615e-07 2.9662264e-05 2.5964510e-03 6.8798208e-01 3.0647984e-01
 2.9080203e-03 3.6183121e-06 3.9356475e-08 3.6635181e-10]"
D:\Uni\Ulm\Master\Hiwi-Forschung-und-Lehre\FairFace\detected_faces\964176_face0.jpg,White,White,Male,20-29,"[9.9907595e-01 2.8131143e-07 1.8697634e-04 7.6251911e-07 1.1702176e-06
 1.8845622e-06 7.3288841e-04]",[9.999011e-01 3.830168e-06 2.041291e-06 9.300240e-05],[9.9999762e-01 2.3821597e-06],"[6.0777992e-09 3.4686132e-06 4.7911488e-02 9.1706562e-01 3.4458473e-02
 5.5879785e-04 2.1447547e-06 2.5902491e-08 3.1888966e-10]"
D:\Uni\Ulm\Master\Hiwi-Forschung-und-Lehre\FairFace\detected_faces\964179_face0.jpg,Middle Eastern,Indian,Male,20-29,"[1.1745072e-02 3.4139477e-04 3.0925397e-02 4.1769158e-06 4.8463447e-05
 1.0027375e-02 9.4690812e-01]",[0.25438425 0.18593888 0.0007029  0.55897397],[9.9998903e-01 1.0980640e-05],"[5.6313888e-07 1.2682870e-04 2.5372161e-02 8.4289837e-01 1.2932739e-01
 2.2682301e-03 6.3611092e-06 7.3808387e-08 1.3329484e-09]"
D:\Uni\Ulm\Master\Hiwi-Forschung-und-Lehre\FairFace\detected_faces\964191_face0.jpg,Latino_Hispanic,Black,Male,20-29,"[0.05462513 0.15837696 0.64489377 0.00150247 0.00811284 0.07398786
 0.05850092]",[0.08530316 0.63381314 0.01025632 0.27062735],[9.9999660e-01 3.4389623e-06],"[5.4264888e-07 7.7843177e-04 2.0265210e-01 7.6887256e-01 2.7115520e-02
 5.7560741e-04 5.1200436e-06 1.4703583e-07 3.7264529e-09]"
D:\Uni\Ulm\Master\Hiwi-Forschung-und-Lehre\FairFace\detected_faces\964422_face0.jpg,White,White,Male,20-29,"[9.7835994e-01 2.3163120e-04 1.4592575e-02 2.8403153e-06 6.1172391e-06
 6.6332032e-05 6.7405328e-03]",[9.9698472e-01 2.2188348e-03 5.1458981e-05 7.4494770e-04],[9.9999893e-01 1.0687831e-06],"[6.4997998e-08 2.3250666e-06 2.1774697e-03 7.7721763e-01 2.1759841e-01
 2.9853764e-03 1.8454164e-05 3.2251876e-07 3.4303989e-09]"
D:\Uni\Ulm\Master\Hiwi-Forschung-und-Lehre\FairFace\detected_faces\964516_face0.jpg,Middle Eastern,Indian,Male,20-29,"[2.3232091e-02 3.6626053e-03 4.5422308e-02 1.5266863e-06 2.5145140e-05
 8.3911447e-03 9.1926515e-01]",[2.8034112e-01 2.0544496e-01 4.5328125e-04 5.1376063e-01],[9.9999917e-01 8.7606151e-07],"[9.9801628e-07 6.2692547e-05 3.2367515e-03 6.7458528e-01 3.1673101e-01
 5.3649261e-03 1.7964458e-05 2.9880673e-07 4.3136716e-09]"
D:\Uni\Ulm\Master\Hiwi-Forschung-und-Lehre\FairFace\detected_faces\964609_face0.jpg,White,White,Male,20-29,"[9.2812502e-01 6.7441440e-05 7.1218815e-03 2.1405908e-06 1.0906842e-05
 3.4201163e-05 6.4638384e-02]",[9.9991447e-01 2.3960542e-05 8.0410246e-06 5.3610904e-05],[9.9999970e-01 3.0099773e-07],"[5.6220085e-08 6.0832201e-05 8.3710000e-02 8.4509408e-01 7.0058718e-02
 1.0731464e-03 3.1444595e-06 3.4883918e-08 5.0814503e-10]"
D:\Uni\Ulm\Master\Hiwi-Forschung-und-Lehre\FairFace\detected_faces\964610_face0.jpg,White,White,Male,20-29,"[9.99814868e-01 1.19891794e-08 6.99514858e-05 1.03983304e-07
 4.73308347e-07 1.11106237e-06 1.13519935e-04]",[9.9990976e-01 5.0077216e-07 3.6443202e-05 5.3315591e-05],[9.9999994e-01 5.6720097e-08],"[1.1917051e-09 2.3016592e-07 1.7359849e-03 7.9205322e-01 2.0182510e-01
 4.3764682e-03 9.0311560e-06 3.7315587e-08 3.9226217e-10]"
D:\Uni\Ulm\Master\Hiwi-Forschung-und-Lehre\FairFace\detected_faces\964611_face0.jpg,White,White,Male,20-29,"[9.9647176e-01 3.6381105e-06 3.5284227e-04 1.7212264e-05 3.2577067e-05
 1.2868963e-05 3.1092670e-03]",[9.9944925e-01 3.3557888e-05 4.3405779e-04 8.3053863e-05],[1.0000000e+00 2.2627125e-08],"[1.3442167e-07 8.7725028e-05 8.8526256e-02 8.7856370e-01 3.2105170e-02
 7.1255153e-04 4.3955952e-06 5.2933775e-08 9.5777675e-10]"
D:\Uni\Ulm\Master\Hiwi-Forschung-und-Lehre\FairFace\detected_faces\964713_face0.jpg,White,White,Male,20-29,"[5.3125370e-01 1.4229842e-03 8.8319071e-02 1.4314750e-04 7.2156143e-04
 1.8283620e-02 3.5985595e-01]",[0.9702012  0.00181556 0.00122945 0.02675382],[9.9999964e-01 3.3319867e-07],"[3.9294779e-08 3.2062721e-06 5.0119702e-03 8.3646590e-01 1.5720484e-01
 1.3094995e-03 4.4308622e-06 9.3938134e-08 1.8015793e-09]"
D:\Uni\Ulm\Master\Hiwi-Forschung-und-Lehre\FairFace\detected_faces\964729_face0.jpg,White,White,Male,20-29,"[9.9428189e-01 1.6845412e-05 4.0091197e-03 4.3065174e-04 3.6386977e-04
 3.1977033e-06 8.9428783e-04]",[9.9981189e-01 5.0409217e-05 1.2959732e-04 8.0366472e-06],[0.99392927 0.00607068],"[5.4108402e-09 4.4703893e-06 8.9094050e-02 8.6166644e-01 4.8831098e-02
 4.0227492e-04 1.6308373e-06 2.2874969e-08 5.6500177e-10]"
D:\Uni\Ulm\Master\Hiwi-Forschung-und-Lehre\FairFace\detected_faces\964743_face0.jpg,Latino_Hispanic,White,Male,30-39,"[2.0346619e-01 1.1912508e-02 5.6851035e-01 1.7775671e-04 9.0649264e-04
 1.2431598e-02 2.0259513e-01]",[0.85494214 0.11371803 0.00569488 0.02564494],[9.9999982e-01 2.5385003e-07],"[5.9379062e-08 1.5734570e-06 3.7430105e-04 4.3675584e-01 5.4909599e-01
 1.3737151e-02 3.4879820e-05 1.8136876e-07 1.5054363e-09]"
D:\Uni\Ulm\Master\Hiwi-Forschung-und-Lehre\FairFace\detected_faces\964761_face0.jpg,White,White,Male,20-29,"[8.1810260e-01 5.5631611e-04 8.4473953e-02 5.1447267e-05 4.9997261e-04
 1.8955946e-02 7.7359803e-02]",[0.67774844 0.01454517 0.01886625 0.28884017],[9.9999988e-01 8.5852825e-08],"[4.5203926e-08 1.3886388e-04 3.3408403e-01 6.3365674e-01 3.0252185e-02
 1.8393099e-03 2.8451286e-05 4.3377915e-07 4.5695852e-09]"
D:\Uni\Ulm\Master\Hiwi-Forschung-und-Lehre\FairFace\detected_faces\964810_face0.jpg,White,White,Male,20-29,"[9.7748029e-01 2.6643260e-05 7.6546669e-03 5.2144278e-06 1.4172164e-05
 5.7870096e-05 1.4761260e-02]",[9.9132580e-01 2.8675427e-03 3.7847825e-05 5.7687787e-03],[9.9999976e-01 2.4587348e-07],"[2.2238065e-09 1.1673798e-06 7.5404295e-03 9.4958967e-01 4.2686813e-02
 1.8160269e-04 2.9929583e-07 2.7796681e-09 3.2868361e-11]"
D:\Uni\Ulm\Master\Hiwi-Forschung-und-Lehre\FairFace\detected_faces\964845_face0.jpg,White,White,Male,20-29,"[6.8709105e-01 5.8914879e-03 2.9982510e-01 2.0353960e-05 2.2368811e-04
 2.6566451e-03 4.2915987e-03]",[9.7934288e-01 9.7612459e-03 2.4390972e-04 1.0651943e-02],[9.9999940e-01 6.6590997e-07],"[6.1539378e-09 1.8369473e-06 2.4356011e-02 8.9417005e-01 7.9530701e-02
 1.9113944e-03 2.9396215e-05 6.2113901e-07 1.0315336e-08]"
D:\Uni\Ulm\Master\Hiwi-Forschung-und-Lehre\FairFace\detected_faces\964848_face0.jpg,White,White,Male,20-29,"[8.9727765e-01 1.0463455e-03 8.7024802e-03 6.0779862e-06 4.8280290e-05
 2.5225538e-04 9.2666820e-02]",[9.9270958e-01 6.2496294e-03 7.0227121e-05 9.7060599e-04],[9.9999982e-01 1.7696922e-07],"[3.0125392e-07 2.8489443e-04 1.1030903e-01 8.1440914e-01 7.2630927e-02
 2.3434730e-03 2.1836473e-05 4.6439510e-07 7.1145982e-09]"
D:\Uni\Ulm\Master\Hiwi-Forschung-und-Lehre\FairFace\detected_faces\964903_face0.jpg,Middle Eastern,Black,Male,30-39,"[4.4954222e-02 8.9282401e-02 3.0022639e-01 3.0513433e-05 2.4081561e-04
 4.6942029e-02 5.1832366e-01]",[0.10519576 0.5955301  0.00306593 0.29620814],[9.999928e-01 7.238536e-06],"[3.8354083e-06 6.1045699e-05 9.5622148e-04 6.8199210e-02 6.3203496e-01
 2.9136902e-01 7.2932052e-03 8.1449281e-05 1.0881623e-06]"
D:\Uni\Ulm\Master\Hiwi-Forschung-und-Lehre\FairFace\detected_faces\964977_face0.jpg,Middle Eastern,White,Male,20-29,"[1.2514524e-01 3.7085859e-04 9.2757531e-02 3.6390356e-05 1.1033632e-04
 1.6949535e-03 7.7988464e-01]",[9.7776783e-01 3.9713881e-03 7.9437729e-04 1.7466439e-02],[9.999993e-01 6.704617e-07],"[3.9571998e-07 1.5289645e-04 6.1855271e-02 8.8018960e-01 5.7116508e-02
 6.8373262e-04 1.5841257e-06 2.9530691e-08 4.2229129e-10]"
D:\Uni\Ulm\Master\Hiwi-Forschung-und-Lehre\FairFace\detected_faces\964981_face0.jpg,White,White,Male,20-29,"[9.1121870e-01 5.2497384e-05 4.0214732e-02 2.6882797e-05 9.4704250e-05
 1.1422345e-04 4.8278298e-02]",[9.9852514e-01 6.8746047e-04 1.2546864e-04 6.6187512e-04],[9.9999964e-01 2.9794739e-07],"[3.3305605e-09 1.7230243e-06 1.4636420e-02 9.5119619e-01 3.4008496e-02
 1.5678229e-04 4.1155008e-07 5.4785696e-09 6.7816537e-11]"
D:\Uni\Ulm\Master\Hiwi-Forschung-und-Lehre\FairFace\detected_faces\964983_face0.jpg,Latino_Hispanic,White,Male,30-39,"[3.5973623e-02 2.2973899e-02 8.6418968e-01 1.8254555e-04 1.1452849e-03
 4.5005690e-02 3.0529283e-02]",[0.44654977 0.15917276 0.00504923 0.38922825],[9.9999774e-01 2.3254220e-06],"[7.5623052e-06 2.0568517e-05 6.1073818e-04 1.7622183e-01 7.0559913e-01
 1.1569391e-01 1.8212030e-03 2.4889023e-05 2.6326421e-07]"
D:\Uni\Ulm\Master\Hiwi-Forschung-und-Lehre\FairFace\detected_faces\964985_face0.jpg,White,White,Male,30-39,"[4.5764086e-01 4.4839098e-03 8.6215965e-02 8.3509976e-06 3.3774337e-05
 1.2279940e-03 4.5038918e-01]",[9.2393559e-01 6.5611802e-02 1.9492199e-04 1.0257753e-02],[9.9999881e-01 1.2252016e-06],"[5.97634596e-07 4.55324243e-06 8.06649477e-05 6.00970574e-02
 8.15723896e-01 1.23253085e-01 8.31919373e-04 8.19834986e-06
 7.63866979e-08]"
D:\Uni\Ulm\Master\Hiwi-Forschung-und-Lehre\FairFace\detected_faces\964986_face0.jpg,Middle Eastern,White,Male,20-29,"[9.1052137e-02 6.5461695e-06 4.3417243e-03 1.9411302e-05 2.8348599e-05
 1.3980586e-05 9.0453786e-01]",[9.8621881e-01 8.5209706e-04 1.2696753e-02 2.3235771e-04],[9.9990743e-01 9.2576855e-05],"[5.1122168e-08 2.5086085e-05 9.9602386e-02 8.1142378e-01 8.7266617e-02
 1.6745654e-03 7.3605711e-06 2.2470813e-07 2.5965097e-09]"
D:\Uni\Ulm\Master\Hiwi-Forschung-und-Lehre\FairFace\detected_faces\964994_face0.jpg,Middle Eastern,White,Male,30-39,"[4.3398550e-01 7.0608215e-04 2.4075953e-02 5.1487355e-06 2.1740474e-05
 3.6306109e-02 5.0489944e-01]",[9.6313626e-01 2.4727629e-02 3.8813854e-05 1.2097283e-02],[9.9997687e-01 2.3129194e-05],"[4.9501921e-07 4.8076472e-05 2.0472785e-03 2.1432844e-01 7.2372001e-01
 5.9698552e-02 1.5631998e-04 7.8642825e-07 1.2166994e-08]"
D:\Uni\Ulm\Master\Hiwi-Forschung-und-Lehre\FairFace\detected_faces\965002_face0.jpg,White,White,Male,20-29,"[6.22531176e-01 4.00248857e-04 3.34803015e-02 1.04581804e-05
 4.69887818e-05 1.17715004e-04 3.43413115e-01]",[9.9629050e-01 3.3868095e-03 1.7383618e-04 1.4881995e-04],[9.9999720e-01 2.7530357e-06],"[8.0752578e-09 1.6781935e-06 1.3418396e-02 9.1087246e-01 7.4947529e-02
 7.5527158e-04 4.5414577e-06 1.4467030e-07 2.3350371e-09]"
D:\Uni\Ulm\Master\Hiwi-Forschung-und-Lehre\FairFace\detected_faces\965003_face0.jpg,White,White,Male,10-19,"[9.3447542e-01 4.5331985e-06 1.1917337e-02 8.2891565e-06 2.4171151e-05
 1.6021210e-04 5.3410001e-02]",[9.9905562e-01 5.1666910e-05 2.0990954e-04 6.8278785e-04],[9.9999994e-01 6.9574185e-08],"[2.6937752e-05 8.2499338e-03 4.5605466e-01 3.2043925e-01 1.9100691e-01
 2.4051849e-02 1.6874964e-04 1.6857945e-06 8.5619902e-09]"
D:\Uni\Ulm\Master\Hiwi-Forschung-und-Lehre\FairFace\detected_faces\965005_face0.jpg,Middle Eastern,White,Male,20-29,"[5.8890086e-02 9.9920658e-03 2.6724496e-01 1.6523639e-04 5.3115201e-04
 1.1931782e-02 6.5124464e-01]",[0.49865773 0.03501377 0.02813526 0.4381932 ],[9.9995387e-01 4.6171233e-05],"[1.0042465e-05 1.4840053e-04 2.9059250e-02 5.5583239e-01 3.4971732e-01
 6.0082443e-02 5.0049797e-03 1.4323612e-04 1.8875837e-06]"
D:\Uni\Ulm\Master\Hiwi-Forschung-und-Lehre\FairFace\detected_faces\965006_face0.jpg,Middle Eastern,White,Male,20-29,"[9.9024177e-02 5.0635927e-04 1.7410913e-01 3.4975118e-04 6.2771508e-04
 9.3214068e-04 7.2445071e-01]",[0.84682864 0.12672421 0.01229698 0.01415015],[9.999704e-01 2.958786e-05],"[4.9380930e-07 4.2221561e-04 1.4661130e-01 7.9126149e-01 6.1048858e-02
 6.5375119e-04 1.8317057e-06 5.5290538e-08 1.0358764e-09]"
D:\Uni\Ulm\Master\Hiwi-Forschung-und-Lehre\FairFace\detected_faces\965008_face0.jpg,White,White,Male,20-29,"[7.6666808e-01 6.2359066e-04 1.3559321e-01 3.9232364e-05 2.8056736e-04
 1.0333334e-03 9.5761895e-02]",[0.98862064 0.00287881 0.00204339 0.00645714],[1.000000e+00 8.143799e-09],"[2.9744308e-06 5.1405042e-04 1.3466038e-01 7.7123040e-01 9.0850525e-02
 2.7158943e-03 2.5266547e-05 4.8606523e-07 3.5147387e-09]"
D:\Uni\Ulm\Master\Hiwi-Forschung-und-Lehre\FairFace\detected_faces\965009_face0.jpg,Middle Eastern,White,Male,20-29,"[1.5652843e-02 1.6068389e-05 2.0281069e-03 2.2937158e-07 1.1330341e-06
 1.3055942e-04 9.8217106e-01]",[9.543288e-01 9.373363e-03 6.301158e-04 3.566770e-02],[9.999997e-01 2.470483e-07],"[2.7005902e-07 6.9607348e-05 2.2034289e-02 7.9001409e-01 1.8566006e-01
 2.2179240e-03 3.6345682e-06 4.4430468e-08 3.8619202e-10]"
D:\Uni\Ulm\Master\Hiwi-Forschung-und-Lehre\FairFace\detected_faces\965011_face0.jpg,White,White,Male,20-29,"[6.2297320e-01 2.9782579e-05 3.0059438e-02 2.5245815e-06 1.8348192e-05
 5.0046491e-03 3.4191209e-01]",[9.8840719e-01 3.7607035e-04 2.0815454e-05 1.1195875e-02],[1.0000000e+00 2.6763445e-08],"[2.1383151e-08 3.3903766e-06 2.1567792e-03 4.9496207e-01 4.9054015e-01
 1.2314045e-02 2.3382801e-05 1.6300856e-07 1.3726787e-09]"
D:\Uni\Ulm\Master\Hiwi-Forschung-und-Lehre\FairFace\detected_faces\965014_face0.jpg,White,White,Male,20-29,"[9.7858250e-01 2.7798844e-06 4.3037753e-03 3.8360806e-05 3.7366859e-05
 1.4274415e-05 1.7020937e-02]",[9.9993199e-01 5.4264319e-06 4.3871958e-05 1.8667864e-05],[9.9999797e-01 2.0615682e-06],"[1.5463463e-07 5.2308278e-05 4.3809008e-02 8.8924378e-01 6.6214055e-02
 6.7924126e-04 1.4273024e-06 1.0735151e-08 1.5601762e-10]"
D:\Uni\Ulm\Master\Hiwi-Forschung-und-Lehre\FairFace\detected_faces\965016_face0.jpg,Middle Eastern,White,Male,30-39,"[4.0602580e-02 8.3961682e-03 9.9692978e-02 3.0680908e-06 2.1084657e-05
 6.4265407e-03 8.4485757e-01]",[0.6050599  0.12016404 0.00101871 0.27375728],[9.9998724e-01 1.2781592e-05],"[1.17566005e-05 1.91944593e-04 5.44175273e-03 4.63997930e-01
 4.86910313e-01 4.27943915e-02 6.42333238e-04 9.52939263e-06
 1.24793615e-07]"
D:\Uni\Ulm\Master\Hiwi-Forschung-und-Lehre\FairFace\detected_faces\965019_face0.jpg,White,White,Male,20-29,"[9.0431410e-01 2.1526388e-04 2.3617407e-02 2.7609680e-05 6.5271248e-05
 9.7542870e-05 7.1662769e-02]",[9.9570930e-01 2.5811263e-03 1.5647848e-03 1.4486151e-04],[9.9999958e-01 4.7198077e-07],"[1.2401457e-06 3.2956962e-04 1.3835011e-01 7.8501195e-01 7.2350524e-02
 3.8782628e-03 7.6114484e-05 2.2117308e-06 4.1936982e-08]"
D:\Uni\Ulm\Master\Hiwi-Forschung-und-Lehre\FairFace\detected_faces\965030_face0.jpg,White,White,Male,30-39,"[9.2548829e-01 2.0977839e-04 1.1671798e-02 9.7754710e-06 1.8960323e-05
 2.6993282e-04 6.2331498e-02]",[9.9290067e-01 3.3142113e-03 3.1201614e-04 3.4731138e-03],[9.9997616e-01 2.3903258e-05],"[2.1872977e-07 1.3258284e-05 1.0572020e-03 3.8179439e-01 6.0230976e-01
 1.4779327e-02 4.5449437e-05 3.2279920e-07 5.1518367e-09]"
D:\Uni\Ulm\Master\Hiwi-Forschung-und-Lehre\FairFace\detected_faces\965031_face0.jpg,White,White,Male,20-29,"[7.6450676e-01 2.1365440e-05 6.1282922e-02 2.0481060e-04 4.2929343e-04
 3.5806690e-04 1.7319681e-01]",[9.9600673e-01 3.2123986e-05 3.4938508e-03 4.6726532e-04],[9.9999958e-01 3.9082934e-07],"[1.4279202e-06 8.4533407e-05 1.1382049e-02 7.9477257e-01 1.9157262e-01
 2.1780399e-03 8.5489646e-06 2.1719997e-07 2.2015838e-09]"
D:\Uni\Ulm\Master\Hiwi-Forschung-und-Lehre\FairFace\detected_faces\965032_face0.jpg,Black,Black,Male,30-39,"[1.1731238e-06 9.9990839e-01 5.1084331e-05 2.1828281e-09 2.4863124e-07
 3.6289803e-05 2.8200914e-06]",[1.1147676e-05 9.9992609e-01 8.3339201e-06 5.4449214e-05],[1.0000000e+00 1.2117128e-11],"[6.5916437e-09 3.0451343e-07 3.8549825e-04 4.2571953e-01 5.3166384e-01
 4.1587066e-02 6.3489692e-04 8.7609924e-06 7.9769286e-08]"
D:\Uni\Ulm\Master\Hiwi-Forschung-und-Lehre\FairFace\detected_faces\965034_face0.jpg,White,White,Male,30-39,"[6.0141128e-01 6.9576321e-04 9.2910856e-02 1.7591642e-04 3.1430082e-04
 1.0613882e-02 2.9387799e-01]",[9.9684286e-01 3.8234907e-04 6.3687499e-04 2.1378505e-03],[9.9999696e-01 3.0401218e-06],"[9.66815060e-06 6.74951516e-05 9.42937797e-04 2.97326058e-01
 6.72273755e-01 2.92491969e-02 1.29702777e-04 1.14485431e-06
 1.10613145e-08]"
D:\Uni\Ulm\Master\Hiwi-Forschung-und-Lehre\FairFace\detected_faces\965230_face0.jpg,Middle Eastern,Black,Male,20-29,"[1.0281506e-02 1.8420724e-02 6.2724918e-02 4.4916414e-06 3.6597045e-05
 1.5112360e-03 9.0702051e-01]",[6.0948279e-02 8.8742298e-01 8.5355033e-04 5.0775122e-02],[9.9999952e-01 4.3016553e-07],"[4.3516802e-06 2.1997842e-03 1.0643785e-01 8.1849307e-01 7.1374469e-02
 1.4809420e-03 9.2049586e-06 2.8652258e-07 4.2068642e-09]"
D:\Uni\Ulm\Master\Hiwi-Forschung-und-Lehre\FairFace\detected_faces\965244_face0.jpg,White,White,Male,20-29,"[5.9623426e-01 6.5159496e-05 1.6699927e-02 9.7660544e-05 1.8264700e-04
 3.3827606e-04 3.8638207e-01]",[9.9317718e-01 2.4499084e-04 2.1974989e-03 4.3802508e-03],[1.000000e+00 1.781647e-08],"[4.7051535e-07 4.3477747e-05 2.5788371e-02 7.2829258e-01 2.3332067e-01
 1.2394535e-02 1.5677714e-04 3.0530409e-06 2.6246544e-08]"
D:\Uni\Ulm\Master\Hiwi-Forschung-und-Lehre\FairFace\detected_faces\965264_face0.jpg,White,White,Male,20-29,"[9.8127031e-01 8.2592469e-06 3.0702923e-03 5.8468613e-06 1.0823905e-05
 2.5048114e-06 1.5632002e-02]",[9.9961007e-01 3.1459561e-04 6.3969215e-05 1.1343716e-05],[9.9997586e-01 2.4133329e-05],"[9.46908969e-08 2.76156090e-04 3.16040039e-01 6.70172751e-01
 1.33866007e-02 1.24092912e-04 3.11337317e-07 4.41815962e-09
 1.12127016e-10]"
D:\Uni\Ulm\Master\Hiwi-Forschung-und-Lehre\FairFace\detected_faces\965265_face0.jpg,Middle Eastern,Indian,Male,30-39,"[2.6258543e-02 7.6072146e-03 1.2315606e-01 1.1350120e-05 9.1546033e-05
 5.7671476e-02 7.8520375e-01]",[0.24167639 0.05426572 0.00288892 0.70116895],[9.9999624e-01 3.7703712e-06],"[1.7179408e-07 6.4137421e-06 8.9076092e-04 4.3399960e-01 5.4695016e-01
 1.8082080e-02 7.0039969e-05 7.8053449e-07 1.1727538e-08]"
D:\Uni\Ulm\Master\Hiwi-Forschung-und-Lehre\FairFace\detected_faces\965330_face0.jpg,Black,Black,Male,30-39,"[8.3690298e-07 9.9990982e-01 4.4471850e-05 2.8443281e-09 8.9659622e-08
 4.3587443e-05 1.2248031e-06]",[1.6987249e-06 9.9992198e-01 7.1552614e-07 7.5591641e-05],[9.9999994e-01 5.0646381e-08],"[4.3944365e-08 4.8444184e-07 2.7155210e-04 2.0671616e-01 6.4991415e-01
 1.3973254e-01 3.3339488e-03 3.0754643e-05 3.9584080e-07]"
D:\Uni\Ulm\Master\Hiwi-Forschung-und-Lehre\FairFace\detected_faces\965331_face0.jpg,White,White,Male,20-29,"[9.9803853e-01 4.0033892e-06 6.5852480e-04 2.8065492e-06 1.2947782e-05
 3.5152600e-06 1.2795518e-03]",[9.9757916e-01 1.3544630e-04 9.6782454e-04 1.3176096e-03],[9.9999964e-01 3.3752474e-07],"[6.3076286e-08 7.3579263e-06 6.1331941e-03 5.9001005e-01 3.7530091e-01
 2.8180858e-02 3.6361901e-04 3.9059360e-06 4.1232443e-08]"
D:\Uni\Ulm\Master\Hiwi-Forschung-und-Lehre\FairFace\detected_faces\965748_face0.jpg,Middle Eastern,White,Male,20-29,"[7.8779414e-02 3.0230722e-04 4.8723672e-02 1.3382552e-04 5.9912784e-04
 7.1771722e-04 8.7074393e-01]",[0.86568105 0.04643174 0.01853942 0.06934776],[9.9999362e-01 6.3681446e-06],"[5.0888161e-08 1.5951564e-04 4.3843460e-01 5.5497742e-01 6.3880556e-03
 4.0172868e-05 1.7402280e-07 8.8179481e-09 1.4210824e-10]"
D:\Uni\Ulm\Master\Hiwi-Forschung-und-Lehre\FairFace\detected_faces\965778_face0.jpg,Middle Eastern,White,Male,20-29,"[2.4984360e-01 2.3881379e-03 2.4376747e-01 2.0494577e-05 1.0022525e-04
 4.6250864e-04 5.0341761e-01]",[0.94816524 0.01308635 0.01227109 0.02647738],[9.9999976e-01 1.9140172e-07],"[6.1012045e-08 7.1776012e-06 1.3401540e-02 8.6393118e-01 1.2065179e-01
 1.9938322e-03 1.4103019e-05 3.8680577e-07 3.0296838e-09]"
D:\Uni\Ulm\Master\Hiwi-Forschung-und-Lehre\FairFace\detected_faces\965795_face0.jpg,White,White,Male,20-29,"[9.9967521e-01 1.1555003e-06 7.1218346e-05 5.6107287e-06 9.7299444e-06
 1.2982820e-06 2.3574887e-04]",[9.9976462e-01 6.1564919e-05 1.0014558e-04 7.3661417e-05],[9.9999982e-01 1.2280356e-07],"[1.5157257e-08 2.6195912e-06 2.0810454e-03 6.3922906e-01 3.4965897e-01
 8.9651160e-03 6.2923034e-05 2.6187305e-07 6.0716134e-09]"
D:\Uni\Ulm\Master\Hiwi-Forschung-und-Lehre\FairFace\detected_faces\965822_face0.jpg,White,White,Male,20-29,"[0.4849982  0.00058364 0.18653497 0.00054168 0.00160828 0.00104138
 0.32469186]",[9.9656844e-01 4.3569904e-04 2.3421724e-03 6.5371336e-04],[9.9999988e-01 1.1172871e-07],"[3.7892487e-08 3.3566939e-05 1.4425778e-01 8.3399397e-01 2.1492429e-02
 2.2156224e-04 7.2055792e-07 1.6273374e-08 1.5944425e-10]"
D:\Uni\Ulm\Master\Hiwi-Forschung-und-Lehre\FairFace\detected_faces\965828_face0.jpg,Middle Eastern,White,Male,30-39,"[4.5680102e-02 1.2989389e-04 4.7544498e-02 8.9812484e-06 4.2483793e-05
 8.3894106e-03 8.9820468e-01]",[9.8644251e-01 1.0949228e-03 2.3689074e-04 1.2225690e-02],[9.9998283e-01 1.7223652e-05],"[1.9747216e-07 4.5650486e-06 5.7384692e-04 4.0297890e-01 5.8045095e-01
 1.5967162e-02 2.4289910e-05 1.7596079e-07 3.0429779e-09]"
D:\Uni\Ulm\Master\Hiwi-Forschung-und-Lehre\FairFace\detected_faces\965832_face0.jpg,White,White,Male,20-29,"[5.1863277e-01 3.2251522e-05 1.2320649e-01 8.5563847e-04 1.2033337e-03
 7.9659483e-04 3.5527289e-01]",[8.5540468e-01 9.1935675e-05 1.3210525e-01 1.2398177e-02],[9.9995834e-01 4.1670293e-05],"[1.1039338e-07 1.4079245e-05 1.2747220e-02 8.6475044e-01 1.2178537e-01
 7.0124451e-04 1.4874304e-06 4.0204899e-08 6.0445254e-10]"
D:\Uni\Ulm\Master\Hiwi-Forschung-und-Lehre\FairFace\detected_faces\965836_face0.jpg,Middle Eastern,White,Male,20-29,"[2.0223849e-02 2.9642475e-05 2.0770162e-02 5.0364823e-05 2.5378141e-04
 1.1490613e-03 9.5752311e-01]",[0.94125307 0.00243924 0.01037504 0.04593263],[9.9997818e-01 2.1860795e-05],"[7.3671640e-06 1.2648096e-03 5.4481052e-02 8.0804026e-01 1.3236427e-01
 3.8146062e-03 2.6542846e-05 1.0274229e-06 2.8668170e-08]"
D:\Uni\Ulm\Master\Hiwi-Forschung-und-Lehre\FairFace\detected_faces\965843_face0.jpg,Middle Eastern,White,Male,20-29,"[2.6755422e-01 3.2059179e-04 1.4262556e-01 4.3441725e-04 8.7496015e-04
 9.3210759e-03 5.7886916e-01]",[0.7724653  0.00598514 0.07159297 0.1499566 ],[9.999246e-01 7.541153e-05],"[8.6964164e-08 8.3728795e-05 6.6608489e-02 8.7507105e-01 5.7548225e-02
 6.8563345e-04 2.7392909e-06 4.9614332e-08 1.2871567e-09]"
D:\Uni\Ulm\Master\Hiwi-Forschung-und-Lehre\FairFace\detected_faces\965931_face0.jpg,White,White,Male,20-29,"[9.5720458e-01 7.1702270e-06 1.0518022e-03 1.9508873e-06 8.9130199e-06
 2.3396020e-05 4.1702274e-02]",[9.9986410e-01 1.0315871e-04 2.3469176e-05 9.2658011e-06],[9.9999785e-01 2.0795164e-06],"[2.6746621e-08 1.0211736e-06 2.8071231e-03 6.2582105e-01 3.4918341e-01
 2.1828262e-02 3.5445832e-04 4.5542365e-06 8.5450381e-08]"
D:\Uni\Ulm\Master\Hiwi-Forschung-und-Lehre\FairFace\detected_faces\965943_face0.jpg,Middle Eastern,White,Male,30-39,"[2.0667361e-01 1.1816983e-02 2.3210751e-01 1.9976391e-05 1.5212817e-04
 1.2435956e-02 5.3679389e-01]",[8.598476e-01 6.487179e-02 3.047225e-04 7.497589e-02],[9.9999392e-01 6.0977763e-06],"[9.8051589e-07 1.2734697e-05 2.8026092e-04 1.2747309e-01 7.7536613e-01
 9.6282616e-02 5.7997560e-04 4.2237511e-06 4.7364775e-08]"
D:\Uni\Ulm\Master\Hiwi-Forschung-und-Lehre\FairFace\detected_faces\965977_face0.jpg,Middle Eastern,White,Male,20-29,"[2.0158255e-01 1.3801451e-03 1.5300561e-01 1.2224261e-05 6.4381129e-05
 3.9303633e-03 6.4002466e-01]",[8.5833222e-01 1.5179978e-02 4.3349428e-04 1.2605433e-01],[9.999996e-01 4.347455e-07],"[2.3514657e-07 1.6807910e-05 7.7647879e-03 8.7290776e-01 1.1808915e-01
 1.2183696e-03 2.8730094e-06 3.6320618e-08 3.8124454e-10]"
D:\Uni\Ulm\Master\Hiwi-Forschung-und-Lehre\FairFace\detected_faces\966000_face0.jpg,White,White,Male,20-29,"[8.1030577e-01 3.0840398e-05 9.9971574e-03 8.5189757e-05 1.8116574e-04
 1.4105478e-04 1.7925878e-01]",[0.9932718  0.00169321 0.00295278 0.00208221],[9.9999875e-01 1.2563090e-06],"[1.2811189e-06 1.4106293e-04 5.4140938e-03 6.1937380e-01 3.6626163e-01
 8.7767541e-03 3.1089850e-05 2.6213343e-07 6.2289254e-09]"
D:\Uni\Ulm\Master\Hiwi-Forschung-und-Lehre\FairFace\detected_faces\966219_face0.jpg,Middle Eastern,White,Male,20-29,"[5.9913285e-02 1.8128889e-03 2.7734041e-01 1.3092823e-05 1.6580323e-04
 2.3187080e-03 6.5843582e-01]",[0.9313289  0.02449076 0.00660354 0.03757683],[1.000000e+00 6.815732e-09],"[5.8888436e-09 1.1419867e-05 3.6693424e-02 9.1639060e-01 4.6532098e-02
 3.7177707e-04 7.3840715e-07 6.7128840e-09 3.1839597e-11]"
D:\Uni\Ulm\Master\Hiwi-Forschung-und-Lehre\FairFace\detected_faces\966263_face0.jpg,Black,Black,Male,20-29,"[2.1685406e-05 9.9987382e-01 6.6091241e-05 1.9637484e-07 3.0291526e-06
 3.1180014e-05 4.0234509e-06]",[1.3941801e-04 9.9911404e-01 5.0259376e-05 6.9631875e-04],[9.997354e-01 2.646010e-04],"[3.1966035e-08 1.8831404e-05 7.3118876e-03 5.7640725e-01 4.0285861e-01
 1.3309892e-02 9.2834198e-05 6.7322208e-07 3.6781877e-08]"
D:\Uni\Ulm\Master\Hiwi-Forschung-und-Lehre\FairFace\detected_faces\966290_face0.jpg,White,White,Male,20-29,"[9.4646871e-01 3.8743433e-06 1.7615939e-03 7.6573679e-06 1.6786184e-05
 6.5643172e-04 5.1084913e-02]",[9.9829972e-01 6.5210543e-06 5.8256370e-05 1.6355995e-03],[9.999979e-01 2.039652e-06],"[4.7773456e-06 3.0284552e-04 9.5947515e-03 7.2135025e-01 2.6089287e-01
 7.8333570e-03 2.1024171e-05 1.9668474e-07 3.3114593e-09]"
D:\Uni\Ulm\Master\Hiwi-Forschung-und-Lehre\FairFace\detected_faces\966293_face0.jpg,White,White,Male,20-29,"[5.6258804e-01 6.8766916e-05 1.4253838e-01 4.5483815e-04 4.5733090e-04
 4.7778458e-04 2.9341489e-01]",[0.98801833 0.00319546 0.00139002 0.00739622],[9.9999905e-01 9.6310339e-07],"[1.7610077e-07 1.4259473e-04 2.0749664e-01 7.7035856e-01 2.1815393e-02
 1.8587970e-04 7.1602682e-07 1.2621273e-08 1.8318418e-10]"
D:\Uni\Ulm\Master\Hiwi-Forschung-und-Lehre\FairFace\detected_faces\966295_face0.jpg,White,White,Male,20-29,"[7.4101311e-01 2.4040717e-06 7.0480732e-03 4.1296207e-06 6.3682364e-06
 1.0371617e-03 2.5088865e-01]",[9.6304071e-01 1.1449618e-04 5.7138928e-04 3.6273368e-02],[9.999964e-01 3.538087e-06],"[3.8822385e-08 2.2766092e-06 1.7234826e-03 7.4383229e-01 2.5103495e-01
 3.4003814e-03 6.5257245e-06 3.5186446e-08 5.0480031e-10]"
D:\Uni\Ulm\Master\Hiwi-Forschung-und-Lehre\FairFace\detected_faces\966300_face0.jpg,Latino_Hispanic,White,Male,10-19,"[0.10515306 0.00453226 0.6756634  0.00492064 0.02107278 0.00152297
 0.18713488]",[0.69613254 0.14967477 0.1267534  0.02743931],[9.9999756e-01 2.4479648e-06],"[3.3073076e-07 1.3832175e-03 6.2189555e-01 3.5495198e-01 2.1039469e-02
 7.2367914e-04 5.6850231e-06 1.0646538e-07 1.2601929e-09]"
D:\Uni\Ulm\Master\Hiwi-Forschung-und-Lehre\FairFace\detected_faces\966301_face0.jpg,White,Indian,Male,20-29,"[0.8279336  0.00869878 0.02099423 0.00184815 0.00379184 0.03729459
 0.09943884]",[0.42417333 0.03049287 0.05438217 0.49095166],[9.9993056e-01 6.9459078e-05],"[4.4749881e-06 2.7423608e-04 6.3630670e-02 7.6932275e-01 1.5813164e-01
 8.2652494e-03 3.5097514e-04 1.8523182e-05 1.4620171e-06]"
D:\Uni\Ulm\Master\Hiwi-Forschung-und-Lehre\FairFace\detected_faces\966302_face0.jpg,Middle Eastern,White,Male,20-29,"[6.9970205e-02 2.1713001e-04 2.0510972e-02 1.3661420e-04 6.2707887e-04
 4.1180418e-04 9.0812618e-01]",[0.7245974  0.20784333 0.00346192 0.06409735],[9.9995941e-01 4.0612005e-05],"[1.9055912e-08 1.8728135e-05 9.5654868e-02 8.7957048e-01 2.4546625e-02
 2.0808532e-04 1.1241992e-06 3.0850199e-08 6.6356443e-10]"
D:\Uni\Ulm\Master\Hiwi-Forschung-und-Lehre\FairFace\detected_faces\966308_face0.jpg,White,White,Male,20-29,"[7.0688063e-01 6.8489811e-04 9.6441783e-02 6.1536150e-05 2.6375157e-04
 3.7883166e-02 1.5778425e-01]",[0.8985024  0.00257205 0.00096264 0.09796286],[9.9997181e-01 2.8203265e-05],"[8.94350524e-06 9.22899693e-03 3.90618563e-01 4.89130318e-01
 1.01575710e-01 9.31560341e-03 1.18405405e-04 3.41773921e-06
 9.36534263e-08]"
D:\Uni\Ulm\Master\Hiwi-Forschung-und-Lehre\FairFace\detected_faces\966384_face0.jpg,Latino_Hispanic,Indian,Male,20-29,"[1.4654533e-02 8.8732392e-03 4.5150006e-01 9.8359655e-05 9.7671431e-04
 1.6472456e-01 3.5917252e-01]",[0.0419979  0.14155698 0.02016812 0.796277  ],[9.9999917e-01 8.6437575e-07],"[4.0863415e-06 9.2700087e-05 6.7679449e-03 6.5983623e-01 3.2017738e-01
 1.3023063e-02 9.6801268e-05 1.7660858e-06 2.3046693e-08]"
D:\Uni\Ulm\Master\Hiwi-Forschung-und-Lehre\FairFace\detected_faces\966387_face0.jpg,Latino_Hispanic,White,Male,10-19,"[3.1599054e-01 3.6383644e-03 4.9336222e-01 1.4694054e-04 1.0153009e-03
 4.2039705e-03 1.8164274e-01]",[0.96849906 0.00151552 0.01111653 0.01886884],[9.998715e-01 1.285168e-04],"[6.5887070e-07 1.5296941e-03 6.8247902e-01 2.9971907e-01 1.5347688e-02
 9.0298714e-04 2.0116213e-05 6.7817825e-07 2.3038924e-08]"
D:\Uni\Ulm\Master\Hiwi-Forschung-und-Lehre\FairFace\detected_faces\966441_face0.jpg,White,White,Male,20-29,"[9.9911946e-01 2.5969481e-07 2.2000702e-04 3.2760323e-07 1.3752687e-06
 6.6328306e-07 6.5791805e-04]",[9.9987799e-01 5.2226744e-05 4.9111692e-05 2.0659803e-05],[1.0000000e+00 6.2951595e-11],"[2.57337640e-09 4.33632658e-06 1.06190639e-02 8.71112585e-01
 1.17203176e-01 1.05938152e-03 1.46670504e-06 5.58551427e-09
 3.27843516e-11]"
D:\Uni\Ulm\Master\Hiwi-Forschung-und-Lehre\FairFace\detected_faces\966446_face0.jpg,White,White,Male,20-29,"[5.2597046e-01 9.8125183e-04 3.1423634e-01 7.4448486e-05 2.3419222e-04
 2.9431165e-03 1.5556014e-01]",[9.8238629e-01 8.7392633e-04 5.8194315e-03 1.0920483e-02],[9.9999976e-01 2.6529321e-07],"[4.2854617e-07 3.1240315e-06 9.2298066e-04 5.3750432e-01 4.4994023e-01
 1.1566371e-02 6.1830207e-05 6.9741975e-07 5.2525553e-09]"
D:\Uni\Ulm\Master\Hiwi-Forschung-und-Lehre\FairFace\detected_faces\966458_face0.jpg,Black,Black,Male,10-19,"[5.4264442e-06 9.9686927e-01 2.5534519e-04 1.1898543e-06 5.7610188e-05
 2.7887356e-03 2.2406439e-05]",[5.4924260e-07 9.9974650e-01 1.3819574e-05 2.3923560e-04],[9.9972934e-01 2.7066696e-04],"[1.6948640e-08 7.6646946e-04 7.7762449e-01 2.1963151e-01 1.9608072e-03
 1.6626420e-05 8.2459131e-08 1.9811934e-09 6.2761310e-11]"
D:\Uni\Ulm\Master\Hiwi-Forschung-und-Lehre\FairFace\detected_faces\966526_face0.jpg,White,White,Male,20-29,"[7.22978771e-01 1.06356965e-04 9.30495039e-02 1.73449967e-04
 3.26449168e-04 4.55322646e-04 1.82910040e-01]",[9.9367309e-01 2.5990261e-03 5.3962489e-04 3.1882415e-03],[9.9999726e-01 2.7454821e-06],"[3.26386242e-08 1.30977705e-05 3.25325355e-02 8.92479539e-01
 7.38258660e-02 1.14495936e-03 3.97172471e-06 3.76809268e-08
 4.64493527e-10]"
D:\Uni\Ulm\Master\Hiwi-Forschung-und-Lehre\FairFace\detected_faces\966528_face0.jpg,White,White,Male,20-29,"[9.9453586e-01 1.2171282e-06 1.8227928e-04 1.2265662e-06 1.8702534e-06
 1.5050783e-06 5.2760541e-03]",[9.9997061e-01 2.1872169e-05 6.5909135e-06 9.2709598e-07],[9.9999934e-01 7.1543542e-07],"[9.4845348e-07 7.6334609e-04 1.8514928e-01 7.5228834e-01 6.0681656e-02
 1.1123403e-03 3.9924321e-06 3.9816882e-08 1.0602910e-09]"
D:\Uni\Ulm\Master\Hiwi-Forschung-und-Lehre\FairFace\detected_faces\966529_face0.jpg,Black,Black,Male,20-29,"[2.0334458e-07 9.9999499e-01 2.0089838e-06 3.6510567e-08 3.9493233e-07
 1.8853792e-06 5.5776383e-07]",[4.6400419e-07 9.9998140e-01 2.8506420e-06 1.5239572e-05],[0.94554293 0.05445709],"[8.3527095e-07 1.7392773e-03 3.4875184e-01 5.7476515e-01 7.0893466e-02
 3.8145296e-03 3.4089066e-05 6.5341140e-07 6.4679590e-08]"
D:\Uni\Ulm\Master\Hiwi-Forschung-und-Lehre\FairFace\detected_faces\966547_face0.jpg,Black,Black,Male,20-29,"[9.5353971e-06 9.9992657e-01 5.5976354e-05 6.9496728e-08 5.2908814e-07
 5.1856573e-06 2.1923956e-06]",[1.9918514e-06 9.9999619e-01 1.2209903e-06 6.0220094e-07],[9.9999684e-01 3.1936311e-06],"[2.2798913e-08 1.9996878e-06 3.4203976e-03 7.1546859e-01 2.6608217e-01
 1.4807292e-02 2.1307007e-04 5.9927702e-06 4.0487299e-07]"
D:\Uni\Ulm\Master\Hiwi-Forschung-und-Lehre\FairFace\detected_faces\966552_face0.jpg,White,White,Male,20-29,"[9.97833312e-01 3.69750228e-06 1.61394884e-04 7.88680791e-06
 1.02937865e-05 2.02706747e-06 1.98138016e-03]",[9.9979991e-01 6.8518370e-05 1.1670908e-04 1.4906679e-05],[0.97997266 0.02002732],"[1.7495119e-06 7.5878616e-04 2.6315162e-01 6.5496403e-01 7.6985620e-02
 4.0764664e-03 6.0013175e-05 1.7028187e-06 7.8736257e-08]"
D:\Uni\Ulm\Master\Hiwi-Forschung-und-Lehre\FairFace\detected_faces\966554_face0.jpg,Middle Eastern,Indian,Male,20-29,"[9.7341230e-03 2.6333999e-04 4.5748062e-02 4.0282657e-06 6.5547792e-05
 3.9211500e-01 5.5206990e-01]",[9.1506969e-03 3.1670311e-04 7.2293937e-05 9.9046034e-01],[9.9999762e-01 2.3207097e-06],"[2.3462733e-06 5.1451282e-04 1.4165148e-02 6.8293995e-01 2.9211232e-01
 1.0245276e-02 2.0119369e-05 2.9088096e-07 4.7608957e-09]"
D:\Uni\Ulm\Master\Hiwi-Forschung-und-Lehre\FairFace\detected_faces\966555_face0.jpg,White,White,Male,20-29,"[6.4068723e-01 3.5610650e-05 1.5690144e-02 5.0935214e-06 1.8723460e-05
 7.6927623e-04 3.4279388e-01]",[9.9785197e-01 1.0056109e-04 6.6502464e-05 1.9810069e-03],[9.9999827e-01 1.7182315e-06],"[9.7751422e-07 1.2951162e-04 1.5398357e-02 8.5718507e-01 1.2471605e-01
 2.5610048e-03 8.8632169e-06 1.2045049e-07 1.6374206e-09]"
D:\Uni\Ulm\Master\Hiwi-Forschung-und-Lehre\FairFace\detected_faces\966556_face0.jpg,Middle Eastern,White,Male,10-19,"[3.3705330e-01 2.1286878e-04 1.5513729e-01 1.0176075e-03 2.2128795e-03
 3.0272799e-03 5.0133878e-01]",[9.9218470e-01 4.3520873e-04 2.5026503e-03 4.8775356e-03],[9.999314e-01 6.858099e-05],"[8.0030404e-06 9.3397098e-03 4.9940711e-01 4.2745364e-01 5.9363250e-02
 4.3765800e-03 5.0480132e-05 1.3648638e-06 2.4682194e-08]"
D:\Uni\Ulm\Master\Hiwi-Forschung-und-Lehre\FairFace\detected_faces\966560_face0.jpg,Middle Eastern,White,Male,20-29,"[4.1188306e-01 1.3013938e-04 8.1246598e-03 2.2442787e-06 2.1159065e-05
 1.3410619e-04 5.7970458e-01]",[9.9860817e-01 3.0956222e-04 3.8849492e-05 1.0434447e-03],[9.999951e-01 4.918542e-06],"[2.5917110e-08 1.3904409e-05 2.1790493e-02 7.7344960e-01 1.9802174e-01
 6.6803219e-03 4.3376658e-05 5.6639090e-07 6.7849357e-09]"
D:\Uni\Ulm\Master\Hiwi-Forschung-und-Lehre\FairFace\detected_faces\966568_face0.jpg,Middle Eastern,White,Male,20-29,"[1.6958097e-01 2.5297806e-04 3.0146243e-02 1.0202331e-04 2.8970078e-04
 1.9556498e-03 7.9767239e-01]",[9.9590468e-01 4.1316403e-04 2.3034804e-04 3.4518449e-03],[9.999953e-01 4.747062e-06],"[2.2794768e-07 4.7690678e-06 2.1558045e-03 5.6151068e-01 4.1986519e-01
 1.6330054e-02 1.2847687e-04 4.6918335e-06 7.5719356e-08]"
D:\Uni\Ulm\Master\Hiwi-Forschung-und-Lehre\FairFace\detected_faces\966572_face0.jpg,Middle Eastern,White,Male,20-29,"[3.65724295e-01 2.54467758e-03 1.14599384e-01 3.69747504e-05
 8.67211711e-05 4.71029343e-04 5.16536951e-01]",[6.2385029e-01 3.7343603e-01 1.8262975e-04 2.5310721e-03],[9.9999601e-01 4.0321725e-06],"[1.0626902e-06 1.8101854e-03 4.0930122e-01 5.7348984e-01 1.5135804e-02
 2.5994852e-04 1.8694494e-06 3.7810189e-08 6.9738698e-10]"
D:\Uni\Ulm\Master\Hiwi-Forschung-und-Lehre\FairFace\detected_faces\966573_face0.jpg,Middle Eastern,Black,Male,20-29,"[2.76865754e-02 4.26918129e-03 2.47730091e-01 1.42614135e-05
 1.40033691e-04 4.52919677e-02 6.74867928e-01]",[0.31500512 0.39200103 0.00323172 0.2897621 ],[9.999979e-01 2.041642e-06],"[9.37562348e-08 1.37841735e-05 1.23994017e-03 5.95335841e-01
 3.97494376e-01 5.90895955e-03 6.98936446e-06 9.01321684e-08
 1.14999910e-09]"
D:\Uni\Ulm\Master\Hiwi-Forschung-und-Lehre\FairFace\detected_faces\966575_face0.jpg,Latino_Hispanic,Black,Male,20-29,"[8.6533405e-02 1.5095976e-02 5.7531053e-01 1.0116100e-05 8.2321407e-05
 4.5212894e-03 3.1844634e-01]",[1.2744915e-01 8.6201334e-01 5.0305401e-04 1.0034452e-02],[9.9999976e-01 2.3832314e-07],"[1.97964354e-07 1.16776355e-05 6.61610859e-03 6.98179662e-01
 2.87379205e-01 7.76186353e-03 5.08982084e-05 4.70499629e-07
 4.04483158e-09]"
D:\Uni\Ulm\Master\Hiwi-Forschung-und-Lehre\FairFace\detected_faces\966637_face0.jpg,White,White,Male,20-29,"[6.9930160e-01 1.0079568e-04 6.5877154e-02 1.0146622e-03 1.4863490e-03
 1.6848287e-03 2.3053460e-01]",[9.9692357e-01 7.2275219e-04 1.7585193e-03 5.9524010e-04],[1.000000e+00 6.417986e-09],"[3.4489312e-07 2.8143417e-05 5.4970765e-03 7.8998804e-01 2.0250544e-01
 1.9738255e-03 7.0681513e-06 7.6809343e-08 7.6295814e-10]"
D:\Uni\Ulm\Master\Hiwi-Forschung-und-Lehre\FairFace\detected_faces\966643_face0.jpg,White,White,Male,20-29,"[9.3068612e-01 3.3485703e-04 4.4548225e-02 1.3060821e-05 3.0403862e-05
 1.6150596e-04 2.4225859e-02]",[9.9485332e-01 3.9647417e-03 7.4711992e-05 1.1071552e-03],[9.9999976e-01 2.1427648e-07],"[1.9910624e-08 3.9968377e-06 6.9740186e-03 8.8922912e-01 1.0303022e-01
 7.6093897e-04 1.6551072e-06 1.8722734e-08 2.0691435e-10]"
D:\Uni\Ulm\Master\Hiwi-Forschung-und-Lehre\FairFace\detected_faces\966652_face0.jpg,White,White,Male,20-29,"[9.8771751e-01 2.7066660e-06 1.0934486e-03 1.8099436e-05 3.4857989e-05
 2.3717266e-05 1.1109659e-02]",[9.9964261e-01 1.7726636e-05 1.8998048e-04 1.4967016e-04],[9.9999666e-01 3.3589831e-06],"[3.2917269e-06 1.3028865e-03 1.7581619e-01 6.1566079e-01 1.7918228e-01
 2.7366772e-02 6.4063165e-04 2.6709498e-05 4.5417096e-07]"
D:\Uni\Ulm\Master\Hiwi-Forschung-und-Lehre\FairFace\detected_faces\966654_face0.jpg,White,White,Male,20-29,"[8.9209896e-01 9.3189126e-05 1.4662948e-02 3.8122229e-02 5.0833020e-02
 3.2884938e-05 4.1567013e-03]",[8.1702638e-01 3.6491204e-02 1.4573574e-01 7.4663776e-04],[9.9999964e-01 3.6968075e-07],"[6.10604474e-08 2.40226541e-06 6.49144268e-03 5.90725005e-01
 3.72168690e-01 2.95939650e-02 1.00435631e-03 1.39044405e-05
 1.99389234e-07]"
D:\Uni\Ulm\Master\Hiwi-Forschung-und-Lehre\FairFace\detected_faces\966655_face0.jpg,Black,Black,Male,20-29,"[5.0124470e-03 5.5705571e-01 4.1312760e-01 6.6748192e-04 1.6374139e-02
 7.3114359e-03 4.5111816e-04]",[6.2183494e-04 9.8535442e-01 3.9828238e-03 1.0040914e-02],[9.9957663e-01 4.2337936e-04],"[2.3906503e-06 7.4809988e-04 3.0106139e-01 6.4707971e-01 4.9222004e-02
 1.8544631e-03 3.1173808e-05 7.4749659e-07 1.9743970e-08]"
D:\Uni\Ulm\Master\Hiwi-Forschung-und-Lehre\FairFace\detected_faces\966663_face0.jpg,Black,Black,Male,20-29,"[2.5493237e-05 9.9857777e-01 1.1853907e-03 3.1665058e-07 1.0875276e-05
 1.8034772e-04 1.9835948e-05]",[1.2209787e-04 9.9832845e-01 2.8955398e-04 1.2598904e-03],[9.9999195e-01 7.9990268e-06],"[1.4978264e-07 2.3536898e-06 1.8521502e-03 4.9134082e-01 4.8677447e-01
 1.9868491e-02 1.6070722e-04 8.8634141e-07 1.6217305e-08]"
D:\Uni\Ulm\Master\Hiwi-Forschung-und-Lehre\FairFace\detected_faces\966667_face0.jpg,White,White,Male,20-29,"[9.9905324e-01 8.1158606e-07 6.3657330e-04 2.1491574e-05 5.6161189e-05
 1.6391971e-06 2.3008212e-04]",[9.9910694e-01 5.1722693e-04 3.5502002e-04 2.0845882e-05],[1.0000000e+00 1.6635158e-09],"[6.68262734e-09 1.68056590e-06 1.38224838e-02 8.67505312e-01
 1.16533995e-01 2.12412211e-03 1.24273092e-05 6.21153902e-08
 5.52531521e-10]"
D:\Uni\Ulm\Master\Hiwi-Forschung-und-Lehre\FairFace\detected_faces\966675_face0.jpg,Latino_Hispanic,Black,Male,20-29,"[4.6321146e-02 6.3531473e-02 7.7727258e-01 5.1618750e-05 5.0053216e-04
 4.3526511e-03 1.0796997e-01]",[0.05000804 0.9455031  0.00142033 0.00306855],[9.9998444e-01 1.5563915e-05],"[6.2061685e-07 6.7284753e-05 2.2615498e-02 8.1694406e-01 1.5851201e-01
 1.8551771e-03 5.2583437e-06 1.5558629e-07 2.6088196e-09]"
D:\Uni\Ulm\Master\Hiwi-Forschung-und-Lehre\FairFace\detected_faces\966679_face0.jpg,White,White,Male,20-29,"[9.7402042e-01 1.2438736e-05 1.2688193e-02 5.8028632e-04 8.9970976e-04
 2.5063418e-05 1.1773905e-02]",[9.9952704e-01 8.4040075e-05 3.2921467e-04 5.9657825e-05],[9.9999654e-01 3.4365603e-06],"[5.90699329e-08 2.15755106e-04 2.20954880e-01 7.54361272e-01
 2.42381692e-02 2.28703895e-04 1.05794459e-06 1.42408085e-08
 2.65243633e-10]"
D:\Uni\Ulm\Master\Hiwi-Forschung-und-Lehre\FairFace\detected_faces\966801_face0.jpg,White,White,Male,20-29,"[8.5554236e-01 9.2793256e-04 8.3748639e-02 6.1805019e-07 4.8488446e-06
 2.5766005e-04 5.9517927e-02]",[9.9707592e-01 2.4982784e-03 4.0618861e-06 4.2176392e-04],[9.9999946e-01 4.7266320e-07],"[2.5928403e-08 2.8656927e-06 3.9092260e-03 8.8347310e-01 1.1187729e-01
 7.3530572e-04 2.1471176e-06 2.6021970e-08 2.5483587e-10]"
D:\Uni\Ulm\Master\Hiwi-Forschung-und-Lehre\FairFace\detected_faces\966802_face0.jpg,White,White,Male,20-29,"[7.6118022e-01 3.1386106e-05 3.1233737e-02 1.3265868e-03 1.3659506e-03
 5.3696963e-03 1.9949247e-01]",[9.5562387e-01 1.5530501e-04 3.4206029e-02 1.0014788e-02],[9.9999464e-01 5.3250683e-06],"[1.9488043e-06 1.4619890e-04 2.9159453e-02 7.9897100e-01 1.6870183e-01
 3.0047942e-03 1.4400229e-05 4.3721010e-07 6.3539360e-09]"
D:\Uni\Ulm\Master\Hiwi-Forschung-und-Lehre\FairFace\detected_faces\966804_face0.jpg,White,White,Male,20-29,"[3.8433039e-01 6.6410622e-04 3.3337954e-01 2.5325079e-04 4.3228563e-04
 1.0644732e-03 2.7987596e-01]",[0.989712   0.0027984  0.0022796  0.00520992],[9.999921e-01 7.954244e-06],"[2.2323886e-07 6.9057023e-06 1.4894843e-02 6.7881703e-01 2.8385866e-01
 2.2003127e-02 4.1450272e-04 4.6461305e-06 4.5390419e-08]"
D:\Uni\Ulm\Master\Hiwi-Forschung-und-Lehre\FairFace\detected_faces\966816_face0.jpg,White,White,Male,20-29,"[9.9621034e-01 9.7459606e-06 1.1466539e-03 3.2357498e-06 6.3394878e-06
 5.4154639e-06 2.6182886e-03]",[9.9981391e-01 9.4668445e-05 2.6143221e-05 6.5283210e-05],[9.999995e-01 4.852968e-07],"[1.0694505e-08 8.4253243e-06 4.1923150e-02 9.3910611e-01 1.8899135e-02
 6.3027219e-05 1.3883005e-07 1.6037252e-09 2.8040131e-11]"
D:\Uni\Ulm\Master\Hiwi-Forschung-und-Lehre\FairFace\detected_faces\966821_face0.jpg,White,White,Male,20-29,"[5.1948667e-01 5.3642545e-04 7.1784474e-02 1.4416869e-05 5.7801273e-05
 2.5688158e-03 4.0555146e-01]",[9.9141163e-01 3.5695275e-03 1.1870479e-05 5.0069038e-03],[9.999938e-01 6.159352e-06],"[1.3272300e-07 1.1473176e-05 2.7986509e-03 8.3375067e-01 1.6272953e-01
 7.0848328e-04 1.0284742e-06 1.3735103e-08 3.0041591e-10]"
D:\Uni\Ulm\Master\Hiwi-Forschung-und-Lehre\FairFace\detected_faces\966836_face0.jpg,White,White,Male,20-29,"[7.05013514e-01 4.22811863e-05 1.00237966e-01 1.25019724e-04
 1.85944475e-04 5.94175188e-04 1.93800971e-01]",[9.9745393e-01 2.6276757e-04 1.0969557e-03 1.1863312e-03],[9.9999982e-01 1.5449847e-07],"[2.0849916e-07 6.1063593e-06 2.5216613e-03 7.1750629e-01 2.7476656e-01
 5.1796949e-03 1.9284436e-05 2.3276229e-07 2.1107198e-09]"
D:\Uni\Ulm\Master\Hiwi-Forschung-und-Lehre\FairFace\detected_faces\966837_face0.jpg,White,White,Male,20-29,"[7.8659528e-01 1.1428566e-04 6.5209486e-02 9.4777541e-05 2.1142737e-04
 9.6071890e-04 1.4681399e-01]",[9.8671424e-01 9.9282130e-04 8.4950612e-04 1.1443460e-02],[1.0000000e+00 1.1945059e-09],"[1.2313494e-08 3.4520037e-06 1.0571938e-02 8.8484907e-01 1.0364671e-01
 9.2599378e-04 2.8446648e-06 2.6191417e-08 1.2869442e-10]"
D:\Uni\Ulm\Master\Hiwi-Forschung-und-Lehre\FairFace\detected_faces\966862_face0.jpg,White,White,Male,20-29,"[9.5480299e-01 7.9413358e-06 6.6093071e-03 6.7249719e-05 5.1594317e-05
 9.3246872e-06 3.8451582e-02]",[9.9963194e-01 7.3926582e-05 2.3795686e-04 5.6224369e-05],[1.0000000e+00 2.9188468e-10],"[2.86343731e-08 2.21274468e-06 9.15843621e-03 8.00907254e-01
 1.87110141e-01 2.81074247e-03 1.10808414e-05 1.01747474e-07
 4.10194628e-10]"
D:\Uni\Ulm\Master\Hiwi-Forschung-und-Lehre\FairFace\detected_faces\966868_face0.jpg,Latino_Hispanic,Black,Male,20-29,"[1.2445552e-01 4.3313693e-02 7.7361518e-01 1.9234604e-04 1.7057175e-03
 1.2416862e-02 4.4300683e-02]",[0.10159647 0.83167666 0.00124042 0.06548642],[9.9999952e-01 4.6075024e-07],"[1.1440250e-06 2.2884276e-04 4.2382434e-02 7.5048357e-01 1.9182393e-01
 1.4727955e-02 3.4488222e-04 7.1583991e-06 1.1671659e-07]"
D:\Uni\Ulm\Master\Hiwi-Forschung-und-Lehre\FairFace\detected_faces\966869_face0.jpg,White,White,Male,20-29,"[9.9890906e-01 4.0436635e-06 4.4200651e-04 2.0323787e-06 3.6482511e-06
 2.3281268e-06 6.3700031e-04]",[9.9989802e-01 2.0555235e-05 6.1953506e-05 1.9477764e-05],[9.9999982e-01 1.8595698e-07],"[2.1577531e-08 4.3741213e-05 6.1663210e-02 9.1198152e-01 2.6136395e-02
 1.7466872e-04 3.4278878e-07 5.9118883e-09 9.4539925e-11]"
D:\Uni\Ulm\Master\Hiwi-Forschung-und-Lehre\FairFace\detected_faces\966874_face0.jpg,White,White,Male,20-29,"[9.9403954e-01 1.7310523e-06 4.5095244e-04 8.0104592e-06 1.9591083e-05
 1.5771725e-06 5.4786731e-03]",[9.9923497e-01 2.4254451e-04 4.6863517e-04 5.3817785e-05],[9.9999869e-01 1.3371101e-06],"[3.5577564e-08 1.2192158e-04 2.5458243e-01 7.3088133e-01 1.4160315e-02
 2.5278973e-04 1.1923056e-06 2.0781954e-08 4.8732524e-10]"
D:\Uni\Ulm\Master\Hiwi-Forschung-und-Lehre\FairFace\detected_faces\966880_face0.jpg,White,White,Male,20-29,"[7.1190435e-01 7.3870855e-05 9.0210207e-02 5.9423177e-04 8.0382993e-04
 6.7034783e-03 1.8971004e-01]",[9.9698091e-01 8.2676190e-05 8.0769527e-04 2.1287012e-03],[9.999859e-01 1.414912e-05],"[1.2367020e-06 5.5944132e-05 8.9195389e-03 7.9427320e-01 1.9493812e-01
 1.8076045e-03 4.2682600e-06 7.0069014e-08 1.4608719e-09]"
D:\Uni\Ulm\Master\Hiwi-Forschung-und-Lehre\FairFace\detected_faces\966889_face0.jpg,White,White,Male,10-19,"[9.9650955e-01 1.7624077e-06 7.9313148e-04 1.7346776e-05 1.3687098e-05
 1.1692672e-05 2.6527585e-03]",[9.9947834e-01 1.6099279e-04 3.2971933e-04 3.1000978e-05],[9.9999744e-01 2.5457493e-06],"[2.3016992e-06 2.6135987e-03 8.0713719e-01 1.8608111e-01 3.9214073e-03
 2.4092715e-04 3.3122801e-06 1.2708439e-07 4.8643574e-09]"
D:\Uni\Ulm\Master\Hiwi-Forschung-und-Lehre\FairFace\detected_faces\966904_face0.jpg,White,White,Male,20-29,"[8.0986410e-01 7.7049038e-04 5.2276015e-02 5.4756360e-04 1.3340225e-03
 2.6241310e-03 1.3258374e-01]",[9.9951512e-01 6.6810593e-05 2.6234397e-04 1.5574534e-04],[9.9999958e-01 4.1969454e-07],"[1.4688463e-07 1.6696882e-04 1.6068257e-01 8.1319147e-01 2.5766132e-02
 1.9205251e-04 6.3138606e-07 7.0770980e-09 2.3142720e-10]"
D:\Uni\Ulm\Master\Hiwi-Forschung-und-Lehre\FairFace\detected_faces\966911_face0.jpg,Middle Eastern,White,Male,20-29,"[4.46921319e-01 2.67461637e-05 1.26323085e-02 1.17874288e-05
 2.22104281e-05 1.41719996e-03 5.38968384e-01]",[9.8469239e-01 4.3046308e-05 9.3712413e-05 1.5170921e-02],[9.9999988e-01 1.2443641e-07],"[1.8228436e-08 1.0848162e-06 3.2306896e-03 8.3010131e-01 1.6529757e-01
 1.3664798e-03 2.8197235e-06 3.1219503e-08 3.8482173e-10]"
D:\Uni\Ulm\Master\Hiwi-Forschung-und-Lehre\FairFace\detected_faces\966937_face0.jpg,Latino_Hispanic,White,Male,20-29,"[4.3563911e-01 4.1566920e-04 5.3012371e-01 7.8836209e-05 3.2637885e-04
 1.9814400e-03 3.1434849e-02]",[0.9390376  0.00712254 0.00360784 0.05023199],[9.9999946e-01 5.0474222e-07],"[3.9668118e-09 3.8392403e-07 1.7968542e-03 6.0432786e-01 3.7899703e-01
 1.4834064e-02 4.3603457e-05 2.0171096e-07 1.1453818e-09]"
D:\Uni\Ulm\Master\Hiwi-Forschung-und-Lehre\FairFace\detected_faces\966940_face0.jpg,White,White,Male,20-29,"[9.0437198e-01 1.5340679e-04 9.3992418e-03 8.4059538e-06 2.2754117e-05
 2.6014588e-05 8.6018175e-02]",[9.99757171e-01 1.72850225e-04 1.26587065e-05 5.73647776e-05],[1.0000000e+00 2.0243818e-09],"[2.1495673e-08 5.9914646e-06 1.7796358e-02 9.3644112e-01 4.5518067e-02
 2.3769116e-04 8.5286973e-07 1.3046355e-08 1.1640398e-10]"
D:\Uni\Ulm\Master\Hiwi-Forschung-und-Lehre\FairFace\detected_faces\966945_face0.jpg,White,White,Male,20-29,"[9.8575175e-01 2.4236684e-05 3.2164569e-03 1.2683449e-05 1.0386110e-05
 3.6985381e-05 1.0947582e-02]",[9.9936616e-01 6.1392624e-05 1.0517974e-04 4.6725976e-04],[9.9985397e-01 1.4606933e-04],"[1.4856316e-07 1.3872000e-04 3.2717225e-01 6.5742916e-01 1.4962655e-02
 2.9459648e-04 2.4261835e-06 7.5511053e-08 2.1024280e-09]"
D:\Uni\Ulm\Master\Hiwi-Forschung-und-Lehre\FairFace\detected_faces\966957_face0.jpg,White,White,Male,20-29,"[5.5428684e-01 1.0368293e-04 1.2146255e-02 2.2730212e-05 5.2994681e-05
 1.4598604e-03 4.3192756e-01]",[9.9926889e-01 3.9394534e-05 9.4151117e-05 5.9750525e-04],[9.9998635e-01 1.3643258e-05],"[7.26698602e-07 1.87419810e-05 7.18631223e-03 7.07853556e-01
 2.71683931e-01 1.30433375e-02 2.10041500e-04 3.23182826e-06
 9.27512218e-08]"
D:\Uni\Ulm\Master\Hiwi-Forschung-und-Lehre\FairFace\detected_faces\967028_face0.jpg,White,White,Male,20-29,"[9.3305105e-01 7.7038014e-05 7.8986753e-03 3.3964914e-06 1.0472376e-05
 5.7600607e-04 5.8383442e-02]",[9.9944228e-01 9.8663077e-05 3.2278967e-05 4.2674947e-04],[9.9999851e-01 1.4894881e-06],"[6.2239800e-09 7.8643006e-06 1.3784139e-01 8.5427105e-01 7.8391451e-03
 4.0396342e-05 1.8715352e-07 6.2225913e-09 1.4997653e-10]"
D:\Uni\Ulm\Master\Hiwi-Forschung-und-Lehre\FairFace\detected_faces\967178_face0.jpg,Black,Black,Male,20-29,"[2.7982758e-06 9.9994785e-01 4.2348813e-05 7.3690281e-08 1.7316283e-06
 4.4185176e-06 7.5998463e-07]",[6.6141774e-07 9.9999040e-01 3.6092792e-06 5.3362182e-06],[9.9975377e-01 2.4627743e-04],"[2.9089289e-08 1.2249626e-04 3.1150895e-01 6.7667437e-01 1.1556035e-02
 1.3740556e-04 6.7345724e-07 1.2886879e-08 8.0589169e-10]"
D:\Uni\Ulm\Master\Hiwi-Forschung-und-Lehre\FairFace\detected_faces\967451_face0.jpg,Black,Black,Male,20-29,"[2.8810205e-06 9.9914789e-01 1.9176386e-04 3.7824277e-06 2.1506917e-04
 4.3525881e-04 3.3576109e-06]",[2.59308422e-06 9.99846160e-01 3.39877843e-05 1.17282616e-04],[9.9988210e-01 1.1790078e-04],"[4.00628970e-08 1.05746403e-05 3.03968173e-02 8.33217919e-01
 1.29374832e-01 6.87932037e-03 1.18915916e-04 1.41638509e-06
 5.37479963e-08]"
D:\Uni\Ulm\Master\Hiwi-Forschung-und-Lehre\FairFace\detected_faces\967457_face0.jpg,Black,Black,Male,20-29,"[5.5617245e-04 9.4065589e-01 2.9536564e-02 6.8509260e-05 3.7180777e-03
 2.3450881e-02 2.0139450e-03]",[1.02031256e-04 9.98287380e-01 7.38605042e-04 8.71997792e-04],[9.999994e-01 5.783474e-07],"[8.2870891e-08 5.9600025e-05 1.1716539e-01 8.2707036e-01 5.3726044e-02
 1.9511707e-03 2.6118909e-05 1.2259718e-06 1.6320314e-08]"
D:\Uni\Ulm\Master\Hiwi-Forschung-und-Lehre\FairFace\detected_faces\967501_face0.jpg,White,White,Male,10-19,"[9.9998689e-01 4.7274046e-08 2.0930756e-06 8.3365812e-08 8.1793964e-08
 1.5103970e-08 1.0755361e-05]",[9.9995923e-01 3.2200966e-05 4.6922623e-06 3.8819776e-06],[9.99987960e-01 1.20283175e-05],"[9.2797798e-08 4.6230675e-04 5.6841403e-01 4.2392784e-01 7.0111351e-03
 1.8290611e-04 1.6011003e-06 3.3246131e-08 9.1520852e-10]"
D:\Uni\Ulm\Master\Hiwi-Forschung-und-Lehre\FairFace\detected_faces\967505_face0.jpg,Latino_Hispanic,Asian,Male,20-29,"[0.07373084 0.00154366 0.4999034  0.1856407  0.1838343  0.00517788
 0.05016926]",[0.30435786 0.01187418 0.6692579  0.0145101 ],[9.999910e-01 8.992363e-06],"[3.7668360e-07 2.5308575e-05 5.2479189e-03 6.5564865e-01 3.3084953e-01
 8.1917224e-03 3.5466768e-05 9.4367118e-07 9.3271888e-09]"
D:\Uni\Ulm\Master\Hiwi-Forschung-und-Lehre\FairFace\detected_faces\967510_face0.jpg,Black,Black,Male,20-29,"[6.4384608e-06 9.9850124e-01 2.9591174e-04 1.0598193e-07 5.4079323e-06
 1.1228066e-03 6.8059999e-05]",[8.1884282e-06 9.9981588e-01 9.5899377e-06 1.6631396e-04],[1.0000000e+00 2.2524947e-08],"[1.9180406e-09 9.6332258e-08 3.7533190e-04 5.3151560e-01 4.5933917e-01
 8.7338723e-03 3.5730594e-05 2.1834570e-07 3.5244201e-09]"
D:\Uni\Ulm\Master\Hiwi-Forschung-und-Lehre\FairFace\detected_faces\967672_face0.jpg,White,White,Male,20-29,"[6.1887586e-01 2.1131316e-04 9.7230986e-02 4.6064022e-05 1.2512352e-04
 1.0475020e-03 2.8246313e-01]",[0.9433648  0.01117137 0.00169677 0.043767  ],[9.9999970e-01 2.8273408e-07],"[2.2979593e-08 2.3444584e-06 5.4072468e-03 8.6697876e-01 1.2658475e-01
 1.0252827e-03 1.4924791e-06 1.5513281e-08 1.5879607e-10]"
D:\Uni\Ulm\Master\Hiwi-Forschung-und-Lehre\FairFace\detected_faces\967722_face0.jpg,Black,Black,Male,30-39,"[2.1813683e-07 9.9999380e-01 2.8667832e-06 1.7533111e-09 1.5321094e-08
 3.0329966e-06 3.6465533e-08]",[2.0780510e-06 9.9992126e-01 1.2577526e-06 7.5381176e-05],[9.9998546e-01 1.4514014e-05],"[2.6215730e-09 1.0527390e-07 3.4592114e-04 1.5847762e-01 6.4455664e-01
 1.8858510e-01 7.9917256e-03 4.2006137e-05 8.9742099e-07]"
D:\Uni\Ulm\Master\Hiwi-Forschung-und-Lehre\FairFace\detected_faces\967747_face0.jpg,Middle Eastern,White,Male,20-29,"[3.8472030e-01 4.3750952e-05 1.7680371e-01 1.2411829e-04 2.8063386e-04
 1.0682512e-02 4.2734501e-01]",[9.7215945e-01 7.0393662e-04 8.7585917e-04 2.6260749e-02],[1.0000000e+00 1.0807266e-08],"[8.0910022e-06 8.2134345e-04 4.9660556e-02 6.6091609e-01 2.7379343e-01
 1.4687978e-02 1.1138830e-04 1.1685617e-06 8.2975875e-09]"
D:\Uni\Ulm\Master\Hiwi-Forschung-und-Lehre\FairFace\detected_faces\970341_face0.jpg,White,White,Male,20-29,"[9.7929490e-01 3.0160875e-06 1.3066734e-02 5.1549279e-05 4.4495166e-05
 5.9466132e-05 7.4799573e-03]",[9.9969876e-01 5.2881212e-05 1.4563481e-04 1.0272007e-04],[9.9998689e-01 1.3169817e-05],"[1.8416453e-06 4.9722678e-04 1.3436143e-01 6.9390476e-01 1.6476682e-01
 6.4229574e-03 4.4477867e-05 4.1820974e-07 7.7883309e-09]"
D:\Uni\Ulm\Master\Hiwi-Forschung-und-Lehre\FairFace\detected_faces\970349_face0.jpg,White,White,Male,20-29,"[9.8333102e-01 2.6525802e-06 1.0671454e-03 1.1500557e-05 1.3502029e-05
 2.0839800e-05 1.5553337e-02]",[9.9968517e-01 6.0774968e-05 5.9958751e-05 1.9410376e-04],[0.9977213  0.00227865],"[1.9404495e-06 8.3507184e-04 7.9640247e-02 8.4478706e-01 7.3764645e-02
 9.6753804e-04 3.4433949e-06 4.9084523e-08 2.8092124e-09]"
D:\Uni\Ulm\Master\Hiwi-Forschung-und-Lehre\FairFace\detected_faces\970353_face0.jpg,White,White,Male,30-39,"[9.9822593e-01 2.0091205e-05 3.4335410e-04 1.9394702e-05 2.3209452e-05
 1.7270841e-05 1.3507023e-03]",[9.9881351e-01 1.0797159e-03 2.5836751e-05 8.0958111e-05],[9.9998838e-01 1.1626509e-05],"[2.0186133e-04 7.5653754e-04 1.7133219e-02 2.3638117e-01 4.4916561e-01
 2.3736238e-01 5.4447401e-02 4.3954407e-03 1.5643019e-04]"
D:\Uni\Ulm\Master\Hiwi-Forschung-und-Lehre\FairFace\detected_faces\970358_face0.jpg,Black,Black,Male,20-29,"[1.7579874e-06 9.9995196e-01 1.6714514e-05 1.9883007e-08 4.1361486e-07
 2.6651054e-05 2.5921390e-06]",[8.9059540e-07 9.9999177e-01 3.8601729e-07 6.9354655e-06],[9.9995327e-01 4.6708727e-05],"[2.2497456e-08 5.1938117e-05 1.5633912e-01 7.9436535e-01 4.8373237e-02
 8.6043018e-04 9.6742870e-06 2.6598468e-07 7.0266335e-09]"
D:\Uni\Ulm\Master\Hiwi-Forschung-und-Lehre\FairFace\detected_faces\970360_face0.jpg,Indian,Black,Male,30-39,"[2.8388912e-04 3.8469824e-01 3.0639492e-02 2.4335891e-04 6.3028224e-03
 5.6992221e-01 7.9099359e-03]",[1.20780707e-04 7.05138385e-01 1.16679694e-04 2.94624150e-01],[0.998044   0.00195602],"[8.4067258e-04 3.2884993e-02 1.3778247e-01 2.8700474e-01 3.7066525e-01
 1.5761845e-01 1.2669838e-02 5.2047661e-04 1.3092475e-05]"
D:\Uni\Ulm\Master\Hiwi-Forschung-und-Lehre\FairFace\detected_faces\970361_face0.jpg,Black,Black,Male,20-29,"[2.8179963e-06 9.9942821e-01 4.3562646e-05 2.8239294e-08 6.3936022e-07
 5.2259408e-04 2.1746318e-06]",[5.9398826e-06 9.9978673e-01 4.2633937e-06 2.0302819e-04],[9.9984962e-01 1.5036123e-04],"[1.06788045e-08 5.53376958e-06 1.70780476e-02 7.13167071e-01
 2.57459700e-01 1.21030193e-02 1.84509568e-04 2.02738192e-06
 4.37591723e-08]"
D:\Uni\Ulm\Master\Hiwi-Forschung-und-Lehre\FairFace\detected_faces\970365_face0.jpg,Black,Black,Male,20-29,"[8.6264972e-06 9.9979758e-01 8.6270215e-05 1.7959636e-08 5.4219777e-07
 6.8806155e-05 3.8201168e-05]",[7.4778550e-06 9.9992609e-01 2.8376367e-06 6.3568164e-05],[9.9999899e-01 1.0269331e-06],"[1.6669256e-08 1.9542282e-05 8.3036218e-03 7.7169305e-01 2.1615097e-01
 3.8226016e-03 1.0073008e-05 1.2242130e-07 4.0895647e-09]"
D:\Uni\Ulm\Master\Hiwi-Forschung-und-Lehre\FairFace\detected_faces\970366_face0.jpg,Black,Black,Male,20-29,"[1.6698377e-04 9.6538693e-01 1.1343100e-02 6.1841422e-07 3.3202632e-05
 1.9933453e-02 3.1357617e-03]",[1.8209032e-05 9.9475437e-01 3.6011774e-05 5.1913429e-03],[9.9999988e-01 1.2714744e-07],"[8.8316192e-08 5.0282247e-06 4.3053110e-03 5.3553283e-01 4.2650110e-01
 3.3202700e-02 4.4551285e-04 7.2650528e-06 9.7167366e-08]"
D:\Uni\Ulm\Master\Hiwi-Forschung-und-Lehre\FairFace\detected_faces\970370_face0.jpg,Black,Black,Male,30-39,"[6.2751433e-06 9.9973440e-01 1.5333229e-04 6.3028483e-07 6.4371648e-06
 9.3404189e-05 5.5052483e-06]",[9.4392881e-06 9.9978453e-01 2.5159165e-05 1.8087457e-04],[9.9984473e-01 1.5528020e-04],"[9.4152244e-07 1.1525874e-05 1.8063586e-03 1.3934933e-01 4.5871842e-01
 3.4806213e-01 5.0975010e-02 1.0309818e-03 4.5418496e-05]"
D:\Uni\Ulm\Master\Hiwi-Forschung-und-Lehre\FairFace\detected_faces\970371_face0.jpg,Latino_Hispanic,Indian,Male,10-19,"[1.2051764e-02 1.6341127e-02 4.3405500e-01 6.3695952e-05 1.0949854e-03
 2.0031945e-01 3.3607394e-01]",[2.8831563e-03 1.6845916e-01 3.3418107e-04 8.2832354e-01],[9.9998844e-01 1.1589275e-05],"[1.7024496e-06 7.0290742e-03 6.5570134e-01 3.2543489e-01 1.1594240e-02
 2.3736473e-04 1.3316874e-06 5.8666551e-08 1.2811641e-09]"
D:\Uni\Ulm\Master\Hiwi-Forschung-und-Lehre\FairFace\detected_faces\970373_face0.jpg,White,White,Male,10-19,"[9.8634803e-01 5.3002537e-07 6.7309337e-04 2.5423604e-05 1.0169388e-05
 1.3842021e-06 1.2941298e-02]",[9.9996024e-01 6.2795931e-07 3.6896239e-05 2.2341324e-06],[0.99821883 0.00178118],"[3.7683697e-06 3.6506846e-03 6.1871594e-01 3.5219002e-01 2.4042189e-02
 1.3847318e-03 1.2144069e-05 4.6933243e-07 1.6889306e-08]"
D:\Uni\Ulm\Master\Hiwi-Forschung-und-Lehre\FairFace\detected_faces\970375_face0.jpg,White,White,Male,20-29,"[9.5262146e-01 2.2521337e-05 1.9221308e-02 1.3917726e-05 4.2262902e-05
 1.6635400e-04 2.7912166e-02]",[9.9861616e-01 2.9819569e-04 5.4781209e-05 1.0308070e-03],[9.999999e-01 6.360560e-08],"[1.1962048e-07 2.9033759e-05 1.4211129e-02 8.9782614e-01 8.7181956e-02
 7.5057719e-04 1.0914612e-06 9.1124175e-09 8.7991010e-11]"
D:\Uni\Ulm\Master\Hiwi-Forschung-und-Lehre\FairFace\detected_faces\970384_face0.jpg,Black,Black,Male,20-29,"[7.1884040e-04 8.8197690e-01 4.5545559e-02 1.4000743e-04 1.3418128e-02
 4.7956362e-02 1.0244122e-02]",[8.3794097e-05 9.9546486e-01 5.0643954e-04 3.9449674e-03],[9.999594e-01 4.058265e-05],"[3.0338484e-07 4.5316445e-04 4.0620792e-01 5.6192237e-01 2.9034026e-02
 2.2957271e-03 8.3558589e-05 2.8585989e-06 8.9906962e-08]"
D:\Uni\Ulm\Master\Hiwi-Forschung-und-Lehre\FairFace\detected_faces\970386_face0.jpg,White,White,Male,20-29,"[7.3509556e-01 5.4010248e-04 3.6267009e-02 1.6880500e-04 4.0269556e-04
 2.7632486e-04 2.2724947e-01]",[0.98602724 0.00756062 0.00330704 0.00310508],[9.9995434e-01 4.5618934e-05],"[3.8515958e-07 2.1991266e-04 1.5266635e-01 8.0875343e-01 3.7410554e-02
 9.3844987e-04 1.0583241e-05 3.4538590e-07 9.6462918e-09]"
D:\Uni\Ulm\Master\Hiwi-Forschung-und-Lehre\FairFace\detected_faces\970390_face0.jpg,White,White,Male,20-29,"[8.99449170e-01 1.17435644e-04 8.83706361e-02 4.98404152e-05
 3.71096918e-04 1.07159093e-03 1.05703184e-02]",[9.9642855e-01 7.0477638e-04 1.8004715e-03 1.0662300e-03],[9.9999994e-01 8.2159062e-08],"[9.5777989e-07 2.4337124e-04 2.0843573e-02 7.2734237e-01 2.4484457e-01
 6.6939681e-03 3.0836774e-05 3.0169315e-07 2.8850176e-09]"
D:\Uni\Ulm\Master\Hiwi-Forschung-und-Lehre\FairFace\detected_faces\970395_face0.jpg,White,White,Male,10-19,"[9.9712735e-01 1.0859652e-04 2.2430182e-03 1.4160675e-05 3.7300884e-05
 5.1998531e-06 4.6444166e-04]",[9.9751061e-01 1.5753902e-03 8.8053074e-04 3.3497210e-05],[9.9911594e-01 8.8403106e-04],"[1.2196814e-07 2.1421972e-03 8.0323768e-01 1.9291314e-01 1.6898820e-03
 1.6952143e-05 1.2344518e-07 6.6550228e-09 3.7855671e-10]"
D:\Uni\Ulm\Master\Hiwi-Forschung-und-Lehre\FairFace\detected_faces\970396_face0.jpg,White,White,Male,20-29,"[9.7591501e-01 6.8827299e-05 5.3632315e-03 8.7503533e-05 2.2825353e-04
 1.9907934e-04 1.8138167e-02]",[9.9976307e-01 1.2998328e-04 5.7717298e-05 4.9251350e-05],[9.999680e-01 3.198335e-05],"[2.6955385e-08 1.0883350e-06 1.2694121e-03 5.9213167e-01 3.9368054e-01
 1.2788548e-02 1.2644040e-04 2.1447343e-06 5.1597105e-08]"
D:\Uni\Ulm\Master\Hiwi-Forschung-und-Lehre\FairFace\detected_faces\970398_face0.jpg,White,White,Male,20-29,"[9.8865801e-01 2.3306070e-06 4.7068316e-03 1.2637399e-05 4.5387984e-05
 4.2538293e-05 6.5322858e-03]",[9.9375772e-01 2.0101006e-04 4.3869414e-03 1.6542802e-03],[9.9999267e-01 7.3560923e-06],"[1.2016242e-08 1.6010117e-05 7.2469212e-02 8.8639426e-01 4.0625203e-02
 4.9312116e-04 2.1486728e-06 2.9668332e-08 5.0701593e-10]"
D:\Uni\Ulm\Master\Hiwi-Forschung-und-Lehre\FairFace\detected_faces\970399_face0.jpg,White,White,Male,20-29,"[9.8069578e-01 2.2784411e-04 1.0496866e-02 2.1980033e-05 8.3403174e-05
 3.5965826e-05 8.4381970e-03]",[9.9387610e-01 5.4996884e-03 2.5346896e-04 3.7070035e-04],[9.9985272e-01 1.4730608e-04],"[3.0502871e-08 2.2454824e-05 1.2293615e-01 8.3258128e-01 4.2551946e-02
 1.8710669e-03 3.6347185e-05 7.7417366e-07 2.5652357e-08]"
D:\Uni\Ulm\Master\Hiwi-Forschung-und-Lehre\FairFace\detected_faces\970407_face0.jpg,Black,Black,Male,30-39,"[9.3387777e-04 9.6295708e-01 1.0733269e-02 8.9366462e-05 2.5790844e-03
 2.2519158e-02 1.8822898e-04]",[0.00789801 0.9041126  0.00918337 0.07880603],[9.9981397e-01 1.8602709e-04],"[1.82241493e-08 2.20442757e-06 5.00815397e-04 1.19912565e-01
 7.85833836e-01 9.30728838e-02 6.73808157e-04 3.81239602e-06
 7.89502295e-08]"
D:\Uni\Ulm\Master\Hiwi-Forschung-und-Lehre\FairFace\detected_faces\970416_face0.jpg,Black,Black,Male,20-29,"[7.4861612e-07 9.9994463e-01 1.3326208e-05 1.7094228e-08 1.0199186e-06
 3.9157418e-05 1.0934338e-06]",[4.6156714e-07 9.9998379e-01 1.4810370e-06 1.4242735e-05],[9.9993277e-01 6.7288602e-05],"[4.2072877e-08 4.6886515e-04 3.6501810e-01 6.1993068e-01 1.4452852e-02
 1.2861654e-04 7.9429924e-07 1.6315132e-08 5.8063226e-10]"
D:\Uni\Ulm\Master\Hiwi-Forschung-und-Lehre\FairFace\detected_faces\970422_face0.jpg,White,White,Male,20-29,"[9.5502752e-01 9.1579003e-04 1.7942561e-02 7.3320357e-06 5.1477928e-05
 1.6234205e-04 2.5893064e-02]",[8.8128185e-01 1.1111886e-01 6.1898091e-04 6.9803097e-03],[1.000000e+00 9.122446e-10],"[9.7260909e-08 4.1316730e-06 4.7202315e-03 7.3126698e-01 2.5012860e-01
 1.3500031e-02 3.7463801e-04 5.3026520e-06 3.4493809e-08]"
D:\Uni\Ulm\Master\Hiwi-Forschung-und-Lehre\FairFace\detected_faces\970425_face0.jpg,Black,Black,Male,20-29,"[8.7304352e-07 9.9996114e-01 2.2036113e-05 1.0359538e-08 6.7288192e-07
 1.4030795e-05 1.3697791e-06]",[5.8725220e-07 9.9998814e-01 3.6544204e-06 7.5205344e-06],[1.0000000e+00 2.2425061e-08],"[4.2066695e-08 7.9090940e-05 8.1938490e-02 8.4698594e-01 6.9116026e-02
 1.8521183e-03 2.7633070e-05 6.8428483e-07 2.2234136e-08]"
D:\Uni\Ulm\Master\Hiwi-Forschung-und-Lehre\FairFace\detected_faces\970427_face0.jpg,Black,Black,Male,30-39,"[4.2846888e-05 8.2046211e-01 9.7887218e-04 1.2900958e-07 5.6479403e-06
 1.7823237e-01 2.7810957e-04]",[1.9781082e-05 9.9013710e-01 1.1349726e-05 9.8317685e-03],[9.9999958e-01 4.1031595e-07],"[9.1668602e-09 9.3679984e-07 4.3371279e-04 2.5974634e-01 7.0700502e-01
 3.2633040e-02 1.8004978e-04 8.8200142e-07 7.2538793e-09]"
D:\Uni\Ulm\Master\Hiwi-Forschung-und-Lehre\FairFace\detected_faces\970435_face0.jpg,White,White,Male,20-29,"[9.9974078e-01 3.0711983e-06 7.9998950e-05 1.8352995e-06 5.8394044e-06
 3.5513087e-06 1.6499049e-04]",[9.9980956e-01 4.3449738e-05 6.9470174e-05 7.7542310e-05],[9.9982071e-01 1.7932428e-04],"[5.5587515e-07 2.9246718e-05 1.5474876e-02 6.7799568e-01 2.6683480e-01
 3.7105102e-02 2.4547637e-03 9.9643265e-05 5.2937698e-06]"
D:\Uni\Ulm\Master\Hiwi-Forschung-und-Lehre\FairFace\detected_faces\970437_face0.jpg,White,White,Male,20-29,"[9.9909902e-01 4.2769821e-06 1.2361190e-04 5.8195099e-05 9.0241199e-05
 3.2860927e-07 6.2439032e-04]",[9.9957484e-01 1.4614771e-04 2.6831674e-04 1.0665618e-05],[9.9979657e-01 2.0344094e-04],"[6.8633466e-07 9.8826049e-04 3.3297813e-01 6.2350631e-01 4.0369570e-02
 2.1022467e-03 5.2996675e-05 1.6789538e-06 1.0187318e-07]"
D:\Uni\Ulm\Master\Hiwi-Forschung-und-Lehre\FairFace\detected_faces\970441_face0.jpg,Middle Eastern,White,Male,20-29,"[4.4859612e-01 1.8172257e-05 2.6984261e-02 1.2219929e-04 2.4837718e-04
 6.8151765e-04 5.2334934e-01]",[9.9774659e-01 3.2446580e-04 5.4125127e-04 1.3877091e-03],[9.9999982e-01 1.2358119e-07],"[6.3733177e-07 1.1404763e-03 3.0363980e-01 6.7532319e-01 1.9730423e-02
 1.6520121e-04 3.3466466e-07 7.5125683e-09 9.5352989e-11]"
D:\Uni\Ulm\Master\Hiwi-Forschung-und-Lehre\FairFace\detected_faces\970515_face0.jpg,White,White,Male,20-29,"[9.6512437e-01 3.7381839e-04 2.9849850e-02 1.4309955e-05 7.6583972e-05
 6.2514882e-05 4.4984887e-03]",[9.5320129e-01 4.0926881e-02 5.2582724e-03 6.1350164e-04],[1.0000000e+00 2.5019267e-09],"[1.3618774e-08 6.1689384e-06 2.8532775e-02 9.2001879e-01 5.0827883e-02
 6.1111117e-04 3.2838750e-06 4.1670155e-08 3.5861458e-10]"
D:\Uni\Ulm\Master\Hiwi-Forschung-und-Lehre\FairFace\detected_faces\970570_face0.jpg,Middle Eastern,White,Male,30-39,"[3.1835723e-01 7.8498217e-04 2.7328743e-02 4.1163450e-05 1.7420767e-04
 2.4895563e-03 6.5082413e-01]",[0.9844371  0.00730016 0.00198749 0.00627527],[9.999991e-01 8.418864e-07],"[1.0493232e-05 9.0126014e-05 3.5757083e-03 4.6882984e-01 4.9165943e-01
 3.5149679e-02 6.6266692e-04 2.1760292e-05 2.9790138e-07]"
D:\Uni\Ulm\Master\Hiwi-Forschung-und-Lehre\FairFace\detected_faces\970683_face0.jpg,White,White,Male,20-29,"[9.85311866e-01 1.74816819e-06 1.67225278e-03 4.96918838e-05
 5.49589640e-05 6.55007307e-06 1.29028605e-02]",[9.9895114e-01 5.7380408e-04 3.8200748e-04 9.3043731e-05],[9.9998975e-01 1.0184731e-05],"[1.7674910e-07 2.8520118e-04 2.2720081e-01 7.3517931e-01 3.6647275e-02
 6.8461412e-04 2.5898835e-06 2.6678707e-08 5.7872401e-10]"
D:\Uni\Ulm\Master\Hiwi-Forschung-und-Lehre\FairFace\detected_faces\970778_face0.jpg,White,White,Male,10-19,"[9.9482119e-01 8.8885270e-07 1.3085854e-03 5.0786701e-07 2.8100114e-06
 3.1205909e-05 3.8347917e-03]",[9.9876797e-01 6.0748553e-04 1.2302851e-04 5.0149771e-04],[9.9999994e-01 9.2500777e-08],"[1.9335157e-06 1.8848850e-03 5.0763899e-01 4.4899514e-01 3.7672095e-02
 3.7650210e-03 4.1400475e-05 6.0856667e-07 6.1204832e-09]"
D:\Uni\Ulm\Master\Hiwi-Forschung-und-Lehre\FairFace\detected_faces\970829_face0.jpg,White,White,Male,20-29,"[9.9686807e-01 1.8848481e-06 4.7368868e-04 2.0447205e-05 1.9601195e-05
 6.1738751e-07 2.6158078e-03]",[9.9962282e-01 1.1539227e-04 2.6000934e-04 1.7873323e-06],[9.999965e-01 3.511052e-06],"[1.10153756e-07 2.97478400e-05 2.25713421e-02 8.12239349e-01
 1.63292289e-01 1.86293479e-03 4.10508028e-06 3.56765248e-08
 6.64550026e-10]"
D:\Uni\Ulm\Master\Hiwi-Forschung-und-Lehre\FairFace\detected_faces\970847_face0.jpg,Middle Eastern,White,Male,10-19,"[3.7225652e-01 2.1340498e-05 4.8205703e-03 3.8969883e-05 9.1546637e-05
 9.7820164e-05 6.2267321e-01]",[9.9901444e-01 3.9358146e-04 1.7978770e-04 4.1212968e-04],[9.999914e-01 8.564396e-06],"[2.2053635e-07 7.3009159e-04 6.0681760e-01 3.6573508e-01 2.5803544e-02
 9.0566301e-04 7.4134618e-06 3.0214662e-07 6.9130195e-09]"
D:\Uni\Ulm\Master\Hiwi-Forschung-und-Lehre\FairFace\detected_faces\970848_face0.jpg,Middle Eastern,White,Male,10-19,"[3.3935103e-01 4.1236848e-04 6.4479984e-02 2.1831410e-04 7.1485783e-04
 2.1790285e-03 5.9264439e-01]",[0.8929785  0.0149024  0.08660816 0.00551096],[9.9999785e-01 2.1068472e-06],"[2.4196632e-07 1.1365706e-03 6.0563409e-01 3.8419604e-01 8.8383146e-03
 1.9342435e-04 1.2234656e-06 5.7679262e-08 1.0660962e-09]"
D:\Uni\Ulm\Master\Hiwi-Forschung-und-Lehre\FairFace\detected_faces\970855_face0.jpg,Middle Eastern,Black,Male,20-29,"[1.0726461e-02 2.9200010e-02 1.3483697e-01 8.9279740e-05 7.7873364e-04
 2.4472397e-02 7.9989612e-01]",[0.286919   0.40320876 0.06277141 0.2471008 ],[9.9996614e-01 3.3882814e-05],"[2.4232186e-05 1.0316150e-03 2.3329083e-02 5.4946345e-01 3.8310307e-01
 4.2218372e-02 7.9706020e-04 3.2573331e-05 5.4363721e-07]"
D:\Uni\Ulm\Master\Hiwi-Forschung-und-Lehre\FairFace\detected_faces\970860_face0.jpg,Middle Eastern,White,Male,20-29,"[2.3340246e-01 1.1520039e-03 1.1705416e-01 2.0874466e-04 5.7330297e-04
 1.4707238e-03 6.4613861e-01]",[0.8479673  0.06046775 0.00598905 0.08557593],[9.999993e-01 7.218353e-07],"[7.86409146e-07 1.35217473e-04 7.40674883e-02 8.18712473e-01
 1.05222508e-01 1.84918987e-03 1.20951945e-05 2.29056170e-07
 2.84101498e-09]"
D:\Uni\Ulm\Master\Hiwi-Forschung-und-Lehre\FairFace\detected_faces\970862_face0.jpg,White,White,Male,20-29,"[8.5254413e-01 2.3451714e-05 1.6909951e-02 2.7987142e-05 4.1221123e-05
 5.2369689e-04 1.2992959e-01]",[9.9243039e-01 4.3450305e-03 1.6766351e-04 3.0569497e-03],[9.999997e-01 2.749678e-07],"[3.0552446e-08 7.5946268e-06 5.6349752e-03 9.0243495e-01 9.1590956e-02
 3.3116463e-04 3.1660471e-07 2.4752713e-09 4.2977819e-11]"
D:\Uni\Ulm\Master\Hiwi-Forschung-und-Lehre\FairFace\detected_faces\970871_face0.jpg,White,White,Male,20-29,"[7.5989228e-01 5.4084001e-05 8.7084010e-02 5.6587055e-04 9.4151776e-04
 1.4858034e-03 1.4997640e-01]",[0.94535685 0.00303058 0.01872916 0.03288345],[9.999469e-01 5.307657e-05],"[3.02212044e-07 2.51385991e-05 3.70786004e-02 9.09135878e-01
 5.29070050e-02 8.47763615e-04 5.16927457e-06 1.16282216e-07
 3.23146332e-09]"
D:\Uni\Ulm\Master\Hiwi-Forschung-und-Lehre\FairFace\detected_faces\970873_face0.jpg,White,White,Male,20-29,"[9.0905744e-01 3.4948054e-05 2.1008043e-02 8.5824759e-05 1.7120862e-04
 6.3313200e-04 6.9009356e-02]",[9.9614871e-01 2.7843064e-04 1.4021901e-03 2.1706277e-03],[1.0000000e+00 7.9661495e-09],"[5.5905105e-07 2.0188512e-04 1.0974046e-01 8.1934297e-01 6.9413453e-02
 1.2957768e-03 4.7683193e-06 6.1601774e-08 5.2383298e-10]"
D:\Uni\Ulm\Master\Hiwi-Forschung-und-Lehre\FairFace\detected_faces\970874_face0.jpg,White,White,Male,20-29,"[9.9132210e-01 2.9749660e-06 2.0634434e-03 7.1240838e-06 1.0884643e-05
 1.4256921e-05 6.5792794e-03]",[9.9993259e-01 4.1914036e-06 5.0647639e-05 1.2570711e-05],[1.0000000e+00 1.1724466e-08],"[3.2645755e-06 7.5098954e-04 2.6296863e-01 6.4819646e-01 8.5768633e-02
 2.2960596e-03 1.5680725e-05 3.2737432e-07 2.4542270e-09]"
D:\Uni\Ulm\Master\Hiwi-Forschung-und-Lehre\FairFace\detected_faces\970883_face0.jpg,White,White,Male,20-29,"[5.0718737e-01 3.9149597e-04 9.9870235e-02 7.7252691e-05 1.8554575e-04
 3.1156975e-03 3.8917246e-01]",[9.8563486e-01 5.1487517e-03 8.6143846e-04 8.3549982e-03],[9.999435e-01 5.653154e-05],"[1.8641280e-06 6.6550972e-05 1.9735811e-02 8.5982305e-01 1.1895596e-01
 1.4109649e-03 5.6147169e-06 1.9994216e-07 7.2109816e-09]"
D:\Uni\Ulm\Master\Hiwi-Forschung-und-Lehre\FairFace\detected_faces\970891_face0.jpg,White,White,Male,20-29,"[9.9379271e-01 5.3128631e-05 2.9442587e-03 3.2211360e-04 7.9927087e-04
 1.1893005e-05 2.0766128e-03]",[9.9673808e-01 9.1063918e-04 2.3043901e-03 4.6957346e-05],[9.996013e-01 3.987296e-04],"[1.1908367e-04 1.1818478e-02 1.8548174e-01 3.9562485e-01 3.2795510e-01
 7.4371099e-02 4.4356585e-03 1.8556569e-04 8.4175781e-06]"
D:\Uni\Ulm\Master\Hiwi-Forschung-und-Lehre\FairFace\detected_faces\970895_face0.jpg,White,White,Male,20-29,"[9.2029685e-01 1.4293998e-05 1.2552740e-02 2.7496337e-05 7.1530143e-05
 5.3009837e-05 6.6984043e-02]",[9.9877399e-01 3.5730231e-04 4.5224026e-04 4.1644616e-04],[9.9999326e-01 6.7416577e-06],"[2.2944185e-08 2.4280658e-05 9.1751404e-02 8.6716205e-01 4.0261038e-02
 7.9755473e-04 3.6355416e-06 5.2129291e-08 7.9837142e-10]"
D:\Uni\Ulm\Master\Hiwi-Forschung-und-Lehre\FairFace\detected_faces\970896_face0.jpg,White,White,Male,20-29,"[9.64890838e-01 8.65381589e-05 1.68738794e-02 1.10507885e-04
 2.08272802e-04 1.00076995e-05 1.78199355e-02]",[9.9910927e-01 3.5483972e-04 5.0111458e-04 3.4762910e-05],[9.9994987e-01 5.0068753e-05],"[6.7407356e-08 1.4428271e-04 3.4930572e-01 6.3610691e-01 1.4228820e-02
 2.1317585e-04 9.6451868e-07 1.5826553e-08 5.0270782e-10]"
D:\Uni\Ulm\Master\Hiwi-Forschung-und-Lehre\FairFace\detected_faces\970899_face0.jpg,White,White,Male,20-29,"[9.3993723e-01 1.8255601e-05 5.9043295e-03 3.5556625e-06 1.0188568e-05
 7.4896619e-05 5.4051600e-02]",[9.9978584e-01 1.6057711e-04 1.0807445e-05 4.2785632e-05],[9.999994e-01 5.442395e-07],"[2.2858228e-07 3.5528632e-04 1.3873655e-01 8.2902116e-01 3.1579353e-02
 3.0672783e-04 7.1913405e-07 7.0552670e-09 1.4665226e-10]"
D:\Uni\Ulm\Master\Hiwi-Forschung-und-Lehre\FairFace\detected_faces\970900_face0.jpg,White,White,Male,20-29,"[9.2027307e-01 3.0742839e-04 4.7755640e-02 5.7745114e-04 7.5902604e-04
 3.5142529e-04 2.9975882e-02]",[0.9115509  0.07079942 0.00704355 0.01060615],[9.9999958e-01 4.3314262e-07],"[2.1332231e-07 5.4604345e-05 8.7086551e-02 7.5166065e-01 1.5256371e-01
 8.5153757e-03 1.1742372e-04 1.4648298e-06 1.7890478e-08]"
D:\Uni\Ulm\Master\Hiwi-Forschung-und-Lehre\FairFace\detected_faces\970901_face0.jpg,White,White,Male,10-19,"[8.7004280e-01 3.3428942e-04 1.0065090e-01 2.2141846e-04 2.8497857e-04
 1.4299201e-03 2.7035672e-02]",[9.9682075e-01 8.1767264e-04 1.2654803e-03 1.0961189e-03],[9.9915147e-01 8.4847660e-04],"[7.1786376e-06 1.3360151e-02 7.8174704e-01 2.0210679e-01 2.7215097e-03
 5.6994922e-05 3.3804253e-07 2.5962317e-08 1.8533165e-09]"
D:\Uni\Ulm\Master\Hiwi-Forschung-und-Lehre\FairFace\detected_faces\970918_face0.jpg,Middle Eastern,White,Male,20-29,"[2.9978710e-01 1.2868179e-04 8.2723815e-03 7.0372764e-05 1.3320980e-04
 8.1996862e-03 6.8340856e-01]",[0.7328519  0.00200643 0.00352298 0.2616187 ],[9.9999863e-01 1.3854345e-06],"[7.51537186e-07 1.79090159e-04 1.03882365e-02 8.09541345e-01
 1.77732542e-01 2.15249788e-03 5.39862504e-06 1.02079255e-07
 2.42473219e-09]"
D:\Uni\Ulm\Master\Hiwi-Forschung-und-Lehre\FairFace\detected_faces\970919_face0.jpg,White,White,Male,20-29,"[9.9658054e-01 1.1887793e-06 4.5996087e-04 5.9253529e-05 2.5828327e-05
 1.4571421e-05 2.8587757e-03]",[9.9982500e-01 1.5547017e-05 1.4769207e-04 1.1761165e-05],[9.9999982e-01 2.3256287e-07],"[2.8664655e-07 4.7586182e-05 6.0503069e-02 8.7116754e-01 6.6850655e-02
 1.4235524e-03 7.2008665e-06 5.5455462e-08 7.6226692e-10]"
D:\Uni\Ulm\Master\Hiwi-Forschung-und-Lehre\FairFace\detected_faces\970920_face0.jpg,White,White,Male,20-29,"[9.9523509e-01 2.1142163e-05 2.4111727e-03 3.6128713e-05 8.7535416e-05
 4.8585011e-05 2.1602868e-03]",[9.9332243e-01 3.8878509e-04 5.9430315e-03 3.4563348e-04],[9.9999994e-01 5.6558829e-08],"[1.0799107e-08 1.0186685e-05 5.7227403e-02 9.1214401e-01 3.0341595e-02
 2.7551749e-04 1.2779902e-06 2.2188653e-08 2.8332123e-10]"
D:\Uni\Ulm\Master\Hiwi-Forschung-und-Lehre\FairFace\detected_faces\970928_face0.jpg,White,White,Male,20-29,"[9.1949338e-01 2.0061641e-05 3.6593404e-02 7.7759914e-06 4.7260972e-05
 5.6598627e-04 4.3272052e-02]",[9.9962294e-01 5.0588125e-05 4.6966172e-05 2.7951918e-04],[1.0000000e+00 1.7149363e-08],"[4.3390553e-08 5.9791128e-05 1.7289492e-01 8.0408251e-01 2.2748178e-02
 2.1403719e-04 4.4603365e-07 8.9213401e-09 6.4429934e-11]"
D:\Uni\Ulm\Master\Hiwi-Forschung-und-Lehre\FairFace\detected_faces\970935_face0.jpg,White,White,Male,10-19,"[9.4332755e-01 2.0895928e-05 2.1746969e-02 1.8558442e-04 3.6097050e-04
 3.4708457e-05 3.4323268e-02]",[9.9919039e-01 1.7223548e-04 4.9332145e-04 1.4409002e-04],[9.9996823e-01 3.1812255e-05],"[1.2287852e-06 1.2868701e-03 5.5339384e-01 3.6769918e-01 7.0607260e-02
 6.9148964e-03 9.5236857e-05 1.4738212e-06 2.4378794e-08]"
D:\Uni\Ulm\Master\Hiwi-Forschung-und-Lehre\FairFace\detected_faces\970938_face0.jpg,White,White,Male,20-29,"[8.3850962e-01 7.0623681e-04 6.1032724e-02 2.4307010e-05 7.5711709e-05
 3.6742294e-04 9.9283919e-02]",[9.9527508e-01 2.5225952e-03 5.6513909e-05 2.1458445e-03],[9.9999976e-01 2.3875410e-07],"[1.2575980e-07 5.1464340e-05 3.5572659e-02 8.8004035e-01 8.2782805e-02
 1.5421653e-03 1.0313719e-05 1.2338137e-07 1.6253183e-09]"
D:\Uni\Ulm\Master\Hiwi-Forschung-und-Lehre\FairFace\detected_faces\970945_face0.jpg,Latino_Hispanic,Black,Male,20-29,"[2.81545073e-01 1.01628965e-02 6.66394770e-01 3.00449145e-04
 9.07837646e-04 7.28023052e-03 3.34087834e-02]",[0.4211301  0.47581512 0.00588471 0.09717017],[9.9997801e-01 2.1957874e-05],"[1.2812250e-06 2.7244123e-05 2.9328864e-02 7.5067782e-01 1.9752526e-01
 2.1231361e-02 1.1771400e-03 3.0582891e-05 4.1171108e-07]"
D:\Uni\Ulm\Master\Hiwi-Forschung-und-Lehre\FairFace\detected_faces\970952_face0.jpg,White,White,Male,20-29,"[8.1418347e-01 1.5960650e-03 9.4926946e-02 4.6377521e-05 1.6448642e-04
 2.0293221e-04 8.8879667e-02]",[0.944805   0.04079151 0.00497171 0.00943176],[1.0000000e+00 5.5997726e-09],"[8.0487954e-09 2.5418512e-06 1.4927900e-02 9.4398564e-01 4.0729795e-02
 3.5236267e-04 1.7674224e-06 2.3491975e-08 2.1105055e-10]"
D:\Uni\Ulm\Master\Hiwi-Forschung-und-Lehre\FairFace\detected_faces\970960_face0.jpg,Black,Black,Male,20-29,"[4.2555042e-05 9.9977535e-01 1.1365849e-04 1.2071108e-07 9.9384033e-07
 2.9663021e-05 3.7672682e-05]",[1.2229514e-06 9.9999839e-01 4.0578882e-08 3.8578813e-07],[9.9998885e-01 1.1095980e-05],"[9.3055910e-08 8.1902646e-05 5.4915190e-02 8.2871056e-01 1.1367672e-01
 2.5958824e-03 1.9194104e-05 4.7541891e-07 1.6674509e-08]"
D:\Uni\Ulm\Master\Hiwi-Forschung-und-Lehre\FairFace\detected_faces\970977_face0.jpg,White,White,Male,20-29,"[7.4925697e-01 1.9046597e-04 1.6584715e-01 1.4139123e-03 3.3374932e-03
 2.7282662e-03 7.7225707e-02]",[0.9509261  0.00210584 0.01485564 0.03211241],[1.0000000e+00 1.8012453e-09],"[1.1957725e-08 3.0674082e-06 1.7468372e-02 9.3495065e-01 4.7356285e-02
 2.2097708e-04 5.8679620e-07 1.9443318e-08 1.1803510e-10]"
D:\Uni\Ulm\Master\Hiwi-Forschung-und-Lehre\FairFace\detected_faces\970978_face0.jpg,Middle Eastern,White,Male,30-39,"[2.1684523e-01 1.2808117e-03 3.0255464e-01 1.2172612e-04 4.8475643e-04
 9.4936108e-03 4.6921924e-01]",[0.95181537 0.00213496 0.00463773 0.04141195],[9.9999428e-01 5.7455663e-06],"[9.8192970e-07 2.0933014e-05 1.6398809e-03 4.3172002e-01 5.5113852e-01
 1.5437536e-02 4.1837891e-05 3.1544593e-07 3.6387431e-09]"
D:\Uni\Ulm\Master\Hiwi-Forschung-und-Lehre\FairFace\detected_faces\970980_face0.jpg,White,White,Male,20-29,"[9.0701598e-01 5.9725708e-06 7.1934017e-04 3.8655024e-04 2.7675001e-04
 3.3522435e-04 9.1260239e-02]",[9.9959964e-01 1.1677756e-05 7.0722977e-05 3.1792387e-04],[9.9980170e-01 1.9831661e-04],"[5.68988580e-05 2.60143098e-03 9.01011080e-02 7.35871673e-01
 1.59933001e-01 1.13256648e-02 1.06923406e-04 3.09178790e-06
 1.55484059e-07]"
D:\Uni\Ulm\Master\Hiwi-Forschung-und-Lehre\FairFace\detected_faces\970985_face0.jpg,Middle Eastern,White,Male,20-29,"[2.9781067e-01 3.2392763e-05 2.7977405e-02 2.7442738e-04 3.1999164e-04
 4.7249120e-04 6.7311263e-01]",[0.99470127 0.00114287 0.00139083 0.00276504],[9.9935079e-01 6.4923876e-04],"[4.9817541e-09 3.7825601e-05 4.4626647e-01 5.5221575e-01 1.4774606e-03
 2.5235963e-06 3.7014547e-09 1.6770357e-10 4.2917458e-12]"
D:\Uni\Ulm\Master\Hiwi-Forschung-und-Lehre\FairFace\detected_faces\970987_face0.jpg,White,White,Male,20-29,"[6.1239147e-01 2.4815658e-05 6.3728169e-02 2.2732068e-04 2.6926966e-04
 6.4513902e-04 3.2271376e-01]",[9.9838310e-01 1.1261184e-04 2.2037864e-04 1.2839211e-03],[9.9999756e-01 2.4835942e-06],"[6.15420888e-08 2.42598471e-05 4.12788764e-02 8.54481220e-01
 1.03409335e-01 8.04893149e-04 1.43039438e-06 1.89852170e-08
 2.08438253e-10]"
D:\Uni\Ulm\Master\Hiwi-Forschung-und-Lehre\FairFace\detected_faces\970988_face0.jpg,White,White,Male,20-29,"[5.2699077e-01 8.6104512e-05 6.5661617e-02 1.0925724e-04 2.4493929e-04
 2.7836878e-02 3.7907040e-01]",[8.9104968e-01 1.1924285e-04 1.3954310e-03 1.0743564e-01],[9.9999768e-01 2.3678192e-06],"[5.5920589e-07 9.7502176e-05 3.3348978e-02 9.1291922e-01 5.3474739e-02
 1.5876153e-04 2.0326974e-07 7.3826714e-09 1.2701352e-10]"
D:\Uni\Ulm\Master\Hiwi-Forschung-und-Lehre\FairFace\detected_faces\970995_face0.jpg,Middle Eastern,White,Male,20-29,"[8.7045915e-02 3.1358303e-04 3.3556029e-02 7.4153695e-06 3.8064471e-05
 7.1829394e-03 8.7185597e-01]",[9.2130703e-01 2.5678700e-02 4.3572779e-04 5.2578464e-02],[9.9999005e-01 9.9689378e-06],"[2.0015027e-07 3.1924741e-05 1.0776073e-03 5.4386437e-01 4.5006490e-01
 4.9569318e-03 3.9897254e-06 3.1702424e-08 4.6256352e-10]"
D:\Uni\Ulm\Master\Hiwi-Forschung-und-Lehre\FairFace\detected_faces\970997_face0.jpg,Latino_Hispanic,White,Male,20-29,"[0.37145683 0.00053377 0.43360427 0.00092758 0.00260902 0.00952626
 0.18134214]",[0.6898408  0.00683853 0.01042808 0.29289263],[9.9999905e-01 8.9291592e-07],"[5.6311880e-09 1.1237416e-06 3.9281793e-02 9.3054521e-01 3.0093927e-02
 7.7801727e-05 1.7124208e-07 4.4207500e-09 5.3502095e-11]"
D:\Uni\Ulm\Master\Hiwi-Forschung-und-Lehre\FairFace\detected_faces\970998_face0.jpg,Middle Eastern,White,Male,20-29,"[2.0109850e-01 2.6360940e-04 5.3379323e-02 1.1361250e-04 3.2591107e-04
 1.5455086e-03 7.4327350e-01]",[0.80854005 0.04158104 0.01327333 0.13660559],[9.999999e-01 1.026438e-07],"[5.2186107e-07 1.5017184e-04 3.1298485e-02 7.8336638e-01 1.8102473e-01
 4.1415687e-03 1.7780761e-05 2.9856847e-07 2.9607381e-09]"
D:\Uni\Ulm\Master\Hiwi-Forschung-und-Lehre\FairFace\detected_faces\971001_face0.jpg,Middle Eastern,White,Male,20-29,"[8.4465265e-02 3.7961123e-05 2.7669003e-02 1.6163391e-05 4.5858451e-05
 4.0870812e-04 8.8735700e-01]",[9.9048758e-01 2.1003240e-03 1.4096413e-04 7.2712041e-03],[9.9999934e-01 6.6973627e-07],"[3.6455239e-07 2.7332871e-04 1.0063367e-01 8.6057895e-01 3.8081110e-02
 4.3169930e-04 8.3372259e-07 9.8119664e-09 1.0440730e-10]"
D:\Uni\Ulm\Master\Hiwi-Forschung-und-Lehre\FairFace\detected_faces\971003_face0.jpg,Middle Eastern,White,Male,20-29,"[1.2976924e-01 1.2504502e-05 4.6108149e-02 3.1386874e-06 1.9113741e-05
 2.6902538e-02 7.9718536e-01]",[0.6110097  0.00104239 0.00100779 0.38694012],[9.9999982e-01 1.5237626e-07],"[1.4610394e-08 5.8883320e-06 1.5645858e-02 9.4199800e-01 4.2145554e-02
 2.0449109e-04 1.9547896e-07 3.2111280e-09 3.8138725e-11]"
D:\Uni\Ulm\Master\Hiwi-Forschung-und-Lehre\FairFace\detected_faces\971005_face0.jpg,White,White,Male,20-29,"[4.6901786e-01 4.5396609e-05 1.3842256e-01 4.2676172e-04 1.0247573e-03
 3.9756778e-03 3.8708693e-01]",[9.8223287e-01 1.2979317e-04 3.0577970e-03 1.4579509e-02],[1.0000000e+00 1.1877953e-08],"[1.6257741e-07 2.0693209e-05 7.7452795e-03 8.0095309e-01 1.8873267e-01
 2.5433614e-03 4.7216877e-06 4.2616573e-08 3.6464295e-10]"
D:\Uni\Ulm\Master\Hiwi-Forschung-und-Lehre\FairFace\detected_faces\971006_face0.jpg,Black,Black,Male,20-29,"[6.7564361e-06 9.9826103e-01 2.7817040e-04 4.3643840e-07 1.1239368e-05
 1.4109982e-03 3.1275227e-05]",[1.7669827e-06 9.9993682e-01 1.5649088e-06 5.9817394e-05],[9.9999225e-01 7.7302802e-06],"[3.19743805e-08 1.05173574e-04 1.53950319e-01 8.19883347e-01
 2.56741885e-02 3.85123160e-04 1.79863616e-06 1.97116972e-08
 7.39654504e-10]"
D:\Uni\Ulm\Master\Hiwi-Forschung-und-Lehre\FairFace\detected_faces\971013_face0.jpg,White,White,Male,20-29,"[7.04239607e-01 3.69898742e-04 1.77613571e-01 9.75206378e-04
 1.81180215e-03 5.38797525e-04 1.14451095e-01]",[0.98715883 0.00211247 0.00656689 0.00416188],[9.9999988e-01 1.3945724e-07],"[2.1970951e-08 4.0041719e-05 2.0145665e-01 7.9268610e-01 5.8092787e-03
 7.9680985e-06 1.2824566e-08 3.5219075e-10 5.7093627e-12]"
D:\Uni\Ulm\Master\Hiwi-Forschung-und-Lehre\FairFace\detected_faces\971015_face0.jpg,Middle Eastern,White,Male,20-29,"[3.6457056e-01 6.2795611e-05 5.8282942e-02 2.4330536e-04 4.3270786e-04
 2.5034521e-02 5.5137312e-01]",[8.1531328e-01 5.4879260e-04 2.7400160e-03 1.8139793e-01],[0.99760807 0.0023919 ],"[6.8825392e-07 4.0907526e-04 9.6733823e-02 8.6482769e-01 3.7784155e-02
 2.4365142e-04 8.8683737e-07 4.7897647e-08 1.0255758e-09]"
D:\Uni\Ulm\Master\Hiwi-Forschung-und-Lehre\FairFace\detected_faces\971035_face0.jpg,White,White,Male,20-29,"[9.8760593e-01 1.7320306e-05 2.0346132e-03 3.0368083e-05 4.6766163e-05
 1.2980404e-05 1.0252076e-02]",[9.991744e-01 3.184734e-04 1.379751e-04 3.692157e-04],[1.0000000e+00 8.0646805e-09],"[4.2053904e-07 7.5519914e-05 6.0172785e-02 8.5844696e-01 7.9139195e-02
 2.1468473e-03 1.7875120e-05 4.1367028e-07 3.1459302e-09]"
D:\Uni\Ulm\Master\Hiwi-Forschung-und-Lehre\FairFace\detected_faces\971037_face0.jpg,Black,Black,Male,20-29,"[1.8160807e-05 9.7968656e-01 9.2217216e-04 1.1304835e-05 5.5675494e-04
 1.8755075e-02 4.9959788e-05]",[1.8055640e-04 9.9564534e-01 2.6671504e-04 3.9073639e-03],[9.9999994e-01 6.2919305e-08],"[8.7733305e-09 5.0213957e-06 6.1291554e-03 8.1232232e-01 1.7748542e-01
 4.0360317e-03 2.1795739e-05 2.1601417e-07 6.9010384e-09]"
D:\Uni\Ulm\Master\Hiwi-Forschung-und-Lehre\FairFace\detected_faces\971038_face0.jpg,White,White,Male,20-29,"[9.9357587e-01 8.1401595e-06 8.7583292e-04 2.1313697e-06 4.4329913e-06
 6.0247872e-05 5.4732785e-03]",[9.9848372e-01 4.9059676e-05 3.8371716e-05 1.4288388e-03],[1.0000000e+00 2.1622789e-08],"[4.3861142e-08 1.0697340e-05 8.7762587e-03 8.6659181e-01 1.2289044e-01
 1.7266725e-03 4.0545679e-06 4.8812669e-08 5.8509042e-10]"
D:\Uni\Ulm\Master\Hiwi-Forschung-und-Lehre\FairFace\detected_faces\971040_face0.jpg,White,White,Male,20-29,"[8.6826909e-01 1.5800726e-04 1.0857023e-01 1.4281565e-04 4.1530485e-04
 1.7413759e-04 2.2270460e-02]",[9.9741942e-01 5.2290334e-04 1.0975231e-03 9.6012268e-04],[9.9999988e-01 1.3986833e-07],"[1.7846081e-09 2.9265045e-06 5.8033727e-02 9.2800629e-01 1.3900556e-02
 5.6411707e-05 1.3350555e-07 2.7840343e-09 3.2525788e-11]"
D:\Uni\Ulm\Master\Hiwi-Forschung-und-Lehre\FairFace\detected_faces\971044_face0.jpg,Black,Black,Male,20-29,"[7.7526231e-08 9.9999332e-01 2.8834199e-06 4.8559747e-09 1.2118828e-07
 3.1231839e-06 4.8617426e-07]",[6.503553e-08 9.999987e-01 6.385892e-07 5.466436e-07],[9.9998152e-01 1.8457797e-05],"[1.2448930e-07 3.5460274e-05 2.9130410e-02 8.2585716e-01 1.3937795e-01
 5.5703013e-03 2.8189037e-05 3.9281215e-07 2.2059689e-08]"
D:\Uni\Ulm\Master\Hiwi-Forschung-und-Lehre\FairFace\detected_faces\971051_face0.jpg,White,White,Male,20-29,"[9.9900061e-01 4.2724332e-06 1.2365893e-04 1.1026818e-05 6.5551444e-06
 1.1770665e-06 8.5264473e-04]",[9.9996316e-01 7.4077757e-06 8.9597524e-06 2.0548005e-05],[9.9999648e-01 3.4982481e-06],"[4.7901659e-07 1.5411142e-04 1.7758314e-01 7.9921663e-01 2.2803657e-02
 2.4113104e-04 8.5780090e-07 1.8806267e-08 4.5529031e-10]"
D:\Uni\Ulm\Master\Hiwi-Forschung-und-Lehre\FairFace\detected_faces\971228_face0.jpg,White,White,Male,20-29,"[9.7850084e-01 9.0206762e-05 8.8967355e-03 4.0098105e-04 3.1224050e-04
 1.0783676e-05 1.1788172e-02]",[9.938613e-01 6.387412e-04 5.223287e-03 2.766479e-04],[9.9999386e-01 6.1259320e-06],"[4.0454850e-07 2.6884270e-04 3.7084880e-01 5.9785986e-01 3.0561127e-02
 4.5596724e-04 4.8232710e-06 1.6297219e-07 4.0618366e-09]"
D:\Uni\Ulm\Master\Hiwi-Forschung-und-Lehre\FairFace\detected_faces\971594_face0.jpg,Indian,White,Male,30-39,"[0.21434443 0.02418035 0.08482125 0.00100649 0.01330296 0.5877081
 0.07463643]",[0.8325182  0.01532282 0.00263185 0.14952716],[0.948853   0.05114702],"[1.6257432e-06 5.4712080e-05 6.5466273e-03 3.5877669e-01 5.1970458e-01
 1.0221040e-01 1.2202243e-02 4.7254065e-04 3.0538627e-05]"
D:\Uni\Ulm\Master\Hiwi-Forschung-und-Lehre\FairFace\detected_faces\971756_face0.jpg,Middle Eastern,White,Male,20-29,"[6.3015103e-02 7.3071278e-05 3.8831338e-02 6.0172465e-06 3.8725011e-05
 2.1194650e-03 8.9591634e-01]",[0.9922141  0.00110947 0.00117544 0.005501  ],[1.0000000e+00 3.0292014e-08],"[6.5179520e-08 7.4400305e-05 8.2867570e-02 8.9341366e-01 2.3492664e-02
 1.5134035e-04 3.0319461e-07 9.8093125e-09 9.1057002e-11]"
D:\Uni\Ulm\Master\Hiwi-Forschung-und-Lehre\FairFace\detected_faces\972361_face0.jpg,White,White,Male,20-29,"[9.9999022e-01 2.3138780e-08 1.1330271e-06 8.5669603e-07 7.0354417e-07
 8.5080657e-08 6.9797793e-06]",[9.9999779e-01 2.2285295e-07 1.1820432e-06 8.3248460e-07],[9.992372e-01 7.627897e-04],"[2.5254866e-07 5.0014794e-05 6.7027122e-02 8.5352486e-01 7.2790124e-02
 6.4077904e-03 1.9422760e-04 5.2543273e-06 3.7758801e-07]"
D:\Uni\Ulm\Master\Hiwi-Forschung-und-Lehre\FairFace\detected_faces\972410_face0.jpg,White,White,Male,20-29,"[7.8911299e-01 9.5149886e-04 1.3172954e-01 1.1427773e-04 2.5429655e-04
 1.7206399e-03 7.6116733e-02]",[0.9542682  0.02347471 0.00175601 0.02050105],[9.9999970e-01 3.0713363e-07],"[8.8838114e-08 4.6766831e-06 1.9982620e-03 6.2561619e-01 3.6062819e-01
 1.1652289e-02 9.9595229e-05 6.3633013e-07 8.4842675e-09]"
D:\Uni\Ulm\Master\Hiwi-Forschung-und-Lehre\FairFace\detected_faces\972417_face0.jpg,Black,Black,Male,20-29,"[7.9628975e-05 9.9980158e-01 9.6718017e-05 2.0992233e-07 2.0266061e-06
 1.2250911e-05 7.5443595e-06]",[3.6446763e-05 9.9994969e-01 3.3652261e-06 1.0467255e-05],[0.97882706 0.02117289],"[2.5028700e-07 7.8672900e-05 2.0300435e-02 6.2854213e-01 3.2799125e-01
 2.2525348e-02 5.3929235e-04 2.1004564e-05 1.5588118e-06]"
D:\Uni\Ulm\Master\Hiwi-Forschung-und-Lehre\FairFace\detected_faces\972421_face0.jpg,White,White,Male,20-29,"[9.9998093e-01 4.9966285e-08 7.1749810e-06 1.0011954e-07 3.8474002e-07
 5.2095295e-08 1.1294240e-05]",[9.9999928e-01 2.8675814e-07 2.7764793e-07 1.3994507e-07],[9.999919e-01 8.140989e-06],"[9.3420141e-07 1.7613695e-04 3.5851661e-02 7.1290928e-01 2.2865003e-01
 2.2071531e-02 3.3473293e-04 5.4995203e-06 2.1209749e-07]"
D:\Uni\Ulm\Master\Hiwi-Forschung-und-Lehre\FairFace\detected_faces\972451_face0.jpg,Middle Eastern,White,Male,20-29,"[7.7932388e-02 2.0139830e-04 2.2607910e-02 4.2998095e-06 2.5115896e-05
 4.8179056e-05 8.9918071e-01]",[0.61622083 0.36615774 0.00272196 0.01489947],[9.9999881e-01 1.2564042e-06],"[5.7032263e-09 4.0062437e-06 5.3039659e-02 9.0097541e-01 4.5515545e-02
 4.6395120e-04 1.4034708e-06 2.8286072e-08 2.9317923e-10]"
D:\Uni\Ulm\Master\Hiwi-Forschung-und-Lehre\FairFace\detected_faces\972510_face0.jpg,Latino_Hispanic,White,Male,20-29,"[4.9036640e-01 2.9553017e-03 4.9278709e-01 2.2370585e-04 8.9384039e-04
 7.6990225e-04 1.2003736e-02]",[0.9309247  0.06532556 0.00110492 0.00264478],[9.9999988e-01 1.4926043e-07],"[6.1086503e-08 1.5782463e-05 3.6008153e-02 7.9317009e-01 1.6323946e-01
 7.4747670e-03 9.0860922e-05 7.8831192e-07 5.5127272e-09]"
D:\Uni\Ulm\Master\Hiwi-Forschung-und-Lehre\FairFace\detected_faces\972533_face0.jpg,Black,Black,Male,20-29,"[4.9126775e-06 9.9989128e-01 6.5660781e-05 4.8905616e-07 9.1898619e-06
 8.1901071e-06 2.0352862e-05]",[2.9561339e-05 9.9985600e-01 1.0918203e-04 5.3198610e-06],[1.0000000e+00 5.6301936e-09],"[2.5479693e-08 1.8896308e-05 2.7095651e-02 8.3612216e-01 1.3428704e-01
 2.4628176e-03 1.2935443e-05 4.1943443e-07 1.1338442e-08]"
D:\Uni\Ulm\Master\Hiwi-Forschung-und-Lehre\FairFace\detected_faces\972542_face0.jpg,White,White,Male,20-29,"[6.7594373e-01 1.2378825e-04 5.3643227e-02 1.8324810e-05 1.4851209e-04
 4.6780522e-04 2.6965466e-01]",[9.9684829e-01 5.7310407e-04 1.5028624e-04 2.4283342e-03],[9.9999994e-01 3.9314070e-08],"[6.2779421e-08 4.2263466e-05 6.7114562e-02 8.7664163e-01 5.5895180e-02
 3.0561924e-04 6.3329924e-07 9.9826059e-09 9.1140200e-11]"
D:\Uni\Ulm\Master\Hiwi-Forschung-und-Lehre\FairFace\detected_faces\972561_face0.jpg,Black,Black,Male,30-39,"[3.4987903e-07 9.9999166e-01 6.2247568e-06 5.6063119e-09 8.3963108e-08
 1.4801899e-06 2.8114982e-07]",[3.7536418e-07 9.9999410e-01 2.9986761e-06 2.5550812e-06],[9.9999893e-01 1.0671292e-06],"[4.10216394e-08 9.91692218e-07 7.80486851e-04 1.93513229e-01
 5.47515929e-01 2.47471452e-01 1.05620455e-02 1.49766071e-04
 6.03937769e-06]"
D:\Uni\Ulm\Master\Hiwi-Forschung-und-Lehre\FairFace\detected_faces\972567_face0.jpg,Latino_Hispanic,White,Male,20-29,"[4.3214756e-01 1.1036530e-04 4.6176508e-01 1.0166452e-02 1.9429643e-02
 9.7675677e-03 6.6613324e-02]",[0.9359174  0.00153424 0.04585975 0.01668865],[1.000000e+00 6.743131e-10],"[2.4292037e-08 5.3827094e-05 2.2271432e-01 7.4262083e-01 3.4274008e-02
 3.3604156e-04 9.2536789e-07 1.7698436e-08 5.1284772e-11]"
D:\Uni\Ulm\Master\Hiwi-Forschung-und-Lehre\FairFace\detected_faces\972570_face0.jpg,Middle Eastern,White,Male,10-19,"[9.1537312e-02 1.2891614e-03 2.7213222e-01 1.5164159e-04 5.6854106e-04
 3.7208160e-03 6.3060033e-01]",[0.8168167  0.11515599 0.00962151 0.05840581],[9.9999499e-01 5.0073036e-06],"[1.2931398e-06 5.8434187e-03 5.6785375e-01 4.1465867e-01 1.1458786e-02
 1.8318408e-04 8.5077795e-07 2.9342980e-08 4.9484578e-10]"
D:\Uni\Ulm\Master\Hiwi-Forschung-und-Lehre\FairFace\detected_faces\972733_face0.jpg,White,White,Male,20-29,"[9.6713173e-01 4.2683972e-05 1.4476291e-02 2.1334812e-05 7.3604533e-05
 1.0582399e-04 1.8148452e-02]",[9.9380982e-01 3.1623515e-04 2.6407118e-03 3.2331303e-03],[9.9999762e-01 2.4128788e-06],"[4.83764993e-08 2.04166427e-05 2.54827347e-02 8.49431396e-01
 1.23312324e-01 1.74804952e-03 4.96341454e-06 4.63265621e-08
 6.69651390e-10]"
D:\Uni\Ulm\Master\Hiwi-Forschung-und-Lehre\FairFace\detected_faces\972834_face0.jpg,Middle Eastern,White,Male,30-39,"[3.3175191e-01 1.7348314e-03 2.3457856e-01 1.5493373e-04 3.6745839e-04
 2.0307910e-02 4.1110432e-01]",[9.9161333e-01 6.2169519e-04 1.5165532e-03 6.2483889e-03],[9.9996918e-01 3.0833147e-05],"[4.3641035e-06 4.7371734e-05 1.0722063e-03 1.9039132e-01 6.8980682e-01
 1.1695727e-01 1.6917445e-03 2.8544724e-05 3.2747258e-07]"
D:\Uni\Ulm\Master\Hiwi-Forschung-und-Lehre\FairFace\detected_faces\972847_face0.jpg,White,White,Male,20-29,"[9.9304789e-01 1.1467162e-04 3.4301374e-03 3.3428849e-04 8.4670691e-04
 2.2855154e-05 2.2033730e-03]",[9.8168105e-01 1.2997674e-03 1.6467772e-02 5.5140816e-04],[0.99879885 0.00120119],"[8.9041352e-09 4.8213406e-06 7.2502643e-02 9.0010929e-01 2.7134720e-02
 2.4674193e-04 1.7083408e-06 3.2666438e-08 1.0228468e-09]"
D:\Uni\Ulm\Master\Hiwi-Forschung-und-Lehre\FairFace\detected_faces\972886_face0.jpg,White,White,Male,20-29,"[5.5994862e-01 6.2423648e-04 9.0083271e-02 7.2716306e-05 1.6442797e-04
 5.6851548e-03 3.4342152e-01]",[7.7061373e-01 4.0316388e-02 7.1488199e-04 1.8835498e-01],[1.0000000e+00 3.2318943e-09],"[2.92799385e-08 4.19581484e-05 3.94485667e-02 9.43178177e-01
 1.72544383e-02 7.67635574e-05 1.04308626e-07 1.84487836e-09
 1.85433995e-11]"
D:\Uni\Ulm\Master\Hiwi-Forschung-und-Lehre\FairFace\detected_faces\973167_face0.jpg,Middle Eastern,White,Male,20-29,"[1.4240883e-01 4.2154494e-04 1.8450677e-01 7.4285170e-05 2.4396245e-04
 9.0646697e-03 6.6327995e-01]",[0.57795084 0.0035139  0.00444132 0.41409394],[9.9999905e-01 9.4850191e-07],"[1.1192974e-07 7.1212271e-06 2.9204271e-03 8.5881001e-01 1.3731739e-01
 9.4336661e-04 1.6027132e-06 2.3216112e-08 3.0099026e-10]"
D:\Uni\Ulm\Master\Hiwi-Forschung-und-Lehre\FairFace\detected_faces\973222_face0.jpg,Black,Black,Male,20-29,"[6.9268162e-07 9.9990273e-01 2.7518052e-05 8.2406766e-09 4.3961614e-07
 6.4717038e-05 3.9514780e-06]",[1.5229197e-06 9.9983484e-01 3.1826862e-06 1.6042373e-04],[9.9999946e-01 4.9559787e-07],"[1.0001451e-08 2.7499484e-06 3.6750974e-03 7.2362703e-01 2.6741385e-01
 5.2671279e-03 1.4036324e-05 6.2143648e-08 1.7742035e-09]"
D:\Uni\Ulm\Master\Hiwi-Forschung-und-Lehre\FairFace\detected_faces\973290_face0.jpg,Black,Black,Male,20-29,"[1.2360929e-03 9.5355529e-01 4.1466791e-02 1.1039359e-05 1.7326904e-04
 2.7652532e-03 7.9224422e-04]",[1.4910114e-04 9.9876040e-01 4.5909062e-05 1.0445855e-03],[9.999999e-01 9.480325e-08],"[5.7960566e-08 3.3248261e-06 1.0279413e-02 8.0316985e-01 1.8084960e-01
 5.6338850e-03 6.3439082e-05 3.8533750e-07 6.1273719e-09]"
D:\Uni\Ulm\Master\Hiwi-Forschung-und-Lehre\FairFace\detected_faces\973300_face0.jpg,Latino_Hispanic,White,Male,20-29,"[0.05321554 0.0277057  0.83187866 0.00219502 0.01722387 0.0271614
 0.04061986]",[0.5036937  0.01855377 0.24601886 0.23173364],[9.9996823e-01 3.1740332e-05],"[1.5746197e-06 3.1021173e-05 7.3707546e-03 5.3051472e-01 4.2775837e-01
 3.3915650e-02 3.9639566e-04 1.1250709e-05 2.0709487e-07]"
D:\Uni\Ulm\Master\Hiwi-Forschung-und-Lehre\FairFace\detected_faces\973307_face0.jpg,White,White,Male,20-29,"[8.6818612e-01 4.7242639e-04 1.3067775e-02 9.7116563e-06 6.5938162e-05
 2.7561031e-04 1.1792242e-01]",[9.99528706e-01 3.18680191e-04 3.49319780e-05 1.17636635e-04],[9.9999958e-01 4.1756584e-07],"[1.2281575e-06 1.3054203e-04 2.2285966e-02 6.0455602e-01 3.4180453e-01
 3.0757621e-02 4.5470436e-04 9.2153341e-06 1.4325578e-07]"
D:\Uni\Ulm\Master\Hiwi-Forschung-und-Lehre\FairFace\detected_faces\973326_face0.jpg,White,White,Male,20-29,"[8.80270481e-01 1.09852859e-04 1.59846060e-02 1.88612671e-06
 8.31707803e-06 1.11153335e-04 1.03513695e-01]",[9.8439682e-01 6.4466866e-03 3.7241200e-04 8.7840678e-03],[9.9999917e-01 8.3713076e-07],"[7.6925772e-09 3.4076177e-07 1.2442741e-03 7.6347452e-01 2.3253302e-01
 2.7424917e-03 5.2045316e-06 5.1760523e-08 5.6214083e-10]"
D:\Uni\Ulm\Master\Hiwi-Forschung-und-Lehre\FairFace\detected_faces\973418_face0.jpg,Black,Black,Male,20-29,"[1.39294275e-06 9.99942303e-01 2.02387891e-05 1.07373886e-07
 1.65012739e-06 3.35511068e-05 7.18996205e-07]",[1.5543532e-06 9.9990201e-01 8.9660807e-06 8.7343338e-05],[9.999911e-01 8.873114e-06],"[1.13779365e-07 8.89518378e-06 4.64335270e-03 5.18967211e-01
 3.72980148e-01 9.57435071e-02 7.37360399e-03 2.65674229e-04
 1.74517172e-05]"
D:\Uni\Ulm\Master\Hiwi-Forschung-und-Lehre\FairFace\detected_faces\973430_face0.jpg,White,White,Male,20-29,"[9.9865717e-01 1.8972444e-06 3.0931499e-04 7.4748215e-07 1.5912080e-06
 3.6096046e-06 1.0256987e-03]",[9.9992138e-01 2.1067215e-05 8.8552124e-06 4.8688053e-05],[9.999998e-01 2.594064e-07],"[2.0030890e-07 1.5662206e-05 6.0577458e-03 9.0372938e-01 8.9863732e-02
 3.3263449e-04 5.9169849e-07 8.0264044e-09 2.1677844e-10]"
D:\Uni\Ulm\Master\Hiwi-Forschung-und-Lehre\FairFace\detected_faces\973431_face0.jpg,White,White,Male,20-29,"[9.8484743e-01 3.6525089e-05 8.9343488e-03 5.1446959e-06 2.0833326e-05
 1.7802331e-05 6.1379145e-03]",[9.9975818e-01 1.5699489e-04 1.1736179e-05 7.3129311e-05],[9.9997997e-01 1.9988374e-05],"[5.8673788e-08 4.5160141e-05 1.7788419e-01 7.9372901e-01 2.7454734e-02
 8.7877171e-04 7.9545771e-06 1.1239746e-07 1.2458944e-09]"
D:\Uni\Ulm\Master\Hiwi-Forschung-und-Lehre\FairFace\detected_faces\973437_face0.jpg,Black,Black,Male,20-29,"[4.5827898e-07 9.9999201e-01 3.8288640e-06 5.5451186e-09 7.5169275e-08
 1.9858066e-06 1.7179348e-06]",[7.0747149e-08 9.9999899e-01 6.5468207e-08 8.7255665e-07],[9.9998921e-01 1.0790486e-05],"[1.6568629e-07 8.4678046e-05 5.2257676e-02 7.9422957e-01 1.4579083e-01
 7.5485185e-03 8.4692954e-05 3.5870605e-06 2.3267718e-07]"
D:\Uni\Ulm\Master\Hiwi-Forschung-und-Lehre\FairFace\detected_faces\973536_face0.jpg,Middle Eastern,White,Male,20-29,"[2.3765503e-01 2.6838350e-04 2.5592965e-01 8.2909055e-03 6.6287420e-03
 1.1639078e-03 4.9006340e-01]",[7.3631972e-01 2.5716782e-04 2.6106670e-01 2.3565022e-03],[9.9999952e-01 4.5925586e-07],"[2.0325044e-06 3.2362039e-04 3.8465895e-02 8.0499816e-01 1.5302834e-01
 3.1637531e-03 1.7830873e-05 3.5478769e-07 3.8024703e-09]"
D:\Uni\Ulm\Master\Hiwi-Forschung-und-Lehre\FairFace\detected_faces\973556_face0.jpg,Latino_Hispanic,White,Male,20-29,"[7.9033531e-02 8.5670926e-02 6.9141692e-01 1.0016058e-04 1.2639171e-03
 4.0949336e-03 1.3841957e-01]",[0.9154286  0.05468092 0.00341973 0.02647072],[1.0000000e+00 2.6114943e-08],"[2.3418499e-07 1.2223830e-04 1.1018855e-01 8.5059059e-01 3.8606502e-02
 4.8653167e-04 5.2944038e-06 9.7684577e-08 9.0719815e-10]"
D:\Uni\Ulm\Master\Hiwi-Forschung-und-Lehre\FairFace\detected_faces\973557_face0.jpg,White,White,Male,20-29,"[9.09001827e-01 9.31845570e-05 4.85569648e-02 8.06527023e-05
 1.18327116e-04 9.22681298e-04 4.12263386e-02]",[9.9391317e-01 8.3679603e-05 2.8678140e-04 5.7163946e-03],[9.9995506e-01 4.4897322e-05],"[4.32014332e-07 1.16557685e-05 1.46408693e-03 5.35793126e-01
 4.53716308e-01 8.97462666e-03 3.94966373e-05 3.46475389e-07
 4.35139480e-09]"
D:\Uni\Ulm\Master\Hiwi-Forschung-und-Lehre\FairFace\detected_faces\973699_face0.jpg,Middle Eastern,White,Male,20-29,"[2.9088154e-01 8.5690169e-04 3.3358195e-01 2.5235178e-05 1.6378562e-04
 2.7339505e-02 3.4715107e-01]",[0.91009605 0.02842738 0.00145127 0.0600253 ],[9.9999899e-01 1.0023357e-06],"[1.3596051e-07 7.6629904e-06 9.9551212e-04 5.0716925e-01 4.8467678e-01
 7.1398024e-03 1.0849077e-05 7.3106079e-08 6.4115491e-10]"
D:\Uni\Ulm\Master\Hiwi-Forschung-und-Lehre\FairFace\detected_faces\973785_face0.jpg,Latino_Hispanic,Black,Male,20-29,"[1.4500593e-01 1.8768607e-01 5.9626037e-01 2.8504618e-04 1.5147498e-03
 1.0167360e-02 5.9080463e-02]",[3.0299284e-02 9.6439284e-01 9.4614387e-04 4.3617608e-03],[9.999591e-01 4.085178e-05],"[1.5794959e-07 8.5459760e-05 9.4629817e-02 8.4171486e-01 6.2878191e-02
 6.8661879e-04 4.8083689e-06 1.4105946e-07 5.1778213e-09]"
D:\Uni\Ulm\Master\Hiwi-Forschung-und-Lehre\FairFace\detected_faces\973838_face0.jpg,Black,Black,Male,20-29,"[2.8719060e-04 6.5584487e-01 1.8085359e-02 1.0888857e-03 4.8029996e-02
 2.7593949e-01 7.2407874e-04]",[1.9723484e-04 9.9276060e-01 3.9718784e-03 3.0702751e-03],[9.9999887e-01 1.1428129e-06],"[8.76520232e-07 3.29331087e-04 7.00309649e-02 8.06231141e-01
 1.17501184e-01 5.80138527e-03 1.01193691e-04 3.78676464e-06
 7.39786543e-08]"
D:\Uni\Ulm\Master\Hiwi-Forschung-und-Lehre\FairFace\detected_faces\973869_face0.jpg,Middle Eastern,White,Male,10-19,"[3.1526244e-01 2.9223484e-05 2.7873464e-02 4.9609589e-05 1.4492960e-04
 3.6630014e-04 6.5627396e-01]",[0.99556214 0.00120202 0.00139043 0.00184548],[9.9999970e-01 2.7945453e-07],"[1.3973728e-08 3.1436811e-04 6.2971538e-01 3.6774594e-01 2.2109475e-03
 1.3318599e-05 1.7953610e-08 3.2133396e-10 3.7097994e-12]"
D:\Uni\Ulm\Master\Hiwi-Forschung-und-Lehre\FairFace\detected_faces\973887_face0.jpg,Black,Black,Male,20-29,"[2.3846719e-06 9.9999285e-01 4.1419812e-06 6.0887277e-09 1.0542384e-07
 2.7980744e-07 1.9698896e-07]",[6.613515e-06 9.999913e-01 1.588729e-06 5.165634e-07],[9.9999964e-01 3.2384983e-07],"[3.0610714e-08 5.8709948e-06 6.0739666e-03 7.2344476e-01 2.6288518e-01
 7.5640180e-03 2.5943600e-05 2.4818539e-07 1.0949398e-08]"
D:\Uni\Ulm\Master\Hiwi-Forschung-und-Lehre\FairFace\detected_faces\973939_face0.jpg,White,White,Male,20-29,"[9.8917353e-01 2.0730414e-07 7.4199117e-05 2.7761916e-05 1.4637866e-05
 3.8113983e-06 1.0705784e-02]",[9.9989992e-01 2.2543270e-06 8.2150582e-05 1.5673806e-05],[9.9962014e-01 3.7983901e-04],"[1.00345076e-07 6.37673729e-05 3.18927407e-01 6.68688953e-01
 1.15546249e-02 7.48552673e-04 1.58044386e-05 7.91513855e-07
 3.04080459e-08]"
D:\Uni\Ulm\Master\Hiwi-Forschung-und-Lehre\FairFace\detected_faces\974087_face0.jpg,Black,Black,Male,30-39,"[1.4088018e-08 9.9999803e-01 2.9176138e-07 8.8298835e-09 7.3437747e-08
 1.5812848e-06 2.8503784e-08]",[1.6902458e-06 9.9998462e-01 1.6976695e-06 1.1878685e-05],[0.99556655 0.00443344],"[5.2977725e-06 1.5765672e-04 2.2658531e-03 1.2633263e-01 4.5873106e-01
 3.4014225e-01 6.0830962e-02 9.6154138e-03 1.9189228e-03]"
D:\Uni\Ulm\Master\Hiwi-Forschung-und-Lehre\FairFace\detected_faces\974109_face0.jpg,Latino_Hispanic,White,Male,20-29,"[1.3033833e-01 1.7382400e-02 7.5307387e-01 5.2411837e-04 2.2421919e-03
 3.8887395e-03 9.2550352e-02]",[0.4738823  0.45185176 0.02521554 0.04905039],[9.9998754e-01 1.2483762e-05],"[8.79244112e-07 1.57339498e-04 5.75377084e-02 8.32096636e-01
 1.07662044e-01 2.52178102e-03 2.30105197e-05 5.54294388e-07
 1.00646851e-08]"
D:\Uni\Ulm\Master\Hiwi-Forschung-und-Lehre\FairFace\detected_faces\974136_face0.jpg,Middle Eastern,White,Male,20-29,"[6.6124084e-03 2.0540247e-06 2.9063071e-03 3.3724029e-06 1.1155287e-05
 3.9255284e-03 9.8653913e-01]",[8.3481234e-01 6.4280379e-05 9.6379030e-05 1.6502704e-01],[9.999581e-01 4.190373e-05],"[4.9186374e-06 1.7979686e-03 8.7633356e-02 8.1042832e-01 9.7696923e-02
 2.4321543e-03 6.1542632e-06 2.4009663e-07 4.9254103e-09]"
D:\Uni\Ulm\Master\Hiwi-Forschung-und-Lehre\FairFace\detected_faces\974196_face0.jpg,Black,Black,Male,30-39,"[2.8022694e-07 9.9984479e-01 4.1930471e-06 4.2640774e-08 1.2661665e-06
 1.4932816e-04 8.8139210e-08]",[7.4491979e-08 9.9998057e-01 3.6566441e-06 1.5793132e-05],[9.9992514e-01 7.4852760e-05],"[4.5815049e-10 3.2164959e-08 1.1456348e-04 1.7770751e-01 7.4157500e-01
 7.9339348e-02 1.2601423e-03 3.2925238e-06 1.0537095e-07]"
D:\Uni\Ulm\Master\Hiwi-Forschung-und-Lehre\FairFace\detected_faces\974420_face0.jpg,White,White,Male,20-29,"[9.9958289e-01 4.1223743e-08 8.2733150e-06 3.6249287e-07 5.5418735e-07
 2.8603722e-07 4.0758480e-04]",[9.9996996e-01 1.0636588e-06 1.5909203e-05 1.3097103e-05],[1.0000000e+00 4.8641905e-08],"[1.3629854e-07 2.7796537e-05 1.6996015e-02 7.3719591e-01 2.3917185e-01
 6.5875645e-03 2.0587011e-05 8.3506862e-08 1.9955528e-09]"
D:\Uni\Ulm\Master\Hiwi-Forschung-und-Lehre\FairFace\detected_faces\974505_face0.jpg,White,White,Male,20-29,"[7.0792753e-01 1.0683958e-03 1.2851800e-01 3.1593849e-04 6.4585498e-04
 3.5108163e-04 1.6117325e-01]",[0.9906296  0.00560312 0.00135909 0.00240822],[9.9993402e-01 6.5939836e-05],"[6.0891743e-08 9.9331010e-06 1.6773561e-02 8.1451488e-01 1.6549705e-01
 3.1840638e-03 2.0208563e-05 2.9523645e-07 3.6688148e-09]"
D:\Uni\Ulm\Master\Hiwi-Forschung-und-Lehre\FairFace\detected_faces\974552_face0.jpg,White,White,Male,20-29,"[9.9984747e-01 6.0098574e-07 1.2426448e-05 9.4976463e-07 2.9806934e-06
 4.4142982e-07 1.3515407e-04]",[9.9686658e-01 3.0178132e-03 5.7894747e-05 5.7748060e-05],[9.999986e-01 1.356164e-06],"[9.8393627e-07 2.8125531e-04 9.7438820e-02 8.0906302e-01 8.5809566e-02
 7.1174926e-03 2.7759525e-04 1.0904146e-05 4.0806194e-07]"
D:\Uni\Ulm\Master\Hiwi-Forschung-und-Lehre\FairFace\detected_faces\974553_face0.jpg,White,White,Male,20-29,"[9.7258598e-01 5.0195027e-05 4.3235789e-03 3.1791642e-06 2.0580397e-05
 3.1450043e-05 2.2985045e-02]",[9.9970728e-01 1.8040968e-04 4.6289715e-05 6.5983702e-05],[1.0000000e+00 2.6940064e-08],"[7.30699242e-07 1.86935795e-04 6.55514002e-02 8.06295216e-01
 1.21230364e-01 6.61998009e-03 1.13654984e-04 1.77281504e-06
 1.82245774e-08]"
D:\Uni\Ulm\Master\Hiwi-Forschung-und-Lehre\FairFace\detected_faces\974571_face0.jpg,Latino_Hispanic,Indian,Male,20-29,"[2.3166177e-01 2.4751468e-02 5.0678819e-01 1.2128607e-04 7.1299158e-04
 6.2914621e-03 2.2967282e-01]",[0.42003903 0.1350135  0.00702072 0.43792674],[9.999999e-01 1.296274e-07],"[3.8298168e-07 3.9848223e-05 2.4295241e-02 8.9914715e-01 7.5317264e-02
 1.1937621e-03 6.1584137e-06 1.5087309e-07 2.3407536e-09]"
D:\Uni\Ulm\Master\Hiwi-Forschung-und-Lehre\FairFace\detected_faces\974573_face0.jpg,Latino_Hispanic,Indian,Male,20-29,"[0.01713735 0.00742252 0.41341928 0.00541283 0.04564283 0.12694809
 0.38401714]",[0.09983966 0.13712744 0.2274951  0.53553784],[9.9999958e-01 4.3045242e-07],"[1.8585906e-06 1.6636074e-03 1.2826139e-01 8.1011742e-01 5.8480941e-02
 1.4655284e-03 8.8421484e-06 4.2646067e-07 5.1784985e-09]"
D:\Uni\Ulm\Master\Hiwi-Forschung-und-Lehre\FairFace\detected_faces\974577_face0.jpg,Black,Black,Male,20-29,"[1.26800285e-06 9.99911427e-01 4.30451619e-05 1.35095295e-08
 4.70288171e-07 4.06063846e-05 3.13429905e-06]",[5.7402340e-06 9.9990797e-01 2.1769322e-06 8.4113970e-05],[9.9999934e-01 6.6216296e-07],"[6.2080979e-08 7.9106985e-06 4.6372870e-03 6.7719775e-01 3.0842361e-01
 9.6761314e-03 5.6804882e-05 4.8818555e-07 1.6555093e-08]"
D:\Uni\Ulm\Master\Hiwi-Forschung-und-Lehre\FairFace\detected_faces\974582_face0.jpg,White,White,Male,20-29,"[9.4943005e-01 1.4106261e-04 1.1654171e-02 3.1179799e-05 7.9243538e-05
 5.1005514e-05 3.8613360e-02]",[9.9931616e-01 4.6301435e-04 4.6667850e-05 1.7425171e-04],[9.9999946e-01 4.8095643e-07],"[5.2952625e-08 2.6943851e-06 3.5277538e-03 8.2011163e-01 1.7480521e-01
 1.5471433e-03 5.4622428e-06 5.2456180e-08 7.0007128e-10]"
D:\Uni\Ulm\Master\Hiwi-Forschung-und-Lehre\FairFace\detected_faces\974863_face0.jpg,White,White,Male,20-29,"[5.7131541e-01 1.0989759e-03 1.8404259e-01 5.5572265e-05 1.6992757e-04
 5.3312425e-03 2.3798631e-01]",[9.8083174e-01 8.3644483e-03 1.1504839e-04 1.0688793e-02],[9.99988377e-01 1.15979265e-05],"[1.6592097e-06 2.6434346e-04 6.0129788e-02 8.8715535e-01 5.2148014e-02
 3.0009096e-04 7.1764782e-07 1.5322922e-08 3.3665146e-10]"
D:\Uni\Ulm\Master\Hiwi-Forschung-und-Lehre\FairFace\detected_faces\975079_face0.jpg,Black,Black,Male,20-29,"[4.8389629e-04 9.3562198e-01 3.9039850e-02 9.1443162e-06 6.8316585e-04
 2.2077138e-02 2.0846769e-03]",[6.5308835e-05 9.9738902e-01 3.3850194e-04 2.2071595e-03],[9.999997e-01 3.064329e-07],"[1.2960302e-07 9.4987234e-05 8.2094945e-02 8.7827271e-01 3.9032888e-02
 5.0177908e-04 2.5008098e-06 9.3278537e-08 2.0886517e-09]"
D:\Uni\Ulm\Master\Hiwi-Forschung-und-Lehre\FairFace\detected_faces\975170_face0.jpg,Latino_Hispanic,White,Male,20-29,"[3.7163901e-01 2.1951888e-02 4.3988320e-01 3.6455940e-06 5.6596014e-05
 4.2537987e-04 1.6604039e-01]",[9.7723669e-01 2.2481631e-02 7.7524259e-05 2.0418791e-04],[9.9999988e-01 1.3786689e-07],"[1.7937600e-08 6.6967827e-06 2.3082726e-02 9.1010749e-01 6.6134326e-02
 6.6580757e-04 2.8938337e-06 6.2534625e-08 5.8110505e-10]"
D:\Uni\Ulm\Master\Hiwi-Forschung-und-Lehre\FairFace\detected_faces\975351_face0.jpg,Black,Black,Male,20-29,"[2.3648778e-03 9.0434486e-01 7.4590944e-02 1.8583161e-06 6.0465183e-05
 1.0024185e-02 8.6128637e-03]",[0.00903543 0.98166496 0.00125216 0.00804743],[9.9977332e-01 2.2666914e-04],"[3.8161940e-07 3.7593323e-05 1.4147004e-02 5.8399642e-01 3.8671201e-01
 1.5019063e-02 8.5940279e-05 1.6562727e-06 1.8293692e-08]"
D:\Uni\Ulm\Master\Hiwi-Forschung-und-Lehre\FairFace\detected_faces\975774_face0.jpg,White,White,Male,20-29,"[0.39739934 0.00093289 0.3863593  0.00388343 0.01961894 0.00994606
 0.18186001]",[9.8752618e-01 4.9918145e-04 3.6949725e-03 8.2796812e-03],[9.999344e-01 6.565016e-05],"[2.8909957e-07 4.7466096e-06 3.8578326e-03 7.8708065e-01 2.0422867e-01
 4.7712456e-03 5.3957323e-05 2.4477206e-06 8.6493884e-08]"
D:\Uni\Ulm\Master\Hiwi-Forschung-und-Lehre\FairFace\detected_faces\975798_face0.jpg,Latino_Hispanic,Black,Male,30-39,"[0.00229783 0.32884213 0.47170863 0.00186062 0.05781976 0.13680622
 0.00066481]",[0.00274392 0.51778597 0.08132809 0.39814204],[9.9999958e-01 4.2070383e-07],"[7.1244435e-06 1.2757312e-04 8.7136161e-03 2.2761813e-01 5.4512024e-01
 2.0215370e-01 1.6118512e-02 1.3939138e-04 1.6528242e-06]"
D:\Uni\Ulm\Master\Hiwi-Forschung-und-Lehre\FairFace\detected_faces\975800_face0.jpg,White,White,Male,20-29,"[9.0129185e-01 4.0410814e-05 5.1780236e-03 3.5186658e-05 4.9183585e-05
 7.2880081e-05 9.3332514e-02]",[9.9995428e-01 1.6129070e-05 2.2104821e-05 7.4922355e-06],[9.9999970e-01 3.0490366e-07],"[1.0303338e-05 3.8362810e-04 4.8980899e-03 6.4933664e-01 3.4115362e-01
 4.2041959e-03 1.3306396e-05 1.4257496e-07 2.1747295e-09]"
D:\Uni\Ulm\Master\Hiwi-Forschung-und-Lehre\FairFace\detected_faces\975811_face0.jpg,White,White,Male,30-39,"[9.5081711e-01 4.9065737e-05 9.8615978e-03 4.8469785e-05 8.4943349e-05
 6.9649694e-05 3.9069016e-02]",[9.9993467e-01 3.6322472e-05 2.1382799e-05 7.6684873e-06],[9.9999964e-01 3.5156151e-07],"[2.4427769e-07 1.2519433e-05 1.5717767e-03 4.2443922e-01 5.4484391e-01
 2.8928041e-02 2.0229437e-04 1.9841887e-06 1.9843949e-08]"
D:\Uni\Ulm\Master\Hiwi-Forschung-und-Lehre\FairFace\detected_faces\975814_face0.jpg,Latino_Hispanic,Asian,Male,20-29,"[0.09983658 0.00233692 0.61649734 0.00182545 0.01349939 0.00732915
 0.25867516]",[0.38882184 0.13247706 0.43715402 0.04154715],[1.0000000e+00 1.9119787e-08],"[4.0317809e-07 6.0571732e-05 2.0123122e-02 7.4704546e-01 2.2583866e-01
 6.8803993e-03 5.0541228e-05 8.4361625e-07 7.8661220e-09]"
D:\Uni\Ulm\Master\Hiwi-Forschung-und-Lehre\FairFace\detected_faces\975937_face0.jpg,Black,Black,Male,20-29,"[4.2061941e-04 8.7518418e-01 8.6654328e-02 2.3042233e-04 1.1031661e-02
 2.4812272e-02 1.6666984e-03]",[4.2136817e-04 9.5920950e-01 7.0173643e-03 3.3351768e-02],[9.9999994e-01 6.1977900e-08],"[1.1040065e-08 2.9672080e-06 2.8923666e-02 9.0690875e-01 6.3536592e-02
 6.2571559e-04 2.2054498e-06 3.3003957e-08 5.6138033e-10]"
D:\Uni\Ulm\Master\Hiwi-Forschung-und-Lehre\FairFace\detected_faces\976025_face0.jpg,Black,Black,Male,20-29,"[3.5179340e-07 9.9999404e-01 4.6103337e-06 3.7842982e-09 4.2511250e-08
 9.5621158e-07 1.0484551e-07]",[4.9462227e-07 9.9999464e-01 4.9435789e-07 4.3609011e-06],[9.9989313e-01 1.0687591e-04],"[2.69146938e-07 3.82666149e-05 2.24865694e-02 6.58165634e-01
 2.97222853e-01 2.17854269e-02 2.98318540e-04 2.53118196e-06
 1.03535264e-07]"
D:\Uni\Ulm\Master\Hiwi-Forschung-und-Lehre\FairFace\detected_faces\976037_face0.jpg,White,White,Male,20-29,"[5.8976078e-01 1.5391763e-03 1.8174171e-01 2.4054927e-04 5.9389829e-04
 2.3061335e-03 2.2381769e-01]",[0.9801079  0.00696861 0.00394666 0.00897683],[9.9998814e-01 1.1864101e-05],"[1.5493362e-07 1.0767319e-05 2.2524983e-02 8.4631860e-01 1.2438936e-01
 6.5639718e-03 1.8846206e-04 3.5866167e-06 6.7283246e-08]"
D:\Uni\Ulm\Master\Hiwi-Forschung-und-Lehre\FairFace\detected_faces\976105_face0.jpg,Middle Eastern,White,Male,20-29,"[2.8754050e-01 3.1038988e-04 5.5606473e-02 3.6056470e-05 1.3459436e-04
 2.4289251e-03 6.5394312e-01]",[0.9730851  0.00776973 0.00233553 0.01680968],[1.000000e+00 7.196336e-09],"[1.68154784e-07 1.46092672e-04 1.23344265e-01 8.46065521e-01
 3.01516559e-02 2.91197619e-04 1.03883042e-06 2.17515002e-08
 1.65376643e-10]"
D:\Uni\Ulm\Master\Hiwi-Forschung-und-Lehre\FairFace\detected_faces\976139_face0.jpg,Middle Eastern,White,Male,20-29,"[0.31431368 0.00121656 0.19411461 0.00118116 0.00185442 0.00308776
 0.4842319 ]",[0.9119658  0.00401639 0.05648646 0.02753146],[9.999976e-01 2.424628e-06],"[1.8237755e-05 2.3390674e-03 4.8078623e-02 7.6867920e-01 1.7582290e-01
 5.0316718e-03 2.8937935e-05 1.3497374e-06 2.3302183e-08]"
D:\Uni\Ulm\Master\Hiwi-Forschung-und-Lehre\FairFace\detected_faces\976141_face0.jpg,White,White,Male,20-29,"[7.6355100e-01 6.1170962e-05 3.2161657e-02 3.7999003e-04 2.8643906e-04
 1.8640141e-03 2.0169577e-01]",[9.9065691e-01 4.5705328e-05 7.9500768e-03 1.3472446e-03],[9.9980891e-01 1.9104562e-04],"[1.2138054e-05 5.0101534e-04 5.0073233e-03 5.5678707e-01 4.3000421e-01
 7.6606711e-03 2.6889136e-05 6.9936260e-07 1.4505953e-08]"
D:\Uni\Ulm\Master\Hiwi-Forschung-und-Lehre\FairFace\detected_faces\976153_face0.jpg,Middle Eastern,Black,Male,20-29,"[0.00815555 0.01894786 0.24267155 0.00185506 0.02843026 0.07751516
 0.62242454]",[0.00284325 0.7469133  0.05354679 0.19669665],[9.9995124e-01 4.8759452e-05],"[3.9137601e-07 1.2377123e-03 3.5087559e-01 6.2718457e-01 2.0286117e-02
 4.1255719e-04 2.9661082e-06 7.0583894e-08 1.2302374e-09]"
D:\Uni\Ulm\Master\Hiwi-Forschung-und-Lehre\FairFace\detected_faces\976251_face0.jpg,Latino_Hispanic,White,Male,20-29,"[4.1667935e-01 1.9016934e-03 4.6038985e-01 7.1676557e-05 7.1522605e-04
 7.0769875e-04 1.1953450e-01]",[0.96137726 0.02906648 0.0025911  0.00696514],[9.9999952e-01 4.4837122e-07],"[1.31237394e-08 1.61559001e-05 1.01377316e-01 8.71722162e-01
 2.67921500e-02 9.20423627e-05 2.31038840e-07 4.23964641e-09
 4.33196985e-11]"
D:\Uni\Ulm\Master\Hiwi-Forschung-und-Lehre\FairFace\detected_faces\976263_face0.jpg,Black,Black,Male,30-39,"[7.4966592e-05 9.4978607e-01 1.0464408e-02 3.5896662e-06 2.6052102e-04
 3.9216183e-02 1.9429413e-04]",[2.7633962e-04 8.5547495e-01 6.6227338e-04 1.4358644e-01],[1.0000000e+00 2.9244555e-08],"[1.1578119e-08 3.6883947e-07 7.7099190e-04 4.4695330e-01 5.3416175e-01
 1.8047329e-02 6.5940461e-05 2.5671542e-07 2.6992772e-09]"
D:\Uni\Ulm\Master\Hiwi-Forschung-und-Lehre\FairFace\detected_faces\976273_face0.jpg,Black,Black,Male,10-19,"[9.5643481e-04 9.7062618e-01 2.0847021e-02 1.1035139e-05 1.7510875e-04
 2.6248053e-03 4.7594514e-03]",[1.3646194e-04 9.9713868e-01 1.5041558e-04 2.5744860e-03],[0.9886487  0.01135132],"[1.0449520e-06 4.1437517e-03 6.8829554e-01 3.0003637e-01 7.3324135e-03
 1.8883479e-04 1.9657664e-06 7.0714364e-08 1.4940379e-09]"
D:\Uni\Ulm\Master\Hiwi-Forschung-und-Lehre\FairFace\detected_faces\976381_face0.jpg,White,White,Male,20-29,"[9.86317694e-01 3.48927570e-05 2.25103041e-03 6.82454925e-07
 4.45166324e-06 1.33630865e-05 1.13779036e-02]",[9.9926531e-01 5.7850621e-04 6.9657340e-06 1.4931992e-04],[1.0000000e+00 2.2435112e-08],"[8.18808132e-09 2.85555325e-05 1.16669662e-01 8.71393800e-01
 1.17370225e-02 1.70199462e-04 7.80644257e-07 1.37255665e-08
 1.55950933e-10]"
D:\Uni\Ulm\Master\Hiwi-Forschung-und-Lehre\FairFace\detected_faces\976401_face0.jpg,Middle Eastern,White,Male,20-29,"[5.3552136e-02 1.9166724e-05 2.1213291e-02 3.7664950e-06 1.7365661e-05
 7.9471171e-03 9.1724712e-01]",[8.4822804e-01 3.2231861e-04 1.7597219e-04 1.5127370e-01],[9.9997759e-01 2.2448216e-05],"[4.1573395e-07 2.8742639e-05 3.7571371e-03 5.8013195e-01 4.0917099e-01
 6.9036544e-03 7.0870356e-06 5.5863225e-08 8.7896496e-10]"
D:\Uni\Ulm\Master\Hiwi-Forschung-und-Lehre\FairFace\detected_faces\976416_face0.jpg,Latino_Hispanic,White,Male,10-19,"[0.02746624 0.01269936 0.78326225 0.01437065 0.11790282 0.01326137
 0.03103733]",[0.38991976 0.1623878  0.25895342 0.18873896],[9.9997050e-01 2.9491852e-05],"[1.7200308e-06 6.2628081e-03 6.5208703e-01 3.3904937e-01 2.5804581e-03
 1.8518804e-05 6.8275547e-08 4.2284376e-09 1.2765973e-10]"
D:\Uni\Ulm\Master\Hiwi-Forschung-und-Lehre\FairFace\detected_faces\976421_face0.jpg,Black,Black,Male,20-29,"[2.3494883e-06 9.9994737e-01 1.9171595e-05 1.7708407e-08 2.0266627e-07
 2.1248190e-05 9.6403191e-06]",[7.5993512e-07 9.9998796e-01 5.7383329e-07 1.0707379e-05],[9.999402e-01 5.978274e-05],"[5.6583129e-08 2.3530461e-05 1.3261632e-02 6.1618823e-01 3.4480193e-01
 2.5318516e-02 3.9930415e-04 6.6237294e-06 2.2684746e-07]"
D:\Uni\Ulm\Master\Hiwi-Forschung-und-Lehre\FairFace\detected_faces\976575_face0.jpg,White,White,Male,10-19,"[9.9998707e-01 1.0516189e-08 3.2634941e-06 5.2780553e-07 3.5272700e-07
 1.4955008e-08 8.7817361e-06]",[9.9998170e-01 2.2087975e-06 1.5155618e-05 8.7082913e-07],[9.9995911e-01 4.0905445e-05],"[2.8377228e-05 3.2721497e-02 8.2913029e-01 1.0713242e-01 2.3626717e-02
 7.1610464e-03 1.9507998e-04 4.4930157e-06 1.5284827e-07]"
D:\Uni\Ulm\Master\Hiwi-Forschung-und-Lehre\FairFace\detected_faces\976906_face0.jpg,White,White,Male,20-29,"[8.5622191e-01 1.8976550e-04 1.5844204e-02 7.8926532e-05 2.3665479e-04
 1.6309984e-04 1.2726544e-01]",[0.99237293 0.00468525 0.0015166  0.00142517],[9.99878407e-01 1.21583456e-04],"[2.3082920e-07 2.7193621e-05 3.2367371e-03 6.5117162e-01 3.4114513e-01
 4.4001359e-03 1.8834467e-05 1.5366307e-07 4.7241455e-09]"
D:\Uni\Ulm\Master\Hiwi-Forschung-und-Lehre\FairFace\detected_faces\976992_face0.jpg,White,White,Male,20-29,"[9.9998337e-01 8.1018794e-07 4.4582707e-06 6.4822238e-08 2.0029094e-07
 2.0080496e-07 1.0836939e-05]",[9.9993443e-01 4.8388669e-05 1.2296135e-05 4.8318570e-06],[9.9986643e-01 1.3355557e-04],"[8.0576690e-08 1.1367527e-04 1.6877511e-01 8.1365120e-01 1.7004110e-02
 4.4298268e-04 1.2328553e-05 4.8368707e-07 4.1167461e-08]"
D:\Uni\Ulm\Master\Hiwi-Forschung-und-Lehre\FairFace\detected_faces\977078_face0.jpg,White,White,Male,20-29,"[6.3070649e-01 9.0208414e-05 2.4347244e-01 5.2218570e-04 2.0812424e-03
 1.3239783e-02 1.0988763e-01]",[0.900352   0.00309357 0.00467767 0.09187676],[9.9990809e-01 9.1921225e-05],"[2.2123244e-07 2.4202796e-04 1.6237065e-01 7.8024888e-01 5.5993930e-02
 1.1392980e-03 4.8350653e-06 1.2627306e-07 3.5467320e-09]"
D:\Uni\Ulm\Master\Hiwi-Forschung-und-Lehre\FairFace\detected_faces\977079_face0.jpg,Middle Eastern,White,Male,30-39,"[1.3575128e-01 9.7896764e-04 1.9890738e-01 8.7154905e-05 3.5109377e-04
 2.9483734e-02 6.3444042e-01]",[0.9454679  0.00309148 0.00658358 0.04485713],[9.9999964e-01 3.0201531e-07],"[1.1990858e-06 9.1316651e-05 1.8916432e-03 4.4656116e-01 5.3281939e-01
 1.8592453e-02 4.2516862e-05 3.0478213e-07 2.3523923e-09]"
D:\Uni\Ulm\Master\Hiwi-Forschung-und-Lehre\FairFace\detected_faces\978049_face0.jpg,White,White,Male,20-29,"[9.9991518e-01 6.6226402e-09 1.0927716e-05 3.4933018e-07 4.6656569e-07
 5.4149648e-08 7.3044328e-05]",[9.9998438e-01 4.1671424e-07 1.5057294e-05 1.9308423e-07],[9.9999124e-01 8.7672479e-06],"[6.3483363e-08 1.4269330e-04 2.2223213e-01 7.6567793e-01 1.1900108e-02
 4.7000012e-05 4.5443688e-08 2.7911257e-10 1.1430874e-11]"
D:\Uni\Ulm\Master\Hiwi-Forschung-und-Lehre\FairFace\detected_faces\978064_face0.jpg,Black,Black,Male,20-29,"[1.7252182e-06 9.9963945e-01 3.8629554e-05 1.3062440e-07 3.4630452e-06
 3.0075188e-04 1.5901556e-05]",[1.2257312e-06 9.9998385e-01 3.4753750e-06 1.1510672e-05],[9.9999720e-01 2.8178383e-06],"[3.0422765e-07 4.4143989e-04 9.4816796e-02 7.0447165e-01 1.8645841e-01
 1.3639248e-02 1.7016043e-04 1.9522975e-06 3.1475885e-08]"
D:\Uni\Ulm\Master\Hiwi-Forschung-und-Lehre\FairFace\detected_faces\978150_face0.jpg,Latino_Hispanic,Indian,Male,20-29,"[3.68662132e-03 2.32702345e-01 6.19462788e-01 9.91471898e-05
 3.35878273e-03 1.28979504e-01 1.17108645e-02]",[0.00507391 0.3836044  0.02610576 0.5852159 ],[9.9999994e-01 5.0484303e-08],"[3.3741539e-08 1.5183122e-06 3.7212837e-03 8.1025684e-01 1.8314964e-01
 2.8550576e-03 1.5464475e-05 2.1857336e-07 2.3548687e-09]"
D:\Uni\Ulm\Master\Hiwi-Forschung-und-Lehre\FairFace\detected_faces\978180_face0.jpg,White,White,Male,20-29,"[9.9923337e-01 4.4917132e-07 5.6933826e-05 8.2321655e-08 2.4058690e-07
 3.1330083e-07 7.0850109e-04]",[9.9998224e-01 1.4992128e-05 9.0675940e-07 1.8422083e-06],[1.0000000e+00 2.4291525e-08],"[1.5404821e-08 6.7243986e-05 2.5434792e-01 7.3261595e-01 1.2763782e-02
 2.0456685e-04 6.1017238e-07 6.9632313e-09 8.0698045e-11]"
D:\Uni\Ulm\Master\Hiwi-Forschung-und-Lehre\FairFace\detected_faces\978182_face0.jpg,Middle Eastern,White,Male,20-29,"[3.6760088e-02 6.5098400e-04 8.4324792e-02 3.8785929e-05 1.3904770e-04
 1.7757956e-03 8.7631053e-01]",[0.94401366 0.0363357  0.00328046 0.01637013],[9.999975e-01 2.485935e-06],"[2.7477756e-06 1.3814089e-04 1.2197402e-02 6.0740805e-01 3.6457491e-01
 1.5558912e-02 1.1849534e-04 1.3196740e-06 1.5798209e-08]"
D:\Uni\Ulm\Master\Hiwi-Forschung-und-Lehre\FairFace\detected_faces\978283_face0.jpg,Middle Eastern,White,Male,20-29,"[2.1714076e-02 5.3558950e-05 1.3426366e-02 1.0817030e-05 2.5322210e-05
 3.8854798e-04 9.6438134e-01]",[0.9906128  0.00221703 0.00139859 0.00577159],[9.9999702e-01 2.9156893e-06],"[1.3403705e-06 1.7124577e-04 7.4808355e-03 8.2433665e-01 1.6667080e-01
 1.3361822e-03 2.9375515e-06 7.8375237e-08 1.5958066e-09]"
D:\Uni\Ulm\Master\Hiwi-Forschung-und-Lehre\FairFace\detected_faces\978285_face0.jpg,Black,Black,Male,20-29,"[1.4952316e-06 9.9981833e-01 2.7289043e-05 1.5790457e-08 2.4024976e-07
 1.4723443e-04 5.3681365e-06]",[1.2643188e-06 9.9992669e-01 1.2194135e-06 7.0754548e-05],[9.9998891e-01 1.1097367e-05],"[6.5295478e-07 3.1322354e-04 5.4921500e-02 7.1877897e-01 2.0901889e-01
 1.6694622e-02 2.6765454e-04 4.4021126e-06 1.1115067e-07]"
D:\Uni\Ulm\Master\Hiwi-Forschung-und-Lehre\FairFace\detected_faces\978521_face0.jpg,Black,Black,Male,30-39,"[8.2468032e-06 9.9990249e-01 4.1756804e-05 4.2113541e-08 4.3124334e-07
 2.4168896e-05 2.2855578e-05]",[1.4990829e-06 9.9999279e-01 6.0277108e-07 5.1132497e-06],[9.9999726e-01 2.7584606e-06],"[3.1041859e-06 3.5395616e-04 7.8780809e-03 4.3873692e-01 4.8035657e-01
 7.1150221e-02 1.4963633e-03 2.3489214e-05 1.3208047e-06]"
D:\Uni\Ulm\Master\Hiwi-Forschung-und-Lehre\FairFace\detected_faces\978562_face0.jpg,Latino_Hispanic,Black,Male,20-29,"[1.0628851e-01 2.5194978e-02 5.9616995e-01 1.0724678e-04 4.9174158e-04
 5.6399875e-03 2.6610753e-01]",[0.3998024  0.50164896 0.00416267 0.09438599],[9.9994272e-01 5.7275214e-05],"[1.5989582e-06 2.3535805e-04 7.7448234e-02 7.1612316e-01 1.9988388e-01
 6.2656519e-03 4.1523781e-05 5.7230079e-07 7.6576301e-09]"
D:\Uni\Ulm\Master\Hiwi-Forschung-und-Lehre\FairFace\detected_faces\978652_face0.jpg,Latino_Hispanic,Black,Male,20-29,"[1.9443117e-01 3.9993927e-02 7.4422371e-01 2.3086756e-04 2.0242480e-03
 5.9923874e-03 1.3103711e-02]",[0.4506345  0.51783526 0.01108157 0.02044853],[9.9962598e-01 3.7402078e-04],"[7.3016067e-06 1.4612903e-03 1.8323931e-01 4.6540958e-01 2.9779139e-01
 4.9516194e-02 2.5167617e-03 5.6823170e-05 1.2897901e-06]"
D:\Uni\Ulm\Master\Hiwi-Forschung-und-Lehre\FairFace\detected_faces\978658_face0.jpg,White,White,Male,20-29,"[6.5342903e-01 2.3642897e-03 1.0035942e-01 3.1800260e-04 1.1850562e-03
 5.7099271e-04 2.4177329e-01]",[9.3406659e-01 6.2592737e-02 2.4704547e-03 8.7014574e-04],[9.9999988e-01 5.4633627e-08],"[2.66060454e-07 1.32552494e-04 9.11792070e-02 8.18059504e-01
 8.86180624e-02 1.99840125e-03 1.17565605e-05 2.22485511e-07
 2.47123699e-09]"
D:\Uni\Ulm\Master\Hiwi-Forschung-und-Lehre\FairFace\detected_faces\978745_face0.jpg,Middle Eastern,White,Male,20-29,"[1.9592072e-01 3.9647083e-04 4.3619037e-02 3.5540914e-05 1.1213060e-04
 8.3585427e-04 7.5908023e-01]",[9.8830622e-01 6.0215346e-03 1.4103440e-04 5.5312682e-03],[9.999997e-01 3.186433e-07],"[3.7598513e-06 8.2647469e-04 1.5956016e-01 6.3101500e-01 1.9191486e-01
 1.6376449e-02 2.9022351e-04 1.3033512e-05 9.3580049e-08]"
D:\Uni\Ulm\Master\Hiwi-Forschung-und-Lehre\FairFace\detected_faces\978767_face0.jpg,White,White,Male,20-29,"[5.6647593e-01 3.3919248e-04 1.5763003e-01 1.8895377e-04 4.7824709e-04
 4.4248514e-03 2.7046272e-01]",[0.7631447  0.04904794 0.01133019 0.17647725],[9.9999678e-01 3.1665845e-06],"[1.4006168e-08 1.3469786e-06 1.4772140e-03 8.0741543e-01 1.9010733e-01
 9.9738385e-04 1.2752749e-06 1.1348286e-08 1.8069975e-10]"
D:\Uni\Ulm\Master\Hiwi-Forschung-und-Lehre\FairFace\detected_faces\978827_face0.jpg,White,White,Male,20-29,"[6.0068345e-01 3.3779614e-04 1.1267818e-02 4.2579926e-05 1.1401816e-04
 2.6744098e-04 3.8728687e-01]",[9.9866748e-01 8.8709028e-04 3.2059295e-04 1.2486645e-04],[9.9999946e-01 4.9992235e-07],"[1.0201205e-07 1.4876999e-04 1.7133981e-01 8.1409347e-01 1.4328764e-02
 8.8758192e-05 3.3624627e-07 1.5899449e-08 2.7091332e-10]"
D:\Uni\Ulm\Master\Hiwi-Forschung-und-Lehre\FairFace\detected_faces\978835_face0.jpg,Black,Black,Male,30-39,"[7.98840847e-05 9.85464692e-01 9.08390270e-04 1.81011965e-05
 5.90385578e-04 1.24524655e-02 4.86043631e-04]",[2.5576542e-04 9.9377239e-01 6.6293095e-04 5.3089457e-03],[0.9962888  0.00371122],"[4.0213799e-06 5.4081850e-04 3.1304851e-02 3.4739906e-01 5.5846751e-01
 6.0728151e-02 1.5104896e-03 4.3209318e-05 1.8204132e-06]"
D:\Uni\Ulm\Master\Hiwi-Forschung-und-Lehre\FairFace\detected_faces\978838_face0.jpg,Black,Black,Male,20-29,"[9.8825021e-06 9.9940455e-01 2.9192783e-04 6.2747654e-07 1.8108001e-05
 2.7069091e-04 4.1854510e-06]",[1.0596509e-06 9.9997610e-01 1.6081600e-05 6.7174192e-06],[0.9677549  0.03224511],"[3.1694691e-07 1.3748594e-04 9.3508236e-02 7.5755078e-01 1.4236186e-01
 6.3029863e-03 1.3660453e-04 1.5977046e-06 6.3127317e-08]"
D:\Uni\Ulm\Master\Hiwi-Forschung-und-Lehre\FairFace\detected_faces\978927_face0.jpg,East Asian,Asian,Male,20-29,"[1.5871935e-03 1.6017666e-05 1.8790000e-03 8.2140869e-01 1.7424965e-01
 4.8886798e-04 3.7059188e-04]",[9.7017847e-03 7.6408120e-05 9.8719823e-01 3.0236149e-03],[9.9999893e-01 1.0774077e-06],"[4.2290810e-07 2.1752016e-05 1.8840346e-02 5.9654850e-01 3.6010677e-01
 2.3953266e-02 4.8645239e-04 4.2029613e-05 4.7277632e-07]"
D:\Uni\Ulm\Master\Hiwi-Forschung-und-Lehre\FairFace\detected_faces\978950_face0.jpg,Middle Eastern,White,Male,20-29,"[1.17713585e-01 1.27367969e-06 1.07256533e-03 9.16177396e-06
 8.78495484e-06 6.87497868e-06 8.81187737e-01]",[9.9974716e-01 6.5598397e-06 1.8071102e-04 6.5562446e-05],[9.9948788e-01 5.1213085e-04],"[6.8580178e-08 1.7161775e-04 3.0405200e-01 6.7825085e-01 1.7286681e-02
 2.3807265e-04 6.6658447e-07 8.1515932e-09 1.9824160e-10]"
D:\Uni\Ulm\Master\Hiwi-Forschung-und-Lehre\FairFace\detected_faces\979043_face0.jpg,Black,Black,Male,30-39,"[1.2382562e-03 9.5476109e-01 3.3948701e-02 7.5768043e-07 3.3099353e-05
 5.8613927e-03 4.1566440e-03]",[2.2009965e-04 9.9862617e-01 1.9540355e-04 9.5832057e-04],[9.9999988e-01 1.4928574e-07],"[7.7488087e-09 5.3016436e-07 4.8516947e-04 3.8989732e-01 5.8884549e-01
 2.0679319e-02 9.1752765e-05 4.4752204e-07 4.8660267e-09]"
D:\Uni\Ulm\Master\Hiwi-Forschung-und-Lehre\FairFace\detected_faces\979103_face0.jpg,Middle Eastern,White,Male,20-29,"[2.3800586e-01 7.3101895e-05 3.5384636e-02 4.9097751e-05 1.7657399e-04
 2.5274712e-04 7.2605801e-01]",[9.9791431e-01 9.4239117e-04 3.0524380e-04 8.3796104e-04],[9.9999803e-01 1.9889094e-06],"[4.2990248e-08 1.8971029e-06 4.0166816e-03 6.7491227e-01 3.1343275e-01
 7.5758724e-03 5.9331269e-05 1.0908767e-06 1.4057558e-08]"
D:\Uni\Ulm\Master\Hiwi-Forschung-und-Lehre\FairFace\detected_faces\979114_face0.jpg,White,White,Male,10-19,"[9.9748003e-01 9.0563861e-07 2.5380615e-04 4.7826410e-07 1.0427416e-06
 2.7204364e-06 2.2610147e-03]",[9.9960947e-01 2.3134268e-04 3.0730738e-05 1.2849596e-04],[9.9969512e-01 3.0494345e-04],"[4.1509825e-08 3.5991284e-04 6.6379231e-01 3.3143660e-01 4.2768065e-03
 1.3366337e-04 6.6816210e-07 1.5786247e-08 4.0054413e-10]"
D:\Uni\Ulm\Master\Hiwi-Forschung-und-Lehre\FairFace\detected_faces\979118_face0.jpg,White,White,Male,10-19,"[9.9987924e-01 2.6793584e-08 1.6177533e-05 5.4487913e-08 1.7925981e-07
 2.8016743e-07 1.0395711e-04]",[9.9998677e-01 6.1055111e-06 3.2781172e-06 3.8376315e-06],[9.9999303e-01 6.9672274e-06],"[2.3600196e-08 2.0871931e-04 6.0962093e-01 3.8555163e-01 4.3849298e-03
 2.3238610e-04 1.4012043e-06 2.7098666e-08 5.0174431e-10]"
D:\Uni\Ulm\Master\Hiwi-Forschung-und-Lehre\FairFace\detected_faces\979144_face0.jpg,White,White,Male,20-29,"[9.9417293e-01 1.1652513e-05 2.5014454e-03 2.5518984e-04 2.0638168e-04
 6.3398438e-06 2.8460394e-03]",[9.9900693e-01 3.4738873e-04 6.3506985e-04 1.0588499e-05],[9.9971402e-01 2.8602392e-04],"[8.2925607e-07 5.1470022e-05 2.0216184e-02 7.4180311e-01 2.2866763e-01
 9.1549959e-03 1.0300432e-04 2.7464582e-06 5.9112846e-08]"
D:\Uni\Ulm\Master\Hiwi-Forschung-und-Lehre\FairFace\detected_faces\979146_face0.jpg,Latino_Hispanic,White,Male,20-29,"[0.30777878 0.0020238  0.57815325 0.00431949 0.01064861 0.00182911
 0.09524702]",[0.91604537 0.02456565 0.04530588 0.01408301],[9.9999970e-01 3.4262266e-07],"[5.02693138e-06 4.54370689e-04 1.20825164e-01 6.08920038e-01
 2.47728094e-01 2.14740727e-02 5.79601678e-04 1.35590144e-05
 1.39759663e-07]"
D:\Uni\Ulm\Master\Hiwi-Forschung-und-Lehre\FairFace\detected_faces\979157_face0.jpg,Latino_Hispanic,Indian,Male,10-19,"[0.04253734 0.00290877 0.52350587 0.00209517 0.03269102 0.36885512
 0.02740678]",[0.11462635 0.00266594 0.05092664 0.8317811 ],[1.0000000e+00 1.4555697e-08],"[2.0540874e-07 1.4030879e-03 7.7376407e-01 2.1796052e-01 6.6552837e-03
 2.1556504e-04 1.2554458e-06 2.6000603e-08 1.9857424e-10]"
D:\Uni\Ulm\Master\Hiwi-Forschung-und-Lehre\FairFace\detected_faces\979210_face0.jpg,Middle Eastern,White,Male,20-29,"[2.4125725e-01 2.0639463e-04 4.5270670e-02 7.6277347e-06 4.7887032e-05
 5.8071171e-03 7.0740300e-01]",[9.3729812e-01 2.2649274e-03 4.3020525e-04 6.0006712e-02],[9.999019e-01 9.806283e-05],"[9.52759009e-08 1.15485936e-05 1.86320841e-02 8.65988135e-01
 1.14560306e-01 8.05356831e-04 2.46600962e-06 5.33415694e-08
 1.18256005e-09]"
D:\Uni\Ulm\Master\Hiwi-Forschung-und-Lehre\FairFace\detected_faces\979229_face0.jpg,Black,Black,Male,20-29,"[1.0191661e-06 9.9973941e-01 3.3045864e-05 4.3230028e-07 1.4346229e-05
 2.0987433e-04 1.7185408e-06]",[3.9162035e-07 9.9990183e-01 4.0910614e-05 5.6919034e-05],[9.9999106e-01 8.9667801e-06],"[3.0292239e-07 2.3319751e-04 1.0323780e-01 7.6834238e-01 1.1477443e-01
 1.3048866e-02 3.5627041e-04 6.4958554e-06 2.3651046e-07]"
D:\Uni\Ulm\Master\Hiwi-Forschung-und-Lehre\FairFace\detected_faces\979231_face0.jpg,Black,Black,Male,30-39,"[1.4881949e-05 9.9953061e-01 1.5065174e-04 7.8931158e-08 1.5492604e-06
 2.9005590e-04 1.2174188e-05]",[9.8013979e-06 9.9975818e-01 6.0169500e-06 2.2594069e-04],[9.9999911e-01 9.2393543e-07],"[2.05166728e-07 4.04568254e-06 1.64639996e-03 2.51075685e-01
 5.83890796e-01 1.57422289e-01 5.84978051e-03 1.09140616e-04
 1.63029438e-06]"
D:\Uni\Ulm\Master\Hiwi-Forschung-und-Lehre\FairFace\detected_faces\979232_face0.jpg,Black,Black,Male,20-29,"[4.0172483e-07 9.9998981e-01 5.6970985e-06 1.8058108e-08 3.8538954e-07
 3.5752464e-06 1.2921183e-07]",[2.5548189e-07 9.9999124e-01 3.4709251e-06 5.0168733e-06],[0.9988734  0.00112659],"[2.2178389e-08 5.0067789e-05 5.7773326e-02 8.3405793e-01 1.0689916e-01
 1.2133272e-03 6.1316987e-06 5.2989396e-08 2.3900404e-09]"
D:\Uni\Ulm\Master\Hiwi-Forschung-und-Lehre\FairFace\detected_faces\979233_face0.jpg,Black,Black,Male,20-29,"[1.52022153e-07 9.99875188e-01 6.47686647e-06 7.06608034e-07
 2.13636868e-05 9.60120597e-05 1.02625656e-07]",[3.5382816e-06 9.9980700e-01 4.7995418e-05 1.4137466e-04],[9.9999249e-01 7.4969707e-06],"[1.0925491e-07 1.7610726e-05 4.0228730e-03 6.3135678e-01 3.5369435e-01
 1.0883433e-02 2.4668157e-05 1.7980221e-07 1.0203242e-08]"
D:\Uni\Ulm\Master\Hiwi-Forschung-und-Lehre\FairFace\detected_faces\979290_face0.jpg,Latino_Hispanic,Black,Male,20-29,"[1.51748192e-02 2.23695338e-01 5.75958908e-01 1.06172556e-04
 3.28088552e-03 1.19225189e-01 6.25586584e-02]",[0.01290085 0.8030222  0.00437034 0.17970668],[9.9999273e-01 7.3386564e-06],"[3.6905749e-07 1.3541680e-05 6.0335896e-03 6.9199383e-01 2.9287052e-01
 8.9840563e-03 1.0062679e-04 3.3952315e-06 8.2158493e-08]"
D:\Uni\Ulm\Master\Hiwi-Forschung-und-Lehre\FairFace\detected_faces\979473_face0.jpg,Black,Black,Male,20-29,"[2.3713680e-08 9.9999434e-01 1.1344316e-06 1.9661845e-09 7.9619859e-08
 4.3519508e-06 7.2181003e-08]",[4.6110863e-08 9.9999487e-01 8.4890439e-07 4.2609313e-06],[9.9999934e-01 7.0371470e-07],"[3.1555899e-08 2.1449325e-06 2.1793663e-03 4.6667138e-01 4.5117494e-01
 7.8128144e-02 1.8322533e-03 1.1400961e-05 3.2817056e-07]"
D:\Uni\Ulm\Master\Hiwi-Forschung-und-Lehre\FairFace\detected_faces\979479_face0.jpg,White,White,Male,20-29,"[8.1083840e-01 6.5580949e-05 3.3749897e-02 2.3357421e-05 5.0691069e-05
 9.2661480e-04 1.5434547e-01]",[9.9415660e-01 1.6837858e-04 5.7586039e-05 5.6173932e-03],[9.999996e-01 3.654336e-07],"[2.2424132e-07 3.4660876e-05 5.3012099e-02 8.8947278e-01 5.6939971e-02
 5.3849118e-04 1.7203390e-06 3.6789004e-08 5.1912685e-10]"
D:\Uni\Ulm\Master\Hiwi-Forschung-und-Lehre\FairFace\detected_faces\979480_face0.jpg,Black,Black,Male,20-29,"[1.6640349e-06 9.9992126e-01 3.3944616e-05 3.9326967e-08 2.3693351e-06
 3.7015179e-05 3.6476320e-06]",[2.5167496e-06 9.9991375e-01 3.4171608e-05 4.9525661e-05],[9.999992e-01 7.576804e-07],"[9.1929202e-08 7.0468595e-05 6.6515848e-02 8.4810150e-01 8.2785621e-02
 2.4980237e-03 2.7813414e-05 6.6293319e-07 2.8510209e-08]"
D:\Uni\Ulm\Master\Hiwi-Forschung-und-Lehre\FairFace\detected_faces\979563_face0.jpg,White,White,Male,20-29,"[9.9992293e-01 1.2228855e-07 2.4044399e-05 5.6122872e-08 2.8807466e-07
 3.8502230e-07 5.2152653e-05]",[9.9999881e-01 3.8381746e-08 8.0136630e-07 3.5172505e-07],[9.9999982e-01 2.0504469e-07],"[1.6499430e-07 1.3913099e-04 5.5298001e-02 8.6177111e-01 8.0521137e-02
 2.2580631e-03 1.2275382e-05 1.1700362e-07 3.9721497e-09]"
D:\Uni\Ulm\Master\Hiwi-Forschung-und-Lehre\FairFace\detected_faces\979565_face0.jpg,White,White,Male,20-29,"[9.9938762e-01 1.4080322e-08 9.2390810e-06 9.7420084e-08 2.1231922e-07
 9.9673468e-07 6.0190179e-04]",[9.9983138e-01 5.2112418e-06 1.2736858e-05 1.5069726e-04],[9.9999952e-01 4.4234218e-07],"[4.7125273e-09 3.4255102e-06 6.7192540e-02 9.1308278e-01 1.9330248e-02
 3.8912380e-04 1.8819889e-06 2.4571747e-08 3.6558059e-10]"
D:\Uni\Ulm\Master\Hiwi-Forschung-und-Lehre\FairFace\detected_faces\979593_face0.jpg,Latino_Hispanic,Black,Male,20-29,"[3.3989497e-02 1.2878640e-01 8.2706970e-01 3.1707820e-04 6.1918157e-03
 2.7503609e-03 8.9518831e-04]",[0.06895117 0.8559945  0.07337578 0.00167853],[9.9991500e-01 8.5051506e-05],"[3.4292996e-06 1.8802589e-03 1.4952746e-01 6.7259008e-01 1.7132153e-01
 4.6315868e-03 4.4840934e-05 7.7033036e-07 2.1940000e-08]"
D:\Uni\Ulm\Master\Hiwi-Forschung-und-Lehre\FairFace\detected_faces\979820_face0.jpg,White,White,Male,20-29,"[9.4919425e-01 1.2609943e-04 2.9049270e-02 7.6244709e-05 3.8025880e-04
 2.2468576e-04 2.0949215e-02]",[0.99565166 0.00113007 0.00190653 0.00131176],[1.000000e+00 8.906362e-09],"[1.50560055e-07 9.32553594e-05 1.23679414e-01 8.02432477e-01
 7.20687360e-02 1.71775138e-03 8.07453125e-06 1.97765004e-07
 2.17985718e-09]"
D:\Uni\Ulm\Master\Hiwi-Forschung-und-Lehre\FairFace\detected_faces\979821_face0.jpg,White,White,Male,20-29,"[9.9656498e-01 1.5537953e-05 1.8031743e-03 1.0289547e-05 1.4014436e-05
 1.4717280e-06 1.5904962e-03]",[9.9930286e-01 5.1492220e-04 1.6621582e-04 1.5981625e-05],[9.9985063e-01 1.4938391e-04],"[3.3154390e-07 3.0293205e-04 2.8679442e-01 6.8870908e-01 2.3418574e-02
 7.6614640e-04 8.2448514e-06 1.7303363e-07 3.5623238e-09]"
D:\Uni\Ulm\Master\Hiwi-Forschung-und-Lehre\FairFace\detected_faces\979861_face0.jpg,Middle Eastern,White,Male,30-39,"[1.8274646e-01 1.1344490e-01 5.3115413e-02 2.8461043e-05 1.6770068e-04
 5.5584107e-03 6.4493859e-01]",[0.75864524 0.2314611  0.00127106 0.00862258],[9.9999738e-01 2.6526754e-06],"[2.40732356e-06 1.22560305e-05 1.56365451e-04 4.96613570e-02
 5.78055501e-01 3.48045021e-01 2.29488816e-02 1.08769676e-03
 3.04624209e-05]"
D:\Uni\Ulm\Master\Hiwi-Forschung-und-Lehre\FairFace\detected_faces\980143_face0.jpg,White,White,Male,20-29,"[9.9977481e-01 4.9480207e-07 1.4843566e-05 1.0948168e-06 1.3125111e-06
 2.5527922e-07 2.0721828e-04]",[9.9992001e-01 2.6822379e-05 4.8379829e-05 4.7634817e-06],[9.9999666e-01 3.3621204e-06],"[2.2245158e-05 1.3779454e-03 1.0467596e-01 4.4160306e-01 3.3527371e-01
 1.1196578e-01 4.9077258e-03 1.6957948e-04 4.0655609e-06]"
D:\Uni\Ulm\Master\Hiwi-Forschung-und-Lehre\FairFace\detected_faces\980182_face0.jpg,Middle Eastern,White,Male,20-29,"[3.2626852e-02 1.6320616e-03 5.1854152e-02 2.5721363e-05 1.2854302e-04
 3.2770704e-03 9.1045564e-01]",[0.7166839  0.2539467  0.00089424 0.02847514],[9.9999821e-01 1.7671166e-06],"[8.6884993e-06 1.1261409e-03 2.5461422e-02 7.7970058e-01 1.9008531e-01
 3.6044747e-03 1.3194289e-05 2.5621583e-07 3.6609067e-09]"
D:\Uni\Ulm\Master\Hiwi-Forschung-und-Lehre\FairFace\detected_faces\980283_face0.jpg,Black,Black,Male,20-29,"[2.4387600e-05 9.9729270e-01 8.5800840e-04 1.3186363e-07 6.0489479e-06
 1.7505921e-03 6.8045607e-05]",[5.54759572e-05 9.99836862e-01 3.01828732e-06 1.04591636e-04],[9.9999994e-01 6.6458874e-08],"[1.4737552e-09 1.8902433e-07 8.9537172e-04 5.3983259e-01 4.4308403e-01
 1.6038543e-02 1.4860186e-04 7.1908408e-07 1.1931447e-08]"
D:\Uni\Ulm\Master\Hiwi-Forschung-und-Lehre\FairFace\detected_faces\980327_face0.jpg,Black,Black,Male,20-29,"[2.5818978e-05 9.8595601e-01 2.2174199e-03 3.1786536e-07 3.1509524e-05
 1.1306686e-02 4.6231161e-04]",[2.3244133e-05 9.9773961e-01 2.8850640e-05 2.2083255e-03],[1.0000000e+00 6.1014277e-10],"[1.6938581e-09 6.7460513e-07 4.5578578e-03 9.1806716e-01 7.6874971e-02
 4.9872196e-04 6.3275695e-07 7.0706578e-09 6.9851964e-11]"
D:\Uni\Ulm\Master\Hiwi-Forschung-und-Lehre\FairFace\detected_faces\980383_face0.jpg,Latino_Hispanic,White,Male,20-29,"[1.6603242e-01 2.0800112e-03 4.2391446e-01 2.2869265e-04 8.6691824e-04
 2.8456645e-03 4.0403181e-01]",[0.5301246  0.01807306 0.2514784  0.20032395],[9.9999708e-01 2.9489743e-06],"[8.6867345e-08 1.2065761e-05 3.7715796e-02 9.1094184e-01 5.0625484e-02
 7.0088054e-04 3.7534139e-06 1.1466775e-07 1.5998420e-09]"
D:\Uni\Ulm\Master\Hiwi-Forschung-und-Lehre\FairFace\detected_faces\980403_face0.jpg,Black,Black,Male,20-29,"[1.3031155e-05 9.3589383e-01 2.0530378e-03 3.3295339e-05 4.2245323e-03
 5.7745676e-02 3.6522728e-05]",[4.7128717e-05 7.7279854e-01 2.8266055e-03 2.2432771e-01],[9.9999213e-01 7.8953253e-06],"[1.26646089e-08 3.54002873e-06 2.12373082e-02 8.63368332e-01
 1.13849655e-01 1.53650111e-03 4.59953253e-06 7.19588442e-08
 2.68829115e-09]"
D:\Uni\Ulm\Master\Hiwi-Forschung-und-Lehre\FairFace\detected_faces\980407_face0.jpg,Black,Black,Male,20-29,"[2.5501013e-06 9.9963218e-01 1.9101306e-05 2.0858989e-08 9.8371424e-07
 3.4346522e-04 1.7530066e-06]",[4.7735271e-06 9.9992770e-01 8.4849025e-06 5.9026534e-05],[9.9974209e-01 2.5791905e-04],"[1.2633244e-09 5.8247917e-07 2.2434171e-03 6.1013073e-01 3.7994140e-01
 7.6338123e-03 4.9577546e-05 5.1683054e-07 1.7856664e-08]"
D:\Uni\Ulm\Master\Hiwi-Forschung-und-Lehre\FairFace\detected_faces\980410_face0.jpg,White,White,Male,10-19,"[4.9004555e-01 7.5054559e-05 8.4213451e-02 1.8366738e-03 1.5219102e-03
 4.3851094e-04 4.2186886e-01]",[9.8161280e-01 5.6987973e-03 1.1815594e-02 8.7285071e-04],[9.9983764e-01 1.6231644e-04],"[3.3949575e-06 1.5287654e-02 8.4216946e-01 1.3490890e-01 7.3822746e-03
 2.4663805e-04 1.5551818e-06 4.8251657e-08 1.3260913e-09]"
D:\Uni\Ulm\Master\Hiwi-Forschung-und-Lehre\FairFace\detected_faces\980418_face0.jpg,Black,Indian,Male,30-39,"[1.6732367e-03 7.2614819e-01 1.6317425e-02 4.1626586e-06 9.9378340e-05
 2.4572456e-01 1.0033053e-02]",[0.0074861  0.4114136  0.00137594 0.5797244 ],[9.9907464e-01 9.2538353e-04],"[5.1246776e-09 4.7329354e-07 7.7879400e-04 4.3465033e-01 5.5474305e-01
 9.7959675e-03 3.1062147e-05 3.1645959e-07 1.0628508e-08]"
D:\Uni\Ulm\Master\Hiwi-Forschung-und-Lehre\FairFace\detected_faces\980424_face0.jpg,East Asian,Asian,Male,20-29,"[1.1985673e-04 6.9318841e-05 6.8860670e-04 7.3208153e-01 2.6683676e-01
 1.9962517e-04 4.2903357e-06]",[4.2884561e-04 1.2242935e-03 9.9755257e-01 7.9421274e-04],[9.999947e-01 5.315384e-06],"[1.0135151e-07 1.0242884e-04 2.8265581e-01 6.7172271e-01 4.4026162e-02
 1.4706416e-03 2.0675710e-05 1.4631416e-06 1.9149251e-08]"
D:\Uni\Ulm\Master\Hiwi-Forschung-und-Lehre\FairFace\detected_faces\980466_face0.jpg,Southeast Asian,Asian,Male,20-29,"[0.02275267 0.00215778 0.27704433 0.18185763 0.50956124 0.00121098
 0.00541522]",[0.02299952 0.00810817 0.9653212  0.00357109],[9.999980e-01 2.044553e-06],"[4.15642418e-08 2.67992691e-05 1.14301614e-01 8.27899575e-01
 5.59662543e-02 1.77808932e-03 2.68800522e-05 7.42835255e-07
 6.91044866e-09]"
D:\Uni\Ulm\Master\Hiwi-Forschung-und-Lehre\FairFace\detected_faces\980506_face0.jpg,East Asian,Asian,Male,20-29,"[2.4163861e-04 4.6386936e-07 6.2455809e-05 9.6239436e-01 3.7256073e-02
 1.3042087e-05 3.1932446e-05]",[2.3547307e-04 1.5936477e-06 9.9971694e-01 4.5957229e-05],[9.9999833e-01 1.6995186e-06],"[5.4789933e-07 7.0949737e-04 3.9395732e-01 5.8230948e-01 2.2742465e-02
 2.7875090e-04 1.7241807e-06 1.4302584e-07 1.1650529e-09]"
D:\Uni\Ulm\Master\Hiwi-Forschung-und-Lehre\FairFace\detected_faces\980578_face0.jpg,Black,Black,Male,20-29,"[4.4962415e-03 6.4066190e-01 2.7451462e-01 2.2528695e-04 6.1362083e-03
 7.3609971e-03 6.6604748e-02]",[0.00201724 0.9726034  0.02191391 0.00346544],[9.9999887e-01 1.1065056e-06],"[4.8301857e-08 2.1634773e-04 3.1627682e-01 6.6645491e-01 1.6890300e-02
 1.6094495e-04 6.2637366e-07 1.4661102e-08 2.3508320e-10]"
D:\Uni\Ulm\Master\Hiwi-Forschung-und-Lehre\FairFace\detected_faces\980608_face0.jpg,Middle Eastern,White,Male,10-19,"[1.9678797e-01 2.4676268e-04 3.8029239e-01 1.8954274e-04 4.2644187e-04
 3.1833127e-02 3.9022377e-01]",[0.72253835 0.00803979 0.0119495  0.25747234],[9.99986351e-01 1.36398885e-05],"[2.8199104e-06 4.9274485e-03 5.6562400e-01 4.2505014e-01 4.3492424e-03
 4.6254765e-05 1.1976203e-07 6.7154824e-09 1.2014850e-10]"
D:\Uni\Ulm\Master\Hiwi-Forschung-und-Lehre\FairFace\detected_faces\980615_face0.jpg,White,White,Male,20-29,"[7.1277249e-01 1.0518677e-04 2.4338923e-02 5.3223572e-05 1.6184537e-04
 2.8599278e-04 2.6228234e-01]",[9.9549246e-01 1.3075452e-04 1.5289702e-03 2.8477868e-03],[9.9980432e-01 1.9565951e-04],"[1.4767131e-06 4.6204298e-04 1.6690904e-01 7.7256089e-01 5.9602272e-02
 4.6295271e-04 1.2840205e-06 2.4435007e-08 5.6041155e-10]"
D:\Uni\Ulm\Master\Hiwi-Forschung-und-Lehre\FairFace\detected_faces\980616_face0.jpg,White,White,Male,10-19,"[9.9989587e-01 6.9545985e-07 3.0865289e-05 6.2038106e-07 1.7734151e-06
 7.1536341e-08 7.0201793e-05]",[9.9991047e-01 3.8426828e-05 4.7215493e-05 3.9104848e-06],[1.000000e+00 7.718694e-09],"[2.5041921e-08 4.7086680e-04 8.9735907e-01 1.0074566e-01 1.3441956e-03
 7.8896759e-05 1.3004650e-06 2.5139142e-08 3.6696310e-10]"
D:\Uni\Ulm\Master\Hiwi-Forschung-und-Lehre\FairFace\detected_faces\980617_face0.jpg,White,White,Male,20-29,"[9.9825174e-01 2.7895458e-06 2.3592923e-04 5.8108299e-06 1.1913041e-05
 2.0898394e-06 1.4897225e-03]",[9.9307597e-01 6.9078611e-04 6.0326490e-03 2.0064335e-04],[9.9999976e-01 1.7779938e-07],"[1.7016205e-06 1.2739715e-03 3.7558952e-01 5.4171562e-01 7.6076664e-02
 5.2778414e-03 6.3705003e-05 1.0434395e-06 2.3150998e-08]"
D:\Uni\Ulm\Master\Hiwi-Forschung-und-Lehre\FairFace\detected_faces\980618_face0.jpg,Middle Eastern,White,Male,20-29,"[3.2091656e-01 7.0733653e-04 3.5127997e-02 1.5732982e-04 3.3348097e-04
 6.5008353e-04 6.4210725e-01]",[0.9850208  0.01134283 0.00143751 0.00219883],[9.9999845e-01 1.5261281e-06],"[1.5257575e-05 1.7422196e-04 1.4514680e-02 6.7173016e-01 2.9955280e-01
 1.3735800e-02 2.5916094e-04 1.7623823e-05 3.0594040e-07]"
D:\Uni\Ulm\Master\Hiwi-Forschung-und-Lehre\FairFace\detected_faces\980621_face0.jpg,Middle Eastern,White,Male,20-29,"[2.5848946e-01 4.4000924e-05 6.8777226e-02 1.9810221e-03 1.4097743e-03
 4.0760718e-04 6.6889089e-01]",[0.9114772  0.00640918 0.06624637 0.01586718],[9.9997604e-01 2.3911078e-05],"[3.6318716e-07 2.1275501e-04 1.2080330e-01 8.0984104e-01 6.6933788e-02
 2.1907331e-03 1.7399401e-05 6.0117128e-07 7.5505513e-09]"
D:\Uni\Ulm\Master\Hiwi-Forschung-und-Lehre\FairFace\detected_faces\980623_face0.jpg,White,White,Male,20-29,"[9.99977291e-01 1.16971954e-07 1.30074286e-05 1.90825673e-07
 5.01184729e-07 4.81127074e-07 8.37675088e-06]",[9.9990094e-01 2.0147612e-05 4.3105571e-05 3.5758479e-05],[9.9996775e-01 3.2296717e-05],"[1.0805634e-08 1.9270410e-06 4.5609004e-03 7.7933878e-01 2.1158113e-01
 4.4870395e-03 3.0138734e-05 1.3996132e-07 5.3522786e-09]"
D:\Uni\Ulm\Master\Hiwi-Forschung-und-Lehre\FairFace\detected_faces\980624_face0.jpg,White,White,Male,20-29,"[5.5073476e-01 1.0720366e-04 1.8414173e-01 8.3283419e-05 4.2351370e-04
 2.4247095e-03 2.6208475e-01]",[9.9405605e-01 1.1856039e-03 8.8631082e-04 3.8721629e-03],[9.9999982e-01 2.4618384e-07],"[7.7489852e-07 1.7516293e-04 3.3599913e-02 8.5486877e-01 1.1013119e-01
 1.2215918e-03 2.6167199e-06 3.8528491e-08 5.9416277e-10]"
D:\Uni\Ulm\Master\Hiwi-Forschung-und-Lehre\FairFace\detected_faces\980625_face0.jpg,White,White,Male,20-29,"[9.9796075e-01 3.6470519e-06 1.8821772e-04 4.0978225e-06 5.0444369e-06
 3.3484855e-07 1.8378979e-03]",[9.9957544e-01 5.0604584e-05 3.6404643e-04 9.9703993e-06],[1.0000000e+00 3.4511228e-08],"[1.2952449e-07 2.4354973e-05 2.7130224e-02 8.8042444e-01 9.1260232e-02
 1.1544119e-03 6.1982546e-06 6.2470257e-08 6.3013561e-10]"
D:\Uni\Ulm\Master\Hiwi-Forschung-und-Lehre\FairFace\detected_faces\980626_face0.jpg,Black,Black,Male,20-29,"[1.9907614e-04 9.8670912e-01 1.1788555e-02 3.3999959e-06 7.3800984e-05
 3.1159358e-04 9.1443805e-04]",[9.3012903e-05 9.9887377e-01 7.7986455e-04 2.5337454e-04],[1.0000000e+00 1.1072921e-09],"[4.8021423e-08 3.9504362e-06 3.7857480e-03 7.7101845e-01 2.2007138e-01
 5.0935983e-03 2.6572065e-05 2.4382501e-07 3.6364309e-09]"
D:\Uni\Ulm\Master\Hiwi-Forschung-und-Lehre\FairFace\detected_faces\980627_face0.jpg,White,White,Male,20-29,"[9.6609312e-01 1.3459822e-05 3.9956309e-03 9.8700366e-06 1.6401615e-05
 1.8743960e-05 2.9852793e-02]",[9.9992466e-01 1.7672821e-05 4.0756549e-05 1.6922530e-05],[1.0000000e+00 2.5854597e-08],"[6.1848993e-08 1.8052265e-04 1.9002776e-01 7.9430091e-01 1.5345638e-02
 1.4471009e-04 3.8607064e-07 5.8482250e-09 8.0676944e-11]"
D:\Uni\Ulm\Master\Hiwi-Forschung-und-Lehre\FairFace\detected_faces\980628_face0.jpg,White,White,Male,20-29,"[9.6020824e-01 2.2455704e-04 1.5745720e-02 6.3811912e-04 2.1063767e-03
 2.4789551e-05 2.1052171e-02]",[9.7463197e-01 4.2119073e-03 2.0837566e-02 3.1848054e-04],[9.9999952e-01 4.5741734e-07],"[2.0888432e-07 1.3823122e-04 2.0082775e-01 7.5796282e-01 3.9888542e-02
 1.1640480e-03 1.7768862e-05 5.7703244e-07 9.7970601e-09]"
D:\Uni\Ulm\Master\Hiwi-Forschung-und-Lehre\FairFace\detected_faces\980629_face0.jpg,Latino_Hispanic,White,Male,20-29,"[0.23788454 0.00246845 0.6153063  0.00099992 0.00243555 0.00171376
 0.13919151]",[0.89653206 0.05538496 0.02156344 0.02651952],[9.9999505e-01 4.9467035e-06],"[2.3465850e-07 9.5872281e-05 1.2662169e-01 7.7935666e-01 8.8208981e-02
 5.6092669e-03 1.0412064e-04 3.0616638e-06 5.1089835e-08]"
D:\Uni\Ulm\Master\Hiwi-Forschung-und-Lehre\FairFace\detected_faces\980630_face0.jpg,Latino_Hispanic,Indian,Male,20-29,"[3.9395176e-02 5.8596102e-03 5.4177630e-01 2.3192351e-04 1.8742175e-03
 4.8770703e-02 3.6209208e-01]",[0.1583059  0.15204212 0.0527697  0.6368823 ],[9.9999744e-01 2.5602469e-06],"[3.8863623e-06 1.2051543e-04 7.9884222e-03 7.9880822e-01 1.9057551e-01
 2.4946937e-03 8.5539323e-06 1.8016826e-07 2.6667468e-09]"
D:\Uni\Ulm\Master\Hiwi-Forschung-und-Lehre\FairFace\detected_faces\980631_face0.jpg,White,White,Male,20-29,"[9.9995148e-01 5.4439198e-07 1.3269945e-05 4.1029642e-07 8.6000097e-07
 5.9119238e-08 3.3301145e-05]",[9.9980718e-01 1.6801554e-04 2.0382879e-05 4.4006479e-06],[1.000000e+00 3.243532e-10],"[9.5543143e-08 4.1445201e-05 7.4638993e-02 8.6221969e-01 6.0051445e-02
 2.9797822e-03 6.6780107e-05 1.8039400e-06 1.7860648e-08]"
D:\Uni\Ulm\Master\Hiwi-Forschung-und-Lehre\FairFace\detected_faces\980632_face0.jpg,Latino_Hispanic,White,Male,20-29,"[2.4824625e-01 6.0387892e-03 4.8508209e-01 3.9433470e-04 2.4914809e-03
 1.8234875e-03 2.5592354e-01]",[0.8776271  0.0393236  0.04770876 0.03534058],[1.0000000e+00 1.1997663e-08],"[1.9792593e-07 4.7983158e-05 6.1069462e-02 8.9500517e-01 4.3498006e-02
 3.7618398e-04 2.9591565e-06 5.8289864e-08 5.4148958e-10]"
D:\Uni\Ulm\Master\Hiwi-Forschung-und-Lehre\FairFace\detected_faces\980633_face0.jpg,White,White,Male,20-29,"[9.7812456e-01 3.3622058e-05 1.5327039e-02 1.7197663e-06 5.4716324e-06
 7.1526814e-04 5.7923980e-03]",[9.9085349e-01 2.5094897e-03 6.8469910e-04 5.9523648e-03],[9.9999928e-01 6.7195435e-07],"[1.5999346e-06 2.6563089e-04 6.9168583e-02 5.2964491e-01 3.3315396e-01
 6.6545203e-02 1.2142195e-03 5.8642404e-06 4.2248040e-08]"
D:\Uni\Ulm\Master\Hiwi-Forschung-und-Lehre\FairFace\detected_faces\980634_face0.jpg,White,White,Male,20-29,"[9.9992323e-01 9.5620642e-08 1.9251251e-05 6.1002561e-07 9.8023145e-07
 3.9201916e-07 5.5422417e-05]",[9.9995142e-01 2.2597571e-06 1.4543266e-05 3.1840977e-05],[1.0000e+00 1.1136e-08],"[1.4883215e-09 6.6765392e-07 1.2264902e-02 9.3900555e-01 4.8156209e-02
 5.7043502e-04 2.2745069e-06 1.7702165e-08 1.7934623e-10]"
D:\Uni\Ulm\Master\Hiwi-Forschung-und-Lehre\FairFace\detected_faces\980635_face0.jpg,Latino_Hispanic,Indian,Male,20-29,"[0.04700893 0.00302204 0.6920318  0.00258301 0.00687264 0.02313265
 0.22534893]",[0.2623561  0.24933556 0.21198379 0.27632454],[9.9999946e-01 5.3497268e-07],"[2.5866879e-07 2.2789760e-05 1.3678350e-02 8.0071336e-01 1.7912430e-01
 6.4039584e-03 5.4909309e-05 2.0988782e-06 1.7627782e-08]"
D:\Uni\Ulm\Master\Hiwi-Forschung-und-Lehre\FairFace\detected_faces\980636_face0.jpg,Latino_Hispanic,Black,Male,20-29,"[1.6955249e-02 1.5059544e-01 6.4390510e-01 4.1595587e-04 5.0426885e-03
 3.4013424e-02 1.4907201e-01]",[0.00343774 0.88421977 0.01000616 0.10233633],[9.9999917e-01 8.4448658e-07],"[5.2428444e-09 1.4502598e-06 1.9030005e-02 9.1500658e-01 6.5601908e-02
 3.5863425e-04 1.3911172e-06 2.8435002e-08 3.0710109e-10]"
D:\Uni\Ulm\Master\Hiwi-Forschung-und-Lehre\FairFace\detected_faces\980637_face0.jpg,White,White,Male,20-29,"[9.8343951e-01 1.2276162e-04 1.0128342e-02 2.1267286e-05 3.8721100e-05
 2.9628118e-05 6.2197126e-03]",[9.9903399e-01 2.2356767e-04 1.4619640e-04 5.9631193e-04],[9.999997e-01 2.470952e-07],"[3.0089534e-08 6.2711738e-06 1.3485383e-02 9.5874381e-01 2.7666632e-02
 9.7621814e-05 2.3761582e-07 5.0327547e-09 8.0798188e-11]"
D:\Uni\Ulm\Master\Hiwi-Forschung-und-Lehre\FairFace\detected_faces\980640_face0.jpg,White,White,Male,20-29,"[9.4326228e-01 1.6264858e-04 3.8577709e-02 1.6982506e-04 3.5722193e-04
 5.3787502e-05 1.7416585e-02]",[0.93571174 0.0272409  0.03595935 0.00108801],[9.9999648e-01 3.4903749e-06],"[5.3343343e-09 1.2524532e-06 4.3839314e-03 8.6155754e-01 1.3321279e-01
 8.4267202e-04 1.7903108e-06 2.0260631e-08 2.5371480e-10]"
D:\Uni\Ulm\Master\Hiwi-Forschung-und-Lehre\FairFace\detected_faces\980643_face0.jpg,White,White,Male,20-29,"[9.6945125e-01 1.5213897e-05 1.6508687e-02 1.2390380e-04 2.5439900e-04
 1.4620289e-03 1.2184582e-02]",[0.9599463  0.01254817 0.0129891  0.01451639],[1.000000e+00 4.809912e-09],"[1.7325048e-07 3.6651501e-05 6.0843816e-03 6.2992865e-01 3.5280776e-01
 1.1112050e-02 3.0125624e-05 2.1806792e-07 1.3794514e-09]"
D:\Uni\Ulm\Master\Hiwi-Forschung-und-Lehre\FairFace\detected_faces\980647_face0.jpg,White,White,Male,20-29,"[9.9841464e-01 1.9200788e-05 9.0547442e-04 1.6963206e-06 1.7688595e-06
 2.9162868e-05 6.2786596e-04]",[9.9995959e-01 3.3673136e-06 3.0116134e-06 3.4040600e-05],[9.999991e-01 8.725903e-07],"[9.9874377e-08 5.8080950e-06 6.4781820e-03 8.3863932e-01 1.5201029e-01
 2.8478752e-03 1.8183464e-05 2.5580380e-07 4.7216497e-09]"
D:\Uni\Ulm\Master\Hiwi-Forschung-und-Lehre\FairFace\detected_faces\980649_face0.jpg,Latino_Hispanic,Black,Male,20-29,"[3.53703499e-02 9.04037431e-02 7.61712372e-01 2.32959064e-05
 3.16100777e-04 5.50781796e-03 1.06666274e-01]",[0.09488798 0.8102326  0.00350319 0.0913763 ],[9.9999958e-01 4.5662156e-07],"[2.5795508e-08 4.4832009e-06 1.6135881e-02 9.0680474e-01 7.6593637e-02
 4.6000714e-04 1.2094210e-06 1.8450660e-08 2.1259272e-10]"
D:\Uni\Ulm\Master\Hiwi-Forschung-und-Lehre\FairFace\detected_faces\980732_face0.jpg,White,White,Male,20-29,"[9.4499189e-01 1.1137676e-04 2.6456710e-02 6.1929628e-04 5.9790630e-04
 6.0719071e-04 2.6615623e-02]",[9.9848360e-01 5.0516188e-05 1.0971277e-03 3.6872426e-04],[9.999917e-01 8.291091e-06],"[4.1606776e-07 3.1118994e-05 1.0245199e-02 8.1256986e-01 1.7402783e-01
 3.1109136e-03 1.4380448e-05 2.6362167e-07 4.2573718e-09]"
D:\Uni\Ulm\Master\Hiwi-Forschung-und-Lehre\FairFace\detected_faces\980742_face0.jpg,White,White,Male,20-29,"[9.9676841e-01 1.1773351e-06 2.2667609e-04 4.8177471e-06 5.7345069e-06
 4.7101105e-07 2.9927443e-03]",[9.9959654e-01 1.5795574e-04 2.3437271e-04 1.1030758e-05],[9.9999982e-01 2.1306342e-07],"[5.1480538e-07 6.8409870e-05 1.2555279e-01 8.0068862e-01 6.5171972e-02
 8.1201568e-03 3.8296386e-04 1.4355579e-05 1.5630282e-07]"
D:\Uni\Ulm\Master\Hiwi-Forschung-und-Lehre\FairFace\detected_faces\980761_face0.jpg,Black,Black,Male,30-39,"[1.2403796e-04 8.9688987e-01 1.6077196e-02 3.9460178e-06 2.9910967e-04
 8.3099194e-02 3.5066979e-03]",[1.7493661e-05 9.9115211e-01 7.2413066e-05 8.7580001e-03],[9.9999863e-01 1.3269968e-06],"[1.1989830e-07 2.2493800e-06 7.0201780e-04 2.8476503e-01 6.7046499e-01
 4.3714657e-02 3.4647554e-04 4.3355021e-06 5.6748572e-08]"
D:\Uni\Ulm\Master\Hiwi-Forschung-und-Lehre\FairFace\detected_faces\980904_face0.jpg,White,White,Male,20-29,"[9.9352032e-01 2.1841693e-06 2.0675416e-04 9.3238685e-07 2.9918237e-06
 2.0278387e-06 6.2646959e-03]",[9.9983525e-01 5.2742587e-05 4.1567931e-05 7.0416805e-05],[9.9999106e-01 8.9419127e-06],"[1.32027989e-09 7.17933972e-07 1.03010638e-02 9.55762267e-01
 3.37381065e-02 1.96917885e-04 8.66783182e-07 1.06668425e-08
 1.91088867e-10]"
D:\Uni\Ulm\Master\Hiwi-Forschung-und-Lehre\FairFace\detected_faces\980916_face0.jpg,White,White,Male,20-29,"[9.9761820e-01 2.0306172e-05 3.5193484e-04 4.1298690e-06 1.4662355e-05
 1.5176466e-06 1.9893139e-03]",[9.9776775e-01 1.7416045e-03 4.4570130e-04 4.4931912e-05],[1.000000e+00 5.196767e-08],"[5.8285117e-08 4.9890432e-06 4.4928417e-03 5.9940207e-01 3.5064089e-01
 4.3995723e-02 1.4427347e-03 2.0542402e-05 2.3721560e-07]"
D:\Uni\Ulm\Master\Hiwi-Forschung-und-Lehre\FairFace\detected_faces\980967_face0.jpg,Latino_Hispanic,Indian,Male,30-39,"[8.6023055e-02 6.1171702e-03 5.5784208e-01 1.2655091e-04 8.6633518e-04
 1.8500705e-01 1.6401766e-01]",[0.27153912 0.19117771 0.01880099 0.51848215],[9.9995124e-01 4.8758942e-05],"[8.1460868e-08 1.1424811e-06 6.1327103e-04 4.0903416e-01 5.6395352e-01
 2.6219737e-02 1.7476091e-04 3.3775141e-06 5.0293384e-08]"
D:\Uni\Ulm\Master\Hiwi-Forschung-und-Lehre\FairFace\detected_faces\980973_face0.jpg,Middle Eastern,White,Male,20-29,"[6.3464050e-03 1.6768961e-05 6.9414536e-03 1.3879483e-05 6.0446408e-05
 1.2851183e-03 9.8533595e-01]",[0.803162   0.00880704 0.0040043  0.18402666],[9.999994e-01 5.975792e-07],"[4.2189583e-08 1.0911020e-05 6.9574602e-03 8.7765419e-01 1.1493531e-01
 4.4161556e-04 4.4215676e-07 8.9290273e-09 7.9366659e-11]"
D:\Uni\Ulm\Master\Hiwi-Forschung-und-Lehre\FairFace\detected_faces\981228_face0.jpg,Middle Eastern,White,Male,20-29,"[1.42498955e-01 7.40897231e-05 1.22253045e-01 8.57698498e-04
 1.46766775e-03 3.36782611e-03 7.29480743e-01]",[0.9088555  0.01630342 0.01781325 0.05702776],[9.999993e-01 7.523749e-07],"[3.8434766e-07 1.8400172e-04 1.4545040e-01 8.1125909e-01 4.2011436e-02
 1.0877774e-03 6.8168429e-06 1.0298246e-07 1.1215169e-09]"
D:\Uni\Ulm\Master\Hiwi-Forschung-und-Lehre\FairFace\detected_faces\981271_face0.jpg,White,White,Male,10-19,"[5.6230652e-01 8.9928159e-04 2.6736772e-01 1.3007263e-04 2.0560523e-04
 1.3213367e-03 1.6776951e-01]",[0.9585775  0.01192178 0.00135928 0.02814128],[9.9997997e-01 2.0000865e-05],"[3.4382526e-06 1.4289338e-03 5.0835073e-01 4.5600820e-01 3.1521477e-02
 2.6203189e-03 6.4690867e-05 2.1111694e-06 5.3493409e-08]"
D:\Uni\Ulm\Master\Hiwi-Forschung-und-Lehre\FairFace\detected_faces\981434_face0.jpg,Middle Eastern,White,Male,20-29,"[6.7461409e-02 1.0498120e-02 1.1796277e-01 1.5983531e-05 1.3650706e-04
 3.2831211e-02 7.7109396e-01]",[0.59582704 0.10464845 0.00437644 0.29514804],[9.9999642e-01 3.6152398e-06],"[3.8922699e-06 1.5949686e-04 2.7985690e-02 7.0902985e-01 2.4649450e-01
 1.6028833e-02 2.7751125e-04 2.0001038e-05 2.4231451e-07]"
D:\Uni\Ulm\Master\Hiwi-Forschung-und-Lehre\FairFace\detected_faces\981435_face0.jpg,White,White,Male,20-29,"[9.0237898e-01 5.8523533e-03 2.8169647e-02 4.3156884e-05 1.1273798e-04
 4.0888008e-05 6.3402310e-02]",[9.9700105e-01 2.4031301e-03 5.1091012e-04 8.4797510e-05],[9.9999946e-01 5.4502880e-07],"[4.5739242e-08 3.9373444e-06 9.6590538e-03 9.0870935e-01 8.1085429e-02
 5.3830317e-04 3.8191833e-06 8.4257984e-08 1.2081800e-09]"
D:\Uni\Ulm\Master\Hiwi-Forschung-und-Lehre\FairFace\detected_faces\981562_face0.jpg,White,White,Male,20-29,"[9.8759782e-01 5.1761963e-06 1.3877836e-03 1.7003265e-06 4.0990944e-06
 8.5835281e-06 1.0994896e-02]",[9.9993837e-01 2.5449912e-05 8.0840191e-06 2.8113420e-05],[9.9998021e-01 1.9808145e-05],"[1.3354835e-07 1.6430522e-05 2.7305775e-03 7.1878189e-01 2.7554342e-01
 2.9238053e-03 3.6744404e-06 3.4903152e-08 6.8104344e-10]"
D:\Uni\Ulm\Master\Hiwi-Forschung-und-Lehre\FairFace\detected_faces\981574_face0.jpg,Indian,Indian,Male,20-29,"[1.0896180e-02 1.0810905e-02 2.5505295e-01 4.0667685e-05 7.2654488e-04
 5.6761408e-01 1.5485862e-01]",[1.7811628e-02 9.1311382e-03 5.2946480e-04 9.7252774e-01],[9.999997e-01 3.538297e-07],"[2.0055661e-07 1.3255801e-05 3.0437212e-03 8.2593530e-01 1.6933019e-01
 1.6743838e-03 2.8481163e-06 6.4995000e-08 7.5064849e-10]"
D:\Uni\Ulm\Master\Hiwi-Forschung-und-Lehre\FairFace\detected_faces\981604_face0.jpg,White,White,Male,20-29,"[9.3321133e-01 9.3672215e-04 2.6577905e-02 5.8049573e-05 2.3577720e-04
 8.1347898e-05 3.8898870e-02]",[9.8275924e-01 1.6171297e-02 5.2079168e-04 5.4867700e-04],[9.9999565e-01 4.3437681e-06],"[5.3970343e-05 1.8235855e-02 2.4967425e-01 4.9014705e-01 2.2218853e-01
 1.9381260e-02 3.1056529e-04 8.1564622e-06 3.1004782e-07]"
D:\Uni\Ulm\Master\Hiwi-Forschung-und-Lehre\FairFace\detected_faces\981644_face0.jpg,White,White,Male,20-29,"[9.9741191e-01 4.5580232e-06 4.5207955e-04 2.5340821e-06 5.1731668e-06
 4.3764680e-07 2.1232767e-03]",[9.9983495e-01 1.2589492e-04 3.4024710e-05 5.1433253e-06],[9.9998569e-01 1.4306125e-05],"[5.8106473e-08 2.1239261e-04 3.3333889e-01 6.5424562e-01 1.2065157e-02
 1.3740564e-04 5.0085782e-07 9.9542774e-09 3.4949418e-10]"
D:\Uni\Ulm\Master\Hiwi-Forschung-und-Lehre\FairFace\detected_faces\981664_face0.jpg,White,White,Male,30-39,"[9.8138523e-01 1.7438919e-04 8.7558236e-03 1.0120804e-05 5.1739109e-05
 7.1783585e-04 8.9048836e-03]",[9.8636276e-01 8.8920142e-04 9.8149118e-05 1.2649835e-02],[9.9976563e-01 2.3437732e-04],"[3.4346428e-07 3.1865598e-06 3.5615175e-04 3.3797210e-01 6.4366198e-01
 1.7862964e-02 1.4010364e-04 3.1142883e-06 1.3170646e-07]"
D:\Uni\Ulm\Master\Hiwi-Forschung-und-Lehre\FairFace\detected_faces\981665_face0.jpg,White,White,Male,30-39,"[4.3836325e-01 6.2122330e-04 1.4918986e-01 2.9012846e-05 3.2468676e-04
 2.4505807e-02 3.8696620e-01]",[0.85952646 0.00312702 0.00223899 0.13510759],[9.9999839e-01 1.6430166e-06],"[1.5203402e-06 3.0018500e-04 1.0979580e-02 4.0502620e-01 5.4828256e-01
 3.5247918e-02 1.6038358e-04 1.6052298e-06 1.7289780e-08]"
D:\Uni\Ulm\Master\Hiwi-Forschung-und-Lehre\FairFace\detected_faces\981689_face0.jpg,White,White,Male,20-29,"[9.9431556e-01 5.7590314e-06 2.3823655e-03 4.3425945e-05 6.8762434e-05
 2.5606611e-05 3.1584816e-03]",[9.9961650e-01 4.5965375e-05 2.9161788e-04 4.5961169e-05],[9.9999988e-01 1.1647549e-07],"[2.7036100e-08 1.8277926e-05 9.4759345e-02 8.7489283e-01 2.9910235e-02
 4.1717084e-04 2.0094847e-06 2.6919448e-08 2.9083663e-10]"
D:\Uni\Ulm\Master\Hiwi-Forschung-und-Lehre\FairFace\detected_faces\981732_face0.jpg,Latino_Hispanic,White,Male,20-29,"[0.20971744 0.04199161 0.57730955 0.00071612 0.00372853 0.00230651
 0.16423023]",[0.73970443 0.15450382 0.09354946 0.01224236],[1.0000000e+00 2.5717266e-09],"[1.5736635e-08 1.6731190e-06 1.5455571e-03 8.5571033e-01 1.4189392e-01
 8.4640289e-04 2.0415025e-06 3.8535148e-08 3.9207518e-10]"
D:\Uni\Ulm\Master\Hiwi-Forschung-und-Lehre\FairFace\detected_faces\981788_face0.jpg,White,White,Male,20-29,"[9.9994493e-01 7.0984055e-07 1.3418823e-05 4.8594455e-07 8.6626864e-07
 3.1708382e-08 3.9708510e-05]",[9.9992007e-01 5.1379920e-05 2.7263039e-05 1.2994857e-06],[9.999530e-01 4.704996e-05],"[8.8425523e-08 4.0772818e-05 9.4851829e-02 8.2588595e-01 7.5657330e-02
 3.5054008e-03 5.7314250e-05 1.2094239e-06 5.1189794e-08]"
D:\Uni\Ulm\Master\Hiwi-Forschung-und-Lehre\FairFace\detected_faces\981800_face0.jpg,White,White,Male,20-29,"[6.9328320e-01 1.2296596e-05 8.2778875e-03 2.7633405e-05 2.8111028e-05
 2.3407891e-04 2.9813683e-01]",[9.9951661e-01 8.3593084e-05 6.2671934e-05 3.3706182e-04],[9.9999362e-01 6.3775997e-06],"[8.6345686e-08 1.8794867e-06 1.7354629e-03 7.8716898e-01 2.0968601e-01
 1.4042783e-03 3.2053194e-06 4.8242423e-08 8.3726143e-10]"
D:\Uni\Ulm\Master\Hiwi-Forschung-und-Lehre\FairFace\detected_faces\981805_face0.jpg,White,White,Male,20-29,"[9.8742718e-01 2.3413608e-05 7.4450322e-03 4.3388423e-05 1.0124057e-04
 6.4657361e-05 4.8950091e-03]",[9.9922836e-01 4.1096838e-04 8.4667685e-05 2.7601526e-04],[1.0000000e+00 6.4775857e-10],"[5.7628139e-08 4.6303878e-05 7.5292781e-02 8.6560446e-01 5.7845239e-02
 1.2022732e-03 8.7635326e-06 1.1551040e-07 6.7060207e-10]"
D:\Uni\Ulm\Master\Hiwi-Forschung-und-Lehre\FairFace\detected_faces\981913_face0.jpg,White,White,Male,20-29,"[9.5035386e-01 3.9098004e-06 6.0185319e-04 3.5692842e-06 1.1182491e-05
 1.7522632e-05 4.9008097e-02]",[9.9956149e-01 4.2525389e-05 2.9847547e-04 9.7520373e-05],[9.9999994e-01 8.4937739e-08],"[2.0271659e-07 8.4200490e-04 4.5354542e-01 5.2519047e-01 1.9567158e-02
 8.5040834e-04 4.2775578e-06 9.1594252e-08 1.0876587e-09]"
D:\Uni\Ulm\Master\Hiwi-Forschung-und-Lehre\FairFace\detected_faces\981949_face0.jpg,White,White,Male,20-29,"[9.9204290e-01 2.4148703e-06 5.1341127e-03 5.5103952e-05 1.0693320e-04
 3.3704284e-05 2.6248405e-03]",[9.9958616e-01 4.0176343e-05 2.5227870e-04 1.2135589e-04],[9.9999994e-01 1.1371275e-07],"[7.3879903e-08 5.2420633e-06 4.9540768e-03 8.3686590e-01 1.5647441e-01
 1.6959663e-03 4.2548349e-06 3.4434624e-08 4.8169468e-10]"
D:\Uni\Ulm\Master\Hiwi-Forschung-und-Lehre\FairFace\detected_faces\982139_face0.jpg,White,White,Male,20-29,"[9.9990439e-01 7.2739134e-08 3.4853249e-05 1.0374538e-07 1.9159414e-07
 6.8790246e-07 5.9739639e-05]",[9.99922335e-01 1.39642025e-05 8.40827488e-06 5.52544443e-05],[9.9995470e-01 4.5332657e-05],"[8.5285723e-10 2.6690742e-07 7.8221615e-03 9.2197585e-01 6.9184743e-02
 1.0106777e-03 6.2880804e-06 3.1021873e-08 5.1615306e-10]"
D:\Uni\Ulm\Master\Hiwi-Forschung-und-Lehre\FairFace\detected_faces\982193_face0.jpg,Middle Eastern,White,Male,20-29,"[1.3410430e-01 3.7153099e-05 2.2718813e-02 3.3768509e-05 5.7022797e-05
 9.9188264e-04 8.4205705e-01]",[9.9814552e-01 7.0951873e-04 1.7130942e-04 9.7358716e-04],[9.9993706e-01 6.2963132e-05],"[1.7198634e-07 8.2805193e-05 4.9872927e-02 9.0049851e-01 4.9166262e-02
 3.7818891e-04 1.0714390e-06 3.0728099e-08 6.1599043e-10]"
D:\Uni\Ulm\Master\Hiwi-Forschung-und-Lehre\FairFace\detected_faces\982194_face0.jpg,White,White,Male,20-29,"[9.67402458e-01 2.80668519e-05 1.15471035e-02 6.65718335e-06
 1.78256159e-05 1.49766463e-04 2.08481085e-02]",[9.9871999e-01 4.3183123e-04 3.5573365e-05 8.1262959e-04],[9.999993e-01 6.974563e-07],"[2.5464004e-08 2.5511899e-05 9.4625212e-02 8.9264166e-01 1.2655141e-02
 5.2248939e-05 9.2228262e-08 1.9555713e-09 2.9071195e-11]"
D:\Uni\Ulm\Master\Hiwi-Forschung-und-Lehre\FairFace\detected_faces\982208_face0.jpg,Middle Eastern,Indian,Male,20-29,"[5.5591274e-02 1.2284981e-04 5.6600370e-02 3.3836641e-05 1.3642418e-04
 6.3602582e-02 8.2391262e-01]",[0.2880366  0.0068491  0.0010839  0.70403033],[9.9999976e-01 2.1642653e-07],"[2.7447257e-07 4.3649576e-04 2.1740451e-01 7.6615185e-01 1.5872661e-02
 1.3389958e-04 2.6047556e-07 6.0026348e-09 8.8809855e-11]"
D:\Uni\Ulm\Master\Hiwi-Forschung-und-Lehre\FairFace\detected_faces\982254_face0.jpg,White,White,Male,20-29,"[9.9973041e-01 6.0795878e-07 8.2484430e-06 2.4252227e-08 7.1338178e-08
 4.9303424e-07 2.6018237e-04]",[9.9980837e-01 8.9109875e-05 3.9792699e-06 9.8625547e-05],[9.9999475e-01 5.2082110e-06],"[2.3169415e-09 1.4495843e-06 1.2466280e-03 9.0007055e-01 9.8459899e-02
 2.2112302e-04 2.8469941e-07 1.2465928e-09 4.1754735e-11]"
D:\Uni\Ulm\Master\Hiwi-Forschung-und-Lehre\FairFace\detected_faces\982314_face0.jpg,Black,Black,Male,10-19,"[3.3680142e-05 9.9849606e-01 1.5925680e-04 6.4458817e-08 6.1614304e-07
 2.4437241e-04 1.0658777e-03]",[1.6632371e-06 9.9989158e-01 3.5129020e-07 1.0635489e-04],[9.9994546e-01 5.4556484e-05],"[8.6561213e-06 3.1643216e-02 7.7559656e-01 1.6879807e-01 2.2070264e-02
 1.8141412e-03 6.5514265e-05 3.3228159e-06 1.2011868e-07]"
D:\Uni\Ulm\Master\Hiwi-Forschung-und-Lehre\FairFace\detected_faces\982327_face0.jpg,Black,Black,Male,40-49,"[7.4697095e-06 9.9989748e-01 6.2325940e-05 7.7137855e-08 3.1263230e-07
 2.5504056e-05 6.8950976e-06]",[7.9707064e-07 9.9999660e-01 3.0430948e-07 2.3449384e-06],[9.999522e-01 4.775733e-05],"[2.96755593e-06 3.13908713e-05 2.29612645e-03 1.24343954e-01
 3.53670001e-01 4.66318339e-01 5.17647341e-02 1.51651434e-03
 5.60173867e-05]"
D:\Uni\Ulm\Master\Hiwi-Forschung-und-Lehre\FairFace\detected_faces\982528_face0.jpg,White,White,Male,10-19,"[7.1142304e-01 4.5798344e-05 9.0769911e-03 5.9869941e-05 5.4721888e-05
 1.5251505e-05 2.7932435e-01]",[9.9964726e-01 1.8741198e-04 1.6246072e-04 2.8480986e-06],[9.9999869e-01 1.3579003e-06],"[1.4151063e-07 2.0060670e-03 8.6978304e-01 1.2773447e-01 4.7322831e-04
 3.0101421e-06 7.1276527e-09 2.7201538e-10 4.8385636e-12]"
D:\Uni\Ulm\Master\Hiwi-Forschung-und-Lehre\FairFace\detected_faces\982545_face0.jpg,White,White,Male,20-29,"[8.2796627e-01 1.5108967e-03 1.3240997e-01 4.9380795e-04 1.5582110e-03
 2.7494464e-04 3.5785846e-02]",[0.94749737 0.03150812 0.01825243 0.00274211],[9.9999940e-01 6.0769025e-07],"[2.3185011e-08 1.2905584e-05 8.1377827e-02 8.6881196e-01 4.7861367e-02
 1.8981975e-03 3.6961210e-05 7.6191179e-07 6.9924351e-09]"
D:\Uni\Ulm\Master\Hiwi-Forschung-und-Lehre\FairFace\detected_faces\982550_face0.jpg,White,White,Male,20-29,"[9.9143171e-01 3.5662448e-04 6.4851036e-03 5.8381207e-05 3.1587211e-04
 1.9478184e-05 1.3327939e-03]",[9.8318666e-01 4.3556443e-03 1.2110133e-02 3.4759167e-04],[1.0000000e+00 6.8503474e-11],"[1.1147387e-07 1.2563575e-04 1.9094840e-01 7.5987029e-01 4.7542416e-02
 1.4884416e-03 2.3878405e-05 8.2246225e-07 7.6362232e-09]"
D:\Uni\Ulm\Master\Hiwi-Forschung-und-Lehre\FairFace\detected_faces\982559_face0.jpg,White,White,Male,20-29,"[9.6995270e-01 4.7040579e-05 1.1317693e-02 2.5412333e-03 1.6117373e-03
 2.2938762e-05 1.4506621e-02]",[9.9299777e-01 4.4585875e-04 6.5224175e-03 3.3923319e-05],[9.9999976e-01 2.4661401e-07],"[5.6555876e-07 9.8153134e-04 4.0793303e-01 5.4884422e-01 4.0223457e-02
 1.9881022e-03 2.8687899e-05 4.4422427e-07 6.7090378e-09]"
D:\Uni\Ulm\Master\Hiwi-Forschung-und-Lehre\FairFace\detected_faces\982575_face0.jpg,Latino_Hispanic,White,Male,20-29,"[0.22408861 0.00249676 0.6657618  0.00222829 0.00869432 0.03473976
 0.06199049]",[0.57714003 0.07538471 0.11655504 0.23092017],[9.999994e-01 6.088243e-07],"[1.4499517e-05 4.5640557e-03 2.7535856e-01 6.1360735e-01 9.9742077e-02
 6.5869452e-03 1.2227418e-04 4.1191574e-06 4.3912184e-08]"
D:\Uni\Ulm\Master\Hiwi-Forschung-und-Lehre\FairFace\detected_faces\982601_face0.jpg,White,White,Male,20-29,"[7.7029860e-01 4.8656182e-04 7.0613585e-02 3.0605201e-04 8.6261099e-04
 1.9272460e-04 1.5723991e-01]",[0.9529848  0.02496974 0.01335861 0.0086868 ],[1.0000000e+00 2.1664102e-09],"[9.94057725e-09 2.12066170e-05 1.11814745e-01 8.74412417e-01
 1.37062417e-02 4.53187677e-05 6.55247234e-08 1.69513503e-09
 1.65682919e-11]"
D:\Uni\Ulm\Master\Hiwi-Forschung-und-Lehre\FairFace\detected_faces\982613_face0.jpg,Black,Black,Male,30-39,"[2.0397658e-06 9.9995857e-01 1.6064247e-05 7.9888970e-08 9.1494093e-07
 2.0732403e-05 1.6155639e-06]",[1.6739465e-05 9.9992418e-01 1.8620511e-05 4.0477807e-05],[9.9942446e-01 5.7552481e-04],"[8.4776872e-08 2.3073453e-06 2.6727963e-04 8.2167253e-02 5.3417081e-01
 3.4784427e-01 3.5044048e-02 4.8879161e-04 1.5148098e-05]"
D:\Uni\Ulm\Master\Hiwi-Forschung-und-Lehre\FairFace\detected_faces\982615_face0.jpg,Black,Black,Male,20-29,"[1.2419438e-06 9.9998230e-01 1.2788258e-05 2.1434778e-08 3.4589618e-07
 2.4298795e-06 9.3322643e-07]",[1.5339187e-06 9.9999517e-01 1.4855043e-06 1.8440862e-06],[9.9999827e-01 1.7303482e-06],"[4.5184109e-08 1.9165157e-06 2.7745140e-03 6.7163885e-01 3.0290627e-01
 2.2181090e-02 4.9223879e-04 4.8453103e-06 2.4344902e-07]"
D:\Uni\Ulm\Master\Hiwi-Forschung-und-Lehre\FairFace\detected_faces\982779_face0.jpg,Black,Black,Male,30-39,"[3.0345726e-07 9.9988127e-01 1.5181457e-05 1.2066943e-06 8.9678288e-05
 1.2344608e-05 6.0860636e-08]",[1.5250035e-06 9.9993342e-01 6.1735445e-05 3.2657256e-06],[0.9984234  0.00157659],"[5.2546199e-09 1.6801566e-07 1.0649272e-03 4.5336211e-01 5.1763314e-01
 2.7297024e-02 6.3805061e-04 4.2591414e-06 3.1477410e-07]"
D:\Uni\Ulm\Master\Hiwi-Forschung-und-Lehre\FairFace\detected_faces\982780_face0.jpg,White,White,Male,20-29,"[9.9940407e-01 2.6620833e-06 2.1350088e-04 3.8968278e-07 2.0391299e-06
 5.4979142e-07 3.7674161e-04]",[9.9994218e-01 1.9075123e-05 2.1040512e-05 1.7720238e-05],[9.999997e-01 2.761773e-07],"[8.6622187e-10 4.2990075e-07 1.7688245e-02 9.5535582e-01 2.6743464e-02
 2.1085575e-04 1.2632714e-06 2.4631071e-08 3.4776473e-10]"
D:\Uni\Ulm\Master\Hiwi-Forschung-und-Lehre\FairFace\detected_faces\982784_face0.jpg,White,White,Male,20-29,"[9.8397130e-01 7.0687656e-06 9.9729956e-04 9.1455977e-06 1.8270481e-05
 5.2370888e-06 1.4991795e-02]",[9.9985111e-01 7.7213110e-05 3.4997585e-05 3.6692021e-05],[9.9999893e-01 1.1159036e-06],"[2.5269443e-08 2.2288583e-05 2.5855493e-02 9.1331118e-01 6.0612265e-02
 1.9851861e-04 2.2552759e-07 1.6171077e-09 2.8053176e-11]"
D:\Uni\Ulm\Master\Hiwi-Forschung-und-Lehre\FairFace\detected_faces\983033_face0.jpg,Middle Eastern,White,Male,20-29,"[2.0316941e-01 1.2570163e-04 6.1229356e-02 7.7849446e-04 8.2467834e-04
 3.5294241e-03 7.3034292e-01]",[0.8172401  0.00209168 0.01095473 0.1697135 ],[9.9999726e-01 2.7197561e-06],"[1.8875942e-06 1.9782195e-04 2.1104585e-02 8.9359862e-01 8.4683135e-02
 4.1341566e-04 5.7619917e-07 2.0695577e-08 3.4464728e-10]"
D:\Uni\Ulm\Master\Hiwi-Forschung-und-Lehre\FairFace\detected_faces\983034_face0.jpg,Middle Eastern,White,Male,20-29,"[2.3013639e-01 2.5832606e-04 1.8532678e-01 7.5227072e-05 1.9086260e-04
 1.2681293e-02 5.7133108e-01]",[9.6111053e-01 1.6293840e-02 3.9675177e-04 2.2198899e-02],[9.999999e-01 9.867182e-08],"[4.4050338e-08 2.5537100e-05 2.8841693e-02 9.4376212e-01 2.7214468e-02
 1.5581684e-04 3.5959249e-07 4.3861768e-09 4.5396985e-11]"
D:\Uni\Ulm\Master\Hiwi-Forschung-und-Lehre\FairFace\detected_faces\983041_face0.jpg,White,White,Male,20-29,"[9.9440676e-01 2.4310802e-05 3.8203353e-04 1.6150834e-05 3.0852556e-05
 1.0847771e-06 5.1387590e-03]",[9.9836242e-01 9.8238082e-04 6.1366736e-04 4.1545114e-05],[9.9999559e-01 4.3882046e-06],"[2.6599417e-07 2.0782209e-04 2.2083321e-01 7.5203872e-01 2.6090469e-02
 8.2129310e-04 7.9737847e-06 2.4954713e-07 7.6882936e-09]"
D:\Uni\Ulm\Master\Hiwi-Forschung-und-Lehre\FairFace\detected_faces\983059_face0.jpg,Black,Black,Male,30-39,"[1.3733661e-07 9.9999547e-01 2.1914632e-06 1.2349777e-09 1.3457677e-08
 1.9015473e-06 3.0755209e-07]",[1.9191575e-06 9.9999321e-01 7.3385178e-07 4.1683766e-06],[9.9999994e-01 5.6894045e-08],"[2.7933373e-08 1.1514212e-06 2.4114619e-04 2.0649917e-01 7.0638162e-01
 8.6533383e-02 3.4128243e-04 2.1872922e-06 4.6299103e-08]"
D:\Uni\Ulm\Master\Hiwi-Forschung-und-Lehre\FairFace\detected_faces\983066_face0.jpg,Indian,Indian,Male,30-39,"[3.6086205e-03 1.8653268e-02 1.3056232e-01 4.2767020e-05 7.9514494e-04
 8.3080012e-01 1.5537833e-02]",[3.1560995e-03 4.2069722e-02 6.7710964e-04 9.5409709e-01],[9.9999654e-01 3.4767888e-06],"[2.0757675e-06 1.9307940e-05 1.0618913e-03 1.9794613e-01 7.0184290e-01
 9.7375832e-02 1.7323031e-03 1.9169865e-05 2.7010867e-07]"
D:\Uni\Ulm\Master\Hiwi-Forschung-und-Lehre\FairFace\detected_faces\983075_face0.jpg,White,White,Male,20-29,"[9.6996248e-01 1.8850970e-06 3.9831498e-03 3.9438499e-05 8.7188186e-05
 2.7799457e-05 2.5898043e-02]",[9.9774581e-01 4.2471271e-05 1.8133647e-03 3.9833228e-04],[9.9999726e-01 2.6830446e-06],"[8.1987901e-07 9.3777722e-04 4.8040849e-01 4.8982114e-01 2.7781323e-02
 1.0415553e-03 8.6868822e-06 1.9620394e-07 4.0598294e-09]"
D:\Uni\Ulm\Master\Hiwi-Forschung-und-Lehre\FairFace\detected_faces\983507_face0.jpg,White,White,Male,20-29,"[9.0308791e-01 2.8830813e-05 2.4599500e-02 2.2617711e-03 1.5096912e-03
 9.3661831e-05 6.8418622e-02]",[9.9792218e-01 2.3676254e-04 1.7573192e-03 8.3688268e-05],[9.9999654e-01 3.5133135e-06],"[5.0079215e-08 2.8221781e-04 3.3038208e-01 6.5821475e-01 1.1035437e-02
 8.5231681e-05 2.2747659e-07 4.4050705e-09 8.0961550e-11]"
D:\Uni\Ulm\Master\Hiwi-Forschung-und-Lehre\FairFace\detected_faces\983510_face0.jpg,Latino_Hispanic,White,Male,20-29,"[2.0240250e-01 1.7353619e-04 5.8372194e-01 3.6103451e-05 2.9537900e-04
 8.2542896e-02 1.3082774e-01]",[0.5841456  0.00749952 0.00325213 0.40510267],[1.0000000e+00 4.0433804e-08],"[6.6371264e-09 2.7718431e-06 1.5104465e-02 8.7530375e-01 1.0820315e-01
 1.3819501e-03 3.8713147e-06 5.2995350e-08 3.2870176e-10]"
D:\Uni\Ulm\Master\Hiwi-Forschung-und-Lehre\FairFace\detected_faces\983517_face0.jpg,White,White,Male,10-19,"[7.4578851e-01 6.8243848e-05 2.1402629e-02 7.4089429e-04 6.4579374e-04
 2.3938841e-05 2.3133004e-01]",[9.9828571e-01 9.1258454e-04 7.4686337e-04 5.4845492e-05],[9.991241e-01 8.758885e-04],"[7.0565085e-07 1.5688644e-03 8.0445963e-01 1.8943813e-01 4.3742754e-03
 1.5679533e-04 1.5358372e-06 6.6692188e-08 1.9426729e-09]"
D:\Uni\Ulm\Master\Hiwi-Forschung-und-Lehre\FairFace\detected_faces\983519_face0.jpg,Latino_Hispanic,Black,Male,20-29,"[0.00569211 0.4057225  0.468552   0.00137804 0.08862291 0.0281496
 0.00188277]",[0.00159314 0.9353574  0.02087897 0.0421705 ],[9.9999803e-01 1.9344973e-06],"[8.1079754e-08 1.1456815e-04 2.8411207e-01 6.8177301e-01 3.3267207e-02
 7.2345277e-04 9.4263441e-06 1.9559769e-07 3.4816356e-09]"
D:\Uni\Ulm\Master\Hiwi-Forschung-und-Lehre\FairFace\detected_faces\983540_face0.jpg,Latino_Hispanic,Indian,Male,20-29,"[9.5287580e-03 1.5627744e-02 8.4799623e-01 2.5554970e-04 3.4503243e-03
 4.6205755e-02 7.6935649e-02]",[0.02156405 0.07360268 0.04459219 0.8602411 ],[9.9999988e-01 9.7529735e-08],"[3.0334111e-06 1.6683571e-04 2.4382962e-02 5.9615088e-01 3.4080297e-01
 3.7932940e-02 5.4900511e-04 1.1203672e-05 1.1928452e-07]"
D:\Uni\Ulm\Master\Hiwi-Forschung-und-Lehre\FairFace\detected_faces\983564_face0.jpg,White,White,Male,20-29,"[9.1866648e-01 2.7274716e-04 4.0071476e-02 2.6383588e-05 1.1507030e-04
 1.8826558e-03 3.8965244e-02]",[9.9283594e-01 1.7641670e-03 2.7743561e-04 5.1224912e-03],[9.999994e-01 5.836001e-07],"[2.4448488e-07 1.2352577e-04 3.5155442e-02 8.4743387e-01 1.1549766e-01
 1.7850734e-03 4.1772278e-06 5.7165643e-08 7.7877199e-10]"
D:\Uni\Ulm\Master\Hiwi-Forschung-und-Lehre\FairFace\detected_faces\983572_face0.jpg,Black,Black,Male,20-29,"[3.8552616e-07 9.9998999e-01 7.9001620e-06 1.9761183e-08 8.7887440e-07
 6.9259909e-07 1.8453294e-07]",[4.2908221e-07 9.9999702e-01 1.5067319e-06 1.0648649e-06],[9.999908e-01 9.136393e-06],"[5.2284406e-08 6.8338145e-06 1.1820847e-02 7.8294694e-01 1.9689161e-01
 8.1481365e-03 1.8195556e-04 3.2742316e-06 3.0831791e-07]"
D:\Uni\Ulm\Master\Hiwi-Forschung-und-Lehre\FairFace\detected_faces\983573_face0.jpg,Middle Eastern,White,Male,10-19,"[2.9878554e-01 4.6509351e-05 2.3561995e-02 7.4529512e-06 3.1077267e-05
 5.7593721e-04 6.7699146e-01]",[9.9285376e-01 2.9294803e-03 3.0242672e-04 3.9144396e-03],[9.9998242e-01 1.7520075e-05],"[5.7537051e-07 2.9620826e-03 5.3667307e-01 4.5080847e-01 9.3932506e-03
 1.6223513e-04 3.1541265e-07 5.5584914e-09 1.0470207e-10]"
D:\Uni\Ulm\Master\Hiwi-Forschung-und-Lehre\FairFace\detected_faces\983574_face0.jpg,White,White,Male,20-29,"[0.4405498  0.00172399 0.12180313 0.00089366 0.00132879 0.00151705
 0.43218365]",[0.9734441  0.00734077 0.016719   0.00249612],[9.9999946e-01 5.0883608e-07],"[4.9371324e-06 9.4021307e-05 1.0285942e-02 7.2686762e-01 2.5853720e-01
 4.1824570e-03 2.6988931e-05 8.2605072e-07 1.0049945e-08]"
D:\Uni\Ulm\Master\Hiwi-Forschung-und-Lehre\FairFace\detected_faces\983575_face0.jpg,White,White,Male,20-29,"[5.33875942e-01 9.48902743e-04 2.62551367e-01 1.13666625e-04
 3.42966610e-04 6.65006507e-03 1.95517138e-01]",[0.9274616  0.00570389 0.00149677 0.06533769],[9.9999416e-01 5.8899182e-06],"[1.6858570e-07 1.3675148e-05 1.3252477e-02 8.0413836e-01 1.7427570e-01
 8.2043931e-03 1.1334207e-04 1.8399966e-06 2.1685027e-08]"
D:\Uni\Ulm\Master\Hiwi-Forschung-und-Lehre\FairFace\detected_faces\983576_face0.jpg,White,White,Male,10-19,"[9.8519629e-01 9.3701774e-06 1.2037320e-02 2.0567342e-05 2.6959518e-05
 6.6634339e-06 2.7027228e-03]",[9.9995720e-01 1.0543843e-05 2.7570391e-05 4.6651821e-06],[9.9999171e-01 8.2455645e-06],"[2.1742895e-08 5.3697800e-05 6.3447446e-01 3.6195734e-01 3.4753941e-03
 3.8851333e-05 1.4835605e-07 2.9498888e-09 4.1031973e-11]"
D:\Uni\Ulm\Master\Hiwi-Forschung-und-Lehre\FairFace\detected_faces\983592_face0.jpg,White,White,Male,10-19,"[9.83898461e-01 3.25608937e-07 3.95087525e-04 2.15625678e-05
 1.19867345e-05 7.38757080e-07 1.56717915e-02]",[9.9995625e-01 2.0535967e-07 4.2926109e-05 5.7978423e-07],[9.9997640e-01 2.3599958e-05],"[2.6069398e-07 3.0200757e-04 5.3585398e-01 4.5619360e-01 7.4832072e-03
 1.6614563e-04 7.5249255e-07 1.3069503e-08 1.9568072e-10]"
D:\Uni\Ulm\Master\Hiwi-Forschung-und-Lehre\FairFace\detected_faces\983815_face0.jpg,Black,Black,Male,20-29,"[3.2434281e-07 9.9999547e-01 2.2013173e-06 3.6685606e-09 5.9267265e-08
 1.6889362e-06 1.5753389e-07]",[2.5642908e-07 9.9999899e-01 3.8201415e-07 3.4250419e-07],[9.9993902e-01 6.1007253e-05],"[7.1957746e-09 1.7700755e-05 3.5370760e-02 8.8665140e-01 7.7058204e-02
 8.9989684e-04 2.0235757e-06 1.8524295e-08 1.0202772e-09]"
D:\Uni\Ulm\Master\Hiwi-Forschung-und-Lehre\FairFace\detected_faces\983816_face0.jpg,Middle Eastern,Black,Male,20-29,"[0.03180091 0.02353145 0.3991838  0.00111071 0.02211778 0.0425468
 0.47970855]",[0.27082124 0.5153619  0.13195233 0.08186454],[0.99867827 0.00132179],"[6.1139872e-08 1.6597172e-04 4.2554283e-01 5.6166917e-01 1.2424612e-02
 1.9554351e-04 1.6687167e-06 1.4537021e-07 4.7810556e-09]"
D:\Uni\Ulm\Master\Hiwi-Forschung-und-Lehre\FairFace\detected_faces\984000_face0.jpg,White,White,Male,20-29,"[8.8925314e-01 6.2209234e-04 6.5897196e-03 2.5583560e-05 7.0415204e-05
 4.0246250e-05 1.0339876e-01]",[9.9355716e-01 4.6707480e-03 1.0802974e-03 6.9183583e-04],[1.0000000e+00 3.4068655e-08],"[7.86857015e-08 1.23328980e-04 4.15525362e-02 9.27703857e-01
 3.05099711e-02 1.10079265e-04 1.60462037e-07 3.09181569e-09
 6.33261152e-11]"
D:\Uni\Ulm\Master\Hiwi-Forschung-und-Lehre\FairFace\detected_faces\984039_face0.jpg,Middle Eastern,White,Male,20-29,"[1.7907317e-01 1.5630694e-03 1.5088950e-01 1.2249855e-04 3.5308136e-04
 1.4625276e-03 6.6653615e-01]",[0.9652591  0.00270038 0.00148478 0.03055577],[1.0000000e+00 4.7712277e-08],"[5.6840304e-07 3.9446626e-05 1.3926416e-02 8.1131303e-01 1.7191620e-01
 2.7918236e-03 1.2315848e-05 1.8560071e-07 1.7179832e-09]"
D:\Uni\Ulm\Master\Hiwi-Forschung-und-Lehre\FairFace\detected_faces\984040_face0.jpg,Middle Eastern,White,Male,20-29,"[2.0783593e-01 6.6325511e-04 1.8629320e-01 3.5289401e-04 6.7893922e-04
 1.6828002e-02 5.8734781e-01]",[0.9855315  0.00339956 0.00211603 0.00895297],[9.9967247e-01 3.2753623e-04],"[7.0101892e-06 5.1344169e-04 8.8205300e-03 7.1430647e-01 2.7276716e-01
 3.5768794e-03 8.4387993e-06 1.3987518e-07 3.1047704e-09]"
D:\Uni\Ulm\Master\Hiwi-Forschung-und-Lehre\FairFace\detected_faces\984095_face0.jpg,White,White,Male,20-29,"[7.1681291e-01 1.7822738e-05 3.1958267e-02 1.7663275e-05 8.5977394e-05
 1.7214307e-03 2.4938592e-01]",[9.9829096e-01 7.6792312e-05 2.5484478e-04 1.3774288e-03],[1.0000000e+00 1.4523908e-09],"[8.2457197e-09 2.2815286e-05 8.3058573e-02 8.9501554e-01 2.1730818e-02
 1.7201444e-04 2.6935672e-07 3.6740797e-09 2.3507222e-11]"
D:\Uni\Ulm\Master\Hiwi-Forschung-und-Lehre\FairFace\detected_faces\984159_face0.jpg,White,White,Male,20-29,"[7.63325036e-01 6.73170143e-05 1.14906006e-01 2.06545228e-04
 4.00763791e-04 6.57557277e-04 1.20436855e-01]",[9.9609524e-01 3.1298754e-04 7.6228916e-04 2.8293764e-03],[9.9999988e-01 1.2063856e-07],"[2.8160382e-08 8.8291854e-06 2.0397086e-02 9.4841164e-01 3.1106593e-02
 7.5695592e-05 9.9797248e-08 1.3831540e-09 1.1649667e-11]"
D:\Uni\Ulm\Master\Hiwi-Forschung-und-Lehre\FairFace\detected_faces\984184_face0.jpg,White,White,Male,20-29,"[9.9988770e-01 4.0837566e-07 4.1172865e-05 4.6501594e-07 9.6348413e-07
 1.3367404e-07 6.9100846e-05]",[9.9996096e-01 2.7848548e-05 4.6755708e-06 6.4672604e-06],[9.9999917e-01 7.6498196e-07],"[2.7188049e-08 1.6201087e-05 4.8227739e-02 8.9020717e-01 6.0002606e-02
 1.5371479e-03 9.0254789e-06 1.1664771e-07 1.6975621e-09]"
D:\Uni\Ulm\Master\Hiwi-Forschung-und-Lehre\FairFace\detected_faces\984619_face0.jpg,White,White,Male,20-29,"[3.9887965e-01 7.5885886e-03 2.7006978e-01 2.3090884e-05 4.2444339e-04
 5.7421554e-02 2.6559290e-01]",[9.3591207e-01 2.9199576e-02 3.7516365e-04 3.4513202e-02],[9.999999e-01 7.446452e-08],"[2.1371077e-06 1.6655437e-04 1.4304020e-02 7.5378370e-01 2.2504209e-01
 6.6494169e-03 5.0222185e-05 1.8301280e-06 2.1212978e-08]"
D:\Uni\Ulm\Master\Hiwi-Forschung-und-Lehre\FairFace\detected_faces\984620_face0.jpg,Middle Eastern,White,Male,20-29,"[4.7228527e-01 2.6075169e-04 3.4006011e-02 9.6609154e-05 1.5632258e-04
 2.9924107e-04 4.9289581e-01]",[9.8592824e-01 7.8667961e-03 8.5675251e-04 5.3481692e-03],[9.9999994e-01 8.5255543e-08],"[6.5497511e-07 5.0413506e-05 5.5287499e-03 6.4015979e-01 3.4893504e-01
 5.3116567e-03 1.3580320e-05 1.3734001e-07 1.8072709e-09]"
D:\Uni\Ulm\Master\Hiwi-Forschung-und-Lehre\FairFace\detected_faces\984622_face0.jpg,White,White,Male,20-29,"[9.9630183e-01 4.7773597e-06 1.0068668e-03 6.3202322e-07 1.4733675e-06
 3.5415198e-06 2.6808784e-03]",[9.9965113e-01 2.3488422e-04 4.9030790e-05 6.4902095e-05],[9.9999934e-01 6.8599974e-07],"[1.1205241e-08 2.2471351e-05 4.7961138e-02 9.1470629e-01 3.6856510e-02
 4.5242216e-04 1.1341193e-06 1.6063632e-08 1.6376489e-10]"
D:\Uni\Ulm\Master\Hiwi-Forschung-und-Lehre\FairFace\detected_faces\984623_face0.jpg,White,White,Male,20-29,"[9.5333946e-01 8.7285519e-04 2.3406139e-02 6.3306543e-06 3.2643620e-05
 5.6258214e-05 2.2286311e-02]",[9.9163562e-01 7.8076860e-03 2.7654541e-04 2.8008153e-04],[9.9999678e-01 3.1582954e-06],"[1.1976015e-06 1.2279752e-04 6.3955784e-03 7.3567617e-01 2.5436544e-01
 3.4287467e-03 9.8673308e-06 1.8033633e-07 4.0652091e-09]"
D:\Uni\Ulm\Master\Hiwi-Forschung-und-Lehre\FairFace\detected_faces\984624_face0.jpg,Latino_Hispanic,White,Male,20-29,"[1.3472760e-01 2.1579983e-03 7.9650992e-01 3.1811680e-04 2.0514138e-03
 2.2006796e-03 6.2034413e-02]",[0.7868498  0.14350739 0.04138468 0.02825815],[9.999991e-01 8.529938e-07],"[3.1235760e-07 3.7368362e-05 6.4789839e-03 7.6549828e-01 2.2457130e-01
 3.4036047e-03 9.8894752e-06 2.0695668e-07 1.8575925e-09]"
D:\Uni\Ulm\Master\Hiwi-Forschung-und-Lehre\FairFace\detected_faces\984789_face0.jpg,Middle Eastern,White,Male,20-29,"[2.8579038e-01 1.5045864e-04 1.5766360e-01 1.7410790e-03 4.0370463e-03
 1.8739965e-03 5.4874343e-01]",[0.9130736  0.0019067  0.08099698 0.0040227 ],[9.9999994e-01 5.3266138e-08],"[2.7682796e-07 2.2873959e-04 1.3278855e-01 7.7947104e-01 8.4772766e-02
 2.7192470e-03 1.8912084e-05 4.5488775e-07 4.3399564e-09]"
D:\Uni\Ulm\Master\Hiwi-Forschung-und-Lehre\FairFace\detected_faces\984792_face0.jpg,White,White,Male,20-29,"[9.7849220e-01 6.4453961e-06 6.5390486e-04 1.4700761e-06 2.6085033e-06
 1.2608709e-05 2.0830808e-02]",[9.9997228e-01 1.0703368e-05 3.7256632e-06 1.3291781e-05],[9.999756e-01 2.437636e-05],"[2.0594258e-05 2.4724652e-03 7.1459576e-02 8.0031353e-01 1.2158777e-01
 4.1215913e-03 2.3993807e-05 4.5167562e-07 1.0594795e-08]"
D:\Uni\Ulm\Master\Hiwi-Forschung-und-Lehre\FairFace\detected_faces\984804_face0.jpg,Middle Eastern,White,Male,20-29,"[3.4680972e-01 4.1857449e-04 1.1324131e-01 1.8647774e-03 3.1995352e-03
 6.6907855e-04 5.3379703e-01]",[0.9482805  0.03009666 0.01347808 0.00814475],[9.999900e-01 9.978593e-06],"[8.1502236e-09 3.4772795e-05 2.8421456e-01 7.0968717e-01 6.0120993e-03
 5.1097191e-05 2.8470865e-07 8.6027629e-09 1.3417059e-10]"
D:\Uni\Ulm\Master\Hiwi-Forschung-und-Lehre\FairFace\detected_faces\984842_face0.jpg,White,White,Male,20-29,"[7.9483646e-01 4.1956773e-05 3.7466805e-02 9.2741218e-05 3.0939208e-04
 4.6661709e-04 1.6678597e-01]",[9.970417e-01 6.786328e-04 1.316851e-03 9.627781e-04],[9.9999994e-01 4.4004643e-08],"[3.3878298e-08 2.8404396e-05 5.5487026e-02 9.1770250e-01 2.6659606e-02
 1.2217573e-04 2.1312039e-07 4.1923993e-09 4.4196220e-11]"
D:\Uni\Ulm\Master\Hiwi-Forschung-und-Lehre\FairFace\detected_faces\984880_face0.jpg,White,White,Male,30-39,"[9.9643648e-01 6.3246654e-05 4.4945563e-04 2.5148236e-04 6.7543716e-04
 1.7839146e-05 2.1060202e-03]",[9.97846246e-01 1.68191525e-03 3.53307871e-04 1.18564836e-04],[1.0000000e+00 2.4247437e-10],"[7.4254251e-07 5.0309513e-06 1.2942862e-03 2.5423935e-01 6.1607385e-01
 1.2270197e-01 5.5582114e-03 1.2467297e-04 1.8969373e-06]"
D:\Uni\Ulm\Master\Hiwi-Forschung-und-Lehre\FairFace\detected_faces\984926_face0.jpg,White,White,Male,20-29,"[9.1523248e-01 5.9689955e-05 1.8333528e-02 1.0664797e-04 1.9317071e-04
 1.9608648e-04 6.5878406e-02]",[0.9806348  0.00615375 0.00114111 0.01207037],[9.999929e-01 7.075211e-06],"[3.8776475e-09 9.8469627e-07 5.5065858e-03 9.2161453e-01 7.2621785e-02
 2.5573440e-04 3.8232307e-07 3.4185610e-09 6.4349449e-11]"
D:\Uni\Ulm\Master\Hiwi-Forschung-und-Lehre\FairFace\detected_faces\984998_face0.jpg,Latino_Hispanic,White,Male,20-29,"[1.9182475e-01 2.6960820e-03 5.8346885e-01 1.7360375e-04 7.4178353e-04
 1.5031075e-02 2.0606388e-01]",[0.98309636 0.00172538 0.00209874 0.0130796 ],[9.999999e-01 5.886013e-08],"[4.8929952e-08 6.1522805e-06 1.8202497e-03 7.2642666e-01 2.6962060e-01
 2.1245978e-03 1.6531917e-06 1.4639546e-08 9.8729316e-11]"
D:\Uni\Ulm\Master\Hiwi-Forschung-und-Lehre\FairFace\detected_faces\985155_face0.jpg,East Asian,Asian,Male,20-29,"[2.0199269e-02 3.8855728e-06 1.9061536e-03 9.1876751e-01 5.8908418e-02
 2.4616005e-05 1.9013110e-04]",[4.9732691e-03 1.8626295e-05 9.9493265e-01 7.5456395e-05],[9.9900705e-01 9.9297392e-04],"[5.9213423e-08 1.7428318e-04 3.1368241e-01 6.6627574e-01 1.9583076e-02
 2.8042198e-04 3.9314587e-06 1.9355676e-07 3.9927133e-09]"
D:\Uni\Ulm\Master\Hiwi-Forschung-und-Lehre\FairFace\detected_faces\985160_face0.jpg,Latino_Hispanic,Asian,Male,20-29,"[4.0364591e-03 7.2917035e-03 6.3168675e-01 2.5219468e-02 2.9816061e-01
 3.2983948e-02 6.2106777e-04]",[0.00386998 0.12631728 0.55868334 0.31112945],[1.0000000e+00 2.2500572e-08],"[1.8566876e-08 1.8095490e-05 1.2981346e-01 8.4525955e-01 2.4650047e-02
 2.5761442e-04 1.1804300e-06 5.0308966e-08 6.1058680e-10]"
D:\Uni\Ulm\Master\Hiwi-Forschung-und-Lehre\FairFace\detected_faces\985329_face0.jpg,White,White,Male,20-29,"[9.9827945e-01 3.7405850e-06 5.8835320e-04 6.7898982e-06 8.2015213e-06
 3.2870910e-06 1.1102248e-03]",[9.9985284e-01 8.7091736e-05 3.9438317e-05 2.0774576e-05],[1.0000000e+00 1.8930926e-08],"[6.6427543e-07 6.0978899e-04 1.8450347e-01 7.4564701e-01 6.6766143e-02
 2.4496785e-03 2.2903714e-05 3.5598816e-07 3.9593808e-09]"
D:\Uni\Ulm\Master\Hiwi-Forschung-und-Lehre\FairFace\detected_faces\985364_face0.jpg,Middle Eastern,White,Male,20-29,"[3.8240334e-01 3.8044114e-04 1.2943131e-01 4.3100190e-05 3.4437529e-04
 1.4991570e-02 4.7240588e-01]",[9.9501956e-01 1.1699874e-04 6.7314650e-05 4.7961124e-03],[9.9999976e-01 2.4795304e-07],"[7.2659048e-09 4.3298492e-06 3.7734013e-02 8.9233953e-01 6.9070376e-02
 8.4945332e-04 2.2152681e-06 4.9186816e-08 5.8943106e-10]"
D:\Uni\Ulm\Master\Hiwi-Forschung-und-Lehre\FairFace\detected_faces\985726_face0.jpg,White,White,Male,10-19,"[6.8568075e-01 1.2578318e-03 3.8182870e-02 2.7065995e-05 3.7262907e-05
 5.1084273e-05 2.7476317e-01]",[9.9419725e-01 5.7051377e-03 6.0323695e-05 3.7296653e-05],[0.9983662  0.00163379],"[2.5132460e-08 4.7494812e-04 7.4225950e-01 2.5452560e-01 2.7172444e-03
 2.2541246e-05 9.0450584e-08 2.2707698e-09 8.8916707e-11]"
D:\Uni\Ulm\Master\Hiwi-Forschung-und-Lehre\FairFace\detected_faces\985738_face0.jpg,White,White,Male,20-29,"[9.9956203e-01 3.0217288e-07 2.4602399e-04 1.3683499e-05 1.5592457e-05
 1.8961586e-06 1.6051196e-04]",[9.9989605e-01 6.8699624e-06 9.0818467e-05 6.2677314e-06],[9.9999976e-01 2.3326608e-07],"[3.4647944e-06 1.1762468e-04 8.2784995e-02 5.5959147e-01 2.6814082e-01
 8.3637513e-02 5.6150546e-03 1.0828098e-04 8.4760950e-07]"
D:\Uni\Ulm\Master\Hiwi-Forschung-und-Lehre\FairFace\detected_faces\985806_face0.jpg,Middle Eastern,White,Male,20-29,"[1.20246604e-01 6.18076447e-05 7.54676312e-02 1.35050010e-04
 4.80507588e-04 2.31191050e-02 7.80489326e-01]",[0.50824845 0.00195896 0.00241192 0.48738068],[9.9928701e-01 7.1299647e-04],"[9.6656663e-07 4.4478750e-04 9.0085842e-02 8.0384094e-01 1.0137062e-01
 4.2117368e-03 4.4316148e-05 8.0337787e-07 2.2061363e-08]"
D:\Uni\Ulm\Master\Hiwi-Forschung-und-Lehre\FairFace\detected_faces\985848_face0.jpg,White,White,Male,20-29,"[7.9406327e-01 1.0653298e-04 1.5052833e-01 3.0209791e-04 8.1150816e-04
 3.6748429e-04 5.3820807e-02]",[0.8781699  0.01513315 0.02274961 0.08394741],[9.9999976e-01 1.9931471e-07],"[2.3142716e-08 4.2365318e-05 2.4581718e-01 7.3064655e-01 2.3157528e-02
 3.3543733e-04 9.3662692e-07 1.2680486e-08 9.9110851e-11]"
D:\Uni\Ulm\Master\Hiwi-Forschung-und-Lehre\FairFace\detected_faces\986133_face0.jpg,Indian,Indian,Male,20-29,"[0.00876956 0.002222   0.140641   0.0009025  0.00634666 0.6670947
 0.17402357]",[0.01861339 0.03815343 0.03740586 0.90582734],[9.9993914e-01 6.0883056e-05],"[2.7104910e-08 2.5251040e-06 4.2515378e-03 9.0486920e-01 9.0375051e-02
 5.0103758e-04 6.2764900e-07 2.9385872e-08 5.6637667e-10]"
D:\Uni\Ulm\Master\Hiwi-Forschung-und-Lehre\FairFace\detected_faces\986140_face0.jpg,White,White,Male,20-29,"[5.8830875e-01 3.1917606e-04 8.2870178e-02 3.7584166e-05 1.6879269e-04
 2.4005571e-04 3.2805550e-01]",[9.9802864e-01 1.2908285e-03 1.9978141e-04 4.8078090e-04],[9.993295e-01 6.705014e-04],"[1.4887008e-08 6.2265681e-05 1.3523635e-01 8.3690834e-01 2.7565591e-02
 2.2675944e-04 6.9880258e-07 1.8195832e-08 5.6304261e-10]"
D:\Uni\Ulm\Master\Hiwi-Forschung-und-Lehre\FairFace\detected_faces\986148_face0.jpg,White,White,Male,10-19,"[7.0314276e-01 1.3936852e-05 8.1862956e-02 1.6289773e-04 2.0370515e-04
 3.2017846e-03 2.1141189e-01]",[9.9671000e-01 4.4178083e-05 9.4404048e-04 2.3018057e-03],[9.9939305e-01 6.0695544e-04],"[5.5134274e-06 4.9175858e-03 6.5786058e-01 3.2064316e-01 1.5849134e-02
 7.1674364e-04 7.1338882e-06 1.8459330e-07 6.1520593e-09]"
D:\Uni\Ulm\Master\Hiwi-Forschung-und-Lehre\FairFace\detected_faces\986209_face0.jpg,Black,Black,Male,20-29,"[5.8957430e-06 9.9944496e-01 1.5114078e-04 1.2263296e-05 3.5324745e-04
 2.9360221e-05 3.0644665e-06]",[2.0732150e-05 9.9876845e-01 1.1598316e-03 5.1061645e-05],[0.9966651  0.00333482],"[1.2780595e-07 4.7400797e-05 6.1823919e-02 8.4954447e-01 8.6031944e-02
 2.5235061e-03 2.8221586e-05 3.4149912e-07 4.9385736e-08]"
D:\Uni\Ulm\Master\Hiwi-Forschung-und-Lehre\FairFace\detected_faces\986212_face0.jpg,Indian,Indian,Male,10-19,"[0.03280341 0.00035683 0.29396632 0.00146982 0.00699689 0.33615613
 0.3282506 ]",[0.00879724 0.00481797 0.0096335  0.97675127],[9.999913e-01 8.750562e-06],"[7.8919214e-07 3.1009933e-03 6.4412642e-01 3.4848386e-01 4.2226347e-03
 6.4871587e-05 3.4703731e-07 2.8143136e-08 5.0931820e-10]"
D:\Uni\Ulm\Master\Hiwi-Forschung-und-Lehre\FairFace\detected_faces\986245_face0.jpg,White,White,Male,20-29,"[3.93505245e-01 1.08574626e-04 3.77005905e-01 7.17035786e-04
 1.82715466e-03 3.30773671e-03 2.23528326e-01]",[0.8970856  0.00545944 0.04323749 0.05421745],[9.9999964e-01 2.8447170e-07],"[1.1599742e-06 4.3562081e-04 6.5272860e-02 8.3691519e-01 9.5891252e-02
 1.4780307e-03 5.8147793e-06 1.1129471e-07 1.1441492e-09]"
D:\Uni\Ulm\Master\Hiwi-Forschung-und-Lehre\FairFace\detected_faces\986305_face0.jpg,White,White,Male,20-29,"[9.9855310e-01 1.7979663e-06 1.9785705e-04 1.3672840e-06 1.9118984e-06
 2.0654745e-06 1.2417627e-03]",[9.9993521e-01 8.7758754e-06 1.1645126e-05 4.4414923e-05],[9.9999982e-01 2.0064675e-07],"[7.6732903e-08 8.3955256e-06 7.9868436e-03 8.5630298e-01 1.3386482e-01
 1.8328122e-03 4.0533660e-06 4.0051496e-08 6.1275596e-10]"
D:\Uni\Ulm\Master\Hiwi-Forschung-und-Lehre\FairFace\detected_faces\986352_face0.jpg,White,White,Male,20-29,"[9.9049705e-01 1.3813288e-04 4.5031775e-03 7.7710110e-06 1.9787934e-05
 4.3122363e-05 4.7909766e-03]",[9.9826360e-01 1.1761354e-04 2.5489880e-04 1.3639320e-03],[9.999958e-01 4.185201e-06],"[8.0903725e-08 5.8464884e-05 1.0131039e-01 8.6651725e-01 3.1496435e-02
 6.1394577e-04 3.3209267e-06 5.8258486e-08 1.0534178e-09]"
D:\Uni\Ulm\Master\Hiwi-Forschung-und-Lehre\FairFace\detected_faces\986353_face0.jpg,Middle Eastern,White,Male,30-39,"[6.2799439e-02 3.9912772e-04 2.3390932e-02 1.0522107e-05 2.8201728e-05
 2.8984493e-04 9.1308194e-01]",[9.75769341e-01 1.26618864e-02 1.13215254e-04 1.14556178e-02],[9.9999386e-01 6.1598303e-06],"[5.2198948e-06 1.7613283e-04 1.3526242e-02 2.8190571e-01 6.1137187e-01
 9.1866888e-02 1.1301768e-03 1.7573977e-05 1.6740084e-07]"
D:\Uni\Ulm\Master\Hiwi-Forschung-und-Lehre\FairFace\detected_faces\986354_face0.jpg,White,White,Male,20-29,"[9.8654521e-01 9.0116715e-05 8.7977583e-03 5.3430986e-06 2.9117266e-05
 1.6476960e-04 4.3677236e-03]",[9.9953872e-01 1.4578555e-04 7.3027031e-06 3.0828308e-04],[9.9999988e-01 6.0511006e-08],"[1.6312580e-08 1.2848428e-05 2.4729643e-02 8.4409976e-01 1.2872401e-01
 2.4249845e-03 8.6094424e-06 8.6744130e-08 1.0880711e-09]"
D:\Uni\Ulm\Master\Hiwi-Forschung-und-Lehre\FairFace\detected_faces\986355_face0.jpg,White,White,Male,20-29,"[7.01748371e-01 3.12430377e-04 7.89325833e-02 1.24007765e-05
 4.40547847e-05 9.65053841e-05 2.18853742e-01]",[9.9817139e-01 1.3626684e-03 1.3132639e-04 3.3461567e-04],[9.9999970e-01 3.1130512e-07],"[9.9646655e-08 2.7394928e-05 1.9926479e-02 7.4695706e-01 2.2780019e-01
 5.2715652e-03 1.7031740e-05 1.5709141e-07 1.0281350e-09]"
D:\Uni\Ulm\Master\Hiwi-Forschung-und-Lehre\FairFace\detected_faces\986356_face0.jpg,Black,Black,Male,20-29,"[2.0018053e-06 9.9990898e-01 3.6903777e-05 1.3415286e-08 3.4212059e-07
 4.5597830e-05 6.1802102e-06]",[1.4485092e-07 9.9999678e-01 7.4036768e-07 2.3588966e-06],[9.9999940e-01 6.1751894e-07],"[3.9204494e-08 1.0253258e-05 2.3072716e-02 8.1981611e-01 1.4934812e-01
 7.6508354e-03 1.0025499e-04 1.5852229e-06 3.7430674e-08]"
D:\Uni\Ulm\Master\Hiwi-Forschung-und-Lehre\FairFace\detected_faces\986395_face0.jpg,Middle Eastern,White,Male,20-29,"[6.1585952e-02 5.3161487e-04 2.9047450e-01 8.3742449e-03 1.3909065e-02
 1.3780695e-02 6.1134392e-01]",[0.63695544 0.0055664  0.10289837 0.25457978],[1.0000000e+00 3.3729703e-09],"[4.3965940e-07 3.1553485e-05 3.5608255e-03 7.8225595e-01 2.1119934e-01
 2.9405672e-03 1.0935648e-05 4.2822489e-07 3.4437886e-09]"
D:\Uni\Ulm\Master\Hiwi-Forschung-und-Lehre\FairFace\detected_faces\986397_face0.jpg,White,White,Male,20-29,"[9.87652957e-01 1.44044625e-05 3.45314061e-03 3.05415917e-04
 2.09187594e-04 3.34746437e-06 8.36150907e-03]",[9.9972379e-01 1.1404224e-04 1.5752908e-04 4.5869183e-06],[9.9998617e-01 1.3848409e-05],"[4.4322661e-08 1.3383838e-05 1.0764571e-01 8.5184866e-01 3.9138623e-02
 1.3304442e-03 2.2613875e-05 4.6684389e-07 6.8349388e-09]"
D:\Uni\Ulm\Master\Hiwi-Forschung-und-Lehre\FairFace\detected_faces\986726_face0.jpg,Middle Eastern,White,Male,30-39,"[0.29239383 0.00544173 0.07715516 0.00151727 0.00163022 0.00829714
 0.61356467]",[0.9053831  0.0042173  0.08582982 0.00456981],[9.9999982e-01 1.6036289e-07],"[5.5165297e-06 1.1291576e-04 7.5098658e-03 4.0831143e-01 5.1933974e-01
 6.3965492e-02 7.3642371e-04 1.8419005e-05 2.1863305e-07]"
D:\Uni\Ulm\Master\Hiwi-Forschung-und-Lehre\FairFace\detected_faces\986972_face0.jpg,Black,Black,Male,20-29,"[1.6584505e-04 9.8755383e-01 2.4897542e-03 1.6991660e-07 7.6970719e-06
 6.0544390e-04 9.1772769e-03]",[2.5756666e-05 9.9989480e-01 3.1524676e-06 7.6333534e-05],[9.999944e-01 5.578952e-06],"[5.1566644e-07 3.2816024e-04 1.3322438e-01 7.0208842e-01 1.5560664e-01
 8.4491754e-03 2.8660064e-04 1.5940170e-05 2.2701693e-07]"
D:\Uni\Ulm\Master\Hiwi-Forschung-und-Lehre\FairFace\detected_faces\987080_face0.jpg,Black,Black,Male,20-29,"[3.0087975e-05 9.8240328e-01 5.7575265e-03 1.6629274e-05 9.1856078e-04
 1.0827461e-02 4.6385328e-05]",[1.9128513e-05 9.9879164e-01 1.9085805e-04 9.9834346e-04],[9.9999505e-01 4.9301766e-06],"[1.3816609e-06 8.8519715e-05 3.0317077e-02 5.9230942e-01 3.0123273e-01
 7.1788460e-02 4.1972869e-03 6.3857573e-05 1.2147178e-06]"
D:\Uni\Ulm\Master\Hiwi-Forschung-und-Lehre\FairFace\detected_faces\987236_face0.jpg,White,White,Male,20-29,"[9.5247203e-01 1.0998337e-04 6.7225499e-03 8.6057855e-07 4.3006980e-06
 7.2920266e-06 4.0682949e-02]",[9.9402463e-01 5.7591489e-03 3.6441514e-05 1.7981530e-04],[9.9999917e-01 8.5305709e-07],"[3.6964178e-09 1.3632120e-05 3.7956621e-02 9.4482279e-01 1.7175581e-02
 3.1308857e-05 1.7638945e-08 2.4711538e-10 3.1973252e-12]"
D:\Uni\Ulm\Master\Hiwi-Forschung-und-Lehre\FairFace\detected_faces\987250_face0.jpg,Black,Black,Male,20-29,"[1.7801878e-05 9.9900293e-01 3.4558281e-04 4.2441400e-08 8.5750298e-07
 3.7288992e-04 2.5984785e-04]",[5.3074841e-06 9.9997163e-01 1.0416362e-06 2.1978181e-05],[9.999396e-01 6.031310e-05],"[2.40843647e-08 5.27299380e-05 1.15165472e-01 8.06068957e-01
 7.75703043e-02 1.13165961e-03 1.06727675e-05 2.16493220e-07
 3.17187854e-09]"
D:\Uni\Ulm\Master\Hiwi-Forschung-und-Lehre\FairFace\detected_faces\987309_face0.jpg,White,White,Male,10-19,"[9.9764717e-01 2.5483970e-07 2.0500179e-04 2.8974084e-05 9.6455451e-06
 5.0343482e-07 2.1084310e-03]",[9.9904144e-01 6.6040167e-07 9.5620629e-04 1.7365498e-06],[9.9999881e-01 1.2617608e-06],"[1.1361113e-07 5.5041286e-04 9.4435561e-01 5.4853220e-02 2.3655359e-04
 4.0778436e-06 1.7815873e-08 5.6983773e-10 1.1419270e-11]"
D:\Uni\Ulm\Master\Hiwi-Forschung-und-Lehre\FairFace\detected_faces\987423_face0.jpg,White,White,Male,20-29,"[9.9469328e-01 9.7566144e-06 3.1727657e-03 3.9378530e-04 3.8070267e-04
 2.6767666e-05 1.3229736e-03]",[9.9623567e-01 7.1325339e-04 2.9141379e-03 1.3694508e-04],[9.9999994e-01 7.2678887e-08],"[1.7400252e-07 3.8389728e-05 2.0442426e-02 7.2027916e-01 2.5038406e-01
 8.7847644e-03 7.0393420e-05 6.0592271e-07 8.7362935e-09]"
D:\Uni\Ulm\Master\Hiwi-Forschung-und-Lehre\FairFace\detected_faces\987428_face0.jpg,White,White,Male,20-29,"[9.9954659e-01 8.3188360e-07 8.7797016e-05 3.0698875e-06 6.7208666e-06
 3.0895612e-07 3.5467360e-04]",[9.9994308e-01 3.6637743e-05 1.8242195e-05 2.0104717e-06],[9.9994856e-01 5.1414132e-05],"[1.1925094e-06 3.5841708e-04 2.0505375e-01 7.1031410e-01 7.5782612e-02
 8.3246976e-03 1.5888372e-04 6.1272281e-06 2.5617965e-07]"
D:\Uni\Ulm\Master\Hiwi-Forschung-und-Lehre\FairFace\detected_faces\987430_face0.jpg,White,White,Male,20-29,"[9.9924713e-01 2.1421342e-06 1.9748058e-04 1.2075648e-06 2.6185064e-06
 1.8703925e-06 5.4760155e-04]",[9.9974322e-01 1.4671353e-04 8.8133318e-05 2.2019529e-05],[9.9999774e-01 2.2657400e-06],"[5.6827570e-08 6.0004963e-06 9.2323258e-04 7.5551951e-01 2.4179436e-01
 1.7546727e-03 2.1864992e-06 1.6117921e-08 4.0700845e-10]"
D:\Uni\Ulm\Master\Hiwi-Forschung-und-Lehre\FairFace\detected_faces\987436_face0.jpg,Black,Black,Male,20-29,"[2.9698047e-03 9.8923057e-01 4.2942585e-03 1.4701785e-04 1.2375960e-03
 1.7728035e-03 3.4797241e-04]",[6.6313682e-05 9.9815834e-01 6.0219603e-04 1.1731689e-03],[0.99709505 0.00290496],"[1.4723021e-05 1.8505806e-03 3.8011782e-02 3.7162039e-01 3.1778827e-01
 2.0114425e-01 6.2042635e-02 6.6278656e-03 8.9953427e-04]"
D:\Uni\Ulm\Master\Hiwi-Forschung-und-Lehre\FairFace\detected_faces\987437_face0.jpg,White,White,Male,20-29,"[9.2544943e-01 1.7789238e-05 3.0580556e-03 6.4482069e-06 1.7302595e-05
 1.0630042e-04 7.1344696e-02]",[9.9886924e-01 1.5694804e-04 2.0701894e-04 7.6683838e-04],[9.999691e-01 3.087855e-05],"[2.8584762e-07 2.9212224e-05 3.7511701e-03 7.3036593e-01 2.6346248e-01
 2.3864277e-03 4.4352842e-06 6.5898632e-08 1.1410121e-09]"
D:\Uni\Ulm\Master\Hiwi-Forschung-und-Lehre\FairFace\detected_faces\987444_face0.jpg,White,White,Male,20-29,"[9.9989343e-01 1.5085678e-06 6.3812542e-05 6.1767821e-07 1.0049554e-06
 3.9678667e-07 3.9304479e-05]",[9.9991769e-01 5.6305325e-05 1.6153981e-05 9.8080645e-06],[9.9997687e-01 2.3141461e-05],"[8.0982518e-09 4.0542191e-06 3.1280946e-02 9.3105227e-01 3.7381195e-02
 2.7974515e-04 1.8008890e-06 1.4123736e-08 6.4127942e-10]"
D:\Uni\Ulm\Master\Hiwi-Forschung-und-Lehre\FairFace\detected_faces\987454_face0.jpg,Latino_Hispanic,Black,Male,20-29,"[1.1189423e-01 7.3019564e-03 5.0823992e-01 4.4526937e-04 2.7629726e-03
 2.6371086e-03 3.6671853e-01]",[0.1514157  0.8201437  0.01697574 0.01146473],[9.9970186e-01 2.9813132e-04],"[7.2488191e-08 1.5821151e-04 2.3968412e-01 7.3526013e-01 2.4697769e-02
 1.9861832e-04 1.0445206e-06 2.4818734e-08 4.9881727e-10]"
D:\Uni\Ulm\Master\Hiwi-Forschung-und-Lehre\FairFace\detected_faces\987479_face0.jpg,White,White,Male,10-19,"[0.4967913  0.02270827 0.32082462 0.00152948 0.01011407 0.00117934
 0.14685293]",[0.7567282  0.17904864 0.05956283 0.00466032],[9.9998534e-01 1.4615535e-05],"[8.2891567e-08 4.7727922e-04 5.0716221e-01 4.8653874e-01 5.7503446e-03
 7.0929440e-05 4.1902496e-07 1.0325151e-08 2.6565386e-10]"
D:\Uni\Ulm\Master\Hiwi-Forschung-und-Lehre\FairFace\detected_faces\987489_face0.jpg,Black,Black,Male,30-39,"[2.3918215e-06 9.9987936e-01 1.0031336e-04 2.1987056e-08 5.7411069e-07
 1.0799276e-05 6.5266227e-06]",[1.2587637e-05 9.9988496e-01 4.4609649e-05 5.7862246e-05],[1.0000000e+00 1.0464448e-08],"[6.4846859e-07 1.7639086e-05 1.6039500e-03 2.8711429e-01 5.6706721e-01
 1.3881622e-01 5.2927104e-03 8.5078100e-05 2.2775300e-06]"
D:\Uni\Ulm\Master\Hiwi-Forschung-und-Lehre\FairFace\detected_faces\987490_face0.jpg,Black,Black,Male,20-29,"[3.2187316e-07 9.9998003e-01 1.4399050e-05 2.6395661e-09 1.6406884e-07
 2.7662641e-06 2.3407497e-06]",[1.6266566e-06 9.9998546e-01 7.9230686e-06 4.9748824e-06],[1.0000000e+00 2.9205396e-10],"[4.4995296e-09 4.4836938e-07 9.9197577e-04 5.9885764e-01 3.7854117e-01
 2.1459602e-02 1.4787461e-04 1.3390101e-06 2.5534151e-08]"
D:\Uni\Ulm\Master\Hiwi-Forschung-und-Lehre\FairFace\detected_faces\987504_face0.jpg,White,White,Male,20-29,"[9.9765527e-01 1.1701601e-05 1.3133183e-03 1.3412042e-04 2.7691448e-04
 8.8945135e-06 5.9978076e-04]",[9.9962133e-01 1.9540103e-05 3.5687350e-04 2.3475752e-06],[0.99296826 0.00703178],"[1.4791775e-07 2.4127023e-05 2.1868778e-02 7.4912167e-01 2.2498606e-01
 3.9564264e-03 4.2396492e-05 3.5454028e-07 1.3074981e-08]"
D:\Uni\Ulm\Master\Hiwi-Forschung-und-Lehre\FairFace\detected_faces\987512_face0.jpg,Black,Black,Male,20-29,"[6.7531573e-07 9.9996769e-01 8.2762426e-06 2.5559816e-08 6.0995717e-07
 2.1771624e-05 1.0808642e-06]",[4.5097585e-07 9.9998200e-01 8.9777166e-07 1.6697613e-05],[9.999255e-01 7.448943e-05],"[2.5133301e-07 1.6772434e-04 9.0553775e-02 7.9816639e-01 1.0622026e-01
 4.8207166e-03 6.8953283e-05 1.8242133e-06 1.0400712e-07]"
D:\Uni\Ulm\Master\Hiwi-Forschung-und-Lehre\FairFace\detected_faces\987536_face0.jpg,White,White,Male,20-29,"[8.9840847e-01 3.6741025e-05 1.0524966e-02 2.7530416e-05 7.1372509e-05
 2.4546589e-05 9.0906404e-02]",[9.9859691e-01 1.1546243e-03 1.7882408e-04 6.9556925e-05],[9.999999e-01 7.488141e-08],"[6.7882451e-09 7.6554688e-06 4.6813007e-02 9.1866910e-01 3.4273658e-02
 2.3603741e-04 4.5167911e-07 6.8876185e-09 6.7547287e-11]"
