face_name_align,race,race4,gender,age,race_scores_fair,race_scores_fair_4,gender_scores_fair,age_scores_fair
D:\Uni\Ulm\Master\Hiwi-Forschung-und-Lehre\FairFace\detected_faces\933434_face0.jpg,White,White,Male,10-19,"[4.3732867e-01 2.9521415e-04 2.6667994e-01 5.5980167e-05 3.0364125e-04
 8.3590538e-04 2.9450068e-01]",[0.9320285  0.02075976 0.00214743 0.04506433],[9.9999177e-01 8.1971975e-06],"[3.6579475e-08 4.4632095e-04 7.5218678e-01 2.4494214e-01 2.3977808e-03
 2.6797841e-05 8.7564018e-08 2.9212510e-09 5.6706775e-11]"
D:\Uni\Ulm\Master\Hiwi-Forschung-und-Lehre\FairFace\detected_faces\933641_face0.jpg,Latino_Hispanic,White,Male,20-29,"[0.1556312  0.00420118 0.7640151  0.00349625 0.02046274 0.00377709
 0.04841652]",[0.5764876  0.16366956 0.20078954 0.0590533 ],[1.0000000e+00 2.7463982e-09],"[1.0098028e-08 1.4999793e-05 3.7560813e-02 9.1136622e-01 5.0563049e-02
 4.9312803e-04 1.7775184e-06 2.0272946e-08 1.3158862e-10]"
D:\Uni\Ulm\Master\Hiwi-Forschung-und-Lehre\FairFace\detected_faces\933707_face0.jpg,White,White,Male,20-29,"[9.9869442e-01 1.1833939e-05 3.5073858e-04 1.1907908e-06 2.3457815e-06
 8.7337230e-07 9.3851332e-04]",[9.9983692e-01 1.5286393e-04 7.8621233e-06 2.3232838e-06],[9.9999970e-01 2.8599158e-07],"[1.1898770e-07 1.0198046e-04 6.4489365e-02 8.9888203e-01 3.6125343e-02
 3.9899943e-04 2.0963766e-06 4.0092740e-08 7.2146905e-10]"
D:\Uni\Ulm\Master\Hiwi-Forschung-und-Lehre\FairFace\detected_faces\933806_face0.jpg,Middle Eastern,White,Male,20-29,"[0.26269072 0.00038463 0.2512401  0.11564135 0.07730583 0.004373
 0.28836435]",[7.9821414e-01 7.9695834e-04 1.6955872e-01 3.1430185e-02],[9.9928653e-01 7.1340939e-04],"[7.5124369e-09 3.0337380e-05 4.6383959e-01 5.3153640e-01 4.5708809e-03
 2.2745478e-05 8.5289145e-08 4.9304947e-09 8.5183666e-11]"
D:\Uni\Ulm\Master\Hiwi-Forschung-und-Lehre\FairFace\detected_faces\933809_face0.jpg,Middle Eastern,Black,Male,20-29,"[5.7263859e-03 2.1692287e-04 4.7624670e-03 1.1291959e-06 8.7106000e-06
 1.1527707e-03 9.8813164e-01]",[0.18749204 0.4755185  0.00058698 0.33640254],[9.99988198e-01 1.17639765e-05],"[2.9547169e-07 2.3332503e-04 7.8508869e-02 8.3171809e-01 8.8347904e-02
 1.1883306e-03 3.1495258e-06 5.6007803e-08 9.8247732e-10]"
D:\Uni\Ulm\Master\Hiwi-Forschung-und-Lehre\FairFace\detected_faces\933832_face0.jpg,Middle Eastern,White,Male,20-29,"[4.3093432e-02 1.0065075e-04 3.8178060e-02 6.0178763e-06 5.1569339e-05
 1.8356413e-02 9.0021384e-01]",[0.815583   0.0136848  0.00107518 0.16965704],[9.9999976e-01 2.2313483e-07],"[2.3705422e-08 2.3271441e-05 1.6971750e-02 9.5735258e-01 2.5603456e-02
 4.8822112e-05 3.5993782e-08 8.3487089e-10 1.1297698e-11]"
D:\Uni\Ulm\Master\Hiwi-Forschung-und-Lehre\FairFace\detected_faces\933833_face0.jpg,Black,Black,Male,20-29,"[1.5685544e-07 9.9999839e-01 1.1056042e-06 3.6917522e-10 1.0751279e-08
 2.6819330e-07 9.5949069e-08]",[2.6610789e-07 9.9999911e-01 2.5332952e-07 3.4383595e-07],[9.9999750e-01 2.4307606e-06],"[3.7148016e-08 4.3788765e-05 3.5852425e-02 8.4749407e-01 1.1490747e-01
 1.6959658e-03 6.1850224e-06 6.5687651e-08 3.1214369e-09]"
D:\Uni\Ulm\Master\Hiwi-Forschung-und-Lehre\FairFace\detected_faces\934228_face0.jpg,Black,Black,Male,20-29,"[2.4746150e-06 9.9982500e-01 2.0051999e-05 7.6479870e-07 9.0540825e-06
 1.3786688e-04 4.7867647e-06]",[5.9855588e-06 9.9993569e-01 2.7810573e-05 3.0510399e-05],[0.9953343  0.00466567],"[8.9418762e-07 8.4063964e-04 4.0033691e-02 5.8797997e-01 3.6083329e-01
 1.0230152e-02 8.0517231e-05 7.7914001e-07 3.7680898e-08]"
D:\Uni\Ulm\Master\Hiwi-Forschung-und-Lehre\FairFace\detected_faces\934229_face0.jpg,Black,Black,Male,30-39,"[2.2547377e-07 9.9999219e-01 4.0330247e-06 4.9455604e-09 3.5217749e-08
 3.4145037e-06 1.0880708e-07]",[1.8193765e-07 9.9999839e-01 9.2064283e-07 4.4552073e-07],[0.99892956 0.00107044],"[3.8405208e-08 1.9420370e-06 2.8499623e-03 3.4544697e-01 5.0953686e-01
 1.3879697e-01 3.3417724e-03 2.4944193e-05 4.4014129e-07]"
D:\Uni\Ulm\Master\Hiwi-Forschung-und-Lehre\FairFace\detected_faces\934230_face0.jpg,Black,Black,Male,20-29,"[9.5230399e-04 8.6420316e-01 9.0986565e-02 8.1893064e-05 5.2399961e-03
 3.7956078e-02 5.8006559e-04]",[0.00195606 0.68535095 0.00521804 0.30747494],[9.9999958e-01 4.4081688e-07],"[3.8134723e-07 2.1166459e-05 1.7939528e-02 7.9824203e-01 1.7538597e-01
 8.1454609e-03 2.5829417e-04 7.0339065e-06 1.4827337e-07]"
D:\Uni\Ulm\Master\Hiwi-Forschung-und-Lehre\FairFace\detected_faces\934231_face0.jpg,Black,Black,Male,20-29,"[1.0479790e-03 9.1663319e-01 4.4726085e-02 7.3705638e-07 2.9666668e-05
 3.5693739e-02 1.8686962e-03]",[6.1874925e-05 9.8191893e-01 1.7309487e-05 1.8001864e-02],[9.999972e-01 2.820073e-06],"[3.63024313e-08 3.31907613e-05 3.61454524e-02 8.38597357e-01
 1.22974090e-01 2.23424938e-03 1.54045920e-05 1.12899905e-07
 1.70052872e-09]"
D:\Uni\Ulm\Master\Hiwi-Forschung-und-Lehre\FairFace\detected_faces\934232_face0.jpg,Black,Black,Male,20-29,"[9.2382070e-06 9.9308616e-01 9.2849549e-04 3.2697731e-06 2.4943936e-04
 5.1593473e-03 5.6412414e-04]",[4.4026070e-05 9.9808985e-01 2.3080250e-04 1.6353491e-03],[9.9999988e-01 1.0821756e-07],"[3.0614967e-06 1.9870286e-03 1.0820110e-01 7.5342172e-01 1.3060643e-01
 5.7216529e-03 5.6809884e-05 2.1647136e-06 5.5007490e-08]"
D:\Uni\Ulm\Master\Hiwi-Forschung-und-Lehre\FairFace\detected_faces\934233_face0.jpg,White,White,Male,20-29,"[9.9787748e-01 3.9947686e-06 4.1722145e-04 2.0424032e-07 8.7471346e-07
 1.8622911e-06 1.6984285e-03]",[9.9998027e-01 4.4507224e-06 3.0299102e-06 1.2269241e-05],[9.999999e-01 1.188236e-07],"[6.9896435e-09 3.2515793e-06 6.8217758e-03 8.7708014e-01 1.1419003e-01
 1.8978196e-03 6.9363250e-06 7.2414124e-08 9.3728159e-10]"
D:\Uni\Ulm\Master\Hiwi-Forschung-und-Lehre\FairFace\detected_faces\934235_face0.jpg,Black,Black,Male,30-39,"[2.8493540e-07 9.9999154e-01 5.5913542e-06 5.1916558e-08 3.6195803e-07
 1.8680546e-06 2.3124448e-07]",[5.6169551e-07 9.9998182e-01 6.2254790e-06 1.1305088e-05],[9.9999481e-01 5.1903658e-06],"[1.5771661e-07 7.5606608e-06 2.9835145e-03 4.3394375e-01 4.5825922e-01
 1.0134295e-01 3.4121543e-03 4.8066689e-05 2.6941534e-06]"
D:\Uni\Ulm\Master\Hiwi-Forschung-und-Lehre\FairFace\detected_faces\934237_face0.jpg,Black,Black,Male,20-29,"[2.4276849e-07 9.9999321e-01 5.1325887e-06 8.7571617e-10 2.0067821e-08
 1.2668546e-06 1.8490687e-07]",[7.7271842e-08 9.9999964e-01 5.6758605e-08 1.4387936e-07],[9.9999976e-01 1.7136847e-07],"[3.86582251e-08 9.28922236e-06 7.91938789e-03 7.78966069e-01
 2.02619046e-01 1.03938505e-02 9.07632784e-05 1.47179389e-06
 7.55812266e-08]"
D:\Uni\Ulm\Master\Hiwi-Forschung-und-Lehre\FairFace\detected_faces\934238_face0.jpg,White,White,Male,20-29,"[7.2308284e-01 3.4870653e-05 5.9597529e-02 2.2063528e-05 9.0651476e-05
 3.8820643e-03 2.1329007e-01]",[9.8361295e-01 1.3399469e-04 2.0760921e-04 1.6045490e-02],[9.9924892e-01 7.5107696e-04],"[1.3033666e-07 1.0087768e-05 1.0745003e-02 6.6966516e-01 3.1260332e-01
 6.9459849e-03 2.9892260e-05 3.8384110e-07 8.5220773e-09]"
D:\Uni\Ulm\Master\Hiwi-Forschung-und-Lehre\FairFace\detected_faces\934249_face0.jpg,White,White,Male,20-29,"[5.8297479e-01 9.5518219e-04 3.7764242e-01 2.9877570e-04 7.3271798e-04
 2.4486827e-03 3.4947321e-02]",[0.96784556 0.01191131 0.00295635 0.01728673],[9.9959695e-01 4.0306165e-04],"[1.4741664e-06 1.6949083e-05 1.5849840e-02 5.2403271e-01 4.1430163e-01
 4.5029350e-02 7.5906608e-04 8.9297255e-06 1.0995241e-07]"
D:\Uni\Ulm\Master\Hiwi-Forschung-und-Lehre\FairFace\detected_faces\934294_face0.jpg,White,White,Male,10-19,"[6.72076702e-01 1.66367230e-04 1.14980504e-01 7.33366818e-04
 5.89914504e-04 2.79298925e-04 2.11173788e-01]",[9.9250275e-01 4.1172830e-03 3.0080369e-03 3.7196753e-04],[9.9982184e-01 1.7813384e-04],"[1.1417208e-06 1.9239382e-03 5.8556604e-01 3.9657554e-01 1.5476228e-02
 4.5459531e-04 2.4351787e-06 6.2101307e-08 1.3640774e-09]"
D:\Uni\Ulm\Master\Hiwi-Forschung-und-Lehre\FairFace\detected_faces\934340_face0.jpg,White,White,Male,20-29,"[8.8308126e-01 4.5998528e-04 8.1319802e-02 9.6291973e-04 1.1364768e-03
 7.0597249e-05 3.2968976e-02]",[8.9630187e-01 5.5746338e-03 9.7331956e-02 7.9153181e-04],[9.9999994e-01 4.2328260e-08],"[3.3070279e-08 4.3823100e-05 2.8143057e-01 7.0984387e-01 8.6160423e-03
 6.5219814e-05 4.4956209e-07 1.6850821e-08 1.3359203e-10]"
D:\Uni\Ulm\Master\Hiwi-Forschung-und-Lehre\FairFace\detected_faces\934351_face0.jpg,White,White,Male,20-29,"[6.95263684e-01 5.90828189e-04 2.45741576e-01 7.31196487e-03
 1.50076505e-02 7.97257235e-04 3.52870561e-02]",[0.8456931  0.02002346 0.13042578 0.00385766],[9.9999958e-01 4.3881136e-07],"[4.7559162e-08 1.9073468e-05 2.9471211e-02 9.1274601e-01 5.7576429e-02
 1.8672281e-04 4.4439071e-07 5.3427267e-09 8.7958314e-11]"
D:\Uni\Ulm\Master\Hiwi-Forschung-und-Lehre\FairFace\detected_faces\934354_face0.jpg,Black,Black,Male,20-29,"[6.1889915e-07 9.9998635e-01 1.1228091e-05 1.9114514e-08 2.6263004e-07
 1.5416341e-06 1.5662323e-07]",[4.1728450e-07 9.9999672e-01 1.3368858e-06 1.5462831e-06],[9.9989533e-01 1.0466772e-04],"[4.9225207e-07 2.7344247e-05 4.5594904e-03 4.9402219e-01 4.6007890e-01
 4.0726982e-02 5.7804340e-04 6.1113601e-06 4.2746069e-07]"
D:\Uni\Ulm\Master\Hiwi-Forschung-und-Lehre\FairFace\detected_faces\934355_face0.jpg,White,White,Male,20-29,"[9.6398294e-01 1.3878613e-05 2.7916594e-03 1.1295288e-04 1.7320573e-04
 1.2566327e-04 3.2799684e-02]",[9.9834245e-01 7.5878204e-05 2.2071926e-04 1.3610183e-03],[9.9999976e-01 1.8938535e-07],"[1.0572446e-05 2.4829074e-03 1.8189172e-01 7.7943695e-01 3.5544556e-02
 6.2994409e-04 3.1021043e-06 1.6958360e-07 3.1208216e-09]"
D:\Uni\Ulm\Master\Hiwi-Forschung-und-Lehre\FairFace\detected_faces\934383_face0.jpg,White,White,Male,20-29,"[9.9832457e-01 3.7956768e-06 7.1771559e-04 1.1690578e-04 5.3131123e-05
 4.4553548e-07 7.8343373e-04]",[9.99774039e-01 1.14685005e-04 1.01139056e-04 1.00884763e-05],[9.9999845e-01 1.4826832e-06],"[1.4158930e-08 4.9112859e-06 4.8043068e-02 9.1837168e-01 3.3261817e-02
 3.1582967e-04 2.5705885e-06 4.3535859e-08 7.3549944e-10]"
D:\Uni\Ulm\Master\Hiwi-Forschung-und-Lehre\FairFace\detected_faces\934384_face0.jpg,White,White,Male,20-29,"[9.9863517e-01 7.1119570e-07 4.3880855e-04 7.8377361e-06 1.5987978e-05
 2.7484473e-06 8.9868630e-04]",[9.9981081e-01 5.7465154e-06 1.7692160e-04 6.4594187e-06],[9.999993e-01 6.972449e-07],"[2.0045904e-08 4.9302536e-05 3.4359702e-01 6.4645243e-01 9.7060045e-03
 1.9414560e-04 1.0144278e-06 1.6454438e-08 2.8323793e-10]"
D:\Uni\Ulm\Master\Hiwi-Forschung-und-Lehre\FairFace\detected_faces\934386_face0.jpg,Black,Black,Male,30-39,"[1.7777174e-07 9.9999833e-01 1.0124611e-06 7.2058154e-10 4.5009036e-09
 5.3822754e-07 3.2705184e-08]",[7.9700520e-08 9.9999934e-01 1.0893027e-07 4.6000181e-07],[0.97712654 0.02287349],"[4.6018318e-08 5.3381723e-06 1.8460029e-03 2.4662793e-01 5.9853595e-01
 1.4896102e-01 3.9877063e-03 3.4633747e-05 1.2645075e-06]"
D:\Uni\Ulm\Master\Hiwi-Forschung-und-Lehre\FairFace\detected_faces\934409_face0.jpg,White,White,Male,20-29,"[9.94898558e-01 3.26139934e-06 2.00835359e-03 4.79879782e-05
 1.01511476e-04 5.54934331e-06 2.93470058e-03]",[9.9716723e-01 8.5995787e-05 2.6971772e-03 4.9640625e-05],[9.9999565e-01 4.2884080e-06],"[7.3089403e-08 6.2656705e-05 1.4929993e-01 8.0652434e-01 4.2652585e-02
 1.4488071e-03 1.1358353e-05 2.1132284e-07 5.1294018e-09]"
D:\Uni\Ulm\Master\Hiwi-Forschung-und-Lehre\FairFace\detected_faces\934498_face0.jpg,Black,Black,Male,20-29,"[1.1986550e-04 9.9469304e-01 6.1490503e-04 4.6163009e-06 5.1960127e-05
 4.5054886e-03 9.9852869e-06]",[3.5454050e-05 9.9981821e-01 2.4655725e-05 1.2168378e-04],[0.97994536 0.02005463],"[1.9010449e-07 6.2141928e-04 2.7923715e-01 6.6209793e-01 5.6457318e-02
 1.5512785e-03 3.3794182e-05 9.7949146e-07 4.2789114e-08]"
D:\Uni\Ulm\Master\Hiwi-Forschung-und-Lehre\FairFace\detected_faces\934526_face0.jpg,Black,Black,Male,20-29,"[1.9962249e-06 9.9997592e-01 1.5217248e-05 1.5682632e-08 2.1400614e-07
 6.3753473e-06 2.7076896e-07]",[1.1282717e-06 9.9996138e-01 1.9104757e-06 3.5594760e-05],[9.999128e-01 8.715885e-05],"[3.4619429e-08 8.4831845e-05 1.5945759e-01 8.2112151e-01 1.9143606e-02
 1.9103037e-04 1.3993272e-06 2.0472832e-08 1.3920621e-09]"
D:\Uni\Ulm\Master\Hiwi-Forschung-und-Lehre\FairFace\detected_faces\935281_face0.jpg,White,White,Male,20-29,"[9.9288100e-01 1.0927508e-06 3.7180277e-04 3.1386655e-06 3.6707129e-06
 1.1768251e-06 6.7383070e-03]",[9.9990100e-01 7.4659853e-05 2.2138873e-05 2.2329280e-06],[9.9999851e-01 1.5340289e-06],"[1.39345445e-07 1.66720492e-04 9.09056142e-02 8.88710439e-01
 2.01103929e-02 1.06609215e-04 1.71089994e-07 1.98712358e-09
 4.37957760e-11]"
D:\Uni\Ulm\Master\Hiwi-Forschung-und-Lehre\FairFace\detected_faces\935283_face0.jpg,Latino_Hispanic,White,Male,20-29,"[1.5198231e-01 4.4115293e-03 7.9683876e-01 5.6774425e-03 3.2369278e-02
 4.8455218e-04 8.2361186e-03]",[0.84542215 0.04812124 0.09811025 0.00834637],[9.9991339e-01 8.6563756e-05],"[5.47655134e-07 1.20383469e-04 1.51727110e-01 7.26739645e-01
 1.17271654e-01 4.08114353e-03 5.84090849e-05 1.12001885e-06
 1.48271857e-08]"
D:\Uni\Ulm\Master\Hiwi-Forschung-und-Lehre\FairFace\detected_faces\935309_face0.jpg,Black,Black,Male,20-29,"[8.4884277e-08 9.9999064e-01 2.3183836e-06 2.9744514e-09 7.5060001e-08
 6.6050443e-06 3.0511561e-07]",[3.1716041e-08 9.9999601e-01 5.1284508e-07 3.5547166e-06],[9.9999875e-01 1.2283360e-06],"[3.0540590e-09 6.3876024e-07 3.7340906e-03 7.7599359e-01 2.1512571e-01
 5.1323576e-03 1.3434082e-05 1.1044667e-07 3.2705518e-09]"
D:\Uni\Ulm\Master\Hiwi-Forschung-und-Lehre\FairFace\detected_faces\935392_face0.jpg,White,White,Male,20-29,"[7.8086996e-01 8.6729364e-05 2.2308629e-02 1.0282121e-04 1.5634058e-04
 2.2235136e-04 1.9625315e-01]",[9.9761957e-01 7.6552137e-04 4.8960844e-04 1.1252938e-03],[9.9999958e-01 4.0618147e-07],"[4.0480059e-09 6.0196935e-06 9.4703361e-02 8.9899480e-01 6.2804995e-03
 1.5257653e-05 3.1466474e-08 6.3325745e-10 6.0057354e-12]"
D:\Uni\Ulm\Master\Hiwi-Forschung-und-Lehre\FairFace\detected_faces\935543_face0.jpg,Middle Eastern,White,Male,20-29,"[1.6306013e-01 4.7257055e-02 2.3799646e-01 6.7944224e-05 2.5052237e-04
 1.2727333e-02 5.3864050e-01]",[0.6946638  0.22852527 0.00141593 0.07539491],[9.9999344e-01 6.5950890e-06],"[3.8532776e-06 1.5949573e-04 1.2618767e-02 5.7786864e-01 3.6598849e-01
 4.1741539e-02 1.5728578e-03 4.4879631e-05 1.4713513e-06]"
D:\Uni\Ulm\Master\Hiwi-Forschung-und-Lehre\FairFace\detected_faces\935590_face0.jpg,White,White,Male,20-29,"[7.3890764e-01 5.0008058e-04 1.6643924e-01 5.0555253e-05 1.1175073e-04
 2.8406959e-03 9.1150008e-02]",[0.9472817  0.01353173 0.00142585 0.03776073],[9.9998337e-01 1.6632654e-05],"[2.9012898e-07 2.6378295e-06 6.8453234e-04 6.1051011e-01 3.8059446e-01
 8.1665488e-03 4.0858540e-05 6.2359464e-07 8.5851362e-09]"
D:\Uni\Ulm\Master\Hiwi-Forschung-und-Lehre\FairFace\detected_faces\936122_face0.jpg,White,White,Male,20-29,"[6.3220423e-01 4.9960095e-04 4.6978667e-02 2.1139867e-04 3.9066796e-04
 5.0520030e-04 3.1921017e-01]",[0.98269993 0.01092278 0.00464241 0.00173481],[9.9971879e-01 2.8116966e-04],"[1.0441055e-07 2.8215229e-04 3.9326805e-01 5.9669805e-01 9.5717898e-03
 1.7804401e-04 1.8446300e-06 7.0309902e-08 1.3236837e-09]"
D:\Uni\Ulm\Master\Hiwi-Forschung-und-Lehre\FairFace\detected_faces\936166_face0.jpg,Latino_Hispanic,White,Male,20-29,"[0.09716902 0.00281731 0.8135656  0.00529687 0.01675289 0.00424491
 0.06015346]",[0.85450655 0.06055079 0.07540915 0.00953352],[9.999945e-01 5.499592e-06],"[6.5928037e-07 1.7867682e-03 4.2063177e-01 5.6303549e-01 1.4374633e-02
 1.6979044e-04 8.6841879e-07 2.0012346e-08 3.9758893e-10]"
D:\Uni\Ulm\Master\Hiwi-Forschung-und-Lehre\FairFace\detected_faces\936234_face0.jpg,Latino_Hispanic,White,Male,30-39,"[4.2311200e-01 2.9375558e-03 5.4322141e-01 3.0896652e-05 8.9810484e-05
 3.3119954e-03 2.7296372e-02]",[0.969258   0.00461467 0.00098198 0.02514534],[9.9999422e-01 5.7751213e-06],"[4.8293288e-07 5.1356533e-06 2.5157055e-03 4.5163488e-01 5.1100808e-01
 3.4356408e-02 4.7296609e-04 6.1885330e-06 5.8585957e-08]"
D:\Uni\Ulm\Master\Hiwi-Forschung-und-Lehre\FairFace\detected_faces\936483_face0.jpg,Middle Eastern,White,Male,20-29,"[1.6497548e-01 1.1159108e-03 2.6148096e-01 1.2291444e-04 3.5951528e-04
 3.2332132e-04 5.7162189e-01]",[0.92587405 0.07049666 0.00133798 0.00229127],[9.999944e-01 5.660233e-06],"[1.64028302e-06 2.24599455e-04 5.14212213e-02 8.46806169e-01
 1.00086585e-01 1.45139592e-03 8.12055441e-06 2.32837166e-07
 3.88173138e-09]"
D:\Uni\Ulm\Master\Hiwi-Forschung-und-Lehre\FairFace\detected_faces\936510_face0.jpg,Middle Eastern,White,Male,10-19,"[2.8552195e-01 4.9156399e-04 1.6131519e-01 6.9606147e-05 3.1330870e-04
 1.8419133e-03 5.5044651e-01]",[9.9177110e-01 4.2270846e-03 9.8024413e-04 3.0216197e-03],[9.9999821e-01 1.7733943e-06],"[9.00752752e-08 3.08395177e-03 8.61075163e-01 1.34916976e-01
 9.11111652e-04 1.26764035e-05 3.10668113e-08 9.68591984e-10
 1.58366618e-11]"
D:\Uni\Ulm\Master\Hiwi-Forschung-und-Lehre\FairFace\detected_faces\936534_face0.jpg,Middle Eastern,White,Male,20-29,"[4.8568349e-02 5.6572873e-03 4.4242761e-01 1.7859973e-04 1.1234178e-03
 3.6348686e-02 4.6569610e-01]",[0.6505199  0.02863842 0.02813925 0.2927024 ],[9.9995613e-01 4.3863078e-05],"[2.3021007e-06 1.0991002e-04 5.1435567e-03 5.5557328e-01 4.2418855e-01
 1.4900203e-02 8.0928301e-05 1.2758542e-06 1.9881147e-08]"
D:\Uni\Ulm\Master\Hiwi-Forschung-und-Lehre\FairFace\detected_faces\936719_face0.jpg,Black,Black,Male,20-29,"[7.2450675e-03 8.2089925e-01 1.6392063e-01 3.7588485e-05 2.7077930e-04
 2.5461330e-03 5.0806431e-03]",[4.1854806e-04 9.9748182e-01 1.6081739e-04 1.9388036e-03],[9.9999964e-01 3.7535705e-07],"[1.8253820e-07 9.8864548e-06 2.6748210e-02 8.1755549e-01 1.4544007e-01
 9.7722309e-03 4.5812427e-04 1.5537291e-05 2.8835490e-07]"
D:\Uni\Ulm\Master\Hiwi-Forschung-und-Lehre\FairFace\detected_faces\936752_face0.jpg,White,White,Male,20-29,"[6.5671933e-01 3.5690806e-05 1.1210638e-02 6.5158810e-07 4.1655530e-06
 6.1279548e-05 3.3196837e-01]",[9.9958062e-01 1.6115297e-04 1.2891083e-05 2.4533313e-04],[9.9999982e-01 1.3114833e-07],"[8.0302787e-09 1.2452613e-06 3.2216734e-03 9.0964413e-01 8.6748667e-02
 3.8383761e-04 4.8422498e-07 2.7904949e-09 2.5633580e-11]"
D:\Uni\Ulm\Master\Hiwi-Forschung-und-Lehre\FairFace\detected_faces\936845_face0.jpg,Middle Eastern,White,Male,20-29,"[1.3860844e-01 9.5512107e-05 3.7341282e-02 6.0894481e-06 4.5435208e-05
 5.2314950e-04 8.2338011e-01]",[9.857662e-01 8.099685e-03 2.804401e-04 5.853649e-03],[9.9998605e-01 1.3928512e-05],"[7.1426101e-08 5.3370615e-05 4.9659997e-02 8.8548821e-01 6.4152397e-02
 6.4411253e-04 1.8632240e-06 2.7956890e-08 4.6234386e-10]"
D:\Uni\Ulm\Master\Hiwi-Forschung-und-Lehre\FairFace\detected_faces\936849_face0.jpg,East Asian,Asian,Male,30-39,"[3.75315198e-04 1.59174917e-04 6.38405932e-03 5.37889898e-01
 4.53282714e-01 1.89461920e-03 1.42237595e-05]",[5.4948364e-04 5.7313452e-04 9.9285054e-01 6.0268170e-03],[9.9994749e-01 5.2484513e-05],"[1.6598700e-07 8.1766320e-06 1.1511870e-02 4.6348906e-01 5.0103527e-01
 2.3660781e-02 2.8705978e-04 7.4486970e-06 1.2203449e-07]"
D:\Uni\Ulm\Master\Hiwi-Forschung-und-Lehre\FairFace\detected_faces\937324_face0.jpg,White,White,Male,30-39,"[9.9942809e-01 6.8185255e-07 1.8168296e-04 2.0506036e-07 8.6374155e-07
 5.0045264e-06 3.8347591e-04]",[9.9948484e-01 1.9659162e-04 3.3677043e-05 2.8489885e-04],[9.9991333e-01 8.6662178e-05],"[4.9401732e-09 2.5694698e-07 7.8011682e-04 4.8664999e-01 4.8967886e-01
 2.2703044e-02 1.8691136e-04 8.3083398e-07 1.8198136e-08]"
D:\Uni\Ulm\Master\Hiwi-Forschung-und-Lehre\FairFace\detected_faces\937898_face0.jpg,Middle Eastern,Indian,Male,30-39,"[5.1775631e-02 3.5891926e-03 2.1753851e-01 4.4688495e-05 3.0722222e-04
 4.3146674e-02 6.8359804e-01]",[0.38905463 0.10712004 0.00182415 0.5020013 ],[9.9982101e-01 1.7902203e-04],"[8.3834482e-07 5.2670872e-05 1.8460362e-03 4.6065903e-01 5.2382725e-01
 1.3583956e-02 2.9978506e-05 2.4147113e-07 4.1969055e-09]"
D:\Uni\Ulm\Master\Hiwi-Forschung-und-Lehre\FairFace\detected_faces\937937_face0.jpg,Black,Black,Male,20-29,"[6.9292197e-05 9.9939734e-01 4.8821684e-04 2.7102510e-06 1.7641618e-05
 8.1541675e-06 1.6562306e-05]",[6.5626164e-06 9.9997056e-01 1.9727511e-05 3.1349241e-06],[0.95782226 0.04217774],"[4.9376422e-06 1.9223558e-03 1.3924512e-01 6.6498280e-01 1.7440782e-01
 1.8772129e-02 6.4360979e-04 1.9727966e-05 1.4971720e-06]"
D:\Uni\Ulm\Master\Hiwi-Forschung-und-Lehre\FairFace\detected_faces\938000_face0.jpg,White,White,Male,20-29,"[5.1311219e-01 1.7987679e-03 3.4945711e-01 2.9800177e-04 6.0102635e-04
 1.3522941e-03 1.3338053e-01]",[0.955054   0.02737973 0.00365428 0.01391203],[9.9999982e-01 1.6847314e-07],"[3.2940545e-08 1.8098183e-06 5.1868842e-03 7.4555022e-01 2.4448644e-01
 4.7462685e-03 2.8143006e-05 1.6959612e-07 1.2994412e-09]"
D:\Uni\Ulm\Master\Hiwi-Forschung-und-Lehre\FairFace\detected_faces\938044_face0.jpg,Middle Eastern,White,Male,20-29,"[3.8744923e-02 1.8401756e-03 1.8729664e-01 2.1251015e-04 1.0641526e-03
 4.9936390e-03 7.6584792e-01]",[0.38205066 0.28392994 0.02759488 0.30642453],[9.999301e-01 6.993227e-05],"[9.1853337e-08 2.4911581e-04 4.3959805e-01 5.4848820e-01 1.1477281e-02
 1.8620912e-04 9.7702889e-07 6.5475859e-08 1.1917884e-09]"
D:\Uni\Ulm\Master\Hiwi-Forschung-und-Lehre\FairFace\detected_faces\938728_face0.jpg,Black,Black,Male,20-29,"[7.4908712e-06 9.9918705e-01 6.5856637e-04 1.1779161e-06 4.8464062e-05
 8.1543105e-05 1.5668958e-05]",[3.1565774e-05 9.9988598e-01 5.2716809e-05 2.9737468e-05],[9.999945e-01 5.470429e-06],"[1.11726955e-07 1.02661679e-05 6.49338914e-03 5.35596669e-01
 4.13179845e-01 4.37040292e-02 1.00382324e-03 1.13974093e-05
 3.92333732e-07]"
D:\Uni\Ulm\Master\Hiwi-Forschung-und-Lehre\FairFace\detected_faces\939306_face0.jpg,Middle Eastern,White,Male,10-19,"[2.0141591e-01 1.0241402e-04 3.6769259e-01 8.4617088e-04 1.8256373e-03
 1.0784548e-03 4.2703885e-01]",[0.97634363 0.0019748  0.01047007 0.01121149],[9.999493e-01 5.072241e-05],"[1.8366245e-08 7.6322147e-04 8.3816218e-01 1.6041878e-01 6.5254961e-04
 3.2981650e-06 5.1330695e-09 1.7668425e-10 3.8634174e-12]"
D:\Uni\Ulm\Master\Hiwi-Forschung-und-Lehre\FairFace\detected_faces\939422_face0.jpg,Black,Black,Male,30-39,"[4.1901521e-06 9.9991518e-01 2.6038626e-05 3.5881571e-09 8.6795659e-08
 4.1751155e-05 1.2725748e-05]",[5.1610186e-06 9.9996769e-01 3.7415398e-06 2.3502174e-05],[9.99999881e-01 1.14864314e-07],"[5.09094811e-08 1.61959736e-06 3.10232019e-04 1.99424282e-01
 6.98724627e-01 1.00024246e-01 1.49952353e-03 1.51323920e-05
 2.77072246e-07]"
D:\Uni\Ulm\Master\Hiwi-Forschung-und-Lehre\FairFace\detected_faces\939544_face0.jpg,White,White,Male,20-29,"[8.8515502e-01 1.6896874e-03 7.6530494e-02 7.6230506e-05 2.8991743e-04
 1.1910714e-04 3.6139503e-02]",[9.9801219e-01 8.6417486e-04 7.0623914e-04 4.1740993e-04],[9.9999994e-01 8.4287791e-08],"[6.3045005e-09 4.2751631e-06 3.2998450e-02 9.4757485e-01 1.9299712e-02
 1.2187236e-04 8.4707830e-07 1.6098369e-08 2.1715488e-10]"
D:\Uni\Ulm\Master\Hiwi-Forschung-und-Lehre\FairFace\detected_faces\939563_face0.jpg,Middle Eastern,Indian,Male,30-39,"[9.17057414e-03 1.81637565e-03 6.42059669e-02 1.06046646e-04
 4.73476714e-04 7.60674942e-03 9.16620851e-01]",[0.04764215 0.30061463 0.02766918 0.62407404],[9.999919e-01 8.072060e-06],"[1.3407312e-05 1.1975447e-04 3.9449120e-03 1.8925537e-01 5.4627138e-01
 2.4536079e-01 1.4458726e-02 5.6681706e-04 8.8151055e-06]"
D:\Uni\Ulm\Master\Hiwi-Forschung-und-Lehre\FairFace\detected_faces\939585_face0.jpg,White,White,Male,20-29,"[9.9631590e-01 3.8040487e-06 1.8802565e-04 3.1697157e-06 4.1763315e-06
 1.3054151e-06 3.4836254e-03]",[9.9975914e-01 2.2220072e-04 9.5141113e-06 9.1140209e-06],[9.9999982e-01 1.6497154e-07],"[3.1174585e-07 3.2310563e-04 1.4510110e-01 7.6900417e-01 8.1707306e-02
 3.8346911e-03 2.8742379e-05 5.6801821e-07 5.8700937e-09]"
D:\Uni\Ulm\Master\Hiwi-Forschung-und-Lehre\FairFace\detected_faces\939589_face0.jpg,White,White,Male,30-39,"[9.9403852e-01 4.1169446e-04 2.0235591e-03 6.6768021e-06 1.2927161e-05
 2.5890948e-05 3.4808009e-03]",[9.85908389e-01 1.39166545e-02 1.18130112e-04 5.67954048e-05],[9.9998891e-01 1.1091585e-05],"[1.11043584e-04 1.68388442e-03 8.46858695e-03 4.48157907e-01
 5.09497941e-01 3.11050229e-02 9.42988729e-04 3.13753626e-05
 1.30221304e-06]"
D:\Uni\Ulm\Master\Hiwi-Forschung-und-Lehre\FairFace\detected_faces\939609_face0.jpg,White,White,Male,20-29,"[8.68354857e-01 1.00537363e-04 2.53562015e-02 4.98682930e-05
 1.42295321e-04 4.30377666e-04 1.05565876e-01]",[9.9405926e-01 1.0911900e-03 1.5503242e-04 4.6944949e-03],[9.99986947e-01 1.30416665e-05],"[7.4132309e-08 2.8288165e-05 6.3648053e-02 8.8352966e-01 5.2392479e-02
 4.0033404e-04 1.0441170e-06 2.2765898e-08 2.8211902e-10]"
D:\Uni\Ulm\Master\Hiwi-Forschung-und-Lehre\FairFace\detected_faces\939622_face0.jpg,White,White,Male,20-29,"[9.9205399e-01 7.3556999e-05 2.1318956e-03 2.9901785e-06 1.7035012e-05
 5.3162098e-06 5.7151597e-03]",[9.9431807e-01 3.7813575e-03 1.4848515e-03 4.1569199e-04],[9.9999952e-01 4.2748007e-07],"[1.3436899e-09 9.0546445e-07 2.0010615e-02 9.1592568e-01 6.3326158e-02
 7.3275814e-04 3.8756752e-06 3.5548798e-08 5.0018423e-10]"
D:\Uni\Ulm\Master\Hiwi-Forschung-und-Lehre\FairFace\detected_faces\939623_face0.jpg,White,White,Male,20-29,"[9.6050197e-01 5.7804373e-05 3.7018538e-03 2.2939703e-04 3.2207000e-04
 1.4653370e-05 3.5172254e-02]",[9.8380095e-01 2.5973797e-03 1.3522614e-02 7.8954443e-05],[1.000000e+00 2.005336e-09],"[8.9649922e-07 4.9572536e-05 1.0769501e-02 6.2944758e-01 3.4597871e-01
 1.3648498e-02 1.0321404e-04 2.0526222e-06 2.2550390e-08]"
D:\Uni\Ulm\Master\Hiwi-Forschung-und-Lehre\FairFace\detected_faces\939666_face0.jpg,White,White,Male,20-29,"[9.99732375e-01 1.10072315e-05 8.92017415e-05 1.56765623e-06
 6.35488095e-06 5.34346498e-07 1.59022034e-04]",[9.995012e-01 3.188137e-04 1.182104e-04 6.174158e-05],[9.999927e-01 7.326626e-06],"[5.9360752e-07 4.8177643e-04 2.0182236e-01 7.2860926e-01 6.4454474e-02
 4.4841883e-03 1.4261983e-04 4.5030501e-06 2.0327433e-07]"
D:\Uni\Ulm\Master\Hiwi-Forschung-und-Lehre\FairFace\detected_faces\939668_face0.jpg,Latino_Hispanic,Black,Male,20-29,"[2.3153569e-01 1.3441703e-02 4.7700953e-01 3.1930482e-05 1.8175875e-04
 1.3062506e-03 2.7649319e-01]",[1.7574547e-01 8.2072830e-01 6.3885411e-04 2.8874620e-03],[9.9999237e-01 7.5882695e-06],"[5.4436885e-07 3.9044549e-05 3.1240454e-02 8.4397179e-01 1.2220986e-01
 2.5055595e-03 3.1804717e-05 9.7665088e-07 1.2084586e-08]"
D:\Uni\Ulm\Master\Hiwi-Forschung-und-Lehre\FairFace\detected_faces\939669_face0.jpg,White,White,Male,20-29,"[7.3497772e-01 4.6375650e-03 1.3361198e-01 7.4249117e-05 3.1097312e-04
 7.9125888e-04 1.2559624e-01]",[0.96712804 0.02847975 0.00254764 0.00184456],[9.9997967e-01 2.0311436e-05],"[1.3668181e-06 2.2476043e-04 7.1557797e-02 8.5525107e-01 7.1269266e-02
 1.6777620e-03 1.7254710e-05 6.7583846e-07 1.1913949e-08]"
D:\Uni\Ulm\Master\Hiwi-Forschung-und-Lehre\FairFace\detected_faces\939671_face0.jpg,White,White,Male,20-29,"[8.8130546e-01 3.9507609e-05 5.1781088e-03 1.3546514e-05 2.8669239e-05
 4.5712713e-05 1.1338908e-01]",[9.9715000e-01 2.3830559e-03 1.6185582e-04 3.0507523e-04],[9.9999905e-01 9.5560790e-07],"[1.1827725e-06 1.6786271e-05 4.5596459e-03 5.1868832e-01 4.5840800e-01
 1.8114725e-02 2.0730728e-04 3.9313286e-06 4.4142787e-08]"
D:\Uni\Ulm\Master\Hiwi-Forschung-und-Lehre\FairFace\detected_faces\939675_face0.jpg,White,White,Male,20-29,"[7.3030400e-01 5.9885415e-04 1.1025003e-01 4.8060501e-05 1.9453907e-04
 2.9260395e-04 1.5831192e-01]",[0.88308173 0.11145192 0.00208074 0.00338565],[9.99984801e-01 1.51718305e-05],"[4.6446594e-08 2.5209471e-05 9.8247677e-02 8.6794168e-01 3.3132054e-02
 6.4696069e-04 6.2493309e-06 1.0391124e-07 1.2424161e-09]"
D:\Uni\Ulm\Master\Hiwi-Forschung-und-Lehre\FairFace\detected_faces\939683_face0.jpg,Middle Eastern,White,Male,20-29,"[3.7258860e-01 1.2423187e-04 5.7368898e-03 3.0345109e-03 1.4587844e-03
 1.3877139e-04 6.1691821e-01]",[9.9822330e-01 5.4532284e-05 1.6414931e-03 8.0691541e-05],[0.9628823  0.03711765],"[2.3205332e-06 1.3430920e-04 5.8716662e-02 5.3084528e-01 3.1591633e-01
 8.2452014e-02 1.0031620e-02 1.8026559e-03 9.8747121e-05]"
D:\Uni\Ulm\Master\Hiwi-Forschung-und-Lehre\FairFace\detected_faces\939692_face0.jpg,Indian,Black,Male,30-39,"[8.3333366e-03 1.5398432e-01 3.3591917e-01 2.8383085e-05 6.5236824e-04
 4.8500714e-01 1.6075306e-02]",[0.01069181 0.5830068  0.00302651 0.4032749 ],[9.9998647e-01 1.3510945e-05],"[1.0490569e-06 5.1578386e-06 3.5348235e-04 1.3123548e-01 7.8658652e-01
 8.0607399e-02 1.2002856e-03 1.0463446e-05 1.2933957e-07]"
D:\Uni\Ulm\Master\Hiwi-Forschung-und-Lehre\FairFace\detected_faces\939693_face0.jpg,White,White,Male,30-39,"[9.9963343e-01 5.4547186e-06 6.4198910e-05 7.5423749e-08 4.6343445e-07
 5.9178428e-06 2.9047663e-04]",[9.9846750e-01 1.2708296e-03 9.0889436e-05 1.7070284e-04],[9.9999821e-01 1.7952265e-06],"[5.2735800e-07 8.4938556e-06 4.8374716e-04 2.9001042e-01 6.6686451e-01
 4.1999713e-02 6.2606466e-04 6.1232349e-06 3.4534918e-07]"
D:\Uni\Ulm\Master\Hiwi-Forschung-und-Lehre\FairFace\detected_faces\939699_face0.jpg,White,White,Male,20-29,"[6.7241156e-01 4.5342359e-04 2.4546300e-01 1.7930933e-04 5.8365014e-04
 2.3653064e-04 8.0672465e-02]",[9.9717343e-01 5.5523077e-04 9.9071709e-04 1.2806025e-03],[1.000000e+00 1.773691e-08],"[1.7227604e-08 1.3796346e-05 3.6511917e-02 8.5719496e-01 1.0530714e-01
 9.7022421e-04 1.9985744e-06 2.4591653e-08 1.5077041e-10]"
D:\Uni\Ulm\Master\Hiwi-Forschung-und-Lehre\FairFace\detected_faces\939749_face0.jpg,White,White,Male,30-39,"[9.2991269e-01 1.9147997e-06 8.4148371e-04 3.8622286e-02 2.1292716e-03
 7.5375274e-06 2.8484786e-02]",[8.6304426e-01 2.3761808e-05 1.3679045e-01 1.4150640e-04],[0.937737   0.06226306],"[4.4604761e-07 2.5653437e-05 8.0807600e-03 2.2459924e-01 5.6021810e-01
 1.8839508e-01 1.7944213e-02 7.1519561e-04 2.1290329e-05]"
D:\Uni\Ulm\Master\Hiwi-Forschung-und-Lehre\FairFace\detected_faces\939763_face0.jpg,Black,Black,Male,20-29,"[6.0184562e-04 5.8541322e-01 2.6895002e-02 2.4854340e-05 4.8905559e-04
 3.8403067e-01 2.5453251e-03]",[4.0027936e-04 9.0869296e-01 4.6832065e-05 9.0859964e-02],[0.99684364 0.00315633],"[3.5316596e-06 5.1849028e-03 1.7606744e-01 7.4879593e-01 6.9307871e-02
 6.3743058e-04 2.7600895e-06 6.4599931e-08 2.5901059e-09]"
D:\Uni\Ulm\Master\Hiwi-Forschung-und-Lehre\FairFace\detected_faces\939830_face0.jpg,White,White,Male,20-29,"[9.9981147e-01 6.6909912e-08 1.2234115e-05 1.1683004e-06 1.4231147e-06
 5.1180297e-08 1.7362187e-04]",[9.9995226e-01 8.9126224e-06 3.7076104e-05 1.7292816e-06],[9.9999934e-01 6.3314820e-07],"[4.0857834e-05 1.2395518e-02 3.0037090e-01 4.5650837e-01 2.0915514e-01
 2.1279911e-02 2.4572364e-04 3.5252804e-06 8.4213369e-08]"
D:\Uni\Ulm\Master\Hiwi-Forschung-und-Lehre\FairFace\detected_faces\939851_face0.jpg,Black,Black,Male,20-29,"[1.5086555e-05 9.9955612e-01 1.3042640e-04 1.4603764e-06 1.9820591e-05
 2.7183726e-04 5.3909612e-06]",[8.6795781e-06 9.9990708e-01 3.7937367e-05 4.6350731e-05],[9.9966884e-01 3.3118005e-04],"[5.9933211e-07 1.1163331e-05 3.5390281e-03 6.2780994e-01 3.4535727e-01
 2.2684151e-02 5.8211084e-04 1.4548328e-05 1.1576503e-06]"
D:\Uni\Ulm\Master\Hiwi-Forschung-und-Lehre\FairFace\detected_faces\939852_face0.jpg,Middle Eastern,Indian,Male,30-39,"[1.7361736e-02 2.9394789e-02 1.0860030e-01 6.0220250e-06 7.5639327e-05
 1.5580492e-02 8.2898104e-01]",[0.17702048 0.3736769  0.00395573 0.4453469 ],[9.999142e-01 8.577051e-05],"[5.8738869e-06 4.1013715e-05 2.5116378e-03 2.4766958e-01 6.3773364e-01
 1.0554422e-01 6.2393481e-03 2.5004131e-04 4.6878213e-06]"
D:\Uni\Ulm\Master\Hiwi-Forschung-und-Lehre\FairFace\detected_faces\939855_face0.jpg,Middle Eastern,Indian,Male,20-29,"[2.4512069e-02 9.3767494e-03 3.7158427e-01 3.4051674e-04 2.4616797e-03
 4.9437605e-02 5.4228705e-01]",[0.12704636 0.24952444 0.17194988 0.4514793 ],[9.9999756e-01 2.4553128e-06],"[3.0835594e-07 9.0300986e-05 5.7643492e-02 8.1997454e-01 1.1888285e-01
 3.3871601e-03 2.0694952e-05 6.4016893e-07 6.7108776e-09]"
D:\Uni\Ulm\Master\Hiwi-Forschung-und-Lehre\FairFace\detected_faces\939880_face0.jpg,White,White,Male,20-29,"[8.6108828e-01 6.2012805e-05 3.1930298e-02 3.1925156e-05 1.4702247e-04
 1.1236910e-04 1.0662813e-01]",[9.9824995e-01 9.0752763e-04 5.7604926e-04 2.6649862e-04],[1.000000e+00 7.936727e-09],"[3.5350089e-07 8.8369241e-05 6.5009214e-02 8.4051561e-01 9.2807651e-02
 1.5702581e-03 8.4330841e-06 1.2985014e-07 9.9207542e-10]"
D:\Uni\Ulm\Master\Hiwi-Forschung-und-Lehre\FairFace\detected_faces\940050_face0.jpg,White,White,Male,20-29,"[9.7821599e-01 7.3069764e-06 2.0835479e-03 4.8359652e-06 9.9443796e-06
 2.8882449e-05 1.9649506e-02]",[9.9861985e-01 4.0628045e-04 1.7881027e-04 7.9497107e-04],[9.9999952e-01 4.6273686e-07],"[2.1000249e-08 4.5250490e-06 1.0537514e-02 8.3590972e-01 1.5176329e-01
 1.7799501e-03 4.9242440e-06 3.9859753e-08 5.2205873e-10]"
D:\Uni\Ulm\Master\Hiwi-Forschung-und-Lehre\FairFace\detected_faces\940054_face0.jpg,Indian,Indian,Male,20-29,"[0.00176729 0.11566668 0.10007531 0.00113849 0.02253336 0.7485948
 0.01022403]",[0.00193679 0.13089435 0.00849953 0.8586693 ],[9.9998021e-01 1.9782527e-05],"[8.5547327e-07 3.7496193e-05 1.6700402e-02 7.4031281e-01 2.2920667e-01
 1.3488127e-02 2.4431411e-04 9.0968097e-06 2.3238223e-07]"
D:\Uni\Ulm\Master\Hiwi-Forschung-und-Lehre\FairFace\detected_faces\940236_face0.jpg,White,White,Male,20-29,"[7.9153478e-01 7.2821022e-05 5.3907990e-02 2.6861858e-04 5.6362676e-04
 3.7892669e-04 1.5327324e-01]",[9.99639988e-01 4.39865144e-05 1.12716676e-04 2.03362928e-04],[9.9988210e-01 1.1792892e-04],"[1.0923700e-06 7.0488095e-05 3.0464336e-02 7.9659528e-01 1.6765936e-01
 5.1658768e-03 4.2969998e-05 5.6576579e-07 9.9885646e-09]"
D:\Uni\Ulm\Master\Hiwi-Forschung-und-Lehre\FairFace\detected_faces\940262_face0.jpg,Black,Black,Male,20-29,"[4.1725543e-06 9.9991643e-01 3.9505729e-05 9.4031137e-08 1.3617139e-06
 3.6406749e-05 1.9462091e-06]",[2.3986056e-06 9.9984014e-01 2.7408962e-05 1.3002988e-04],[0.9912437 0.0087563],"[4.1844476e-07 1.3799501e-03 4.3888670e-01 5.3113067e-01 2.7987769e-02
 6.1001617e-04 4.2994466e-06 1.4029423e-07 8.1287537e-09]"
D:\Uni\Ulm\Master\Hiwi-Forschung-und-Lehre\FairFace\detected_faces\940360_face0.jpg,Black,Black,Male,20-29,"[3.4052191e-05 9.9841887e-01 1.1705640e-03 2.1469131e-07 6.0410989e-06
 4.7063899e-05 3.2319629e-04]",[6.1637256e-06 9.9996251e-01 7.3164588e-06 2.4024874e-05],[9.9999917e-01 8.2037133e-07],"[1.3093504e-06 1.1190738e-03 4.6902236e-01 4.8669425e-01 4.0111251e-02
 2.9934740e-03 5.5480843e-05 2.6728226e-06 1.1409073e-07]"
D:\Uni\Ulm\Master\Hiwi-Forschung-und-Lehre\FairFace\detected_faces\940393_face0.jpg,White,White,Male,20-29,"[4.9240467e-01 3.0981717e-04 5.9892118e-02 2.9675566e-04 6.0052454e-04
 1.3315616e-02 4.3318048e-01]",[9.5961088e-01 7.7534711e-04 5.5886772e-03 3.4025073e-02],[9.999991e-01 8.801055e-07],"[9.3765703e-07 6.7213201e-05 1.5342348e-03 5.9667438e-01 3.8982698e-01
 1.1836354e-02 5.9267804e-05 5.6346329e-07 1.0438107e-08]"
D:\Uni\Ulm\Master\Hiwi-Forschung-und-Lehre\FairFace\detected_faces\940526_face0.jpg,Black,Black,Male,20-29,"[1.6079964e-06 9.9995571e-01 2.1560321e-05 5.8663354e-09 1.8237310e-07
 2.0520414e-05 4.1664879e-07]",[4.8252048e-07 9.9999106e-01 3.2277148e-07 8.1571879e-06],[9.9998713e-01 1.2934235e-05],"[2.0065290e-08 1.7165046e-05 6.1475340e-02 9.0313470e-01 3.4924965e-02
 4.4579952e-04 2.0322079e-06 2.4615078e-08 1.2195212e-09]"
D:\Uni\Ulm\Master\Hiwi-Forschung-und-Lehre\FairFace\detected_faces\940544_face0.jpg,White,White,Male,20-29,"[6.9219351e-01 1.5894264e-05 4.3555000e-03 6.5293289e-06 1.6236912e-05
 5.0321571e-05 3.0336198e-01]",[9.9891227e-01 6.6918851e-04 2.6321621e-04 1.5534679e-04],[9.999998e-01 1.508848e-07],"[7.7983678e-08 6.7206529e-05 6.8143241e-02 9.0213722e-01 2.9381875e-02
 2.6968020e-04 6.6064672e-07 1.0309677e-08 1.1973997e-10]"
D:\Uni\Ulm\Master\Hiwi-Forschung-und-Lehre\FairFace\detected_faces\940692_face0.jpg,White,White,Male,30-39,"[9.82865155e-01 1.47879045e-05 6.51173387e-03 7.03678006e-06
 1.12372554e-05 2.30449514e-05 1.05670635e-02]",[9.9984908e-01 3.6858870e-05 4.9658465e-05 6.4408348e-05],[9.9999940e-01 5.5274467e-07],"[4.9776734e-08 9.6123688e-07 8.2791573e-04 2.9172131e-01 6.2905127e-01
 7.7941462e-02 4.5439063e-04 2.6758562e-06 1.6980932e-08]"
D:\Uni\Ulm\Master\Hiwi-Forschung-und-Lehre\FairFace\detected_faces\940871_face0.jpg,White,White,Male,20-29,"[9.9834192e-01 3.3567021e-06 3.0369661e-04 1.5107460e-06 3.4949335e-06
 9.8105409e-07 1.3449829e-03]",[9.9983609e-01 8.3520594e-05 6.9775859e-05 1.0609793e-05],[9.992845e-01 7.154807e-04],"[7.4019752e-08 3.6230256e-05 9.2909075e-02 8.5349321e-01 5.1227003e-02
 2.2986236e-03 3.4743563e-05 1.0317294e-06 3.6913701e-08]"
D:\Uni\Ulm\Master\Hiwi-Forschung-und-Lehre\FairFace\detected_faces\940886_face0.jpg,White,White,Male,20-29,"[4.7162244e-01 1.8007639e-03 6.5505512e-02 2.2569700e-05 8.5321466e-05
 4.7964224e-04 4.6048379e-01]",[9.9635208e-01 3.0564677e-03 2.8755458e-04 3.0394172e-04],[9.999953e-01 4.718010e-06],"[4.3686194e-07 3.2431748e-05 1.5141420e-02 8.3339149e-01 1.4766015e-01
 3.7486439e-03 2.5088488e-05 3.5626334e-07 4.8915214e-09]"
D:\Uni\Ulm\Master\Hiwi-Forschung-und-Lehre\FairFace\detected_faces\941115_face0.jpg,White,White,Male,20-29,"[9.9099851e-01 1.4468178e-04 5.3344141e-03 1.1432130e-05 2.6743548e-05
 5.8188692e-05 3.4260701e-03]",[9.9974531e-01 1.2376376e-04 1.0601571e-04 2.4903104e-05],[9.9999988e-01 1.1244204e-07],"[3.7122422e-07 6.3658458e-06 1.5415169e-03 7.7362448e-01 2.2055306e-01
 4.2226301e-03 5.1089461e-05 5.5342059e-07 8.7023428e-09]"
D:\Uni\Ulm\Master\Hiwi-Forschung-und-Lehre\FairFace\detected_faces\941164_face0.jpg,Black,Black,Male,20-29,"[1.5558452e-06 9.9998581e-01 1.5097462e-06 7.2674502e-09 9.3407728e-08
 9.6663980e-06 1.3644161e-06]",[1.6592013e-06 9.9999738e-01 2.9744552e-07 6.2778798e-07],[9.9999464e-01 5.3461113e-06],"[8.2780261e-08 3.0716736e-05 6.3182246e-03 5.1064807e-01 4.5277733e-01
 2.9190673e-02 9.9298661e-04 4.0591236e-05 1.3717689e-06]"
D:\Uni\Ulm\Master\Hiwi-Forschung-und-Lehre\FairFace\detected_faces\941168_face0.jpg,Latino_Hispanic,Black,Male,30-39,"[4.4367043e-03 3.6097959e-01 5.5658191e-01 5.6177647e-05 3.6062149e-03
 7.1551651e-02 2.7878066e-03]",[0.01420554 0.81439394 0.01236479 0.15903574],[9.999993e-01 7.471392e-07],"[4.3631329e-07 1.0453185e-05 3.8514251e-03 3.4854755e-01 5.2814388e-01
 1.1360548e-01 5.6274286e-03 2.1089680e-04 2.3898522e-06]"
D:\Uni\Ulm\Master\Hiwi-Forschung-und-Lehre\FairFace\detected_faces\941179_face0.jpg,Black,Black,Male,20-29,"[3.6259544e-07 9.9995339e-01 4.6725304e-06 2.8822911e-09 9.8955816e-08
 3.8824393e-05 2.7348890e-06]",[8.3181908e-07 9.9998504e-01 7.0356498e-07 1.3471942e-05],[9.9999988e-01 1.2296422e-07],"[2.1234435e-08 8.6003602e-06 1.1642437e-02 8.0606025e-01 1.7569722e-01
 6.5384782e-03 5.2040898e-05 8.6222298e-07 2.8612121e-08]"
D:\Uni\Ulm\Master\Hiwi-Forschung-und-Lehre\FairFace\detected_faces\941342_face0.jpg,Black,Black,Male,30-39,"[5.6992569e-05 9.9844134e-01 1.2366264e-03 1.3799487e-07 4.2675556e-06
 6.7906069e-05 1.9278958e-04]",[1.5819079e-04 9.9950367e-01 7.3320574e-05 2.6477998e-04],[1.0000000e+00 1.6354218e-09],"[7.1741695e-08 1.0203267e-06 8.4432249e-04 4.1962719e-01 5.0392461e-01
 7.3229320e-02 2.3410846e-03 3.1929609e-05 4.3970422e-07]"
D:\Uni\Ulm\Master\Hiwi-Forschung-und-Lehre\FairFace\detected_faces\941361_face0.jpg,Middle Eastern,White,Male,30-39,"[2.4055633e-01 2.2246398e-03 1.4299802e-01 2.0862230e-06 1.8779241e-05
 2.1760609e-02 5.9243947e-01]",[8.3716106e-01 4.5381960e-02 6.9001784e-05 1.1738792e-01],[9.9999863e-01 1.3607956e-06],"[7.0266665e-08 4.2438019e-06 8.4476382e-04 3.6996379e-01 6.1299229e-01
 1.6153457e-02 4.1085605e-05 2.3416501e-07 1.8303243e-09]"
D:\Uni\Ulm\Master\Hiwi-Forschung-und-Lehre\FairFace\detected_faces\941394_face0.jpg,White,White,Male,20-29,"[9.5507222e-01 8.6355081e-04 1.8806925e-02 8.0202935e-06 2.1202743e-05
 2.2756716e-05 2.5205353e-02]",[6.5433723e-01 3.4441417e-01 3.6723286e-04 8.8134216e-04],[9.9999958e-01 4.2996808e-07],"[2.0580185e-08 2.4002657e-06 1.3372698e-02 8.7872261e-01 1.0661737e-01
 1.2790068e-03 5.8353053e-06 6.8123846e-08 8.6467844e-10]"
D:\Uni\Ulm\Master\Hiwi-Forschung-und-Lehre\FairFace\detected_faces\941402_face0.jpg,White,White,Male,20-29,"[8.1971627e-01 3.6637246e-04 2.8498359e-02 3.2687552e-05 8.0298618e-05
 9.3983603e-05 1.5121199e-01]",[9.9595088e-01 3.5034230e-03 9.1052083e-05 4.5467602e-04],[9.9999988e-01 1.3704393e-07],"[4.8657395e-08 1.6868333e-05 1.4603703e-02 9.1318077e-01 7.1936823e-02
 2.6142102e-04 3.6993706e-07 3.8844088e-09 5.9313755e-11]"
D:\Uni\Ulm\Master\Hiwi-Forschung-und-Lehre\FairFace\detected_faces\941405_face0.jpg,Latino_Hispanic,Black,Male,20-29,"[2.6120305e-01 5.8203261e-02 6.2205827e-01 6.6508146e-05 5.4449402e-04
 6.7494707e-03 5.1174931e-02]",[0.22602738 0.6968814  0.00534799 0.07174321],[9.9999803e-01 1.9845309e-06],"[2.0713228e-06 7.9663143e-05 3.5765260e-02 6.4707530e-01 2.5348866e-01
 5.3865273e-02 9.1190562e-03 5.9479871e-04 9.9462941e-06]"
D:\Uni\Ulm\Master\Hiwi-Forschung-und-Lehre\FairFace\detected_faces\941464_face0.jpg,Latino_Hispanic,White,Male,20-29,"[0.34709612 0.0011948  0.3941205  0.00558348 0.01453359 0.00410711
 0.23336445]",[0.8876432  0.00813064 0.0855689  0.01865735],[9.9999988e-01 8.4827114e-08],"[3.6297525e-08 1.0146581e-05 3.0540964e-02 9.0202588e-01 6.6214859e-02
 1.1998913e-03 8.0628106e-06 1.8310914e-07 1.7964764e-09]"
D:\Uni\Ulm\Master\Hiwi-Forschung-und-Lehre\FairFace\detected_faces\941553_face0.jpg,White,White,Male,20-29,"[9.9818414e-01 1.2899837e-06 1.5384472e-04 1.7298829e-06 5.1940201e-06
 5.8688795e-07 1.6530432e-03]",[9.99829471e-01 1.20221855e-04 3.89169727e-05 1.14191762e-05],[9.999939e-01 6.050095e-06],"[5.7127611e-08 1.3311827e-04 3.2753834e-01 6.4371270e-01 2.7205518e-02
 1.3972658e-03 1.2747648e-05 2.2745074e-07 3.5196994e-09]"
D:\Uni\Ulm\Master\Hiwi-Forschung-und-Lehre\FairFace\detected_faces\941554_face0.jpg,Black,Black,Male,20-29,"[4.1056632e-07 9.9999458e-01 3.0391957e-06 3.8907242e-09 3.2909991e-08
 7.2709861e-07 1.2387350e-06]",[6.1376397e-07 9.9999905e-01 2.6083194e-07 4.2925322e-08],[9.9999976e-01 2.1310140e-07],"[9.8303595e-08 3.1869738e-05 1.4733946e-02 8.1027663e-01 1.7031035e-01
 4.6296250e-03 1.7194485e-05 2.8476137e-07 1.7971523e-08]"
D:\Uni\Ulm\Master\Hiwi-Forschung-und-Lehre\FairFace\detected_faces\941561_face0.jpg,White,White,Male,20-29,"[9.9885857e-01 1.5380026e-06 4.6915948e-04 2.1086837e-06 6.4817973e-06
 2.5518034e-06 6.5956032e-04]",[9.9995679e-01 1.6395608e-06 3.4190871e-05 7.3278461e-06],[9.9999994e-01 7.9370338e-08],"[1.8600514e-09 1.7321771e-06 1.1731663e-02 9.5143336e-01 3.6743835e-02
 8.9319619e-05 1.1305813e-07 1.4684346e-09 2.2873873e-11]"
D:\Uni\Ulm\Master\Hiwi-Forschung-und-Lehre\FairFace\detected_faces\941562_face0.jpg,Black,Black,Male,20-29,"[2.2223244e-06 9.9966270e-01 4.2733158e-05 2.7834291e-08 1.1673256e-06
 2.8425746e-04 6.8724771e-06]",[3.6579124e-06 9.9888229e-01 1.2711122e-05 1.1013367e-03],[9.9999934e-01 6.5897308e-07],"[4.18907831e-07 1.09843124e-04 1.09617272e-02 6.46640003e-01
 3.23301762e-01 1.87921561e-02 1.90641425e-04 3.43206557e-06
 1.28030806e-07]"
D:\Uni\Ulm\Master\Hiwi-Forschung-und-Lehre\FairFace\detected_faces\941600_face0.jpg,Latino_Hispanic,Indian,Male,20-29,"[4.01438810e-02 2.99196341e-03 7.07404792e-01 1.78168862e-04
 1.39157160e-03 1.46452278e-01 1.01437315e-01]",[0.1358195  0.00586149 0.00266569 0.85565335],[9.9999911e-01 9.2795943e-07],"[6.5360524e-07 3.4011118e-05 3.9230832e-03 7.1091610e-01 2.7979067e-01
 5.3200992e-03 1.5239046e-05 1.6964283e-07 1.8238488e-09]"
D:\Uni\Ulm\Master\Hiwi-Forschung-und-Lehre\FairFace\detected_faces\941601_face0.jpg,Latino_Hispanic,White,Male,20-29,"[0.39244318 0.01897895 0.47021246 0.00166976 0.00236113 0.00098225
 0.11335222]",[0.9551264  0.00234883 0.03622003 0.0063048 ],[9.9998766e-01 1.2395635e-05],"[4.2180841e-06 2.9768547e-04 5.2738335e-02 5.8058000e-01 3.4318301e-01
 2.2949781e-02 2.4345543e-04 3.5246769e-06 2.7535844e-08]"
D:\Uni\Ulm\Master\Hiwi-Forschung-und-Lehre\FairFace\detected_faces\941670_face0.jpg,White,White,Male,20-29,"[9.6271837e-01 1.4053558e-06 2.5700089e-03 4.9481730e-07 1.5367023e-06
 1.5636186e-05 3.4692548e-02]",[9.99759376e-01 8.13663355e-05 4.16454423e-05 1.17663025e-04],[9.9982852e-01 1.7150989e-04],"[7.6373761e-09 3.0459498e-06 2.0381987e-02 9.3001902e-01 4.9034234e-02
 5.5941253e-04 2.2735649e-06 4.2721748e-08 8.4494167e-10]"
D:\Uni\Ulm\Master\Hiwi-Forschung-und-Lehre\FairFace\detected_faces\941757_face0.jpg,Black,Black,Male,20-29,"[1.11732435e-04 9.90313292e-01 1.98998139e-03 1.39453704e-07
 9.29974431e-06 7.27629941e-03 2.99197563e-04]",[7.5570431e-05 9.9632704e-01 3.6272442e-05 3.5610483e-03],[9.9999714e-01 2.8148904e-06],"[1.82747399e-08 2.25325107e-06 4.50338237e-03 5.99308670e-01
 3.84962350e-01 1.10745495e-02 1.47130864e-04 1.60131185e-06
 1.43912935e-08]"
D:\Uni\Ulm\Master\Hiwi-Forschung-und-Lehre\FairFace\detected_faces\942042_face0.jpg,Latino_Hispanic,Black,Male,20-29,"[0.04587464 0.27786407 0.52236    0.00325268 0.02567156 0.00965316
 0.11532392]",[0.12629409 0.8498049  0.02072644 0.00317461],[1.0000000e+00 1.0905062e-08],"[4.6993314e-08 7.2129848e-07 6.0640759e-04 5.4000443e-01 4.3982989e-01
 1.9385336e-02 1.6995209e-04 3.1725986e-06 3.4429572e-08]"
D:\Uni\Ulm\Master\Hiwi-Forschung-und-Lehre\FairFace\detected_faces\942111_face0.jpg,Black,Black,Male,10-19,"[1.36582075e-05 9.99839962e-01 9.63176135e-05 6.57365362e-08
 1.09378573e-06 2.03914315e-05 2.84607067e-05]",[1.3081503e-05 9.9989605e-01 6.0167018e-05 3.0668998e-05],[9.999234e-01 7.662457e-05],"[1.0628093e-04 5.9533387e-02 4.0021530e-01 3.8929746e-01 1.2793469e-01
 2.2179611e-02 7.0468098e-04 2.7149661e-05 1.4605672e-06]"
D:\Uni\Ulm\Master\Hiwi-Forschung-und-Lehre\FairFace\detected_faces\942116_face0.jpg,Black,Black,Male,20-29,"[0.00143809 0.548398   0.3725981  0.0011095  0.06483274 0.00856472
 0.00305875]",[7.8430271e-04 9.4266802e-01 3.1048745e-02 2.5498936e-02],[9.9999976e-01 2.0399456e-07],"[5.2189478e-07 3.9414903e-05 4.5431651e-02 8.7334490e-01 7.8951977e-02
 2.2038780e-03 2.6738806e-05 9.4736993e-07 1.8256177e-08]"
D:\Uni\Ulm\Master\Hiwi-Forschung-und-Lehre\FairFace\detected_faces\942298_face0.jpg,White,White,Female,20-29,"[9.9996954e-01 4.9914760e-08 7.3483034e-06 4.7416350e-07 5.2938958e-07
 2.2194738e-08 2.2114320e-05]",[9.9988389e-01 6.7564470e-05 4.6907415e-05 1.7017262e-06],[0.34270677 0.6572932 ],"[1.0461806e-08 1.4718119e-05 1.2283796e-01 8.2996517e-01 4.6841189e-02
 3.4015343e-04 8.1861043e-07 4.8531010e-09 1.7614836e-10]"
D:\Uni\Ulm\Master\Hiwi-Forschung-und-Lehre\FairFace\detected_faces\942335_face0.jpg,Latino_Hispanic,White,Male,30-39,"[0.3638334  0.00897199 0.5592474  0.00072094 0.00270476 0.02897881
 0.0355428 ]",[0.7804826  0.17086482 0.00543609 0.04321644],[1.0000000e+00 7.2392115e-09],"[5.7422243e-05 1.4685396e-03 4.1850593e-02 2.4610025e-01 5.2307463e-01
 1.7394307e-01 1.3178131e-02 3.2556173e-04 1.8078242e-06]"
D:\Uni\Ulm\Master\Hiwi-Forschung-und-Lehre\FairFace\detected_faces\942336_face0.jpg,White,White,Male,20-29,"[7.1038425e-01 3.7456071e-04 4.3875236e-02 5.6220109e-05 8.5450891e-05
 1.4228168e-03 2.4380141e-01]",[9.9782443e-01 2.6195732e-04 1.9048405e-04 1.7231370e-03],[9.9999315e-01 6.9059183e-06],"[3.1543918e-06 4.0836327e-05 1.9293840e-03 6.5066302e-01 3.4082568e-01
 6.5142009e-03 2.3410545e-05 3.2979858e-07 6.1773635e-09]"
D:\Uni\Ulm\Master\Hiwi-Forschung-und-Lehre\FairFace\detected_faces\942382_face0.jpg,White,White,Male,20-29,"[8.78721356e-01 1.59412637e-04 1.56130316e-02 1.47129394e-05
 5.95702732e-05 4.17572533e-04 1.05014324e-01]",[9.9735266e-01 1.2110719e-03 2.5255873e-04 1.1837274e-03],[9.999991e-01 8.739302e-07],"[1.1891748e-06 4.2210559e-05 7.4349376e-03 6.7852437e-01 3.0867511e-01
 5.3011659e-03 2.0774318e-05 2.6898516e-07 6.1866730e-09]"
D:\Uni\Ulm\Master\Hiwi-Forschung-und-Lehre\FairFace\detected_faces\942836_face0.jpg,Black,Black,Male,30-39,"[1.7711298e-04 8.9606148e-01 3.0638110e-02 2.4901276e-06 1.0641700e-04
 7.2555721e-02 4.5863906e-04]",[8.082760e-05 9.223079e-01 1.282066e-04 7.748308e-02],[9.9999988e-01 1.1685129e-07],"[1.8682247e-06 2.3408014e-05 1.1422621e-03 9.9643603e-02 5.4354644e-01
 3.3063769e-01 2.4645744e-02 3.5646500e-04 2.5835081e-06]"
D:\Uni\Ulm\Master\Hiwi-Forschung-und-Lehre\FairFace\detected_faces\942856_face0.jpg,White,White,Male,10-19,"[8.7874120e-01 1.9909893e-04 7.2067820e-02 4.6672551e-05 1.5570947e-04
 2.2607554e-04 4.8563410e-02]",[9.9972761e-01 1.2228283e-04 7.5455559e-05 7.4721058e-05],[9.9999791e-01 2.0080079e-06],"[3.0603669e-08 1.7665808e-04 8.1574446e-01 1.8208748e-01 1.9586708e-03
 3.2502045e-05 2.0788931e-07 4.9871809e-09 6.1046605e-11]"
D:\Uni\Ulm\Master\Hiwi-Forschung-und-Lehre\FairFace\detected_faces\942907_face0.jpg,White,White,Male,20-29,"[5.7493842e-01 5.4627395e-05 4.6479210e-02 3.7612024e-04 4.0124150e-04
 1.8349880e-03 3.7591544e-01]",[9.9712193e-01 7.4372649e-05 7.6376961e-04 2.0399201e-03],[9.9999964e-01 2.9042604e-07],"[4.48989283e-07 1.00986545e-04 2.48830393e-02 8.77916098e-01
 9.61340889e-02 9.63207509e-04 2.03585091e-06 1.95403818e-08
 1.98313352e-10]"
D:\Uni\Ulm\Master\Hiwi-Forschung-und-Lehre\FairFace\detected_faces\942944_face0.jpg,White,White,Male,20-29,"[9.8070860e-01 3.7910813e-06 5.2846858e-04 8.7981005e-07 2.4521928e-06
 1.2971724e-06 1.8754546e-02]",[9.9939537e-01 5.5119989e-04 2.1974913e-05 3.1418906e-05],[9.999928e-01 7.207301e-06],"[7.9007762e-08 2.0676346e-04 3.7966648e-01 6.0950989e-01 1.0472364e-02
 1.4413692e-04 4.1932563e-07 6.4943073e-09 1.6384491e-10]"
D:\Uni\Ulm\Master\Hiwi-Forschung-und-Lehre\FairFace\detected_faces\942990_face0.jpg,White,White,Male,20-29,"[9.9999142e-01 3.8718531e-06 1.8631732e-06 1.6203488e-08 1.3332490e-07
 2.8333523e-07 2.4144422e-06]",[9.9960095e-01 3.7538874e-04 5.7145039e-06 1.7968849e-05],[9.9999654e-01 3.4922580e-06],"[2.1204214e-07 2.0434372e-05 6.7120818e-03 6.9975907e-01 2.8196391e-01
 1.0944093e-02 5.9163268e-04 7.9823667e-06 5.7282068e-07]"
D:\Uni\Ulm\Master\Hiwi-Forschung-und-Lehre\FairFace\detected_faces\942992_face0.jpg,Middle Eastern,White,Male,20-29,"[1.4787658e-01 1.8066445e-03 3.4453696e-01 2.8997590e-04 6.2665262e-04
 8.0273272e-03 4.9683589e-01]",[0.70816165 0.03126263 0.00732891 0.25324678],[9.9998987e-01 1.0102607e-05],"[1.09685357e-06 3.27673879e-05 8.06909520e-03 8.68899226e-01
 1.21090546e-01 1.89687975e-03 1.00000507e-05 3.94067854e-07
 9.13381548e-09]"
D:\Uni\Ulm\Master\Hiwi-Forschung-und-Lehre\FairFace\detected_faces\943006_face0.jpg,White,White,Male,20-29,"[7.1547985e-01 4.1732998e-04 5.5366226e-02 8.6252985e-05 2.5896152e-04
 2.8630131e-04 2.2810517e-01]",[0.9915643  0.00131798 0.00212334 0.0049944 ],[9.9999893e-01 1.1112971e-06],"[2.1073693e-07 3.3541481e-04 2.7233377e-01 6.8857849e-01 3.6999214e-02
 1.7306557e-03 2.1804450e-05 4.4124630e-07 6.7639463e-09]"
D:\Uni\Ulm\Master\Hiwi-Forschung-und-Lehre\FairFace\detected_faces\943007_face0.jpg,Middle Eastern,White,Male,20-29,"[6.22730516e-02 4.33428999e-04 1.23474084e-01 4.70794294e-05
 2.91164382e-04 8.03423952e-03 8.05446982e-01]",[0.5303932  0.02240006 0.01553674 0.43166998],[1.0000000e+00 5.2154174e-09],"[1.1528363e-09 7.1318215e-07 1.6267814e-02 9.4745052e-01 3.6086116e-02
 1.9431075e-04 4.7254838e-07 1.1561024e-08 8.3276962e-11]"
D:\Uni\Ulm\Master\Hiwi-Forschung-und-Lehre\FairFace\detected_faces\943015_face0.jpg,White,White,Male,20-29,"[9.98276532e-01 1.05760046e-04 4.96709661e-04 7.14312500e-06
 6.08221417e-05 3.24314738e-06 1.04972336e-03]",[0.8811692  0.05855737 0.05889973 0.00137374],[0.99038726 0.00961272],"[2.2259870e-08 1.2635654e-04 2.6720375e-01 7.1298611e-01 1.9349085e-02
 3.3045418e-04 3.9792963e-06 1.4883973e-07 4.8194186e-09]"
D:\Uni\Ulm\Master\Hiwi-Forschung-und-Lehre\FairFace\detected_faces\943017_face0.jpg,Black,Black,Male,20-29,"[6.1840410e-03 9.4413650e-01 4.2336933e-02 2.7852174e-04 4.2640250e-03
 9.5488364e-04 1.8451486e-03]",[2.1171711e-04 9.9933743e-01 3.2778553e-04 1.2306636e-04],[0.9871774  0.01282266],"[2.3890052e-05 5.0012940e-03 4.0388191e-01 4.7318947e-01 9.4175451e-02
 2.1287423e-02 2.2009481e-03 2.2009469e-04 1.9601071e-05]"
D:\Uni\Ulm\Master\Hiwi-Forschung-und-Lehre\FairFace\detected_faces\943073_face0.jpg,Latino_Hispanic,White,Male,30-39,"[0.05564531 0.07853591 0.7146284  0.00351993 0.02324099 0.04852609
 0.07590344]",[0.6668194  0.2691828  0.00482862 0.0591691 ],[0.9984587  0.00154132],"[1.9766449e-05 1.4901262e-03 5.0054446e-02 2.6916876e-01 5.7201183e-01
 1.0423161e-01 2.9750550e-03 4.7678524e-05 7.8462983e-07]"
D:\Uni\Ulm\Master\Hiwi-Forschung-und-Lehre\FairFace\detected_faces\943120_face0.jpg,White,White,Male,20-29,"[6.6487861e-01 3.3860435e-04 1.2724818e-01 1.7419501e-05 5.8455080e-05
 2.4858750e-03 2.0497274e-01]",[9.9495345e-01 4.7356531e-04 5.0703806e-05 4.5222742e-03],[9.9999720e-01 2.7707454e-06],"[4.6455821e-07 4.5199973e-05 6.0167070e-03 7.6107526e-01 2.3063998e-01
 2.2194581e-03 2.8971328e-06 3.0494245e-08 3.5596109e-10]"
D:\Uni\Ulm\Master\Hiwi-Forschung-und-Lehre\FairFace\detected_faces\943212_face0.jpg,Latino_Hispanic,White,Male,20-29,"[4.2949322e-01 2.1544557e-04 4.8844823e-01 2.5130762e-04 1.0705430e-03
 1.6178199e-03 7.8903414e-02]",[0.933744   0.00398549 0.04269724 0.01957329],[9.999201e-01 7.985769e-05],"[1.4651151e-08 8.2656825e-06 8.1034742e-02 8.6194378e-01 5.6111027e-02
 8.9859951e-04 3.5794772e-06 4.0569844e-08 6.9176093e-10]"
D:\Uni\Ulm\Master\Hiwi-Forschung-und-Lehre\FairFace\detected_faces\943253_face0.jpg,White,White,Male,20-29,"[0.5202338  0.00230874 0.34789076 0.00082962 0.00182933 0.00084512
 0.12606257]",[9.9277455e-01 6.1188638e-03 2.8359471e-04 8.2299666e-04],[9.9999702e-01 3.0248218e-06],"[9.07026902e-07 1.14776514e-04 3.43605280e-02 8.13210905e-01
 1.47831410e-01 4.42981580e-03 5.05981770e-05 1.06252151e-06
 1.83804278e-08]"
D:\Uni\Ulm\Master\Hiwi-Forschung-und-Lehre\FairFace\detected_faces\943380_face0.jpg,Middle Eastern,White,Male,20-29,"[2.24816754e-01 1.05542742e-04 7.01918304e-02 2.32262653e-04
 3.36860103e-04 1.32918395e-02 6.91024899e-01]",[0.932619   0.00324359 0.00250191 0.06163556],[9.9988878e-01 1.1125396e-04],"[1.3935638e-06 6.7163375e-05 2.4165912e-03 6.1282182e-01 3.7852651e-01
 6.1562359e-03 1.0137151e-05 1.5223050e-07 2.7417619e-09]"
D:\Uni\Ulm\Master\Hiwi-Forschung-und-Lehre\FairFace\detected_faces\943545_face0.jpg,Latino_Hispanic,Black,Male,20-29,"[3.3101439e-02 3.8434917e-01 4.1881162e-01 9.7153934e-05 1.2865284e-03
 7.8366157e-03 1.5451743e-01]",[1.7595163e-03 9.9536788e-01 7.4164564e-04 2.1309995e-03],[9.9998879e-01 1.1192871e-05],"[3.4507457e-06 1.4058300e-04 2.1224925e-02 6.2164265e-01 3.2977864e-01
 2.5876656e-02 1.2941851e-03 3.8157628e-05 7.8308256e-07]"
D:\Uni\Ulm\Master\Hiwi-Forschung-und-Lehre\FairFace\detected_faces\943550_face0.jpg,White,White,Male,30-39,"[9.9828720e-01 2.5933332e-06 1.4487190e-04 2.0689092e-06 8.9886234e-06
 1.3221555e-06 1.5529729e-03]",[9.9939585e-01 1.9031901e-04 3.8678868e-04 2.7075650e-05],[9.9999964e-01 3.7141518e-07],"[1.68880194e-06 1.04100596e-04 8.25557020e-03 3.43531936e-01
 5.85635483e-01 6.17525801e-02 7.11118919e-04 7.47141712e-06
 1.30941999e-07]"
D:\Uni\Ulm\Master\Hiwi-Forschung-und-Lehre\FairFace\detected_faces\943595_face0.jpg,White,White,Male,20-29,"[9.4002187e-01 5.9830705e-03 4.2648833e-02 1.5729976e-05 1.0723106e-04
 1.7006868e-04 1.1053252e-02]",[9.8380607e-01 1.5346413e-02 2.5892482e-04 5.8860070e-04],[9.9999410e-01 5.8696637e-06],"[1.4437070e-08 1.3533749e-05 7.8440137e-02 8.8885897e-01 3.2147527e-02
 5.3120317e-04 8.4494550e-06 1.8751976e-07 4.0624926e-09]"
D:\Uni\Ulm\Master\Hiwi-Forschung-und-Lehre\FairFace\detected_faces\943596_face0.jpg,White,White,Male,20-29,"[9.6732265e-01 2.9749177e-05 2.9722825e-03 1.0955357e-05 3.4550292e-05
 7.5002563e-06 2.9622300e-02]",[9.9964821e-01 1.8639916e-04 1.3074187e-04 3.4616409e-05],[9.9999994e-01 4.2922643e-08],"[1.6905116e-09 4.4519965e-07 6.2777717e-03 9.5695561e-01 3.6604982e-02
 1.6077822e-04 3.9309836e-07 4.9615738e-09 5.8170590e-11]"
D:\Uni\Ulm\Master\Hiwi-Forschung-und-Lehre\FairFace\detected_faces\943644_face0.jpg,White,White,Male,10-19,"[9.9933809e-01 1.8510353e-06 1.6375956e-04 1.8647054e-04 1.7339039e-04
 2.6344408e-06 1.3371911e-04]",[9.4199634e-01 1.4421994e-05 5.7981297e-02 8.0050186e-06],[9.9998981e-01 1.0190729e-05],"[2.4180406e-06 3.5385287e-03 4.8180550e-01 4.8116332e-01 3.2737378e-02
 7.4446190e-04 8.2314391e-06 1.6308215e-07 5.2827533e-09]"
D:\Uni\Ulm\Master\Hiwi-Forschung-und-Lehre\FairFace\detected_faces\943645_face0.jpg,Latino_Hispanic,Black,Male,20-29,"[4.6926927e-02 1.3887301e-01 8.0373305e-01 3.3883924e-05 2.3495527e-04
 9.1318516e-03 1.0663576e-03]",[6.1426093e-03 9.7536957e-01 3.0380161e-04 1.8184060e-02],[9.9998915e-01 1.0806226e-05],"[6.4652420e-07 1.9506479e-05 2.3292467e-02 6.8174779e-01 2.6212621e-01
 3.0268133e-02 2.4948712e-03 4.9572649e-05 7.7921021e-07]"
D:\Uni\Ulm\Master\Hiwi-Forschung-und-Lehre\FairFace\detected_faces\943646_face0.jpg,Black,Black,Male,20-29,"[8.6074687e-07 9.9997616e-01 1.7709848e-05 6.2445058e-09 1.4283371e-07
 3.7905829e-06 1.3309516e-06]",[2.4896002e-07 9.9999851e-01 4.7434444e-08 1.1435859e-06],[9.999954e-01 4.608413e-06],"[4.3870440e-08 2.6227561e-05 5.3527843e-02 8.4300125e-01 1.0070351e-01
 2.7210498e-03 1.9449677e-05 5.8853936e-07 2.1054145e-08]"
D:\Uni\Ulm\Master\Hiwi-Forschung-und-Lehre\FairFace\detected_faces\943652_face0.jpg,White,White,Male,20-29,"[9.9442697e-01 1.0146007e-05 2.7682360e-03 5.9775019e-04 4.0008489e-04
 6.3102161e-06 1.7903536e-03]",[9.9397069e-01 2.0055787e-03 3.7720741e-03 2.5168553e-04],[1.000000e+00 9.897723e-10],"[7.9922264e-09 1.1605428e-06 1.1368779e-02 8.7036484e-01 1.1623281e-01
 2.0124491e-03 1.9743558e-05 1.5475355e-07 1.1465232e-09]"
D:\Uni\Ulm\Master\Hiwi-Forschung-und-Lehre\FairFace\detected_faces\943661_face0.jpg,Middle Eastern,Indian,Male,20-29,"[2.2308059e-02 2.5217920e-03 2.2874784e-01 2.7750075e-05 2.1001033e-04
 1.6354002e-02 7.2983044e-01]",[0.23427483 0.31490508 0.02948256 0.42133754],[9.9999970e-01 3.0864473e-07],"[2.2905963e-06 7.7695666e-05 4.3430426e-03 6.6853136e-01 3.1846344e-01
 8.5309744e-03 5.0072678e-05 1.1647088e-06 1.7023888e-08]"
D:\Uni\Ulm\Master\Hiwi-Forschung-und-Lehre\FairFace\detected_faces\943662_face0.jpg,White,White,Male,30-39,"[5.330445e-01 3.367687e-04 1.171160e-01 9.136114e-04 6.509736e-04
 6.940054e-03 3.409981e-01]",[9.9531841e-01 1.1899501e-04 1.9365167e-03 2.6260174e-03],[9.9997854e-01 2.1457990e-05],"[1.1763220e-06 8.6044847e-06 3.6627098e-04 2.6754540e-01 7.0470709e-01
 2.7258996e-02 1.1134286e-04 1.1376171e-06 1.2725953e-08]"
D:\Uni\Ulm\Master\Hiwi-Forschung-und-Lehre\FairFace\detected_faces\943713_face0.jpg,White,White,Male,30-39,"[8.55935574e-01 2.91840010e-03 1.13683410e-01 3.22413871e-05
 1.08468215e-04 4.79115144e-04 2.68427711e-02]",[9.9521512e-01 3.4278259e-03 8.7432255e-04 4.8278930e-04],[9.9999654e-01 3.4861851e-06],"[4.3612292e-07 4.4787871e-06 8.3994138e-04 4.0778297e-01 5.6011772e-01
 3.1008761e-02 2.4292796e-04 2.7716053e-06 2.9280145e-08]"
D:\Uni\Ulm\Master\Hiwi-Forschung-und-Lehre\FairFace\detected_faces\943926_face0.jpg,White,White,Male,20-29,"[9.0494287e-01 2.8285739e-04 6.2942743e-02 3.5013095e-04 7.8551873e-04
 1.8695340e-03 2.8826501e-02]",[0.9571425  0.00932294 0.01042447 0.02311014],[1.0000000e+00 8.1976355e-09],"[1.5296939e-08 3.6308165e-06 7.0833657e-03 7.6478291e-01 2.2325222e-01
 4.8572533e-03 2.0189946e-05 3.6813273e-07 3.8389056e-09]"
D:\Uni\Ulm\Master\Hiwi-Forschung-und-Lehre\FairFace\detected_faces\943940_face0.jpg,Black,Black,Male,20-29,"[1.5581296e-05 9.9760330e-01 1.3669158e-03 3.2793167e-07 1.9523850e-05
 8.1501517e-04 1.7934891e-04]",[2.5756523e-05 9.9979037e-01 1.2665704e-05 1.7123723e-04],[9.9999505e-01 4.9812670e-06],"[6.69465908e-06 5.13481209e-04 1.19726593e-02 6.37190819e-01
 3.41218531e-01 9.06874612e-03 2.88532265e-05 2.73683384e-07
 1.32959395e-08]"
D:\Uni\Ulm\Master\Hiwi-Forschung-und-Lehre\FairFace\detected_faces\944027_face0.jpg,White,White,Male,10-19,"[9.9731821e-01 1.3202777e-08 2.5732787e-05 6.8813523e-07 9.0659341e-07
 1.5552891e-07 2.6543287e-03]",[9.9992073e-01 7.0414135e-06 5.2111678e-05 2.0104926e-05],[9.9999994e-01 1.0289451e-07],"[4.6983523e-08 3.0382519e-04 7.0974970e-01 2.8435075e-01 5.4151299e-03
 1.8009920e-04 4.4780825e-07 4.6668984e-09 4.6397084e-11]"
D:\Uni\Ulm\Master\Hiwi-Forschung-und-Lehre\FairFace\detected_faces\944036_face0.jpg,White,White,Male,20-29,"[9.9992472e-01 1.9428930e-06 7.6325578e-06 1.7385029e-06 7.9386009e-06
 2.3973826e-07 5.5763969e-05]",[9.9970835e-01 2.6721627e-04 1.9529318e-05 4.9212745e-06],[0.99888986 0.00111013],"[1.8074979e-05 4.5594288e-04 4.3278836e-02 6.0393786e-01 2.5537977e-01
 7.5603597e-02 1.8553706e-02 2.5576327e-03 2.1459063e-04]"
D:\Uni\Ulm\Master\Hiwi-Forschung-und-Lehre\FairFace\detected_faces\944049_face0.jpg,White,White,Male,20-29,"[9.1266042e-01 3.5375571e-05 2.2092886e-02 3.1842901e-05 6.3414773e-05
 6.3754786e-05 6.5052278e-02]",[9.9968171e-01 3.4758330e-05 2.7443473e-05 2.5609531e-04],[9.9999785e-01 2.1576561e-06],"[3.0293732e-09 1.3173990e-06 2.0835085e-02 9.4522196e-01 3.3673208e-02
 2.6757788e-04 8.2222988e-07 7.7837514e-09 9.7924953e-11]"
D:\Uni\Ulm\Master\Hiwi-Forschung-und-Lehre\FairFace\detected_faces\944100_face0.jpg,White,White,Male,10-19,"[9.99886751e-01 2.66821445e-07 5.87457771e-06 1.92354332e-06
 2.75659295e-06 2.01457730e-08 1.02469225e-04]",[9.9992919e-01 3.4491502e-05 3.5016503e-05 1.3014546e-06],[9.9946588e-01 5.3414126e-04],"[1.4811202e-07 6.4808788e-04 5.3566486e-01 4.5724934e-01 6.3054292e-03
 1.3106984e-04 9.9507020e-07 2.7316723e-08 1.2109008e-09]"
D:\Uni\Ulm\Master\Hiwi-Forschung-und-Lehre\FairFace\detected_faces\944106_face0.jpg,Middle Eastern,White,Male,20-29,"[2.9378819e-01 6.8259033e-05 2.5016252e-02 3.4816447e-05 6.1190694e-05
 5.0243305e-04 6.8052882e-01]",[9.9053258e-01 1.9574407e-03 6.1867957e-04 6.8912180e-03],[9.9998796e-01 1.2057181e-05],"[9.8970105e-08 3.5758250e-05 2.1180803e-02 9.2530179e-01 5.3289413e-02
 1.9184341e-04 2.9778019e-07 4.8258033e-09 7.8203395e-11]"
D:\Uni\Ulm\Master\Hiwi-Forschung-und-Lehre\FairFace\detected_faces\944165_face0.jpg,White,White,Male,20-29,"[5.4644084e-01 4.2851741e-05 1.8201111e-03 3.3104229e-06 3.5808034e-06
 3.9663959e-05 4.5164964e-01]",[9.9986273e-01 1.1743085e-04 1.0002321e-05 9.7691336e-06],[9.9999976e-01 2.2739489e-07],"[2.9620719e-06 9.1327296e-04 6.8574876e-02 8.7043500e-01 5.9179414e-02
 8.9208683e-04 2.3495143e-06 4.2170548e-08 7.1170908e-10]"
D:\Uni\Ulm\Master\Hiwi-Forschung-und-Lehre\FairFace\detected_faces\944178_face0.jpg,White,White,Male,10-19,"[8.6092782e-01 9.7100256e-04 1.0118819e-01 1.2621752e-04 8.3295646e-04
 2.4058607e-03 3.3547908e-02]",[0.99088037 0.00412165 0.00105886 0.00393912],[1.0000000e+00 1.0228738e-08],"[5.3504605e-06 6.8833530e-03 5.7667357e-01 2.8917748e-01 1.0565027e-01
 2.1294115e-02 3.1207551e-04 3.7152613e-06 2.4537085e-08]"
D:\Uni\Ulm\Master\Hiwi-Forschung-und-Lehre\FairFace\detected_faces\944183_face0.jpg,White,White,Male,20-29,"[9.9753129e-01 9.0673529e-07 1.5334484e-04 1.3749508e-06 3.0171959e-06
 1.5152915e-06 2.3085412e-03]",[9.9998438e-01 1.1402076e-05 1.3195603e-06 2.8090537e-06],[9.9999738e-01 2.6289933e-06],"[1.7236047e-07 3.0315242e-04 2.4815297e-01 7.1044487e-01 3.8927164e-02
 2.1342379e-03 3.6410191e-05 1.0657043e-06 3.0964451e-08]"
D:\Uni\Ulm\Master\Hiwi-Forschung-und-Lehre\FairFace\detected_faces\944184_face0.jpg,White,White,Male,10-19,"[9.9998897e-01 4.0079889e-10 4.1737826e-07 4.6893587e-07 2.1401222e-07
 8.2428459e-10 9.9710796e-06]",[9.9999815e-01 1.0191072e-07 1.7790137e-06 3.3857088e-08],[9.9999982e-01 1.6698647e-07],"[1.0341054e-05 3.4244265e-02 9.3851668e-01 1.9685481e-02 5.3716959e-03
 2.1264479e-03 4.4051867e-05 9.8829480e-07 1.9597838e-08]"
D:\Uni\Ulm\Master\Hiwi-Forschung-und-Lehre\FairFace\detected_faces\944198_face0.jpg,White,White,Male,20-29,"[8.5577446e-01 1.3570699e-04 2.8998274e-03 1.4283343e-06 9.2756691e-06
 9.8574921e-05 1.4108083e-01]",[9.9814445e-01 1.5236232e-03 2.0111676e-05 3.1188971e-04],[9.9999982e-01 1.7629355e-07],"[1.2985295e-06 2.1811753e-05 2.5097628e-03 6.4299840e-01 3.4499577e-01
 9.4244517e-03 4.7741945e-05 7.4374378e-07 9.7217896e-09]"
D:\Uni\Ulm\Master\Hiwi-Forschung-und-Lehre\FairFace\detected_faces\944200_face0.jpg,Latino_Hispanic,White,Male,20-29,"[0.15492417 0.01995645 0.45592433 0.00324185 0.00764835 0.00601199
 0.3522928 ]",[0.6124564  0.3111876  0.03892292 0.0374331 ],[1.0000000e+00 1.4658086e-08],"[2.7461067e-07 5.7738093e-06 3.4917109e-03 6.5434921e-01 3.2480091e-01
 1.6947510e-02 3.9488054e-04 9.6569938e-06 6.5076065e-08]"
D:\Uni\Ulm\Master\Hiwi-Forschung-und-Lehre\FairFace\detected_faces\944201_face0.jpg,White,White,Male,20-29,"[9.8642927e-01 5.1006620e-05 4.7425772e-03 1.5839629e-05 7.4084724e-05
 3.7382168e-05 8.6498857e-03]",[9.9766743e-01 1.6335455e-03 4.3483372e-04 2.6417780e-04],[9.9999934e-01 6.4941491e-07],"[1.50573339e-06 1.00105564e-04 3.31851132e-02 6.65253520e-01
 2.86391407e-01 1.48696881e-02 1.93877844e-04 4.62498201e-06
 8.83541773e-08]"
D:\Uni\Ulm\Master\Hiwi-Forschung-und-Lehre\FairFace\detected_faces\944225_face0.jpg,White,White,Male,20-29,"[9.9777651e-01 3.3843592e-06 1.6146154e-03 4.6482572e-05 1.2408737e-04
 1.2907403e-05 4.2201084e-04]",[9.9929911e-01 1.0931284e-04 5.4746482e-04 4.4085838e-05],[9.9999994e-01 4.4564651e-08],"[2.1216704e-07 4.1321843e-04 2.3463817e-01 7.0745528e-01 5.4297771e-02
 3.1657508e-03 2.9295978e-05 3.4193613e-07 6.1789982e-09]"
D:\Uni\Ulm\Master\Hiwi-Forschung-und-Lehre\FairFace\detected_faces\944242_face0.jpg,Black,Black,Male,20-29,"[2.5450022e-04 9.9376947e-01 5.5632796e-03 4.4542276e-07 1.2279912e-05
 3.4074215e-05 3.6595552e-04]",[4.1287352e-05 9.9993044e-01 1.8235893e-05 1.0059483e-05],[1.0000000e+00 5.0157807e-09],"[1.0670317e-08 1.5948589e-06 1.2697590e-02 9.2316526e-01 6.3357189e-02
 7.7490311e-04 3.4016937e-06 6.5973026e-08 1.4542918e-09]"
D:\Uni\Ulm\Master\Hiwi-Forschung-und-Lehre\FairFace\detected_faces\944245_face0.jpg,White,White,Male,20-29,"[9.9890536e-01 2.8270779e-06 8.0597427e-05 1.3389749e-05 1.1415656e-05
 1.3238279e-06 9.8502124e-04]",[9.9997109e-01 4.3357513e-06 1.4350167e-05 1.0249597e-05],[9.9999815e-01 1.8874605e-06],"[2.2862817e-08 1.5893795e-05 1.5796734e-02 9.0735149e-01 7.5997442e-02
 8.3603448e-04 2.3403097e-06 5.9048244e-08 1.1178566e-09]"
D:\Uni\Ulm\Master\Hiwi-Forschung-und-Lehre\FairFace\detected_faces\944252_face0.jpg,Middle Eastern,Indian,Male,20-29,"[0.04112935 0.00072265 0.15200634 0.00080932 0.00404477 0.14177293
 0.65951467]",[0.11625955 0.0200144  0.00152386 0.86220217],[9.990422e-01 9.578128e-04],"[2.4747592e-07 8.2254625e-04 3.6179128e-01 6.3037169e-01 6.9375266e-03
 7.6304641e-05 3.3727892e-07 2.1913309e-08 9.8403630e-10]"
D:\Uni\Ulm\Master\Hiwi-Forschung-und-Lehre\FairFace\detected_faces\944264_face0.jpg,White,White,Male,30-39,"[6.9061452e-01 6.2344404e-04 2.8168273e-01 7.4199990e-05 2.3899879e-04
 4.6846638e-03 2.2081440e-02]",[0.94453365 0.00462252 0.00206966 0.04877423],[9.999959e-01 4.101030e-06],"[1.19197500e-06 2.22646740e-05 4.20298055e-03 3.61655951e-01
 5.60530186e-01 7.25631192e-02 1.01445685e-03 9.77223681e-06
 1.08912054e-07]"
D:\Uni\Ulm\Master\Hiwi-Forschung-und-Lehre\FairFace\detected_faces\944288_face0.jpg,White,White,Male,20-29,"[9.8375118e-01 1.4445627e-05 5.2873036e-03 2.6332444e-05 8.2740116e-05
 5.2915193e-06 1.0832720e-02]",[9.9949074e-01 2.2226138e-04 2.7213743e-04 1.4910737e-05],[9.9999982e-01 1.9058906e-07],"[4.8773973e-08 4.8040216e-05 1.6107468e-01 8.0046064e-01 3.7762053e-02
 6.5175991e-04 2.7700885e-06 2.5735091e-08 2.3579502e-10]"
D:\Uni\Ulm\Master\Hiwi-Forschung-und-Lehre\FairFace\detected_faces\944327_face0.jpg,Latino_Hispanic,Black,Male,30-39,"[3.4503363e-02 5.9771877e-02 6.9506288e-01 5.4949260e-04 3.7357502e-03
 5.1454287e-02 1.5492240e-01]",[0.0685273  0.61622846 0.01667395 0.29857025],[1.0000000e+00 2.0037307e-08],"[4.19788330e-06 1.03616796e-04 7.74354441e-03 2.60620028e-01
 5.98182559e-01 1.30196214e-01 3.11639509e-03 3.32162235e-05
 1.88803241e-07]"
D:\Uni\Ulm\Master\Hiwi-Forschung-und-Lehre\FairFace\detected_faces\944382_face0.jpg,White,White,Male,20-29,"[8.4432530e-01 2.1139678e-04 1.8985419e-02 4.1109092e-06 2.8386425e-05
 2.5339631e-04 1.3619196e-01]",[9.9811423e-01 1.2485109e-03 5.5565521e-05 5.8171520e-04],[9.9999988e-01 1.3446959e-07],"[1.9686136e-07 1.7982202e-04 1.9200222e-01 7.7785754e-01 2.9669575e-02
 2.8977144e-04 8.8825539e-07 1.7949311e-08 1.7803529e-10]"
D:\Uni\Ulm\Master\Hiwi-Forschung-und-Lehre\FairFace\detected_faces\944481_face0.jpg,White,White,Male,10-19,"[9.9120951e-01 7.2871680e-06 1.8007136e-03 8.3736290e-05 1.6448805e-04
 2.0505304e-05 6.7137969e-03]",[9.9954724e-01 8.4594058e-06 4.1011718e-04 3.4112978e-05],[9.9999982e-01 2.1399455e-07],"[7.3222182e-08 7.1630377e-04 6.3985580e-01 3.4861985e-01 1.0067427e-02
 7.3176011e-04 8.5687543e-06 1.5206841e-07 1.9305717e-09]"
D:\Uni\Ulm\Master\Hiwi-Forschung-und-Lehre\FairFace\detected_faces\944609_face0.jpg,Latino_Hispanic,White,Male,20-29,"[2.1839735e-01 8.1653497e-04 5.6111026e-01 1.8530723e-04 3.0183280e-04
 2.4962067e-03 2.1669257e-01]",[9.8673856e-01 6.9116324e-04 3.0064387e-03 9.5637618e-03],[9.9986452e-01 1.3553136e-04],"[5.4472093e-07 1.5673231e-04 1.7102066e-01 7.8924638e-01 3.8855322e-02
 7.1591319e-04 4.3056179e-06 9.2545825e-08 1.3315571e-09]"
D:\Uni\Ulm\Master\Hiwi-Forschung-und-Lehre\FairFace\detected_faces\944626_face0.jpg,White,White,Male,20-29,"[6.7577559e-01 5.3829557e-05 2.5169125e-02 1.2106035e-04 3.8279052e-04
 5.3827498e-05 2.9844370e-01]",[0.992754   0.00429368 0.00182937 0.00112285],[9.9999911e-01 8.9024485e-07],"[7.5947924e-09 2.0805061e-05 9.1262519e-02 8.9026129e-01 1.8405842e-02
 4.9427672e-05 4.1044068e-08 4.5151832e-10 6.4537815e-12]"
D:\Uni\Ulm\Master\Hiwi-Forschung-und-Lehre\FairFace\detected_faces\944631_face0.jpg,White,White,Male,30-39,"[9.2989975e-01 6.6436391e-05 1.1269691e-02 4.0957897e-05 8.6338980e-05
 3.5780147e-04 5.8278996e-02]",[9.9954045e-01 8.5662934e-05 1.7234821e-04 2.0153521e-04],[9.9997312e-01 2.6907745e-05],"[9.2372022e-07 5.3256870e-05 2.8786091e-03 4.8232961e-01 5.0156468e-01
 1.3131149e-02 4.1401054e-05 3.9545941e-07 6.4245747e-09]"
D:\Uni\Ulm\Master\Hiwi-Forschung-und-Lehre\FairFace\detected_faces\944637_face0.jpg,Latino_Hispanic,Asian,Male,10-19,"[0.08496904 0.00114555 0.67838556 0.00320129 0.01061273 0.02350878
 0.19817702]",[0.2653231  0.01262287 0.5106969  0.2113571 ],[9.9998707e-01 1.2882886e-05],"[3.6259910e-06 1.3040328e-02 7.6240528e-01 2.0112644e-01 2.2749120e-02
 6.7028764e-04 4.8074794e-06 1.4793639e-07 2.1096578e-09]"
D:\Uni\Ulm\Master\Hiwi-Forschung-und-Lehre\FairFace\detected_faces\944656_face0.jpg,White,White,Male,20-29,"[9.7181964e-01 8.1814731e-05 1.9583289e-02 2.1211878e-05 5.1711584e-05
 9.6722513e-05 8.3455704e-03]",[9.9452949e-01 1.8824352e-03 6.4319908e-04 2.9450057e-03],[9.9999988e-01 1.3117729e-07],"[7.3608241e-08 5.6573631e-06 8.1647765e-03 7.2341639e-01 2.6041651e-01
 7.9272622e-03 6.8738045e-05 5.0231779e-07 4.0318007e-09]"
D:\Uni\Ulm\Master\Hiwi-Forschung-und-Lehre\FairFace\detected_faces\944898_face0.jpg,Black,Black,Male,20-29,"[2.3814330e-06 9.9991047e-01 3.9798979e-05 2.3725130e-07 5.3840977e-06
 3.8852049e-05 2.7249966e-06]",[1.1087865e-06 9.9995476e-01 3.9336619e-06 4.0202300e-05],[0.99190646 0.00809356],"[1.7036891e-07 1.1020297e-04 6.9762334e-02 8.2811069e-01 1.0007381e-01
 1.9231979e-03 1.9346398e-05 3.5349331e-07 1.8779842e-08]"
D:\Uni\Ulm\Master\Hiwi-Forschung-und-Lehre\FairFace\detected_faces\944899_face0.jpg,Indian,Indian,Male,20-29,"[0.1306912  0.00694972 0.18351223 0.00480314 0.01789099 0.45670864
 0.19944412]",[0.130399   0.28206688 0.20005031 0.38748384],[1.0000000e+00 6.1711125e-10],"[1.4604424e-07 4.1929619e-05 1.9318348e-02 7.6404136e-01 2.0885210e-01
 7.7034757e-03 4.1676449e-05 9.2627045e-07 5.9140639e-09]"
D:\Uni\Ulm\Master\Hiwi-Forschung-und-Lehre\FairFace\detected_faces\944973_face0.jpg,Black,Black,Male,20-29,"[6.5895374e-06 9.9912834e-01 1.1603657e-04 2.0166109e-08 8.6075437e-07
 7.3470460e-04 1.3396383e-05]",[4.8330930e-06 9.9990135e-01 2.0611483e-06 9.1783848e-05],[9.9996257e-01 3.7440845e-05],"[2.2446743e-08 3.8605908e-06 5.5364850e-03 6.5879685e-01 3.2687777e-01
 8.7494794e-03 3.5290326e-05 2.0193806e-07 6.5801249e-09]"
D:\Uni\Ulm\Master\Hiwi-Forschung-und-Lehre\FairFace\detected_faces\945063_face0.jpg,Black,Black,Male,20-29,"[5.4335300e-07 9.9998587e-01 1.1182214e-05 3.0929534e-08 2.1682243e-07
 1.4754925e-06 7.8347648e-07]",[3.0485111e-07 9.9997985e-01 1.6187050e-05 3.6895085e-06],[0.9973549 0.0026451],"[1.7752939e-07 1.4255041e-05 7.9802042e-03 6.4237410e-01 3.3014050e-01
 1.9281732e-02 2.0722527e-04 1.7994309e-06 5.6649231e-08]"
D:\Uni\Ulm\Master\Hiwi-Forschung-und-Lehre\FairFace\detected_faces\945097_face0.jpg,Latino_Hispanic,White,Male,10-19,"[0.22570492 0.00191346 0.7237228  0.0025599  0.01110842 0.00265333
 0.03233709]",[0.94298214 0.02294306 0.01745665 0.01661821],[9.9996287e-01 3.7114023e-05],"[1.4202649e-06 1.1586660e-02 7.7334923e-01 2.1052888e-01 4.4470667e-03
 8.6067281e-05 6.6236908e-07 2.0223117e-08 4.7736343e-10]"
D:\Uni\Ulm\Master\Hiwi-Forschung-und-Lehre\FairFace\detected_faces\945122_face0.jpg,Latino_Hispanic,White,Male,20-29,"[7.1649343e-02 2.3240866e-02 8.6019468e-01 4.0846502e-05 4.1649796e-04
 1.3331858e-03 4.3124627e-02]",[0.6723857  0.26038542 0.01012275 0.05710615],[9.9999869e-01 1.2731961e-06],"[2.1680606e-08 1.8536218e-06 8.9019062e-03 8.2574975e-01 1.6312124e-01
 2.2109149e-03 1.3984241e-05 3.1844533e-07 4.9060516e-09]"
D:\Uni\Ulm\Master\Hiwi-Forschung-und-Lehre\FairFace\detected_faces\945145_face0.jpg,Black,Black,Male,20-29,"[0.01556953 0.6044735  0.30432373 0.00110882 0.01207354 0.04852642
 0.0139245 ]",[0.02960454 0.93354934 0.00372615 0.03311995],[9.999604e-01 3.962774e-05],"[2.8884122e-07 1.4495490e-05 3.5060257e-02 7.5070459e-01 2.0822208e-01
 5.9175226e-03 7.5911004e-05 4.7388462e-06 9.7003117e-08]"
D:\Uni\Ulm\Master\Hiwi-Forschung-und-Lehre\FairFace\detected_faces\945217_face0.jpg,Black,Black,Male,20-29,"[1.6130056e-05 9.9805939e-01 3.8665030e-04 4.8771653e-07 1.7071003e-05
 1.4965512e-03 2.3716122e-05]",[7.6782699e-06 9.9981648e-01 1.5557205e-05 1.6035223e-04],[9.9999702e-01 3.0000035e-06],"[2.42949199e-07 7.80942573e-05 3.43563221e-02 7.64898360e-01
 1.89735845e-01 1.07244495e-02 2.03008225e-04 3.48901767e-06
 1.11302612e-07]"
D:\Uni\Ulm\Master\Hiwi-Forschung-und-Lehre\FairFace\detected_faces\945404_face0.jpg,White,White,Male,20-29,"[8.4460247e-01 6.6064669e-05 2.4605151e-02 3.1702777e-05 7.4213400e-05
 8.3151033e-05 1.3053723e-01]",[9.9242920e-01 5.6551960e-03 1.6366689e-04 1.7519697e-03],[1.0000000e+00 2.1264894e-08],"[2.1759583e-09 2.1890639e-06 4.1027427e-02 9.3909168e-01 1.9823303e-02
 5.5278852e-05 1.0765182e-07 1.3348398e-09 1.2959677e-11]"
D:\Uni\Ulm\Master\Hiwi-Forschung-und-Lehre\FairFace\detected_faces\945477_face0.jpg,White,White,Male,20-29,"[9.9578714e-01 6.3633197e-06 1.6058499e-03 1.9567240e-05 3.1178781e-05
 3.1321611e-06 2.5468539e-03]",[9.9961275e-01 1.0244303e-04 2.7624369e-04 8.5746433e-06],[9.9999946e-01 5.1395887e-07],"[1.1579583e-08 5.5602177e-05 3.3637780e-01 6.5853703e-01 4.9922201e-03
 3.7166203e-05 1.3425500e-07 1.6765527e-09 3.2361513e-11]"
D:\Uni\Ulm\Master\Hiwi-Forschung-und-Lehre\FairFace\detected_faces\945479_face0.jpg,White,White,Male,20-29,"[9.0445942e-01 8.0018979e-04 3.6294937e-02 6.5686362e-04 8.3239394e-04
 4.6899691e-05 5.6909338e-02]",[9.4607365e-01 4.9200535e-02 4.4354713e-03 2.9031470e-04],[9.99999881e-01 1.09012696e-07],"[9.4200260e-08 2.9358254e-05 9.5372483e-02 8.7947625e-01 2.4908779e-02
 2.1196580e-04 1.0605704e-06 4.9564029e-08 7.2599587e-10]"
D:\Uni\Ulm\Master\Hiwi-Forschung-und-Lehre\FairFace\detected_faces\945532_face0.jpg,Middle Eastern,White,Male,20-29,"[3.75082701e-01 1.13158298e-04 1.10746264e-01 1.67509515e-05
 1.58812458e-04 1.08852061e-02 5.02997041e-01]",[9.7880650e-01 2.5445651e-04 1.0069738e-04 2.0838238e-02],[1.0000000e+00 4.3500105e-08],"[1.2866030e-06 5.0845713e-04 1.0988847e-01 7.9617655e-01 9.1720477e-02
 1.6995114e-03 5.2606215e-06 6.4209281e-08 5.9567823e-10]"
D:\Uni\Ulm\Master\Hiwi-Forschung-und-Lehre\FairFace\detected_faces\945578_face0.jpg,Black,Black,Male,30-39,"[0.00811644 0.41361773 0.34405524 0.00048475 0.00790816 0.2188637
 0.00695402]",[0.00227348 0.9859777  0.0011649  0.01058389],[9.9986523e-01 1.3473115e-04],"[4.56614107e-05 5.95257676e-04 1.58892721e-02 3.60883057e-01
 4.96382475e-01 1.18896134e-01 7.18451524e-03 1.21386358e-04
 2.32861726e-06]"
D:\Uni\Ulm\Master\Hiwi-Forschung-und-Lehre\FairFace\detected_faces\945616_face0.jpg,White,White,Male,20-29,"[9.2234999e-01 6.6030174e-05 2.1366267e-02 7.2461829e-05 4.2082681e-04
 3.3168404e-04 5.5392712e-02]",[0.9850862  0.00258584 0.00178942 0.01053849],[9.9928844e-01 7.1153248e-04],"[6.1312683e-08 4.6750688e-06 3.0740611e-03 6.3444114e-01 3.5796186e-01
 4.5072739e-03 1.0819443e-05 7.8236795e-08 2.0140574e-09]"
D:\Uni\Ulm\Master\Hiwi-Forschung-und-Lehre\FairFace\detected_faces\945633_face0.jpg,Middle Eastern,White,Male,20-29,"[7.4015066e-02 8.3155005e-04 7.3006615e-02 5.0237097e-05 2.3107295e-04
 6.0836365e-04 8.5125709e-01]",[0.887655   0.07969124 0.00373189 0.02892188],[9.9998599e-01 1.3969589e-05],"[3.4056548e-06 1.1094108e-03 1.8971594e-01 6.1451155e-01 1.8619631e-01
 8.3890362e-03 7.2887044e-05 1.5041501e-06 1.5968803e-08]"
D:\Uni\Ulm\Master\Hiwi-Forschung-und-Lehre\FairFace\detected_faces\945650_face0.jpg,White,White,Male,20-29,"[9.9026304e-01 6.3225634e-06 1.9730085e-03 2.1692524e-05 3.7136793e-05
 9.7829170e-06 7.6889549e-03]",[9.9988627e-01 4.9307969e-06 1.0246819e-04 6.3095886e-06],[1.0000000e+00 1.7900671e-08],"[1.5433665e-06 2.2828027e-03 2.8431401e-01 6.9131529e-01 2.1898817e-02
 1.8683117e-04 6.6484148e-07 1.7298124e-08 3.0976596e-10]"
D:\Uni\Ulm\Master\Hiwi-Forschung-und-Lehre\FairFace\detected_faces\945790_face0.jpg,White,White,Male,20-29,"[9.9716783e-01 2.3102493e-06 3.1903837e-04 4.2999498e-05 2.0474155e-05
 3.2608775e-06 2.4442067e-03]",[9.99607444e-01 2.68135133e-04 1.12131303e-04 1.23166865e-05],[9.9917358e-01 8.2640623e-04],"[7.0125871e-08 6.7955480e-05 1.6053331e-01 8.1894040e-01 2.0317113e-02
 1.4048541e-04 6.3832164e-07 1.0672181e-08 5.4665766e-10]"
D:\Uni\Ulm\Master\Hiwi-Forschung-und-Lehre\FairFace\detected_faces\945791_face0.jpg,Black,Black,Male,20-29,"[7.1511857e-07 9.9984449e-01 3.1607513e-05 1.3720269e-07 7.1428071e-06
 1.1472593e-04 1.1937185e-06]",[3.0114616e-06 9.9997336e-01 9.9230920e-06 1.3757109e-05],[9.9999899e-01 1.0391785e-06],"[2.70095963e-08 2.27571418e-05 3.86068337e-02 8.51746559e-01
 1.07160844e-01 2.44138460e-03 2.13789590e-05 3.36516592e-07
 9.26328791e-09]"
D:\Uni\Ulm\Master\Hiwi-Forschung-und-Lehre\FairFace\detected_faces\945792_face0.jpg,White,White,Male,20-29,"[9.9980670e-01 1.1673326e-06 4.5782359e-05 4.0401360e-07 1.1208004e-06
 1.3814089e-07 1.4487418e-04]",[9.9991858e-01 9.8676837e-06 4.2313986e-05 2.9188206e-05],[9.9999952e-01 4.8396714e-07],"[1.00803881e-07 1.52060111e-05 1.37408925e-02 7.20557809e-01
 2.50678957e-01 1.47209913e-02 2.80886801e-04 5.03356068e-06
 8.00941677e-08]"
D:\Uni\Ulm\Master\Hiwi-Forschung-und-Lehre\FairFace\detected_faces\945796_face0.jpg,White,White,Male,10-19,"[9.9769735e-01 4.2599618e-06 3.0914746e-04 5.6374236e-04 6.1661471e-04
 3.9272818e-06 8.0495118e-04]",[7.8372020e-01 1.3553053e-05 2.1620320e-01 6.3143510e-05],[9.9999452e-01 5.4810484e-06],"[1.0429360e-07 2.3153217e-03 9.4668818e-01 5.0717905e-02 2.7355217e-04
 4.9171144e-06 5.4816383e-08 2.1916957e-09 6.8851952e-11]"
D:\Uni\Ulm\Master\Hiwi-Forschung-und-Lehre\FairFace\detected_faces\945798_face0.jpg,Black,Black,Male,20-29,"[1.4184275e-05 9.9831146e-01 8.2729600e-04 6.0484643e-07 4.2942367e-05
 7.9910969e-04 4.4606591e-06]",[4.62945445e-06 9.99870300e-01 1.06451362e-05 1.14376766e-04],[9.9934328e-01 6.5673504e-04],"[6.9921078e-09 6.1496360e-07 4.2030257e-03 5.5391139e-01 4.2481187e-01
 1.6884726e-02 1.8626644e-04 2.0187952e-06 6.0011821e-08]"
D:\Uni\Ulm\Master\Hiwi-Forschung-und-Lehre\FairFace\detected_faces\945806_face0.jpg,White,White,Male,20-29,"[9.9904937e-01 8.2349761e-06 1.5343800e-04 1.2216787e-04 1.2989914e-04
 9.5378402e-07 5.3592911e-04]",[9.9755937e-01 1.5365434e-04 2.2722441e-03 1.4725648e-05],[9.9999988e-01 8.1432546e-08],"[1.0510524e-07 2.4227749e-05 4.9517080e-02 9.1039896e-01 3.8821768e-02
 1.1953367e-03 4.0958636e-05 1.4899291e-06 2.9335407e-08]"
D:\Uni\Ulm\Master\Hiwi-Forschung-und-Lehre\FairFace\detected_faces\945809_face0.jpg,Black,Black,Male,20-29,"[4.5937218e-06 9.9994558e-01 2.7271186e-05 9.2557471e-08 2.0392094e-06
 1.7885335e-05 2.5073725e-06]",[1.6965400e-07 9.9999785e-01 4.0590604e-07 1.5724157e-06],[9.999496e-01 5.047216e-05],"[4.8513033e-07 2.0396393e-03 3.8754773e-01 5.7177401e-01 3.7433438e-02
 1.1825702e-03 2.1018097e-05 1.0344937e-06 6.5160975e-08]"
D:\Uni\Ulm\Master\Hiwi-Forschung-und-Lehre\FairFace\detected_faces\945815_face0.jpg,Middle Eastern,White,Male,20-29,"[4.1138196e-01 8.3015781e-05 7.8014746e-02 1.0297716e-03 8.6814869e-04
 2.5035641e-03 5.0611883e-01]",[9.8687941e-01 4.4143735e-04 2.4735215e-03 1.0205614e-02],[9.999942e-01 5.771862e-06],"[2.0384799e-05 6.7526469e-04 2.6679432e-02 7.4978125e-01 2.1809268e-01
 4.7257929e-03 2.4505154e-05 6.6640820e-07 1.2168337e-08]"
D:\Uni\Ulm\Master\Hiwi-Forschung-und-Lehre\FairFace\detected_faces\945816_face0.jpg,White,White,Male,20-29,"[7.4601889e-01 1.5126004e-04 1.9348644e-01 3.4101147e-04 6.5380684e-04
 4.9331621e-04 5.8855314e-02]",[0.99067426 0.00381376 0.00353061 0.00198138],[9.9999934e-01 6.2843014e-07],"[2.6372567e-07 3.0156316e-05 9.9908197e-03 7.9928124e-01 1.8490259e-01
 5.7502212e-03 4.3830631e-05 7.8670973e-07 6.9323671e-09]"
D:\Uni\Ulm\Master\Hiwi-Forschung-und-Lehre\FairFace\detected_faces\945878_face0.jpg,White,White,Male,20-29,"[9.9224037e-01 4.3379499e-05 2.1641133e-03 2.1054842e-05 6.4056338e-05
 3.6847568e-06 5.4633957e-03]",[9.9737394e-01 2.2823657e-03 2.7115230e-04 7.2648480e-05],[1.0000000e+00 1.9051951e-08],"[1.0029235e-08 1.6756842e-06 8.4699122e-03 9.0445644e-01 8.6114384e-02
 9.5283979e-04 4.6805949e-06 6.3881245e-08 7.6993489e-10]"
D:\Uni\Ulm\Master\Hiwi-Forschung-und-Lehre\FairFace\detected_faces\945979_face0.jpg,Latino_Hispanic,White,Male,20-29,"[0.38856184 0.00363698 0.39302626 0.0009014  0.00161296 0.00047948
 0.2117811 ]",[0.91549635 0.06557058 0.01164985 0.0072832 ],[9.9999863e-01 1.3704795e-06],"[9.0258361e-08 6.7507317e-05 1.8060036e-01 7.9276252e-01 2.6115900e-02
 4.4969784e-04 3.7975992e-06 1.1870327e-07 1.6934841e-09]"
D:\Uni\Ulm\Master\Hiwi-Forschung-und-Lehre\FairFace\detected_faces\946006_face0.jpg,White,White,Male,20-29,"[7.3829508e-01 3.8537523e-03 1.7140457e-01 1.6930222e-04 7.7823811e-04
 2.1389729e-04 8.5285120e-02]",[0.9684676  0.02684426 0.003149   0.00153917],[1.0000000e+00 1.4937328e-08],"[4.38952057e-08 1.29772925e-05 2.63671875e-02 9.04893041e-01
 6.84013516e-02 3.24506313e-04 8.41015890e-07 1.55013904e-08
 1.85645388e-10]"
D:\Uni\Ulm\Master\Hiwi-Forschung-und-Lehre\FairFace\detected_faces\946158_face0.jpg,Black,Black,Male,20-29,"[6.3754453e-07 9.9998671e-01 9.3877688e-06 1.9245643e-09 4.4091067e-08
 2.3493351e-06 9.0399840e-07]",[2.2250934e-07 9.9999857e-01 1.3089267e-07 1.1003589e-06],[9.9999982e-01 1.7082021e-07],"[1.6390848e-07 8.8395311e-05 2.3179837e-02 8.3958691e-01 1.3373797e-01
 3.3888682e-03 1.7447484e-05 3.8678303e-07 2.2709836e-08]"
D:\Uni\Ulm\Master\Hiwi-Forschung-und-Lehre\FairFace\detected_faces\946208_face0.jpg,Black,Black,Male,30-39,"[4.86875422e-07 9.99977648e-01 1.34879965e-05 6.92304714e-10
 5.33664526e-08 8.00799626e-06 2.94963229e-07]",[5.5691589e-07 9.9999619e-01 1.3353777e-07 3.1948459e-06],[1.0000000e+00 3.4219432e-09],"[1.8584336e-09 4.9107449e-08 2.1574556e-04 3.3112514e-01 6.2806553e-01
 4.0290937e-02 3.0160433e-04 9.2880583e-07 1.2126926e-08]"
D:\Uni\Ulm\Master\Hiwi-Forschung-und-Lehre\FairFace\detected_faces\946304_face0.jpg,White,White,Male,20-29,"[9.5940161e-01 9.6843414e-06 6.0907607e-03 9.1501170e-06 2.4952360e-05
 8.2549799e-05 3.4381326e-02]",[9.9966222e-01 4.2139345e-05 1.4190185e-05 2.8141553e-04],[9.9999589e-01 4.0827613e-06],"[4.1799066e-08 9.5070543e-05 1.0501182e-01 8.7659419e-01 1.8223628e-02
 7.5219243e-05 1.1438313e-07 1.5025270e-09 3.1139556e-11]"
D:\Uni\Ulm\Master\Hiwi-Forschung-und-Lehre\FairFace\detected_faces\946394_face0.jpg,White,White,Male,20-29,"[8.5347611e-01 2.5037874e-05 5.2962154e-03 2.0731517e-05 2.1228414e-05
 1.6682268e-04 1.4099388e-01]",[9.9988794e-01 1.5593558e-05 9.7108150e-06 8.6750835e-05],[9.9999684e-01 3.1560521e-06],"[7.6311117e-06 1.7739920e-04 1.4139547e-02 7.6408702e-01 2.1452247e-01
 7.0077302e-03 5.7070338e-05 1.1466299e-06 1.5731647e-08]"
D:\Uni\Ulm\Master\Hiwi-Forschung-und-Lehre\FairFace\detected_faces\946423_face0.jpg,Middle Eastern,White,Male,10-19,"[4.2088512e-01 7.7536626e-04 1.5284294e-01 6.9040179e-05 4.8364556e-04
 2.7624305e-04 4.2466760e-01]",[0.9439783  0.0469883  0.00602655 0.0030069 ],[9.9999708e-01 2.9397595e-06],"[1.19307275e-08 1.72215849e-04 5.26752472e-01 4.65592384e-01
 7.37662986e-03 1.05795130e-04 4.88540707e-07 9.18153464e-09
 1.28533670e-10]"
D:\Uni\Ulm\Master\Hiwi-Forschung-und-Lehre\FairFace\detected_faces\946493_face0.jpg,Middle Eastern,White,Male,20-29,"[2.1766563e-01 3.9602084e-05 1.9697325e-02 1.2431628e-04 2.1392462e-04
 8.7376805e-03 7.5352144e-01]",[0.8404435  0.00214977 0.01260043 0.14480637],[9.9999428e-01 5.7043217e-06],"[2.5658824e-07 6.2019986e-05 1.2557190e-02 9.0753335e-01 7.9498261e-02
 3.4831054e-04 5.6885563e-07 1.7035644e-08 3.4260608e-10]"
D:\Uni\Ulm\Master\Hiwi-Forschung-und-Lehre\FairFace\detected_faces\946561_face0.jpg,White,White,Male,20-29,"[9.9987257e-01 3.1341949e-07 5.2078678e-05 4.3135788e-06 5.2547052e-06
 1.1211626e-07 6.5449232e-05]",[9.9814570e-01 7.9117826e-04 1.0362036e-03 2.6883479e-05],[9.9998736e-01 1.2680125e-05],"[2.4763854e-06 9.0315484e-04 1.5592790e-01 7.2388762e-01 1.1400879e-01
 5.2001355e-03 6.8696339e-05 1.1673567e-06 3.2729364e-08]"
D:\Uni\Ulm\Master\Hiwi-Forschung-und-Lehre\FairFace\detected_faces\946690_face0.jpg,Middle Eastern,White,Male,20-29,"[3.3347517e-01 4.9405980e-06 3.8600902e-03 3.2027223e-04 2.8703385e-04
 4.7630808e-04 6.6157615e-01]",[9.9739647e-01 2.1031763e-05 1.4109765e-03 1.1715043e-03],[9.9995035e-01 4.9634837e-05],"[2.9994897e-06 8.3558133e-04 8.0694556e-02 8.5424471e-01 6.3338675e-02
 8.8021916e-04 3.1567558e-06 1.3121314e-07 4.0444981e-09]"
D:\Uni\Ulm\Master\Hiwi-Forschung-und-Lehre\FairFace\detected_faces\946695_face0.jpg,Black,Black,Male,20-29,"[3.0730199e-04 9.7052008e-01 1.9283514e-02 5.2195672e-05 1.8426817e-03
 6.8687433e-03 1.1255279e-03]",[9.8753888e-05 9.8329872e-01 1.5267726e-03 1.5075672e-02],[9.9999982e-01 1.7779728e-07],"[8.93750496e-09 9.16071485e-07 4.40815371e-03 9.22330678e-01
 7.27886111e-02 4.70813451e-04 7.85734699e-07 1.35417055e-08
 3.82078869e-10]"
D:\Uni\Ulm\Master\Hiwi-Forschung-und-Lehre\FairFace\detected_faces\946756_face0.jpg,White,White,Male,20-29,"[7.8220391e-01 8.1028911e-06 2.7841989e-02 9.0752606e-04 4.0951409e-04
 1.0081005e-04 1.8852811e-01]",[9.988578e-01 1.597889e-05 5.889019e-04 5.372765e-04],[9.9976784e-01 2.3214993e-04],"[6.90931312e-09 1.69266768e-05 4.23291206e-01 5.73958337e-01
 2.72307638e-03 1.04002465e-05 2.35813928e-08 9.85137305e-10
 2.33151172e-11]"
D:\Uni\Ulm\Master\Hiwi-Forschung-und-Lehre\FairFace\detected_faces\946837_face0.jpg,Middle Eastern,White,Male,20-29,"[3.97946164e-02 1.76958754e-04 7.13052079e-02 1.46500606e-05
 1.02234466e-04 4.92543122e-03 8.83680820e-01]",[0.80690634 0.00772953 0.01216207 0.17320202],[9.9999964e-01 3.6121736e-07],"[1.8654750e-07 2.2447242e-04 1.4376138e-01 8.1159776e-01 4.3807644e-02
 6.0725817e-04 1.2059744e-06 3.0353355e-08 2.0886480e-10]"
D:\Uni\Ulm\Master\Hiwi-Forschung-und-Lehre\FairFace\detected_faces\946871_face0.jpg,White,White,Male,20-29,"[9.9076444e-01 3.0782245e-05 5.9396480e-03 2.1084538e-04 4.0464816e-04
 2.9820899e-06 2.6466243e-03]",[9.9929678e-01 5.8537506e-05 6.4329035e-04 1.3837512e-06],[9.9999356e-01 6.4617921e-06],"[3.4236376e-08 2.1090952e-04 3.7509555e-01 6.1719018e-01 7.4635292e-03
 3.9677096e-05 1.3543604e-07 1.6782610e-09 3.6423430e-11]"
D:\Uni\Ulm\Master\Hiwi-Forschung-und-Lehre\FairFace\detected_faces\946888_face0.jpg,Indian,Black,Male,20-29,"[2.3921137e-03 8.8420466e-02 1.3370521e-01 6.0487320e-05 3.0664895e-03
 7.3131937e-01 4.1035894e-02]",[1.2168610e-02 7.8133190e-01 4.3832400e-04 2.0606112e-01],[1.000000e+00 3.777485e-08],"[1.8936779e-09 1.7025046e-07 7.3353329e-04 6.7658538e-01 3.2012069e-01
 2.5543801e-03 5.7282286e-06 7.7492651e-08 6.3602651e-10]"
D:\Uni\Ulm\Master\Hiwi-Forschung-und-Lehre\FairFace\detected_faces\946891_face0.jpg,Latino_Hispanic,White,Male,20-29,"[0.17458747 0.01666345 0.4587633  0.00120839 0.00744436 0.01528036
 0.32605276]",[0.8494663  0.06034103 0.00692809 0.08326455],[9.9999881e-01 1.1692847e-06],"[5.0480952e-07 2.3742563e-04 2.9563341e-01 6.6859478e-01 3.3290870e-02
 2.1399485e-03 9.7807446e-05 5.1750058e-06 6.8074264e-08]"
D:\Uni\Ulm\Master\Hiwi-Forschung-und-Lehre\FairFace\detected_faces\946918_face0.jpg,White,White,Male,20-29,"[9.9915588e-01 1.7074818e-07 9.0305599e-05 9.4783729e-07 2.2842721e-06
 1.3685216e-06 7.4909051e-04]",[9.9998069e-01 4.4388312e-06 8.9562782e-06 5.9968575e-06],[9.999905e-01 9.433335e-06],"[1.2392638e-07 1.1247501e-04 2.5236782e-01 7.1944547e-01 2.7014265e-02
 1.0548244e-03 4.9715422e-06 6.5649047e-08 1.3038240e-09]"
D:\Uni\Ulm\Master\Hiwi-Forschung-und-Lehre\FairFace\detected_faces\946943_face0.jpg,Middle Eastern,White,Male,20-29,"[2.0794089e-01 3.5748273e-04 9.5769711e-02 2.3273204e-04 3.5631243e-04
 6.9092456e-03 6.8843365e-01]",[0.9386022  0.00101185 0.0063434  0.05404251],[9.997454e-01 2.545760e-04],"[1.1429259e-07 1.6603241e-05 1.3610833e-02 8.7061620e-01 1.1534082e-01
 4.1468933e-04 6.7537593e-07 1.9210983e-08 5.6791705e-10]"
D:\Uni\Ulm\Master\Hiwi-Forschung-und-Lehre\FairFace\detected_faces\946959_face0.jpg,White,White,Male,20-29,"[9.8613715e-01 2.7218248e-06 6.4710173e-04 8.7853250e-06 9.6602425e-06
 5.3775238e-07 1.3194021e-02]",[9.9960721e-01 8.5433705e-05 2.9862681e-04 8.6534410e-06],[1.0000000e+00 3.7675765e-08],"[6.6978451e-08 4.9099413e-05 1.6780958e-01 8.0439568e-01 2.7435046e-02
 3.0899327e-04 1.5772283e-06 2.7878496e-08 2.0709477e-10]"
D:\Uni\Ulm\Master\Hiwi-Forschung-und-Lehre\FairFace\detected_faces\946982_face0.jpg,White,White,Male,20-29,"[8.7727648e-01 1.5545069e-04 5.2519239e-02 2.5308755e-04 2.6740885e-04
 7.6871907e-04 6.8759635e-02]",[9.9876523e-01 1.1640709e-04 3.9135010e-04 7.2698167e-04],[9.999956e-01 4.439713e-06],"[1.3706828e-07 5.0964168e-06 4.2377748e-03 7.3896742e-01 2.5276348e-01
 4.0123519e-03 1.3622495e-05 9.9958100e-08 1.5496893e-09]"
D:\Uni\Ulm\Master\Hiwi-Forschung-und-Lehre\FairFace\detected_faces\946985_face0.jpg,Latino_Hispanic,White,Male,30-39,"[0.2031933  0.00066515 0.58491176 0.0011697  0.00269303 0.01757742
 0.18978962]",[0.9183107  0.00723616 0.00250718 0.07194597],[9.9999958e-01 3.9894257e-07],"[1.08723834e-04 5.38008846e-03 4.25749347e-02 2.91794568e-01
 5.65423489e-01 9.27310884e-02 1.95952156e-03 2.73115129e-05
 2.09821422e-07]"
D:\Uni\Ulm\Master\Hiwi-Forschung-und-Lehre\FairFace\detected_faces\947049_face0.jpg,Middle Eastern,White,Male,20-29,"[6.9362000e-02 1.6787782e-02 3.6635533e-01 7.3057695e-06 1.0217952e-04
 1.2318638e-02 5.3506678e-01]",[0.4624464  0.45922762 0.00129483 0.07703114],[9.9999034e-01 9.6543681e-06],"[4.6883642e-08 2.6500416e-06 9.6881413e-04 5.0237256e-01 4.8982412e-01
 6.8214117e-03 1.0276908e-05 7.9694502e-08 9.9578901e-10]"
D:\Uni\Ulm\Master\Hiwi-Forschung-und-Lehre\FairFace\detected_faces\947171_face0.jpg,Middle Eastern,Indian,Male,30-39,"[1.3703288e-02 3.0285732e-03 2.5124079e-01 5.9597696e-05 8.3871512e-04
 8.0834977e-02 6.5029407e-01]",[0.09970248 0.0753523  0.0058122  0.81913304],[9.9999785e-01 2.1346377e-06],"[1.7776891e-06 1.6475300e-05 6.8340852e-04 1.6898152e-01 7.0559955e-01
 1.2351402e-01 1.1961252e-03 7.0375336e-06 8.0610768e-08]"
D:\Uni\Ulm\Master\Hiwi-Forschung-und-Lehre\FairFace\detected_faces\947201_face0.jpg,White,White,Male,20-29,"[9.9443161e-01 1.8245208e-05 3.0647833e-03 1.3090484e-05 2.9149887e-05
 1.5805463e-05 2.4273875e-03]",[9.9920946e-01 1.6472161e-04 5.0626119e-04 1.1952862e-04],[9.9994630e-01 5.3729418e-05],"[1.8354009e-06 1.6637743e-03 1.2712555e-01 7.5112867e-01 1.1389798e-01
 6.0875509e-03 9.3103721e-05 1.5585374e-06 4.4845848e-08]"
D:\Uni\Ulm\Master\Hiwi-Forschung-und-Lehre\FairFace\detected_faces\947318_face0.jpg,White,White,Male,20-29,"[8.4123439e-01 1.8140655e-04 9.6801728e-02 7.4168942e-03 1.6317200e-02
 3.2843367e-04 3.7719939e-02]",[5.1400954e-01 1.1086185e-03 4.8465133e-01 2.3043233e-04],[9.999994e-01 5.403958e-07],"[2.3194821e-07 4.7540700e-04 1.6404070e-01 7.8471273e-01 5.0011214e-02
 7.5519353e-04 4.4296348e-06 7.1394503e-08 1.0782560e-09]"
D:\Uni\Ulm\Master\Hiwi-Forschung-und-Lehre\FairFace\detected_faces\947464_face0.jpg,White,White,Male,20-29,"[9.14211869e-01 3.39884391e-05 1.64525434e-02 5.63703034e-05
 1.05855455e-04 9.97108800e-05 6.90395981e-02]",[9.9458015e-01 6.3818879e-04 1.2417161e-04 4.6575041e-03],[9.9999958e-01 3.9234274e-07],"[8.3394909e-09 1.0457647e-05 9.3822829e-02 8.8361722e-01 2.2483747e-02
 6.5692024e-05 1.0723738e-07 1.8471071e-09 2.5839240e-11]"
D:\Uni\Ulm\Master\Hiwi-Forschung-und-Lehre\FairFace\detected_faces\947853_face0.jpg,Black,Black,Male,20-29,"[2.1898575e-04 9.7662812e-01 1.5641378e-02 3.2179323e-05 1.3331176e-03
 4.4686249e-03 1.6775752e-03]",[3.4158107e-05 9.9830019e-01 2.3771382e-04 1.4279888e-03],[9.9999893e-01 1.1189019e-06],"[3.95106836e-09 4.34798721e-07 1.05743455e-02 8.96319866e-01
 9.19689387e-02 1.12931780e-03 6.99306793e-06 1.10190236e-07
 2.07819228e-09]"
D:\Uni\Ulm\Master\Hiwi-Forschung-und-Lehre\FairFace\detected_faces\947879_face0.jpg,White,White,Male,20-29,"[9.9543071e-01 3.6470323e-05 2.5382077e-03 1.1741748e-05 2.0284375e-05
 1.5681873e-05 1.9468131e-03]",[9.9976748e-01 1.3453998e-04 8.1590762e-05 1.6341195e-05],[1.000000e+00 1.915145e-08],"[8.1414582e-09 2.1626212e-07 1.9080846e-03 8.2250339e-01 1.7295165e-01
 2.5984647e-03 3.7687536e-05 4.6814168e-07 5.0567133e-09]"
D:\Uni\Ulm\Master\Hiwi-Forschung-und-Lehre\FairFace\detected_faces\947929_face0.jpg,White,White,Male,20-29,"[9.9944603e-01 3.8573403e-06 2.0327971e-04 4.2779530e-07 2.2329018e-06
 1.5184148e-05 3.2900836e-04]",[9.9772906e-01 1.3059882e-03 5.5719735e-05 9.0917642e-04],[9.9999982e-01 1.7500784e-07],"[3.0786424e-07 1.8443972e-04 5.9366509e-02 8.4328026e-01 9.0921544e-02
 6.1290828e-03 1.1645109e-04 1.3966869e-06 5.6316122e-08]"
D:\Uni\Ulm\Master\Hiwi-Forschung-und-Lehre\FairFace\detected_faces\947954_face0.jpg,Latino_Hispanic,White,Male,20-29,"[0.18396768 0.06879342 0.56377953 0.00743594 0.02633172 0.00949641
 0.1401953 ]",[0.5935871  0.12002724 0.23856334 0.04782224],[1.0000000e+00 2.0850253e-08],"[7.5479340e-07 2.7406959e-05 6.3975607e-03 7.1583992e-01 2.7042460e-01
 7.2673080e-03 4.1613108e-05 8.3486833e-07 1.0303577e-08]"
D:\Uni\Ulm\Master\Hiwi-Forschung-und-Lehre\FairFace\detected_faces\947959_face0.jpg,White,White,Male,20-29,"[5.2358323e-01 3.7280619e-04 1.7382160e-01 1.5204707e-04 5.7131128e-04
 9.9435812e-03 2.9155543e-01]",[0.9711498  0.00257773 0.00162947 0.024643  ],[9.999999e-01 7.966608e-08],"[1.0133935e-07 3.4750960e-06 1.6325508e-03 6.5108377e-01 3.4041271e-01
 6.8296967e-03 3.7329959e-05 3.9419720e-07 3.6595085e-09]"
D:\Uni\Ulm\Master\Hiwi-Forschung-und-Lehre\FairFace\detected_faces\948184_face0.jpg,Middle Eastern,White,Male,20-29,"[8.1349406e-03 5.4718490e-05 6.5942770e-03 1.9374668e-06 1.2545253e-05
 6.1048107e-04 9.8459113e-01]",[0.43953797 0.13315484 0.00453262 0.42277458],[9.9996281e-01 3.7212583e-05],"[2.0762625e-06 2.6678588e-04 5.7968788e-02 7.9416406e-01 1.4397345e-01
 3.6092703e-03 1.5226892e-05 3.4219946e-07 6.8087598e-09]"
D:\Uni\Ulm\Master\Hiwi-Forschung-und-Lehre\FairFace\detected_faces\948185_face0.jpg,White,White,Male,20-29,"[9.9999881e-01 8.0922131e-09 6.0495054e-08 6.5404933e-08 8.9175593e-08
 1.2051723e-09 9.8214764e-07]",[9.9999577e-01 1.0038882e-06 3.1153234e-06 3.8910674e-08],[9.9999785e-01 2.1304586e-06],"[1.4520019e-06 9.5272530e-04 2.4094073e-01 6.7624807e-01 7.3272683e-02
 8.2689309e-03 3.0497083e-04 9.9679874e-06 4.3313995e-07]"
D:\Uni\Ulm\Master\Hiwi-Forschung-und-Lehre\FairFace\detected_faces\948251_face0.jpg,White,White,Male,20-29,"[9.9965990e-01 2.2958703e-07 2.6517138e-05 3.0343331e-06 1.9724796e-06
 1.7089812e-07 3.0819076e-04]",[9.9996865e-01 8.5309848e-06 1.7635375e-05 5.2660407e-06],[9.9999863e-01 1.3174997e-06],"[4.2040362e-08 1.0389191e-04 2.1787368e-01 7.6780593e-01 1.4155057e-02
 6.1315448e-05 1.1092745e-07 1.1223663e-09 5.2087050e-11]"
D:\Uni\Ulm\Master\Hiwi-Forschung-und-Lehre\FairFace\detected_faces\948252_face0.jpg,Black,Black,Male,20-29,"[6.1499377e-06 9.9875540e-01 1.8166423e-04 9.5042523e-08 3.7543261e-06
 9.8854129e-04 6.4394277e-05]",[1.7007595e-06 9.9997413e-01 1.2047208e-06 2.3012073e-05],[9.9999857e-01 1.4573945e-06],"[2.7438071e-07 1.3511148e-05 6.6795582e-03 4.5950100e-01 4.5682406e-01
 7.3812135e-02 3.1238315e-03 4.4819451e-05 7.2161430e-07]"
D:\Uni\Ulm\Master\Hiwi-Forschung-und-Lehre\FairFace\detected_faces\948253_face0.jpg,Middle Eastern,White,Male,20-29,"[3.1518247e-02 6.5676816e-04 5.5267844e-02 5.5625336e-05 1.8780898e-04
 6.9562829e-04 9.1161805e-01]",[0.66698563 0.28765097 0.00758059 0.03778279],[9.9999976e-01 1.6734300e-07],"[7.1584854e-09 6.4527900e-05 2.1272033e-01 7.7474076e-01 1.2441880e-02
 3.2493619e-05 2.6720890e-08 5.5698335e-10 5.6075730e-12]"
D:\Uni\Ulm\Master\Hiwi-Forschung-und-Lehre\FairFace\detected_faces\948257_face0.jpg,Middle Eastern,White,Male,30-39,"[1.2651327e-01 7.0162595e-04 7.8272760e-02 1.1319802e-05 5.4156077e-05
 3.6427244e-03 7.9080421e-01]",[0.9392469  0.00398151 0.0066686  0.05010303],[9.999484e-01 5.164022e-05],"[8.7639540e-07 2.5158852e-05 1.2952294e-03 2.7442101e-01 6.9297761e-01
 3.1106440e-02 1.7216433e-04 1.6080854e-06 1.8524840e-08]"
D:\Uni\Ulm\Master\Hiwi-Forschung-und-Lehre\FairFace\detected_faces\948258_face0.jpg,Black,Black,Male,10-19,"[8.7161607e-06 9.9787146e-01 1.6080854e-04 1.0408852e-06 1.7691782e-05
 1.9307095e-03 9.5583509e-06]",[1.3432486e-05 9.9981856e-01 2.1702115e-05 1.4625810e-04],[0.99873674 0.0012632 ],"[4.5135090e-07 7.1616219e-03 6.9767451e-01 2.8617555e-01 8.8168383e-03
 1.6895265e-04 2.0683231e-06 6.9371218e-08 1.8116860e-09]"
D:\Uni\Ulm\Master\Hiwi-Forschung-und-Lehre\FairFace\detected_faces\948260_face0.jpg,Black,Black,Male,20-29,"[1.6408682e-06 9.9979347e-01 1.4042322e-04 8.1187136e-07 3.9383136e-05
 2.2392715e-05 1.8280734e-06]",[1.6832263e-06 9.9998611e-01 6.9969615e-06 5.2030600e-06],[9.9997979e-01 2.0206347e-05],"[5.2691979e-07 1.1862097e-03 3.2892844e-01 6.2562358e-01 4.2857308e-02
 1.3856356e-03 1.7722221e-05 5.1635288e-07 2.9179986e-08]"
D:\Uni\Ulm\Master\Hiwi-Forschung-und-Lehre\FairFace\detected_faces\948261_face0.jpg,Latino_Hispanic,Black,Male,20-29,"[1.0557868e-02 2.2334909e-01 7.5870842e-01 4.0031271e-05 6.7821570e-04
 2.1155658e-03 4.5508184e-03]",[0.01105987 0.9809531  0.00364482 0.00434219],[9.9999732e-01 2.6717332e-06],"[3.1903181e-08 1.4462362e-06 5.5929632e-03 7.3486686e-01 2.5319982e-01
 6.3061141e-03 3.2408934e-05 2.6871976e-07 3.5987318e-09]"
D:\Uni\Ulm\Master\Hiwi-Forschung-und-Lehre\FairFace\detected_faces\948263_face0.jpg,White,White,Male,20-29,"[9.57573354e-01 7.61670935e-06 4.59098397e-03 3.26193322e-06
 1.07658425e-05 1.06840205e-04 3.77072282e-02]",[9.9963838e-01 1.6948452e-05 3.0370524e-05 3.1435874e-04],[9.9998701e-01 1.2968527e-05],"[2.0022320e-08 5.9925463e-07 7.1734830e-04 6.0432088e-01 3.8767231e-01
 7.2619189e-03 2.6549660e-05 2.9657392e-07 3.8876609e-09]"
D:\Uni\Ulm\Master\Hiwi-Forschung-und-Lehre\FairFace\detected_faces\948723_face0.jpg,Black,Black,Male,20-29,"[0.01350303 0.78344303 0.16843447 0.00358835 0.02439959 0.00477084
 0.00186074]",[4.8959965e-04 9.8848039e-01 9.1498066e-03 1.8801793e-03],[9.9999839e-01 1.5962386e-06],"[6.00612111e-08 1.40110660e-05 1.89031027e-02 8.67607415e-01
 1.10513866e-01 2.92490376e-03 3.57429599e-05 8.21165315e-07
 1.53867514e-08]"
D:\Uni\Ulm\Master\Hiwi-Forschung-und-Lehre\FairFace\detected_faces\948835_face0.jpg,White,White,Male,10-19,"[7.6949865e-01 7.3959364e-04 2.3814250e-02 1.3823858e-03 1.1361785e-03
 3.0859918e-04 2.0312034e-01]",[9.9987918e-01 6.4228087e-05 5.3318079e-05 3.2508408e-06],[0.99725825 0.00274176],"[6.0599922e-07 9.2137558e-04 6.4992917e-01 3.4613669e-01 2.9898286e-03
 2.2193373e-05 1.1468789e-07 8.4839176e-09 4.1965548e-10]"
D:\Uni\Ulm\Master\Hiwi-Forschung-und-Lehre\FairFace\detected_faces\949062_face0.jpg,Black,Black,Male,30-39,"[3.2552774e-04 9.8584640e-01 1.5642903e-03 6.6102803e-05 1.3059957e-03
 1.0849049e-02 4.2775784e-05]",[1.4448824e-04 9.9846649e-01 7.0744270e-04 6.8157684e-04],[9.9994797e-01 5.2070634e-05],"[1.6329475e-08 4.0522920e-07 1.4673242e-03 4.6969450e-01 4.7472942e-01
 5.0441921e-02 3.5966998e-03 6.7315013e-05 2.3952628e-06]"
D:\Uni\Ulm\Master\Hiwi-Forschung-und-Lehre\FairFace\detected_faces\949217_face0.jpg,White,White,Male,20-29,"[5.93807638e-01 5.84475580e-04 2.26335570e-01 1.02136284e-04
 3.32925032e-04 7.16540590e-02 1.07183203e-01]",[8.6037499e-01 5.5227190e-04 3.2036649e-03 1.3586913e-01],[9.9999803e-01 1.9149973e-06],"[2.8376230e-06 9.2342860e-05 1.5432740e-03 5.4219604e-01 4.4285953e-01
 1.3260439e-02 4.4813467e-05 7.0398545e-07 1.0867000e-08]"
D:\Uni\Ulm\Master\Hiwi-Forschung-und-Lehre\FairFace\detected_faces\949448_face0.jpg,Black,Black,Male,20-29,"[9.4652229e-08 9.9999899e-01 4.7133929e-07 6.9860606e-10 1.0234033e-08
 4.0336343e-07 9.8582589e-08]",[4.7870867e-07 9.9999833e-01 4.9622759e-07 6.7479550e-07],[1.0000000e+00 1.4813399e-08],"[1.7155932e-08 1.7497891e-06 2.0571284e-03 5.5015278e-01 4.0778667e-01
 3.9362907e-02 6.3276303e-04 5.7840261e-06 2.3948837e-07]"
D:\Uni\Ulm\Master\Hiwi-Forschung-und-Lehre\FairFace\detected_faces\949449_face0.jpg,Middle Eastern,Indian,Male,20-29,"[0.07167921 0.00534051 0.4271903  0.00076124 0.00316049 0.0459265
 0.44594175]",[0.2041901  0.26572725 0.01212445 0.5179581 ],[9.9962533e-01 3.7461752e-04],"[1.5943908e-07 3.7538016e-04 3.6395338e-01 6.2539488e-01 1.0183964e-02
 9.1779832e-05 4.8971884e-07 2.1153681e-08 5.5680144e-10]"
D:\Uni\Ulm\Master\Hiwi-Forschung-und-Lehre\FairFace\detected_faces\949450_face0.jpg,White,White,Male,20-29,"[9.2960924e-01 7.2113493e-05 9.1114044e-03 1.2179972e-05 6.1290695e-05
 5.1969251e-05 6.1081741e-02]",[9.9765003e-01 1.7919039e-03 1.5510287e-04 4.0301707e-04],[9.9999905e-01 9.7003749e-07],"[6.0704586e-08 1.6125532e-05 1.1169430e-02 6.6098130e-01 3.1365806e-01
 1.4039808e-02 1.3376850e-04 1.4317342e-06 1.9719096e-08]"
D:\Uni\Ulm\Master\Hiwi-Forschung-und-Lehre\FairFace\detected_faces\949456_face0.jpg,Middle Eastern,White,Male,20-29,"[4.0606859e-01 3.4900052e-03 1.3963634e-01 6.3883512e-05 2.6865109e-04
 1.0368488e-03 4.4943571e-01]",[9.5408922e-01 3.1627659e-02 6.2276033e-04 1.3660321e-02],[9.999998e-01 1.600387e-07],"[5.3282122e-07 3.1207208e-04 7.5411186e-02 8.6969954e-01 5.3781118e-02
 7.9049048e-04 4.9825953e-06 8.0705703e-08 1.0796648e-09]"
D:\Uni\Ulm\Master\Hiwi-Forschung-und-Lehre\FairFace\detected_faces\949458_face0.jpg,Latino_Hispanic,White,Male,20-29,"[1.5866947e-01 8.2250144e-03 6.1271161e-01 5.9914053e-04 1.6262936e-03
 1.8797083e-03 2.1628866e-01]",[0.43051597 0.31928855 0.17930251 0.07089306],[9.9999684e-01 3.1468614e-06],"[3.2943953e-07 8.8068897e-05 3.4927484e-02 8.9939219e-01 6.4977117e-02
 6.1250012e-04 2.2186414e-06 6.2289438e-08 1.0447527e-09]"
D:\Uni\Ulm\Master\Hiwi-Forschung-und-Lehre\FairFace\detected_faces\949459_face0.jpg,White,White,Male,20-29,"[5.3486037e-01 6.0315176e-07 1.3912818e-03 3.5989183e-06 1.0592026e-05
 4.5578773e-04 4.6327785e-01]",[9.8853004e-01 2.6037278e-05 4.0781705e-04 1.1036042e-02],[9.9999911e-01 8.8149704e-07],"[1.5258719e-08 4.6458801e-05 8.7750167e-02 8.9249498e-01 1.9492785e-02
 2.1523931e-04 3.8806218e-07 3.8312540e-09 6.4835880e-11]"
D:\Uni\Ulm\Master\Hiwi-Forschung-und-Lehre\FairFace\detected_faces\949461_face0.jpg,White,White,Male,20-29,"[7.7418405e-01 1.6144676e-04 4.6887096e-02 3.9900545e-04 5.7294342e-04
 4.2627994e-03 1.7353274e-01]",[0.93706053 0.00120276 0.00326058 0.05847615],[9.999503e-01 4.970712e-05],"[5.0540052e-06 9.9431735e-04 7.5658962e-02 8.6867195e-01 5.3831253e-02
 8.3431270e-04 3.9996698e-06 1.5582782e-07 4.8332427e-09]"
D:\Uni\Ulm\Master\Hiwi-Forschung-und-Lehre\FairFace\detected_faces\949469_face0.jpg,Middle Eastern,Indian,Male,20-29,"[8.7493688e-02 8.2153559e-04 1.3399869e-01 1.5376029e-04 6.1191112e-04
 4.7386363e-02 7.2953409e-01]",[0.37719798 0.14777566 0.0027438  0.47228256],[9.9998218e-01 1.7805276e-05],"[9.5491494e-08 1.2463483e-04 5.0748155e-02 9.1902554e-01 3.0003076e-02
 9.8296034e-05 1.5031850e-07 3.8247192e-09 7.0729776e-11]"
D:\Uni\Ulm\Master\Hiwi-Forschung-und-Lehre\FairFace\detected_faces\949472_face0.jpg,Black,Black,Male,20-29,"[4.7476331e-04 9.7345346e-01 2.2670882e-02 3.2005348e-06 1.1942490e-04
 2.0546913e-03 1.2235374e-03]",[3.0761086e-05 9.9985534e-01 3.3338372e-05 8.0539176e-05],[9.9968964e-01 3.1036601e-04],"[1.1985483e-06 1.2843705e-03 3.4505022e-01 6.1687756e-01 3.5092302e-02
 1.6677527e-03 2.6124622e-05 5.9137267e-07 1.7225894e-08]"
D:\Uni\Ulm\Master\Hiwi-Forschung-und-Lehre\FairFace\detected_faces\949702_face0.jpg,White,White,Male,20-29,"[9.5084000e-01 3.8774356e-08 6.5529987e-04 1.6173070e-04 9.2594164e-05
 8.3169116e-06 4.8242040e-02]",[9.9950743e-01 5.4796686e-07 4.2889905e-04 6.3130181e-05],[9.9970007e-01 2.9995680e-04],"[1.0771314e-08 8.9780733e-06 2.0106079e-01 7.7866399e-01 1.9938808e-02
 3.2613112e-04 1.2778219e-06 2.1621467e-08 4.7898785e-10]"
D:\Uni\Ulm\Master\Hiwi-Forschung-und-Lehre\FairFace\detected_faces\949707_face0.jpg,Middle Eastern,White,Male,20-29,"[8.66601765e-02 1.64823476e-02 3.70371252e-01 3.59521684e-04
 2.37195753e-03 1.01270685e-02 5.13627708e-01]",[0.7467334  0.12854426 0.04469548 0.08002684],[9.9997044e-01 2.9538722e-05],"[6.0398292e-05 8.8761700e-04 1.3136172e-02 5.5000371e-01 4.1520253e-01
 2.0201353e-02 4.9302471e-04 1.4777755e-05 3.3030230e-07]"
D:\Uni\Ulm\Master\Hiwi-Forschung-und-Lehre\FairFace\detected_faces\949715_face0.jpg,White,White,Male,20-29,"[9.5389301e-01 1.2590742e-04 1.9750379e-02 2.0451380e-05 2.7976304e-05
 1.8442930e-05 2.6163645e-02]",[9.9981767e-01 9.4690993e-05 3.2022617e-05 5.5603119e-05],[9.9999976e-01 2.2754956e-07],"[1.44134971e-08 1.27336125e-05 5.18583879e-02 9.13825333e-01
 3.39596085e-02 3.42595566e-04 1.35860694e-06 1.36947547e-08
 1.53515325e-10]"
D:\Uni\Ulm\Master\Hiwi-Forschung-und-Lehre\FairFace\detected_faces\949722_face0.jpg,Middle Eastern,White,Male,20-29,"[2.1956180e-01 1.3815322e-03 2.3028475e-01 4.3458018e-05 2.4674172e-04
 5.2598496e-03 5.4322189e-01]",[0.876499   0.01478593 0.00210359 0.10661156],[9.9999988e-01 1.5856877e-07],"[7.9880584e-07 4.3426978e-04 9.6337393e-02 8.3630675e-01 6.6163465e-02
 7.5453671e-04 2.7566282e-06 4.9999500e-08 5.1095467e-10]"
D:\Uni\Ulm\Master\Hiwi-Forschung-und-Lehre\FairFace\detected_faces\949778_face0.jpg,Latino_Hispanic,White,Male,20-29,"[0.07676888 0.0059325  0.6430689  0.00084546 0.00390995 0.00627952
 0.2631948 ]",[0.4533189  0.06499637 0.12888764 0.35279706],[9.9998999e-01 1.0011906e-05],"[1.6932729e-07 1.4740592e-04 2.0323902e-01 7.9015911e-01 6.4343135e-03
 1.9912663e-05 2.8529247e-08 1.7460605e-09 3.4539635e-11]"
D:\Uni\Ulm\Master\Hiwi-Forschung-und-Lehre\FairFace\detected_faces\949780_face0.jpg,White,White,Male,20-29,"[4.7884223e-01 2.2180667e-04 9.3545623e-02 2.7133245e-03 2.6198677e-03
 1.4187314e-03 4.2063838e-01]",[0.9248494  0.0091973  0.03228911 0.03366419],[9.999999e-01 9.375945e-08],"[1.3053653e-07 2.8369112e-05 3.4098677e-02 9.1681570e-01 4.8496760e-02
 5.5799668e-04 2.3899051e-06 5.9433638e-08 7.0740108e-10]"
D:\Uni\Ulm\Master\Hiwi-Forschung-und-Lehre\FairFace\detected_faces\949788_face0.jpg,White,White,Male,20-29,"[9.5776200e-01 4.0639592e-05 6.1185611e-03 2.8048223e-04 1.5952349e-04
 2.4990784e-04 3.5388879e-02]",[9.99784589e-01 1.38354753e-05 1.00791054e-04 1.00647645e-04],[9.999991e-01 9.079764e-07],"[4.33792628e-08 5.07791956e-05 1.45765454e-01 8.44492674e-01
 9.65031330e-03 4.06802646e-05 1.10573154e-07 4.62731142e-09
 9.24227778e-11]"
D:\Uni\Ulm\Master\Hiwi-Forschung-und-Lehre\FairFace\detected_faces\949789_face0.jpg,White,White,Male,20-29,"[9.9977434e-01 1.6746330e-07 4.1351414e-05 6.3789469e-07 1.8029623e-06
 1.1296415e-06 1.8059672e-04]",[9.9997455e-01 1.5532938e-06 7.0320898e-06 1.6868265e-05],[9.9999994e-01 4.6249838e-08],"[2.4382612e-07 3.6393493e-04 1.4115812e-01 8.4572381e-01 1.2641668e-02
 1.1190725e-04 2.9129890e-07 4.4547841e-09 9.8840491e-11]"
D:\Uni\Ulm\Master\Hiwi-Forschung-und-Lehre\FairFace\detected_faces\949819_face0.jpg,Black,Black,Male,20-29,"[2.4054975e-03 8.8788432e-01 6.5218732e-02 1.8227045e-06 3.9108487e-05
 4.1837236e-03 4.0266927e-02]",[0.0029762  0.90607697 0.00179772 0.08914912],[9.9999988e-01 1.0450282e-07],"[2.7025757e-07 5.5662572e-06 3.4357428e-03 4.8444569e-01 4.7415277e-01
 3.7270594e-02 6.7730062e-04 1.1800023e-05 1.6909223e-07]"
D:\Uni\Ulm\Master\Hiwi-Forschung-und-Lehre\FairFace\detected_faces\949892_face0.jpg,White,White,Male,20-29,"[8.89094889e-01 5.66644303e-04 7.81998634e-02 1.18359996e-04
 6.14907942e-04 1.61323856e-04 3.12441085e-02]",[0.87979484 0.09729388 0.0080624  0.01484889],[9.9999875e-01 1.1911777e-06],"[1.78661104e-08 1.36583885e-05 5.85640855e-02 8.83148551e-01
 5.77131286e-02 5.58626954e-04 1.88645629e-06 2.82301578e-08
 5.52846158e-10]"
D:\Uni\Ulm\Master\Hiwi-Forschung-und-Lehre\FairFace\detected_faces\949895_face0.jpg,Black,Black,Male,20-29,"[3.0324381e-05 9.9990219e-01 5.6963618e-05 2.8473137e-08 1.9143062e-07
 6.9844141e-06 3.3510405e-06]",[1.7544415e-05 9.9997640e-01 4.2926840e-06 1.7195233e-06],[9.9916613e-01 8.3392055e-04],"[1.3645644e-05 2.3178661e-03 4.6747971e-02 5.5430132e-01 3.7675902e-01
 1.9401396e-02 4.3995091e-04 1.7752227e-05 1.1020830e-06]"
D:\Uni\Ulm\Master\Hiwi-Forschung-und-Lehre\FairFace\detected_faces\949901_face0.jpg,Middle Eastern,White,Male,20-29,"[2.4274491e-01 1.4775441e-05 3.7804529e-02 9.8775839e-05 2.1772987e-04
 2.0022134e-03 7.1711713e-01]",[9.7458875e-01 9.8036988e-05 1.2515672e-03 2.4061691e-02],[9.9997556e-01 2.4441502e-05],"[1.1698635e-08 4.2295007e-05 2.9020971e-01 7.0676118e-01 2.9801500e-03
 6.5416416e-06 8.2288665e-09 3.5370065e-10 5.6498565e-12]"
D:\Uni\Ulm\Master\Hiwi-Forschung-und-Lehre\FairFace\detected_faces\949962_face0.jpg,White,White,Male,20-29,"[9.3682694e-01 1.3860861e-04 1.8753266e-02 1.3137647e-04 2.2682523e-04
 6.7179590e-06 4.3916218e-02]",[9.98371601e-01 2.56089726e-04 1.27226417e-03 1.00006015e-04],[1.00000e+00 8.34674e-09],"[7.5319093e-09 3.2028404e-06 7.6616012e-02 8.9397264e-01 2.9118558e-02
 2.8779422e-04 1.6901790e-06 2.0000623e-08 1.3448724e-10]"
D:\Uni\Ulm\Master\Hiwi-Forschung-und-Lehre\FairFace\detected_faces\950032_face0.jpg,White,White,Male,20-29,"[7.1463001e-01 2.3037873e-03 1.3176785e-01 1.3514787e-04 5.0548697e-04
 1.2324950e-04 1.5053447e-01]",[0.94367516 0.05290964 0.0013008  0.00211443],[9.9999827e-01 1.7132194e-06],"[1.8935232e-08 1.6471742e-05 6.2463585e-02 9.0237910e-01 3.4687351e-02
 4.4812250e-04 5.2537812e-06 7.6269401e-08 1.2306494e-09]"
D:\Uni\Ulm\Master\Hiwi-Forschung-und-Lehre\FairFace\detected_faces\950040_face0.jpg,White,White,Male,20-29,"[5.7082194e-01 3.7775352e-04 2.8376901e-01 6.3488010e-04 2.8102144e-03
 7.4775882e-02 6.6810429e-02]",[0.7880377  0.00082985 0.03345111 0.17768133],[1.00000e+00 3.15745e-08],"[1.6591297e-08 1.6957318e-06 6.0928060e-04 7.2966516e-01 2.6713586e-01
 2.5837517e-03 4.1274561e-06 3.7163726e-08 3.2308789e-10]"
D:\Uni\Ulm\Master\Hiwi-Forschung-und-Lehre\FairFace\detected_faces\950047_face0.jpg,Middle Eastern,Indian,Male,20-29,"[0.01306198 0.00154805 0.0820305  0.01233203 0.08994055 0.01981712
 0.7812698 ]",[0.19362532 0.0077209  0.05049937 0.74815446],[0.91962206 0.08037795],"[8.3406412e-05 2.2931423e-03 3.3074405e-02 7.5009477e-01 2.0540729e-01
 8.9118220e-03 1.1837783e-04 1.4111013e-05 2.6722573e-06]"
D:\Uni\Ulm\Master\Hiwi-Forschung-und-Lehre\FairFace\detected_faces\950110_face0.jpg,Middle Eastern,White,Male,10-19,"[4.5057732e-01 6.8187808e-07 6.6595199e-03 1.2714201e-05 1.5016786e-05
 8.4912856e-05 5.4264981e-01]",[9.9974495e-01 3.1063566e-06 1.6739243e-05 2.3523028e-04],[9.9999774e-01 2.3273456e-06],"[7.7251616e-06 1.1204248e-02 7.1613628e-01 2.5014764e-01 2.1273432e-02
 1.2238664e-03 6.6479765e-06 1.4474870e-07 1.8849604e-09]"
D:\Uni\Ulm\Master\Hiwi-Forschung-und-Lehre\FairFace\detected_faces\950123_face0.jpg,White,White,Male,20-29,"[9.6412516e-01 4.6640907e-05 1.3867255e-03 5.4158124e-07 1.5221960e-06
 3.6343993e-06 3.4435723e-02]",[9.9627817e-01 3.1377112e-03 1.0313196e-04 4.8097648e-04],[9.9999988e-01 1.2004477e-07],"[3.2271604e-08 2.4061499e-05 2.4562826e-02 9.3009412e-01 4.5071807e-02
 2.4662566e-04 5.1210759e-07 6.9300579e-09 8.5894562e-11]"
D:\Uni\Ulm\Master\Hiwi-Forschung-und-Lehre\FairFace\detected_faces\950142_face0.jpg,Black,Black,Male,20-29,"[1.5032075e-05 9.9981779e-01 9.6456024e-05 9.1645610e-08 3.1715956e-06
 5.1898311e-05 1.5647864e-05]",[2.2650274e-05 9.9994111e-01 7.1980653e-06 2.8999404e-05],[9.9999982e-01 1.8950261e-07],"[1.7094308e-07 1.1114043e-05 2.7363466e-03 4.9718121e-01 4.3699723e-01
 6.0589630e-02 2.4075871e-03 7.4299314e-05 2.4217502e-06]"
D:\Uni\Ulm\Master\Hiwi-Forschung-und-Lehre\FairFace\detected_faces\950338_face0.jpg,White,White,Male,20-29,"[9.98551548e-01 4.50444759e-07 1.16487514e-04 2.33011269e-06
 4.08494770e-06 8.21370293e-07 1.32423558e-03]",[9.99903858e-01 5.24824609e-05 2.87039529e-05 1.50297965e-05],[9.999995e-01 4.971433e-07],"[1.0260703e-05 7.8399398e-04 4.2888593e-02 6.7582744e-01 2.7059102e-01
 9.8281363e-03 6.9607289e-05 8.9506875e-07 2.3728802e-08]"
D:\Uni\Ulm\Master\Hiwi-Forschung-und-Lehre\FairFace\detected_faces\950340_face0.jpg,White,White,Male,20-29,"[9.9810559e-01 6.6179032e-06 5.3605798e-04 2.1679961e-04 2.1370462e-04
 2.9282660e-06 9.1825606e-04]",[9.9818611e-01 5.6217349e-04 1.2231728e-03 2.8551629e-05],[0.99715173 0.00284822],"[5.8670896e-08 8.2330480e-06 1.4349795e-02 6.2829161e-01 3.2430401e-01
 3.1964570e-02 1.0626839e-03 1.8801198e-05 2.8251122e-07]"
D:\Uni\Ulm\Master\Hiwi-Forschung-und-Lehre\FairFace\detected_faces\950342_face0.jpg,Black,Black,Male,20-29,"[3.4519310e-06 9.9971473e-01 5.0402421e-05 3.5075016e-07 3.6704741e-06
 1.9179523e-04 3.5539382e-05]",[3.5688638e-06 9.9998426e-01 1.2879657e-06 1.0883061e-05],[0.9979336  0.00206631],"[5.5601377e-06 2.3763848e-03 6.1256099e-02 5.3454804e-01 3.6602536e-01
 3.4570903e-02 1.1793441e-03 3.6460984e-05 1.8198531e-06]"
D:\Uni\Ulm\Master\Hiwi-Forschung-und-Lehre\FairFace\detected_faces\950348_face0.jpg,White,White,Male,10-19,"[9.9628055e-01 1.5152424e-05 7.7252655e-04 1.5046160e-06 4.8795191e-06
 1.1740701e-05 2.9136979e-03]",[9.9875766e-01 5.5909826e-04 2.0713996e-04 4.7623497e-04],[9.9972063e-01 2.7938865e-04],"[9.1962471e-07 1.1904938e-02 8.9552343e-01 8.9785405e-02 2.5412973e-03
 2.3943026e-04 4.3627488e-06 1.6636228e-07 8.1305789e-09]"
D:\Uni\Ulm\Master\Hiwi-Forschung-und-Lehre\FairFace\detected_faces\950349_face0.jpg,White,White,Male,10-19,"[9.9632365e-01 3.8500981e-05 1.1988076e-03 7.0204656e-04 1.3271233e-03
 1.1308790e-05 3.9861587e-04]",[8.6448628e-01 3.4211334e-04 1.3504834e-01 1.2331792e-04],[9.9999982e-01 2.0002223e-07],"[6.4411175e-08 1.3906881e-03 8.5999757e-01 1.3598071e-01 2.5249773e-03
 1.0429551e-04 1.6266844e-06 3.3410689e-08 8.5664909e-10]"
D:\Uni\Ulm\Master\Hiwi-Forschung-und-Lehre\FairFace\detected_faces\950596_face0.jpg,White,White,Male,30-39,"[7.9741007e-01 8.8318798e-04 1.5371509e-01 6.5490640e-05 1.5877915e-04
 2.9448851e-03 4.4822566e-02]",[9.9764788e-01 5.2985584e-04 7.9958187e-04 1.0226503e-03],[9.9997479e-01 2.5229629e-05],"[2.2128847e-06 5.4497810e-05 7.2785129e-04 1.9615369e-01 7.5859654e-01
 4.4300582e-02 1.6344441e-04 1.1556948e-06 1.2585354e-08]"
D:\Uni\Ulm\Master\Hiwi-Forschung-und-Lehre\FairFace\detected_faces\950658_face0.jpg,White,White,Male,20-29,"[6.6269076e-01 3.9497102e-04 9.6506134e-02 2.6099253e-04 5.5956817e-04
 1.0447914e-03 2.3854281e-01]",[9.8777461e-01 7.2041125e-04 3.7258696e-03 7.7790795e-03],[9.999967e-01 3.268731e-06],"[1.8807496e-07 1.7576023e-05 9.4779069e-03 7.3323941e-01 2.5421622e-01
 3.0414166e-03 7.1885320e-06 7.5550176e-08 1.5339590e-09]"
D:\Uni\Ulm\Master\Hiwi-Forschung-und-Lehre\FairFace\detected_faces\950676_face0.jpg,Middle Eastern,White,Male,20-29,"[2.50888001e-02 1.01698824e-04 7.55181396e-03 1.26547150e-06
 5.39429629e-06 1.84525514e-03 9.65405762e-01]",[8.8352674e-01 7.7823944e-02 6.8710092e-04 3.7962258e-02],[9.9999964e-01 4.0102069e-07],"[1.8297092e-07 3.5804704e-05 3.4216731e-03 7.5789428e-01 2.3559734e-01
 3.0442197e-03 6.5679656e-06 5.4721301e-08 7.2232942e-10]"
D:\Uni\Ulm\Master\Hiwi-Forschung-und-Lehre\FairFace\detected_faces\950678_face0.jpg,White,White,Male,30-39,"[7.5011331e-01 4.4242651e-03 7.9860017e-02 3.1631705e-05 1.5798700e-04
 1.4190918e-02 1.5122184e-01]",[9.7522354e-01 7.6534832e-03 1.1315914e-04 1.7009838e-02],[9.9999619e-01 3.8099654e-06],"[1.4688115e-07 2.0320647e-06 1.3849593e-04 1.7509438e-01 7.6147729e-01
 6.2805541e-02 4.7802366e-04 4.0326095e-06 6.3447750e-08]"
D:\Uni\Ulm\Master\Hiwi-Forschung-und-Lehre\FairFace\detected_faces\950742_face0.jpg,Middle Eastern,White,Male,20-29,"[1.4656569e-01 1.1570300e-04 7.4935094e-02 1.3124279e-04 3.5456792e-04
 7.0336345e-03 7.7086407e-01]",[0.9514415  0.00476498 0.00366016 0.04013332],[9.997455e-01 2.545249e-04],"[3.7937687e-07 2.4974976e-05 8.9264046e-03 7.4140221e-01 2.4693921e-01
 2.6978382e-03 8.8171046e-06 1.4605024e-07 3.2313814e-09]"
D:\Uni\Ulm\Master\Hiwi-Forschung-und-Lehre\FairFace\detected_faces\950745_face0.jpg,White,White,Male,20-29,"[9.6583295e-01 4.4486162e-04 1.6901316e-02 3.1955693e-05 5.6159159e-05
 8.8600366e-04 1.5846748e-02]",[9.9318844e-01 2.5755865e-03 1.0905775e-04 4.1269227e-03],[9.9999654e-01 3.4615734e-06],"[2.9340562e-08 9.9405963e-07 6.4015988e-04 6.5699047e-01 3.3852157e-01
 3.8350178e-03 1.1679037e-05 9.6147048e-08 1.9952779e-09]"
D:\Uni\Ulm\Master\Hiwi-Forschung-und-Lehre\FairFace\detected_faces\951008_face0.jpg,White,White,Male,20-29,"[4.1003126e-01 3.9628934e-04 2.6243487e-01 1.8386271e-04 5.3062500e-04
 1.3092038e-02 3.1333098e-01]",[0.95124984 0.00141869 0.0010624  0.04626912],[9.9999893e-01 1.0758408e-06],"[1.12952175e-05 3.13071097e-04 1.18401106e-02 7.24653423e-01
 2.58141458e-01 5.01969690e-03 2.05513952e-05 3.53734976e-07
 4.35885550e-09]"
D:\Uni\Ulm\Master\Hiwi-Forschung-und-Lehre\FairFace\detected_faces\951018_face0.jpg,White,Black,Male,20-29,"[0.57324564 0.01382177 0.20893747 0.00073816 0.00140771 0.01602711
 0.18582211]",[0.37843552 0.5421999  0.00235886 0.07700565],[9.9999779e-01 2.2407312e-06],"[6.4787343e-07 1.0566570e-05 1.7185438e-03 5.8015782e-01 4.0639317e-01
 1.1565176e-02 1.5113865e-04 2.9285261e-06 6.5718567e-08]"
D:\Uni\Ulm\Master\Hiwi-Forschung-und-Lehre\FairFace\detected_faces\951161_face0.jpg,White,White,Male,20-29,"[5.98151624e-01 2.87847488e-05 8.40262510e-03 9.10820600e-05
 1.07316184e-04 1.70104133e-04 3.93048495e-01]",[9.9690831e-01 1.8577460e-04 1.7290825e-03 1.1768647e-03],[9.9999893e-01 1.0742103e-06],"[2.6986893e-08 6.5303179e-06 4.1680238e-03 8.0018044e-01 1.9431631e-01
 1.3277302e-03 9.5182725e-07 9.0361763e-09 1.2380233e-10]"
D:\Uni\Ulm\Master\Hiwi-Forschung-und-Lehre\FairFace\detected_faces\951180_face0.jpg,White,White,Male,20-29,"[9.7786409e-01 2.6715155e-05 3.3203014e-03 5.6995286e-06 9.9230238e-06
 3.0305799e-05 1.8742932e-02]",[9.9702203e-01 1.2692892e-03 1.0069691e-03 7.0175133e-04],[9.9997038e-01 2.9654471e-05],"[6.6764478e-09 2.0461994e-06 2.2090622e-03 7.3651224e-01 2.5920323e-01
 2.0703345e-03 3.0409492e-06 2.5342688e-08 4.7310633e-10]"
D:\Uni\Ulm\Master\Hiwi-Forschung-und-Lehre\FairFace\detected_faces\951499_face0.jpg,White,White,Male,10-19,"[8.7168175e-01 1.7682495e-04 2.0274563e-02 1.0670043e-02 1.9435213e-03
 3.4220956e-04 9.4911098e-02]",[9.9265373e-01 4.6644807e-05 7.0609981e-03 2.3854223e-04],[9.999638e-01 3.620720e-05],"[1.7456665e-06 4.3567466e-03 5.0138813e-01 4.8450691e-01 9.6162548e-03
 1.2898896e-04 1.1193223e-06 8.2394870e-08 2.9615976e-09]"
D:\Uni\Ulm\Master\Hiwi-Forschung-und-Lehre\FairFace\detected_faces\951538_face0.jpg,White,White,Male,20-29,"[9.7768772e-01 4.1199628e-06 8.2522715e-03 3.1316576e-05 5.6785273e-05
 1.5998857e-04 1.3807771e-02]",[9.9817318e-01 2.9300400e-05 1.0660116e-03 7.3148031e-04],[9.9995518e-01 4.4822507e-05],"[6.5088344e-08 5.1731904e-06 1.1244905e-02 6.4095002e-01 3.2371274e-01
 2.3896158e-02 1.8964255e-04 1.2496450e-06 2.6174796e-08]"
D:\Uni\Ulm\Master\Hiwi-Forschung-und-Lehre\FairFace\detected_faces\951927_face0.jpg,Middle Eastern,White,Male,20-29,"[1.6809241e-01 1.0112739e-03 1.8234628e-01 1.8598216e-04 1.0637045e-03
 9.8516615e-03 6.3744867e-01]",[0.8116519  0.02041131 0.04374111 0.12419567],[1.0000000e+00 6.8197414e-10],"[1.1554578e-07 2.5242962e-05 6.1210189e-02 9.0373313e-01 3.4705270e-02
 3.2364039e-04 2.2282561e-06 1.3875639e-07 8.8516605e-10]"
D:\Uni\Ulm\Master\Hiwi-Forschung-und-Lehre\FairFace\detected_faces\951930_face0.jpg,Latino_Hispanic,White,Male,20-29,"[0.1710833  0.00374975 0.62187624 0.00155029 0.00568465 0.01364599
 0.18240975]",[0.8677537  0.01636211 0.06084368 0.05504059],[9.9999994e-01 7.4541191e-08],"[2.38737563e-08 1.45151125e-05 2.59666219e-02 9.28691745e-01
 4.48707044e-02 4.54626512e-04 1.67492510e-06 2.98667970e-08
 3.31936700e-10]"
D:\Uni\Ulm\Master\Hiwi-Forschung-und-Lehre\FairFace\detected_faces\951985_face0.jpg,White,White,Male,20-29,"[9.5472616e-01 2.3262062e-06 8.7681640e-04 7.1411114e-06 6.1498849e-06
 7.8584935e-06 4.4373386e-02]",[9.9999094e-01 2.2321317e-06 4.1932035e-06 2.5306394e-06],[9.9999756e-01 2.4726805e-06],"[2.6384996e-07 5.4953125e-05 1.2538017e-02 8.5628313e-01 1.2976974e-01
 1.3497401e-03 4.1098074e-06 9.4085316e-08 2.7218621e-09]"
D:\Uni\Ulm\Master\Hiwi-Forschung-und-Lehre\FairFace\detected_faces\951986_face0.jpg,Latino_Hispanic,White,Male,20-29,"[3.5815963e-01 1.1953183e-02 5.6723911e-01 2.8861142e-04 7.9061236e-04
 2.3204461e-03 5.9248365e-02]",[0.9635862  0.02196658 0.00483402 0.00961322],[9.999999e-01 7.563865e-08],"[1.2462590e-07 5.0006922e-05 6.3901350e-02 8.4817261e-01 8.4861740e-02
 2.9784406e-03 3.4662691e-05 1.1114578e-06 1.1991472e-08]"
D:\Uni\Ulm\Master\Hiwi-Forschung-und-Lehre\FairFace\detected_faces\952222_face0.jpg,White,White,Male,20-29,"[5.3031939e-01 1.7822384e-04 1.5972383e-01 2.7847281e-04 3.0535166e-04
 2.1124553e-04 3.0898345e-01]",[9.9834383e-01 9.2733366e-04 2.3863210e-04 4.9028220e-04],[9.9999499e-01 5.0007607e-06],"[8.1391863e-07 8.3342362e-05 4.1200250e-02 7.7340460e-01 1.8047741e-01
 4.7876700e-03 4.5068933e-05 7.9597078e-07 8.4179179e-09]"
D:\Uni\Ulm\Master\Hiwi-Forschung-und-Lehre\FairFace\detected_faces\952225_face0.jpg,White,White,Male,20-29,"[5.3065646e-01 2.8874254e-04 3.4619056e-02 1.0341821e-04 4.2794284e-04
 4.2586352e-04 4.3347853e-01]",[9.693677e-01 2.460722e-02 4.929942e-04 5.532012e-03],[9.9999940e-01 5.7494776e-07],"[3.8934015e-08 7.8365792e-06 6.0160575e-03 6.7630929e-01 3.1217813e-01
 5.4650595e-03 2.3333447e-05 2.0851337e-07 2.2989926e-09]"
D:\Uni\Ulm\Master\Hiwi-Forschung-und-Lehre\FairFace\detected_faces\952259_face0.jpg,Latino_Hispanic,White,Male,20-29,"[0.09645133 0.01275586 0.6751289  0.00492291 0.0118178  0.01284841
 0.18607475]",[0.6483741  0.07943283 0.09783391 0.17435919],[1.0000000e+00 1.4088517e-08],"[1.17468154e-07 1.17810287e-05 9.06943902e-03 8.05635571e-01
 1.80155188e-01 5.09037124e-03 3.70299640e-05 5.10076461e-07
 4.34929692e-09]"
D:\Uni\Ulm\Master\Hiwi-Forschung-und-Lehre\FairFace\detected_faces\952418_face0.jpg,White,White,Male,20-29,"[9.2343777e-01 2.1617532e-05 1.4709860e-02 2.0386536e-04 1.7963631e-04
 4.3934694e-04 6.1007932e-02]",[9.9986458e-01 1.1809198e-05 9.1405935e-05 3.2291544e-05],[9.9996334e-01 3.6650388e-05],"[7.4026370e-06 1.1527683e-03 7.1983382e-02 8.6505055e-01 6.1153814e-02
 6.4920867e-04 2.6847674e-06 8.1819621e-08 3.3437508e-09]"
D:\Uni\Ulm\Master\Hiwi-Forschung-und-Lehre\FairFace\detected_faces\952461_face0.jpg,Black,Black,Male,30-39,"[2.8301950e-04 9.6731633e-01 1.2172025e-02 1.6934238e-06 9.2105140e-05
 1.9347262e-02 7.8763510e-04]",[1.3215319e-04 8.7239140e-01 4.9996068e-04 1.2697640e-01],[9.9999738e-01 2.5895527e-06],"[8.0445810e-09 5.2213420e-07 9.3872729e-04 4.5476609e-01 5.2342284e-01
 2.0603897e-02 2.6594769e-04 1.9796012e-06 3.1302459e-08]"
D:\Uni\Ulm\Master\Hiwi-Forschung-und-Lehre\FairFace\detected_faces\952627_face0.jpg,White,White,Male,20-29,"[9.9772638e-01 1.7226542e-07 8.1843718e-05 7.8157527e-08 2.5137530e-07
 2.6780438e-06 2.1885475e-03]",[9.9986845e-01 4.6401738e-06 7.6544347e-06 1.1923428e-04],[9.9999988e-01 1.2905149e-07],"[5.7044783e-08 6.4431588e-05 5.0123151e-02 9.3258739e-01 1.7141251e-02
 8.3517160e-05 6.8038503e-08 8.6178770e-10 1.6713948e-11]"
D:\Uni\Ulm\Master\Hiwi-Forschung-und-Lehre\FairFace\detected_faces\953097_face0.jpg,Latino_Hispanic,White,Male,20-29,"[2.3798771e-01 4.8479679e-04 5.2696794e-01 1.9082682e-04 4.7694196e-04
 5.9885657e-03 2.2790316e-01]",[0.982013   0.00479478 0.00504886 0.00814339],[9.999999e-01 1.420904e-07],"[7.8247581e-08 8.5748552e-06 3.1575719e-03 8.6269838e-01 1.3332036e-01
 8.1387040e-04 1.1008663e-06 1.6616868e-08 1.4246734e-10]"
D:\Uni\Ulm\Master\Hiwi-Forschung-und-Lehre\FairFace\detected_faces\953583_face0.jpg,White,White,Male,20-29,"[9.4810885e-01 1.7758195e-05 6.0825842e-03 1.4356639e-04 2.1264306e-04
 1.0428684e-05 4.5424227e-02]",[9.9952620e-01 1.8409408e-04 2.5472083e-04 3.4973749e-05],[9.999999e-01 9.264804e-08],"[5.3185435e-08 2.1597931e-04 3.7987295e-01 6.1495680e-01 4.9241944e-03
 2.9968742e-05 8.4562068e-08 1.5051059e-09 1.4637109e-11]"
D:\Uni\Ulm\Master\Hiwi-Forschung-und-Lehre\FairFace\detected_faces\953885_face0.jpg,Middle Eastern,White,Male,10-19,"[1.3994960e-01 2.9534194e-05 1.2686875e-02 2.2730050e-05 3.9630711e-05
 9.7508339e-05 8.4717411e-01]",[9.9941134e-01 2.8931434e-04 4.5872806e-05 2.5344253e-04],[0.9768234  0.02317659],"[2.7974656e-06 2.7518331e-03 5.5219316e-01 4.2306376e-01 2.1264061e-02
 7.1817997e-04 5.8212072e-06 4.1103789e-07 2.8130225e-08]"
D:\Uni\Ulm\Master\Hiwi-Forschung-und-Lehre\FairFace\detected_faces\953900_face0.jpg,Middle Eastern,Indian,Male,10-19,"[2.0640654e-02 3.0866827e-04 1.0665109e-01 4.2355409e-06 1.1634871e-04
 5.8457535e-02 8.1382143e-01]",[6.7209221e-02 4.5978084e-02 8.1203616e-04 8.8600069e-01],[9.9999958e-01 4.3449657e-07],"[3.0470030e-08 1.8427368e-03 9.6266752e-01 3.5251550e-02 2.3250126e-04
 5.6135209e-06 1.5700792e-08 8.9502517e-10 9.6994097e-12]"
D:\Uni\Ulm\Master\Hiwi-Forschung-und-Lehre\FairFace\detected_faces\953955_face0.jpg,White,White,Male,20-29,"[9.6118063e-01 6.7652354e-04 1.2927233e-02 1.3451037e-04 4.3301604e-04
 3.7789671e-04 2.4270235e-02]",[0.9906046  0.00602209 0.00129086 0.00208247],[9.9999893e-01 1.0515772e-06],"[4.6062200e-07 4.0050054e-05 3.7586903e-03 7.4494249e-01 2.4796546e-01
 3.2825191e-03 1.0154333e-05 1.7746233e-07 3.2049559e-09]"
D:\Uni\Ulm\Master\Hiwi-Forschung-und-Lehre\FairFace\detected_faces\953956_face0.jpg,Middle Eastern,White,Male,20-29,"[3.4539670e-01 4.1619234e-04 2.6240097e-02 9.0314832e-05 1.8516929e-04
 1.4341321e-04 6.2752819e-01]",[0.97440386 0.0047023  0.01911908 0.00177478],[9.9979216e-01 2.0787197e-04],"[2.4936290e-07 3.9379091e-05 6.0327303e-02 8.0310863e-01 1.2658785e-01
 9.6194027e-03 3.0826774e-04 8.7112776e-06 1.2964222e-07]"
D:\Uni\Ulm\Master\Hiwi-Forschung-und-Lehre\FairFace\detected_faces\954026_face0.jpg,White,White,Male,20-29,"[4.3365690e-01 1.0916510e-03 2.6656330e-01 4.7490375e-05 1.6018873e-04
 1.2405672e-03 2.9723996e-01]",[9.7008801e-01 2.3610756e-02 9.2644704e-04 5.3747138e-03],[9.9999559e-01 4.3674927e-06],"[1.13239643e-07 8.74580219e-05 9.32701826e-02 8.88750792e-01
 1.77787114e-02 1.12380425e-04 3.71457133e-07 6.18879481e-09
 1.02804577e-10]"
D:\Uni\Ulm\Master\Hiwi-Forschung-und-Lehre\FairFace\detected_faces\954027_face0.jpg,White,White,Male,20-29,"[9.7814220e-01 6.3220832e-05 1.6284256e-03 1.7631934e-05 2.6550057e-05
 8.6817181e-06 2.0113323e-02]",[9.97012854e-01 2.75609409e-03 2.19257272e-04 1.17853715e-05],[9.9999964e-01 3.5497717e-07],"[2.8147918e-08 6.7296533e-06 1.3071569e-02 8.4461248e-01 1.4151309e-01
 7.9420768e-04 1.9336401e-06 1.4977557e-08 3.0767788e-10]"
D:\Uni\Ulm\Master\Hiwi-Forschung-und-Lehre\FairFace\detected_faces\954036_face0.jpg,Latino_Hispanic,Black,Male,20-29,"[7.3568054e-02 6.8460315e-02 6.8546283e-01 1.6410017e-05 2.1340401e-04
 7.9051740e-03 1.6437379e-01]",[0.06907251 0.89518064 0.00722785 0.02851906],[9.999996e-01 4.100296e-07],"[2.0790475e-07 7.9617486e-05 2.6793115e-02 8.9874256e-01 7.3449798e-02
 9.3062001e-04 4.0063496e-06 9.3707520e-08 1.6832307e-09]"
D:\Uni\Ulm\Master\Hiwi-Forschung-und-Lehre\FairFace\detected_faces\954041_face0.jpg,White,White,Male,20-29,"[9.7914076e-01 1.8143122e-05 7.6248096e-03 4.5529796e-05 4.4249718e-05
 5.7289461e-05 1.3069273e-02]",[9.9961489e-01 1.2515043e-04 1.5779800e-04 1.0223060e-04],[9.9999303e-01 6.9610046e-06],"[4.1932690e-06 3.2939942e-04 1.6775873e-02 8.0021399e-01 1.7735209e-01
 5.2843085e-03 3.9165639e-05 9.4783104e-07 1.5662794e-08]"
D:\Uni\Ulm\Master\Hiwi-Forschung-und-Lehre\FairFace\detected_faces\954043_face0.jpg,White,White,Male,20-29,"[9.9889302e-01 9.9391509e-06 6.3101097e-04 1.2054079e-07 1.0250394e-06
 2.8759005e-06 4.6201205e-04]",[9.9978346e-01 1.4526640e-04 9.7792072e-06 6.1394705e-05],[9.999994e-01 6.145249e-07],"[5.8495719e-09 3.5751451e-05 1.7485538e-01 8.1516093e-01 9.8679308e-03
 7.9867212e-05 1.7135744e-07 2.6931402e-09 5.3101596e-11]"
D:\Uni\Ulm\Master\Hiwi-Forschung-und-Lehre\FairFace\detected_faces\954044_face0.jpg,Latino_Hispanic,Indian,Male,20-29,"[0.01297189 0.25773096 0.6688094  0.00070243 0.01973056 0.03634823
 0.00370649]",[0.03143834 0.33110908 0.05014712 0.58730555],[9.999993e-01 6.904354e-07],"[1.5944759e-07 8.5496549e-06 5.5929143e-03 6.3301134e-01 3.4969646e-01
 1.1585226e-02 1.0435040e-04 9.8806004e-07 1.2737130e-08]"
D:\Uni\Ulm\Master\Hiwi-Forschung-und-Lehre\FairFace\detected_faces\954047_face0.jpg,Black,Black,Male,20-29,"[9.6693740e-04 9.3538380e-01 3.9186388e-02 1.6508071e-05 5.9741188e-04
 2.3466706e-02 3.8236045e-04]",[2.3258452e-03 9.7341162e-01 5.6927279e-04 2.3693219e-02],[9.9998486e-01 1.5147665e-05],"[7.3405391e-07 1.7334318e-05 3.1492773e-03 5.3878862e-01 4.3789044e-01
 1.9936437e-02 2.1397974e-04 3.0058216e-06 8.5928477e-08]"
D:\Uni\Ulm\Master\Hiwi-Forschung-und-Lehre\FairFace\detected_faces\954056_face0.jpg,White,White,Male,20-29,"[9.8466319e-01 8.5516822e-06 8.4410654e-03 1.3284486e-05 3.3355649e-05
 2.4750305e-04 6.5929550e-03]",[9.9916393e-01 7.7603378e-05 1.1813072e-04 6.4026949e-04],[1.0000000e+00 4.8696043e-09],"[1.76812591e-08 1.72832188e-05 1.26826754e-02 8.82340193e-01
 1.03910394e-01 1.04838714e-03 1.05211996e-06 1.15296670e-08
 7.30934688e-11]"
D:\Uni\Ulm\Master\Hiwi-Forschung-und-Lehre\FairFace\detected_faces\954060_face0.jpg,Black,Black,Male,20-29,"[7.3469018e-08 9.9999452e-01 4.1996418e-06 3.5222161e-08 2.5332866e-07
 7.5328279e-07 7.7931141e-08]",[6.2178060e-07 9.9995387e-01 4.3530814e-05 1.9044716e-06],[9.9968183e-01 3.1816575e-04],"[5.9664069e-09 2.2022384e-06 9.7050089e-03 8.4249526e-01 1.4564483e-01
 2.1495563e-03 3.1774989e-06 3.7402163e-08 2.2857456e-09]"
D:\Uni\Ulm\Master\Hiwi-Forschung-und-Lehre\FairFace\detected_faces\954064_face0.jpg,White,White,Male,20-29,"[8.5631341e-01 5.6361337e-04 5.3337332e-02 6.3322508e-04 7.4438978e-04
 3.8952462e-04 8.8018507e-02]",[0.9919269  0.00317391 0.00236088 0.00253832],[9.9999934e-01 7.0104983e-07],"[1.3620635e-07 1.8445113e-06 1.0530315e-03 6.2667990e-01 3.6318928e-01
 9.0082036e-03 6.6551940e-05 1.0410494e-06 1.4124661e-08]"
D:\Uni\Ulm\Master\Hiwi-Forschung-und-Lehre\FairFace\detected_faces\954066_face0.jpg,Black,Black,Male,20-29,"[2.4732872e-05 9.9419296e-01 3.7086788e-03 3.6257791e-06 4.5522020e-04
 1.6070853e-03 7.7454406e-06]",[8.6350356e-06 9.9864870e-01 2.6380001e-05 1.3163114e-03],[9.9992895e-01 7.1097369e-05],"[8.9466297e-08 4.0968862e-05 5.6077357e-02 8.6618799e-01 7.5331718e-02
 2.3168353e-03 4.4628388e-05 4.2983118e-07 1.2481374e-08]"
D:\Uni\Ulm\Master\Hiwi-Forschung-und-Lehre\FairFace\detected_faces\954076_face0.jpg,White,White,Male,20-29,"[5.0146151e-01 7.5860624e-04 2.3400141e-02 5.3030185e-06 1.4011617e-05
 1.0363958e-04 4.7425675e-01]",[9.9586481e-01 2.2952703e-03 5.5752960e-05 1.7841385e-03],[0.99806285 0.00193719],"[1.1139622e-07 2.9279798e-04 1.8943551e-01 7.4415374e-01 6.4508595e-02
 1.5991055e-03 9.8414894e-06 2.4567248e-07 4.2003818e-09]"
D:\Uni\Ulm\Master\Hiwi-Forschung-und-Lehre\FairFace\detected_faces\954291_face0.jpg,Black,Black,Male,30-39,"[1.0749940e-06 9.9996215e-01 1.0663772e-05 4.1151008e-08 3.9830371e-07
 2.4662111e-05 1.0603134e-06]",[4.2438878e-06 9.9998391e-01 1.9975037e-06 9.8450364e-06],[9.9999684e-01 3.1679103e-06],"[1.23718875e-08 3.70142516e-07 3.53244104e-04 2.11205110e-01
 6.02367103e-01 1.74961001e-01 1.10065760e-02 1.04633247e-04
 2.05561514e-06]"
D:\Uni\Ulm\Master\Hiwi-Forschung-und-Lehre\FairFace\detected_faces\954855_face0.jpg,White,White,Male,20-29,"[9.9906504e-01 9.0964117e-05 5.8449822e-04 1.6579143e-06 7.2769017e-06
 3.7334673e-06 2.4692327e-04]",[9.9876010e-01 8.8591664e-04 2.2559869e-04 1.2837810e-04],[9.9999988e-01 1.2679877e-07],"[2.3767313e-08 5.1773559e-06 1.8676478e-02 8.9342582e-01 8.4808417e-02
 2.9384051e-03 1.4159740e-04 3.9694742e-06 6.4755589e-08]"
D:\Uni\Ulm\Master\Hiwi-Forschung-und-Lehre\FairFace\detected_faces\954888_face0.jpg,Latino_Hispanic,Black,Male,20-29,"[1.9686414e-01 2.0666616e-01 5.4379833e-01 1.6850395e-04 1.3472104e-03
 5.7908176e-03 4.5364834e-02]",[0.05311142 0.83484906 0.00946377 0.1025757 ],[9.9984670e-01 1.5334047e-04],"[3.1571838e-07 3.4942443e-04 1.3072067e-01 7.7792192e-01 8.7943442e-02
 3.0151515e-03 4.8176396e-05 8.7910320e-07 2.7315370e-08]"
D:\Uni\Ulm\Master\Hiwi-Forschung-und-Lehre\FairFace\detected_faces\955042_face0.jpg,Black,Black,Male,30-39,"[7.4354162e-08 9.9999475e-01 2.0251252e-06 5.2399267e-09 2.2400916e-07
 2.8610907e-06 3.4203381e-08]",[2.0733025e-07 9.9998856e-01 8.3776121e-07 1.0315630e-05],[9.9998361e-01 1.6433558e-05],"[1.2802309e-07 6.2371610e-06 1.4955595e-03 4.0929231e-01 5.5079788e-01
 3.7838701e-02 5.6366879e-04 5.1187758e-06 3.4677473e-07]"
D:\Uni\Ulm\Master\Hiwi-Forschung-und-Lehre\FairFace\detected_faces\955076_face0.jpg,White,White,Male,20-29,"[9.8140615e-01 4.8447073e-06 8.6149639e-03 7.9242745e-05 8.9596630e-05
 5.4086293e-05 9.7511299e-03]",[9.9985802e-01 3.2160483e-06 9.4786563e-05 4.4024520e-05],[1.0000000e+00 4.2507907e-08],"[1.9193908e-06 5.6579884e-04 1.4770235e-01 7.3725361e-01 1.1175455e-01
 2.7084548e-03 1.3102112e-05 2.0000741e-07 2.6229146e-09]"
D:\Uni\Ulm\Master\Hiwi-Forschung-und-Lehre\FairFace\detected_faces\955133_face0.jpg,Latino_Hispanic,Indian,Male,20-29,"[8.2528323e-02 2.0172142e-03 7.2583616e-01 1.0452313e-05 1.4202767e-04
 4.5827780e-02 1.4363804e-01]",[0.23499793 0.01776651 0.00760993 0.7396257 ],[9.9997413e-01 2.5861718e-05],"[2.2110330e-06 6.1123188e-05 1.8022629e-02 6.3068777e-01 3.3160058e-01
 1.9376751e-02 2.4411071e-04 4.7269664e-06 6.5303041e-08]"
D:\Uni\Ulm\Master\Hiwi-Forschung-und-Lehre\FairFace\detected_faces\955241_face0.jpg,Latino_Hispanic,Indian,Male,20-29,"[8.2425885e-02 5.2410912e-02 6.6983396e-01 4.8635234e-04 4.1064834e-03
 6.5969013e-02 1.2476739e-01]",[0.1558569  0.26695883 0.03887952 0.5383048 ],[1.0000000e+00 1.5842518e-08],"[1.4338545e-07 7.4735717e-06 4.2415406e-03 6.8853724e-01 2.8622049e-01
 2.0571243e-02 4.1420065e-04 7.6716033e-06 8.3823643e-08]"
D:\Uni\Ulm\Master\Hiwi-Forschung-und-Lehre\FairFace\detected_faces\955245_face0.jpg,White,White,Male,20-29,"[9.9970257e-01 2.6645677e-07 1.2149757e-04 2.6553113e-07 6.1061991e-07
 5.7729267e-06 1.6895165e-04]",[9.9992371e-01 4.1849817e-06 1.2823393e-05 5.9302496e-05],[1.000000e+00 1.566068e-08],"[1.8752291e-09 3.4605634e-07 1.1129798e-03 7.7403694e-01 2.2080933e-01
 4.0303404e-03 1.0024919e-05 4.4988933e-08 6.1708877e-10]"
D:\Uni\Ulm\Master\Hiwi-Forschung-und-Lehre\FairFace\detected_faces\955251_face0.jpg,Black,Black,Male,30-39,"[1.3120013e-02 6.9175512e-01 7.5298958e-02 1.9339311e-04 3.2155281e-03
 2.1365677e-01 2.7601270e-03]",[7.4772374e-04 9.8902792e-01 7.8034960e-04 9.4440868e-03],[0.9904593  0.00954066],"[2.6867482e-07 1.1009676e-05 2.2097602e-03 1.9423009e-01 7.1760553e-01
 8.4721863e-02 1.2089441e-03 1.2460502e-05 1.4771051e-07]"
D:\Uni\Ulm\Master\Hiwi-Forschung-und-Lehre\FairFace\detected_faces\956574_face0.jpg,Latino_Hispanic,Black,Male,20-29,"[6.2892595e-03 2.0937555e-01 4.9264291e-01 4.8724035e-04 9.6176984e-03
 2.5377563e-01 2.7811730e-02]",[0.00476698 0.5777235  0.00792581 0.40958372],[9.9999827e-01 1.7095808e-06],"[5.2068447e-07 8.8007917e-05 3.9052490e-02 9.0256739e-01 5.7666622e-02
 6.2201952e-04 2.8766256e-06 5.9371526e-08 1.0163369e-09]"
D:\Uni\Ulm\Master\Hiwi-Forschung-und-Lehre\FairFace\detected_faces\957593_face0.jpg,Latino_Hispanic,Indian,Male,20-29,"[5.1122818e-02 1.0398300e-02 4.8364270e-01 4.1397539e-05 3.1652758e-04
 1.5134648e-02 4.3934360e-01]",[0.40483823 0.17931865 0.00745409 0.40838903],[9.9999958e-01 4.3128182e-07],"[1.2526843e-06 5.4443539e-05 4.5050927e-03 7.5331259e-01 2.3697314e-01
 5.1223091e-03 3.0396737e-05 7.9315572e-07 1.0548086e-08]"
D:\Uni\Ulm\Master\Hiwi-Forschung-und-Lehre\FairFace\detected_faces\957597_face0.jpg,Middle Eastern,White,Male,20-29,"[8.5705258e-02 2.1235114e-03 4.3966672e-01 5.3751282e-05 2.4892818e-04
 4.1697077e-03 4.6803212e-01]",[0.948395   0.01899998 0.00532275 0.02728231],[9.9999964e-01 3.5828057e-07],"[9.6503686e-07 4.9560236e-05 1.2902461e-02 6.5028894e-01 3.2421324e-01
 1.2456058e-02 8.7586792e-05 1.2078972e-06 7.2977464e-09]"
D:\Uni\Ulm\Master\Hiwi-Forschung-und-Lehre\FairFace\detected_faces\957602_face0.jpg,White,White,Male,20-29,"[9.8447478e-01 4.5434514e-05 1.3399797e-02 4.6255204e-06 1.5047508e-05
 1.4545006e-04 1.9148684e-03]",[9.9835432e-01 1.2497584e-04 8.5123109e-05 1.4356106e-03],[9.9987400e-01 1.2605163e-04],"[1.65932779e-09 1.00118434e-07 2.02000584e-03 6.70740366e-01
 3.11568826e-01 1.54636754e-02 2.05406584e-04 1.64854009e-06
 2.06700665e-08]"
D:\Uni\Ulm\Master\Hiwi-Forschung-und-Lehre\FairFace\detected_faces\957609_face0.jpg,Middle Eastern,White,Male,20-29,"[1.8715537e-01 9.1499141e-06 7.4324696e-03 2.7653939e-05 6.3891697e-05
 3.8805453e-04 8.0492342e-01]",[9.9821180e-01 2.1414709e-04 3.9780786e-04 1.1763641e-03],[9.9999446e-01 5.5191549e-06],"[1.02465236e-08 5.51355442e-05 3.78285766e-01 6.06537044e-01
 1.49758905e-02 1.45876955e-04 3.09714181e-07 7.74963915e-09
 1.08412022e-10]"
D:\Uni\Ulm\Master\Hiwi-Forschung-und-Lehre\FairFace\detected_faces\957889_face0.jpg,Indian,Indian,Male,20-29,"[9.3120296e-04 2.0950510e-01 3.0405909e-01 3.1850021e-04 3.7808418e-02
 4.4699693e-01 3.8073899e-04]",[0.00115536 0.30317575 0.05713134 0.6385375 ],[9.9999976e-01 2.1211117e-07],"[3.12615242e-07 3.98390621e-05 3.53263244e-02 8.60839128e-01
 1.00903206e-01 2.86363112e-03 2.67336109e-05 8.01137219e-07
 1.08877369e-08]"
D:\Uni\Ulm\Master\Hiwi-Forschung-und-Lehre\FairFace\detected_faces\957890_face0.jpg,Latino_Hispanic,White,Male,20-29,"[0.22277652 0.00058752 0.41010568 0.00445966 0.00810782 0.00207388
 0.35188892]",[0.9346309  0.00727408 0.0415653  0.01652974],[9.9999982e-01 1.9041538e-07],"[1.9871823e-07 5.9001055e-04 3.5639012e-01 6.3402641e-01 8.9202477e-03
 7.2882343e-05 2.1009474e-07 5.7807110e-09 6.7615712e-11]"
D:\Uni\Ulm\Master\Hiwi-Forschung-und-Lehre\FairFace\detected_faces\957894_face0.jpg,Latino_Hispanic,Black,Male,20-29,"[1.2908935e-02 2.1315688e-01 5.4572958e-01 2.1057323e-05 2.2429368e-04
 3.3236179e-03 2.2463560e-01]",[1.4291544e-03 9.9821794e-01 2.0405909e-04 1.4877215e-04],[9.9999934e-01 6.2328854e-07],"[3.55696045e-07 5.62681198e-05 2.29233280e-02 8.74262035e-01
 1.00925766e-01 1.82307966e-03 9.00242685e-06 2.11122298e-07
 3.75466325e-09]"
D:\Uni\Ulm\Master\Hiwi-Forschung-und-Lehre\FairFace\detected_faces\957935_face0.jpg,White,White,Male,10-19,"[9.0775418e-01 8.7029321e-06 1.5954217e-03 8.0286454e-06 2.2976436e-05
 3.9641445e-06 9.0606675e-02]",[9.9934709e-01 5.6401547e-04 7.0354814e-05 1.8536764e-05],[9.9999857e-01 1.4163409e-06],"[1.7795374e-08 3.4587539e-04 7.0926905e-01 2.8909487e-01 1.2778784e-03
 1.2292573e-05 3.5136555e-08 9.5942043e-10 2.0141631e-11]"
D:\Uni\Ulm\Master\Hiwi-Forschung-und-Lehre\FairFace\detected_faces\958018_face0.jpg,Latino_Hispanic,White,Male,20-29,"[0.20703767 0.00062259 0.5008529  0.00090484 0.00223828 0.0078046
 0.2805391 ]",[0.8567835  0.00260346 0.06285344 0.07775956],[9.9999440e-01 5.6086756e-06],"[2.1481307e-07 1.6706541e-05 4.3143141e-03 7.0360410e-01 2.8592432e-01
 6.1163143e-03 2.3747783e-05 2.8179289e-07 3.5012115e-09]"
D:\Uni\Ulm\Master\Hiwi-Forschung-und-Lehre\FairFace\detected_faces\958056_face0.jpg,Black,Black,Male,20-29,"[1.2207902e-07 9.9999738e-01 1.9336455e-06 1.8970623e-09 5.0867627e-08
 3.3367348e-07 1.7338370e-07]",[8.1927675e-07 9.9999738e-01 1.0971127e-06 6.3806669e-07],[9.9996608e-01 3.3846423e-05],"[2.5734984e-08 3.7418390e-06 1.3087455e-02 7.6037955e-01 2.1671070e-01
 9.7196847e-03 9.7645738e-05 1.1364922e-06 6.3897545e-08]"
D:\Uni\Ulm\Master\Hiwi-Forschung-und-Lehre\FairFace\detected_faces\958167_face0.jpg,Black,Black,Male,20-29,"[7.5132562e-06 9.9940771e-01 4.1141637e-05 1.4708137e-06 2.8767938e-05
 5.1213190e-04 1.2856633e-06]",[4.9600740e-06 9.9994153e-01 2.7223117e-05 2.6347181e-05],[0.99817735 0.00182262],"[1.9521524e-07 2.5659052e-04 1.1876356e-01 8.3346796e-01 4.6727858e-02
 7.7119295e-04 1.2177437e-05 3.9842899e-07 2.8025935e-08]"
D:\Uni\Ulm\Master\Hiwi-Forschung-und-Lehre\FairFace\detected_faces\958380_face0.jpg,Latino_Hispanic,White,Male,20-29,"[1.50572494e-01 3.88799771e-03 8.34510982e-01 1.14685754e-04
 4.40186239e-04 5.27512096e-03 5.19851130e-03]",[0.4113816  0.23378958 0.00873945 0.3460894 ],[9.9999934e-01 6.6293813e-07],"[8.8165301e-08 1.9611030e-06 5.1244465e-03 5.7417560e-01 3.6928743e-01
 4.9354974e-02 2.0312152e-03 2.4061863e-05 2.1575990e-07]"
D:\Uni\Ulm\Master\Hiwi-Forschung-und-Lehre\FairFace\detected_faces\958517_face0.jpg,White,White,Male,30-39,"[9.3682230e-01 3.8795961e-06 5.2646841e-03 7.8777703e-06 2.0633202e-05
 2.3522899e-04 5.7645451e-02]",[9.9615657e-01 1.7098751e-04 2.2466556e-04 3.4478360e-03],[9.9999779e-01 2.1933643e-06],"[1.94850841e-07 3.03217348e-06 1.09267596e-03 3.73536259e-01
 5.98141372e-01 2.71169655e-02 1.08839995e-04 7.19169236e-07
 8.25719759e-09]"
D:\Uni\Ulm\Master\Hiwi-Forschung-und-Lehre\FairFace\detected_faces\958521_face0.jpg,White,White,Male,30-39,"[9.9529499e-01 2.8032141e-06 3.8787347e-04 1.9106801e-05 8.2350725e-06
 2.8912696e-06 4.2841281e-03]",[9.9952340e-01 2.8879340e-05 3.9196733e-04 5.5718374e-05],[9.9999988e-01 1.1896702e-07],"[4.6824571e-06 1.7309238e-05 2.2558765e-03 1.6493374e-01 6.3399237e-01
 1.8854833e-01 1.0063295e-02 1.8270948e-04 1.6859979e-06]"
D:\Uni\Ulm\Master\Hiwi-Forschung-und-Lehre\FairFace\detected_faces\958542_face0.jpg,Middle Eastern,White,Male,20-29,"[2.9852325e-01 2.6453804e-04 2.9246813e-01 3.4098972e-05 1.4742083e-04
 2.1174548e-02 3.8738799e-01]",[0.88988894 0.00224462 0.00223472 0.10563171],[9.9999774e-01 2.2791119e-06],"[4.8646251e-07 1.6819595e-04 4.8488259e-02 8.6033338e-01 8.9858033e-02
 1.1493892e-03 2.1830417e-06 4.1441098e-08 4.1677112e-10]"
D:\Uni\Ulm\Master\Hiwi-Forschung-und-Lehre\FairFace\detected_faces\958578_face0.jpg,White,White,Male,20-29,"[9.9139041e-01 4.0457573e-05 3.1775816e-03 5.7486286e-06 1.7799783e-05
 1.1110496e-04 5.2569346e-03]",[9.9956656e-01 1.9261721e-04 3.1420885e-05 2.0929391e-04],[9.9952900e-01 4.7093947e-04],"[6.8781119e-08 2.6260554e-06 8.0849640e-03 6.8674707e-01 2.8801519e-01
 1.6772544e-02 3.6989042e-04 7.3748301e-06 2.6865595e-07]"
D:\Uni\Ulm\Master\Hiwi-Forschung-und-Lehre\FairFace\detected_faces\958598_face0.jpg,Middle Eastern,White,Male,10-19,"[9.6007176e-02 2.0600848e-04 3.9985985e-02 5.8447746e-05 2.1758048e-04
 2.1873877e-04 8.6330611e-01]",[0.963078   0.00850321 0.01525618 0.01316256],[9.999951e-01 4.924718e-06],"[9.1792586e-08 4.0098309e-04 5.3010124e-01 4.6366492e-01 5.7215462e-03
 1.1058707e-04 6.2337995e-07 2.1202528e-08 3.4969524e-10]"
D:\Uni\Ulm\Master\Hiwi-Forschung-und-Lehre\FairFace\detected_faces\958718_face0.jpg,White,White,Male,10-19,"[9.9747539e-01 1.0997661e-05 5.4428518e-05 4.4461253e-06 7.3427236e-06
 1.9462709e-07 2.4472810e-03]",[9.9948168e-01 2.6170880e-04 2.5533760e-04 1.2211354e-06],[0.9967793 0.0032207],"[9.5051900e-07 4.8510889e-03 6.8450731e-01 3.0401459e-01 6.4956928e-03
 1.2973476e-04 5.8643332e-07 2.0556913e-08 1.7765543e-09]"
D:\Uni\Ulm\Master\Hiwi-Forschung-und-Lehre\FairFace\detected_faces\958725_face0.jpg,White,White,Male,30-39,"[9.9960917e-01 1.3676956e-06 6.0558348e-05 1.6546786e-05 1.8775589e-05
 7.9726033e-07 2.9269804e-04]",[9.9975562e-01 7.3249343e-05 1.6950225e-04 1.5834855e-06],[9.9999648e-01 3.5717937e-06],"[7.8499249e-07 2.0037076e-05 3.2955243e-03 4.4744992e-01 5.1160252e-01
 3.6844604e-02 7.7578210e-04 1.0401679e-05 4.0139787e-07]"
D:\Uni\Ulm\Master\Hiwi-Forschung-und-Lehre\FairFace\detected_faces\958878_face0.jpg,White,White,Male,20-29,"[9.9309802e-01 1.5945519e-06 4.2392797e-04 4.5885643e-04 2.6358367e-04
 3.7832808e-06 5.7501141e-03]",[9.9865705e-01 1.2629367e-05 1.3215084e-03 8.7499720e-06],[0.992904   0.00709605],"[7.9063489e-07 2.1406356e-04 1.8211016e-01 7.2547519e-01 8.5229054e-02
 6.8028383e-03 1.6353583e-04 4.2308739e-06 1.2674549e-07]"
D:\Uni\Ulm\Master\Hiwi-Forschung-und-Lehre\FairFace\detected_faces\958916_face0.jpg,White,White,Male,20-29,"[9.9997950e-01 4.0413638e-06 7.7947652e-06 3.4762107e-07 1.0788918e-06
 9.5183466e-08 7.1818145e-06]",[9.9980092e-01 1.7198820e-04 2.3578579e-05 3.4956197e-06],[9.9999994e-01 7.3648032e-08],"[1.3548923e-07 5.8218002e-06 1.5202403e-03 5.9429282e-01 3.8825029e-01
 1.5603744e-02 3.2091927e-04 5.7857765e-06 2.2380958e-07]"
D:\Uni\Ulm\Master\Hiwi-Forschung-und-Lehre\FairFace\detected_faces\958918_face0.jpg,White,White,Male,20-29,"[7.1142685e-01 6.7101580e-05 2.8453086e-02 1.0096213e-04 2.5722146e-04
 4.4202298e-04 2.5925279e-01]",[9.9672818e-01 9.0272923e-04 1.1227939e-03 1.2462919e-03],[9.9999672e-01 3.2334233e-06],"[1.05070036e-07 1.49517682e-05 1.56196617e-02 8.01570952e-01
 1.76597208e-01 6.16379362e-03 3.29953400e-05 3.46222777e-07
 5.37758238e-09]"
D:\Uni\Ulm\Master\Hiwi-Forschung-und-Lehre\FairFace\detected_faces\958959_face0.jpg,Black,Black,Male,30-39,"[7.1043360e-06 9.9804175e-01 3.3636286e-04 1.3760246e-07 5.4396519e-06
 1.5983450e-03 1.0777143e-05]",[6.2896456e-06 9.9974763e-01 2.8676325e-06 2.4323729e-04],[9.9999958e-01 4.1859528e-07],"[3.7936787e-09 1.3992307e-07 4.2146543e-04 3.2260421e-01 6.0713196e-01
 6.8215579e-02 1.6160354e-03 1.0351821e-05 1.7629428e-07]"
D:\Uni\Ulm\Master\Hiwi-Forschung-und-Lehre\FairFace\detected_faces\958966_face0.jpg,White,White,Male,20-29,"[9.6334279e-01 5.9504639e-03 2.5108766e-02 1.0637721e-05 8.9274348e-05
 1.7883611e-04 5.3192684e-03]",[9.8966449e-01 9.8581444e-03 1.2387756e-04 3.5358555e-04],[9.9999923e-01 8.1242183e-07],"[1.7893703e-07 8.1690941e-06 5.2792826e-03 7.1510482e-01 2.6332971e-01
 1.5702100e-02 5.6177465e-04 1.3706050e-05 2.9125422e-07]"
D:\Uni\Ulm\Master\Hiwi-Forschung-und-Lehre\FairFace\detected_faces\958982_face0.jpg,White,White,Male,20-29,"[7.4536169e-01 6.0275881e-05 2.2272890e-02 3.6875211e-04 3.3505930e-04
 3.9015317e-04 2.3121126e-01]",[9.9818575e-01 1.0730797e-04 1.5649569e-03 1.4194674e-04],[9.9999988e-01 1.2557828e-07],"[6.6005421e-05 2.5383867e-03 3.8614467e-02 6.4446568e-01 3.0302203e-01
 1.1222490e-02 6.9390699e-05 1.4535742e-06 1.9320925e-08]"
D:\Uni\Ulm\Master\Hiwi-Forschung-und-Lehre\FairFace\detected_faces\959003_face0.jpg,Latino_Hispanic,White,Male,20-29,"[9.8927051e-02 3.7283588e-03 6.6757387e-01 3.6130531e-04 1.4614660e-03
 7.8297779e-03 2.2011815e-01]",[0.739544   0.083433   0.05063405 0.12638897],[9.9999827e-01 1.6945394e-06],"[3.4871307e-06 4.9763439e-05 7.5027640e-03 6.1043966e-01 3.6406898e-01
 1.7699521e-02 2.3078207e-04 4.8886377e-06 5.9070551e-08]"
D:\Uni\Ulm\Master\Hiwi-Forschung-und-Lehre\FairFace\detected_faces\959066_face0.jpg,White,White,Male,20-29,"[9.9938136e-01 1.0557568e-07 9.2034992e-05 8.0787538e-07 1.8261077e-06
 3.8074035e-07 5.2336033e-04]",[9.9997026e-01 8.6138652e-06 1.4079845e-05 7.0616875e-06],[9.9999934e-01 6.6723629e-07],"[1.19783621e-07 1.57912596e-04 4.43230838e-01 5.48797488e-01
 7.73059111e-03 8.27680124e-05 2.76402005e-07 5.46763079e-09
 1.00110975e-10]"
D:\Uni\Ulm\Master\Hiwi-Forschung-und-Lehre\FairFace\detected_faces\959205_face0.jpg,Indian,Indian,Male,20-29,"[2.8786499e-03 2.0416547e-02 6.4825222e-02 5.3014337e-05 2.3188516e-03
 8.5741568e-01 5.2091978e-02]",[0.00495857 0.12774043 0.00271643 0.86458457],[9.999962e-01 3.804720e-06],"[5.2933751e-07 1.0399271e-04 1.9547759e-02 6.6431648e-01 3.0737689e-01
 8.6253779e-03 2.8472447e-05 5.0243824e-07 9.8222435e-09]"
D:\Uni\Ulm\Master\Hiwi-Forschung-und-Lehre\FairFace\detected_faces\959208_face0.jpg,White,White,Male,20-29,"[9.9947399e-01 3.2494227e-06 1.0484759e-04 4.3041186e-07 1.5989431e-06
 8.8459052e-07 4.1509041e-04]",[9.9990952e-01 7.6439581e-05 3.1659467e-06 1.0871269e-05],[1.0000000e+00 3.5113484e-08],"[3.1348669e-08 2.7886099e-06 1.7478539e-03 7.6863468e-01 2.2570495e-01
 3.8904985e-03 1.9164958e-05 1.3928695e-07 2.4034237e-09]"
D:\Uni\Ulm\Master\Hiwi-Forschung-und-Lehre\FairFace\detected_faces\959592_face0.jpg,Middle Eastern,White,Male,20-29,"[3.0780220e-01 8.7825360e-04 3.3376428e-01 2.7253705e-05 2.0489152e-04
 3.5451322e-03 3.5377797e-01]",[0.57428306 0.2213972  0.00574708 0.19857267],[9.9998879e-01 1.1182297e-05],"[5.11469196e-08 4.45795149e-06 5.91089204e-03 7.72703707e-01
 2.17640772e-01 3.72479600e-03 1.51003405e-05 1.56393327e-07
 2.78835022e-09]"
D:\Uni\Ulm\Master\Hiwi-Forschung-und-Lehre\FairFace\detected_faces\959634_face0.jpg,White,White,Male,20-29,"[9.8878676e-01 9.9726242e-07 7.5539894e-04 5.5197842e-07 1.5281546e-06
 4.4428202e-06 1.0450216e-02]",[9.9998802e-01 4.1837975e-06 3.2984749e-06 4.4750686e-06],[9.9999940e-01 6.0010336e-07],"[3.4574228e-08 3.3503766e-05 1.0058444e-01 8.7424368e-01 2.4768192e-02
 3.6937810e-04 8.4870732e-07 6.5365380e-09 8.2867345e-11]"
D:\Uni\Ulm\Master\Hiwi-Forschung-und-Lehre\FairFace\detected_faces\959635_face0.jpg,White,White,Male,20-29,"[9.67279136e-01 2.16665139e-04 1.91913974e-02 5.00745373e-05
 1.00602076e-04 1.79332073e-05 1.31441029e-02]",[9.9821293e-01 1.4641361e-03 2.8607211e-04 3.6788631e-05],[0.9932342  0.00676574],"[7.6352684e-09 6.1329001e-06 1.0937083e-01 8.6296993e-01 2.7121903e-02
 5.2679348e-04 4.2734919e-06 9.0419910e-08 1.5509268e-09]"
D:\Uni\Ulm\Master\Hiwi-Forschung-und-Lehre\FairFace\detected_faces\959710_face0.jpg,White,White,Male,20-29,"[5.6506336e-01 1.5881372e-03 3.6015424e-01 1.3989960e-04 8.5981248e-04
 7.8737014e-04 7.1407236e-02]",[0.88685197 0.10145374 0.00600066 0.00569362],[9.9999958e-01 3.6285337e-07],"[1.5707586e-08 4.0785555e-05 1.4821413e-01 8.2495749e-01 2.6493315e-02
 2.9312144e-04 1.1356565e-06 2.1358831e-08 2.7754041e-10]"
D:\Uni\Ulm\Master\Hiwi-Forschung-und-Lehre\FairFace\detected_faces\959753_face0.jpg,White,White,Male,20-29,"[5.4369396e-01 3.3960721e-05 4.7186468e-02 2.7291544e-04 4.0850043e-04
 9.5939566e-04 4.0744472e-01]",[9.9532616e-01 3.1495565e-05 3.0055351e-03 1.6368249e-03],[9.9999017e-01 9.8174105e-06],"[1.01129345e-07 4.97307810e-05 5.57618737e-02 8.97450507e-01
 4.64761481e-02 2.61080248e-04 5.11223277e-07 6.06776673e-09
 1.11577227e-10]"
D:\Uni\Ulm\Master\Hiwi-Forschung-und-Lehre\FairFace\detected_faces\959820_face0.jpg,Latino_Hispanic,White,Male,20-29,"[0.25128296 0.00222747 0.64044595 0.00175286 0.00446337 0.01041658
 0.08941087]",[0.8056635  0.12230051 0.00868627 0.06334971],[9.9998778e-01 1.2264994e-05],"[1.07532905e-07 1.48374556e-05 6.08312618e-03 8.70142937e-01
 1.22837320e-01 9.19162354e-04 2.38427083e-06 4.35016148e-08
 7.92173827e-10]"
D:\Uni\Ulm\Master\Hiwi-Forschung-und-Lehre\FairFace\detected_faces\959872_face0.jpg,Middle Eastern,White,Male,20-29,"[1.8937616e-01 5.6916364e-03 1.5575963e-01 2.6262330e-04 7.7151321e-04
 4.2365524e-03 6.4390182e-01]",[0.8949245  0.01430214 0.00720466 0.08356866],[9.999998e-01 2.063359e-07],"[5.8598505e-07 2.2021959e-05 1.9907742e-03 5.2954876e-01 4.5124909e-01
 1.7061928e-02 1.2509729e-04 1.7580131e-06 1.9827757e-08]"
D:\Uni\Ulm\Master\Hiwi-Forschung-und-Lehre\FairFace\detected_faces\960006_face0.jpg,Black,Black,Male,20-29,"[1.4037752e-07 9.9999648e-01 1.7770568e-06 4.6759741e-08 3.5050576e-07
 1.0426594e-06 1.5335578e-07]",[4.0393266e-07 9.9999422e-01 4.4301310e-06 9.7485554e-07],[0.998186 0.001814],"[1.2862731e-07 5.3442243e-05 1.7439570e-02 7.8488672e-01 1.8919545e-01
 8.3722761e-03 5.2026473e-05 4.0622155e-07 3.3185128e-08]"
D:\Uni\Ulm\Master\Hiwi-Forschung-und-Lehre\FairFace\detected_faces\960017_face0.jpg,White,White,Male,20-29,"[9.9222416e-01 8.6159275e-07 1.0450517e-04 1.0849006e-06 3.2748430e-06
 1.4475573e-05 7.6517137e-03]",[9.9990642e-01 9.9217059e-06 5.1184034e-05 3.2530188e-05],[9.9999869e-01 1.3192487e-06],"[5.3506238e-07 3.5513297e-04 8.1009462e-02 8.2900476e-01 8.2553647e-02
 6.9867983e-03 8.8219407e-05 1.3997334e-06 4.5770129e-08]"
D:\Uni\Ulm\Master\Hiwi-Forschung-und-Lehre\FairFace\detected_faces\960049_face0.jpg,White,White,Male,20-29,"[9.9362987e-01 4.6189125e-06 3.6830076e-03 4.4738717e-06 7.1358886e-06
 5.9518302e-06 2.6649365e-03]",[9.9912798e-01 5.9681031e-04 7.8320532e-05 1.9684367e-04],[9.9999988e-01 1.2316046e-07],"[4.7559890e-08 6.3705293e-06 3.1279683e-02 8.4380484e-01 1.2207952e-01
 2.8128261e-03 1.6668540e-05 1.0684109e-07 6.0491767e-10]"
D:\Uni\Ulm\Master\Hiwi-Forschung-und-Lehre\FairFace\detected_faces\960080_face0.jpg,Black,Black,Male,20-29,"[1.6232236e-06 9.9992329e-01 2.6115780e-05 2.5392972e-09 7.7198600e-08
 3.5383626e-05 1.3523568e-05]",[1.0375846e-06 9.9994975e-01 6.2986851e-07 4.8528163e-05],[9.999991e-01 8.897704e-07],"[5.7978514e-07 4.7582935e-04 5.3913608e-02 7.1603614e-01 2.1852079e-01
 1.0956598e-02 9.5506548e-05 1.0224339e-06 3.4954017e-08]"
D:\Uni\Ulm\Master\Hiwi-Forschung-und-Lehre\FairFace\detected_faces\960114_face0.jpg,White,White,Male,20-29,"[9.9413157e-01 5.9842523e-06 2.1001038e-03 7.3826362e-05 7.3110168e-05
 4.5644330e-05 3.5698020e-03]",[9.9819213e-01 2.1846501e-05 1.0376698e-03 7.4828992e-04],[9.9999982e-01 1.7321818e-07],"[4.5576293e-08 1.3996438e-05 2.2544311e-02 9.3149519e-01 4.5638289e-02
 3.0757912e-04 6.1316939e-07 6.4349810e-09 1.2872055e-10]"
D:\Uni\Ulm\Master\Hiwi-Forschung-und-Lehre\FairFace\detected_faces\960159_face0.jpg,Middle Eastern,White,Male,20-29,"[1.7756248e-01 4.5881447e-05 1.8001605e-02 1.2483583e-05 4.6879213e-05
 6.7750248e-04 8.0365318e-01]",[9.8921263e-01 5.4767658e-04 4.0186373e-05 1.0199531e-02],[9.9998534e-01 1.4700828e-05],"[3.33272854e-09 2.49895675e-06 8.32827389e-03 9.42973375e-01
 4.85854708e-02 1.10234025e-04 9.82966881e-08 9.41820510e-10
 1.95640344e-11]"
D:\Uni\Ulm\Master\Hiwi-Forschung-und-Lehre\FairFace\detected_faces\960257_face0.jpg,Black,Black,Male,20-29,"[3.5972509e-05 9.8100281e-01 2.2752143e-03 2.6060841e-06 1.9725357e-04
 1.5115071e-02 1.3709724e-03]",[6.7759174e-06 9.9889708e-01 3.8965361e-05 1.0571361e-03],[9.999673e-01 3.275322e-05],"[1.49895936e-08 2.34869149e-05 1.00200489e-01 7.93919742e-01
 1.04103461e-01 1.73345604e-03 1.88324884e-05 5.18388276e-07
 1.41632395e-08]"
D:\Uni\Ulm\Master\Hiwi-Forschung-und-Lehre\FairFace\detected_faces\960302_face0.jpg,White,White,Male,20-29,"[9.5595676e-01 8.8237593e-06 1.4813930e-02 9.8234614e-06 1.7054164e-05
 1.2506389e-04 2.9068612e-02]",[9.9914056e-01 1.1109268e-04 8.3420717e-05 6.6492858e-04],[9.9999493e-01 5.0856033e-06],"[6.5432260e-08 1.0597841e-04 2.0200859e-01 7.9107428e-01 6.7772167e-03
 3.3702821e-05 5.5272743e-08 9.4086494e-10 2.0832894e-11]"
D:\Uni\Ulm\Master\Hiwi-Forschung-und-Lehre\FairFace\detected_faces\960307_face0.jpg,White,White,Male,10-19,"[9.5955855e-01 1.8860932e-04 2.0235609e-02 2.6689886e-05 5.4123990e-05
 6.2906402e-06 1.9930230e-02]",[9.9874425e-01 1.1697129e-03 7.1569164e-05 1.4518413e-05],[9.9999774e-01 2.2518525e-06],"[2.6969030e-08 3.2527186e-04 7.2651339e-01 2.7136406e-01 1.7799352e-03
 1.7246073e-05 6.4618384e-08 1.2444477e-09 2.8519314e-11]"
D:\Uni\Ulm\Master\Hiwi-Forschung-und-Lehre\FairFace\detected_faces\960401_face0.jpg,Black,Black,Male,20-29,"[0.00387591 0.69362855 0.26195312 0.00327119 0.03051028 0.00430038
 0.00246057]",[0.0095789  0.9491842  0.03390587 0.00733109],[1.0000000e+00 1.1833145e-08],"[3.4817987e-07 4.2521708e-05 2.6072387e-02 7.1121019e-01 2.5037527e-01
 1.2054024e-02 2.3933715e-04 5.8579062e-06 9.2217135e-08]"
D:\Uni\Ulm\Master\Hiwi-Forschung-und-Lehre\FairFace\detected_faces\960441_face0.jpg,White,White,Male,20-29,"[9.8235399e-01 7.5379328e-05 1.1092541e-02 7.7724526e-06 4.1767540e-05
 2.2015620e-05 6.4064949e-03]",[9.9847376e-01 7.4246264e-04 3.6765230e-04 4.1609223e-04],[9.999960e-01 3.965488e-06],"[4.3738464e-07 2.6183380e-04 1.9301571e-01 7.1896821e-01 8.2124129e-02
 5.5620600e-03 6.6336856e-05 1.2269552e-06 1.1280722e-08]"
D:\Uni\Ulm\Master\Hiwi-Forschung-und-Lehre\FairFace\detected_faces\960448_face0.jpg,White,White,Male,10-19,"[9.9406153e-01 7.0595437e-05 1.6726159e-03 1.2190518e-04 1.3830337e-04
 1.9408208e-06 3.9331834e-03]",[9.9841613e-01 7.2453631e-04 8.1103347e-04 4.8210968e-05],[9.9999917e-01 8.4145046e-07],"[5.4164588e-09 6.4207503e-05 6.4982742e-01 3.4908986e-01 1.0113390e-03
 7.0631286e-06 4.5746749e-08 1.9386774e-09 2.9530448e-11]"
D:\Uni\Ulm\Master\Hiwi-Forschung-und-Lehre\FairFace\detected_faces\960453_face0.jpg,White,White,Male,20-29,"[7.7489078e-01 4.1615844e-04 3.1311363e-02 1.0467046e-05 9.1707960e-05
 5.4204094e-05 1.9322523e-01]",[9.9300462e-01 5.2370843e-03 1.8964126e-04 1.5686824e-03],[9.999063e-01 9.366328e-05],"[8.5551910e-08 1.5212983e-04 2.9007497e-01 6.7980111e-01 2.9181940e-02
 7.8242936e-04 7.2354005e-06 1.5282856e-07 2.6224356e-09]"
D:\Uni\Ulm\Master\Hiwi-Forschung-und-Lehre\FairFace\detected_faces\961672_face0.jpg,Black,Black,Male,20-29,"[2.7317865e-06 9.9957782e-01 1.9907973e-04 5.4096910e-07 6.8050285e-05
 1.3783215e-04 1.3863327e-05]",[1.3022383e-06 9.9991781e-01 4.2144424e-05 3.8737697e-05],[1.0000000e+00 1.8778779e-09],"[2.4105319e-08 2.0158899e-05 4.0389851e-02 9.3463320e-01 2.4624728e-02
 3.3011285e-04 1.7713272e-06 9.7117010e-08 3.2791498e-09]"
D:\Uni\Ulm\Master\Hiwi-Forschung-und-Lehre\FairFace\detected_faces\961673_face0.jpg,Black,Black,Male,20-29,"[1.0931911e-03 9.0548033e-01 8.6186863e-02 4.3315595e-05 5.0437949e-03
 2.0658460e-03 8.6656335e-05]",[6.0426805e-04 9.8070467e-01 8.0974149e-03 1.0593673e-02],[9.998164e-01 1.836471e-04],"[5.3552590e-08 2.9410352e-04 4.6016106e-01 5.3673184e-01 2.7880215e-03
 2.4876210e-05 1.2645053e-07 4.0149004e-09 1.5489000e-10]"
D:\Uni\Ulm\Master\Hiwi-Forschung-und-Lehre\FairFace\detected_faces\961677_face0.jpg,Latino_Hispanic,Black,Male,10-19,"[0.00795288 0.0173271  0.9207995  0.00109386 0.02272511 0.02739128
 0.00271029]",[0.00843209 0.65008384 0.11315105 0.22833294],[9.9999988e-01 1.1394317e-07],"[8.5644132e-08 1.3160538e-03 8.6941135e-01 1.2667811e-01 2.5428059e-03
 5.1257779e-05 2.8696422e-07 7.4864488e-09 7.7505911e-11]"
D:\Uni\Ulm\Master\Hiwi-Forschung-und-Lehre\FairFace\detected_faces\961688_face0.jpg,Black,Black,Male,20-29,"[2.9284209e-05 9.9352211e-01 2.8768061e-03 6.3312536e-06 3.9614909e-04
 2.8272681e-03 3.4209900e-04]",[3.0871986e-06 9.9948645e-01 6.5984408e-05 4.4445402e-04],[9.9999988e-01 1.3420244e-07],"[7.0345612e-07 7.5043231e-04 1.5635686e-01 7.8941488e-01 5.1991001e-02
 1.4747630e-03 1.0865359e-05 4.4620759e-07 1.6634004e-08]"
D:\Uni\Ulm\Master\Hiwi-Forschung-und-Lehre\FairFace\detected_faces\962012_face0.jpg,White,White,Male,20-29,"[9.9965584e-01 2.0650177e-05 4.4952809e-05 4.5486863e-06 9.5236819e-06
 3.7816827e-07 2.6405539e-04]",[9.9140507e-01 8.2399435e-03 3.2341050e-04 3.1554548e-05],[1.0000000e+00 3.8790936e-11],"[3.0785515e-08 4.7441296e-07 9.0447569e-04 6.1903608e-01 3.5154817e-01
 2.7050404e-02 1.4257769e-03 3.4216162e-05 3.9162350e-07]"
D:\Uni\Ulm\Master\Hiwi-Forschung-und-Lehre\FairFace\detected_faces\962018_face0.jpg,White,White,Male,20-29,"[7.0461845e-01 4.7181038e-05 2.2470210e-01 4.9023516e-03 4.8936252e-03
 3.0843995e-04 6.0527857e-02]",[9.9449736e-01 3.7774918e-04 4.3571009e-03 7.6779281e-04],[9.999990e-01 1.019874e-06],"[4.8974471e-08 7.9816724e-05 2.7098376e-01 7.1163160e-01 1.7153889e-02
 1.5039273e-04 5.0242267e-07 9.0110532e-09 1.0739268e-10]"
D:\Uni\Ulm\Master\Hiwi-Forschung-und-Lehre\FairFace\detected_faces\962027_face0.jpg,Black,Black,Male,20-29,"[1.2461751e-02 7.7513629e-01 1.8597074e-01 3.2561646e-05 4.1815318e-04
 1.3160083e-02 1.2820399e-02]",[3.5650702e-04 9.9621922e-01 1.4492478e-04 3.2792795e-03],[9.9999946e-01 5.5526942e-07],"[1.6354120e-07 2.8114264e-06 7.2857607e-03 7.2581601e-01 2.4552751e-01
 2.0427991e-02 9.0565439e-04 3.3470806e-05 6.4087368e-07]"
D:\Uni\Ulm\Master\Hiwi-Forschung-und-Lehre\FairFace\detected_faces\962029_face0.jpg,White,White,Male,20-29,"[9.2729264e-01 5.2435902e-05 2.1702852e-02 1.1967633e-06 6.5348663e-06
 2.0706131e-04 5.0737321e-02]",[9.9836695e-01 1.5630992e-04 3.0700114e-05 1.4459834e-03],[9.9999982e-01 2.1595359e-07],"[5.0409561e-09 1.7743345e-07 1.8602077e-04 5.0653076e-01 4.8784927e-01
 5.4286886e-03 5.0290960e-06 2.4908900e-08 2.6511721e-10]"
D:\Uni\Ulm\Master\Hiwi-Forschung-und-Lehre\FairFace\detected_faces\962053_face0.jpg,White,White,Male,20-29,"[9.8402590e-01 1.5856668e-04 9.2093581e-03 3.9600491e-06 2.2970911e-05
 1.4398404e-05 6.5648840e-03]",[9.9929708e-01 4.5535251e-04 7.2017414e-05 1.7549068e-04],[1.0000000e+00 2.1709736e-08],"[1.49439561e-09 3.03806644e-07 2.39736796e-03 8.74601185e-01
 1.22047536e-01 9.50483198e-04 3.10162159e-06 4.01756886e-08
 4.30785879e-10]"
D:\Uni\Ulm\Master\Hiwi-Forschung-und-Lehre\FairFace\detected_faces\962064_face0.jpg,White,White,Male,10-19,"[9.9988937e-01 2.5183544e-07 2.7519687e-05 4.2912561e-07 6.7218264e-07
 1.8069738e-07 8.1544182e-05]",[9.9996084e-01 2.7185402e-05 1.1014554e-05 9.1007792e-07],[9.999914e-01 8.583491e-06],"[1.2187252e-06 1.7170227e-03 6.2889189e-01 3.5912156e-01 1.0008502e-02
 2.5768633e-04 2.0328355e-06 3.8211315e-08 1.5551747e-09]"
D:\Uni\Ulm\Master\Hiwi-Forschung-und-Lehre\FairFace\detected_faces\962114_face0.jpg,Latino_Hispanic,White,Male,10-19,"[0.11190063 0.00192366 0.5503421  0.0007264  0.00330543 0.00481634
 0.32698554]",[0.9340297  0.01242758 0.03075147 0.0227912 ],[9.9998915e-01 1.0864260e-05],"[1.4716446e-08 1.2653631e-04 5.7531524e-01 4.2288837e-01 1.6589174e-03
 1.0799163e-05 3.2735166e-08 1.3238158e-09 2.2235424e-11]"
D:\Uni\Ulm\Master\Hiwi-Forschung-und-Lehre\FairFace\detected_faces\962222_face0.jpg,Middle Eastern,White,Male,20-29,"[1.0514470e-01 6.9817383e-05 3.5669066e-02 3.2414243e-04 5.8841298e-04
 5.6841993e-04 8.5763544e-01]",[9.8426139e-01 1.3284343e-04 1.2792119e-02 2.8136920e-03],[9.9999946e-01 4.9989546e-07],"[6.6037546e-07 1.5106064e-04 4.9152270e-02 8.4570748e-01 1.0286965e-01
 2.0979266e-03 1.9759731e-05 1.1295263e-06 1.7366860e-08]"
D:\Uni\Ulm\Master\Hiwi-Forschung-und-Lehre\FairFace\detected_faces\962272_face0.jpg,White,White,Male,20-29,"[9.9270743e-01 1.5540407e-07 2.3028768e-04 5.7849650e-07 6.3012635e-07
 1.5580422e-06 7.0592728e-03]",[9.9998373e-01 8.5629117e-06 1.7086395e-06 5.9785125e-06],[9.9997389e-01 2.6063282e-05],"[2.5756684e-08 7.8077144e-05 3.4904394e-01 6.4571351e-01 5.1236628e-03
 4.0774692e-05 5.2591311e-08 5.2860477e-10 1.3476167e-11]"
D:\Uni\Ulm\Master\Hiwi-Forschung-und-Lehre\FairFace\detected_faces\962282_face0.jpg,White,White,Male,10-19,"[9.9968600e-01 6.3838587e-07 6.8140464e-05 1.6771544e-06 3.9477804e-06
 2.3845411e-07 2.3945383e-04]",[9.9995112e-01 6.5533268e-06 3.9147268e-05 3.2072699e-06],[1.000000e+00 8.160134e-09],"[3.10790718e-08 2.82856257e-04 5.03791392e-01 4.91370291e-01
 4.51694941e-03 3.84170489e-05 1.01521785e-07 1.41442935e-09
 2.06409143e-11]"
D:\Uni\Ulm\Master\Hiwi-Forschung-und-Lehre\FairFace\detected_faces\962283_face0.jpg,Middle Eastern,White,Male,20-29,"[4.4286057e-01 1.0090879e-04 6.4283229e-02 3.7466925e-05 1.7016074e-04
 9.1433264e-03 4.8340428e-01]",[9.835825e-01 9.741250e-05 2.676360e-04 1.605244e-02],[9.999997e-01 2.939927e-07],"[8.2712199e-07 1.4324860e-04 2.7123619e-02 8.7879676e-01 9.3075857e-02
 8.5813383e-04 1.5753724e-06 3.3110727e-08 3.5815440e-10]"
D:\Uni\Ulm\Master\Hiwi-Forschung-und-Lehre\FairFace\detected_faces\962364_face0.jpg,White,White,Male,20-29,"[5.2995980e-01 4.2357924e-03 2.3527952e-01 1.1363575e-04 3.1527103e-04
 1.6462557e-03 2.2844967e-01]",[0.9882004  0.00277404 0.00581421 0.0032113 ],[9.9999994e-01 3.4717413e-08],"[2.1085679e-08 4.7949884e-06 4.9997065e-03 9.2277962e-01 7.1912259e-02
 3.0321226e-04 3.5783029e-07 4.8966444e-09 4.4071163e-11]"
D:\Uni\Ulm\Master\Hiwi-Forschung-und-Lehre\FairFace\detected_faces\962365_face0.jpg,Latino_Hispanic,Asian,Male,20-29,"[0.04139655 0.00114867 0.8166645  0.00340314 0.00853438 0.0035673
 0.12528546]",[0.3605142  0.03545759 0.50395745 0.10007076],[9.9999589e-01 4.1240305e-06],"[7.5098887e-07 1.0101710e-04 4.8346169e-02 7.6804227e-01 1.7919871e-01
 4.2878301e-03 2.2663406e-05 5.5782465e-07 6.0136713e-09]"
D:\Uni\Ulm\Master\Hiwi-Forschung-und-Lehre\FairFace\detected_faces\962366_face0.jpg,White,White,Male,20-29,"[9.9047333e-01 1.4161142e-06 5.0238427e-04 2.8320421e-06 6.1991163e-06
 1.5049904e-05 8.9988289e-03]",[9.9990880e-01 1.6791749e-06 6.2342938e-06 8.3324237e-05],[9.9999547e-01 4.5467573e-06],"[1.08129136e-07 6.35621154e-06 1.12574566e-02 8.25890243e-01
 1.59893930e-01 2.93615554e-03 1.55709695e-05 1.93185059e-07
 3.68078434e-09]"
D:\Uni\Ulm\Master\Hiwi-Forschung-und-Lehre\FairFace\detected_faces\962378_face0.jpg,White,White,Male,20-29,"[8.2681203e-01 1.1076973e-04 9.8638043e-02 2.2451582e-03 2.5098219e-03
 6.0319275e-05 6.9623888e-02]",[9.8731637e-01 3.4267313e-04 1.1818505e-02 5.2248192e-04],[9.9999905e-01 9.5722157e-07],"[9.5925252e-08 1.1802171e-05 1.6034657e-02 8.1449980e-01 1.6806647e-01
 1.3833309e-03 3.7785640e-06 5.7122580e-08 4.7976551e-10]"
D:\Uni\Ulm\Master\Hiwi-Forschung-und-Lehre\FairFace\detected_faces\962381_face0.jpg,White,White,Male,20-29,"[9.1887099e-01 1.7324715e-05 7.1584131e-03 3.4519967e-06 1.0539795e-05
 1.7334562e-05 7.3921986e-02]",[9.9961203e-01 2.4669949e-04 4.9652012e-05 9.1664850e-05],[1.0000000e+00 3.4424237e-09],"[1.1439276e-08 1.5882226e-05 1.3112533e-01 8.5813081e-01 1.0660711e-02
 6.7049426e-05 2.1527077e-07 6.4885364e-09 4.6783643e-11]"
D:\Uni\Ulm\Master\Hiwi-Forschung-und-Lehre\FairFace\detected_faces\962409_face0.jpg,Black,Black,Male,20-29,"[1.1502412e-05 9.9948889e-01 4.1358595e-04 1.5706217e-07 2.9633434e-06
 5.4067659e-05 2.8823009e-05]",[2.8851064e-05 9.9980342e-01 3.9618553e-05 1.2810068e-04],[9.9999994e-01 4.6890346e-08],"[1.5467025e-06 7.9097001e-05 1.0312387e-02 6.2011397e-01 3.3605340e-01
 3.2653999e-02 7.6800474e-04 1.7153598e-05 3.7203682e-07]"
D:\Uni\Ulm\Master\Hiwi-Forschung-und-Lehre\FairFace\detected_faces\962411_face0.jpg,Middle Eastern,White,Male,20-29,"[2.8853528e-02 7.1515133e-05 6.5866277e-02 8.0141392e-05 2.1422899e-04
 6.7185517e-03 8.9819580e-01]",[0.9383936  0.00124768 0.00101512 0.05934357],[9.999927e-01 7.264018e-06],"[9.5895598e-07 1.1065596e-04 1.2010356e-02 8.7297970e-01 1.1399879e-01
 8.9765101e-04 1.9648899e-06 4.4240593e-08 9.4451957e-10]"
D:\Uni\Ulm\Master\Hiwi-Forschung-und-Lehre\FairFace\detected_faces\962577_face0.jpg,White,White,Male,20-29,"[9.2955410e-01 1.2096069e-04 5.7571395e-03 2.8708208e-05 5.5099554e-05
 5.9017268e-05 6.4424910e-02]",[9.9822384e-01 3.8010068e-04 5.3784065e-04 8.5819222e-04],[9.999990e-01 1.012266e-06],"[6.5219103e-07 2.4379946e-05 5.6896755e-03 6.9565231e-01 2.9029691e-01
 8.2883770e-03 4.6944660e-05 8.1085557e-07 1.4825526e-08]"
D:\Uni\Ulm\Master\Hiwi-Forschung-und-Lehre\FairFace\detected_faces\962624_face0.jpg,Middle Eastern,White,Male,10-19,"[3.2831085e-01 3.9680353e-03 1.6403554e-01 1.6510805e-04 5.8230996e-04
 1.0984995e-03 5.0183964e-01]",[0.64278775 0.3252192  0.00567722 0.02631587],[9.9999607e-01 3.8984508e-06],"[6.6658970e-07 1.8870105e-03 5.3440237e-01 4.5121923e-01 1.2215497e-02
 2.7332385e-04 1.9113008e-06 7.0325875e-08 1.3533101e-09]"
D:\Uni\Ulm\Master\Hiwi-Forschung-und-Lehre\FairFace\detected_faces\962625_face0.jpg,White,White,Male,20-29,"[4.1494873e-01 2.8779745e-04 1.8671601e-01 3.1203119e-05 3.2224815e-04
 4.5719990e-03 3.9312199e-01]",[9.8631471e-01 9.4451813e-04 1.0169171e-03 1.1723831e-02],[1.0000000e+00 1.2561385e-08],"[5.9514402e-08 1.3787941e-04 2.8426933e-01 7.0326650e-01 1.2247606e-02
 7.8530786e-05 1.2633828e-07 4.0335242e-09 2.8548254e-11]"
D:\Uni\Ulm\Master\Hiwi-Forschung-und-Lehre\FairFace\detected_faces\962710_face0.jpg,White,White,Male,20-29,"[7.7159840e-01 1.0815717e-03 1.4821646e-01 4.1844985e-05 2.6454937e-04
 9.2108006e-04 7.7876076e-02]",[0.7601565  0.23108724 0.00192782 0.00682836],[9.9999982e-01 1.6505052e-07],"[6.8869866e-08 8.0505575e-05 1.3891183e-01 8.3065444e-01 2.9955614e-02
 3.9589449e-04 1.6398786e-06 1.6746377e-08 2.1839559e-10]"
D:\Uni\Ulm\Master\Hiwi-Forschung-und-Lehre\FairFace\detected_faces\962712_face0.jpg,Middle Eastern,White,Male,20-29,"[1.6386048e-01 8.7751701e-05 1.5911074e-01 2.0656646e-05 9.1291462e-05
 4.4972957e-03 6.7233181e-01]",[9.8062706e-01 9.6927601e-04 7.2713457e-03 1.1132333e-02],[9.999993e-01 7.259251e-07],"[4.8381042e-07 9.4827774e-05 2.4256116e-02 8.4822679e-01 1.2522137e-01
 2.1931366e-03 7.1257750e-06 1.0935194e-07 9.1880753e-10]"
D:\Uni\Ulm\Master\Hiwi-Forschung-und-Lehre\FairFace\detected_faces\962877_face0.jpg,White,White,Male,20-29,"[8.9676464e-01 2.1342510e-05 2.5569947e-02 8.7308152e-05 1.3123003e-04
 3.2575984e-04 7.7099793e-02]",[9.9600387e-01 6.2113890e-04 1.4393713e-03 1.9356004e-03],[1.0000000e+00 1.4540714e-08],"[2.4963349e-08 2.3426612e-05 3.5613596e-02 9.2347866e-01 4.0651903e-02
 2.3212360e-04 2.5563176e-07 4.6858872e-09 3.8772346e-11]"
D:\Uni\Ulm\Master\Hiwi-Forschung-und-Lehre\FairFace\detected_faces\962883_face0.jpg,Black,Black,Male,20-29,"[5.5834959e-04 9.8889828e-01 9.4284257e-03 1.2377623e-06 1.6240787e-05
 1.9490087e-04 9.0261060e-04]",[9.3334541e-04 9.9870539e-01 2.1445827e-04 1.4681031e-04],[9.9999988e-01 1.3239718e-07],"[8.5159449e-08 2.1806953e-05 1.3550190e-02 9.2373675e-01 6.2244006e-02
 4.4651303e-04 6.9544069e-07 1.5675033e-08 4.0936785e-10]"
D:\Uni\Ulm\Master\Hiwi-Forschung-und-Lehre\FairFace\detected_faces\962890_face0.jpg,Black,Black,Male,20-29,"[1.5325081e-06 9.9992496e-01 6.7643728e-06 1.2693616e-07 1.8731172e-06
 6.4467975e-05 2.4194338e-07]",[7.7786433e-07 9.9998373e-01 8.2306215e-06 7.2071634e-06],[0.9942003  0.00579971],"[1.0240150e-08 1.4952005e-05 3.8328469e-02 8.3766896e-01 1.2072802e-01
 3.2153982e-03 4.3641128e-05 5.5771932e-07 2.9841051e-08]"
D:\Uni\Ulm\Master\Hiwi-Forschung-und-Lehre\FairFace\detected_faces\962898_face0.jpg,White,White,Male,20-29,"[5.6497073e-01 1.8166121e-04 1.6799310e-01 4.8146114e-05 1.6233751e-04
 3.1813888e-03 2.6346257e-01]",[0.93756634 0.003251   0.00358124 0.05560146],[9.9998701e-01 1.3011045e-05],"[1.4786579e-07 2.0574595e-05 1.4193358e-02 8.7490040e-01 1.1013839e-01
 7.4557954e-04 1.5186475e-06 2.0570905e-08 4.1353657e-10]"
