face_name_align,race,race4,gender,age,race_scores_fair,race_scores_fair_4,gender_scores_fair,age_scores_fair
D:\Uni\Ulm\Master\Hiwi-Forschung-und-Lehre\FairFace\detected_faces\882699_face0.jpg,White,White,Male,20-29,"[0.47479382 0.00108439 0.38665602 0.0054152  0.01863488 0.00252825
 0.11088746]",[9.7356069e-01 6.9421245e-04 2.3035156e-02 2.7098593e-03],[9.9997085e-01 2.9193692e-05],"[7.3807945e-07 2.1051417e-05 7.2844778e-03 5.9619385e-01 3.8071495e-01
 1.5602007e-02 1.7902047e-04 3.8278995e-06 6.3381115e-08]"
D:\Uni\Ulm\Master\Hiwi-Forschung-und-Lehre\FairFace\detected_faces\882730_face0.jpg,White,White,Male,20-29,"[9.9180388e-01 5.5718328e-06 4.1525671e-03 1.3632863e-04 9.1030219e-05
 3.7398506e-06 3.8068988e-03]",[9.9943119e-01 2.0958974e-04 3.5102043e-04 8.2134857e-06],[9.99999881e-01 1.16163186e-07],"[2.3022205e-08 4.1190033e-06 1.8256299e-02 8.6739492e-01 1.1164418e-01
 2.6831385e-03 1.7183458e-05 1.2619333e-07 9.6539821e-10]"
D:\Uni\Ulm\Master\Hiwi-Forschung-und-Lehre\FairFace\detected_faces\883156_face0.jpg,White,White,Male,20-29,"[9.7785610e-01 1.8469349e-04 8.9294529e-03 1.0898804e-05 2.7671049e-05
 4.8685881e-05 1.2942429e-02]",[9.9978274e-01 1.4626456e-04 3.0424091e-05 4.0435047e-05],[9.9999934e-01 6.1590748e-07],"[4.6493619e-06 8.2618278e-04 5.2337371e-02 6.7266792e-01 2.6423082e-01
 9.8596141e-03 7.1752489e-05 1.6840060e-06 3.2801598e-08]"
D:\Uni\Ulm\Master\Hiwi-Forschung-und-Lehre\FairFace\detected_faces\883206_face0.jpg,White,White,Male,20-29,"[5.8867973e-01 8.5220308e-05 2.3407638e-01 2.9974880e-03 3.3459631e-03
 8.3899003e-04 1.6997625e-01]",[9.9033183e-01 1.4448518e-04 7.7280700e-03 1.7956458e-03],[9.9999708e-01 2.9400946e-06],"[1.5506183e-07 3.5215387e-05 7.7507272e-02 8.4629333e-01 7.5268440e-02
 8.9030218e-04 5.1762972e-06 1.2593495e-07 1.1196057e-09]"
D:\Uni\Ulm\Master\Hiwi-Forschung-und-Lehre\FairFace\detected_faces\883262_face0.jpg,Black,Black,Male,30-39,"[6.3035696e-07 9.9995154e-01 3.0747564e-05 4.2280936e-07 5.5380751e-06
 1.0317497e-05 8.3025981e-07]",[7.0663918e-07 9.9993354e-01 4.3134882e-05 2.2625369e-05],[9.9997741e-01 2.2594215e-05],"[5.4190775e-07 1.3820350e-05 1.2758903e-03 3.6790612e-01 4.9726689e-01
 1.2914944e-01 4.3345061e-03 4.9402406e-05 3.3808828e-06]"
D:\Uni\Ulm\Master\Hiwi-Forschung-und-Lehre\FairFace\detected_faces\883355_face0.jpg,Black,Black,Male,10-19,"[1.9200404e-06 9.9994266e-01 3.2944652e-05 2.0865306e-07 1.1345179e-06
 1.4719212e-05 6.4919559e-06]",[4.8247887e-07 9.9997997e-01 1.0833694e-06 1.8418317e-05],[0.92425364 0.07574636],"[3.1309764e-06 2.6627243e-02 8.8163179e-01 8.2832053e-02 7.9058548e-03
 9.6294167e-04 3.5040724e-05 1.7548301e-06 1.5720845e-07]"
D:\Uni\Ulm\Master\Hiwi-Forschung-und-Lehre\FairFace\detected_faces\883496_face0.jpg,Latino_Hispanic,White,Male,20-29,"[0.02266983 0.01758376 0.72384226 0.00090698 0.0062546  0.01048602
 0.21825658]",[0.36954692 0.14887087 0.34727046 0.1343117 ],[9.9999779e-01 2.1828077e-06],"[1.6792044e-06 4.8022412e-05 3.9884844e-03 6.4213681e-01 3.4399408e-01
 9.7658345e-03 6.3013576e-05 2.1069193e-06 3.4310791e-08]"
D:\Uni\Ulm\Master\Hiwi-Forschung-und-Lehre\FairFace\detected_faces\883497_face0.jpg,White,White,Male,10-19,"[9.5697659e-01 9.6339400e-06 1.6130855e-02 2.7194221e-05 2.9169323e-05
 2.4931911e-05 2.6801629e-02]",[9.9961698e-01 6.1923689e-05 2.5428773e-04 6.6867440e-05],[9.9993062e-01 6.9370086e-05],"[1.7818688e-07 8.8571111e-04 6.9903761e-01 2.9766116e-01 2.3837257e-03
 3.1492356e-05 1.2451724e-07 3.9685322e-09 7.6154007e-11]"
D:\Uni\Ulm\Master\Hiwi-Forschung-und-Lehre\FairFace\detected_faces\883537_face0.jpg,Latino_Hispanic,Indian,Male,30-39,"[9.9071309e-02 1.0186561e-02 8.0913734e-01 1.4853427e-05 1.3689252e-04
 2.4099935e-02 5.7353128e-02]",[0.27466094 0.3463461  0.00175847 0.37723446],[9.9999988e-01 1.3750802e-07],"[1.4545305e-06 1.2456129e-05 4.9533499e-03 4.0508282e-01 5.1143509e-01
 7.5510137e-02 2.9227391e-03 8.1190199e-05 7.4844695e-07]"
D:\Uni\Ulm\Master\Hiwi-Forschung-und-Lehre\FairFace\detected_faces\884675_face0.jpg,White,White,Male,30-39,"[9.9956191e-01 4.0157884e-06 1.3956362e-04 5.5181278e-08 3.8479379e-07
 2.3222726e-06 2.9177489e-04]",[9.9975049e-01 1.4314674e-04 4.2276270e-06 1.0209706e-04],[1.0000000e+00 3.4109192e-08],"[5.9337189e-08 2.4437061e-06 3.9698512e-04 3.4666860e-01 6.3395834e-01
 1.8910976e-02 6.2300714e-05 3.2393683e-07 5.7447087e-09]"
D:\Uni\Ulm\Master\Hiwi-Forschung-und-Lehre\FairFace\detected_faces\884980_face0.jpg,Latino_Hispanic,Black,Male,20-29,"[1.4866133e-02 2.0150799e-01 6.7640972e-01 8.1560334e-05 2.2232227e-03
 5.6430660e-02 4.8480771e-02]",[0.0065264  0.8595561  0.00317665 0.13074091],[9.9999970e-01 2.5526103e-07],"[1.5064471e-07 1.4813952e-04 1.9471505e-01 7.6871324e-01 3.6016718e-02
 4.0472185e-04 1.9545714e-06 5.1103907e-08 7.2494744e-10]"
D:\Uni\Ulm\Master\Hiwi-Forschung-und-Lehre\FairFace\detected_faces\885179_face0.jpg,Latino_Hispanic,White,Male,20-29,"[3.4888512e-01 6.3206159e-02 5.2031714e-01 2.4211961e-04 2.3629742e-03
 6.5021100e-04 6.4336240e-02]",[0.6279268  0.34162322 0.02545382 0.00499612],[9.9999774e-01 2.2549377e-06],"[2.9887872e-07 8.2892320e-06 2.5537880e-03 6.2792039e-01 3.6109760e-01
 8.3676884e-03 5.1014154e-05 8.8340335e-07 1.7238905e-08]"
D:\Uni\Ulm\Master\Hiwi-Forschung-und-Lehre\FairFace\detected_faces\885197_face0.jpg,Black,Black,Male,30-39,"[6.7064795e-04 9.1528952e-01 6.0791254e-02 6.7808614e-06 1.8892181e-04
 2.0284420e-02 2.7685049e-03]",[3.9868295e-04 9.9229640e-01 9.5125186e-05 7.2097778e-03],[9.9999988e-01 8.2232354e-08],"[5.5273534e-07 9.7559760e-06 7.8715675e-04 3.2172582e-01 6.1062270e-01
 6.6036999e-02 8.0970966e-04 7.1989934e-06 8.7162746e-08]"
D:\Uni\Ulm\Master\Hiwi-Forschung-und-Lehre\FairFace\detected_faces\885259_face0.jpg,White,White,Male,30-39,"[8.4740603e-01 1.3242024e-03 5.4153409e-02 3.0545158e-05 8.5290863e-05
 2.6293050e-03 9.4371244e-02]",[0.99151945 0.002327   0.00129651 0.00485702],[9.9999768e-01 2.3059165e-06],"[1.0697041e-06 1.0296745e-05 6.4867764e-04 3.0634302e-01 6.4634585e-01
 4.6144225e-02 4.9863278e-04 8.0626351e-06 1.3726270e-07]"
D:\Uni\Ulm\Master\Hiwi-Forschung-und-Lehre\FairFace\detected_faces\885620_face0.jpg,White,White,Male,20-29,"[4.8856235e-01 7.6861052e-06 2.6458858e-02 2.1178032e-04 4.6832330e-04
 7.7187404e-04 4.8351908e-01]",[0.983525   0.00243148 0.00572288 0.00832068],[9.9999994e-01 1.2115125e-07],"[3.5180992e-08 5.1075890e-06 3.6598910e-03 8.0849266e-01 1.8497291e-01
 2.8624521e-03 6.8781724e-06 6.6767768e-08 7.1435913e-10]"
D:\Uni\Ulm\Master\Hiwi-Forschung-und-Lehre\FairFace\detected_faces\885663_face0.jpg,Middle Eastern,White,Male,20-29,"[0.42125395 0.00049854 0.14567658 0.00236493 0.00236033 0.00249657
 0.42534906]",[9.7323996e-01 6.9404556e-04 2.4452033e-02 1.6139314e-03],[9.9999326e-01 6.7091464e-06],"[9.8628644e-04 6.7507140e-02 2.0870228e-01 5.0649112e-01 2.0624378e-01
 9.9566868e-03 1.0815252e-04 4.5008228e-06 1.1983312e-07]"
D:\Uni\Ulm\Master\Hiwi-Forschung-und-Lehre\FairFace\detected_faces\885683_face0.jpg,Black,Black,Male,30-39,"[4.6721741e-08 9.9998635e-01 5.1373727e-06 1.2162259e-08 9.9350711e-07
 7.3460492e-06 1.1886815e-07]",[4.4895177e-07 9.9999076e-01 2.7881072e-06 5.9590266e-06],[9.9999887e-01 1.1493306e-06],"[5.1628291e-08 7.6834840e-07 2.8834067e-04 1.5157962e-01 6.6376919e-01
 1.7878015e-01 5.5302931e-03 4.9216873e-05 2.3195319e-06]"
D:\Uni\Ulm\Master\Hiwi-Forschung-und-Lehre\FairFace\detected_faces\885864_face0.jpg,Black,Black,Male,30-39,"[7.8073490e-06 9.9915677e-01 1.6454139e-04 5.9811164e-08 1.8044241e-06
 6.6220609e-04 6.8203203e-06]",[1.5911688e-05 9.9527943e-01 1.4620806e-05 4.6901787e-03],[9.9999970e-01 3.5034242e-07],"[4.6041956e-07 3.0856752e-06 5.7879474e-04 1.8068513e-01 5.9525466e-01
 2.0480692e-01 1.8290291e-02 3.7258136e-04 8.0256450e-06]"
D:\Uni\Ulm\Master\Hiwi-Forschung-und-Lehre\FairFace\detected_faces\885871_face0.jpg,White,White,Male,10-19,"[8.5044348e-01 3.1704429e-05 3.5569340e-02 5.9138139e-04 6.9843058e-04
 1.2603614e-03 1.1140525e-01]",[9.9510753e-01 3.6982750e-04 2.9072855e-03 1.6154200e-03],[9.9999356e-01 6.4438877e-06],"[1.8730319e-07 4.3042148e-03 9.2287296e-01 7.2456010e-02 3.6042332e-04
 6.1880419e-06 2.1411532e-08 7.7924139e-10 2.3318559e-11]"
D:\Uni\Ulm\Master\Hiwi-Forschung-und-Lehre\FairFace\detected_faces\885907_face0.jpg,Black,Black,Male,20-29,"[1.0140996e-05 8.6948299e-01 1.8834232e-03 2.4427754e-05 4.2733126e-03
 1.2415801e-01 1.6759141e-04]",[5.1169493e-04 7.7581000e-01 1.1207635e-02 2.1247062e-01],[1.0000000e+00 2.7282589e-08],"[2.1903668e-09 1.8555056e-07 3.6490220e-03 7.6753694e-01 2.2132516e-01
 7.4130902e-03 7.4814743e-05 7.5488526e-07 9.3972172e-09]"
D:\Uni\Ulm\Master\Hiwi-Forschung-und-Lehre\FairFace\detected_faces\885908_face0.jpg,Latino_Hispanic,Black,Male,30-39,"[0.01983293 0.35979992 0.40458882 0.01712682 0.12002638 0.04039442
 0.03823068]",[0.00862686 0.79773515 0.10043614 0.09320183],[9.9999368e-01 6.3670814e-06],"[2.9605691e-05 4.7622266e-04 5.7514217e-03 3.2369801e-01 6.1120450e-01
 5.8144487e-02 6.8625843e-04 9.2774808e-06 2.0058948e-07]"
D:\Uni\Ulm\Master\Hiwi-Forschung-und-Lehre\FairFace\detected_faces\885918_face0.jpg,White,White,Male,20-29,"[9.9997854e-01 1.9721242e-07 1.6262952e-06 4.9717823e-07 8.2005766e-07
 1.3408341e-07 1.8144687e-05]",[9.9995548e-01 1.8586505e-05 2.5136802e-05 7.8369175e-07],[9.9995047e-01 4.9477247e-05],"[1.95768536e-07 5.61744928e-05 6.20432459e-02 8.35135043e-01
 9.88675132e-02 3.79072665e-03 1.04658575e-04 2.30845467e-06
 1.58705333e-07]"
D:\Uni\Ulm\Master\Hiwi-Forschung-und-Lehre\FairFace\detected_faces\886018_face0.jpg,White,White,Male,20-29,"[9.7936147e-01 7.4434698e-05 2.9609627e-03 4.7742210e-06 1.5136993e-05
 1.1768463e-05 1.7571401e-02]",[9.9315196e-01 5.9857983e-03 8.0427784e-04 5.7961071e-05],[9.9999708e-01 2.9008736e-06],"[5.7751283e-08 1.1797002e-05 1.0935542e-02 8.3412021e-01 1.5290561e-01
 2.0152899e-03 1.1368802e-05 1.4851919e-07 2.8822127e-09]"
D:\Uni\Ulm\Master\Hiwi-Forschung-und-Lehre\FairFace\detected_faces\886023_face0.jpg,White,White,Male,20-29,"[5.3421038e-01 1.6259365e-02 3.9859566e-01 1.7025750e-04 9.0713496e-04
 1.1784150e-03 4.8678771e-02]",[0.83677816 0.11324108 0.00556711 0.04441372],[9.9999744e-01 2.5325639e-06],"[3.8491265e-08 1.8883849e-06 9.9870854e-04 5.0108379e-01 4.8298162e-01
 1.4846063e-02 8.6819462e-05 9.8641863e-07 1.2792916e-08]"
D:\Uni\Ulm\Master\Hiwi-Forschung-und-Lehre\FairFace\detected_faces\886064_face0.jpg,White,White,Male,20-29,"[9.6286994e-01 7.5821827e-06 1.1923893e-03 6.6615726e-06 2.1199128e-05
 9.2667500e-07 3.5901327e-02]",[9.9928248e-01 4.5857430e-04 2.3437648e-04 2.4520934e-05],[9.9998933e-01 1.0700694e-05],"[3.4683567e-09 1.7109098e-05 4.0821353e-01 5.8795559e-01 3.7733945e-03
 4.0205377e-05 1.7237848e-07 4.3524646e-09 5.2796871e-11]"
D:\Uni\Ulm\Master\Hiwi-Forschung-und-Lehre\FairFace\detected_faces\886117_face0.jpg,White,White,Male,20-29,"[8.5164005e-01 1.7893521e-04 1.0200694e-01 1.8889182e-03 3.1679724e-03
 5.9642142e-04 4.0520806e-02]",[9.8830706e-01 2.1721085e-04 9.5338495e-03 1.9418275e-03],[9.9999499e-01 5.0102267e-06],"[8.4121886e-08 6.0081311e-06 1.5576413e-02 8.0239099e-01 1.6726799e-01
 1.4167056e-02 5.7547720e-04 1.5622096e-05 2.7946442e-07]"
D:\Uni\Ulm\Master\Hiwi-Forschung-und-Lehre\FairFace\detected_faces\886127_face0.jpg,Black,Black,Male,20-29,"[3.6129522e-06 9.9966669e-01 2.0203144e-04 9.7032944e-07 2.3747192e-05
 5.1958912e-05 5.1044826e-05]",[4.5575393e-06 9.9970520e-01 7.9531987e-05 2.1080273e-04],[9.9999917e-01 7.9236537e-07],"[6.86989221e-09 3.90713194e-06 2.55899131e-02 8.83688033e-01
 8.88314992e-02 1.87541905e-03 1.12008011e-05 1.01904334e-07
 2.85625834e-09]"
D:\Uni\Ulm\Master\Hiwi-Forschung-und-Lehre\FairFace\detected_faces\886130_face0.jpg,Black,Black,Male,30-39,"[1.1653284e-06 9.9996543e-01 1.7967457e-05 7.5235228e-08 1.6790743e-06
 9.8329974e-06 3.8088679e-06]",[2.3555494e-06 9.9995852e-01 1.2868096e-05 2.6373442e-05],[9.9963665e-01 3.6332250e-04],"[1.0285023e-05 3.1126724e-04 4.9722223e-03 2.0988935e-01 6.1474985e-01
 1.6637588e-01 3.6360493e-03 5.1548290e-05 3.6205436e-06]"
D:\Uni\Ulm\Master\Hiwi-Forschung-und-Lehre\FairFace\detected_faces\886132_face0.jpg,Black,Black,Male,30-39,"[3.7905174e-05 9.9506515e-01 2.3585041e-03 1.2562629e-05 4.4880642e-04
 1.9981707e-03 7.8856770e-05]",[9.3421577e-06 9.9843293e-01 3.6835793e-04 1.1894219e-03],[9.9999881e-01 1.1673592e-06],"[2.1580167e-06 2.7543871e-05 2.8888849e-03 3.1557947e-01 5.8564645e-01
 9.2539504e-02 3.2571896e-03 5.6733654e-05 2.0043826e-06]"
D:\Uni\Ulm\Master\Hiwi-Forschung-und-Lehre\FairFace\detected_faces\886133_face0.jpg,White,White,Male,20-29,"[9.9548858e-01 4.7512408e-06 9.8875095e-04 8.8173306e-07 5.1463421e-06
 1.9454553e-06 3.5100100e-03]",[9.9938488e-01 1.0038144e-04 1.6403866e-04 3.5063268e-04],[9.9999630e-01 3.6933773e-06],"[8.8614724e-09 2.1674705e-06 1.2388171e-02 9.0371948e-01 8.2981728e-02
 9.0419460e-04 4.2009701e-06 4.9061835e-08 1.0745541e-09]"
D:\Uni\Ulm\Master\Hiwi-Forschung-und-Lehre\FairFace\detected_faces\886166_face0.jpg,White,White,Male,20-29,"[9.9995559e-01 2.9433913e-08 3.1318330e-06 3.7955843e-07 5.1218387e-07
 5.4633780e-08 4.0241477e-05]",[9.9998689e-01 4.9842929e-06 7.6988472e-06 3.8175386e-07],[9.998805e-01 1.194560e-04],"[5.9793723e-07 1.9394507e-04 9.6611887e-02 8.6999536e-01 3.2958645e-02
 2.3882209e-04 7.3801033e-07 8.2750873e-09 4.5589174e-10]"
D:\Uni\Ulm\Master\Hiwi-Forschung-und-Lehre\FairFace\detected_faces\886170_face0.jpg,White,White,Male,20-29,"[8.6832476e-01 3.3047874e-04 1.2095812e-02 8.7430315e-05 1.9005798e-04
 8.7660730e-05 1.1888380e-01]",[9.9308658e-01 3.8520223e-03 2.3067708e-03 7.5462641e-04],[9.9999964e-01 3.6029030e-07],"[1.5340284e-07 6.9400805e-05 4.1148536e-02 8.8664830e-01 7.1388878e-02
 7.4233895e-04 2.3843495e-06 4.2203894e-08 5.8938016e-10]"
D:\Uni\Ulm\Master\Hiwi-Forschung-und-Lehre\FairFace\detected_faces\886171_face0.jpg,White,White,Male,20-29,"[8.2542795e-01 1.0407692e-03 7.2173700e-02 1.4831502e-06 1.8072595e-05
 2.4667545e-04 1.0109133e-01]",[9.0998465e-01 8.9035824e-02 1.2456690e-04 8.5480395e-04],[9.999955e-01 4.416095e-06],"[2.1094759e-07 1.2804520e-04 2.6559502e-01 6.8869168e-01 4.3090478e-02
 2.4424477e-03 5.0931863e-05 1.1571389e-06 9.9569677e-09]"
D:\Uni\Ulm\Master\Hiwi-Forschung-und-Lehre\FairFace\detected_faces\886178_face0.jpg,Middle Eastern,White,Male,20-29,"[1.7523620e-01 1.4061453e-04 2.3714052e-01 3.3827737e-04 9.7761152e-04
 2.3781983e-02 5.6238484e-01]",[9.5881402e-01 9.4134704e-04 6.1287540e-03 3.4115996e-02],[9.9999839e-01 1.6114468e-06],"[5.9850714e-07 5.1860217e-05 1.0906956e-02 8.8549560e-01 1.0244431e-01
 1.0987574e-03 1.8156561e-06 3.1933364e-08 3.7297909e-10]"
D:\Uni\Ulm\Master\Hiwi-Forschung-und-Lehre\FairFace\detected_faces\886204_face0.jpg,Middle Eastern,White,Male,20-29,"[3.4981471e-01 3.4217755e-03 2.7127010e-01 1.0437279e-04 3.4894489e-04
 2.7439839e-03 3.7229604e-01]",[0.9471754 0.0300411 0.0014532 0.0213303],[9.999995e-01 5.098812e-07],"[5.6469721e-06 4.7782075e-04 1.9884614e-02 8.1604004e-01 1.5958837e-01
 3.9778822e-03 2.5232050e-05 4.4692513e-07 7.5567179e-09]"
D:\Uni\Ulm\Master\Hiwi-Forschung-und-Lehre\FairFace\detected_faces\886242_face0.jpg,Middle Eastern,White,Male,20-29,"[3.4447026e-01 3.6487711e-04 1.8588446e-01 7.0903235e-04 1.5633479e-03
 7.7220821e-03 4.5928597e-01]",[0.8145007  0.00488759 0.11411498 0.06649664],[1.000000e+00 4.128895e-09],"[2.1703045e-07 1.3490373e-05 5.8472627e-03 8.4472072e-01 1.4756569e-01
 1.8460666e-03 6.4103747e-06 1.2705524e-07 1.2651198e-09]"
D:\Uni\Ulm\Master\Hiwi-Forschung-und-Lehre\FairFace\detected_faces\886243_face0.jpg,White,White,Male,30-39,"[8.8507468e-01 2.9595208e-04 6.6901082e-03 3.4310207e-05 1.2124709e-04
 3.1273067e-04 1.0747092e-01]",[9.9633938e-01 2.8928360e-03 2.9767517e-04 4.7007337e-04],[9.999993e-01 6.582921e-07],"[5.6151139e-06 7.0804832e-05 8.4690040e-04 4.2188388e-01 5.6347132e-01
 1.3671980e-02 4.8787984e-05 7.6861903e-07 1.9966468e-08]"
D:\Uni\Ulm\Master\Hiwi-Forschung-und-Lehre\FairFace\detected_faces\886286_face0.jpg,White,White,Male,20-29,"[9.9845797e-01 1.1344463e-05 5.1745347e-04 2.9206899e-06 1.5900423e-05
 7.1963250e-06 9.8709250e-04]",[9.9916726e-01 1.1679254e-04 5.1772431e-04 1.9825270e-04],[9.9999994e-01 8.6389178e-08],"[4.0266229e-07 1.7910794e-05 4.2825365e-03 5.7107717e-01 4.0144938e-01
 2.2853276e-02 3.1359628e-04 5.5398532e-06 1.5947799e-07]"
D:\Uni\Ulm\Master\Hiwi-Forschung-und-Lehre\FairFace\detected_faces\886314_face0.jpg,White,White,Male,20-29,"[5.3489077e-01 3.7333337e-03 3.1495732e-01 4.8670852e-05 2.7438760e-04
 9.8735513e-04 1.4510810e-01]",[0.92962515 0.064129   0.00165067 0.00459515],[1.000000e+00 7.696664e-09],"[3.0389906e-08 1.5773812e-05 1.0486859e-01 8.6739194e-01 2.7325166e-02
 3.9413545e-04 4.2823340e-06 1.2019945e-07 8.3538254e-10]"
D:\Uni\Ulm\Master\Hiwi-Forschung-und-Lehre\FairFace\detected_faces\886316_face0.jpg,White,White,Male,20-29,"[9.3923569e-01 6.0415431e-04 1.5440157e-02 2.1701449e-06 1.3432192e-05
 7.2283787e-05 4.4632085e-02]",[9.8708510e-01 1.1431490e-02 9.3533767e-05 1.3898631e-03],[1.00000000e+00 1.04215125e-08],"[1.98772039e-08 3.20948880e-06 3.03226546e-03 8.78844142e-01
 1.17410325e-01 7.08937529e-04 1.14270495e-06 1.03684954e-08
 8.65776686e-11]"
D:\Uni\Ulm\Master\Hiwi-Forschung-und-Lehre\FairFace\detected_faces\886328_face0.jpg,Black,Black,Male,30-39,"[8.6217170e-07 9.9844903e-01 2.9766419e-05 6.2310306e-07 1.3939926e-05
 1.5054620e-03 3.7620612e-07]",[3.1388635e-07 9.9983525e-01 7.6171482e-06 1.5682942e-04],[0.9963912  0.00360879],"[4.6495532e-09 3.0922052e-07 1.2927994e-03 3.8741431e-01 5.2505022e-01
 8.3565123e-02 2.6578640e-03 1.8836905e-05 5.3920377e-07]"
D:\Uni\Ulm\Master\Hiwi-Forschung-und-Lehre\FairFace\detected_faces\886339_face0.jpg,White,White,Male,20-29,"[9.7501832e-01 1.9240855e-05 4.7883042e-03 1.3788868e-05 3.0821979e-05
 1.5756221e-05 2.0113815e-02]",[9.9777305e-01 1.1855647e-03 7.4582588e-04 2.9555315e-04],[9.999993e-01 6.629678e-07],"[1.2325371e-07 3.1219090e-05 2.3027141e-02 8.1974971e-01 1.5301615e-01
 4.1562445e-03 1.9211240e-05 1.9326653e-07 2.7774567e-09]"
D:\Uni\Ulm\Master\Hiwi-Forschung-und-Lehre\FairFace\detected_faces\886363_face0.jpg,Latino_Hispanic,Black,Male,30-39,"[2.6235320e-02 2.9248512e-01 5.1769745e-01 1.0123181e-04 9.7156153e-04
 6.5206170e-02 9.7303182e-02]",[0.0100294  0.9038898  0.01341646 0.07266434],[9.9998951e-01 1.0481102e-05],"[2.6104099e-06 4.0680537e-05 8.5421826e-04 1.4467542e-01 7.1042860e-01
 1.4203355e-01 1.9397190e-03 2.4927436e-05 3.1496066e-07]"
D:\Uni\Ulm\Master\Hiwi-Forschung-und-Lehre\FairFace\detected_faces\886402_face0.jpg,Middle Eastern,White,Male,30-39,"[7.0376106e-02 3.0187404e-04 8.7255761e-02 2.2396629e-05 9.1418595e-05
 4.5080981e-03 8.3744437e-01]",[9.4320285e-01 2.2062194e-03 5.5479194e-04 5.4036155e-02],[9.9998832e-01 1.1724486e-05],"[5.0859221e-06 1.1935471e-04 2.8545344e-03 4.3776220e-01 5.2811611e-01
 3.0943975e-02 1.9658814e-04 2.1671951e-06 3.5188755e-08]"
D:\Uni\Ulm\Master\Hiwi-Forschung-und-Lehre\FairFace\detected_faces\886532_face0.jpg,Black,Black,Male,30-39,"[1.3256041e-06 9.9996573e-01 1.5884538e-05 4.7421796e-08 3.1782380e-07
 1.6285108e-05 3.7150141e-07]",[3.9329356e-07 9.9996680e-01 3.4871996e-07 3.2398588e-05],[0.9580357 0.0419643],"[9.7762495e-07 1.3143971e-05 1.7262233e-03 2.2602224e-01 5.2861738e-01
 2.2111267e-01 2.2117017e-02 3.7956343e-04 1.0760170e-05]"
D:\Uni\Ulm\Master\Hiwi-Forschung-und-Lehre\FairFace\detected_faces\886628_face0.jpg,White,White,Male,20-29,"[9.4901425e-01 9.2892478e-05 3.5643987e-02 1.5307527e-05 7.9410696e-05
 5.8483463e-05 1.5095654e-02]",[9.966436e-01 2.045326e-03 5.831573e-04 7.279190e-04],[1.0000000e+00 1.5559145e-09],"[6.29313623e-09 1.43314605e-06 1.36152646e-02 8.82427335e-01
 1.02754496e-01 1.19748001e-03 3.99949931e-06 2.88536111e-08
 1.86878513e-10]"
D:\Uni\Ulm\Master\Hiwi-Forschung-und-Lehre\FairFace\detected_faces\886639_face0.jpg,Black,Black,Male,30-39,"[3.8778639e-06 9.9916434e-01 3.1700614e-04 1.3655477e-07 6.0024863e-06
 3.5215777e-04 1.5653447e-04]",[2.3650917e-05 9.9866003e-01 9.7341166e-05 1.2189909e-03],[9.9999607e-01 3.8874782e-06],"[1.4245428e-07 2.9931039e-06 2.0752624e-03 4.1113386e-01 5.2756232e-01
 5.8324505e-02 8.7922957e-04 2.1216350e-05 5.3955279e-07]"
D:\Uni\Ulm\Master\Hiwi-Forschung-und-Lehre\FairFace\detected_faces\886737_face0.jpg,Black,Black,Male,30-39,"[7.1497868e-07 9.9989104e-01 5.4441429e-05 3.1566606e-07 2.9265857e-06
 4.9612725e-05 9.5519192e-07]",[1.2220067e-06 9.9989766e-01 4.8216214e-05 5.2886186e-05],[9.9988955e-01 1.1047314e-04],"[3.0968863e-07 2.3500638e-06 6.8448804e-04 1.5166548e-01 4.7563511e-01
 3.4431943e-01 2.7228916e-02 4.5033576e-04 1.3487466e-05]"
D:\Uni\Ulm\Master\Hiwi-Forschung-und-Lehre\FairFace\detected_faces\886802_face0.jpg,Black,Black,Male,30-39,"[3.2129276e-06 9.9950624e-01 2.2853666e-05 2.0485240e-09 7.8428307e-08
 4.5468018e-04 1.2969427e-05]",[9.8952751e-06 9.9801666e-01 1.0238764e-05 1.9630948e-03],[1.0000000e+00 6.6827623e-09],"[6.1046235e-09 2.3267083e-07 6.4720509e-05 1.0241307e-01 6.8545550e-01
 2.0740320e-01 4.6492326e-03 1.3881446e-05 1.4650050e-07]"
D:\Uni\Ulm\Master\Hiwi-Forschung-und-Lehre\FairFace\detected_faces\886878_face0.jpg,White,White,Male,20-29,"[9.9973899e-01 4.8152634e-07 1.7671429e-05 1.0571127e-06 1.7563571e-06
 1.4936757e-07 2.3985415e-04]",[9.9998283e-01 5.7512657e-06 1.1003483e-05 3.9261849e-07],[9.9996549e-01 3.4530072e-05],"[3.4200926e-07 1.2654465e-04 4.9571324e-02 6.5431976e-01 2.7265611e-01
 2.2736628e-02 5.8220135e-04 6.7852334e-06 2.6522073e-07]"
D:\Uni\Ulm\Master\Hiwi-Forschung-und-Lehre\FairFace\detected_faces\886930_face0.jpg,White,White,Male,20-29,"[9.9627179e-01 1.7629445e-06 4.1268766e-04 7.4152933e-07 2.2584516e-06
 1.0924804e-06 3.3096257e-03]",[9.9996918e-01 1.8435285e-05 6.0848947e-06 6.2828317e-06],[1.0000000e+00 2.5093595e-08],"[2.5967165e-07 2.7646376e-05 1.3582967e-02 7.2764742e-01 2.5069028e-01
 8.0154138e-03 3.5689063e-05 3.3615041e-07 2.6661819e-09]"
D:\Uni\Ulm\Master\Hiwi-Forschung-und-Lehre\FairFace\detected_faces\886935_face0.jpg,White,White,Male,20-29,"[9.5623374e-01 1.2813692e-04 5.7791872e-03 1.9314124e-04 3.1760533e-04
 1.4822630e-05 3.7333373e-02]",[9.9957538e-01 4.2476098e-05 3.7460728e-04 7.5797407e-06],[9.9999982e-01 2.1518613e-07],"[4.8028602e-07 9.5297364e-05 9.4580524e-02 7.7536130e-01 1.2082152e-01
 8.9005707e-03 2.3369845e-04 6.5393656e-06 7.4346204e-08]"
D:\Uni\Ulm\Master\Hiwi-Forschung-und-Lehre\FairFace\detected_faces\886936_face0.jpg,Black,Black,Male,30-39,"[1.9561652e-05 9.9911010e-01 6.4449350e-04 8.1120533e-08 1.4357286e-06
 1.6575432e-04 5.8506139e-05]",[1.2402771e-05 9.9984348e-01 4.5321121e-06 1.3963180e-04],[9.9999881e-01 1.1565136e-06],"[5.3788841e-05 2.8858797e-04 4.3247412e-03 2.3265271e-01 5.8755904e-01
 1.6781805e-01 7.1777781e-03 1.2261831e-04 2.7459291e-06]"
D:\Uni\Ulm\Master\Hiwi-Forschung-und-Lehre\FairFace\detected_faces\887001_face0.jpg,White,White,Male,20-29,"[9.2586619e-01 9.4611729e-05 1.5034850e-02 9.7436678e-06 6.2334388e-05
 1.1212338e-04 5.8820266e-02]",[9.9657279e-01 2.8474159e-03 3.0690644e-04 2.7285519e-04],[1.0000000e+00 5.1837956e-09],"[3.7264346e-08 3.0687609e-04 4.1032407e-01 5.7964218e-01 9.6155321e-03
 1.1106001e-04 2.8508512e-07 6.4537589e-09 7.1977729e-11]"
D:\Uni\Ulm\Master\Hiwi-Forschung-und-Lehre\FairFace\detected_faces\887011_face0.jpg,White,White,Male,20-29,"[8.5258639e-01 8.5720168e-03 1.2267218e-01 3.5623004e-04 1.7620100e-03
 6.6009007e-04 1.3391091e-02]",[0.71319383 0.27768734 0.00679679 0.00232206],[0.9945647 0.0054353],"[3.0419492e-06 5.5573776e-04 1.5476073e-01 5.4495186e-01 2.5440115e-01
 4.1921180e-02 3.2973397e-03 1.0392958e-04 5.0568074e-06]"
D:\Uni\Ulm\Master\Hiwi-Forschung-und-Lehre\FairFace\detected_faces\887055_face0.jpg,Latino_Hispanic,Black,Male,20-29,"[0.06108676 0.21238528 0.47907797 0.00054405 0.0097036  0.01419532
 0.22300696]",[0.00658781 0.9787233  0.00879262 0.00589629],[9.9999857e-01 1.4563752e-06],"[2.5964530e-08 2.0363852e-05 9.0522148e-02 8.2336676e-01 8.4392160e-02
 1.6858703e-03 1.2579268e-05 1.6868432e-07 2.8803206e-09]"
D:\Uni\Ulm\Master\Hiwi-Forschung-und-Lehre\FairFace\detected_faces\887275_face0.jpg,White,White,Male,20-29,"[6.9251436e-01 1.8278186e-04 1.6837619e-01 1.6924414e-04 7.2234060e-04
 1.4767291e-03 1.3655829e-01]",[9.9795252e-01 3.9313341e-04 1.1069727e-03 5.4743566e-04],[9.9999756e-01 2.4922829e-06],"[2.5411427e-07 5.6376335e-05 3.7093204e-02 9.0022260e-01 6.2272303e-02
 3.5424961e-04 9.7719885e-07 2.9897564e-08 6.5081446e-10]"
D:\Uni\Ulm\Master\Hiwi-Forschung-und-Lehre\FairFace\detected_faces\887309_face0.jpg,White,White,Male,20-29,"[9.9966365e-01 5.7752050e-06 2.2710661e-05 1.3755302e-07 8.8282013e-07
 2.0333594e-07 3.0653997e-04]",[9.9801594e-01 1.9190300e-03 3.7907746e-05 2.7078098e-05],[1.0000000e+00 1.8635433e-09],"[1.6136749e-08 7.6976830e-06 1.5376030e-02 9.2998958e-01 5.3875815e-02
 7.4584770e-04 4.9539749e-06 7.9297614e-08 1.5832524e-09]"
D:\Uni\Ulm\Master\Hiwi-Forschung-und-Lehre\FairFace\detected_faces\887343_face0.jpg,Black,Black,Male,20-29,"[1.0247794e-06 9.9987495e-01 5.0256498e-05 6.1061044e-08 1.6044620e-06
 6.8446250e-05 3.7351911e-06]",[2.1020919e-06 9.9991572e-01 4.9119913e-05 3.3049972e-05],[9.9999726e-01 2.7300448e-06],"[1.0314407e-05 4.4825189e-03 1.8544148e-01 7.1383113e-01 9.1251008e-02
 4.9171089e-03 6.4293818e-05 2.0890818e-06 1.0922408e-07]"
D:\Uni\Ulm\Master\Hiwi-Forschung-und-Lehre\FairFace\detected_faces\887429_face0.jpg,Latino_Hispanic,Black,Male,20-29,"[0.02149336 0.00855227 0.87019205 0.00632088 0.04846918 0.021971
 0.02300114]",[0.07861156 0.41218844 0.15281183 0.3563882 ],[1.0000000e+00 1.6309134e-08],"[1.3009385e-07 5.4680830e-05 7.1080275e-02 8.8031757e-01 4.7871005e-02
 6.7307928e-04 3.1964473e-06 7.0391650e-08 6.3256644e-10]"
D:\Uni\Ulm\Master\Hiwi-Forschung-und-Lehre\FairFace\detected_faces\887500_face0.jpg,Middle Eastern,White,Male,30-39,"[2.9386893e-02 1.3151686e-03 1.1317248e-01 1.9528696e-05 8.7411150e-05
 3.4866910e-02 8.2115155e-01]",[0.500052   0.10621596 0.00232761 0.39140454],[9.9998939e-01 1.0624667e-05],"[1.36351982e-05 9.21305909e-05 2.92443018e-03 4.82096434e-01
 4.84171629e-01 3.03410105e-02 3.53527575e-04 7.10014228e-06
 1.03417236e-07]"
D:\Uni\Ulm\Master\Hiwi-Forschung-und-Lehre\FairFace\detected_faces\887555_face0.jpg,Middle Eastern,White,Male,20-29,"[2.6505938e-01 8.7686552e-04 1.2658569e-01 5.5399857e-04 8.8997884e-04
 2.0888071e-03 6.0394537e-01]",[9.9793690e-01 8.8801439e-04 3.4901412e-04 8.2604500e-04],[9.9994034e-01 5.9669816e-05],"[4.3640819e-07 4.2070351e-05 1.4262429e-02 7.9926962e-01 1.8460220e-01
 1.8175876e-03 5.6271310e-06 9.9774326e-08 2.1502966e-09]"
D:\Uni\Ulm\Master\Hiwi-Forschung-und-Lehre\FairFace\detected_faces\887556_face0.jpg,Latino_Hispanic,Black,Male,20-29,"[5.6701079e-02 7.3546968e-02 5.8832276e-01 1.1307742e-04 1.2538622e-03
 4.5966334e-03 2.7546567e-01]",[0.05319424 0.91897637 0.01215997 0.01566933],[9.9983013e-01 1.6989086e-04],"[6.0106022e-06 8.2173257e-04 4.7865767e-02 8.0395532e-01 1.4393565e-01
 3.3931930e-03 2.1651371e-05 6.7744696e-07 2.0322506e-08]"
D:\Uni\Ulm\Master\Hiwi-Forschung-und-Lehre\FairFace\detected_faces\887581_face0.jpg,Black,Black,Male,20-29,"[3.9094530e-08 9.9999803e-01 4.9824644e-07 1.1138617e-09 4.4590259e-08
 1.0397584e-06 1.9549445e-07]",[3.614207e-07 9.999958e-01 9.913110e-07 2.811073e-06],[9.999992e-01 7.436484e-07],"[6.6542047e-09 7.1019331e-06 1.6320327e-02 8.0965126e-01 1.6952357e-01
 4.4761263e-03 2.1252305e-05 3.7039976e-07 1.6990878e-08]"
D:\Uni\Ulm\Master\Hiwi-Forschung-und-Lehre\FairFace\detected_faces\887630_face0.jpg,White,White,Male,20-29,"[9.1873097e-01 3.4522214e-05 5.2491847e-02 9.9031517e-05 1.6041966e-04
 2.4273962e-04 2.8240534e-02]",[0.9749393  0.00210843 0.0040468  0.01890548],[9.9999946e-01 5.3849925e-07],"[4.4069863e-09 4.2986755e-07 1.5597226e-03 6.6513479e-01 3.2460085e-01
 8.6752940e-03 2.8693565e-05 1.8433495e-07 1.5197419e-09]"
D:\Uni\Ulm\Master\Hiwi-Forschung-und-Lehre\FairFace\detected_faces\887762_face0.jpg,White,White,Male,10-19,"[9.8387849e-01 1.7547911e-05 2.4734526e-03 1.4249230e-06 3.8772710e-06
 5.9190738e-06 1.3619296e-02]",[9.9940348e-01 4.0020674e-04 5.6105353e-05 1.4021392e-04],[9.9999940e-01 5.7834905e-07],"[6.1734667e-08 2.3817846e-04 5.7248759e-01 4.1217020e-01 1.4558579e-02
 5.4168230e-04 3.6539195e-06 7.8817884e-08 1.1194706e-09]"
D:\Uni\Ulm\Master\Hiwi-Forschung-und-Lehre\FairFace\detected_faces\887799_face0.jpg,White,White,Male,20-29,"[6.8775654e-01 1.6998734e-05 1.2809914e-02 2.5013976e-05 7.4937503e-05
 1.1194458e-03 2.9819718e-01]",[9.9915171e-01 8.6284890e-05 5.6038574e-05 7.0595363e-04],[9.9999964e-01 3.6352037e-07],"[1.9013515e-06 1.4295408e-03 1.9251245e-01 7.8269041e-01 2.3169963e-02
 1.9553109e-04 2.4048060e-07 4.6174189e-09 6.8455727e-11]"
D:\Uni\Ulm\Master\Hiwi-Forschung-und-Lehre\FairFace\detected_faces\887838_face0.jpg,Black,Black,Male,20-29,"[0.00821641 0.62627184 0.32033366 0.00080783 0.01716571 0.0064982
 0.02070634]",[9.7583240e-04 9.9458963e-01 2.7205497e-03 1.7139750e-03],[9.9999213e-01 7.8880967e-06],"[7.8994539e-08 1.8969085e-04 3.1806326e-01 6.6778624e-01 1.3688201e-02
 2.7032802e-04 2.0580524e-06 6.2008787e-08 1.5588175e-09]"
D:\Uni\Ulm\Master\Hiwi-Forschung-und-Lehre\FairFace\detected_faces\888182_face0.jpg,Middle Eastern,White,Male,20-29,"[2.4314868e-01 1.2703685e-04 1.8920491e-02 2.6818136e-05 6.6843721e-05
 3.4079445e-03 7.3430216e-01]",[9.8948956e-01 1.7965367e-03 8.2926286e-05 8.6309491e-03],[1.0000000e+00 3.0296243e-09],"[1.88765725e-07 1.94456497e-05 1.50365708e-02 9.03882504e-01
 7.98938200e-02 1.16336287e-03 3.92386437e-06 1.15687456e-07
 1.01546349e-09]"
D:\Uni\Ulm\Master\Hiwi-Forschung-und-Lehre\FairFace\detected_faces\888219_face0.jpg,Black,Black,Male,30-39,"[2.9103935e-03 8.6315632e-01 8.7309308e-02 2.4448438e-05 6.6794467e-04
 7.8444481e-03 3.8087089e-02]",[1.8385336e-03 9.8811090e-01 3.2890798e-04 9.7217280e-03],[9.9999875e-01 1.2866449e-06],"[3.97208169e-06 1.19177465e-04 4.96035023e-03 4.71972972e-01
 5.03262341e-01 1.95958987e-02 8.44339884e-05 8.56584336e-07
 1.91860199e-08]"
D:\Uni\Ulm\Master\Hiwi-Forschung-und-Lehre\FairFace\detected_faces\888340_face0.jpg,White,White,Male,20-29,"[9.8889577e-01 4.3236010e-05 6.9498150e-03 1.2557574e-05 3.7548412e-05
 1.0895726e-05 4.0502055e-03]",[9.9513054e-01 3.7900542e-03 9.5105777e-04 1.2836207e-04],[1.0000000e+00 1.5066993e-08],"[3.5948244e-09 6.0418523e-07 1.1693900e-03 6.6302830e-01 3.2666567e-01
 9.0939207e-03 4.1841518e-05 2.6997273e-07 1.9057877e-09]"
D:\Uni\Ulm\Master\Hiwi-Forschung-und-Lehre\FairFace\detected_faces\888376_face0.jpg,Black,Black,Male,20-29,"[2.6483795e-02 6.5227854e-01 2.3613524e-01 4.4246458e-06 8.4985608e-05
 7.0592351e-02 1.4420666e-02]",[1.2958267e-03 9.7547442e-01 6.9603375e-05 2.3160130e-02],[9.9999988e-01 1.2594612e-07],"[5.8284932e-08 2.8747061e-06 1.5000829e-03 4.9241161e-01 4.8591399e-01
 2.0031901e-02 1.3883629e-04 6.3996964e-07 5.8101759e-09]"
D:\Uni\Ulm\Master\Hiwi-Forschung-und-Lehre\FairFace\detected_faces\888440_face0.jpg,White,White,Male,20-29,"[6.8726665e-01 2.9255860e-04 2.1628238e-01 6.6009113e-03 1.2138398e-02
 5.1030063e-04 7.6908767e-02]",[0.88922673 0.00736618 0.10051914 0.0028879 ],[9.9999869e-01 1.3078773e-06],"[1.8074070e-06 1.8500688e-03 3.0049741e-01 6.6013229e-01 3.6627684e-02
 8.8219001e-04 8.4051744e-06 1.8601806e-07 2.9766933e-09]"
D:\Uni\Ulm\Master\Hiwi-Forschung-und-Lehre\FairFace\detected_faces\888536_face0.jpg,Black,Black,Male,20-29,"[1.7184847e-06 9.9965739e-01 2.9407216e-05 3.2842294e-08 5.4768122e-07
 3.0933256e-04 1.5618767e-06]",[3.9796282e-07 9.9997020e-01 4.1237320e-07 2.8958151e-05],[9.9999690e-01 3.1400775e-06],"[1.6986245e-08 1.5411046e-05 2.3771793e-02 8.1476092e-01 1.5661946e-01
 4.7923308e-03 3.9850303e-05 2.2620807e-07 4.2427803e-09]"
D:\Uni\Ulm\Master\Hiwi-Forschung-und-Lehre\FairFace\detected_faces\888537_face0.jpg,White,White,Male,20-29,"[9.9776882e-01 6.9303962e-07 2.3023335e-04 1.2528506e-03 5.0611305e-04
 3.5027931e-06 2.3780254e-04]",[9.9860889e-01 3.8119081e-06 1.3813316e-03 5.9229824e-06],[1.0000000e+00 2.3389132e-08],"[1.1610729e-05 6.2153027e-03 1.8550362e-01 5.5087405e-01 2.3827797e-01
 1.8824169e-02 2.8785437e-04 5.2565251e-06 6.5932852e-08]"
D:\Uni\Ulm\Master\Hiwi-Forschung-und-Lehre\FairFace\detected_faces\888549_face0.jpg,Black,Black,Male,20-29,"[9.7592355e-04 8.3807123e-01 8.5513406e-02 4.5495635e-05 1.6219246e-03
 4.9043059e-02 2.4728986e-02]",[2.1619072e-04 9.9202102e-01 5.6732714e-04 7.1954923e-03],[9.9996150e-01 3.8522558e-05],"[1.0941933e-06 7.3367242e-05 2.4749612e-02 6.4540309e-01 3.1286111e-01
 1.6557470e-02 3.4292357e-04 1.1003617e-05 2.6444829e-07]"
D:\Uni\Ulm\Master\Hiwi-Forschung-und-Lehre\FairFace\detected_faces\888550_face0.jpg,Black,Black,Male,20-29,"[8.1458738e-06 9.9862713e-01 3.4303512e-04 3.2032779e-07 1.3646248e-05
 9.9541154e-04 1.2211767e-05]",[1.1765038e-05 9.9381882e-01 8.2652514e-05 6.0868561e-03],[9.9999976e-01 2.7608257e-07],"[9.5081113e-08 5.4262241e-06 3.6758163e-03 5.3514123e-01 4.2715487e-01
 3.3273987e-02 7.3647458e-04 1.2007469e-05 2.2574969e-07]"
D:\Uni\Ulm\Master\Hiwi-Forschung-und-Lehre\FairFace\detected_faces\888563_face0.jpg,White,Black,Male,20-29,"[5.9309489e-01 9.6117295e-03 3.0722216e-01 1.4483714e-05 1.3685648e-04
 1.7389675e-03 8.8180870e-02]",[0.28536236 0.6796252  0.00097688 0.03403554],[9.9999988e-01 1.1369199e-07],"[2.3317897e-09 7.6797170e-07 1.8856011e-02 9.2534643e-01 5.4918285e-02
 8.7416568e-04 4.3492460e-06 4.1698065e-08 3.6686562e-10]"
D:\Uni\Ulm\Master\Hiwi-Forschung-und-Lehre\FairFace\detected_faces\888604_face0.jpg,White,White,Male,20-29,"[9.9929148e-01 9.9861573e-08 8.5254742e-06 6.4519196e-07 2.0331033e-06
 2.0817873e-07 6.9696229e-04]",[9.9997836e-01 9.1698012e-06 6.8917698e-06 5.6441859e-06],[9.9999976e-01 2.2758155e-07],"[8.5189935e-09 4.1098563e-05 1.3547613e-01 8.4739709e-01 1.6938476e-02
 1.4668080e-04 5.7388758e-07 6.5729111e-09 9.1260180e-11]"
D:\Uni\Ulm\Master\Hiwi-Forschung-und-Lehre\FairFace\detected_faces\888731_face0.jpg,White,White,Male,20-29,"[5.3656685e-01 7.0192483e-03 3.3044037e-01 2.1895263e-04 9.3023590e-04
 2.6675083e-03 1.2215689e-01]",[9.6942580e-01 2.9425247e-02 1.9649602e-04 9.5241080e-04],[9.9999839e-01 1.6252415e-06],"[5.3365052e-06 1.3274854e-04 7.2772112e-03 7.6561540e-01 2.2229937e-01
 4.6383743e-03 3.0773765e-05 8.0383575e-07 1.6740165e-08]"
D:\Uni\Ulm\Master\Hiwi-Forschung-und-Lehre\FairFace\detected_faces\888754_face0.jpg,Latino_Hispanic,White,Male,20-29,"[0.09907164 0.00246487 0.7677896  0.00599871 0.0203324  0.01403832
 0.09030448]",[0.45832542 0.18415815 0.13221136 0.22530508],[9.9999297e-01 7.0992423e-06],"[5.18058698e-08 3.42294297e-05 9.87007990e-02 8.67171705e-01
 3.35736983e-02 5.15437219e-04 3.95966799e-06 1.07718776e-07
 1.99567296e-09]"
D:\Uni\Ulm\Master\Hiwi-Forschung-und-Lehre\FairFace\detected_faces\888788_face0.jpg,Black,Black,Male,20-29,"[4.4881440e-07 9.9999332e-01 4.6637847e-06 7.9037871e-10 1.9437236e-08
 1.0666843e-06 4.7758408e-07]",[1.4300907e-07 9.9999946e-01 8.6069150e-08 3.6767736e-07],[9.9999809e-01 1.8695521e-06],"[1.5722648e-08 8.6913769e-06 1.9009782e-02 8.5339224e-01 1.2399687e-01
 3.5688847e-03 2.3211333e-05 2.6773111e-07 8.6317495e-09]"
D:\Uni\Ulm\Master\Hiwi-Forschung-und-Lehre\FairFace\detected_faces\888854_face0.jpg,White,White,Male,30-39,"[9.7212875e-01 4.3127788e-05 3.8785073e-03 2.8177642e-06 7.9581769e-06
 8.8792534e-05 2.3850059e-02]",[9.9991435e-01 3.9548748e-05 3.2224787e-06 4.2859461e-05],[9.9999660e-01 3.4234076e-06],"[1.7503951e-05 6.2574854e-04 6.7735258e-03 4.2213893e-01 5.2907622e-01
 4.1180227e-02 1.8622984e-04 1.6595532e-06 2.1967502e-08]"
D:\Uni\Ulm\Master\Hiwi-Forschung-und-Lehre\FairFace\detected_faces\888930_face0.jpg,White,White,Male,20-29,"[7.1468604e-01 8.5597001e-03 1.2110864e-01 9.4312469e-05 4.5778693e-04
 6.2006654e-04 1.5447350e-01]",[9.1534543e-01 8.3037741e-02 7.9574290e-04 8.2105497e-04],[9.9999982e-01 1.6472457e-07],"[6.6495028e-07 3.5155579e-05 8.9321565e-03 8.0608886e-01 1.8200317e-01
 2.9188909e-03 2.0729809e-05 3.8216288e-07 5.8707790e-09]"
D:\Uni\Ulm\Master\Hiwi-Forschung-und-Lehre\FairFace\detected_faces\888949_face0.jpg,Middle Eastern,White,Male,20-29,"[1.1704163e-01 2.8842611e-03 1.3993828e-01 3.6006983e-05 2.6362384e-04
 2.1690356e-03 7.3766714e-01]",[0.84256494 0.07083478 0.00736871 0.07923155],[9.9998111e-01 1.8959445e-05],"[2.3368286e-06 3.1284988e-04 9.7737841e-02 7.4553281e-01 1.4531754e-01
 1.0910292e-02 1.8153808e-04 4.7193080e-06 8.5518153e-08]"
D:\Uni\Ulm\Master\Hiwi-Forschung-und-Lehre\FairFace\detected_faces\888954_face0.jpg,Latino_Hispanic,White,Male,30-39,"[3.8548058e-01 4.7315755e-03 4.9131453e-01 2.9914765e-04 6.1433791e-04
 3.2525674e-02 8.5034244e-02]",[0.6751644  0.0320097  0.00278162 0.29004428],[9.999014e-01 9.862961e-05],"[8.6299460e-06 1.7745612e-04 2.0210403e-03 2.9157785e-01 6.5591192e-01
 4.9853407e-02 4.4427221e-04 5.3828144e-06 8.3820773e-08]"
D:\Uni\Ulm\Master\Hiwi-Forschung-und-Lehre\FairFace\detected_faces\888971_face0.jpg,Latino_Hispanic,Indian,Male,30-39,"[1.18723884e-01 1.79797821e-02 4.64551777e-01 1.01737562e-04
 6.15709054e-04 9.25135911e-02 3.05513442e-01]",[0.18749927 0.09174863 0.02541493 0.6953372 ],[9.9999952e-01 4.6509766e-07],"[3.2695061e-06 1.5224546e-05 4.3947427e-04 2.3583384e-01 6.8811256e-01
 7.4578635e-02 1.0012891e-03 1.5525067e-05 1.5246077e-07]"
D:\Uni\Ulm\Master\Hiwi-Forschung-und-Lehre\FairFace\detected_faces\889259_face0.jpg,White,White,Male,20-29,"[9.1789180e-01 1.6261556e-05 1.0607040e-02 1.4429601e-04 1.9832436e-04
 6.4529543e-04 7.0497043e-02]",[9.9934053e-01 9.6337535e-05 3.3440021e-05 5.2971055e-04],[9.9999964e-01 2.9884603e-07],"[1.1938056e-06 1.1424825e-04 7.0052957e-03 8.6275959e-01 1.2968343e-01
 4.3579159e-04 4.4076253e-07 7.4562800e-09 1.3597264e-10]"
D:\Uni\Ulm\Master\Hiwi-Forschung-und-Lehre\FairFace\detected_faces\889590_face0.jpg,White,White,Male,20-29,"[9.9953568e-01 2.8824438e-06 1.2981686e-04 1.0108971e-05 2.3649118e-05
 2.8228762e-06 2.9512963e-04]",[9.9963576e-01 1.2658749e-04 8.5003514e-05 1.5272541e-04],[9.9999768e-01 2.3448454e-06],"[5.9545908e-07 1.1341085e-05 3.5156130e-03 4.6466672e-01 4.3228921e-01
 9.3274526e-02 6.0962946e-03 1.3972515e-04 5.9348872e-06]"
D:\Uni\Ulm\Master\Hiwi-Forschung-und-Lehre\FairFace\detected_faces\889776_face0.jpg,White,White,Male,30-39,"[8.0492014e-01 3.1257465e-03 3.7945192e-02 3.4859040e-05 9.2043629e-05
 7.1854802e-04 1.5316345e-01]",[9.9823743e-01 1.2932518e-03 1.0524875e-04 3.6413615e-04],[9.9999964e-01 3.4177808e-07],"[1.1485766e-05 7.5771648e-05 1.9791948e-03 3.8497239e-01 5.6283242e-01
 4.8912294e-02 1.1873182e-03 2.8437804e-05 6.2349818e-07]"
D:\Uni\Ulm\Master\Hiwi-Forschung-und-Lehre\FairFace\detected_faces\889785_face0.jpg,Middle Eastern,White,Male,20-29,"[7.8140549e-02 8.2200946e-04 1.3244435e-01 6.2023610e-04 1.4064716e-03
 3.1129408e-03 7.8345346e-01]",[0.7838803  0.00723719 0.0190391  0.18984342],[1.00000e+00 3.14532e-08],"[2.0357488e-06 7.5967255e-05 4.9566105e-03 8.2358891e-01 1.6932619e-01
 2.0387317e-03 1.1039502e-05 5.0456362e-07 6.3878507e-09]"
D:\Uni\Ulm\Master\Hiwi-Forschung-und-Lehre\FairFace\detected_faces\889815_face0.jpg,Black,Black,Male,20-29,"[1.8698208e-06 9.9981070e-01 6.4616223e-05 3.8543785e-06 7.1856033e-05
 4.2959895e-05 4.2978827e-06]",[3.5644680e-07 9.9994618e-01 5.1708103e-05 1.6597318e-06],[9.9995953e-01 4.0464976e-05],"[9.5970279e-07 6.0553277e-05 2.0710405e-02 7.2003698e-01 2.2485328e-01
 3.3109989e-02 1.1863452e-03 3.7773338e-05 3.6540484e-06]"
D:\Uni\Ulm\Master\Hiwi-Forschung-und-Lehre\FairFace\detected_faces\889861_face0.jpg,White,White,Male,20-29,"[9.5312262e-01 3.0592089e-06 1.5064790e-03 1.4704956e-06 4.4328012e-06
 3.3810775e-05 4.5328271e-02]",[9.9994081e-01 6.2413624e-06 6.2299137e-06 4.6657984e-05],[1.0000000e+00 1.9850704e-08],"[5.4619335e-07 1.5790075e-04 2.7317863e-02 9.0147197e-01 7.0439026e-02
 6.1188458e-04 7.7346039e-07 8.1651166e-09 6.7196894e-11]"
D:\Uni\Ulm\Master\Hiwi-Forschung-und-Lehre\FairFace\detected_faces\889931_face0.jpg,Middle Eastern,White,Male,30-39,"[7.6862946e-02 2.6056412e-04 4.9907379e-03 2.0772139e-04 1.9727676e-04
 8.2143117e-04 9.1665930e-01]",[9.9175960e-01 1.0049577e-04 4.7704563e-03 3.3694613e-03],[9.999943e-01 5.741607e-06],"[2.24749583e-05 6.66334701e-04 2.84166168e-02 4.04626429e-01
 4.42875177e-01 1.17879495e-01 5.12475194e-03 3.75030533e-04
 1.36031294e-05]"
D:\Uni\Ulm\Master\Hiwi-Forschung-und-Lehre\FairFace\detected_faces\889974_face0.jpg,White,White,Male,20-29,"[9.9838239e-01 1.3546277e-05 6.4449088e-04 8.9071557e-07 3.4914185e-06
 8.3666328e-06 9.4672805e-04]",[9.9785757e-01 2.0363897e-03 1.7192055e-05 8.8849687e-05],[9.9999481e-01 5.2142623e-06],"[1.5816518e-07 1.1821400e-05 2.5349860e-03 5.8817345e-01 3.9993155e-01
 9.2966687e-03 5.0826588e-05 5.0190681e-07 1.2270087e-08]"
D:\Uni\Ulm\Master\Hiwi-Forschung-und-Lehre\FairFace\detected_faces\890092_face0.jpg,White,White,Male,20-29,"[8.1077588e-01 6.4481060e-06 2.5910833e-03 5.3032559e-06 9.6489475e-06
 6.7781461e-05 1.8654381e-01]",[9.9976909e-01 4.8222828e-05 1.2517419e-05 1.7015527e-04],[9.9998862e-01 1.1381135e-05],"[3.2608934e-08 5.8606620e-06 1.1537803e-02 9.2394775e-01 6.4197630e-02
 3.0998865e-04 8.8928243e-07 2.7018960e-08 5.8414068e-10]"
D:\Uni\Ulm\Master\Hiwi-Forschung-und-Lehre\FairFace\detected_faces\890910_face0.jpg,White,White,Male,20-29,"[5.3839058e-01 3.4296645e-05 3.3539817e-02 5.5202108e-04 6.4402842e-04
 3.0594564e-04 4.2653325e-01]",[9.9922007e-01 3.2291235e-04 2.5758310e-04 1.9949545e-04],[9.99999881e-01 1.13238436e-07],"[3.4403233e-06 1.1338860e-04 8.7456964e-03 6.4565223e-01 3.3944297e-01
 6.0256538e-03 1.6363954e-05 2.2259420e-07 2.5180373e-09]"
D:\Uni\Ulm\Master\Hiwi-Forschung-und-Lehre\FairFace\detected_faces\891238_face0.jpg,White,White,Male,20-29,"[9.7763014e-01 1.5014878e-05 3.1637661e-03 1.4378992e-04 1.3822985e-04
 1.0148472e-05 1.8898912e-02]",[9.9918664e-01 2.3314117e-04 5.2296848e-04 5.7259684e-05],[9.9986774e-01 1.3224952e-04],"[5.3503690e-08 4.6174067e-05 9.3051486e-02 8.6629635e-01 3.9995912e-02
 6.0698675e-04 2.9873997e-06 3.7759680e-08 1.2799408e-09]"
D:\Uni\Ulm\Master\Hiwi-Forschung-und-Lehre\FairFace\detected_faces\891308_face0.jpg,White,White,Male,30-39,"[8.3596122e-01 3.9543160e-05 2.9398739e-02 2.8724899e-04 5.0033873e-04
 1.0705790e-03 1.3274238e-01]",[9.9303979e-01 3.4521967e-05 2.1801007e-03 4.7455947e-03],[9.999948e-01 5.156666e-06],"[8.8545386e-07 1.1414849e-05 1.0369526e-03 3.2246509e-01 6.4560682e-01
 3.0686613e-02 1.8996719e-04 2.2201264e-06 3.0637970e-08]"
D:\Uni\Ulm\Master\Hiwi-Forschung-und-Lehre\FairFace\detected_faces\891346_face0.jpg,White,White,Male,30-39,"[9.12879467e-01 3.76962248e-06 8.15862324e-03 1.39449585e-05
 3.88340450e-05 6.24300388e-04 7.82810748e-02]",[9.9224454e-01 8.8565866e-05 3.3751794e-04 7.3294281e-03],[9.9999875e-01 1.2158897e-06],"[6.2860295e-08 1.0475097e-06 1.0516811e-03 4.7995356e-01 5.0271070e-01
 1.6212041e-02 7.0432761e-05 4.8073468e-07 5.3730984e-09]"
D:\Uni\Ulm\Master\Hiwi-Forschung-und-Lehre\FairFace\detected_faces\891425_face0.jpg,White,White,Male,20-29,"[8.20875704e-01 1.02100685e-05 5.97594492e-02 6.37640711e-04
 4.40455595e-04 8.01301620e-04 1.17475316e-01]",[9.9879539e-01 1.9826994e-06 1.3417569e-04 1.0684261e-03],[9.9997938e-01 2.0615476e-05],"[5.9887384e-07 1.9815229e-04 1.0117824e-01 8.4664363e-01 5.1484454e-02
 4.9313036e-04 1.7736390e-06 4.8096481e-08 1.3555067e-09]"
D:\Uni\Ulm\Master\Hiwi-Forschung-und-Lehre\FairFace\detected_faces\891427_face0.jpg,White,White,Male,20-29,"[5.1640415e-01 1.4004648e-03 3.7067853e-02 4.2052132e-05 8.7312677e-05
 4.2357144e-04 4.4457459e-01]",[9.9246997e-01 3.5927719e-03 1.1397406e-04 3.8233350e-03],[9.9999958e-01 3.9971258e-07],"[3.5705827e-07 2.3872235e-05 3.1494056e-03 7.3356181e-01 2.6015285e-01
 3.1004660e-03 1.1092471e-05 1.5503301e-07 2.2452153e-09]"
D:\Uni\Ulm\Master\Hiwi-Forschung-und-Lehre\FairFace\detected_faces\891435_face0.jpg,Middle Eastern,White,Male,20-29,"[1.9127756e-01 3.0150922e-04 2.1749456e-01 1.8288835e-04 6.2769500e-04
 2.7933540e-02 5.6218225e-01]",[0.9160005  0.00516673 0.00151446 0.07731828],[9.9982721e-01 1.7282122e-04],"[4.8375722e-07 6.1343097e-05 5.0397990e-03 7.2282034e-01 2.6979160e-01
 2.2845704e-03 1.8464614e-06 1.5088899e-08 2.7434374e-10]"
D:\Uni\Ulm\Master\Hiwi-Forschung-und-Lehre\FairFace\detected_faces\891450_face0.jpg,White,White,Male,20-29,"[8.6049604e-01 4.1883273e-04 1.8674642e-02 1.5550444e-04 5.5288931e-04
 2.0094216e-04 1.1950119e-01]",[9.9895942e-01 8.4489374e-04 1.5034825e-04 4.5362569e-05],[9.9999988e-01 1.0710847e-07],"[7.7852241e-07 1.1861205e-04 5.4801259e-02 8.5775620e-01 8.5841864e-02
 1.4638110e-03 1.7163720e-05 2.9061837e-07 3.8289585e-09]"
D:\Uni\Ulm\Master\Hiwi-Forschung-und-Lehre\FairFace\detected_faces\891500_face0.jpg,White,White,Male,10-19,"[9.9966282e-01 1.4797102e-06 1.9626477e-05 3.2917458e-06 6.3352477e-06
 2.1763591e-07 3.0630967e-04]",[9.9996018e-01 2.6788277e-05 1.2874552e-05 2.5785641e-07],[0.99828416 0.00171583],"[1.0112257e-06 1.6618703e-03 4.9863303e-01 4.7717369e-01 2.1616759e-02
 8.9592667e-04 1.6557591e-05 1.0639163e-06 9.4024386e-08]"
D:\Uni\Ulm\Master\Hiwi-Forschung-und-Lehre\FairFace\detected_faces\891510_face0.jpg,White,White,Male,30-39,"[9.5651358e-01 7.7303739e-05 5.3583360e-03 1.8936485e-02 1.5453038e-02
 2.9967936e-05 3.6312868e-03]",[9.7113937e-01 1.9812458e-03 2.6698135e-02 1.8114939e-04],[9.9998009e-01 1.9877496e-05],"[6.1621713e-06 2.2882844e-04 4.6371359e-02 3.2091546e-01 3.3017319e-01
 2.1693613e-01 8.1069857e-02 4.2127823e-03 8.6165412e-05]"
D:\Uni\Ulm\Master\Hiwi-Forschung-und-Lehre\FairFace\detected_faces\891511_face0.jpg,White,White,Male,20-29,"[6.9332182e-01 1.1617520e-04 1.7994680e-02 3.8909508e-05 6.7888766e-05
 4.4402815e-04 2.8801644e-01]",[9.9869359e-01 6.2431861e-04 2.1402372e-04 4.6806622e-04],[9.9999630e-01 3.7286977e-06],"[8.8917268e-08 1.9371058e-05 9.7714402e-03 8.9446080e-01 9.5448546e-02
 2.9936500e-04 3.7341502e-07 5.2240137e-09 1.1528392e-10]"
D:\Uni\Ulm\Master\Hiwi-Forschung-und-Lehre\FairFace\detected_faces\891514_face0.jpg,White,White,Male,20-29,"[9.9136144e-01 9.1904858e-06 8.4497820e-04 9.3616400e-06 6.8472735e-05
 8.9887963e-06 7.6975790e-03]",[9.9326181e-01 4.6921102e-03 1.6666839e-03 3.7936459e-04],[9.9999869e-01 1.2976942e-06],"[2.9901443e-08 6.9624198e-06 1.6437937e-02 7.9711878e-01 1.8098113e-01
 5.4153255e-03 3.9291910e-05 4.9248746e-07 1.0532835e-08]"
D:\Uni\Ulm\Master\Hiwi-Forschung-und-Lehre\FairFace\detected_faces\891557_face0.jpg,White,White,Male,20-29,"[9.9835521e-01 5.9808435e-06 7.5182028e-04 1.3348057e-05 2.1737407e-05
 4.1826802e-06 8.4776012e-04]",[9.9877238e-01 6.3070771e-04 4.5109726e-04 1.4584369e-04],[0.98991615 0.01008393],"[1.0018961e-05 4.4744643e-03 3.1393513e-01 5.3772563e-01 1.2940320e-01
 1.4097218e-02 3.4238936e-04 1.0931562e-05 9.5431108e-07]"
D:\Uni\Ulm\Master\Hiwi-Forschung-und-Lehre\FairFace\detected_faces\891579_face0.jpg,White,White,Male,20-29,"[9.6044993e-01 2.5732781e-05 6.6923135e-04 8.0791133e-06 1.3832129e-05
 1.5851994e-05 3.8817436e-02]",[9.9864769e-01 7.5264141e-04 4.4155715e-04 1.5811494e-04],[9.9999851e-01 1.5110227e-06],"[8.3764207e-06 1.8393504e-04 4.3346663e-03 5.5813217e-01 4.1528961e-01
 2.1771619e-02 2.7445136e-04 4.9594546e-06 2.3377535e-07]"
D:\Uni\Ulm\Master\Hiwi-Forschung-und-Lehre\FairFace\detected_faces\891651_face0.jpg,White,White,Male,20-29,"[9.8215032e-01 4.8196894e-06 1.6472857e-03 1.3980481e-05 2.1958347e-05
 5.6644243e-05 1.6105093e-02]",[9.9734944e-01 9.8088547e-04 1.5557292e-04 1.5141056e-03],[9.9997896e-01 2.0965783e-05],"[6.5168749e-08 7.0229576e-06 5.5492823e-03 7.8893697e-01 2.0193338e-01
 3.5556932e-03 1.7345492e-05 1.5507516e-07 4.8685584e-09]"
D:\Uni\Ulm\Master\Hiwi-Forschung-und-Lehre\FairFace\detected_faces\891656_face0.jpg,Black,Black,Male,20-29,"[2.3656029e-03 5.9426272e-01 3.5212997e-01 8.6078217e-05 4.8260959e-03
 4.3772582e-02 2.5569571e-03]",[5.7547202e-04 8.9568591e-01 3.7575562e-03 9.9981032e-02],[1.0000000e+00 6.6571477e-09],"[6.3940333e-09 7.2793750e-07 4.0178038e-03 7.2811192e-01 2.6336586e-01
 4.4893753e-03 1.4083600e-05 8.9669392e-08 7.0788764e-10]"
D:\Uni\Ulm\Master\Hiwi-Forschung-und-Lehre\FairFace\detected_faces\891675_face0.jpg,Middle Eastern,White,Male,20-29,"[4.1305172e-01 1.0959759e-03 1.0463072e-01 3.8226835e-06 1.6878090e-05
 2.7798058e-03 4.7842103e-01]",[9.6550918e-01 2.0877034e-03 8.9131951e-05 3.2313988e-02],[9.9999994e-01 5.1343665e-08],"[2.2708825e-07 4.1613399e-05 6.1789108e-03 8.1025630e-01 1.8197139e-01
 1.5497440e-03 1.8565130e-06 1.5009324e-08 1.4011924e-10]"
D:\Uni\Ulm\Master\Hiwi-Forschung-und-Lehre\FairFace\detected_faces\891741_face0.jpg,White,White,Male,10-19,"[5.6735724e-01 9.7632372e-05 5.6634244e-02 1.4740707e-04 2.4192418e-04
 1.5695002e-04 3.7536460e-01]",[0.99353415 0.00314794 0.00210357 0.00121436],[9.9999839e-01 1.5922622e-06],"[5.3995183e-07 5.4481947e-03 9.1947699e-01 7.3388569e-02 1.6348109e-03
 5.0622846e-05 3.3440494e-07 9.5732764e-09 1.5992942e-10]"
D:\Uni\Ulm\Master\Hiwi-Forschung-und-Lehre\FairFace\detected_faces\891779_face0.jpg,White,White,Male,10-19,"[9.9997216e-01 9.7840847e-08 7.8894200e-06 1.4313689e-07 4.5747660e-07
 1.0259194e-07 1.9083591e-05]",[9.9996161e-01 1.8856797e-06 8.3194209e-06 2.8228507e-05],[9.9998838e-01 1.1602251e-05],"[4.2747859e-09 1.4373464e-04 7.4158561e-01 2.5697434e-01 1.2663157e-03
 2.9758507e-05 1.3283589e-07 2.2595799e-09 6.2806399e-11]"
D:\Uni\Ulm\Master\Hiwi-Forschung-und-Lehre\FairFace\detected_faces\891803_face0.jpg,Latino_Hispanic,Black,Male,30-39,"[2.1443604e-02 1.4242139e-01 7.9065096e-01 4.6887173e-05 6.9110142e-04
 4.2863786e-02 1.8823149e-03]",[0.06716492 0.80295724 0.00132962 0.1285482 ],[9.9999982e-01 1.7194095e-07],"[2.7272682e-07 5.6608860e-06 2.2189319e-03 4.4637057e-01 5.0169545e-01
 4.8866522e-02 8.3687180e-04 5.6987788e-06 4.3491127e-08]"
D:\Uni\Ulm\Master\Hiwi-Forschung-und-Lehre\FairFace\detected_faces\891829_face0.jpg,White,White,Male,20-29,"[7.3626810e-01 2.7901709e-05 8.2157766e-03 2.2313599e-05 5.3911481e-05
 1.9676833e-04 2.5521520e-01]",[9.9849975e-01 6.5315136e-04 1.7940674e-04 6.6773628e-04],[9.9999994e-01 4.8776428e-08],"[7.9566132e-07 6.5678287e-05 4.1333869e-02 7.0068735e-01 2.4959782e-01
 8.2536973e-03 5.9225182e-05 1.5464390e-06 1.2629131e-08]"
D:\Uni\Ulm\Master\Hiwi-Forschung-und-Lehre\FairFace\detected_faces\891862_face0.jpg,White,White,Male,30-39,"[9.9906361e-01 9.0781248e-07 1.1958777e-04 2.1995879e-06 4.7355970e-06
 6.8234508e-06 8.0215879e-04]",[9.9939549e-01 2.2896656e-04 1.3005581e-04 2.4548851e-04],[9.9998564e-01 1.4401384e-05],"[1.0018911e-05 2.5902456e-04 4.1611074e-03 4.2415553e-01 5.4934722e-01
 2.1921176e-02 1.4394755e-04 1.8495539e-06 1.4479450e-07]"
D:\Uni\Ulm\Master\Hiwi-Forschung-und-Lehre\FairFace\detected_faces\891870_face0.jpg,White,White,Male,20-29,"[9.9998623e-01 7.2764129e-07 3.2191854e-06 6.6361856e-08 2.8742215e-07
 6.0246776e-08 9.3087692e-06]",[9.9996436e-01 2.0395837e-05 1.3220285e-05 1.9859315e-06],[0.9976852  0.00231477],"[5.4823929e-08 3.9378399e-05 2.6590047e-02 8.9704150e-01 7.5253516e-02
 1.0678434e-03 7.4276268e-06 1.1034813e-07 6.9287247e-09]"
D:\Uni\Ulm\Master\Hiwi-Forschung-und-Lehre\FairFace\detected_faces\891877_face0.jpg,White,White,Male,30-39,"[4.3683201e-01 6.1035313e-04 3.1938267e-01 2.7994273e-04 6.1095390e-04
 6.9472692e-03 2.3533680e-01]",[9.921137e-01 8.353030e-04 7.108790e-04 6.340144e-03],[9.9988908e-01 1.1094032e-04],"[5.1066360e-07 7.1924264e-06 9.2542847e-04 2.8254351e-01 6.6514516e-01
 5.0870504e-02 5.0208770e-04 5.4910356e-06 5.6068060e-08]"
D:\Uni\Ulm\Master\Hiwi-Forschung-und-Lehre\FairFace\detected_faces\891894_face0.jpg,White,White,Male,20-29,"[9.9995565e-01 4.3367313e-06 1.1760921e-05 9.7069164e-07 2.7054386e-06
 4.0564640e-07 2.4212266e-05]",[9.9943978e-01 5.2739220e-04 2.7183774e-05 5.7001839e-06],[9.9975252e-01 2.4748052e-04],"[1.3912712e-07 1.7570240e-04 1.4089228e-01 8.2395577e-01 3.4016307e-02
 9.3725626e-04 2.1980499e-05 6.7004038e-07 4.2059799e-08]"
D:\Uni\Ulm\Master\Hiwi-Forschung-und-Lehre\FairFace\detected_faces\891920_face0.jpg,Latino_Hispanic,Black,Male,20-29,"[0.04876599 0.3847395  0.544701   0.00089942 0.00951011 0.00564525
 0.00573885]",[0.18970881 0.7133819  0.0696883  0.02722101],[1.0000000e+00 4.6106674e-08],"[1.8206953e-06 5.1301300e-05 2.5025388e-02 6.9099838e-01 2.2507277e-01
 5.0206266e-02 7.7888183e-03 8.4247469e-04 1.2849708e-05]"
D:\Uni\Ulm\Master\Hiwi-Forschung-und-Lehre\FairFace\detected_faces\891930_face0.jpg,White,White,Male,20-29,"[9.3329430e-01 2.1515710e-04 1.2317192e-02 1.4376649e-04 2.4824945e-04
 1.7368271e-04 5.3607665e-02]",[0.99454415 0.00141095 0.00162911 0.00241581],[1.00000000e+00 1.12830545e-08],"[7.2546868e-07 1.0663808e-04 1.4043944e-02 7.4721533e-01 2.2753325e-01
 1.0964584e-02 1.3369902e-04 1.7951328e-06 2.5134836e-08]"
D:\Uni\Ulm\Master\Hiwi-Forschung-und-Lehre\FairFace\detected_faces\891931_face0.jpg,White,White,Male,30-39,"[7.98402965e-01 2.57099382e-05 7.08349347e-02 4.62780613e-03
 1.04146320e-02 1.07678829e-03 1.14617154e-01]",[8.6523187e-01 3.1607095e-04 1.2818800e-01 6.2640416e-03],[1.0000000e+00 5.0489792e-08],"[1.76285062e-06 1.01597245e-04 6.41738996e-03 4.39403355e-01
 5.24260342e-01 2.95208115e-02 2.91028264e-04 3.73067382e-06
 2.66994782e-08]"
D:\Uni\Ulm\Master\Hiwi-Forschung-und-Lehre\FairFace\detected_faces\891932_face0.jpg,White,White,Male,20-29,"[9.9405140e-01 8.5786442e-06 4.0876204e-03 9.6461536e-06 8.4311550e-06
 3.9753708e-05 1.7946290e-03]",[9.9977869e-01 3.0580864e-05 1.0064736e-05 1.8067122e-04],[9.9998689e-01 1.3163288e-05],"[3.6401869e-07 1.4791287e-05 4.0251981e-03 6.4492732e-01 3.4452641e-01
 6.4660483e-03 3.9527309e-05 2.8419532e-07 5.4847304e-09]"
D:\Uni\Ulm\Master\Hiwi-Forschung-und-Lehre\FairFace\detected_faces\891959_face0.jpg,Middle Eastern,White,Male,20-29,"[2.9610163e-01 6.6776160e-04 2.7860835e-01 4.5218170e-05 2.8218341e-04
 1.8805698e-02 4.0548915e-01]",[9.7466922e-01 5.9852065e-03 3.3752137e-04 1.9007999e-02],[9.9999964e-01 3.2041908e-07],"[2.99279037e-08 5.39677349e-05 1.00598216e-01 8.83952498e-01
 1.52824018e-02 1.12713707e-04 2.20789317e-07 3.28844929e-09
 4.11148650e-11]"
D:\Uni\Ulm\Master\Hiwi-Forschung-und-Lehre\FairFace\detected_faces\891990_face0.jpg,Middle Eastern,Indian,Male,20-29,"[4.8625250e-03 2.4864752e-02 8.0848172e-02 6.1257905e-04 9.1769071e-03
 1.7968717e-01 6.9994783e-01]",[0.00252252 0.02531771 0.00192108 0.9702387 ],[9.999963e-01 3.699125e-06],"[2.6953882e-07 4.0865929e-05 1.2706319e-02 8.9748019e-01 8.8656925e-02
 1.1084280e-03 6.4960559e-06 4.7231018e-07 1.7719245e-08]"
D:\Uni\Ulm\Master\Hiwi-Forschung-und-Lehre\FairFace\detected_faces\892078_face0.jpg,Black,Black,Male,20-29,"[7.7487784e-06 9.9975228e-01 1.3151919e-04 6.5635071e-08 1.2912436e-06
 2.9611912e-05 7.7464458e-05]",[2.45367701e-05 9.99776125e-01 1.17953714e-04 8.13089500e-05],[1.000000e+00 2.223807e-08],"[1.22917385e-07 2.41766465e-05 3.35844024e-03 6.83235407e-01
 3.04546118e-01 8.78953654e-03 4.57484712e-05 4.93241430e-07
 1.29482585e-08]"
D:\Uni\Ulm\Master\Hiwi-Forschung-und-Lehre\FairFace\detected_faces\892111_face0.jpg,Black,Black,Male,20-29,"[1.0337344e-06 9.9985492e-01 1.0869457e-05 2.3835922e-08 6.0775369e-07
 1.3121587e-04 1.3013863e-06]",[3.1043969e-06 9.9985141e-01 4.8113316e-06 1.4070561e-04],[9.9998176e-01 1.8251192e-05],"[1.4771626e-08 1.0653527e-05 7.6763029e-03 7.1284860e-01 2.7117911e-01
 8.2042040e-03 8.0238140e-05 8.5214378e-07 2.7807161e-08]"
D:\Uni\Ulm\Master\Hiwi-Forschung-und-Lehre\FairFace\detected_faces\892145_face0.jpg,Middle Eastern,White,Male,20-29,"[4.4861473e-02 1.0725134e-04 1.7924273e-02 3.1736272e-05 9.1867660e-05
 1.0359014e-03 9.3594748e-01]",[0.83032995 0.00748467 0.01007537 0.15211008],[9.9999809e-01 1.9142283e-06],"[1.3857548e-06 1.6225519e-04 2.8545009e-02 7.7469277e-01 1.9270730e-01
 3.8752097e-03 1.5757738e-05 2.6832564e-07 3.6386913e-09]"
D:\Uni\Ulm\Master\Hiwi-Forschung-und-Lehre\FairFace\detected_faces\892169_face0.jpg,Middle Eastern,Black,Male,30-39,"[1.6977071e-03 2.7879339e-01 2.2576462e-02 2.5485974e-07 7.4155059e-06
 1.3478008e-01 5.6214470e-01]",[2.2654518e-02 5.9233165e-01 6.9626964e-05 3.8494417e-01],[9.9999982e-01 1.6242033e-07],"[7.9476635e-08 1.4537004e-06 1.2786631e-04 6.2403113e-02 7.6388919e-01
 1.7172369e-01 1.8377049e-03 1.6757884e-05 1.3785501e-07]"
D:\Uni\Ulm\Master\Hiwi-Forschung-und-Lehre\FairFace\detected_faces\892208_face0.jpg,Black,Black,Male,30-39,"[2.3551927e-07 9.9998361e-01 5.9218205e-06 1.4004075e-07 5.9190270e-06
 3.9319712e-06 1.4795303e-07]",[2.6703640e-06 9.9992800e-01 4.9638431e-05 1.9684647e-05],[9.9999833e-01 1.6210719e-06],"[6.74257421e-07 3.14924182e-05 2.67886114e-03 3.60452533e-01
 5.17053783e-01 1.15213335e-01 4.45513893e-03 1.03736071e-04
 1.04128258e-05]"
D:\Uni\Ulm\Master\Hiwi-Forschung-und-Lehre\FairFace\detected_faces\892258_face0.jpg,White,White,Male,20-29,"[9.9991757e-01 4.9022129e-09 3.5996213e-06 7.3079413e-08 1.6146575e-07
 1.6139322e-07 7.8520825e-05]",[9.9999797e-01 5.0079656e-08 7.9362462e-07 1.2382407e-06],[1.0000000e+00 2.3562437e-08],"[1.6877374e-08 6.3477215e-05 4.6870968e-01 5.2463067e-01 6.3870181e-03
 2.0841118e-04 7.1440951e-07 5.2785731e-09 5.9200984e-11]"
D:\Uni\Ulm\Master\Hiwi-Forschung-und-Lehre\FairFace\detected_faces\892370_face0.jpg,White,White,Male,20-29,"[9.9991548e-01 5.5104832e-09 2.5240957e-05 4.5304199e-07 4.9304100e-07
 7.2622788e-07 5.7547586e-05]",[9.9984771e-01 2.8630020e-06 1.3793713e-05 1.3563922e-04],[9.9999481e-01 5.1426323e-06],"[1.4986546e-06 2.3856263e-03 3.9979708e-01 5.4578328e-01 5.0108083e-02
 1.9166959e-03 7.6792021e-06 5.6724456e-08 1.8518703e-09]"
D:\Uni\Ulm\Master\Hiwi-Forschung-und-Lehre\FairFace\detected_faces\892374_face0.jpg,White,White,Male,30-39,"[8.86527479e-01 9.82628786e-04 2.16637105e-02 3.35921231e-06
 1.02870845e-05 2.91358749e-03 8.78989771e-02]",[9.8260593e-01 1.0047390e-02 8.9020272e-05 7.2577074e-03],[9.9996006e-01 3.9921666e-05],"[1.7387241e-07 2.3543118e-06 6.4783912e-05 5.8974225e-02 8.3854777e-01
 1.0167106e-01 7.3764048e-04 1.9479801e-06 3.4766860e-08]"
D:\Uni\Ulm\Master\Hiwi-Forschung-und-Lehre\FairFace\detected_faces\892397_face0.jpg,Black,Black,Male,20-29,"[3.3847439e-06 9.9992347e-01 3.9015988e-05 7.6947792e-08 1.1401137e-06
 2.5301009e-05 7.7288068e-06]",[2.1784274e-06 9.9998158e-01 2.9442576e-06 1.3335868e-05],[0.998439   0.00156103],"[7.3685982e-07 4.1888474e-04 1.2124558e-01 7.4572009e-01 1.2709583e-01
 5.3454968e-03 1.6570861e-04 7.0857614e-06 4.9358272e-07]"
D:\Uni\Ulm\Master\Hiwi-Forschung-und-Lehre\FairFace\detected_faces\892459_face0.jpg,White,White,Male,20-29,"[9.9998045e-01 4.7240857e-07 1.6892122e-06 5.2596747e-08 1.4949300e-07
 7.9721758e-08 1.7104783e-05]",[9.9858969e-01 1.3671743e-03 3.4485227e-05 8.6894697e-06],[9.999927e-01 7.261515e-06],"[2.4883511e-07 2.6125899e-05 1.5135488e-02 7.4834949e-01 2.3046951e-01
 5.9097148e-03 1.0815231e-04 1.1413244e-06 5.8823087e-08]"
D:\Uni\Ulm\Master\Hiwi-Forschung-und-Lehre\FairFace\detected_faces\892482_face0.jpg,Black,Black,Male,20-29,"[1.1238564e-03 7.6755708e-01 1.2401062e-01 1.5915119e-05 9.0395822e-04
 5.2983437e-02 5.3405009e-02]",[1.8250095e-04 9.9004889e-01 1.8048489e-04 9.5881261e-03],[9.999992e-01 7.833109e-07],"[1.8304418e-07 1.6118440e-05 1.2517137e-02 7.8830695e-01 1.9493362e-01
 4.2000213e-03 2.5378829e-05 5.5744061e-07 1.0347339e-08]"
D:\Uni\Ulm\Master\Hiwi-Forschung-und-Lehre\FairFace\detected_faces\892483_face0.jpg,Black,Black,Male,30-39,"[3.6255832e-07 9.9839813e-01 2.6196205e-05 2.6921290e-08 1.4215808e-06
 1.5737457e-03 2.0537938e-07]",[1.1520673e-07 9.9974114e-01 3.8043920e-06 2.5494403e-04],[0.9982112 0.0017888],"[1.2764384e-08 8.1336179e-07 6.1067205e-04 1.1583197e-01 7.4532557e-01
 1.3534577e-01 2.8733737e-03 1.1609998e-05 1.5122961e-07]"
D:\Uni\Ulm\Master\Hiwi-Forschung-und-Lehre\FairFace\detected_faces\892521_face0.jpg,White,White,Male,20-29,"[5.9247488e-01 5.4798968e-04 1.1624366e-01 8.9012734e-05 4.3707609e-04
 6.2161912e-03 2.8399125e-01]",[9.9021769e-01 8.9827669e-04 1.1260454e-03 7.7579790e-03],[1.0000000e+00 2.3867438e-08],"[3.5538372e-07 4.5311892e-05 1.0523863e-02 8.7327111e-01 1.1540209e-01
 7.5603416e-04 1.2119491e-06 1.8573971e-08 1.4714098e-10]"
D:\Uni\Ulm\Master\Hiwi-Forschung-und-Lehre\FairFace\detected_faces\892527_face0.jpg,White,White,Male,20-29,"[9.9998963e-01 9.4996668e-09 2.0068405e-06 3.2743858e-07 4.7793554e-07
 3.4417724e-08 7.5879343e-06]",[9.9999565e-01 2.7202756e-07 3.7382899e-06 3.6413985e-07],[9.9992955e-01 7.0427363e-05],"[1.2511758e-06 5.0210487e-04 8.2114235e-02 8.0909830e-01 1.0469718e-01
 3.5683988e-03 1.8369323e-05 1.9359592e-07 1.2848030e-08]"
D:\Uni\Ulm\Master\Hiwi-Forschung-und-Lehre\FairFace\detected_faces\892539_face0.jpg,White,White,Male,20-29,"[7.3230428e-01 6.7597810e-08 2.8204729e-04 3.7832715e-06 5.2878127e-06
 4.4268611e-05 2.6736033e-01]",[9.9956530e-01 2.9953496e-06 2.2016922e-05 4.0965810e-04],[9.999914e-01 8.527967e-06],"[9.29522855e-07 3.00021202e-04 1.80393293e-01 6.98607445e-01
 1.03301376e-01 1.72016453e-02 1.92851687e-04 2.47077378e-06
 4.18445083e-08]"
D:\Uni\Ulm\Master\Hiwi-Forschung-und-Lehre\FairFace\detected_faces\892666_face0.jpg,White,White,Male,20-29,"[9.9916261e-01 9.1196825e-06 4.4196600e-04 1.9379172e-06 3.0269923e-06
 1.0805989e-05 3.7061897e-04]",[9.9996734e-01 4.1612252e-06 5.5414230e-06 2.2960663e-05],[0.99505866 0.00494131],"[4.1355670e-09 5.0427570e-06 3.2492582e-02 9.5069313e-01 1.6718840e-02
 8.9909197e-05 4.5312868e-07 4.7242268e-09 1.8872701e-10]"
D:\Uni\Ulm\Master\Hiwi-Forschung-und-Lehre\FairFace\detected_faces\892671_face0.jpg,Middle Eastern,White,Male,20-29,"[7.1003854e-02 2.0612334e-03 4.4374071e-02 5.0771923e-05 2.0122598e-04
 8.6928289e-03 8.7361604e-01]",[9.855050e-01 4.819615e-03 4.031834e-04 9.272160e-03],[9.9999887e-01 1.1851785e-06],"[9.6196186e-07 2.2129871e-05 3.0866696e-03 6.2725919e-01 3.6184764e-01
 7.7428361e-03 3.9939459e-05 5.8692052e-07 1.1336528e-08]"
D:\Uni\Ulm\Master\Hiwi-Forschung-und-Lehre\FairFace\detected_faces\892673_face0.jpg,White,White,Male,20-29,"[9.2236489e-01 1.5701605e-04 2.9810606e-02 1.6435483e-04 1.9246772e-04
 7.8862056e-04 4.6521936e-02]",[9.980768e-01 5.452521e-05 9.802930e-04 8.883239e-04],[9.9994606e-01 5.3927404e-05],"[4.8447028e-08 2.4332555e-06 4.9116830e-03 6.5772134e-01 3.2687190e-01
 1.0385054e-02 1.0552154e-04 2.0128984e-06 2.9484823e-08]"
D:\Uni\Ulm\Master\Hiwi-Forschung-und-Lehre\FairFace\detected_faces\892674_face0.jpg,White,White,Male,20-29,"[5.26399970e-01 2.43642586e-04 1.15035556e-01 1.27078779e-02
 8.13832227e-03 2.01682487e-04 3.37272942e-01]",[9.7936827e-01 4.4020684e-03 1.5640229e-02 5.8936531e-04],[9.9998695e-01 1.2996285e-05],"[2.8271398e-07 3.6550639e-04 2.3750104e-01 7.2436112e-01 3.6956735e-02
 8.0907508e-04 6.0304606e-06 1.6723546e-07 1.9836950e-09]"
D:\Uni\Ulm\Master\Hiwi-Forschung-und-Lehre\FairFace\detected_faces\892681_face0.jpg,White,White,Male,20-29,"[7.8267914e-01 3.5879218e-03 1.9498463e-01 1.6367698e-05 6.7200002e-05
 9.3300827e-04 1.7731700e-02]",[9.4270384e-01 4.8386097e-02 1.3957657e-04 8.7704835e-03],[9.9999994e-01 7.0970472e-08],"[3.8116109e-08 1.5233734e-06 1.1878718e-03 7.8422916e-01 2.1261837e-01
 1.9556396e-03 7.2935059e-06 7.4723076e-08 7.9819129e-10]"
D:\Uni\Ulm\Master\Hiwi-Forschung-und-Lehre\FairFace\detected_faces\892735_face0.jpg,Black,Black,Male,30-39,"[2.1487626e-06 9.9992055e-01 6.0130435e-05 2.6206932e-09 7.2492696e-08
 9.3457747e-06 7.7314362e-06]",[3.0114418e-06 9.9998468e-01 9.6197971e-07 1.1370772e-05],[1.0000000e+00 4.0752273e-08],"[3.4785813e-08 8.7039206e-07 9.8162238e-04 4.7321188e-01 4.8791331e-01
 3.7326459e-02 5.5711885e-04 8.5599704e-06 1.4365423e-07]"
D:\Uni\Ulm\Master\Hiwi-Forschung-und-Lehre\FairFace\detected_faces\892923_face0.jpg,White,White,Male,20-29,"[9.7855824e-01 5.9600534e-06 2.5070983e-03 1.0894681e-05 1.8373188e-05
 7.8538296e-06 1.8891539e-02]",[9.9982321e-01 8.9194567e-05 3.4070421e-05 5.3524167e-05],[9.9999994e-01 8.6933994e-08],"[2.6669083e-08 1.2835667e-04 4.9348855e-01 5.0340074e-01 2.9688312e-03
 1.3498988e-05 2.1379710e-08 5.1267546e-10 6.5465897e-12]"
D:\Uni\Ulm\Master\Hiwi-Forschung-und-Lehre\FairFace\detected_faces\892924_face0.jpg,Black,Black,Male,20-29,"[2.1047754e-07 9.9999595e-01 3.5616056e-06 2.6322504e-09 4.9090225e-08
 1.4798597e-07 7.2361978e-08]",[8.8848630e-08 9.9999964e-01 1.2200957e-07 1.2962003e-07],[9.9999970e-01 2.9485977e-07],"[2.9022964e-09 3.2407638e-07 2.8944267e-03 7.6820201e-01 2.2038864e-01
 8.3870292e-03 1.2616139e-04 1.3007178e-06 6.9501169e-08]"
D:\Uni\Ulm\Master\Hiwi-Forschung-und-Lehre\FairFace\detected_faces\892925_face0.jpg,White,White,Male,20-29,"[9.4782883e-01 2.7888320e-06 2.3016371e-03 1.9956316e-05 3.5458859e-05
 6.3268250e-05 4.9748097e-02]",[9.9989444e-01 2.4131120e-06 5.9357695e-05 4.3760338e-05],[9.999838e-01 1.617137e-05],"[6.4204855e-08 2.0897072e-05 8.9198075e-02 8.8081092e-01 2.9373728e-02
 5.9346232e-04 2.8388567e-06 3.5524032e-08 6.2463562e-10]"
D:\Uni\Ulm\Master\Hiwi-Forschung-und-Lehre\FairFace\detected_faces\892949_face0.jpg,White,White,Male,20-29,"[9.9731374e-01 2.1679532e-06 3.0976319e-04 9.9811803e-07 2.3286611e-06
 1.0859663e-06 2.3699759e-03]",[9.9995935e-01 1.4224223e-05 2.1533020e-05 4.9141090e-06],[9.9999702e-01 2.9682378e-06],"[4.3451081e-08 4.9880742e-05 4.3161608e-02 8.6786652e-01 8.7035492e-02
 1.8774511e-03 8.9066780e-06 7.1829248e-08 1.0744128e-09]"
D:\Uni\Ulm\Master\Hiwi-Forschung-und-Lehre\FairFace\detected_faces\892950_face0.jpg,White,White,Male,20-29,"[9.9787813e-01 4.7187194e-07 8.0959738e-04 4.9426226e-06 1.1815698e-05
 4.4888097e-06 1.2905143e-03]",[9.9993181e-01 5.1152574e-06 3.3570504e-05 2.9529645e-05],[1.000000e+00 8.768365e-09],"[2.0117628e-07 5.4600521e-05 4.2140014e-02 7.3114115e-01 2.1688887e-01
 9.7198589e-03 5.4491906e-05 8.2141258e-07 5.6837552e-09]"
D:\Uni\Ulm\Master\Hiwi-Forschung-und-Lehre\FairFace\detected_faces\893008_face0.jpg,Middle Eastern,White,Male,30-39,"[1.5550777e-01 9.3039044e-04 1.2591229e-01 2.9999672e-05 1.2386980e-04
 1.6320217e-02 7.0117551e-01]",[0.80213267 0.01321692 0.00303027 0.18162017],[9.9998885e-01 1.1175155e-05],"[4.9165828e-07 1.7707659e-06 2.7490323e-04 9.6468203e-02 7.8807288e-01
 1.1385133e-01 1.3211496e-03 9.1764286e-06 9.8225371e-08]"
D:\Uni\Ulm\Master\Hiwi-Forschung-und-Lehre\FairFace\detected_faces\893052_face0.jpg,Middle Eastern,Black,Male,20-29,"[9.6480571e-02 7.6461239e-03 6.1956778e-02 9.7578886e-06 3.5973571e-05
 1.5115256e-03 8.3235925e-01]",[3.0949810e-01 6.8808091e-01 1.1867235e-04 2.3023318e-03],[9.9999118e-01 8.8402885e-06],"[9.6186625e-08 2.6657304e-05 2.0929169e-02 9.3366408e-01 4.5232899e-02
 1.4681001e-04 2.8733498e-07 1.4500116e-08 2.8648903e-10]"
D:\Uni\Ulm\Master\Hiwi-Forschung-und-Lehre\FairFace\detected_faces\893062_face0.jpg,White,White,Male,20-29,"[9.6403319e-01 3.2751966e-06 5.9721912e-03 1.3323611e-04 1.6585535e-04
 1.3860628e-04 2.9553669e-02]",[9.9994093e-01 5.2305131e-06 1.9611847e-05 3.4204277e-05],[9.9999756e-01 2.4798971e-06],"[5.3422577e-06 1.3489708e-04 1.6543318e-03 5.2443737e-01 4.6827215e-01
 5.4865936e-03 9.1710153e-06 8.7613010e-08 1.6593081e-09]"
D:\Uni\Ulm\Master\Hiwi-Forschung-und-Lehre\FairFace\detected_faces\893063_face0.jpg,White,White,Male,30-39,"[9.5287174e-01 8.8918908e-04 1.9813666e-02 8.3382992e-04 1.0240130e-03
 2.3018099e-04 2.4337437e-02]",[9.9517095e-01 2.9390871e-03 1.7596264e-03 1.3040616e-04],[9.9999666e-01 3.3103556e-06],"[3.0212876e-05 5.4311655e-05 1.1071105e-03 2.2748895e-01 6.5289164e-01
 1.1506727e-01 3.2427993e-03 1.1517634e-04 2.4760157e-06]"
D:\Uni\Ulm\Master\Hiwi-Forschung-und-Lehre\FairFace\detected_faces\893065_face0.jpg,Middle Eastern,White,Male,20-29,"[7.5717280e-03 2.9001205e-05 1.2914902e-02 5.0064032e-06 2.0388299e-05
 6.7666261e-03 9.7269237e-01]",[0.73836607 0.00491065 0.00167311 0.25505018],[9.99986827e-01 1.31717325e-05],"[2.0451573e-06 1.0458632e-04 4.4333450e-03 5.5434299e-01 4.2045060e-01
 2.0577803e-02 8.7512475e-05 1.1264732e-06 2.2932346e-08]"
D:\Uni\Ulm\Master\Hiwi-Forschung-und-Lehre\FairFace\detected_faces\893069_face0.jpg,White,White,Male,20-29,"[3.7554413e-01 1.0824599e-02 2.4970248e-01 2.7169546e-05 1.3110031e-04
 5.1264639e-04 3.6325783e-01]",[8.0163997e-01 1.9571225e-01 5.4471660e-04 2.1030453e-03],[1.0000000e+00 3.6692438e-08],"[2.2117650e-08 9.7454194e-06 2.0072177e-02 9.3937129e-01 4.0344205e-02
 2.0191318e-04 6.9261279e-07 1.2054013e-08 1.2838858e-10]"
D:\Uni\Ulm\Master\Hiwi-Forschung-und-Lehre\FairFace\detected_faces\893140_face0.jpg,Latino_Hispanic,White,Male,20-29,"[0.26923165 0.01567241 0.50422853 0.0021994  0.01288812 0.00270946
 0.19307049]",[0.7646006  0.21482751 0.01610687 0.00446511],[9.9999994e-01 6.8273863e-08],"[3.8678010e-08 3.0892374e-05 5.8249906e-02 9.0407372e-01 3.7211139e-02
 4.3135023e-04 2.9189084e-06 5.3245902e-08 6.9963063e-10]"
D:\Uni\Ulm\Master\Hiwi-Forschung-und-Lehre\FairFace\detected_faces\893141_face0.jpg,White,White,Male,10-19,"[6.5784812e-01 3.3907060e-04 1.5499066e-01 6.1869328e-03 1.2766438e-02
 9.0289330e-05 1.6777857e-01]",[9.6703953e-01 6.1235540e-03 2.6602644e-02 2.3430504e-04],[9.9999487e-01 5.1488155e-06],"[3.3345095e-06 5.0314339e-03 4.9423051e-01 4.0333632e-01 9.3332782e-02
 4.0134471e-03 5.1272040e-05 9.2125100e-07 1.6826457e-08]"
D:\Uni\Ulm\Master\Hiwi-Forschung-und-Lehre\FairFace\detected_faces\893478_face0.jpg,White,White,Male,30-39,"[9.9744773e-01 2.8407694e-05 1.8060432e-03 1.4652797e-05 4.4842389e-05
 2.3110251e-05 6.3522131e-04]",[9.9527258e-01 2.0674220e-03 1.6688227e-03 9.9126098e-04],[9.9999976e-01 2.1436405e-07],"[2.7316830e-07 8.7060653e-06 1.3643953e-03 4.4276080e-01 5.1691216e-01
 3.8331773e-02 6.1472901e-04 7.0696965e-06 1.1537423e-07]"
D:\Uni\Ulm\Master\Hiwi-Forschung-und-Lehre\FairFace\detected_faces\893549_face0.jpg,Latino_Hispanic,White,Male,20-29,"[0.06114462 0.00340986 0.9051805  0.00127052 0.00682031 0.00584991
 0.0163242 ]",[0.52191275 0.08851782 0.09530047 0.29426888],[9.9999535e-01 4.6567557e-06],"[6.5767551e-08 1.7497980e-05 3.8830400e-02 8.5790581e-01 1.0203329e-01
 1.2071498e-03 5.6883464e-06 8.2993402e-08 9.8550812e-10]"
D:\Uni\Ulm\Master\Hiwi-Forschung-und-Lehre\FairFace\detected_faces\893586_face0.jpg,Middle Eastern,White,Male,20-29,"[3.9072048e-02 1.7732108e-04 3.6936354e-02 5.3786889e-06 4.6677982e-05
 1.0517241e-03 9.2271048e-01]",[0.90868896 0.01986615 0.01222119 0.05922367],[9.9999821e-01 1.7780386e-06],"[8.1345220e-08 2.6470187e-05 2.5263863e-02 7.2526592e-01 2.4334897e-01
 6.0675857e-03 2.6588035e-05 5.6423266e-07 4.7763207e-09]"
D:\Uni\Ulm\Master\Hiwi-Forschung-und-Lehre\FairFace\detected_faces\893640_face0.jpg,Middle Eastern,White,Male,20-29,"[2.2213218e-01 4.8252573e-04 1.6129634e-01 2.4267189e-04 4.1160698e-04
 6.6693304e-03 6.0876530e-01]",[9.8248535e-01 1.9912512e-04 3.2945781e-03 1.4020947e-02],[9.9999964e-01 3.0025487e-07],"[8.8611466e-07 4.6241843e-05 6.2519326e-03 7.4652797e-01 2.4306893e-01
 4.0910919e-03 1.2750751e-05 2.1039259e-07 2.2180153e-09]"
D:\Uni\Ulm\Master\Hiwi-Forschung-und-Lehre\FairFace\detected_faces\893642_face0.jpg,White,White,Male,20-29,"[5.5855745e-01 1.7454462e-05 3.4956481e-02 1.2847585e-04 2.2773709e-04
 5.2453519e-04 4.0558776e-01]",[9.9886245e-01 4.6035078e-05 7.0763752e-05 1.0207869e-03],[9.9999696e-01 3.0551855e-06],"[7.0652575e-08 1.5197504e-04 1.8449137e-01 8.0730426e-01 8.0213249e-03
 3.1014122e-05 4.1209670e-08 8.9365276e-10 1.4082749e-11]"
D:\Uni\Ulm\Master\Hiwi-Forschung-und-Lehre\FairFace\detected_faces\893643_face0.jpg,Black,Black,Male,20-29,"[2.2952766e-04 9.7032416e-01 8.8294260e-03 1.0278691e-05 3.6030798e-04
 1.9673206e-02 5.7314569e-04]",[1.3428429e-05 9.9144173e-01 4.6366873e-05 8.4984731e-03],[9.9999642e-01 3.6113045e-06],"[3.9128782e-08 1.8793582e-05 6.1370775e-02 8.9394492e-01 4.3545235e-02
 1.1051142e-03 1.4500977e-05 6.2011543e-07 1.5276537e-08]"
D:\Uni\Ulm\Master\Hiwi-Forschung-und-Lehre\FairFace\detected_faces\893673_face0.jpg,Latino_Hispanic,Asian,Male,20-29,"[0.31654525 0.00298113 0.33345482 0.1710816  0.12495516 0.00388563
 0.04709641]",[0.20683026 0.0029325  0.7592772  0.03095996],[0.9986658  0.00133414],"[4.6011624e-07 2.3314065e-05 5.1936608e-02 8.0643958e-01 1.2943803e-01
 1.1474210e-02 6.5686443e-04 3.0392041e-05 5.5630176e-07]"
D:\Uni\Ulm\Master\Hiwi-Forschung-und-Lehre\FairFace\detected_faces\893752_face0.jpg,White,White,Male,20-29,"[9.0910399e-01 4.0179824e-05 7.4213794e-03 4.3360684e-05 9.6411663e-05
 6.9380134e-05 8.3225399e-02]",[9.9950188e-01 5.4709795e-05 1.2972899e-04 3.1368824e-04],[9.999921e-01 7.961905e-06],"[5.8310953e-08 5.1959069e-05 1.2199858e-01 8.4183997e-01 3.5750978e-02
 3.5716227e-04 1.3402217e-06 1.8382124e-08 3.1309566e-10]"
D:\Uni\Ulm\Master\Hiwi-Forschung-und-Lehre\FairFace\detected_faces\893753_face0.jpg,White,White,Male,20-29,"[9.9444479e-01 3.7735501e-07 4.0341108e-04 3.7835463e-07 1.2720468e-06
 3.5904711e-06 5.1461011e-03]",[9.9947935e-01 1.0702762e-05 6.1836632e-05 4.4807669e-04],[9.9999785e-01 2.1502119e-06],"[9.9165113e-08 1.2399104e-05 9.9335359e-03 8.1616378e-01 1.7063773e-01
 3.2423770e-03 9.9118652e-06 8.2408732e-08 1.0255384e-09]"
D:\Uni\Ulm\Master\Hiwi-Forschung-und-Lehre\FairFace\detected_faces\893763_face0.jpg,White,White,Male,20-29,"[7.28208721e-01 1.79493905e-03 1.56747445e-01 9.14855445e-06
 5.59610198e-05 6.60101010e-04 1.12523764e-01]",[6.9673312e-01 2.9926062e-01 3.4592475e-04 3.6603231e-03],[9.9999815e-01 1.8892316e-06],"[1.16062155e-08 3.12055204e-06 1.85572933e-02 8.79789829e-01
 1.00403406e-01 1.24277850e-03 3.54409394e-06 3.47455860e-08
 4.16408963e-10]"
D:\Uni\Ulm\Master\Hiwi-Forschung-und-Lehre\FairFace\detected_faces\893768_face0.jpg,Middle Eastern,Indian,Male,30-39,"[1.2096501e-01 5.2203517e-03 2.7262440e-01 3.2470140e-05 2.3559989e-04
 1.9831862e-01 4.0260354e-01]",[3.9207384e-01 1.4802901e-02 5.7054604e-05 5.9306622e-01],[9.999371e-01 6.282833e-05],"[1.8201441e-06 1.7739801e-05 2.9654853e-04 1.1101144e-01 7.8666127e-01
 1.0104334e-01 9.6187909e-04 5.8856422e-06 7.5705941e-08]"
D:\Uni\Ulm\Master\Hiwi-Forschung-und-Lehre\FairFace\detected_faces\893798_face0.jpg,Black,Black,Male,30-39,"[3.5413152e-07 9.9994063e-01 7.6061406e-06 7.2746886e-10 2.3876845e-08
 4.9068429e-05 2.3647403e-06]",[1.9509268e-06 9.9989772e-01 3.3116587e-06 9.6988348e-05],[1.0000000e+00 4.0081916e-09],"[2.0382508e-07 4.8436391e-06 9.2507212e-04 2.0238693e-01 5.9259582e-01
 1.9795874e-01 6.0517611e-03 7.5598873e-05 1.1216657e-06]"
D:\Uni\Ulm\Master\Hiwi-Forschung-und-Lehre\FairFace\detected_faces\893920_face0.jpg,Latino_Hispanic,White,Male,30-39,"[0.1773668  0.00071619 0.47566587 0.00082456 0.00267906 0.02926537
 0.3134822 ]",[0.71353316 0.00256478 0.19040316 0.09349891],[9.9980760e-01 1.9243505e-04],"[9.8132932e-07 3.6014073e-05 2.9436091e-03 4.3104747e-01 5.5218315e-01
 1.3740616e-02 4.7441816e-05 7.3308115e-07 9.1484678e-09]"
D:\Uni\Ulm\Master\Hiwi-Forschung-und-Lehre\FairFace\detected_faces\893922_face0.jpg,Middle Eastern,White,Male,30-39,"[3.2105395e-01 1.6246135e-03 8.9895263e-02 3.4338693e-05 1.5541796e-04
 9.1686402e-04 5.8631957e-01]",[0.9844436  0.00504435 0.00099859 0.0095134 ],[9.9999589e-01 4.1267103e-06],"[7.1853100e-07 1.3015464e-05 9.6994772e-04 3.4776849e-01 6.1540782e-01
 3.5669003e-02 1.6921603e-04 1.8576322e-06 2.4339439e-08]"
D:\Uni\Ulm\Master\Hiwi-Forschung-und-Lehre\FairFace\detected_faces\893934_face0.jpg,Latino_Hispanic,Asian,Male,20-29,"[0.03005343 0.02254095 0.7123306  0.01351552 0.0612827  0.03327124
 0.12700558]",[0.06284282 0.20962326 0.60497934 0.12255457],[1.0000000e+00 1.4452841e-08],"[5.04716297e-07 1.96982674e-05 8.39620363e-03 7.96646714e-01
 1.87222674e-01 7.60286301e-03 1.06647996e-04 4.60501451e-06
 4.34786713e-08]"
D:\Uni\Ulm\Master\Hiwi-Forschung-und-Lehre\FairFace\detected_faces\893962_face0.jpg,White,White,Male,30-39,"[9.9479806e-01 3.3480792e-05 4.5643252e-04 3.0116312e-06 1.1421620e-05
 4.7486819e-06 4.6928395e-03]",[9.997395e-01 2.469379e-04 5.126275e-06 8.390914e-06],[1.000000e+00 8.668112e-09],"[7.3348014e-07 2.3466719e-05 1.8936892e-03 4.8151025e-01 4.9865112e-01
 1.7786993e-02 1.3183506e-04 1.9458107e-06 3.3003818e-08]"
D:\Uni\Ulm\Master\Hiwi-Forschung-und-Lehre\FairFace\detected_faces\893993_face0.jpg,Latino_Hispanic,White,Male,20-29,"[0.2590964  0.05363042 0.56967306 0.00062598 0.00741302 0.03650555
 0.07305562]",[0.52791643 0.02192232 0.01976006 0.43040118],[9.9999917e-01 8.4479387e-07],"[1.9333037e-07 3.7482991e-05 4.3886762e-02 7.7911639e-01 1.7315733e-01
 3.7739764e-03 2.7147904e-05 6.8798619e-07 9.5033847e-09]"
D:\Uni\Ulm\Master\Hiwi-Forschung-und-Lehre\FairFace\detected_faces\893994_face0.jpg,White,White,Male,30-39,"[8.29875112e-01 7.71521663e-05 4.45664935e-02 3.70200432e-04
 9.23708954e-04 1.36220758e-03 1.22825086e-01]",[9.6433312e-01 6.5873790e-04 8.2361968e-03 2.6771992e-02],[9.9983466e-01 1.6540768e-04],"[2.6775396e-07 5.6618705e-06 1.2530562e-03 3.9458781e-01 5.8000791e-01
 2.3993311e-02 1.4932762e-04 2.5795237e-06 4.8414233e-08]"
D:\Uni\Ulm\Master\Hiwi-Forschung-und-Lehre\FairFace\detected_faces\893998_face0.jpg,White,White,Male,20-29,"[0.5006429  0.00188038 0.24861152 0.00058057 0.00199959 0.20406158
 0.04222348]",[0.7000407  0.00100491 0.00263209 0.29632232],[9.9999982e-01 2.0008561e-07],"[1.1002518e-06 1.1386996e-04 1.1513987e-02 7.0742786e-01 2.7448180e-01
 6.4411513e-03 1.9823221e-05 3.7260548e-07 4.3440318e-09]"
D:\Uni\Ulm\Master\Hiwi-Forschung-und-Lehre\FairFace\detected_faces\894158_face0.jpg,White,White,Male,20-29,"[9.7542602e-01 4.2930694e-04 2.0292226e-02 6.0511118e-04 6.4612803e-04
 9.1184105e-05 2.5099549e-03]",[9.8369056e-01 7.1508805e-03 8.7894378e-03 3.6911748e-04],[0.99655247 0.00344754],"[2.8868861e-08 1.6341122e-05 1.1694975e-01 8.3729047e-01 4.5092415e-02
 6.4598565e-04 4.9360056e-06 1.2037899e-07 3.4524907e-09]"
D:\Uni\Ulm\Master\Hiwi-Forschung-und-Lehre\FairFace\detected_faces\894159_face0.jpg,White,White,Male,20-29,"[9.9713582e-01 3.4052604e-07 1.5762282e-04 7.6859933e-06 6.0943134e-06
 5.6736621e-06 2.6867792e-03]",[9.9877268e-01 6.4128071e-06 8.6752675e-04 3.5333270e-04],[0.9989503  0.00104963],"[1.3787790e-07 2.7208320e-05 2.0091472e-02 6.6238946e-01 2.7563021e-01
 4.0181845e-02 1.6550082e-03 2.3661758e-05 9.5619191e-07]"
D:\Uni\Ulm\Master\Hiwi-Forschung-und-Lehre\FairFace\detected_faces\894160_face0.jpg,Middle Eastern,White,Male,20-29,"[3.0039948e-01 3.1454691e-03 4.0280037e-02 4.3259934e-05 1.4351289e-04
 2.3176029e-04 6.5575647e-01]",[9.8077434e-01 1.8839100e-02 2.1339876e-04 1.7318288e-04],[9.9994940e-01 5.0629315e-05],"[1.3694313e-06 4.4001392e-04 1.1201421e-01 8.1319952e-01 7.2880454e-02
 1.4563235e-03 7.7148516e-06 2.6920245e-07 6.3935612e-09]"
D:\Uni\Ulm\Master\Hiwi-Forschung-und-Lehre\FairFace\detected_faces\894210_face0.jpg,Middle Eastern,Indian,Male,20-29,"[2.8808346e-02 7.6984419e-05 4.8187703e-02 1.9817777e-05 1.3336129e-04
 2.8404463e-02 8.9436936e-01]",[0.14910568 0.0285211  0.00147184 0.82090145],[9.9999988e-01 1.2606634e-07],"[8.9003343e-08 6.5632194e-05 3.0517679e-02 9.1456503e-01 5.4410037e-02
 4.4027413e-04 1.1962954e-06 1.4304167e-08 1.5137284e-10]"
D:\Uni\Ulm\Master\Hiwi-Forschung-und-Lehre\FairFace\detected_faces\894224_face0.jpg,Black,Black,Male,20-29,"[4.5877016e-07 9.9994755e-01 1.0712410e-05 6.7099428e-08 1.1553350e-06
 3.9802351e-05 2.8777808e-07]",[3.8662615e-06 9.9991316e-01 1.5251833e-06 8.1526916e-05],[0.98476005 0.01523993],"[1.0475881e-08 3.2825792e-06 1.1360089e-02 7.0672941e-01 2.7293009e-01
 8.8698110e-03 1.0647167e-04 8.0382358e-07 3.3649012e-08]"
D:\Uni\Ulm\Master\Hiwi-Forschung-und-Lehre\FairFace\detected_faces\894352_face0.jpg,Black,Black,Male,30-39,"[3.3934457e-06 9.9986160e-01 7.5730080e-05 1.3791278e-08 5.0474546e-07
 5.4357286e-05 4.3407740e-06]",[1.2974415e-06 9.9998647e-01 1.0804666e-06 1.1197923e-05],[1.00000e+00 9.56371e-09],"[2.8813577e-07 1.8215342e-06 1.7172752e-04 1.6613109e-01 6.9106740e-01
 1.3771413e-01 4.8319995e-03 7.9299818e-05 2.2292293e-06]"
D:\Uni\Ulm\Master\Hiwi-Forschung-und-Lehre\FairFace\detected_faces\894438_face0.jpg,White,White,Male,10-19,"[5.7353520e-01 1.0114751e-04 5.8550160e-02 3.8702083e-03 3.3177293e-03
 5.6524255e-04 3.6006030e-01]",[9.9226236e-01 3.8054757e-04 5.9968885e-03 1.3603012e-03],[9.9999553e-01 4.5361485e-06],"[8.9795250e-08 7.4184482e-04 5.8395797e-01 4.1074175e-01 4.5251995e-03
 3.2973312e-05 8.6611905e-08 2.4586273e-09 4.1695807e-11]"
D:\Uni\Ulm\Master\Hiwi-Forschung-und-Lehre\FairFace\detected_faces\894474_face0.jpg,Middle Eastern,White,Male,30-39,"[1.4538598e-01 1.9717379e-03 7.8553975e-02 1.5066415e-05 7.5599412e-05
 8.0203619e-03 7.6597720e-01]",[9.8739272e-01 2.2537375e-03 6.1120820e-04 9.7423410e-03],[9.9994636e-01 5.3621075e-05],"[1.6203303e-07 4.9921996e-06 1.3609129e-03 4.1463619e-01 5.5736887e-01
 2.6274145e-02 3.4984609e-04 4.7557669e-06 8.0142669e-08]"
D:\Uni\Ulm\Master\Hiwi-Forschung-und-Lehre\FairFace\detected_faces\894477_face0.jpg,Middle Eastern,White,Male,20-29,"[3.4674534e-01 6.1508600e-04 1.9870548e-01 3.0724954e-05 1.1640294e-04
 1.8090395e-02 4.3569654e-01]",[9.4243491e-01 2.4846029e-03 3.6972234e-04 5.4710750e-02],[9.999993e-01 7.002075e-07],"[9.0822368e-07 5.8347701e-05 4.6956753e-03 6.3518053e-01 3.5156587e-01
 8.4732920e-03 2.5059862e-05 2.8525238e-07 3.5158356e-09]"
D:\Uni\Ulm\Master\Hiwi-Forschung-und-Lehre\FairFace\detected_faces\894484_face0.jpg,White,White,Male,20-29,"[5.5949396e-01 1.4239193e-06 3.8238254e-03 1.0261757e-05 2.9477831e-05
 1.0395755e-04 4.3653712e-01]",[9.9946529e-01 2.1270314e-05 6.0796941e-05 4.5260903e-04],[9.9999982e-01 2.2415918e-07],"[6.0339738e-09 1.5102569e-05 4.9333695e-02 9.2270398e-01 2.7778912e-02
 1.6809290e-04 2.0640559e-07 1.6889652e-09 2.0078546e-11]"
D:\Uni\Ulm\Master\Hiwi-Forschung-und-Lehre\FairFace\detected_faces\894669_face0.jpg,White,White,Male,20-29,"[9.3031329e-01 1.3897302e-06 5.5928892e-03 9.9979647e-05 1.1026510e-04
 9.5922594e-05 6.3786291e-02]",[9.9891949e-01 1.3920772e-05 9.1712823e-04 1.4948095e-04],[1.000000e+00 6.770358e-09],"[1.8491235e-06 5.8033119e-04 1.3694501e-01 7.7837485e-01 8.1415556e-02
 2.6631360e-03 1.8799374e-05 5.2378192e-07 3.4469936e-09]"
D:\Uni\Ulm\Master\Hiwi-Forschung-und-Lehre\FairFace\detected_faces\894863_face0.jpg,White,White,Male,20-29,"[8.7181687e-01 1.6269030e-04 9.2039742e-02 5.2318530e-04 9.0894022e-04
 1.6540846e-04 3.4383208e-02]",[9.8701471e-01 3.8468960e-04 1.0910242e-02 1.6904059e-03],[9.9999982e-01 2.3548708e-07],"[9.11703921e-07 3.38627782e-04 1.03684284e-01 8.60589981e-01
 3.47826853e-02 5.97452861e-04 5.92239303e-06 1.75110102e-07
 2.29573893e-09]"
D:\Uni\Ulm\Master\Hiwi-Forschung-und-Lehre\FairFace\detected_faces\895042_face0.jpg,Black,Black,Male,20-29,"[4.0247227e-04 9.0213919e-01 1.5421235e-02 1.2389893e-05 5.9431669e-04
 7.4338406e-02 7.0920144e-03]",[2.2057678e-04 9.2438400e-01 6.1455654e-04 7.4780896e-02],[9.9984717e-01 1.5280083e-04],"[3.7955210e-06 8.7259157e-04 2.5488105e-01 6.1258167e-01 1.1535041e-01
 1.5233949e-02 9.7002328e-04 1.0348071e-04 3.0027506e-06]"
D:\Uni\Ulm\Master\Hiwi-Forschung-und-Lehre\FairFace\detected_faces\895195_face0.jpg,White,White,Male,10-19,"[9.5186460e-01 6.8495719e-06 6.2215183e-04 9.0187887e-06 6.3135285e-06
 9.8613191e-07 4.7489945e-02]",[9.9753159e-01 1.8185152e-03 6.0650293e-04 4.3428478e-05],[0.99732065 0.00267935],"[1.3367577e-08 1.3586137e-04 5.4294956e-01 4.5468566e-01 2.2194963e-03
 9.3955077e-06 1.6490768e-08 2.7491706e-10 9.2209625e-12]"
D:\Uni\Ulm\Master\Hiwi-Forschung-und-Lehre\FairFace\detected_faces\895228_face0.jpg,White,White,Male,20-29,"[9.7244763e-01 2.4298602e-06 6.2912359e-04 1.3546047e-05 2.3347866e-05
 1.4620109e-05 2.6869236e-02]",[9.9917483e-01 7.9857702e-05 7.8418954e-05 6.6689448e-04],[9.9997687e-01 2.3125922e-05],"[7.6675182e-09 5.1497223e-05 4.1788825e-01 5.7806373e-01 3.9498489e-03
 4.6423454e-05 2.3668127e-07 4.5879429e-09 7.0743612e-11]"
D:\Uni\Ulm\Master\Hiwi-Forschung-und-Lehre\FairFace\detected_faces\895281_face0.jpg,Latino_Hispanic,White,Male,20-29,"[2.3719515e-01 1.7983217e-03 6.9957447e-01 1.9601804e-04 8.9246128e-04
 1.7255379e-03 5.8618039e-02]",[0.9800066  0.00541905 0.00857007 0.00600427],[9.9999940e-01 5.8288754e-07],"[3.7799374e-08 2.3536838e-06 4.0614307e-03 7.9155344e-01 2.0086110e-01
 3.5047480e-03 1.6638422e-05 2.4383138e-07 2.6084825e-09]"
D:\Uni\Ulm\Master\Hiwi-Forschung-und-Lehre\FairFace\detected_faces\895287_face0.jpg,White,White,Male,20-29,"[9.9897021e-01 4.3177561e-06 2.5840671e-04 6.6138043e-08 3.2147796e-07
 4.2771999e-06 7.6241291e-04]",[9.9947280e-01 4.6136742e-04 2.6666589e-06 6.3189669e-05],[9.9999982e-01 1.3521424e-07],"[6.8102437e-08 4.0469940e-06 6.4153643e-04 6.3166285e-01 3.6454961e-01
 3.1366453e-03 5.2332034e-06 3.5375717e-08 9.0871538e-10]"
D:\Uni\Ulm\Master\Hiwi-Forschung-und-Lehre\FairFace\detected_faces\895324_face0.jpg,White,White,Male,30-39,"[9.7561538e-01 5.3321779e-05 1.2771125e-02 2.1689664e-06 6.5089785e-06
 3.6084201e-04 1.1190710e-02]",[9.9705827e-01 4.8414873e-05 4.4997239e-05 2.8483435e-03],[9.9997044e-01 2.9527933e-05],"[9.7006748e-08 6.4063420e-07 2.1849340e-04 1.4178787e-01 6.9057417e-01
 1.6389319e-01 3.5026649e-03 2.2474043e-05 3.1225593e-07]"
D:\Uni\Ulm\Master\Hiwi-Forschung-und-Lehre\FairFace\detected_faces\895533_face0.jpg,Latino_Hispanic,Black,Male,20-29,"[1.4167506e-01 1.3961197e-01 6.3761473e-01 3.1476196e-05 3.8763336e-04
 4.6838489e-03 7.5995207e-02]",[6.8691999e-02 9.2787695e-01 3.4543825e-04 3.0855609e-03],[9.9999672e-01 3.2688015e-06],"[9.3179004e-08 3.7385005e-06 7.8752134e-03 7.1744412e-01 2.6124808e-01
 1.3038200e-02 3.8457668e-04 5.8556602e-06 8.6345949e-08]"
D:\Uni\Ulm\Master\Hiwi-Forschung-und-Lehre\FairFace\detected_faces\895567_face0.jpg,White,White,Male,20-29,"[9.9965030e-01 4.4051015e-07 2.9260578e-05 1.0234936e-07 2.5088525e-07
 3.3913938e-07 3.1936829e-04]",[9.9982905e-01 1.5828139e-04 3.4045436e-06 9.2716073e-06],[9.9998903e-01 1.0971800e-05],"[2.0417592e-09 1.9384534e-06 1.4982804e-02 9.5644128e-01 2.8372975e-02
 2.0010493e-04 9.3698816e-07 5.9983112e-09 1.7024550e-10]"
D:\Uni\Ulm\Master\Hiwi-Forschung-und-Lehre\FairFace\detected_faces\895575_face0.jpg,Middle Eastern,White,Male,20-29,"[9.8839216e-02 2.6930936e-04 6.5206625e-02 3.0200341e-04 6.7150698e-04
 1.8784314e-02 8.1592703e-01]",[0.5309594  0.01507164 0.00981914 0.44414982],[9.9999362e-01 6.3780103e-06],"[2.4661293e-07 9.0556614e-06 1.0819706e-03 6.4807391e-01 3.4540203e-01
 5.4158051e-03 1.6687525e-05 2.6289140e-07 3.7575085e-09]"
D:\Uni\Ulm\Master\Hiwi-Forschung-und-Lehre\FairFace\detected_faces\895576_face0.jpg,Latino_Hispanic,Asian,Male,20-29,"[0.02979813 0.05000751 0.8521631  0.01103594 0.03050613 0.01435886
 0.01213039]",[0.07499241 0.18465468 0.3920897  0.34826323],[9.9999994e-01 8.1856562e-08],"[1.0783059e-06 1.9762494e-05 6.1792103e-03 4.4232529e-01 4.2059985e-01
 1.2168216e-01 8.8542625e-03 3.3543547e-04 2.9297696e-06]"
D:\Uni\Ulm\Master\Hiwi-Forschung-und-Lehre\FairFace\detected_faces\895579_face0.jpg,White,White,Male,30-39,"[9.1880810e-01 2.4784786e-05 6.3500926e-03 3.8717506e-05 6.3318374e-05
 5.3580901e-05 7.4661523e-02]",[9.9992430e-01 1.9392539e-05 1.6671986e-05 3.9675273e-05],[9.9999946e-01 5.7515444e-07],"[4.6112757e-07 3.4296834e-05 2.0392891e-03 4.7082525e-01 5.1656020e-01
 1.0516495e-02 2.3771248e-05 2.1148273e-07 4.9663926e-09]"
D:\Uni\Ulm\Master\Hiwi-Forschung-und-Lehre\FairFace\detected_faces\895587_face0.jpg,White,White,Male,20-29,"[7.8743476e-01 2.5880113e-03 1.2263526e-01 4.5053272e-05 1.1758808e-04
 4.7239018e-04 8.6706981e-02]",[9.9608344e-01 2.2021173e-03 2.5992683e-04 1.4544403e-03],[9.9999964e-01 3.6373135e-07],"[1.6151525e-07 6.0809176e-05 2.4366887e-02 9.0897626e-01 6.6002741e-02
 5.9130916e-04 1.8432904e-06 3.0035210e-08 4.5738385e-10]"
D:\Uni\Ulm\Master\Hiwi-Forschung-und-Lehre\FairFace\detected_faces\895592_face0.jpg,Latino_Hispanic,White,Male,30-39,"[3.64655644e-01 3.03153391e-03 4.20873582e-01 2.08090714e-05
 1.16879244e-04 2.63639111e-02 1.84937641e-01]",[8.1449568e-01 1.0936559e-02 5.6012388e-04 1.7400764e-01],[9.9999905e-01 9.4266613e-07],"[5.8684555e-09 2.8896972e-07 1.3114697e-04 3.1108910e-01 6.7965931e-01
 9.1126366e-03 7.4742052e-06 2.2584350e-08 1.4111404e-10]"
D:\Uni\Ulm\Master\Hiwi-Forschung-und-Lehre\FairFace\detected_faces\895634_face0.jpg,Middle Eastern,White,Male,20-29,"[2.4829373e-01 5.0885667e-04 8.5070245e-02 4.3843884e-04 1.8095862e-03
 2.3180565e-03 6.6156113e-01]",[0.89907306 0.03157162 0.00647449 0.06288087],[9.9999672e-01 3.3219226e-06],"[1.1809339e-07 2.3794043e-04 7.6477073e-02 8.5246271e-01 7.0020802e-02
 7.9837779e-04 3.0113354e-06 4.9275997e-08 8.2907331e-10]"
D:\Uni\Ulm\Master\Hiwi-Forschung-und-Lehre\FairFace\detected_faces\895703_face0.jpg,Middle Eastern,White,Male,20-29,"[0.306384   0.00094457 0.18036452 0.00343488 0.00288774 0.0038178
 0.5021665 ]",[0.95596516 0.00229969 0.02907778 0.01265734],[9.9992228e-01 7.7679375e-05],"[3.82981327e-08 4.90189450e-06 1.46418326e-02 8.78398478e-01
 1.06285565e-01 6.67310902e-04 1.83028283e-06 4.67989878e-08
 8.28415891e-10]"
D:\Uni\Ulm\Master\Hiwi-Forschung-und-Lehre\FairFace\detected_faces\895724_face0.jpg,Middle Eastern,White,Male,20-29,"[0.13403536 0.00070723 0.3736385  0.00176582 0.00608474 0.00753665
 0.4762317 ]",[0.7806718  0.00609114 0.13532755 0.07790955],[9.9999887e-01 1.1816837e-06],"[1.2381166e-07 8.1663593e-06 4.1265558e-03 8.1592643e-01 1.7834546e-01
 1.5899040e-03 3.3089545e-06 6.5595543e-08 8.6151453e-10]"
D:\Uni\Ulm\Master\Hiwi-Forschung-und-Lehre\FairFace\detected_faces\895868_face0.jpg,White,White,Male,30-39,"[9.3840039e-01 8.7299246e-05 4.3915946e-02 5.0310662e-04 1.6106431e-03
 2.6818085e-04 1.5214399e-02]",[9.9532962e-01 7.4471324e-04 1.9098188e-03 2.0158284e-03],[9.9999994e-01 1.1623000e-07],"[3.9818138e-07 1.5298099e-05 5.4329406e-03 4.3933630e-01 4.9553820e-01
 5.7756212e-02 1.8874579e-03 3.2821456e-05 3.3906881e-07]"
D:\Uni\Ulm\Master\Hiwi-Forschung-und-Lehre\FairFace\detected_faces\896073_face0.jpg,White,White,Male,20-29,"[9.7000211e-01 4.0870864e-06 5.3058602e-03 2.5289480e-03 1.0892117e-03
 4.1363128e-05 2.1028411e-02]",[9.7994298e-01 1.0714176e-04 1.9912442e-02 3.7489328e-05],[9.9999994e-01 9.5395478e-08],"[4.61359775e-07 3.96381147e-05 4.67068292e-02 8.10204208e-01
 1.37506709e-01 5.49238548e-03 4.86842473e-05 1.08898450e-06
 1.04276845e-08]"
D:\Uni\Ulm\Master\Hiwi-Forschung-und-Lehre\FairFace\detected_faces\896127_face0.jpg,Middle Eastern,White,Male,30-39,"[2.4488153e-01 3.5960376e-02 9.4794184e-02 2.4746205e-06 2.3923440e-05
 5.0452724e-03 6.1929220e-01]",[0.63047385 0.27495635 0.00193019 0.09263957],[9.999992e-01 7.814531e-07],"[2.8170389e-06 3.0687406e-05 7.6695398e-04 1.2637226e-01 7.1257371e-01
 1.5677114e-01 3.4354825e-03 4.6559348e-05 4.7790587e-07]"
D:\Uni\Ulm\Master\Hiwi-Forschung-und-Lehre\FairFace\detected_faces\896159_face0.jpg,White,White,Male,20-29,"[9.7425997e-01 1.6972555e-05 1.3499438e-03 3.4085283e-06 1.0142009e-05
 1.2148888e-05 2.4347370e-02]",[9.9983543e-01 1.1258340e-04 2.4287774e-05 2.7821294e-05],[9.999997e-01 3.053854e-07],"[4.45735582e-09 1.28269485e-05 1.39786974e-01 8.51844966e-01
 8.29520542e-03 5.98410152e-05 2.05150727e-07 4.98793229e-09
 7.32400113e-11]"
D:\Uni\Ulm\Master\Hiwi-Forschung-und-Lehre\FairFace\detected_faces\896180_face0.jpg,Black,Black,Male,20-29,"[2.9458685e-04 9.5069718e-01 1.0964909e-02 3.8382670e-05 8.2410936e-04
 3.6748990e-02 4.3179095e-04]",[8.3159590e-05 9.9872750e-01 1.7141800e-04 1.0178842e-03],[0.9946888  0.00531118],"[2.3522090e-07 1.3728501e-04 3.8235374e-02 7.9987472e-01 1.6017488e-01
 1.5733864e-03 4.0041168e-06 6.9428793e-08 1.5858508e-09]"
D:\Uni\Ulm\Master\Hiwi-Forschung-und-Lehre\FairFace\detected_faces\896186_face0.jpg,Middle Eastern,White,Male,20-29,"[3.7852719e-01 5.7129997e-05 4.3481335e-02 4.8808502e-05 1.0092373e-04
 7.2068993e-05 5.7771260e-01]",[0.98959523 0.00809159 0.00106607 0.00124714],[9.999941e-01 5.929999e-06],"[8.3671789e-09 5.4800068e-05 4.4374943e-01 5.5167443e-01 4.5005940e-03
 2.0733894e-05 3.4739553e-08 6.9481915e-10 8.4218448e-12]"
D:\Uni\Ulm\Master\Hiwi-Forschung-und-Lehre\FairFace\detected_faces\896187_face0.jpg,White,White,Male,20-29,"[7.6156271e-01 2.4974061e-04 1.9030124e-01 1.7448400e-04 4.5826484e-04
 3.3398604e-03 4.3913800e-02]",[0.8979889  0.00779744 0.00338217 0.09083138],[9.999995e-01 5.070440e-07],"[1.7145160e-06 1.7349073e-04 5.4512188e-02 7.6352322e-01 1.7238265e-01
 9.2819715e-03 1.2303093e-04 1.7919068e-06 2.1349303e-08]"
D:\Uni\Ulm\Master\Hiwi-Forschung-und-Lehre\FairFace\detected_faces\896209_face0.jpg,White,White,Male,10-19,"[9.4802415e-01 2.9364448e-06 3.6956400e-03 5.9117603e-05 6.7913446e-05
 3.8106064e-05 4.8112236e-02]",[9.9874669e-01 5.8849822e-05 8.8634773e-04 3.0815307e-04],[9.9999976e-01 2.6887176e-07],"[2.28291256e-07 7.50335690e-04 5.90140998e-01 3.99920076e-01
 8.95015430e-03 2.37418106e-04 8.36303172e-07 1.05218785e-08
 1.14065091e-10]"
D:\Uni\Ulm\Master\Hiwi-Forschung-und-Lehre\FairFace\detected_faces\896341_face0.jpg,White,White,Male,10-19,"[9.3743759e-01 5.1003291e-05 1.4516035e-02 2.5309497e-05 6.8537622e-05
 9.3406734e-06 4.7892194e-02]",[9.9811018e-01 1.6792873e-03 7.9829246e-05 1.3066681e-04],[9.9999994e-01 7.3403385e-08],"[7.26504279e-09 1.20898905e-04 7.40535378e-01 2.57054716e-01
 2.27269041e-03 1.62528067e-05 4.90062426e-08 6.92122415e-10
 6.82401314e-12]"
D:\Uni\Ulm\Master\Hiwi-Forschung-und-Lehre\FairFace\detected_faces\896353_face0.jpg,Black,Black,Male,20-29,"[1.8979671e-03 7.7692181e-01 1.0789166e-01 3.4588797e-05 1.6725938e-03
 6.1912868e-02 4.9668599e-02]",[9.6704382e-05 9.7338206e-01 1.0923711e-03 2.5428884e-02],[9.99999940e-01 1.05665656e-07],"[2.6620194e-08 7.7212368e-05 1.6224867e-01 8.0930418e-01 2.7915034e-02
 4.5183738e-04 2.9114281e-06 1.1530536e-07 1.4824177e-09]"
D:\Uni\Ulm\Master\Hiwi-Forschung-und-Lehre\FairFace\detected_faces\896354_face0.jpg,White,White,Male,30-39,"[4.2305490e-01 2.1440945e-04 2.7597141e-01 2.7338331e-04 4.6859050e-04
 2.2545358e-02 2.7747196e-01]",[8.5488856e-01 2.0651301e-04 1.3875676e-02 1.3102926e-01],[9.9999571e-01 4.2877523e-06],"[1.29562011e-06 1.14153409e-05 6.06102461e-04 3.18086565e-01
 6.43000007e-01 3.81387398e-02 1.54515001e-04 1.39886606e-06
 1.47280526e-08]"
D:\Uni\Ulm\Master\Hiwi-Forschung-und-Lehre\FairFace\detected_faces\896360_face0.jpg,Middle Eastern,White,Male,20-29,"[1.9752516e-01 3.5089450e-03 1.7720725e-01 6.7547422e-05 3.0809626e-04
 4.1001970e-03 6.1728287e-01]",[0.98690957 0.00609449 0.00168408 0.00531185],[9.999991e-01 9.203180e-07],"[1.3914721e-06 1.2091795e-04 1.0678011e-02 8.1310552e-01 1.7400493e-01
 2.0828566e-03 6.2299123e-06 1.1050559e-07 1.5682421e-09]"
D:\Uni\Ulm\Master\Hiwi-Forschung-und-Lehre\FairFace\detected_faces\896466_face0.jpg,Middle Eastern,White,Male,20-29,"[2.5625613e-01 1.0957629e-03 6.2113810e-02 2.5650588e-05 8.9130393e-05
 1.8051721e-03 6.7861438e-01]",[9.8979181e-01 5.3869076e-03 3.6873022e-04 4.4526155e-03],[9.9999905e-01 9.3427434e-07],"[2.2028466e-05 2.4869648e-04 6.7975009e-03 5.0573176e-01 4.4663912e-01
 3.9806508e-02 7.3606754e-04 1.8066545e-05 2.5883878e-07]"
D:\Uni\Ulm\Master\Hiwi-Forschung-und-Lehre\FairFace\detected_faces\896525_face0.jpg,Middle Eastern,White,Male,20-29,"[2.0293607e-01 1.8188279e-03 3.5490966e-01 1.6142144e-04 7.8689115e-04
 7.1932785e-03 4.3219382e-01]",[0.79968596 0.05693371 0.01166956 0.13171078],[9.9999994e-01 5.3152728e-08],"[4.2768029e-08 1.8252873e-05 7.2299995e-02 8.9356089e-01 3.3571016e-02
 5.4571184e-04 4.0376954e-06 8.7348347e-08 7.2310119e-10]"
D:\Uni\Ulm\Master\Hiwi-Forschung-und-Lehre\FairFace\detected_faces\896531_face0.jpg,White,White,Male,30-39,"[9.9722016e-01 1.1916155e-06 3.7121543e-04 2.3418997e-07 1.7188416e-06
 9.4141251e-06 2.3961279e-03]",[9.9986917e-01 3.2571646e-05 5.3841533e-05 4.4456759e-05],[9.9976933e-01 2.3061055e-04],"[7.2773901e-08 2.6685307e-06 1.0319806e-03 4.5132932e-01 5.1937032e-01
 2.8057830e-02 2.0551230e-04 2.1661003e-06 7.1481850e-08]"
D:\Uni\Ulm\Master\Hiwi-Forschung-und-Lehre\FairFace\detected_faces\896569_face0.jpg,Southeast Asian,Asian,Male,30-39,"[5.2308395e-05 1.5388163e-04 6.2453700e-03 4.5238310e-01 5.4062808e-01
 5.2543951e-04 1.1879398e-05]",[9.2969174e-05 2.9112648e-03 9.9436051e-01 2.6351633e-03],[1.0000000e+00 4.6381732e-10],"[6.0605862e-07 1.6568034e-05 2.4338958e-03 1.5057188e-01 6.0249043e-01
 2.3033738e-01 1.3786603e-02 3.6117565e-04 1.4036951e-06]"
D:\Uni\Ulm\Master\Hiwi-Forschung-und-Lehre\FairFace\detected_faces\896581_face0.jpg,Middle Eastern,White,Male,20-29,"[3.03625226e-01 8.95647053e-03 1.15800634e-01 6.38307711e-06
 3.61330531e-05 2.82849232e-03 5.68746686e-01]",[5.2240646e-01 3.0781150e-01 5.1465485e-04 1.6926742e-01],[9.9999905e-01 9.7598615e-07],"[6.5149709e-07 5.3892440e-05 2.6168918e-02 7.8351074e-01 1.8053162e-01
 9.4268126e-03 2.9903729e-04 8.3003206e-06 7.6164277e-08]"
D:\Uni\Ulm\Master\Hiwi-Forschung-und-Lehre\FairFace\detected_faces\896640_face0.jpg,Middle Eastern,Indian,Male,30-39,"[8.9376029e-03 5.2970294e-03 1.0600603e-01 3.3842756e-05 3.5976263e-04
 2.5140865e-02 8.5422486e-01]",[0.01840394 0.44726712 0.00421711 0.53011185],[9.999950e-01 5.000649e-06],"[3.8153399e-07 3.2019936e-05 7.7806963e-03 4.1294691e-01 5.4673755e-01
 3.2275308e-02 2.2407368e-04 2.9972562e-06 3.1606174e-08]"
D:\Uni\Ulm\Master\Hiwi-Forschung-und-Lehre\FairFace\detected_faces\897124_face0.jpg,Middle Eastern,Indian,Male,10-19,"[1.3420497e-02 4.7216401e-03 1.1607111e-01 4.4160879e-05 2.2749670e-04
 1.8921437e-02 8.4659368e-01]",[0.00861307 0.00551985 0.00570056 0.9801665 ],[9.991264e-01 8.736015e-04],"[3.9434299e-06 1.0636674e-02 9.2472732e-01 6.0626186e-02 3.6906609e-03
 3.0642955e-04 7.8766070e-06 9.0245777e-07 2.3369497e-08]"
D:\Uni\Ulm\Master\Hiwi-Forschung-und-Lehre\FairFace\detected_faces\897291_face0.jpg,Black,Black,Male,20-29,"[7.4092706e-05 9.9521393e-01 3.3769845e-03 1.0164217e-06 2.7768196e-05
 1.2626965e-03 4.3375803e-05]",[7.5544576e-06 9.9983186e-01 4.6917162e-06 1.5582658e-04],[9.9997938e-01 2.0636367e-05],"[1.8173982e-07 7.9264959e-05 9.8628506e-02 8.1052876e-01 8.7005831e-02
 3.6864188e-03 7.0176859e-05 8.3478665e-07 2.2873426e-08]"
D:\Uni\Ulm\Master\Hiwi-Forschung-und-Lehre\FairFace\detected_faces\897334_face0.jpg,Southeast Asian,Asian,Male,20-29,"[1.8523179e-02 4.4256245e-04 6.8827733e-02 4.2798856e-01 4.6963230e-01
 1.3348462e-02 1.2372258e-03]",[0.00954022 0.00573735 0.9085065  0.07621595],[9.9998957e-01 1.0480853e-05],"[1.38029421e-07 6.08243363e-06 8.89015384e-03 6.68941379e-01
 2.74972260e-01 4.26584035e-02 4.14673425e-03 3.72377166e-04
 1.24128155e-05]"
D:\Uni\Ulm\Master\Hiwi-Forschung-und-Lehre\FairFace\detected_faces\897565_face0.jpg,White,White,Male,20-29,"[9.9818337e-01 4.7914314e-06 9.4674079e-04 4.3694636e-06 7.3352903e-06
 1.6942683e-06 8.5169013e-04]",[9.9941039e-01 2.3765104e-04 2.5385441e-04 9.8046687e-05],[9.9999982e-01 1.3093907e-07],"[5.2158313e-09 5.1668458e-06 2.1378968e-02 9.1780055e-01 6.0194373e-02
 6.1906280e-04 1.7631702e-06 1.3781309e-08 2.0233849e-10]"
D:\Uni\Ulm\Master\Hiwi-Forschung-und-Lehre\FairFace\detected_faces\897570_face0.jpg,White,White,Male,20-29,"[9.99995530e-01 2.12819113e-08 1.54411805e-06 1.03779286e-07
 8.99765240e-08 1.73883699e-08 2.66686925e-06]",[9.9997723e-01 1.5377387e-05 5.3997151e-06 1.8990977e-06],[9.9997669e-01 2.3288865e-05],"[5.5707353e-08 6.5418091e-05 1.6218562e-01 7.9475939e-01 4.0096324e-02
 2.8524683e-03 4.0280145e-05 3.5417770e-07 8.0140099e-09]"
D:\Uni\Ulm\Master\Hiwi-Forschung-und-Lehre\FairFace\detected_faces\897594_face0.jpg,White,White,Male,20-29,"[9.6008599e-01 6.0486898e-05 2.4039317e-02 5.8575638e-04 9.8319689e-04
 2.7553218e-05 1.4217733e-02]",[9.0746623e-01 4.6455176e-03 8.7770812e-02 1.1738229e-04],[9.9998528e-01 1.4698521e-05],"[3.3499646e-07 1.0111523e-03 2.5512746e-01 6.8247640e-01 5.9961304e-02
 1.4166420e-03 6.6412026e-06 7.1186371e-08 1.5887226e-09]"
D:\Uni\Ulm\Master\Hiwi-Forschung-und-Lehre\FairFace\detected_faces\897623_face0.jpg,White,White,Male,10-19,"[8.7828428e-01 4.7098391e-04 3.4900557e-02 5.7184603e-05 1.6377546e-04
 2.5891612e-05 8.6097211e-02]",[0.97264683 0.02380839 0.00131507 0.0022297 ],[9.9995464e-01 4.5415454e-05],"[2.39448443e-08 1.19506156e-04 6.40257716e-01 3.51752907e-01
 7.61658326e-03 2.49475532e-04 3.52441430e-06 1.50889775e-07
 3.38960060e-09]"
D:\Uni\Ulm\Master\Hiwi-Forschung-und-Lehre\FairFace\detected_faces\897788_face0.jpg,White,White,Male,20-29,"[4.4384620e-01 3.5595716e-05 1.0826865e-01 5.2294652e-03 4.1620620e-03
 2.0092414e-03 4.3644878e-01]",[0.92088705 0.00177349 0.06095121 0.01638834],[1.000000e+00 3.439439e-08],"[9.0322679e-08 5.3525353e-05 2.9597623e-02 9.0706146e-01 6.2781505e-02
 5.0473801e-04 1.0378257e-06 1.1872586e-08 8.8398573e-11]"
D:\Uni\Ulm\Master\Hiwi-Forschung-und-Lehre\FairFace\detected_faces\897816_face0.jpg,White,White,Male,20-29,"[6.4375877e-01 5.9795734e-06 1.1275807e-02 7.3534517e-05 7.4652671e-05
 7.4663440e-05 3.4473649e-01]",[9.99817908e-01 3.63908748e-06 6.21576837e-05 1.16216645e-04],[9.9999279e-01 7.1705667e-06],"[5.5272534e-07 1.1000444e-04 7.9473168e-02 8.6147755e-01 5.8348324e-02
 5.8878970e-04 1.5715061e-06 2.3048369e-08 3.6554393e-10]"
D:\Uni\Ulm\Master\Hiwi-Forschung-und-Lehre\FairFace\detected_faces\897901_face0.jpg,Middle Eastern,White,Male,20-29,"[1.3930610e-01 7.6890406e-03 2.7104780e-01 6.4801803e-05 5.7189720e-04
 1.1110534e-02 5.7020980e-01]",[0.5861684  0.09823868 0.00711859 0.3084743 ],[9.9999982e-01 2.3013463e-07],"[4.0650204e-07 1.6321977e-05 1.1524481e-03 5.5154258e-01 4.3654504e-01
 1.0701717e-02 4.0547373e-05 9.1935271e-07 1.5987059e-08]"
D:\Uni\Ulm\Master\Hiwi-Forschung-und-Lehre\FairFace\detected_faces\897902_face0.jpg,White,White,Male,30-39,"[9.4819915e-01 2.1600019e-05 1.9313611e-02 8.4755832e-04 7.2819140e-04
 7.9150760e-04 3.0098373e-02]",[9.9806696e-01 2.8747565e-05 1.6636709e-03 2.4071398e-04],[0.99794155 0.00205843],"[7.6706908e-07 3.5137411e-05 3.2771006e-03 4.7780228e-01 5.0888956e-01
 9.9543044e-03 4.0460367e-05 4.4167442e-07 1.0059602e-08]"
D:\Uni\Ulm\Master\Hiwi-Forschung-und-Lehre\FairFace\detected_faces\898000_face0.jpg,White,White,Male,20-29,"[9.94592190e-01 7.72292515e-06 4.17915697e-04 1.39897202e-05
 3.61810999e-05 1.37782245e-05 4.91819810e-03]",[0.99301213 0.00149767 0.00293862 0.00255152],[0.95836276 0.0416372 ],"[4.9713478e-08 3.6775543e-06 1.3546940e-02 7.6386613e-01 1.9859882e-01
 2.1885911e-02 1.9982466e-03 9.5491625e-05 4.6802879e-06]"
D:\Uni\Ulm\Master\Hiwi-Forschung-und-Lehre\FairFace\detected_faces\898070_face0.jpg,Black,Black,Male,20-29,"[1.6854445e-05 9.9883455e-01 9.2118111e-04 5.9793138e-07 1.1120537e-05
 1.6883938e-04 4.6850291e-05]",[1.5851723e-05 9.9980974e-01 9.2452399e-05 8.1944549e-05],[9.9999726e-01 2.7318097e-06],"[1.4577341e-07 8.0147101e-06 6.4027361e-03 7.0376199e-01 2.7731609e-01
 1.2363240e-02 1.4463847e-04 3.0077397e-06 1.3442603e-07]"
D:\Uni\Ulm\Master\Hiwi-Forschung-und-Lehre\FairFace\detected_faces\898815_face0.jpg,White,White,Male,20-29,"[9.5730001e-01 1.6507085e-05 4.5777792e-03 9.5910282e-06 3.5326095e-05
 6.8008158e-05 3.7992775e-02]",[9.9902493e-01 7.5462577e-04 2.4173039e-05 1.9619532e-04],[9.9998999e-01 1.0040983e-05],"[1.6515038e-07 4.1492425e-05 1.2430042e-02 6.8392688e-01 2.9637074e-01
 7.2021144e-03 2.8409873e-05 1.8271592e-07 5.0095470e-09]"
D:\Uni\Ulm\Master\Hiwi-Forschung-und-Lehre\FairFace\detected_faces\898895_face0.jpg,White,White,Male,20-29,"[9.2230827e-01 1.5116781e-04 3.7574563e-02 2.2828352e-04 5.2567892e-04
 3.3259997e-04 3.8879577e-02]",[0.9801868  0.0147307  0.00186171 0.00322078],[9.999966e-01 3.400257e-06],"[3.1644478e-07 5.9438997e-05 1.5538962e-02 7.9973358e-01 1.8212213e-01
 2.5316742e-03 1.3732376e-05 1.7429552e-07 2.5886202e-09]"
D:\Uni\Ulm\Master\Hiwi-Forschung-und-Lehre\FairFace\detected_faces\898933_face0.jpg,Middle Eastern,White,Male,20-29,"[3.1705838e-01 3.0120701e-04 1.5256870e-01 3.9465801e-04 6.6568831e-04
 8.9021132e-04 5.2812123e-01]",[0.992838   0.00332676 0.00109414 0.00274108],[9.9999982e-01 2.3513465e-07],"[2.5838976e-06 6.5422595e-05 1.5249965e-02 8.1946295e-01 1.6347300e-01
 1.7383944e-03 7.4117570e-06 2.3568558e-07 3.2953096e-09]"
D:\Uni\Ulm\Master\Hiwi-Forschung-und-Lehre\FairFace\detected_faces\898934_face0.jpg,Middle Eastern,White,Male,30-39,"[3.3109888e-01 5.8464141e-04 4.4562291e-02 2.4378019e-06 1.9337114e-05
 2.3992141e-03 6.2133312e-01]",[9.5852268e-01 2.0134631e-03 4.1547104e-05 3.9422382e-02],[9.9998659e-01 1.3427796e-05],"[1.4764529e-06 2.0934202e-04 6.1149267e-03 4.1966471e-01 5.4420358e-01
 2.9720390e-02 8.4870830e-05 6.6495716e-07 8.6400922e-09]"
D:\Uni\Ulm\Master\Hiwi-Forschung-und-Lehre\FairFace\detected_faces\898951_face0.jpg,White,Black,Male,20-29,"[5.3924799e-01 1.1338940e-02 2.9186055e-01 1.7395629e-04 3.2217003e-04
 3.5237758e-03 1.5353271e-01]",[0.40966645 0.5848719  0.00087558 0.00458609],[9.9995971e-01 4.0256637e-05],"[6.1507586e-07 2.8006776e-05 6.3690930e-03 7.1851844e-01 2.6712924e-01
 7.8783222e-03 7.4369556e-05 1.8120027e-06 3.8948428e-08]"
D:\Uni\Ulm\Master\Hiwi-Forschung-und-Lehre\FairFace\detected_faces\899160_face0.jpg,White,White,Male,20-29,"[4.4030145e-01 1.5457418e-03 1.7342608e-01 4.3027967e-06 2.7565313e-05
 1.1586245e-03 3.8353631e-01]",[9.80924368e-01 9.24865156e-03 1.19222284e-04 9.70784761e-03],[9.999998e-01 2.346488e-07],"[4.9584590e-09 1.5762888e-06 1.2873337e-02 9.1771734e-01 6.9003463e-02
 4.0346765e-04 7.0679511e-07 7.3286524e-09 8.5426458e-11]"
D:\Uni\Ulm\Master\Hiwi-Forschung-und-Lehre\FairFace\detected_faces\899284_face0.jpg,White,White,Male,20-29,"[9.9945420e-01 3.1779336e-07 5.4791017e-05 8.1980198e-07 2.1647943e-06
 2.6113298e-07 4.8743343e-04]",[9.9990010e-01 5.5365141e-05 3.3430428e-05 1.1098537e-05],[9.9974990e-01 2.5009195e-04],"[1.3667932e-08 8.3702598e-06 3.1718336e-02 8.9359289e-01 7.3150061e-02
 1.5164780e-03 1.3659789e-05 1.9662843e-07 3.7563237e-09]"
D:\Uni\Ulm\Master\Hiwi-Forschung-und-Lehre\FairFace\detected_faces\899302_face0.jpg,Black,Black,Male,20-29,"[2.4279846e-08 9.9999940e-01 1.5418431e-07 1.7182708e-10 6.9363688e-09
 4.0520737e-07 1.2684310e-08]",[8.4129582e-08 9.9999863e-01 4.3522462e-07 8.4722160e-07],[9.9998689e-01 1.3113857e-05],"[2.3428884e-08 3.5290919e-05 2.5919037e-02 7.8220665e-01 1.8572949e-01
 6.0611600e-03 4.7779457e-05 5.9951890e-07 3.5483971e-08]"
D:\Uni\Ulm\Master\Hiwi-Forschung-und-Lehre\FairFace\detected_faces\899899_face0.jpg,Middle Eastern,White,Male,20-29,"[2.7319926e-01 1.1521779e-03 5.3502195e-02 6.6224355e-05 1.2286645e-04
 2.9189809e-04 6.7166537e-01]",[9.0544659e-01 9.2052311e-02 1.6860021e-03 8.1509806e-04],[9.9999458e-01 5.4456364e-06],"[5.0737094e-07 1.4439179e-04 8.7008461e-02 8.3678710e-01 7.5360663e-02
 6.9582852e-04 2.9412331e-06 7.8116706e-08 1.1144121e-09]"
D:\Uni\Ulm\Master\Hiwi-Forschung-und-Lehre\FairFace\detected_faces\899902_face0.jpg,Latino_Hispanic,White,Male,20-29,"[2.0680310e-01 8.2644857e-03 5.9173948e-01 1.9078945e-04 5.4466049e-04
 4.6727182e-03 1.8778476e-01]",[0.936829   0.0409192  0.00199675 0.02025505],[9.9999869e-01 1.2735197e-06],"[3.7279467e-06 2.0028213e-04 8.4718214e-03 6.0530585e-01 3.7435839e-01
 1.1597399e-02 6.1629791e-05 9.4114887e-07 1.5276106e-08]"
D:\Uni\Ulm\Master\Hiwi-Forschung-und-Lehre\FairFace\detected_faces\899904_face0.jpg,Middle Eastern,White,Male,30-39,"[1.7163032e-01 2.8193460e-04 5.0560493e-02 1.7396052e-04 5.9131370e-04
 5.1893261e-03 7.7157265e-01]",[0.9340239  0.02334533 0.00723714 0.03539361],[9.9998486e-01 1.5129552e-05],"[5.3562741e-07 1.0218153e-05 6.4080249e-04 2.4008547e-01 7.0820493e-01
 5.0665036e-02 3.8909708e-04 3.8659550e-06 8.1404629e-08]"
D:\Uni\Ulm\Master\Hiwi-Forschung-und-Lehre\FairFace\detected_faces\899919_face0.jpg,Middle Eastern,White,Male,20-29,"[6.3652597e-02 2.6569408e-04 3.1134710e-02 8.9338253e-05 3.6213838e-04
 6.0046854e-04 9.0389502e-01]",[0.9946441  0.00118846 0.00282583 0.0013416 ],[9.9964225e-01 3.5775278e-04],"[9.4002885e-08 2.4513318e-05 4.5326483e-02 7.4987763e-01 1.9589677e-01
 8.6916983e-03 1.7886216e-04 3.8932676e-06 9.6924261e-08]"
D:\Uni\Ulm\Master\Hiwi-Forschung-und-Lehre\FairFace\detected_faces\899961_face0.jpg,Black,Black,Male,20-29,"[5.5921223e-06 9.9990064e-01 6.2904270e-05 2.3509427e-08 5.2671862e-07
 1.8696523e-05 1.1717731e-05]",[4.4830713e-06 9.9998206e-01 2.2309259e-06 1.1244877e-05],[9.9999928e-01 6.8518074e-07],"[9.0728129e-08 3.3489679e-05 1.9520907e-02 7.9671949e-01 1.7284422e-01
 1.0726918e-02 1.5204975e-04 2.7342981e-06 9.4502703e-08]"
D:\Uni\Ulm\Master\Hiwi-Forschung-und-Lehre\FairFace\detected_faces\899978_face0.jpg,Middle Eastern,White,Male,30-39,"[0.16990216 0.00451556 0.29348516 0.00452439 0.00822289 0.00360366
 0.5157462 ]",[0.8038852  0.08190937 0.07048077 0.04372466],[1.000000e+00 3.314566e-08],"[1.9006845e-06 2.5096333e-05 4.5583788e-03 3.1300619e-01 5.6235385e-01
 1.1683742e-01 3.1557688e-03 6.0913440e-05 4.5959817e-07]"
D:\Uni\Ulm\Master\Hiwi-Forschung-und-Lehre\FairFace\detected_faces\899982_face0.jpg,White,White,Male,20-29,"[9.9931735e-01 3.9411549e-05 2.3334571e-04 1.6842247e-05 8.2156555e-05
 3.2989062e-06 3.0761879e-04]",[0.96276706 0.01723476 0.01882025 0.00117793],[9.9999774e-01 2.2456265e-06],"[1.4384902e-06 5.6802961e-05 9.3887122e-03 6.2886852e-01 3.1810638e-01
 4.0059488e-02 3.3241820e-03 1.8529077e-04 9.2038053e-06]"
D:\Uni\Ulm\Master\Hiwi-Forschung-und-Lehre\FairFace\detected_faces\899990_face0.jpg,Middle Eastern,White,Male,20-29,"[3.9456367e-01 2.6444535e-04 1.3033010e-02 3.1920710e-05 5.2610463e-05
 1.7705497e-04 5.9187728e-01]",[9.9739635e-01 3.5570469e-04 8.0586883e-04 1.4420367e-03],[9.9997294e-01 2.7090557e-05],"[3.9427487e-06 3.4168595e-04 3.1837400e-02 8.4264803e-01 1.2318773e-01
 1.9699186e-03 1.1028659e-05 2.7432472e-07 6.0327290e-09]"
D:\Uni\Ulm\Master\Hiwi-Forschung-und-Lehre\FairFace\detected_faces\900003_face0.jpg,White,White,Male,20-29,"[8.6524034e-01 7.8065321e-05 3.6906324e-02 5.6600431e-04 7.0825289e-04
 6.8357585e-05 9.6432686e-02]",[9.7126752e-01 1.7585883e-04 2.8017411e-02 5.3917943e-04],[9.9999964e-01 3.6443723e-07],"[3.5562559e-07 1.0121560e-04 1.1498850e-01 8.4667218e-01 3.7612345e-02
 6.2153622e-04 3.8900253e-06 7.8293304e-08 9.2331098e-10]"
D:\Uni\Ulm\Master\Hiwi-Forschung-und-Lehre\FairFace\detected_faces\900005_face0.jpg,Latino_Hispanic,White,Male,20-29,"[3.5902694e-01 2.1264057e-03 4.8749104e-01 2.3127571e-04 8.3437166e-04
 1.1325509e-03 1.4915740e-01]",[0.80757177 0.13099961 0.01493159 0.04649696],[9.9999851e-01 1.5048162e-06],"[7.6247275e-08 3.4863353e-06 7.8033167e-03 7.6085091e-01 2.2111571e-01
 1.0063073e-02 1.6035586e-04 3.1284048e-06 2.3642480e-08]"
D:\Uni\Ulm\Master\Hiwi-Forschung-und-Lehre\FairFace\detected_faces\900008_face0.jpg,White,White,Male,20-29,"[6.5559000e-01 2.2279180e-04 2.4859332e-01 7.9313118e-04 1.2999955e-03
 4.7008661e-03 8.8799961e-02]",[0.6995011  0.00956951 0.12993811 0.16099128],[1.00000e+00 1.97539e-08],"[5.1354471e-07 1.9707333e-05 3.3704527e-03 5.0206214e-01 4.5631227e-01
 3.7857343e-02 3.7269233e-04 4.9195187e-06 2.7765358e-08]"
D:\Uni\Ulm\Master\Hiwi-Forschung-und-Lehre\FairFace\detected_faces\900011_face0.jpg,Southeast Asian,Black,Male,20-29,"[0.00274263 0.1336767  0.3943391  0.02430316 0.42870298 0.01032353
 0.00591191]",[8.802616e-04 9.519183e-01 4.038737e-02 6.814099e-03],[9.9998897e-01 1.0967427e-05],"[1.71793957e-07 1.80639872e-05 2.21951324e-02 8.58990073e-01
 1.15783185e-01 2.97859381e-03 3.36597586e-05 1.18786340e-06
 2.29349979e-08]"
D:\Uni\Ulm\Master\Hiwi-Forschung-und-Lehre\FairFace\detected_faces\900433_face0.jpg,White,White,Male,30-39,"[9.6203041e-01 1.1306926e-04 7.3454524e-03 9.0527574e-05 1.6830109e-04
 9.0821697e-05 3.0161519e-02]",[0.94904715 0.02719336 0.02175762 0.00200195],[1.0000000e+00 4.9614673e-08],"[5.3849288e-08 9.9858551e-07 1.2029013e-04 3.2078218e-01 6.6119766e-01
 1.7849987e-02 4.8480291e-05 3.8910767e-07 3.8790606e-09]"
D:\Uni\Ulm\Master\Hiwi-Forschung-und-Lehre\FairFace\detected_faces\900435_face0.jpg,Latino_Hispanic,Black,Male,20-29,"[3.5605188e-02 1.0581203e-01 4.4854844e-01 1.9056459e-04 4.0615634e-03
 2.8316660e-02 3.7746555e-01]",[0.2521364  0.6351487  0.00252633 0.11018857],[9.9999982e-01 1.7272296e-07],"[1.3454124e-06 3.2472546e-04 2.1173049e-02 5.2841949e-01 4.0864912e-01
 4.0975541e-02 4.4943002e-04 7.2001239e-06 8.2347988e-08]"
D:\Uni\Ulm\Master\Hiwi-Forschung-und-Lehre\FairFace\detected_faces\900458_face0.jpg,White,White,Male,20-29,"[4.7559699e-01 9.3731178e-05 7.4789912e-02 2.4787895e-04 6.1574671e-04
 2.1786953e-03 4.4647706e-01]",[0.96648157 0.00749249 0.01262995 0.01339598],[9.9999386e-01 6.1718988e-06],"[5.5673615e-07 6.3775689e-05 1.2343954e-02 8.6941779e-01 1.1698832e-01
 1.1829886e-03 2.5553152e-06 4.2382354e-08 7.2632261e-10]"
D:\Uni\Ulm\Master\Hiwi-Forschung-und-Lehre\FairFace\detected_faces\900524_face0.jpg,White,White,Male,30-39,"[6.6240364e-01 1.9046479e-03 3.8436618e-02 4.9057347e-04 5.0232443e-04
 3.1150429e-04 2.9595068e-01]",[9.9710619e-01 1.6965785e-03 9.6221786e-04 2.3500359e-04],[9.9968171e-01 3.1828048e-04],"[7.5713979e-05 1.6071829e-04 2.7581123e-03 1.0508561e-01 5.9919679e-01
 2.7525106e-01 1.6973125e-02 4.8960280e-04 9.1533320e-06]"
D:\Uni\Ulm\Master\Hiwi-Forschung-und-Lehre\FairFace\detected_faces\900669_face0.jpg,White,White,Male,20-29,"[9.3910182e-01 9.6162505e-05 1.8646764e-02 3.1263850e-04 2.8584921e-04
 1.3857770e-04 4.1418165e-02]",[9.6343672e-01 3.1716825e-04 3.2767929e-02 3.4782374e-03],[9.999994e-01 5.694621e-07],"[3.9719492e-07 3.0404093e-05 1.3718069e-02 8.5928810e-01 1.2472908e-01
 2.2197450e-03 1.3907402e-05 3.0375935e-07 3.0883252e-09]"
D:\Uni\Ulm\Master\Hiwi-Forschung-und-Lehre\FairFace\detected_faces\900670_face0.jpg,White,White,Male,20-29,"[8.5977173e-01 1.8544053e-04 3.8912304e-02 9.2917660e-05 2.4770771e-04
 2.2067581e-04 1.0056921e-01]",[0.91890955 0.03631924 0.00724833 0.03752288],[9.9993193e-01 6.8025976e-05],"[2.1961787e-08 7.6793312e-06 2.1540727e-02 9.0639645e-01 7.1234412e-02
 8.1733556e-04 3.3538599e-06 4.3815071e-08 7.4794770e-10]"
D:\Uni\Ulm\Master\Hiwi-Forschung-und-Lehre\FairFace\detected_faces\900671_face0.jpg,White,White,Male,20-29,"[5.5372649e-01 7.3864742e-04 1.5460356e-01 8.4653824e-05 3.3097601e-04
 4.9808454e-03 2.8553483e-01]",[9.8286080e-01 1.2945710e-03 3.3673484e-04 1.5507894e-02],[9.9999988e-01 1.7209801e-07],"[1.0448158e-06 1.4285048e-03 2.5175035e-01 7.3274541e-01 1.3998601e-02
 7.5888005e-05 1.9760749e-07 8.4728562e-09 1.2981982e-10]"
D:\Uni\Ulm\Master\Hiwi-Forschung-und-Lehre\FairFace\detected_faces\900697_face0.jpg,White,White,Male,30-39,"[9.8325789e-01 3.9942911e-06 1.4824123e-03 2.6691569e-06 6.2340364e-06
 1.8880737e-04 1.5057981e-02]",[9.9858832e-01 1.1315777e-04 2.6487967e-05 1.2720339e-03],[9.9997032e-01 2.9669436e-05],"[2.4900052e-08 2.8475168e-07 1.2345344e-04 2.6979867e-01 7.1311700e-01
 1.6915010e-02 4.5418081e-05 2.0883202e-07 5.8598277e-09]"
D:\Uni\Ulm\Master\Hiwi-Forschung-und-Lehre\FairFace\detected_faces\900792_face0.jpg,Middle Eastern,White,Male,20-29,"[8.9508787e-02 1.3743697e-04 1.7957367e-01 9.5387504e-06 6.2862418e-05
 2.6327446e-01 4.6743324e-01]",[6.2051064e-01 3.1300222e-03 4.4067265e-04 3.7591872e-01],[9.9999988e-01 1.2494831e-07],"[4.5083648e-06 9.9878176e-05 2.6046319e-03 4.8440158e-01 4.8043722e-01
 3.2216668e-02 2.3241203e-04 3.0572337e-06 2.5335206e-08]"
D:\Uni\Ulm\Master\Hiwi-Forschung-und-Lehre\FairFace\detected_faces\900989_face0.jpg,White,White,Male,20-29,"[9.8858732e-01 1.6409082e-05 2.5786288e-04 2.0955063e-07 1.1345844e-06
 1.5434499e-06 1.1135491e-02]",[9.9980396e-01 1.5579173e-04 5.1817042e-06 3.5014364e-05],[9.999997e-01 3.616593e-07],"[2.7951736e-09 5.2844371e-06 1.3644134e-02 9.4377130e-01 4.2286389e-02
 2.9209815e-04 6.8928261e-07 7.7209386e-09 1.0941020e-10]"
D:\Uni\Ulm\Master\Hiwi-Forschung-und-Lehre\FairFace\detected_faces\901270_face0.jpg,White,White,Male,20-29,"[9.9437320e-01 6.5794275e-06 3.5266718e-03 7.1078216e-06 1.6431202e-05
 4.2069732e-05 2.0279377e-03]",[9.9966049e-01 2.8811630e-05 1.7835935e-05 2.9290718e-04],[9.999994e-01 5.911426e-07],"[1.0933185e-06 8.9109439e-05 2.7630731e-02 6.5624338e-01 3.0224088e-01
 1.3676417e-02 1.1731689e-04 1.1053943e-06 1.6387206e-08]"
D:\Uni\Ulm\Master\Hiwi-Forschung-und-Lehre\FairFace\detected_faces\901325_face0.jpg,Latino_Hispanic,White,Male,20-29,"[6.8286128e-02 2.6838720e-02 6.1948317e-01 4.8865830e-05 5.3714833e-04
 2.9795570e-02 2.5501052e-01]",[0.535148   0.22541292 0.00849505 0.2309439 ],[9.9999976e-01 2.1904484e-07],"[1.1311819e-07 1.4102235e-05 1.9104276e-03 6.3510436e-01 3.5594633e-01
 7.0059565e-03 1.8574943e-05 1.5806403e-07 1.4284826e-09]"
D:\Uni\Ulm\Master\Hiwi-Forschung-und-Lehre\FairFace\detected_faces\901842_face0.jpg,White,White,Male,20-29,"[7.3411626e-01 4.7574940e-05 2.9871546e-02 1.7889285e-04 2.0423118e-04
 6.5466826e-05 2.3551601e-01]",[9.9597418e-01 7.1213965e-04 3.1752842e-03 1.3846788e-04],[1.0000000e+00 4.4010857e-08],"[8.4478238e-08 3.8447495e-05 5.9716884e-02 8.7336314e-01 6.6139452e-02
 7.3976477e-04 2.2282343e-06 2.4674716e-08 2.0732252e-10]"
D:\Uni\Ulm\Master\Hiwi-Forschung-und-Lehre\FairFace\detected_faces\901843_face0.jpg,White,White,Male,20-29,"[5.51110268e-01 3.17995474e-02 3.00135881e-01 3.27838570e-05
 2.61615583e-04 1.02220112e-02 1.06437944e-01]",[0.8258498  0.15368785 0.00138683 0.01907559],[1.00000000e+00 1.05710605e-08],"[5.9315244e-07 4.9808052e-05 7.9011600e-03 7.0307100e-01 2.7618325e-01
 1.2662168e-02 1.3101779e-04 1.0409028e-06 1.1267439e-08]"
D:\Uni\Ulm\Master\Hiwi-Forschung-und-Lehre\FairFace\detected_faces\901847_face0.jpg,White,White,Male,20-29,"[4.9421245e-01 1.5296366e-04 1.0463313e-01 1.2071763e-05 4.0139272e-05
 1.9319117e-02 3.8163015e-01]",[0.76301813 0.00265293 0.00297403 0.231355  ],[9.9997056e-01 2.9438537e-05],"[6.8206667e-08 5.2011469e-06 7.4532616e-04 7.2597533e-01 2.7155593e-01
 1.7168443e-03 1.3033396e-06 1.1156308e-08 1.5875268e-10]"
D:\Uni\Ulm\Master\Hiwi-Forschung-und-Lehre\FairFace\detected_faces\901850_face0.jpg,White,White,Male,20-29,"[9.85200763e-01 1.17707468e-05 1.05344625e-02 8.54402970e-05
 2.95714883e-04 5.86835922e-05 3.81315639e-03]",[9.9945134e-01 4.7581776e-05 3.1413432e-04 1.8696862e-04],[9.999999e-01 9.401907e-08],"[2.5965223e-09 3.9168947e-07 9.6587949e-03 9.0527916e-01 8.4231950e-02
 8.2518021e-04 4.4399371e-06 3.3920966e-08 3.0767006e-10]"
D:\Uni\Ulm\Master\Hiwi-Forschung-und-Lehre\FairFace\detected_faces\901857_face0.jpg,Black,Black,Male,20-29,"[4.5741763e-06 9.9297667e-01 2.0590903e-04 1.2229211e-07 8.8037959e-06
 6.5141059e-03 2.8977869e-04]",[7.1635677e-06 9.9916434e-01 1.5439029e-05 8.1299583e-04],[9.9975204e-01 2.4795631e-04],"[1.2251838e-06 8.5442758e-04 2.0045848e-01 5.3289855e-01 2.3151940e-01
 3.1359814e-02 2.7222382e-03 1.8156368e-04 4.2820047e-06]"
D:\Uni\Ulm\Master\Hiwi-Forschung-und-Lehre\FairFace\detected_faces\901882_face0.jpg,White,White,Male,40-49,"[9.9147409e-01 4.3986915e-05 1.7838851e-03 2.2156330e-04 7.6645571e-05
 2.0262318e-05 6.3796300e-03]",[0.9371636  0.01141407 0.0503592  0.0010632 ],[9.9996251e-01 3.7531216e-05],"[1.7378279e-06 1.8058090e-05 7.3184576e-03 1.8449973e-01 2.3157726e-01
 3.6145136e-01 2.0350464e-01 1.1514907e-02 1.1385075e-04]"
D:\Uni\Ulm\Master\Hiwi-Forschung-und-Lehre\FairFace\detected_faces\901883_face0.jpg,White,Black,Male,20-29,"[8.6715752e-01 7.0290542e-03 1.1279196e-01 2.3329107e-04 8.6883112e-04
 1.5966412e-04 1.1759701e-02]",[0.44730076 0.54609287 0.00376778 0.00283858],[9.9999738e-01 2.6624077e-06],"[8.1641083e-08 5.1121398e-05 1.6042361e-01 8.1400180e-01 2.4930289e-02
 5.8540393e-04 7.5356470e-06 1.6478479e-07 3.8212313e-09]"
D:\Uni\Ulm\Master\Hiwi-Forschung-und-Lehre\FairFace\detected_faces\901885_face0.jpg,White,White,Male,20-29,"[7.9399318e-01 4.3095148e-05 3.6118064e-02 1.4885113e-04 2.1269501e-04
 9.0793168e-05 1.6939332e-01]",[9.9873817e-01 5.9573917e-04 3.1418967e-04 3.5189587e-04],[9.9999326e-01 6.6918797e-06],"[5.6380443e-09 2.9983607e-06 2.1267859e-02 9.5045072e-01 2.8206013e-02
 7.2344468e-05 8.8022766e-08 8.6847635e-10 1.9654839e-11]"
D:\Uni\Ulm\Master\Hiwi-Forschung-und-Lehre\FairFace\detected_faces\901888_face0.jpg,White,White,Male,20-29,"[9.6164393e-01 4.1864940e-04 2.0708505e-02 1.2509146e-05 1.6219848e-05
 1.8150691e-04 1.7018626e-02]",[9.9681538e-01 2.9535568e-03 1.7382536e-04 5.7273770e-05],[9.999940e-01 6.007644e-06],"[2.8903025e-07 1.9523224e-05 4.6829879e-03 7.9681849e-01 1.9404402e-01
 4.3924586e-03 4.1361956e-05 8.3202167e-07 1.8776044e-08]"
D:\Uni\Ulm\Master\Hiwi-Forschung-und-Lehre\FairFace\detected_faces\901891_face0.jpg,White,White,Male,20-29,"[9.9372500e-01 7.6714161e-05 2.3385787e-03 1.2287139e-05 7.5070842e-05
 1.9208152e-05 3.7531764e-03]",[9.8677462e-01 1.1513990e-02 5.5651489e-04 1.1548144e-03],[1.0000000e+00 6.4162786e-09],"[3.8656673e-08 7.6685719e-06 7.8628259e-03 6.9583881e-01 2.8745207e-01
 8.7503567e-03 8.7392757e-05 8.7749817e-07 8.4064862e-09]"
D:\Uni\Ulm\Master\Hiwi-Forschung-und-Lehre\FairFace\detected_faces\901892_face0.jpg,Black,Black,Male,20-29,"[2.86351724e-06 9.97058928e-01 2.50807876e-04 1.76176889e-06
 1.11457884e-04 2.57257419e-03 1.56823978e-06]",[4.8594288e-06 9.9977952e-01 6.1040482e-05 1.5449936e-04],[9.9996746e-01 3.2558659e-05],"[1.2816993e-07 1.6166612e-05 2.7299922e-02 7.0186526e-01 2.4620546e-01
 2.4043046e-02 5.6463748e-04 5.2962423e-06 1.2665797e-07]"
D:\Uni\Ulm\Master\Hiwi-Forschung-und-Lehre\FairFace\detected_faces\901905_face0.jpg,White,White,Male,20-29,"[9.1930586e-01 3.4154200e-05 3.7104663e-02 2.0723592e-05 4.6918696e-05
 1.2591698e-03 4.2228553e-02]",[9.9929690e-01 5.5680455e-05 2.2857468e-05 6.2452321e-04],[0.9321256  0.06787436],"[4.3760448e-08 4.1276497e-05 8.4390782e-02 8.5787606e-01 5.6817874e-02
 8.6986140e-04 4.0361701e-06 7.2863621e-08 3.6230676e-09]"
D:\Uni\Ulm\Master\Hiwi-Forschung-und-Lehre\FairFace\detected_faces\901907_face0.jpg,Black,Black,Male,30-39,"[1.6185302e-05 8.1684387e-01 3.1354986e-03 1.3687765e-05 1.2550515e-03
 1.7861693e-01 1.1881049e-04]",[6.5839820e-05 7.0187819e-01 7.3883694e-04 2.9731712e-01],[9.9999970e-01 2.5624257e-07],"[3.6289794e-07 2.2482316e-05 2.5360223e-03 3.3726308e-01 6.0840690e-01
 5.1373135e-02 3.9479198e-04 3.1378038e-06 4.9207689e-08]"
D:\Uni\Ulm\Master\Hiwi-Forschung-und-Lehre\FairFace\detected_faces\902019_face0.jpg,Middle Eastern,White,Male,30-39,"[2.1324246e-01 1.2417376e-03 3.5870183e-01 3.9515767e-04 9.6948061e-04
 1.0317549e-02 4.1513181e-01]",[0.8120636  0.04846618 0.01341518 0.12605517],[9.9998546e-01 1.4561922e-05],"[4.3052196e-08 1.0470069e-06 4.1889263e-04 3.4984162e-01 6.3314068e-01
 1.6554583e-02 4.2799620e-05 3.6411708e-07 4.4733168e-09]"
D:\Uni\Ulm\Master\Hiwi-Forschung-und-Lehre\FairFace\detected_faces\902029_face0.jpg,White,White,Male,30-39,"[5.1638293e-01 5.4785479e-03 4.1204301e-01 3.4057841e-05 1.1872435e-04
 3.1725004e-02 3.4217741e-02]",[0.5859226  0.0694099  0.01199839 0.3326691 ],[9.9998403e-01 1.5962949e-05],"[1.5670469e-07 1.3594910e-06 5.2147603e-04 2.4188860e-01 7.0104021e-01
 5.5900551e-02 6.4126286e-04 6.3618995e-06 7.7812146e-08]"
D:\Uni\Ulm\Master\Hiwi-Forschung-und-Lehre\FairFace\detected_faces\902049_face0.jpg,Black,Black,Male,20-29,"[1.2991477e-06 9.9991226e-01 3.9505361e-05 2.2108934e-07 7.7150580e-06
 3.5754278e-05 3.3101780e-06]",[7.9000267e-07 9.9993086e-01 2.5288331e-05 4.3062329e-05],[9.9999952e-01 4.9350876e-07],"[1.5841783e-08 3.1904106e-05 5.9210472e-02 8.8734114e-01 5.2428264e-02
 9.8152866e-04 6.6132538e-06 8.1042835e-08 2.6935716e-09]"
D:\Uni\Ulm\Master\Hiwi-Forschung-und-Lehre\FairFace\detected_faces\902051_face0.jpg,Middle Eastern,White,Male,20-29,"[2.1233827e-01 4.0873970e-04 1.1140728e-01 5.9861894e-05 1.8385363e-04
 2.1099735e-03 6.7349201e-01]",[9.8775184e-01 4.9699824e-03 8.5056119e-04 6.4276382e-03],[1.0000000e+00 1.2565241e-08],"[4.8781508e-06 4.4023086e-04 4.5915410e-02 5.7030499e-01 3.4864768e-01
 3.4054127e-02 6.2655838e-04 6.0477323e-06 3.1317853e-08]"
D:\Uni\Ulm\Master\Hiwi-Forschung-und-Lehre\FairFace\detected_faces\902054_face0.jpg,White,White,Male,20-29,"[6.7455328e-01 5.9782225e-04 7.2895236e-02 2.1995778e-05 1.4959955e-04
 3.3703243e-04 2.5144506e-01]",[9.9681973e-01 1.0744852e-03 6.3674175e-05 2.0420970e-03],[9.9999857e-01 1.4389432e-06],"[1.6620053e-08 9.0854546e-06 2.4155272e-02 9.0859121e-01 6.6550933e-02
 6.9069403e-04 2.7281355e-06 3.2289897e-08 4.7236842e-10]"
D:\Uni\Ulm\Master\Hiwi-Forschung-und-Lehre\FairFace\detected_faces\902080_face0.jpg,Middle Eastern,White,Male,20-29,"[0.3475937  0.00124721 0.18683834 0.00093185 0.00188282 0.00294749
 0.45855856]",[0.9333345  0.00646837 0.00367517 0.05652188],[9.9999988e-01 1.1129772e-07],"[5.1892695e-08 1.5794881e-06 2.4588432e-03 6.7448270e-01 3.1523347e-01
 7.7760639e-03 4.6646812e-05 6.4064477e-07 7.3733886e-09]"
D:\Uni\Ulm\Master\Hiwi-Forschung-und-Lehre\FairFace\detected_faces\902083_face0.jpg,White,White,Male,30-39,"[8.1455344e-01 8.1252429e-04 3.9134938e-02 4.9190123e-05 1.6939081e-04
 2.2597899e-04 1.4505446e-01]",[0.99398375 0.00263636 0.00163491 0.00174495],[9.9999952e-01 5.1032293e-07],"[1.4399198e-07 1.9184015e-06 1.2454431e-03 3.0666941e-01 4.9791044e-01
 1.7717807e-01 1.6532287e-02 4.5835334e-04 3.9534370e-06]"
D:\Uni\Ulm\Master\Hiwi-Forschung-und-Lehre\FairFace\detected_faces\902091_face0.jpg,Latino_Hispanic,Black,Male,20-29,"[4.3881286e-02 1.1946513e-01 7.9845136e-01 1.2670489e-04 2.1192029e-03
 3.2072011e-02 3.8843167e-03]",[0.00548204 0.87770426 0.00513308 0.11168054],[9.9999785e-01 2.1292947e-06],"[2.4357945e-08 1.7314386e-06 7.2669093e-03 8.2794213e-01 1.6046342e-01
 4.2740940e-03 5.0837545e-05 8.2765780e-07 1.4742864e-08]"
D:\Uni\Ulm\Master\Hiwi-Forschung-und-Lehre\FairFace\detected_faces\902097_face0.jpg,Middle Eastern,White,Male,20-29,"[1.2677701e-02 1.1738581e-06 6.1651069e-04 6.9830855e-07 2.5790239e-06
 2.9836548e-05 9.8667157e-01]",[9.9936086e-01 3.8331209e-04 1.8753097e-05 2.3703329e-04],[9.9999976e-01 2.6442115e-07],"[9.3254096e-07 2.7724163e-04 5.2612204e-02 8.3623183e-01 1.0896706e-01
 1.9062205e-03 4.4669005e-06 7.2420640e-08 6.3404126e-10]"
D:\Uni\Ulm\Master\Hiwi-Forschung-und-Lehre\FairFace\detected_faces\902098_face0.jpg,Middle Eastern,White,Male,20-29,"[5.0567597e-02 4.6549460e-05 2.9867270e-03 4.9964947e-06 2.1702552e-05
 1.1243462e-04 9.4625992e-01]",[9.9742484e-01 2.0213320e-03 1.7657116e-04 3.7721172e-04],[9.999997e-01 2.787913e-07],"[1.3693817e-08 9.8795077e-05 2.5946683e-01 7.3388147e-01 6.5373294e-03
 1.5570193e-05 1.4602300e-08 4.2990275e-10 5.2659166e-12]"
D:\Uni\Ulm\Master\Hiwi-Forschung-und-Lehre\FairFace\detected_faces\902370_face0.jpg,White,White,Male,20-29,"[9.1566908e-01 4.2623538e-04 1.8800447e-02 9.8397652e-07 1.0069482e-05
 1.5430944e-04 6.4938970e-02]",[9.9577725e-01 4.0456136e-03 2.1084212e-05 1.5606426e-04],[1.0000000e+00 2.6378311e-08],"[2.2485867e-09 1.8280218e-07 9.2810421e-04 8.0662966e-01 1.9131428e-01
 1.1256664e-03 2.0358646e-06 1.8615793e-08 3.0018804e-10]"
D:\Uni\Ulm\Master\Hiwi-Forschung-und-Lehre\FairFace\detected_faces\902381_face0.jpg,Black,Black,Male,20-29,"[1.9648746e-06 9.8289526e-01 2.1389087e-04 2.3397615e-06 3.8714980e-04
 1.6498713e-02 6.4430333e-07]",[1.0866387e-05 9.8069841e-01 3.2743672e-03 1.6016310e-02],[9.9998814e-01 1.1883177e-05],"[6.7025816e-08 1.5347509e-04 1.7459616e-01 7.8149223e-01 4.2658225e-02
 1.0890074e-03 1.0549767e-05 1.8565463e-07 5.0408970e-09]"
D:\Uni\Ulm\Master\Hiwi-Forschung-und-Lehre\FairFace\detected_faces\902382_face0.jpg,White,White,Male,20-29,"[8.2671243e-01 1.4274280e-02 1.9696705e-02 5.9431163e-06 3.5289791e-05
 4.8685935e-05 1.3922669e-01]",[8.5649890e-01 1.4260578e-01 4.3809382e-04 4.5719204e-04],[9.9999994e-01 4.8785548e-08],"[2.3935492e-08 1.1592246e-05 4.6984372e-03 8.6620122e-01 1.2848505e-01
 6.0274691e-04 9.5128456e-07 1.1148131e-08 2.0288059e-10]"
D:\Uni\Ulm\Master\Hiwi-Forschung-und-Lehre\FairFace\detected_faces\903166_face0.jpg,White,White,Male,30-39,"[9.8819309e-01 3.5571386e-05 1.8085389e-03 6.4429871e-05 8.9418827e-05
 5.8195023e-05 9.7507834e-03]",[9.9094093e-01 4.2931223e-03 4.3493561e-03 4.1650125e-04],[9.999961e-01 3.844086e-06],"[1.1432994e-05 4.9412000e-04 8.3907628e-03 3.9947909e-01 5.3841102e-01
 5.2211452e-02 9.8964362e-04 1.2032012e-05 4.2580160e-07]"
D:\Uni\Ulm\Master\Hiwi-Forschung-und-Lehre\FairFace\detected_faces\903369_face0.jpg,Middle Eastern,White,Male,20-29,"[7.2684050e-02 2.0527106e-05 2.8086621e-02 1.7856200e-04 4.1859329e-04
 1.4547938e-02 8.8406366e-01]",[9.2181832e-01 9.7768607e-05 6.5665535e-04 7.7427298e-02],[9.9938297e-01 6.1704195e-04],"[4.7623380e-06 1.4444068e-04 8.9428443e-03 7.8701663e-01 2.0075718e-01
 3.1223353e-03 1.1477573e-05 3.7058612e-07 1.3893328e-08]"
D:\Uni\Ulm\Master\Hiwi-Forschung-und-Lehre\FairFace\detected_faces\903972_face0.jpg,White,White,Male,20-29,"[6.6997373e-01 2.8702480e-05 1.4476397e-02 1.9866122e-04 1.1086557e-04
 1.1822422e-04 3.1509340e-01]",[9.9890506e-01 1.7251544e-04 7.9282385e-04 1.2960167e-04],[9.9996489e-01 3.5073677e-05],"[3.77778804e-07 2.10336657e-05 8.79437663e-03 8.27995241e-01
 1.61237136e-01 1.94596138e-03 5.73447687e-06 1.07139854e-07
 1.95438776e-09]"
