face_name_align,race,race4,gender,age,race_scores_fair,race_scores_fair_4,gender_scores_fair,age_scores_fair
D:\Uni\Ulm\Master\Hiwi-Forschung-und-Lehre\FairFace\detected_faces\342909_face0.jpg,Black,Black,Male,30-39,"[1.1976302e-06 9.9989498e-01 4.7654172e-05 1.6736219e-07 9.0335807e-06
 4.5261982e-05 1.7551713e-06]",[8.5555320e-07 9.9998468e-01 4.8818097e-06 9.6253179e-06],[9.9999970e-01 2.7446512e-07],"[1.3307783e-07 9.5378473e-06 2.7900485e-03 4.4340396e-01 5.1993322e-01
 3.3595599e-02 2.6516704e-04 2.3207692e-06 9.9636765e-08]"
D:\Uni\Ulm\Master\Hiwi-Forschung-und-Lehre\FairFace\detected_faces\342915_face0.jpg,Black,Black,Male,30-39,"[1.3477379e-03 7.8442240e-01 6.7307405e-02 1.3900365e-04 3.0876398e-03
 1.1554630e-01 2.8149566e-02]",[1.0538619e-04 9.7746849e-01 1.8877336e-03 2.0538425e-02],[9.9999565e-01 4.3838440e-06],"[2.8791070e-05 2.5733348e-04 2.8265899e-03 1.2986588e-01 5.2742088e-01
 3.1236994e-01 2.6455227e-02 7.4899569e-04 2.6353158e-05]"
D:\Uni\Ulm\Master\Hiwi-Forschung-und-Lehre\FairFace\detected_faces\343013_face0.jpg,White,White,Male,20-29,"[9.70650077e-01 4.61285375e-03 7.97933806e-03 2.03379852e-04
 3.64999054e-04 1.21216646e-04 1.60682071e-02]",[0.97192955 0.0256858  0.00103272 0.00135185],[9.9999964e-01 3.5795406e-07],"[1.9355496e-06 4.8239111e-05 8.0741374e-03 5.1874548e-01 3.8167879e-01
 8.1386082e-02 9.5290737e-03 5.1936024e-04 1.6885182e-05]"
D:\Uni\Ulm\Master\Hiwi-Forschung-und-Lehre\FairFace\detected_faces\343067_face0.jpg,Black,Black,Male,20-29,"[8.5673586e-05 9.7183073e-01 2.0414177e-02 1.2272929e-05 7.8949647e-04
 6.5742675e-03 2.9344836e-04]",[5.9640457e-05 9.9298751e-01 4.4945235e-04 6.5033906e-03],[9.9999994e-01 5.7821445e-08],"[1.0014119e-06 2.6206782e-05 4.1704271e-03 6.1207092e-01 3.5942274e-01
 2.3856042e-02 4.4398359e-04 8.4341691e-06 2.2518954e-07]"
D:\Uni\Ulm\Master\Hiwi-Forschung-und-Lehre\FairFace\detected_faces\343907_face0.jpg,Middle Eastern,Black,Male,30-39,"[3.8725752e-02 2.6306195e-02 2.4973705e-01 7.1435446e-05 3.7780532e-04
 5.7453930e-02 6.2732786e-01]",[0.29761827 0.44672492 0.00360672 0.25205007],[9.9999899e-01 1.0099606e-06],"[4.6027408e-06 2.0962922e-04 2.2480397e-03 1.7100151e-01 7.2711831e-01
 9.8572560e-02 8.3882618e-04 6.4246483e-06 5.7928133e-08]"
D:\Uni\Ulm\Master\Hiwi-Forschung-und-Lehre\FairFace\detected_faces\343971_face0.jpg,White,White,Male,30-39,"[7.0540291e-01 3.9480412e-03 6.4546727e-02 3.8154118e-04 1.1138634e-03
 5.6414446e-03 2.1896553e-01]",[0.58842254 0.36552486 0.01553057 0.03052199],[9.9999964e-01 3.0689981e-07],"[2.9259368e-06 1.1182843e-05 2.6253864e-04 1.5458620e-01 7.1513742e-01
 1.2817822e-01 1.7889795e-03 3.1916039e-05 6.3446595e-07]"
D:\Uni\Ulm\Master\Hiwi-Forschung-und-Lehre\FairFace\detected_faces\344065_face0.jpg,Black,Black,Male,30-39,"[4.7555091e-06 9.9990612e-01 5.4752523e-05 1.0192509e-08 3.5708871e-07
 2.6779289e-05 7.1740856e-06]",[4.2948286e-06 9.9995273e-01 6.5981562e-06 3.6365975e-05],[1.0000000e+00 1.5092075e-08],"[7.2412274e-07 4.2660404e-06 3.9766319e-04 7.7226453e-02 4.6407288e-01
 3.8590336e-01 7.0410855e-02 1.9453467e-03 3.8397902e-05]"
D:\Uni\Ulm\Master\Hiwi-Forschung-und-Lehre\FairFace\detected_faces\344129_face0.jpg,White,White,Male,30-39,"[7.3670286e-01 2.3785775e-04 9.7547993e-02 1.2754928e-04 2.0418526e-04
 4.4964161e-03 1.6068316e-01]",[9.8256665e-01 1.2478099e-02 8.5947569e-04 4.0957052e-03],[9.9995011e-01 4.9833816e-05],"[1.5777698e-06 1.5858299e-05 2.3453940e-04 7.7823579e-02 7.7558905e-01
 1.4564039e-01 6.8924524e-04 5.6033509e-06 5.9579449e-08]"
D:\Uni\Ulm\Master\Hiwi-Forschung-und-Lehre\FairFace\detected_faces\344205_face0.jpg,Black,Black,Male,30-39,"[3.2535838e-05 9.9792415e-01 1.2904188e-03 1.7922271e-07 5.6235090e-06
 6.9090532e-04 5.6224028e-05]",[7.5687713e-06 9.9985677e-01 7.3461069e-06 1.2836648e-04],[9.9999988e-01 1.4800355e-07],"[3.6518824e-07 6.9285261e-06 1.2175780e-03 2.5102544e-01 6.4269203e-01
 1.0286907e-01 2.1647182e-03 2.3601262e-05 2.3072388e-07]"
D:\Uni\Ulm\Master\Hiwi-Forschung-und-Lehre\FairFace\detected_faces\344751_face0.jpg,White,White,Male,30-39,"[7.62751698e-01 6.60474936e-04 1.33016452e-01 1.04779487e-04
 3.07124632e-04 1.32571883e-03 1.01833776e-01]",[0.9809118  0.00940455 0.00138974 0.0082938 ],[9.999958e-01 4.116365e-06],"[8.0338367e-08 2.3461873e-06 4.6415720e-04 2.2343701e-01 7.1651167e-01
 5.9271283e-02 3.1112618e-04 2.3141070e-06 1.8769470e-08]"
D:\Uni\Ulm\Master\Hiwi-Forschung-und-Lehre\FairFace\detected_faces\344847_face0.jpg,Black,Black,Male,20-29,"[1.0057155e-03 9.0720773e-01 6.6980571e-02 9.9416015e-05 2.7605132e-03
 2.0641183e-02 1.3046855e-03]",[8.5498243e-05 9.9748528e-01 1.7513032e-03 6.7800062e-04],[9.999991e-01 9.702753e-07],"[1.9220860e-08 2.6515392e-05 5.9751838e-02 8.6166424e-01 7.7273227e-02
 1.2738947e-03 1.0031404e-05 2.2100605e-07 5.7117893e-09]"
D:\Uni\Ulm\Master\Hiwi-Forschung-und-Lehre\FairFace\detected_faces\344873_face0.jpg,White,White,Male,30-39,"[9.3994749e-01 1.5149501e-03 3.3672947e-02 1.7985793e-05 8.4862317e-05
 8.3409861e-04 2.3927582e-02]",[9.9078834e-01 6.6081122e-03 6.2124927e-05 2.5414492e-03],[9.999906e-01 9.466888e-06],"[1.1255269e-07 7.4807815e-07 4.2173910e-05 3.2401595e-02 7.5445580e-01
 2.1027249e-01 2.8058779e-03 2.0811613e-05 4.1651271e-07]"
D:\Uni\Ulm\Master\Hiwi-Forschung-und-Lehre\FairFace\detected_faces\344909_face0.jpg,White,White,Male,20-29,"[9.5892489e-01 1.3933849e-05 3.0969301e-02 2.8018932e-05 5.9721046e-05
 3.2734303e-04 9.6767573e-03]",[9.9969798e-01 3.5855574e-05 5.0370898e-05 2.1577820e-04],[9.9999946e-01 5.4592959e-07],"[2.5271104e-06 8.9427509e-04 1.1051258e-01 7.3590297e-01 1.4788386e-01
 4.7846525e-03 1.8904362e-05 2.1747759e-07 1.9025004e-09]"
D:\Uni\Ulm\Master\Hiwi-Forschung-und-Lehre\FairFace\detected_faces\344947_face0.jpg,Black,Black,Male,20-29,"[4.0667274e-07 9.9995142e-01 7.5054413e-06 5.3341591e-08 1.4890106e-06
 3.8299895e-05 7.8838451e-07]",[1.8539928e-06 9.9997479e-01 7.6753322e-06 1.5760985e-05],[9.9995673e-01 4.3261924e-05],"[4.8999937e-07 3.5841906e-05 1.4223390e-02 5.7522219e-01 3.5062832e-01
 5.8318783e-02 1.5338914e-03 3.5438276e-05 1.5891765e-06]"
D:\Uni\Ulm\Master\Hiwi-Forschung-und-Lehre\FairFace\detected_faces\344953_face0.jpg,Black,Black,Male,30-39,"[2.1567834e-03 9.5137072e-01 2.4758991e-02 7.2447205e-05 1.6566279e-03
 1.8216446e-02 1.7679130e-03]",[0.00195729 0.96422833 0.00287514 0.03093924],[0.9972475  0.00275249],"[7.85724239e-07 2.80821750e-05 3.29103204e-03 4.84643787e-01
 5.02113640e-01 9.85774957e-03 6.43736203e-05 4.92776167e-07
 1.47304196e-08]"
D:\Uni\Ulm\Master\Hiwi-Forschung-und-Lehre\FairFace\detected_faces\345013_face0.jpg,White,White,Male,30-39,"[7.5958502e-01 1.1560104e-03 1.7236713e-01 4.5523469e-04 6.9682696e-04
 3.1252918e-03 6.2614329e-02]",[0.9185733  0.02878912 0.00507738 0.04756013],[9.9999684e-01 3.1392706e-06],"[1.4158898e-06 1.0982351e-05 1.9706807e-03 3.3546993e-01 5.9281921e-01
 6.8222977e-02 1.4820768e-03 2.2401626e-05 3.7177625e-07]"
D:\Uni\Ulm\Master\Hiwi-Forschung-und-Lehre\FairFace\detected_faces\345035_face0.jpg,Black,Black,Male,30-39,"[3.3008846e-04 9.7438192e-01 3.0224822e-03 7.1536171e-08 2.3926361e-06
 1.0869442e-03 2.1176133e-02]",[1.1574412e-03 9.9209481e-01 2.4911208e-04 6.4986297e-03],[1.0000000e+00 1.0338056e-08],"[4.8971697e-07 9.3770896e-06 6.6662591e-04 2.1932386e-01 6.7262620e-01
 1.0490108e-01 2.4367056e-03 3.5258177e-05 4.9062385e-07]"
D:\Uni\Ulm\Master\Hiwi-Forschung-und-Lehre\FairFace\detected_faces\345111_face0.jpg,Middle Eastern,White,Male,20-29,"[4.3925483e-02 1.3561118e-03 1.0809628e-01 5.7408837e-05 2.1903150e-04
 1.8376341e-02 8.2796937e-01]",[0.62367225 0.03668674 0.020777   0.31886396],[9.9999428e-01 5.6934623e-06],"[3.0146883e-05 1.9276762e-04 4.4116676e-03 4.8107758e-01 4.7325557e-01
 4.0494390e-02 5.2548351e-04 1.2260705e-05 1.7734737e-07]"
D:\Uni\Ulm\Master\Hiwi-Forschung-und-Lehre\FairFace\detected_faces\345183_face0.jpg,Middle Eastern,White,Male,20-29,"[1.3665392e-01 1.7857417e-03 2.6255298e-01 5.8236063e-05 2.5372879e-04
 2.1193681e-02 5.7750177e-01]",[0.8168243  0.05001868 0.00083066 0.13232635],[9.9999595e-01 4.0266827e-06],"[8.0471153e-08 3.9621018e-06 2.8676377e-03 6.3499349e-01 3.4926692e-01
 1.2782624e-02 8.4077925e-05 1.1464148e-06 1.8502453e-08]"
D:\Uni\Ulm\Master\Hiwi-Forschung-und-Lehre\FairFace\detected_faces\345193_face0.jpg,White,White,Male,20-29,"[7.4095821e-01 3.4090475e-04 1.7283557e-01 1.6079446e-05 6.0886723e-05
 8.4306067e-03 7.7357680e-02]",[9.8717111e-01 6.1982189e-04 9.1936177e-05 1.2117109e-02],[9.9999976e-01 2.6334587e-07],"[4.6008708e-08 2.4002304e-06 2.4831290e-03 8.3840305e-01 1.5747637e-01
 1.6298483e-03 5.1475740e-06 3.7385739e-08 3.4827169e-10]"
D:\Uni\Ulm\Master\Hiwi-Forschung-und-Lehre\FairFace\detected_faces\345195_face0.jpg,Middle Eastern,White,Male,20-29,"[5.8030132e-02 1.0888483e-03 2.0445886e-01 1.3553535e-04 5.4122205e-04
 4.3700244e-03 7.3137534e-01]",[0.87083393 0.00703974 0.05319586 0.06893049],[9.9999988e-01 5.3667588e-08],"[1.2870431e-07 1.6286005e-05 3.3580845e-03 7.0912427e-01 2.8438929e-01
 3.1066923e-03 5.1355210e-06 6.6176099e-08 6.7323619e-10]"
D:\Uni\Ulm\Master\Hiwi-Forschung-und-Lehre\FairFace\detected_faces\345207_face0.jpg,White,White,Male,30-39,"[0.4835577  0.00127589 0.2560343  0.0006159  0.00143476 0.01004298
 0.2470386 ]",[0.8958202  0.004819   0.0351394  0.06422142],[9.9999261e-01 7.3981064e-06],"[2.6017099e-06 4.5130775e-05 1.0221859e-03 4.2338207e-01 5.5840957e-01
 1.7080460e-02 5.7473731e-05 5.6555893e-07 6.9842532e-09]"
D:\Uni\Ulm\Master\Hiwi-Forschung-und-Lehre\FairFace\detected_faces\345333_face0.jpg,Middle Eastern,Indian,Male,30-39,"[3.4154564e-02 1.0566005e-02 3.3850965e-01 6.1820916e-05 5.5455783e-04
 1.7694581e-01 4.3920752e-01]",[0.06576683 0.03930644 0.00287358 0.8920532 ],[9.9999946e-01 5.2016702e-07],"[3.2218219e-07 4.4541289e-06 3.3600561e-04 2.1268035e-01 7.1956003e-01
 6.7003995e-02 4.1227310e-04 2.5610987e-06 3.1413425e-08]"
D:\Uni\Ulm\Master\Hiwi-Forschung-und-Lehre\FairFace\detected_faces\345585_face0.jpg,Black,Black,Male,20-29,"[1.7584297e-07 9.9986029e-01 1.0923978e-05 1.2065533e-08 8.6263964e-07
 1.2732109e-04 4.6835837e-07]",[7.450190e-08 9.999897e-01 6.298140e-07 9.556713e-06],[9.9999774e-01 2.2481274e-06],"[2.1438320e-09 3.9690414e-07 3.4848012e-03 8.0088586e-01 1.9273502e-01
 2.8867037e-03 7.2352441e-06 4.0200668e-08 1.0656257e-09]"
D:\Uni\Ulm\Master\Hiwi-Forschung-und-Lehre\FairFace\detected_faces\345717_face0.jpg,White,White,Male,20-29,"[8.9705080e-01 3.7656235e-05 2.3363866e-02 4.6535664e-05 1.2467476e-04
 1.4086175e-04 7.9235613e-02]",[9.9785912e-01 6.1497570e-04 1.9991965e-04 1.3259578e-03],[1.000000e+00 2.325233e-08],"[5.1287309e-08 2.8710090e-05 1.6501518e-02 9.3210286e-01 5.1153719e-02
 2.1284951e-04 3.2799608e-07 4.2585238e-09 5.0620147e-11]"
D:\Uni\Ulm\Master\Hiwi-Forschung-und-Lehre\FairFace\detected_faces\345719_face0.jpg,White,White,Male,20-29,"[6.6133559e-01 1.3474435e-04 3.6306433e-02 3.4851979e-05 9.1650247e-05
 1.1596256e-03 3.0093712e-01]",[9.8336655e-01 5.8053830e-04 4.7545941e-04 1.5577463e-02],[9.99985635e-01 1.43854195e-05],"[2.0027655e-06 2.7708706e-05 4.0034475e-03 5.7522792e-01 4.0532777e-01
 1.5286757e-02 1.2306041e-04 1.3085072e-06 2.2698135e-08]"
D:\Uni\Ulm\Master\Hiwi-Forschung-und-Lehre\FairFace\detected_faces\345849_face0.jpg,Black,Black,Male,20-29,"[6.0086636e-06 9.9962419e-01 1.6586120e-04 2.6973986e-08 5.0289140e-07
 1.8049519e-04 2.2957611e-05]",[5.6201175e-06 9.9973923e-01 3.0401463e-06 2.5213385e-04],[9.9999994e-01 5.4171416e-08],"[2.6040089e-08 2.6577600e-06 1.7549687e-03 5.1908821e-01 4.5648885e-01
 2.2525596e-02 1.3902810e-04 6.8973122e-07 1.0937455e-08]"
D:\Uni\Ulm\Master\Hiwi-Forschung-und-Lehre\FairFace\detected_faces\345863_face0.jpg,Black,Black,Male,30-39,"[2.2304941e-07 9.9999422e-01 1.3673157e-06 5.1911120e-10 8.9723029e-09
 1.6712742e-06 2.5462180e-06]",[4.2642111e-07 9.9999803e-01 2.5221743e-07 1.3568516e-06],[9.9999994e-01 3.4107437e-08],"[9.4384092e-08 7.1376307e-06 1.6636584e-03 3.5810035e-01 5.5868107e-01
 8.0563821e-02 9.7567879e-04 7.8626181e-06 2.7725287e-07]"
D:\Uni\Ulm\Master\Hiwi-Forschung-und-Lehre\FairFace\detected_faces\345899_face0.jpg,White,White,Male,20-29,"[0.47945797 0.00823195 0.39458242 0.00115228 0.00148054 0.00079011
 0.11430472]",[0.9426735  0.0188221  0.03582587 0.00267852],[9.9995220e-01 4.7789053e-05],"[3.8269241e-06 1.5556427e-04 9.7580194e-02 6.2132096e-01 2.3211622e-01
 4.6434175e-02 2.2814462e-03 1.0603989e-04 1.7137064e-06]"
D:\Uni\Ulm\Master\Hiwi-Forschung-und-Lehre\FairFace\detected_faces\346060_face0.jpg,Indian,White,Male,30-39,"[2.7742556e-01 2.1850113e-03 3.1634730e-01 5.0224520e-05 2.8163081e-04
 3.4554860e-01 5.8161754e-02]",[0.5709843  0.01133988 0.00117346 0.41650236],[9.999695e-01 3.049077e-05],"[5.3660148e-07 3.6200661e-06 2.0348183e-04 1.1296852e-01 7.9585254e-01
 9.0096287e-02 8.7003590e-04 4.9030368e-06 5.5814255e-08]"
D:\Uni\Ulm\Master\Hiwi-Forschung-und-Lehre\FairFace\detected_faces\346068_face0.jpg,Middle Eastern,White,Male,20-29,"[3.5000992e-01 2.8358374e-03 2.1980701e-01 1.2781554e-04 6.4213783e-04
 1.9759054e-03 4.2460138e-01]",[0.94302464 0.02910951 0.01211865 0.0157472 ],[9.999999e-01 8.126109e-08],"[3.7310363e-07 2.8328735e-05 1.0843718e-02 7.4626744e-01 2.3441398e-01
 8.3744610e-03 7.0368151e-05 1.2977679e-06 1.2473228e-08]"
D:\Uni\Ulm\Master\Hiwi-Forschung-und-Lehre\FairFace\detected_faces\346220_face0.jpg,White,White,Male,20-29,"[5.7740843e-01 2.9651885e-04 2.9598635e-01 8.9703948e-04 2.0440591e-03
 6.1650346e-03 1.1720248e-01]",[8.5773212e-01 6.8626384e-04 3.9324693e-02 1.0225694e-01],[9.999994e-01 6.048481e-07],"[4.9777458e-07 3.0628333e-05 4.8655570e-03 5.8988899e-01 3.9440510e-01
 1.0757768e-02 5.0849252e-05 5.6733745e-07 7.2409740e-09]"
D:\Uni\Ulm\Master\Hiwi-Forschung-und-Lehre\FairFace\detected_faces\346516_face0.jpg,White,White,Male,20-29,"[9.8802972e-01 3.4642020e-05 1.4128024e-03 3.7048139e-05 4.7973386e-05
 2.3795419e-05 1.0414011e-02]",[9.9816716e-01 5.5607845e-04 9.3051454e-04 3.4631789e-04],[9.9999851e-01 1.5001342e-06],"[3.5609289e-06 6.3435221e-04 1.7926108e-02 7.4363965e-01 2.3263359e-01
 5.1341606e-03 2.8290686e-05 3.2792411e-07 7.2617548e-09]"
D:\Uni\Ulm\Master\Hiwi-Forschung-und-Lehre\FairFace\detected_faces\346676_face0.jpg,Middle Eastern,White,Male,20-29,"[6.9808818e-02 2.7106938e-04 4.1311290e-02 4.1902713e-05 1.7026449e-04
 4.5061596e-03 8.8389051e-01]",[9.8459297e-01 2.5415085e-03 3.6400830e-04 1.2501504e-02],[9.9998039e-01 1.9620307e-05],"[5.4319285e-06 5.2755873e-04 6.7324284e-03 6.7966527e-01 3.0743778e-01
 5.6152381e-03 1.6119251e-05 2.0039039e-07 4.0654635e-09]"
D:\Uni\Ulm\Master\Hiwi-Forschung-und-Lehre\FairFace\detected_faces\346744_face0.jpg,White,White,Male,30-39,"[9.9920774e-01 1.3058561e-06 1.3905458e-04 1.2129303e-06 2.9551172e-06
 1.7879885e-06 6.4595265e-04]",[9.9956250e-01 6.9464448e-05 1.1730484e-04 2.5083194e-04],[9.999130e-01 8.706311e-05],"[1.6146997e-07 4.2909664e-06 1.4010438e-03 4.8659885e-01 4.9146757e-01
 2.0419432e-02 1.0721470e-04 1.3840272e-06 5.6467794e-08]"
D:\Uni\Ulm\Master\Hiwi-Forschung-und-Lehre\FairFace\detected_faces\346790_face0.jpg,Black,Black,Male,30-39,"[8.8753459e-06 9.9992412e-01 1.4865023e-05 3.9754219e-08 4.6369919e-07
 4.3613567e-05 8.0232085e-06]",[2.9232411e-05 9.9996042e-01 4.0307068e-06 6.2332988e-06],[9.9999744e-01 2.5888564e-06],"[2.7757688e-08 3.4035764e-07 3.8397851e-04 2.9793510e-01 6.0701638e-01
 9.1470517e-02 3.1009496e-03 8.8888090e-05 3.7269294e-06]"
D:\Uni\Ulm\Master\Hiwi-Forschung-und-Lehre\FairFace\detected_faces\346944_face0.jpg,White,White,Male,30-39,"[9.6877855e-01 6.5790664e-06 1.5624591e-04 1.3405752e-07 5.5107017e-07
 7.0911688e-06 3.1050812e-02]",[9.9981433e-01 1.5108779e-04 1.4759344e-05 1.9728250e-05],[9.999994e-01 6.261757e-07],"[5.8812594e-07 1.3571140e-05 3.5102740e-03 4.5394069e-01 4.7335798e-01
 6.6988230e-02 2.1339685e-03 5.3456970e-05 1.1828150e-06]"
D:\Uni\Ulm\Master\Hiwi-Forschung-und-Lehre\FairFace\detected_faces\346948_face0.jpg,White,White,Male,20-29,"[9.5205504e-01 1.1378381e-05 7.5182449e-03 2.1047839e-05 5.8372749e-05
 5.4134900e-05 4.0281802e-02]",[9.9859345e-01 3.6399177e-04 3.3489999e-04 7.0762215e-04],[9.999999e-01 7.886736e-08],"[1.6358113e-08 4.2184688e-06 5.7636700e-03 8.9446455e-01 9.9292725e-02
 4.7409534e-04 7.3819075e-07 6.7688943e-09 8.6992843e-11]"
D:\Uni\Ulm\Master\Hiwi-Forschung-und-Lehre\FairFace\detected_faces\347010_face0.jpg,Black,Black,Male,30-39,"[3.4951497e-04 9.9594891e-01 5.5107713e-04 7.4316006e-08 1.4960315e-06
 2.9499293e-03 1.9890991e-04]",[1.1655149e-03 9.8915529e-01 6.4789761e-05 9.6144332e-03],[9.9972314e-01 2.7680252e-04],"[1.1134506e-07 3.1963416e-06 2.7874185e-04 1.0079113e-01 7.3764610e-01
 1.5794775e-01 3.2984314e-03 3.3915705e-05 5.8242739e-07]"
D:\Uni\Ulm\Master\Hiwi-Forschung-und-Lehre\FairFace\detected_faces\347084_face0.jpg,Middle Eastern,White,Male,20-29,"[6.9664299e-02 6.9840299e-04 1.5615101e-01 3.7487880e-05 2.0493218e-04
 2.5134286e-02 7.4810958e-01]",[0.603023   0.00543749 0.00464046 0.3868991 ],[9.999949e-01 5.128529e-06],"[1.7143030e-07 6.5987506e-06 2.0565775e-03 7.0909244e-01 2.8504285e-01
 3.7927146e-03 8.4576577e-06 1.8337512e-07 3.5054255e-09]"
D:\Uni\Ulm\Master\Hiwi-Forschung-und-Lehre\FairFace\detected_faces\347116_face0.jpg,White,White,Male,30-39,"[9.9825376e-01 5.7152880e-07 3.0519503e-05 1.5489385e-06 2.7669785e-06
 1.0797330e-06 1.7097875e-03]",[9.9948978e-01 1.0567624e-05 4.3643048e-04 6.3260195e-05],[9.999999e-01 1.200557e-07],"[7.5071312e-06 7.6137832e-05 2.0560608e-03 3.2464620e-01 6.0947359e-01
 6.2459648e-02 1.2598615e-03 2.0605932e-05 3.8194960e-07]"
D:\Uni\Ulm\Master\Hiwi-Forschung-und-Lehre\FairFace\detected_faces\347394_face0.jpg,Latino_Hispanic,White,Male,30-39,"[3.0264914e-01 4.4359351e-03 3.6784399e-01 2.3231454e-05 1.6008949e-04
 6.1830268e-03 3.1870463e-01]",[0.8454548  0.07208113 0.00284869 0.07961538],[9.9999946e-01 4.8255686e-07],"[1.9857241e-07 7.7376217e-06 9.4090583e-04 4.8331606e-01 5.0332922e-01
 1.2361811e-02 4.3779732e-05 3.6477383e-07 3.4275143e-09]"
D:\Uni\Ulm\Master\Hiwi-Forschung-und-Lehre\FairFace\detected_faces\347450_face0.jpg,White,White,Male,30-39,"[7.7662760e-01 3.5204124e-05 2.8466960e-02 9.0839872e-05 2.4816432e-04
 1.6737294e-03 1.9285750e-01]",[9.9775827e-01 6.6157510e-05 1.6354558e-04 2.0120274e-03],[9.9998719e-01 1.2854949e-05],"[3.41184204e-07 8.31534271e-06 8.39572458e-04 4.58355844e-01
 5.20118356e-01 2.05755904e-02 1.00826546e-04 1.09274356e-06
 2.46052121e-08]"
D:\Uni\Ulm\Master\Hiwi-Forschung-und-Lehre\FairFace\detected_faces\347454_face0.jpg,White,White,Male,20-29,"[8.2127327e-01 2.3354217e-03 7.7947818e-02 1.7721659e-05 1.3454485e-04
 4.9347809e-04 9.7797737e-02]",[9.5878667e-01 3.7638817e-02 1.0911747e-04 3.4654033e-03],[9.999992e-01 7.635415e-07],"[1.1712610e-08 2.2471963e-06 3.8363116e-03 6.4219648e-01 3.4307197e-01
 1.0835260e-02 5.7269499e-05 4.5819593e-07 8.4421847e-09]"
D:\Uni\Ulm\Master\Hiwi-Forschung-und-Lehre\FairFace\detected_faces\347458_face0.jpg,Middle Eastern,White,Male,30-39,"[3.7331155e-01 5.3610036e-04 1.9932067e-01 2.4242990e-04 3.8548213e-04
 3.4291442e-03 4.2277455e-01]",[9.8784751e-01 3.6176378e-03 3.7849796e-04 8.1563313e-03],[9.9999970e-01 3.6324965e-07],"[6.3256361e-06 6.4843291e-05 1.1168568e-03 1.3838726e-01 7.5407511e-01
 1.0557545e-01 7.7021081e-04 3.9394426e-06 2.6046866e-08]"
D:\Uni\Ulm\Master\Hiwi-Forschung-und-Lehre\FairFace\detected_faces\347494_face0.jpg,Latino_Hispanic,Indian,Male,20-29,"[6.2222049e-02 3.0257832e-02 7.5153989e-01 1.4414366e-04 1.6440457e-03
 5.7141084e-02 9.7050913e-02]",[0.23490456 0.36940566 0.00901299 0.38667682],[9.9998897e-01 1.1076126e-05],"[7.7982719e-07 1.5334339e-05 5.7573724e-03 7.2903782e-01 2.5741071e-01
 7.7390028e-03 3.8348207e-05 6.3575334e-07 1.2925853e-08]"
D:\Uni\Ulm\Master\Hiwi-Forschung-und-Lehre\FairFace\detected_faces\347532_face0.jpg,Middle Eastern,White,Male,30-39,"[5.7954215e-02 2.3954005e-04 1.3774630e-02 3.6978815e-07 3.4369834e-06
 5.7292241e-04 9.2745489e-01]",[9.8265195e-01 1.0348116e-02 1.1094777e-05 6.9888239e-03],[9.999903e-01 9.694127e-06],"[3.5057059e-08 2.7505624e-07 3.8641443e-05 1.2946284e-02 5.9389609e-01
 3.8759974e-01 5.5030161e-03 1.5798601e-05 1.2639700e-07]"
D:\Uni\Ulm\Master\Hiwi-Forschung-und-Lehre\FairFace\detected_faces\347728_face0.jpg,Latino_Hispanic,Indian,Male,30-39,"[9.4436802e-02 2.2853881e-03 5.2830058e-01 1.7110727e-04 1.1379850e-03
 7.6446705e-02 2.9722148e-01]",[0.34578708 0.01133989 0.00906756 0.63380545],[9.9999523e-01 4.7674353e-06],"[1.2266291e-06 3.5891691e-05 1.9101241e-03 4.7633412e-01 5.0081760e-01
 2.0812968e-02 8.7157736e-05 9.4252016e-07 1.0845961e-08]"
D:\Uni\Ulm\Master\Hiwi-Forschung-und-Lehre\FairFace\detected_faces\347952_face0.jpg,Latino_Hispanic,Asian,Male,20-29,"[0.23764488 0.00175088 0.713105   0.00226125 0.00862966 0.01643693
 0.02017144]",[0.4399635  0.00169543 0.48160183 0.07673926],[9.9999756e-01 2.4473773e-06],"[6.5659052e-08 1.7084338e-06 1.1222484e-03 4.9460101e-01 4.8852745e-01
 1.5692407e-02 5.4620286e-05 4.6945118e-07 4.6837969e-09]"
D:\Uni\Ulm\Master\Hiwi-Forschung-und-Lehre\FairFace\detected_faces\348088_face0.jpg,Middle Eastern,White,Male,30-39,"[1.4293894e-01 2.7194808e-03 2.3520426e-01 1.9444764e-05 1.3430764e-04
 1.5469092e-02 6.0351443e-01]",[0.9134307  0.01525801 0.00466223 0.06664909],[9.9999982e-01 2.0682391e-07],"[3.2223056e-07 5.4487268e-06 1.8755064e-04 2.0395726e-01 7.4800205e-01
 4.7655106e-02 1.9154695e-04 7.7869032e-07 5.3299227e-09]"
D:\Uni\Ulm\Master\Hiwi-Forschung-und-Lehre\FairFace\detected_faces\348332_face0.jpg,Middle Eastern,White,Male,30-39,"[1.8753289e-01 4.4957148e-03 7.6785564e-02 2.0019727e-06 2.0174588e-05
 3.8341263e-03 7.2732949e-01]",[9.6534759e-01 2.7736086e-02 2.9781941e-04 6.6184918e-03],[9.99999881e-01 1.15626385e-07],"[1.3226862e-07 1.5608001e-06 1.9540577e-04 2.5764561e-01 7.0440817e-01
 3.7608601e-02 1.3918932e-04 1.3349284e-06 1.3048966e-08]"
D:\Uni\Ulm\Master\Hiwi-Forschung-und-Lehre\FairFace\detected_faces\348362_face0.jpg,Black,Black,Male,20-29,"[5.9774928e-05 9.8564577e-01 3.2198604e-03 3.7926307e-07 3.5526118e-05
 9.7799543e-03 1.2586804e-03]",[9.5132500e-06 9.9619198e-01 1.0387033e-05 3.7881222e-03],[9.9999982e-01 1.5409879e-07],"[9.4918260e-09 3.7111658e-05 1.1175007e-01 8.6334944e-01 2.4588889e-02
 2.7357269e-04 9.5632151e-07 1.6942000e-08 2.4370481e-10]"
D:\Uni\Ulm\Master\Hiwi-Forschung-und-Lehre\FairFace\detected_faces\348370_face0.jpg,White,White,Male,20-29,"[8.3263052e-01 3.8053586e-05 7.1115317e-03 9.7193661e-06 3.5923782e-05
 1.2194213e-03 1.5895487e-01]",[9.9575478e-01 7.8502213e-05 2.3730198e-04 3.9293757e-03],[9.9999785e-01 2.1683370e-06],"[2.3966291e-07 2.1992078e-05 6.4857863e-03 5.8108252e-01 3.9048544e-01
 2.1801040e-02 1.2168447e-04 1.3423842e-06 3.1126408e-08]"
D:\Uni\Ulm\Master\Hiwi-Forschung-und-Lehre\FairFace\detected_faces\348724_face0.jpg,White,White,Male,20-29,"[7.0612687e-01 4.9940089e-05 3.5408442e-03 2.4100714e-06 8.8378729e-06
 6.4722895e-05 2.9020640e-01]",[9.9647725e-01 1.4511925e-03 1.4014814e-04 1.9314050e-03],[9.9999166e-01 8.3371024e-06],"[1.9419524e-08 2.5147276e-06 2.2792758e-03 7.0052689e-01 2.9382253e-01
 3.3632929e-03 5.4037969e-06 7.2838674e-08 9.6279640e-10]"
D:\Uni\Ulm\Master\Hiwi-Forschung-und-Lehre\FairFace\detected_faces\348886_face0.jpg,White,White,Male,30-39,"[5.8879155e-01 3.6226577e-04 1.3713823e-01 4.0842035e-05 2.2456321e-04
 2.7565505e-02 2.4587709e-01]",[7.2858536e-01 6.0956981e-03 5.2491081e-04 2.6479405e-01],[0.9676198 0.0323802],"[1.8721778e-07 6.5088469e-05 4.2707841e-03 4.8256993e-01 5.0387543e-01
 9.1946134e-03 2.3604480e-05 3.0765219e-07 8.2813694e-09]"
D:\Uni\Ulm\Master\Hiwi-Forschung-und-Lehre\FairFace\detected_faces\348902_face0.jpg,Middle Eastern,White,Male,20-29,"[2.5719565e-01 3.6265871e-03 1.3788077e-01 9.5009009e-06 5.7804133e-05
 4.5746253e-04 6.0077220e-01]",[0.8534443  0.1025608  0.00176859 0.04222635],[9.9997193e-01 2.8081176e-05],"[7.3086461e-08 1.5090446e-05 1.5658021e-02 8.0713087e-01 1.7496803e-01
 2.2156143e-03 1.2052795e-05 2.3087124e-07 4.1526631e-09]"
D:\Uni\Ulm\Master\Hiwi-Forschung-und-Lehre\FairFace\detected_faces\349126_face0.jpg,Middle Eastern,Black,Male,30-39,"[9.4477743e-02 3.1982223e-03 2.7832451e-01 4.4461660e-05 2.2148913e-04
 3.9719019e-02 5.8401453e-01]",[0.35297462 0.6006422  0.0006796  0.04570358],[9.9998271e-01 1.7348983e-05],"[1.6106311e-06 5.0872688e-05 1.1414625e-03 2.4830747e-01 6.9958496e-01
 5.0494730e-02 4.1616461e-04 2.7431824e-06 3.9334690e-08]"
D:\Uni\Ulm\Master\Hiwi-Forschung-und-Lehre\FairFace\detected_faces\349146_face0.jpg,Middle Eastern,White,Male,20-29,"[7.4372113e-02 2.9029790e-05 6.4751925e-03 1.3790473e-05 6.1766434e-05
 2.7036588e-04 9.1877776e-01]",[0.98761827 0.00175467 0.00219062 0.00843641],[9.9999672e-01 3.2418511e-06],"[1.7813515e-07 2.0896392e-05 8.0144415e-03 5.8443803e-01 3.9173168e-01
 1.5668735e-02 1.2462625e-04 1.5407561e-06 2.4537902e-08]"
D:\Uni\Ulm\Master\Hiwi-Forschung-und-Lehre\FairFace\detected_faces\349170_face0.jpg,Middle Eastern,White,Male,20-29,"[9.73315313e-02 1.03406084e-04 1.14255682e-01 1.19766360e-03
 4.91021480e-03 1.25755239e-02 7.69625902e-01]",[0.64757895 0.00609691 0.02984116 0.316483  ],[9.9999887e-01 1.1204044e-06],"[2.3333639e-06 1.2031633e-04 1.1104251e-02 6.4637494e-01 3.3061117e-01
 1.1713035e-02 7.2535811e-05 1.3832439e-06 1.9058241e-08]"
D:\Uni\Ulm\Master\Hiwi-Forschung-und-Lehre\FairFace\detected_faces\349178_face0.jpg,Middle Eastern,White,Male,20-29,"[1.8725181e-01 1.3142040e-03 4.7848672e-02 1.0657352e-05 4.4376124e-05
 9.3952211e-04 7.6259083e-01]",[9.8708731e-01 1.0668290e-02 3.2987504e-04 1.9144906e-03],[9.9999923e-01 7.8428457e-07],"[2.1402931e-07 2.2330905e-05 3.9378079e-03 6.5732950e-01 3.3201987e-01
 6.6709369e-03 1.9128300e-05 2.0981236e-07 3.3495795e-09]"
D:\Uni\Ulm\Master\Hiwi-Forschung-und-Lehre\FairFace\detected_faces\349224_face0.jpg,Middle Eastern,White,Male,30-39,"[3.8615949e-02 2.9705645e-06 3.8993382e-03 4.8880138e-06 2.2564309e-05
 9.8176789e-04 9.5647252e-01]",[9.7247517e-01 1.2541409e-03 4.5921447e-04 2.5811436e-02],[9.9982351e-01 1.7650421e-04],"[4.8829622e-07 2.4258316e-05 2.6236563e-03 4.6655816e-01 5.1739454e-01
 1.3367070e-02 3.1608077e-05 2.1806389e-07 4.9608420e-09]"
D:\Uni\Ulm\Master\Hiwi-Forschung-und-Lehre\FairFace\detected_faces\349296_face0.jpg,White,White,Male,20-29,"[9.9553674e-01 9.7097429e-05 7.4411859e-04 1.8588797e-05 2.1078309e-05
 3.7388079e-05 3.5448396e-03]",[9.99665618e-01 3.92192633e-05 1.04855986e-04 1.90270264e-04],[9.997200e-01 2.799841e-04],"[1.4302267e-07 1.3814801e-05 6.5016304e-03 4.6908510e-01 4.2972645e-01
 9.0575285e-02 4.0183230e-03 7.7486366e-05 1.8230853e-06]"
D:\Uni\Ulm\Master\Hiwi-Forschung-und-Lehre\FairFace\detected_faces\349300_face0.jpg,White,Black,Male,30-39,"[4.8596448e-01 9.1659809e-03 2.3932080e-01 1.3968880e-04 6.5822434e-04
 1.1695583e-02 2.5305516e-01]",[0.29232612 0.68273944 0.00141921 0.0235152 ],[9.9999535e-01 4.6909590e-06],"[2.1159975e-07 7.6502110e-06 5.4780697e-04 3.2833770e-01 6.4397472e-01
 2.6997656e-02 1.3314236e-04 1.0043822e-06 1.8340931e-08]"
D:\Uni\Ulm\Master\Hiwi-Forschung-und-Lehre\FairFace\detected_faces\349424_face0.jpg,Middle Eastern,Indian,Male,20-29,"[2.8972970e-02 6.2212907e-03 3.7371483e-01 3.5107307e-05 4.6703056e-04
 2.0448573e-01 3.8610300e-01]",[0.02878986 0.01206689 0.00142552 0.9577178 ],[9.9999869e-01 1.2965958e-06],"[1.0080020e-07 9.6200338e-06 3.8363722e-03 8.1047529e-01 1.8379456e-01
 1.8793717e-03 4.5739976e-06 4.9724758e-08 7.1261336e-10]"
D:\Uni\Ulm\Master\Hiwi-Forschung-und-Lehre\FairFace\detected_faces\349436_face0.jpg,White,White,Male,20-29,"[9.9936521e-01 2.3656953e-06 1.8065712e-04 8.8446004e-06 1.7110831e-05
 9.4199902e-07 4.2485594e-04]",[9.9980634e-01 3.0188452e-05 1.5943771e-04 3.9494926e-06],[9.9999881e-01 1.1362688e-06],"[1.8555124e-06 9.5714052e-04 6.6878036e-02 7.6845986e-01 1.6016117e-01
 3.5189064e-03 2.2745697e-05 2.4443679e-07 7.6108178e-09]"
D:\Uni\Ulm\Master\Hiwi-Forschung-und-Lehre\FairFace\detected_faces\349526_face0.jpg,White,White,Male,20-29,"[9.68042374e-01 1.13674854e-04 4.86826804e-03 2.45541651e-06
 6.44464990e-06 4.61467826e-05 2.69206278e-02]",[9.9915463e-01 5.7866529e-04 2.5163763e-05 2.4149762e-04],[9.999558e-01 4.423011e-05],"[6.8865506e-07 1.4767942e-05 1.1230350e-03 5.3148609e-01 4.6002933e-01
 7.3257270e-03 2.0075047e-05 2.7539519e-07 4.5756781e-09]"
D:\Uni\Ulm\Master\Hiwi-Forschung-und-Lehre\FairFace\detected_faces\349568_face0.jpg,White,White,Male,20-29,"[9.9882501e-01 3.0444849e-07 6.0957744e-05 2.2418742e-06 2.9898047e-06
 6.1223082e-06 1.1024922e-03]",[9.9950325e-01 3.5949910e-05 7.6662924e-05 3.8415164e-04],[9.9999928e-01 7.4313505e-07],"[8.3046604e-07 1.9812040e-05 1.6368846e-03 5.1371497e-01 4.7031206e-01
 1.4265805e-02 4.9333164e-05 2.5576017e-07 6.2681420e-09]"
D:\Uni\Ulm\Master\Hiwi-Forschung-und-Lehre\FairFace\detected_faces\349578_face0.jpg,Latino_Hispanic,White,Male,20-29,"[1.4139752e-01 6.0781389e-03 4.4463572e-01 9.0388894e-05 7.9942698e-04
 1.6021482e-03 4.0539658e-01]",[0.59222233 0.33599418 0.00478743 0.06699601],[9.9999863e-01 1.4004561e-06],"[2.4112881e-08 3.1565080e-05 8.5086487e-02 8.8632357e-01 2.8384741e-02
 1.7306428e-04 5.3977311e-07 7.5507698e-09 1.1756621e-10]"
D:\Uni\Ulm\Master\Hiwi-Forschung-und-Lehre\FairFace\detected_faces\349650_face0.jpg,Latino_Hispanic,White,Male,30-39,"[4.1888383e-01 6.2463846e-04 5.0781024e-01 2.9179826e-04 5.6919194e-04
 1.1058376e-03 7.0714585e-02]",[0.99261993 0.00169212 0.00209684 0.0035911 ],[9.9999994e-01 1.2037046e-07],"[1.4858499e-05 1.7358306e-04 8.2005672e-03 3.6624089e-01 5.7303971e-01
 5.1606495e-02 7.1562157e-04 8.1877424e-06 4.0124068e-08]"
D:\Uni\Ulm\Master\Hiwi-Forschung-und-Lehre\FairFace\detected_faces\349762_face0.jpg,White,White,Male,20-29,"[9.5388585e-01 7.2356211e-06 3.1693897e-03 9.9983281e-06 1.3480301e-05
 8.1055077e-05 4.2832803e-02]",[9.99725878e-01 3.88073713e-05 1.04328006e-04 1.30958389e-04],[9.9999875e-01 1.2660988e-06],"[2.6745903e-07 4.2891814e-05 1.9692015e-02 8.5632873e-01 1.2188968e-01
 2.0375263e-03 8.7864755e-06 1.1978025e-07 2.0709874e-09]"
D:\Uni\Ulm\Master\Hiwi-Forschung-und-Lehre\FairFace\detected_faces\349794_face0.jpg,Indian,Indian,Male,30-39,"[4.9409950e-03 7.3192851e-04 3.3417303e-02 4.5604801e-07 1.0156605e-05
 8.9994228e-01 6.0956847e-02]",[3.4376044e-02 1.0560278e-02 2.5023546e-04 9.5481348e-01],[9.999994e-01 5.584334e-07],"[3.98480804e-09 4.03656415e-08 1.05257695e-05 4.50728126e-02
 8.38655710e-01 1.15884252e-01 3.75962729e-04 7.31581508e-07
 5.11178611e-09]"
D:\Uni\Ulm\Master\Hiwi-Forschung-und-Lehre\FairFace\detected_faces\349800_face0.jpg,Middle Eastern,White,Male,20-29,"[1.2696117e-01 1.4752075e-03 1.5512998e-01 7.3355345e-06 4.8824368e-05
 7.9875626e-03 7.0838994e-01]",[9.4899637e-01 1.6592592e-02 5.2313140e-04 3.3887964e-02],[9.9998826e-01 1.1754573e-05],"[2.6234186e-08 9.3601057e-07 1.2479177e-03 6.8896139e-01 3.0792168e-01
 1.8628994e-03 5.0817075e-06 4.5431392e-08 7.8982598e-10]"
D:\Uni\Ulm\Master\Hiwi-Forschung-und-Lehre\FairFace\detected_faces\349848_face0.jpg,White,White,Male,20-29,"[5.9419888e-01 6.2744104e-04 2.6974630e-01 5.2109861e-04 1.1469671e-03
 7.7848053e-03 1.2597458e-01]",[0.9709299  0.00152677 0.00264659 0.02489683],[1.0000000e+00 1.2720046e-09],"[1.3723759e-07 1.1093661e-05 8.0258278e-03 7.3162442e-01 2.5315231e-01
 7.1176975e-03 6.7968125e-05 5.6893163e-07 3.0780696e-09]"
D:\Uni\Ulm\Master\Hiwi-Forschung-und-Lehre\FairFace\detected_faces\350130_face0.jpg,White,White,Male,30-39,"[6.2158370e-01 1.6953710e-04 2.0801935e-02 6.3573141e-05 1.5410806e-04
 5.2896957e-04 3.5669824e-01]",[0.9926097  0.00421138 0.00102348 0.00215549],[9.9996835e-01 3.1619926e-05],"[1.4286868e-06 1.9253586e-05 2.1744987e-03 4.3215829e-01 5.4494846e-01
 2.0584287e-02 1.1190389e-04 1.8919427e-06 2.9800136e-08]"
D:\Uni\Ulm\Master\Hiwi-Forschung-und-Lehre\FairFace\detected_faces\350170_face0.jpg,Latino_Hispanic,White,Male,30-39,"[9.6333519e-02 3.5147570e-02 5.6214625e-01 3.8101738e-05 3.8079495e-04
 5.6833785e-02 2.4911992e-01]",[9.76725519e-01 1.01276254e-02 2.75403057e-04 1.28714135e-02],[9.9999982e-01 1.7573626e-07],"[5.4657812e-07 2.1723719e-05 2.7548261e-03 3.3334619e-01 6.2049121e-01
 4.3081000e-02 3.0012525e-04 4.4305921e-06 3.6278362e-08]"
D:\Uni\Ulm\Master\Hiwi-Forschung-und-Lehre\FairFace\detected_faces\350210_face0.jpg,White,White,Male,20-29,"[6.9845980e-01 2.9960493e-04 2.7624339e-01 1.0709359e-03 5.0611990e-03
 4.0870730e-04 1.8456321e-02]",[9.7408760e-01 6.7018258e-04 2.0604197e-02 4.6380134e-03],[9.9999905e-01 9.1476181e-07],"[1.11181876e-07 1.91317318e-04 1.52320728e-01 7.55444825e-01
 8.99347961e-02 2.09313259e-03 1.48963500e-05 1.40746508e-07
 2.05512163e-09]"
D:\Uni\Ulm\Master\Hiwi-Forschung-und-Lehre\FairFace\detected_faces\350478_face0.jpg,Middle Eastern,White,Male,30-39,"[2.2783001e-01 5.8006537e-03 1.3240595e-01 2.1863532e-05 1.0040780e-04
 2.4964137e-03 6.3134474e-01]",[9.4339681e-01 4.3793559e-02 2.5307247e-04 1.2556557e-02],[9.9999720e-01 2.8158963e-06],"[1.0965191e-06 2.2779939e-05 9.5922319e-04 4.5781603e-01 5.2586693e-01
 1.5278575e-02 5.4685748e-05 7.3577155e-07 9.0033483e-09]"
D:\Uni\Ulm\Master\Hiwi-Forschung-und-Lehre\FairFace\detected_faces\350560_face0.jpg,Latino_Hispanic,White,Male,30-39,"[3.19897652e-01 1.33700995e-02 4.88602698e-01 3.72858951e-04
 8.52475991e-04 7.70133585e-02 9.98909324e-02]",[0.68605804 0.14784016 0.0014757  0.16462617],[9.999394e-01 6.066881e-05],"[1.91525614e-05 1.04678045e-04 2.03823135e-03 1.88294873e-01
 6.62255108e-01 1.37639478e-01 9.54366382e-03 1.02635713e-04
 2.12357577e-06]"
D:\Uni\Ulm\Master\Hiwi-Forschung-und-Lehre\FairFace\detected_faces\350562_face0.jpg,Latino_Hispanic,Black,Male,20-29,"[0.10351334 0.02145388 0.7717545  0.00133966 0.00792783 0.01612906
 0.07788187]",[0.12485869 0.6041778  0.06481832 0.20614523],[1.0000000e+00 2.2773362e-08],"[1.00983634e-07 3.19229048e-06 3.71857686e-03 6.46983206e-01
 3.33425552e-01 1.56352911e-02 2.31775615e-04 2.30261958e-06
 1.90428917e-08]"
D:\Uni\Ulm\Master\Hiwi-Forschung-und-Lehre\FairFace\detected_faces\350882_face0.jpg,White,White,Male,20-29,"[6.1675727e-01 2.5116615e-03 2.3328380e-01 1.9879310e-05 1.1672299e-04
 1.5936160e-03 1.4571704e-01]",[9.6268463e-01 5.2620405e-03 1.7825911e-04 3.1875078e-02],[9.9999976e-01 2.2683682e-07],"[1.8305713e-07 1.9764493e-05 1.1450505e-02 5.7615525e-01 3.9173120e-01
 2.0535788e-02 1.0544944e-04 1.9267748e-06 1.5055692e-08]"
D:\Uni\Ulm\Master\Hiwi-Forschung-und-Lehre\FairFace\detected_faces\350986_face0.jpg,Middle Eastern,White,Male,20-29,"[3.1700674e-01 3.2001812e-05 9.2014726e-03 1.6122849e-06 1.2865668e-05
 4.3416000e-04 6.7331111e-01]",[9.8404598e-01 1.2352642e-03 1.3652162e-04 1.4582230e-02],[9.9999982e-01 1.8601358e-07],"[1.61086877e-08 1.16188257e-05 1.35745965e-02 9.27218437e-01
 5.89018911e-02 2.92990590e-04 4.03404101e-07 3.45587936e-09
 4.41300989e-11]"
D:\Uni\Ulm\Master\Hiwi-Forschung-und-Lehre\FairFace\detected_faces\351000_face0.jpg,Middle Eastern,Indian,Male,40-49,"[6.7036949e-02 1.1117370e-03 1.1884505e-01 1.2741472e-04 6.8421074e-04
 2.1710530e-02 7.9048413e-01]",[0.35435912 0.02230394 0.01713814 0.6061988 ],[9.9999917e-01 7.7047213e-07],"[4.6206228e-06 4.5595451e-05 4.9089087e-04 2.1550968e-02 4.2627865e-01
 5.3461987e-01 1.6873868e-02 1.3433603e-04 1.1756149e-06]"
D:\Uni\Ulm\Master\Hiwi-Forschung-und-Lehre\FairFace\detected_faces\351030_face0.jpg,Middle Eastern,White,Male,30-39,"[1.8802032e-01 1.3468181e-05 4.1896938e-03 8.1130975e-06 3.0346850e-05
 3.5798893e-04 8.0738008e-01]",[9.9631011e-01 1.4957521e-04 9.5556708e-05 3.4448046e-03],[9.9999595e-01 4.0942114e-06],"[2.2395881e-07 9.8306755e-06 1.4884757e-03 4.5107052e-01 5.3426093e-01
 1.3141478e-02 2.8297551e-05 2.4794309e-07 4.7152127e-09]"
D:\Uni\Ulm\Master\Hiwi-Forschung-und-Lehre\FairFace\detected_faces\351086_face0.jpg,White,White,Male,10-19,"[9.4656223e-01 3.2093888e-06 2.4100516e-03 9.0382375e-05 7.4656949e-05
 3.9035003e-06 5.0855607e-02]",[9.9892676e-01 1.5149254e-04 8.8723103e-04 3.4467259e-05],[1.0000000e+00 2.0007311e-08],"[3.2193995e-08 1.4749970e-04 5.3872865e-01 4.5408899e-01 6.9681816e-03
 6.6470944e-05 1.4525281e-07 2.3712852e-09 2.0846245e-11]"
D:\Uni\Ulm\Master\Hiwi-Forschung-und-Lehre\FairFace\detected_faces\351140_face0.jpg,White,White,Male,20-29,"[8.7072033e-01 4.1177758e-04 7.3635817e-02 1.4915493e-05 6.0538605e-05
 2.0706058e-04 5.4949619e-02]",[9.9305040e-01 2.3507213e-03 2.9136656e-05 4.5697503e-03],[9.9999946e-01 5.0783211e-07],"[1.3234280e-08 1.6871672e-06 2.3357491e-03 6.8905139e-01 3.0434480e-01
 4.2582089e-03 8.0978807e-06 6.2901449e-08 7.3178874e-10]"
D:\Uni\Ulm\Master\Hiwi-Forschung-und-Lehre\FairFace\detected_faces\351434_face0.jpg,Black,Black,Male,20-29,"[1.7959519e-07 9.9999553e-01 3.1252441e-06 8.0909018e-10 1.8547139e-08
 4.0698382e-07 6.8229724e-07]",[1.0363951e-06 9.9999559e-01 6.2410663e-07 2.7009198e-06],[1.000000e+00 3.317444e-10],"[1.9584281e-08 7.3808596e-06 4.5241984e-03 7.1478689e-01 2.6670596e-01
 1.3845297e-02 1.2716792e-04 3.0530894e-06 7.0558336e-08]"
D:\Uni\Ulm\Master\Hiwi-Forschung-und-Lehre\FairFace\detected_faces\351496_face0.jpg,White,White,Male,20-29,"[8.79266441e-01 1.89704733e-05 6.28235098e-03 1.67430862e-05
 5.23967065e-05 5.02490031e-04 1.13860644e-01]",[9.9838436e-01 9.4864306e-05 1.3699398e-05 1.5070838e-03],[9.9992067e-01 7.9356483e-05],"[1.4071217e-08 1.7999207e-06 1.3021099e-03 6.6601461e-01 3.2954004e-01
 3.1376623e-03 3.6073779e-06 3.3217447e-08 7.5309492e-10]"
D:\Uni\Ulm\Master\Hiwi-Forschung-und-Lehre\FairFace\detected_faces\351498_face0.jpg,Latino_Hispanic,White,Male,40-49,"[0.11020252 0.0318506  0.66512614 0.00136097 0.0045129  0.02289825
 0.16404857]",[0.7768504  0.01595188 0.14798263 0.0592152 ],[9.9997848e-01 2.1520093e-05],"[2.8183511e-05 4.2086405e-05 3.8218577e-04 3.1113712e-02 4.3953231e-01
 4.7781700e-01 5.0142687e-02 9.3378848e-04 7.9280189e-06]"
D:\Uni\Ulm\Master\Hiwi-Forschung-und-Lehre\FairFace\detected_faces\351500_face0.jpg,White,White,Male,20-29,"[7.4433833e-01 9.1389396e-05 5.9965838e-02 5.2048141e-05 6.5264940e-05
 4.8933580e-04 1.9499785e-01]",[9.9518090e-01 1.2870663e-03 3.5649550e-04 3.1755988e-03],[9.9999958e-01 4.5797194e-07],"[1.5034224e-06 1.3872439e-05 3.3876726e-03 5.9187329e-01 3.9505905e-01
 9.6066333e-03 5.7493133e-05 5.5308931e-07 4.3004982e-09]"
D:\Uni\Ulm\Master\Hiwi-Forschung-und-Lehre\FairFace\detected_faces\351726_face0.jpg,White,White,Male,20-29,"[8.9649498e-01 8.6836029e-05 4.7784932e-03 3.9364484e-05 7.9448400e-05
 6.7495930e-05 9.8453388e-02]",[9.9338967e-01 1.8528155e-03 3.3165002e-04 4.4258595e-03],[9.999643e-01 3.567002e-05],"[4.4013882e-07 1.0154662e-05 1.6872430e-03 5.5392087e-01 4.2754862e-01
 1.6654396e-02 1.7125158e-04 6.8222812e-06 1.9298216e-07]"
D:\Uni\Ulm\Master\Hiwi-Forschung-und-Lehre\FairFace\detected_faces\351880_face0.jpg,Black,Black,Male,30-39,"[2.31356025e-05 9.99796927e-01 9.25756176e-05 1.22342215e-07
 2.25922872e-06 7.32010012e-05 1.17452755e-05]",[4.4223748e-06 9.9998438e-01 4.3131549e-06 6.9745315e-06],[9.999997e-01 3.263682e-07],"[2.6257607e-07 9.0090016e-06 1.6669539e-03 2.9068780e-01 5.7279521e-01
 1.3035895e-01 4.3867766e-03 9.2290931e-05 2.7163178e-06]"
D:\Uni\Ulm\Master\Hiwi-Forschung-und-Lehre\FairFace\detected_faces\351882_face0.jpg,Black,Black,Male,40-49,"[2.9857594e-05 9.9639493e-01 1.7863645e-03 2.2863449e-07 3.6242423e-06
 1.7540074e-03 3.0985746e-05]",[9.8268327e-05 9.9699754e-01 9.2550101e-05 2.8116354e-03],[1.0000000e+00 5.4702634e-09],"[4.0896673e-08 6.5230402e-08 2.2429907e-05 2.0420475e-02 4.0667886e-01
 5.3406137e-01 3.8532835e-02 2.8179010e-04 2.0601219e-06]"
D:\Uni\Ulm\Master\Hiwi-Forschung-und-Lehre\FairFace\detected_faces\351978_face0.jpg,Middle Eastern,White,Male,30-39,"[8.4741779e-02 2.4003409e-04 6.9141172e-02 4.0655545e-05 9.0160218e-05
 1.6145222e-02 8.2960105e-01]",[9.8887020e-01 1.3026025e-04 1.3951006e-03 9.6043665e-03],[9.9999255e-01 7.4555387e-06],"[4.5365996e-06 3.2806387e-05 2.9125260e-04 2.9619735e-02 6.3580751e-01
 3.2880855e-01 5.4089054e-03 2.6420059e-05 2.8338297e-07]"
D:\Uni\Ulm\Master\Hiwi-Forschung-und-Lehre\FairFace\detected_faces\352264_face0.jpg,White,White,Male,20-29,"[9.9774963e-01 2.0761043e-05 1.3007435e-04 4.6345809e-07 8.1235328e-07
 3.7517398e-07 2.0979263e-03]",[9.99460638e-01 5.24477218e-04 1.17436475e-05 3.08841777e-06],[9.9999988e-01 1.2232987e-07],"[3.4182957e-08 1.3084004e-04 1.3801120e-01 8.4899873e-01 1.2801424e-02
 5.7635796e-05 1.1382634e-07 2.3659548e-09 5.0168720e-11]"
D:\Uni\Ulm\Master\Hiwi-Forschung-und-Lehre\FairFace\detected_faces\352278_face0.jpg,White,White,Male,20-29,"[5.21806359e-01 1.14954441e-04 1.17849864e-01 1.28205155e-03
 1.80116959e-03 1.34719769e-02 3.43673617e-01]",[9.5802796e-01 5.0035218e-04 1.6952562e-03 3.9776456e-02],[9.9998081e-01 1.9208519e-05],"[2.6341504e-06 6.6203938e-05 4.1806446e-03 6.2161422e-01 3.6669156e-01
 7.4257869e-03 1.8685667e-05 2.9370787e-07 5.2466951e-09]"
D:\Uni\Ulm\Master\Hiwi-Forschung-und-Lehre\FairFace\detected_faces\352290_face0.jpg,White,White,Male,20-29,"[9.9990094e-01 1.4161275e-06 7.9753248e-05 5.8281714e-08 3.0576919e-07
 4.6869238e-07 1.6979679e-05]",[9.9955368e-01 2.3645135e-04 6.8104957e-05 1.4174914e-04],[9.9999440e-01 5.5892315e-06],"[3.2975631e-09 8.0475229e-07 5.6655616e-03 8.2408559e-01 1.6754022e-01
 2.6933262e-03 1.4469856e-05 6.2311727e-08 1.9576099e-09]"
D:\Uni\Ulm\Master\Hiwi-Forschung-und-Lehre\FairFace\detected_faces\352292_face0.jpg,Black,Black,Male,30-39,"[8.3759254e-08 9.9998808e-01 2.4486619e-06 2.7301789e-08 4.0828257e-07
 8.8626484e-06 1.2443746e-07]",[2.2444526e-08 9.9999839e-01 8.0286208e-07 8.2334373e-07],[9.9972975e-01 2.7024455e-04],"[1.7331877e-07 9.5091254e-06 1.8672938e-03 2.6353323e-01 5.5977309e-01
 1.6928503e-01 5.4659820e-03 6.1797567e-05 3.9020069e-06]"
D:\Uni\Ulm\Master\Hiwi-Forschung-und-Lehre\FairFace\detected_faces\352296_face0.jpg,Black,Black,Male,20-29,"[1.08880895e-05 9.99191046e-01 2.20606191e-04 2.15077904e-07
 7.05437287e-06 5.61373658e-04 8.82856239e-06]",[4.3345085e-06 9.9986470e-01 8.0372574e-06 1.2294698e-04],[9.999977e-01 2.395973e-06],"[1.0543582e-07 2.9804127e-04 1.4955410e-01 7.4804473e-01 9.6475579e-02
 5.5496781e-03 7.7060642e-05 7.3997649e-07 1.3006959e-08]"
D:\Uni\Ulm\Master\Hiwi-Forschung-und-Lehre\FairFace\detected_faces\352370_face0.jpg,White,White,Male,30-39,"[8.2609183e-01 6.2673655e-04 1.8224685e-02 1.9773838e-06 8.6623886e-06
 3.4045178e-04 1.5470570e-01]",[9.7949600e-01 1.9390509e-02 2.7391743e-05 1.0861183e-03],[9.9999982e-01 1.3476777e-07],"[1.9832657e-07 1.4227195e-06 2.6309682e-04 2.5729617e-01 6.9269347e-01
 4.9225349e-02 5.1494711e-04 5.2536184e-06 5.3664099e-08]"
D:\Uni\Ulm\Master\Hiwi-Forschung-und-Lehre\FairFace\detected_faces\352376_face0.jpg,Latino_Hispanic,Black,Male,30-39,"[1.2312738e-02 3.0865905e-01 5.7649195e-01 1.2793624e-05 4.7059052e-04
 8.4791414e-02 1.7261436e-02]",[0.00994078 0.84758395 0.01472316 0.12775208],[1.00000000e+00 1.41062655e-08],"[3.97683344e-08 2.59940975e-06 4.66390193e-04 1.57267645e-01
 7.18353987e-01 1.22028165e-01 1.87128538e-03 9.80862023e-06
 4.76996540e-08]"
D:\Uni\Ulm\Master\Hiwi-Forschung-und-Lehre\FairFace\detected_faces\352398_face0.jpg,White,White,Male,20-29,"[9.5033258e-01 1.2740164e-04 2.0463772e-02 4.3055724e-04 1.0050654e-03
 2.8085106e-04 2.7359711e-02]",[9.9706608e-01 1.3342657e-04 2.5071464e-03 2.9335634e-04],[9.9999756e-01 2.4607343e-06],"[4.40238500e-06 1.98482419e-03 3.05376410e-01 5.67931175e-01
 1.07268564e-01 1.68053061e-02 6.11479511e-04 1.74585257e-05
 2.84488920e-07]"
D:\Uni\Ulm\Master\Hiwi-Forschung-und-Lehre\FairFace\detected_faces\352430_face0.jpg,Middle Eastern,White,Male,20-29,"[4.3179959e-01 1.5338634e-04 1.0723710e-01 4.9611841e-05 1.3062698e-04
 5.4693356e-04 4.6008271e-01]",[9.8109233e-01 3.8969193e-03 2.8922770e-04 1.4721566e-02],[9.9999994e-01 3.9068251e-08],"[7.3148996e-08 2.0661399e-05 1.4993140e-02 9.4126403e-01 4.3541666e-02
 1.8016213e-04 2.2806398e-07 3.2064846e-09 2.9092343e-11]"
D:\Uni\Ulm\Master\Hiwi-Forschung-und-Lehre\FairFace\detected_faces\352448_face0.jpg,White,White,Male,30-39,"[9.2229933e-01 3.5236586e-05 1.0252100e-02 4.7612575e-05 7.4056727e-05
 3.0918643e-04 6.6982508e-02]",[9.9970388e-01 1.8010251e-05 1.2936119e-05 2.6513214e-04],[9.9999934e-01 6.0492744e-07],"[1.3963361e-07 4.4110902e-06 4.2039293e-04 1.8188527e-01 7.2290772e-01
 9.4229221e-02 5.5072387e-04 2.1215442e-06 1.9830091e-08]"
D:\Uni\Ulm\Master\Hiwi-Forschung-und-Lehre\FairFace\detected_faces\352486_face0.jpg,White,White,Male,20-29,"[4.3648371e-01 5.4725393e-04 4.2016643e-01 3.2166950e-05 1.2815936e-04
 4.1423831e-04 1.4222790e-01]",[0.87684333 0.11306322 0.00198615 0.00810735],[9.9999976e-01 2.1728634e-07],"[4.5883734e-08 8.7419112e-06 1.1068308e-02 8.5989642e-01 1.2744181e-01
 1.5797358e-03 4.8485463e-06 6.5296454e-08 7.3811701e-10]"
D:\Uni\Ulm\Master\Hiwi-Forschung-und-Lehre\FairFace\detected_faces\352544_face0.jpg,Black,Black,Male,20-29,"[4.2355073e-06 9.9991637e-01 4.1085656e-05 1.1968166e-07 2.1563876e-06
 3.1239546e-05 4.6914997e-06]",[1.0112766e-06 9.9997860e-01 9.2747796e-06 1.1147323e-05],[9.999999e-01 8.384024e-08],"[1.8898297e-07 2.7611617e-05 5.4052100e-03 4.7702721e-01 4.5041734e-01
 6.5356515e-02 1.7421271e-03 2.3022179e-05 7.9404322e-07]"
D:\Uni\Ulm\Master\Hiwi-Forschung-und-Lehre\FairFace\detected_faces\352556_face0.jpg,White,White,Male,20-29,"[9.4715947e-01 6.0121709e-04 2.3300633e-02 2.8875087e-05 1.3435466e-04
 7.0747902e-04 2.8068062e-02]",[0.9829207  0.01134858 0.00160065 0.00413007],[9.9999982e-01 1.7067708e-07],"[2.1042517e-06 2.7040356e-05 1.9583541e-03 5.7549310e-01 4.0825492e-01
 1.4117930e-02 1.4429841e-04 2.2205520e-06 4.4624230e-08]"
D:\Uni\Ulm\Master\Hiwi-Forschung-und-Lehre\FairFace\detected_faces\352562_face0.jpg,White,White,Male,30-39,"[9.96938884e-01 5.76714865e-06 1.73655862e-03 1.79794284e-07
 6.91673108e-07 1.01399355e-05 1.30777364e-03]",[9.9988991e-01 1.3238264e-05 7.8504763e-06 8.8978108e-05],[9.999999e-01 9.244632e-08],"[1.6887542e-08 1.3816000e-07 2.0139714e-04 4.0206841e-01 5.6927240e-01
 2.8242581e-02 2.1289816e-04 2.1709568e-06 1.9651548e-08]"
D:\Uni\Ulm\Master\Hiwi-Forschung-und-Lehre\FairFace\detected_faces\352568_face0.jpg,Middle Eastern,White,Male,20-29,"[7.4689314e-02 7.5573418e-03 9.1953404e-02 4.1889492e-05 1.9219515e-04
 4.0588691e-03 8.2150698e-01]",[0.7020326  0.25011542 0.00085809 0.04699394],[9.9999994e-01 9.9438026e-08],"[1.2258697e-06 5.9797989e-05 5.2979309e-03 5.0916493e-01 4.6165586e-01
 2.3650981e-02 1.6583003e-04 3.4149564e-06 4.1896698e-08]"
D:\Uni\Ulm\Master\Hiwi-Forschung-und-Lehre\FairFace\detected_faces\352594_face0.jpg,White,White,Male,20-29,"[6.0743248e-01 3.3986900e-04 2.1416269e-02 1.4993247e-04 2.5783805e-04
 1.1133242e-04 3.7029228e-01]",[9.8602289e-01 1.1985591e-02 1.7894136e-03 2.0216337e-04],[9.9996746e-01 3.2531265e-05],"[7.0133495e-07 7.6508155e-04 2.8498274e-01 6.4337134e-01 6.8524010e-02
 2.3324804e-03 2.3303728e-05 3.1303094e-07 7.3221935e-09]"
D:\Uni\Ulm\Master\Hiwi-Forschung-und-Lehre\FairFace\detected_faces\352608_face0.jpg,White,White,Male,30-39,"[7.9483366e-01 9.4214367e-04 6.9748878e-02 2.2136934e-05 6.4164538e-05
 1.4716226e-03 1.3291745e-01]",[0.9789235  0.01441265 0.00107303 0.00559082],[9.9999523e-01 4.7464209e-06],"[8.9834742e-08 2.9460216e-06 1.4275055e-03 3.6818311e-01 5.8604574e-01
 4.3673273e-02 6.6281902e-04 4.4090284e-06 5.9235678e-08]"
D:\Uni\Ulm\Master\Hiwi-Forschung-und-Lehre\FairFace\detected_faces\352610_face0.jpg,Latino_Hispanic,White,Male,20-29,"[3.3816367e-01 8.1730979e-03 5.8595681e-01 1.6199001e-05 1.0257727e-04
 7.8090606e-03 5.9778661e-02]",[9.5459878e-01 2.3112154e-02 4.2466223e-04 2.1864355e-02],[9.9999976e-01 2.3117838e-07],"[2.9593616e-08 7.1932038e-07 1.0483516e-03 5.7170337e-01 4.1520792e-01
 1.1962584e-02 7.6708391e-05 3.1572392e-07 2.7413101e-09]"
D:\Uni\Ulm\Master\Hiwi-Forschung-und-Lehre\FairFace\detected_faces\352614_face0.jpg,White,White,Male,20-29,"[7.0419574e-01 2.0233229e-04 2.6880067e-02 1.7772149e-05 3.5628680e-05
 1.8876349e-04 2.6847968e-01]",[9.98818994e-01 5.43734583e-04 1.19353754e-04 5.18054992e-04],[9.9999613e-01 3.8675853e-06],"[1.4188522e-07 2.6378711e-05 6.9254991e-03 8.3894676e-01 1.5271428e-01
 1.3846667e-03 2.2580621e-06 2.7413156e-08 4.3486262e-10]"
D:\Uni\Ulm\Master\Hiwi-Forschung-und-Lehre\FairFace\detected_faces\352650_face0.jpg,Black,Black,Male,30-39,"[1.6287383e-06 9.9938202e-01 1.8959615e-04 4.0900434e-07 3.0803491e-05
 3.8111577e-04 1.4465324e-05]",[4.0864284e-06 9.9924809e-01 4.9649228e-05 6.9820881e-04],[9.9999988e-01 1.1698888e-07],"[1.4011880e-08 3.2443214e-07 6.1794551e-04 4.0210080e-01 5.4733574e-01
 4.9350608e-02 5.9052242e-04 3.8788971e-06 1.4225972e-07]"
D:\Uni\Ulm\Master\Hiwi-Forschung-und-Lehre\FairFace\detected_faces\352654_face0.jpg,White,White,Male,20-29,"[8.7314206e-01 1.4932206e-04 8.4867021e-03 2.1492651e-04 4.9427210e-04
 4.6230832e-04 1.1705048e-01]",[9.9090558e-01 1.2932345e-04 5.4743618e-04 8.4176604e-03],[9.999965e-01 3.566639e-06],"[2.8609181e-06 3.5917392e-04 9.0535268e-02 7.8918040e-01 1.1545093e-01
 4.3917107e-03 7.5181146e-05 4.3838363e-06 1.0564072e-07]"
D:\Uni\Ulm\Master\Hiwi-Forschung-und-Lehre\FairFace\detected_faces\352668_face0.jpg,Black,Black,Male,30-39,"[7.0464080e-07 9.9992251e-01 8.7720582e-06 3.5340552e-08 8.3837892e-07
 6.5904191e-05 1.1057922e-06]",[8.3700519e-07 9.9995863e-01 4.2266915e-06 3.6284215e-05],[9.9999517e-01 4.7868884e-06],"[4.2722608e-09 1.2189595e-07 1.5541262e-04 2.4265659e-01 6.8140072e-01
 7.3992968e-02 1.7670232e-03 2.6055806e-05 1.1191441e-06]"
D:\Uni\Ulm\Master\Hiwi-Forschung-und-Lehre\FairFace\detected_faces\352676_face0.jpg,Black,Black,Male,30-39,"[2.2192864e-06 9.9998051e-01 1.5732625e-05 1.2077523e-08 1.1039585e-07
 5.8707673e-07 9.8965916e-07]",[1.2642417e-06 9.9999613e-01 2.3048003e-06 3.3531089e-07],[9.9999946e-01 5.5864092e-07],"[1.05438716e-07 5.01263776e-06 1.88992149e-03 4.32933122e-01
 5.06276667e-01 5.76561391e-02 1.22198102e-03 1.63877066e-05
 6.20887363e-07]"
D:\Uni\Ulm\Master\Hiwi-Forschung-und-Lehre\FairFace\detected_faces\352678_face0.jpg,White,White,Male,20-29,"[9.9756217e-01 3.6676975e-06 5.6712539e-04 4.9972500e-06 6.2667905e-06
 1.7026478e-06 1.8540616e-03]",[9.9866259e-01 7.2495209e-04 5.0716056e-04 1.0519384e-04],[1.0000000e+00 4.4999965e-08],"[5.4538024e-08 7.4245877e-06 1.0103034e-02 8.2885355e-01 1.5953761e-01
 1.4950024e-03 3.3435138e-06 2.4783779e-08 3.4399680e-10]"
D:\Uni\Ulm\Master\Hiwi-Forschung-und-Lehre\FairFace\detected_faces\352728_face0.jpg,White,White,Male,30-39,"[9.9331212e-01 2.6783668e-05 1.2203219e-03 4.9361342e-06 1.2920723e-05
 1.8533690e-05 5.4044225e-03]",[9.99548256e-01 1.14365714e-04 2.47432676e-04 8.98317667e-05],[9.9993646e-01 6.3579791e-05],"[5.7620088e-07 2.8884639e-05 1.0226029e-03 4.6980226e-01 5.2127618e-01
 7.8563215e-03 1.3013094e-05 1.2557790e-07 3.9558290e-09]"
D:\Uni\Ulm\Master\Hiwi-Forschung-und-Lehre\FairFace\detected_faces\352732_face0.jpg,Middle Eastern,White,Male,20-29,"[1.3692939e-01 1.1878154e-02 3.8807279e-01 4.6696830e-05 1.8820143e-04
 5.3044180e-03 4.5758030e-01]",[9.4766116e-01 4.6746068e-02 2.6721481e-04 5.3256080e-03],[9.9999648e-01 3.4607347e-06],"[1.1296434e-06 6.9233633e-05 3.2599287e-03 6.3470829e-01 3.5523832e-01
 6.7043183e-03 1.8561201e-05 2.3325050e-07 3.2370717e-09]"
D:\Uni\Ulm\Master\Hiwi-Forschung-und-Lehre\FairFace\detected_faces\352736_face0.jpg,White,White,Male,30-39,"[5.9631920e-01 6.9241831e-04 1.5697259e-01 1.6325483e-05 1.0163057e-04
 2.4894949e-02 2.2100285e-01]",[9.9250853e-01 1.5300182e-04 4.1974610e-05 7.2964909e-03],[9.998830e-01 1.170588e-04],"[1.1580101e-05 1.8578503e-04 4.5533027e-03 1.1336791e-01 6.8117917e-01
 1.9600558e-01 4.6555777e-03 4.0557956e-05 4.8731874e-07]"
D:\Uni\Ulm\Master\Hiwi-Forschung-und-Lehre\FairFace\detected_faces\352748_face0.jpg,White,White,Male,20-29,"[0.69269335 0.00605852 0.10229485 0.00185151 0.0033896  0.00240675
 0.19130525]",[0.6356477  0.31991693 0.00455318 0.03988223],[9.999056e-01 9.440808e-05],"[9.1091898e-08 4.9750161e-06 3.9137662e-03 7.2429574e-01 2.6886585e-01
 2.9062273e-03 1.3031080e-05 2.8199409e-07 8.0275644e-09]"
D:\Uni\Ulm\Master\Hiwi-Forschung-und-Lehre\FairFace\detected_faces\352750_face0.jpg,White,White,Male,30-39,"[5.2722108e-01 1.1319246e-02 1.7293449e-01 2.0387317e-05 1.2703883e-04
 5.0646476e-03 2.8331310e-01]",[0.8747471  0.0880687  0.00197549 0.03520878],[9.9999475e-01 5.2979149e-06],"[1.3349641e-07 1.8204038e-06 2.7091740e-04 2.8311732e-01 6.8396664e-01
 3.2396242e-02 2.4509462e-04 1.8155191e-06 2.9763250e-08]"
D:\Uni\Ulm\Master\Hiwi-Forschung-und-Lehre\FairFace\detected_faces\352766_face0.jpg,Middle Eastern,White,Male,30-39,"[4.3021083e-01 1.3156085e-02 2.9551582e-02 6.8229624e-06 2.6746922e-05
 6.7297532e-04 5.2637494e-01]",[9.4395751e-01 2.4394391e-02 1.0931997e-04 3.1538822e-02],[9.9998009e-01 1.9912182e-05],"[2.3579257e-06 1.0840750e-04 1.3565358e-03 1.4792801e-01 7.6780045e-01
 8.1953607e-02 8.4248767e-04 7.9969404e-06 1.7888173e-07]"
D:\Uni\Ulm\Master\Hiwi-Forschung-und-Lehre\FairFace\detected_faces\352768_face0.jpg,Black,Black,Male,30-39,"[5.6794968e-05 9.8974144e-01 1.4747008e-03 6.1834066e-07 1.6237411e-05
 7.4193035e-03 1.2910003e-03]",[2.8231958e-05 9.9798679e-01 1.6342867e-04 1.8214788e-03],[9.9987042e-01 1.2955966e-04],"[1.6158333e-07 5.1419465e-06 1.9475071e-03 3.5788715e-01 6.0900891e-01
 3.0907203e-02 2.4137968e-04 2.4708436e-06 5.7319461e-08]"
D:\Uni\Ulm\Master\Hiwi-Forschung-und-Lehre\FairFace\detected_faces\352770_face0.jpg,Black,Black,Male,20-29,"[2.0080559e-05 9.9932301e-01 3.0029600e-04 2.6819768e-07 5.6901795e-06
 3.2910710e-04 2.1596994e-05]",[1.0258219e-04 9.9096626e-01 8.3229435e-04 8.0989487e-03],[9.9999529e-01 4.7122385e-06],"[1.2099581e-08 3.5873936e-07 9.2534500e-04 5.3807038e-01 4.3988368e-01
 2.0747606e-02 3.6207947e-04 1.0115925e-05 4.5845627e-07]"
D:\Uni\Ulm\Master\Hiwi-Forschung-und-Lehre\FairFace\detected_faces\352802_face0.jpg,Latino_Hispanic,White,Male,20-29,"[0.3666891  0.00254936 0.4901771  0.00624192 0.01950202 0.00251682
 0.11232363]",[0.7639679  0.05198191 0.1769738  0.00707649],[1.00000e+00 9.47629e-09],"[4.2342506e-08 1.2743195e-04 1.6448198e-01 8.0924940e-01 2.5928808e-02
 2.1153525e-04 8.2578367e-07 1.9260909e-08 1.7812289e-10]"
D:\Uni\Ulm\Master\Hiwi-Forschung-und-Lehre\FairFace\detected_faces\352922_face0.jpg,Black,Black,Male,20-29,"[2.7176163e-06 9.9994552e-01 3.6469883e-05 3.9185636e-08 5.6289946e-07
 1.6614124e-06 1.3089734e-05]",[6.9461692e-07 9.9999011e-01 5.9462805e-06 3.2348817e-06],[9.9997181e-01 2.8205874e-05],"[5.9812710e-06 7.4248237e-04 2.8413065e-02 6.0911673e-01 3.3816099e-01
 2.3445515e-02 1.1300283e-04 2.0725813e-06 1.4372782e-07]"
D:\Uni\Ulm\Master\Hiwi-Forschung-und-Lehre\FairFace\detected_faces\352938_face0.jpg,Black,Black,Male,20-29,"[5.0624226e-07 9.9999297e-01 2.8619672e-06 5.7751448e-10 1.1026100e-08
 2.6730440e-06 1.0065286e-06]",[3.3960401e-07 9.9999660e-01 1.9966305e-07 2.9121472e-06],[9.999999e-01 9.976991e-08],"[1.0543316e-08 2.8845304e-06 1.0382787e-03 5.0515306e-01 4.7055385e-01
 2.3142826e-02 1.0829851e-04 7.6115111e-07 2.7118892e-08]"
D:\Uni\Ulm\Master\Hiwi-Forschung-und-Lehre\FairFace\detected_faces\352964_face0.jpg,Black,Black,Male,20-29,"[9.1510752e-05 9.3348718e-01 2.3933109e-03 1.6288643e-04 3.2390938e-03
 6.0579844e-02 4.6166591e-05]",[7.4752817e-05 9.9232125e-01 7.3257822e-04 6.8713576e-03],[9.9935275e-01 6.4726640e-04],"[4.9311774e-07 4.2168343e-05 8.4281983e-03 5.5182207e-01 4.1860953e-01
 2.0839432e-02 2.5172360e-04 6.1871056e-06 2.2528442e-07]"
D:\Uni\Ulm\Master\Hiwi-Forschung-und-Lehre\FairFace\detected_faces\352966_face0.jpg,Black,Black,Male,20-29,"[1.4209617e-07 9.9999422e-01 2.1042374e-06 4.4862905e-10 2.1838501e-08
 3.2769824e-06 3.1349941e-07]",[2.2581185e-07 9.9999875e-01 2.2275239e-07 8.4696001e-07],[1.0000000e+00 2.5638607e-09],"[6.8096778e-10 8.9781128e-07 8.4504103e-03 9.1978556e-01 7.0743799e-02
 1.0145468e-03 4.7772178e-06 5.0669456e-08 9.8843611e-10]"
D:\Uni\Ulm\Master\Hiwi-Forschung-und-Lehre\FairFace\detected_faces\352986_face0.jpg,White,White,Male,20-29,"[9.99568462e-01 2.62415142e-06 1.26246363e-04 1.18388215e-07
 3.52762385e-07 1.10722635e-06 3.01151304e-04]",[9.9961495e-01 3.3733703e-04 1.2735523e-05 3.4982018e-05],[9.9999994e-01 4.2539707e-08],"[4.4877311e-08 1.2271965e-05 1.2312292e-02 9.2242825e-01 6.4692192e-02
 5.5284449e-04 2.0678283e-06 1.9158628e-08 3.2527425e-10]"
D:\Uni\Ulm\Master\Hiwi-Forschung-und-Lehre\FairFace\detected_faces\353130_face0.jpg,White,White,Male,30-39,"[5.5619490e-01 2.3805976e-03 3.8510317e-01 5.4050412e-05 2.4833012e-04
 1.5378058e-03 5.4481171e-02]",[9.7870654e-01 1.5683642e-02 5.9610768e-04 5.0137397e-03],[9.9995387e-01 4.6083049e-05],"[4.2086938e-07 6.0314624e-06 2.8050025e-03 4.5179355e-01 5.0790447e-01
 3.6709875e-02 7.6401356e-04 1.6451309e-05 2.2969574e-07]"
D:\Uni\Ulm\Master\Hiwi-Forschung-und-Lehre\FairFace\detected_faces\353132_face0.jpg,Middle Eastern,White,Male,20-29,"[1.7739753e-01 4.6471530e-04 6.8128638e-02 1.0324842e-04 2.0260474e-04
 8.7628048e-03 7.4494052e-01]",[9.6459651e-01 1.3730056e-02 7.7431143e-04 2.0899121e-02],[9.999734e-01 2.652989e-05],"[4.9393443e-06 8.8627407e-05 3.6997797e-03 5.1757550e-01 4.6251285e-01
 1.6042098e-02 7.5157397e-05 1.0700535e-06 2.0169578e-08]"
D:\Uni\Ulm\Master\Hiwi-Forschung-und-Lehre\FairFace\detected_faces\353138_face0.jpg,White,White,Male,20-29,"[9.8004544e-01 5.3955573e-06 1.6667754e-03 4.1187636e-06 2.0022131e-05
 1.3775363e-05 1.8244460e-02]",[9.9981529e-01 1.0043261e-04 2.2636481e-05 6.1586143e-05],[9.9999994e-01 6.6995483e-08],"[8.2593328e-07 6.2641711e-04 7.0423633e-02 6.7700267e-01 2.4326207e-01
 8.6544463e-03 2.9421924e-05 5.1240244e-07 5.0940687e-09]"
D:\Uni\Ulm\Master\Hiwi-Forschung-und-Lehre\FairFace\detected_faces\353154_face0.jpg,Latino_Hispanic,White,Male,30-39,"[3.5650948e-01 2.2783454e-03 5.1384264e-01 2.5721121e-04 5.9952791e-04
 2.9634638e-02 9.6878245e-02]",[9.7336972e-01 2.6106269e-03 4.3308869e-04 2.3586608e-02],[9.9999744e-01 2.5050042e-06],"[1.68173995e-06 2.56847379e-05 2.82369321e-04 1.24025464e-01
 8.02482247e-01 7.28641450e-02 3.16112651e-04 2.29857619e-06
 2.25137846e-08]"
D:\Uni\Ulm\Master\Hiwi-Forschung-und-Lehre\FairFace\detected_faces\353210_face0.jpg,White,White,Male,20-29,"[6.5389079e-01 9.3927402e-03 8.6604796e-02 1.4394197e-06 2.6924534e-05
 2.7477501e-02 2.2260582e-01]",[9.6326244e-01 1.9331113e-02 1.3827951e-05 1.7392669e-02],[9.9999934e-01 6.9938642e-07],"[9.2670359e-07 6.9498004e-05 4.0003983e-03 5.9384966e-01 3.8549861e-01
 1.6482510e-02 9.7056742e-05 1.3970699e-06 3.1190730e-08]"
D:\Uni\Ulm\Master\Hiwi-Forschung-und-Lehre\FairFace\detected_faces\353224_face0.jpg,Middle Eastern,Indian,Male,20-29,"[1.9441893e-02 4.7366574e-02 2.2350101e-01 1.9533984e-06 2.6009817e-05
 2.2970229e-02 6.8669230e-01]",[0.12909053 0.23722175 0.00395343 0.62973434],[9.9999994e-01 5.3278178e-08],"[1.2733081e-08 7.6805952e-07 6.1767345e-04 5.3846490e-01 4.5098296e-01
 9.9022696e-03 3.1134026e-05 2.9643766e-07 2.3436622e-09]"
D:\Uni\Ulm\Master\Hiwi-Forschung-und-Lehre\FairFace\detected_faces\353250_face0.jpg,White,White,Male,30-39,"[9.9526054e-01 2.4953836e-06 7.9572503e-04 2.4239864e-05 2.0961386e-05
 4.4447534e-06 3.8916136e-03]",[9.9990261e-01 3.6659324e-06 7.3485411e-05 2.0270203e-05],[1.0000000e+00 1.3704544e-08],"[1.1437739e-06 6.1663013e-05 9.7859493e-03 3.4085634e-01 6.0163933e-01
 4.7311973e-02 3.4210327e-04 1.4537719e-06 8.4093577e-09]"
D:\Uni\Ulm\Master\Hiwi-Forschung-und-Lehre\FairFace\detected_faces\353252_face0.jpg,White,White,Male,20-29,"[9.8130399e-01 6.1578117e-05 1.0891192e-02 8.6082960e-05 9.4261668e-05
 3.9443265e-05 7.5234212e-03]",[9.9962944e-01 4.5390574e-05 1.4652124e-04 1.7866278e-04],[9.9999344e-01 6.5357849e-06],"[2.7876025e-08 1.2051547e-05 2.6831204e-02 9.0237629e-01 7.0146129e-02
 6.3137023e-04 2.9207026e-06 3.5462108e-08 5.9779137e-10]"
D:\Uni\Ulm\Master\Hiwi-Forschung-und-Lehre\FairFace\detected_faces\353262_face0.jpg,White,White,Male,20-29,"[9.0403712e-01 6.2754603e-05 1.8250637e-02 2.2731032e-05 6.7648019e-05
 9.3956180e-05 7.7465206e-02]",[9.8937565e-01 4.7493586e-03 4.9812073e-04 5.3768568e-03],[9.999999e-01 1.342565e-07],"[2.6892042e-09 6.7541885e-07 4.9918443e-03 9.4900715e-01 4.5868210e-02
 1.3194769e-04 1.7689655e-07 2.4040232e-09 3.2174447e-11]"
D:\Uni\Ulm\Master\Hiwi-Forschung-und-Lehre\FairFace\detected_faces\354172_face0.jpg,White,White,Male,20-29,"[8.87776256e-01 1.95298071e-05 3.04924604e-03 2.16110457e-05
 2.86370687e-05 1.23872087e-04 1.08980864e-01]",[9.98297930e-01 7.52631167e-04 1.02342216e-04 8.47103831e-04],[9.9961817e-01 3.8179857e-04],"[4.7730339e-07 2.7927553e-04 1.1893910e-01 7.8115302e-01 9.6839458e-02
 2.7437140e-03 4.3494405e-05 1.3360925e-06 7.2025692e-08]"
D:\Uni\Ulm\Master\Hiwi-Forschung-und-Lehre\FairFace\detected_faces\354558_face0.jpg,White,White,Male,20-29,"[7.3320639e-01 3.4360604e-03 1.9440910e-01 2.3017001e-05 1.2574048e-04
 1.7896923e-04 6.8620712e-02]",[9.1240835e-01 8.6500712e-02 2.7935149e-04 8.1150839e-04],[1.0000000e+00 1.1976617e-08],"[1.5653107e-08 1.1955098e-06 1.2675172e-02 9.1633207e-01 7.0279054e-02
 7.1027887e-04 2.1628600e-06 2.8340926e-08 2.0742555e-10]"
D:\Uni\Ulm\Master\Hiwi-Forschung-und-Lehre\FairFace\detected_faces\354576_face0.jpg,White,White,Male,20-29,"[9.9915177e-01 2.9985615e-05 1.4419160e-04 1.4391997e-06 2.9638311e-06
 1.7647390e-06 6.6798186e-04]",[9.998635e-01 7.478798e-05 5.174207e-05 9.980294e-06],[9.9999994e-01 9.2345203e-08],"[8.0023753e-08 1.0087344e-05 5.9644477e-03 8.0174714e-01 1.8992934e-01
 2.3354117e-03 1.3416777e-05 1.2327659e-07 3.4857732e-09]"
D:\Uni\Ulm\Master\Hiwi-Forschung-und-Lehre\FairFace\detected_faces\354770_face0.jpg,Southeast Asian,Black,Male,20-29,"[0.00432846 0.33040926 0.24655795 0.01937324 0.36357656 0.01232896
 0.02342561]",[0.00101325 0.92892647 0.06619934 0.00386095],[9.9996734e-01 3.2647567e-05],"[2.11557463e-07 3.24102934e-04 2.17614010e-01 7.46151090e-01
 3.49202529e-02 9.77875199e-04 1.20322275e-05 4.78094307e-07
 1.58545888e-08]"
D:\Uni\Ulm\Master\Hiwi-Forschung-und-Lehre\FairFace\detected_faces\354782_face0.jpg,White,White,Male,20-29,"[9.9908799e-01 8.6167975e-06 2.7187634e-04 3.4884263e-07 7.6048099e-07
 4.3196715e-06 6.2604470e-04]",[9.9961966e-01 3.0823218e-04 2.3981069e-05 4.8128059e-05],[9.999995e-01 4.731787e-07],"[2.5934170e-07 7.2501730e-06 1.6340951e-03 5.1004732e-01 4.6427000e-01
 2.3763077e-02 2.7604058e-04 1.9979548e-06 3.4490725e-08]"
D:\Uni\Ulm\Master\Hiwi-Forschung-und-Lehre\FairFace\detected_faces\354802_face0.jpg,White,White,Male,30-39,"[9.5205814e-01 9.5695490e-05 2.7247702e-03 2.9229863e-05 9.8875498e-05
 4.6384252e-05 4.4946808e-02]",[9.8857617e-01 1.0626562e-02 4.5474913e-04 3.4248002e-04],[9.9999833e-01 1.6912259e-06],"[6.2692638e-06 1.3600153e-04 3.8909973e-03 4.6319857e-01 5.1451987e-01
 1.7977541e-02 2.6110242e-04 9.3188064e-06 3.7747000e-07]"
D:\Uni\Ulm\Master\Hiwi-Forschung-und-Lehre\FairFace\detected_faces\354808_face0.jpg,Middle Eastern,Indian,Male,30-39,"[4.6620835e-02 9.1207381e-03 3.4360126e-01 3.8911026e-06 9.5316580e-05
 1.0512485e-01 4.9543315e-01]",[0.44417673 0.08487412 0.00161458 0.46933457],[9.9999440e-01 5.6087747e-06],"[7.5441397e-07 8.3673667e-06 1.2895208e-03 2.4631286e-01 6.7402405e-01
 7.6771863e-02 1.5731584e-03 1.9226809e-05 2.0323822e-07]"
D:\Uni\Ulm\Master\Hiwi-Forschung-und-Lehre\FairFace\detected_faces\354860_face0.jpg,White,White,Male,20-29,"[9.9978930e-01 3.9186334e-06 7.6962417e-05 6.5055656e-07 2.0075154e-06
 1.0466449e-06 1.2614083e-04]",[9.9683058e-01 2.9789659e-03 6.5503584e-05 1.2489301e-04],[9.999157e-01 8.425857e-05],"[1.7077200e-07 3.0610128e-05 2.5684748e-02 8.9704907e-01 7.5728811e-02
 1.4858523e-03 2.0295138e-05 4.4114753e-07 2.2787392e-08]"
D:\Uni\Ulm\Master\Hiwi-Forschung-und-Lehre\FairFace\detected_faces\354878_face0.jpg,Middle Eastern,White,Male,20-29,"[1.7713936e-01 4.9657276e-04 1.7146061e-01 1.9558100e-03 4.2111347e-03
 6.3296827e-03 6.3840681e-01]",[0.9754892  0.00400122 0.00768963 0.01282002],[1.0000000e+00 3.8457017e-08],"[6.8220274e-08 1.8231214e-06 1.7246206e-03 5.7807904e-01 4.0465367e-01
 1.5378846e-02 1.5813544e-04 3.7995187e-06 3.9972782e-08]"
D:\Uni\Ulm\Master\Hiwi-Forschung-und-Lehre\FairFace\detected_faces\355024_face0.jpg,White,White,Male,20-29,"[9.7093457e-01 2.7561616e-06 1.4345355e-03 1.8494220e-05 3.8123493e-05
 3.3916622e-05 2.7537555e-02]",[9.9891102e-01 1.9733571e-04 2.3436914e-04 6.5725809e-04],[9.9999988e-01 6.2512804e-08],"[1.8649496e-07 3.4580436e-05 1.3463531e-02 8.8709992e-01 9.8291993e-02
 1.1069953e-03 2.7354556e-06 2.5813748e-08 4.3749482e-10]"
D:\Uni\Ulm\Master\Hiwi-Forschung-und-Lehre\FairFace\detected_faces\355046_face0.jpg,White,White,Male,20-29,"[9.0494251e-01 8.5290863e-05 3.5412211e-02 1.4901365e-04 3.2172329e-04
 1.3072715e-04 5.8958478e-02]",[0.9884894  0.00456321 0.00508914 0.00185827],[9.9999928e-01 7.6296425e-07],"[1.4604939e-08 1.9874105e-05 1.0621391e-01 8.7973094e-01 1.3903835e-02
 1.3033843e-04 1.0094611e-06 1.7823442e-08 2.0339991e-10]"
D:\Uni\Ulm\Master\Hiwi-Forschung-und-Lehre\FairFace\detected_faces\355048_face0.jpg,White,White,Male,20-29,"[9.7398365e-01 2.7435228e-05 1.0205718e-02 5.1081679e-06 1.7892187e-05
 1.4515627e-04 1.5614974e-02]",[9.1803885e-01 2.6109321e-03 3.3097054e-04 7.9019263e-02],[9.9999702e-01 2.9506846e-06],"[6.5807825e-08 2.0498843e-05 4.4884827e-02 8.1483901e-01 1.3784146e-01
 2.4054993e-03 8.5772108e-06 9.8643142e-08 1.2120083e-09]"
D:\Uni\Ulm\Master\Hiwi-Forschung-und-Lehre\FairFace\detected_faces\355072_face0.jpg,White,White,Male,30-39,"[5.83563387e-01 1.12522015e-04 1.52146250e-01 4.12511959e-04
 6.71095157e-04 1.18731707e-01 1.44362494e-01]",[9.5457464e-01 4.0490628e-05 8.4670354e-03 3.6917873e-02],[9.999914e-01 8.532591e-06],"[6.4456721e-08 1.2123141e-06 1.2269776e-04 6.1846972e-02 7.9250324e-01
 1.4498809e-01 5.3652760e-04 1.1742029e-06 8.8581391e-09]"
D:\Uni\Ulm\Master\Hiwi-Forschung-und-Lehre\FairFace\detected_faces\355076_face0.jpg,Middle Eastern,White,Male,20-29,"[3.9298958e-01 5.8011478e-04 1.6660060e-01 4.9951308e-05 2.4475466e-04
 5.6767967e-03 4.3385819e-01]",[9.4740736e-01 8.7063266e-03 6.3177227e-04 4.3254476e-02],[9.9999958e-01 4.4415856e-07],"[3.44894971e-07 3.66110326e-05 1.03556132e-02 8.76231909e-01
 1.11232862e-01 2.13258597e-03 1.00440775e-05 1.53674208e-07
 1.94911354e-09]"
D:\Uni\Ulm\Master\Hiwi-Forschung-und-Lehre\FairFace\detected_faces\355088_face0.jpg,White,White,Male,20-29,"[9.9670184e-01 1.1391671e-05 1.9759894e-03 1.1376592e-05 3.1360891e-05
 5.6985709e-06 1.2624343e-03]",[9.9910414e-01 3.1248722e-04 2.6454896e-04 3.1887688e-04],[9.9999934e-01 6.9900267e-07],"[5.4053334e-08 2.3864408e-05 2.3519939e-02 8.1890601e-01 1.5160753e-01
 5.8759390e-03 6.5763823e-05 8.4954769e-07 1.5586805e-08]"
D:\Uni\Ulm\Master\Hiwi-Forschung-und-Lehre\FairFace\detected_faces\355152_face0.jpg,Black,Black,Male,20-29,"[3.73133253e-06 9.99244153e-01 2.53084116e-04 3.04751370e-06
 1.11261426e-04 3.83490726e-04 1.26299233e-06]",[4.9917944e-06 9.9985629e-01 7.7592304e-05 6.1116087e-05],[0.99630964 0.00369037],"[5.1874412e-07 4.4884204e-04 1.4947262e-01 7.7295208e-01 7.2765648e-02
 4.2435993e-03 1.1378052e-04 2.7282988e-06 1.2217536e-07]"
D:\Uni\Ulm\Master\Hiwi-Forschung-und-Lehre\FairFace\detected_faces\355154_face0.jpg,Black,Black,Male,20-29,"[1.0251243e-02 3.8932449e-01 2.4786118e-01 3.8107507e-06 1.3197631e-04
 2.8945372e-01 6.2973492e-02]",[1.9957917e-03 8.6996907e-01 1.1195361e-04 1.2792322e-01],[9.999373e-01 6.273015e-05],"[1.4764238e-07 3.7289954e-06 2.3775089e-03 5.5874449e-01 4.2515579e-01
 1.3539216e-02 1.7516840e-04 3.8884364e-06 5.9219630e-08]"
D:\Uni\Ulm\Master\Hiwi-Forschung-und-Lehre\FairFace\detected_faces\355486_face0.jpg,White,White,Male,20-29,"[9.7736758e-01 2.0229752e-06 1.5525558e-03 1.3138704e-06 6.2460640e-06
 3.3904817e-05 2.1036377e-02]",[9.8915547e-01 1.7980408e-03 7.2169903e-04 8.3247861e-03],[9.9999982e-01 1.4914409e-07],"[7.2653350e-09 2.5824690e-07 1.0803961e-03 7.5849885e-01 2.3668562e-01
 3.7242295e-03 1.0552589e-05 5.6553866e-08 8.2435636e-10]"
D:\Uni\Ulm\Master\Hiwi-Forschung-und-Lehre\FairFace\detected_faces\355492_face0.jpg,White,White,Male,30-39,"[9.94007885e-01 1.68982631e-04 8.04942159e-04 5.14066487e-05
 1.21482015e-04 1.06978268e-05 4.83465660e-03]",[9.9372399e-01 3.8410826e-03 2.1568923e-03 2.7806315e-04],[9.999957e-01 4.292425e-06],"[7.4886780e-06 7.7252153e-05 6.1574078e-04 1.9242497e-01 7.5182992e-01
 5.4460235e-02 5.7522341e-04 8.7467688e-06 4.1560301e-07]"
D:\Uni\Ulm\Master\Hiwi-Forschung-und-Lehre\FairFace\detected_faces\355528_face0.jpg,White,White,Male,20-29,"[9.94425178e-01 9.22187792e-06 2.18656263e-03 5.91132857e-06
 2.07206376e-05 1.02125505e-05 3.34213441e-03]",[9.9656957e-01 8.1481703e-04 1.1941259e-03 1.4215620e-03],[9.998502e-01 1.497899e-04],"[6.4263290e-08 1.1523687e-06 5.9381286e-03 4.6749544e-01 3.5056213e-01
 1.4901744e-01 2.5979768e-02 9.9085737e-04 1.5005730e-05]"
D:\Uni\Ulm\Master\Hiwi-Forschung-und-Lehre\FairFace\detected_faces\355582_face0.jpg,White,White,Male,30-39,"[8.7113154e-01 5.4705923e-04 5.3184818e-02 6.4290166e-06 3.8922044e-05
 1.0341927e-03 7.4057072e-02]",[9.8636937e-01 8.3531123e-03 4.8328115e-05 5.2291607e-03],[9.9999756e-01 2.4290055e-06],"[5.7839731e-08 1.3628253e-06 2.5214924e-04 2.1849073e-01 7.2898149e-01
 5.1939502e-02 3.3294564e-04 1.7720180e-06 2.4726129e-08]"
D:\Uni\Ulm\Master\Hiwi-Forschung-und-Lehre\FairFace\detected_faces\355796_face0.jpg,Black,Black,Male,30-39,"[2.1350622e-06 9.9992108e-01 6.8820678e-05 6.1793244e-08 8.8696231e-07
 6.7437240e-06 2.2112123e-07]",[2.7301431e-07 9.9999702e-01 1.2207743e-06 1.5483479e-06],[9.9997687e-01 2.3131312e-05],"[1.0052885e-06 1.2435796e-05 5.5747759e-04 8.5027754e-02 5.1509118e-01
 3.6685443e-01 3.2018688e-02 4.1578087e-04 2.1244050e-05]"
D:\Uni\Ulm\Master\Hiwi-Forschung-und-Lehre\FairFace\detected_faces\356020_face0.jpg,Latino_Hispanic,Indian,Male,20-29,"[1.4095615e-01 3.2968506e-02 6.3413197e-01 1.7402781e-05 1.7250817e-04
 9.5209040e-02 9.6544512e-02]",[0.2520414  0.09051146 0.00319751 0.6542496 ],[9.9999136e-01 8.6464115e-06],"[2.48902711e-06 6.68603170e-04 8.39576796e-02 7.49844968e-01
 1.59554765e-01 5.92978392e-03 4.06376384e-05 1.10085523e-06
 1.40879575e-08]"
D:\Uni\Ulm\Master\Hiwi-Forschung-und-Lehre\FairFace\detected_faces\356032_face0.jpg,White,White,Male,20-29,"[9.9355859e-01 4.0629270e-06 9.4517582e-04 2.4206743e-06 1.1282129e-05
 2.0852593e-05 5.4575959e-03]",[9.9956948e-01 4.4668832e-05 9.5835358e-06 3.7628363e-04],[9.9999863e-01 1.3504587e-06],"[1.2505790e-08 1.6885282e-05 3.3508278e-02 8.9309132e-01 7.2383411e-02
 9.9702692e-04 3.0256624e-06 2.7098814e-08 6.1324562e-10]"
D:\Uni\Ulm\Master\Hiwi-Forschung-und-Lehre\FairFace\detected_faces\356036_face0.jpg,Middle Eastern,White,Male,30-39,"[1.7680287e-01 1.3140782e-03 1.6932763e-01 2.7532140e-05 1.3624525e-04
 4.2866422e-03 6.4810491e-01]",[9.9563289e-01 1.8733119e-03 3.3302436e-04 2.1606882e-03],[9.9999881e-01 1.2221151e-06],"[1.2081028e-05 3.6951830e-04 3.1016315e-03 4.2362756e-01 5.5013043e-01
 2.2687685e-02 7.0353606e-05 6.6918381e-07 8.7057126e-09]"
D:\Uni\Ulm\Master\Hiwi-Forschung-und-Lehre\FairFace\detected_faces\356160_face0.jpg,White,White,Male,30-39,"[9.3693733e-01 4.1129947e-06 8.9052931e-04 1.4737778e-06 6.0421548e-06
 3.6730016e-05 6.2123802e-02]",[9.9979049e-01 3.5478322e-05 2.6467678e-05 1.4751367e-04],[9.9999744e-01 2.5742866e-06],"[1.3792604e-07 1.9124259e-06 7.6192664e-05 6.9068566e-02 8.4841585e-01
 8.2330965e-02 1.0590022e-04 3.8402993e-07 5.2562301e-09]"
D:\Uni\Ulm\Master\Hiwi-Forschung-und-Lehre\FairFace\detected_faces\356186_face0.jpg,White,White,Male,30-39,"[9.3265814e-01 7.7102348e-05 3.3415522e-02 8.9288841e-04 1.1165929e-03
 1.8660208e-04 3.1653177e-02]",[0.98196805 0.01391696 0.00309293 0.00102205],[1.000000e+00 7.655106e-09],"[6.5387911e-07 2.7067781e-05 7.1787895e-03 2.8485224e-01 5.9259081e-01
 1.1243048e-01 2.8889431e-03 3.0974610e-05 1.2635532e-07]"
D:\Uni\Ulm\Master\Hiwi-Forschung-und-Lehre\FairFace\detected_faces\356310_face0.jpg,Black,Black,Male,20-29,"[4.1933672e-05 9.9942362e-01 3.7012011e-04 5.2053135e-08 1.1395405e-06
 9.1201946e-05 7.1921146e-05]",[4.7405133e-06 9.9996293e-01 3.4898769e-06 2.8912911e-05],[9.9999964e-01 3.8007840e-07],"[2.3577616e-06 4.4093168e-04 1.8105488e-02 7.6125860e-01 2.1249846e-01
 7.6471055e-03 4.6504410e-05 5.8680592e-07 2.3637098e-08]"
D:\Uni\Ulm\Master\Hiwi-Forschung-und-Lehre\FairFace\detected_faces\356334_face0.jpg,Black,Black,Male,20-29,"[2.1736720e-05 9.9936199e-01 4.5873478e-04 3.8473129e-07 1.2562291e-05
 1.3643298e-04 8.1301823e-06]",[1.9085107e-06 9.9997628e-01 5.2420619e-06 1.6543492e-05],[9.9999887e-01 1.1747067e-06],"[1.3715369e-07 7.3289470e-06 1.0768437e-02 7.6343691e-01 2.1322791e-01
 1.2271035e-02 2.8441110e-04 3.7762918e-06 9.8099470e-08]"
D:\Uni\Ulm\Master\Hiwi-Forschung-und-Lehre\FairFace\detected_faces\356352_face0.jpg,White,White,Male,20-29,"[9.9993896e-01 3.2998027e-08 9.9243962e-06 3.2789188e-07 1.1493753e-06
 3.1183180e-07 4.9212278e-05]",[9.9996680e-01 3.2578475e-06 1.2939971e-05 1.6975755e-05],[9.9998075e-01 1.9273686e-05],"[1.2562624e-08 1.0793397e-06 1.3531711e-03 4.9617279e-01 4.8083678e-01
 2.1505160e-02 1.3046243e-04 5.1390151e-07 1.2827160e-08]"
D:\Uni\Ulm\Master\Hiwi-Forschung-und-Lehre\FairFace\detected_faces\356398_face0.jpg,White,White,Male,30-39,"[9.9328631e-01 9.2200326e-06 9.7961514e-04 1.9981883e-07 1.0403396e-06
 2.5505859e-05 5.6981496e-03]",[9.9975967e-01 2.8910123e-05 4.9364982e-05 1.6204252e-04],[9.9999887e-01 1.1296833e-06],"[4.42702550e-08 2.85764173e-07 4.48553074e-05 5.68849333e-02
 7.58198798e-01 1.82386294e-01 2.47220043e-03 1.24322105e-05
 1.39984053e-07]"
D:\Uni\Ulm\Master\Hiwi-Forschung-und-Lehre\FairFace\detected_faces\356444_face0.jpg,Latino_Hispanic,White,Male,20-29,"[0.26854384 0.00175921 0.45403597 0.0027791  0.00487886 0.01134092
 0.25666207]",[0.82667226 0.07164151 0.028624   0.07306226],[9.9999964e-01 4.1237215e-07],"[2.4522816e-07 1.4550057e-04 7.5000733e-02 8.5544127e-01 6.7946106e-02
 1.4545849e-03 1.1296871e-05 2.4853185e-07 3.3768819e-09]"
D:\Uni\Ulm\Master\Hiwi-Forschung-und-Lehre\FairFace\detected_faces\357584_face0.jpg,White,White,Male,20-29,"[9.9791610e-01 2.7803619e-06 8.1847253e-04 1.1993191e-05 1.5148509e-05
 5.1338484e-06 1.2304191e-03]",[9.9996758e-01 2.1072085e-06 2.1413909e-05 8.8763300e-06],[9.9998146e-01 1.8490695e-05],"[4.4527880e-08 1.1424729e-05 1.4097130e-02 8.8438028e-01 1.0068047e-01
 8.2846620e-04 2.1290462e-06 2.6510650e-08 6.4170486e-10]"
D:\Uni\Ulm\Master\Hiwi-Forschung-und-Lehre\FairFace\detected_faces\357588_face0.jpg,White,White,Male,20-29,"[0.5117012  0.00447961 0.3932035  0.00705573 0.01681077 0.00061507
 0.0661341 ]",[0.90486306 0.00539148 0.08792336 0.00182198],[1.000000e+00 3.095473e-08],"[4.9968907e-07 1.6223294e-04 3.0227983e-02 5.6261474e-01 3.7715906e-01
 2.9462758e-02 3.6802277e-04 4.7508970e-06 3.4225270e-08]"
D:\Uni\Ulm\Master\Hiwi-Forschung-und-Lehre\FairFace\detected_faces\357596_face0.jpg,White,White,Male,30-39,"[4.8511785e-01 1.2072297e-03 1.6317563e-01 3.3821383e-05 1.0152880e-04
 2.1806406e-03 3.4818324e-01]",[0.9880887  0.00199438 0.00731285 0.00260406],[9.999999e-01 7.035176e-08],"[2.9451417e-08 1.0318943e-06 2.4823495e-04 4.0383509e-01 5.7894963e-01
 1.6916480e-02 4.8973994e-05 5.7540007e-07 5.4938050e-09]"
D:\Uni\Ulm\Master\Hiwi-Forschung-und-Lehre\FairFace\detected_faces\357598_face0.jpg,Latino_Hispanic,White,Male,20-29,"[0.3571522  0.00046179 0.37520918 0.00053073 0.001261   0.01815353
 0.24723142]",[9.2706877e-01 7.7353646e-03 6.7467743e-04 6.4521231e-02],[9.9999803e-01 1.9842405e-06],"[2.6223290e-06 1.7208155e-04 1.4155901e-02 7.7213740e-01 2.0972139e-01
 3.7981207e-03 1.2195404e-05 1.9880144e-07 3.2928076e-09]"
D:\Uni\Ulm\Master\Hiwi-Forschung-und-Lehre\FairFace\detected_faces\357602_face0.jpg,White,White,Male,20-29,"[9.4276065e-01 9.1675705e-05 8.3972774e-03 2.6240636e-04 1.8988123e-04
 4.7532340e-05 4.8250612e-02]",[9.9930412e-01 4.4895012e-05 5.9370475e-04 5.7236964e-05],[9.9991953e-01 8.0483165e-05],"[1.4421961e-08 2.6507737e-06 1.6118471e-02 8.6370891e-01 1.1913660e-01
 1.0279310e-03 5.3419330e-06 4.9833481e-08 1.3441290e-09]"
D:\Uni\Ulm\Master\Hiwi-Forschung-und-Lehre\FairFace\detected_faces\357638_face0.jpg,Middle Eastern,White,Male,20-29,"[4.2412186e-01 2.9865684e-04 9.4266973e-02 3.2464540e-04 1.0172323e-03
 9.1531110e-04 4.7905537e-01]",[0.9899446  0.00134145 0.00537536 0.00333869],[9.9999785e-01 2.1536719e-06],"[2.9166242e-07 9.9068193e-06 3.5492785e-03 6.9013727e-01 2.9737046e-01
 8.8797826e-03 5.2445688e-05 6.0727695e-07 7.8842621e-09]"
D:\Uni\Ulm\Master\Hiwi-Forschung-und-Lehre\FairFace\detected_faces\357730_face0.jpg,Middle Eastern,White,Male,20-29,"[2.1607457e-01 7.8271487e-04 5.7149809e-02 1.3313192e-05 5.4506025e-05
 2.5185782e-03 7.2340655e-01]",[0.91743594 0.00467832 0.00148853 0.07639716],[9.9999321e-01 6.8194536e-06],"[7.4762234e-08 3.6990530e-06 3.0518123e-03 6.2982935e-01 3.5861757e-01
 8.4381774e-03 5.8713038e-05 6.6076836e-07 9.7278861e-09]"
D:\Uni\Ulm\Master\Hiwi-Forschung-und-Lehre\FairFace\detected_faces\357748_face0.jpg,Black,Black,Male,20-29,"[3.4282848e-04 9.9781793e-01 1.5528144e-03 7.9818832e-08 8.9587007e-07
 3.0370367e-05 2.5496408e-04]",[7.2038580e-05 9.9991190e-01 5.6443055e-06 1.0392630e-05],[9.9999970e-01 2.9062218e-07],"[7.8550428e-08 3.3389875e-05 1.0889846e-02 8.5684741e-01 1.3071579e-01
 1.5067845e-03 6.6360708e-06 9.7186941e-08 4.3640025e-09]"
D:\Uni\Ulm\Master\Hiwi-Forschung-und-Lehre\FairFace\detected_faces\357752_face0.jpg,Black,Black,Male,20-29,"[1.4365835e-07 9.9997675e-01 7.9865522e-06 8.6659178e-08 1.9361164e-06
 1.2714730e-05 2.7204209e-07]",[5.9114552e-07 9.9998432e-01 6.2951199e-06 8.7874705e-06],[9.999589e-01 4.114126e-05],"[2.9357791e-08 1.9226092e-05 4.0834900e-02 8.7753582e-01 7.9258956e-02
 2.3338029e-03 1.7030652e-05 1.9535284e-07 1.1878464e-08]"
D:\Uni\Ulm\Master\Hiwi-Forschung-und-Lehre\FairFace\detected_faces\357754_face0.jpg,White,White,Male,30-39,"[4.55002099e-01 8.58923187e-04 1.10939346e-01 1.35638502e-05
 4.23833553e-05 3.04217953e-02 4.02721852e-01]",[8.73505592e-01 3.53526440e-03 2.63742753e-04 1.22695416e-01],[9.9999756e-01 2.4557728e-06],"[2.2059583e-08 5.2848367e-07 3.9017509e-04 3.8589290e-01 6.0231346e-01
 1.1365040e-02 3.7646252e-05 2.1325299e-07 2.9148419e-09]"
D:\Uni\Ulm\Master\Hiwi-Forschung-und-Lehre\FairFace\detected_faces\357756_face0.jpg,Latino_Hispanic,White,Male,20-29,"[0.17857902 0.00226452 0.5341347  0.00463898 0.00750415 0.00364091
 0.26923773]",[0.8976911  0.04055718 0.04655829 0.01519347],[9.9999768e-01 2.3312255e-06],"[1.9222730e-06 1.6397068e-04 1.1278527e-02 7.6545167e-01 2.1887107e-01
 4.2177266e-03 1.4580671e-05 5.5632654e-07 8.6532905e-09]"
D:\Uni\Ulm\Master\Hiwi-Forschung-und-Lehre\FairFace\detected_faces\358084_face0.jpg,White,White,Male,30-39,"[9.5071381e-01 2.5446268e-04 4.8020277e-03 6.9826665e-06 3.8875005e-05
 3.4571663e-04 4.3838069e-02]",[9.9604613e-01 3.1398395e-03 1.8662454e-04 6.2747515e-04],[9.99999940e-01 1.14345326e-07],"[5.13809255e-07 4.10932944e-06 1.00707926e-04 1.14794821e-01
 8.11986685e-01 7.25867376e-02 5.23513649e-04 2.93121047e-06
 3.80784222e-08]"
D:\Uni\Ulm\Master\Hiwi-Forschung-und-Lehre\FairFace\detected_faces\358108_face0.jpg,White,White,Male,30-39,"[9.5655364e-01 3.2426946e-05 9.7725429e-03 4.9166269e-05 2.1298986e-04
 1.2402929e-04 3.3255238e-02]",[9.9919212e-01 4.6512825e-05 2.2879611e-04 5.3253502e-04],[9.9999720e-01 2.8443433e-06],"[1.2169578e-08 9.6505255e-07 5.9843151e-04 4.3595576e-01 5.5242068e-01
 1.0999195e-02 2.4766794e-05 1.1686020e-07 2.0951509e-09]"
D:\Uni\Ulm\Master\Hiwi-Forschung-und-Lehre\FairFace\detected_faces\358162_face0.jpg,Black,Black,Male,30-39,"[2.9712017e-05 9.9379027e-01 2.0739615e-03 2.4993772e-06 3.1512516e-04
 3.7277255e-03 6.0746686e-05]",[4.3016011e-05 9.9035436e-01 6.8624574e-04 8.9163538e-03],[9.9999034e-01 9.6603226e-06],"[1.4946416e-07 4.9205396e-06 2.0330586e-03 3.7884229e-01 5.7929993e-01
 3.9401975e-02 4.1394049e-04 3.6317870e-06 9.4108223e-08]"
D:\Uni\Ulm\Master\Hiwi-Forschung-und-Lehre\FairFace\detected_faces\358204_face0.jpg,White,White,Male,20-29,"[9.9167097e-01 1.3795695e-05 1.2005668e-03 3.9895044e-06 1.7647950e-05
 3.9489414e-06 7.0891012e-03]",[9.992387e-01 6.341787e-04 8.210045e-05 4.501641e-05],[1.0000000e+00 3.4009247e-08],"[2.4925620e-07 5.1830117e-05 2.0027174e-02 8.7874770e-01 9.9859335e-02
 1.3100269e-03 3.6555639e-06 3.8263661e-08 6.5272049e-10]"
D:\Uni\Ulm\Master\Hiwi-Forschung-und-Lehre\FairFace\detected_faces\358218_face0.jpg,White,White,Male,30-39,"[9.5588350e-01 1.2916363e-04 2.1680038e-02 2.0740199e-05 9.1259557e-05
 7.1485766e-04 2.1480408e-02]",[9.9786955e-01 3.5561956e-04 5.0665950e-04 1.2681102e-03],[9.9999243e-01 7.5976650e-06],"[1.0509839e-07 1.0932845e-06 3.2615243e-04 2.3529930e-01 6.9532418e-01
 6.8223543e-02 8.1859872e-04 6.8797190e-06 9.1925735e-08]"
D:\Uni\Ulm\Master\Hiwi-Forschung-und-Lehre\FairFace\detected_faces\358220_face0.jpg,White,White,Male,20-29,"[9.9342424e-01 2.0585207e-05 2.7824335e-03 1.6377331e-04 8.8547546e-05
 6.8598183e-06 3.5135697e-03]",[9.9815536e-01 1.0290978e-03 7.9406268e-04 2.1569998e-05],[9.999999e-01 8.450455e-08],"[8.5431049e-09 4.1151969e-07 2.5748983e-03 8.7440872e-01 1.2223998e-01
 7.7187916e-04 4.0230616e-06 4.8368239e-08 7.6370255e-10]"
D:\Uni\Ulm\Master\Hiwi-Forschung-und-Lehre\FairFace\detected_faces\358222_face0.jpg,Latino_Hispanic,Black,Male,20-29,"[2.7063042e-01 2.5304604e-01 3.1713477e-01 1.2131551e-05 1.1216503e-04
 1.7896720e-03 1.5727487e-01]",[1.6404260e-02 9.6402371e-01 1.3668663e-04 1.9435328e-02],[1.0000000e+00 5.6485767e-09],"[2.1104206e-08 3.6392279e-07 1.3296742e-03 6.5467888e-01 3.3173764e-01
 1.1953929e-02 2.9172251e-04 7.6504057e-06 5.0644903e-08]"
D:\Uni\Ulm\Master\Hiwi-Forschung-und-Lehre\FairFace\detected_faces\358394_face0.jpg,Middle Eastern,White,Male,20-29,"[2.8599852e-01 4.4111625e-04 7.8395270e-02 1.8910712e-04 4.0840555e-04
 3.5088307e-03 6.3105875e-01]",[0.96252215 0.00933737 0.00213521 0.02600522],[9.999990e-01 1.052291e-06],"[4.5580376e-07 1.4545357e-04 1.7379463e-02 8.2412994e-01 1.5674731e-01
 1.5944514e-03 2.9212338e-06 4.2969894e-08 6.6160338e-10]"
D:\Uni\Ulm\Master\Hiwi-Forschung-und-Lehre\FairFace\detected_faces\358424_face0.jpg,White,White,Male,40-49,"[7.7255434e-01 2.9124995e-03 8.1783012e-02 7.6816934e-05 2.4256420e-04
 3.6615641e-03 1.3876918e-01]",[0.97590154 0.00332076 0.00488289 0.01589482],[9.9998808e-01 1.1941251e-05],"[7.8974227e-07 2.9349285e-06 1.8994141e-04 3.1926986e-02 4.4833329e-01
 4.8576668e-01 3.3170752e-02 6.0304435e-04 5.5407622e-06]"
D:\Uni\Ulm\Master\Hiwi-Forschung-und-Lehre\FairFace\detected_faces\358604_face0.jpg,Middle Eastern,White,Male,20-29,"[3.8678455e-01 2.3566875e-04 5.8457232e-03 1.5587258e-06 8.2719225e-06
 3.6719421e-04 6.0675704e-01]",[9.9758756e-01 7.9442980e-04 1.6266757e-04 1.4554339e-03],[9.9999690e-01 3.0761587e-06],"[4.3301995e-08 1.7360779e-06 1.2235611e-03 5.0409561e-01 4.7398365e-01
 2.0503471e-02 1.8961052e-04 2.4269818e-06 4.0929336e-08]"
D:\Uni\Ulm\Master\Hiwi-Forschung-und-Lehre\FairFace\detected_faces\358608_face0.jpg,White,White,Male,20-29,"[7.57795632e-01 1.44398096e-03 1.44562200e-01 1.14964154e-04
 6.93199690e-04 5.15491411e-04 9.48745310e-02]",[0.9630727  0.02763195 0.00219813 0.00709724],[9.9999994e-01 8.0983256e-08],"[2.86700811e-07 2.16980497e-05 7.42281834e-03 6.12853706e-01
 3.64690363e-01 1.49093801e-02 1.00536934e-04 1.19784136e-06
 1.27255042e-08]"
D:\Uni\Ulm\Master\Hiwi-Forschung-und-Lehre\FairFace\detected_faces\358616_face0.jpg,Black,Black,Male,20-29,"[1.6458811e-05 9.9983168e-01 6.8753914e-05 9.6057853e-08 8.9690127e-07
 1.9334570e-05 6.2878142e-05]",[2.18543687e-06 9.99996901e-01 1.01517024e-07 8.38965718e-07],[9.9976289e-01 2.3709923e-04],"[3.0487793e-06 6.6625862e-03 4.0822947e-01 5.1102078e-01 6.9192566e-02
 4.8236786e-03 6.5952059e-05 1.8112064e-06 1.4247790e-07]"
D:\Uni\Ulm\Master\Hiwi-Forschung-und-Lehre\FairFace\detected_faces\358694_face0.jpg,White,White,Male,20-29,"[9.9958330e-01 6.8163462e-07 1.1212774e-04 7.0097391e-05 1.0585288e-04
 6.4945652e-07 1.2734706e-04]",[9.9930292e-01 1.1879588e-04 5.7578465e-04 2.5487402e-06],[1.0000000e+00 3.0798663e-08],"[8.0060438e-08 6.5417844e-06 5.1902090e-03 5.7729757e-01 3.9953613e-01
 1.7743336e-02 2.2467256e-04 1.4069032e-06 2.3697616e-08]"
D:\Uni\Ulm\Master\Hiwi-Forschung-und-Lehre\FairFace\detected_faces\358898_face0.jpg,Latino_Hispanic,Black,Male,20-29,"[1.3989526e-02 6.8366073e-02 7.2047329e-01 1.8705595e-04 2.9135274e-03
 1.0495614e-01 8.9114331e-02]",[0.03054707 0.5864517  0.02101059 0.3619906 ],[9.999998e-01 2.090492e-07],"[5.1035869e-07 1.2572292e-05 5.0652400e-03 5.7560319e-01 4.0361544e-01
 1.5522151e-02 1.7920799e-04 1.6647568e-06 1.8717650e-08]"
D:\Uni\Ulm\Master\Hiwi-Forschung-und-Lehre\FairFace\detected_faces\358910_face0.jpg,White,White,Male,30-39,"[8.33890259e-01 3.37994803e-04 4.33812998e-02 6.89623630e-05
 2.06323981e-04 2.83994619e-03 1.19275175e-01]",[9.8733777e-01 6.3653040e-04 4.3182741e-03 7.7074403e-03],[9.9999624e-01 3.7672789e-06],"[5.5038882e-08 1.0985370e-06 8.7436551e-05 1.1836069e-01 8.1400138e-01
 6.7355551e-02 1.9303238e-04 7.8304362e-07 8.7949985e-09]"
D:\Uni\Ulm\Master\Hiwi-Forschung-und-Lehre\FairFace\detected_faces\358984_face0.jpg,East Asian,Asian,Male,30-39,"[4.8649547e-04 9.2186183e-06 1.7953828e-03 8.4356314e-01 1.5387975e-01
 2.1453219e-04 5.1551837e-05]",[4.3391326e-04 2.1341951e-04 9.9889785e-01 4.5483472e-04],[9.9999779e-01 2.1918377e-06],"[6.28901304e-08 2.71129397e-06 1.90177409e-03 2.82506287e-01
 6.32351577e-01 7.94387013e-02 3.68440966e-03 1.13100745e-04
 1.35298319e-06]"
D:\Uni\Ulm\Master\Hiwi-Forschung-und-Lehre\FairFace\detected_faces\359032_face0.jpg,White,White,Male,20-29,"[8.7791318e-01 2.9446944e-03 3.5856355e-02 1.7643685e-04 7.6423120e-04
 7.5987664e-05 8.2269073e-02]",[9.5014042e-01 4.8942208e-02 5.4802553e-04 3.6940319e-04],[1.0000000e+00 2.8087936e-09],"[4.2913788e-07 2.1989415e-05 7.8497836e-03 6.5114433e-01 3.2337508e-01
 1.7223753e-02 3.7306806e-04 1.1543152e-05 1.1362221e-07]"
D:\Uni\Ulm\Master\Hiwi-Forschung-und-Lehre\FairFace\detected_faces\359226_face0.jpg,Black,Black,Male,30-39,"[8.7749922e-06 9.9963421e-01 2.5732155e-04 1.4562869e-06 2.8861794e-05
 3.1847700e-05 3.7621892e-05]",[3.1109148e-06 9.9994665e-01 2.0239891e-05 3.0051746e-05],[9.9996763e-01 3.2381355e-05],"[2.4804281e-06 4.5009747e-05 1.5897161e-03 3.1603652e-01 6.0208440e-01
 7.9222120e-02 1.0099137e-03 8.7702037e-06 1.0140075e-06]"
D:\Uni\Ulm\Master\Hiwi-Forschung-und-Lehre\FairFace\detected_faces\359236_face0.jpg,Black,Black,Male,20-29,"[9.9524977e-06 9.9962318e-01 2.4425867e-04 2.0056689e-06 2.6452157e-05
 8.2094368e-05 1.2127840e-05]",[2.0045034e-05 9.9973166e-01 1.1425211e-04 1.3414530e-04],[0.99722594 0.00277404],"[1.2675122e-03 1.1508311e-02 5.6685213e-02 4.0107861e-01 3.9021945e-01
 1.3417010e-01 4.9177064e-03 1.4244970e-04 1.0573512e-05]"
D:\Uni\Ulm\Master\Hiwi-Forschung-und-Lehre\FairFace\detected_faces\359272_face0.jpg,Middle Eastern,Black,Male,30-39,"[2.3331011e-02 2.0039220e-01 1.9054514e-01 2.0085594e-05 3.4538927e-04
 8.7289616e-02 4.9807653e-01]",[1.1126343e-02 9.1000825e-01 7.8892714e-04 7.8076437e-02],[9.999909e-01 9.143001e-06],"[2.01790681e-06 1.41841665e-05 7.67676043e-04 2.48499006e-01
 6.87375963e-01 6.26705736e-02 6.61146652e-04 9.28111422e-06
 1.95528983e-07]"
D:\Uni\Ulm\Master\Hiwi-Forschung-und-Lehre\FairFace\detected_faces\359388_face0.jpg,Latino_Hispanic,Black,Male,30-39,"[8.4473584e-03 1.5725656e-01 7.0882386e-01 2.2503980e-04 4.1238968e-03
 7.6040462e-02 4.5082722e-02]",[0.01759486 0.6753807  0.01716232 0.28986216],[9.9999988e-01 1.4218764e-07],"[7.0185033e-06 5.1633750e-05 4.7009890e-03 2.9077339e-01 5.7787466e-01
 1.2272082e-01 3.8020022e-03 6.8710899e-05 7.3821479e-07]"
D:\Uni\Ulm\Master\Hiwi-Forschung-und-Lehre\FairFace\detected_faces\359402_face0.jpg,White,White,Male,20-29,"[9.7398359e-01 3.7637612e-05 2.7314608e-03 4.4049782e-05 4.8144724e-05
 1.7813298e-05 2.3137283e-02]",[9.9874115e-01 8.7292789e-04 1.6525062e-04 2.2063097e-04],[9.9999762e-01 2.4287044e-06],"[2.9689808e-09 8.0865775e-06 8.1731409e-02 9.1094798e-01 7.3023862e-03
 1.0058185e-05 1.4982009e-08 2.0599381e-10 4.7994070e-12]"
D:\Uni\Ulm\Master\Hiwi-Forschung-und-Lehre\FairFace\detected_faces\359640_face0.jpg,Black,Black,Male,30-39,"[6.1331082e-07 9.9993867e-01 2.3123819e-05 2.7113908e-08 8.0024699e-07
 3.3360626e-05 3.4708730e-06]",[2.3326977e-07 9.9996430e-01 7.4620061e-07 3.4729539e-05],[9.9999022e-01 9.7524435e-06],"[5.3162898e-06 2.1382928e-04 4.4846446e-03 2.6139191e-01 6.4137810e-01
 9.1045387e-02 1.4626872e-03 1.6809186e-05 1.1927737e-06]"
D:\Uni\Ulm\Master\Hiwi-Forschung-und-Lehre\FairFace\detected_faces\359642_face0.jpg,Black,Black,Male,30-39,"[1.0346121e-07 9.9998891e-01 3.9776651e-06 4.2119725e-09 2.8173329e-07
 6.3814682e-06 4.1345581e-07]",[1.2613079e-07 9.9999219e-01 2.5697168e-06 5.0721001e-06],[9.9999845e-01 1.5984401e-06],"[1.47112846e-08 2.04057955e-07 1.31215827e-04 1.91229194e-01
 7.16352999e-01 9.10247862e-02 1.24752591e-03 1.34664215e-05
 6.20823812e-07]"
D:\Uni\Ulm\Master\Hiwi-Forschung-und-Lehre\FairFace\detected_faces\359664_face0.jpg,Black,Black,Male,30-39,"[3.99958435e-06 9.97851789e-01 2.62909452e-04 4.91425624e-07
 1.52255980e-05 1.85522670e-03 1.03249295e-05]",[5.2164043e-05 9.9239403e-01 1.3401241e-04 7.4197906e-03],[1.000000e+00 3.457949e-08],"[7.0254971e-09 1.3417453e-07 5.3110038e-04 3.1827110e-01 5.5641317e-01
 1.1981544e-01 4.9017551e-03 6.6169232e-05 1.1290545e-06]"
D:\Uni\Ulm\Master\Hiwi-Forschung-und-Lehre\FairFace\detected_faces\359740_face0.jpg,Middle Eastern,White,Male,30-39,"[3.8225996e-01 2.2037544e-04 3.7126221e-02 3.7130616e-05 1.3076831e-04
 1.2302723e-03 5.7899529e-01]",[0.92449343 0.00234917 0.00240694 0.07075053],[9.9998140e-01 1.8650024e-05],"[1.3284077e-06 3.9524530e-05 4.7649001e-03 4.2892280e-01 5.3994685e-01
 2.6189541e-02 1.3245242e-04 2.5787758e-06 3.7037886e-08]"
D:\Uni\Ulm\Master\Hiwi-Forschung-und-Lehre\FairFace\detected_faces\359742_face0.jpg,White,White,Male,20-29,"[9.4330865e-01 1.5154803e-05 4.1325431e-02 3.7638533e-03 4.5128926e-03
 4.0258345e-04 6.6714687e-03]",[9.9350309e-01 1.0689258e-04 6.0584093e-03 3.3167657e-04],[9.9999988e-01 1.0627155e-07],"[1.4020825e-06 2.6682304e-04 1.9708646e-02 5.1125789e-01 4.4098908e-01
 2.7464040e-02 3.0954732e-04 2.5901941e-06 1.8079811e-08]"
D:\Uni\Ulm\Master\Hiwi-Forschung-und-Lehre\FairFace\detected_faces\359754_face0.jpg,Middle Eastern,White,Male,20-29,"[3.2880697e-01 4.8210230e-04 9.4779372e-02 8.0118436e-05 3.2654603e-04
 2.3074273e-03 5.7321739e-01]",[9.2080617e-01 6.4813495e-03 6.0216978e-04 7.2110347e-02],[9.9998307e-01 1.6878368e-05],"[8.67218120e-08 9.47841454e-06 1.19490875e-02 8.59600186e-01
 1.25891164e-01 2.53451616e-03 1.52781558e-05 2.20534474e-07
 4.33446523e-09]"
D:\Uni\Ulm\Master\Hiwi-Forschung-und-Lehre\FairFace\detected_faces\359786_face0.jpg,White,White,Male,20-29,"[9.9121565e-01 1.8854209e-04 3.9753271e-03 2.1608337e-05 8.7197383e-05
 1.2293033e-05 4.4994056e-03]",[9.2768359e-01 7.1803786e-02 2.1063321e-04 3.0193082e-04],[9.999998e-01 1.689363e-07],"[1.5722216e-07 8.2879698e-05 3.9192218e-02 8.2814723e-01 1.2452770e-01
 7.7502439e-03 2.9349979e-04 5.9156932e-06 1.2874621e-07]"
D:\Uni\Ulm\Master\Hiwi-Forschung-und-Lehre\FairFace\detected_faces\360388_face0.jpg,White,White,Male,20-29,"[8.1467885e-01 6.9828152e-06 2.0448526e-02 4.1863892e-05 7.6710894e-05
 9.8804376e-05 1.6464829e-01]",[9.9947023e-01 7.7925824e-06 3.0545279e-04 2.1647375e-04],[9.999997e-01 2.778701e-07],"[3.3834122e-09 1.5140190e-06 1.4403530e-02 9.4532937e-01 4.0131979e-02
 1.3342801e-04 1.3551130e-07 1.3254108e-09 1.2145462e-11]"
D:\Uni\Ulm\Master\Hiwi-Forschung-und-Lehre\FairFace\detected_faces\360390_face0.jpg,Latino_Hispanic,Black,Male,20-29,"[1.9398838e-02 2.3564215e-01 6.6668361e-01 3.4258355e-04 4.5421435e-03
 3.8597886e-02 3.4792874e-02]",[0.00685076 0.97071016 0.00329804 0.01914099],[9.9999988e-01 9.7385076e-08],"[3.6359222e-07 1.9010869e-05 2.7143448e-03 6.3660109e-01 3.4978935e-01
 1.0817460e-02 5.7737088e-05 6.7365164e-07 9.6407824e-09]"
D:\Uni\Ulm\Master\Hiwi-Forschung-und-Lehre\FairFace\detected_faces\360396_face0.jpg,Black,Black,Male,20-29,"[0.00257445 0.8152384  0.12807886 0.00106079 0.0269064  0.02512828
 0.00101283]",[5.9891387e-04 9.8193508e-01 4.1865362e-03 1.3279432e-02],[9.9953949e-01 4.6047376e-04],"[1.02534450e-05 2.37171189e-03 1.61556780e-01 5.40671468e-01
 2.37316027e-01 5.32195084e-02 4.73706611e-03 1.13990965e-04
 3.18783100e-06]"
D:\Uni\Ulm\Master\Hiwi-Forschung-und-Lehre\FairFace\detected_faces\360480_face0.jpg,White,White,Male,30-39,"[3.7993672e-01 1.8254126e-03 3.5404032e-01 1.7681468e-04 3.8540750e-04
 3.8263963e-03 2.5980896e-01]",[0.9693674  0.00795202 0.00268199 0.01999857],[9.9992573e-01 7.4247131e-05],"[5.9448914e-05 1.3554326e-04 6.2467991e-03 3.2675481e-01 5.4052424e-01
 1.1877889e-01 7.1789157e-03 3.1607351e-04 5.2822443e-06]"
D:\Uni\Ulm\Master\Hiwi-Forschung-und-Lehre\FairFace\detected_faces\360718_face0.jpg,White,White,Male,20-29,"[9.9870360e-01 5.8462001e-06 3.6387960e-04 3.8243343e-06 1.8198698e-05
 5.5547293e-06 8.9905324e-04]",[9.99897122e-01 2.58855653e-05 6.60884325e-05 1.09573175e-05],[9.9999994e-01 8.5821590e-08],"[5.4613321e-07 1.1242321e-05 1.6340413e-03 5.7578915e-01 4.1198111e-01
 1.0510495e-02 7.2142619e-05 1.2608381e-06 3.4976548e-08]"
D:\Uni\Ulm\Master\Hiwi-Forschung-und-Lehre\FairFace\detected_faces\360866_face0.jpg,Black,Black,Male,20-29,"[1.6607200e-05 9.9086565e-01 8.3047571e-04 4.9694395e-04 7.4372524e-03
 3.4935682e-04 3.7129098e-06]",[9.2726477e-06 9.9937844e-01 5.1571737e-04 9.6468946e-05],[9.9993795e-01 6.2022918e-05],"[3.9994248e-07 1.7930154e-04 7.6341078e-02 8.3468461e-01 8.3909437e-02
 4.7359690e-03 1.4605088e-04 2.9778785e-06 1.8743532e-07]"
D:\Uni\Ulm\Master\Hiwi-Forschung-und-Lehre\FairFace\detected_faces\360912_face0.jpg,White,White,Male,30-39,"[4.0786257e-01 8.7125460e-04 2.2760631e-01 4.8422404e-05 1.1500928e-04
 7.5862877e-02 2.8763363e-01]",[0.8800181  0.01247552 0.00116849 0.1063379 ],[9.9988127e-01 1.1874760e-04],"[3.0828005e-07 7.0155452e-06 4.6982334e-04 4.4858810e-01 5.4349893e-01
 7.4242684e-03 1.1411864e-05 9.4910263e-08 1.4388702e-09]"
D:\Uni\Ulm\Master\Hiwi-Forschung-und-Lehre\FairFace\detected_faces\360938_face0.jpg,Latino_Hispanic,Indian,Male,20-29,"[8.5371420e-02 2.3033284e-03 7.4379140e-01 4.9641967e-05 4.7330838e-04
 1.2363898e-01 4.4371895e-02]",[0.38457558 0.00472102 0.00313669 0.6075667 ],[9.9999803e-01 1.9878769e-06],"[2.1547937e-07 1.2350227e-05 7.7244421e-03 5.4074061e-01 4.0636158e-01
 4.3747585e-02 1.3936349e-03 1.9280667e-05 3.3424044e-07]"
D:\Uni\Ulm\Master\Hiwi-Forschung-und-Lehre\FairFace\detected_faces\361004_face0.jpg,Latino_Hispanic,Indian,Male,30-39,"[1.7664734e-01 1.0105414e-02 3.7080717e-01 8.0734417e-06 6.7642788e-05
 7.3212899e-02 3.6915147e-01]",[1.3285054e-01 4.7827855e-02 5.9966522e-04 8.1872195e-01],[9.999993e-01 7.448543e-07],"[2.2320863e-07 7.9245165e-06 1.1240549e-03 2.8625619e-01 6.5597671e-01
 5.6086712e-02 5.4487702e-04 3.2517669e-06 3.3122816e-08]"
D:\Uni\Ulm\Master\Hiwi-Forschung-und-Lehre\FairFace\detected_faces\361148_face0.jpg,White,White,Male,20-29,"[5.9265029e-01 8.9612920e-05 2.2954960e-01 7.2873343e-05 2.2427256e-04
 2.0979410e-03 1.7531541e-01]",[9.9059415e-01 1.7363422e-04 2.7866638e-04 8.9535676e-03],[9.9999654e-01 3.4674395e-06],"[2.6674320e-07 1.9758589e-04 1.5992419e-01 8.1265908e-01 2.6994064e-02
 2.2426290e-04 4.3694956e-07 9.1161159e-09 1.4106380e-10]"
D:\Uni\Ulm\Master\Hiwi-Forschung-und-Lehre\FairFace\detected_faces\361174_face0.jpg,White,White,Male,20-29,"[9.5662260e-01 4.4506076e-05 4.6719550e-03 3.3004278e-06 1.0328049e-05
 6.6155582e-05 3.8581025e-02]",[9.9951065e-01 3.0463649e-04 4.4783769e-06 1.8017084e-04],[9.9999475e-01 5.2951364e-06],"[4.1682895e-08 5.7692955e-06 4.9625849e-03 8.1986469e-01 1.7367546e-01
 1.4886411e-03 2.7505455e-06 2.7266145e-08 4.3308065e-10]"
D:\Uni\Ulm\Master\Hiwi-Forschung-und-Lehre\FairFace\detected_faces\361310_face0.jpg,White,White,Male,20-29,"[8.8423467e-01 5.8069214e-05 2.5728527e-02 1.8490549e-05 3.0563897e-05
 1.3918099e-04 8.9790463e-02]",[9.9940425e-01 2.1792126e-04 2.4280128e-04 1.3510219e-04],[9.9999964e-01 3.2329072e-07],"[1.8593074e-07 1.7939674e-05 6.9840886e-03 8.6311823e-01 1.2867165e-01
 1.2052015e-03 2.6948323e-06 2.9398519e-08 3.6323866e-10]"
D:\Uni\Ulm\Master\Hiwi-Forschung-und-Lehre\FairFace\detected_faces\361322_face0.jpg,White,White,Male,20-29,"[9.7378927e-01 4.4128810e-06 1.1343233e-03 8.4946651e-06 1.4317241e-05
 1.2966120e-05 2.5036175e-02]",[9.9959075e-01 1.5174961e-05 4.2441152e-05 3.5159860e-04],[9.9971914e-01 2.8080950e-04],"[2.8016332e-08 2.2484723e-05 5.7696983e-02 8.7062603e-01 6.9957718e-02
 1.6847700e-03 1.1848142e-05 1.7148095e-07 3.1952583e-09]"
D:\Uni\Ulm\Master\Hiwi-Forschung-und-Lehre\FairFace\detected_faces\361326_face0.jpg,Middle Eastern,White,Male,30-39,"[3.9514375e-01 9.4560899e-05 1.0481703e-02 7.7395314e-05 1.7617161e-04
 2.4556380e-03 5.9157073e-01]",[9.8876911e-01 4.1835418e-04 2.2378609e-04 1.0588717e-02],[9.9998301e-01 1.6963431e-05],"[2.2145850e-06 5.7665580e-05 1.1171378e-03 3.2818291e-01 6.5241015e-01
 1.8182103e-02 4.7513684e-05 3.6512247e-07 9.0128118e-09]"
D:\Uni\Ulm\Master\Hiwi-Forschung-und-Lehre\FairFace\detected_faces\361332_face0.jpg,Black,Black,Male,20-29,"[3.97561060e-08 9.99998987e-01 2.91957178e-07 1.35418765e-09
 1.49204755e-08 7.29119961e-07 1.43973065e-08]",[9.0648797e-08 9.9999750e-01 7.5722926e-07 1.6248883e-06],[9.999123e-01 8.771508e-05],"[2.3269642e-08 4.1876851e-06 2.7478572e-03 5.1943696e-01 4.3854591e-01
 3.8926374e-02 3.3777402e-04 9.2731290e-07 4.3332474e-08]"
D:\Uni\Ulm\Master\Hiwi-Forschung-und-Lehre\FairFace\detected_faces\361352_face0.jpg,White,White,Male,30-39,"[9.9128020e-01 5.3617397e-05 2.0063606e-03 1.8664194e-06 4.6145478e-06
 6.3935942e-05 6.5894830e-03]",[9.9873382e-01 4.6825668e-04 7.6795979e-05 7.2114734e-04],[9.9984181e-01 1.5820825e-04],"[1.4286807e-07 2.9067726e-06 2.3633111e-04 1.3393280e-01 7.7466094e-01
 9.0020739e-02 1.1381533e-03 7.7900440e-06 2.1746565e-07]"
D:\Uni\Ulm\Master\Hiwi-Forschung-und-Lehre\FairFace\detected_faces\361410_face0.jpg,Black,Black,Male,30-39,"[2.0490948e-05 9.9068612e-01 1.0101717e-03 9.7130714e-06 3.2529788e-04
 7.5766542e-03 3.7166502e-04]",[2.9107136e-06 9.9650496e-01 5.3858856e-04 2.9534546e-03],[9.9986809e-01 1.3193589e-04],"[2.5109209e-06 2.2801630e-04 8.4833661e-03 2.3838776e-01 6.0170203e-01
 1.4654872e-01 4.5948024e-03 5.1190673e-05 1.6522913e-06]"
D:\Uni\Ulm\Master\Hiwi-Forschung-und-Lehre\FairFace\detected_faces\361420_face0.jpg,Latino_Hispanic,Black,Male,30-39,"[5.3192839e-02 1.4760828e-01 7.7324748e-01 5.4685102e-06 6.5990323e-05
 1.7902961e-02 7.9770572e-03]",[8.5857935e-02 7.3738861e-01 4.1857528e-04 1.7633489e-01],[9.9999684e-01 3.1218660e-06],"[1.6625465e-06 4.2850311e-06 3.4560589e-04 7.2724104e-02 6.2221736e-01
 2.8376055e-01 2.0766791e-02 1.7836034e-04 1.2433541e-06]"
D:\Uni\Ulm\Master\Hiwi-Forschung-und-Lehre\FairFace\detected_faces\361696_face0.jpg,White,White,Male,30-39,"[9.7850651e-01 9.0797787e-04 1.8447481e-02 1.6701308e-05 7.6011704e-05
 2.9889893e-04 1.7464445e-03]",[9.9755859e-01 1.9890862e-03 3.6998696e-05 4.1532228e-04],[0.95442426 0.04557575],"[8.0921694e-08 4.6268838e-06 4.4256607e-03 3.6872575e-01 5.6814528e-01
 5.7234488e-02 1.4441885e-03 1.9568537e-05 3.1895303e-07]"
D:\Uni\Ulm\Master\Hiwi-Forschung-und-Lehre\FairFace\detected_faces\361788_face0.jpg,White,White,Male,30-39,"[9.07831907e-01 1.24171970e-03 8.07460397e-02 2.31524064e-05
 1.12100446e-04 2.43024551e-03 7.61477463e-03]",[0.99384713 0.00109786 0.00153755 0.0035175 ],[9.9999517e-01 4.8910215e-06],"[1.9323221e-07 5.1691327e-06 6.3905201e-04 2.5471723e-01 6.8755424e-01
 5.6804400e-02 2.7827726e-04 1.5219414e-06 1.5158228e-08]"
D:\Uni\Ulm\Master\Hiwi-Forschung-und-Lehre\FairFace\detected_faces\361790_face0.jpg,White,White,Male,20-29,"[9.9978834e-01 9.3269324e-07 3.6181667e-05 6.1039595e-06 1.6446102e-05
 3.5560836e-07 1.5158158e-04]",[9.9758917e-01 1.8185729e-03 4.9412868e-04 9.8223572e-05],[9.9999034e-01 9.6745625e-06],"[8.5258005e-05 2.6654634e-03 7.5297341e-02 4.7111487e-01 4.0274495e-01
 4.6495464e-02 1.5531464e-03 4.1912877e-05 1.7144012e-06]"
D:\Uni\Ulm\Master\Hiwi-Forschung-und-Lehre\FairFace\detected_faces\361798_face0.jpg,Black,Black,Male,30-39,"[2.8691716e-06 9.9975669e-01 2.3865797e-04 1.7822552e-08 3.8977907e-07
 1.0651808e-06 3.0268239e-07]",[2.2568888e-06 9.9999106e-01 4.7706712e-06 1.8970894e-06],[1.000000e+00 9.814261e-09],"[8.3397559e-08 1.3859909e-06 1.4265075e-03 4.3201298e-01 4.9137715e-01
 7.3530354e-02 1.6302784e-03 2.0787218e-05 4.3932991e-07]"
D:\Uni\Ulm\Master\Hiwi-Forschung-und-Lehre\FairFace\detected_faces\362014_face0.jpg,Black,Black,Male,30-39,"[9.6562360e-07 9.9998450e-01 8.0837044e-06 9.8343966e-10 2.2610401e-08
 2.6000009e-06 3.8887147e-06]",[1.7057513e-05 9.9996209e-01 3.1483848e-06 1.7681823e-05],[9.9999994e-01 3.3410121e-08],"[1.1800486e-07 2.8321883e-05 4.0149302e-03 3.7657386e-01 5.5176097e-01
 6.6905297e-02 7.0114952e-04 1.5003245e-05 3.4799092e-07]"
D:\Uni\Ulm\Master\Hiwi-Forschung-und-Lehre\FairFace\detected_faces\362032_face0.jpg,Latino_Hispanic,White,Male,30-39,"[2.8159341e-01 3.0658115e-03 3.9379418e-01 1.4460260e-04 4.6386130e-04
 7.2983235e-02 2.4795486e-01]",[0.89021194 0.00529093 0.00181564 0.1026815 ],[9.999912e-01 8.786584e-06],"[1.5079864e-07 9.7373197e-07 1.1486411e-04 1.2371258e-01 7.6546842e-01
 1.0962302e-01 1.0740580e-03 5.8822475e-06 5.0236864e-08]"
D:\Uni\Ulm\Master\Hiwi-Forschung-und-Lehre\FairFace\detected_faces\362170_face0.jpg,Black,Black,Male,30-39,"[5.3698150e-05 9.7901821e-01 3.3203955e-03 2.7472902e-07 1.6989983e-05
 5.3237039e-03 1.2266858e-02]",[3.9268700e-05 9.9765223e-01 4.6942263e-05 2.2615462e-03],[9.9999183e-01 8.1754051e-06],"[5.9651612e-08 1.6637800e-06 2.4306540e-04 1.6675621e-01 7.7712178e-01
 5.5507317e-02 3.6709555e-04 2.6895193e-06 5.3053473e-08]"
D:\Uni\Ulm\Master\Hiwi-Forschung-und-Lehre\FairFace\detected_faces\362222_face0.jpg,White,White,Male,20-29,"[9.4682229e-01 5.3564904e-06 8.2658911e-03 2.5350746e-05 5.6162193e-05
 2.0221836e-04 4.4622760e-02]",[9.7090775e-01 6.4649613e-04 1.1076712e-03 2.7338160e-02],[9.999999e-01 7.778277e-08],"[1.2774476e-07 1.8612332e-05 7.4092317e-03 8.0444092e-01 1.8635255e-01
 1.7763640e-03 2.1819628e-06 1.7795434e-08 2.2176153e-10]"
D:\Uni\Ulm\Master\Hiwi-Forschung-und-Lehre\FairFace\detected_faces\362470_face0.jpg,Middle Eastern,White,Male,30-39,"[1.6419385e-01 1.5275290e-03 2.9416388e-01 2.1932587e-04 4.3161854e-04
 8.5793315e-03 5.3088450e-01]",[0.91083443 0.00705952 0.00440535 0.07770065],[9.9999666e-01 3.3759654e-06],"[6.7981318e-06 1.1904997e-04 9.3668802e-03 3.7473115e-01 5.3013080e-01
 8.4044397e-02 1.5817813e-03 1.8907118e-05 2.2257800e-07]"
D:\Uni\Ulm\Master\Hiwi-Forschung-und-Lehre\FairFace\detected_faces\362682_face0.jpg,White,White,Male,30-39,"[9.9991220e-01 9.1391763e-07 2.1505615e-05 4.9465250e-08 1.8604463e-07
 4.8250865e-07 6.4635671e-05]",[9.9996895e-01 6.7429155e-06 4.2624215e-06 2.0072486e-05],[9.999947e-01 5.295659e-06],"[1.4487271e-08 7.6514715e-07 3.4147056e-04 2.8264624e-01 6.5587282e-01
 6.0765073e-02 3.7278191e-04 8.5544463e-07 1.4073236e-08]"
D:\Uni\Ulm\Master\Hiwi-Forschung-und-Lehre\FairFace\detected_faces\362686_face0.jpg,Middle Eastern,White,Male,30-39,"[6.5412916e-02 2.8180357e-03 9.4330907e-02 9.7290591e-05 2.3121209e-04
 5.4182587e-03 8.3169132e-01]",[0.95085424 0.02047814 0.00116107 0.02750653],[9.9999994e-01 8.7244189e-08],"[1.1587827e-05 2.8848042e-05 2.9059997e-04 2.6182486e-02 5.1440406e-01
 4.4175822e-01 1.7185912e-02 1.3754214e-04 7.5328319e-07]"
D:\Uni\Ulm\Master\Hiwi-Forschung-und-Lehre\FairFace\detected_faces\362690_face0.jpg,Latino_Hispanic,Black,Male,20-29,"[5.6787852e-02 9.9407434e-03 8.5194701e-01 5.1336474e-04 2.7947854e-03
 9.3267253e-03 6.8689562e-02]",[0.32368198 0.5917666  0.02019523 0.06435616],[9.9999839e-01 1.6025061e-06],"[2.6956252e-08 8.4243275e-06 3.3340748e-02 8.9734823e-01 6.8265893e-02
 1.0299428e-03 6.5288623e-06 1.8517282e-07 2.3420856e-09]"
D:\Uni\Ulm\Master\Hiwi-Forschung-und-Lehre\FairFace\detected_faces\362692_face0.jpg,White,White,Male,20-29,"[9.9295270e-01 3.0956151e-05 6.6854066e-04 4.4625904e-06 8.4373996e-06
 7.3113401e-06 6.3276007e-03]",[9.9982047e-01 1.0782115e-04 7.8858457e-06 6.3794629e-05],[9.9999803e-01 1.9924209e-06],"[7.4873738e-06 1.4128977e-04 7.4143619e-03 5.5724078e-01 4.0644702e-01
 2.8056784e-02 6.6384283e-04 2.7767588e-05 7.8159258e-07]"
D:\Uni\Ulm\Master\Hiwi-Forschung-und-Lehre\FairFace\detected_faces\362704_face0.jpg,White,White,Male,20-29,"[8.4430069e-01 4.1806143e-05 2.8983171e-03 8.5677101e-07 2.0626926e-06
 5.2121330e-05 1.5270415e-01]",[9.9934447e-01 2.7388582e-04 1.0769357e-05 3.7087014e-04],[0.9881984  0.01180164],"[3.5539244e-07 6.4031876e-05 8.8353381e-03 6.2773985e-01 3.5431054e-01
 8.9959931e-03 5.3391937e-05 5.1550558e-07 1.5216669e-08]"
D:\Uni\Ulm\Master\Hiwi-Forschung-und-Lehre\FairFace\detected_faces\362772_face0.jpg,White,White,Male,30-39,"[9.0711385e-01 3.9009992e-05 1.8684013e-02 2.7965393e-04 3.3643842e-04
 4.8134342e-04 7.3065713e-02]",[9.9887067e-01 4.2437583e-05 9.1704878e-04 1.6979173e-04],[9.9999732e-01 2.6184302e-06],"[9.3601358e-07 8.5318279e-06 3.3940151e-04 3.3053049e-01 6.5233177e-01
 1.6734777e-02 5.3629821e-05 4.1725161e-07 7.2265256e-09]"
D:\Uni\Ulm\Master\Hiwi-Forschung-und-Lehre\FairFace\detected_faces\363774_face0.jpg,White,White,Male,20-29,"[9.8995674e-01 3.3239161e-05 1.3083493e-03 3.2591020e-06 1.2021368e-05
 7.4109821e-06 8.6788666e-03]",[9.9974859e-01 1.7563633e-04 6.4443768e-05 1.1316731e-05],[9.9999994e-01 7.1772639e-08],"[3.8238588e-07 3.4617384e-05 4.4153198e-03 7.7425331e-01 2.1938002e-01
 1.9117055e-03 4.5689735e-06 6.2959479e-08 1.5427420e-09]"
D:\Uni\Ulm\Master\Hiwi-Forschung-und-Lehre\FairFace\detected_faces\363792_face0.jpg,White,White,Male,20-29,"[9.8866099e-01 2.7848440e-05 6.0832882e-03 1.3603467e-05 7.9365127e-05
 8.8316920e-06 5.1260390e-03]",[9.9956018e-01 1.3093582e-04 2.4610184e-04 6.2741921e-05],[9.999996e-01 4.343715e-07],"[1.7148857e-07 2.0603460e-05 7.9814643e-03 6.2815851e-01 3.5068667e-01
 1.3091681e-02 6.0295657e-05 5.5582166e-07 6.5146568e-09]"
D:\Uni\Ulm\Master\Hiwi-Forschung-und-Lehre\FairFace\detected_faces\363844_face0.jpg,Middle Eastern,White,Male,20-29,"[3.7930372e-01 1.0700577e-03 6.2405359e-02 4.5251469e-05 8.4999665e-05
 6.6127343e-04 5.5642939e-01]",[9.8309761e-01 1.4748825e-02 3.4993439e-04 1.8036058e-03],[9.9999934e-01 6.6220929e-07],"[1.8727995e-07 4.9870039e-05 3.7128758e-02 9.2724693e-01 3.5434682e-02
 1.3929608e-04 3.0784565e-07 1.1347728e-08 1.9125064e-10]"
D:\Uni\Ulm\Master\Hiwi-Forschung-und-Lehre\FairFace\detected_faces\363852_face0.jpg,Middle Eastern,White,Male,20-29,"[4.8182495e-02 6.5080661e-05 1.1819195e-02 2.6551656e-05 4.1689716e-05
 3.8068688e-03 9.3605816e-01]",[9.9190176e-01 2.5244807e-03 7.7304823e-05 5.4965331e-03],[9.9987525e-01 1.2475879e-04],"[1.3570444e-05 4.8486789e-04 8.1118839e-03 7.5352234e-01 2.3280384e-01
 5.0390968e-03 2.4013560e-05 4.6263230e-07 1.4260491e-08]"
D:\Uni\Ulm\Master\Hiwi-Forschung-und-Lehre\FairFace\detected_faces\363856_face0.jpg,White,White,Male,20-29,"[9.5103842e-01 4.2662559e-05 2.7015027e-02 1.5526823e-03 1.1765242e-03
 1.2832302e-04 1.9046336e-02]",[9.7237080e-01 1.2388143e-03 2.5586693e-02 8.0364989e-04],[1.0000000e+00 2.0736053e-08],"[8.64650531e-07 9.45205466e-05 3.00756618e-02 6.28697693e-01
 3.29447836e-01 1.16020385e-02 8.07425386e-05 6.18820593e-07
 3.94946431e-09]"
D:\Uni\Ulm\Master\Hiwi-Forschung-und-Lehre\FairFace\detected_faces\363858_face0.jpg,White,White,Male,30-39,"[8.6501020e-01 1.1993566e-03 8.2133748e-02 2.3534367e-05 7.3395095e-05
 1.4677382e-04 5.1413100e-02]",[9.9145818e-01 7.3306393e-03 5.5568741e-04 6.5546751e-04],[9.999930e-01 6.972585e-06],"[3.1051329e-08 4.9776696e-07 2.3975084e-04 2.4757913e-01 7.0891654e-01
 4.3047626e-02 2.1423284e-04 2.2374616e-06 2.3458943e-08]"
D:\Uni\Ulm\Master\Hiwi-Forschung-und-Lehre\FairFace\detected_faces\363860_face0.jpg,White,White,Male,30-39,"[6.8430048e-01 5.3509307e-04 1.3236275e-01 9.6781669e-06 5.5302957e-05
 4.7729122e-03 1.7796384e-01]",[9.915995e-01 8.632477e-04 6.684302e-05 7.470409e-03],[9.9998766e-01 1.2341117e-05],"[7.0115377e-08 1.9535642e-06 8.5510232e-04 3.4969309e-01 6.3193345e-01
 1.7462980e-02 5.3101918e-05 3.0664035e-07 2.4148625e-09]"
D:\Uni\Ulm\Master\Hiwi-Forschung-und-Lehre\FairFace\detected_faces\363872_face0.jpg,White,White,Male,30-39,"[9.8206979e-01 4.7561366e-04 2.1057001e-03 3.2465465e-05 8.0949299e-05
 1.5749669e-04 1.5077946e-02]",[9.8804617e-01 9.6030105e-03 6.2720990e-04 1.7235960e-03],[9.9999863e-01 1.3459832e-06],"[1.7866814e-06 3.4503111e-05 6.6719542e-04 2.9559353e-01 6.8040848e-01
 2.3192955e-02 1.0070653e-04 7.9617047e-07 3.1967616e-08]"
D:\Uni\Ulm\Master\Hiwi-Forschung-und-Lehre\FairFace\detected_faces\364612_face0.jpg,White,White,Male,20-29,"[6.2038320e-01 8.4498152e-04 1.8193398e-01 3.0110677e-04 9.9759526e-04
 2.2931390e-03 1.9324604e-01]",[0.98095536 0.00267142 0.00929179 0.00708133],[1.0000000e+00 2.0102615e-08],"[1.7181233e-06 8.8797580e-04 1.9386867e-01 7.0009518e-01 1.0226055e-01
 2.8688996e-03 1.6713384e-05 2.1748473e-07 1.7705311e-09]"
D:\Uni\Ulm\Master\Hiwi-Forschung-und-Lehre\FairFace\detected_faces\364716_face0.jpg,White,White,Male,30-39,"[9.9609751e-01 1.5098068e-05 1.6061025e-04 2.5642689e-06 9.8404516e-06
 6.1725473e-06 3.7081039e-03]",[9.9957651e-01 1.7568805e-04 4.2800370e-05 2.0505587e-04],[9.9992687e-01 7.3096577e-05],"[4.4511890e-07 1.3361007e-05 4.3346634e-04 2.0820372e-01 7.6065415e-01
 3.0589197e-02 1.0499990e-04 6.8755088e-07 2.6005051e-08]"
D:\Uni\Ulm\Master\Hiwi-Forschung-und-Lehre\FairFace\detected_faces\365296_face0.jpg,White,White,Male,20-29,"[9.9925321e-01 2.4604327e-07 9.1643655e-05 5.2138029e-07 9.0314063e-07
 3.9255667e-07 6.5309578e-04]",[9.9996954e-01 1.5598210e-06 7.3398101e-06 2.1669637e-05],[9.9999923e-01 7.5574104e-07],"[7.4675937e-09 3.3438414e-06 6.2775039e-03 8.5703474e-01 1.3588902e-01
 7.9474493e-04 5.4139838e-07 2.9466829e-09 5.0340579e-11]"
D:\Uni\Ulm\Master\Hiwi-Forschung-und-Lehre\FairFace\detected_faces\365772_face0.jpg,Black,Black,Male,30-39,"[2.5456538e-07 9.9999011e-01 5.7114221e-06 4.6698553e-08 5.9659249e-07
 2.5496472e-06 9.2548413e-07]",[1.3835439e-06 9.9995327e-01 2.7530339e-05 1.7862934e-05],[9.9999815e-01 1.8209622e-06],"[1.0295116e-06 1.5977856e-05 4.9253932e-04 1.2792136e-01 5.7842302e-01
 2.7977815e-01 1.2934103e-02 4.0265938e-04 3.1254989e-05]"
D:\Uni\Ulm\Master\Hiwi-Forschung-und-Lehre\FairFace\detected_faces\365802_face0.jpg,White,White,Male,30-39,"[9.9999547e-01 5.6094649e-08 1.5888949e-06 2.9031166e-09 1.8782885e-08
 1.6716351e-07 2.6661492e-06]",[9.9997705e-01 2.3168775e-06 4.0197054e-07 2.0227424e-05],[9.9998933e-01 1.0665859e-05],"[7.1291821e-09 4.4114594e-07 2.1092386e-04 4.6249187e-01 5.2294511e-01
 1.4274977e-02 7.6314929e-05 3.5873597e-07 1.9025263e-08]"
D:\Uni\Ulm\Master\Hiwi-Forschung-und-Lehre\FairFace\detected_faces\365812_face0.jpg,White,White,Male,20-29,"[8.1489962e-01 1.9770991e-05 2.2639306e-02 3.7803149e-04 8.4548746e-04
 5.4022566e-05 1.6116378e-01]",[9.6160579e-01 2.6677974e-04 3.7438601e-02 6.8884576e-04],[9.9999660e-01 3.4156542e-06],"[5.3961173e-08 7.2308168e-05 1.0980645e-01 8.2533813e-01 6.3519515e-02
 1.2590992e-03 4.3584764e-06 4.6268923e-08 6.3778449e-10]"
D:\Uni\Ulm\Master\Hiwi-Forschung-und-Lehre\FairFace\detected_faces\365892_face0.jpg,Middle Eastern,White,Male,20-29,"[1.7452331e-02 6.9538969e-06 9.9504506e-03 1.9799551e-05 6.0688908e-05
 1.8757143e-03 9.7063410e-01]",[9.5676857e-01 1.5200415e-03 5.4726982e-04 4.1164078e-02],[9.9999702e-01 2.9885152e-06],"[7.8546128e-07 3.9622708e-05 2.0079084e-03 6.0523707e-01 3.8656437e-01
 6.1402190e-03 9.9325889e-06 8.6576463e-08 1.2472291e-09]"
D:\Uni\Ulm\Master\Hiwi-Forschung-und-Lehre\FairFace\detected_faces\365992_face0.jpg,White,White,Male,20-29,"[5.3705639e-01 7.0744078e-05 8.9912362e-02 3.9163286e-05 8.4516090e-05
 3.2352956e-03 3.6960152e-01]",[9.9605912e-01 2.8061154e-04 1.5808223e-04 3.5022490e-03],[9.999844e-01 1.563529e-05],"[1.4314932e-06 1.3195381e-04 1.2372294e-02 9.1520083e-01 7.1788430e-02
 5.0384674e-04 1.1513816e-06 2.9588588e-08 4.9545840e-10]"
D:\Uni\Ulm\Master\Hiwi-Forschung-und-Lehre\FairFace\detected_faces\366156_face0.jpg,Latino_Hispanic,White,Male,20-29,"[4.0265206e-01 3.8709065e-03 5.3501058e-01 3.0681724e-05 1.7775080e-04
 1.1268504e-03 5.7131153e-02]",[0.81818545 0.12525065 0.00372855 0.05283527],[9.9999934e-01 6.3666835e-07],"[2.0963883e-08 3.2869698e-06 1.4864893e-02 9.1297668e-01 7.1167678e-02
 9.8022888e-04 7.1523505e-06 8.8374527e-08 9.8539943e-10]"
D:\Uni\Ulm\Master\Hiwi-Forschung-und-Lehre\FairFace\detected_faces\366592_face0.jpg,White,White,Male,20-29,"[9.9926865e-01 6.5305193e-07 1.3392471e-04 3.4159336e-07 7.4326243e-07
 2.8037480e-06 5.9292931e-04]",[9.9993849e-01 3.0718033e-06 1.1849261e-05 4.6598590e-05],[9.9999601e-01 4.0015575e-06],"[1.23604424e-08 1.14639124e-06 1.23766612e-03 7.28355110e-01
 2.66601443e-01 3.79551505e-03 8.96278198e-06 5.25440313e-08
 1.29062749e-09]"
D:\Uni\Ulm\Master\Hiwi-Forschung-und-Lehre\FairFace\detected_faces\366942_face0.jpg,White,White,Male,20-29,"[8.5972357e-01 5.3303207e-05 6.5387316e-02 2.2883304e-04 4.2894224e-04
 1.8400133e-04 7.3994003e-02]",[9.9906290e-01 1.9509091e-04 5.2145642e-04 2.2053912e-04],[9.9999762e-01 2.4132307e-06],"[5.2647408e-07 3.9671355e-05 1.3545096e-02 6.4410877e-01 3.2662582e-01
 1.5579586e-02 9.9575016e-05 8.5601664e-07 7.7952942e-09]"
D:\Uni\Ulm\Master\Hiwi-Forschung-und-Lehre\FairFace\detected_faces\367056_face0.jpg,Black,Black,Male,30-39,"[3.6875369e-06 9.9854892e-01 6.5070359e-05 7.4748016e-08 2.9684211e-06
 1.3231619e-03 5.6036308e-05]",[5.1493989e-06 9.9955517e-01 5.3757717e-06 4.3437679e-04],[9.9996120e-01 3.8773698e-05],"[4.1407258e-08 7.6196699e-07 9.4853567e-05 3.3527941e-02 6.6643780e-01
 2.9442030e-01 5.5002482e-03 1.7713535e-05 3.5290046e-07]"
D:\Uni\Ulm\Master\Hiwi-Forschung-und-Lehre\FairFace\detected_faces\367080_face0.jpg,White,White,Male,20-29,"[4.0538567e-01 1.5338045e-03 3.9266637e-01 3.3008537e-04 2.2238449e-03
 3.2114307e-03 1.9464882e-01]",[0.85960674 0.05458086 0.0067633  0.0790491 ],[9.9999797e-01 2.0790496e-06],"[7.7386604e-09 1.6378224e-06 6.4964253e-03 8.8518155e-01 1.0690981e-01
 1.4013842e-03 9.0275280e-06 1.4067261e-07 2.8446794e-09]"
D:\Uni\Ulm\Master\Hiwi-Forschung-und-Lehre\FairFace\detected_faces\367096_face0.jpg,White,White,Male,20-29,"[5.0450492e-01 1.7778236e-04 2.1582726e-02 2.4804231e-05 3.1653530e-05
 5.6497677e-04 4.7311321e-01]",[9.9868023e-01 5.2426761e-04 8.0548103e-05 7.1494351e-04],[9.999438e-01 5.616086e-05],"[2.5367247e-06 4.5718017e-04 2.2191307e-02 8.2635844e-01 1.4910193e-01
 1.8835212e-03 4.9971850e-06 8.5292299e-08 1.5836411e-09]"
D:\Uni\Ulm\Master\Hiwi-Forschung-und-Lehre\FairFace\detected_faces\367132_face0.jpg,Middle Eastern,White,Male,20-29,"[2.02622905e-01 1.17632635e-02 2.68139869e-01 1.35061448e-04
 8.54215352e-04 3.53017333e-03 5.12954473e-01]",[0.95791155 0.03320125 0.00141514 0.00747213],[9.9999988e-01 1.4816386e-07],"[2.0063672e-08 5.0198846e-06 1.2070004e-02 7.5505745e-01 2.2986758e-01
 2.9880109e-03 1.1684534e-05 2.1934770e-07 2.1266113e-09]"
D:\Uni\Ulm\Master\Hiwi-Forschung-und-Lehre\FairFace\detected_faces\367150_face0.jpg,Middle Eastern,White,Male,20-29,"[6.4046662e-03 4.5228403e-06 2.3566685e-03 1.4031539e-06 5.8101205e-06
 1.3923649e-04 9.9108773e-01]",[9.8427284e-01 5.6793971e-04 2.8119705e-04 1.4877998e-02],[9.9999958e-01 3.8875638e-07],"[5.7538546e-07 5.9271860e-04 1.5424161e-01 7.5332814e-01 8.9388773e-02
 2.4404228e-03 7.5378975e-06 1.1040837e-07 1.0044479e-09]"
D:\Uni\Ulm\Master\Hiwi-Forschung-und-Lehre\FairFace\detected_faces\367228_face0.jpg,White,White,Male,30-39,"[9.9985784e-01 6.5656286e-06 1.7583783e-05 3.6589235e-08 2.4436153e-07
 2.2084973e-07 1.1747881e-04]",[9.9962282e-01 3.5181124e-04 2.9665450e-06 2.2383250e-05],[1.000000e+00 7.945874e-09],"[1.5678545e-08 1.9851809e-06 5.2317523e-04 4.3769142e-01 5.4976714e-01
 1.1973739e-02 4.2138076e-05 3.9116529e-07 9.7103188e-09]"
D:\Uni\Ulm\Master\Hiwi-Forschung-und-Lehre\FairFace\detected_faces\367770_face0.jpg,Latino_Hispanic,Indian,Male,30-39,"[1.1208583e-01 7.4144090e-03 7.8870457e-01 5.3095922e-04 2.3455098e-03
 2.3831679e-02 6.5087043e-02]",[0.2976946  0.02480168 0.05735527 0.6201484 ],[9.999950e-01 5.007344e-06],"[3.0078604e-07 1.4987585e-06 6.9576653e-04 1.9150455e-01 6.9289148e-01
 1.1266634e-01 2.2233899e-03 1.6531088e-05 1.4727578e-07]"
D:\Uni\Ulm\Master\Hiwi-Forschung-und-Lehre\FairFace\detected_faces\368120_face0.jpg,White,White,Male,30-39,"[0.41693103 0.0009611  0.38858455 0.00114993 0.00193779 0.02468464
 0.16575098]",[0.81511474 0.01164034 0.03195734 0.14128758],[9.999963e-01 3.673148e-06],"[5.9233776e-07 7.2833400e-06 7.0650614e-04 4.0507892e-01 5.5520320e-01
 3.8741939e-02 2.5867877e-04 2.8503844e-06 4.0928406e-08]"
D:\Uni\Ulm\Master\Hiwi-Forschung-und-Lehre\FairFace\detected_faces\368128_face0.jpg,Black,Black,Male,20-29,"[2.8747519e-07 9.9999583e-01 3.5043347e-06 1.0236194e-09 1.9144313e-08
 2.3997657e-07 1.9920004e-07]",[1.7703238e-07 9.9999911e-01 1.4520835e-07 5.6522430e-07],[1.000000e+00 5.618243e-09],"[1.4290409e-08 2.8298778e-06 3.5248466e-03 7.6892817e-01 2.2067043e-01
 6.8262024e-03 4.7094472e-05 4.9635167e-07 1.7566677e-08]"
D:\Uni\Ulm\Master\Hiwi-Forschung-und-Lehre\FairFace\detected_faces\368132_face0.jpg,White,White,Male,20-29,"[9.9987739e-01 1.1888325e-06 1.9136891e-05 3.6597175e-08 1.7573295e-07
 2.9040618e-07 1.0176501e-04]",[9.9995410e-01 3.7899979e-05 4.7968983e-06 3.1794025e-06],[9.999999e-01 5.405235e-08],"[3.7646611e-08 1.7050742e-06 7.3290948e-04 6.2567043e-01 3.6811766e-01
 5.4430198e-03 3.3843993e-05 3.4490134e-07 9.1048511e-09]"
D:\Uni\Ulm\Master\Hiwi-Forschung-und-Lehre\FairFace\detected_faces\368134_face0.jpg,White,White,Male,30-39,"[9.9999809e-01 1.2058842e-08 4.4685714e-07 3.2963772e-08 1.3877244e-07
 1.2202890e-08 1.3254878e-06]",[9.9998987e-01 2.4190620e-06 6.3428870e-06 1.3653660e-06],[9.994250e-01 5.750161e-04],"[2.4328241e-07 1.2913069e-05 6.0075871e-03 3.6539477e-01 4.1448438e-01
 1.9651608e-01 1.7057654e-02 4.9815472e-04 2.8180524e-05]"
D:\Uni\Ulm\Master\Hiwi-Forschung-und-Lehre\FairFace\detected_faces\368146_face0.jpg,Latino_Hispanic,Black,Male,30-39,"[1.4859311e-01 2.6641294e-01 3.4380588e-01 8.2130689e-05 4.6018648e-04
 1.4446105e-02 2.2619970e-01]",[0.0355827  0.9555477  0.00145571 0.00741397],[0.99628246 0.00371748],"[6.4258643e-07 1.6592599e-05 2.1776429e-03 2.1932647e-01 7.2207379e-01
 5.5567827e-02 8.2229322e-04 1.4514050e-05 2.7511598e-07]"
D:\Uni\Ulm\Master\Hiwi-Forschung-und-Lehre\FairFace\detected_faces\368148_face0.jpg,Black,Black,Male,20-29,"[1.0112373e-06 9.9982333e-01 6.3170846e-05 2.9551686e-07 1.9191659e-05
 9.0960515e-05 1.9602805e-06]",[3.3949243e-07 9.9994320e-01 1.3941009e-05 4.2549094e-05],[9.9999982e-01 1.8661147e-07],"[1.5193915e-08 4.0253857e-05 1.4080368e-01 8.3705866e-01 2.1921169e-02
 1.7557673e-04 6.5735765e-07 1.1656437e-08 4.8737797e-10]"
D:\Uni\Ulm\Master\Hiwi-Forschung-und-Lehre\FairFace\detected_faces\368418_face0.jpg,Black,Black,Male,30-39,"[1.3918913e-07 9.9999774e-01 9.4044174e-07 6.9121810e-09 7.7148478e-08
 1.0477697e-06 4.9016030e-08]",[2.8467417e-07 9.9999911e-01 1.7028933e-07 3.8208893e-07],[9.9952501e-01 4.7498744e-04],"[1.6281886e-08 9.4524944e-07 7.7779766e-04 2.7342120e-01 6.0858196e-01
 1.1425670e-01 2.9416266e-03 1.8447552e-05 1.3812331e-06]"
D:\Uni\Ulm\Master\Hiwi-Forschung-und-Lehre\FairFace\detected_faces\368854_face0.jpg,White,White,Male,20-29,"[9.8575228e-01 8.3070842e-07 4.4865330e-04 7.4102059e-06 1.8256349e-05
 8.5329975e-06 1.3764012e-02]",[9.98892307e-01 8.46289331e-05 9.20055492e-04 1.03008366e-04],[9.9988395e-01 1.1603259e-04],"[2.15455628e-07 6.43885360e-05 1.19051084e-01 7.13945985e-01
 1.52282178e-01 1.44190704e-02 2.32755221e-04 4.21967388e-06
 8.44725108e-08]"
D:\Uni\Ulm\Master\Hiwi-Forschung-und-Lehre\FairFace\detected_faces\368922_face0.jpg,White,White,Male,20-29,"[9.6651268e-01 4.6486526e-05 3.6896481e-03 6.9521247e-06 2.8379245e-05
 3.3131448e-05 2.9682711e-02]",[9.9974239e-01 9.5615782e-05 3.9422306e-05 1.2257950e-04],[9.9996442e-01 3.5560217e-05],"[8.5829578e-07 3.6336849e-05 2.9235005e-03 6.8489289e-01 3.0454281e-01
 7.5431666e-03 5.8876733e-05 1.5812437e-06 4.8887973e-08]"
D:\Uni\Ulm\Master\Hiwi-Forschung-und-Lehre\FairFace\detected_faces\369004_face0.jpg,White,White,Male,30-39,"[9.97478068e-01 1.12663361e-06 6.01333799e-04 9.91706202e-06
 1.34016955e-05 1.04860110e-05 1.88572390e-03]",[9.943983e-01 5.913916e-06 5.556738e-03 3.903161e-05],[9.999986e-01 1.376728e-06],"[3.5547039e-08 1.1071547e-06 9.9622353e-05 1.6976711e-01 7.9485172e-01
 3.5205185e-02 7.5011681e-05 2.3171981e-07 3.0052958e-09]"
D:\Uni\Ulm\Master\Hiwi-Forschung-und-Lehre\FairFace\detected_faces\369034_face0.jpg,Black,Black,Male,20-29,"[4.0507931e-07 9.9997866e-01 6.4585879e-06 7.2659219e-07 1.2575986e-05
 1.0690414e-06 2.0119759e-07]",[3.9621466e-07 9.9999380e-01 5.6132303e-06 2.0243732e-07],[9.9999315e-01 6.8611785e-06],"[9.7091174e-08 3.2145923e-05 2.5998147e-02 8.2224774e-01 1.4798607e-01
 3.6855335e-03 4.9630195e-05 5.8262367e-07 7.8047094e-08]"
D:\Uni\Ulm\Master\Hiwi-Forschung-und-Lehre\FairFace\detected_faces\369056_face0.jpg,Latino_Hispanic,Asian,Male,20-29,"[0.23570961 0.00791229 0.4357772  0.06043505 0.17835638 0.00927311
 0.07253639]",[0.3884774  0.01385093 0.57714313 0.02052847],[9.9999928e-01 6.8798676e-07],"[2.7643064e-06 4.6808145e-05 2.9692941e-03 6.5994871e-01 3.2454875e-01
 1.2245174e-02 2.3136260e-04 6.9213393e-06 1.7096440e-07]"
D:\Uni\Ulm\Master\Hiwi-Forschung-und-Lehre\FairFace\detected_faces\369544_face0.jpg,Middle Eastern,White,Male,30-39,"[1.0186768e-01 1.2006152e-03 2.4359468e-01 3.7978807e-05 2.2731893e-04
 1.3041037e-01 5.2266139e-01]",[7.4852598e-01 1.5145059e-02 5.2097067e-04 2.3580801e-01],[9.9999642e-01 3.6045826e-06],"[6.4464172e-07 1.1053075e-05 1.8628361e-04 9.6098609e-02 8.1506097e-01
 8.8356458e-02 2.8522388e-04 7.4598182e-07 6.9419053e-09]"
D:\Uni\Ulm\Master\Hiwi-Forschung-und-Lehre\FairFace\detected_faces\369620_face0.jpg,White,White,Male,20-29,"[9.5319146e-01 9.7366405e-04 3.5301473e-02 1.5974410e-05 8.4378757e-05
 7.0243004e-05 1.0362845e-02]",[9.8662668e-01 1.2091953e-02 2.0911242e-04 1.0722245e-03],[1.0000000e+00 3.3910826e-08],"[3.6542968e-08 1.0561214e-05 8.7068733e-03 8.4065837e-01 1.4775977e-01
 2.8450000e-03 1.9239869e-05 1.9971041e-07 2.9737837e-09]"
D:\Uni\Ulm\Master\Hiwi-Forschung-und-Lehre\FairFace\detected_faces\369674_face0.jpg,Black,Black,Male,20-29,"[1.6444541e-06 9.9941319e-01 1.5707956e-04 1.2212381e-07 1.2697259e-05
 4.0441833e-04 1.0974054e-05]",[1.2772806e-05 9.9662095e-01 1.2425665e-04 3.2420172e-03],[9.9997902e-01 2.0957348e-05],"[7.4337386e-08 1.7736244e-05 2.2597779e-02 7.2853440e-01 2.3582052e-01
 1.2738071e-02 2.7945871e-04 1.1599012e-05 3.5863232e-07]"
D:\Uni\Ulm\Master\Hiwi-Forschung-und-Lehre\FairFace\detected_faces\369866_face0.jpg,White,White,Male,20-29,"[8.9784306e-01 3.2287779e-05 3.2526497e-02 8.0369454e-04 1.8007187e-03
 3.5600184e-04 6.6637643e-02]",[9.9220121e-01 3.3650745e-04 3.1276832e-03 4.3345499e-03],[9.9999982e-01 2.1294076e-07],"[4.4357822e-07 2.1986627e-05 4.4057425e-03 6.2016994e-01 3.6880085e-01
 6.5806811e-03 2.0114170e-05 2.4995759e-07 2.4090445e-09]"
D:\Uni\Ulm\Master\Hiwi-Forschung-und-Lehre\FairFace\detected_faces\370138_face0.jpg,Middle Eastern,White,Male,20-29,"[1.4201966e-01 1.6727581e-04 1.1753666e-01 4.9130397e-04 1.1310930e-03
 2.1766940e-02 7.1688712e-01]",[0.8734686  0.00093682 0.00998613 0.11560848],[9.9998182e-01 1.8177549e-05],"[8.4129988e-07 4.5342800e-05 3.5930050e-03 7.2311437e-01 2.7055451e-01
 2.6875949e-03 4.3111618e-06 8.8957286e-08 2.0645978e-09]"
D:\Uni\Ulm\Master\Hiwi-Forschung-und-Lehre\FairFace\detected_faces\370218_face0.jpg,White,White,Male,20-29,"[7.6062703e-01 5.0132225e-05 1.4264626e-02 6.3001055e-05 8.0960104e-05
 5.9510360e-04 2.2431910e-01]",[9.9900842e-01 2.0666931e-04 1.0284932e-04 6.8203837e-04],[9.9999166e-01 8.3093009e-06],"[1.9676923e-08 2.2762927e-06 3.7349388e-03 9.0377790e-01 9.2132255e-02
 3.5180373e-04 8.3538123e-07 6.7302963e-09 2.2929503e-10]"
D:\Uni\Ulm\Master\Hiwi-Forschung-und-Lehre\FairFace\detected_faces\370224_face0.jpg,White,White,Male,20-29,"[9.8644668e-01 1.7066827e-06 4.3850243e-03 4.1577514e-04 5.5638625e-04
 2.8749710e-05 8.1656361e-03]",[9.992689e-01 1.966724e-05 6.294424e-04 8.195938e-05],[9.9999994e-01 1.2092043e-07],"[8.18045976e-07 3.56065779e-04 1.06098294e-01 7.22845972e-01
 1.63093999e-01 7.53763737e-03 6.65153566e-05 6.44959471e-07
 8.14458101e-09]"
D:\Uni\Ulm\Master\Hiwi-Forschung-und-Lehre\FairFace\detected_faces\370244_face0.jpg,White,White,Male,20-29,"[9.3580204e-01 3.8719390e-05 8.6700981e-03 7.4773220e-06 1.7312255e-05
 3.4054089e-04 5.5123787e-02]",[9.9461955e-01 2.0550772e-04 3.8617841e-04 4.7887601e-03],[9.9999970e-01 3.3288396e-07],"[9.4842960e-07 2.3696240e-04 2.7211703e-02 8.5348797e-01 1.1743267e-01
 1.6258386e-03 3.8027868e-06 6.6857339e-08 1.0233461e-09]"
D:\Uni\Ulm\Master\Hiwi-Forschung-und-Lehre\FairFace\detected_faces\370476_face0.jpg,White,White,Male,30-39,"[9.9904007e-01 8.7708152e-08 5.8694535e-05 2.0680204e-07 1.1174241e-06
 2.1221058e-06 8.9772057e-04]",[9.9983019e-01 2.9260002e-05 4.8248144e-06 1.3570850e-04],[9.9999976e-01 2.4208452e-07],"[1.2767468e-08 1.1823061e-06 5.1177561e-04 3.9696056e-01 5.7645077e-01
 2.6033707e-02 4.1906038e-05 1.2800514e-07 1.8641093e-09]"
D:\Uni\Ulm\Master\Hiwi-Forschung-und-Lehre\FairFace\detected_faces\370932_face0.jpg,Black,Black,Male,30-39,"[1.0709454e-06 9.9913937e-01 7.8599005e-05 1.7988837e-07 5.4013440e-06
 7.5469073e-04 2.0635083e-05]",[2.8136853e-07 9.9986571e-01 9.4719589e-06 1.2454212e-04],[9.9996376e-01 3.6206151e-05],"[1.2408995e-07 4.5315460e-06 4.8982864e-04 2.2690499e-01 7.4382913e-01
 2.8672123e-02 9.8648801e-05 6.1809982e-07 1.4585292e-08]"
D:\Uni\Ulm\Master\Hiwi-Forschung-und-Lehre\FairFace\detected_faces\371222_face0.jpg,Latino_Hispanic,White,Male,30-39,"[4.4935679e-01 3.5674253e-03 5.3217310e-01 3.0134560e-04 1.4008387e-03
 3.4962287e-03 9.7042564e-03]",[0.708242   0.1392503  0.0110203  0.14148743],[9.9999988e-01 5.0168442e-08],"[5.2634711e-08 5.0234576e-07 5.1351293e-04 2.5841913e-01 6.2597114e-01
 1.1189900e-01 3.1698497e-03 2.6709904e-05 1.7878561e-07]"
D:\Uni\Ulm\Master\Hiwi-Forschung-und-Lehre\FairFace\detected_faces\371364_face0.jpg,Black,Black,Male,30-39,"[4.31317385e-05 9.99764144e-01 1.00224206e-04 2.61040896e-07
 1.42167562e-06 5.09155961e-06 8.57044070e-05]",[6.6113676e-06 9.9996722e-01 1.6167847e-05 9.9761792e-06],[9.9984473e-01 1.5530309e-04],"[4.4580508e-04 1.4290474e-02 1.2777176e-02 1.0427223e-01 4.2954147e-01
 4.2326915e-01 1.5032243e-02 3.4563337e-04 2.5766252e-05]"
D:\Uni\Ulm\Master\Hiwi-Forschung-und-Lehre\FairFace\detected_faces\371366_face0.jpg,White,White,Male,20-29,"[9.9674422e-01 2.3745926e-04 1.8262878e-03 1.8333989e-05 5.2302265e-05
 7.3280539e-06 1.1139881e-03]",[9.9475092e-01 1.9869283e-03 3.2169735e-03 4.5085275e-05],[9.9998695e-01 1.3089517e-05],"[1.1439832e-07 1.4307027e-04 9.3718216e-02 8.6414599e-01 4.0872093e-02
 1.1037901e-03 1.6318909e-05 3.6032975e-07 1.6365414e-08]"
D:\Uni\Ulm\Master\Hiwi-Forschung-und-Lehre\FairFace\detected_faces\372076_face0.jpg,White,White,Male,30-39,"[9.9998486e-01 1.5045674e-07 4.6881522e-07 5.5162102e-09 2.3198687e-08
 1.3539650e-07 1.4509339e-05]",[9.9998182e-01 1.6373187e-05 4.3728841e-07 1.4054798e-06],[9.9999636e-01 3.5936935e-06],"[1.2175952e-06 1.3581474e-05 2.8018741e-04 1.9306739e-01 7.4995184e-01
 5.5891268e-02 7.8947929e-04 4.6699456e-06 3.2834225e-07]"
D:\Uni\Ulm\Master\Hiwi-Forschung-und-Lehre\FairFace\detected_faces\372312_face0.jpg,Middle Eastern,White,Male,20-29,"[8.3342768e-02 4.6838954e-04 3.6540002e-02 4.6083711e-05 1.6389789e-04
 6.1720018e-03 8.7326688e-01]",[0.83594567 0.00673885 0.00114553 0.15616992],[9.9971557e-01 2.8439425e-04],"[8.8081856e-07 5.8160658e-05 1.2276085e-02 5.5438071e-01 4.0612173e-01
 2.6420895e-02 7.2612282e-04 1.4935474e-05 4.6926974e-07]"
D:\Uni\Ulm\Master\Hiwi-Forschung-und-Lehre\FairFace\detected_faces\372316_face0.jpg,White,White,Male,30-39,"[9.94354069e-01 2.09376289e-04 9.10197152e-04 3.34578908e-06
 1.11439895e-05 1.66212048e-05 4.49518859e-03]",[9.9942529e-01 4.5169014e-04 4.6711382e-05 7.6244294e-05],[9.9999976e-01 2.6430115e-07],"[6.5870336e-07 5.4031475e-06 1.8003838e-04 1.6914742e-01 7.3001790e-01
 9.8926060e-02 1.7029778e-03 1.8944749e-05 6.5327066e-07]"
D:\Uni\Ulm\Master\Hiwi-Forschung-und-Lehre\FairFace\detected_faces\372324_face0.jpg,Middle Eastern,White,Male,30-39,"[4.7382310e-01 4.1490819e-04 2.2610417e-02 7.5936132e-06 3.2401131e-05
 5.8121688e-04 5.0253040e-01]",[9.9130017e-01 3.2757858e-03 1.2790231e-04 5.2961409e-03],[9.9999583e-01 4.2186853e-06],"[3.9636861e-06 4.2528856e-05 2.4381625e-03 2.9996681e-01 6.1656535e-01
 7.9233989e-02 1.7232411e-03 2.5662273e-05 3.6871648e-07]"
D:\Uni\Ulm\Master\Hiwi-Forschung-und-Lehre\FairFace\detected_faces\372336_face0.jpg,Latino_Hispanic,Black,Male,30-39,"[7.44889975e-02 1.01295315e-01 7.38451898e-01 9.97722891e-05
 1.36085798e-03 8.11804980e-02 3.12272389e-03]",[0.11201389 0.5934936  0.00672268 0.28776982],[9.9999803e-01 1.9964448e-06],"[5.8169707e-07 3.3048511e-06 4.4127964e-04 1.6693880e-01 6.5731376e-01
 1.6829678e-01 6.9315624e-03 7.3097173e-05 8.1696720e-07]"
D:\Uni\Ulm\Master\Hiwi-Forschung-und-Lehre\FairFace\detected_faces\372342_face0.jpg,White,White,Male,20-29,"[9.6712410e-01 1.4739162e-04 1.6373454e-02 9.7649900e-05 3.8650984e-04
 5.8250665e-05 1.5812645e-02]",[9.99352992e-01 1.16317446e-04 2.53291510e-04 2.77351763e-04],[9.9999988e-01 1.2808245e-07],"[4.7638298e-07 5.4343927e-05 4.5698285e-03 5.6402892e-01 4.0249312e-01
 2.8341968e-02 5.0195464e-04 9.3125000e-06 1.3144346e-07]"
D:\Uni\Ulm\Master\Hiwi-Forschung-und-Lehre\FairFace\detected_faces\372344_face0.jpg,Latino_Hispanic,Black,Male,30-39,"[6.8313673e-02 6.2209912e-02 5.1161420e-01 8.3306099e-05 3.7451915e-04
 7.0608377e-02 2.8679600e-01]",[0.1420235  0.6324864  0.004952   0.22053804],[9.9999750e-01 2.5444558e-06],"[3.4480422e-06 8.4029292e-05 1.6601384e-03 2.1136953e-01 6.6058159e-01
 1.2428411e-01 2.0031943e-03 1.3854194e-05 1.6556822e-07]"
D:\Uni\Ulm\Master\Hiwi-Forschung-und-Lehre\FairFace\detected_faces\372430_face0.jpg,White,White,Male,30-39,"[9.29285884e-01 1.06638542e-03 5.11164516e-02 2.50061021e-05
 1.19316595e-04 3.30160430e-04 1.80567503e-02]",[9.9632329e-01 2.8573310e-03 5.7863811e-04 2.4073651e-04],[9.999953e-01 4.718240e-06],"[4.3216406e-08 7.8766567e-07 1.6588900e-04 4.0966597e-01 5.8244967e-01
 7.7019925e-03 1.5471567e-05 1.4085168e-07 2.5055082e-09]"
D:\Uni\Ulm\Master\Hiwi-Forschung-und-Lehre\FairFace\detected_faces\373210_face0.jpg,Latino_Hispanic,White,Male,20-29,"[2.9753456e-01 4.4941800e-03 3.9235163e-01 2.6824410e-04 1.1584463e-03
 2.7148321e-03 3.0147815e-01]",[0.9458882  0.02920739 0.01229448 0.01260996],[9.9990165e-01 9.8371864e-05],"[1.7262455e-06 1.1559268e-04 3.7926663e-02 5.4326463e-01 3.8153097e-01
 3.5410963e-02 1.6798784e-03 6.8768939e-05 8.7814033e-07]"
D:\Uni\Ulm\Master\Hiwi-Forschung-und-Lehre\FairFace\detected_faces\373240_face0.jpg,Black,Black,Male,30-39,"[5.2764453e-04 9.7867388e-01 1.0566672e-02 5.6759545e-06 1.1213505e-04
 9.3130963e-03 8.0092938e-04]",[5.6302984e-04 9.3324220e-01 1.9031725e-03 6.4291514e-02],[9.9999887e-01 1.1527437e-06],"[8.8307610e-07 6.3149528e-06 2.5783479e-04 4.8775285e-02 5.1817161e-01
 4.1123775e-01 2.1338521e-02 2.0899053e-04 2.8232228e-06]"
D:\Uni\Ulm\Master\Hiwi-Forschung-und-Lehre\FairFace\detected_faces\373354_face0.jpg,White,White,Male,30-39,"[7.6817453e-01 8.1912578e-05 1.0476432e-01 4.9413473e-04 5.9411762e-04
 2.4904513e-03 1.2340051e-01]",[9.9658340e-01 1.2718338e-04 3.9590706e-04 2.8935201e-03],[9.9999958e-01 3.9191193e-07],"[6.6520734e-06 9.9042561e-05 4.1431184e-03 4.3633553e-01 5.4069865e-01
 1.8617023e-02 9.9024379e-05 9.9071508e-07 8.2805522e-09]"
D:\Uni\Ulm\Master\Hiwi-Forschung-und-Lehre\FairFace\detected_faces\373724_face0.jpg,Middle Eastern,White,Male,30-39,"[5.8667153e-02 5.2277313e-04 1.5438489e-02 1.1214353e-06 1.1933830e-05
 9.2466045e-03 9.1611195e-01]",[0.5981453  0.01043259 0.00080706 0.39061505],[9.9997503e-01 2.4947072e-05],"[8.5156029e-07 1.2456757e-05 9.1637124e-04 1.3094507e-01 7.4906254e-01
 1.1733068e-01 1.7181578e-03 1.3587712e-05 1.8587080e-07]"
D:\Uni\Ulm\Master\Hiwi-Forschung-und-Lehre\FairFace\detected_faces\373740_face0.jpg,White,White,Male,30-39,"[9.59831536e-01 1.03824805e-05 3.44859459e-03 2.63720813e-05
 3.29442410e-05 1.18892989e-04 3.65312099e-02]",[9.9750823e-01 2.5553818e-04 7.4070087e-04 1.4955042e-03],[9.990261e-01 9.738569e-04],"[2.6905624e-07 1.3902240e-05 1.1933587e-03 4.7900817e-01 5.0996035e-01
 9.8014707e-03 2.2313325e-05 1.5050688e-07 5.6939542e-09]"
D:\Uni\Ulm\Master\Hiwi-Forschung-und-Lehre\FairFace\detected_faces\374074_face0.jpg,White,White,Male,20-29,"[7.6156706e-01 3.4829969e-05 4.6450440e-02 2.6576690e-04 4.1250794e-04
 4.4837077e-03 1.8678565e-01]",[9.7103661e-01 4.8626687e-05 9.5448288e-04 2.7960239e-02],[9.9995476e-01 4.5225846e-05],"[2.1502825e-07 9.7843358e-06 1.4593056e-03 6.1789608e-01 3.7616691e-01
 4.4589224e-03 8.6204545e-06 1.3444669e-07 2.9778422e-09]"
D:\Uni\Ulm\Master\Hiwi-Forschung-und-Lehre\FairFace\detected_faces\374386_face0.jpg,White,White,Male,20-29,"[9.9808294e-01 1.2073408e-05 2.9440259e-04 4.3577986e-04 2.5949423e-04
 2.4982905e-06 9.1270707e-04]",[9.9525332e-01 1.2511174e-03 3.3735314e-03 1.2194450e-04],[9.999901e-01 9.901737e-06],"[2.0021972e-07 2.7659507e-05 2.9588660e-02 7.7752668e-01 1.7147112e-01
 2.0409159e-02 9.6000318e-04 1.6156275e-05 3.7820490e-07]"
D:\Uni\Ulm\Master\Hiwi-Forschung-und-Lehre\FairFace\detected_faces\374506_face0.jpg,White,White,Male,30-39,"[5.12775540e-01 1.94888515e-03 1.84569836e-01 3.87098225e-05
 1.20308214e-04 1.06470957e-02 2.89899647e-01]",[9.7028804e-01 1.1459399e-03 1.3000908e-04 2.8435986e-02],[9.9996030e-01 3.9690825e-05],"[2.0117902e-07 6.3677408e-06 4.1812673e-04 2.7442521e-01 6.8990427e-01
 3.5141442e-02 1.0356846e-04 7.6923095e-07 7.7519307e-09]"
D:\Uni\Ulm\Master\Hiwi-Forschung-und-Lehre\FairFace\detected_faces\375638_face0.jpg,Indian,Indian,Male,20-29,"[1.1994431e-02 4.8905842e-02 4.1015744e-01 1.5307231e-04 4.7321515e-03
 4.8975855e-01 3.4298535e-02]",[0.02883362 0.3623733  0.00902952 0.59976363],[9.9987179e-01 1.2819894e-04],"[4.3758440e-08 8.8574607e-06 3.4525800e-02 8.2982498e-01 1.3249981e-01
 3.1160188e-03 2.3997745e-05 4.0858305e-07 7.8765146e-09]"
D:\Uni\Ulm\Master\Hiwi-Forschung-und-Lehre\FairFace\detected_faces\376382_face0.jpg,White,White,Male,30-39,"[9.8826462e-01 7.2415105e-06 5.5558761e-03 2.3022321e-05 5.2527794e-05
 3.5476809e-05 6.0612033e-03]",[9.9969566e-01 5.2393076e-05 1.1083062e-04 1.4115083e-04],[9.9998337e-01 1.6604046e-05],"[7.1470532e-07 8.3270661e-06 1.5892581e-03 3.6874935e-01 5.8929026e-01
 4.0048819e-02 3.0975166e-04 3.4705708e-06 4.5392081e-08]"
D:\Uni\Ulm\Master\Hiwi-Forschung-und-Lehre\FairFace\detected_faces\376394_face0.jpg,White,White,Male,30-39,"[9.99745667e-01 1.05935760e-06 1.07516535e-05 1.68846043e-07
 5.17505214e-07 2.40940153e-07 2.41512127e-04]",[9.9998456e-01 1.0801267e-05 2.8316470e-06 1.7683068e-06],[9.9999624e-01 3.7110890e-06],"[7.4993011e-07 1.7916549e-05 9.7201869e-04 2.9776025e-01 6.6094309e-01
 3.9988153e-02 3.1168110e-04 5.8414889e-06 2.6254199e-07]"
D:\Uni\Ulm\Master\Hiwi-Forschung-und-Lehre\FairFace\detected_faces\376722_face0.jpg,White,White,Male,30-39,"[0.38869077 0.00102004 0.32653317 0.00191048 0.00168188 0.01753349
 0.26263013]",[0.95887494 0.0071073  0.01024456 0.02377316],[9.9980128e-01 1.9868264e-04],"[1.1472820e-05 1.2441770e-04 3.3565147e-03 4.6617970e-01 5.0531882e-01
 2.4846094e-02 1.6028725e-04 2.6604655e-06 5.6365682e-08]"
D:\Uni\Ulm\Master\Hiwi-Forschung-und-Lehre\FairFace\detected_faces\376854_face0.jpg,Middle Eastern,White,Male,10-19,"[6.8848439e-02 1.9784623e-03 1.2065127e-01 6.0084356e-05 3.8437173e-04
 1.0707031e-03 8.0700666e-01]",[0.98336935 0.00812852 0.002893   0.00560913],[9.9989599e-01 1.0401903e-04],"[6.1827173e-05 3.8161412e-02 5.3313237e-01 3.8999861e-01 3.7645131e-02
 9.9299999e-04 7.4105274e-06 2.6938400e-07 9.2694723e-09]"
D:\Uni\Ulm\Master\Hiwi-Forschung-und-Lehre\FairFace\detected_faces\377108_face0.jpg,Middle Eastern,Black,Male,20-29,"[7.9508321e-03 4.4428724e-01 4.2177144e-02 2.1239705e-06 5.8981575e-05
 2.6010232e-02 4.7951347e-01]",[1.0578084e-03 9.9334401e-01 6.1766848e-05 5.5364436e-03],[9.9998164e-01 1.8411594e-05],"[1.0927112e-06 2.2220689e-04 2.1549288e-02 7.0334399e-01 2.6809558e-01
 6.7452481e-03 4.2010084e-05 6.6095254e-07 1.6562840e-08]"
D:\Uni\Ulm\Master\Hiwi-Forschung-und-Lehre\FairFace\detected_faces\377118_face0.jpg,White,White,Male,20-29,"[9.9814332e-01 1.9094059e-06 2.8003813e-04 1.8643806e-06 4.9417490e-06
 4.1234946e-07 1.5675371e-03]",[9.9989903e-01 3.2820015e-05 4.9958140e-05 1.8208586e-05],[9.9999976e-01 2.5438209e-07],"[1.5460809e-07 3.3356329e-05 1.3809625e-02 8.0312359e-01 1.8073028e-01
 2.2926226e-03 1.0228259e-05 1.7098759e-07 2.7050415e-09]"
D:\Uni\Ulm\Master\Hiwi-Forschung-und-Lehre\FairFace\detected_faces\377156_face0.jpg,Middle Eastern,White,Male,20-29,"[2.5791091e-01 4.0796522e-02 1.6866118e-01 5.1725234e-05 2.8109283e-04
 2.6586959e-03 5.2963990e-01]",[8.6575127e-01 1.2715241e-01 4.3417222e-04 6.6622007e-03],[9.9998963e-01 1.0375422e-05],"[1.5537343e-06 4.9230119e-05 3.4210805e-03 6.1052102e-01 3.7858400e-01
 7.3898169e-03 3.2834043e-05 4.2344959e-07 1.1793894e-08]"
D:\Uni\Ulm\Master\Hiwi-Forschung-und-Lehre\FairFace\detected_faces\377166_face0.jpg,White,White,Male,30-39,"[9.9997312e-01 3.3907320e-06 3.5446240e-06 1.4754505e-07 3.3357631e-07
 1.0790776e-06 1.8421695e-05]",[9.9891937e-01 1.0405506e-03 2.0350968e-05 1.9795916e-05],[9.9999547e-01 4.5174302e-06],"[1.3829352e-05 2.8494940e-04 2.8930332e-03 1.8811481e-01 6.8801522e-01
 1.0990211e-01 1.0556959e-02 1.9493651e-04 2.4041701e-05]"
D:\Uni\Ulm\Master\Hiwi-Forschung-und-Lehre\FairFace\detected_faces\377180_face0.jpg,White,White,Male,20-29,"[9.6216995e-01 1.3110889e-04 1.1166035e-02 6.9137195e-06 2.4166486e-05
 3.0231011e-05 2.6471671e-02]",[9.9781328e-01 1.9445093e-03 4.3964981e-05 1.9821823e-04],[9.9999821e-01 1.7865962e-06],"[1.7337920e-08 2.5807658e-06 2.5264537e-03 8.4860039e-01 1.4785612e-01
 1.0123877e-03 2.1102833e-06 2.5045805e-08 3.9194645e-10]"
D:\Uni\Ulm\Master\Hiwi-Forschung-und-Lehre\FairFace\detected_faces\377184_face0.jpg,Middle Eastern,Indian,Male,30-39,"[1.1412344e-01 1.2039987e-02 3.0752087e-01 8.7780882e-06 1.1391014e-04
 6.6856489e-02 4.9933654e-01]",[0.30407137 0.10545199 0.000918   0.58955866],[9.999233e-01 7.676671e-05],"[3.9202941e-08 1.9287322e-06 3.3251607e-04 3.8445926e-01 6.0570312e-01
 9.4888201e-03 1.4228817e-05 6.9870538e-08 1.1508734e-09]"
D:\Uni\Ulm\Master\Hiwi-Forschung-und-Lehre\FairFace\detected_faces\377206_face0.jpg,White,White,Male,20-29,"[9.2563164e-01 7.7105017e-04 1.3427770e-02 4.0286515e-05 1.3487032e-04
 5.1196173e-05 5.9943140e-02]",[9.99182343e-01 4.78366856e-04 2.36184424e-04 1.03083636e-04],[1.0000000e+00 6.3720624e-09],"[1.6235165e-07 5.4108136e-06 1.3349613e-03 6.7126381e-01 3.2389739e-01
 3.4833841e-03 1.4710809e-05 1.7382477e-07 2.2467732e-09]"
D:\Uni\Ulm\Master\Hiwi-Forschung-und-Lehre\FairFace\detected_faces\377234_face0.jpg,White,White,Male,20-29,"[9.7256297e-01 7.0263773e-06 2.4954949e-03 8.3855588e-07 2.7776837e-06
 6.6909059e-05 2.4864087e-02]",[9.9733716e-01 1.1995339e-04 6.6878929e-05 2.4759565e-03],[9.9999946e-01 5.5191589e-07],"[4.2078162e-07 3.3589753e-05 1.4411186e-02 6.9719499e-01 2.7874428e-01
 9.5823668e-03 3.2964032e-05 2.2038938e-07 2.3778945e-09]"
D:\Uni\Ulm\Master\Hiwi-Forschung-und-Lehre\FairFace\detected_faces\377238_face0.jpg,Black,Black,Male,20-29,"[1.5546601e-04 9.9531120e-01 4.2134235e-03 4.8164725e-07 2.2369881e-05
 1.6405588e-04 1.3303063e-04]",[3.9797425e-05 9.9975628e-01 2.5453159e-05 1.7852327e-04],[9.999992e-01 8.290255e-07],"[9.6529288e-07 2.5011814e-05 1.5465051e-02 6.3783979e-01 3.0381307e-01
 4.0945370e-02 1.8616143e-03 4.8136786e-05 1.0068289e-06]"
D:\Uni\Ulm\Master\Hiwi-Forschung-und-Lehre\FairFace\detected_faces\377302_face0.jpg,White,White,Male,20-29,"[9.9795818e-01 2.4236681e-06 3.2600763e-04 1.7843421e-07 1.0378839e-06
 1.9890308e-06 1.7102391e-03]",[9.9983490e-01 1.4394590e-04 3.5282806e-06 1.7677410e-05],[1.0000000e+00 7.3199793e-09],"[1.0632499e-09 2.5761062e-07 3.6924391e-04 6.3125998e-01 3.6587831e-01
 2.4905012e-03 1.6525448e-06 4.7485882e-09 4.6871375e-11]"
D:\Uni\Ulm\Master\Hiwi-Forschung-und-Lehre\FairFace\detected_faces\377512_face0.jpg,White,White,Male,20-29,"[5.1967764e-01 4.9645873e-03 1.5497126e-01 3.2348852e-04 9.4042794e-04
 2.0399314e-04 3.1891865e-01]",[9.5097196e-01 4.6783242e-02 1.7376934e-03 5.0710764e-04],[1.000000e+00 3.791044e-08],"[8.8923252e-07 1.4312254e-04 4.6530776e-02 8.5534465e-01 9.6982971e-02
 9.9130359e-04 6.1065721e-06 1.7359950e-07 2.4602362e-09]"
D:\Uni\Ulm\Master\Hiwi-Forschung-und-Lehre\FairFace\detected_faces\378340_face0.jpg,White,White,Male,30-39,"[9.9872583e-01 1.3087802e-05 7.4026582e-04 2.8304432e-05 4.3417826e-05
 1.0285907e-05 4.3879385e-04]",[9.9953681e-01 2.4772336e-04 6.1769642e-05 1.5363855e-04],[9.9997747e-01 2.2567719e-05],"[3.5601170e-07 3.2036774e-06 1.4369737e-03 4.3876621e-01 5.0270289e-01
 5.4869521e-02 2.1963010e-03 2.4127596e-05 3.7793410e-07]"
D:\Uni\Ulm\Master\Hiwi-Forschung-und-Lehre\FairFace\detected_faces\381252-1658399747_face0.jpg,Black,Black,Male,30-39,"[1.7452383e-06 9.9987656e-01 8.7365508e-05 7.4593328e-07 2.2392784e-05
 1.0776526e-05 5.5947174e-07]",[1.6608848e-06 9.9992698e-01 5.1120242e-05 2.0243870e-05],[9.9983746e-01 1.6253050e-04],"[2.3949253e-05 1.7526878e-04 4.5907944e-03 4.7849151e-01 4.9071261e-01
 2.5658224e-02 3.4485772e-04 2.5621209e-06 2.4787434e-07]"
D:\Uni\Ulm\Master\Hiwi-Forschung-und-Lehre\FairFace\detected_faces\383314_face0.jpg,White,White,Male,30-39,"[9.6471763e-01 2.1376354e-05 7.8274626e-03 4.5807858e-04 3.4330730e-04
 5.0209070e-05 2.6581978e-02]",[9.9941331e-01 3.9337870e-06 5.5983826e-04 2.2897359e-05],[9.9999505e-01 4.8964744e-06],"[1.8130630e-05 1.5034011e-04 1.5649749e-03 4.3202090e-01 5.5273443e-01
 1.3453682e-02 5.6220520e-05 1.2831407e-06 2.6293034e-08]"
D:\Uni\Ulm\Master\Hiwi-Forschung-und-Lehre\FairFace\detected_faces\383406_face0.jpg,White,White,Male,20-29,"[4.1670772e-01 5.2129872e-02 3.1131703e-01 1.8665396e-05 7.5965887e-05
 3.9096908e-03 2.1584108e-01]",[7.0641303e-01 2.8038901e-01 4.1214694e-04 1.2785780e-02],[9.9999988e-01 1.0084101e-07],"[9.2796500e-07 9.2152157e-05 1.3520567e-02 7.5384063e-01 2.2698352e-01
 5.5226865e-03 3.8928574e-05 5.6530843e-07 5.0615476e-09]"
D:\Uni\Ulm\Master\Hiwi-Forschung-und-Lehre\FairFace\detected_faces\383438_face0.jpg,Middle Eastern,White,Male,20-29,"[3.2864842e-01 7.2845165e-04 3.1199157e-01 3.3201362e-05 1.6441918e-04
 8.7851530e-04 3.5755554e-01]",[9.7592729e-01 1.6530730e-02 3.6019625e-04 7.1817427e-03],[9.9999988e-01 7.9990436e-08],"[2.1983482e-07 1.0346489e-04 6.7357525e-02 8.3528596e-01 9.6032701e-02
 1.2162861e-03 3.8642643e-06 4.4639584e-08 3.3935851e-10]"
D:\Uni\Ulm\Master\Hiwi-Forschung-und-Lehre\FairFace\detected_faces\383560_face0.jpg,Black,Black,Male,20-29,"[3.0870878e-03 7.1484065e-01 1.5742798e-01 4.5281569e-05 1.7809080e-03
 1.2181120e-01 1.0068652e-03]",[1.6943782e-04 9.3135762e-01 1.2992050e-03 6.7173690e-02],[9.999035e-01 9.647295e-05],"[6.8433735e-07 1.1389454e-05 7.4372902e-03 4.9663135e-01 4.3196568e-01
 6.0093112e-02 3.7713246e-03 8.6436725e-05 2.7610427e-06]"
D:\Uni\Ulm\Master\Hiwi-Forschung-und-Lehre\FairFace\detected_faces\383568_face0.jpg,White,White,Male,30-39,"[7.4351466e-01 1.2639230e-03 1.8154041e-01 1.3814952e-04 5.9891318e-04
 3.8483780e-04 7.2559036e-02]",[9.5221978e-01 4.6089265e-02 1.2382608e-03 4.5277557e-04],[1.000000e+00 1.338025e-08],"[2.1182028e-07 8.2679953e-06 2.4818126e-03 4.5325238e-01 5.0734460e-01
 3.6419645e-02 4.8728599e-04 5.7859484e-06 3.8167904e-08]"
D:\Uni\Ulm\Master\Hiwi-Forschung-und-Lehre\FairFace\detected_faces\383716_face0.jpg,White,White,Male,20-29,"[7.7459598e-01 1.0594958e-03 1.4923389e-01 8.6212228e-04 2.0280464e-03
 6.7421031e-04 7.1546271e-02]",[9.8757172e-01 6.4762942e-03 8.6285692e-04 5.0890702e-03],[9.9999887e-01 1.1439893e-06],"[7.9921357e-08 9.6252770e-06 2.7725480e-02 8.3606166e-01 1.3315749e-01
 3.0192232e-03 2.6042471e-05 3.6035112e-07 4.1461052e-09]"
D:\Uni\Ulm\Master\Hiwi-Forschung-und-Lehre\FairFace\detected_faces\383884_face0.jpg,White,White,Male,30-39,"[9.2697936e-01 1.4117232e-04 7.5084688e-03 2.6705620e-05 7.5741111e-05
 2.1580736e-04 6.5052696e-02]",[9.9729466e-01 2.2139624e-03 2.6815201e-04 2.2322693e-04],[9.99999881e-01 1.17261905e-07],"[5.0970094e-08 1.0106106e-06 4.4545587e-04 3.3796585e-01 6.3806182e-01
 2.3425236e-02 9.9849196e-05 7.1793551e-07 1.6048885e-08]"
D:\Uni\Ulm\Master\Hiwi-Forschung-und-Lehre\FairFace\detected_faces\384470_face0.jpg,White,White,Male,20-29,"[4.8584855e-01 8.9067044e-03 2.1584086e-01 1.5246426e-05 8.4310013e-05
 1.0565106e-03 2.8824776e-01]",[0.93705463 0.04734175 0.00363908 0.01196451],[1.000000e+00 2.458321e-08],"[4.8159531e-08 2.0754958e-06 2.9838933e-03 7.9736030e-01 1.9622222e-01
 3.4160304e-03 1.5255698e-05 2.0283638e-07 2.7466327e-09]"
D:\Uni\Ulm\Master\Hiwi-Forschung-und-Lehre\FairFace\detected_faces\385320_face0.jpg,Latino_Hispanic,White,Male,20-29,"[2.6473388e-01 1.9793345e-03 6.8914223e-01 1.6080585e-03 4.4606151e-03
 5.6589115e-04 3.7509903e-02]",[0.77172947 0.02008557 0.18929325 0.01889174],[9.999999e-01 6.447713e-08],"[6.7966238e-07 1.1275718e-05 2.5597126e-03 5.0121564e-01 4.6603963e-01
 2.9503627e-02 6.5960438e-04 9.7241109e-06 7.6419155e-08]"
D:\Uni\Ulm\Master\Hiwi-Forschung-und-Lehre\FairFace\detected_faces\385330_face0.jpg,Middle Eastern,White,Male,30-39,"[2.6841033e-01 6.6047790e-04 1.7595600e-01 8.7469205e-05 3.6887795e-04
 8.2785249e-02 4.7173160e-01]",[9.4843960e-01 2.1538881e-03 2.3573507e-04 4.9170852e-02],[9.9977517e-01 2.2476872e-04],"[1.2290666e-06 3.6306945e-05 1.2649639e-03 4.4213966e-01 5.4432547e-01
 1.2209301e-02 2.2807841e-05 2.2437658e-07 4.6124202e-09]"
D:\Uni\Ulm\Master\Hiwi-Forschung-und-Lehre\FairFace\detected_faces\385386_face0.jpg,Black,Black,Male,30-39,"[1.5211613e-04 9.7948873e-01 1.0984561e-02 4.3294058e-05 2.6203559e-03
 6.5349825e-03 1.7598033e-04]",[1.8852757e-04 9.9102569e-01 8.3667936e-04 7.9491250e-03],[9.9997258e-01 2.7421842e-05],"[3.3533921e-05 1.3731400e-03 3.3094548e-02 3.4295833e-01 4.6901837e-01
 1.4527301e-01 7.9095429e-03 3.2430128e-04 1.5116817e-05]"
D:\Uni\Ulm\Master\Hiwi-Forschung-und-Lehre\FairFace\detected_faces\385888_face0.jpg,White,White,Male,30-39,"[6.2963688e-01 4.4259211e-04 1.7531379e-01 1.5310032e-04 2.2941362e-04
 2.0765117e-03 1.9214776e-01]",[0.9528575  0.01301133 0.00156399 0.03256717],[9.999994e-01 5.556794e-07],"[5.1249837e-05 6.9054065e-04 2.1391101e-02 2.5146884e-01 5.7264787e-01
 1.4273414e-01 1.0785331e-02 2.2907737e-04 1.8598963e-06]"
D:\Uni\Ulm\Master\Hiwi-Forschung-und-Lehre\FairFace\detected_faces\385916_face0.jpg,Latino_Hispanic,Asian,Male,30-39,"[0.06260999 0.00383546 0.9042112  0.00298023 0.00796098 0.00263185
 0.01577025]",[0.06382627 0.00836034 0.91925764 0.00855569],[9.9999970e-01 3.2650675e-07],"[1.0790981e-06 7.1568743e-06 2.9187598e-03 3.2123134e-01 5.3973514e-01
 1.2912276e-01 6.8094153e-03 1.7331228e-04 1.0058021e-06]"
D:\Uni\Ulm\Master\Hiwi-Forschung-und-Lehre\FairFace\detected_faces\386230_face0.jpg,White,White,Male,30-39,"[4.8570296e-01 2.2331106e-04 4.0918314e-01 4.3651969e-03 5.6461603e-03
 1.9534058e-03 9.2925817e-02]",[0.9020094  0.0020274  0.07859492 0.01736827],[9.9999976e-01 2.2733371e-07],"[2.6589925e-07 8.7068765e-06 3.5910467e-03 4.6739924e-01 4.8752850e-01
 4.0668763e-02 7.9772290e-04 5.6772742e-06 4.0536076e-08]"
D:\Uni\Ulm\Master\Hiwi-Forschung-und-Lehre\FairFace\detected_faces\387116_face0.jpg,Black,Black,Male,30-39,"[1.2545472e-06 9.9847460e-01 2.8853689e-04 2.1357587e-06 1.7993042e-04
 1.0511384e-03 2.3838911e-06]",[1.51441745e-05 9.97439921e-01 8.13659048e-04 1.73141831e-03],[9.9998981e-01 1.0239985e-05],"[1.3329986e-08 8.0884234e-07 2.3670641e-03 4.1341722e-01 5.3723538e-01
 4.6438906e-02 5.3674786e-04 3.7006400e-06 7.6547920e-08]"
D:\Uni\Ulm\Master\Hiwi-Forschung-und-Lehre\FairFace\detected_faces\387154_face0.jpg,White,White,Male,30-39,"[4.7790611e-01 1.1353454e-03 2.1786641e-01 2.4455694e-05 8.6397900e-05
 1.9433808e-02 2.8354749e-01]",[9.6004564e-01 1.0832995e-02 3.4214486e-04 2.8779255e-02],[9.9999964e-01 3.4722564e-07],"[3.1279683e-07 6.2043855e-06 2.4767820e-04 2.5982660e-01 7.1035749e-01
 2.9477984e-02 8.3370360e-05 3.7107412e-07 3.8224290e-09]"
D:\Uni\Ulm\Master\Hiwi-Forschung-und-Lehre\FairFace\detected_faces\387184_face0.jpg,Middle Eastern,White,Male,20-29,"[1.8264474e-01 2.2386906e-04 1.7036222e-01 8.7415078e-04 1.8201267e-03
 4.5574535e-02 5.9850037e-01]",[0.7522643  0.00084048 0.00716034 0.23973475],[9.9999821e-01 1.7711845e-06],"[4.7793488e-08 8.0301470e-06 1.8124929e-02 9.2642164e-01 5.4939412e-02
 5.0284149e-04 3.0458589e-06 6.0804489e-08 1.3868188e-09]"
D:\Uni\Ulm\Master\Hiwi-Forschung-und-Lehre\FairFace\detected_faces\387220_face0.jpg,White,White,Male,20-29,"[9.9675095e-01 7.4085519e-06 3.0507743e-03 1.3653799e-06 4.0232444e-06
 7.1447971e-06 1.7826902e-04]",[9.9969780e-01 1.7745246e-04 3.3033521e-05 9.1680129e-05],[9.9999982e-01 1.5168223e-07],"[2.1414324e-07 1.3180897e-05 5.2411478e-02 6.1280280e-01 2.3098384e-01
 9.5550179e-02 8.1425542e-03 9.5280622e-05 5.2697800e-07]"
D:\Uni\Ulm\Master\Hiwi-Forschung-und-Lehre\FairFace\detected_faces\537012_face0.jpg,White,White,Male,20-29,"[7.3599011e-01 1.7984610e-04 9.8792091e-02 3.5577317e-04 8.3942630e-04
 1.0702213e-03 1.6277248e-01]",[9.9489838e-01 6.0266006e-04 1.2425103e-03 3.2564658e-03],[9.999958e-01 4.120582e-06],"[3.6987604e-08 1.2279836e-05 2.3427233e-02 8.9096719e-01 8.4688544e-02
 9.0158294e-04 3.0524236e-06 3.1263642e-08 5.7003852e-10]"
D:\Uni\Ulm\Master\Hiwi-Forschung-und-Lehre\FairFace\detected_faces\537018_face0.jpg,White,White,Male,20-29,"[9.8407954e-01 2.3562776e-05 1.3560476e-03 3.7679051e-06 9.9275148e-06
 8.5673295e-05 1.4441536e-02]",[9.9596035e-01 1.0000838e-03 2.2080180e-04 2.8188839e-03],[9.9999863e-01 1.3452651e-06],"[1.3972429e-07 7.5995385e-06 3.0179599e-03 7.3340929e-01 2.5729764e-01
 6.2118247e-03 5.4945474e-05 5.5337983e-07 1.6901621e-08]"
D:\Uni\Ulm\Master\Hiwi-Forschung-und-Lehre\FairFace\detected_faces\537552_face0.jpg,East Asian,Asian,Male,20-29,"[1.2659760e-05 6.7664232e-06 2.3874753e-04 7.0026314e-01 2.9940203e-01
 7.6143428e-05 4.8435049e-07]",[2.2758872e-05 2.4106039e-05 9.9973589e-01 2.1725334e-04],[9.999369e-01 6.313696e-05],"[7.8082240e-07 5.7211547e-04 1.8264751e-01 6.1524951e-01 1.8547948e-01
 1.5392300e-02 6.1859551e-04 3.9004492e-05 6.4641591e-07]"
D:\Uni\Ulm\Master\Hiwi-Forschung-und-Lehre\FairFace\detected_faces\541464_face0.jpg,Middle Eastern,White,Male,20-29,"[0.1342114  0.01274468 0.36953342 0.00104594 0.00412244 0.01747653
 0.46086568]",[0.6890415  0.24642181 0.01661675 0.04791988],[9.9997818e-01 2.1796657e-05],"[6.7186772e-07 4.8186168e-05 4.9899565e-03 6.0484922e-01 3.7865371e-01
 1.1388096e-02 6.9199996e-05 8.7462269e-07 1.8287816e-08]"
D:\Uni\Ulm\Master\Hiwi-Forschung-und-Lehre\FairFace\detected_faces\541574_face0.jpg,Latino_Hispanic,White,Male,20-29,"[0.33755884 0.00166329 0.43754983 0.0022334  0.0048427  0.01194217
 0.2042098 ]",[0.86389494 0.00400939 0.01400044 0.1180952 ],[9.9999845e-01 1.5840862e-06],"[6.03006754e-07 1.48473891e-05 5.92036312e-03 6.63638413e-01
 3.12931329e-01 1.71175525e-02 3.67472996e-04 9.31487193e-06
 1.02201845e-07]"
D:\Uni\Ulm\Master\Hiwi-Forschung-und-Lehre\FairFace\detected_faces\541578_face0.jpg,Black,Black,Male,30-39,"[6.1594602e-07 9.9990010e-01 4.7725538e-05 1.0949317e-07 3.8423759e-06
 4.6614176e-05 9.9243573e-07]",[1.4662932e-06 9.9955881e-01 4.6771904e-05 3.9297040e-04],[9.9998516e-01 1.4838487e-05],"[3.1077201e-07 1.0237990e-05 2.8305128e-03 4.2409343e-01 5.0741649e-01
 6.4613730e-02 1.0269796e-03 8.1646685e-06 2.3587809e-07]"
D:\Uni\Ulm\Master\Hiwi-Forschung-und-Lehre\FairFace\detected_faces\541714_face0.jpg,White,White,Male,30-39,"[9.6890801e-01 2.2915407e-05 1.0536036e-03 3.6893466e-06 1.5352200e-05
 5.1707721e-05 2.9944805e-02]",[9.9736470e-01 2.0565488e-04 2.2058327e-04 2.2091183e-03],[9.9999624e-01 3.7081350e-06],"[7.8625231e-07 3.0770756e-05 1.8378467e-03 4.5163420e-01 5.2451491e-01
 2.1879848e-02 1.0065724e-04 9.8918429e-07 2.3407592e-08]"
D:\Uni\Ulm\Master\Hiwi-Forschung-und-Lehre\FairFace\detected_faces\542038_face0.jpg,White,White,Male,20-29,"[9.9758255e-01 5.4516418e-06 8.4788678e-04 5.4513703e-07 4.3137579e-06
 3.6879933e-06 1.5555329e-03]",[9.9907792e-01 7.7268202e-04 5.5250344e-05 9.4238480e-05],[9.9999946e-01 4.9711673e-07],"[1.5529944e-08 2.9630305e-06 8.1672603e-03 8.7063152e-01 1.1894573e-01
 2.2377432e-03 1.4535129e-05 2.0343771e-07 2.7774196e-09]"
D:\Uni\Ulm\Master\Hiwi-Forschung-und-Lehre\FairFace\detected_faces\542472_face0.jpg,Latino_Hispanic,Black,Male,30-39,"[0.24087387 0.03634084 0.46237937 0.00464361 0.00948967 0.00575507
 0.24051762]",[0.42116585 0.54174393 0.02550013 0.01159007],[9.9999815e-01 1.8086267e-06],"[8.2837205e-06 3.4267356e-05 2.1484427e-03 1.2854862e-01 5.3493178e-01
 2.8203663e-01 5.0630946e-02 1.6425058e-03 1.8497032e-05]"
D:\Uni\Ulm\Master\Hiwi-Forschung-und-Lehre\FairFace\detected_faces\542634_face0.jpg,Latino_Hispanic,White,Male,20-29,"[0.3871363  0.00095366 0.47337836 0.00331916 0.00622325 0.00103884
 0.12795033]",[0.74605674 0.01658089 0.222765   0.01459735],[9.9999976e-01 2.0472054e-07],"[1.9270215e-06 2.4471310e-05 6.4552315e-03 5.9414053e-01 3.7382379e-01
 2.5095308e-02 4.4447227e-04 1.4173878e-05 1.0693507e-07]"
D:\Uni\Ulm\Master\Hiwi-Forschung-und-Lehre\FairFace\detected_faces\543070_face0.jpg,White,White,Male,20-29,"[4.9869952e-01 1.4236919e-04 2.1521334e-01 2.0340458e-04 5.7035172e-04
 7.4017341e-03 2.7776936e-01]",[9.8559827e-01 8.8775443e-04 1.1216097e-03 1.2392298e-02],[9.9987119e-01 1.2876009e-04],"[7.9756444e-07 1.6137607e-04 2.6807509e-02 8.0857491e-01 1.6153002e-01
 2.9144222e-03 1.0773962e-05 1.6558093e-07 5.3695466e-09]"
D:\Uni\Ulm\Master\Hiwi-Forschung-und-Lehre\FairFace\detected_faces\544128_face0.jpg,Black,Black,Male,40-49,"[6.3039096e-08 9.9999523e-01 4.2098463e-06 7.0343940e-09 5.2811540e-08
 3.5281988e-07 6.0714001e-08]",[7.9084913e-07 9.9999440e-01 2.8336415e-06 1.9392476e-06],[9.9999952e-01 4.8866013e-07],"[3.0184356e-07 4.7796607e-07 2.4303305e-05 6.4487872e-03 1.2312698e-01
 6.4143884e-01 2.2281437e-01 5.8114692e-03 3.3443936e-04]"
D:\Uni\Ulm\Master\Hiwi-Forschung-und-Lehre\FairFace\detected_faces\544812_face0.jpg,Black,Black,Male,30-39,"[1.1178199e-06 9.9986798e-01 4.8159331e-05 5.4609668e-08 1.8620020e-06
 4.6436955e-05 3.4358633e-05]",[3.4581058e-06 9.9991554e-01 1.1950854e-05 6.9016678e-05],[9.9986994e-01 1.3002119e-04],"[2.0779305e-08 1.7226615e-06 1.6223255e-03 3.3600602e-01 5.9913164e-01
 6.2573418e-02 6.5815821e-04 6.5520098e-06 1.8449084e-07]"
D:\Uni\Ulm\Master\Hiwi-Forschung-und-Lehre\FairFace\detected_faces\545780_face0.jpg,White,White,Male,30-39,"[7.4403518e-01 1.1935626e-02 2.1712413e-01 2.2302567e-04 4.4571829e-04
 1.9436528e-03 2.4292668e-02]",[0.5624215  0.34829882 0.00290785 0.08637176],[9.9999958e-01 3.8859721e-07],"[2.1084054e-07 9.8108285e-07 1.0393553e-03 3.2056448e-01 5.6076014e-01
 1.1443639e-01 3.1516848e-03 4.6565336e-05 3.1822009e-07]"
D:\Uni\Ulm\Master\Hiwi-Forschung-und-Lehre\FairFace\detected_faces\546180_face0.jpg,White,White,Male,20-29,"[8.9513290e-01 5.4825484e-03 1.0157427e-02 1.3554619e-05 3.2804543e-05
 1.6721929e-04 8.9013606e-02]",[9.9881935e-01 9.8855048e-04 3.8862108e-06 1.8816312e-04],[9.9999982e-01 1.4393946e-07],"[3.5912467e-07 3.5820933e-05 4.0363795e-03 8.1092054e-01 1.8389823e-01
 1.1056769e-03 2.8778923e-06 4.0401101e-08 9.9047337e-10]"
D:\Uni\Ulm\Master\Hiwi-Forschung-und-Lehre\FairFace\detected_faces\546228_face0.jpg,Middle Eastern,White,Male,20-29,"[3.1544900e-01 1.3442085e-03 8.2017526e-02 3.4789879e-05 1.2435758e-04
 4.4694767e-04 6.0058320e-01]",[0.93952394 0.04125625 0.00096762 0.01825211],[9.9998873e-01 1.1312594e-05],"[4.6023192e-06 2.3535114e-04 1.6714953e-02 6.0503280e-01 3.6149383e-01
 1.6427560e-02 8.9751571e-05 1.2498928e-06 1.5274972e-08]"
D:\Uni\Ulm\Master\Hiwi-Forschung-und-Lehre\FairFace\detected_faces\547242_face0.jpg,White,White,Male,20-29,"[9.0057337e-01 5.0624047e-04 8.9439370e-02 2.1881133e-05 1.2843240e-04
 3.8687608e-04 8.9437533e-03]",[9.9798900e-01 1.4104629e-03 7.6781100e-05 5.2375870e-04],[1.0000000e+00 2.1221622e-08],"[9.6390458e-08 5.1752982e-06 5.0090253e-03 5.6676662e-01 3.8010788e-01
 4.7026530e-02 1.0764247e-03 8.1558628e-06 6.6688742e-08]"
D:\Uni\Ulm\Master\Hiwi-Forschung-und-Lehre\FairFace\detected_faces\547246_face0.jpg,White,White,Male,20-29,"[4.8145106e-01 4.3733747e-04 1.6234921e-01 7.7598303e-04 1.5093826e-03
 1.7661491e-02 3.3581552e-01]",[0.7274255  0.0068247  0.03519263 0.23055714],[9.9999756e-01 2.4472117e-06],"[1.6428599e-07 9.3409408e-06 1.8421089e-03 5.8657593e-01 4.0581357e-01
 5.7479749e-03 1.0819738e-05 9.4090822e-08 1.0450633e-09]"
D:\Uni\Ulm\Master\Hiwi-Forschung-und-Lehre\FairFace\detected_faces\547280_face0.jpg,White,White,Male,30-39,"[6.3296866e-01 1.4667979e-03 2.6817191e-01 5.2830984e-04 6.1793078e-04
 5.4502496e-03 9.0796143e-02]",[9.9441701e-01 4.3559726e-04 3.0855555e-03 2.0617703e-03],[9.9979132e-01 2.0866918e-04],"[1.0514195e-05 3.6214074e-05 3.8084274e-04 9.8312505e-02 7.8190494e-01
 1.1852866e-01 8.1893877e-04 7.3781580e-06 6.8629618e-08]"
D:\Uni\Ulm\Master\Hiwi-Forschung-und-Lehre\FairFace\detected_faces\547376_face0.jpg,Middle Eastern,White,Male,30-39,"[1.3786879e-01 8.6016988e-04 5.0336365e-02 1.0919215e-05 5.7125802e-05
 1.1738280e-02 7.9912841e-01]",[0.8291084  0.00109112 0.0080283  0.16177227],[9.9999887e-01 1.1845679e-06],"[6.22493474e-07 1.37859088e-05 3.50066170e-04 1.23682566e-01
 7.92933643e-01 8.24067965e-02 6.09947194e-04 2.60380489e-06
 2.72781158e-08]"
D:\Uni\Ulm\Master\Hiwi-Forschung-und-Lehre\FairFace\detected_faces\547384_face0.jpg,Black,Black,Male,20-29,"[5.7593687e-05 9.9543673e-01 2.3177478e-03 8.1505453e-07 1.4656813e-05
 1.9196010e-03 2.5286395e-04]",[1.2858826e-05 9.9792051e-01 3.4703949e-05 2.0319098e-03],[9.9999559e-01 4.4289486e-06],"[6.2849594e-08 5.7564957e-06 4.5217951e-03 7.1062231e-01 2.7903643e-01
 5.7952385e-03 1.8265770e-05 8.9360007e-08 2.0484847e-09]"
D:\Uni\Ulm\Master\Hiwi-Forschung-und-Lehre\FairFace\detected_faces\547410_face0.jpg,White,White,Male,20-29,"[9.9992186e-01 1.3997258e-07 4.5250661e-05 1.4542907e-07 7.4522166e-07
 1.2736693e-06 3.0665640e-05]",[9.9970233e-01 4.3394262e-05 5.3742988e-05 2.0056899e-04],[9.9999809e-01 1.9334564e-06],"[1.2615996e-08 3.0212179e-06 7.6543111e-03 8.5906148e-01 1.2984794e-01
 3.4061340e-03 2.6911584e-05 2.1479379e-07 5.8103105e-09]"
D:\Uni\Ulm\Master\Hiwi-Forschung-und-Lehre\FairFace\detected_faces\547838_face0.jpg,Latino_Hispanic,White,Male,20-29,"[1.8158843e-01 6.3924179e-03 5.9394753e-01 1.7715092e-05 1.1907849e-04
 1.5994199e-02 2.0194066e-01]",[0.9056887  0.03825535 0.00275856 0.0532974 ],[9.9999982e-01 1.7122301e-07],"[3.0030043e-07 9.0484664e-06 7.8678242e-04 5.3069741e-01 4.5897341e-01
 9.5044710e-03 2.8415367e-05 1.9512578e-07 1.2864902e-09]"
D:\Uni\Ulm\Master\Hiwi-Forschung-und-Lehre\FairFace\detected_faces\548044_face0.jpg,Latino_Hispanic,White,Male,20-29,"[0.26034942 0.00204286 0.49071455 0.00113557 0.00419049 0.01648515
 0.22508202]",[0.7757943  0.01777444 0.13214779 0.07428346],[9.9999809e-01 1.9283518e-06],"[1.9305849e-06 4.7608162e-05 2.0229702e-03 5.7552755e-01 4.0865776e-01
 1.3665187e-02 7.5823671e-05 1.2055293e-06 1.6351397e-08]"
D:\Uni\Ulm\Master\Hiwi-Forschung-und-Lehre\FairFace\detected_faces\548050_face0.jpg,Indian,Indian,Male,30-39,"[3.5841167e-02 5.5582941e-02 3.5544053e-01 3.8972583e-05 4.7203244e-04
 4.4176278e-01 1.1086158e-01]",[2.5411792e-02 1.3539222e-01 7.0789026e-04 8.3848810e-01],[9.9992543e-01 7.4543997e-05],"[1.5555212e-05 1.3559395e-04 1.0875994e-03 6.9331251e-02 7.0611960e-01
 2.1842070e-01 4.8538591e-03 3.5469922e-05 4.1522836e-07]"
D:\Uni\Ulm\Master\Hiwi-Forschung-und-Lehre\FairFace\detected_faces\548090_face0.jpg,White,White,Male,20-29,"[9.9987209e-01 2.9957687e-06 3.5860448e-05 4.4753251e-06 1.0492803e-05
 6.2817287e-07 7.3399955e-05]",[9.999126e-01 3.655735e-05 4.950203e-05 1.322811e-06],[9.9980825e-01 1.9176224e-04],"[1.03192349e-07 5.83095425e-06 2.69797817e-02 8.45758259e-01
 1.17849015e-01 8.37792549e-03 9.69534332e-04 5.67084862e-05
 2.84572229e-06]"
D:\Uni\Ulm\Master\Hiwi-Forschung-und-Lehre\FairFace\detected_faces\548092_face0.jpg,White,White,Male,20-29,"[9.1225201e-01 2.8759445e-04 1.0344659e-02 8.3174946e-06 3.2634623e-05
 7.3284864e-05 7.7001512e-02]",[9.9984330e-01 7.3097384e-05 3.1482730e-05 5.2078401e-05],[9.9999976e-01 2.5720388e-07],"[9.8618280e-08 1.1950664e-05 7.1119638e-03 8.0932736e-01 1.8133503e-01
 2.2072399e-03 6.2321897e-06 6.5895357e-08 1.0458968e-09]"
D:\Uni\Ulm\Master\Hiwi-Forschung-und-Lehre\FairFace\detected_faces\548178_face0.jpg,White,White,Male,20-29,"[3.1863791e-01 1.6159795e-02 3.1677616e-01 2.8490933e-04 1.0434386e-03
 2.8478257e-02 3.1861958e-01]",[0.69563514 0.06034773 0.00355955 0.24045767],[9.999145e-01 8.551653e-05],"[1.1425756e-06 4.1340365e-05 3.6201542e-03 5.4077822e-01 4.4007832e-01
 1.5407216e-02 7.2528688e-05 1.1144093e-06 2.8517396e-08]"
D:\Uni\Ulm\Master\Hiwi-Forschung-und-Lehre\FairFace\detected_faces\548188_face0.jpg,White,White,Male,30-39,"[9.6488214e-01 5.1935276e-05 1.0329388e-02 1.4703911e-05 2.2991346e-05
 4.9280585e-04 2.4206014e-02]",[9.9773806e-01 8.0953359e-05 5.0735491e-04 1.6736449e-03],[9.999042e-01 9.578458e-05],"[1.5729655e-06 1.8390418e-05 9.5421268e-04 3.6108619e-01 6.0108191e-01
 3.6443617e-02 4.1070936e-04 3.3501087e-06 7.5393764e-08]"
D:\Uni\Ulm\Master\Hiwi-Forschung-und-Lehre\FairFace\detected_faces\548190_face0.jpg,White,White,Male,20-29,"[9.9730837e-01 1.3532420e-07 3.2614131e-05 7.4083863e-07 2.0012424e-06
 4.7934566e-07 2.6556421e-03]",[9.9989098e-01 8.0573564e-06 8.5608204e-05 1.5477948e-05],[9.9998701e-01 1.2931004e-05],"[1.4985824e-07 7.8628087e-05 1.2694791e-01 8.0855501e-01 6.0630761e-02
 3.7553890e-03 3.1569543e-05 5.5210347e-07 9.8317434e-09]"
D:\Uni\Ulm\Master\Hiwi-Forschung-und-Lehre\FairFace\detected_faces\548194_face0.jpg,White,White,Male,20-29,"[9.5094645e-01 8.4222056e-06 1.1521509e-03 8.3762034e-06 2.0718329e-05
 1.5044101e-05 4.7848955e-02]",[9.99473333e-01 2.73250800e-04 1.02716986e-04 1.50619293e-04],[0.9642925  0.03570748],"[5.3626445e-07 1.1598915e-04 5.9594296e-02 7.8436661e-01 1.4921840e-01
 6.6320803e-03 7.0483911e-05 1.5096741e-06 5.6813793e-08]"
D:\Uni\Ulm\Master\Hiwi-Forschung-und-Lehre\FairFace\detected_faces\548196_face0.jpg,Black,Black,Male,20-29,"[3.1122542e-03 6.7978263e-01 2.4701102e-01 1.3398273e-04 4.3955748e-03
 3.4172036e-02 3.1392552e-02]",[1.4642910e-04 9.9558675e-01 2.5679157e-04 4.0099355e-03],[9.9999225e-01 7.7938575e-06],"[9.6371515e-08 3.7937250e-04 4.0594909e-01 5.7909590e-01 1.4419128e-02
 1.5566310e-04 7.0513636e-07 2.1441998e-08 3.9705964e-10]"
D:\Uni\Ulm\Master\Hiwi-Forschung-und-Lehre\FairFace\detected_faces\548654_face0.jpg,Middle Eastern,White,Male,20-29,"[3.4691367e-01 2.8866899e-04 2.1798964e-01 3.5756157e-04 8.0065406e-04
 5.0739497e-03 4.2857584e-01]",[9.8658603e-01 9.2792453e-04 4.9345782e-03 7.5514987e-03],[9.999945e-01 5.499277e-06],"[3.3118948e-05 3.5481341e-03 7.8775682e-02 7.8514779e-01 1.2940784e-01
 3.0691854e-03 1.7572809e-05 6.7901470e-07 1.7164261e-08]"
D:\Uni\Ulm\Master\Hiwi-Forschung-und-Lehre\FairFace\detected_faces\548660_face0.jpg,Black,Black,Male,30-39,"[4.5654252e-02 6.6038996e-01 2.1315157e-01 1.0256018e-05 2.3714932e-04
 4.7973119e-02 3.2583803e-02]",[0.01415698 0.7159923  0.00242145 0.2674293 ],[9.9999964e-01 3.3636073e-07],"[3.5059952e-07 2.4977166e-05 3.7666797e-03 3.6308447e-01 5.9573776e-01
 3.7146743e-02 2.3701112e-04 2.0345276e-06 2.2698893e-08]"
D:\Uni\Ulm\Master\Hiwi-Forschung-und-Lehre\FairFace\detected_faces\548700_face0.jpg,White,White,Male,30-39,"[9.8840052e-01 1.6548734e-05 1.3044284e-03 4.7457083e-06 2.8679930e-05
 1.1775657e-05 1.0233335e-02]",[9.99423862e-01 4.20450466e-04 4.41318007e-05 1.11585345e-04],[9.9999768e-01 2.2974752e-06],"[8.4093294e-08 8.6631999e-06 1.1974884e-03 4.2298409e-01 5.5420244e-01
 2.1522589e-02 8.3817846e-05 8.3328865e-07 2.1382986e-08]"
D:\Uni\Ulm\Master\Hiwi-Forschung-und-Lehre\FairFace\detected_faces\548704_face0.jpg,Black,Black,Male,20-29,"[2.1850040e-07 9.9995363e-01 1.0592825e-05 3.0157530e-09 1.4620588e-07
 3.4011086e-05 1.4153245e-06]",[3.7878274e-07 9.9998295e-01 6.2311784e-07 1.6099300e-05],[1.0000000e+00 4.6857583e-08],"[4.3260546e-09 7.5487384e-07 2.4100496e-03 6.9972974e-01 2.9243639e-01
 5.4162834e-03 6.7761289e-06 2.8486848e-08 5.1777593e-10]"
D:\Uni\Ulm\Master\Hiwi-Forschung-und-Lehre\FairFace\detected_faces\548848_face0.jpg,White,White,Male,30-39,"[7.8468639e-01 3.0495113e-04 4.5752838e-02 4.2367359e-05 1.5939873e-04
 1.2254649e-03 1.6782866e-01]",[9.9743199e-01 6.9479103e-04 2.0222148e-04 1.6710679e-03],[9.9999869e-01 1.3388703e-06],"[1.3502122e-06 2.0925823e-05 8.3485595e-04 3.2510066e-01 6.3950825e-01
 3.4376379e-02 1.5590445e-04 1.5721475e-06 3.3662513e-08]"
D:\Uni\Ulm\Master\Hiwi-Forschung-und-Lehre\FairFace\detected_faces\549976_face0.jpg,East Asian,Asian,Male,20-29,"[2.6003418e-05 8.9212945e-06 1.0956053e-03 6.3239402e-01 3.6508825e-01
 1.3369397e-03 5.0290710e-05]",[1.1151651e-05 5.9471458e-05 9.9795705e-01 1.9722395e-03],[9.999997e-01 3.014004e-07],"[9.6131792e-08 1.7654958e-04 2.3375256e-01 7.3317480e-01 3.2393955e-02
 4.9908680e-04 2.6990965e-06 2.3724212e-07 1.6087870e-09]"
D:\Uni\Ulm\Master\Hiwi-Forschung-und-Lehre\FairFace\detected_faces\550092_face0.jpg,Middle Eastern,White,Male,20-29,"[0.14201653 0.00344889 0.40359157 0.00115342 0.00246288 0.00988101
 0.43744564]",[0.76295424 0.02344234 0.04635303 0.16725037],[9.9998933e-01 1.0669140e-05],"[8.3134610e-06 6.6625231e-05 3.3641108e-03 5.0613618e-01 4.6819580e-01
 2.2059714e-02 1.6711018e-04 2.1052563e-06 3.6438863e-08]"
D:\Uni\Ulm\Master\Hiwi-Forschung-und-Lehre\FairFace\detected_faces\551236_face0.jpg,White,White,Male,30-39,"[9.6595758e-01 1.4188077e-05 1.9772490e-02 3.7910246e-05 8.4475287e-05
 1.7483381e-03 1.2384888e-02]",[9.9886727e-01 6.7904080e-06 2.1383887e-05 1.1045289e-03],[9.9998993e-01 1.0036331e-05],"[5.1227948e-07 9.0030080e-06 4.8079988e-04 2.9090977e-01 6.8797159e-01
 2.0583911e-02 4.4196247e-05 2.0740720e-07 4.0921000e-09]"
D:\Uni\Ulm\Master\Hiwi-Forschung-und-Lehre\FairFace\detected_faces\551242_face0.jpg,Black,Black,Male,20-29,"[1.6011029e-07 9.9999011e-01 3.6778818e-06 2.3140849e-08 1.2685469e-07
 5.8388605e-06 1.4194963e-07]",[9.6955534e-07 9.9998248e-01 7.7570616e-07 1.5858483e-05],[0.9656539  0.03434611],"[7.4087001e-07 6.8987970e-04 1.4499703e-01 6.6645575e-01 1.6975583e-01
 1.7457725e-02 6.2826229e-04 1.4120899e-05 7.2500575e-07]"
D:\Uni\Ulm\Master\Hiwi-Forschung-und-Lehre\FairFace\detected_faces\551406_face0.jpg,White,White,Male,20-29,"[6.7596990e-01 2.1079290e-03 1.6029264e-01 9.4324045e-05 4.7376988e-04
 6.6347159e-02 9.4714321e-02]",[0.93479985 0.00413254 0.00122584 0.05984171],[9.999978e-01 2.172251e-06],"[7.2128120e-07 2.2365188e-05 2.3529292e-03 5.7370508e-01 4.1531938e-01
 8.5673239e-03 3.1828033e-05 3.5136219e-07 5.0251603e-09]"
D:\Uni\Ulm\Master\Hiwi-Forschung-und-Lehre\FairFace\detected_faces\551410_face0.jpg,White,White,Male,20-29,"[9.9933410e-01 1.9587387e-07 9.3838054e-05 9.3789477e-06 5.9786184e-06
 1.3463510e-06 5.5517111e-04]",[9.9980539e-01 2.9517785e-06 1.3826090e-04 5.3378426e-05],[9.9998206e-01 1.7989163e-05],"[1.1886491e-08 1.7781824e-06 6.6217994e-03 8.6769670e-01 1.2393631e-01
 1.7377031e-03 5.7150155e-06 4.9711737e-08 1.2239848e-09]"
D:\Uni\Ulm\Master\Hiwi-Forschung-und-Lehre\FairFace\detected_faces\552036_face0.jpg,Indian,Indian,Male,20-29,"[6.3620991e-04 2.0250563e-02 4.2718504e-02 1.5196555e-04 3.3605611e-03
 9.2484754e-01 8.0346772e-03]",[0.0012819  0.24871635 0.00248408 0.74751765],[9.9987406e-01 1.2595448e-04],"[2.6836172e-08 4.1052454e-06 5.2040019e-03 6.5946829e-01 3.2493678e-01
 1.0331152e-02 5.4540422e-05 1.1102518e-06 2.7773066e-08]"
D:\Uni\Ulm\Master\Hiwi-Forschung-und-Lehre\FairFace\detected_faces\552180_face0.jpg,Middle Eastern,Black,Male,30-39,"[4.8495498e-03 2.5720012e-01 1.7099480e-01 1.6003423e-05 4.8511004e-04
 2.6427409e-01 3.0218032e-01]",[6.93379494e-04 8.92673016e-01 4.66907950e-04 1.06166765e-01],[9.999992e-01 8.088155e-07],"[4.8872835e-08 1.9700040e-06 9.1390644e-04 4.1699138e-01 5.6688768e-01
 1.5150999e-02 5.3632182e-05 4.4230583e-07 6.5588233e-09]"
D:\Uni\Ulm\Master\Hiwi-Forschung-und-Lehre\FairFace\detected_faces\552508_face0.jpg,White,White,Male,30-39,"[7.5249124e-01 5.1921485e-05 6.6483945e-02 5.8452040e-04 6.9379236e-04
 3.3759489e-03 1.7631866e-01]",[9.9300361e-01 1.8418814e-05 8.7040936e-04 6.1076311e-03],[9.9999434e-01 5.6403842e-06],"[2.5508427e-06 8.1885009e-05 4.3701199e-03 4.6344855e-01 5.0101656e-01
 3.0934732e-02 1.4402988e-04 1.5930966e-06 2.0472276e-08]"
D:\Uni\Ulm\Master\Hiwi-Forschung-und-Lehre\FairFace\detected_faces\552532_face0.jpg,Black,Black,Male,20-29,"[1.1375727e-05 9.9814188e-01 1.0290564e-03 5.5101856e-07 3.2654494e-05
 2.7002301e-04 5.1448843e-04]",[2.7300924e-04 9.9830639e-01 6.7237794e-04 7.4818602e-04],[1.0000000e+00 4.3429167e-09],"[6.8276570e-08 1.0197225e-05 8.8324156e-03 7.3098183e-01 2.4995293e-01
 1.0167255e-02 5.3728447e-05 1.5852303e-06 2.4165582e-08]"
D:\Uni\Ulm\Master\Hiwi-Forschung-und-Lehre\FairFace\detected_faces\552632_face0.jpg,Latino_Hispanic,Black,Male,20-29,"[2.60063708e-02 2.26928651e-01 6.12169862e-01 3.01868829e-04
 4.16963082e-03 1.98924560e-02 1.10531166e-01]",[0.01344869 0.9124074  0.03939584 0.03474804],[9.9999982e-01 1.8996143e-07],"[1.0866629e-06 4.1394311e-04 6.8610974e-02 8.3555192e-01 9.3019858e-02
 2.3880319e-03 1.3757257e-05 4.1375435e-07 5.9736793e-09]"
D:\Uni\Ulm\Master\Hiwi-Forschung-und-Lehre\FairFace\detected_faces\552668_face0.jpg,Black,Black,Male,20-29,"[2.6259252e-07 9.9999708e-01 2.0393529e-06 3.2686431e-10 7.3499877e-09
 3.8455116e-07 2.2789237e-07]",[1.7468041e-07 9.9999964e-01 3.4333429e-08 2.1178204e-07],[9.9999976e-01 1.8847466e-07],"[7.1587487e-09 2.2198765e-06 7.5340131e-03 7.3148721e-01 2.4740766e-01
 1.3374043e-02 1.9163788e-04 3.1087054e-06 8.2457255e-08]"
D:\Uni\Ulm\Master\Hiwi-Forschung-und-Lehre\FairFace\detected_faces\552884_face0.jpg,White,White,Male,20-29,"[9.9858838e-01 2.3782302e-06 7.8491823e-05 4.2108052e-08 3.2367726e-07
 1.0379400e-06 1.3292973e-03]",[9.9990785e-01 3.0831110e-05 2.5126054e-05 3.6264915e-05],[9.9999434e-01 5.7019697e-06],"[3.1912060e-09 6.8328700e-07 1.6699167e-03 8.4459960e-01 1.5226705e-01
 1.4569910e-03 5.6127751e-06 4.6355126e-08 1.0069655e-09]"
D:\Uni\Ulm\Master\Hiwi-Forschung-und-Lehre\FairFace\detected_faces\553064_face0.jpg,White,White,Male,20-29,"[9.6832728e-01 4.1902829e-05 9.8381089e-03 7.9280007e-06 3.7911173e-05
 7.9486147e-04 2.0951968e-02]",[9.8466140e-01 1.3523656e-03 6.9301765e-05 1.3916979e-02],[9.9999994e-01 7.4206483e-08],"[2.7382995e-07 2.1634669e-05 7.5460980e-03 5.6922954e-01 3.9315435e-01
 2.9867059e-02 1.7925091e-04 1.7750300e-06 3.2212771e-08]"
D:\Uni\Ulm\Master\Hiwi-Forschung-und-Lehre\FairFace\detected_faces\553334_face0.jpg,White,White,Male,20-29,"[8.5263079e-01 8.6851476e-05 4.4142599e-03 9.5371570e-06 3.4201825e-05
 5.4030279e-05 1.4277032e-01]",[9.9594992e-01 3.3634868e-03 1.7838660e-04 5.0822290e-04],[9.9999708e-01 2.9087682e-06],"[6.7540242e-07 3.3608689e-05 6.0574203e-03 6.1863154e-01 3.5925245e-01
 1.5834447e-02 1.8652399e-04 3.2792705e-06 5.2334219e-08]"
