face_name_align,race,race4,gender,age,race_scores_fair,race_scores_fair_4,gender_scores_fair,age_scores_fair
D:\Uni\Ulm\Master\Hiwi-Forschung-und-Lehre\FairFace\detected_faces\17759_face0.jpg,White,White,Male,30-39,"[9.7725451e-01 1.7683115e-04 1.8645090e-03 1.9360334e-06 6.6491589e-06
 4.1993313e-05 2.0653475e-02]",[9.6258980e-01 3.1261973e-02 4.2623089e-04 5.7219868e-03],[9.9999017e-01 9.8518858e-06],"[1.7223667e-07 6.1611868e-06 2.8823991e-04 1.6632338e-01 7.7673161e-01
 5.6479231e-02 1.7042572e-04 8.1637825e-07 1.8359053e-08]"
D:\Uni\Ulm\Master\Hiwi-Forschung-und-Lehre\FairFace\detected_faces\17787_face0.jpg,Black,Black,Male,30-39,"[2.9027369e-03 9.4205904e-01 4.3302476e-02 4.2687141e-05 3.0381951e-04
 2.6417333e-03 8.7475339e-03]",[0.04526077 0.9215867  0.00654865 0.02660388],[9.9978435e-01 2.1558598e-04],"[4.0984713e-05 1.3338725e-04 8.5211179e-04 8.8286668e-02 6.2150651e-01
 2.8099099e-01 8.0618281e-03 1.2414214e-04 3.4882696e-06]"
D:\Uni\Ulm\Master\Hiwi-Forschung-und-Lehre\FairFace\detected_faces\17799_face0.jpg,White,White,Male,20-29,"[9.9338704e-01 4.8314290e-05 2.4028709e-03 1.1034853e-06 3.2177236e-06
 1.1164860e-05 4.1462518e-03]",[9.9704981e-01 2.7355310e-03 2.0962145e-05 1.9366006e-04],[1.000000e+00 1.514308e-08],"[1.9591980e-08 8.5430611e-06 1.4991293e-02 9.0177590e-01 8.2599528e-02
 6.2290870e-04 1.8343126e-06 1.6110851e-08 1.9294653e-10]"
D:\Uni\Ulm\Master\Hiwi-Forschung-und-Lehre\FairFace\detected_faces\17814_face0.jpg,White,White,Male,30-39,"[8.2237315e-01 3.7011567e-03 3.3808485e-02 3.7519490e-05 1.9559727e-04
 3.3789347e-03 1.3650513e-01]",[9.5509923e-01 3.8586963e-02 4.3019088e-04 5.8836075e-03],[9.9999976e-01 2.2279102e-07],"[2.5676559e-07 2.0014802e-07 6.5856293e-05 4.6561491e-02 4.3913725e-01
 4.1069779e-01 9.6592434e-02 6.7933043e-03 1.5130822e-04]"
D:\Uni\Ulm\Master\Hiwi-Forschung-und-Lehre\FairFace\detected_faces\17898_face0.jpg,Black,Black,Male,20-29,"[3.6930285e-06 9.9998510e-01 6.5344980e-06 1.6689835e-08 1.3284165e-07
 2.0036723e-06 2.5771481e-06]",[1.5335748e-07 9.9999917e-01 4.0361496e-07 2.9951622e-07],[9.99888957e-01 1.11022295e-04],"[3.0409274e-05 3.6814713e-03 7.7907644e-02 5.4996091e-01 3.2628474e-01
 4.0723901e-02 1.3330783e-03 7.1723982e-05 6.0363550e-06]"
D:\Uni\Ulm\Master\Hiwi-Forschung-und-Lehre\FairFace\detected_faces\17926_face0.jpg,White,White,Male,30-39,"[9.9215335e-01 7.0884642e-05 1.3206325e-03 7.0361949e-07 2.6535486e-06
 3.6030997e-05 6.4157601e-03]",[9.9455386e-01 4.8588896e-03 1.3674887e-04 4.5061478e-04],[9.9999595e-01 4.0134128e-06],"[4.0052836e-08 1.6381581e-06 1.3345905e-04 1.6448204e-01 7.8773987e-01
 4.7486950e-02 1.5543817e-04 5.6069854e-07 7.9472828e-09]"
D:\Uni\Ulm\Master\Hiwi-Forschung-und-Lehre\FairFace\detected_faces\17966_face0.jpg,Middle Eastern,White,Male,30-39,"[3.6304086e-01 4.4367521e-04 6.3991874e-02 1.0527746e-04 1.7532635e-04
 1.0575753e-03 5.7118541e-01]",[9.9480963e-01 2.4957857e-03 3.6613466e-04 2.3284473e-03],[9.9999917e-01 8.5772109e-07],"[8.3167492e-07 2.1393173e-06 1.9090190e-04 4.6872802e-02 6.3797534e-01
 2.9949763e-01 1.5179720e-02 2.7847567e-04 2.1191961e-06]"
D:\Uni\Ulm\Master\Hiwi-Forschung-und-Lehre\FairFace\detected_faces\17979_face0.jpg,Black,Black,Male,30-39,"[2.532792e-03 8.360600e-01 6.567048e-02 9.795379e-06 2.617303e-04
 8.565446e-02 9.810762e-03]",[6.5834715e-04 9.8680079e-01 1.0588021e-04 1.2434983e-02],[1.000000e+00 5.781994e-09],"[2.17034977e-08 7.10674328e-07 7.82001764e-04 4.53487515e-01
 5.31468391e-01 1.41878445e-02 7.30985339e-05 3.94461921e-07
 3.25150817e-09]"
D:\Uni\Ulm\Master\Hiwi-Forschung-und-Lehre\FairFace\detected_faces\18006_face0.jpg,White,White,Male,20-29,"[6.7523777e-01 2.4854997e-03 1.5601112e-01 1.4045493e-04 4.5378428e-04
 1.3483490e-03 1.6432314e-01]",[0.9492338  0.04680582 0.00119531 0.00276509],[9.9998993e-01 1.0064146e-05],"[3.2860243e-08 2.9550565e-06 3.4075270e-03 6.7603469e-01 3.1637910e-01
 4.1614817e-03 1.4021106e-05 1.0341468e-07 2.2962525e-09]"
D:\Uni\Ulm\Master\Hiwi-Forschung-und-Lehre\FairFace\detected_faces\18083_face0.jpg,Middle Eastern,White,Male,20-29,"[0.2608716  0.00053605 0.22665748 0.00124683 0.0044542  0.00673303
 0.4995008 ]",[0.74626416 0.02310985 0.04828183 0.18234415],[9.9999952e-01 4.6307505e-07],"[1.44405078e-07 4.70652549e-06 2.46123294e-03 6.13919079e-01
 3.68178993e-01 1.53335929e-02 1.01044185e-04 1.27887586e-06
 1.23652519e-08]"
D:\Uni\Ulm\Master\Hiwi-Forschung-und-Lehre\FairFace\detected_faces\18122_face0.jpg,White,White,Male,30-39,"[9.9619210e-01 1.8224764e-05 6.5647560e-04 1.1258901e-06 4.2141410e-06
 3.2664328e-05 3.0951323e-03]",[9.9949837e-01 4.4343971e-05 1.5774684e-05 4.4153410e-04],[9.9999774e-01 2.2118745e-06],"[2.5372992e-07 1.2968511e-06 1.7711491e-04 9.4087765e-02 6.4897460e-01
 2.4163531e-01 1.4894467e-02 2.2376521e-04 5.4009242e-06]"
D:\Uni\Ulm\Master\Hiwi-Forschung-und-Lehre\FairFace\detected_faces\18154_face0.jpg,White,White,Male,30-39,"[5.51650643e-01 1.06247049e-02 3.38110864e-01 1.15114126e-04
 3.97781812e-04 2.20583696e-02 7.70425498e-02]",[0.71866524 0.16689071 0.00182909 0.11261494],[9.9998415e-01 1.5814750e-05],"[1.9655001e-06 8.0910013e-06 1.3929636e-04 6.6812962e-02 7.2922695e-01
 1.9845971e-01 5.3096083e-03 4.0969830e-05 3.7485620e-07]"
D:\Uni\Ulm\Master\Hiwi-Forschung-und-Lehre\FairFace\detected_faces\18184_face0.jpg,White,White,Male,30-39,"[3.7319466e-01 4.1290213e-04 3.3504641e-01 1.4628642e-04 4.0847747e-04
 2.2237888e-02 2.6855344e-01]",[9.9175161e-01 4.5464950e-04 1.2480028e-03 6.5457621e-03],[9.9959093e-01 4.0906444e-04],"[5.2577561e-06 9.3673647e-05 1.7308029e-03 2.2105552e-01 6.9487029e-01
 8.1345931e-02 8.8829832e-04 9.9820872e-06 1.9038170e-07]"
D:\Uni\Ulm\Master\Hiwi-Forschung-und-Lehre\FairFace\detected_faces\18186_face0.jpg,White,White,Male,30-39,"[9.8554689e-01 2.9870895e-05 2.3854227e-04 7.6221561e-08 4.8290968e-07
 1.1442201e-05 1.4172688e-02]",[9.9901277e-01 7.8581215e-04 1.1764646e-05 1.8972046e-04],[9.9999565e-01 4.3665764e-06],"[1.7056421e-07 7.5289898e-07 4.2541924e-05 8.5705683e-02 8.3163911e-01
 8.2234472e-02 3.7273564e-04 4.4084563e-06 9.9444158e-08]"
D:\Uni\Ulm\Master\Hiwi-Forschung-und-Lehre\FairFace\detected_faces\18233_face0.jpg,Middle Eastern,Black,Male,30-39,"[1.7482668e-01 2.1008987e-02 3.8026696e-01 1.5223383e-04 1.3177989e-03
 2.3178615e-02 3.9924872e-01]",[0.3504326  0.5303964  0.00383324 0.11533766],[9.9999464e-01 5.4029033e-06],"[6.7623176e-08 2.2375350e-06 8.7116519e-04 3.4299812e-01 6.2704957e-01
 2.8910633e-02 1.6719308e-04 1.1076427e-06 2.3994200e-08]"
D:\Uni\Ulm\Master\Hiwi-Forschung-und-Lehre\FairFace\detected_faces\18248_face0.jpg,Middle Eastern,White,Male,30-39,"[2.6199254e-01 4.1708737e-03 2.4369296e-01 9.1817143e-05 4.0435334e-04
 4.8146144e-02 4.4150132e-01]",[0.86301756 0.03552371 0.00206705 0.09939171],[9.9999911e-01 9.0416586e-07],"[3.2795768e-07 9.2129521e-06 1.6873376e-03 2.0533849e-01 7.2545153e-01
 6.6912554e-02 5.9615762e-04 4.2508727e-06 4.0366707e-08]"
D:\Uni\Ulm\Master\Hiwi-Forschung-und-Lehre\FairFace\detected_faces\18297_face0.jpg,Latino_Hispanic,Asian,Male,20-29,"[0.03082245 0.1154012  0.65276814 0.03458311 0.1588434  0.00139436
 0.00618737]",[0.06337673 0.15205029 0.7713935  0.01317943],[9.9998546e-01 1.4553357e-05],"[4.08903361e-06 1.09257664e-04 2.81375032e-02 4.42100108e-01
 4.41429138e-01 8.16605762e-02 6.37531653e-03 1.79737734e-04
 4.27075838e-06]"
D:\Uni\Ulm\Master\Hiwi-Forschung-und-Lehre\FairFace\detected_faces\18304_face0.jpg,Latino_Hispanic,White,Male,30-39,"[0.34166154 0.0046146  0.4076993  0.00078608 0.00277784 0.00282571
 0.23963499]",[0.9495889  0.02759193 0.00710554 0.01571361],[9.99999940e-01 1.16103976e-07],"[5.1903712e-06 1.4214093e-04 4.3939957e-03 4.2142156e-01 5.3347743e-01
 4.0114883e-02 4.3815255e-04 6.5284189e-06 7.3837747e-08]"
D:\Uni\Ulm\Master\Hiwi-Forschung-und-Lehre\FairFace\detected_faces\18342_face0.jpg,Middle Eastern,Black,Male,30-39,"[1.7976755e-02 2.9169863e-01 1.8831065e-01 3.5022847e-06 6.9823938e-05
 4.5181941e-02 4.5675865e-01]",[0.02804176 0.790534   0.00118178 0.18024242],[9.999995e-01 4.813717e-07],"[4.1278390e-06 5.2130970e-05 1.1972049e-03 6.0360130e-02 5.1924622e-01
 3.8250598e-01 3.5573449e-02 1.0499987e-03 1.0695952e-05]"
D:\Uni\Ulm\Master\Hiwi-Forschung-und-Lehre\FairFace\detected_faces\18601_face0.jpg,White,White,Male,20-29,"[5.85432410e-01 6.21680403e-03 1.50978699e-01 1.51463782e-05
 1.14048875e-04 1.50960300e-03 2.55733252e-01]",[9.9613756e-01 3.3963516e-03 9.2540322e-05 3.7355206e-04],[9.9999535e-01 4.6731939e-06],"[1.2202013e-07 6.9070861e-06 2.4544888e-03 6.0387397e-01 3.8833213e-01
 5.3144437e-03 1.7724728e-05 2.0460834e-07 2.7570686e-09]"
D:\Uni\Ulm\Master\Hiwi-Forschung-und-Lehre\FairFace\detected_faces\18735_face0.jpg,Middle Eastern,White,Male,20-29,"[2.7853357e-02 9.8973003e-05 1.2276745e-02 1.8037047e-06 1.6470147e-05
 5.4604298e-04 9.5920664e-01]",[9.9077612e-01 2.3245190e-03 1.9065943e-04 6.7087319e-03],[9.999987e-01 1.324665e-06],"[1.5641987e-07 1.3557750e-04 2.3089571e-02 8.1103742e-01 1.6383283e-01
 1.9018275e-03 2.7296310e-06 1.5964520e-08 2.0782101e-10]"
D:\Uni\Ulm\Master\Hiwi-Forschung-und-Lehre\FairFace\detected_faces\18841_face0.jpg,Black,Black,Male,30-39,"[2.2810519e-07 9.9999535e-01 3.9704087e-06 3.0448271e-09 2.7919643e-08
 1.9245019e-07 2.1159551e-07]",[9.1658893e-07 9.9999690e-01 1.6133146e-06 5.0017627e-07],[9.9999976e-01 2.6751562e-07],"[6.6604734e-08 5.8815567e-07 2.3187078e-04 1.8774898e-01 5.7407647e-01
 2.3099640e-01 6.8690712e-03 7.2298040e-05 4.2556844e-06]"
D:\Uni\Ulm\Master\Hiwi-Forschung-und-Lehre\FairFace\detected_faces\18886_face0.jpg,Middle Eastern,White,Male,30-39,"[3.2645619e-01 2.1334195e-05 6.3946899e-03 1.5978116e-05 1.2994392e-04
 1.2859993e-04 6.6685331e-01]",[9.9430311e-01 3.7293727e-04 1.9473095e-03 3.3766238e-03],[0.99796116 0.00203879],"[1.5704970e-07 1.0512648e-05 5.6469608e-03 3.5896075e-01 5.6537795e-01
 6.9203548e-02 7.9106423e-04 8.7549442e-06 2.0534799e-07]"
D:\Uni\Ulm\Master\Hiwi-Forschung-und-Lehre\FairFace\detected_faces\18891_face0.jpg,Latino_Hispanic,Black,Male,20-29,"[2.2045311e-01 2.4451515e-01 2.9061532e-01 1.3429062e-05 1.5197432e-04
 8.5496187e-04 2.4339606e-01]",[1.06504604e-01 8.92322004e-01 9.68541790e-05 1.07654906e-03],[9.999992e-01 8.042405e-07],"[9.5455839e-08 6.5410233e-05 8.3121978e-02 8.5159039e-01 6.4031251e-02
 1.1759374e-03 1.4674459e-05 2.6130607e-07 3.4102414e-09]"
D:\Uni\Ulm\Master\Hiwi-Forschung-und-Lehre\FairFace\detected_faces\18948_face0.jpg,White,White,Male,30-39,"[5.1711553e-01 1.0877641e-04 5.7080439e-03 1.5554491e-07 1.5548427e-06
 7.1351690e-04 4.7635239e-01]",[9.94214356e-01 9.86559899e-05 1.09140465e-05 5.67616522e-03],[9.999913e-01 8.703104e-06],"[1.3567741e-08 1.4398495e-07 1.7084096e-05 2.8153760e-02 7.7403504e-01
 1.9570100e-01 2.0841665e-03 8.6015807e-06 1.4270977e-07]"
D:\Uni\Ulm\Master\Hiwi-Forschung-und-Lehre\FairFace\detected_faces\18954_face0.jpg,Middle Eastern,White,Male,30-39,"[1.2857254e-01 4.5882822e-03 5.6660760e-02 1.0037625e-05 5.6199082e-05
 1.5951173e-03 8.0851710e-01]",[0.93539596 0.02689638 0.00331578 0.03439186],[9.9999958e-01 4.2334176e-07],"[4.5353804e-08 6.2581540e-07 1.5364568e-04 9.8224893e-02 7.4805468e-01
 1.5228269e-01 1.2790445e-03 4.3494770e-06 5.4499459e-08]"
D:\Uni\Ulm\Master\Hiwi-Forschung-und-Lehre\FairFace\detected_faces\18968_face0.jpg,White,White,Male,30-39,"[9.9997354e-01 1.7509505e-07 5.6642066e-06 1.0765454e-07 2.9699211e-07
 3.9332792e-07 1.9863526e-05]",[9.9999338e-01 1.4517863e-06 1.9009409e-06 3.1700254e-06],[9.999478e-01 5.226638e-05],"[3.8743943e-07 1.8323199e-06 5.7161308e-04 1.6516918e-01 5.4216635e-01
 2.6388755e-01 2.7301447e-02 8.6048088e-04 4.1149724e-05]"
D:\Uni\Ulm\Master\Hiwi-Forschung-und-Lehre\FairFace\detected_faces\18984_face0.jpg,Middle Eastern,White,Male,30-39,"[3.3731851e-01 1.3982983e-03 1.9164126e-01 4.0216306e-05 2.2370026e-04
 3.5908114e-02 4.3346998e-01]",[0.77886176 0.00440735 0.00306595 0.21366492],[9.9992025e-01 7.9772413e-05],"[8.5411909e-07 1.7535234e-05 1.7532209e-03 2.7706149e-01 6.7323840e-01
 4.7490735e-02 4.3487997e-04 2.7507112e-06 4.8824504e-08]"
D:\Uni\Ulm\Master\Hiwi-Forschung-und-Lehre\FairFace\detected_faces\18987_face0.jpg,White,White,Male,20-29,"[8.8748950e-01 5.5745826e-05 7.2136167e-03 1.7085567e-05 2.4118939e-05
 3.9858586e-04 1.0480136e-01]",[9.9980235e-01 4.9403839e-06 5.3634314e-05 1.3909400e-04],[9.9996853e-01 3.1451298e-05],"[8.3596024e-06 1.9866934e-04 1.1374351e-02 5.5036968e-01 4.1287845e-01
 2.4963023e-02 2.0488707e-04 2.4817200e-06 7.8464595e-08]"
D:\Uni\Ulm\Master\Hiwi-Forschung-und-Lehre\FairFace\detected_faces\18998_face0.jpg,White,White,Male,30-39,"[5.5793118e-01 2.4506489e-03 1.3101058e-01 3.6588885e-05 1.5000341e-04
 7.2157332e-03 3.0120522e-01]",[9.5851803e-01 2.0980619e-02 7.5735443e-04 1.9743970e-02],[9.9999982e-01 1.8455498e-07],"[2.2148032e-07 1.5613562e-06 4.3633371e-04 4.8053774e-01 4.9980888e-01
 1.9073367e-02 1.3966000e-04 2.2513470e-06 2.9001292e-08]"
D:\Uni\Ulm\Master\Hiwi-Forschung-und-Lehre\FairFace\detected_faces\19013_face0.jpg,Latino_Hispanic,White,Male,40-49,"[4.0684095e-01 2.6798961e-03 5.5951732e-01 5.7712873e-06 1.5683798e-05
 5.6586564e-03 2.5281662e-02]",[9.5675349e-01 1.5304831e-02 2.8661481e-04 2.7655028e-02],[9.9999744e-01 2.5094071e-06],"[5.0714725e-06 8.2617371e-06 2.4390258e-04 6.4560748e-03 3.1957459e-01
 6.2548727e-01 4.8020910e-02 2.0349154e-04 3.4546738e-07]"
D:\Uni\Ulm\Master\Hiwi-Forschung-und-Lehre\FairFace\detected_faces\19019_face0.jpg,White,White,Male,20-29,"[9.9534559e-01 4.1778814e-05 1.1407726e-03 3.6450103e-05 9.4685784e-05
 1.2347892e-05 3.3283511e-03]",[0.98751014 0.00584576 0.0050372  0.00160692],[9.9999988e-01 1.3989681e-07],"[8.7215007e-08 2.8641805e-06 1.2222630e-03 6.0875046e-01 3.7345934e-01
 1.6427048e-02 1.3621687e-04 1.7168710e-06 3.0280667e-08]"
D:\Uni\Ulm\Master\Hiwi-Forschung-und-Lehre\FairFace\detected_faces\19025_face0.jpg,White,Black,Male,30-39,"[8.1840414e-01 3.8199615e-02 5.1985405e-02 4.6615219e-07 6.8394761e-06
 5.0712656e-04 9.0896390e-02]",[4.5918265e-01 5.3680640e-01 6.1493090e-05 3.9495174e-03],[9.9999869e-01 1.2745603e-06],"[7.3627170e-08 1.7982287e-06 4.2152879e-04 2.0822759e-01 7.4306267e-01
 4.7576915e-02 7.0176413e-04 7.5241937e-06 1.1416472e-07]"
D:\Uni\Ulm\Master\Hiwi-Forschung-und-Lehre\FairFace\detected_faces\19063_face0.jpg,White,White,Male,20-29,"[9.9971920e-01 2.4774959e-06 6.0199403e-05 2.7366099e-07 1.4656890e-06
 7.5192781e-07 2.1550011e-04]",[9.9829996e-01 1.3620476e-03 2.5553483e-04 8.2467879e-05],[9.9999714e-01 2.8823167e-06],"[8.2720417e-09 3.5865747e-07 4.4090562e-03 8.6425138e-01 1.2791832e-01
 3.3643700e-03 5.4606528e-05 1.8349467e-06 6.1318104e-08]"
D:\Uni\Ulm\Master\Hiwi-Forschung-und-Lehre\FairFace\detected_faces\19172_face0.jpg,White,White,Male,30-39,"[9.6600431e-01 6.0995630e-05 1.8928723e-03 1.7587673e-06 6.6380303e-06
 3.0673797e-05 3.2002732e-02]",[9.9940932e-01 4.6130325e-04 7.8668294e-05 5.0727842e-05],[1.000000e+00 2.370077e-08],"[9.7284797e-08 1.4948929e-06 4.0522197e-04 4.7987050e-01 5.1198316e-01
 7.7121784e-03 2.7121470e-05 2.5563313e-07 4.5358206e-09]"
D:\Uni\Ulm\Master\Hiwi-Forschung-und-Lehre\FairFace\detected_faces\19208_face0.jpg,White,White,Male,30-39,"[8.1150317e-01 1.4953609e-04 6.1402585e-02 2.3315735e-03 3.3094843e-03
 3.1884215e-03 1.1811514e-01]",[9.9618638e-01 1.7844925e-04 1.0244179e-03 2.6106907e-03],[9.9998420e-01 1.5830045e-05],"[6.2067251e-08 9.9156796e-07 5.0518691e-04 4.6866131e-01 5.1209277e-01
 1.8662378e-02 7.6375793e-05 8.7714983e-07 1.0720909e-08]"
D:\Uni\Ulm\Master\Hiwi-Forschung-und-Lehre\FairFace\detected_faces\19218_face0.jpg,Black,Black,Male,30-39,"[1.8871666e-06 9.9993694e-01 1.8639041e-05 1.1327143e-09 2.9899297e-08
 3.7242928e-05 5.2739015e-06]",[5.2871150e-07 9.9997789e-01 4.0423447e-07 2.1191365e-05],[1.0000000e+00 1.2860079e-08],"[8.5902983e-08 4.6831406e-06 6.9961761e-04 2.1462686e-01 6.4184809e-01
 1.4074363e-01 2.0605936e-03 1.6207576e-05 1.8665365e-07]"
D:\Uni\Ulm\Master\Hiwi-Forschung-und-Lehre\FairFace\detected_faces\19225_face0.jpg,White,White,Male,30-39,"[9.9539214e-01 2.0242729e-05 1.3134332e-03 8.5147276e-06 2.7206279e-05
 1.0426857e-05 3.2280257e-03]",[9.9977046e-01 1.1960897e-04 4.3620890e-05 6.6286317e-05],[9.9999899e-01 1.0365969e-06],"[7.0182355e-06 5.6703688e-05 5.2614929e-03 4.1346297e-01 5.2561188e-01
 5.4194130e-02 1.3271898e-03 7.7172037e-05 1.5511877e-06]"
D:\Uni\Ulm\Master\Hiwi-Forschung-und-Lehre\FairFace\detected_faces\19303_face0.jpg,Latino_Hispanic,Asian,Male,30-39,"[0.00998324 0.03819332 0.73682815 0.03316281 0.1668826  0.01054674
 0.00440317]",[0.07298923 0.05229046 0.8357227  0.03899764],[1.000000e+00 2.280609e-10],"[2.9584683e-07 2.5749462e-06 4.1972002e-04 2.4547173e-01 6.7141533e-01
 8.0842085e-02 1.8183043e-03 2.9842107e-05 1.5425782e-07]"
D:\Uni\Ulm\Master\Hiwi-Forschung-und-Lehre\FairFace\detected_faces\19314_face0.jpg,White,White,Male,40-49,"[9.9124432e-01 3.6902509e-07 5.0957686e-05 9.6932206e-07 9.1123343e-07
 6.5233149e-07 8.7017836e-03]",[9.9986017e-01 1.4480301e-05 6.8661699e-05 5.6727942e-05],[9.9999738e-01 2.6359307e-06],"[2.7129545e-07 7.3818444e-07 7.5918615e-05 3.3877424e-03 9.4225377e-02
 6.7108035e-01 2.2556785e-01 5.5945190e-03 6.7267953e-05]"
D:\Uni\Ulm\Master\Hiwi-Forschung-und-Lehre\FairFace\detected_faces\19314_face1.jpg,White,White,Male,50-59,"[0.83928496 0.00131775 0.00524345 0.00817397 0.00471764 0.02900685
 0.11225539]",[9.9660021e-01 3.6938416e-04 1.9437675e-03 1.0866536e-03],[0.94026554 0.05973449],"[1.83749027e-04 2.61492562e-03 7.52709620e-03 1.49054155e-02
 1.80853438e-02 7.30976686e-02 3.71441752e-01 3.53704900e-01
 1.58439115e-01]"
D:\Uni\Ulm\Master\Hiwi-Forschung-und-Lehre\FairFace\detected_faces\19343_face0.jpg,White,White,Male,20-29,"[7.2944927e-01 1.7306458e-05 1.4673198e-02 5.7770361e-05 1.8955098e-04
 1.2159103e-04 2.5549132e-01]",[9.99607682e-01 6.72008173e-05 1.16616786e-04 2.08516503e-04],[9.9999893e-01 1.0252463e-06],"[6.1043373e-08 1.5747775e-05 6.1856112e-03 8.4142715e-01 1.5123540e-01
 1.1343509e-03 1.6949887e-06 1.4651595e-08 2.1031639e-10]"
D:\Uni\Ulm\Master\Hiwi-Forschung-und-Lehre\FairFace\detected_faces\19352_face0.jpg,White,White,Male,20-29,"[7.3652655e-01 7.2565442e-04 1.7978194e-01 2.1476238e-03 3.2905990e-03
 1.2834534e-03 7.6244190e-02]",[9.8251224e-01 4.1436669e-04 1.2896613e-02 4.1767056e-03],[9.9999994e-01 9.2340102e-08],"[3.6581287e-07 1.0653617e-05 3.6247128e-03 7.6617521e-01 2.2572243e-01
 4.4364631e-03 2.9639747e-05 5.0904998e-07 7.1107813e-09]"
D:\Uni\Ulm\Master\Hiwi-Forschung-und-Lehre\FairFace\detected_faces\19356_face0.jpg,White,White,Male,30-39,"[6.4074141e-01 1.6259869e-04 7.9752073e-02 4.4313987e-04 6.1585277e-04
 6.1512244e-04 2.7766985e-01]",[0.97795224 0.00327792 0.01302817 0.00574166],[9.9999994e-01 8.2423973e-08],"[1.4394456e-05 2.3211056e-05 8.8514056e-04 9.3498431e-02 6.4605695e-01
 2.4407315e-01 1.5142888e-02 3.0345129e-04 2.3981268e-06]"
D:\Uni\Ulm\Master\Hiwi-Forschung-und-Lehre\FairFace\detected_faces\19373_face0.jpg,White,Black,Male,30-39,"[4.1999134e-01 6.4006023e-02 1.6157851e-01 2.8931718e-05 1.3695531e-04
 1.7533334e-02 3.3672494e-01]",[0.35922366 0.40733412 0.00226085 0.23118131],[9.9999279e-01 7.1813565e-06],"[2.2735896e-06 1.1989461e-05 1.5369433e-04 6.2145971e-02 6.7483026e-01
 2.5357288e-01 9.0889400e-03 1.8869906e-04 5.3413487e-06]"
D:\Uni\Ulm\Master\Hiwi-Forschung-und-Lehre\FairFace\detected_faces\19374_face0.jpg,White,White,Male,30-39,"[6.0255605e-01 1.0527734e-03 9.1161437e-02 1.0366974e-05 8.3983599e-05
 1.3403468e-02 2.9173186e-01]",[9.9844074e-01 3.7758771e-04 6.6700895e-06 1.1749578e-03],[9.999084e-01 9.165507e-05],"[1.0876418e-07 4.9665673e-06 6.0624577e-04 2.4543042e-01 7.1691215e-01
 3.6792580e-02 2.5106131e-04 2.3822886e-06 5.5640015e-08]"
D:\Uni\Ulm\Master\Hiwi-Forschung-und-Lehre\FairFace\detected_faces\19382_face0.jpg,Latino_Hispanic,Black,Male,20-29,"[2.0069877e-02 3.5796311e-01 5.4959238e-01 3.3077222e-04 3.9733523e-03
 2.6676492e-03 6.5402806e-02]",[0.01304596 0.93830377 0.04430778 0.00434245],[9.999990e-01 9.726057e-07],"[4.4095083e-07 6.2832682e-05 1.3601258e-02 5.4384863e-01 4.2140126e-01
 2.0881798e-02 2.0027286e-04 3.4295908e-06 6.4891921e-08]"
D:\Uni\Ulm\Master\Hiwi-Forschung-und-Lehre\FairFace\detected_faces\19391_face0.jpg,White,White,Male,30-39,"[5.1985466e-01 3.0210373e-04 2.5074597e-02 2.8271118e-06 2.0287020e-05
 1.5837532e-03 4.5316181e-01]",[9.9750203e-01 4.2591439e-04 1.3336012e-04 1.9386592e-03],[9.9999422e-01 5.7909306e-06],"[3.7148368e-07 3.7737709e-06 1.3981456e-03 3.5515410e-01 5.7166982e-01
 6.9581002e-02 2.1465591e-03 4.5572902e-05 6.6052377e-07]"
D:\Uni\Ulm\Master\Hiwi-Forschung-und-Lehre\FairFace\detected_faces\19394_face0.jpg,Middle Eastern,Indian,Male,30-39,"[4.5408547e-02 6.3143519e-04 1.0180204e-01 1.3062792e-06 2.0153229e-05
 2.9870652e-02 8.2226592e-01]",[1.1200212e-01 5.9539680e-03 5.5370241e-04 8.8149017e-01],[9.9999982e-01 2.3874014e-07],"[3.8965404e-06 3.5165739e-04 1.0252005e-02 3.8951620e-01 5.7278597e-01
 2.7045980e-02 4.4070508e-05 2.0035657e-07 1.5008632e-09]"
D:\Uni\Ulm\Master\Hiwi-Forschung-und-Lehre\FairFace\detected_faces\19409_face0.jpg,Middle Eastern,White,Male,20-29,"[3.9615813e-01 3.7896824e-03 1.6082416e-01 5.0212020e-05 2.7993345e-04
 7.0850612e-03 4.3181291e-01]",[0.9639219  0.00565892 0.00107594 0.02934325],[9.999999e-01 8.590139e-08],"[1.5445580e-07 2.7764867e-05 1.5420970e-02 8.5348767e-01 1.2897195e-01
 2.0813667e-03 9.9700474e-06 1.8353434e-07 2.0545854e-09]"
D:\Uni\Ulm\Master\Hiwi-Forschung-und-Lehre\FairFace\detected_faces\19420_face0.jpg,Latino_Hispanic,White,Male,30-39,"[2.7998948e-01 5.7725180e-02 6.1950713e-01 7.4308817e-05 3.4583843e-04
 6.9899112e-03 3.5368193e-02]",[0.9662172  0.02099826 0.00152219 0.01126231],[9.9999946e-01 4.9082956e-07],"[6.0222413e-07 3.3837737e-06 8.2401081e-04 2.8898659e-01 5.9661698e-01
 1.1057614e-01 2.9511603e-03 4.0753112e-05 3.4875939e-07]"
D:\Uni\Ulm\Master\Hiwi-Forschung-und-Lehre\FairFace\detected_faces\19438_face0.jpg,White,White,Male,40-49,"[6.7104203e-01 5.2787230e-04 1.0579039e-02 5.9436479e-06 2.0737409e-05
 6.1959302e-04 3.1720480e-01]",[9.8960829e-01 5.9506497e-03 4.8434039e-04 3.9567421e-03],[9.9981260e-01 1.8741337e-04],"[6.9491966e-06 1.8969115e-05 2.1040495e-04 1.5242063e-02 3.3967027e-01
 5.9675133e-01 4.7286417e-02 7.9419749e-04 1.9435396e-05]"
D:\Uni\Ulm\Master\Hiwi-Forschung-und-Lehre\FairFace\detected_faces\19467_face0.jpg,White,White,Male,30-39,"[5.46557665e-01 1.01395035e-05 8.26745778e-02 3.51086564e-05
 8.43458547e-05 9.27187968e-03 3.61366272e-01]",[9.948434e-01 6.977431e-05 2.531213e-04 4.833715e-03],[9.9999917e-01 8.2829649e-07],"[8.4115095e-07 3.1215288e-05 4.7597205e-03 2.1491075e-01 6.2214476e-01
 1.5607029e-01 2.0736046e-03 8.7241724e-06 6.8233525e-08]"
D:\Uni\Ulm\Master\Hiwi-Forschung-und-Lehre\FairFace\detected_faces\19482_face0.jpg,Middle Eastern,White,Male,30-39,"[4.2852029e-01 5.9867499e-04 1.0122023e-01 3.4145874e-04 8.4937178e-04
 6.0315616e-03 4.6243837e-01]",[0.977605   0.00573058 0.00182994 0.01483452],[9.9997544e-01 2.4584275e-05],"[6.2714821e-07 1.7948121e-05 3.3530779e-04 1.0665081e-01 8.1724840e-01
 7.5482994e-02 2.6256725e-04 1.3313421e-06 2.1957511e-08]"
D:\Uni\Ulm\Master\Hiwi-Forschung-und-Lehre\FairFace\detected_faces\19633_face0.jpg,White,White,Male,30-39,"[9.8702252e-01 3.8445720e-05 1.2679379e-03 7.4375470e-07 1.8396793e-06
 2.1948012e-05 1.1646539e-02]",[9.9764538e-01 9.0501818e-04 2.2358734e-04 1.2260271e-03],[9.9999994e-01 1.0784835e-07],"[4.9053281e-08 6.4549863e-07 1.2964649e-04 1.8620470e-01 7.6924437e-01
 4.4182561e-02 2.3706260e-04 1.0029537e-06 1.3534805e-08]"
D:\Uni\Ulm\Master\Hiwi-Forschung-und-Lehre\FairFace\detected_faces\19706_face0.jpg,Black,Black,Male,20-29,"[1.4560026e-05 6.8651384e-01 4.5514912e-03 2.4428763e-03 2.8523365e-01
 2.1196470e-02 4.7160924e-05]",[2.9680474e-05 8.8461816e-01 8.4513836e-02 3.0838316e-02],[9.9999523e-01 4.7583662e-06],"[1.7000906e-07 9.8102450e-05 6.3099764e-02 8.7088823e-01 6.3600086e-02
 2.2757829e-03 3.6250931e-05 1.5067033e-06 5.6267972e-08]"
D:\Uni\Ulm\Master\Hiwi-Forschung-und-Lehre\FairFace\detected_faces\19755_face0.jpg,White,White,Male,20-29,"[8.5166925e-01 1.1620224e-04 8.8740541e-03 2.7602399e-03 2.1632584e-03
 2.6801031e-04 1.3414891e-01]",[9.9978918e-01 4.1215294e-06 1.9090678e-04 1.5777036e-05],[0.99894303 0.00105692],"[5.1501343e-06 3.1082192e-04 3.4053236e-02 7.3563844e-01 2.2003061e-01
 9.8229498e-03 1.3555554e-04 3.0352012e-06 2.4723346e-07]"
D:\Uni\Ulm\Master\Hiwi-Forschung-und-Lehre\FairFace\detected_faces\19808_face0.jpg,White,White,Male,40-49,"[9.6402127e-01 4.4198918e-05 3.0572864e-04 4.5209063e-08 2.4445106e-07
 3.1176816e-05 3.5597324e-02]",[9.3269920e-01 4.9220007e-02 3.4159842e-05 1.8046631e-02],[9.999929e-01 7.146401e-06],"[7.3942097e-08 1.8752786e-07 2.6138490e-05 1.4124651e-02 4.7703838e-01
 4.8074031e-01 2.7616847e-02 4.4070758e-04 1.2734808e-05]"
D:\Uni\Ulm\Master\Hiwi-Forschung-und-Lehre\FairFace\detected_faces\19884_face0.jpg,White,White,Male,20-29,"[7.5049055e-01 2.3078038e-04 3.5425976e-02 6.0937859e-06 3.0688418e-05
 9.5901405e-04 2.1285690e-01]",[9.818260e-01 8.244930e-03 4.869724e-05 9.880311e-03],[0.9986425  0.00135749],"[1.4092181e-08 9.9837450e-07 1.8867211e-03 6.2669235e-01 3.6464584e-01
 6.7036990e-03 6.9635287e-05 7.7171893e-07 2.4850502e-08]"
D:\Uni\Ulm\Master\Hiwi-Forschung-und-Lehre\FairFace\detected_faces\20097_face0.jpg,Middle Eastern,White,Male,40-49,"[3.5301128e-03 3.8027487e-05 1.8475966e-03 4.6740098e-07 3.3461147e-06
 7.0588401e-04 9.9387455e-01]",[9.3531024e-01 4.8752395e-03 3.9055600e-04 5.9423957e-02],[9.9996847e-01 3.1578071e-05],"[2.2958213e-06 5.2153955e-06 1.5770932e-04 1.1729689e-02 3.4225762e-01
 5.9699953e-01 4.7714930e-02 1.1108739e-03 2.2139888e-05]"
D:\Uni\Ulm\Master\Hiwi-Forschung-und-Lehre\FairFace\detected_faces\20174_face0.jpg,White,White,Male,10-19,"[9.9971795e-01 4.1314820e-06 4.0165221e-05 5.0224899e-06 8.3303376e-06
 1.5014433e-06 2.2293319e-04]",[9.9971038e-01 2.1659942e-04 4.9307924e-05 2.3723036e-05],[0.98098886 0.01901111],"[2.71668323e-05 3.95560972e-02 6.36227727e-01 2.89957732e-01
 3.30511183e-02 1.16793299e-03 1.17399595e-05 4.39421171e-07
 7.07889711e-08]"
D:\Uni\Ulm\Master\Hiwi-Forschung-und-Lehre\FairFace\detected_faces\20187_face0.jpg,White,White,Male,20-29,"[9.8725510e-01 9.9176919e-05 3.7722890e-03 9.0069392e-05 2.5697585e-04
 2.0607384e-05 8.5058725e-03]",[9.9420989e-01 4.1829897e-03 1.4053917e-03 2.0167172e-04],[9.9999976e-01 1.6418721e-07],"[7.8929048e-07 4.3367225e-05 4.7104093e-03 6.7908376e-01 3.0882245e-01
 7.2888983e-03 4.9605820e-05 6.2776144e-07 1.1268561e-08]"
D:\Uni\Ulm\Master\Hiwi-Forschung-und-Lehre\FairFace\detected_faces\20196_face0.jpg,White,White,Male,20-29,"[9.9402368e-01 6.6572844e-05 1.9595467e-03 8.8874294e-06 3.9175389e-05
 7.7602563e-06 3.8943745e-03]",[9.9533737e-01 4.0624598e-03 4.7177763e-04 1.2837740e-04],[9.999999e-01 6.112039e-08],"[7.8932647e-09 6.8371327e-07 1.1769594e-03 6.0631824e-01 3.8563648e-01
 6.8433573e-03 2.4203118e-05 1.4791640e-07 1.9948849e-09]"
D:\Uni\Ulm\Master\Hiwi-Forschung-und-Lehre\FairFace\detected_faces\20204_face0.jpg,Black,Black,Male,30-39,"[2.5756724e-02 5.8301103e-01 2.9646826e-01 3.1233656e-05 2.2825849e-04
 1.8946471e-02 7.5557873e-02]",[3.6287329e-03 7.7885330e-01 6.9143635e-04 2.1682651e-01],[9.9999124e-01 8.7623621e-06],"[1.2615438e-06 1.8987957e-05 1.6926340e-03 3.4282449e-01 5.9507018e-01
 5.9410341e-02 9.6795306e-04 1.3923693e-05 2.2403556e-07]"
D:\Uni\Ulm\Master\Hiwi-Forschung-und-Lehre\FairFace\detected_faces\20220_face0.jpg,White,White,Male,30-39,"[9.9550897e-01 7.0189230e-07 1.1588952e-04 8.2002134e-07 2.1354060e-06
 2.5972276e-06 4.3688840e-03]",[9.9996692e-01 1.0852299e-05 1.2207600e-05 1.0004642e-05],[9.999803e-01 1.973987e-05],"[1.4944672e-07 1.5380214e-06 6.6457796e-05 2.5731197e-02 7.1744257e-01
 2.5380978e-01 2.9339013e-03 1.4038826e-05 3.0429933e-07]"
D:\Uni\Ulm\Master\Hiwi-Forschung-und-Lehre\FairFace\detected_faces\20278_face0.jpg,White,White,Male,30-39,"[5.2196449e-01 4.3671585e-05 2.7612732e-03 6.4382425e-06 2.5960104e-05
 1.2725987e-04 4.7507095e-01]",[9.9812800e-01 1.8454429e-04 7.7994366e-05 1.6094998e-03],[9.999922e-01 7.778219e-06],"[4.4518833e-06 5.4169599e-05 1.7499588e-03 1.6306846e-01 7.2208440e-01
 1.1126275e-01 1.7620847e-03 1.3520584e-05 1.6861729e-07]"
D:\Uni\Ulm\Master\Hiwi-Forschung-und-Lehre\FairFace\detected_faces\20283_face0.jpg,White,White,Male,30-39,"[7.0297366e-01 9.4436324e-04 8.4928140e-02 1.0035062e-05 5.5343371e-05
 2.4205386e-03 2.0866798e-01]",[9.8748338e-01 7.9928655e-03 2.6257779e-04 4.2611691e-03],[9.9999255e-01 7.4725526e-06],"[1.0103893e-07 3.8604812e-06 4.9441186e-04 2.7360925e-01 7.0064211e-01
 2.5178451e-02 7.1389470e-05 4.2512741e-07 5.7877503e-09]"
D:\Uni\Ulm\Master\Hiwi-Forschung-und-Lehre\FairFace\detected_faces\20286_face0.jpg,White,White,Male,20-29,"[9.9739999e-01 3.8957029e-07 6.9663365e-04 6.8776390e-06 1.9203255e-05
 1.1520707e-06 1.8758692e-03]",[9.9965042e-01 4.1303425e-05 2.9888371e-04 9.4081761e-06],[9.999998e-01 1.769613e-07],"[7.1533321e-09 6.5274953e-06 2.8756550e-02 9.0429890e-01 6.6147298e-02
 7.8812311e-04 2.5818379e-06 1.7473971e-08 2.2994130e-10]"
D:\Uni\Ulm\Master\Hiwi-Forschung-und-Lehre\FairFace\detected_faces\20292_face0.jpg,Middle Eastern,White,Male,30-39,"[2.1540735e-02 6.6992026e-03 8.7850012e-02 3.9937458e-05 3.0419414e-04
 5.3459974e-03 8.7821996e-01]",[0.60443735 0.09666047 0.01069424 0.28820786],[0.9988295  0.00117048],"[2.5745476e-06 1.1793148e-04 5.1311338e-03 3.2329977e-01 6.3768822e-01
 3.3547521e-02 2.0821208e-04 4.4779399e-06 1.4794320e-07]"
D:\Uni\Ulm\Master\Hiwi-Forschung-und-Lehre\FairFace\detected_faces\20368_face0.jpg,White,White,Male,30-39,"[9.8789400e-01 2.3412624e-04 1.0219550e-02 2.7412068e-06 1.7515382e-05
 2.5276863e-04 1.3793116e-03]",[9.9945158e-01 1.7799127e-04 4.8619338e-05 3.2182509e-04],[9.999999e-01 7.747602e-08],"[7.2429479e-08 2.4469218e-06 2.0752684e-03 3.8418812e-01 5.4388636e-01
 6.6616312e-02 3.2019038e-03 2.9197643e-05 3.8479354e-07]"
D:\Uni\Ulm\Master\Hiwi-Forschung-und-Lehre\FairFace\detected_faces\20375_face0.jpg,Black,Black,Male,40-49,"[5.7341672e-06 9.9825108e-01 3.8506425e-04 1.4231601e-07 5.0919898e-06
 1.3354402e-03 1.7486987e-05]",[6.0436187e-06 9.9727535e-01 9.4554780e-06 2.7091068e-03],[9.9999815e-01 1.8050753e-06],"[9.8633571e-08 1.9870352e-07 3.1135449e-05 1.0816225e-02 3.2378751e-01
 6.1291659e-01 5.2005988e-02 4.3259369e-04 9.6943122e-06]"
D:\Uni\Ulm\Master\Hiwi-Forschung-und-Lehre\FairFace\detected_faces\20514_face0.jpg,Middle Eastern,White,Male,30-39,"[4.3946269e-01 1.9104432e-04 1.3752491e-02 1.5102620e-05 7.8394711e-05
 1.9805277e-04 5.4630226e-01]",[9.9758178e-01 1.7488607e-03 3.3680667e-04 3.3258041e-04],[9.9998498e-01 1.5026497e-05],"[1.88529071e-07 3.82140342e-06 1.04416732e-03 2.21804351e-01
 6.67423248e-01 1.07163094e-01 2.53145536e-03 2.91428660e-05
 5.25872906e-07]"
D:\Uni\Ulm\Master\Hiwi-Forschung-und-Lehre\FairFace\detected_faces\20535_face0.jpg,Black,Black,Male,30-39,"[3.8569175e-05 9.9926710e-01 2.6234821e-04 4.9834955e-07 4.7007043e-06
 4.1702666e-04 9.8775281e-06]",[1.0426702e-05 9.9998176e-01 2.8623460e-06 4.8691759e-06],[0.98371786 0.01628213],"[8.62358775e-06 2.39543413e-04 1.16172815e-02 2.45547086e-01
 5.34843028e-01 1.82348177e-01 2.45666075e-02 8.03957810e-04
 2.57212869e-05]"
D:\Uni\Ulm\Master\Hiwi-Forschung-und-Lehre\FairFace\detected_faces\20545_face0.jpg,White,White,Male,30-39,"[9.9962640e-01 1.1876591e-06 1.2207373e-04 1.0126695e-06 3.1299894e-06
 3.3489832e-06 2.4276059e-04]",[9.9962640e-01 1.8821649e-04 8.2537095e-05 1.0286198e-04],[9.9997413e-01 2.5835076e-05],"[2.3357902e-08 2.6450701e-07 4.2963758e-04 4.7907576e-01 4.8691741e-01
 3.3158246e-02 4.1419998e-04 4.2818274e-06 1.9057248e-07]"
D:\Uni\Ulm\Master\Hiwi-Forschung-und-Lehre\FairFace\detected_faces\20548_face0.jpg,Middle Eastern,Black,Male,30-39,"[4.9149539e-02 5.7830762e-02 3.1995794e-01 8.4239527e-06 9.1656155e-05
 1.4016645e-01 4.3279526e-01]",[2.4618072e-02 7.2661316e-01 1.7657662e-04 2.4859221e-01],[9.9999917e-01 8.5254698e-07],"[5.2505499e-07 2.8614847e-06 1.6517068e-04 6.8935201e-02 7.1372527e-01
 2.1108712e-01 6.0152980e-03 6.7636262e-05 9.1826564e-07]"
D:\Uni\Ulm\Master\Hiwi-Forschung-und-Lehre\FairFace\detected_faces\20561_face0.jpg,White,White,Male,20-29,"[8.2352346e-01 1.2564067e-03 6.5936103e-02 3.9584502e-05 1.7316104e-04
 6.9717824e-04 1.0837417e-01]",[9.9033523e-01 6.4139920e-03 4.8062229e-04 2.7701536e-03],[9.9999994e-01 7.9376235e-08],"[8.5258796e-07 6.2331361e-05 9.3164584e-03 5.1332587e-01 4.4416040e-01
 3.2827590e-02 3.0389286e-04 2.6068103e-06 2.9832549e-08]"
D:\Uni\Ulm\Master\Hiwi-Forschung-und-Lehre\FairFace\detected_faces\20581_face0.jpg,White,White,Male,30-39,"[9.7149152e-01 2.3428531e-04 2.4628809e-02 1.1085414e-05 4.0126550e-05
 1.6676103e-03 1.9265718e-03]",[0.9514826  0.00374017 0.00148283 0.04329444],[9.9999726e-01 2.7560518e-06],"[8.0885741e-08 1.1055259e-06 8.0331760e-05 1.1103925e-01 7.8087026e-01
 1.0705459e-01 9.4825256e-04 6.0217371e-06 8.6918874e-08]"
D:\Uni\Ulm\Master\Hiwi-Forschung-und-Lehre\FairFace\detected_faces\20602_face0.jpg,White,White,Male,40-49,"[6.9848204e-01 6.5525950e-05 1.5593404e-02 3.5898105e-05 1.1122357e-04
 8.7623950e-03 2.7694955e-01]",[9.9190408e-01 6.3978929e-05 2.1505110e-05 8.0104135e-03],[9.9970466e-01 2.9538982e-04],"[2.12483613e-07 2.09521909e-06 1.05191844e-04 2.87528597e-02
 4.76372302e-01 4.79998559e-01 1.46590685e-02 1.07602777e-04
 2.10661938e-06]"
D:\Uni\Ulm\Master\Hiwi-Forschung-und-Lehre\FairFace\detected_faces\20628_face0.jpg,Latino_Hispanic,White,Male,30-39,"[2.6408893e-01 4.0505310e-03 5.4345399e-01 7.6952667e-05 6.9730025e-04
 9.9009881e-03 1.7773131e-01]",[0.9729582  0.00780416 0.00279752 0.01644005],[9.999945e-01 5.485618e-06],"[3.8242213e-08 7.2758110e-07 4.5896339e-04 2.7120563e-01 6.7247128e-01
 5.5413894e-02 4.4418775e-04 5.1340967e-06 5.8852436e-08]"
D:\Uni\Ulm\Master\Hiwi-Forschung-und-Lehre\FairFace\detected_faces\20738_face0.jpg,White,White,Male,30-39,"[5.3310192e-01 2.5372128e-03 2.8231733e-02 6.2787882e-07 3.2409730e-06
 5.4637139e-04 4.3557885e-01]",[9.8051775e-01 1.6189178e-02 1.2914881e-05 3.2800746e-03],[9.9999577e-01 4.2191300e-06],"[1.8773133e-07 2.0026587e-06 6.5516029e-04 3.4446859e-01 5.8133072e-01
 7.0006713e-02 3.4318087e-03 1.0365898e-04 1.2491389e-06]"
D:\Uni\Ulm\Master\Hiwi-Forschung-und-Lehre\FairFace\detected_faces\20752_face0.jpg,White,White,Male,30-39,"[9.4837737e-01 1.3813178e-05 4.9347514e-03 1.8011855e-05 5.0885312e-05
 9.4951189e-05 4.6510264e-02]",[9.9974692e-01 9.6404881e-05 2.8563527e-05 1.2816279e-04],[9.9997413e-01 2.5879584e-05],"[2.8795169e-08 1.1974429e-06 1.0200763e-03 4.7422883e-01 5.0334561e-01
 2.1322502e-02 8.1235965e-05 4.9552978e-07 1.1036605e-08]"
D:\Uni\Ulm\Master\Hiwi-Forschung-und-Lehre\FairFace\detected_faces\20756_face0.jpg,Black,Black,Male,30-39,"[5.2223824e-02 4.8837331e-01 3.0171359e-01 6.1147490e-05 4.7463001e-04
 4.5954395e-02 1.1119906e-01]",[7.3069478e-03 9.1921365e-01 1.7271191e-04 7.3306747e-02],[9.9942994e-01 5.7005463e-04],"[3.7201773e-06 4.0702067e-05 2.3272843e-03 1.5746403e-01 6.8058908e-01
 1.5365067e-01 5.8393944e-03 8.3015577e-05 2.1623580e-06]"
D:\Uni\Ulm\Master\Hiwi-Forschung-und-Lehre\FairFace\detected_faces\20761_face0.jpg,White,White,Male,30-39,"[9.9037427e-01 6.2568310e-05 8.6619500e-03 5.5779806e-06 2.2677332e-05
 7.3196563e-05 7.9977681e-04]",[9.9324900e-01 3.3993528e-03 5.1239168e-04 2.8392882e-03],[9.9999982e-01 1.4227655e-07],"[3.7038629e-07 2.8163804e-05 3.5151669e-03 4.3180960e-01 5.0978035e-01
 5.4045297e-02 8.1294903e-04 7.9585507e-06 1.3562084e-07]"
D:\Uni\Ulm\Master\Hiwi-Forschung-und-Lehre\FairFace\detected_faces\20826_face0.jpg,White,White,Male,20-29,"[9.9872744e-01 1.2494422e-05 6.7568530e-04 1.4323849e-06 2.5352899e-06
 1.5026656e-06 5.7894539e-04]",[9.9966592e-01 2.9524026e-04 1.8046223e-05 2.0826134e-05],[9.9999988e-01 1.2820067e-07],"[1.5478617e-08 2.5487586e-06 3.9103638e-02 9.2975223e-01 3.0177191e-02
 9.3788700e-04 2.6002572e-05 4.4478622e-07 3.4093446e-09]"
D:\Uni\Ulm\Master\Hiwi-Forschung-und-Lehre\FairFace\detected_faces\20903_face0.jpg,White,White,Male,30-39,"[9.9982208e-01 5.7846055e-06 3.8199461e-05 1.1691025e-07 6.2448873e-07
 3.3338537e-07 1.3274464e-04]",[9.9991590e-01 6.5757638e-05 1.3250138e-05 5.0943968e-06],[1.0000000e+00 4.1942826e-08],"[3.1776246e-08 7.7728737e-07 2.2448164e-04 1.6954827e-01 7.2929037e-01
 9.8741844e-02 2.1704067e-03 2.3361414e-05 4.3250262e-07]"
D:\Uni\Ulm\Master\Hiwi-Forschung-und-Lehre\FairFace\detected_faces\20912_face0.jpg,White,White,Male,30-39,"[8.0713981e-01 6.8080350e-04 3.2708716e-02 1.1364878e-05 5.1421623e-05
 3.2651794e-04 1.5908130e-01]",[9.9866468e-01 7.2730711e-04 6.8096939e-05 5.3981843e-04],[9.9999887e-01 1.1107315e-06],"[4.19716599e-07 2.91759497e-05 8.35689425e-04 2.27511257e-01
 7.31347799e-01 4.01653312e-02 1.09358974e-04 9.42985423e-07
 1.32971092e-08]"
D:\Uni\Ulm\Master\Hiwi-Forschung-und-Lehre\FairFace\detected_faces\20993_face0.jpg,Latino_Hispanic,White,Male,30-39,"[3.06756437e-01 4.61172452e-03 5.10477304e-01 2.01501651e-04
 1.38108351e-03 1.07982755e-02 1.65773675e-01]",[0.6905119  0.16178696 0.00419729 0.14350384],[1.000000e+00 3.802232e-08],"[4.3094522e-07 1.2212186e-05 2.0331659e-03 3.2663789e-01 6.0356915e-01
 6.6667423e-02 1.0667063e-03 1.2932162e-05 9.8188899e-08]"
D:\Uni\Ulm\Master\Hiwi-Forschung-und-Lehre\FairFace\detected_faces\21134_face0.jpg,Black,Black,Male,30-39,"[5.2548415e-07 9.9999481e-01 1.1602673e-06 1.4704346e-09 1.1454978e-08
 2.8672314e-06 6.2145972e-07]",[2.1872469e-07 9.9999332e-01 2.7185118e-07 6.1490173e-06],[0.99876076 0.00123925],"[1.7647351e-07 6.8691825e-06 2.6973002e-04 6.5179944e-02 5.9042323e-01
 3.2757679e-01 1.6102767e-02 4.1778834e-04 2.2674090e-05]"
D:\Uni\Ulm\Master\Hiwi-Forschung-und-Lehre\FairFace\detected_faces\21164_face0.jpg,Black,Black,Male,20-29,"[5.6809932e-07 9.9996173e-01 2.7087533e-05 1.4905451e-08 5.8326674e-07
 8.7148437e-06 1.3413262e-06]",[3.7705543e-06 9.9994451e-01 3.7659456e-06 4.7907033e-05],[9.9999666e-01 3.3854903e-06],"[8.30774312e-08 6.16822126e-06 5.17913606e-03 6.28166974e-01
 3.50137353e-01 1.63169336e-02 1.90709834e-04 2.50287530e-06
 1.01626995e-07]"
D:\Uni\Ulm\Master\Hiwi-Forschung-und-Lehre\FairFace\detected_faces\21212_face0.jpg,Latino_Hispanic,Indian,Male,30-39,"[0.25369042 0.0031616  0.39186665 0.00058969 0.00167533 0.14776833
 0.201248  ]",[1.3547125e-01 1.6201535e-02 7.9557643e-04 8.4753162e-01],[0.997562   0.00243799],"[9.3300141e-06 5.7196296e-05 3.6438910e-04 3.4433149e-02 6.3373363e-01
 3.2356721e-01 7.7859941e-03 4.8295511e-05 8.4296369e-07]"
D:\Uni\Ulm\Master\Hiwi-Forschung-und-Lehre\FairFace\detected_faces\21256_face0.jpg,Black,Black,Male,20-29,"[2.3347589e-05 9.8957318e-01 2.6736693e-03 4.7358102e-05 4.9372381e-03
 1.6478749e-03 1.0973456e-03]",[2.7591524e-05 9.9940342e-01 3.9984297e-04 1.6927802e-04],[9.9994761e-01 5.2425286e-05],"[3.1904225e-08 7.0588885e-06 2.1639131e-02 7.3891842e-01 2.2819389e-01
 1.1031876e-02 2.0364435e-04 5.7177808e-06 2.4279828e-07]"
D:\Uni\Ulm\Master\Hiwi-Forschung-und-Lehre\FairFace\detected_faces\21264_face0.jpg,Middle Eastern,White,Male,30-39,"[3.8033524e-01 5.9955935e-03 7.1787484e-02 5.7719149e-05 2.0026417e-04
 6.8379235e-03 5.3478575e-01]",[9.3731821e-01 4.9437545e-02 9.1411779e-04 1.2330074e-02],[9.999522e-01 4.772964e-05],"[7.4057643e-06 1.2954328e-05 2.7908085e-04 8.7904610e-02 6.7220527e-01
 2.2770937e-01 1.1508354e-02 3.6436424e-04 8.6024738e-06]"
D:\Uni\Ulm\Master\Hiwi-Forschung-und-Lehre\FairFace\detected_faces\21299_face0.jpg,White,White,Male,30-39,"[9.9461401e-01 1.2144728e-06 1.3674643e-04 2.7308718e-07 1.5187817e-06
 3.4728960e-06 5.2427468e-03]",[9.9859828e-01 4.6461559e-04 1.0532122e-04 8.3175278e-04],[9.999153e-01 8.470524e-05],"[2.3690555e-07 1.5460828e-05 2.3276056e-03 3.0492857e-01 6.3249409e-01
 5.9296023e-02 9.2718564e-04 1.0382775e-05 4.0598718e-07]"
D:\Uni\Ulm\Master\Hiwi-Forschung-und-Lehre\FairFace\detected_faces\21300_face0.jpg,White,White,Male,40-49,"[9.6828192e-01 6.0172396e-04 9.5369024e-03 4.6586643e-05 1.5754518e-04
 4.9118662e-05 2.1326192e-02]",[9.9041718e-01 8.0749104e-03 1.8025919e-04 1.3276357e-03],[0.8579309  0.14206918],"[9.2334903e-06 3.9904527e-04 2.8591754e-02 2.0836763e-01 3.4171060e-01
 3.4785974e-01 6.9725439e-02 3.2680880e-03 6.8471090e-05]"
D:\Uni\Ulm\Master\Hiwi-Forschung-und-Lehre\FairFace\detected_faces\21301_face0.jpg,Latino_Hispanic,Indian,Male,30-39,"[1.31680727e-01 7.00619351e-03 6.39070034e-01 1.85248500e-04
 6.16782985e-04 1.10820241e-01 1.10620834e-01]",[0.36150175 0.04489398 0.02048492 0.57311934],[9.9951994e-01 4.8003776e-04],"[9.9741856e-06 2.7058779e-05 4.3867109e-04 4.0711127e-02 5.7401162e-01
 3.7123147e-01 1.3463422e-02 1.0515873e-04 1.5459735e-06]"
D:\Uni\Ulm\Master\Hiwi-Forschung-und-Lehre\FairFace\detected_faces\21302_face0.jpg,Black,Black,Male,30-39,"[1.3540201e-05 9.9987662e-01 5.7339283e-05 4.8903526e-09 1.0298937e-07
 3.8228376e-05 1.4223929e-05]",[1.0170240e-06 9.9999684e-01 5.8511955e-07 1.5856878e-06],[9.9999994e-01 4.3458975e-08],"[3.5733299e-07 1.3864804e-05 4.4380958e-04 2.1019407e-01 6.6046959e-01
 1.2242499e-01 6.3550887e-03 9.6072537e-05 2.1691137e-06]"
D:\Uni\Ulm\Master\Hiwi-Forschung-und-Lehre\FairFace\detected_faces\21394_face0.jpg,White,White,Male,30-39,"[9.4650877e-01 1.5298399e-05 7.3860418e-03 4.7872567e-05 1.7735991e-04
 5.8835736e-05 4.5805845e-02]",[9.9474055e-01 8.6073100e-04 2.4814988e-03 1.9171827e-03],[9.9998975e-01 1.0245494e-05],"[2.1251228e-06 5.1004728e-05 3.9261570e-03 3.9667431e-01 5.4023188e-01
 5.8117770e-02 9.7381021e-04 2.2519605e-05 4.9862251e-07]"
D:\Uni\Ulm\Master\Hiwi-Forschung-und-Lehre\FairFace\detected_faces\21436_face0.jpg,Middle Eastern,White,Male,30-39,"[2.5832984e-01 3.7731905e-03 2.4934644e-01 1.7893246e-04 5.0039857e-04
 2.2717671e-02 4.6515349e-01]",[0.4345923  0.40708143 0.01198686 0.1463394 ],[9.9999744e-01 2.5562199e-06],"[1.1260838e-05 2.7445087e-05 3.5503629e-04 1.1283582e-01 6.9284505e-01
 1.8891275e-01 4.9401787e-03 7.1508788e-05 9.4325668e-07]"
D:\Uni\Ulm\Master\Hiwi-Forschung-und-Lehre\FairFace\detected_faces\21501_face0.jpg,White,White,Male,30-39,"[5.68368256e-01 4.90986858e-04 8.24716464e-02 1.52394250e-05
 1.06273306e-04 3.55252298e-03 3.44995081e-01]",[9.9771243e-01 4.0095497e-04 5.7191166e-05 1.8293959e-03],[9.9999964e-01 3.8026801e-07],"[4.7602171e-07 1.2756381e-05 1.0022639e-03 1.9309452e-01 7.4415845e-01
 6.1367132e-02 3.6194199e-04 2.4341057e-06 2.3056662e-08]"
D:\Uni\Ulm\Master\Hiwi-Forschung-und-Lehre\FairFace\detected_faces\21515_face0.jpg,White,Black,Male,20-29,"[5.1078528e-01 1.4246387e-02 2.0821795e-01 5.0611247e-04 1.7996137e-03
 1.0616393e-03 2.6338309e-01]",[0.47891897 0.5036591  0.00632532 0.01109657],[9.9999857e-01 1.4128934e-06],"[2.6753867e-07 1.5004461e-05 7.3219817e-03 7.1396434e-01 2.7046299e-01
 8.1816074e-03 5.2993506e-05 7.7749820e-07 1.4550299e-08]"
D:\Uni\Ulm\Master\Hiwi-Forschung-und-Lehre\FairFace\detected_faces\21521_face0.jpg,Middle Eastern,White,Male,30-39,"[8.9095339e-02 1.0892076e-03 1.5548679e-01 2.5095398e-04 9.7045623e-04
 2.8427817e-02 7.2467941e-01]",[0.62840384 0.00376344 0.01480623 0.35302648],[0.99280465 0.00719534],"[5.7708389e-06 3.5413486e-05 2.3747841e-03 1.7426543e-01 6.5539014e-01
 1.6188698e-01 5.8302712e-03 2.0307186e-04 8.2184906e-06]"
D:\Uni\Ulm\Master\Hiwi-Forschung-und-Lehre\FairFace\detected_faces\21535_face0.jpg,White,White,Male,20-29,"[9.9992985e-01 1.0143631e-06 1.6783850e-05 1.0298634e-06 2.6745965e-06
 3.3110237e-07 4.8292648e-05]",[9.9919665e-01 4.9567869e-04 2.5983993e-04 4.7805894e-05],[9.999953e-01 4.673914e-06],"[8.1139052e-07 2.1562724e-05 1.7896255e-03 4.9494544e-01 4.7721034e-01
 2.5562158e-02 4.5688983e-04 1.2312873e-05 8.1946632e-07]"
D:\Uni\Ulm\Master\Hiwi-Forschung-und-Lehre\FairFace\detected_faces\21555_face0.jpg,White,White,Male,30-39,"[9.8051417e-01 6.4657012e-04 1.0852831e-02 1.6627413e-05 9.6506461e-05
 8.2627208e-05 7.7905226e-03]",[9.8447579e-01 1.5233150e-02 1.2603006e-04 1.6501680e-04],[9.9999946e-01 5.6737730e-07],"[2.24662884e-07 4.85030068e-06 2.28330074e-03 3.33322525e-01
 5.39564252e-01 1.18643336e-01 6.06848905e-03 1.11539528e-04
 1.43642330e-06]"
D:\Uni\Ulm\Master\Hiwi-Forschung-und-Lehre\FairFace\detected_faces\21571_face0.jpg,White,White,Male,30-39,"[9.9055469e-01 2.3054361e-05 2.2470006e-03 1.2374873e-06 3.9403080e-06
 1.8903303e-04 6.9809947e-03]",[9.9949706e-01 8.7443237e-05 3.2546392e-05 3.8293769e-04],[9.9999577e-01 4.2009160e-06],"[3.1762897e-07 1.2003068e-05 6.6327420e-04 4.9101970e-01 5.0054091e-01
 7.7414578e-03 2.2206792e-05 8.9726704e-08 2.9734819e-09]"
D:\Uni\Ulm\Master\Hiwi-Forschung-und-Lehre\FairFace\detected_faces\21600_face0.jpg,White,White,Male,30-39,"[7.4331814e-01 8.9229888e-04 1.0309863e-01 1.2623906e-04 3.9339624e-04
 1.5966601e-03 1.5057462e-01]",[9.8935002e-01 7.1453983e-03 9.5916528e-04 2.5454459e-03],[9.9999791e-01 2.0971697e-06],"[1.1447924e-05 8.6920205e-05 5.3451238e-03 2.5935289e-01 5.7638860e-01
 1.5284517e-01 5.8064945e-03 1.6200016e-04 1.3266449e-06]"
D:\Uni\Ulm\Master\Hiwi-Forschung-und-Lehre\FairFace\detected_faces\21608_face0.jpg,White,White,Male,30-39,"[4.4999763e-01 3.2603787e-04 3.7845349e-01 1.6144319e-03 2.9563676e-03
 1.5671130e-03 1.6508491e-01]",[9.9196571e-01 9.2904156e-05 7.3032104e-03 6.3814229e-04],[9.999958e-01 4.125736e-06],"[1.0149312e-06 2.5602400e-05 6.0497732e-03 4.5559829e-01 5.2200866e-01
 1.6205404e-02 1.0995924e-04 1.3950687e-06 1.3974842e-08]"
D:\Uni\Ulm\Master\Hiwi-Forschung-und-Lehre\FairFace\detected_faces\21626_face0.jpg,Black,Black,Male,30-39,"[2.4749555e-03 8.3447015e-01 9.7771451e-02 4.2091547e-06 1.3892163e-04
 5.0304655e-02 1.4835624e-02]",[3.7923423e-03 9.6073264e-01 3.2709958e-04 3.5147935e-02],[9.9999779e-01 2.2782901e-06],"[1.89215132e-06 1.95588127e-05 8.57566309e-04 1.05764695e-01
 7.65914500e-01 1.25688031e-01 1.74066424e-03 1.29552564e-05
 1.49909681e-07]"
D:\Uni\Ulm\Master\Hiwi-Forschung-und-Lehre\FairFace\detected_faces\21880_face0.jpg,White,White,Male,20-29,"[9.9049503e-01 2.7405774e-06 1.9823818e-03 1.3433045e-06 4.4577928e-06
 2.4113469e-06 7.5117312e-03]",[9.9956024e-01 2.3327305e-04 3.5328390e-05 1.7117738e-04],[1.0000000e+00 6.2605787e-09],"[2.3122049e-09 6.8161836e-07 1.6828224e-02 9.3662161e-01 4.6037886e-02
 5.0964410e-04 1.9538529e-06 2.0214076e-08 1.2133125e-10]"
D:\Uni\Ulm\Master\Hiwi-Forschung-und-Lehre\FairFace\detected_faces\21881_face0.jpg,Latino_Hispanic,Indian,Male,30-39,"[2.3593452e-02 1.0214118e-02 3.5845339e-01 4.0281378e-05 6.1207247e-04
 3.5624164e-01 2.5084502e-01]",[0.05953541 0.04707124 0.00219342 0.8911999 ],[9.999956e-01 4.406148e-06],"[6.57556939e-06 8.11444916e-05 2.09039450e-03 3.55517626e-01
 5.89085340e-01 5.22473827e-02 9.61050915e-04 1.03132115e-05
 1.37559326e-07]"
D:\Uni\Ulm\Master\Hiwi-Forschung-und-Lehre\FairFace\detected_faces\21927_face0.jpg,White,White,Male,20-29,"[9.5437151e-01 2.5725119e-05 9.0657314e-03 3.0353669e-05 1.2537187e-04
 2.7596872e-04 3.6105506e-02]",[9.9522579e-01 1.3629540e-03 2.1920566e-04 3.1920378e-03],[9.9999851e-01 1.4767816e-06],"[4.0816090e-08 2.0380389e-06 6.9981976e-04 5.5988306e-01 4.3004820e-01
 9.3401149e-03 2.6563554e-05 1.3733653e-07 2.9087508e-09]"
D:\Uni\Ulm\Master\Hiwi-Forschung-und-Lehre\FairFace\detected_faces\21931_face0.jpg,Black,Black,Male,30-39,"[7.2181151e-06 9.9987096e-01 4.3100637e-05 9.4608463e-09 1.7892545e-07
 4.6255609e-05 3.2255142e-05]",[2.6310406e-06 9.9999154e-01 4.7311696e-07 5.3762215e-06],[9.9999976e-01 2.2114214e-07],"[3.4222861e-08 2.1405269e-07 4.6741905e-05 4.5544256e-02 4.8608121e-01
 4.0454334e-01 6.2101118e-02 1.6441462e-03 3.8912305e-05]"
D:\Uni\Ulm\Master\Hiwi-Forschung-und-Lehre\FairFace\detected_faces\21942_face0.jpg,White,White,Male,30-39,"[9.9682391e-01 1.2934489e-05 2.5806847e-05 1.4332770e-06 4.8415441e-06
 1.8282216e-06 3.1293530e-03]",[9.9669194e-01 1.8295839e-03 9.4070385e-04 5.3785427e-04],[9.9999988e-01 1.4095991e-07],"[3.4524662e-06 4.9924634e-05 1.8440947e-03 1.7952904e-01 4.6678284e-01
 3.1487811e-01 3.5890441e-02 9.9545124e-04 2.6716334e-05]"
D:\Uni\Ulm\Master\Hiwi-Forschung-und-Lehre\FairFace\detected_faces\21949_face0.jpg,White,White,Male,20-29,"[4.0348914e-01 1.3364180e-03 3.0104032e-01 2.1830387e-04 5.9936626e-04
 4.1092020e-03 2.8920716e-01]",[0.9786729  0.00192201 0.00165841 0.01774659],[9.9999863e-01 1.3717889e-06],"[1.3109137e-06 4.3200274e-05 7.9180291e-03 6.0701197e-01 3.6789128e-01
 1.6972695e-02 1.5909407e-04 2.3957732e-06 2.7432877e-08]"
D:\Uni\Ulm\Master\Hiwi-Forschung-und-Lehre\FairFace\detected_faces\21951_face0.jpg,White,White,Male,20-29,"[9.7556442e-01 1.2691725e-05 2.0152656e-03 3.1891988e-05 3.1134678e-05
 2.5869669e-05 2.2318706e-02]",[9.9894458e-01 9.2864073e-05 5.1652745e-04 4.4598393e-04],[9.9999994e-01 1.0540171e-07],"[5.5657551e-07 3.4013192e-05 3.6907049e-03 6.3961077e-01 3.5172185e-01
 4.9335030e-03 8.4844651e-06 9.2356451e-08 1.1239375e-09]"
D:\Uni\Ulm\Master\Hiwi-Forschung-und-Lehre\FairFace\detected_faces\21992_face0.jpg,White,White,Male,20-29,"[9.8533541e-01 1.0673387e-05 6.3835909e-03 3.1018666e-05 6.2605664e-05
 5.9449547e-05 8.1172995e-03]",[9.9987793e-01 4.0181203e-05 4.1745585e-05 4.0193238e-05],[9.999978e-01 2.213069e-06],"[8.7961467e-07 2.6602132e-05 4.3242872e-03 6.1534107e-01 3.7539089e-01
 4.8925006e-03 2.3525919e-05 2.3978305e-07 3.9476684e-09]"
D:\Uni\Ulm\Master\Hiwi-Forschung-und-Lehre\FairFace\detected_faces\22086_face0.jpg,Black,Black,Male,20-29,"[1.6778414e-06 9.9996746e-01 1.5940825e-05 1.3822707e-08 3.2934986e-07
 1.3573487e-05 1.0792673e-06]",[6.9555176e-06 9.9996680e-01 7.9596348e-06 1.8268875e-05],[0.9965673 0.0034327],"[1.09539116e-07 7.27514780e-05 3.15834023e-02 7.31706500e-01
 2.29292348e-01 7.21732154e-03 1.25692677e-04 1.90819378e-06
 8.59157865e-08]"
D:\Uni\Ulm\Master\Hiwi-Forschung-und-Lehre\FairFace\detected_faces\22100_face0.jpg,White,White,Male,20-29,"[9.9277598e-01 2.3554008e-05 2.5818930e-03 1.4568682e-05 3.7824710e-05
 1.1893781e-05 4.5541995e-03]",[9.9957627e-01 3.4648075e-04 2.0458476e-05 5.6759527e-05],[9.9999976e-01 2.3104779e-07],"[3.5231380e-08 7.4164194e-07 6.7375216e-04 5.4493856e-01 4.4812107e-01
 6.2436103e-03 2.2036222e-05 2.0155618e-07 3.2365530e-09]"
D:\Uni\Ulm\Master\Hiwi-Forschung-und-Lehre\FairFace\detected_faces\22109_face0.jpg,Black,Black,Male,30-39,"[3.0618182e-03 5.8812135e-01 3.8935733e-01 5.3185846e-05 1.8565517e-03
 9.1008432e-03 8.4488802e-03]",[0.00319476 0.9744287  0.00251045 0.01986616],[9.9999923e-01 7.7313706e-07],"[4.3799685e-07 9.8964153e-07 3.8784189e-04 2.8447202e-01 6.3972932e-01
 7.3112346e-02 2.2594170e-03 3.6960882e-05 6.6027155e-07]"
D:\Uni\Ulm\Master\Hiwi-Forschung-und-Lehre\FairFace\detected_faces\22126_face0.jpg,Black,Black,Male,20-29,"[4.2266012e-05 9.9860299e-01 6.1235297e-04 1.6950664e-05 6.4942223e-04
 7.0909038e-05 5.1195193e-06]",[9.4414674e-05 9.9914253e-01 7.1183982e-04 5.1215986e-05],[9.9999994e-01 5.0959017e-08],"[4.0992263e-09 3.0228429e-07 1.3284557e-03 6.7786366e-01 3.1049857e-01
 1.0149436e-02 1.5821136e-04 1.3677127e-06 3.9703281e-08]"
D:\Uni\Ulm\Master\Hiwi-Forschung-und-Lehre\FairFace\detected_faces\22141_face0.jpg,White,White,Male,30-39,"[9.9855679e-01 3.3462246e-07 3.9248604e-05 3.1552466e-07 6.5518293e-07
 1.9312338e-06 1.4007890e-03]",[9.9998301e-01 2.5524589e-06 5.1377458e-07 1.3925499e-05],[9.999862e-01 1.380116e-05],"[6.5600466e-07 1.9479003e-05 8.1968872e-04 4.2343542e-01 5.6561744e-01
 1.0083643e-02 2.3452565e-05 2.5000918e-07 1.2302398e-08]"
D:\Uni\Ulm\Master\Hiwi-Forschung-und-Lehre\FairFace\detected_faces\22200_face0.jpg,White,White,Male,20-29,"[7.9849488e-01 1.8214702e-04 5.5371106e-02 1.5155891e-05 1.2604280e-04
 1.0390397e-03 1.4477156e-01]",[9.8964101e-01 3.4664816e-03 7.9731492e-04 6.0952348e-03],[9.9999982e-01 2.1099194e-07],"[7.9391796e-08 5.7746070e-06 1.2243183e-03 5.6492889e-01 4.2375931e-01
 1.0061497e-02 1.9942743e-05 2.0414706e-07 2.2005437e-09]"
D:\Uni\Ulm\Master\Hiwi-Forschung-und-Lehre\FairFace\detected_faces\22209_face0.jpg,White,White,Male,30-39,"[9.9586058e-01 6.5885138e-06 7.5819896e-04 4.6168047e-05 9.9733450e-05
 3.7478549e-06 3.2250541e-03]",[9.9876428e-01 9.3215128e-04 2.3743903e-04 6.6092492e-05],[9.9999976e-01 2.9944715e-07],"[2.4365204e-06 5.8039266e-05 3.0084974e-03 2.9289609e-01 6.2561631e-01
 7.5999096e-02 2.3783331e-03 4.0346793e-05 9.5680662e-07]"
D:\Uni\Ulm\Master\Hiwi-Forschung-und-Lehre\FairFace\detected_faces\22290_face0.jpg,White,White,Male,20-29,"[9.9444389e-01 2.9162072e-06 1.3446579e-03 2.1977296e-05 3.5577112e-05
 2.9921780e-06 4.1479175e-03]",[9.9994969e-01 1.1062989e-06 4.4821045e-05 4.3627488e-06],[9.9962485e-01 3.7515807e-04],"[1.2173611e-07 1.3968339e-05 1.2525178e-02 6.4106464e-01 3.3766043e-01
 8.6607281e-03 7.4058938e-05 8.7764676e-07 1.4855138e-08]"
D:\Uni\Ulm\Master\Hiwi-Forschung-und-Lehre\FairFace\detected_faces\22337_face0.jpg,White,White,Male,30-39,"[6.0937089e-01 2.0206532e-04 4.7116861e-02 2.1446380e-04 6.5733789e-04
 1.9359413e-03 3.4050256e-01]",[9.9266863e-01 2.6726318e-04 6.5121410e-04 6.4129513e-03],[9.9996966e-01 3.0315327e-05],"[2.8051243e-06 4.5212892e-05 3.3035926e-03 4.1802481e-01 5.5183667e-01
 2.6623899e-02 1.6162112e-04 1.4194937e-06 2.6716162e-08]"
D:\Uni\Ulm\Master\Hiwi-Forschung-und-Lehre\FairFace\detected_faces\22447_face0.jpg,White,White,Male,20-29,"[9.9181497e-01 5.9062256e-07 1.3651153e-03 6.4195483e-06 1.6782416e-05
 1.5852360e-05 6.7802458e-03]",[9.9953985e-01 2.5271281e-06 3.2333133e-04 1.3430587e-04],[9.9957430e-01 4.2567268e-04],"[3.3826510e-09 8.3011730e-07 2.2505398e-03 5.3557706e-01 4.4886145e-01
 1.3283491e-02 2.6512202e-05 9.3469779e-08 1.3714281e-09]"
D:\Uni\Ulm\Master\Hiwi-Forschung-und-Lehre\FairFace\detected_faces\22481_face0.jpg,Black,Black,Male,30-39,"[1.58793318e-06 9.99978840e-01 1.63129716e-05 1.09081695e-08
 1.69071384e-07 1.71612055e-06 1.40054499e-06]",[1.1808538e-06 9.9999517e-01 2.4642861e-06 1.2158656e-06],[9.999999e-01 1.400180e-07],"[1.9207167e-08 3.4494931e-07 9.0379872e-05 1.8030024e-01 6.9043022e-01
 1.2656182e-01 2.5918982e-03 2.4141047e-05 9.6910287e-07]"
D:\Uni\Ulm\Master\Hiwi-Forschung-und-Lehre\FairFace\detected_faces\22566_face0.jpg,White,White,Male,20-29,"[9.8269880e-01 2.0707650e-03 1.1232878e-02 3.5223787e-04 1.1012140e-03
 3.2977125e-05 2.5110384e-03]",[9.6020550e-01 2.3526574e-02 1.5817225e-02 4.5070425e-04],[9.9999905e-01 9.0654538e-07],"[6.0399668e-07 2.2363680e-05 1.5535030e-02 3.6768284e-01 3.3828583e-01
 2.1209206e-01 6.4572684e-02 1.7821096e-03 2.6478030e-05]"
D:\Uni\Ulm\Master\Hiwi-Forschung-und-Lehre\FairFace\detected_faces\22588_face0.jpg,White,White,Male,20-29,"[9.3102324e-01 2.7751184e-05 5.6567290e-03 2.0104912e-05 4.5749759e-05
 1.6459406e-05 6.3210070e-02]",[9.9956059e-01 1.5451506e-04 1.5243476e-04 1.3228290e-04],[9.9948728e-01 5.1270676e-04],"[1.8540298e-07 2.0931974e-04 1.6615269e-01 7.7870548e-01 5.4015014e-02
 9.1211894e-04 5.0942440e-06 9.3890208e-08 2.2373339e-09]"
D:\Uni\Ulm\Master\Hiwi-Forschung-und-Lehre\FairFace\detected_faces\22596_face0.jpg,White,White,Male,20-29,"[4.6966389e-01 1.7523712e-04 8.3958521e-02 2.4767018e-05 7.5517302e-05
 1.0728944e-03 4.4502923e-01]",[0.9866935  0.00108736 0.00136099 0.01085815],[9.999945e-01 5.435426e-06],"[1.5672481e-07 7.3502156e-06 3.3064822e-03 5.6942612e-01 4.1796556e-01
 9.2762830e-03 1.7903521e-05 1.2122771e-07 1.1746019e-09]"
D:\Uni\Ulm\Master\Hiwi-Forschung-und-Lehre\FairFace\detected_faces\22975_face0.jpg,Latino_Hispanic,White,Male,30-39,"[0.2178635  0.00129108 0.4806001  0.00613819 0.00933208 0.00279661
 0.28197852]",[0.47929496 0.01208439 0.46481985 0.0438008 ],[9.9999756e-01 2.4576600e-06],"[2.1628225e-06 2.6549709e-05 9.9680247e-04 1.0740699e-01 7.4614865e-01
 1.4330782e-01 2.0973657e-03 1.3560750e-05 9.2862074e-08]"
D:\Uni\Ulm\Master\Hiwi-Forschung-und-Lehre\FairFace\detected_faces\23060_face0.jpg,White,White,Male,20-29,"[6.9362444e-01 3.5178536e-04 2.2606841e-01 5.8642135e-04 3.3973472e-03
 3.7318459e-03 7.2239757e-02]",[9.9775910e-01 2.1726819e-04 5.8328127e-04 1.4404322e-03],[9.9999601e-01 3.9679635e-06],"[1.8278809e-07 8.6989348e-06 7.0610056e-03 5.8353186e-01 3.9987355e-01
 9.4789080e-03 4.5299355e-05 5.2972854e-07 8.8059329e-09]"
D:\Uni\Ulm\Master\Hiwi-Forschung-und-Lehre\FairFace\detected_faces\23180_face0.jpg,White,White,Male,20-29,"[9.9973863e-01 1.7614973e-08 1.0351310e-05 1.3613341e-07 2.2393859e-07
 1.3265151e-07 2.5062889e-04]",[9.99987364e-01 1.72952085e-07 1.10584715e-05 1.35978360e-06],[9.999999e-01 8.809565e-08],"[3.3515735e-10 9.1289081e-08 1.7506058e-03 9.0410393e-01 9.3425401e-02
 7.1841455e-04 1.4933498e-06 4.2949959e-09 6.8387906e-11]"
D:\Uni\Ulm\Master\Hiwi-Forschung-und-Lehre\FairFace\detected_faces\23213_face0.jpg,White,White,Male,30-39,"[7.9397875e-01 2.0809093e-05 2.3137970e-02 6.5160377e-05 7.5746502e-05
 4.8635650e-04 1.8223529e-01]",[9.9347174e-01 1.4505342e-04 1.9581460e-03 4.4250693e-03],[9.9998581e-01 1.4139609e-05],"[1.0032103e-05 3.2029744e-05 1.1960450e-03 1.6553515e-01 6.9420457e-01
 1.3644677e-01 2.5414475e-03 3.3513086e-05 3.9492542e-07]"
D:\Uni\Ulm\Master\Hiwi-Forschung-und-Lehre\FairFace\detected_faces\23448_face0.jpg,Black,Black,Male,30-39,"[3.0970048e-07 9.9993485e-01 4.0478367e-06 2.1151907e-09 8.2281353e-08
 5.9473216e-05 1.1844131e-06]",[2.2062626e-07 9.9999380e-01 2.0802300e-07 5.7088350e-06],[9.9999630e-01 3.7255236e-06],"[6.2506583e-10 6.7356474e-08 2.1785188e-04 3.4699443e-01 6.2335515e-01
 2.9189410e-02 2.4132134e-04 1.7532354e-06 3.7357612e-08]"
D:\Uni\Ulm\Master\Hiwi-Forschung-und-Lehre\FairFace\detected_faces\23486_face0.jpg,White,White,Male,30-39,"[9.3750226e-01 2.4344574e-04 1.0911846e-02 1.7409364e-05 1.0176912e-04
 9.8149547e-05 5.1125098e-02]",[9.951193e-01 4.048471e-03 4.448122e-04 3.874457e-04],[9.9999839e-01 1.5774149e-06],"[1.8032439e-07 7.8083749e-06 5.1145733e-04 1.8377034e-01 7.4539804e-01
 6.9978036e-02 3.3129228e-04 2.8365098e-06 5.0626372e-08]"
D:\Uni\Ulm\Master\Hiwi-Forschung-und-Lehre\FairFace\detected_faces\23571_face0.jpg,White,White,Male,30-39,"[7.4129045e-01 5.8517326e-04 3.7410263e-02 1.1500901e-04 2.2083014e-04
 4.9620663e-04 2.1988213e-01]",[9.9859500e-01 4.4208375e-04 6.5831665e-04 3.0460826e-04],[9.9999738e-01 2.5970219e-06],"[3.3521849e-07 1.3499575e-05 1.2711432e-03 3.6357591e-01 6.1580616e-01
 1.9282149e-02 5.0535764e-05 3.7445361e-07 4.2648152e-09]"
D:\Uni\Ulm\Master\Hiwi-Forschung-und-Lehre\FairFace\detected_faces\23628_face0.jpg,White,White,Male,20-29,"[4.3447915e-01 1.9773751e-02 3.5647255e-01 9.6844589e-05 3.5889749e-04
 4.1567343e-03 1.8466204e-01]",[0.584369   0.35959652 0.00147978 0.05455477],[1.0000000e+00 7.4216153e-09],"[1.4806139e-07 4.2535635e-06 3.2722629e-03 6.9777745e-01 2.9028744e-01
 8.5292021e-03 1.2806671e-04 1.1939924e-06 9.4472030e-09]"
D:\Uni\Ulm\Master\Hiwi-Forschung-und-Lehre\FairFace\detected_faces\23666_face0.jpg,White,White,Male,20-29,"[9.7610968e-01 8.3630403e-05 8.5796993e-03 3.4352072e-06 2.0342732e-05
 1.2306914e-03 1.3972462e-02]",[9.8712087e-01 1.0171704e-03 1.2425074e-04 1.1737754e-02],[9.9999136e-01 8.6403688e-06],"[1.1066873e-07 3.4617889e-05 1.5763139e-02 8.0464643e-01 1.7689240e-01
 2.6575248e-03 5.6528565e-06 8.2070038e-08 1.1963505e-09]"
D:\Uni\Ulm\Master\Hiwi-Forschung-und-Lehre\FairFace\detected_faces\23715_face0.jpg,White,White,Male,20-29,"[9.9146128e-01 3.5751033e-05 2.2310484e-03 6.7431574e-05 9.7839678e-05
 4.0704945e-06 6.1024912e-03]",[9.9203974e-01 5.6065400e-03 2.1984782e-03 1.5533374e-04],[9.999979e-01 2.093673e-06],"[5.10953662e-08 5.93873210e-06 1.48267485e-02 8.43453348e-01
 1.36445791e-01 5.19305840e-03 7.40986725e-05 9.02205102e-07
 1.71338801e-08]"
D:\Uni\Ulm\Master\Hiwi-Forschung-und-Lehre\FairFace\detected_faces\23904_face0.jpg,Black,Black,Male,20-29,"[1.07995840e-03 7.64764130e-01 1.01336375e-01 3.23676824e-04
 1.02648027e-02 1.06776029e-01 1.54549880e-02]",[2.8713924e-04 8.3813053e-01 4.9537029e-03 1.5662856e-01],[9.9995965e-01 4.0342358e-05],"[2.0148684e-07 5.7567713e-06 7.0947846e-03 6.6545737e-01 3.0703801e-01
 1.9938953e-02 4.5143432e-04 1.3059236e-05 4.7029778e-07]"
D:\Uni\Ulm\Master\Hiwi-Forschung-und-Lehre\FairFace\detected_faces\23996_face0.jpg,Middle Eastern,White,Male,30-39,"[2.2071157e-01 4.4750105e-04 2.4525785e-01 2.2030155e-04 7.7856932e-04
 3.5025772e-02 4.9755844e-01]",[0.7057462  0.00143827 0.00106926 0.29174638],[0.9985045  0.00149546],"[1.4910943e-06 2.3950095e-05 2.2281089e-03 3.4517050e-01 6.0755980e-01
 4.4437461e-02 5.7276880e-04 5.8309206e-06 1.6844065e-07]"
D:\Uni\Ulm\Master\Hiwi-Forschung-und-Lehre\FairFace\detected_faces\24006_face0.jpg,White,White,Male,30-39,"[9.9366879e-01 9.9852623e-06 3.7370389e-03 1.8870505e-05 2.5023150e-05
 1.3216420e-05 2.5271070e-03]",[0.9892583  0.0064694  0.003137   0.00113534],[9.999592e-01 4.078529e-05],"[1.8000071e-07 3.4857512e-06 4.6415096e-03 3.0661780e-01 5.6205118e-01
 1.2332339e-01 3.3308349e-03 3.1433021e-05 2.2963478e-07]"
D:\Uni\Ulm\Master\Hiwi-Forschung-und-Lehre\FairFace\detected_faces\24048_face0.jpg,Black,Black,Male,20-29,"[1.2138837e-04 9.9413836e-01 1.1533638e-03 2.1972112e-07 4.5546662e-06
 4.1393703e-03 4.4273675e-04]",[5.2871022e-05 9.9719250e-01 6.8017957e-06 2.7478389e-03],[9.9999857e-01 1.4050855e-06],"[4.2000678e-08 1.3909829e-06 1.2143088e-03 5.6452000e-01 4.1902924e-01
 1.5020069e-02 2.1094491e-04 3.9182291e-06 1.0180215e-07]"
D:\Uni\Ulm\Master\Hiwi-Forschung-und-Lehre\FairFace\detected_faces\24055_face0.jpg,Middle Eastern,Black,Male,30-39,"[4.8907213e-02 1.2882203e-01 2.8469899e-01 2.1832118e-06 4.9991853e-05
 1.2364490e-02 5.2515501e-01]",[5.3396404e-02 9.2524552e-01 2.1033191e-04 2.1147769e-02],[9.9999976e-01 2.1876957e-07],"[4.3323347e-08 1.5567962e-06 2.0515210e-04 1.7529693e-01 7.6442528e-01
 5.9704464e-02 3.6503150e-04 1.5222406e-06 1.3485096e-08]"
D:\Uni\Ulm\Master\Hiwi-Forschung-und-Lehre\FairFace\detected_faces\24248_face0.jpg,East Asian,Asian,Male,30-39,"[0.04680615 0.00060858 0.14413251 0.5979988  0.19701461 0.00138737
 0.01205198]",[0.11073214 0.00155318 0.8794234  0.0082913 ],[9.9999964e-01 3.2192037e-07],"[1.8367838e-07 3.9634306e-06 1.6354080e-03 4.4719490e-01 5.3573215e-01
 1.5350255e-02 8.1495433e-05 1.6099522e-06 1.8241320e-08]"
D:\Uni\Ulm\Master\Hiwi-Forschung-und-Lehre\FairFace\detected_faces\24397_face0.jpg,East Asian,Asian,Male,20-29,"[2.5367489e-04 2.9995766e-05 8.1966519e-03 5.7758516e-01 4.1342342e-01
 4.9381965e-04 1.7288408e-05]",[3.262695e-04 3.343579e-04 9.986076e-01 7.317762e-04],[9.9999988e-01 1.2380073e-07],"[2.8724986e-07 8.6511827e-05 3.1177772e-02 5.7341635e-01 3.4916008e-01
 4.4192798e-02 1.9070605e-03 5.8717316e-05 5.5379218e-07]"
D:\Uni\Ulm\Master\Hiwi-Forschung-und-Lehre\FairFace\detected_faces\24464_face0.jpg,East Asian,Asian,Male,20-29,"[2.3055512e-03 1.6530069e-04 4.0098443e-03 5.6313497e-01 4.2972973e-01
 6.1244250e-04 4.2166037e-05]",[9.3156686e-03 4.1377419e-04 9.8954332e-01 7.2727347e-04],[9.9999696e-01 3.0813994e-06],"[3.0744984e-06 1.9773243e-03 2.4056755e-01 6.6569293e-01 8.8357098e-02
 3.3435654e-03 5.4642427e-05 3.7399921e-06 9.3140933e-08]"
D:\Uni\Ulm\Master\Hiwi-Forschung-und-Lehre\FairFace\detected_faces\24601_face0.jpg,White,White,Male,30-39,"[9.2112827e-01 1.2719499e-04 5.5074070e-02 1.0911214e-04 2.7163135e-04
 1.2747608e-03 2.2014923e-02]",[9.9536443e-01 7.9862209e-04 1.1514804e-03 2.6855636e-03],[9.9999964e-01 3.6394488e-07],"[3.5309648e-07 1.2267342e-05 9.2805183e-04 2.1621524e-01 7.4066049e-01
 4.2043157e-02 1.3997724e-04 4.1646138e-07 5.4579856e-09]"
D:\Uni\Ulm\Master\Hiwi-Forschung-und-Lehre\FairFace\detected_faces\24800_face0.jpg,White,White,Male,20-29,"[9.99928892e-01 1.75614360e-07 1.90209710e-06 2.51756180e-08
 8.14084871e-08 1.16486284e-07 6.88658401e-05]",[9.9993140e-01 4.6675843e-05 3.8799449e-06 1.7958544e-05],[9.9999774e-01 2.2899530e-06],"[2.2883071e-08 5.4986376e-06 1.4037653e-03 7.5475061e-01 2.4189591e-01
 1.9399580e-03 4.2234306e-06 2.4323779e-08 1.4685199e-09]"
D:\Uni\Ulm\Master\Hiwi-Forschung-und-Lehre\FairFace\detected_faces\24808_face0.jpg,White,White,Male,20-29,"[9.99361992e-01 1.02287416e-07 7.74709988e-05 1.41584550e-07
 5.44147611e-07 2.49582081e-06 5.57294174e-04]",[9.9996972e-01 7.6859709e-07 4.4703202e-06 2.5047386e-05],[9.9999923e-01 7.6096484e-07],"[6.1034848e-09 2.0456412e-06 2.2364925e-03 7.2440684e-01 2.7068549e-01
 2.6654741e-03 3.5799515e-06 9.7202379e-09 2.7025027e-10]"
D:\Uni\Ulm\Master\Hiwi-Forschung-und-Lehre\FairFace\detected_faces\24814_face0.jpg,Latino_Hispanic,Black,Male,30-39,"[0.24945167 0.14659908 0.49965107 0.00233227 0.00790203 0.0027695
 0.09129427]",[0.08826883 0.87145376 0.0305542  0.00972325],[9.999988e-01 1.197255e-06],"[1.5730441e-06 1.2370207e-05 1.4541907e-03 3.1754309e-01 5.6348300e-01
 1.0771450e-01 9.4459979e-03 3.3889664e-04 6.4002174e-06]"
D:\Uni\Ulm\Master\Hiwi-Forschung-und-Lehre\FairFace\detected_faces\24818_face0.jpg,Middle Eastern,White,Male,40-49,"[3.6118081e-01 3.2961247e-03 1.9480053e-02 4.8307113e-05 1.8722498e-04
 8.9249481e-04 6.1491501e-01]",[0.9655093  0.02777609 0.00106609 0.00564843],[9.999934e-01 6.637452e-06],"[1.45099727e-06 8.74611942e-06 1.12848335e-04 1.53368013e-02
 4.38295454e-01 5.29582083e-01 1.65195316e-02 1.40505639e-04
 2.52004747e-06]"
D:\Uni\Ulm\Master\Hiwi-Forschung-und-Lehre\FairFace\detected_faces\24829_face0.jpg,White,White,Male,30-39,"[0.8747867  0.00188419 0.04182323 0.0009535  0.00203254 0.00116018
 0.07735963]",[0.95987266 0.01125741 0.01613548 0.01273453],[9.9999976e-01 2.6775388e-07],"[5.0947364e-07 3.5632463e-06 4.6100756e-04 3.5488188e-01 6.1380661e-01
 3.0547129e-02 2.9701227e-04 2.2967738e-06 3.9510851e-08]"
D:\Uni\Ulm\Master\Hiwi-Forschung-und-Lehre\FairFace\detected_faces\24927_face0.jpg,White,White,Male,30-39,"[6.3499773e-01 1.8840101e-04 1.5065097e-02 3.5152780e-06 9.8674109e-06
 9.1257924e-03 3.4060952e-01]",[9.6266097e-01 5.5436866e-04 4.3011005e-05 3.6741603e-02],[9.99885142e-01 1.14875096e-04],"[2.6806126e-06 1.3841143e-04 5.8881566e-03 4.4398001e-01 5.1487964e-01
 3.4914933e-02 1.9338138e-04 2.6759819e-06 3.3442465e-08]"
D:\Uni\Ulm\Master\Hiwi-Forschung-und-Lehre\FairFace\detected_faces\24937_face0.jpg,White,White,Male,30-39,"[9.3664801e-01 1.0139873e-04 3.1393476e-02 2.2669432e-04 5.2425131e-04
 3.6665745e-04 3.0739494e-02]",[9.8919636e-01 5.0548767e-04 7.9030544e-03 2.3950741e-03],[9.9999911e-01 8.5664124e-07],"[1.9646050e-05 2.0152779e-04 7.0458869e-03 2.4293852e-01 6.6214246e-01
 8.5012034e-02 2.6124157e-03 2.7288457e-05 2.4567882e-07]"
D:\Uni\Ulm\Master\Hiwi-Forschung-und-Lehre\FairFace\detected_faces\24939_face0.jpg,Middle Eastern,White,Male,30-39,"[4.4736978e-02 4.5626839e-03 3.6168447e-01 4.9574079e-04 2.1699280e-03
 3.8019825e-02 5.4833031e-01]",[0.67225134 0.02949792 0.03709591 0.2611549 ],[9.9998611e-01 1.3904764e-05],"[2.2735987e-05 2.8568288e-04 3.1673582e-03 2.3751546e-01 6.6823179e-01
 8.9522228e-02 1.2435687e-03 1.1022441e-05 1.5112420e-07]"
D:\Uni\Ulm\Master\Hiwi-Forschung-und-Lehre\FairFace\detected_faces\25233_face0.jpg,White,White,Male,20-29,"[8.9702493e-01 7.6113315e-06 2.8549591e-03 6.3362924e-05 9.8798606e-05
 2.1098396e-04 9.9739410e-02]",[9.9925303e-01 9.2182869e-05 1.3253135e-04 5.2230357e-04],[9.999949e-01 5.134353e-06],"[1.1222943e-06 2.3342120e-05 1.5383029e-03 5.1124692e-01 4.7460973e-01
 1.2522023e-02 5.8027985e-05 5.1113324e-07 1.4846387e-08]"
D:\Uni\Ulm\Master\Hiwi-Forschung-und-Lehre\FairFace\detected_faces\25522_face0.jpg,Middle Eastern,White,Male,30-39,"[9.7897068e-02 9.7151351e-05 1.1383301e-02 1.1001231e-06 6.8000759e-06
 3.1609816e-04 8.9029855e-01]",[9.9654120e-01 1.7255549e-03 4.1997249e-05 1.6912096e-03],[9.9999958e-01 4.5192905e-07],"[7.7030883e-08 1.4535190e-06 2.2376294e-04 1.3473542e-01 7.6504481e-01
 9.9547982e-02 4.4386252e-04 2.5675899e-06 1.6497975e-08]"
D:\Uni\Ulm\Master\Hiwi-Forschung-und-Lehre\FairFace\detected_faces\25530_face0.jpg,Black,Black,Male,30-39,"[7.1335000e-07 9.9995899e-01 2.2711089e-05 1.0931421e-09 3.4463618e-08
 9.3034869e-06 8.4025332e-06]",[2.6389480e-07 9.9999833e-01 6.0582941e-08 1.3351237e-06],[1.0000000e+00 3.8134218e-08],"[8.06551359e-09 2.41314410e-07 2.80825800e-04 1.95490941e-01
 6.70013785e-01 1.31790981e-01 2.41093873e-03 1.20193245e-05
 1.55789877e-07]"
D:\Uni\Ulm\Master\Hiwi-Forschung-und-Lehre\FairFace\detected_faces\25531_face0.jpg,White,White,Male,20-29,"[6.7185670e-01 8.7718089e-04 3.6129996e-02 4.6245881e-05 1.0784564e-04
 2.7923597e-04 2.9070276e-01]",[9.6886158e-01 2.9826092e-02 3.3985486e-04 9.7243645e-04],[9.9998403e-01 1.5992533e-05],"[6.6287379e-07 2.3211927e-05 5.6710863e-03 5.3056926e-01 4.4163239e-01
 2.1937305e-02 1.6439428e-04 1.7047377e-06 3.6217241e-08]"
D:\Uni\Ulm\Master\Hiwi-Forschung-und-Lehre\FairFace\detected_faces\25552_face0.jpg,White,White,Male,30-39,"[9.76910174e-01 1.53154870e-05 1.18521173e-02 6.19130424e-06
 3.16683509e-05 1.07502645e-04 1.10768750e-02]",[9.9925244e-01 1.6629329e-04 1.6694950e-04 4.1425857e-04],[1.0000000e+00 2.5378109e-08],"[8.5379163e-08 3.5579012e-06 2.9491647e-03 4.3008548e-01 5.1456708e-01
 5.1746514e-02 6.4559223e-04 2.5399909e-06 1.7127926e-08]"
D:\Uni\Ulm\Master\Hiwi-Forschung-und-Lehre\FairFace\detected_faces\25566_face0.jpg,White,White,Male,30-39,"[5.7571006e-01 5.6493201e-04 2.4559204e-01 3.6312644e-03 4.4129114e-03
 4.1325269e-03 1.6595629e-01]",[0.9109498  0.00203558 0.05776155 0.0292531 ],[9.9995244e-01 4.7618669e-05],"[3.7615802e-05 5.6565442e-04 6.6079767e-03 3.8772351e-01 5.5269033e-01
 5.1608536e-02 7.5188914e-04 1.4232622e-05 2.8166312e-07]"
D:\Uni\Ulm\Master\Hiwi-Forschung-und-Lehre\FairFace\detected_faces\25577_face0.jpg,White,White,Male,30-39,"[5.2417320e-01 2.6348673e-03 3.7049377e-01 2.4768570e-04 7.8916183e-04
 1.3001819e-02 8.8659495e-02]",[9.8604733e-01 1.1604300e-03 6.7115371e-04 1.2121116e-02],[9.9997067e-01 2.9319297e-05],"[9.8668283e-07 6.1087876e-06 9.3710993e-04 1.1706886e-01 6.4241081e-01
 2.3156546e-01 7.9686930e-03 4.1518524e-05 4.3142239e-07]"
D:\Uni\Ulm\Master\Hiwi-Forschung-und-Lehre\FairFace\detected_faces\25682_face0.jpg,Middle Eastern,White,Male,30-39,"[1.2582292e-01 8.5710930e-03 3.5601142e-01 4.5295834e-05 2.1770404e-04
 6.7464565e-04 5.0865686e-01]",[0.49859685 0.49375662 0.00117149 0.00647503],[9.9999744e-01 2.6251425e-06],"[1.2384673e-06 3.7814141e-05 1.0272466e-02 3.9673382e-01 5.2968562e-01
 6.1961874e-02 1.2916272e-03 1.5404587e-05 1.5632742e-07]"
D:\Uni\Ulm\Master\Hiwi-Forschung-und-Lehre\FairFace\detected_faces\25963_face0.jpg,White,White,Male,20-29,"[5.3649122e-01 2.3742516e-03 2.3046865e-01 1.0526196e-04 4.4779931e-04
 2.0012772e-03 2.2811161e-01]",[9.1372013e-01 6.3711584e-02 7.4972404e-04 2.1818480e-02],[9.9999654e-01 3.4006716e-06],"[1.5754064e-06 1.4859692e-05 3.8731380e-03 5.6868666e-01 4.0139204e-01
 2.5669033e-02 3.4658806e-04 1.5773470e-05 2.6429743e-07]"
D:\Uni\Ulm\Master\Hiwi-Forschung-und-Lehre\FairFace\detected_faces\26025_face0.jpg,White,White,Male,20-29,"[9.9779248e-01 3.4030611e-05 5.9623376e-04 1.1790523e-06 1.2085481e-05
 3.9678321e-06 1.5599357e-03]",[9.9939668e-01 2.2445354e-04 8.6406944e-05 2.9249949e-04],[9.9999994e-01 8.4870294e-08],"[3.7054594e-08 6.8416438e-07 5.6694105e-04 5.0079572e-01 4.6771505e-01
 3.0064302e-02 8.2703604e-04 2.9524741e-05 6.8157442e-07]"
D:\Uni\Ulm\Master\Hiwi-Forschung-und-Lehre\FairFace\detected_faces\26031_face0.jpg,White,White,Male,30-39,"[9.65301812e-01 1.19486795e-05 2.35184114e-02 5.98982888e-06
 3.73539806e-05 5.09720936e-04 1.06148282e-02]",[9.9252617e-01 1.0159387e-04 4.9572001e-04 6.8765520e-03],[9.9999887e-01 1.0939857e-06],"[1.4946826e-07 5.0400422e-06 4.4985805e-03 2.9599282e-01 5.9329665e-01
 1.0491328e-01 1.2887417e-03 4.7404983e-06 3.9905043e-08]"
D:\Uni\Ulm\Master\Hiwi-Forschung-und-Lehre\FairFace\detected_faces\26060_face0.jpg,White,White,Male,20-29,"[5.1756155e-01 4.8951202e-05 5.5584894e-03 1.5440262e-05 3.6039481e-05
 8.8606124e-05 4.7669092e-01]",[9.9897206e-01 7.2668260e-04 8.2622319e-05 2.1858160e-04],[9.9999982e-01 1.4160715e-07],"[5.9496608e-07 2.4121233e-04 5.6699339e-02 8.4157759e-01 9.8672159e-02
 2.7764684e-03 3.1973108e-05 6.6266563e-07 8.5982297e-09]"
D:\Uni\Ulm\Master\Hiwi-Forschung-und-Lehre\FairFace\detected_faces\26097_face0.jpg,Middle Eastern,White,Male,30-39,"[4.1007727e-01 1.1040590e-03 5.6627642e-02 4.5055916e-05 2.3150374e-04
 1.4517186e-03 5.3046280e-01]",[0.9878179  0.00128645 0.00195524 0.00894045],[9.9999994e-01 9.4591016e-08],"[4.3421196e-06 4.1156280e-05 1.4567568e-03 1.8361890e-01 6.5053707e-01
 1.6035590e-01 3.9176974e-03 6.7543871e-05 5.6635770e-07]"
D:\Uni\Ulm\Master\Hiwi-Forschung-und-Lehre\FairFace\detected_faces\26102_face0.jpg,White,White,Male,20-29,"[9.83268142e-01 1.37026882e-05 1.58436620e-03 1.03612656e-05
 4.13021189e-05 2.83771697e-05 1.50537705e-02]",[9.9960667e-01 1.9229187e-04 8.5408406e-05 1.1570086e-04],[9.9999267e-01 7.3397159e-06],"[2.6177770e-07 5.8600490e-05 6.0023586e-03 6.0820162e-01 3.8063714e-01
 5.0883493e-03 1.1603922e-05 6.7615687e-08 2.0441782e-09]"
D:\Uni\Ulm\Master\Hiwi-Forschung-und-Lehre\FairFace\detected_faces\26214_face0.jpg,Latino_Hispanic,White,Male,20-29,"[0.10934567 0.01541143 0.6398781  0.00092336 0.00528631 0.01071615
 0.218439  ]",[0.4960954  0.3070901  0.15037082 0.04644365],[9.9999964e-01 3.2095687e-07],"[1.2949177e-07 6.4906258e-06 1.0051431e-02 7.5757343e-01 2.2610246e-01
 6.2027355e-03 6.2064661e-05 1.2202441e-06 1.1069476e-08]"
D:\Uni\Ulm\Master\Hiwi-Forschung-und-Lehre\FairFace\detected_faces\26217_face0.jpg,White,White,Male,20-29,"[9.9884748e-01 4.7327088e-05 4.9518840e-04 1.8614897e-06 5.9066147e-06
 4.4665767e-06 5.9773831e-04]",[9.9916345e-01 4.3230734e-04 3.6753705e-04 3.6744295e-05],[9.9998784e-01 1.2185671e-05],"[1.8606171e-06 1.3547353e-04 6.7135058e-03 7.3727512e-01 2.5268468e-01
 3.1745352e-03 1.4599375e-05 2.2942679e-07 6.6499943e-09]"
D:\Uni\Ulm\Master\Hiwi-Forschung-und-Lehre\FairFace\detected_faces\26231_face0.jpg,White,White,Male,30-39,"[8.9591432e-01 3.5687871e-03 5.3759314e-02 8.5593056e-06 5.2006213e-05
 5.9558405e-04 4.6101414e-02]",[9.8606575e-01 7.6990128e-03 6.5876468e-04 5.5764955e-03],[1.0000000e+00 1.0163599e-08],"[3.3139699e-07 1.7595302e-06 2.7973694e-04 1.9817600e-01 6.4505333e-01
 1.5058026e-01 5.8378116e-03 7.0210262e-05 5.1457744e-07]"
D:\Uni\Ulm\Master\Hiwi-Forschung-und-Lehre\FairFace\detected_faces\26275_face0.jpg,White,White,Male,30-39,"[5.4665607e-01 9.5966813e-04 2.1229723e-01 4.4585639e-04 2.0084714e-03
 3.0547860e-03 2.3457795e-01]",[0.922509   0.02397649 0.01626261 0.03725191],[9.9994314e-01 5.6891389e-05],"[9.8497605e-07 2.3396851e-05 5.8231046e-03 4.3283433e-01 5.2542806e-01
 3.5253689e-02 6.2790565e-04 8.4320118e-06 1.2057117e-07]"
D:\Uni\Ulm\Master\Hiwi-Forschung-und-Lehre\FairFace\detected_faces\26308_face0.jpg,Black,Black,Male,20-29,"[1.4095187e-06 9.9997777e-01 1.1195686e-05 5.1148161e-09 8.5821043e-08
 6.8469990e-06 2.6557689e-06]",[6.618819e-07 9.999984e-01 2.518559e-07 6.631402e-07],[9.999960e-01 4.029397e-06],"[1.7891581e-07 1.7079839e-04 4.9063399e-02 7.8880984e-01 1.5628782e-01
 5.6295213e-03 3.8116035e-05 3.1998502e-07 1.1706061e-08]"
D:\Uni\Ulm\Master\Hiwi-Forschung-und-Lehre\FairFace\detected_faces\26315_face0.jpg,White,White,Male,30-39,"[9.64542866e-01 1.01061189e-03 2.11645812e-02 7.08058587e-06
 4.44078250e-05 8.43531860e-04 1.23869805e-02]",[9.9545425e-01 2.7595086e-03 8.8103981e-05 1.6980371e-03],[9.9999845e-01 1.5583662e-06],"[1.0551883e-07 1.5572729e-06 1.7117083e-04 1.5841265e-01 7.3241562e-01
 1.0768692e-01 1.3016295e-03 1.0127442e-05 1.9331206e-07]"
D:\Uni\Ulm\Master\Hiwi-Forschung-und-Lehre\FairFace\detected_faces\26319_face0.jpg,Latino_Hispanic,White,Male,20-29,"[3.1274188e-01 3.8232800e-02 4.5789787e-01 3.9765571e-05 5.7513482e-04
 4.2470527e-04 1.9008778e-01]",[0.8692363  0.11887923 0.00136474 0.01051978],[9.9980289e-01 1.9711192e-04],"[6.6899175e-09 3.2402465e-06 5.2646432e-02 8.4965581e-01 9.5644496e-02
 2.0302183e-03 1.9430923e-05 3.4407202e-07 5.4810987e-09]"
D:\Uni\Ulm\Master\Hiwi-Forschung-und-Lehre\FairFace\detected_faces\26404_face0.jpg,Black,Black,Male,30-39,"[3.9951829e-03 9.8579651e-01 9.0351533e-03 2.3010289e-06 3.8812253e-05
 7.8121718e-04 3.5082430e-04]",[6.2826485e-04 9.9651563e-01 1.6807005e-04 2.6880121e-03],[9.9997801e-01 2.1979717e-05],"[6.14437454e-07 1.51602080e-05 1.59050082e-03 1.92775056e-01
 6.21258914e-01 1.76313564e-01 7.94083346e-03 1.02206235e-04
 3.15860143e-06]"
D:\Uni\Ulm\Master\Hiwi-Forschung-und-Lehre\FairFace\detected_faces\26502_face0.jpg,White,White,Male,30-39,"[9.9963808e-01 3.7139600e-07 1.3206419e-04 3.8661172e-05 3.7208618e-05
 2.3687109e-07 1.5341729e-04]",[9.9995953e-01 1.5680074e-05 2.3911884e-05 8.5842731e-07],[9.9999976e-01 2.8618339e-07],"[1.1728654e-06 4.1306565e-05 7.6913736e-03 2.8961480e-01 5.8657223e-01
 1.1208860e-01 3.9471523e-03 4.2920521e-05 5.0948626e-07]"
D:\Uni\Ulm\Master\Hiwi-Forschung-und-Lehre\FairFace\detected_faces\26512_face0.jpg,Latino_Hispanic,White,Male,20-29,"[3.1068608e-01 1.6587545e-03 4.4656906e-01 2.2743028e-04 6.4511079e-04
 5.4935953e-03 2.3471995e-01]",[0.81905603 0.05560039 0.00654154 0.118802  ],[9.999992e-01 7.568919e-07],"[1.2115368e-07 3.3787483e-06 5.9369844e-03 4.9325770e-01 4.7274584e-01
 2.7663689e-02 3.8946001e-04 2.7819106e-06 1.4765409e-08]"
D:\Uni\Ulm\Master\Hiwi-Forschung-und-Lehre\FairFace\detected_faces\26513_face0.jpg,White,White,Male,30-39,"[9.9359965e-01 2.3026863e-05 2.6146700e-03 2.2516676e-06 9.5024479e-06
 2.2768621e-05 3.7282228e-03]",[9.9997890e-01 1.0583205e-05 6.0184675e-07 9.9925201e-06],[9.9998832e-01 1.1677501e-05],"[5.2922417e-07 3.4464811e-05 1.4566245e-03 2.4390246e-01 7.0727557e-01
 4.7127787e-02 2.0120524e-04 1.3709944e-06 2.0354385e-08]"
D:\Uni\Ulm\Master\Hiwi-Forschung-und-Lehre\FairFace\detected_faces\26516_face0.jpg,White,White,Male,20-29,"[9.9802136e-01 3.2926800e-06 5.5190892e-04 1.6424070e-06 4.0652853e-06
 3.0859489e-06 1.4146235e-03]",[9.9918139e-01 4.3768543e-04 1.4690745e-04 2.3399421e-04],[9.999980e-01 2.004003e-06],"[6.99530972e-07 5.20711437e-05 1.51465265e-02 7.13316262e-01
 2.61646360e-01 9.70817357e-03 1.28861953e-04 1.00606405e-06
 1.25855424e-08]"
D:\Uni\Ulm\Master\Hiwi-Forschung-und-Lehre\FairFace\detected_faces\26527_face0.jpg,Latino_Hispanic,Black,Male,30-39,"[7.67305400e-03 3.80878627e-01 4.45977598e-01 1.55490823e-04
 2.99613713e-03 3.78092863e-02 1.24509856e-01]",[0.00770349 0.7623974  0.06053297 0.16936614],[9.999980e-01 1.996276e-06],"[2.3757561e-06 1.2274322e-05 2.6119780e-03 4.7074130e-01 4.7867993e-01
 4.6540827e-02 1.3612329e-03 4.8982572e-05 1.0497519e-06]"
D:\Uni\Ulm\Master\Hiwi-Forschung-und-Lehre\FairFace\detected_faces\26573_face0.jpg,White,White,Male,30-39,"[9.9975085e-01 1.5658603e-06 3.4825316e-05 1.5678506e-07 7.2211350e-07
 3.9880626e-07 2.1140814e-04]",[9.9989665e-01 8.0720100e-05 1.6536689e-05 6.0779707e-06],[9.99987304e-01 1.26751975e-05],"[1.54654707e-08 3.33698335e-06 6.59567886e-04 3.24588805e-01
 6.46566570e-01 2.80610863e-02 1.19510216e-04 1.13169074e-06
 3.89664550e-08]"
D:\Uni\Ulm\Master\Hiwi-Forschung-und-Lehre\FairFace\detected_faces\26576_face0.jpg,White,White,Male,30-39,"[9.7763169e-01 2.1553949e-05 3.8556498e-03 6.9046138e-05 8.2668972e-05
 2.4062386e-04 1.8098697e-02]",[0.9856494  0.0011175  0.00159291 0.01164018],[9.9995011e-01 4.9816925e-05],"[1.0218249e-06 5.7794555e-06 6.6041271e-04 2.2411042e-01 7.1479589e-01
 5.9854191e-02 5.6830957e-04 3.8427102e-06 9.3310419e-08]"
D:\Uni\Ulm\Master\Hiwi-Forschung-und-Lehre\FairFace\detected_faces\26621_face0.jpg,Middle Eastern,White,Male,30-39,"[4.19326335e-01 3.18469503e-03 1.05357811e-01 1.03597085e-05
 1.14232913e-04 4.48046252e-03 4.67526048e-01]",[9.4962972e-01 8.8671157e-03 2.2304781e-04 4.1280054e-02],[9.9998862e-01 1.1374815e-05],"[7.7640379e-07 1.1637664e-05 1.2994945e-03 3.1773901e-01 6.4193434e-01
 3.8612224e-02 3.9497251e-04 7.3010542e-06 1.1745924e-07]"
D:\Uni\Ulm\Master\Hiwi-Forschung-und-Lehre\FairFace\detected_faces\26687_face0.jpg,White,White,Male,30-39,"[7.6023334e-01 1.9832754e-04 2.2805721e-01 8.3452338e-05 4.6056113e-04
 8.9074223e-04 1.0076409e-02]",[9.9855965e-01 3.8780674e-04 4.5795384e-04 5.9454993e-04],[9.9999994e-01 5.3048765e-08],"[1.16930767e-06 2.70839373e-05 8.96156952e-03 4.13912982e-01
 4.64833677e-01 1.08055905e-01 4.11780830e-03 8.93174729e-05
 5.73691523e-07]"
D:\Uni\Ulm\Master\Hiwi-Forschung-und-Lehre\FairFace\detected_faces\26706_face0.jpg,White,White,Male,20-29,"[9.9997956e-01 1.8085750e-07 2.4616645e-06 5.4314429e-09 4.4158707e-08
 8.7987146e-08 1.7691047e-05]",[9.9992049e-01 6.8940986e-05 2.1156054e-06 8.4366238e-06],[9.9999982e-01 1.6803844e-07],"[5.2721133e-10 1.8367543e-07 1.8494254e-03 9.0842134e-01 8.7203480e-02
 2.4512601e-03 7.3695810e-05 5.9041076e-07 7.6593416e-09]"
D:\Uni\Ulm\Master\Hiwi-Forschung-und-Lehre\FairFace\detected_faces\26736_face0.jpg,White,White,Male,30-39,"[7.9775143e-01 1.6076390e-04 1.1808465e-01 2.7747767e-04 5.2198139e-04
 1.0745934e-03 8.2129188e-02]",[9.9262130e-01 4.3859772e-04 2.7436418e-03 4.1964562e-03],[9.9999934e-01 7.0511908e-07],"[3.9223454e-07 7.0742817e-06 7.5494236e-04 2.0075782e-01 7.5055444e-01
 4.7613773e-02 3.0994223e-04 1.5754079e-06 1.2344744e-08]"
D:\Uni\Ulm\Master\Hiwi-Forschung-und-Lehre\FairFace\detected_faces\26758_face0.jpg,White,White,Male,20-29,"[9.9843156e-01 1.5045840e-06 1.4755254e-04 4.6643254e-07 2.4837993e-06
 1.0108671e-06 1.4153286e-03]",[9.9982435e-01 1.1813490e-04 3.5941386e-05 2.1607844e-05],[0.94447726 0.05552271],"[2.4269871e-08 1.9905417e-06 9.6435407e-03 6.0743862e-01 3.4896371e-01
 3.3134431e-02 8.0316473e-04 1.4192527e-05 3.3924297e-07]"
D:\Uni\Ulm\Master\Hiwi-Forschung-und-Lehre\FairFace\detected_faces\26760_face0.jpg,White,White,Male,30-39,"[9.5446253e-01 1.8041881e-04 4.0145596e-03 3.0882616e-06 1.9491916e-05
 1.1121824e-04 4.1208677e-02]",[9.9979961e-01 1.3286168e-04 4.9733135e-06 6.2563238e-05],[9.9993724e-01 6.2826111e-05],"[5.1757793e-06 2.2483387e-04 5.7980684e-03 3.6917824e-01 5.5991679e-01
 6.4155392e-02 7.0737302e-04 1.3886538e-05 2.1182397e-07]"
D:\Uni\Ulm\Master\Hiwi-Forschung-und-Lehre\FairFace\detected_faces\26765_face0.jpg,White,White,Male,20-29,"[9.3352515e-01 1.4523670e-04 2.0448368e-02 6.7912592e-06 4.4656248e-05
 1.1609682e-04 4.5713663e-02]",[9.9824733e-01 8.7633915e-04 3.9002410e-04 4.8629477e-04],[9.9999982e-01 1.4996499e-07],"[1.5680617e-07 1.2186215e-05 1.6423161e-03 5.9710985e-01 3.9388150e-01
 7.3232409e-03 3.0446019e-05 2.9116464e-07 3.5888117e-09]"
D:\Uni\Ulm\Master\Hiwi-Forschung-und-Lehre\FairFace\detected_faces\26767_face0.jpg,White,White,Male,30-39,"[9.14829910e-01 3.29730938e-05 3.74518298e-02 1.12741065e-04
 2.95467791e-04 5.40289737e-04 4.67368253e-02]",[9.8894149e-01 2.3617082e-04 4.0142513e-03 6.8081226e-03],[9.9998885e-01 1.1197356e-05],"[3.1443068e-07 5.9944878e-06 1.7678270e-03 3.5094628e-01 5.9939343e-01
 4.7314692e-02 5.6576979e-04 5.6471654e-06 8.7097838e-08]"
D:\Uni\Ulm\Master\Hiwi-Forschung-und-Lehre\FairFace\detected_faces\26768_face0.jpg,White,White,Male,30-39,"[5.1923263e-01 2.3370348e-03 2.5363755e-01 2.1679328e-04 8.6680485e-04
 2.8985428e-02 1.9472381e-01]",[0.8917873  0.00121202 0.00101169 0.10598902],[9.9993724e-01 6.2718573e-05],"[2.0870743e-06 2.1848773e-05 5.3711183e-04 2.2165358e-01 7.2122073e-01
 5.6100741e-02 4.6029294e-04 3.5115431e-06 6.4189685e-08]"
D:\Uni\Ulm\Master\Hiwi-Forschung-und-Lehre\FairFace\detected_faces\26771_face0.jpg,Black,Black,Male,20-29,"[6.4248769e-03 9.5449376e-01 3.6382478e-02 1.1644836e-05 1.0099819e-04
 1.5852100e-03 1.0011006e-03]",[3.4294650e-03 9.9587870e-01 4.4216991e-05 6.4768875e-04],[9.9995613e-01 4.3850570e-05],"[2.3837391e-07 5.2684559e-06 6.3129491e-03 5.7191044e-01 3.8960055e-01
 3.1494841e-02 6.6833704e-04 7.1065201e-06 2.6475598e-07]"
D:\Uni\Ulm\Master\Hiwi-Forschung-und-Lehre\FairFace\detected_faces\26805_face0.jpg,White,White,Male,20-29,"[9.9966091e-01 5.3366000e-07 8.5258238e-05 5.4678691e-07 1.4821109e-06
 3.8822483e-07 2.5096128e-04]",[9.9954170e-01 1.7137450e-04 2.4126576e-04 4.5603949e-05],[1.0000000e+00 1.0433581e-09],"[6.8238869e-08 1.1883212e-05 5.8270050e-03 8.1584495e-01 1.7655867e-01
 1.7538335e-03 3.5844607e-06 1.6877502e-08 1.8789163e-10]"
D:\Uni\Ulm\Master\Hiwi-Forschung-und-Lehre\FairFace\detected_faces\26810_face0.jpg,White,White,Male,30-39,"[9.77019131e-01 6.11971627e-05 1.51092345e-02 7.56135210e-04
 1.07305066e-03 7.06188584e-05 5.91051532e-03]",[9.5945871e-01 2.6621440e-04 3.5464242e-02 4.8108255e-03],[9.9999934e-01 6.4228124e-07],"[6.4858838e-08 8.3719527e-07 8.2541397e-04 2.4191859e-01 6.1211604e-01
 1.3947667e-01 5.5790436e-03 8.2664861e-05 7.3552150e-07]"
D:\Uni\Ulm\Master\Hiwi-Forschung-und-Lehre\FairFace\detected_faces\26825_face0.jpg,White,White,Male,30-39,"[9.9991190e-01 1.4901930e-08 3.9610033e-05 1.7829620e-07 7.9393055e-07
 5.0370255e-07 4.7018999e-05]",[9.9979341e-01 9.1455959e-06 1.6019160e-04 3.7243197e-05],[9.999959e-01 4.151392e-06],"[4.9364476e-06 2.0138998e-04 1.7774358e-02 1.0005186e-01 4.6039668e-01
 4.0201294e-01 1.9385420e-02 1.7078036e-04 1.6506183e-06]"
D:\Uni\Ulm\Master\Hiwi-Forschung-und-Lehre\FairFace\detected_faces\26910_face0.jpg,White,White,Male,20-29,"[9.9938947e-01 2.8996838e-06 7.5828866e-05 1.2855792e-06 2.5837967e-06
 5.5732130e-07 5.2740640e-04]",[9.9994367e-01 2.9454835e-05 1.7583323e-05 9.3484068e-06],[1.0000000e+00 3.1638884e-08],"[1.16414704e-07 2.60422948e-05 3.58984503e-03 6.79867625e-01
 3.09993714e-01 6.50396757e-03 1.85559275e-05 1.46065346e-07
 2.58457433e-09]"
D:\Uni\Ulm\Master\Hiwi-Forschung-und-Lehre\FairFace\detected_faces\26937_face0.jpg,Middle Eastern,White,Male,30-39,"[2.7372777e-01 1.8557606e-02 1.9910082e-02 7.3170122e-06 6.7382280e-05
 1.6149023e-03 6.8611491e-01]",[0.9149122  0.05413785 0.01325382 0.01769605],[1.0000000e+00 2.7206308e-08],"[5.1779625e-06 1.5814674e-05 1.1360225e-04 4.4780564e-02 5.9704548e-01
 3.4902778e-01 8.8037867e-03 2.0487436e-04 2.8464365e-06]"
D:\Uni\Ulm\Master\Hiwi-Forschung-und-Lehre\FairFace\detected_faces\26952_face0.jpg,White,White,Male,30-39,"[8.4499037e-01 1.4051054e-05 2.0525921e-02 1.0187455e-04 1.9314600e-04
 3.2810523e-04 1.3384648e-01]",[9.9826664e-01 3.9415885e-05 1.3763128e-03 3.1756461e-04],[9.9985301e-01 1.4695064e-04],"[9.5956614e-07 1.7835542e-05 2.2624519e-03 1.8246315e-01 7.3235500e-01
 8.2258552e-02 6.3751679e-04 4.4486214e-06 5.1577381e-08]"
D:\Uni\Ulm\Master\Hiwi-Forschung-und-Lehre\FairFace\detected_faces\26965_face0.jpg,White,White,Male,30-39,"[6.1082399e-01 4.5860311e-04 1.0151489e-01 8.8173494e-04 1.8819380e-03
 2.0695580e-03 2.8236923e-01]",[9.9812037e-01 2.0070087e-04 6.0810120e-04 1.0709517e-03],[9.9999017e-01 9.8451255e-06],"[1.7158723e-04 1.4057789e-03 3.5803707e-03 1.6828895e-01 6.5032035e-01
 1.7348829e-01 2.6938680e-03 4.9741815e-05 1.0181313e-06]"
D:\Uni\Ulm\Master\Hiwi-Forschung-und-Lehre\FairFace\detected_faces\26986_face0.jpg,White,White,Male,30-39,"[6.6323251e-01 2.3736485e-04 1.9917673e-01 1.1996841e-04 5.7547539e-04
 1.2092693e-02 1.2456528e-01]",[0.87289935 0.00114294 0.00567912 0.12027855],[9.9965847e-01 3.4151846e-04],"[4.2278126e-07 4.1997928e-06 3.3111105e-04 5.9161063e-02 6.6512936e-01
 2.6966384e-01 5.6845951e-03 2.5109588e-05 3.1812803e-07]"
D:\Uni\Ulm\Master\Hiwi-Forschung-und-Lehre\FairFace\detected_faces\26989_face0.jpg,White,White,Male,40-49,"[5.1249892e-01 1.4747193e-04 1.5595610e-02 5.5674691e-06 1.6210266e-05
 1.8713556e-03 4.6986488e-01]",[9.9252325e-01 7.3716702e-04 1.8971290e-04 6.5497840e-03],[9.9998158e-01 1.8457838e-05],"[1.6989826e-06 1.2049492e-05 1.5373545e-04 1.5474065e-02 4.7182775e-01
 5.0178069e-01 1.0670694e-02 7.8777062e-05 5.4788967e-07]"
D:\Uni\Ulm\Master\Hiwi-Forschung-und-Lehre\FairFace\detected_faces\26991_face0.jpg,Black,Black,Male,30-39,"[3.4931496e-08 9.9999774e-01 9.5973212e-07 1.2495202e-08 9.8864625e-08
 1.0974466e-06 7.4264072e-08]",[2.1728725e-07 9.9998641e-01 2.7366668e-06 1.0570686e-05],[9.9933404e-01 6.6592242e-04],"[8.9776853e-07 8.4560190e-05 3.3691449e-03 3.0259797e-01 5.9759915e-01
 9.4962925e-02 1.3642019e-03 1.9359666e-05 1.7589291e-06]"
D:\Uni\Ulm\Master\Hiwi-Forschung-und-Lehre\FairFace\detected_faces\26995_face0.jpg,Black,Black,Male,20-29,"[1.0901001e-05 9.9890083e-01 3.7364443e-04 2.3426955e-07 5.7654102e-06
 6.8755273e-04 2.1112677e-05]",[1.9042745e-05 9.9939758e-01 5.8990885e-05 5.2436849e-04],[9.9993593e-01 6.4067855e-05],"[3.4420136e-08 1.0310872e-05 1.4159669e-02 7.3619384e-01 2.4140076e-01
 8.1564561e-03 7.8409648e-05 5.2644583e-07 1.1647231e-08]"
D:\Uni\Ulm\Master\Hiwi-Forschung-und-Lehre\FairFace\detected_faces\27009_face0.jpg,White,White,Male,30-39,"[9.8065835e-01 6.6078326e-05 7.0017995e-04 1.3758296e-06 1.0083634e-05
 6.9561829e-05 1.8494325e-02]",[9.9683756e-01 1.2329585e-03 5.6008201e-05 1.8734131e-03],[9.9999601e-01 3.9567412e-06],"[7.35743342e-08 1.94973768e-06 8.43595917e-05 7.97106251e-02
 8.05551589e-01 1.14054635e-01 5.93211909e-04 3.46051752e-06
 8.54989182e-08]"
D:\Uni\Ulm\Master\Hiwi-Forschung-und-Lehre\FairFace\detected_faces\27014_face0.jpg,Black,Black,Male,30-39,"[2.2874378e-06 9.9990016e-01 6.2240911e-06 3.0987761e-09 6.8624402e-08
 8.8238397e-05 2.9147270e-06]",[3.4712599e-07 9.9999833e-01 3.2466178e-07 1.0111909e-06],[9.9999964e-01 3.9090108e-07],"[6.6668333e-09 1.7311005e-07 9.5758493e-05 1.3415886e-01 7.4075514e-01
 1.2173710e-01 3.2151877e-03 3.7194015e-05 6.0433962e-07]"
D:\Uni\Ulm\Master\Hiwi-Forschung-und-Lehre\FairFace\detected_faces\27028_face0.jpg,White,White,Male,30-39,"[9.7001678e-01 1.1046784e-05 3.6564842e-03 4.1787885e-04 2.9439892e-04
 3.0778403e-05 2.5572632e-02]",[9.9221396e-01 2.5924307e-04 7.3400266e-03 1.8685462e-04],[9.9999875e-01 1.2517249e-06],"[6.3451205e-07 3.6491788e-06 2.0262624e-04 4.9449041e-02 6.4345777e-01
 2.9689375e-01 9.9120792e-03 7.9708851e-05 7.9421721e-07]"
D:\Uni\Ulm\Master\Hiwi-Forschung-und-Lehre\FairFace\detected_faces\27035_face0.jpg,Black,Black,Male,20-29,"[2.8363149e-05 9.9798018e-01 9.4853219e-04 8.3403660e-07 2.7991064e-05
 7.0062000e-04 3.1342631e-04]",[4.2251395e-06 9.9964678e-01 2.3573369e-04 1.1323234e-04],[1.0000000e+00 1.6944961e-08],"[3.5405870e-07 3.9440456e-06 3.2069387e-03 4.7198236e-01 4.4068250e-01
 8.0930181e-02 3.0661919e-03 1.2537828e-04 2.1717888e-06]"
D:\Uni\Ulm\Master\Hiwi-Forschung-und-Lehre\FairFace\detected_faces\27056_face0.jpg,White,White,Male,20-29,"[9.9774390e-01 5.7988677e-07 1.7893441e-04 6.1296919e-06 6.9085754e-06
 9.1201588e-07 2.0626413e-03]",[9.9994969e-01 1.6826230e-05 2.9685567e-05 3.8388966e-06],[9.999332e-01 6.683541e-05],"[2.6030704e-09 9.5799205e-06 9.0834402e-02 8.9060861e-01 1.8446436e-02
 1.0072707e-04 1.7756969e-07 9.8059749e-10 1.9450245e-11]"
D:\Uni\Ulm\Master\Hiwi-Forschung-und-Lehre\FairFace\detected_faces\27214_face0.jpg,White,White,Male,30-39,"[7.3762971e-01 5.1662506e-04 1.6017792e-01 8.5383904e-04 2.9133011e-03
 1.9969754e-03 9.5911644e-02]",[0.9810516  0.00328872 0.01158067 0.00407903],[9.999973e-01 2.637310e-06],"[4.6316131e-06 1.7047456e-05 7.8297121e-04 7.5826272e-02 6.0899520e-01
 3.0025625e-01 1.3790055e-02 3.2372904e-04 3.7506047e-06]"
D:\Uni\Ulm\Master\Hiwi-Forschung-und-Lehre\FairFace\detected_faces\27234_face0.jpg,White,White,Male,30-39,"[7.4058950e-01 2.1185062e-03 9.7862124e-02 3.2574110e-04 9.7738090e-04
 1.3197345e-03 1.5680709e-01]",[8.93158436e-01 1.04766116e-01 1.20066747e-03 8.74771969e-04],[9.9999964e-01 3.8517658e-07],"[1.0416409e-05 6.9122900e-05 2.1973499e-03 1.4950734e-01 6.1860090e-01
 2.1947795e-01 9.8251775e-03 3.0631549e-04 5.3282492e-06]"
D:\Uni\Ulm\Master\Hiwi-Forschung-und-Lehre\FairFace\detected_faces\27244_face0.jpg,White,White,Male,30-39,"[9.9674952e-01 1.1516107e-05 2.5764632e-03 4.8911547e-06 1.3437457e-05
 7.5358890e-05 5.6891609e-04]",[9.9856371e-01 2.2222979e-04 1.3392698e-04 1.0801352e-03],[9.999961e-01 3.910862e-06],"[4.0034047e-07 2.4501262e-05 1.0545764e-03 2.1302697e-01 7.1936172e-01
 6.6006228e-02 5.2362558e-04 1.9604699e-06 5.9488684e-08]"
D:\Uni\Ulm\Master\Hiwi-Forschung-und-Lehre\FairFace\detected_faces\27314_face0.jpg,White,White,Male,30-39,"[9.7407579e-01 5.8831982e-05 5.4864562e-04 2.8654065e-06 9.9627532e-06
 1.4462796e-05 2.5289439e-02]",[9.9954838e-01 4.4155659e-04 3.3268623e-06 6.6094617e-06],[9.99988794e-01 1.12152065e-05],"[6.4700239e-06 2.5660787e-05 1.1596840e-03 2.2708274e-01 6.7123759e-01
 9.7227082e-02 3.1799565e-03 7.8484605e-05 2.2941365e-06]"
D:\Uni\Ulm\Master\Hiwi-Forschung-und-Lehre\FairFace\detected_faces\27338_face0.jpg,White,White,Male,20-29,"[9.9998993e-01 1.2557006e-08 5.2904952e-06 2.3641169e-09 1.1863766e-08
 1.1791377e-07 4.6823129e-06]",[9.9999845e-01 1.4072593e-07 1.3780024e-07 1.3629012e-06],[9.9948519e-01 5.1480875e-04],"[4.0285806e-09 7.6733322e-06 7.5601615e-02 8.9505166e-01 2.8753284e-02
 5.8328273e-04 2.4712033e-06 1.3036205e-08 6.6150735e-10]"
D:\Uni\Ulm\Master\Hiwi-Forschung-und-Lehre\FairFace\detected_faces\27463_face0.jpg,Middle Eastern,White,Male,30-39,"[1.13519646e-01 6.96934967e-06 3.34775518e-03 1.46820696e-06
 1.04568762e-05 4.08129330e-04 8.82705629e-01]",[9.8793536e-01 3.1343408e-04 5.7866317e-05 1.1693242e-02],[9.999920e-01 8.042071e-06],"[3.18138603e-07 1.72957025e-05 1.80012023e-03 3.33169043e-01
 6.36174500e-01 2.87275426e-02 1.10487104e-04 6.55007454e-07
 1.01168567e-08]"
D:\Uni\Ulm\Master\Hiwi-Forschung-und-Lehre\FairFace\detected_faces\27537_face0.jpg,White,White,Male,30-39,"[9.12744761e-01 7.94028863e-04 5.55624850e-02 1.81318217e-04
 3.28267430e-04 1.12563495e-04 3.02765723e-02]",[9.9531966e-01 3.0386464e-03 1.0630634e-03 5.7860080e-04],[9.9999905e-01 9.5753285e-07],"[2.3571602e-07 3.5523876e-06 1.2981902e-03 3.2554501e-01 6.0832077e-01
 6.3823454e-02 9.9849724e-04 1.0298456e-05 9.3275027e-08]"
D:\Uni\Ulm\Master\Hiwi-Forschung-und-Lehre\FairFace\detected_faces\27569_face0.jpg,White,White,Male,30-39,"[6.27143800e-01 4.34818212e-04 1.17530592e-01 1.13641445e-05
 8.09746998e-05 8.33705475e-04 2.53964812e-01]",[9.9892724e-01 6.9965863e-05 2.1328546e-05 9.8153902e-04],[9.9999982e-01 1.3615477e-07],"[2.3761324e-07 1.0108742e-05 4.4774949e-03 4.4262204e-01 5.2986139e-01
 2.2891253e-02 1.3612975e-04 1.3916087e-06 1.2623051e-08]"
D:\Uni\Ulm\Master\Hiwi-Forschung-und-Lehre\FairFace\detected_faces\27583_face0.jpg,White,White,Male,30-39,"[7.1595472e-01 5.5615372e-05 1.8893069e-02 3.0823485e-05 1.7194000e-04
 4.0567771e-04 2.6448810e-01]",[9.8590261e-01 2.2504034e-03 8.4821793e-04 1.0998718e-02],[9.9999124e-01 8.7715416e-06],"[1.6058527e-07 5.9767840e-06 9.3204487e-04 2.7225947e-01 6.8364644e-01
 4.3029614e-02 1.2557146e-04 7.5608079e-07 1.2058929e-08]"
D:\Uni\Ulm\Master\Hiwi-Forschung-und-Lehre\FairFace\detected_faces\27678_face0.jpg,White,White,Male,30-39,"[9.8581100e-01 6.1033820e-06 3.2469688e-04 3.3981016e-06 6.7132196e-06
 7.8649937e-06 1.3840132e-02]",[9.9995643e-01 1.1233698e-05 1.2852878e-05 1.9408004e-05],[9.9998283e-01 1.7204868e-05],"[1.5479230e-07 6.0663679e-06 5.4424471e-04 4.8626855e-01 5.0653309e-01
 6.6377111e-03 1.0116778e-05 6.3467944e-08 2.2083282e-09]"
D:\Uni\Ulm\Master\Hiwi-Forschung-und-Lehre\FairFace\detected_faces\27771_face0.jpg,Black,Black,Male,30-39,"[3.0011227e-04 9.4231510e-01 1.7433088e-02 1.5995798e-05 6.9360947e-04
 3.8926609e-02 3.1547033e-04]",[1.3714933e-04 9.9499655e-01 1.8855231e-04 4.6777427e-03],[9.9998987e-01 1.0134986e-05],"[7.7921658e-07 2.2370774e-05 1.0033714e-03 1.3969776e-01 7.4840766e-01
 1.0891416e-01 1.9448041e-03 8.9222167e-06 1.4906142e-07]"
D:\Uni\Ulm\Master\Hiwi-Forschung-und-Lehre\FairFace\detected_faces\27773_face0.jpg,Middle Eastern,White,Male,20-29,"[0.06037512 0.11798255 0.39219925 0.00146548 0.01020476 0.0065838
 0.41118905]",[0.5280345  0.3472138  0.08662064 0.03813107],[0.99397916 0.00602084],"[1.6362542e-06 1.1866639e-04 8.5793547e-02 6.6957766e-01 2.2012480e-01
 2.3357218e-02 9.9434855e-04 3.0822383e-05 1.3069913e-06]"
D:\Uni\Ulm\Master\Hiwi-Forschung-und-Lehre\FairFace\detected_faces\27792_face0.jpg,White,White,Male,30-39,"[7.31293976e-01 1.04993356e-04 1.68118998e-01 1.07128103e-03
 1.97900087e-03 3.37171834e-03 9.40600559e-02]",[9.9604595e-01 1.4056472e-04 6.8912841e-04 3.1244154e-03],[9.9999863e-01 1.3888073e-06],"[1.4824334e-05 1.3938916e-04 8.5062226e-03 1.6146395e-01 6.3205230e-01
 1.9326711e-01 4.5081764e-03 4.7602123e-05 4.3583941e-07]"
D:\Uni\Ulm\Master\Hiwi-Forschung-und-Lehre\FairFace\detected_faces\27811_face0.jpg,White,White,Male,30-39,"[7.6506954e-01 9.2215705e-05 1.4592991e-02 1.9205721e-04 2.5674311e-04
 9.6232056e-05 2.1970013e-01]",[9.9596429e-01 3.7071187e-04 2.6784693e-03 9.8657666e-04],[9.999998e-01 1.749722e-07],"[1.0221823e-05 7.5336706e-05 3.2801556e-03 3.8520086e-01 5.8246303e-01
 2.8689384e-02 2.7665222e-04 4.2461188e-06 4.7841979e-08]"
D:\Uni\Ulm\Master\Hiwi-Forschung-und-Lehre\FairFace\detected_faces\27828_face0.jpg,Middle Eastern,White,Male,30-39,"[2.2771703e-02 1.7233951e-03 3.2239784e-02 1.7655380e-04 4.1295291e-04
 3.3796318e-03 9.3929601e-01]",[0.77985907 0.1611131  0.0191641  0.0398637 ],[9.9999332e-01 6.6655048e-06],"[4.7690414e-06 2.1057413e-05 3.9689633e-04 4.7136929e-02 5.3265375e-01
 4.0600482e-01 1.3567350e-02 2.1034555e-04 4.0616469e-06]"
D:\Uni\Ulm\Master\Hiwi-Forschung-und-Lehre\FairFace\detected_faces\27838_face0.jpg,Middle Eastern,White,Male,40-49,"[4.1772166e-01 3.2189554e-03 1.1783553e-01 1.4729427e-04 2.2979644e-04
 5.4706824e-03 4.5537606e-01]",[0.87934506 0.06312378 0.01842992 0.03910118],[9.995300e-01 4.699256e-04],"[2.2425457e-04 1.8770498e-04 1.2057773e-03 1.2626568e-02 1.0442907e-01
 4.6158761e-01 3.8894263e-01 3.0202558e-02 5.9380592e-04]"
D:\Uni\Ulm\Master\Hiwi-Forschung-und-Lehre\FairFace\detected_faces\27912_face0.jpg,White,White,Male,30-39,"[7.2092813e-01 9.3701128e-05 1.0775661e-02 4.2733474e-05 1.7772679e-04
 4.2681504e-04 2.6755527e-01]",[9.9926341e-01 5.2964158e-05 2.9162926e-04 3.9195348e-04],[9.999940e-01 5.956934e-06],"[5.6679846e-07 1.1729305e-06 1.8674428e-04 4.2603794e-02 6.1015707e-01
 3.3591652e-01 1.0826175e-02 3.0154429e-04 6.3474126e-06]"
D:\Uni\Ulm\Master\Hiwi-Forschung-und-Lehre\FairFace\detected_faces\27921_face0.jpg,White,White,Male,30-39,"[7.3800111e-01 1.2680828e-03 8.6341530e-02 1.7477362e-04 1.6076297e-04
 7.3426729e-04 1.7331953e-01]",[9.8637974e-01 1.2789639e-02 4.5054869e-04 3.8002603e-04],[9.9997717e-01 2.2818758e-05],"[2.1318403e-05 3.0624258e-05 1.2127213e-03 2.1445082e-01 6.3816494e-01
 1.3656408e-01 9.2493501e-03 3.0030758e-04 5.8226301e-06]"
D:\Uni\Ulm\Master\Hiwi-Forschung-und-Lehre\FairFace\detected_faces\27955_face0.jpg,Latino_Hispanic,White,Male,30-39,"[0.24338707 0.00604978 0.56231976 0.0008018  0.00460442 0.06231322
 0.12052388]",[0.78645945 0.02335157 0.00343698 0.18675195],[9.9999928e-01 7.5570364e-07],"[4.6303203e-06 7.6679047e-05 1.9102448e-03 1.9562493e-01 6.4987004e-01
 1.4986642e-01 2.6291199e-03 1.7790800e-05 2.2089387e-07]"
D:\Uni\Ulm\Master\Hiwi-Forschung-und-Lehre\FairFace\detected_faces\27956_face0.jpg,White,White,Male,30-39,"[9.8005998e-01 5.7606244e-06 7.5338926e-04 5.9943773e-07 4.9657360e-06
 3.3317334e-05 1.9141946e-02]",[9.9974972e-01 5.5507790e-05 3.0932675e-05 1.6384412e-04],[9.9999958e-01 4.1608743e-07],"[5.0378638e-08 9.4757291e-07 2.5173946e-04 1.0581825e-01 7.1118623e-01
 1.8072362e-01 2.0074509e-03 1.1563760e-05 1.7891395e-07]"
D:\Uni\Ulm\Master\Hiwi-Forschung-und-Lehre\FairFace\detected_faces\27973_face0.jpg,White,White,Male,30-39,"[9.1238070e-01 1.8634838e-03 5.3288724e-02 3.1279193e-05 1.6897086e-04
 6.8974444e-03 2.5369309e-02]",[9.8499924e-01 3.5239484e-03 2.6653716e-04 1.1210377e-02],[9.999994e-01 5.983004e-07],"[1.0551570e-06 2.2194923e-05 7.3001592e-04 2.7069801e-01 6.8389148e-01
 4.4224322e-02 4.2830914e-04 4.5132078e-06 8.9910479e-08]"
D:\Uni\Ulm\Master\Hiwi-Forschung-und-Lehre\FairFace\detected_faces\27982_face0.jpg,White,White,Male,30-39,"[0.46485087 0.00217341 0.35266158 0.00114415 0.00375705 0.01890494
 0.15650792]",[0.9598632  0.00104362 0.01083808 0.0282551 ],[9.999971e-01 2.880664e-06],"[6.9507028e-06 6.0490554e-05 4.5614134e-04 1.0127769e-01 7.4155194e-01
 1.5469046e-01 1.9412282e-03 1.4967128e-05 1.5684769e-07]"
D:\Uni\Ulm\Master\Hiwi-Forschung-und-Lehre\FairFace\detected_faces\27991_face0.jpg,White,White,Male,30-39,"[9.9515229e-01 3.9513136e-05 9.3094679e-04 4.6531418e-06 1.5348978e-05
 2.3026118e-05 3.8342162e-03]",[9.9827832e-01 8.6754531e-04 3.5028867e-04 5.0377316e-04],[9.999915e-01 8.504182e-06],"[1.3378450e-06 7.9669089e-06 1.9897969e-04 1.7615442e-01 7.5917035e-01
 6.3609198e-02 8.4654550e-04 1.0826257e-05 4.0619994e-07]"
D:\Uni\Ulm\Master\Hiwi-Forschung-und-Lehre\FairFace\detected_faces\27999_face0.jpg,White,White,Male,30-39,"[9.9853581e-01 5.1506386e-06 4.6422894e-04 6.4493402e-06 2.2018759e-05
 5.5582668e-06 9.6078770e-04]",[9.9993980e-01 1.2942489e-05 3.5079644e-05 1.2245389e-05],[9.999976e-01 2.359420e-06],"[3.93635719e-06 5.12744082e-05 3.58333415e-03 1.10606804e-01
 5.14945269e-01 3.26915354e-01 4.21685353e-02 1.68991974e-03
 3.55697121e-05]"
D:\Uni\Ulm\Master\Hiwi-Forschung-und-Lehre\FairFace\detected_faces\28088_face0.jpg,White,White,Male,30-39,"[6.4347720e-01 7.1882037e-05 7.1337804e-02 2.0309386e-04 2.3076523e-04
 3.5372239e-03 2.8114206e-01]",[9.99344409e-01 9.07073809e-06 1.06471954e-04 5.40045963e-04],[9.999202e-01 7.979638e-05],"[2.8889037e-05 1.3174511e-04 2.2500865e-03 5.7439648e-02 4.6073565e-01
 4.3896076e-01 3.9769065e-02 6.7349523e-04 1.0728729e-05]"
D:\Uni\Ulm\Master\Hiwi-Forschung-und-Lehre\FairFace\detected_faces\28142_face0.jpg,White,White,Male,20-29,"[9.9846405e-01 3.8570167e-07 5.4149400e-04 7.1517011e-06 1.2382405e-05
 5.3870431e-06 9.6922630e-04]",[9.9986976e-01 2.8319171e-05 2.9718731e-05 7.2134651e-05],[9.9997586e-01 2.4143425e-05],"[2.7634846e-07 6.5228822e-05 2.3205722e-02 6.4245600e-01 3.2188895e-01
 1.2323015e-02 6.0285529e-05 4.9768914e-07 1.4538595e-08]"
D:\Uni\Ulm\Master\Hiwi-Forschung-und-Lehre\FairFace\detected_faces\28184_face0.jpg,White,White,Male,20-29,"[5.4710507e-01 2.1872735e-03 3.6233959e-01 1.0663474e-04 6.5618014e-04
 6.3427753e-04 8.6970948e-02]",[0.8873509  0.10078187 0.01022881 0.00163841],[9.9999654e-01 3.4735178e-06],"[2.4287337e-07 2.2269751e-05 7.6886034e-03 6.1904991e-01 3.6421910e-01
 8.9395531e-03 7.9274469e-05 1.0709679e-06 1.5983678e-08]"
D:\Uni\Ulm\Master\Hiwi-Forschung-und-Lehre\FairFace\detected_faces\28186_face0.jpg,Latino_Hispanic,Black,Male,20-29,"[3.3562947e-02 3.3861775e-02 7.5401491e-01 4.7849902e-04 3.3973334e-03
 3.8213082e-02 1.3647151e-01]",[0.04790099 0.8513179  0.00709904 0.09368207],[9.999918e-01 8.196022e-06],"[5.1173248e-07 1.2188828e-05 3.1742661e-03 5.5452138e-01 4.1457886e-01
 2.7183006e-02 5.2051485e-04 9.0697231e-06 2.1672288e-07]"
D:\Uni\Ulm\Master\Hiwi-Forschung-und-Lehre\FairFace\detected_faces\28207_face0.jpg,Middle Eastern,White,Male,20-29,"[1.7824042e-01 2.8469067e-04 2.1344948e-01 1.0655039e-04 2.4021823e-04
 1.0371952e-02 5.9730667e-01]",[0.90809834 0.00143575 0.00177859 0.08868734],[9.9997187e-01 2.8136210e-05],"[1.4772277e-07 4.7085759e-06 2.7177779e-03 6.2810701e-01 3.6002910e-01
 9.1039902e-03 3.6857760e-05 3.3991458e-07 5.0430375e-09]"
D:\Uni\Ulm\Master\Hiwi-Forschung-und-Lehre\FairFace\detected_faces\28221_face0.jpg,White,White,Male,20-29,"[8.5063726e-01 8.8343768e-05 5.1874608e-02 2.6869478e-05 6.3140360e-05
 4.0520262e-03 9.3257710e-02]",[9.9416488e-01 1.5834259e-04 2.7722626e-05 5.6491159e-03],[9.9984300e-01 1.5702832e-04],"[2.9534488e-07 5.1649226e-06 2.0164361e-03 7.0102388e-01 2.9349768e-01
 3.4442551e-03 1.2012358e-05 2.6238820e-07 5.9648104e-09]"
D:\Uni\Ulm\Master\Hiwi-Forschung-und-Lehre\FairFace\detected_faces\28242_face0.jpg,Middle Eastern,White,Male,30-39,"[3.6018744e-01 2.7479811e-04 6.2088691e-02 8.1907499e-05 2.2994226e-04
 4.7646021e-03 5.7237262e-01]",[9.8401493e-01 4.0554482e-04 1.1815864e-03 1.4397954e-02],[9.9992883e-01 7.1169503e-05],"[1.2273004e-05 9.7347518e-05 1.1815521e-03 1.5006858e-01 6.3866174e-01
 2.0418604e-01 5.6928215e-03 9.7244018e-05 2.3969353e-06]"
D:\Uni\Ulm\Master\Hiwi-Forschung-und-Lehre\FairFace\detected_faces\28317_face0.jpg,White,White,Male,30-39,"[9.9996889e-01 1.1088888e-06 6.0603365e-06 2.6746719e-07 7.5165900e-07
 1.5918629e-07 2.2755190e-05]",[9.997150e-01 2.839759e-04 5.919761e-07 4.866865e-07],[9.999924e-01 7.635530e-06],"[3.4050419e-07 6.3335192e-06 1.8523445e-03 3.9013872e-01 5.7838607e-01
 2.8961265e-02 6.4771855e-04 6.8845093e-06 3.5437947e-07]"
D:\Uni\Ulm\Master\Hiwi-Forschung-und-Lehre\FairFace\detected_faces\28367_face0.jpg,White,White,Male,30-39,"[9.5956254e-01 7.4941592e-05 1.2057809e-02 5.1170755e-06 2.3972858e-05
 1.8427508e-04 2.8091382e-02]",[9.9960375e-01 1.2612359e-04 6.3271153e-05 2.0688551e-04],[9.9995303e-01 4.6981771e-05],"[2.2649179e-07 2.9155865e-06 1.8379140e-04 1.4807034e-01 7.9988253e-01
 5.1681310e-02 1.7782838e-04 1.1740490e-06 3.0400308e-08]"
D:\Uni\Ulm\Master\Hiwi-Forschung-und-Lehre\FairFace\detected_faces\28378_face0.jpg,White,White,Male,30-39,"[9.2356038e-01 2.9104881e-04 1.2706780e-02 5.9059232e-05 2.0411535e-04
 1.3484215e-04 6.3043825e-02]",[0.98571545 0.00722504 0.00516887 0.00189068],[9.9999946e-01 5.5629283e-07],"[8.3018030e-08 7.0604901e-06 1.5465507e-03 3.6589897e-01 5.9978014e-01
 3.2632750e-02 1.3340308e-04 1.0030319e-06 1.2755884e-08]"
D:\Uni\Ulm\Master\Hiwi-Forschung-und-Lehre\FairFace\detected_faces\28386_face0.jpg,White,White,Male,30-39,"[9.1944277e-01 6.4432679e-04 4.9904458e-02 1.0836715e-05 8.8736560e-05
 1.7270680e-04 2.9736234e-02]",[9.896488e-01 9.552083e-03 1.822799e-04 6.167693e-04],[9.9999952e-01 4.8539874e-07],"[4.0035172e-07 1.5200517e-05 1.5316517e-03 4.8797095e-01 4.9440950e-01
 1.5975580e-02 9.5077827e-05 1.7781714e-06 3.3175308e-08]"
D:\Uni\Ulm\Master\Hiwi-Forschung-und-Lehre\FairFace\detected_faces\29447_face0.jpg,White,White,Male,30-39,"[9.5984238e-01 2.1472979e-05 1.6235251e-03 3.0841434e-06 1.3682825e-05
 2.1927985e-05 3.8473915e-02]",[9.9947315e-01 2.4048526e-04 5.5259239e-05 2.3108204e-04],[9.9999046e-01 9.5152263e-06],"[1.9318516e-07 1.0514745e-05 4.8147249e-03 4.3741989e-01 5.2369207e-01
 3.3795711e-02 2.6454133e-04 2.2739982e-06 2.7174979e-08]"
D:\Uni\Ulm\Master\Hiwi-Forschung-und-Lehre\FairFace\detected_faces\29718_face0.jpg,White,White,Male,30-39,"[9.8317719e-01 5.9865982e-07 1.4866872e-03 2.3139391e-06 5.7127700e-06
 6.5944286e-04 1.4668066e-02]",[9.9250567e-01 1.6646029e-05 7.5037075e-05 7.4025807e-03],[9.9998516e-01 1.4778228e-05],"[9.99980898e-08 1.17199932e-06 8.97633945e-05 1.02081202e-01
 7.83592880e-01 1.13902986e-01 3.30619834e-04 1.31893853e-06
 1.96907912e-08]"
D:\Uni\Ulm\Master\Hiwi-Forschung-und-Lehre\FairFace\detected_faces\29746_face0.jpg,White,White,Male,30-39,"[7.6427811e-01 4.7544407e-04 9.9689655e-02 7.8813573e-05 2.8971431e-04
 9.3683479e-03 1.2581989e-01]",[9.8758113e-01 2.8890601e-04 1.2142733e-03 1.0915690e-02],[0.9962424  0.00375759],"[4.4642684e-07 2.2777716e-05 2.4863132e-03 3.5544866e-01 6.1689013e-01
 2.5050858e-02 9.9576821e-05 1.2272131e-06 3.1264165e-08]"
D:\Uni\Ulm\Master\Hiwi-Forschung-und-Lehre\FairFace\detected_faces\29759_face0.jpg,Latino_Hispanic,White,Male,20-29,"[1.1140761e-01 1.0756874e-02 8.1155872e-01 4.5075307e-05 2.4704452e-04
 2.7199881e-02 3.8784806e-02]",[0.5719128  0.04683614 0.00200777 0.37924328],[9.9999636e-01 3.6230983e-06],"[3.2496607e-07 9.8286764e-06 5.3705806e-03 5.4800677e-01 4.2736402e-01
 1.9059060e-02 1.8746340e-04 1.9360866e-06 1.8094719e-08]"
D:\Uni\Ulm\Master\Hiwi-Forschung-und-Lehre\FairFace\detected_faces\29773_face0.jpg,White,White,Male,20-29,"[9.2084551e-01 4.5145513e-05 6.4106849e-03 5.8191144e-06 1.2498255e-05
 1.5911533e-04 7.2521269e-02]",[9.9698794e-01 4.1537295e-04 5.7743116e-05 2.5389572e-03],[9.9980050e-01 1.9956316e-04],"[4.8231288e-07 3.7833499e-05 1.7554294e-02 7.2923696e-01 2.4453484e-01
 8.5801845e-03 5.4328193e-05 1.0404406e-06 2.2207157e-08]"
D:\Uni\Ulm\Master\Hiwi-Forschung-und-Lehre\FairFace\detected_faces\29774_face0.jpg,Black,Black,Male,30-39,"[2.0342115e-04 9.9162644e-01 4.2570871e-03 3.6993936e-06 7.7208104e-05
 3.3628943e-03 4.6926260e-04]",[7.8419318e-05 9.9455506e-01 1.0936233e-04 5.2571166e-03],[9.9983233e-01 1.6761351e-04],"[2.9382528e-08 5.6417684e-07 5.5949867e-04 3.3693057e-01 6.0227668e-01
 5.8909014e-02 1.3120982e-03 1.1233557e-05 3.8141985e-07]"
D:\Uni\Ulm\Master\Hiwi-Forschung-und-Lehre\FairFace\detected_faces\29791_face0.jpg,White,White,Male,20-29,"[6.0539079e-01 8.0608128e-04 1.5835345e-01 6.2674881e-05 2.1088723e-04
 1.1292875e-03 2.3404685e-01]",[9.8241031e-01 9.0475762e-03 9.2353154e-04 7.6185670e-03],[9.9999976e-01 2.4245071e-07],"[1.1085488e-06 2.5777026e-05 5.6020305e-03 7.2272718e-01 2.6351207e-01
 8.0822567e-03 4.8925627e-05 7.0755146e-07 9.4330712e-09]"
D:\Uni\Ulm\Master\Hiwi-Forschung-und-Lehre\FairFace\detected_faces\30027_face0.jpg,Middle Eastern,White,Male,30-39,"[7.4840211e-03 3.5109778e-03 4.5270450e-02 3.7032441e-06 5.2960597e-05
 1.1112909e-03 9.4256663e-01]",[0.6393849  0.19288424 0.01084917 0.15688162],[9.9999380e-01 6.1939345e-06],"[3.50863189e-07 4.16147532e-06 6.49501570e-04 1.11424655e-01
 6.66228950e-01 2.16772676e-01 4.81457403e-03 1.03279497e-04
 1.84948101e-06]"
D:\Uni\Ulm\Master\Hiwi-Forschung-und-Lehre\FairFace\detected_faces\30127_face0.jpg,White,White,Male,30-39,"[8.5414869e-01 5.6065470e-05 1.7342258e-02 3.3415450e-05 1.1069037e-04
 1.9711420e-04 1.2811173e-01]",[9.9846244e-01 8.4696163e-05 3.1563552e-04 1.1372542e-03],[9.9996072e-01 3.9200986e-05],"[1.1189418e-06 5.7421398e-06 5.0319952e-04 1.1563072e-01 7.1303886e-01
 1.6858493e-01 2.2066154e-03 2.8322733e-05 5.0382403e-07]"
D:\Uni\Ulm\Master\Hiwi-Forschung-und-Lehre\FairFace\detected_faces\30134_face0.jpg,Black,Black,Male,20-29,"[0.00641635 0.47199818 0.17811115 0.00360252 0.04477597 0.02812279
 0.26697305]",[0.00205772 0.8381454  0.15037794 0.00941894],[9.9980438e-01 1.9561435e-04],"[5.43209399e-06 1.10048859e-03 7.05602542e-02 6.94402218e-01
 2.19891027e-01 1.38078695e-02 2.23761599e-04 8.57657869e-06
 4.66235093e-07]"
D:\Uni\Ulm\Master\Hiwi-Forschung-und-Lehre\FairFace\detected_faces\30144_face0.jpg,White,White,Male,30-39,"[9.9758488e-01 7.7835894e-06 8.8569813e-04 5.2092128e-06 1.3996439e-05
 3.2504624e-05 1.4700345e-03]",[9.9985892e-01 9.4757324e-06 3.9991195e-05 9.1548216e-05],[9.9998093e-01 1.9078645e-05],"[6.62513457e-08 1.97958229e-06 6.09342358e-04 2.10249275e-01
 6.84987247e-01 1.02015354e-01 2.12609186e-03 1.04260125e-05
 2.35168102e-07]"
D:\Uni\Ulm\Master\Hiwi-Forschung-und-Lehre\FairFace\detected_faces\30243_face0.jpg,Indian,Indian,Male,30-39,"[1.1508962e-02 3.0491067e-02 2.2344416e-01 3.6006626e-05 5.0247525e-04
 4.1749671e-01 3.1652051e-01]",[1.1766290e-02 3.8673554e-02 3.9655928e-04 9.4916362e-01],[9.999865e-01 1.347965e-05],"[1.5408179e-05 6.5302884e-04 1.4074317e-02 4.1918063e-01 5.1008898e-01
 5.4979067e-02 9.9251536e-04 1.5855036e-05 1.8246335e-07]"
D:\Uni\Ulm\Master\Hiwi-Forschung-und-Lehre\FairFace\detected_faces\30376_face0.jpg,White,White,Male,20-29,"[9.8812878e-01 7.6307488e-06 2.4319795e-04 7.8565034e-07 4.6533378e-06
 2.2124475e-05 1.1592871e-02]",[9.9821889e-01 4.3808206e-04 1.1970382e-05 1.3311387e-03],[9.9999154e-01 8.4359099e-06],"[2.7378690e-06 8.3482933e-05 4.8383139e-03 5.9039104e-01 3.8182303e-01
 2.2526635e-02 3.2820119e-04 6.3276525e-06 1.6968836e-07]"
D:\Uni\Ulm\Master\Hiwi-Forschung-und-Lehre\FairFace\detected_faces\30401_face0.jpg,White,White,Male,30-39,"[9.99426365e-01 7.48374214e-06 9.04330882e-05 1.04461144e-07
 4.19325971e-07 2.85321107e-06 4.72338579e-04]",[9.9564403e-01 2.2867904e-03 9.2987917e-05 1.9762085e-03],[1.0000000e+00 5.6416344e-08],"[2.1062386e-08 2.0388148e-07 7.5447162e-05 1.0288534e-01 7.0583719e-01
 1.8559238e-01 5.5694100e-03 3.9551851e-05 4.2805812e-07]"
D:\Uni\Ulm\Master\Hiwi-Forschung-und-Lehre\FairFace\detected_faces\30502_face0.jpg,Middle Eastern,Black,Male,30-39,"[5.3086812e-03 1.9862352e-01 1.8296212e-01 7.4276373e-05 2.6136450e-03
 8.2153097e-02 5.2826464e-01]",[0.00732202 0.5747733  0.01982538 0.39807928],[9.9999726e-01 2.6916625e-06],"[4.1140606e-06 4.5565044e-05 2.1058240e-03 2.5642443e-01 6.5503758e-01
 8.5137203e-02 1.2199362e-03 2.4675914e-05 6.7846491e-07]"
D:\Uni\Ulm\Master\Hiwi-Forschung-und-Lehre\FairFace\detected_faces\30530_face0.jpg,White,White,Male,20-29,"[9.9768084e-01 2.6848447e-06 5.5009918e-04 2.3036284e-05 3.6625832e-05
 1.1157654e-05 1.6955732e-03]",[9.9922800e-01 1.0548769e-04 3.2547367e-04 3.4092559e-04],[9.9999857e-01 1.4598371e-06],"[2.6231103e-07 2.6267830e-05 2.0159408e-03 4.9753335e-01 4.7801343e-01
 2.2223594e-02 1.8536909e-04 1.6761774e-06 5.9013260e-08]"
D:\Uni\Ulm\Master\Hiwi-Forschung-und-Lehre\FairFace\detected_faces\30745_face0.jpg,Middle Eastern,Indian,Male,20-29,"[3.0989051e-02 5.3600263e-02 3.3055452e-01 1.0384144e-05 1.5287718e-04
 7.4663609e-02 5.1002938e-01]",[0.08816745 0.1241324  0.00130441 0.7863957 ],[9.9999213e-01 7.8075373e-06],"[4.8822638e-08 1.9830957e-05 1.8568648e-02 8.3206850e-01 1.4780587e-01
 1.5312744e-03 5.7157258e-06 5.3190291e-08 7.0634026e-10]"
D:\Uni\Ulm\Master\Hiwi-Forschung-und-Lehre\FairFace\detected_faces\31156_face0.jpg,White,White,Male,30-39,"[9.7157156e-01 5.1355863e-05 3.9687124e-03 2.7563162e-06 1.0305441e-05
 6.1900231e-05 2.4333391e-02]",[9.9974453e-01 1.7824284e-04 3.5541776e-05 4.1685860e-05],[9.9999958e-01 4.5266464e-07],"[5.8471787e-08 4.3665545e-07 8.8093904e-05 1.3990662e-01 7.9652238e-01
 6.3138686e-02 3.4122530e-04 2.4851636e-06 3.2698765e-08]"
D:\Uni\Ulm\Master\Hiwi-Forschung-und-Lehre\FairFace\detected_faces\31176_face0.jpg,Middle Eastern,White,Male,30-39,"[1.1756791e-01 3.9230129e-03 3.6180547e-01 4.3362394e-04 1.9044355e-03
 1.0784253e-02 5.0358129e-01]",[0.8860306  0.07295673 0.02271172 0.01830091],[9.9999952e-01 5.1351213e-07],"[1.6101059e-06 3.8244878e-05 7.0220116e-04 1.2536190e-01 7.1679676e-01
 1.5495887e-01 2.1239575e-03 1.6330534e-05 1.4747408e-07]"
D:\Uni\Ulm\Master\Hiwi-Forschung-und-Lehre\FairFace\detected_faces\31273_face0.jpg,White,White,Male,30-39,"[8.4551203e-01 2.8724113e-05 1.6975538e-03 5.0387216e-06 7.9411066e-06
 1.3453720e-04 1.5261416e-01]",[9.9199146e-01 1.7855867e-03 9.1786974e-04 5.3050332e-03],[1.0000000e+00 2.8721013e-08],"[9.7875869e-08 1.0283925e-07 3.0126164e-05 4.7546666e-02 6.4207160e-01
 2.9814833e-01 1.2071330e-02 1.3045408e-04 1.2432265e-06]"
D:\Uni\Ulm\Master\Hiwi-Forschung-und-Lehre\FairFace\detected_faces\31325_face0.jpg,White,White,Male,30-39,"[9.98740733e-01 3.68957467e-06 1.15534414e-04 1.11540135e-06
 2.70047713e-06 1.72760110e-06 1.13456917e-03]",[9.9682879e-01 8.9735672e-04 9.2687906e-04 1.3470227e-03],[9.9999696e-01 3.0106994e-06],"[2.8585085e-09 1.4697204e-07 3.7422459e-04 3.6983973e-01 5.9259492e-01
 3.6856957e-02 3.3120916e-04 2.7764784e-06 3.9992408e-08]"
D:\Uni\Ulm\Master\Hiwi-Forschung-und-Lehre\FairFace\detected_faces\31406_face0.jpg,White,White,Male,20-29,"[5.1685506e-01 1.3289033e-04 3.9874938e-01 1.5709195e-03 2.6216928e-03
 1.6570747e-03 7.8412950e-02]",[9.9614608e-01 8.3095867e-05 2.8429676e-03 9.2791149e-04],[9.9994940e-01 5.0613846e-05],"[1.3558470e-07 3.3889612e-06 5.8367909e-03 5.5091047e-01 4.3164203e-01
 1.1536110e-02 7.0282731e-05 8.3992421e-07 7.4534894e-09]"
D:\Uni\Ulm\Master\Hiwi-Forschung-und-Lehre\FairFace\detected_faces\31417_face0.jpg,Black,Black,Male,20-29,"[5.9377152e-04 9.7924566e-01 1.8984452e-02 2.9265333e-05 8.3192030e-04
 2.9128935e-04 2.3643435e-05]",[9.1582719e-05 9.9883372e-01 5.9328496e-04 4.8138184e-04],[9.999960e-01 3.974863e-06],"[2.1321733e-07 3.3253614e-06 1.2678463e-02 7.2920662e-01 2.2723420e-01
 2.8567517e-02 2.2451512e-03 6.2908839e-05 1.6342054e-06]"
D:\Uni\Ulm\Master\Hiwi-Forschung-und-Lehre\FairFace\detected_faces\31483_face0.jpg,Middle Eastern,Black,Male,30-39,"[4.90644127e-02 1.14969485e-01 5.33410683e-02 7.76025502e-07
 9.58698274e-06 3.13222478e-03 7.79482484e-01]",[2.6290333e-02 9.6975547e-01 2.1974178e-04 3.7345174e-03],[9.999999e-01 6.912544e-08],"[3.7556737e-07 5.2103492e-06 3.0600256e-04 1.7489600e-01 7.2784543e-01
 9.6015625e-02 9.2113367e-04 1.0229045e-05 1.2363725e-07]"
D:\Uni\Ulm\Master\Hiwi-Forschung-und-Lehre\FairFace\detected_faces\31517_face0.jpg,Middle Eastern,White,Male,20-29,"[1.2978558e-01 2.3843058e-04 5.0840605e-02 4.0771723e-05 1.2693071e-04
 4.6695597e-03 8.1429809e-01]",[9.4978136e-01 2.4049920e-03 5.2000023e-04 4.7293760e-02],[9.9998450e-01 1.5451415e-05],"[8.8827086e-08 3.2513205e-06 2.0388504e-03 6.5339607e-01 3.3912274e-01
 5.4183253e-03 2.0453001e-05 2.4340773e-07 5.7703109e-09]"
D:\Uni\Ulm\Master\Hiwi-Forschung-und-Lehre\FairFace\detected_faces\31585_face0.jpg,Black,Black,Male,30-39,"[2.6496914e-06 9.9998236e-01 1.0311761e-05 3.8959844e-09 2.1629624e-08
 2.8794568e-06 1.8174718e-06]",[2.4021922e-06 9.9999189e-01 1.0773604e-06 4.6980385e-06],[9.9999565e-01 4.3947257e-06],"[1.0371180e-06 6.0389248e-05 2.7102255e-03 2.3975162e-01 5.8214116e-01
 1.7050816e-01 4.7799917e-03 4.5525918e-05 1.9046815e-06]"
D:\Uni\Ulm\Master\Hiwi-Forschung-und-Lehre\FairFace\detected_faces\31703_face0.jpg,White,White,Male,30-39,"[9.9582356e-01 1.9462236e-06 4.6670585e-04 8.8412128e-07 3.9802762e-06
 1.8394194e-05 3.6844818e-03]",[9.9961454e-01 4.2585700e-05 1.9570301e-05 3.2326908e-04],[9.9915439e-01 8.4559136e-04],"[3.4887495e-07 2.4690233e-05 8.3436426e-03 4.2345411e-01 5.1150197e-01
 5.5254441e-02 1.4037391e-03 1.6586524e-05 5.2041088e-07]"
D:\Uni\Ulm\Master\Hiwi-Forschung-und-Lehre\FairFace\detected_faces\31761_face0.jpg,White,White,Male,30-39,"[9.1357917e-01 2.2583610e-05 1.1122263e-03 2.6710470e-07 1.3198535e-06
 2.8733391e-05 8.5255705e-02]",[9.9990058e-01 2.8481782e-05 9.8303440e-07 7.0046211e-05],[9.9997967e-01 2.0330373e-05],"[4.9871257e-08 1.9093620e-06 2.4138921e-04 1.3958594e-01 7.8362948e-01
 7.6190822e-02 3.4778650e-04 2.5858092e-06 3.9524693e-08]"
D:\Uni\Ulm\Master\Hiwi-Forschung-und-Lehre\FairFace\detected_faces\31812_face0.jpg,Latino_Hispanic,Black,Male,20-29,"[2.8184691e-01 8.9726284e-02 5.8074909e-01 7.0728805e-05 8.3466305e-04
 1.6952000e-03 4.5077190e-02]",[0.19222099 0.7923795  0.0012565  0.014143  ],[9.9999964e-01 3.8568473e-07],"[1.0863752e-09 4.0620938e-07 1.5429083e-02 9.4498384e-01 3.9367132e-02
 2.1867437e-04 8.4885858e-07 1.9777703e-08 2.6981814e-10]"
D:\Uni\Ulm\Master\Hiwi-Forschung-und-Lehre\FairFace\detected_faces\31814_face0.jpg,White,White,Male,30-39,"[0.489592   0.00113457 0.33856028 0.00075695 0.00191004 0.00301969
 0.16502647]",[0.98309284 0.00185794 0.00609987 0.00894933],[9.9999970e-01 3.0282806e-07],"[2.1550550e-05 8.5629217e-05 1.8363479e-03 1.0750218e-01 5.8709627e-01
 2.9119715e-01 1.1971566e-02 2.8704607e-04 2.3113550e-06]"
D:\Uni\Ulm\Master\Hiwi-Forschung-und-Lehre\FairFace\detected_faces\31828_face0.jpg,White,White,Male,20-29,"[9.6725506e-01 1.0646238e-04 2.5244119e-02 6.5704036e-05 1.9222022e-04
 5.1373216e-05 7.0850071e-03]",[9.9946171e-01 4.3206188e-04 5.5058175e-05 5.1177114e-05],[9.9999994e-01 9.1113208e-08],"[5.6560702e-07 1.4754657e-05 6.3123042e-03 5.3368306e-01 4.3550664e-01
 2.4118409e-02 3.5878626e-04 5.4150560e-06 4.5931653e-08]"
D:\Uni\Ulm\Master\Hiwi-Forschung-und-Lehre\FairFace\detected_faces\31861_face0.jpg,White,White,Male,20-29,"[7.7715194e-01 1.8879302e-02 1.0574573e-01 4.6840618e-05 2.4637359e-04
 1.0340668e-03 9.6895725e-02]",[0.68595755 0.28629375 0.00201601 0.02573266],[9.9999917e-01 8.5752515e-07],"[2.9201638e-06 3.2819775e-05 3.2900325e-03 6.4910603e-01 3.3037347e-01
 1.6781583e-02 3.9713606e-04 1.5667836e-05 3.4670609e-07]"
D:\Uni\Ulm\Master\Hiwi-Forschung-und-Lehre\FairFace\detected_faces\31867_face0.jpg,White,White,Male,20-29,"[9.99767363e-01 8.29147154e-07 1.13409595e-04 2.50382141e-06
 5.18697971e-06 3.63310249e-07 1.10344314e-04]",[9.9952304e-01 1.3140880e-04 2.8874935e-04 5.6751032e-05],[9.9999839e-01 1.6255653e-06],"[1.6244482e-09 8.1530720e-07 3.2701562e-03 9.2051601e-01 7.5656101e-02
 5.5550056e-04 1.4178363e-06 2.0864508e-08 4.9495608e-10]"
D:\Uni\Ulm\Master\Hiwi-Forschung-und-Lehre\FairFace\detected_faces\31876_face0.jpg,White,White,Male,20-29,"[6.7493629e-01 2.1989646e-05 2.8709091e-02 1.1646169e-05 4.4248958e-05
 4.3330509e-03 2.9194361e-01]",[9.8574573e-01 5.5546167e-05 1.2595872e-04 1.4072838e-02],[9.999469e-01 5.313380e-05],"[5.8620719e-07 3.9734750e-05 5.6029693e-03 6.2552154e-01 3.6216789e-01
 6.6516045e-03 1.5647971e-05 1.0996329e-07 1.9302910e-09]"
D:\Uni\Ulm\Master\Hiwi-Forschung-und-Lehre\FairFace\detected_faces\31881_face0.jpg,Black,Black,Male,30-39,"[6.0693692e-06 9.9928486e-01 4.1047559e-04 2.4233870e-09 1.8251998e-07
 2.4132528e-04 5.7066598e-05]",[9.74469913e-06 9.99886990e-01 6.45245734e-07 1.02679536e-04],[1.0000000e+00 5.8061045e-10],"[2.4152771e-09 6.2425570e-08 3.1030847e-04 3.7112677e-01 5.9362990e-01
 3.4642413e-02 2.8777885e-04 2.7557221e-06 1.6969945e-08]"
D:\Uni\Ulm\Master\Hiwi-Forschung-und-Lehre\FairFace\detected_faces\31886_face0.jpg,Middle Eastern,White,Male,20-29,"[1.3396983e-01 4.6974805e-04 2.6852684e-02 1.0800962e-05 5.0423401e-05
 1.0864068e-02 8.2778239e-01]",[9.134625e-01 5.360311e-04 5.421505e-04 8.545925e-02],[9.9999624e-01 3.7150076e-06],"[6.7934974e-07 1.6148542e-05 2.5422308e-03 5.8762079e-01 3.9836973e-01
 1.1397402e-02 5.2317337e-05 6.6213209e-07 9.1741734e-09]"
D:\Uni\Ulm\Master\Hiwi-Forschung-und-Lehre\FairFace\detected_faces\31938_face0.jpg,Middle Eastern,White,Male,20-29,"[4.6330717e-01 1.0273735e-04 4.3348856e-02 7.0428243e-05 1.7148847e-04
 6.3996424e-04 4.9235940e-01]",[9.9746668e-01 3.1539705e-04 1.2617512e-04 2.0917023e-03],[9.9997336e-01 2.6675061e-05],"[6.9984713e-07 1.0736681e-05 1.2059390e-03 5.5240095e-01 4.3951514e-01
 6.8487767e-03 1.7530494e-05 2.1914863e-07 4.8047157e-09]"
D:\Uni\Ulm\Master\Hiwi-Forschung-und-Lehre\FairFace\detected_faces\31968_face0.jpg,White,White,Male,30-39,"[4.7527257e-01 4.1491509e-04 3.4955156e-01 1.7653154e-04 1.2239142e-03
 2.7365908e-02 1.4599456e-01]",[8.7307119e-01 3.9645060e-04 5.7572788e-03 1.2077511e-01],[0.99854976 0.00145022],"[7.90125682e-07 1.16759395e-04 8.12107697e-03 4.41006899e-01
 5.36295235e-01 1.44152502e-02 4.37065028e-05 3.23318034e-07
 7.24906535e-09]"
D:\Uni\Ulm\Master\Hiwi-Forschung-und-Lehre\FairFace\detected_faces\31981_face0.jpg,Latino_Hispanic,White,Male,30-39,"[0.07724284 0.0089809  0.47575542 0.00094692 0.00327981 0.04820196
 0.3855921 ]",[0.764709   0.0239     0.01086163 0.20052938],[9.9984777e-01 1.5221869e-04],"[1.3208381e-04 2.5518031e-03 1.2978795e-02 3.3884045e-01 5.6194788e-01
 8.2264863e-02 1.2576032e-03 2.5811129e-05 6.5415617e-07]"
D:\Uni\Ulm\Master\Hiwi-Forschung-und-Lehre\FairFace\detected_faces\32002_face0.jpg,Latino_Hispanic,Black,Male,20-29,"[8.83200169e-02 1.13019995e-01 7.07699299e-01 5.24564639e-05
 1.21864432e-03 7.51468493e-03 8.21748674e-02]",[0.42458168 0.5171516  0.01320782 0.04505888],[9.9999702e-01 2.9864582e-06],"[5.5634391e-08 2.8238537e-05 7.9766884e-02 8.6288887e-01 5.6370113e-02
 9.3942613e-04 6.2674417e-06 8.7533024e-08 1.3642411e-09]"
D:\Uni\Ulm\Master\Hiwi-Forschung-und-Lehre\FairFace\detected_faces\32020_face0.jpg,White,White,Male,30-39,"[9.4662893e-01 3.5331145e-06 1.3233184e-04 9.3164431e-07 4.7909766e-06
 5.4318848e-06 5.3224046e-02]",[9.9996293e-01 6.0235843e-06 5.0662989e-06 2.6043537e-05],[9.9987191e-01 1.2807656e-04],"[9.0273971e-07 2.1101523e-05 1.5765055e-03 1.4540708e-01 7.3942930e-01
 1.1209585e-01 1.4497624e-03 1.8573974e-05 8.6854061e-07]"
D:\Uni\Ulm\Master\Hiwi-Forschung-und-Lehre\FairFace\detected_faces\32023_face0.jpg,White,White,Male,30-39,"[9.0442276e-01 6.7329478e-05 8.0184918e-03 6.4458902e-05 3.0499883e-04
 2.3189798e-04 8.6890146e-02]",[9.9944520e-01 2.0612862e-05 2.2074483e-04 3.1338786e-04],[9.9999994e-01 5.6853885e-08],"[8.9561336e-06 1.8722880e-05 2.8671834e-04 5.4934941e-02 7.0188373e-01
 2.3845275e-01 4.3540956e-03 5.9445832e-05 6.4084753e-07]"
D:\Uni\Ulm\Master\Hiwi-Forschung-und-Lehre\FairFace\detected_faces\32038_face0.jpg,White,White,Male,30-39,"[8.4057778e-01 5.0709996e-04 2.7706228e-02 1.1289446e-04 2.8775900e-04
 2.3523184e-04 1.3057300e-01]",[0.98847735 0.00551984 0.00359805 0.00240481],[9.9999958e-01 3.9035484e-07],"[2.5021231e-07 2.5419529e-06 5.9737096e-04 4.4909924e-01 5.2950037e-01
 2.0684369e-02 1.1425644e-04 1.5877391e-06 2.6057982e-08]"
D:\Uni\Ulm\Master\Hiwi-Forschung-und-Lehre\FairFace\detected_faces\32040_face0.jpg,Middle Eastern,White,Male,20-29,"[9.7714052e-02 1.0104146e-03 1.4680590e-01 1.1909445e-04 3.0701366e-04
 3.2993400e-04 7.5371367e-01]",[0.95745885 0.02276104 0.01383248 0.00594755],[9.999999e-01 1.297444e-07],"[3.2670311e-08 8.7170365e-06 2.1587307e-02 9.1474521e-01 6.3120730e-02
 5.3688709e-04 1.1267475e-06 2.7690360e-08 3.1791630e-10]"
D:\Uni\Ulm\Master\Hiwi-Forschung-und-Lehre\FairFace\detected_faces\32042_face0.jpg,White,White,Male,30-39,"[0.48001197 0.00120486 0.2570052  0.00061372 0.00156713 0.01662762
 0.24296947]",[0.82446057 0.00853392 0.00415052 0.16285507],[9.999989e-01 1.099607e-06],"[1.5700284e-07 1.5269579e-06 6.1725912e-04 4.1524094e-01 5.6507373e-01
 1.8969266e-02 9.6114629e-05 1.0108315e-06 1.4822893e-08]"
D:\Uni\Ulm\Master\Hiwi-Forschung-und-Lehre\FairFace\detected_faces\32044_face0.jpg,Middle Eastern,White,Male,40-49,"[2.4688640e-01 4.7087557e-05 9.8124379e-03 6.6068669e-06 3.0644562e-05
 1.7360289e-03 7.4148083e-01]",[0.9661928  0.00099715 0.00103361 0.0317764 ],[9.9999398e-01 6.0364337e-06],"[4.8262962e-07 1.9179704e-06 1.8463441e-04 1.4897655e-02 3.3543232e-01
 5.8949846e-01 5.9510767e-02 4.6888797e-04 4.8935394e-06]"
D:\Uni\Ulm\Master\Hiwi-Forschung-und-Lehre\FairFace\detected_faces\32045_face0.jpg,Black,Black,Male,30-39,"[1.1046093e-03 8.6115229e-01 4.3602280e-02 2.2846295e-07 1.3293663e-05
 3.6582656e-02 5.7544693e-02]",[1.0149680e-03 9.6633881e-01 7.1809547e-05 3.2574378e-02],[9.9999994e-01 4.3270180e-08],"[4.86064664e-07 9.96286599e-06 3.45883891e-04 1.14085875e-01
 7.74305522e-01 1.10229507e-01 1.00965903e-03 1.31078050e-05
 1.26669420e-07]"
D:\Uni\Ulm\Master\Hiwi-Forschung-und-Lehre\FairFace\detected_faces\32048_face0.jpg,Latino_Hispanic,White,Male,30-39,"[0.36107337 0.03622693 0.5698415  0.00067039 0.0042808  0.0044949
 0.02341205]",[0.8508257  0.12955281 0.01030997 0.00931146],[9.999906e-01 9.414471e-06],"[3.3916499e-06 5.6524834e-05 2.0694991e-03 3.7529159e-01 5.9287316e-01
 2.9536925e-02 1.6668845e-04 2.1842002e-06 3.5250682e-08]"
D:\Uni\Ulm\Master\Hiwi-Forschung-und-Lehre\FairFace\detected_faces\32052_face0.jpg,White,White,Male,20-29,"[8.4317046e-01 5.8098356e-03 1.3896969e-01 9.2375609e-05 6.4749306e-04
 9.0047943e-05 1.1220237e-02]",[8.7657106e-01 1.2284715e-01 4.0225245e-04 1.7956053e-04],[9.9999803e-01 2.0090463e-06],"[7.5540676e-08 2.8150631e-05 4.5338653e-02 8.1739622e-01 1.3345684e-01
 3.7207976e-03 5.8497983e-05 7.0126003e-07 1.3838402e-08]"
D:\Uni\Ulm\Master\Hiwi-Forschung-und-Lehre\FairFace\detected_faces\32124_face0.jpg,Latino_Hispanic,Indian,Male,40-49,"[8.9730203e-02 2.5536888e-03 6.8192232e-01 4.3154894e-05 2.8951024e-04
 1.9786179e-01 2.7599322e-02]",[0.17599842 0.04795855 0.00434469 0.77169836],[9.999450e-01 5.505017e-05],"[1.8371446e-06 4.2468482e-06 1.1343851e-04 1.2719053e-02 4.5094505e-01
 4.9720266e-01 3.8780399e-02 2.3160192e-04 1.6931253e-06]"
D:\Uni\Ulm\Master\Hiwi-Forschung-und-Lehre\FairFace\detected_faces\32185_face0.jpg,Middle Eastern,White,Male,20-29,"[1.0866933e-01 7.1099763e-05 3.4743141e-02 2.1906097e-05 7.0851485e-05
 2.1826704e-03 8.5424101e-01]",[9.9607366e-01 1.7468064e-03 1.6306620e-04 2.0164528e-03],[9.9999756e-01 2.4435826e-06],"[2.8190240e-07 1.7454195e-05 3.5791215e-03 6.0921597e-01 3.7386096e-01
 1.3262103e-02 6.3399741e-05 7.2452787e-07 7.9595202e-09]"
D:\Uni\Ulm\Master\Hiwi-Forschung-und-Lehre\FairFace\detected_faces\32213_face0.jpg,White,White,Male,20-29,"[9.4973934e-01 1.5133733e-05 1.2380134e-03 3.4077634e-06 1.4679760e-05
 7.2870891e-05 4.8916612e-02]",[9.9979806e-01 3.9175880e-05 1.6235444e-05 1.4652126e-04],[9.9998915e-01 1.0813913e-05],"[1.8370895e-07 3.2917515e-06 1.4771108e-03 4.8998874e-01 4.5837510e-01
 4.8554383e-02 1.5548167e-03 4.5273366e-05 1.0886176e-06]"
D:\Uni\Ulm\Master\Hiwi-Forschung-und-Lehre\FairFace\detected_faces\32260_face0.jpg,Middle Eastern,White,Male,30-39,"[2.1908554e-01 2.8851873e-03 1.0263173e-01 7.5455396e-06 6.1234394e-05
 4.2034853e-03 6.7112523e-01]",[9.8690689e-01 3.4728707e-03 3.8936140e-04 9.2309127e-03],[9.9999750e-01 2.4739159e-06],"[2.56136843e-07 5.11533153e-06 4.62644442e-04 3.27940136e-01
 6.45488560e-01 2.60203090e-02 8.21704380e-05 7.92391006e-07
 1.11717755e-08]"
D:\Uni\Ulm\Master\Hiwi-Forschung-und-Lehre\FairFace\detected_faces\32414_face0.jpg,White,White,Male,30-39,"[9.9004388e-01 2.8155961e-05 6.3543059e-03 4.1768883e-05 1.8870109e-04
 3.2643838e-05 3.3105877e-03]",[0.9937888  0.00378419 0.0012172  0.00120981],[9.999166e-01 8.340266e-05],"[7.9263805e-07 6.2771760e-05 1.4061488e-02 3.8021696e-01 5.4019821e-01
 6.4527020e-02 9.2378655e-04 8.8412171e-06 1.4533720e-07]"
D:\Uni\Ulm\Master\Hiwi-Forschung-und-Lehre\FairFace\detected_faces\32419_face0.jpg,White,White,Male,20-29,"[8.6172271e-01 3.7087932e-06 4.3137060e-03 2.5071304e-06 1.0918832e-05
 7.4293923e-05 1.3387215e-01]",[9.9918205e-01 4.0745883e-05 6.8719994e-05 7.0853188e-04],[9.9999905e-01 9.6083875e-07],"[7.8560038e-09 1.5509052e-06 4.3256194e-03 8.6635560e-01 1.2875478e-01
 5.6183455e-04 5.2340539e-07 3.3827874e-09 5.0890153e-11]"
