face_name_align,race,race4,gender,age,race_scores_fair,race_scores_fair_4,gender_scores_fair,age_scores_fair
D:\Uni\Ulm\Master\Hiwi-Forschung-und-Lehre\FairFace\detected_faces\814342_face0.jpg,White,White,Male,20-29,"[4.7528151e-01 7.9295845e-05 3.5271296e-01 2.2698015e-03 7.7926344e-03
 3.8405202e-02 1.2345853e-01]",[9.5170468e-01 1.0457972e-04 3.3151030e-03 4.4875674e-02],[1.000000e+00 9.997708e-09],"[3.3722281e-06 2.5923757e-04 4.0901572e-02 8.1671548e-01 1.3998473e-01
 2.1260898e-03 9.3022963e-06 1.7586312e-07 1.3728587e-09]"
D:\Uni\Ulm\Master\Hiwi-Forschung-und-Lehre\FairFace\detected_faces\814385_face0.jpg,Middle Eastern,White,Male,20-29,"[4.3824732e-01 1.5094131e-04 5.2540407e-02 2.4545390e-05 9.0094356e-05
 6.5142178e-04 5.0829530e-01]",[9.9490601e-01 7.0160377e-04 1.1590705e-03 3.2331834e-03],[9.999957e-01 4.296370e-06],"[8.9690690e-07 2.4418489e-04 2.7363410e-02 8.9366519e-01 7.8287244e-02
 4.3818486e-04 8.3754452e-07 2.0717311e-08 3.4915032e-10]"
D:\Uni\Ulm\Master\Hiwi-Forschung-und-Lehre\FairFace\detected_faces\814388_face0.jpg,White,White,Male,20-29,"[7.7523261e-01 1.5428943e-04 6.5877132e-02 2.3693277e-05 8.5880463e-05
 3.1416185e-04 1.5831220e-01]",[9.9948442e-01 7.9453726e-05 1.9076763e-04 2.4532567e-04],[9.9999905e-01 9.9401768e-07],"[5.2394915e-07 3.8626426e-05 7.7271559e-03 7.7448010e-01 2.1444914e-01
 3.2900386e-03 1.4263721e-05 1.6922442e-07 1.9700441e-09]"
D:\Uni\Ulm\Master\Hiwi-Forschung-und-Lehre\FairFace\detected_faces\814430_face0.jpg,White,White,Male,20-29,"[9.4117296e-01 5.9280328e-06 9.3109552e-03 2.1955906e-05 5.0226154e-05
 5.3486694e-04 4.8903167e-02]",[9.9811721e-01 4.1913849e-05 1.2373830e-04 1.7170496e-03],[9.9998575e-01 1.4215277e-05],"[1.1156750e-06 3.4962872e-05 3.3783950e-03 6.7709118e-01 3.1445274e-01
 5.0309058e-03 1.0653921e-05 1.0501511e-07 1.7988487e-09]"
D:\Uni\Ulm\Master\Hiwi-Forschung-und-Lehre\FairFace\detected_faces\814577_face0.jpg,White,White,Male,20-29,"[9.5224041e-01 9.5219531e-07 9.6182630e-05 1.6766311e-06 2.4137973e-06
 1.6395021e-05 4.7641926e-02]",[9.9955589e-01 5.3250140e-05 7.8356097e-05 3.1254432e-04],[9.9993420e-01 6.5763656e-05],"[1.5785326e-07 3.5460855e-06 4.8431708e-04 5.3617835e-01 4.5568052e-01
 7.6207961e-03 3.2149688e-05 1.5359105e-07 4.5582356e-09]"
D:\Uni\Ulm\Master\Hiwi-Forschung-und-Lehre\FairFace\detected_faces\814589_face0.jpg,Latino_Hispanic,White,Male,30-39,"[0.21205783 0.00596641 0.44128856 0.00100355 0.00186638 0.01413094
 0.32368633]",[0.92359394 0.00283734 0.04699882 0.02656983],[9.9999917e-01 8.3587389e-07],"[6.60768990e-07 7.67576330e-06 6.05739595e-04 3.42235923e-01
 6.28310084e-01 2.87299268e-02 1.08955406e-04 9.84558937e-07
 9.40025568e-09]"
D:\Uni\Ulm\Master\Hiwi-Forschung-und-Lehre\FairFace\detected_faces\814590_face0.jpg,Black,Black,Male,30-39,"[1.2747709e-04 9.7599113e-01 1.3241736e-02 8.7441167e-06 2.2509857e-04
 1.0377978e-02 2.7818538e-05]",[3.0668725e-06 9.9590629e-01 8.1154045e-05 4.0095393e-03],[9.9999005e-01 9.9409417e-06],"[2.8143561e-06 2.8846229e-05 6.7956932e-03 1.7139508e-01 3.7344021e-01
 3.6089426e-01 8.5688002e-02 1.7171103e-03 3.7953265e-05]"
D:\Uni\Ulm\Master\Hiwi-Forschung-und-Lehre\FairFace\detected_faces\814593_face0.jpg,White,White,Male,20-29,"[9.4468731e-01 5.5485626e-04 9.3767103e-03 2.8957078e-05 1.2590132e-04
 4.2990523e-05 4.5183226e-02]",[9.9694616e-01 2.9054154e-03 1.2787992e-04 2.0622509e-05],[9.9999994e-01 1.2808658e-07],"[2.4684712e-07 1.8887005e-05 7.7994037e-03 8.4679520e-01 1.4394777e-01
 1.4293003e-03 8.8967918e-06 2.9171539e-07 4.0186561e-09]"
D:\Uni\Ulm\Master\Hiwi-Forschung-und-Lehre\FairFace\detected_faces\814594_face0.jpg,Latino_Hispanic,Black,Male,20-29,"[4.6541508e-02 5.6097846e-02 6.2471592e-01 8.0130638e-05 7.7094918e-04
 3.8421734e-03 2.6795152e-01]",[0.09700087 0.63317895 0.00743386 0.26238635],[9.9999994e-01 7.1609861e-08],"[4.2137842e-08 6.5484078e-06 1.1814531e-02 9.2641622e-01 6.1244801e-02
 5.1506370e-04 2.7328363e-06 5.3051714e-08 6.8515926e-10]"
D:\Uni\Ulm\Master\Hiwi-Forschung-und-Lehre\FairFace\detected_faces\814624_face0.jpg,Middle Eastern,White,Male,30-39,"[1.6971457e-01 3.5335872e-04 9.9965848e-02 6.7389192e-04 8.0013793e-04
 1.1299802e-02 7.1719241e-01]",[0.847733   0.00342775 0.02002658 0.12881261],[9.9999994e-01 8.3520725e-08],"[1.5490770e-05 1.5701797e-04 4.3491260e-03 4.0577695e-01 5.5197889e-01
 3.7203871e-02 5.1302114e-04 5.5672022e-06 3.5754127e-08]"
D:\Uni\Ulm\Master\Hiwi-Forschung-und-Lehre\FairFace\detected_faces\814658_face0.jpg,Latino_Hispanic,Black,Male,20-29,"[1.5568086e-02 4.1274664e-01 5.4964209e-01 7.6652628e-05 1.5380397e-03
 4.5364960e-03 1.5891979e-02]",[0.00296535 0.9879185  0.00146834 0.0076478 ],[9.9999964e-01 3.1174628e-07],"[2.5732425e-07 1.0570289e-05 1.7987845e-02 6.5137100e-01 3.0340287e-01
 2.6224600e-02 9.8369899e-04 1.8892479e-05 2.5963351e-07]"
D:\Uni\Ulm\Master\Hiwi-Forschung-und-Lehre\FairFace\detected_faces\814735_face0.jpg,White,White,Male,20-29,"[9.9267322e-01 3.5010591e-05 4.9482391e-04 1.9817263e-07 5.9005288e-07
 1.8172947e-06 6.7942701e-03]",[9.8235953e-01 1.7536223e-02 9.6682652e-06 9.4571187e-05],[9.9999285e-01 7.2082325e-06],"[1.2027530e-09 4.4487928e-07 6.9648302e-03 9.1802496e-01 7.4165083e-02
 8.3927653e-04 5.4047009e-06 4.9133895e-08 8.3927498e-10]"
D:\Uni\Ulm\Master\Hiwi-Forschung-und-Lehre\FairFace\detected_faces\814820_face0.jpg,White,White,Male,30-39,"[9.9934226e-01 3.5008161e-06 1.1252954e-04 2.0389823e-06 2.5660338e-06
 1.6729362e-06 5.3540402e-04]",[9.9999177e-01 7.2373946e-06 2.9118706e-07 6.5628103e-07],[9.9996382e-01 3.6161946e-05],"[1.18622365e-05 5.25785901e-04 5.14511345e-03 3.94511282e-01
 5.76807976e-01 2.28176657e-02 1.76308255e-04 3.66318318e-06
 2.80326702e-07]"
D:\Uni\Ulm\Master\Hiwi-Forschung-und-Lehre\FairFace\detected_faces\814842_face0.jpg,White,White,Male,30-39,"[6.9885153e-01 5.3245493e-04 1.4035822e-01 7.2361476e-04 1.1317706e-03
 5.0053345e-03 1.5339699e-01]",[9.8232770e-01 8.9399668e-04 2.9122510e-03 1.3865966e-02],[9.9999923e-01 7.4017424e-07],"[4.9618124e-05 7.4032279e-05 9.9585589e-04 1.6136199e-01 7.2763383e-01
 1.0700374e-01 2.8325005e-03 4.7917412e-05 4.8671791e-07]"
D:\Uni\Ulm\Master\Hiwi-Forschung-und-Lehre\FairFace\detected_faces\814873_face0.jpg,White,White,Male,20-29,"[7.4364603e-01 3.7738939e-03 1.9572429e-01 1.5792593e-04 1.0355363e-03
 8.1585249e-04 5.4846432e-02]",[0.9908304  0.00516527 0.00174507 0.00225922],[9.99999881e-01 1.09466505e-07],"[5.2885898e-08 4.1265503e-05 7.1574114e-02 8.7734759e-01 5.0299641e-02
 7.3052081e-04 6.6277535e-06 1.6430326e-07 1.8951667e-09]"
D:\Uni\Ulm\Master\Hiwi-Forschung-und-Lehre\FairFace\detected_faces\814876_face0.jpg,White,White,Male,20-29,"[8.8073897e-01 2.9616987e-05 1.4712737e-02 7.7251992e-05 1.4947765e-04
 4.9036986e-05 1.0424288e-01]",[9.9885267e-01 5.4494943e-04 3.8869309e-04 2.1372257e-04],[9.999996e-01 4.463999e-07],"[1.0591432e-08 7.9913943e-06 5.1593252e-02 9.1326821e-01 3.4891073e-02
 2.3897761e-04 4.7897754e-07 4.3515507e-09 6.8070320e-11]"
D:\Uni\Ulm\Master\Hiwi-Forschung-und-Lehre\FairFace\detected_faces\814882_face0.jpg,Middle Eastern,White,Male,20-29,"[3.9700380e-01 3.5862089e-03 1.6074902e-01 9.9250923e-05 3.6943526e-04
 1.2119868e-03 4.3698031e-01]",[0.98863965 0.00804222 0.00118703 0.00213108],[1.0000000e+00 1.0111682e-08],"[3.0344873e-07 3.6214649e-05 1.1952620e-02 7.8536183e-01 1.9807562e-01
 4.5541902e-03 1.9076573e-05 2.0742506e-07 2.1136390e-09]"
D:\Uni\Ulm\Master\Hiwi-Forschung-und-Lehre\FairFace\detected_faces\815202_face0.jpg,White,White,Male,30-39,"[7.0695138e-01 1.1513478e-03 1.4668950e-01 2.6357844e-05 2.4455538e-04
 2.2278766e-03 1.4270903e-01]",[0.97632134 0.0046734  0.0016411  0.01736418],[9.9998528e-01 1.4703477e-05],"[3.2047964e-08 1.3016012e-06 1.2908782e-03 4.8071706e-01 5.0089359e-01
 1.6991898e-02 1.0391871e-04 1.3049764e-06 1.6063542e-08]"
D:\Uni\Ulm\Master\Hiwi-Forschung-und-Lehre\FairFace\detected_faces\815431_face0.jpg,White,White,Male,20-29,"[9.7923774e-01 4.8847647e-05 1.4469040e-02 1.8727752e-04 2.5003109e-04
 2.4694647e-04 5.5601313e-03]",[9.9589974e-01 2.9835300e-04 2.1464326e-03 1.6554622e-03],[9.9999982e-01 1.9825758e-07],"[4.1750747e-07 7.3663898e-05 2.5487635e-02 8.7347710e-01 9.8856442e-02
 2.0921419e-03 1.2348822e-05 2.0624604e-07 4.6092166e-09]"
D:\Uni\Ulm\Master\Hiwi-Forschung-und-Lehre\FairFace\detected_faces\815553_face0.jpg,White,White,Male,20-29,"[9.4958782e-01 3.0605115e-05 1.6694477e-02 7.5779994e-06 2.0316666e-05
 2.1730890e-05 3.3637367e-02]",[9.9843335e-01 6.4281380e-04 5.6107593e-04 3.6282022e-04],[9.9999607e-01 3.9920355e-06],"[6.1678240e-09 1.1057783e-06 1.4365302e-02 9.3119842e-01 5.4083049e-02
 3.5126053e-04 8.4273739e-07 7.6064328e-09 9.5418048e-11]"
D:\Uni\Ulm\Master\Hiwi-Forschung-und-Lehre\FairFace\detected_faces\815809_face0.jpg,White,White,Male,20-29,"[5.0804096e-01 2.3687449e-04 3.3345271e-02 5.6955669e-05 9.6054915e-05
 3.3014652e-04 4.5789376e-01]",[9.9282759e-01 5.0691264e-03 4.0820808e-04 1.6950695e-03],[9.9954075e-01 4.5925716e-04],"[5.1760833e-07 4.0714203e-05 1.3119989e-02 8.5996628e-01 1.2609267e-01
 7.7786745e-04 1.8970513e-06 4.0369219e-08 1.3138710e-09]"
D:\Uni\Ulm\Master\Hiwi-Forschung-und-Lehre\FairFace\detected_faces\815890_face0.jpg,Latino_Hispanic,White,Male,20-29,"[0.23339261 0.00432102 0.712355   0.00212984 0.00943572 0.0111151
 0.02725068]",[0.65198344 0.2773029  0.00561537 0.06509838],[9.9999988e-01 4.9811984e-08],"[4.7213865e-07 8.5427855e-05 1.0058277e-02 6.8135899e-01 2.9811603e-01
 1.0330737e-02 4.9224422e-05 8.3515357e-07 7.4577358e-09]"
D:\Uni\Ulm\Master\Hiwi-Forschung-und-Lehre\FairFace\detected_faces\815927_face0.jpg,White,White,Male,20-29,"[8.6279941e-01 7.0837262e-04 1.0489637e-02 5.0440827e-05 1.4848287e-04
 1.1959431e-04 1.2568401e-01]",[9.9767673e-01 4.3008931e-04 7.4097601e-04 1.1521763e-03],[1.0000000e+00 2.2343407e-08],"[5.7454674e-08 2.1432882e-06 2.8158382e-03 7.6311809e-01 2.2971103e-01
 4.3071327e-03 4.5000783e-05 6.7032875e-07 7.9189162e-09]"
D:\Uni\Ulm\Master\Hiwi-Forschung-und-Lehre\FairFace\detected_faces\816519_face0.jpg,Black,Black,Male,30-39,"[1.0220066e-03 8.9772230e-01 5.5083465e-02 6.4188120e-04 1.5655234e-02
 2.7527472e-02 2.3476093e-03]",[6.9527433e-04 9.7893316e-01 7.0161079e-03 1.3355473e-02],[9.9998021e-01 1.9824252e-05],"[6.5183485e-07 3.8794269e-06 4.5547597e-04 9.2641868e-02 6.9137460e-01
 2.0842373e-01 7.0122671e-03 8.4889602e-05 2.7850915e-06]"
D:\Uni\Ulm\Master\Hiwi-Forschung-und-Lehre\FairFace\detected_faces\816761_face0.jpg,Black,Black,Male,30-39,"[3.8372914e-06 9.9986136e-01 8.3417835e-05 2.1591644e-08 3.4385900e-07
 1.5524098e-05 3.5495919e-05]",[8.4789099e-06 9.9997735e-01 4.2116922e-06 9.9897534e-06],[9.9999970e-01 3.0110326e-07],"[2.9134679e-07 1.7200964e-05 2.2201091e-03 3.6655813e-01 5.7540798e-01
 5.4796599e-02 9.8011817e-04 1.8932786e-05 5.7881078e-07]"
D:\Uni\Ulm\Master\Hiwi-Forschung-und-Lehre\FairFace\detected_faces\816763_face0.jpg,White,White,Male,20-29,"[3.7447596e-01 5.6789501e-04 2.9572076e-01 3.6171303e-04 8.2712987e-04
 2.9143025e-03 3.2513222e-01]",[9.9657047e-01 2.0465894e-04 8.5561647e-04 2.3693417e-03],[1.0000000e+00 4.2724572e-08],"[1.2528149e-06 4.4889206e-05 3.3131500e-03 7.7264333e-01 2.2091886e-01
 3.0684478e-03 9.8747250e-06 2.2099665e-07 1.7172738e-09]"
D:\Uni\Ulm\Master\Hiwi-Forschung-und-Lehre\FairFace\detected_faces\816808_face0.jpg,White,White,Male,30-39,"[9.5475459e-01 1.3851632e-05 1.9461589e-02 8.0611637e-05 1.9524943e-04
 3.0618793e-04 2.5187910e-02]",[9.9351001e-01 1.8396506e-03 3.9034777e-03 7.4677542e-04],[9.9999994e-01 8.4339135e-08],"[6.8115328e-06 8.3899416e-05 4.1493825e-03 1.2917550e-01 6.6167724e-01
 1.9972380e-01 5.1466967e-03 3.6319649e-05 2.6987396e-07]"
D:\Uni\Ulm\Master\Hiwi-Forschung-und-Lehre\FairFace\detected_faces\816837_face0.jpg,Middle Eastern,White,Male,20-29,"[3.5358498e-01 8.2859209e-05 2.5027409e-02 1.4866327e-05 4.6389894e-05
 1.9474520e-04 6.2104875e-01]",[9.9486339e-01 3.4752868e-03 3.0997387e-04 1.3514307e-03],[9.9999535e-01 4.6874325e-06],"[1.53139101e-08 2.92409932e-05 1.11169726e-01 8.64366710e-01
 2.42254995e-02 2.08429352e-04 4.03561671e-07 6.45066489e-09
 7.71058217e-11]"
D:\Uni\Ulm\Master\Hiwi-Forschung-und-Lehre\FairFace\detected_faces\816839_face0.jpg,Black,Black,Male,20-29,"[6.4294534e-07 9.9997532e-01 1.9590934e-05 2.0971013e-08 2.8199560e-07
 2.0472692e-06 2.0938528e-06]",[1.1338680e-06 9.9998599e-01 7.0032329e-06 5.9398803e-06],[9.9996954e-01 3.0503785e-05],"[2.7814508e-06 3.4091240e-04 3.5255924e-02 7.7658415e-01 1.7883570e-01
 8.9165960e-03 6.3046878e-05 8.2795503e-07 4.7465878e-08]"
D:\Uni\Ulm\Master\Hiwi-Forschung-und-Lehre\FairFace\detected_faces\817559_face0.jpg,Black,Black,Male,20-29,"[2.0300076e-05 9.9924493e-01 4.0504805e-04 2.3923567e-06 4.4847962e-05
 2.6508985e-04 1.7293682e-05]",[9.4165234e-06 9.9973017e-01 6.6913504e-05 1.9351450e-04],[0.9960296  0.00397038],"[1.2135504e-06 1.2013707e-03 2.7020538e-01 7.0070410e-01 2.7337583e-02
 5.4355065e-04 6.5082618e-06 2.2778464e-07 1.5162090e-08]"
D:\Uni\Ulm\Master\Hiwi-Forschung-und-Lehre\FairFace\detected_faces\817560_face0.jpg,White,White,Male,20-29,"[7.4297154e-01 6.5171291e-05 1.1908453e-01 2.9311480e-04 8.7101356e-04
 1.4875513e-03 1.3522694e-01]",[9.82763112e-01 2.35798376e-04 5.85083850e-03 1.11501925e-02],[0.9970162  0.00298381],"[3.1457329e-08 1.4725907e-05 1.7057800e-01 7.4755675e-01 7.8679517e-02
 3.1280769e-03 4.1416930e-05 1.4409605e-06 2.1497662e-08]"
D:\Uni\Ulm\Master\Hiwi-Forschung-und-Lehre\FairFace\detected_faces\817562_face0.jpg,Black,Black,Male,20-29,"[3.1634604e-06 9.9956715e-01 1.6338489e-04 5.2046985e-06 8.3476145e-05
 1.6728824e-04 1.0318447e-05]",[9.5080435e-07 9.9928427e-01 1.9720345e-04 5.1761605e-04],[0.9513892  0.04861083],"[7.7924706e-06 4.7543240e-04 1.6879875e-02 5.3137761e-01 4.1783115e-01
 3.2991529e-02 4.3041559e-04 5.7767570e-06 4.5203541e-07]"
D:\Uni\Ulm\Master\Hiwi-Forschung-und-Lehre\FairFace\detected_faces\817564_face0.jpg,White,White,Male,20-29,"[4.7085732e-01 3.3979116e-03 7.4466191e-02 1.3014207e-05 1.8173824e-04
 5.8718920e-03 4.4521198e-01]",[0.94636595 0.03309251 0.00095363 0.01958792],[9.9999994e-01 4.1342719e-08],"[3.3148829e-08 4.3025793e-06 3.4678145e-03 7.7824634e-01 2.1555823e-01
 2.7138693e-03 9.3480257e-06 1.1708338e-07 1.4118010e-09]"
D:\Uni\Ulm\Master\Hiwi-Forschung-und-Lehre\FairFace\detected_faces\817567_face0.jpg,White,White,Male,30-39,"[9.9742275e-01 9.2301678e-07 4.2365951e-04 1.9595485e-05 3.6184880e-05
 5.8633041e-06 2.0908648e-03]",[9.9764335e-01 7.9685713e-05 2.1369834e-03 1.4003720e-04],[9.9999970e-01 3.0774564e-07],"[6.6764427e-05 6.9772825e-04 1.4559671e-02 1.5433259e-01 4.7334284e-01
 3.2157007e-01 3.4320273e-02 1.0904458e-03 1.9684458e-05]"
D:\Uni\Ulm\Master\Hiwi-Forschung-und-Lehre\FairFace\detected_faces\817575_face0.jpg,Middle Eastern,White,Male,30-39,"[2.4782577e-01 4.9626577e-04 9.5685162e-03 9.8573946e-06 4.8713770e-05
 4.6680187e-04 7.4158412e-01]",[0.97371167 0.01427968 0.00799748 0.00401124],[9.9999464e-01 5.3547292e-06],"[2.5806844e-07 8.8923971e-06 4.4210642e-04 3.0759960e-01 6.6705269e-01
 2.4773553e-02 1.2160484e-04 1.2891305e-06 2.1732690e-08]"
D:\Uni\Ulm\Master\Hiwi-Forschung-und-Lehre\FairFace\detected_faces\817600_face0.jpg,Middle Eastern,White,Male,30-39,"[1.8683399e-01 3.3219100e-04 2.2548817e-01 3.1774133e-04 6.0104585e-04
 3.9556053e-02 5.4687083e-01]",[0.89884686 0.00151991 0.00203642 0.09759689],[9.9999785e-01 2.1359187e-06],"[4.6739324e-06 7.1121140e-05 1.1231337e-03 2.9887062e-01 6.5918797e-01
 4.0549621e-02 1.9074453e-04 2.0947689e-06 1.8989724e-08]"
D:\Uni\Ulm\Master\Hiwi-Forschung-und-Lehre\FairFace\detected_faces\817957_face0.jpg,White,White,Male,20-29,"[7.5949460e-01 2.7888041e-04 1.6049525e-02 4.3513206e-05 7.7605539e-05
 7.3906826e-04 2.2331688e-01]",[9.7207963e-01 3.3870942e-03 2.3643173e-04 2.4296777e-02],[9.9999803e-01 1.9769882e-06],"[3.6758001e-06 1.5429089e-04 5.0064889e-03 5.8832496e-01 3.9977702e-01
 6.7173364e-03 1.6054561e-05 1.2524990e-07 2.1093964e-09]"
D:\Uni\Ulm\Master\Hiwi-Forschung-und-Lehre\FairFace\detected_faces\817968_face0.jpg,White,White,Male,20-29,"[9.9724478e-01 3.3251349e-06 2.4202901e-03 6.1401588e-05 1.1566625e-04
 4.6317393e-05 1.0818802e-04]",[9.95791674e-01 1.14183305e-04 3.72756226e-03 3.66499095e-04],[9.9999982e-01 2.3490983e-07],"[6.9665998e-07 8.6656038e-04 2.7093968e-01 5.3679788e-01 1.6738369e-01
 2.3518743e-02 4.9070135e-04 2.1099313e-06 1.8141261e-08]"
D:\Uni\Ulm\Master\Hiwi-Forschung-und-Lehre\FairFace\detected_faces\817975_face0.jpg,Black,Black,Male,20-29,"[4.7964440e-05 9.9235332e-01 6.7029526e-03 4.3691094e-07 5.7944540e-05
 5.2421726e-04 3.1311071e-04]",[4.8918504e-05 9.9935442e-01 2.5345013e-04 3.4317773e-04],[1.0000000e+00 2.9765677e-09],"[1.2348844e-08 4.4136141e-06 1.2622410e-02 8.9256579e-01 9.3505591e-02
 1.2968950e-03 4.8379388e-06 8.0136928e-08 1.3320696e-09]"
D:\Uni\Ulm\Master\Hiwi-Forschung-und-Lehre\FairFace\detected_faces\817978_face0.jpg,Black,Black,Male,30-39,"[1.2249598e-06 9.9998146e-01 8.7019907e-06 1.0186134e-09 9.3112673e-09
 2.5917136e-06 5.9959411e-06]",[7.819299e-06 9.999836e-01 4.929873e-07 8.134777e-06],[9.9999952e-01 4.2136088e-07],"[1.1251567e-06 2.1711481e-05 1.0399700e-03 1.7577121e-01 6.0263127e-01
 2.1627718e-01 4.1905157e-03 6.4522486e-05 2.4568442e-06]"
D:\Uni\Ulm\Master\Hiwi-Forschung-und-Lehre\FairFace\detected_faces\817978_face1.jpg,Black,Black,Male,30-39,"[9.9087981e-07 9.9998266e-01 8.7370381e-06 9.0204805e-10 9.1878833e-09
 1.9313393e-06 5.7145789e-06]",[6.0912289e-06 9.9998575e-01 3.8641835e-07 7.7984660e-06],[9.9999952e-01 4.8496304e-07],"[1.3616208e-06 2.8604871e-05 1.5120495e-03 2.0914418e-01 5.8987260e-01
 1.9549184e-01 3.8829031e-03 6.3810272e-05 2.6546747e-06]"
D:\Uni\Ulm\Master\Hiwi-Forschung-und-Lehre\FairFace\detected_faces\817979_face0.jpg,Black,Black,Male,30-39,"[5.8762116e-06 9.9988312e-01 4.3868098e-05 2.7941514e-08 4.6979471e-07
 6.4112712e-05 2.4783540e-06]",[1.6237092e-05 9.9950987e-01 2.5506719e-05 4.4840545e-04],[9.999958e-01 4.180606e-06],"[1.3007169e-08 2.7114504e-07 1.7828816e-04 1.2057224e-01 6.6765076e-01
 2.0098542e-01 1.0493037e-02 1.1784931e-04 2.1102110e-06]"
D:\Uni\Ulm\Master\Hiwi-Forschung-und-Lehre\FairFace\detected_faces\818036_face0.jpg,Black,Black,Male,20-29,"[3.6864541e-05 9.9377453e-01 2.7961396e-03 6.1529731e-06 4.1914138e-04
 2.7409659e-03 2.2620622e-04]",[4.8017744e-05 9.9854439e-01 1.0229504e-03 3.8465176e-04],[1.0000000e+00 4.4872632e-08],"[6.96267932e-08 9.26926441e-06 7.24985916e-03 6.32556319e-01
 3.33686769e-01 2.58165170e-02 6.70901907e-04 1.02679205e-05
 1.47707269e-07]"
D:\Uni\Ulm\Master\Hiwi-Forschung-und-Lehre\FairFace\detected_faces\818073_face0.jpg,Black,Black,Male,20-29,"[1.3744225e-06 9.9988240e-01 4.1362760e-05 6.8398592e-08 1.2159276e-06
 7.0105561e-05 3.4105033e-06]",[1.2611050e-06 9.9991810e-01 2.8868149e-06 7.7714278e-05],[9.9994969e-01 5.0274266e-05],"[1.2254195e-07 2.1898728e-05 3.4380339e-02 7.4812031e-01 1.9757642e-01
 1.9559309e-02 3.3407708e-04 7.1746144e-06 3.5225588e-07]"
D:\Uni\Ulm\Master\Hiwi-Forschung-und-Lehre\FairFace\detected_faces\818244_face0.jpg,Black,Black,Male,20-29,"[2.1798145e-07 9.9999118e-01 2.1692103e-06 1.4576852e-09 3.1534952e-08
 6.2013246e-06 2.6053698e-07]",[1.3816730e-06 9.9990541e-01 2.2069037e-06 9.1040085e-05],[9.9999905e-01 9.9224746e-07],"[1.1938562e-07 1.2801509e-05 4.1299574e-03 4.8496813e-01 4.4068134e-01
 6.8109266e-02 2.0501872e-03 4.6554713e-05 1.5407572e-06]"
D:\Uni\Ulm\Master\Hiwi-Forschung-und-Lehre\FairFace\detected_faces\818259_face0.jpg,Middle Eastern,Indian,Male,20-29,"[1.2365210e-02 1.6423037e-03 2.7386189e-01 7.3561350e-05 6.1296497e-04
 3.1775928e-01 3.9368480e-01]",[0.0484924  0.02185783 0.00581759 0.9238322 ],[9.9999326e-01 6.7053084e-06],"[9.0211574e-07 9.6387776e-06 2.3246771e-03 5.6552923e-01 4.1011590e-01
 2.1855149e-02 1.6120727e-04 3.1969662e-06 5.8653242e-08]"
D:\Uni\Ulm\Master\Hiwi-Forschung-und-Lehre\FairFace\detected_faces\818386_face0.jpg,Black,Black,Male,20-29,"[2.3213768e-05 9.9969631e-01 3.8021462e-05 1.3822822e-07 7.9765840e-07
 2.2431569e-04 1.7177650e-05]",[2.9625531e-05 9.9987042e-01 6.9621865e-06 9.2929928e-05],[0.99817127 0.00182878],"[4.2958214e-07 1.3974257e-04 1.9247953e-02 5.4134822e-01 4.1183451e-01
 2.6644871e-02 7.7103876e-04 1.2752193e-05 4.3659853e-07]"
D:\Uni\Ulm\Master\Hiwi-Forschung-und-Lehre\FairFace\detected_faces\818391_face0.jpg,Black,Black,Male,20-29,"[2.44635066e-06 9.68201280e-01 1.63852921e-04 3.98178742e-07
 3.28934984e-05 3.15859020e-02 1.32857385e-05]",[7.2519593e-05 8.7191957e-01 3.7533135e-04 1.2763262e-01],[1.00000e+00 3.77079e-08],"[6.26310281e-10 6.27273948e-08 6.42195344e-04 5.44813097e-01
 4.36158836e-01 1.82374176e-02 1.47337181e-04 9.63945809e-07
 1.13124266e-08]"
D:\Uni\Ulm\Master\Hiwi-Forschung-und-Lehre\FairFace\detected_faces\818397_face0.jpg,Black,Black,Male,20-29,"[8.7640500e-03 5.8112669e-01 1.9450115e-01 5.1457242e-05 1.0511436e-03
 2.7434103e-02 1.8707138e-01]",[4.9986457e-03 9.5617491e-01 7.2518236e-04 3.8101319e-02],[9.9999595e-01 4.0201126e-06],"[5.0241874e-07 2.1671045e-04 2.4427352e-02 8.0643660e-01 1.6638194e-01
 2.5283550e-03 8.3821224e-06 1.7898478e-07 4.9600404e-09]"
D:\Uni\Ulm\Master\Hiwi-Forschung-und-Lehre\FairFace\detected_faces\818406_face0.jpg,White,White,Male,20-29,"[6.8855608e-01 2.6222851e-04 2.0379272e-01 2.9892195e-04 6.2713679e-04
 1.9699671e-04 1.0626593e-01]",[0.9717387  0.00652256 0.01943167 0.00230713],[9.9999386e-01 6.1096921e-06],"[4.9013695e-09 1.7263521e-05 2.2932644e-01 7.5807250e-01 1.2500666e-02
 8.2854785e-05 2.3510799e-07 2.4147839e-09 4.0831661e-11]"
D:\Uni\Ulm\Master\Hiwi-Forschung-und-Lehre\FairFace\detected_faces\818440_face0.jpg,Latino_Hispanic,Indian,Male,30-39,"[7.2281063e-02 1.4332181e-02 6.6922700e-01 5.6031026e-04 2.4015007e-03
 6.7370474e-02 1.7382751e-01]",[0.10810667 0.1821056  0.0154328  0.69435495],[9.9999696e-01 3.0812803e-06],"[1.3357597e-06 2.1408232e-05 1.2617483e-03 3.3992553e-01 6.0915208e-01
 4.9209397e-02 4.2393833e-04 4.4248886e-06 6.2237937e-08]"
D:\Uni\Ulm\Master\Hiwi-Forschung-und-Lehre\FairFace\detected_faces\818441_face0.jpg,Middle Eastern,White,Male,20-29,"[4.00051594e-01 1.84210693e-03 1.03522003e-01 1.94796794e-05
 1.04832994e-04 8.30702891e-04 4.93629277e-01]",[0.9125703  0.07778684 0.00249232 0.00715048],[9.9995965e-01 4.0331361e-05],"[3.4213437e-07 1.7711711e-04 7.4344710e-02 8.3139294e-01 9.2317007e-02
 1.7569053e-03 1.0680616e-05 3.3512799e-07 9.0013765e-09]"
D:\Uni\Ulm\Master\Hiwi-Forschung-und-Lehre\FairFace\detected_faces\818469_face0.jpg,White,White,Male,30-39,"[7.32048094e-01 1.17627475e-04 3.47993039e-02 2.35912681e-04
 3.32971278e-04 4.90017293e-04 2.31976077e-01]",[9.9930245e-01 1.4337811e-04 2.7858128e-04 2.7558859e-04],[9.9998677e-01 1.3244980e-05],"[1.1287281e-05 1.2430084e-04 1.4915370e-03 4.1037714e-01 5.7311690e-01
 1.4823431e-02 5.4667817e-05 7.3784094e-07 1.6933392e-08]"
D:\Uni\Ulm\Master\Hiwi-Forschung-und-Lehre\FairFace\detected_faces\818470_face0.jpg,Middle Eastern,White,Male,20-29,"[2.8274858e-01 1.1318314e-05 5.9418096e-03 8.1153077e-05 9.9830526e-05
 5.0100719e-04 7.1061629e-01]",[9.9743491e-01 9.3643481e-05 7.6232915e-04 1.7091758e-03],[9.9999630e-01 3.6703452e-06],"[4.1449252e-06 2.1532171e-04 1.0123950e-02 8.2054043e-01 1.6612613e-01
 2.9785258e-03 1.1189490e-05 2.8562491e-07 3.6391188e-09]"
D:\Uni\Ulm\Master\Hiwi-Forschung-und-Lehre\FairFace\detected_faces\818481_face0.jpg,Black,Black,Male,20-29,"[1.1307016e-04 9.5685071e-01 5.8515379e-03 4.5631870e-07 2.4833784e-05
 3.6037892e-02 1.1216968e-03]",[4.3418797e-05 9.9642479e-01 1.4675166e-05 3.5171970e-03],[1.0000000e+00 4.3550294e-08],"[8.0091844e-08 5.5938832e-05 4.3162823e-02 7.6753306e-01 1.8248656e-01
 6.6909990e-03 6.9734677e-05 7.4723721e-07 8.8630294e-09]"
D:\Uni\Ulm\Master\Hiwi-Forschung-und-Lehre\FairFace\detected_faces\818487_face0.jpg,Latino_Hispanic,Indian,Male,20-29,"[2.3581233e-02 2.2467054e-02 7.9422277e-01 5.9713522e-04 2.6719430e-03
 9.4871754e-03 1.4697272e-01]",[0.10669316 0.0886649  0.03386736 0.77077454],[9.9999994e-01 4.4219654e-08],"[3.9760476e-08 4.4699959e-07 1.7499712e-03 6.6409785e-01 3.1384650e-01
 2.0068744e-02 2.3040343e-04 5.9850790e-06 5.6349954e-08]"
D:\Uni\Ulm\Master\Hiwi-Forschung-und-Lehre\FairFace\detected_faces\820159_face0.jpg,White,White,Male,20-29,"[9.8277158e-01 2.3292469e-05 2.6473277e-03 2.7537046e-04 3.6168963e-04
 4.5350048e-06 1.3916251e-02]",[9.7154695e-01 7.0670405e-03 2.1058735e-02 3.2729239e-04],[1.0000000e+00 2.2529369e-08],"[1.7309777e-08 8.0091177e-06 1.4882932e-02 8.3731300e-01 1.4330874e-01
 4.4422820e-03 4.4430588e-05 5.7751203e-07 6.6867005e-09]"
D:\Uni\Ulm\Master\Hiwi-Forschung-und-Lehre\FairFace\detected_faces\820465_face0.jpg,Latino_Hispanic,Black,Male,20-29,"[0.02099736 0.04027227 0.45874915 0.00711626 0.06142883 0.01847317
 0.3929629 ]",[0.03841349 0.48185742 0.43890077 0.04082833],[9.9999952e-01 4.5302204e-07],"[1.8409385e-06 8.7775639e-04 9.9793062e-02 8.2895356e-01 6.9735318e-02
 6.3576637e-04 2.6678974e-06 1.2061172e-07 2.4687148e-09]"
D:\Uni\Ulm\Master\Hiwi-Forschung-und-Lehre\FairFace\detected_faces\821628_face0.jpg,Middle Eastern,Black,Male,20-29,"[0.0516129  0.0835044  0.34427556 0.00088573 0.00528771 0.04302251
 0.47141117]",[0.05254308 0.7835291  0.00519964 0.15872818],[9.9998736e-01 1.2682229e-05],"[8.4282938e-06 1.8658978e-03 6.7271806e-02 6.1196703e-01 2.9632443e-01
 2.2168487e-02 3.8564770e-04 8.0414557e-06 1.5756423e-07]"
D:\Uni\Ulm\Master\Hiwi-Forschung-und-Lehre\FairFace\detected_faces\821728_face0.jpg,Middle Eastern,White,Male,30-39,"[3.3757873e-02 3.0457871e-03 4.6656400e-02 9.7520087e-06 4.6145826e-05
 7.5101694e-03 9.0897393e-01]",[0.621778   0.12518866 0.00338527 0.24964806],[9.9998474e-01 1.5255833e-05],"[3.9543988e-06 2.1292992e-05 6.7167555e-04 1.5474877e-01 7.0111483e-01
 1.4015187e-01 3.2325068e-03 5.3920063e-05 1.1017125e-06]"
D:\Uni\Ulm\Master\Hiwi-Forschung-und-Lehre\FairFace\detected_faces\822089_face0.jpg,Black,Black,Male,30-39,"[1.5986349e-06 9.9974459e-01 8.1825478e-05 2.3259707e-09 2.2760621e-07
 1.3346667e-04 3.8205642e-05]",[3.6504102e-06 9.9992329e-01 1.6830609e-06 7.1463393e-05],[1.000000e+00 9.635512e-09],"[1.7809670e-09 4.4126484e-08 8.0746868e-05 1.9839488e-01 7.5524873e-01
 4.6006102e-02 2.6799965e-04 1.4037591e-06 1.8637808e-08]"
D:\Uni\Ulm\Master\Hiwi-Forschung-und-Lehre\FairFace\detected_faces\822163_face0.jpg,Latino_Hispanic,Indian,Male,30-39,"[1.2043745e-01 6.9194427e-03 4.8426455e-01 4.0457584e-05 4.1432571e-04
 1.2462497e-01 2.6329875e-01]",[0.46666017 0.02782747 0.00120831 0.50430405],[9.9999845e-01 1.4992587e-06],"[2.0998441e-06 3.6415830e-05 5.8220979e-04 2.2811380e-01 7.2435206e-01
 4.6665598e-02 2.4624757e-04 1.6497152e-06 1.6010597e-08]"
D:\Uni\Ulm\Master\Hiwi-Forschung-und-Lehre\FairFace\detected_faces\822340_face0.jpg,White,White,Male,30-39,"[9.4932783e-01 1.4811488e-04 3.0086838e-02 1.1723168e-05 5.3155953e-05
 1.4473023e-03 1.8925091e-02]",[0.9643409  0.00723455 0.00248587 0.02593869],[9.9999267e-01 7.3068527e-06],"[2.0801228e-07 2.1183428e-06 7.2963285e-04 9.9971943e-02 5.4537308e-01
 3.3184430e-01 2.1929761e-02 1.4734226e-04 1.5560623e-06]"
D:\Uni\Ulm\Master\Hiwi-Forschung-und-Lehre\FairFace\detected_faces\822372_face0.jpg,White,White,Male,20-29,"[9.6153009e-01 6.3862892e-05 1.4196374e-03 4.0140444e-06 1.2428120e-05
 1.9739462e-05 3.6950178e-02]",[9.9918747e-01 7.6564297e-04 1.5257516e-05 3.1558982e-05],[9.999778e-01 2.218885e-05],"[2.1274575e-07 1.2745646e-05 3.7005162e-03 8.0088592e-01 1.9415361e-01
 1.2430364e-03 3.8807816e-06 5.3206978e-08 1.2521606e-09]"
D:\Uni\Ulm\Master\Hiwi-Forschung-und-Lehre\FairFace\detected_faces\822379_face0.jpg,White,White,Male,20-29,"[4.3422505e-01 4.7266835e-04 4.2574832e-01 1.9007346e-04 5.9695286e-04
 1.0871162e-03 1.3767987e-01]",[0.9583593  0.020597   0.00354757 0.01749616],[1.000000e+00 9.559005e-09],"[1.8570754e-08 3.0590343e-06 8.4334295e-03 8.7138051e-01 1.1844273e-01
 1.7342711e-03 5.9107460e-06 5.6791933e-08 3.9958073e-10]"
D:\Uni\Ulm\Master\Hiwi-Forschung-und-Lehre\FairFace\detected_faces\822412_face0.jpg,Middle Eastern,White,Male,20-29,"[5.6757722e-02 5.1534057e-06 6.9367103e-03 7.5794828e-06 3.6246780e-05
 3.8725112e-03 9.3238401e-01]",[9.2508489e-01 6.8609043e-05 5.7319686e-04 7.4273340e-02],[1.0000000e+00 2.4442059e-08],"[5.2029105e-07 6.6320063e-04 1.8853910e-01 7.7845758e-01 3.1937025e-02
 4.0166406e-04 8.6606042e-07 1.4178901e-08 1.2258744e-10]"
D:\Uni\Ulm\Master\Hiwi-Forschung-und-Lehre\FairFace\detected_faces\822459_face0.jpg,Black,Black,Male,20-29,"[4.8224900e-02 6.4277858e-01 2.8151557e-01 2.7188065e-05 5.7278964e-04
 2.3107510e-02 3.7735447e-03]",[1.0620996e-02 7.4997938e-01 4.9377099e-04 2.3890582e-01],[9.999983e-01 1.770043e-06],"[3.9539167e-08 2.3455277e-06 4.1745962e-03 7.7718973e-01 2.1373321e-01
 4.8427209e-03 5.6623936e-05 8.2691338e-07 1.3104055e-08]"
D:\Uni\Ulm\Master\Hiwi-Forschung-und-Lehre\FairFace\detected_faces\822468_face0.jpg,Black,Black,Male,20-29,"[2.0526593e-06 9.9992073e-01 5.9056125e-05 8.8252776e-08 1.7949625e-06
 8.3980249e-06 7.9694018e-06]",[1.4698516e-06 9.9999440e-01 8.8232520e-07 3.1810109e-06],[9.999928e-01 7.195766e-06],"[3.9798115e-06 2.2988669e-04 1.6238511e-02 5.9110022e-01 3.4969643e-01
 4.1814376e-02 8.9021283e-04 2.4729579e-05 1.7101994e-06]"
D:\Uni\Ulm\Master\Hiwi-Forschung-und-Lehre\FairFace\detected_faces\822470_face0.jpg,Black,Black,Male,20-29,"[4.8934794e-07 9.9990171e-01 3.0914947e-05 2.5905248e-07 8.7203052e-06
 5.7697671e-05 1.6643692e-07]",[9.5192632e-07 9.9997598e-01 1.5027330e-05 8.0592445e-06],[9.9994445e-01 5.5553228e-05],"[1.5633782e-08 1.2713838e-06 2.6742225e-03 6.3598365e-01 3.4964746e-01
 1.1607188e-02 8.5679996e-05 5.4717162e-07 3.0969002e-08]"
D:\Uni\Ulm\Master\Hiwi-Forschung-und-Lehre\FairFace\detected_faces\822471_face0.jpg,Black,Black,Male,20-29,"[6.9897197e-07 9.9979669e-01 2.1398841e-05 1.9976667e-08 1.8419427e-06
 1.6524436e-04 1.4140914e-05]",[1.7834752e-06 9.9991858e-01 9.7851207e-06 6.9812406e-05],[9.9999321e-01 6.8317017e-06],"[1.4669961e-07 2.5123812e-04 5.2963879e-02 7.9005671e-01 1.5430976e-01
 2.4109939e-03 7.1861323e-06 1.0726233e-07 5.1922244e-09]"
D:\Uni\Ulm\Master\Hiwi-Forschung-und-Lehre\FairFace\detected_faces\822472_face0.jpg,Black,Black,Male,20-29,"[1.2543691e-06 9.9983621e-01 9.1413909e-05 3.4734640e-08 2.2302697e-06
 6.2142411e-05 6.7345068e-06]",[1.20797779e-06 9.99961317e-01 1.25938295e-05 2.49054119e-05],[1.000000e+00 3.020121e-08],"[1.1512837e-08 8.1958245e-07 1.3840714e-03 6.7484790e-01 3.1321359e-01
 1.0507214e-02 4.5935754e-05 4.3988317e-07 9.8236166e-09]"
D:\Uni\Ulm\Master\Hiwi-Forschung-und-Lehre\FairFace\detected_faces\822482_face0.jpg,Black,Black,Male,20-29,"[1.7038555e-07 9.9997085e-01 4.1588564e-06 1.9358342e-09 7.7207858e-08
 2.4037734e-05 7.0720552e-07]",[2.18297103e-07 9.99987304e-01 1.87897840e-07 1.22355295e-05],[9.9999875e-01 1.2299853e-06],"[5.3472590e-08 1.6124233e-05 9.6446564e-03 7.5601143e-01 2.2785746e-01
 6.4315060e-03 3.8444403e-05 3.3277027e-07 1.3165048e-08]"
D:\Uni\Ulm\Master\Hiwi-Forschung-und-Lehre\FairFace\detected_faces\822485_face0.jpg,White,White,Male,20-29,"[8.7879610e-01 2.6043617e-05 9.2035998e-03 1.2868270e-05 3.8498802e-05
 1.2666491e-03 1.1065631e-01]",[9.9743724e-01 9.6259755e-05 7.7209360e-04 1.6943695e-03],[9.999998e-01 1.624143e-07],"[9.4027592e-07 1.8843454e-04 2.7982552e-02 7.9228020e-01 1.7562725e-01
 3.9119078e-03 8.5274132e-06 9.3608378e-08 1.1104296e-09]"
D:\Uni\Ulm\Master\Hiwi-Forschung-und-Lehre\FairFace\detected_faces\822504_face0.jpg,White,White,Male,30-39,"[7.8478324e-01 8.2206447e-04 9.7587749e-02 2.3655910e-05 8.0790684e-05
 4.5323959e-03 1.1217016e-01]",[9.9187237e-01 2.7614504e-03 1.8409242e-04 5.1820772e-03],[9.9985957e-01 1.4041999e-04],"[7.3886929e-07 7.6663773e-06 7.8230689e-04 2.4152505e-01 7.1323591e-01
 4.3903053e-02 5.4102490e-04 4.1475714e-06 7.2519654e-08]"
D:\Uni\Ulm\Master\Hiwi-Forschung-und-Lehre\FairFace\detected_faces\822505_face0.jpg,White,White,Male,20-29,"[6.6930681e-01 3.7236905e-04 5.4149307e-02 6.3273503e-04 9.3126018e-04
 1.1413388e-03 2.7346626e-01]",[0.93187505 0.01376654 0.0151896  0.03916888],[9.9999994e-01 5.0524733e-08],"[8.0528109e-09 1.5306398e-06 1.6128173e-02 9.3244839e-01 5.1142171e-02
 2.7892840e-04 7.7725741e-07 1.2026170e-08 1.2883200e-10]"
D:\Uni\Ulm\Master\Hiwi-Forschung-und-Lehre\FairFace\detected_faces\822518_face0.jpg,Latino_Hispanic,Black,Male,20-29,"[3.4860158e-03 3.3012798e-01 3.9676824e-01 3.5763740e-05 1.1621678e-03
 2.0519225e-01 6.3227586e-02]",[0.00347066 0.5790635  0.00059954 0.4168663 ],[1.0000000e+00 7.4340396e-09],"[2.8362322e-07 7.3413657e-06 4.5351312e-03 6.8319839e-01 2.9465744e-01
 1.7345913e-02 2.5025173e-04 5.2642094e-06 3.3420879e-08]"
D:\Uni\Ulm\Master\Hiwi-Forschung-und-Lehre\FairFace\detected_faces\822519_face0.jpg,Black,Black,Male,30-39,"[2.5837251e-04 9.9642849e-01 2.5634952e-03 7.5111603e-07 1.5895472e-05
 2.8138806e-04 4.5162044e-04]",[6.1123385e-05 9.9970633e-01 6.5477776e-05 1.6703075e-04],[9.999998e-01 2.020703e-07],"[2.8666236e-06 2.7637283e-05 1.0046748e-03 9.7570807e-02 5.6298375e-01
 3.1044334e-01 2.7311891e-02 6.4319035e-04 1.1832851e-05]"
D:\Uni\Ulm\Master\Hiwi-Forschung-und-Lehre\FairFace\detected_faces\822562_face0.jpg,White,White,Male,20-29,"[8.2998186e-01 4.9160369e-04 4.6042938e-02 3.1829113e-04 1.0239658e-03
 6.3267827e-04 1.2150864e-01]",[0.9656848  0.0037288  0.01822075 0.01236558],[9.997318e-01 2.682178e-04],"[1.38195588e-07 3.85934472e-05 3.92047912e-02 8.52449834e-01
 1.05972715e-01 2.31526932e-03 1.82884141e-05 3.50876263e-07
 8.21952284e-09]"
D:\Uni\Ulm\Master\Hiwi-Forschung-und-Lehre\FairFace\detected_faces\822564_face0.jpg,White,White,Male,20-29,"[9.9463046e-01 2.0641837e-05 9.9369837e-04 1.0562532e-05 1.6882437e-05
 1.8119680e-06 4.3259379e-03]",[9.9960673e-01 3.1048019e-04 7.6320670e-05 6.3965085e-06],[9.998149e-01 1.850636e-04],"[1.7410040e-06 1.5605515e-03 3.9034355e-01 5.7627195e-01 3.0951116e-02
 8.6492050e-04 6.0370385e-06 1.2410106e-07 5.3798574e-09]"
D:\Uni\Ulm\Master\Hiwi-Forschung-und-Lehre\FairFace\detected_faces\822594_face0.jpg,White,White,Male,30-39,"[9.9650413e-01 1.4097241e-06 2.8036602e-04 7.5738722e-06 3.4359105e-06
 2.2008976e-06 3.2008553e-03]",[9.9942422e-01 2.2371454e-04 1.2219386e-04 2.2988582e-04],[9.9999946e-01 5.1865226e-07],"[7.9411279e-07 5.2049327e-06 1.6707083e-03 1.3995089e-01 6.3914090e-01
 2.1466772e-01 4.5294352e-03 3.4152174e-05 1.3141437e-07]"
D:\Uni\Ulm\Master\Hiwi-Forschung-und-Lehre\FairFace\detected_faces\822600_face0.jpg,Latino_Hispanic,White,Male,20-29,"[6.9454908e-02 2.8890459e-02 7.4872118e-01 2.1353897e-04 1.7008196e-03
 9.0829087e-03 1.4193626e-01]",[0.5408046  0.07573623 0.03610805 0.34735113],[9.9999958e-01 4.3016925e-07],"[1.2942985e-06 2.7811760e-05 1.5477278e-02 6.2899548e-01 3.0530924e-01
 4.7115672e-02 2.9457060e-03 1.2670545e-04 9.0171000e-07]"
D:\Uni\Ulm\Master\Hiwi-Forschung-und-Lehre\FairFace\detected_faces\822694_face0.jpg,Black,Black,Male,20-29,"[1.0507575e-06 9.9998695e-01 4.8656411e-06 7.2263127e-08 1.8787953e-06
 4.6331647e-06 4.3243151e-07]",[4.1593025e-06 9.9997932e-01 8.3329696e-06 8.1364415e-06],[0.98162234 0.01837766],"[1.9514518e-06 1.7170218e-03 2.7518475e-01 5.8756727e-01 1.2765624e-01
 7.6264292e-03 2.3544156e-04 9.8728497e-06 9.9496026e-07]"
D:\Uni\Ulm\Master\Hiwi-Forschung-und-Lehre\FairFace\detected_faces\822702_face0.jpg,Black,Black,Male,20-29,"[2.7543065e-06 9.9959809e-01 4.5169483e-05 1.4351750e-08 2.7260370e-07
 3.1247651e-04 4.1284417e-05]",[5.0718254e-06 9.9946898e-01 5.6757781e-06 5.2021374e-04],[9.9999779e-01 2.2465824e-06],"[6.3989859e-08 8.6082036e-05 2.5446195e-02 7.5327414e-01 2.1538103e-01
 5.7735881e-03 3.8514467e-05 3.8670694e-07 6.8396977e-09]"
D:\Uni\Ulm\Master\Hiwi-Forschung-und-Lehre\FairFace\detected_faces\822708_face0.jpg,Black,Black,Male,20-29,"[1.1918329e-06 9.9996120e-01 5.0676881e-06 1.3848637e-07 6.8918422e-07
 3.1457130e-05 1.7503044e-07]",[7.3193075e-07 9.9973887e-01 6.2468521e-06 2.5409626e-04],[0.5339854  0.46601462],"[1.2011083e-07 5.6953024e-05 1.1282150e-02 5.2631813e-01 4.3006378e-01
 3.0837217e-02 1.4191687e-03 2.1618958e-05 8.6965281e-07]"
D:\Uni\Ulm\Master\Hiwi-Forschung-und-Lehre\FairFace\detected_faces\822743_face0.jpg,Middle Eastern,Indian,Male,30-39,"[2.2841072e-02 8.3416537e-04 7.8102775e-02 2.1011185e-05 1.4435785e-04
 3.5162622e-01 5.4643035e-01]",[7.6517407e-03 3.7948347e-03 1.9148710e-04 9.8836195e-01],[9.9980754e-01 1.9245272e-04],"[2.77972185e-06 1.33587062e-04 1.34281581e-03 2.91948676e-01
 6.72051191e-01 3.44259851e-02 9.41286053e-05 8.11180087e-07
 1.25699975e-08]"
D:\Uni\Ulm\Master\Hiwi-Forschung-und-Lehre\FairFace\detected_faces\822810_face0.jpg,Middle Eastern,White,Male,20-29,"[0.24472629 0.00053001 0.29161128 0.00047776 0.00231399 0.00532887
 0.4550118 ]",[0.91126144 0.01087094 0.03002329 0.04784423],[9.999989e-01 1.075158e-06],"[1.4468561e-07 9.2113311e-05 2.0216821e-01 7.5664419e-01 3.9982248e-02
 1.0991644e-03 1.3657878e-05 2.9280753e-07 3.1982259e-09]"
D:\Uni\Ulm\Master\Hiwi-Forschung-und-Lehre\FairFace\detected_faces\822815_face0.jpg,East Asian,Asian,Male,20-29,"[3.7148089e-05 2.7778606e-06 1.0493196e-03 8.1886286e-01 1.7994943e-01
 9.1264876e-05 7.1065570e-06]",[9.1114722e-05 2.7717955e-05 9.9961448e-01 2.6670253e-04],[9.999993e-01 7.204458e-07],"[5.9059641e-07 8.0567988e-04 2.1899961e-01 6.9178009e-01 8.5436225e-02
 2.9325560e-03 4.2506355e-05 2.6694636e-06 2.1823981e-08]"
D:\Uni\Ulm\Master\Hiwi-Forschung-und-Lehre\FairFace\detected_faces\822884_face0.jpg,Black,Black,Male,20-29,"[3.0562487e-07 9.9998081e-01 1.0432621e-05 1.8985563e-08 5.9261777e-07
 6.6901048e-06 1.1235928e-06]",[2.5505079e-07 9.9999607e-01 1.2646699e-06 2.4127032e-06],[9.9997419e-01 2.5801077e-05],"[2.9790735e-08 3.9777851e-06 1.1514557e-02 7.4978256e-01 2.2670317e-01
 1.1898972e-02 9.5537333e-05 1.0830883e-06 5.2126794e-08]"
D:\Uni\Ulm\Master\Hiwi-Forschung-und-Lehre\FairFace\detected_faces\822923_face0.jpg,Middle Eastern,Black,Male,30-39,"[3.9480630e-02 2.3262784e-02 2.2952347e-01 6.5780187e-05 4.7798996e-04
 4.1981414e-02 6.6520792e-01]",[0.326949   0.4120616  0.00828802 0.25270143],[9.9998242e-01 1.7582426e-05],"[6.7743758e-06 2.6401182e-04 2.4859179e-03 4.1303682e-01 5.6556147e-01
 1.8564785e-02 7.9397032e-05 8.5273319e-07 1.9188272e-08]"
D:\Uni\Ulm\Master\Hiwi-Forschung-und-Lehre\FairFace\detected_faces\822933_face0.jpg,Middle Eastern,White,Male,20-29,"[0.37466016 0.00044053 0.15530032 0.05145332 0.02176296 0.00202636
 0.39435634]",[0.84560966 0.00098716 0.14526126 0.00814196],[1.0000000e+00 1.2193758e-08],"[2.8998481e-06 1.2709819e-04 1.2396931e-02 7.1357095e-01 2.6999864e-01
 3.8744679e-03 2.7959988e-05 1.1753961e-06 1.0621643e-08]"
D:\Uni\Ulm\Master\Hiwi-Forschung-und-Lehre\FairFace\detected_faces\823001_face0.jpg,White,White,Male,20-29,"[9.7854650e-01 7.8217881e-06 3.0480016e-03 5.9202121e-05 5.8574449e-05
 4.4132753e-06 1.8275470e-02]",[9.9945414e-01 1.5902281e-06 5.2648404e-04 1.7814720e-05],[9.9999833e-01 1.6738260e-06],"[1.12672836e-07 4.42509518e-05 1.77627608e-01 8.07063758e-01
 1.50625473e-02 2.00178387e-04 1.52409348e-06 3.10164268e-08
 6.08881390e-10]"
D:\Uni\Ulm\Master\Hiwi-Forschung-und-Lehre\FairFace\detected_faces\823078_face0.jpg,White,White,Male,30-39,"[9.9143052e-01 1.9305664e-06 5.3124987e-03 1.1349373e-04 1.3271414e-04
 7.9532692e-05 2.9293583e-03]",[9.9989516e-01 2.6513271e-07 5.1722123e-05 5.2860440e-05],[9.999952e-01 4.832039e-06],"[1.8151314e-07 8.5225392e-06 9.6941303e-04 3.2166341e-01 6.4898157e-01
 2.8311888e-02 6.4832500e-05 2.6368531e-07 4.3303339e-09]"
D:\Uni\Ulm\Master\Hiwi-Forschung-und-Lehre\FairFace\detected_faces\823085_face0.jpg,Black,Black,Male,20-29,"[1.1207310e-06 9.9964041e-01 6.0261060e-05 9.5750721e-08 2.5324459e-06
 2.9374138e-04 1.8446316e-06]",[1.6969013e-07 9.9989361e-01 7.9996954e-07 1.0539989e-04],[9.9993867e-01 6.1294209e-05],"[3.3843353e-08 1.0880673e-05 2.6928762e-02 8.2165480e-01 1.4553012e-01
 5.8076559e-03 6.6915047e-05 9.2405395e-07 2.5084516e-08]"
D:\Uni\Ulm\Master\Hiwi-Forschung-und-Lehre\FairFace\detected_faces\823092_face0.jpg,White,White,Male,20-29,"[9.9688566e-01 2.8617940e-05 4.1033450e-04 6.4232263e-06 1.5859459e-05
 4.7579933e-06 2.6483915e-03]",[9.9867707e-01 1.0006870e-03 2.4731626e-04 7.4981086e-05],[1.0000000e+00 1.8439422e-08],"[1.0592362e-06 1.1912568e-05 1.7785992e-03 5.0807065e-01 4.7357339e-01
 1.6402788e-02 1.6012922e-04 1.5012658e-06 2.5497821e-08]"
D:\Uni\Ulm\Master\Hiwi-Forschung-und-Lehre\FairFace\detected_faces\823127_face0.jpg,East Asian,Asian,Male,30-39,"[3.6517685e-04 5.3580257e-05 2.5442515e-02 5.3375757e-01 4.3961683e-01
 6.0881785e-04 1.5550735e-04]",[5.1674247e-04 3.1768437e-04 9.9218673e-01 6.9788694e-03],[1.0000000e+00 2.9363806e-08],"[1.2185544e-07 4.6780460e-06 2.8600483e-03 3.0898640e-01 5.7423854e-01
 1.0851425e-01 5.2748336e-03 1.2049571e-04 6.1524867e-07]"
D:\Uni\Ulm\Master\Hiwi-Forschung-und-Lehre\FairFace\detected_faces\823203_face0.jpg,White,White,Male,20-29,"[9.7191256e-01 6.8726258e-05 4.5028897e-03 2.1091479e-05 5.0548879e-05
 4.8571681e-05 2.3395574e-02]",[9.9606133e-01 9.0124895e-04 2.4785977e-04 2.7896240e-03],[9.9998760e-01 1.2386493e-05],"[9.3944486e-08 1.8855630e-05 9.5197661e-03 8.4163272e-01 1.4723578e-01
 1.5864152e-03 6.2554777e-06 6.5032687e-08 1.5129178e-09]"
D:\Uni\Ulm\Master\Hiwi-Forschung-und-Lehre\FairFace\detected_faces\823226_face0.jpg,White,White,Male,30-39,"[9.5650393e-01 9.6803516e-05 3.0844726e-02 2.2171294e-04 1.4157301e-03
 1.8353885e-03 9.0816747e-03]",[0.9808383  0.00433483 0.0027633  0.01206356],[9.999997e-01 3.229136e-07],"[1.7374645e-05 3.3070732e-04 3.0658697e-03 1.6607025e-01 6.5223992e-01
 1.7019184e-01 7.9745632e-03 1.0772212e-04 1.7261692e-06]"
D:\Uni\Ulm\Master\Hiwi-Forschung-und-Lehre\FairFace\detected_faces\823385_face0.jpg,White,White,Male,20-29,"[9.9999768e-01 1.9883341e-08 2.2355799e-08 3.7020575e-09 1.0730915e-08
 5.3883289e-09 2.3109892e-06]",[9.9999720e-01 1.9625013e-06 9.2952867e-08 7.6901756e-07],[9.9995768e-01 4.2315016e-05],"[2.0422253e-07 2.5352248e-05 1.1195958e-02 7.1839553e-01 2.4607405e-01
 2.3035012e-02 1.2356557e-03 3.5567522e-05 2.6114344e-06]"
D:\Uni\Ulm\Master\Hiwi-Forschung-und-Lehre\FairFace\detected_faces\823441_face0.jpg,Black,Black,Male,20-29,"[2.2647673e-07 9.9999118e-01 7.0408901e-06 6.1293357e-09 2.8382266e-07
 1.1140311e-06 2.1188407e-07]",[5.6623230e-07 9.9997449e-01 8.8060115e-06 1.6181682e-05],[9.999989e-01 1.040413e-06],"[2.6424811e-07 3.5789097e-04 1.4719135e-01 8.0998665e-01 4.1774075e-02
 6.8573130e-04 4.0185455e-06 8.4505409e-08 5.6115455e-09]"
D:\Uni\Ulm\Master\Hiwi-Forschung-und-Lehre\FairFace\detected_faces\823591_face0.jpg,White,White,Male,20-29,"[9.9993223e-01 8.6743967e-06 2.0158855e-05 3.9111287e-06 4.8665347e-06
 1.5190994e-07 2.9921892e-05]",[9.9981779e-01 1.3030440e-04 5.1023591e-05 9.4618133e-07],[9.999999e-01 7.638908e-08],"[4.3030056e-08 7.7202340e-06 2.0184297e-02 9.2389113e-01 5.5477429e-02
 4.3460829e-04 4.7072940e-06 8.5990827e-08 3.3446150e-09]"
D:\Uni\Ulm\Master\Hiwi-Forschung-und-Lehre\FairFace\detected_faces\823622_face0.jpg,White,White,Male,20-29,"[8.1163448e-01 2.2504693e-05 1.0221917e-01 7.2877906e-04 9.3263248e-04
 1.8618004e-04 8.4276259e-02]",[9.9178714e-01 1.5953369e-03 5.7410831e-03 8.7648368e-04],[9.9999976e-01 2.2309919e-07],"[1.0397270e-07 9.8657565e-06 9.7566247e-03 6.1520875e-01 3.5706839e-01
 1.7846327e-02 1.0912391e-04 9.2393140e-07 6.2719057e-09]"
D:\Uni\Ulm\Master\Hiwi-Forschung-und-Lehre\FairFace\detected_faces\823631_face0.jpg,Black,Black,Male,20-29,"[2.1886663e-05 9.9947584e-01 1.7641071e-04 6.5297250e-08 1.2403347e-06
 1.9586815e-04 1.2865182e-04]",[1.0306228e-06 9.9999106e-01 7.0680943e-07 7.2337684e-06],[9.9999410e-01 5.8939017e-06],"[1.9741931e-06 2.8992360e-04 1.1913194e-02 5.6651163e-01 4.0170187e-01
 1.9408494e-02 1.6904497e-04 3.7061761e-06 1.3749904e-07]"
D:\Uni\Ulm\Master\Hiwi-Forschung-und-Lehre\FairFace\detected_faces\823654_face0.jpg,White,White,Male,20-29,"[9.99763846e-01 1.12988855e-05 2.52832506e-05 3.47593840e-07
 1.50853987e-06 1.12512498e-06 1.96494948e-04]",[9.9818921e-01 1.7544483e-03 1.5897094e-05 4.0480554e-05],[9.9999994e-01 8.1960600e-08],"[8.8278881e-08 4.8315023e-06 4.4017308e-03 6.1716282e-01 3.5225874e-01
 2.5113676e-02 1.0403045e-03 1.7302564e-05 4.7619002e-07]"
D:\Uni\Ulm\Master\Hiwi-Forschung-und-Lehre\FairFace\detected_faces\823733_face0.jpg,Latino_Hispanic,Black,Male,20-29,"[1.2184148e-01 1.2512157e-02 7.2310692e-01 1.8824711e-04 1.2101310e-03
 1.9946678e-03 1.3914648e-01]",[0.2792689  0.70313627 0.00655623 0.01103856],[9.9999988e-01 1.3052663e-07],"[1.82163234e-07 1.44551295e-05 6.59120502e-03 8.00073087e-01
 1.90596581e-01 2.71168421e-03 1.25580254e-05 2.81166791e-07
 3.62832919e-09]"
D:\Uni\Ulm\Master\Hiwi-Forschung-und-Lehre\FairFace\detected_faces\823941_face0.jpg,Black,Black,Male,20-29,"[3.8331335e-05 9.5627826e-01 1.1608159e-03 1.1872824e-06 5.9357142e-05
 4.2407222e-02 5.4774006e-05]",[3.8036858e-05 9.9258661e-01 3.4046734e-05 7.3412997e-03],[9.9999768e-01 2.3416642e-06],"[2.06892086e-08 3.82918506e-06 7.49040954e-03 7.18251705e-01
 2.65554726e-01 8.58009793e-03 1.17348805e-04 1.84761495e-06
 2.92091986e-08]"
D:\Uni\Ulm\Master\Hiwi-Forschung-und-Lehre\FairFace\detected_faces\823963_face0.jpg,White,White,Male,20-29,"[7.8174669e-01 5.8729242e-05 1.6709069e-02 2.9521509e-05 5.8466296e-05
 3.6443552e-04 2.0103317e-01]",[9.9960077e-01 1.8842975e-04 2.8223356e-05 1.8252921e-04],[9.9999964e-01 3.2600406e-07],"[6.23473806e-09 9.96475706e-07 2.56192056e-03 8.76583874e-01
 1.20047234e-01 8.04087380e-04 1.88273532e-06 1.24797852e-08
 2.21181504e-10]"
D:\Uni\Ulm\Master\Hiwi-Forschung-und-Lehre\FairFace\detected_faces\823970_face0.jpg,White,White,Male,20-29,"[9.9349177e-01 8.9582772e-06 1.5693840e-03 3.8444210e-05 5.0595052e-05
 4.3392311e-06 4.8364024e-03]",[9.9935812e-01 1.2985608e-04 4.6635256e-04 4.5591638e-05],[9.999034e-01 9.660987e-05],"[1.9486981e-07 2.8204828e-04 3.9148143e-01 5.9726357e-01 1.0755820e-02
 2.1437583e-04 2.5009233e-06 9.1143178e-08 3.9267407e-09]"
D:\Uni\Ulm\Master\Hiwi-Forschung-und-Lehre\FairFace\detected_faces\823984_face0.jpg,Middle Eastern,Black,Male,20-29,"[5.25643863e-02 1.23090595e-01 3.28045458e-01 2.10913677e-05
 2.43238028e-04 7.70048518e-03 4.88334715e-01]",[5.9818313e-02 9.2870945e-01 1.6366721e-04 1.1308573e-02],[9.9999768e-01 2.2965771e-06],"[2.6517708e-07 2.6763264e-05 1.2721514e-02 7.9217684e-01 1.9158970e-01
 3.4661947e-03 1.8467310e-05 2.4383240e-07 4.0143124e-09]"
D:\Uni\Ulm\Master\Hiwi-Forschung-und-Lehre\FairFace\detected_faces\823996_face0.jpg,White,White,Male,20-29,"[6.4099807e-01 2.1336020e-04 2.5654966e-01 7.2013191e-04 1.4889096e-03
 1.3085231e-03 9.8721281e-02]",[9.7313994e-01 9.0102799e-04 2.0670710e-02 5.2883672e-03],[9.9999988e-01 1.5078557e-07],"[2.3928899e-07 2.3836717e-04 1.6817577e-01 8.0161464e-01 2.9708277e-02
 2.6183724e-04 8.4364541e-07 1.2735240e-08 1.6785059e-10]"
D:\Uni\Ulm\Master\Hiwi-Forschung-und-Lehre\FairFace\detected_faces\824130_face0.jpg,White,White,Male,30-39,"[8.3781523e-01 8.2007045e-04 1.0579073e-01 5.9199537e-04 7.7577401e-04
 1.3053449e-03 5.2900810e-02]",[9.9884123e-01 1.7570883e-04 8.4225042e-04 1.4079969e-04],[1.0000000e+00 5.5808503e-08],"[1.6262180e-05 2.9111403e-04 7.9202689e-03 4.1484043e-01 5.4700607e-01
 2.9560292e-02 3.6117368e-04 4.3475193e-06 4.4934708e-08]"
D:\Uni\Ulm\Master\Hiwi-Forschung-und-Lehre\FairFace\detected_faces\824200_face0.jpg,Black,Black,Male,20-29,"[3.8929378e-05 9.9773079e-01 2.7434679e-04 1.1029613e-05 1.3526496e-04
 1.7897249e-03 1.9810257e-05]",[4.3825723e-05 9.9828792e-01 1.4167643e-04 1.5266158e-03],[0.7447864  0.25521365],"[2.4478829e-06 4.0850677e-03 2.0312674e-01 6.1263567e-01 1.7491230e-01
 5.1391497e-03 9.5956937e-05 2.5927070e-06 1.4483730e-07]"
D:\Uni\Ulm\Master\Hiwi-Forschung-und-Lehre\FairFace\detected_faces\824509_face0.jpg,Middle Eastern,Indian,Male,20-29,"[2.9661555e-02 6.3617603e-04 1.3749176e-01 1.1717477e-04 4.0191860e-04
 9.5521420e-02 7.3616993e-01]",[0.14491361 0.00419199 0.00380209 0.84709233],[9.999960e-01 3.975623e-06],"[1.5915815e-07 1.3571700e-05 1.2319158e-03 5.5087221e-01 4.3746743e-01
 1.0396975e-02 1.7599594e-05 1.9910809e-07 2.4072442e-09]"
D:\Uni\Ulm\Master\Hiwi-Forschung-und-Lehre\FairFace\detected_faces\824584_face0.jpg,White,White,Male,20-29,"[3.4435368e-01 1.7070893e-02 3.0069524e-01 5.6144894e-05 4.7924728e-04
 2.5910012e-02 3.1143475e-01]",[0.7167155  0.13601866 0.00182228 0.14544353],[1.0000000e+00 1.7355661e-09],"[8.7207994e-08 4.2134732e-05 2.1794792e-02 9.0035599e-01 7.7251919e-02
 5.5429403e-04 7.7652277e-07 6.2676380e-09 5.8701724e-11]"
D:\Uni\Ulm\Master\Hiwi-Forschung-und-Lehre\FairFace\detected_faces\824623_face0.jpg,White,White,Male,20-29,"[9.8451638e-01 1.3945052e-04 8.0464212e-03 6.8325709e-05 8.5041909e-05
 1.7056131e-05 7.1273460e-03]",[9.7885644e-01 1.7163206e-02 3.7717277e-03 2.0858062e-04],[1.0000000e+00 2.7129227e-08],"[1.3212082e-07 4.6199701e-05 6.3765623e-02 8.9852232e-01 3.7414640e-02
 2.5014003e-04 9.3587101e-07 1.6964350e-08 2.6448188e-10]"
D:\Uni\Ulm\Master\Hiwi-Forschung-und-Lehre\FairFace\detected_faces\824751_face0.jpg,White,White,Male,20-29,"[9.9109048e-01 3.6598531e-06 6.9918513e-04 2.2606899e-05 3.4169796e-05
 3.0074068e-05 8.1198793e-03]",[9.9972481e-01 1.3366415e-05 7.4077783e-05 1.8772442e-04],[9.9998641e-01 1.3548841e-05],"[1.3060853e-06 3.9151710e-04 5.6419107e-03 6.0923314e-01 3.7677705e-01
 7.9391766e-03 1.5686634e-05 1.0787697e-07 3.4893419e-09]"
D:\Uni\Ulm\Master\Hiwi-Forschung-und-Lehre\FairFace\detected_faces\825088_face0.jpg,Black,Black,Male,30-39,"[4.3119954e-07 9.9991947e-01 2.9643656e-06 8.4194689e-08 1.9583515e-06
 7.4968026e-05 9.7259502e-08]",[4.8546212e-07 9.9998730e-01 2.0848208e-06 1.0132271e-05],[9.9976104e-01 2.3891388e-04],"[1.7565924e-07 3.5820256e-06 1.2757048e-03 3.9929256e-01 5.2119714e-01
 7.5999983e-02 2.2048850e-03 2.3772218e-05 2.1812739e-06]"
D:\Uni\Ulm\Master\Hiwi-Forschung-und-Lehre\FairFace\detected_faces\825133_face0.jpg,White,White,Male,30-39,"[0.49433956 0.00886121 0.13301452 0.00052304 0.00154741 0.00131437
 0.3603999 ]",[0.9529991  0.01097243 0.03275801 0.00327039],[1.0000000e+00 4.7882533e-08],"[8.8359582e-07 1.2634422e-05 1.3411035e-03 3.4568536e-01 6.1067092e-01
 4.1604906e-02 6.7373272e-04 1.0347690e-05 1.2394962e-07]"
D:\Uni\Ulm\Master\Hiwi-Forschung-und-Lehre\FairFace\detected_faces\825152_face0.jpg,Middle Eastern,White,Male,20-29,"[2.55518228e-01 1.11708134e-04 1.57222882e-01 1.58077735e-03
 2.15031928e-03 4.04462442e-02 5.42969823e-01]",[0.84719735 0.0016971  0.00342754 0.14767794],[9.9998575e-01 1.4284244e-05],"[4.7074352e-07 2.6929398e-05 2.2069325e-03 6.7653137e-01 3.1773755e-01
 3.4883912e-03 8.1588287e-06 1.1798311e-07 2.2478024e-09]"
D:\Uni\Ulm\Master\Hiwi-Forschung-und-Lehre\FairFace\detected_faces\825271_face0.jpg,White,White,Male,20-29,"[9.9748999e-01 8.5563295e-07 2.0542096e-04 1.9179226e-06 4.5348197e-06
 3.7797528e-07 2.2969565e-03]",[9.9996728e-01 1.8217439e-05 8.2179058e-06 6.4191890e-06],[9.9999976e-01 2.3716206e-07],"[3.8571660e-08 3.0211862e-05 7.0019417e-02 8.6625266e-01 6.2663130e-02
 1.0309337e-03 3.5685598e-06 2.8830847e-08 3.7680267e-10]"
D:\Uni\Ulm\Master\Hiwi-Forschung-und-Lehre\FairFace\detected_faces\825274_face0.jpg,Latino_Hispanic,Black,Male,20-29,"[8.8092303e-03 3.0115762e-01 3.5282969e-01 2.1544205e-05 5.6447875e-04
 3.5058390e-02 3.0155900e-01]",[1.4316145e-03 9.5020550e-01 3.7062238e-04 4.7992248e-02],[9.999996e-01 4.099868e-07],"[1.9063647e-07 1.8955058e-04 6.0460292e-02 7.9321051e-01 1.4354531e-01
 2.5812373e-03 1.2540816e-05 3.3037057e-07 3.9559263e-09]"
D:\Uni\Ulm\Master\Hiwi-Forschung-und-Lehre\FairFace\detected_faces\825458_face0.jpg,Latino_Hispanic,White,Male,20-29,"[0.22009206 0.00660414 0.7097817  0.00435692 0.01613597 0.00196333
 0.04106595]",[0.7447241  0.23101626 0.01488083 0.0093788 ],[1.0000000e+00 2.7766234e-09],"[1.2110024e-06 1.2657928e-03 4.4186866e-01 5.2243787e-01 3.3600554e-02
 8.1499288e-04 1.0680658e-05 2.8112549e-07 2.1790421e-09]"
D:\Uni\Ulm\Master\Hiwi-Forschung-und-Lehre\FairFace\detected_faces\825550_face0.jpg,White,White,Male,10-19,"[9.8140919e-01 2.4538026e-06 1.4026375e-03 6.8221034e-06 1.6673966e-05
 9.0084823e-06 1.7153179e-02]",[9.9725085e-01 5.7570076e-05 1.5081856e-03 1.1833960e-03],[9.9999851e-01 1.4953162e-06],"[2.8679771e-08 5.8128883e-04 6.8488419e-01 3.1233621e-01 2.1514404e-03
 4.6697187e-05 1.8243946e-07 4.4523434e-09 7.9927537e-11]"
D:\Uni\Ulm\Master\Hiwi-Forschung-und-Lehre\FairFace\detected_faces\825574_face0.jpg,Middle Eastern,White,Male,20-29,"[4.9915001e-02 3.0664077e-03 1.9980092e-01 1.8191591e-05 1.7436536e-04
 1.4461218e-02 7.3256391e-01]",[0.63255775 0.10878642 0.00063897 0.2580168 ],[9.9999106e-01 8.9357200e-06],"[2.9408142e-07 4.7979829e-05 1.8494299e-02 8.8812703e-01 9.2608124e-02
 7.2103279e-04 1.1618656e-06 1.9551102e-08 4.3209913e-10]"
D:\Uni\Ulm\Master\Hiwi-Forschung-und-Lehre\FairFace\detected_faces\825719_face0.jpg,Black,Black,Male,30-39,"[4.9973321e-05 9.9768460e-01 8.3312072e-04 4.6824496e-07 1.1663526e-05
 1.3843955e-03 3.5664423e-05]",[3.2854427e-05 9.9844480e-01 2.2281603e-05 1.5001169e-03],[9.9999881e-01 1.2211434e-06],"[4.7811245e-08 2.1550422e-06 3.5057075e-03 4.6664685e-01 4.7340730e-01
 5.4186013e-02 2.1999464e-03 5.0850322e-05 1.1302253e-06]"
D:\Uni\Ulm\Master\Hiwi-Forschung-und-Lehre\FairFace\detected_faces\825740_face0.jpg,White,White,Male,20-29,"[9.9727643e-01 5.6252691e-08 2.9268408e-06 1.1700884e-08 3.4367854e-08
 2.2529147e-07 2.7203753e-03]",[9.99997854e-01 4.88111993e-07 1.03058575e-07 1.58556691e-06],[0.99801433 0.00198564],"[4.6942219e-07 8.6989334e-05 2.6375994e-02 7.4711502e-01 2.1607940e-01
 1.0279616e-02 6.1954393e-05 5.3651939e-07 2.4460103e-08]"
D:\Uni\Ulm\Master\Hiwi-Forschung-und-Lehre\FairFace\detected_faces\825750_face0.jpg,White,White,Male,20-29,"[8.6223352e-01 3.4482795e-04 1.2182255e-02 1.1771422e-05 1.7497208e-05
 3.0850792e-05 1.2517919e-01]",[9.9339646e-01 6.3568284e-03 1.8942771e-04 5.7312973e-05],[9.999995e-01 5.030207e-07],"[3.38563666e-08 5.56317445e-06 6.25643600e-03 9.28711772e-01
 6.48142546e-02 2.11486404e-04 4.65882607e-07 8.05031597e-09
 1.10545524e-10]"
D:\Uni\Ulm\Master\Hiwi-Forschung-und-Lehre\FairFace\detected_faces\825754_face0.jpg,White,White,Male,20-29,"[0.5828065  0.00132585 0.24038276 0.00087541 0.0022401  0.00132836
 0.17104101]",[0.9830516  0.0110943  0.00333749 0.0025165 ],[9.9999976e-01 2.6577615e-07],"[2.3511151e-07 2.3532823e-05 5.8177831e-03 8.5264194e-01 1.4059351e-01
 9.2005619e-04 2.8209213e-06 4.6872852e-08 6.9298561e-10]"
D:\Uni\Ulm\Master\Hiwi-Forschung-und-Lehre\FairFace\detected_faces\825771_face0.jpg,White,White,Male,20-29,"[9.2985135e-01 3.2701419e-04 4.8426505e-02 2.8381497e-04 4.2474220e-04
 2.8635387e-04 2.0400105e-02]",[9.9590123e-01 2.1046344e-03 6.4836832e-04 1.3457928e-03],[9.9999315e-01 6.8313589e-06],"[2.0502723e-07 5.6290514e-06 2.6006149e-03 5.3898877e-01 4.3603647e-01
 2.2195728e-02 1.7039249e-04 2.1551243e-06 4.8768598e-08]"
D:\Uni\Ulm\Master\Hiwi-Forschung-und-Lehre\FairFace\detected_faces\825775_face0.jpg,Latino_Hispanic,Black,Male,30-39,"[0.0100256  0.26625186 0.6741082  0.0042014  0.03542843 0.00656206
 0.00342247]",[0.02547156 0.91164094 0.04196941 0.02091809],[9.9998158e-01 1.8458393e-05],"[1.9873646e-06 1.1712734e-05 5.1301988e-03 4.2120469e-01 5.1156026e-01
 6.0623035e-02 1.4491967e-03 1.8568935e-05 2.6025006e-07]"
D:\Uni\Ulm\Master\Hiwi-Forschung-und-Lehre\FairFace\detected_faces\825820_face0.jpg,White,White,Male,30-39,"[9.9832469e-01 1.1738732e-04 8.6529326e-04 9.7393604e-07 9.2585205e-06
 3.6092206e-05 6.4641947e-04]",[9.9714839e-01 1.8553173e-03 1.7382328e-04 8.2250871e-04],[9.9999797e-01 2.0301384e-06],"[6.3892708e-07 1.4939444e-05 1.2790459e-03 4.1110456e-01 5.3158295e-01
 5.4600216e-02 1.3578635e-03 5.7490637e-05 2.3602156e-06]"
D:\Uni\Ulm\Master\Hiwi-Forschung-und-Lehre\FairFace\detected_faces\825839_face0.jpg,Black,Black,Male,20-29,"[3.6248452e-06 9.9992174e-01 3.8291186e-05 6.8365864e-08 2.1185610e-06
 3.3067292e-05 1.0929938e-06]",[4.6937607e-06 9.9988908e-01 5.2707287e-06 1.0094588e-04],[9.993471e-01 6.528503e-04],"[8.2056891e-07 1.6153995e-04 3.9328683e-02 6.1067396e-01 3.0791906e-01
 3.9367758e-02 2.4605365e-03 8.3079642e-05 4.6516516e-06]"
D:\Uni\Ulm\Master\Hiwi-Forschung-und-Lehre\FairFace\detected_faces\825840_face0.jpg,Black,Black,Male,30-39,"[6.65843572e-06 9.98574078e-01 6.73156901e-05 1.18595338e-07
 1.30127535e-06 1.33859389e-03 1.19926635e-05]",[2.4168692e-05 9.9763483e-01 1.1807852e-05 2.3291805e-03],[0.9982947  0.00170524],"[3.8046625e-07 8.1789540e-06 9.7939011e-04 1.5341921e-01 6.2364936e-01
 2.1021348e-01 1.1623087e-02 1.0305814e-04 3.8746280e-06]"
D:\Uni\Ulm\Master\Hiwi-Forschung-und-Lehre\FairFace\detected_faces\825845_face0.jpg,Black,Black,Male,20-29,"[2.0026865e-03 8.4330195e-01 6.8192877e-02 6.6557137e-04 1.2119425e-02
 6.9439583e-02 4.2779855e-03]",[0.0032813  0.6182381  0.02443522 0.35404536],[9.9957234e-01 4.2761720e-04],"[3.5858869e-07 3.7230900e-05 1.8111214e-02 6.3219005e-01 3.3719385e-01
 1.2346227e-02 1.1875268e-04 2.1685435e-06 6.2331438e-08]"
D:\Uni\Ulm\Master\Hiwi-Forschung-und-Lehre\FairFace\detected_faces\825851_face0.jpg,Black,Black,Male,30-39,"[2.6204978e-07 9.9999446e-01 3.4855250e-06 7.9368876e-09 1.3759485e-07
 1.0010382e-06 6.6632265e-07]",[3.4302582e-07 9.9999410e-01 1.7102726e-06 3.9297288e-06],[9.9999774e-01 2.2862596e-06],"[1.1533206e-07 1.0698411e-05 3.5285396e-03 4.4369251e-01 4.8288354e-01
 6.8606846e-02 1.2410823e-03 3.3577187e-05 2.9601540e-06]"
D:\Uni\Ulm\Master\Hiwi-Forschung-und-Lehre\FairFace\detected_faces\825861_face0.jpg,Middle Eastern,Indian,Male,30-39,"[0.03733498 0.00519039 0.29965883 0.0013137  0.00480074 0.05570274
 0.5959986 ]",[0.296753   0.06103451 0.09570184 0.5465107 ],[9.999993e-01 7.699962e-07],"[2.5546044e-06 2.6797135e-05 1.1846588e-03 3.9732209e-01 5.6470454e-01
 3.6477000e-02 2.7677804e-04 5.5701412e-06 9.4685156e-08]"
D:\Uni\Ulm\Master\Hiwi-Forschung-und-Lehre\FairFace\detected_faces\825899_face0.jpg,White,White,Male,20-29,"[9.2604643e-01 5.8842532e-04 5.6840673e-02 3.2138309e-04 9.6308975e-04
 8.6854874e-05 1.5153212e-02]",[0.95572686 0.00510976 0.03680012 0.0023633 ],[9.9999881e-01 1.2252946e-06],"[7.8081115e-08 9.3832285e-05 3.8566285e-01 5.8917421e-01 2.3279054e-02
 1.7279865e-03 5.9818081e-05 2.1686146e-06 2.7784900e-08]"
D:\Uni\Ulm\Master\Hiwi-Forschung-und-Lehre\FairFace\detected_faces\825901_face0.jpg,Black,Black,Male,20-29,"[2.7850251e-06 9.9989605e-01 6.5054322e-05 1.8390048e-07 1.5845392e-06
 3.0490615e-05 3.8186263e-06]",[1.1376824e-06 9.9997920e-01 1.8938972e-06 1.7817665e-05],[0.9916512  0.00834885],"[5.8539295e-06 1.2917507e-03 1.5524630e-01 6.6152680e-01 1.5594132e-01
 2.4925089e-02 1.0187656e-03 4.1100000e-05 2.9651985e-06]"
D:\Uni\Ulm\Master\Hiwi-Forschung-und-Lehre\FairFace\detected_faces\825956_face0.jpg,White,White,Male,20-29,"[8.6625659e-01 7.7404788e-05 1.5841277e-02 6.5262786e-05 1.5873542e-04
 3.6999561e-05 1.1756369e-01]",[9.9988830e-01 3.8765127e-05 3.4832243e-05 3.8122871e-05],[1.0000000e+00 2.5217311e-08],"[1.5746184e-07 1.4966372e-05 6.6047315e-03 7.5541562e-01 2.3465531e-01
 3.2995907e-03 9.5446430e-06 9.8629329e-08 9.3870012e-10]"
D:\Uni\Ulm\Master\Hiwi-Forschung-und-Lehre\FairFace\detected_faces\825962_face0.jpg,Black,Black,Male,20-29,"[1.7517428e-05 9.9937671e-01 3.7468338e-04 5.0806284e-06 4.1842635e-05
 1.5723036e-04 2.6925276e-05]",[8.8427623e-06 9.9990475e-01 4.1633230e-05 4.4699998e-05],[9.9999434e-01 5.6914268e-06],"[7.1514155e-06 1.5264051e-04 8.7351725e-03 5.2339530e-01 4.2098176e-01
 4.5931511e-02 7.6758733e-04 2.7138369e-05 1.6689236e-06]"
D:\Uni\Ulm\Master\Hiwi-Forschung-und-Lehre\FairFace\detected_faces\826001_face0.jpg,Latino_Hispanic,White,Male,20-29,"[3.1897143e-01 1.7812269e-02 5.0539333e-01 1.8840357e-05 2.6343670e-04
 2.3519145e-03 1.5518869e-01]",[0.51332355 0.46297613 0.00111131 0.02258897],[9.9999958e-01 4.7249668e-07],"[5.6221204e-08 3.1834541e-05 1.1339633e-01 7.9274231e-01 8.8372037e-02
 5.3871018e-03 6.9350506e-05 9.7494171e-07 9.0563690e-09]"
D:\Uni\Ulm\Master\Hiwi-Forschung-und-Lehre\FairFace\detected_faces\826003_face0.jpg,Middle Eastern,Black,Male,30-39,"[1.2040000e-02 3.6203675e-02 1.3968785e-01 4.9191483e-05 3.8815686e-04
 3.8110480e-02 7.7352065e-01]",[0.03116218 0.8466949  0.00239171 0.11975119],[9.99999881e-01 1.02381414e-07],"[2.4963752e-04 9.1100410e-03 4.1612998e-02 3.3115408e-01 5.0452304e-01
 1.1069615e-01 2.6246635e-03 2.9105910e-05 3.1836800e-07]"
D:\Uni\Ulm\Master\Hiwi-Forschung-und-Lehre\FairFace\detected_faces\826004_face0.jpg,Middle Eastern,White,Male,20-29,"[1.9454046e-01 4.3615895e-05 6.8118080e-02 5.0776500e-05 1.0323907e-04
 8.1776818e-03 7.2896612e-01]",[9.8889685e-01 2.3166448e-04 3.9741828e-04 1.0474151e-02],[9.9998266e-01 1.7374208e-05],"[4.6448113e-05 1.1754404e-03 3.0088322e-02 7.6350123e-01 2.0172325e-01
 3.4576168e-03 7.4892282e-06 1.7046477e-07 2.8817677e-09]"
D:\Uni\Ulm\Master\Hiwi-Forschung-und-Lehre\FairFace\detected_faces\826008_face0.jpg,Middle Eastern,White,Male,20-29,"[5.2231725e-02 5.0532535e-06 4.9270960e-03 4.7958525e-05 9.3337949e-05
 6.6192524e-04 9.4203287e-01]",[0.98115754 0.00183759 0.00346582 0.01353901],[9.9999797e-01 2.0352024e-06],"[4.6810129e-08 1.1161832e-04 1.4087273e-01 8.4002465e-01 1.8840410e-02
 1.5022686e-04 3.2361177e-07 8.2487475e-09 1.0908063e-10]"
D:\Uni\Ulm\Master\Hiwi-Forschung-und-Lehre\FairFace\detected_faces\826010_face0.jpg,White,White,Male,20-29,"[9.9546897e-01 2.4363817e-05 1.0428609e-03 1.5604456e-06 3.8560433e-06
 5.4858401e-06 3.4529709e-03]",[9.9953276e-01 4.4108514e-04 7.1598283e-06 1.8919774e-05],[9.999994e-01 5.608073e-07],"[9.3348302e-07 4.8720376e-05 1.5037710e-02 8.2896274e-01 1.5397935e-01
 1.9577658e-03 1.2451404e-05 3.2626983e-07 6.9113959e-09]"
D:\Uni\Ulm\Master\Hiwi-Forschung-und-Lehre\FairFace\detected_faces\826012_face0.jpg,Middle Eastern,Black,Male,20-29,"[8.9020059e-03 7.2227971e-04 3.5380408e-02 6.4115875e-06 5.1561263e-05
 1.6804485e-02 9.3813282e-01]",[0.07491133 0.5645333  0.00159677 0.35895863],[9.9999875e-01 1.2747724e-06],"[1.9334895e-07 7.9880505e-05 1.7732497e-02 8.5029763e-01 1.3045625e-01
 1.4299642e-03 3.4555958e-06 5.1461395e-08 6.4945066e-10]"
D:\Uni\Ulm\Master\Hiwi-Forschung-und-Lehre\FairFace\detected_faces\826020_face0.jpg,Latino_Hispanic,White,Male,20-29,"[2.5245410e-01 2.3876662e-04 3.8431299e-01 1.1591447e-03 1.9759331e-03
 7.5500481e-02 2.8435853e-01]",[0.6741804  0.01410071 0.01118205 0.30053684],[9.9995923e-01 4.0773652e-05],"[5.8233563e-06 1.9976374e-04 5.9519052e-03 7.3669404e-01 2.5233552e-01
 4.7964472e-03 1.6151813e-05 3.3320612e-07 6.4584453e-09]"
D:\Uni\Ulm\Master\Hiwi-Forschung-und-Lehre\FairFace\detected_faces\826057_face0.jpg,White,White,Male,20-29,"[9.9999648e-01 1.1837320e-08 6.8554402e-07 6.4300465e-08 1.5759549e-07
 1.2593373e-08 2.6097455e-06]",[9.9999654e-01 5.9219258e-07 9.7965710e-07 1.8843514e-06],[9.9999821e-01 1.8174892e-06],"[8.7785246e-09 6.2452791e-06 4.5196112e-02 9.1511357e-01 3.8061135e-02
 1.6010762e-03 2.1485137e-05 3.0860724e-07 9.1138261e-09]"
D:\Uni\Ulm\Master\Hiwi-Forschung-und-Lehre\FairFace\detected_faces\826060_face0.jpg,White,White,Male,20-29,"[9.9982673e-01 5.1154149e-07 5.9719383e-05 7.4134533e-08 1.6465522e-07
 5.8463985e-07 1.1221872e-04]",[9.9971247e-01 2.5947869e-04 3.1690631e-06 2.4868343e-05],[9.9999887e-01 1.1282854e-06],"[3.5368035e-07 2.6042812e-04 1.0683501e-01 8.2623178e-01 6.2551044e-02
 4.0716440e-03 4.9216716e-05 5.1951213e-07 1.0540644e-08]"
D:\Uni\Ulm\Master\Hiwi-Forschung-und-Lehre\FairFace\detected_faces\826063_face0.jpg,White,White,Male,20-29,"[9.9912626e-01 9.9506269e-06 4.7667802e-04 1.5584598e-06 5.7550701e-06
 6.5812429e-07 3.7910172e-04]",[9.9975723e-01 1.9584424e-04 4.3200551e-05 3.7604495e-06],[9.999325e-01 6.746246e-05],"[5.2671975e-08 8.0817525e-05 2.2426054e-01 7.2310048e-01 5.0486207e-02
 2.0536925e-03 1.7817989e-05 3.5134499e-07 8.9946877e-09]"
D:\Uni\Ulm\Master\Hiwi-Forschung-und-Lehre\FairFace\detected_faces\826064_face0.jpg,White,White,Male,20-29,"[9.9907023e-01 5.2274427e-06 8.3387204e-05 4.4206558e-07 1.6672163e-06
 4.9321020e-06 8.3419669e-04]",[9.9922162e-01 3.0804129e-04 6.4569685e-05 4.0578260e-04],[1.0000000e+00 1.1594637e-08],"[1.1153194e-06 1.1618265e-05 1.8314845e-03 5.3828770e-01 4.2995837e-01
 2.8931100e-02 9.6237729e-04 1.5901214e-05 2.6284349e-07]"
D:\Uni\Ulm\Master\Hiwi-Forschung-und-Lehre\FairFace\detected_faces\826069_face0.jpg,White,White,Male,20-29,"[9.9981344e-01 6.5998307e-08 1.9244029e-05 1.9952051e-07 6.5814226e-07
 1.4466656e-07 1.6620402e-04]",[9.9996716e-01 4.5104989e-06 1.3662354e-05 1.4717214e-05],[9.9999404e-01 5.9364920e-06],"[1.6334505e-08 1.1268010e-06 2.8410531e-03 7.8325897e-01 2.0883484e-01
 5.0189681e-03 4.3991786e-05 1.0315689e-06 3.1848884e-08]"
D:\Uni\Ulm\Master\Hiwi-Forschung-und-Lehre\FairFace\detected_faces\826132_face0.jpg,Black,Black,Male,20-29,"[2.8201560e-03 8.7130636e-01 9.7577743e-02 1.8498341e-04 5.9944494e-03
 1.6270582e-02 5.8457493e-03]",[4.048951e-04 9.855823e-01 4.101665e-03 9.911141e-03],[9.9999923e-01 7.6181874e-07],"[1.9136041e-06 4.0976545e-03 4.2171040e-01 5.2124172e-01 4.9553808e-02
 3.3213794e-03 7.0786657e-05 2.2056581e-06 5.0624312e-08]"
D:\Uni\Ulm\Master\Hiwi-Forschung-und-Lehre\FairFace\detected_faces\826133_face0.jpg,Latino_Hispanic,Black,Male,20-29,"[0.02049808 0.0536482  0.8313257  0.00183628 0.02810044 0.0602315
 0.00435975]",[0.02004162 0.66095155 0.09136011 0.22764671],[1.000000e+00 8.553566e-09],"[5.4688748e-08 4.2953175e-06 1.2375665e-02 8.5153538e-01 1.3209884e-01
 3.9366875e-03 4.8118876e-05 9.1677782e-07 9.7155146e-09]"
D:\Uni\Ulm\Master\Hiwi-Forschung-und-Lehre\FairFace\detected_faces\826134_face0.jpg,Black,Black,Male,30-39,"[5.2008119e-07 9.9999279e-01 3.9178267e-06 1.1847982e-08 1.4128432e-07
 2.4396159e-06 9.9964673e-08]",[1.1131813e-06 9.9999470e-01 1.3331743e-06 2.8418096e-06],[0.9983973  0.00160266],"[3.0794009e-08 4.4891996e-07 3.8354471e-04 1.4515187e-01 6.2969774e-01
 2.1441849e-01 1.0205003e-02 1.3803237e-04 4.7531689e-06]"
D:\Uni\Ulm\Master\Hiwi-Forschung-und-Lehre\FairFace\detected_faces\826138_face0.jpg,Black,Black,Male,20-29,"[4.0842942e-06 9.9331647e-01 1.8244227e-04 1.2091875e-06 1.1792266e-05
 6.4535742e-03 3.0443352e-05]",[7.8910807e-06 9.9358416e-01 1.4196453e-04 6.2659131e-03],[9.9937266e-01 6.2729453e-04],"[1.5141592e-06 4.7166159e-04 5.4448780e-02 6.8967301e-01 2.3208430e-01
 2.2731235e-02 5.7391630e-04 1.5162308e-05 5.1013160e-07]"
D:\Uni\Ulm\Master\Hiwi-Forschung-und-Lehre\FairFace\detected_faces\826139_face0.jpg,Black,Black,Male,20-29,"[4.3143016e-05 9.9467099e-01 1.6156755e-03 2.4918381e-07 8.2558008e-06
 3.0914738e-03 5.7020178e-04]",[3.6103957e-05 9.9240798e-01 6.4048305e-05 7.4918065e-03],[1.00000e+00 4.67109e-08],"[1.6151260e-08 4.4339700e-07 1.1711211e-03 5.7665360e-01 4.0249649e-01
 1.9250432e-02 4.1915165e-04 8.6259333e-06 1.5010195e-07]"
D:\Uni\Ulm\Master\Hiwi-Forschung-und-Lehre\FairFace\detected_faces\826143_face0.jpg,White,White,Male,20-29,"[8.0251938e-01 3.5188519e-04 4.2841617e-02 6.1792794e-05 1.2006957e-04
 1.8994078e-04 1.5391529e-01]",[9.9738508e-01 7.8267598e-04 1.5194857e-03 3.1270317e-04],[9.9996579e-01 3.4229073e-05],"[4.4017607e-08 6.8994345e-06 1.5868481e-02 8.1566405e-01 1.6744858e-01
 1.0090274e-03 2.8844602e-06 6.7606244e-08 1.2667687e-09]"
D:\Uni\Ulm\Master\Hiwi-Forschung-und-Lehre\FairFace\detected_faces\826144_face0.jpg,White,White,Male,20-29,"[9.9095887e-01 2.1710808e-05 8.4661128e-04 4.4991863e-05 6.2288782e-05
 2.2483149e-05 8.0430843e-03]",[9.9996018e-01 9.8481187e-06 1.4642388e-05 1.5359305e-05],[9.9998754e-01 1.2468886e-05],"[2.7983889e-08 3.4417117e-06 2.5198071e-03 8.0772090e-01 1.8892229e-01
 8.3201751e-04 1.5385417e-06 1.2402840e-08 4.4331383e-10]"
D:\Uni\Ulm\Master\Hiwi-Forschung-und-Lehre\FairFace\detected_faces\826145_face0.jpg,Black,Black,Male,30-39,"[3.6675738e-05 9.9948245e-01 1.8160879e-04 1.0709615e-07 2.7335184e-06
 2.1354592e-04 8.2915867e-05]",[8.9199375e-06 9.9994642e-01 1.9950912e-06 4.2646141e-05],[1.0000000e+00 7.3413284e-09],"[1.9848496e-08 6.9887341e-07 3.6582301e-04 3.5251915e-01 5.8897245e-01
 5.6754299e-02 1.3669771e-03 2.0133226e-05 4.5048188e-07]"
D:\Uni\Ulm\Master\Hiwi-Forschung-und-Lehre\FairFace\detected_faces\826146_face0.jpg,White,White,Male,20-29,"[8.8689631e-01 2.3417370e-03 9.1053173e-02 3.7233863e-04 9.9409116e-04
 2.4138500e-04 1.8101037e-02]",[9.2430311e-01 6.2581114e-02 1.2688810e-02 4.2698329e-04],[9.9999934e-01 6.7878256e-07],"[3.1490094e-07 3.1982043e-05 7.4840547e-03 7.6907223e-01 2.2093660e-01
 2.4645762e-03 1.0035252e-05 1.5360050e-07 3.3650429e-09]"
D:\Uni\Ulm\Master\Hiwi-Forschung-und-Lehre\FairFace\detected_faces\826147_face0.jpg,Black,Black,Male,10-19,"[1.7471368e-06 9.9996454e-01 1.8497683e-05 2.7153813e-08 3.5822239e-07
 8.8312690e-06 6.0756010e-06]",[2.1699400e-06 9.9999517e-01 8.6287724e-07 1.7918056e-06],[0.9300385  0.06996147],"[9.0751091e-05 1.8253066e-01 6.8650448e-01 1.1824015e-01 1.1569764e-02
 1.0379524e-03 2.5169167e-05 9.7532700e-07 1.1548968e-07]"
D:\Uni\Ulm\Master\Hiwi-Forschung-und-Lehre\FairFace\detected_faces\826155_face0.jpg,Middle Eastern,White,Male,20-29,"[2.7522847e-01 6.4582244e-05 5.4237392e-02 1.7562485e-04 2.0006632e-04
 4.6670088e-03 6.6542685e-01]",[9.8105580e-01 1.9693490e-04 4.8438914e-04 1.8262880e-02],[9.9995726e-01 4.2755000e-05],"[1.6117889e-05 5.4939318e-04 2.9519536e-02 7.8360772e-01 1.8253237e-01
 3.7604470e-03 1.3987954e-05 3.8400788e-07 8.2535223e-09]"
D:\Uni\Ulm\Master\Hiwi-Forschung-und-Lehre\FairFace\detected_faces\826162_face0.jpg,Middle Eastern,White,Male,20-29,"[6.83724582e-02 2.94120855e-05 1.63812824e-02 1.20385266e-04
 1.90027757e-04 6.05570665e-03 9.08850729e-01]",[9.6079075e-01 3.8623012e-04 2.8196564e-03 3.6003333e-02],[9.9997866e-01 2.1332966e-05],"[1.0844853e-05 1.3011416e-03 2.0526687e-02 6.4885962e-01 3.2085738e-01
 8.4287375e-03 1.5424983e-05 2.3361180e-07 3.6258148e-09]"
D:\Uni\Ulm\Master\Hiwi-Forschung-und-Lehre\FairFace\detected_faces\826167_face0.jpg,White,White,Male,20-29,"[9.9980241e-01 7.1672261e-08 9.4615287e-05 2.2511357e-07 4.1445449e-07
 1.8471778e-07 1.0212905e-04]",[9.9998719e-01 4.4420826e-06 1.4948591e-06 6.8812888e-06],[9.999960e-01 3.971778e-06],"[9.0667925e-08 5.4074781e-06 1.1967964e-02 5.9050274e-01 3.5765505e-01
 3.9251227e-02 6.1290036e-04 4.5600827e-06 4.9281944e-08]"
D:\Uni\Ulm\Master\Hiwi-Forschung-und-Lehre\FairFace\detected_faces\826169_face0.jpg,Black,Black,Male,30-39,"[1.4983400e-03 9.6232343e-01 1.2400709e-02 1.6333554e-05 2.3004090e-04
 1.9407339e-02 4.1237604e-03]",[1.9330697e-04 9.9722421e-01 7.6824101e-05 2.5057057e-03],[9.9999386e-01 6.1791116e-06],"[2.4309716e-07 2.6299576e-06 4.2129296e-04 1.8951343e-01 7.4106282e-01
 6.8301313e-02 6.9335615e-04 4.8101024e-06 8.9646655e-08]"
D:\Uni\Ulm\Master\Hiwi-Forschung-und-Lehre\FairFace\detected_faces\826170_face0.jpg,White,White,Male,20-29,"[9.9998987e-01 5.9201755e-10 1.3397538e-06 4.8407763e-08 6.3931111e-08
 1.1930263e-08 8.6018044e-06]",[9.9999756e-01 3.8768921e-08 2.3084513e-06 8.9416552e-08],[9.9976563e-01 2.3437109e-04],"[1.6152292e-08 3.3286124e-05 1.3951698e-01 8.4175307e-01 1.8565975e-02
 1.3038916e-04 1.9553069e-07 7.1702333e-10 3.3153903e-11]"
D:\Uni\Ulm\Master\Hiwi-Forschung-und-Lehre\FairFace\detected_faces\826171_face0.jpg,White,White,Male,20-29,"[9.9980277e-01 3.4882846e-06 1.1290557e-04 1.3921087e-06 5.8978685e-06
 1.9878646e-06 7.1615163e-05]",[9.9939942e-01 4.4716761e-04 1.0435363e-04 4.9031725e-05],[9.9999940e-01 6.4513563e-07],"[4.0006771e-08 6.6347216e-06 4.4503314e-03 7.6679140e-01 2.2457750e-01
 4.1502272e-03 2.3730379e-05 1.2985937e-07 6.1800538e-09]"
D:\Uni\Ulm\Master\Hiwi-Forschung-und-Lehre\FairFace\detected_faces\826172_face0.jpg,Latino_Hispanic,White,Male,20-29,"[0.3324683  0.0076607  0.43571982 0.0013708  0.00412354 0.01117495
 0.2074819 ]",[0.98440427 0.0033396  0.00174521 0.01051093],[9.9999720e-01 2.7503092e-06],"[1.9735655e-06 3.7870184e-05 2.3670031e-03 6.7860490e-01 3.1336743e-01
 5.5897571e-03 3.0473215e-05 5.8830506e-07 1.2973513e-08]"
D:\Uni\Ulm\Master\Hiwi-Forschung-und-Lehre\FairFace\detected_faces\826180_face0.jpg,Black,Black,Male,20-29,"[1.0312896e-07 9.9999225e-01 3.2458806e-06 8.0415091e-08 1.7152601e-06
 2.0486045e-06 5.8006566e-07]",[3.2346125e-07 9.9998021e-01 1.5668942e-05 3.8064845e-06],[9.9999261e-01 7.3948618e-06],"[8.7113852e-07 4.6966039e-04 1.1416347e-01 8.1131208e-01 7.0840746e-02
 3.1924534e-03 2.0159110e-05 5.2863328e-07 4.7361286e-08]"
D:\Uni\Ulm\Master\Hiwi-Forschung-und-Lehre\FairFace\detected_faces\826183_face0.jpg,Black,Black,Male,20-29,"[4.1638650e-05 9.9905217e-01 4.8472546e-04 2.4516646e-06 4.3116404e-05
 3.4428129e-04 3.1783027e-05]",[2.0312149e-05 9.9858230e-01 4.0351064e-04 9.9381804e-04],[9.994898e-01 5.102038e-04],"[3.7518504e-07 1.5433694e-04 3.8296320e-02 6.6058481e-01 2.8937352e-01
 1.1451760e-02 1.3683036e-04 1.9431025e-06 4.0333038e-08]"
D:\Uni\Ulm\Master\Hiwi-Forschung-und-Lehre\FairFace\detected_faces\826185_face0.jpg,Middle Eastern,White,Male,20-29,"[4.0262926e-01 1.4944312e-04 1.7724088e-01 5.7020708e-04 2.5985839e-03
 2.3591334e-03 4.1445246e-01]",[9.8990005e-01 2.9075693e-04 5.2966666e-03 4.5124628e-03],[9.999992e-01 8.034164e-07],"[2.7910994e-07 4.2814412e-05 2.3451539e-02 8.5085553e-01 1.2370739e-01
 1.9263843e-03 1.5676378e-05 3.4396649e-07 4.3569561e-09]"
D:\Uni\Ulm\Master\Hiwi-Forschung-und-Lehre\FairFace\detected_faces\826186_face0.jpg,White,White,Male,20-29,"[8.40157509e-01 1.31080005e-05 1.43113555e-02 2.82851192e-06
 1.39029571e-05 9.66932057e-05 1.45404577e-01]",[9.9917150e-01 6.4324311e-05 2.7402068e-05 7.3689647e-04],[9.9999726e-01 2.6944876e-06],"[7.5021767e-09 8.0085368e-07 2.9392960e-03 7.6779497e-01 2.2750640e-01
 1.7560658e-03 2.5196734e-06 3.2259123e-08 4.7299636e-10]"
D:\Uni\Ulm\Master\Hiwi-Forschung-und-Lehre\FairFace\detected_faces\826188_face0.jpg,White,White,Male,20-29,"[9.6173131e-01 1.5869920e-05 1.3603459e-02 2.7840482e-05 7.8102406e-05
 1.0899594e-04 2.4434462e-02]",[9.9973434e-01 5.0258139e-05 7.6023753e-05 1.3935265e-04],[1.0000000e+00 5.7072547e-10],"[5.0011330e-08 2.3894012e-05 7.3074490e-02 8.8767356e-01 3.8896002e-02
 3.3120721e-04 7.9010698e-07 9.5168264e-09 5.7788229e-11]"
D:\Uni\Ulm\Master\Hiwi-Forschung-und-Lehre\FairFace\detected_faces\826189_face0.jpg,Latino_Hispanic,White,Male,30-39,"[4.8682015e-02 9.8222704e-04 9.3998367e-01 5.5672380e-04 4.4205142e-03
 3.0744497e-03 2.3003621e-03]",[0.8650879  0.0157961  0.02167515 0.09744081],[9.9999774e-01 2.2726013e-06],"[4.4408401e-07 1.3690196e-05 5.8948281e-03 4.3032452e-01 5.3014338e-01
 3.3275545e-02 3.4195255e-04 5.5339565e-06 4.3905285e-08]"
D:\Uni\Ulm\Master\Hiwi-Forschung-und-Lehre\FairFace\detected_faces\826190_face0.jpg,White,White,Male,20-29,"[9.6643662e-01 2.0212745e-05 6.2420946e-03 1.0052602e-06 3.5811490e-06
 1.6273654e-04 2.7133847e-02]",[9.9842280e-01 1.0368802e-05 1.2653044e-05 1.5541617e-03],[9.9999994e-01 4.9553737e-08],"[2.7440722e-08 6.8319991e-06 3.2246344e-02 9.3820441e-01 2.9322818e-02
 2.1906152e-04 5.4280480e-07 7.3654114e-09 7.7817759e-11]"
D:\Uni\Ulm\Master\Hiwi-Forschung-und-Lehre\FairFace\detected_faces\826191_face0.jpg,White,White,Male,20-29,"[9.9969643e-01 2.0862045e-07 6.9932262e-06 1.5054009e-06 1.4113377e-06
 5.9560215e-08 2.9329158e-04]",[9.9994224e-01 3.5351117e-05 1.9172976e-05 3.2260941e-06],[9.9999994e-01 8.2583021e-08],"[3.4754706e-08 1.7125883e-05 1.9577041e-02 9.2196852e-01 5.8124155e-02
 3.1244842e-04 6.4157626e-07 8.8747001e-09 2.0938040e-10]"
D:\Uni\Ulm\Master\Hiwi-Forschung-und-Lehre\FairFace\detected_faces\826192_face0.jpg,Latino_Hispanic,White,Male,20-29,"[0.08761945 0.00079347 0.71877086 0.00087785 0.00287805 0.00429329
 0.18476707]",[0.8156256  0.01313546 0.1046858  0.06655321],[1.0000000e+00 2.1960438e-09],"[7.6337209e-08 4.1383823e-06 3.9550848e-03 7.7521056e-01 2.1768922e-01
 3.1278161e-03 1.2852061e-05 2.4782980e-07 1.4046426e-09]"
D:\Uni\Ulm\Master\Hiwi-Forschung-und-Lehre\FairFace\detected_faces\826195_face0.jpg,White,White,Male,30-39,"[5.3833747e-01 2.9922390e-04 2.4890019e-02 1.2090236e-05 4.6475394e-05
 1.1869140e-03 4.3522784e-01]",[9.8172122e-01 3.4725354e-03 6.3176674e-04 1.4174473e-02],[9.9999994e-01 6.1848404e-08],"[6.6788112e-07 2.9632285e-05 2.2057793e-03 3.5136119e-01 6.0257453e-01
 4.3569796e-02 2.5540829e-04 3.0335573e-06 2.3475069e-08]"
D:\Uni\Ulm\Master\Hiwi-Forschung-und-Lehre\FairFace\detected_faces\826196_face0.jpg,White,White,Male,20-29,"[9.9881262e-01 2.6761309e-06 3.1988617e-04 1.1843917e-06 1.8954408e-06
 3.3159282e-05 8.2850840e-04]",[9.9820542e-01 6.1096463e-05 2.0033378e-05 1.7133993e-03],[9.9995881e-01 4.1221934e-05],"[4.4915705e-08 8.5422853e-06 6.0225413e-03 7.7171773e-01 2.1841523e-01
 3.8207960e-03 1.4986497e-05 1.2998800e-07 5.6529883e-09]"
D:\Uni\Ulm\Master\Hiwi-Forschung-und-Lehre\FairFace\detected_faces\826197_face0.jpg,White,White,Male,20-29,"[9.43610966e-01 1.38801324e-05 1.12327775e-02 7.36735592e-06
 2.09265982e-05 1.14266288e-04 4.49999049e-02]",[9.9740094e-01 7.8778778e-04 4.7099242e-05 1.7641524e-03],[9.9999708e-01 2.8930256e-06],"[1.9324651e-09 3.1324503e-06 3.8206175e-02 9.4231081e-01 1.9352930e-02
 1.2661282e-04 3.1477538e-07 2.8915825e-09 4.0943852e-11]"
D:\Uni\Ulm\Master\Hiwi-Forschung-und-Lehre\FairFace\detected_faces\826198_face0.jpg,White,White,Male,20-29,"[9.9650013e-01 2.2529970e-05 1.3206169e-03 8.9717778e-06 2.3706727e-05
 2.4185697e-06 2.1216488e-03]",[9.9882382e-01 1.0260870e-03 1.1242755e-04 3.7685255e-05],[1.00000e+00 3.52287e-08],"[1.2740114e-07 6.9989022e-05 5.5759765e-02 8.5548556e-01 8.7489374e-02
 1.1895067e-03 5.6357649e-06 6.0606929e-08 1.0285496e-09]"
D:\Uni\Ulm\Master\Hiwi-Forschung-und-Lehre\FairFace\detected_faces\826199_face0.jpg,White,White,Male,30-39,"[9.8649359e-01 2.3082350e-05 2.3078828e-03 1.5977879e-05 7.4280462e-05
 2.6277258e-04 1.0822521e-02]",[9.9708724e-01 1.3171554e-03 1.9736473e-04 1.3982663e-03],[9.9998283e-01 1.7150373e-05],"[8.9564747e-07 9.3244773e-05 6.2448732e-03 4.7928965e-01 4.8596305e-01
 2.8228465e-02 1.7854008e-04 1.2283016e-06 4.9453512e-08]"
D:\Uni\Ulm\Master\Hiwi-Forschung-und-Lehre\FairFace\detected_faces\826202_face0.jpg,Black,Black,Male,20-29,"[2.1986656e-04 8.9425302e-01 4.2999778e-02 2.0739812e-04 1.8405072e-02
 3.9708585e-02 4.2062695e-03]",[4.3250746e-04 9.2073554e-01 5.3998670e-03 7.3432051e-02],[9.9999994e-01 7.3445364e-08],"[8.6069171e-08 6.8887289e-06 1.5199960e-02 8.5117853e-01 1.2991619e-01
 3.6709066e-03 2.6712974e-05 7.2620202e-07 1.8566055e-08]"
D:\Uni\Ulm\Master\Hiwi-Forschung-und-Lehre\FairFace\detected_faces\826203_face0.jpg,Black,Black,Male,20-29,"[1.0955336e-05 9.9996769e-01 1.9517945e-05 2.9935163e-09 3.1807687e-08
 9.7637815e-07 9.2059605e-07]",[1.4342769e-05 9.9998266e-01 8.5587118e-07 2.1882561e-06],[9.9999166e-01 8.3619179e-06],"[8.31003717e-07 9.79272445e-05 3.94589379e-02 7.86742747e-01
 1.59819797e-01 1.36586875e-02 2.16789194e-04 4.17159163e-06
 1.76525234e-07]"
D:\Uni\Ulm\Master\Hiwi-Forschung-und-Lehre\FairFace\detected_faces\826204_face0.jpg,Black,Black,Male,20-29,"[9.3609723e-04 8.9400023e-01 7.0051111e-02 2.7752764e-04 7.4461568e-03
 2.6961606e-02 3.2736556e-04]",[1.5879358e-04 9.7748506e-01 2.6264451e-03 1.9729719e-02],[9.9999988e-01 1.3996014e-07],"[2.8670759e-09 1.2429430e-07 1.0221478e-03 6.6897130e-01 3.2587406e-01
 4.1219182e-03 1.0328401e-05 7.0955295e-08 9.1148550e-10]"
D:\Uni\Ulm\Master\Hiwi-Forschung-und-Lehre\FairFace\detected_faces\826205_face0.jpg,Black,Black,Male,40-49,"[1.7420791e-05 9.9173212e-01 4.4646295e-04 1.7486223e-06 1.0250177e-04
 7.6853256e-03 1.4209309e-05]",[4.6234127e-05 9.9350441e-01 1.8622892e-04 6.2630964e-03],[9.999914e-01 8.566713e-06],"[1.0928146e-07 1.4430755e-07 5.5600904e-05 1.9759655e-02 2.8533790e-01
 5.1163286e-01 1.7714360e-01 5.9714387e-03 9.8728022e-05]"
D:\Uni\Ulm\Master\Hiwi-Forschung-und-Lehre\FairFace\detected_faces\826206_face0.jpg,Black,Black,Male,20-29,"[2.1969943e-06 9.9995953e-01 3.2007159e-05 1.7819222e-08 2.9880593e-07
 1.9770025e-06 3.9866832e-06]",[6.1395135e-06 9.9997085e-01 1.4140654e-05 8.8591123e-06],[9.9999619e-01 3.8103408e-06],"[6.7611616e-08 1.9106887e-05 1.4998490e-02 7.9011035e-01 1.9096363e-01
 3.8933097e-03 1.4795315e-05 1.7451163e-07 9.7400523e-09]"
D:\Uni\Ulm\Master\Hiwi-Forschung-und-Lehre\FairFace\detected_faces\826208_face0.jpg,White,White,Male,20-29,"[7.6897365e-01 1.7551660e-03 1.3379061e-01 4.7774668e-04 2.0049727e-03
 6.1339990e-04 9.2384472e-02]",[0.814469   0.06372648 0.11392531 0.00787919],[9.9999952e-01 4.8242254e-07],"[1.49861978e-06 1.10115754e-04 6.02802299e-02 7.71590710e-01
 1.55501887e-01 1.19428253e-02 5.38437394e-04 3.38329774e-05
 4.24483801e-07]"
D:\Uni\Ulm\Master\Hiwi-Forschung-und-Lehre\FairFace\detected_faces\826215_face0.jpg,Black,Black,Male,20-29,"[1.5738561e-06 9.9998629e-01 6.9773205e-06 3.9175610e-08 2.6791318e-07
 4.4715894e-06 4.3592451e-07]",[2.977714e-07 9.999895e-01 4.892666e-06 5.293745e-06],[9.9912220e-01 8.7778544e-04],"[3.3724149e-08 3.7770842e-06 4.0141791e-03 5.3306955e-01 4.1290209e-01
 4.8935480e-02 1.0614523e-03 1.2803553e-05 6.5469720e-07]"
D:\Uni\Ulm\Master\Hiwi-Forschung-und-Lehre\FairFace\detected_faces\826216_face0.jpg,White,White,Male,20-29,"[9.7181863e-01 1.1839206e-05 5.9209899e-03 7.6758452e-06 1.9085974e-05
 1.1910558e-05 2.2209955e-02]",[9.9969077e-01 1.3768901e-05 1.1862571e-04 1.7687182e-04],[9.9999994e-01 7.1201200e-08],"[1.9512902e-08 4.6830905e-06 4.6540652e-03 9.0177172e-01 9.3228430e-02
 3.4073327e-04 3.4423257e-07 2.6257365e-09 4.0524990e-11]"
D:\Uni\Ulm\Master\Hiwi-Forschung-und-Lehre\FairFace\detected_faces\826258_face0.jpg,White,White,Male,20-29,"[6.1395061e-01 4.0939474e-04 2.9251206e-01 7.5736740e-03 1.1841557e-02
 1.8096750e-03 7.1902946e-02]",[0.97080076 0.0022763  0.02523857 0.00168439],[9.9999994e-01 1.0450311e-07],"[1.0224541e-06 2.9080664e-04 1.5391040e-01 7.2232133e-01 1.1608983e-01
 7.2413590e-03 1.4281037e-04 2.4244512e-06 1.9657671e-08]"
D:\Uni\Ulm\Master\Hiwi-Forschung-und-Lehre\FairFace\detected_faces\826259_face0.jpg,White,White,Male,20-29,"[9.8203170e-01 4.0487437e-05 5.9692822e-03 1.0894336e-05 1.7505019e-05
 2.2323173e-05 1.1907762e-02]",[9.9981534e-01 1.3052687e-04 4.4808945e-05 9.3194612e-06],[9.998443e-01 1.556909e-04],"[3.7261009e-06 3.7408739e-04 8.8612571e-02 6.1413389e-01 2.5942209e-01
 3.6493380e-02 9.4703498e-04 1.3033705e-05 2.5865350e-07]"
D:\Uni\Ulm\Master\Hiwi-Forschung-und-Lehre\FairFace\detected_faces\826270_face0.jpg,Indian,Black,Male,30-39,"[2.1300672e-02 1.5993291e-01 1.6889016e-01 1.9245392e-05 4.6225078e-04
 5.5750012e-01 9.1894567e-02]",[2.7773443e-03 8.7122834e-01 4.8436868e-04 1.2551001e-01],[9.9998444e-01 1.5545935e-05],"[4.3507548e-06 9.2679875e-05 6.6313054e-03 2.2787963e-01 6.8406379e-01
 8.0022335e-02 1.2913708e-03 1.4404993e-05 1.2805737e-07]"
D:\Uni\Ulm\Master\Hiwi-Forschung-und-Lehre\FairFace\detected_faces\826277_face0.jpg,Middle Eastern,White,Male,20-29,"[3.4451184e-01 2.1080210e-05 5.5468522e-02 5.1089628e-06 3.2243726e-05
 1.2746991e-02 5.8721423e-01]",[9.6844363e-01 1.9877111e-04 1.6116268e-04 3.1196479e-02],[9.9999934e-01 6.1456382e-07],"[5.87643143e-08 6.99725497e-05 1.10510856e-01 8.67206275e-01
 2.21197065e-02 9.30360547e-05 8.39326262e-08 2.33258035e-09
 3.06791779e-11]"
D:\Uni\Ulm\Master\Hiwi-Forschung-und-Lehre\FairFace\detected_faces\826293_face0.jpg,Black,Black,Male,20-29,"[3.2557898e-06 9.9946499e-01 1.2771327e-04 3.2369027e-07 7.4463651e-06
 3.8794146e-04 8.3962914e-06]",[1.2382453e-06 9.9997085e-01 2.9838684e-06 2.4866131e-05],[9.9998832e-01 1.1679795e-05],"[2.5406320e-07 4.0710831e-05 1.4332966e-02 6.3785243e-01 3.3441532e-01
 1.3231263e-02 1.2570417e-04 1.2644431e-06 3.8781764e-08]"
D:\Uni\Ulm\Master\Hiwi-Forschung-und-Lehre\FairFace\detected_faces\826326_face0.jpg,Black,Black,Male,30-39,"[1.1675996e-06 9.9993348e-01 4.8944028e-05 6.0641061e-09 2.0523942e-07
 1.2087919e-05 4.1060016e-06]",[4.4403737e-06 9.9997801e-01 3.1587197e-06 1.4457597e-05],[9.9991590e-01 8.4126455e-05],"[9.0872199e-08 2.2152565e-06 1.2425096e-03 3.6756581e-01 5.7091296e-01
 5.9584081e-02 6.8264321e-04 9.4070037e-06 2.9701513e-07]"
D:\Uni\Ulm\Master\Hiwi-Forschung-und-Lehre\FairFace\detected_faces\826551_face0.jpg,Black,Black,Male,20-29,"[1.2589402e-06 9.9997354e-01 1.6550439e-05 1.3005265e-07 2.3980242e-06
 3.4565076e-06 2.7274718e-06]",[1.3281252e-06 9.9998891e-01 6.7312071e-06 2.9995231e-06],[9.9980325e-01 1.9674924e-04],"[8.6338787e-07 5.3193857e-04 1.0729238e-01 7.0749706e-01 1.6999738e-01
 1.4442749e-02 2.3202895e-04 5.1571747e-06 4.0127836e-07]"
D:\Uni\Ulm\Master\Hiwi-Forschung-und-Lehre\FairFace\detected_faces\826552_face0.jpg,White,White,Male,20-29,"[7.50816405e-01 4.57345182e-03 1.02984466e-01 3.60115773e-05
 1.44356614e-04 3.09356418e-03 1.38351694e-01]",[9.3183613e-01 6.2926374e-02 1.7627607e-04 5.0612241e-03],[9.9984407e-01 1.5587633e-04],"[9.2008541e-08 1.1944510e-05 4.0054102e-03 7.9525691e-01 1.9928956e-01
 1.4321975e-03 3.8296612e-06 3.1006856e-08 7.0282896e-10]"
D:\Uni\Ulm\Master\Hiwi-Forschung-und-Lehre\FairFace\detected_faces\826555_face0.jpg,White,White,Male,30-39,"[6.7928356e-01 3.0400261e-04 1.4447190e-01 1.0661542e-03 3.1704432e-03
 6.0983263e-03 1.6560560e-01]",[0.9034371  0.00339029 0.01190795 0.08126463],[9.9999672e-01 3.2780076e-06],"[6.5948930e-06 1.0754067e-04 7.1652140e-03 4.0027142e-01 5.6367302e-01
 2.8438253e-02 3.3351331e-04 4.2985835e-06 5.3651689e-08]"
D:\Uni\Ulm\Master\Hiwi-Forschung-und-Lehre\FairFace\detected_faces\826568_face0.jpg,White,White,Male,20-29,"[5.8503419e-01 6.4474554e-03 2.3196696e-01 1.5748177e-05 8.5318548e-05
 6.5441395e-04 1.7579596e-01]",[0.87614274 0.08336567 0.00265468 0.03783692],[1.000000e+00 1.671412e-08],"[1.4670386e-08 4.7791455e-06 5.2834745e-03 8.6128062e-01 1.3282530e-01
 6.0497830e-04 8.2897452e-07 1.0623114e-08 7.8118276e-11]"
D:\Uni\Ulm\Master\Hiwi-Forschung-und-Lehre\FairFace\detected_faces\826570_face0.jpg,Latino_Hispanic,White,Male,20-29,"[0.1546482  0.0023384  0.5990552  0.00065577 0.00283212 0.0212173
 0.21925308]",[0.9323807  0.00249341 0.0254813  0.03964465],[9.999994e-01 5.834304e-07],"[8.1459660e-07 6.1147526e-05 5.8974670e-03 7.6338375e-01 2.2706135e-01
 3.5874667e-03 7.8789290e-06 1.2979710e-07 1.3707188e-09]"
D:\Uni\Ulm\Master\Hiwi-Forschung-und-Lehre\FairFace\detected_faces\826651_face0.jpg,Middle Eastern,White,Male,20-29,"[2.01322511e-02 1.70437875e-03 1.21922776e-01 2.58818091e-05
 1.69890453e-04 8.31960794e-03 8.47725153e-01]",[0.62985396 0.06889286 0.00965558 0.29159755],[9.9999386e-01 6.1156729e-06],"[4.6789537e-06 2.2682502e-04 1.0327603e-02 7.7031314e-01 2.1582982e-01
 3.2863710e-03 1.1207299e-05 3.3169081e-07 7.2654123e-09]"
D:\Uni\Ulm\Master\Hiwi-Forschung-und-Lehre\FairFace\detected_faces\826652_face0.jpg,Middle Eastern,White,Male,10-19,"[3.7376243e-01 4.9550476e-05 1.7941070e-01 2.3092268e-04 8.6922722e-04
 1.2094002e-03 4.4446778e-01]",[9.9470007e-01 1.0669019e-04 1.8263183e-03 3.3669195e-03],[9.9960852e-01 3.9148392e-04],"[1.1656043e-08 1.7123876e-04 7.5152159e-01 2.4740225e-01 8.9950731e-04
 5.3250160e-06 1.5907283e-08 7.7797380e-10 1.5309537e-11]"
D:\Uni\Ulm\Master\Hiwi-Forschung-und-Lehre\FairFace\detected_faces\826654_face0.jpg,Middle Eastern,White,Male,10-19,"[2.0664623e-01 2.1180655e-05 2.7517712e-02 1.8812058e-04 2.2163852e-04
 5.0705828e-04 7.6489800e-01]",[9.9757886e-01 1.5300405e-04 4.8678528e-04 1.7814317e-03],[9.9967730e-01 3.2270886e-04],"[3.9014794e-05 1.5643153e-02 7.1685499e-01 2.5165972e-01 1.4984165e-02
 8.1321865e-04 5.4250095e-06 2.1035234e-07 4.8859663e-09]"
D:\Uni\Ulm\Master\Hiwi-Forschung-und-Lehre\FairFace\detected_faces\826655_face0.jpg,White,White,Male,20-29,"[7.9136354e-01 7.5260279e-05 6.6363864e-02 2.4083143e-05 7.2199597e-05
 3.8958670e-04 1.4171146e-01]",[9.8804837e-01 1.0388403e-03 1.9343635e-04 1.0719401e-02],[9.999931e-01 6.846216e-06],"[2.7741432e-08 1.0337193e-05 1.3913917e-02 9.3279427e-01 5.3079572e-02
 2.0153342e-04 2.8331172e-07 2.9719909e-09 4.1354743e-11]"
D:\Uni\Ulm\Master\Hiwi-Forschung-und-Lehre\FairFace\detected_faces\826668_face0.jpg,White,White,Male,30-39,"[4.9203205e-01 5.6344979e-03 4.1776810e-02 5.6975900e-06 2.2138302e-05
 7.0851011e-04 4.5982030e-01]",[9.5162863e-01 4.4766039e-02 4.1093887e-04 3.1944260e-03],[9.9999577e-01 4.2291408e-06],"[5.5721443e-08 5.3099720e-06 8.6718588e-04 3.6663070e-01 6.1676884e-01
 1.5666744e-02 6.0707782e-05 5.0022197e-07 7.4052133e-09]"
D:\Uni\Ulm\Master\Hiwi-Forschung-und-Lehre\FairFace\detected_faces\826679_face0.jpg,White,White,Male,30-39,"[8.2234198e-01 6.9034628e-05 1.3548385e-01 8.0365018e-04 1.1014143e-03
 8.2068396e-04 3.9379373e-02]",[9.277782e-01 5.023232e-04 6.393634e-02 7.783221e-03],[9.9999905e-01 9.1699701e-07],"[3.8374355e-06 4.9482063e-05 1.7007480e-03 1.4262758e-01 7.4362230e-01
 1.1043771e-01 1.5490992e-03 9.2152168e-06 7.9658314e-08]"
D:\Uni\Ulm\Master\Hiwi-Forschung-und-Lehre\FairFace\detected_faces\826693_face0.jpg,White,White,Male,20-29,"[4.8327130e-01 2.2785422e-04 3.5051350e-02 1.9742967e-05 4.3473327e-05
 5.4228713e-04 4.8084396e-01]",[9.9276823e-01 1.1837111e-03 3.2475570e-04 5.7232901e-03],[9.9999982e-01 1.8175811e-07],"[6.5960663e-08 7.0984693e-06 2.5767295e-03 8.2601237e-01 1.7010093e-01
 1.3009949e-03 1.7285181e-06 2.0003208e-08 2.3959937e-10]"
D:\Uni\Ulm\Master\Hiwi-Forschung-und-Lehre\FairFace\detected_faces\826701_face0.jpg,White,White,Male,20-29,"[9.9894947e-01 2.8516152e-07 2.5458724e-04 1.2282495e-05 1.1275155e-05
 1.3942731e-05 7.5817876e-04]",[9.9981517e-01 3.9480356e-06 5.3449552e-05 1.2742409e-04],[9.9971050e-01 2.8944097e-04],"[6.4715024e-08 1.2494454e-05 2.7508270e-03 6.1944777e-01 3.7260416e-01
 5.1772324e-03 7.3885526e-06 4.0389015e-08 1.4730341e-09]"
D:\Uni\Ulm\Master\Hiwi-Forschung-und-Lehre\FairFace\detected_faces\826704_face0.jpg,White,White,Male,30-39,"[6.3641703e-01 1.6032124e-03 1.5976015e-01 8.7762281e-05 1.4962369e-04
 5.1382245e-03 1.9684398e-01]",[0.9480924  0.03915464 0.00193464 0.0108183 ],[9.9999774e-01 2.2811664e-06],"[2.20719539e-06 1.16727615e-05 3.02203756e-04 2.28127286e-01
 7.21363962e-01 4.96675931e-02 5.20300877e-04 4.79938171e-06
 5.87285705e-08]"
D:\Uni\Ulm\Master\Hiwi-Forschung-und-Lehre\FairFace\detected_faces\826707_face0.jpg,Middle Eastern,White,Male,20-29,"[3.99431698e-02 4.21989593e-04 8.47619176e-02 1.08592474e-04
 5.92222670e-04 2.11566105e-03 8.72056425e-01]",[0.970999   0.00256297 0.00374841 0.02268966],[9.9999654e-01 3.4878897e-06],"[1.6075755e-07 2.8267180e-04 2.3811771e-01 7.2565317e-01 3.5364531e-02
 5.7732634e-04 4.2607162e-06 1.5862732e-07 2.4522655e-09]"
D:\Uni\Ulm\Master\Hiwi-Forschung-und-Lehre\FairFace\detected_faces\826841_face0.jpg,White,White,Male,30-39,"[9.9442500e-01 2.3017117e-06 2.4193993e-03 5.5601464e-05 7.6562290e-05
 8.3871719e-06 3.0127610e-03]",[9.9968952e-01 1.7621924e-04 1.1430089e-04 2.0061660e-05],[9.999994e-01 6.276100e-07],"[9.1086022e-08 3.9104539e-06 4.3271333e-03 2.6982757e-01 6.3284582e-01
 9.1839992e-02 1.1494391e-03 5.9822992e-06 4.9563671e-08]"
D:\Uni\Ulm\Master\Hiwi-Forschung-und-Lehre\FairFace\detected_faces\826884_face0.jpg,White,White,Male,20-29,"[9.83618259e-01 1.10399145e-04 1.28844921e-02 1.58930641e-06
 6.06710591e-06 7.54454959e-06 3.37163615e-03]",[9.99181390e-01 7.83216266e-04 1.42339695e-05 2.11346705e-05],[9.9999964e-01 3.5219622e-07],"[7.3750126e-09 2.0286741e-06 1.1175033e-02 9.1631657e-01 7.1769938e-02
 7.3314121e-04 3.2616790e-06 2.9857038e-08 2.8161035e-10]"
D:\Uni\Ulm\Master\Hiwi-Forschung-und-Lehre\FairFace\detected_faces\826944_face0.jpg,Black,Black,Male,20-29,"[2.6502639e-07 9.9999559e-01 1.2543730e-06 4.8351012e-10 1.0707501e-08
 2.7182127e-06 2.7417300e-07]",[3.0203284e-07 9.9997610e-01 7.9004360e-07 2.2835098e-05],[9.9998987e-01 1.0104452e-05],"[4.1429043e-08 3.0547235e-05 7.5262217e-03 6.6538084e-01 3.1996477e-01
 7.0697023e-03 2.7706159e-05 1.1283384e-07 3.0991933e-09]"
D:\Uni\Ulm\Master\Hiwi-Forschung-und-Lehre\FairFace\detected_faces\826946_face0.jpg,Middle Eastern,White,Male,20-29,"[1.7787451e-02 8.8730238e-05 1.5791485e-02 7.4668002e-05 1.2404294e-04
 6.8827933e-03 9.5925081e-01]",[0.8835328  0.00802944 0.0011142  0.10732347],[9.9999654e-01 3.5198732e-06],"[2.17129627e-06 9.79427423e-05 1.93204312e-03 5.57533860e-01
 4.29044813e-01 1.13507863e-02 3.76840944e-05 6.92980734e-07
 1.13362235e-08]"
D:\Uni\Ulm\Master\Hiwi-Forschung-und-Lehre\FairFace\detected_faces\826948_face0.jpg,White,White,Male,20-29,"[7.8634053e-01 2.0173050e-03 9.8519765e-02 1.4960441e-04 1.0722348e-03
 1.6866811e-03 1.1021393e-01]",[9.9568278e-01 1.5566594e-03 3.4477070e-04 2.4157567e-03],[9.9999982e-01 2.1237683e-07],"[6.0374440e-08 9.9785757e-06 1.4959780e-02 8.8455850e-01 9.8440252e-02
 2.0124698e-03 1.8803561e-05 2.7733043e-07 2.3258457e-09]"
D:\Uni\Ulm\Master\Hiwi-Forschung-und-Lehre\FairFace\detected_faces\827064_face0.jpg,Latino_Hispanic,Black,Male,20-29,"[0.00374431 0.29081246 0.46987388 0.0019835  0.04537392 0.18084756
 0.00736439]",[0.00312123 0.7546944  0.05179102 0.19039327],[9.9999994e-01 4.3749974e-08],"[4.4465014e-07 3.5859041e-05 6.2438124e-03 7.7918220e-01 2.0971823e-01
 4.7926074e-03 2.6370939e-05 4.9018684e-07 1.0369232e-08]"
D:\Uni\Ulm\Master\Hiwi-Forschung-und-Lehre\FairFace\detected_faces\827103_face0.jpg,White,White,Male,30-39,"[8.7938911e-01 1.7621317e-04 3.8465250e-02 3.3551518e-05 1.0652510e-04
 4.8119109e-04 8.1348300e-02]",[9.9555558e-01 5.5915455e-04 2.4538112e-03 1.4314919e-03],[9.9999112e-01 8.9166315e-06],"[3.5838351e-08 1.0275901e-06 2.7293328e-04 3.0028257e-01 6.7623603e-01
 2.3172682e-02 3.4564302e-05 1.8903872e-07 2.0545039e-09]"
D:\Uni\Ulm\Master\Hiwi-Forschung-und-Lehre\FairFace\detected_faces\827147_face0.jpg,Black,Black,Male,30-39,"[3.6123869e-04 9.7662520e-01 9.1926437e-03 1.4149741e-07 7.3771812e-06
 1.3488845e-02 3.2453120e-04]",[4.5885452e-05 9.9910724e-01 7.9829088e-06 8.3892501e-04],[9.9999946e-01 4.9720842e-07],"[9.02448818e-08 5.26301164e-07 1.78002607e-04 1.47979289e-01
 7.42115557e-01 1.07808635e-01 1.90417538e-03 1.35019227e-05
 1.55962780e-07]"
D:\Uni\Ulm\Master\Hiwi-Forschung-und-Lehre\FairFace\detected_faces\827192_face0.jpg,Latino_Hispanic,Indian,Male,20-29,"[9.5937036e-02 7.3850027e-04 5.1262760e-01 1.0156040e-05 1.8639599e-04
 2.3720591e-01 1.5329444e-01]",[0.15342695 0.00828265 0.00188124 0.83640915],[9.9999827e-01 1.7357421e-06],"[1.2950540e-05 4.3560523e-03 1.3587756e-01 6.5893298e-01 1.9261812e-01
 8.1731351e-03 2.8529701e-05 6.0118458e-07 5.2129554e-09]"
D:\Uni\Ulm\Master\Hiwi-Forschung-und-Lehre\FairFace\detected_faces\827212_face0.jpg,Black,Black,Male,20-29,"[5.9950389e-03 8.9204246e-01 9.2829704e-02 5.6742450e-05 5.7273899e-04
 7.2299433e-03 1.2733690e-03]",[9.860366e-03 9.844159e-01 8.319305e-04 4.891779e-03],[9.999235e-01 7.649031e-05],"[8.3484480e-07 6.7473848e-05 2.3484480e-02 7.4415296e-01 2.2433574e-01
 7.8967465e-03 6.1087165e-05 6.7263528e-07 1.4399301e-08]"
D:\Uni\Ulm\Master\Hiwi-Forschung-und-Lehre\FairFace\detected_faces\827243_face0.jpg,Black,Black,Male,30-39,"[9.4006526e-07 9.9997509e-01 1.2980433e-05 3.4982531e-08 3.6668260e-07
 9.6202002e-06 1.0302003e-06]",[7.2207143e-07 9.9995393e-01 5.1774623e-06 4.0196541e-05],[9.9997705e-01 2.2968179e-05],"[2.4779416e-07 4.7521229e-05 7.0888936e-03 3.5680088e-01 5.2325016e-01
 1.0791903e-01 4.8224372e-03 6.7938003e-05 2.8245881e-06]"
D:\Uni\Ulm\Master\Hiwi-Forschung-und-Lehre\FairFace\detected_faces\827244_face0.jpg,Black,Black,Male,20-29,"[3.1115778e-06 9.9994653e-01 2.5018353e-05 1.4580867e-07 2.4545704e-06
 2.0139558e-05 2.5963525e-06]",[6.6159400e-06 9.9986035e-01 1.3471666e-05 1.1952950e-04],[9.9999988e-01 1.1434222e-07],"[8.3078184e-08 6.8365343e-06 6.4808908e-03 6.8165863e-01 2.8409132e-01
 2.7084552e-02 6.5584399e-04 2.0636749e-05 1.1656940e-06]"
D:\Uni\Ulm\Master\Hiwi-Forschung-und-Lehre\FairFace\detected_faces\827265_face0.jpg,White,White,Male,20-29,"[9.8141807e-01 1.2711843e-04 4.5096143e-03 1.1823583e-05 2.9116996e-05
 1.5726402e-04 1.3747058e-02]",[9.9312550e-01 6.0514244e-03 2.3863165e-04 5.8440369e-04],[9.9999750e-01 2.5709048e-06],"[1.8228031e-06 4.4146353e-05 1.1248884e-03 5.8472568e-01 4.0838745e-01
 5.6931013e-03 2.2722090e-05 2.0656266e-07 7.4758866e-09]"
D:\Uni\Ulm\Master\Hiwi-Forschung-und-Lehre\FairFace\detected_faces\827358_face0.jpg,Black,Black,Male,20-29,"[2.1933505e-07 9.9999332e-01 2.0817361e-06 4.8828959e-09 1.1067419e-07
 4.0279074e-06 2.5147554e-07]",[1.9146208e-07 9.9999821e-01 3.1272552e-07 1.2687514e-06],[9.9999946e-01 5.5584212e-07],"[2.5924010e-08 7.8260327e-06 9.3298489e-03 7.0398313e-01 2.6993355e-01
 1.6615313e-02 1.2876524e-04 1.5072934e-06 6.2512527e-08]"
D:\Uni\Ulm\Master\Hiwi-Forschung-und-Lehre\FairFace\detected_faces\827362_face0.jpg,White,White,Male,20-29,"[9.9999893e-01 3.2525529e-09 1.7632614e-07 2.3189481e-09 4.3086597e-09
 4.2821866e-09 9.1087804e-07]",[9.9999869e-01 4.9627243e-07 9.7199305e-08 6.9532467e-07],[9.999457e-01 5.427782e-05],"[7.7800610e-09 2.9570649e-06 2.1697553e-03 7.0083833e-01 2.9094425e-01
 6.0171583e-03 2.7500972e-05 1.0273634e-07 3.2857417e-09]"
D:\Uni\Ulm\Master\Hiwi-Forschung-und-Lehre\FairFace\detected_faces\827367_face0.jpg,White,White,Male,20-29,"[6.6644341e-01 5.4434733e-04 9.6192859e-02 1.5219682e-04 6.0957158e-04
 9.5877278e-04 2.3509882e-01]",[9.9831688e-01 3.6745446e-04 2.8555540e-04 1.0299954e-03],[9.9999994e-01 8.0673068e-08],"[4.0025637e-07 9.5858468e-06 1.6606553e-03 7.3648727e-01 2.5766185e-01
 4.1613518e-03 1.8410065e-05 4.2147403e-07 5.8889893e-09]"
D:\Uni\Ulm\Master\Hiwi-Forschung-und-Lehre\FairFace\detected_faces\827372_face0.jpg,White,White,Male,30-39,"[7.6920581e-01 2.4034185e-05 4.4062644e-02 1.0316397e-04 3.0401119e-04
 3.2619375e-03 1.8303850e-01]",[9.8199552e-01 5.2312378e-05 4.4259467e-04 1.7509550e-02],[9.998943e-01 1.056620e-04],"[3.4844049e-07 9.7739521e-06 1.7397340e-03 3.2117054e-01 6.3381231e-01
 4.3099325e-02 1.6610880e-04 1.7834174e-06 3.6035473e-08]"
D:\Uni\Ulm\Master\Hiwi-Forschung-und-Lehre\FairFace\detected_faces\827377_face0.jpg,White,White,Male,20-29,"[9.9660677e-01 2.7391149e-04 1.3206600e-03 6.9915268e-07 3.5033308e-06
 2.8015338e-05 1.7665199e-03]",[9.9981052e-01 1.6324128e-04 6.1849169e-06 2.0039826e-05],[9.9999994e-01 4.8673410e-08],"[2.6151747e-07 2.2995132e-06 6.6230661e-04 5.5375648e-01 4.4082332e-01
 4.7232420e-03 3.1600688e-05 5.4186035e-07 1.5182362e-08]"
D:\Uni\Ulm\Master\Hiwi-Forschung-und-Lehre\FairFace\detected_faces\827398_face0.jpg,White,White,Male,20-29,"[7.5159138e-01 9.8246383e-06 4.0380959e-03 1.1313638e-05 2.4907209e-05
 4.3093089e-05 2.4428131e-01]",[9.9936032e-01 2.0650974e-05 6.1099541e-05 5.5791577e-04],[9.9999857e-01 1.3931708e-06],"[2.59175703e-08 3.03403999e-06 7.66459759e-03 7.13136911e-01
 2.69784123e-01 9.30869579e-03 1.01156176e-04 1.46763523e-06
 2.07265050e-08]"
D:\Uni\Ulm\Master\Hiwi-Forschung-und-Lehre\FairFace\detected_faces\827421_face0.jpg,Latino_Hispanic,Black,Male,20-29,"[0.13895227 0.00887575 0.64953405 0.00095872 0.00359489 0.00440987
 0.19367443]",[0.08647595 0.89450943 0.00957325 0.00944132],[9.9999976e-01 2.6861952e-07],"[7.2570789e-09 1.6519856e-07 4.1855662e-03 8.9758360e-01 9.7355559e-02
 8.6922990e-04 5.7276052e-06 9.7692549e-08 1.2045956e-09]"
D:\Uni\Ulm\Master\Hiwi-Forschung-und-Lehre\FairFace\detected_faces\827473_face0.jpg,Middle Eastern,White,Male,30-39,"[3.5835732e-02 3.2200573e-05 6.2628160e-03 7.5375107e-07 4.3383593e-06
 1.4428563e-04 9.5771986e-01]",[9.9291563e-01 3.5223763e-03 4.0183440e-04 3.1601212e-03],[9.9999988e-01 1.3918772e-07],"[7.0134479e-07 2.7923990e-05 3.8056567e-03 3.7108001e-01 5.8800441e-01
 3.6916364e-02 1.6304011e-04 1.8251417e-06 1.7191740e-08]"
D:\Uni\Ulm\Master\Hiwi-Forschung-und-Lehre\FairFace\detected_faces\827491_face0.jpg,White,White,Male,20-29,"[9.0906006e-01 4.4646797e-05 3.4044687e-02 1.0520422e-03 1.3745702e-03
 1.7047249e-04 5.4253537e-02]",[9.9008292e-01 2.1359000e-04 9.2682652e-03 4.3518245e-04],[1.0000000e+00 2.3207757e-08],"[3.0372010e-07 2.5782439e-05 8.9440113e-03 6.5663302e-01 3.1855693e-01
 1.5683081e-02 1.5510140e-04 1.6724453e-06 9.9330366e-09]"
D:\Uni\Ulm\Master\Hiwi-Forschung-und-Lehre\FairFace\detected_faces\827519_face0.jpg,White,White,Male,20-29,"[5.8636504e-01 3.3138582e-05 2.8988307e-02 2.3021668e-04 5.0323200e-04
 1.2408678e-03 3.8263914e-01]",[9.9852896e-01 2.0579841e-04 2.3259793e-04 1.0326391e-03],[1.0000000e+00 1.0170962e-09],"[3.5315963e-07 1.0082304e-05 2.0227798e-03 6.0044134e-01 3.8943309e-01
 8.0573605e-03 3.4640503e-05 3.6808905e-07 2.4573903e-09]"
D:\Uni\Ulm\Master\Hiwi-Forschung-und-Lehre\FairFace\detected_faces\827522_face0.jpg,Latino_Hispanic,Black,Male,20-29,"[1.7322259e-01 3.7608437e-02 7.2814906e-01 3.2603153e-04 1.4437028e-03
 3.0025798e-03 5.6247570e-02]",[0.06151635 0.92973775 0.00185369 0.0068922 ],[9.9999970e-01 2.8334088e-07],"[2.2072356e-07 8.4613248e-06 5.5667097e-03 6.5272725e-01 3.2744747e-01
 1.4091109e-02 1.5700157e-04 1.8054103e-06 2.1573996e-08]"
D:\Uni\Ulm\Master\Hiwi-Forschung-und-Lehre\FairFace\detected_faces\827531_face0.jpg,Black,Black,Male,20-29,"[2.2258797e-05 9.9906915e-01 8.4406731e-04 5.9931830e-07 2.0321855e-05
 3.8168393e-05 5.3578283e-06]",[2.0555510e-05 9.9972117e-01 7.4425581e-05 1.8385678e-04],[9.9999958e-01 3.8174122e-07],"[4.7403510e-08 8.5530000e-06 3.5604324e-02 8.7950510e-01 8.1697427e-02
 3.1174161e-03 6.6412271e-05 7.6436396e-07 2.3863322e-08]"
D:\Uni\Ulm\Master\Hiwi-Forschung-und-Lehre\FairFace\detected_faces\827562_face0.jpg,White,White,Male,20-29,"[8.6952287e-01 4.5279675e-04 9.9131383e-02 5.4956548e-04 2.1978579e-03
 2.7339504e-04 2.7872073e-02]",[0.9497345  0.00799356 0.04047422 0.0017977 ],[9.9993867e-01 6.1333776e-05],"[1.4210893e-07 3.8570299e-05 5.2387688e-02 9.0255982e-01 4.4908840e-02
 1.0463994e-04 2.3004739e-07 9.6923589e-09 3.2329994e-10]"
D:\Uni\Ulm\Master\Hiwi-Forschung-und-Lehre\FairFace\detected_faces\827587_face0.jpg,White,White,Male,30-39,"[0.753097   0.0011181  0.08231287 0.00107204 0.00172704 0.01519643
 0.14547653]",[0.9322847  0.0010899  0.02729734 0.03932804],[9.9901253e-01 9.8747760e-04],"[5.3020062e-07 1.5069128e-05 3.0599344e-03 4.2268541e-01 5.5427921e-01
 1.9771550e-02 1.8464502e-04 3.4324905e-06 6.3987066e-08]"
D:\Uni\Ulm\Master\Hiwi-Forschung-und-Lehre\FairFace\detected_faces\827606_face0.jpg,Latino_Hispanic,Indian,Male,30-39,"[2.4904566e-01 1.1119858e-02 5.1190561e-01 1.5174556e-05 1.0486357e-04
 9.3976863e-02 1.3383195e-01]",[2.0552471e-01 2.2224138e-02 2.8062728e-04 7.7197045e-01],[9.9998802e-01 1.1979587e-05],"[1.13758438e-06 4.61973832e-05 3.99210397e-03 3.41550231e-01
 5.87753773e-01 6.56573847e-02 9.86928237e-04 1.20583145e-05
 1.49382316e-07]"
D:\Uni\Ulm\Master\Hiwi-Forschung-und-Lehre\FairFace\detected_faces\827640_face0.jpg,White,White,Male,20-29,"[7.5041264e-01 3.7213473e-04 7.4883029e-02 7.9979596e-05 2.4989905e-04
 5.0968225e-05 1.7395130e-01]",[9.9774235e-01 1.5797468e-03 6.0228363e-04 7.5649652e-05],[9.9973214e-01 2.6791243e-04],"[3.2029725e-08 4.7734786e-05 2.8993547e-01 6.9492400e-01 1.4820741e-02
 2.7014743e-04 1.8558276e-06 4.1612726e-08 1.0339125e-09]"
D:\Uni\Ulm\Master\Hiwi-Forschung-und-Lehre\FairFace\detected_faces\827668_face0.jpg,Latino_Hispanic,White,Male,20-29,"[2.7304763e-01 2.8968591e-03 5.2356428e-01 3.0968405e-04 2.7669151e-03
 1.8194392e-03 1.9559513e-01]",[0.46508545 0.43195996 0.0190356  0.083919  ],[9.9999946e-01 5.2443806e-07],"[4.5678289e-07 1.3929573e-04 1.0978449e-01 7.4211729e-01 1.3843390e-01
 9.2671495e-03 2.4955827e-04 7.7669129e-06 1.2679216e-07]"
D:\Uni\Ulm\Master\Hiwi-Forschung-und-Lehre\FairFace\detected_faces\827679_face0.jpg,Black,Black,Male,20-29,"[4.1790269e-04 9.9285811e-01 5.8049024e-03 6.6686507e-06 6.6729852e-05
 7.5030472e-04 9.5373900e-05]",[1.8364104e-05 9.9995178e-01 6.4050755e-06 2.3443199e-05],[9.9998152e-01 1.8534225e-05],"[2.5949473e-07 4.9815144e-06 3.5811078e-03 4.9969104e-01 4.1469815e-01
 7.8006014e-02 3.9640181e-03 5.2560976e-05 1.8219738e-06]"
D:\Uni\Ulm\Master\Hiwi-Forschung-und-Lehre\FairFace\detected_faces\827681_face0.jpg,Latino_Hispanic,Black,Male,20-29,"[1.9164283e-02 3.3414659e-01 5.5824780e-01 5.1864299e-06 1.8755277e-04
 3.9546631e-02 4.8702043e-02]",[0.03465703 0.8293907  0.00116693 0.1347854 ],[1.000000e+00 1.595607e-08],"[1.1734321e-08 2.4670408e-07 6.9458829e-04 5.1442325e-01 4.6508718e-01
 1.9556325e-02 2.3577134e-04 2.6090850e-06 2.3234159e-08]"
D:\Uni\Ulm\Master\Hiwi-Forschung-und-Lehre\FairFace\detected_faces\827688_face0.jpg,White,White,Male,30-39,"[8.1158751e-01 1.3943142e-04 1.3576625e-02 1.5794851e-04 3.4629094e-04
 8.6621835e-04 1.7332594e-01]",[9.9932992e-01 4.6853493e-05 8.1530045e-05 5.4173887e-04],[9.9999660e-01 3.3681263e-06],"[1.5913671e-05 6.6777546e-05 1.4552779e-03 3.7538451e-01 5.8659613e-01
 3.6095232e-02 3.7722432e-04 8.6242462e-06 3.0030256e-07]"
D:\Uni\Ulm\Master\Hiwi-Forschung-und-Lehre\FairFace\detected_faces\827934_face0.jpg,Black,Black,Male,30-39,"[1.1808073e-05 9.9883658e-01 1.1645224e-04 3.2902162e-07 4.0875716e-06
 1.0298360e-03 9.3047555e-07]",[7.6663291e-06 9.9775165e-01 1.7894085e-05 2.2227077e-03],[9.992198e-01 7.801952e-04],"[1.3184354e-08 1.5513787e-07 9.6652926e-05 1.0220430e-01 6.8935484e-01
 2.0163406e-01 6.6748401e-03 3.4289431e-05 8.4401114e-07]"
D:\Uni\Ulm\Master\Hiwi-Forschung-und-Lehre\FairFace\detected_faces\827935_face0.jpg,Black,Black,Male,20-29,"[4.9075848e-06 9.9869829e-01 3.3539406e-04 1.9464227e-07 5.6181116e-06
 9.1731979e-04 3.8294133e-05]",[2.5682761e-05 9.9910903e-01 1.5793549e-04 7.0729089e-04],[9.99999881e-01 1.13954684e-07],"[2.8476933e-08 3.8451326e-06 2.7039081e-03 4.8174644e-01 4.8043337e-01
 3.4783199e-02 3.2730022e-04 1.9542254e-06 1.7721739e-08]"
D:\Uni\Ulm\Master\Hiwi-Forschung-und-Lehre\FairFace\detected_faces\827942_face0.jpg,Black,Black,Male,30-39,"[9.4378720e-06 9.9973911e-01 1.8983003e-04 8.1924814e-09 1.4823101e-07
 5.5431774e-05 6.0152220e-06]",[2.1533879e-06 9.9991482e-01 6.9368855e-07 8.2298342e-05],[9.9999982e-01 2.1068793e-07],"[1.4451535e-08 3.2534459e-07 3.2099109e-04 2.7456096e-01 6.5388077e-01
 7.0427984e-02 8.0563361e-04 3.2100850e-06 4.7407770e-08]"
D:\Uni\Ulm\Master\Hiwi-Forschung-und-Lehre\FairFace\detected_faces\828077_face0.jpg,Latino_Hispanic,Indian,Male,20-29,"[0.00634249 0.17158304 0.4918442  0.00408894 0.13811794 0.15617402
 0.0318494 ]",[0.00234462 0.07163488 0.36973274 0.5562877 ],[9.9939072e-01 6.0928235e-04],"[1.1475412e-06 1.6331560e-05 6.8280757e-03 5.9510362e-01 3.7555662e-01
 2.1952743e-02 5.2571186e-04 1.5108598e-05 7.2101972e-07]"
D:\Uni\Ulm\Master\Hiwi-Forschung-und-Lehre\FairFace\detected_faces\828239_face0.jpg,White,White,Male,20-29,"[9.9590302e-01 2.4435342e-06 4.0107136e-04 1.6955155e-06 3.6838533e-06
 4.9160876e-06 3.6832669e-03]",[9.9990588e-01 4.8096626e-05 1.6600485e-05 2.9404146e-05],[9.9999827e-01 1.7169127e-06],"[2.0665139e-07 2.4249248e-05 3.0065316e-03 7.4755907e-01 2.4758400e-01
 1.8234642e-03 2.4866063e-06 1.7156845e-08 4.7556381e-10]"
D:\Uni\Ulm\Master\Hiwi-Forschung-und-Lehre\FairFace\detected_faces\828247_face0.jpg,Middle Eastern,Indian,Male,20-29,"[8.8338651e-02 1.7724316e-04 2.2658965e-01 7.5261766e-04 1.4424706e-03
 1.0537752e-01 5.7732189e-01]",[0.26028106 0.00119104 0.02263716 0.71589077],[9.9999934e-01 6.8949515e-07],"[2.0576502e-07 2.7093743e-05 3.3652573e-03 8.7914461e-01 1.1687881e-01
 5.8352866e-04 4.7111561e-07 9.1313472e-09 8.3688050e-11]"
D:\Uni\Ulm\Master\Hiwi-Forschung-und-Lehre\FairFace\detected_faces\828570_face0.jpg,White,White,Male,20-29,"[5.6193703e-01 1.4891732e-04 9.8496646e-02 8.4660125e-05 1.3494490e-04
 4.3068053e-03 3.3489105e-01]",[9.85114872e-01 4.73986875e-04 3.81744350e-03 1.05937375e-02],[9.9996805e-01 3.1985703e-05],"[2.4030337e-06 5.8081700e-05 3.2749509e-03 5.7558221e-01 4.1229835e-01
 8.7592201e-03 2.4331946e-05 4.1711357e-07 5.5540008e-09]"
D:\Uni\Ulm\Master\Hiwi-Forschung-und-Lehre\FairFace\detected_faces\828571_face0.jpg,Black,Black,Male,20-29,"[3.0848285e-04 9.7651958e-01 2.1166559e-02 1.3162819e-06 4.7934871e-05
 1.2712765e-03 6.8483071e-04]",[3.363745e-05 9.989808e-01 4.038135e-05 9.451986e-04],[1.00e+00 4.88e-08],"[4.9309275e-08 1.2258526e-05 3.6015850e-02 8.3761168e-01 1.2132833e-01
 4.9371882e-03 9.3047143e-05 1.5464607e-06 1.9414708e-08]"
D:\Uni\Ulm\Master\Hiwi-Forschung-und-Lehre\FairFace\detected_faces\828581_face0.jpg,White,White,Male,20-29,"[9.9288291e-01 1.4242462e-06 1.1036693e-03 6.1828038e-04 2.3706615e-04
 3.8275411e-06 5.1528136e-03]",[9.9922627e-01 1.0324979e-05 7.5425638e-04 9.0900412e-06],[9.999507e-01 4.932932e-05],"[2.9804808e-09 2.5458468e-05 3.8622898e-01 6.1114413e-01 2.5951127e-03
 6.2825789e-06 1.0409152e-08 1.5930475e-10 4.0976515e-12]"
D:\Uni\Ulm\Master\Hiwi-Forschung-und-Lehre\FairFace\detected_faces\828605_face0.jpg,White,White,Male,20-29,"[9.0589505e-01 1.4203538e-04 2.8257946e-02 9.3554823e-05 2.3481563e-04
 5.5823453e-05 6.5320782e-02]",[9.9651152e-01 2.3729997e-03 1.0578525e-03 5.7519836e-05],[9.9999541e-01 4.6251394e-06],"[1.5534166e-08 2.7276381e-05 1.3053268e-01 8.5793769e-01 1.1426243e-02
 7.5836237e-05 2.7465524e-07 6.4128574e-09 1.2865620e-10]"
D:\Uni\Ulm\Master\Hiwi-Forschung-und-Lehre\FairFace\detected_faces\828613_face0.jpg,Latino_Hispanic,Black,Male,30-39,"[3.9884724e-02 1.4286207e-01 6.1883259e-01 7.0208167e-05 6.6126185e-04
 4.9953949e-02 1.4773528e-01]",[0.02030524 0.85141784 0.00296134 0.12531559],[9.9999785e-01 2.1407418e-06],"[8.5477285e-07 1.4252662e-06 2.0205820e-04 1.6569047e-01 7.3937309e-01
 9.2796363e-02 1.9118825e-03 2.3566994e-05 4.0133523e-07]"
D:\Uni\Ulm\Master\Hiwi-Forschung-und-Lehre\FairFace\detected_faces\828620_face0.jpg,White,White,Male,20-29,"[9.9733537e-01 5.8396176e-06 2.8294459e-04 5.4524835e-06 1.3522221e-05
 5.3441852e-07 2.3564894e-03]",[9.9736124e-01 1.7601649e-03 8.2087179e-04 5.7806043e-05],[9.999120e-01 8.803656e-05],"[7.4721891e-09 1.0515156e-05 3.5271145e-02 8.5189879e-01 1.0968529e-01
 3.1105401e-03 2.3543567e-05 2.0092492e-07 3.1839955e-09]"
D:\Uni\Ulm\Master\Hiwi-Forschung-und-Lehre\FairFace\detected_faces\828628_face0.jpg,Black,Black,Male,20-29,"[1.2472600e-07 9.9999613e-01 2.2927427e-06 7.7332851e-09 1.3398719e-07
 1.1204307e-06 2.5980751e-07]",[2.2986033e-07 9.9999744e-01 8.5326258e-07 1.5273872e-06],[9.9969023e-01 3.0977454e-04],"[5.5863393e-07 2.8107699e-04 6.1651666e-02 7.9803848e-01 1.3554032e-01
 4.4636466e-03 2.3963870e-05 2.6095969e-07 1.9877991e-08]"
D:\Uni\Ulm\Master\Hiwi-Forschung-und-Lehre\FairFace\detected_faces\828639_face0.jpg,White,White,Male,20-29,"[9.6959275e-01 1.7415675e-04 2.0293975e-02 1.3937130e-04 4.0028821e-04
 4.7939538e-05 9.3514733e-03]",[9.8902744e-01 5.9566612e-04 5.2967272e-03 5.0800988e-03],[9.9999923e-01 7.5980716e-07],"[4.3219838e-08 4.7794470e-05 1.5437724e-01 8.0429357e-01 3.9604194e-02
 1.6533487e-03 2.3174744e-05 5.8324360e-07 6.9557715e-09]"
D:\Uni\Ulm\Master\Hiwi-Forschung-und-Lehre\FairFace\detected_faces\828640_face0.jpg,White,White,Male,20-29,"[9.9997538e-01 2.8178388e-08 1.0650508e-06 3.7268244e-08 7.0619038e-08
 1.3242977e-08 2.3370168e-05]",[9.9998522e-01 9.3405026e-07 1.2175589e-05 1.6352187e-06],[9.9999988e-01 6.7850074e-08],"[1.1463212e-07 9.3172994e-06 4.1561248e-03 7.1242487e-01 2.7568910e-01
 7.6755630e-03 4.4577493e-05 3.2190974e-07 7.6119369e-09]"
D:\Uni\Ulm\Master\Hiwi-Forschung-und-Lehre\FairFace\detected_faces\828654_face0.jpg,White,White,Male,20-29,"[9.6480525e-01 1.8952996e-05 1.6457866e-03 3.8228991e-06 1.4723398e-05
 2.2710707e-05 3.3488780e-02]",[9.9982083e-01 4.2912789e-06 1.9414161e-05 1.5548497e-04],[9.999522e-01 4.786082e-05],"[4.9856958e-08 9.7134907e-06 6.0448209e-03 7.1566647e-01 2.7579135e-01
 2.4816147e-03 5.9225081e-06 5.0924978e-08 1.1797838e-09]"
D:\Uni\Ulm\Master\Hiwi-Forschung-und-Lehre\FairFace\detected_faces\828966_face0.jpg,Middle Eastern,Indian,Male,20-29,"[1.3487184e-01 2.5836311e-03 2.1266225e-01 1.3439079e-04 7.5629511e-04
 1.0985966e-02 6.3800561e-01]",[0.22891378 0.1127129  0.01273193 0.6456414 ],[9.9999982e-01 1.8881289e-07],"[3.3137022e-07 4.0314546e-05 6.5273107e-03 7.6337367e-01 2.2635520e-01
 3.6868087e-03 1.6222910e-05 1.5451998e-07 2.0879674e-09]"
D:\Uni\Ulm\Master\Hiwi-Forschung-und-Lehre\FairFace\detected_faces\828969_face0.jpg,White,White,Male,20-29,"[9.3724859e-01 7.5151955e-05 1.9937174e-02 8.6434129e-06 3.2761585e-05
 6.4787928e-05 4.2632841e-02]",[9.9797511e-01 7.5790862e-04 1.3550535e-04 1.1315568e-03],[9.9999982e-01 1.6816699e-07],"[1.48601504e-08 2.13092085e-06 1.61955517e-03 7.05429018e-01
 2.87939250e-01 4.99716820e-03 1.27662925e-05 8.88997391e-08
 1.07630349e-09]"
D:\Uni\Ulm\Master\Hiwi-Forschung-und-Lehre\FairFace\detected_faces\828971_face0.jpg,White,White,Male,20-29,"[9.9916255e-01 9.9518968e-07 3.1596227e-04 6.9597348e-07 3.6114818e-06
 7.9950150e-06 5.0818373e-04]",[9.9975586e-01 3.1166721e-05 2.6285257e-05 1.8668703e-04],[9.9999994e-01 4.7482811e-08],"[3.7337486e-08 3.3700082e-05 1.4346521e-02 9.1268212e-01 7.2333150e-02
 6.0330005e-04 1.1407649e-06 6.9952164e-09 1.3784338e-10]"
D:\Uni\Ulm\Master\Hiwi-Forschung-und-Lehre\FairFace\detected_faces\828972_face0.jpg,White,White,Male,20-29,"[9.9709666e-01 9.2694881e-06 4.7323905e-04 4.2208433e-07 1.3543528e-06
 6.0821969e-07 2.4183318e-03]",[9.9960154e-01 3.8488899e-04 5.2051364e-06 8.3678642e-06],[9.9999994e-01 8.2572186e-08],"[6.57191990e-09 1.22310485e-05 1.36906818e-01 8.51726353e-01
 1.12538412e-02 1.00380465e-04 3.76594755e-07 4.13746104e-09
 4.67442786e-11]"
D:\Uni\Ulm\Master\Hiwi-Forschung-und-Lehre\FairFace\detected_faces\829022_face0.jpg,Middle Eastern,White,Male,20-29,"[3.6840302e-01 4.2312563e-04 6.0310885e-02 3.7033378e-06 2.6436885e-05
 5.7675038e-03 5.6506532e-01]",[6.5581471e-01 1.1827318e-02 5.6530006e-04 3.3179274e-01],[9.9999976e-01 2.4929741e-07],"[2.3095561e-08 1.5149583e-06 2.2335583e-03 7.6830429e-01 2.2636463e-01
 3.0839103e-03 1.1985027e-05 9.2076164e-08 9.6456243e-10]"
D:\Uni\Ulm\Master\Hiwi-Forschung-und-Lehre\FairFace\detected_faces\829186_face0.jpg,Black,Black,Male,30-39,"[2.57015284e-02 6.01732075e-01 2.49765098e-01 1.75425339e-05
 1.81601165e-04 9.03563946e-03 1.13566466e-01]",[0.10011026 0.73662627 0.00362812 0.15963537],[9.9999404e-01 5.9460708e-06],"[5.8515869e-08 4.4666026e-06 8.5033517e-04 4.2417985e-01 5.5819958e-01
 1.6699152e-02 6.6034532e-05 5.2125534e-07 7.3172917e-09]"
D:\Uni\Ulm\Master\Hiwi-Forschung-und-Lehre\FairFace\detected_faces\829207_face0.jpg,Black,Black,Male,30-39,"[4.6645124e-07 9.9808413e-01 2.3649263e-05 2.5081750e-08 2.3720590e-06
 1.8682610e-03 2.1159853e-05]",[1.5351943e-06 9.9887794e-01 1.8522478e-05 1.1019977e-03],[9.999992e-01 7.837043e-07],"[3.3184651e-09 5.1026674e-08 1.3699608e-04 1.2413509e-01 5.8281672e-01
 2.6964986e-01 2.2578668e-02 6.7220902e-04 1.0401948e-05]"
D:\Uni\Ulm\Master\Hiwi-Forschung-und-Lehre\FairFace\detected_faces\829296_face0.jpg,Latino_Hispanic,White,Male,20-29,"[2.9345936e-01 2.4805984e-03 5.0501090e-01 1.5663230e-05 1.5631721e-04
 1.0427293e-02 1.8844990e-01]",[0.6378155  0.17263871 0.00183217 0.1877137 ],[9.9999994e-01 3.8830184e-08],"[4.7942615e-07 1.5210957e-05 5.9445160e-03 5.5074900e-01 4.2743513e-01
 1.5752010e-02 1.0278659e-04 9.4929186e-07 7.4839566e-09]"
D:\Uni\Ulm\Master\Hiwi-Forschung-und-Lehre\FairFace\detected_faces\829408_face0.jpg,White,White,Male,20-29,"[9.2256761e-01 1.3476625e-04 1.8812425e-02 7.5474773e-06 2.5620035e-05
 5.2499694e-05 5.8399633e-02]",[9.9756622e-01 1.3585773e-03 3.9123461e-05 1.0361042e-03],[9.9999988e-01 1.1582795e-07],"[1.9618902e-09 1.4763485e-06 2.8120309e-02 9.5901769e-01 1.2825385e-02
 3.5115972e-05 7.8755754e-08 1.5002750e-09 1.7696787e-11]"
D:\Uni\Ulm\Master\Hiwi-Forschung-und-Lehre\FairFace\detected_faces\829506_face0.jpg,White,White,Male,30-39,"[9.9994433e-01 7.1523777e-06 1.1591544e-05 3.2642703e-08 1.0721253e-07
 9.3911552e-07 3.5865629e-05]",[9.9875134e-01 1.2285317e-03 9.1146867e-06 1.1038352e-05],[9.999948e-01 5.200773e-06],"[1.5021850e-06 5.7025274e-05 2.8757884e-03 4.0400371e-01 5.7138783e-01
 2.1334786e-02 3.3620532e-04 2.9258633e-06 1.9134201e-07]"
D:\Uni\Ulm\Master\Hiwi-Forschung-und-Lehre\FairFace\detected_faces\829507_face0.jpg,Black,Black,Male,20-29,"[9.1066811e-04 8.4829706e-01 1.0960307e-01 1.4203929e-05 7.9520041e-04
 1.7374065e-02 2.3005778e-02]",[0.00492725 0.94085693 0.00676972 0.04744612],[1.0000000e+00 1.1189901e-08],"[1.7728182e-08 2.3888190e-06 4.2237523e-03 7.6009691e-01 2.3092504e-01
 4.7385627e-03 1.3248456e-05 1.3104561e-07 1.7446049e-09]"
D:\Uni\Ulm\Master\Hiwi-Forschung-und-Lehre\FairFace\detected_faces\829570_face0.jpg,White,White,Male,20-29,"[9.4203717e-01 2.5779969e-04 1.4477410e-02 4.9355134e-05 9.0862341e-05
 2.2207123e-04 4.2865299e-02]",[9.9692333e-01 1.0931664e-03 8.4117707e-04 1.1422144e-03],[9.9999940e-01 5.7186077e-07],"[1.2319371e-07 6.9588068e-06 9.7402307e-04 6.6290271e-01 3.3144853e-01
 4.6559027e-03 1.1620920e-05 9.6109304e-08 1.5915047e-09]"
D:\Uni\Ulm\Master\Hiwi-Forschung-und-Lehre\FairFace\detected_faces\829581_face0.jpg,White,White,Male,30-39,"[6.2256575e-01 1.0384083e-04 3.6655229e-02 1.7769409e-04 1.9933928e-04
 1.4003651e-03 3.3889776e-01]",[9.9612701e-01 1.2058788e-04 8.6719816e-04 2.8851805e-03],[9.9999756e-01 2.4409831e-06],"[5.6874719e-06 1.0161468e-04 1.7313319e-03 4.4064990e-01 5.4629582e-01
 1.1187376e-02 2.8031583e-05 1.5337930e-07 2.2374540e-09]"
D:\Uni\Ulm\Master\Hiwi-Forschung-und-Lehre\FairFace\detected_faces\829892_face0.jpg,Black,Black,Male,30-39,"[6.2156942e-06 9.9777037e-01 1.8009271e-04 8.5167943e-07 4.9324968e-05
 1.9836542e-03 9.5267033e-06]",[4.52312179e-06 9.99607325e-01 1.38267305e-05 3.74251598e-04],[9.9965763e-01 3.4242144e-04],"[9.23034449e-08 2.57986039e-06 2.70584482e-03 3.69907528e-01
 5.12871861e-01 1.06157325e-01 8.06409772e-03 2.76424340e-04
 1.41869596e-05]"
D:\Uni\Ulm\Master\Hiwi-Forschung-und-Lehre\FairFace\detected_faces\829932_face0.jpg,White,White,Male,20-29,"[3.6127868e-01 1.1748742e-02 3.3233821e-01 4.4124386e-06 4.1676391e-05
 1.2254629e-02 2.8233364e-01]",[5.8408993e-01 2.3685876e-01 5.6162121e-04 1.7848973e-01],[9.9998194e-01 1.8081188e-05],"[4.1610527e-08 2.0765499e-06 1.5489107e-03 5.9915769e-01 3.9185426e-01
 7.3893070e-03 4.7199293e-05 5.5326313e-07 7.1893349e-09]"
D:\Uni\Ulm\Master\Hiwi-Forschung-und-Lehre\FairFace\detected_faces\830012_face0.jpg,White,White,Male,20-29,"[9.9770135e-01 1.2698163e-06 5.1977561e-04 9.3752089e-07 6.6895218e-06
 7.2510312e-07 1.7692739e-03]",[9.9956065e-01 2.1710499e-04 1.8184606e-04 4.0373056e-05],[9.9999624e-01 3.7341938e-06],"[1.48216115e-08 6.43082103e-06 1.18935751e-02 7.11417139e-01
 2.69391507e-01 7.25827087e-03 3.29072973e-05 1.66670972e-07
 2.47078447e-09]"
D:\Uni\Ulm\Master\Hiwi-Forschung-und-Lehre\FairFace\detected_faces\830127_face0.jpg,White,White,Male,20-29,"[6.9032121e-01 8.2974212e-04 6.1076928e-02 2.0458167e-04 4.3630315e-04
 5.8729126e-04 2.4654391e-01]",[9.9510247e-01 2.5222164e-03 8.6256978e-04 1.5127632e-03],[9.9999774e-01 2.2708637e-06],"[1.1452814e-06 6.4550710e-05 1.1243526e-02 7.8441471e-01 1.9971494e-01
 4.5409570e-03 1.9825004e-05 3.6577194e-07 6.7220216e-09]"
D:\Uni\Ulm\Master\Hiwi-Forschung-und-Lehre\FairFace\detected_faces\830142_face0.jpg,White,White,Male,20-29,"[9.9987495e-01 1.6261190e-07 5.1382602e-05 2.7911895e-07 9.6967528e-07
 1.0260228e-06 7.1156399e-05]",[9.9998552e-01 3.2634184e-06 8.2703145e-06 2.9521329e-06],[9.9999940e-01 5.2870683e-07],"[2.65980191e-07 2.66419538e-05 1.16605265e-02 6.96954310e-01
 2.67660230e-01 2.33593080e-02 3.35528894e-04 3.17269587e-06
 9.06555258e-08]"
D:\Uni\Ulm\Master\Hiwi-Forschung-und-Lehre\FairFace\detected_faces\830238_face0.jpg,White,White,Male,20-29,"[9.9712235e-01 1.2240069e-05 2.5625384e-04 1.2108872e-05 4.9872298e-05
 1.0048022e-06 2.5461521e-03]",[9.98990178e-01 8.22046713e-04 1.74616682e-04 1.31393235e-05],[9.9999869e-01 1.3142795e-06],"[7.9667331e-08 1.9821315e-05 8.4624533e-03 7.0201468e-01 2.8608838e-01
 3.3997500e-03 1.4653156e-05 1.6773039e-07 4.3045003e-09]"
D:\Uni\Ulm\Master\Hiwi-Forschung-und-Lehre\FairFace\detected_faces\830250_face0.jpg,White,White,Male,20-29,"[9.9577993e-01 1.2045215e-06 1.3816821e-04 2.8932775e-06 5.6067224e-06
 2.7835190e-06 4.0694023e-03]",[9.9983770e-01 8.4228283e-05 5.6701196e-05 2.1373440e-05],[9.9999517e-01 4.7796693e-06],"[3.7096919e-07 8.5994805e-05 4.1633341e-03 6.9456351e-01 2.9853451e-01
 2.6492588e-03 3.0080262e-06 2.1505121e-08 6.7141015e-10]"
D:\Uni\Ulm\Master\Hiwi-Forschung-und-Lehre\FairFace\detected_faces\830288_face0.jpg,Middle Eastern,White,Male,20-29,"[9.9175133e-02 3.0274775e-03 1.9066700e-01 1.5265277e-05 7.8363344e-05
 3.6436869e-03 7.0339310e-01]",[0.78020483 0.04096389 0.00821855 0.17061278],[9.9999583e-01 4.1809976e-06],"[4.1020103e-06 6.3971478e-05 9.1455281e-03 5.3214729e-01 4.1293064e-01
 4.4130087e-02 1.5377080e-03 4.0263374e-05 4.0689179e-07]"
D:\Uni\Ulm\Master\Hiwi-Forschung-und-Lehre\FairFace\detected_faces\830293_face0.jpg,Latino_Hispanic,White,Male,20-29,"[2.7477473e-01 8.8183954e-03 3.6174315e-01 2.4484415e-04 6.9571141e-04
 1.9955151e-03 3.5172769e-01]",[0.86637545 0.1086577  0.00816789 0.01679891],[9.9999923e-01 7.9469726e-07],"[3.3005069e-06 2.1647719e-04 2.1708369e-02 8.5973334e-01 1.1635070e-01
 1.9675016e-03 1.9392221e-05 8.9797152e-07 1.3504816e-08]"
D:\Uni\Ulm\Master\Hiwi-Forschung-und-Lehre\FairFace\detected_faces\830351_face0.jpg,Middle Eastern,White,Male,30-39,"[2.1181789e-01 7.7509740e-04 6.4481474e-02 1.6722701e-05 1.2329218e-04
 2.4610381e-03 7.2032452e-01]",[0.9265876  0.04932626 0.00104317 0.02304301],[9.9999964e-01 3.5760505e-07],"[2.4653414e-07 3.8246876e-06 3.1447169e-04 2.6148206e-01 6.9065750e-01
 4.7322772e-02 2.1741036e-04 1.6922107e-06 2.1133479e-08]"
D:\Uni\Ulm\Master\Hiwi-Forschung-und-Lehre\FairFace\detected_faces\830431_face0.jpg,White,White,Male,20-29,"[9.29006815e-01 4.72880318e-04 4.08480279e-02 3.48649737e-05
 1.07016334e-04 1.18665746e-03 2.83437520e-02]",[0.91653264 0.00213129 0.00493381 0.07640228],[9.9969906e-01 3.0092301e-04],"[3.9479815e-07 2.4580037e-05 5.1423875e-03 5.5557328e-01 4.2366111e-01
 1.5499342e-02 9.7422388e-05 1.4409476e-06 3.4081879e-08]"
D:\Uni\Ulm\Master\Hiwi-Forschung-und-Lehre\FairFace\detected_faces\830485_face0.jpg,Black,Black,Male,20-29,"[4.9454621e-07 9.9999535e-01 2.4522094e-06 3.5945773e-09 2.5596234e-08
 1.1659560e-06 5.6067836e-07]",[6.4845892e-07 9.9999827e-01 1.7950877e-07 9.1377171e-07],[9.992032e-01 7.968279e-04],"[3.7530569e-06 8.2615466e-04 7.2445877e-02 6.3615495e-01 2.5670189e-01
 3.3095699e-02 7.4844412e-04 2.1701526e-05 1.5239601e-06]"
D:\Uni\Ulm\Master\Hiwi-Forschung-und-Lehre\FairFace\detected_faces\830534_face0.jpg,Latino_Hispanic,White,Male,20-29,"[2.2204044e-01 2.1016555e-02 4.3445379e-01 2.2548520e-04 9.7628753e-04
 3.5056272e-03 3.1778175e-01]",[0.70027345 0.27987894 0.000914   0.01893363],[9.9998945e-01 1.0569661e-05],"[1.7635974e-05 1.6486757e-04 1.5396116e-02 5.8821106e-01 3.7457526e-01
 2.1155909e-02 4.6970681e-04 9.1853208e-06 1.9053446e-07]"
D:\Uni\Ulm\Master\Hiwi-Forschung-und-Lehre\FairFace\detected_faces\830551_face0.jpg,Latino_Hispanic,Black,Male,20-29,"[0.0026622  0.3586414  0.5158925  0.0005782  0.02297054 0.08629514
 0.01295996]",[0.00436076 0.7742606  0.01539345 0.20598525],[9.999997e-01 3.343328e-07],"[3.2839571e-06 8.1296006e-05 1.8098293e-02 5.7830638e-01 3.7184483e-01
 3.0757794e-02 8.9307595e-04 1.4834153e-05 2.2737642e-07]"
D:\Uni\Ulm\Master\Hiwi-Forschung-und-Lehre\FairFace\detected_faces\830659_face0.jpg,White,White,Male,20-29,"[9.9639726e-01 4.6678655e-05 9.6914836e-04 3.6893707e-07 2.1710555e-06
 1.2330710e-05 2.5720713e-03]",[9.9980885e-01 8.7672961e-05 9.0340918e-06 9.4416748e-05],[9.9999601e-01 4.0192936e-06],"[3.1277636e-08 2.7372616e-06 1.6490041e-03 6.9684941e-01 2.9293948e-01
 8.4820362e-03 7.5953372e-05 1.3902579e-06 2.4644237e-08]"
D:\Uni\Ulm\Master\Hiwi-Forschung-und-Lehre\FairFace\detected_faces\830667_face0.jpg,White,White,Male,20-29,"[9.7364455e-01 2.7168769e-04 1.4106344e-02 8.3074170e-05 4.1271769e-04
 4.6306599e-05 1.1435391e-02]",[9.9043930e-01 5.3108279e-03 3.8028979e-03 4.4696970e-04],[9.9984157e-01 1.5847187e-04],"[2.7892136e-06 2.6808227e-03 4.3368101e-01 5.1169848e-01 4.9540773e-02
 2.3678518e-03 2.7503027e-05 7.7170688e-07 3.6349832e-08]"
D:\Uni\Ulm\Master\Hiwi-Forschung-und-Lehre\FairFace\detected_faces\830691_face0.jpg,Middle Eastern,White,Male,20-29,"[4.8592892e-03 2.5224433e-06 9.0602611e-04 1.3052419e-07 1.2814686e-06
 3.7291390e-04 9.9385786e-01]",[9.1125607e-01 2.3837073e-03 1.5066956e-04 8.6209550e-02],[9.9996281e-01 3.7178655e-05],"[8.6680961e-07 1.3152890e-04 2.0377340e-02 7.8520173e-01 1.9099060e-01
 3.2881906e-03 9.6940785e-06 1.2061490e-07 1.9886641e-09]"
D:\Uni\Ulm\Master\Hiwi-Forschung-und-Lehre\FairFace\detected_faces\830803_face0.jpg,Latino_Hispanic,Asian,Male,20-29,"[3.4028881e-03 1.6355655e-01 7.9193640e-01 3.3016107e-04 1.3001562e-02
 2.1571485e-02 6.2010209e-03]",[0.02873771 0.35621318 0.40521058 0.20983852],[9.999999e-01 1.174389e-07],"[6.98853341e-07 3.50840273e-05 1.16358120e-02 6.47788882e-01
 3.24869722e-01 1.55642526e-02 1.04252395e-04 1.30470119e-06
 1.20450130e-08]"
D:\Uni\Ulm\Master\Hiwi-Forschung-und-Lehre\FairFace\detected_faces\830858_face0.jpg,Black,Black,Male,20-29,"[2.6685946e-06 9.9996227e-01 2.6266816e-05 3.0589862e-09 4.8953190e-08
 5.5403557e-06 3.2085534e-06]",[5.313418e-07 9.999986e-01 2.632311e-07 5.454652e-07],[9.9999994e-01 7.9603133e-08],"[1.1674262e-08 1.2803622e-06 7.4696908e-04 5.7194114e-01 4.1367397e-01
 1.3597849e-02 3.8433402e-05 3.3228170e-07 9.8745572e-09]"
D:\Uni\Ulm\Master\Hiwi-Forschung-und-Lehre\FairFace\detected_faces\830869_face0.jpg,White,White,Male,30-39,"[9.9998569e-01 1.3988397e-06 3.2727567e-06 1.7435733e-08 1.2312178e-07
 1.9584755e-07 9.3678573e-06]",[9.9993795e-01 5.4068823e-05 3.7760105e-06 4.1538988e-06],[9.9978215e-01 2.1780322e-04],"[2.3451446e-07 8.1836297e-06 4.1385507e-03 3.8444844e-01 5.4495764e-01
 6.3844271e-02 2.5608323e-03 3.9689541e-05 2.1512717e-06]"
D:\Uni\Ulm\Master\Hiwi-Forschung-und-Lehre\FairFace\detected_faces\831005_face0.jpg,Latino_Hispanic,Indian,Male,20-29,"[3.7802044e-02 5.6428254e-02 4.6452448e-01 1.0566033e-04 8.8856270e-04
 3.8254040e-01 5.7710595e-02]",[0.03712104 0.33175445 0.00543807 0.6256864 ],[9.9998981e-01 1.0174998e-05],"[1.1994885e-07 5.2009582e-05 3.1363837e-02 8.3948106e-01 1.2666647e-01
 2.4245952e-03 1.1501190e-05 3.3744212e-07 3.3864940e-09]"
D:\Uni\Ulm\Master\Hiwi-Forschung-und-Lehre\FairFace\detected_faces\831014_face0.jpg,Latino_Hispanic,White,Male,20-29,"[0.10965149 0.00354448 0.71715593 0.00494505 0.0150709  0.02098133
 0.1286508 ]",[0.50262773 0.02879683 0.2470966  0.22147882],[9.9999821e-01 1.8084196e-06],"[9.0108927e-07 2.5528905e-05 3.6358864e-03 6.8757945e-01 3.0089742e-01
 7.8143487e-03 4.5617915e-05 8.0510347e-07 1.2917225e-08]"
D:\Uni\Ulm\Master\Hiwi-Forschung-und-Lehre\FairFace\detected_faces\831109_face0.jpg,White,White,Male,30-39,"[9.9777406e-01 9.1511656e-06 9.9068438e-04 1.2830438e-07 7.5046262e-07
 6.5911045e-05 1.1592202e-03]",[9.9867779e-01 3.9232048e-04 1.7218208e-05 9.1263390e-04],[9.9999994e-01 4.0411908e-08],"[4.3734413e-08 5.7748946e-07 1.9427299e-04 1.9806792e-01 7.2885013e-01
 7.1938723e-02 9.4416633e-04 4.2294200e-06 4.6716668e-08]"
D:\Uni\Ulm\Master\Hiwi-Forschung-und-Lehre\FairFace\detected_faces\831110_face0.jpg,White,White,Male,20-29,"[9.2662692e-01 6.6142180e-04 5.1244348e-03 3.0679473e-07 1.4477328e-06
 5.5747858e-04 6.7027994e-02]",[9.9310541e-01 6.6793556e-03 2.0815603e-06 2.1303775e-04],[9.9997926e-01 2.0796691e-05],"[2.3649245e-07 5.2436582e-05 5.1940316e-03 6.7908806e-01 3.0917987e-01
 6.4619817e-03 2.3125394e-05 2.3606857e-07 4.5045776e-09]"
D:\Uni\Ulm\Master\Hiwi-Forschung-und-Lehre\FairFace\detected_faces\831251_face0.jpg,Middle Eastern,Indian,Male,20-29,"[9.1898516e-03 1.7189435e-03 7.4547388e-02 7.8767240e-05 4.6390848e-04
 9.5074680e-03 9.0449369e-01]",[0.2267894  0.10630945 0.00828656 0.65861464],[9.9998003e-01 2.0028543e-05],"[1.7582030e-07 2.1919757e-05 1.0680759e-02 8.3263153e-01 1.5509656e-01
 1.5662197e-03 2.8272946e-06 5.2289966e-08 1.0294183e-09]"
D:\Uni\Ulm\Master\Hiwi-Forschung-und-Lehre\FairFace\detected_faces\831286_face0.jpg,Middle Eastern,Black,Male,30-39,"[5.9416987e-02 4.0778276e-02 2.7929622e-01 5.5562607e-05 5.6781527e-04
 1.4697590e-02 6.0518754e-01]",[2.2277081e-02 9.1420507e-01 3.8632899e-04 6.3131534e-02],[0.9982005  0.00179947],"[1.3929072e-06 3.4917328e-05 3.6013285e-03 2.6789784e-01 6.7485362e-01
 5.2850068e-02 7.4842881e-04 1.2069746e-05 3.1564014e-07]"
D:\Uni\Ulm\Master\Hiwi-Forschung-und-Lehre\FairFace\detected_faces\831290_face0.jpg,Black,Black,Male,30-39,"[9.1638418e-07 9.9995327e-01 2.8297702e-05 1.3169995e-07 4.5698866e-06
 1.0769924e-05 2.1595883e-06]",[7.6798841e-07 9.9998897e-01 7.5899957e-06 2.6764858e-06],[9.9998951e-01 1.0505872e-05],"[1.3812189e-09 2.2211212e-08 1.0962876e-04 2.1486498e-01 6.9965720e-01
 8.3079346e-02 2.2721428e-03 1.6212294e-05 5.2827846e-07]"
D:\Uni\Ulm\Master\Hiwi-Forschung-und-Lehre\FairFace\detected_faces\831399_face0.jpg,Black,Black,Male,30-39,"[1.7869539e-06 9.9998015e-01 1.1840753e-05 2.6053220e-08 1.7078311e-07
 4.8234042e-06 1.2444501e-06]",[1.3081873e-06 9.9999142e-01 3.8204189e-06 3.4662580e-06],[9.9999934e-01 6.4675322e-07],"[2.7172593e-08 4.8770823e-07 2.1342767e-04 2.1338511e-01 6.0446215e-01
 1.7301452e-01 8.8475766e-03 7.4479452e-05 2.1713172e-06]"
D:\Uni\Ulm\Master\Hiwi-Forschung-und-Lehre\FairFace\detected_faces\831418_face0.jpg,Black,Black,Male,20-29,"[4.4866800e-03 5.1553172e-01 4.6241209e-01 5.8785226e-05 1.3326705e-03
 4.0347404e-03 1.2143345e-02]",[3.8182538e-05 9.9957228e-01 3.6595022e-05 3.5293732e-04],[9.999918e-01 8.201049e-06],"[9.6510848e-07 1.5563937e-04 8.1244260e-02 8.1048554e-01 1.0493800e-01
 3.1308669e-03 4.3688895e-05 1.0356622e-06 3.1472268e-08]"
D:\Uni\Ulm\Master\Hiwi-Forschung-und-Lehre\FairFace\detected_faces\831424_face0.jpg,Black,Black,Male,20-29,"[1.6845751e-03 8.3460832e-01 8.6247712e-02 2.0512131e-03 6.9549546e-02
 5.7079517e-03 1.5071379e-04]",[0.00427591 0.675197   0.31494975 0.00557734],[9.999999e-01 5.154741e-08],"[2.54670482e-07 7.74964610e-06 1.02571780e-02 7.18175054e-01
 2.56959349e-01 1.41417505e-02 4.48652019e-04 9.77276886e-06
 2.19857313e-07]"
D:\Uni\Ulm\Master\Hiwi-Forschung-und-Lehre\FairFace\detected_faces\831677_face0.jpg,White,White,Male,30-39,"[9.8874474e-01 3.5542806e-05 5.9067584e-03 3.4125151e-05 8.5258136e-05
 1.3738989e-05 5.1798844e-03]",[9.9419719e-01 9.0124115e-04 4.8376513e-03 6.3916472e-05],[9.9999881e-01 1.1747295e-06],"[2.8630566e-05 2.5061802e-03 6.1451036e-02 3.9240128e-01 4.6695170e-01
 7.4767396e-02 1.8630808e-03 3.0069572e-05 6.6012865e-07]"
D:\Uni\Ulm\Master\Hiwi-Forschung-und-Lehre\FairFace\detected_faces\831763_face0.jpg,Latino_Hispanic,Black,Male,20-29,"[0.08476858 0.19686645 0.6724904  0.00148992 0.00869794 0.00453281
 0.03115389]",[0.0085926  0.90897137 0.0694259  0.01301011],[9.9998355e-01 1.6465468e-05],"[6.4065716e-08 1.6167261e-05 7.5859725e-02 8.8356805e-01 3.9860751e-02
 6.9080846e-04 4.3502705e-06 1.1368321e-07 2.1572377e-09]"
D:\Uni\Ulm\Master\Hiwi-Forschung-und-Lehre\FairFace\detected_faces\831799_face0.jpg,Latino_Hispanic,Black,Male,20-29,"[0.01835183 0.22785828 0.719658   0.00092555 0.01864236 0.00916609
 0.00539786]",[0.02078025 0.7223991  0.24128021 0.01554037],[9.9999958e-01 4.3325707e-07],"[5.7767419e-08 1.3993517e-05 4.7051035e-02 8.5346729e-01 9.7427621e-02
 2.0236108e-03 1.6170767e-05 2.2727130e-07 3.0346115e-09]"
D:\Uni\Ulm\Master\Hiwi-Forschung-und-Lehre\FairFace\detected_faces\831808_face0.jpg,White,White,Male,20-29,"[8.9006817e-01 2.2509250e-04 2.6177404e-02 1.6393449e-05 4.6291090e-05
 6.2403313e-05 8.3404131e-02]",[9.9941045e-01 2.0094292e-04 2.0361807e-04 1.8502280e-04],[9.9999994e-01 4.8128651e-08],"[9.17479383e-07 8.82202658e-05 2.23346557e-02 8.66518736e-01
 1.09376185e-01 1.66435214e-03 1.63946152e-05 5.28821772e-07
 4.34817338e-09]"
D:\Uni\Ulm\Master\Hiwi-Forschung-und-Lehre\FairFace\detected_faces\831983_face0.jpg,Black,Black,Male,20-29,"[4.5995668e-07 9.9992996e-01 2.2305778e-05 7.6852213e-09 3.2603754e-07
 4.1619591e-05 5.4673524e-06]",[2.0298151e-06 9.9997526e-01 2.4526396e-06 2.0320165e-05],[9.9999970e-01 3.0021724e-07],"[1.4053165e-08 1.6822246e-06 3.2055017e-03 6.6177237e-01 3.2220432e-01
 1.2744311e-02 7.1252740e-05 5.8649567e-07 1.4291879e-08]"
D:\Uni\Ulm\Master\Hiwi-Forschung-und-Lehre\FairFace\detected_faces\832076_face0.jpg,White,White,Male,30-39,"[9.7361684e-01 3.3354401e-05 1.5397052e-03 1.8716398e-06 4.5432530e-06
 4.9998649e-05 2.4753748e-02]",[9.9958968e-01 3.3614786e-05 4.1779899e-06 3.7250205e-04],[9.999992e-01 7.291251e-07],"[1.3053634e-07 1.2610088e-06 4.0690968e-04 3.9497420e-01 5.7957757e-01
 2.4724800e-02 3.1046037e-04 4.5226911e-06 1.0079075e-07]"
D:\Uni\Ulm\Master\Hiwi-Forschung-und-Lehre\FairFace\detected_faces\832208_face0.jpg,White,White,Male,20-29,"[9.8139590e-01 2.8118131e-05 6.8601510e-03 6.9655351e-07 8.2639444e-06
 1.8340704e-04 1.1523458e-02]",[9.9985480e-01 8.6266164e-06 3.2491819e-06 1.3328176e-04],[1.0000000e+00 1.1598977e-09],"[5.77362691e-09 1.09424275e-06 3.91685497e-03 6.71165109e-01
 3.14083427e-01 1.07971495e-02 3.61890452e-05 1.59727463e-07
 8.07281464e-10]"
D:\Uni\Ulm\Master\Hiwi-Forschung-und-Lehre\FairFace\detected_faces\832375_face0.jpg,Middle Eastern,White,Male,30-39,"[1.0355805e-01 9.9815778e-04 1.3774453e-01 4.2227717e-04 1.2994775e-03
 1.1285346e-02 7.4469215e-01]",[0.6954578  0.00620671 0.00453819 0.29379728],[9.999634e-01 3.658162e-05],"[1.5492185e-06 1.1356029e-05 4.1681123e-03 3.4354502e-01 5.9103620e-01
 6.0457923e-02 7.6679542e-04 1.2791162e-05 2.3933438e-07]"
D:\Uni\Ulm\Master\Hiwi-Forschung-und-Lehre\FairFace\detected_faces\832411_face0.jpg,White,White,Male,20-29,"[7.8065574e-01 1.8147099e-03 2.0113750e-01 1.4517459e-03 6.4292811e-03
 5.3850072e-04 7.9725925e-03]",[0.8734487  0.09038158 0.02940212 0.00676756],[9.9999768e-01 2.3547773e-06],"[1.0909147e-07 1.7792454e-05 4.3078080e-02 7.9780728e-01 1.5259875e-01
 6.3681221e-03 1.2885279e-04 1.0668012e-06 1.4092658e-08]"
D:\Uni\Ulm\Master\Hiwi-Forschung-und-Lehre\FairFace\detected_faces\832427_face0.jpg,Latino_Hispanic,Indian,Male,30-39,"[0.21656457 0.00759763 0.5951202  0.0015746  0.00293587 0.05823059
 0.11797653]",[0.3643825  0.03420999 0.09958043 0.50182706],[9.9999923e-01 7.5644266e-07],"[3.1504474e-06 3.8556049e-05 1.3071583e-03 3.4695733e-01 5.8027303e-01
 6.9846876e-02 1.5561400e-03 1.7529454e-05 2.4772623e-07]"
D:\Uni\Ulm\Master\Hiwi-Forschung-und-Lehre\FairFace\detected_faces\832948_face0.jpg,Latino_Hispanic,White,Male,20-29,"[1.7960052e-01 2.0392335e-04 4.6211669e-01 2.1233519e-03 4.0566698e-03
 1.3739706e-02 3.3815923e-01]",[0.88580334 0.00098211 0.02130412 0.09191044],[9.9986696e-01 1.3304628e-04],"[7.16578725e-08 4.90212960e-06 1.23105105e-02 8.67193222e-01
 1.19298168e-01 1.18881231e-03 4.22044468e-06 1.21345877e-07
 2.87935298e-09]"
D:\Uni\Ulm\Master\Hiwi-Forschung-und-Lehre\FairFace\detected_faces\832981_face0.jpg,East Asian,Asian,Male,20-29,"[5.5617744e-05 2.3512848e-06 5.5418066e-05 9.5008987e-01 4.9788222e-02
 7.7731402e-06 7.7235393e-07]",[6.4123982e-05 2.6589558e-05 9.9988776e-01 2.1572936e-05],[9.9951106e-01 4.8896699e-04],"[3.8981689e-08 3.5953737e-05 2.9657766e-01 6.7922986e-01 2.3820324e-02
 3.3275579e-04 3.1143925e-06 3.3166813e-07 5.1631486e-09]"
D:\Uni\Ulm\Master\Hiwi-Forschung-und-Lehre\FairFace\detected_faces\833030_face0.jpg,Black,Black,Male,30-39,"[1.7622287e-06 9.9998033e-01 7.9981910e-06 3.7895482e-08 1.2196297e-06
 8.2709594e-06 3.6102415e-07]",[6.2557997e-06 9.9992424e-01 4.3934935e-05 2.5531472e-05],[9.9991876e-01 8.1300837e-05],"[3.3286135e-05 9.9143118e-04 1.7662678e-02 2.5430846e-01 3.7749562e-01
 2.6345074e-01 7.8097068e-02 7.1770516e-03 7.8370312e-04]"
D:\Uni\Ulm\Master\Hiwi-Forschung-und-Lehre\FairFace\detected_faces\833056_face0.jpg,Indian,Indian,Male,20-29,"[1.6849107e-03 5.3716246e-02 5.4435130e-02 5.5878736e-05 1.9527082e-03
 8.8384312e-01 4.3120375e-03]",[0.00202896 0.39386833 0.0011167  0.60298604],[9.9999994e-01 1.1487637e-07],"[4.7630756e-08 2.5259933e-05 2.5475686e-02 8.0911970e-01 1.6199024e-01
 3.3741260e-03 1.4652220e-05 2.7415908e-07 2.9716489e-09]"
D:\Uni\Ulm\Master\Hiwi-Forschung-und-Lehre\FairFace\detected_faces\833057_face0.jpg,Black,Black,Male,30-39,"[1.1407823e-05 9.9910116e-01 2.8982424e-04 3.8717203e-06 5.9538856e-05
 5.1897473e-04 1.5266478e-05]",[7.3083676e-05 9.9898064e-01 3.3770772e-04 6.0858886e-04],[9.9984211e-01 1.5791424e-04],"[4.6241277e-07 1.9526049e-05 3.7897301e-03 3.6600125e-01 5.7691270e-01
 5.2641183e-02 6.2271464e-04 1.1787675e-05 6.0980767e-07]"
D:\Uni\Ulm\Master\Hiwi-Forschung-und-Lehre\FairFace\detected_faces\833062_face0.jpg,White,White,Male,30-39,"[9.9839342e-01 2.3586548e-05 3.6923058e-04 1.0070891e-06 2.1624933e-06
 1.2315467e-05 1.1981971e-03]",[9.9976754e-01 1.6947027e-04 1.7574239e-05 4.5455145e-05],[9.9999225e-01 7.7423874e-06],"[1.06172315e-07 3.90450759e-06 2.00915834e-04 7.51844272e-02
 7.57819116e-01 1.65342689e-01 1.44124951e-03 7.40686392e-06
 1.06482908e-07]"
D:\Uni\Ulm\Master\Hiwi-Forschung-und-Lehre\FairFace\detected_faces\833067_face0.jpg,Latino_Hispanic,Indian,Male,20-29,"[1.8681253e-01 1.7727511e-02 5.3999484e-01 1.1356352e-05 1.2803469e-04
 4.6823308e-02 2.0850246e-01]",[0.31895667 0.11200733 0.00057949 0.56845653],[9.9999195e-01 7.9746032e-06],"[4.0575324e-07 9.8799494e-05 1.3061823e-02 8.2338905e-01 1.6192134e-01
 1.5254023e-03 3.0316580e-06 4.0264950e-08 7.7466528e-10]"
D:\Uni\Ulm\Master\Hiwi-Forschung-und-Lehre\FairFace\detected_faces\833213_face0.jpg,Middle Eastern,White,Male,20-29,"[2.1414200e-02 1.5642210e-03 5.2467618e-02 5.0301256e-05 2.1226871e-04
 1.1774953e-03 9.2311382e-01]",[0.7042033  0.18766803 0.02095455 0.08717419],[9.9999970e-01 3.0976537e-07],"[3.3317126e-06 6.0039867e-05 7.4742301e-03 7.0177764e-01 2.7770990e-01
 1.2824749e-02 1.4478843e-04 5.2162845e-06 6.5323960e-08]"
D:\Uni\Ulm\Master\Hiwi-Forschung-und-Lehre\FairFace\detected_faces\833246_face0.jpg,White,White,Male,20-29,"[9.4219792e-01 5.0179744e-05 2.0981496e-02 4.9861861e-05 1.2573355e-04
 7.1222348e-05 3.6523506e-02]",[9.9840963e-01 4.2509698e-04 6.1752100e-04 5.4780254e-04],[9.9997306e-01 2.6957910e-05],"[5.9677625e-08 1.0238642e-04 2.6881436e-01 7.1417600e-01 1.6658140e-02
 2.4750939e-04 1.5633794e-06 2.1798558e-08 3.0510186e-10]"
D:\Uni\Ulm\Master\Hiwi-Forschung-und-Lehre\FairFace\detected_faces\833352_face0.jpg,Black,Black,Male,20-29,"[6.2029064e-04 7.3577946e-01 6.6412129e-02 1.8050147e-03 4.2303037e-02
 1.5006176e-01 3.0183981e-03]",[1.3311113e-04 9.8162770e-01 1.1042475e-03 1.7134894e-02],[9.9998152e-01 1.8476938e-05],"[9.7581008e-08 2.7444071e-06 7.6477174e-03 6.3701952e-01 3.2174098e-01
 3.2607641e-02 9.5949176e-04 2.1288230e-05 4.6215860e-07]"
D:\Uni\Ulm\Master\Hiwi-Forschung-und-Lehre\FairFace\detected_faces\833368_face0.jpg,Latino_Hispanic,White,Male,30-39,"[3.0305839e-01 1.5011460e-02 6.3750130e-01 3.1457890e-05 1.6950906e-04
 1.1859812e-02 3.2368064e-02]",[9.8688298e-01 5.7574143e-03 1.9381101e-04 7.1658301e-03],[9.999908e-01 9.175534e-06],"[2.2506363e-06 1.7911521e-05 9.6373353e-04 2.5279015e-01 6.9007671e-01
 5.5542480e-02 6.0032570e-04 6.3734860e-06 7.3115871e-08]"
D:\Uni\Ulm\Master\Hiwi-Forschung-und-Lehre\FairFace\detected_faces\833436_face0.jpg,White,White,Male,20-29,"[6.0240829e-01 6.7058616e-05 9.9643357e-03 1.1984476e-05 2.1743303e-05
 9.5432086e-05 3.8743117e-01]",[9.9976772e-01 1.5434716e-04 3.8896022e-05 3.9052589e-05],[9.9998707e-01 1.2954009e-05],"[2.1887816e-07 1.7493613e-04 1.4575642e-01 8.2391828e-01 2.9794449e-02
 3.5404251e-04 1.5646874e-06 5.2239994e-08 1.2140812e-09]"
D:\Uni\Ulm\Master\Hiwi-Forschung-und-Lehre\FairFace\detected_faces\833437_face0.jpg,White,White,Male,20-29,"[5.52649915e-01 1.87285143e-04 9.44158807e-02 1.02085316e-04
 3.04837013e-04 3.88919353e-03 3.48450810e-01]",[9.8861241e-01 2.9392168e-04 1.2894850e-03 9.8042507e-03],[9.9999285e-01 7.1463542e-06],"[8.7444539e-07 1.6832077e-04 1.2514366e-02 7.2809857e-01 2.5621030e-01
 3.0028536e-03 4.5785423e-06 9.8775587e-08 1.5459759e-09]"
D:\Uni\Ulm\Master\Hiwi-Forschung-und-Lehre\FairFace\detected_faces\833438_face0.jpg,Middle Eastern,White,Male,20-29,"[1.5116315e-01 3.1701091e-04 1.8515144e-02 5.1551720e-05 1.5688302e-04
 4.2084837e-03 8.2558781e-01]",[0.91332895 0.00749077 0.00413654 0.07504375],[9.9999851e-01 1.5642798e-06],"[1.2514712e-06 7.4252096e-04 5.1530909e-02 9.0542114e-01 4.2108450e-02
 1.9531271e-04 4.6303796e-07 9.2770636e-09 2.0040443e-10]"
D:\Uni\Ulm\Master\Hiwi-Forschung-und-Lehre\FairFace\detected_faces\833613_face0.jpg,Latino_Hispanic,White,Male,20-29,"[3.2979554e-01 6.3893141e-04 3.7245786e-01 6.1008502e-03 7.0632161e-03
 3.1642761e-04 2.8362721e-01]",[9.6901917e-01 5.0336574e-03 2.5414772e-02 5.3242140e-04],[9.9998140e-01 1.8590896e-05],"[2.4860296e-07 2.6291027e-04 2.4954897e-01 7.0297158e-01 4.6014056e-02
 1.1956007e-03 6.4337064e-06 1.4538838e-07 2.6954805e-09]"
D:\Uni\Ulm\Master\Hiwi-Forschung-und-Lehre\FairFace\detected_faces\833943_face0.jpg,White,White,Male,30-39,"[7.8768462e-01 4.5486103e-04 6.6542618e-02 5.1337865e-06 2.7077520e-05
 5.5956976e-03 1.3969006e-01]",[9.9756122e-01 7.7390985e-05 8.7045912e-05 2.2743526e-03],[9.9999642e-01 3.5746293e-06],"[1.6986284e-07 2.8907200e-06 3.7385663e-04 1.4658770e-01 6.8860143e-01
 1.6069241e-01 3.7167442e-03 2.4453220e-05 3.2409110e-07]"
D:\Uni\Ulm\Master\Hiwi-Forschung-und-Lehre\FairFace\detected_faces\833956_face0.jpg,White,White,Male,30-39,"[8.1613868e-01 3.1431820e-04 1.4210564e-01 3.2552058e-04 7.4534852e-04
 1.0706263e-03 3.9299831e-02]",[9.9287677e-01 4.1841358e-04 5.9052790e-03 7.9959218e-04],[9.9999994e-01 7.8424925e-08],"[1.2372770e-08 3.2544435e-07 3.1390696e-04 3.5674626e-01 6.1640167e-01
 2.6452271e-02 8.5127307e-05 4.4988266e-07 3.1092016e-09]"
D:\Uni\Ulm\Master\Hiwi-Forschung-und-Lehre\FairFace\detected_faces\833958_face0.jpg,Middle Eastern,White,Male,30-39,"[3.8456136e-01 1.0205794e-03 1.2058383e-01 6.0347265e-06 3.8887581e-05
 5.9389722e-02 4.3439960e-01]",[7.5199246e-01 4.9517350e-03 7.2298804e-04 2.4233276e-01],[9.9995911e-01 4.0950286e-05],"[2.6373934e-07 3.1276708e-05 3.7585348e-03 4.8487914e-01 4.9476609e-01
 1.6531702e-02 3.2669897e-05 3.1817768e-07 4.4529727e-09]"
D:\Uni\Ulm\Master\Hiwi-Forschung-und-Lehre\FairFace\detected_faces\834079_face0.jpg,Middle Eastern,White,Male,30-39,"[2.8217414e-01 4.8322728e-04 2.4805760e-01 1.6916440e-04 3.9665334e-04
 1.5804853e-03 4.6713865e-01]",[9.9734050e-01 7.8474579e-04 4.4793004e-04 1.4268464e-03],[9.9999982e-01 1.3385785e-07],"[1.0460583e-06 1.7398661e-05 3.1609100e-03 3.8114628e-01 5.7394028e-01
 4.1410111e-02 3.2098533e-04 3.0746476e-06 1.8962183e-08]"
D:\Uni\Ulm\Master\Hiwi-Forschung-und-Lehre\FairFace\detected_faces\834180_face0.jpg,Latino_Hispanic,White,Male,20-29,"[2.5567549e-01 6.9968699e-04 3.7582994e-01 1.3525235e-04 3.5239873e-04
 2.0594776e-03 3.6524773e-01]",[0.9778293  0.00598076 0.00317913 0.01301081],[9.999992e-01 7.582375e-07],"[2.7817629e-07 1.7165246e-04 3.5515115e-01 6.2925762e-01 1.4995173e-02
 4.2047826e-04 3.5925791e-06 1.0042281e-07 1.4947238e-09]"
D:\Uni\Ulm\Master\Hiwi-Forschung-und-Lehre\FairFace\detected_faces\834232_face0.jpg,White,White,Male,30-39,"[9.6071440e-01 1.3827907e-04 1.1161910e-02 7.9438978e-05 1.9362089e-04
 3.9946146e-05 2.7672324e-02]",[9.9650806e-01 1.9524542e-03 7.2551530e-04 8.1393478e-04],[1.000000e+00 4.757034e-08],"[2.6034155e-07 5.7744624e-06 1.7294738e-03 3.8673174e-01 5.6950527e-01
 4.1290767e-02 7.2893943e-04 7.6895612e-06 6.6673593e-08]"
D:\Uni\Ulm\Master\Hiwi-Forschung-und-Lehre\FairFace\detected_faces\834597_face0.jpg,White,White,Male,20-29,"[9.69007194e-01 1.10119945e-04 7.08986958e-03 7.14072166e-06
 2.36305204e-05 2.98266168e-05 2.37322394e-02]",[9.9777782e-01 1.7029694e-03 1.5413354e-04 3.6505976e-04],[9.999971e-01 2.891722e-06],"[1.1793353e-07 7.3801777e-05 6.1056823e-02 8.8551700e-01 5.2547533e-02
 8.0078992e-04 3.9789475e-06 5.9252148e-08 1.0978564e-09]"
D:\Uni\Ulm\Master\Hiwi-Forschung-und-Lehre\FairFace\detected_faces\834750_face0.jpg,White,White,Male,20-29,"[9.8504412e-01 1.4581410e-03 2.3053675e-03 1.0820963e-06 7.7810782e-06
 1.8966710e-04 1.0993848e-02]",[9.8777986e-01 1.1877867e-02 6.3079293e-05 2.7915370e-04],[0.9953861  0.00461387],"[5.5346068e-06 6.0251221e-04 7.1954928e-02 5.6080854e-01 3.0553588e-01
 5.2300815e-02 8.3729271e-03 3.9134288e-04 2.7537402e-05]"
D:\Uni\Ulm\Master\Hiwi-Forschung-und-Lehre\FairFace\detected_faces\834986_face0.jpg,White,Black,Male,20-29,"[7.2126138e-01 8.7381583e-03 2.5859380e-01 2.4444278e-04 1.2237638e-03
 4.1497303e-03 5.7887086e-03]",[0.334437   0.5869318  0.02953823 0.0490929 ],[9.9999243e-01 7.5929133e-06],"[5.50011782e-06 7.76639208e-04 1.66646257e-01 7.18479514e-01
 1.04822122e-01 8.85097776e-03 4.08544380e-04 1.02313015e-05
 1.62075168e-07]"
D:\Uni\Ulm\Master\Hiwi-Forschung-und-Lehre\FairFace\detected_faces\835092_face0.jpg,White,White,Male,20-29,"[7.6385081e-01 3.7687831e-04 1.5773696e-01 5.9789751e-04 1.4816965e-03
 3.4969865e-04 7.5606063e-02]",[0.9810679  0.0050235  0.01183497 0.00207357],[1.000000e+00 9.194068e-09],"[4.0283663e-08 5.8650635e-06 7.6973792e-03 8.7197775e-01 1.1812106e-01
 2.1828047e-03 1.4887648e-05 2.1531930e-07 1.6089939e-09]"
D:\Uni\Ulm\Master\Hiwi-Forschung-und-Lehre\FairFace\detected_faces\835480_face0.jpg,Black,Black,Male,30-39,"[3.5758010e-05 9.9763924e-01 1.8743078e-03 9.4293205e-07 2.8970235e-05
 2.9051569e-04 1.3031888e-04]",[7.5759555e-05 9.9779177e-01 5.5122835e-04 1.5812753e-03],[9.9999690e-01 3.0696322e-06],"[1.9499123e-05 3.0580926e-04 1.2811695e-02 4.3665338e-01 4.7235891e-01
 7.4339196e-02 3.4347468e-03 7.4112810e-05 2.6121554e-06]"
D:\Uni\Ulm\Master\Hiwi-Forschung-und-Lehre\FairFace\detected_faces\835484_face0.jpg,Middle Eastern,White,Male,20-29,"[0.36600897 0.00137309 0.17588249 0.00048878 0.00120229 0.00247443
 0.45257   ]",[0.94507796 0.04755438 0.00127528 0.00609245],[9.9999613e-01 3.9294946e-06],"[9.5889823e-07 1.0062491e-04 1.8664375e-02 8.5004431e-01 1.2982459e-01
 1.3591530e-03 5.7362822e-06 1.6527237e-07 2.6079119e-09]"
D:\Uni\Ulm\Master\Hiwi-Forschung-und-Lehre\FairFace\detected_faces\835485_face0.jpg,White,White,Male,20-29,"[8.1320471e-01 2.0785436e-04 9.5460251e-02 1.4049681e-03 1.1978584e-03
 3.3912138e-04 8.8185146e-02]",[9.6674144e-01 9.2515210e-04 2.9532176e-02 2.8011939e-03],[9.999991e-01 8.425100e-07],"[4.2727552e-07 4.4428176e-05 1.0161636e-02 8.8861299e-01 1.0055292e-01
 6.2577921e-04 1.8064563e-06 3.8598600e-08 5.0050097e-10]"
D:\Uni\Ulm\Master\Hiwi-Forschung-und-Lehre\FairFace\detected_faces\835596_face0.jpg,Middle Eastern,White,Male,20-29,"[0.20647776 0.00092866 0.13438931 0.00234634 0.00255855 0.00875719
 0.6445422 ]",[0.8624656  0.03136258 0.05677717 0.04939463],[9.9991554e-01 8.4414227e-05],"[4.0862756e-06 3.1850638e-04 1.4618073e-02 8.3622795e-01 1.4624414e-01
 2.5706352e-03 1.6224263e-05 3.8694336e-07 1.6206254e-08]"
D:\Uni\Ulm\Master\Hiwi-Forschung-und-Lehre\FairFace\detected_faces\835597_face0.jpg,White,White,Male,20-29,"[4.17146713e-01 4.90731858e-02 4.17101502e-01 7.16677823e-05
 5.73832658e-04 2.92934291e-03 1.13103785e-01]",[0.7843735  0.14073507 0.00354186 0.07134954],[9.9999994e-01 4.4423345e-08],"[9.43529788e-09 1.87640740e-06 7.29646254e-03 8.89487028e-01
 1.02395445e-01 8.17232241e-04 1.91131790e-06 2.79214429e-08
 3.23813143e-10]"
D:\Uni\Ulm\Master\Hiwi-Forschung-und-Lehre\FairFace\detected_faces\835600_face0.jpg,White,White,Male,20-29,"[9.7813845e-01 1.2271355e-03 1.1400728e-02 3.7493799e-06 2.0624502e-05
 3.1369920e-05 9.1779660e-03]",[9.5298475e-01 4.6230767e-02 2.6926809e-04 5.1520171e-04],[9.9999976e-01 2.6069054e-07],"[3.1719185e-07 8.9807058e-05 1.8905928e-02 7.7143782e-01 2.0451699e-01
 5.0227479e-03 2.6060468e-05 3.8666778e-07 8.2769089e-09]"
D:\Uni\Ulm\Master\Hiwi-Forschung-und-Lehre\FairFace\detected_faces\835601_face0.jpg,Black,Black,Male,20-29,"[1.3483901e-07 9.9999338e-01 4.3240420e-06 4.6431965e-09 2.0085146e-07
 1.1919620e-06 8.0578610e-07]",[9.9472452e-08 9.9999672e-01 1.3454218e-06 1.8056124e-06],[9.999911e-01 8.848891e-06],"[4.6621707e-08 1.9807583e-05 1.7702935e-02 8.2179594e-01 1.5739544e-01
 3.0798870e-03 5.8727655e-06 8.2992571e-08 5.3630274e-09]"
D:\Uni\Ulm\Master\Hiwi-Forschung-und-Lehre\FairFace\detected_faces\835901_face0.jpg,White,White,Male,20-29,"[9.9302214e-01 1.6971415e-05 1.9206458e-03 9.9895315e-06 2.1164926e-05
 7.3046913e-06 5.0016814e-03]",[9.9941522e-01 1.4287981e-04 3.8733004e-04 5.4570657e-05],[9.9997932e-01 2.0667623e-05],"[2.6124172e-07 6.4335359e-06 5.7361946e-03 4.5886672e-01 4.2334589e-01
 1.0406346e-01 7.8215962e-03 1.5729234e-04 2.1678866e-06]"
D:\Uni\Ulm\Master\Hiwi-Forschung-und-Lehre\FairFace\detected_faces\835998_face0.jpg,White,White,Male,20-29,"[9.9102730e-01 2.7891781e-04 3.6576332e-03 2.9883304e-06 1.5448091e-05
 2.5739708e-05 4.9919537e-03]",[9.9775839e-01 2.0176771e-03 1.0802582e-04 1.1595455e-04],[9.9999994e-01 9.5793141e-08],"[4.2214886e-08 1.9365889e-06 2.2354838e-03 5.5807716e-01 3.9097118e-01
 4.6906084e-02 1.7699990e-03 3.7577469e-05 4.4024549e-07]"
D:\Uni\Ulm\Master\Hiwi-Forschung-und-Lehre\FairFace\detected_faces\836026_face0.jpg,Middle Eastern,White,Male,20-29,"[2.2335169e-01 2.1886213e-04 1.5865058e-02 1.1113347e-05 7.1619470e-05
 8.0950215e-04 7.5967211e-01]",[9.9733883e-01 7.4613409e-04 2.8589298e-04 1.6292214e-03],[9.999999e-01 8.714773e-08],"[7.0128152e-07 5.4967264e-04 1.5367036e-01 7.8608125e-01 5.8090340e-02
 1.5987053e-03 8.7237413e-06 2.6913096e-07 3.3187155e-09]"
D:\Uni\Ulm\Master\Hiwi-Forschung-und-Lehre\FairFace\detected_faces\836027_face0.jpg,White,White,Male,30-39,"[9.50078726e-01 7.49742961e-04 1.90951303e-02 1.31151555e-05
 5.37578126e-05 1.04404025e-04 2.99051628e-02]",[9.9830478e-01 9.8575919e-04 4.0036588e-04 3.0910166e-04],[9.9999958e-01 3.9827106e-07],"[2.6066121e-07 8.7978742e-06 6.7825010e-04 3.7868184e-01 6.0039777e-01
 2.0170650e-02 6.1465915e-05 1.0134904e-06 1.3907016e-08]"
D:\Uni\Ulm\Master\Hiwi-Forschung-und-Lehre\FairFace\detected_faces\836070_face0.jpg,Black,Black,Male,20-29,"[2.7127304e-05 9.8561221e-01 2.4699958e-03 2.4494127e-06 3.3055883e-04
 1.1511938e-02 4.5694193e-05]",[9.4435272e-06 9.9902189e-01 2.8704864e-04 6.8165379e-04],[9.999974e-01 2.691243e-06],"[1.9548264e-07 2.4871608e-05 2.4087565e-02 7.6770681e-01 1.9618356e-01
 1.1634826e-02 3.5224447e-04 9.6121275e-06 2.5785971e-07]"
D:\Uni\Ulm\Master\Hiwi-Forschung-und-Lehre\FairFace\detected_faces\836093_face0.jpg,White,White,Male,30-39,"[9.6491045e-01 4.6455742e-05 6.4789904e-03 7.8973117e-06 3.8593840e-05
 2.4301242e-04 2.8274575e-02]",[9.9431688e-01 1.9696493e-04 4.8096522e-04 5.0050947e-03],[9.9999434e-01 5.6847493e-06],"[2.3178119e-08 4.8794834e-07 1.5861074e-04 2.4048054e-01 7.4136615e-01
 1.7964136e-02 2.9893979e-05 1.7959331e-07 2.6706324e-09]"
D:\Uni\Ulm\Master\Hiwi-Forschung-und-Lehre\FairFace\detected_faces\836168_face0.jpg,White,White,Male,40-49,"[9.9373078e-01 5.0963263e-05 4.6830177e-03 1.2263288e-05 1.6756589e-05
 5.6435099e-05 1.4498110e-03]",[9.9081123e-01 5.2006217e-03 3.3319450e-04 3.6550066e-03],[9.999921e-01 7.962882e-06],"[4.2926382e-07 1.2492939e-06 6.0532818e-04 5.1408779e-02 1.6050358e-01
 4.2646441e-01 3.4566253e-01 1.5170373e-02 1.8338216e-04]"
D:\Uni\Ulm\Master\Hiwi-Forschung-und-Lehre\FairFace\detected_faces\836200_face0.jpg,Latino_Hispanic,Indian,Male,30-39,"[7.26695657e-02 1.22824134e-02 8.42579067e-01 1.08367145e-04
 8.25577881e-04 2.20995452e-02 4.94354516e-02]",[0.14606866 0.16940635 0.00282325 0.6817017 ],[9.9997747e-01 2.2494414e-05],"[7.2005486e-07 1.2029022e-05 3.6665713e-03 2.8112420e-01 6.5153807e-01
 6.2683314e-02 9.6651039e-04 8.4143703e-06 1.1699180e-07]"
D:\Uni\Ulm\Master\Hiwi-Forschung-und-Lehre\FairFace\detected_faces\836279_face0.jpg,Middle Eastern,White,Male,20-29,"[1.3910038e-02 2.5373008e-04 4.5397274e-02 2.4966530e-05 1.7832627e-04
 6.4245332e-03 9.3381113e-01]",[0.81305593 0.05357905 0.00462732 0.12873766],[9.9998605e-01 1.3961446e-05],"[1.6368898e-07 1.0778487e-05 2.9993274e-03 7.9874545e-01 1.9624323e-01
 1.9958254e-03 5.1235711e-06 1.1122716e-07 2.2553301e-09]"
D:\Uni\Ulm\Master\Hiwi-Forschung-und-Lehre\FairFace\detected_faces\836584_face0.jpg,Southeast Asian,Asian,Male,20-29,"[0.00527883 0.00066847 0.19984749 0.18763888 0.6004359  0.00285485
 0.00327559]",[0.01223923 0.00419944 0.9654078  0.01815362],[9.9999994e-01 7.3020779e-08],"[2.6185299e-08 1.4578215e-05 3.0116627e-02 8.8516450e-01 8.3375663e-02
 1.3200381e-03 8.4148196e-06 1.4695439e-07 1.2371355e-09]"
D:\Uni\Ulm\Master\Hiwi-Forschung-und-Lehre\FairFace\detected_faces\836600_face0.jpg,Middle Eastern,White,Male,20-29,"[3.49915892e-01 8.59170279e-04 1.44647732e-01 1.16818446e-04
 4.02733858e-04 1.10092922e-03 5.02956688e-01]",[0.90973866 0.08298629 0.00226596 0.00500908],[9.999641e-01 3.587994e-05],"[6.0443250e-09 2.2726674e-06 1.5417099e-02 9.1515082e-01 6.9045223e-02
 3.8337355e-04 1.2398413e-06 2.2878602e-08 3.6852088e-10]"
D:\Uni\Ulm\Master\Hiwi-Forschung-und-Lehre\FairFace\detected_faces\836675_face0.jpg,Latino_Hispanic,Indian,Male,20-29,"[2.3975810e-02 1.8753992e-02 6.2647021e-01 8.7245848e-05 1.1150027e-03
 3.0884471e-02 2.9871339e-01]",[0.17209952 0.03334417 0.00617382 0.7883825 ],[9.9999833e-01 1.7384798e-06],"[8.3026208e-07 1.8654879e-05 4.0375995e-03 5.5973697e-01 4.1464823e-01
 2.1285266e-02 2.6673876e-04 5.6474919e-06 7.7003570e-08]"
D:\Uni\Ulm\Master\Hiwi-Forschung-und-Lehre\FairFace\detected_faces\836676_face0.jpg,White,White,Male,20-29,"[9.9471754e-01 6.2842209e-06 2.1582691e-03 3.1128942e-04 1.4930146e-04
 5.1477214e-06 2.6522644e-03]",[9.9970657e-01 6.0360026e-06 2.8625291e-04 1.2559997e-06],[9.9972814e-01 2.7186272e-04],"[2.1119783e-06 4.6855170e-05 4.2575274e-02 6.1060750e-01 3.0247661e-01
 4.3060362e-02 1.2089909e-03 2.1928368e-05 2.8934559e-07]"
D:\Uni\Ulm\Master\Hiwi-Forschung-und-Lehre\FairFace\detected_faces\836683_face0.jpg,Middle Eastern,Black,Male,20-29,"[0.03575797 0.005686   0.3201511  0.00305518 0.00494568 0.01256795
 0.6178361 ]",[0.26018223 0.5493993  0.03455453 0.15586393],[9.9999946e-01 5.4077418e-07],"[1.1079555e-05 2.0415173e-04 1.3560557e-02 6.4502537e-01 3.2322049e-01
 1.7686103e-02 2.8237604e-04 9.7742513e-06 1.2788350e-07]"
D:\Uni\Ulm\Master\Hiwi-Forschung-und-Lehre\FairFace\detected_faces\836691_face0.jpg,White,White,Male,10-19,"[9.8740250e-01 2.9612931e-06 6.3344301e-04 1.3878270e-06 3.3725614e-06
 1.3895863e-06 1.1954754e-02]",[9.9977690e-01 1.7006346e-04 3.1620177e-05 2.1353559e-05],[9.9999815e-01 1.8239579e-06],"[1.1144488e-07 2.1679453e-03 9.0589857e-01 9.1165118e-02 7.5462944e-04
 1.3568874e-05 2.7919446e-08 4.9698318e-10 1.0583568e-11]"
D:\Uni\Ulm\Master\Hiwi-Forschung-und-Lehre\FairFace\detected_faces\836693_face0.jpg,Black,Black,Male,30-39,"[4.0491063e-06 9.9971116e-01 1.2538212e-04 1.4715225e-08 6.8271549e-07
 1.3684403e-04 2.1872231e-05]",[8.9394143e-06 9.9965334e-01 7.2501375e-06 3.3050493e-04],[9.9999970e-01 2.9607932e-07],"[1.7969505e-07 1.2593836e-05 3.5545260e-03 4.6403268e-01 4.9900338e-01
 3.2887276e-02 5.0165411e-04 7.5028479e-06 1.9595359e-07]"
D:\Uni\Ulm\Master\Hiwi-Forschung-und-Lehre\FairFace\detected_faces\836694_face0.jpg,White,White,Male,30-39,"[9.6912050e-01 8.6187581e-05 9.5148729e-03 5.7143376e-07 2.4683868e-06
 4.0330406e-04 2.0872192e-02]",[9.9939775e-01 5.5023222e-05 4.7844511e-05 4.9938384e-04],[9.999970e-01 2.998096e-06],"[2.9321581e-07 2.8684458e-06 4.6895377e-04 2.2334364e-01 6.5716392e-01
 1.1611304e-01 2.8822692e-03 2.4718884e-05 2.3827708e-07]"
D:\Uni\Ulm\Master\Hiwi-Forschung-und-Lehre\FairFace\detected_faces\836695_face0.jpg,Black,Black,Male,30-39,"[8.2813955e-07 9.9978960e-01 1.0274838e-04 1.6147274e-07 7.2519038e-06
 7.2156465e-05 2.7314782e-05]",[5.9330832e-06 9.9986154e-01 7.0568931e-05 6.1915132e-05],[9.999999e-01 9.681880e-08],"[2.0347199e-08 3.3295112e-07 3.2553202e-04 2.7115589e-01 6.4333576e-01
 8.3582439e-02 1.5767060e-03 2.2742917e-05 5.9084323e-07]"
D:\Uni\Ulm\Master\Hiwi-Forschung-und-Lehre\FairFace\detected_faces\836698_face0.jpg,Black,Black,Male,30-39,"[1.0879854e-05 9.9849606e-01 3.4048644e-04 1.1008964e-07 3.3442880e-06
 1.1329529e-03 1.6131205e-05]",[1.6232885e-05 9.9553698e-01 3.5637564e-05 4.4111311e-03],[9.9999976e-01 2.1364073e-07],"[5.1632483e-08 1.5778301e-06 1.4077071e-03 2.6869079e-01 5.8867425e-01
 1.3339253e-01 7.7342102e-03 9.7243879e-05 1.7046179e-06]"
D:\Uni\Ulm\Master\Hiwi-Forschung-und-Lehre\FairFace\detected_faces\836700_face0.jpg,White,White,Male,20-29,"[9.9912679e-01 3.9268224e-07 7.4465538e-06 8.1476259e-08 2.5071731e-07
 5.4800432e-07 8.6450920e-04]",[9.9926186e-01 6.8718044e-04 2.4362856e-05 2.6610636e-05],[9.9999857e-01 1.3709422e-06],"[1.8189954e-06 2.6292948e-04 7.5773261e-02 8.4419852e-01 7.1168326e-02
 8.1271520e-03 4.4873205e-04 1.8720373e-05 4.8905946e-07]"
D:\Uni\Ulm\Master\Hiwi-Forschung-und-Lehre\FairFace\detected_faces\836701_face0.jpg,Black,Black,Male,20-29,"[2.4350566e-05 9.9962807e-01 1.6138999e-04 4.4689454e-08 1.5263381e-06
 1.2966443e-04 5.5065444e-05]",[1.9565678e-06 9.9998635e-01 1.4834218e-07 1.1458546e-05],[9.9999928e-01 6.8908884e-07],"[5.1161283e-08 2.1942357e-04 1.0837696e-01 8.5097748e-01 4.0004447e-02
 4.2004476e-04 1.5769790e-06 1.5308798e-08 4.2256729e-10]"
D:\Uni\Ulm\Master\Hiwi-Forschung-und-Lehre\FairFace\detected_faces\836703_face0.jpg,White,White,Male,20-29,"[8.6330938e-01 1.5545138e-03 3.6905967e-02 2.0324118e-05 1.3979179e-04
 2.8818019e-04 9.7781762e-02]",[9.96522784e-01 3.31733841e-03 4.97091278e-05 1.10119974e-04],[9.9999976e-01 2.6675897e-07],"[1.43300792e-06 1.14501825e-04 1.27497911e-02 7.85142481e-01
 1.98504642e-01 3.46887996e-03 1.79492636e-05 3.07277816e-07
 4.70333505e-09]"
D:\Uni\Ulm\Master\Hiwi-Forschung-und-Lehre\FairFace\detected_faces\836705_face0.jpg,White,White,Male,20-29,"[9.6009910e-01 1.0625498e-04 1.6391084e-02 3.8119924e-05 7.0409827e-05
 4.9417192e-04 2.2800900e-02]",[9.8913842e-01 1.2156060e-03 3.2092875e-04 9.3251318e-03],[9.9999833e-01 1.6513384e-06],"[1.16222274e-07 6.29983651e-06 4.43147356e-03 7.03168333e-01
 2.80698210e-01 1.15845948e-02 1.09941036e-04 1.07341486e-06
 1.65293965e-08]"
D:\Uni\Ulm\Master\Hiwi-Forschung-und-Lehre\FairFace\detected_faces\836706_face0.jpg,White,White,Male,20-29,"[9.9646497e-01 2.5878799e-06 5.6739722e-05 3.7744851e-08 1.7838259e-07
 4.0575587e-06 3.4714246e-03]",[9.9788749e-01 6.4273656e-04 1.6222913e-05 1.4535759e-03],[9.9999988e-01 7.7280475e-08],"[1.07190175e-07 2.43063596e-06 9.02898377e-04 5.03118515e-01
 4.79513615e-01 1.63177419e-02 1.43698853e-04 1.02136892e-06
 2.18929923e-08]"
D:\Uni\Ulm\Master\Hiwi-Forschung-und-Lehre\FairFace\detected_faces\836708_face0.jpg,White,White,Male,20-29,"[9.8309702e-01 1.1733375e-04 1.0983962e-02 4.3033026e-05 7.1725655e-05
 1.2589531e-05 5.6743473e-03]",[9.9922734e-01 5.9440057e-04 1.0535985e-04 7.2916584e-05],[0.9981229  0.00187714],"[2.1495307e-08 1.3147391e-04 4.0834317e-01 5.8540052e-01 6.0724407e-03
 5.2036696e-05 2.3982622e-07 6.6296297e-09 2.6792904e-10]"
D:\Uni\Ulm\Master\Hiwi-Forschung-und-Lehre\FairFace\detected_faces\836710_face0.jpg,White,White,Male,20-29,"[9.9571371e-01 1.5414707e-06 2.8739372e-04 8.5366355e-06 1.2602160e-05
 3.6594240e-06 3.9725429e-03]",[9.99203086e-01 6.09723560e-04 1.11872854e-04 7.53055429e-05],[9.9999779e-01 2.2000418e-06],"[3.4971830e-08 4.8060988e-06 5.5469931e-03 8.4278876e-01 1.4996970e-01
 1.6843359e-03 5.3521262e-06 4.0701881e-08 8.5838053e-10]"
D:\Uni\Ulm\Master\Hiwi-Forschung-und-Lehre\FairFace\detected_faces\836711_face0.jpg,White,White,Male,30-39,"[9.9995577e-01 1.3230937e-06 1.0540612e-05 3.5917694e-07 1.3846966e-06
 4.8117437e-07 3.0061849e-05]",[9.9809575e-01 1.3683870e-03 3.0426399e-04 2.3155419e-04],[9.9999976e-01 2.1989219e-07],"[1.0634826e-06 2.0929623e-05 8.6809671e-04 3.8254148e-01 5.7472599e-01
 4.0919267e-02 8.9800829e-04 2.3714823e-05 1.3671714e-06]"
D:\Uni\Ulm\Master\Hiwi-Forschung-und-Lehre\FairFace\detected_faces\836715_face0.jpg,White,White,Male,20-29,"[9.9281204e-01 1.1129896e-05 2.3109901e-03 8.4330850e-06 3.1614542e-05
 1.2355500e-05 4.8135202e-03]",[9.9960166e-01 1.7890958e-04 1.5949811e-04 5.9937247e-05],[9.9999982e-01 2.0423728e-07],"[4.6311044e-08 1.6140577e-05 1.2450232e-02 8.4454364e-01 1.4079918e-01
 2.1837677e-03 7.0273695e-06 5.8755695e-08 6.8187106e-10]"
D:\Uni\Ulm\Master\Hiwi-Forschung-und-Lehre\FairFace\detected_faces\836939_face0.jpg,White,White,Male,10-19,"[9.9604356e-01 9.3445846e-07 1.6364323e-04 6.6798623e-07 1.3535465e-06
 2.7679917e-07 3.7896193e-03]",[9.9993354e-01 4.5415512e-05 1.2623168e-05 8.4877611e-06],[9.9969798e-01 3.0201836e-04],"[1.8454255e-08 3.3743764e-04 7.8121477e-01 2.1658151e-01 1.8397646e-03
 2.6427462e-05 8.5035744e-08 1.7685540e-09 4.2251654e-11]"
D:\Uni\Ulm\Master\Hiwi-Forschung-und-Lehre\FairFace\detected_faces\836942_face0.jpg,Latino_Hispanic,Black,Male,20-29,"[8.5739940e-02 9.1066817e-03 8.2044023e-01 8.0830132e-04 3.4482609e-03
 1.2188799e-02 6.8267852e-02]",[0.1722737  0.52332056 0.03371374 0.27069205],[9.9999964e-01 3.5829871e-07],"[2.6575066e-07 3.3984365e-04 2.2364861e-01 7.5785691e-01 1.7947635e-02
 2.0574385e-04 1.0320001e-06 1.5716482e-08 2.4711705e-10]"
D:\Uni\Ulm\Master\Hiwi-Forschung-und-Lehre\FairFace\detected_faces\836959_face0.jpg,Middle Eastern,Black,Male,30-39,"[2.8489159e-02 8.8017069e-02 1.7124848e-01 1.7433247e-04 1.0298903e-03
 1.5206553e-02 6.9583446e-01]",[0.0398882  0.94005686 0.00205626 0.01799867],[9.9998868e-01 1.1255113e-05],"[6.1860487e-06 1.2822346e-04 6.1908071e-03 2.2801441e-01 6.5179849e-01
 1.1043642e-01 3.3200793e-03 1.0356873e-04 1.8273410e-06]"
D:\Uni\Ulm\Master\Hiwi-Forschung-und-Lehre\FairFace\detected_faces\836998_face0.jpg,White,White,Male,20-29,"[8.5681885e-01 4.4610213e-05 4.6962850e-02 7.6199352e-04 1.5301973e-03
 9.1995709e-05 9.3789488e-02]",[0.96007967 0.00195438 0.03609131 0.00187466],[9.9998540e-01 1.4617911e-05],"[6.0563927e-09 6.2734352e-06 9.8276764e-02 8.6201048e-01 3.9213423e-02
 4.9065694e-04 2.3774519e-06 2.9928628e-08 2.9163680e-10]"
D:\Uni\Ulm\Master\Hiwi-Forschung-und-Lehre\FairFace\detected_faces\837011_face0.jpg,White,White,Male,20-29,"[9.9958104e-01 6.9015459e-07 1.9275332e-04 1.0405111e-06 2.8648581e-06
 1.0126226e-06 2.2052566e-04]",[9.9987018e-01 6.1523599e-05 3.6508325e-05 3.1726380e-05],[9.9999952e-01 4.7738496e-07],"[3.1974290e-07 3.5899261e-04 1.9513039e-01 7.0824122e-01 8.7960348e-02
 8.2306312e-03 7.7348348e-05 7.0161371e-07 1.4452539e-08]"
D:\Uni\Ulm\Master\Hiwi-Forschung-und-Lehre\FairFace\detected_faces\837013_face0.jpg,White,White,Male,20-29,"[8.6073077e-01 9.3289354e-04 9.1941170e-02 1.2192968e-05 5.7735109e-05
 1.4464540e-04 4.6180580e-02]",[0.9886727  0.00450764 0.00348351 0.00333625],[9.9999946e-01 5.3561388e-07],"[2.2587564e-08 2.0490488e-06 4.6186885e-03 8.0670869e-01 1.8475197e-01
 3.8892895e-03 2.8871984e-05 3.6822374e-07 4.8084687e-09]"
D:\Uni\Ulm\Master\Hiwi-Forschung-und-Lehre\FairFace\detected_faces\837064_face0.jpg,Black,Black,Male,20-29,"[1.3921409e-06 9.9960935e-01 6.8202877e-05 6.6399002e-09 5.3871617e-07
 3.0813683e-04 1.2248164e-05]",[5.9600688e-07 9.9991226e-01 8.6777186e-07 8.6287087e-05],[1.000000e+00 7.863586e-09],"[1.5436539e-08 4.9655137e-06 5.3607556e-03 6.4649034e-01 3.3543187e-01
 1.2636503e-02 7.4571770e-05 9.2604705e-07 1.4536481e-08]"
D:\Uni\Ulm\Master\Hiwi-Forschung-und-Lehre\FairFace\detected_faces\837205_face0.jpg,White,White,Male,20-29,"[8.6442381e-01 4.1848488e-04 8.8072196e-02 1.9666307e-04 3.2559742e-04
 4.1380528e-05 4.6521842e-02]",[0.99073446 0.0041404  0.00291521 0.00220996],[9.9997026e-01 2.9733263e-05],"[1.8510590e-08 5.1559359e-06 8.9320391e-02 8.4958845e-01 6.0011242e-02
 1.0648193e-03 9.7598213e-06 1.0511085e-07 7.2119499e-10]"
D:\Uni\Ulm\Master\Hiwi-Forschung-und-Lehre\FairFace\detected_faces\837376_face0.jpg,Black,Black,Male,20-29,"[1.0728772e-05 9.9926555e-01 2.2192397e-04 3.2599672e-07 4.9265932e-06
 3.8388529e-04 1.1270258e-04]",[6.0214552e-06 9.9998814e-01 2.1083924e-06 3.7642837e-06],[9.9983817e-01 1.6179513e-04],"[8.9784660e-09 7.6122519e-06 3.8990811e-02 8.5302317e-01 1.0537494e-01
 2.5819626e-03 2.1050057e-05 3.5074345e-07 7.9372020e-09]"
D:\Uni\Ulm\Master\Hiwi-Forschung-und-Lehre\FairFace\detected_faces\837495_face0.jpg,Latino_Hispanic,White,Male,30-39,"[3.9346871e-01 7.1797671e-04 5.6155753e-01 5.1046445e-05 4.5456062e-04
 2.0622455e-02 2.3127710e-02]",[0.8215209  0.02463799 0.00567793 0.14816324],[9.9999988e-01 8.5416744e-08],"[1.6967340e-07 1.5679392e-05 1.9850924e-03 3.5003090e-01 6.0758328e-01
 4.0223420e-02 1.6028815e-04 1.1527858e-06 8.8819112e-09]"
D:\Uni\Ulm\Master\Hiwi-Forschung-und-Lehre\FairFace\detected_faces\837742_face0.jpg,Middle Eastern,Black,Male,20-29,"[2.56692688e-03 7.21142069e-02 1.57282248e-01 1.18502314e-04
 4.29601362e-03 2.05512438e-02 7.43070841e-01]",[0.00108241 0.94644946 0.01630843 0.03615972],[9.9997109e-01 2.8904156e-05],"[9.8421140e-08 8.0509007e-04 3.8229948e-01 6.0346818e-01 1.3240276e-02
 1.8609269e-04 8.0610522e-07 5.2556842e-08 1.3044977e-09]"
D:\Uni\Ulm\Master\Hiwi-Forschung-und-Lehre\FairFace\detected_faces\837833_face0.jpg,Latino_Hispanic,Black,Male,20-29,"[7.05227535e-03 5.11837304e-02 8.22013795e-01 3.85039079e-04
 1.06423674e-02 1.04294136e-01 4.42867260e-03]",[0.02775985 0.76232064 0.03570849 0.17421098],[1.0000000e+00 1.1786495e-08],"[1.2537863e-07 2.4490037e-05 1.0724293e-02 7.7915967e-01 2.0257722e-01
 7.4551366e-03 5.8228572e-05 8.6814322e-07 7.6098905e-09]"
D:\Uni\Ulm\Master\Hiwi-Forschung-und-Lehre\FairFace\detected_faces\837846_face0.jpg,White,White,Male,20-29,"[9.6708632e-01 3.5793495e-05 4.6738838e-03 1.6226026e-05 4.0340325e-05
 8.3374172e-05 2.8064102e-02]",[9.9805295e-01 4.7266728e-04 4.1358970e-04 1.0607843e-03],[1.0000000e+00 1.7565947e-08],"[2.8558662e-07 1.8947005e-05 9.8672938e-03 7.3124892e-01 2.4632107e-01
 1.2372046e-02 1.6901143e-04 2.3633454e-06 1.9633463e-08]"
D:\Uni\Ulm\Master\Hiwi-Forschung-und-Lehre\FairFace\detected_faces\838159_face0.jpg,White,White,Male,20-29,"[9.9923241e-01 7.2633594e-07 2.1069388e-04 4.8270167e-06 3.6926542e-06
 5.2344689e-07 5.4709252e-04]",[9.9985468e-01 3.9991392e-05 9.3914125e-05 1.1289821e-05],[1.0000000e+00 2.8034531e-08],"[1.8633141e-08 8.3196551e-07 1.0180929e-03 5.2106291e-01 4.6704549e-01
 1.0834368e-02 3.8207578e-05 2.0449899e-07 1.9939956e-09]"
D:\Uni\Ulm\Master\Hiwi-Forschung-und-Lehre\FairFace\detected_faces\838232_face0.jpg,Latino_Hispanic,White,Male,20-29,"[2.9771993e-01 3.4815437e-04 5.0179505e-01 8.7790290e-04 1.1052580e-03
 8.8861119e-03 1.8926764e-01]",[9.8681217e-01 5.1110436e-04 2.9977099e-03 9.6790222e-03],[9.9999756e-01 2.4492917e-06],"[1.5796120e-06 2.0814670e-05 5.0798762e-03 6.7533892e-01 3.1191447e-01
 7.6080081e-03 3.5685291e-05 5.6770335e-07 7.8354860e-09]"
D:\Uni\Ulm\Master\Hiwi-Forschung-und-Lehre\FairFace\detected_faces\838399_face0.jpg,White,White,Male,30-39,"[9.99620676e-01 1.10507635e-05 6.96576899e-05 1.51792250e-07
 1.44357728e-06 9.26017947e-06 2.87721981e-04]",[9.9947971e-01 3.8798948e-04 3.4457880e-05 9.7828830e-05],[1.0000000e+00 1.6367184e-09],"[2.07353267e-07 3.05082290e-06 1.44099671e-04 1.61290169e-01
 7.25733876e-01 1.10105485e-01 2.70802504e-03 1.48168074e-05
 2.93446362e-07]"
D:\Uni\Ulm\Master\Hiwi-Forschung-und-Lehre\FairFace\detected_faces\838612_face0.jpg,White,White,Male,20-29,"[7.8170580e-01 5.4250573e-05 8.9623202e-03 3.8749105e-05 9.3657451e-05
 4.1485029e-05 2.0910376e-01]",[9.9919188e-01 5.6185084e-04 1.9340201e-04 5.2886193e-05],[9.9999708e-01 2.9383964e-06],"[7.1796649e-08 4.9318322e-05 3.0377854e-02 8.0265480e-01 1.6369125e-01
 3.2178785e-03 8.7662220e-06 6.3311333e-08 1.0483246e-09]"
D:\Uni\Ulm\Master\Hiwi-Forschung-und-Lehre\FairFace\detected_faces\838613_face0.jpg,Middle Eastern,Black,Male,20-29,"[3.1871733e-01 7.4407170e-03 3.1027550e-01 3.0198673e-04 1.2763947e-03
 1.4935137e-03 3.6049446e-01]",[0.25960743 0.73033875 0.00235983 0.00769402],[9.9999946e-01 5.1356056e-07],"[5.13045819e-08 7.87232857e-05 2.01484442e-01 7.86963463e-01
 1.14247855e-02 4.84972225e-05 1.08456653e-07 2.02402739e-09
 2.57225716e-11]"
D:\Uni\Ulm\Master\Hiwi-Forschung-und-Lehre\FairFace\detected_faces\838629_face0.jpg,Middle Eastern,White,Male,10-19,"[3.0722192e-01 9.8589437e-05 1.3377941e-01 1.2524306e-03 1.3780652e-03
 5.2864180e-04 5.5574101e-01]",[0.97222567 0.00803792 0.01835442 0.00138204],[9.9997044e-01 2.9538805e-05],"[5.6581416e-07 2.7677009e-03 5.0388533e-01 4.7651091e-01 1.6518410e-02
 3.1572671e-04 1.3627405e-06 3.8022428e-08 6.4031153e-10]"
D:\Uni\Ulm\Master\Hiwi-Forschung-und-Lehre\FairFace\detected_faces\838631_face0.jpg,White,White,Male,20-29,"[5.2910960e-01 5.1609508e-04 3.3378002e-01 6.7291287e-05 1.4902701e-04
 3.7976171e-04 1.3599823e-01]",[0.92543197 0.02614701 0.00811691 0.04030409],[9.999999e-01 8.298460e-08],"[4.9557278e-09 4.8445058e-06 1.1541870e-01 8.5872197e-01 2.5561213e-02
 2.9172900e-04 1.5607274e-06 2.2682539e-08 1.3532885e-10]"
D:\Uni\Ulm\Master\Hiwi-Forschung-und-Lehre\FairFace\detected_faces\838633_face0.jpg,Middle Eastern,White,Male,10-19,"[4.4431325e-02 3.4333741e-05 4.4170380e-02 1.3599748e-04 3.5425430e-04
 2.4880017e-03 9.0838569e-01]",[0.8730711  0.00193947 0.00424246 0.12074701],[9.999029e-01 9.707457e-05],"[2.2653829e-07 8.2973560e-04 5.5738688e-01 4.3439001e-01 7.2875628e-03
 1.0531783e-04 2.7904147e-07 8.6419405e-09 1.9042398e-10]"
D:\Uni\Ulm\Master\Hiwi-Forschung-und-Lehre\FairFace\detected_faces\838635_face0.jpg,Middle Eastern,Indian,Male,20-29,"[9.8005652e-02 7.6399901e-04 2.3343375e-01 9.0854010e-06 1.7869192e-04
 4.6761241e-02 6.2084764e-01]",[2.0923899e-01 3.6877382e-03 2.5314814e-04 7.8682005e-01],[9.9999958e-01 3.7893162e-07],"[2.6833732e-08 7.7379926e-05 1.2446922e-01 8.3556306e-01 3.9528165e-02
 3.6148398e-04 5.7568656e-07 9.2735508e-09 1.2625986e-10]"
D:\Uni\Ulm\Master\Hiwi-Forschung-und-Lehre\FairFace\detected_faces\838636_face0.jpg,Middle Eastern,White,Male,20-29,"[2.8013575e-01 2.2846465e-05 2.1276398e-02 1.7730135e-05 5.2038777e-05
 7.2727655e-04 6.9776803e-01]",[9.9372149e-01 2.1676776e-04 9.7304284e-05 5.9644557e-03],[9.9999887e-01 1.1234787e-06],"[9.9272270e-08 6.9953567e-06 5.5010826e-03 8.3235329e-01 1.6079283e-01
 1.3420741e-03 3.5796945e-06 4.9216176e-08 6.0674488e-10]"
D:\Uni\Ulm\Master\Hiwi-Forschung-und-Lehre\FairFace\detected_faces\838640_face0.jpg,Black,Black,Male,20-29,"[4.4675954e-07 9.9999648e-01 2.8087823e-06 9.8764619e-10 2.0108462e-08
 1.6392688e-07 8.7534517e-08]",[2.7293620e-06 9.9999589e-01 3.2615216e-07 1.0473198e-06],[9.9999994e-01 7.8891802e-08],"[1.8770868e-08 2.4183523e-06 2.0035808e-03 5.0050557e-01 4.6386924e-01
 3.3401631e-02 2.1641119e-04 1.0445281e-06 3.7799804e-08]"
D:\Uni\Ulm\Master\Hiwi-Forschung-und-Lehre\FairFace\detected_faces\838703_face0.jpg,Middle Eastern,Black,Male,20-29,"[8.8386629e-03 2.4688445e-01 2.5705254e-01 6.9408867e-05 2.5854907e-03
 1.4502110e-02 4.7006729e-01]",[0.0138996  0.84550494 0.0031589  0.13743657],[9.9999851e-01 1.4922471e-06],"[7.8819042e-08 2.7783558e-04 3.3800259e-01 6.3834822e-01 2.3044741e-02
 3.2444563e-04 2.0488726e-06 7.5902967e-08 1.5214949e-09]"
D:\Uni\Ulm\Master\Hiwi-Forschung-und-Lehre\FairFace\detected_faces\838805_face0.jpg,White,White,Male,20-29,"[9.9145126e-01 9.8506016e-06 4.9520661e-03 3.4926945e-06 2.0607276e-05
 8.0043892e-06 3.5547812e-03]",[9.9984181e-01 5.2068302e-05 9.1486188e-05 1.4637489e-05],[9.9999994e-01 3.3327922e-08],"[1.4058888e-08 2.8682376e-05 2.6441744e-01 7.2005439e-01 1.5305574e-02
 1.9304320e-04 8.5676299e-07 1.0210973e-08 8.9491817e-11]"
D:\Uni\Ulm\Master\Hiwi-Forschung-und-Lehre\FairFace\detected_faces\838828_face0.jpg,Black,Black,Male,20-29,"[6.3962168e-03 6.1391377e-01 2.8659105e-01 9.7099117e-05 2.5610728e-03
 7.0264719e-02 2.0176087e-02]",[5.4651345e-03 9.3478537e-01 6.8525854e-04 5.9064239e-02],[9.9936724e-01 6.3275115e-04],"[1.1026014e-05 1.8769115e-03 5.3094037e-02 8.3748144e-01 1.0613133e-01
 1.3992444e-03 5.9616978e-06 1.5507054e-07 7.1406983e-09]"
D:\Uni\Ulm\Master\Hiwi-Forschung-und-Lehre\FairFace\detected_faces\838904_face0.jpg,White,White,Male,20-29,"[7.7097398e-01 5.6279881e-04 1.0646239e-01 5.6760964e-06 3.6530932e-05
 6.9597722e-03 1.1499887e-01]",[8.6234212e-01 4.4744518e-03 1.2022137e-04 1.3306320e-01],[9.9999601e-01 3.9641714e-06],"[3.4709802e-07 2.7620177e-05 2.7937754e-03 7.3589325e-01 2.5807559e-01
 3.2017340e-03 7.5961070e-06 6.6170685e-08 1.0049682e-09]"
