face_name_align,race,race4,gender,age,race_scores_fair,race_scores_fair_4,gender_scores_fair,age_scores_fair
D:\Uni\Ulm\Master\Hiwi-Forschung-und-Lehre\FairFace\detected_faces\228342_face0.jpg,Black,Black,Male,30-39,"[4.0615460e-06 9.9982578e-01 4.9249116e-05 2.4418595e-08 4.3865339e-07
 4.0955299e-05 7.9515579e-05]",[1.8361670e-06 9.9997085e-01 4.1319308e-06 2.3192773e-05],[9.9999875e-01 1.1826910e-06],"[2.1886292e-06 8.2262518e-04 1.9505229e-02 4.7008640e-01 4.7215390e-01
 3.7199073e-02 2.2812336e-04 2.3191385e-06 7.6886273e-08]"
D:\Uni\Ulm\Master\Hiwi-Forschung-und-Lehre\FairFace\detected_faces\228348_face0.jpg,White,White,Male,30-39,"[9.9626029e-01 4.0387637e-05 1.2543770e-03 6.1640123e-05 1.4338562e-04
 1.6206681e-05 2.2237760e-03]",[9.9841809e-01 3.9826753e-04 9.5227832e-04 2.3134686e-04],[1.0000000e+00 5.4190195e-09],"[4.1776042e-07 1.5283094e-06 3.9853799e-04 1.2454565e-01 5.0739133e-01
 3.3122575e-01 3.5346687e-02 1.0746814e-03 1.5404768e-05]"
D:\Uni\Ulm\Master\Hiwi-Forschung-und-Lehre\FairFace\detected_faces\228374_face0.jpg,Middle Eastern,White,Male,30-39,"[7.4618131e-02 3.0856961e-04 8.6655095e-03 2.1396241e-05 4.4922992e-05
 1.3249412e-03 9.1501653e-01]",[0.9262405  0.03128193 0.00203525 0.0404423 ],[9.9958593e-01 4.1410187e-04],"[2.0633719e-05 4.4874504e-04 3.9956039e-03 2.0308691e-01 7.1966660e-01
 7.2022006e-02 7.5170555e-04 7.6104848e-06 2.4564685e-07]"
D:\Uni\Ulm\Master\Hiwi-Forschung-und-Lehre\FairFace\detected_faces\228414_face0.jpg,White,White,Male,10-19,"[9.9949163e-01 5.6216487e-07 4.0752879e-05 1.2289775e-07 4.4179185e-07
 2.9434568e-07 4.6613757e-04]",[9.9992156e-01 6.3041269e-05 7.7834811e-06 7.6523538e-06],[9.9972075e-01 2.7926287e-04],"[4.4762019e-06 1.3835090e-02 6.8591070e-01 2.8286344e-01 1.6013065e-02
 1.3524981e-03 2.0066636e-05 6.7679412e-07 4.2772864e-08]"
D:\Uni\Ulm\Master\Hiwi-Forschung-und-Lehre\FairFace\detected_faces\228698_face0.jpg,White,White,Male,20-29,"[9.9989724e-01 3.7713519e-08 3.1313732e-05 1.1179512e-06 2.0943085e-06
 1.3146138e-07 6.8063047e-05]",[9.9997741e-01 1.7928911e-06 1.9080504e-05 1.7879815e-06],[0.9988687 0.0011313],"[3.1139734e-07 2.9863717e-04 1.4891604e-01 7.6578444e-01 8.2129553e-02
 2.8503216e-03 2.0374628e-05 3.3439935e-07 1.7363414e-08]"
D:\Uni\Ulm\Master\Hiwi-Forschung-und-Lehre\FairFace\detected_faces\228981_face0.jpg,Latino_Hispanic,Indian,Male,30-39,"[3.9828114e-02 6.4114248e-03 8.7290633e-01 6.1027397e-04 5.9558712e-03
 6.8097435e-02 6.1905631e-03]",[0.12762056 0.04574372 0.07445174 0.75218403],[9.999999e-01 6.008415e-08],"[1.8607574e-06 3.8166323e-05 2.8104661e-03 3.6567813e-01 5.9047753e-01
 4.0538233e-02 4.5248395e-04 3.1418240e-06 2.0701490e-08]"
D:\Uni\Ulm\Master\Hiwi-Forschung-und-Lehre\FairFace\detected_faces\229544_face0.jpg,White,White,Male,20-29,"[9.99410152e-01 1.01719854e-06 2.52819038e-04 1.14804798e-05
 1.30995995e-05 4.77481535e-06 3.06631147e-04]",[9.9594778e-01 6.5841951e-04 2.6366932e-03 7.5715553e-04],[9.9999511e-01 4.8676266e-06],"[6.7445667e-09 1.7125230e-06 4.0362608e-03 8.7308711e-01 1.2151063e-01
 1.3589415e-03 5.3931017e-06 2.5308520e-08 7.1873041e-10]"
D:\Uni\Ulm\Master\Hiwi-Forschung-und-Lehre\FairFace\detected_faces\229638_face0.jpg,White,White,Male,20-29,"[8.5366142e-01 2.2492795e-03 1.1672257e-01 1.2815103e-04 3.8264086e-04
 9.6732769e-03 1.7182631e-02]",[9.6505058e-01 3.4137900e-04 1.5561921e-03 3.3051848e-02],[9.996164e-01 3.836187e-04],"[5.6535387e-06 8.9553672e-05 4.0464606e-03 5.3004414e-01 4.3375003e-01
 3.1651419e-02 3.9705209e-04 1.4738900e-05 9.0821476e-07]"
D:\Uni\Ulm\Master\Hiwi-Forschung-und-Lehre\FairFace\detected_faces\229640_face0.jpg,Middle Eastern,White,Male,20-29,"[3.2286355e-01 6.8310590e-05 6.9123283e-02 6.9906146e-06 2.8934384e-05
 2.2422681e-02 5.8548623e-01]",[9.9387550e-01 2.7265737e-04 1.6303858e-04 5.6888284e-03],[9.9999964e-01 3.3756982e-07],"[7.8777185e-07 8.6940374e-05 9.2347329e-03 7.6032960e-01 2.2718908e-01
 3.1520636e-03 6.7007268e-06 6.2218675e-08 7.4095302e-10]"
D:\Uni\Ulm\Master\Hiwi-Forschung-und-Lehre\FairFace\detected_faces\229740_face0.jpg,White,White,Male,30-39,"[9.9556047e-01 4.4912122e-06 4.8796023e-04 4.2079796e-06 7.9597776e-06
 2.2143965e-06 3.9327769e-03]",[9.9989808e-01 1.9976927e-05 7.9230871e-05 2.7190383e-06],[9.999994e-01 6.081447e-07],"[1.8120098e-06 9.7868644e-05 2.5747814e-03 3.5338363e-01 6.0731852e-01
 3.6450978e-02 1.7072078e-04 1.7263576e-06 2.4763718e-08]"
D:\Uni\Ulm\Master\Hiwi-Forschung-und-Lehre\FairFace\detected_faces\229776_face0.jpg,White,White,Male,20-29,"[5.0360644e-01 3.7110987e-04 1.7879659e-01 1.3916689e-04 4.6426235e-04
 3.4853816e-03 3.1313699e-01]",[0.981736   0.00451966 0.0011852  0.01255921],[9.9999452e-01 5.5151177e-06],"[1.7678423e-07 1.0118242e-05 2.8972244e-03 7.5801957e-01 2.3661560e-01
 2.4516606e-03 5.5910177e-06 4.3362892e-08 5.2070070e-10]"
D:\Uni\Ulm\Master\Hiwi-Forschung-und-Lehre\FairFace\detected_faces\229858_face0.jpg,Middle Eastern,Black,Male,20-29,"[2.1317966e-01 1.7573644e-03 3.2490280e-02 9.0461376e-04 1.4397542e-03
 2.2246524e-04 7.5000584e-01]",[0.27055812 0.6777637  0.04379301 0.00788518],[9.9999708e-01 2.9273758e-06],"[3.5308603e-06 3.0593222e-04 4.2617287e-02 6.8900609e-01 2.3810439e-01
 2.7849659e-02 1.9558275e-03 1.5446299e-04 2.8208628e-06]"
D:\Uni\Ulm\Master\Hiwi-Forschung-und-Lehre\FairFace\detected_faces\230050_face0.jpg,White,White,Male,20-29,"[8.9867169e-01 2.1767039e-04 2.3459893e-02 8.6548527e-05 1.5427734e-04
 2.6478367e-03 7.4761949e-02]",[9.8812044e-01 2.1333802e-03 1.5892959e-04 9.5872683e-03],[9.9999946e-01 5.1904959e-07],"[1.5315374e-07 1.9156867e-05 3.4213081e-02 9.2702180e-01 3.8525201e-02
 2.1974530e-04 8.4054051e-07 4.3450079e-08 9.5023056e-10]"
D:\Uni\Ulm\Master\Hiwi-Forschung-und-Lehre\FairFace\detected_faces\230378_face0.jpg,White,White,Male,30-39,"[9.9959379e-01 1.4752292e-06 7.4138778e-05 1.0021045e-07 4.5004072e-07
 1.7267456e-06 3.2823996e-04]",[9.9989051e-01 4.3978634e-05 2.3801565e-05 4.1659878e-05],[9.9999982e-01 2.1970813e-07],"[3.8028753e-07 3.6383785e-06 6.9558911e-04 4.1334620e-01 5.4509538e-01
 4.0203981e-02 6.4698432e-04 7.6848046e-06 9.7536557e-08]"
D:\Uni\Ulm\Master\Hiwi-Forschung-und-Lehre\FairFace\detected_faces\230766_face0.jpg,White,White,Male,20-29,"[9.9987191e-01 9.3502899e-07 8.7007968e-05 1.5361430e-06 5.3600224e-06
 1.7997430e-06 3.1452146e-05]",[9.9996358e-01 4.4992194e-06 2.5595618e-05 6.3155831e-06],[9.9999821e-01 1.7350154e-06],"[8.1604824e-08 1.0153333e-05 7.6976665e-03 6.3641465e-01 3.3229333e-01
 2.2994302e-02 5.8460381e-04 4.9500841e-06 2.0996875e-07]"
D:\Uni\Ulm\Master\Hiwi-Forschung-und-Lehre\FairFace\detected_faces\231158_face0.jpg,White,White,Male,20-29,"[9.9788588e-01 1.1870190e-05 5.9691333e-04 1.9898760e-06 3.5575315e-06
 9.4478009e-06 1.4903547e-03]",[9.9974394e-01 1.4955280e-04 1.9156136e-05 8.7452223e-05],[9.9993366e-01 6.6404464e-05],"[1.6011907e-07 9.3889412e-06 1.4936799e-03 5.2672744e-01 4.6117571e-01
 1.0567811e-02 2.5556395e-05 2.5409804e-07 5.7069642e-09]"
D:\Uni\Ulm\Master\Hiwi-Forschung-und-Lehre\FairFace\detected_faces\231614_face0.jpg,Black,Black,Male,30-39,"[9.0980410e-07 9.9998832e-01 7.0397882e-06 1.8484834e-09 3.0052600e-08
 3.3492697e-06 3.7779185e-07]",[2.0618704e-06 9.9998790e-01 5.0938507e-07 9.5385594e-06],[9.9999821e-01 1.8199457e-06],"[1.8995991e-08 5.4664957e-07 2.4878842e-04 1.8088278e-01 6.6289508e-01
 1.5274569e-01 3.2060174e-03 2.0488844e-05 5.4782959e-07]"
D:\Uni\Ulm\Master\Hiwi-Forschung-und-Lehre\FairFace\detected_faces\231646_face0.jpg,White,White,Male,40-49,"[7.7315569e-01 2.1858430e-03 3.6314793e-02 6.1784856e-05 2.6567929e-04
 3.8682393e-04 1.8762928e-01]",[9.9941760e-01 2.0613932e-04 1.0990942e-04 2.6640709e-04],[9.9999607e-01 3.9234628e-06],"[4.4015028e-06 1.4090060e-05 1.8486781e-03 4.8179127e-02 1.6294253e-01
 3.9356598e-01 3.4928292e-01 4.3633211e-02 5.2904041e-04]"
D:\Uni\Ulm\Master\Hiwi-Forschung-und-Lehre\FairFace\detected_faces\231776_face0.jpg,White,White,Male,20-29,"[0.72463834 0.00172977 0.20175382 0.00739047 0.02041079 0.00238555
 0.04169135]",[0.8823807  0.00819881 0.09117753 0.01824299],[1.0000000e+00 4.3168836e-08],"[4.1710253e-05 7.1462351e-03 2.1351233e-01 5.9359974e-01 1.7643796e-01
 9.0688001e-03 1.8875189e-04 4.3487062e-06 5.3740852e-08]"
D:\Uni\Ulm\Master\Hiwi-Forschung-und-Lehre\FairFace\detected_faces\231820_face0.jpg,White,White,Male,20-29,"[8.58599842e-01 2.57352204e-03 1.24822706e-01 2.49003970e-05
 1.21359830e-04 6.91524125e-04 1.31661789e-02]",[9.9104345e-01 7.3242658e-03 4.2429942e-04 1.2079407e-03],[9.9999946e-01 4.9008781e-07],"[4.8823849e-06 1.4063329e-04 1.8899104e-02 5.1611263e-01 4.0722147e-01
 5.5991206e-02 1.6037545e-03 2.6072968e-05 1.8426789e-07]"
D:\Uni\Ulm\Master\Hiwi-Forschung-und-Lehre\FairFace\detected_faces\232096_face0.jpg,White,White,Male,30-39,"[9.9372923e-01 1.5502965e-06 3.0689535e-04 5.5056449e-07 2.8828754e-06
 3.5230605e-06 5.9553664e-03]",[9.9996185e-01 2.0071511e-05 3.5427654e-06 1.4610906e-05],[9.9999982e-01 1.8098338e-07],"[3.3321152e-07 1.7516004e-05 2.0071338e-03 4.4113207e-01 5.3997964e-01
 1.6834680e-02 2.8427839e-05 2.2056790e-07 3.1827845e-09]"
D:\Uni\Ulm\Master\Hiwi-Forschung-und-Lehre\FairFace\detected_faces\232118_face0.jpg,Black,Black,Male,10-19,"[1.1940576e-03 9.8060894e-01 1.6784882e-02 5.0580915e-05 3.8565448e-04
 3.0452284e-04 6.7144464e-04]",[2.4598336e-04 9.9933887e-01 3.2245848e-04 9.2628594e-05],[9.9998486e-01 1.5149759e-05],"[6.4742089e-05 1.1593457e-02 5.8298171e-01 2.6976818e-01 7.9637185e-02
 4.2757545e-02 1.1414774e-02 1.6979227e-03 8.4414889e-05]"
D:\Uni\Ulm\Master\Hiwi-Forschung-und-Lehre\FairFace\detected_faces\232178_face0.jpg,White,White,Male,30-39,"[8.1081653e-01 1.3084224e-04 9.8579973e-02 2.5702041e-04 3.0940500e-04
 1.2219489e-03 8.8684238e-02]",[9.9356234e-01 6.6372397e-04 2.0133713e-03 3.7605758e-03],[9.999401e-01 5.990609e-05],"[4.4364850e-05 5.3625397e-04 7.8020822e-03 4.7262445e-01 4.9856198e-01
 2.0286547e-02 1.4251053e-04 1.7709812e-06 2.2578403e-08]"
D:\Uni\Ulm\Master\Hiwi-Forschung-und-Lehre\FairFace\detected_faces\232224_face0.jpg,Black,Black,Male,20-29,"[1.9016674e-06 9.9961245e-01 2.7416465e-05 2.7971353e-08 5.1467225e-07
 3.5096001e-04 6.6878438e-06]",[4.9329806e-06 9.9986571e-01 4.9997739e-06 1.2428638e-04],[9.9999958e-01 4.0400025e-07],"[6.6655346e-08 1.3263667e-05 2.2842954e-03 5.2268314e-01 4.5607084e-01
 1.8862089e-02 8.5869098e-05 4.8845379e-07 1.0960160e-08]"
D:\Uni\Ulm\Master\Hiwi-Forschung-und-Lehre\FairFace\detected_faces\232306_face0.jpg,White,White,Male,20-29,"[9.99982119e-01 7.99832733e-08 3.75046784e-06 6.25546859e-09
 2.98737959e-08 2.97471860e-08 1.39451095e-05]",[9.9999785e-01 3.5418927e-07 8.6685361e-08 1.7158608e-06],[9.9999994e-01 6.0060373e-08],"[3.2944167e-10 6.6127456e-08 7.9079124e-04 9.2209423e-01 7.6646343e-02
 4.6656426e-04 1.9468794e-06 1.5613292e-08 2.2101790e-10]"
D:\Uni\Ulm\Master\Hiwi-Forschung-und-Lehre\FairFace\detected_faces\232398_face0.jpg,White,White,Male,20-29,"[9.8602498e-01 1.0019854e-04 6.1865142e-03 1.4757438e-05 3.0224226e-05
 1.3337525e-05 7.6298993e-03]",[9.9704546e-01 1.8882873e-03 9.7211526e-04 9.4118128e-05],[9.9998808e-01 1.1952006e-05],"[4.8923823e-07 1.3622502e-05 5.9252335e-03 5.1042199e-01 4.4625893e-01
 3.5275061e-02 2.0603207e-03 4.3932811e-05 4.5253398e-07]"
D:\Uni\Ulm\Master\Hiwi-Forschung-und-Lehre\FairFace\detected_faces\232422_face0.jpg,White,White,Male,20-29,"[8.6233622e-01 1.0224659e-04 1.9383796e-02 1.7092299e-05 3.5576304e-05
 1.2640664e-04 1.1799864e-01]",[9.8909193e-01 1.6866740e-03 3.3732684e-04 8.8840835e-03],[9.9999797e-01 1.9884624e-06],"[3.8975921e-07 8.3585801e-06 5.5582384e-03 5.9625393e-01 3.5882521e-01
 3.8195934e-02 1.1345806e-03 2.3224909e-05 2.0886100e-07]"
D:\Uni\Ulm\Master\Hiwi-Forschung-und-Lehre\FairFace\detected_faces\232548_face0.jpg,White,White,Male,30-39,"[6.0115361e-01 1.0467734e-03 2.8208217e-01 4.1162486e-05 2.4105494e-04
 5.3237561e-02 6.2197637e-02]",[0.5760248  0.00466964 0.00308678 0.41621876],[9.9999917e-01 8.7958119e-07],"[2.3644327e-07 3.2337896e-06 5.2199006e-04 2.1215209e-01 6.6713625e-01
 1.1879868e-01 1.3777371e-03 9.6788381e-06 5.1776048e-08]"
D:\Uni\Ulm\Master\Hiwi-Forschung-und-Lehre\FairFace\detected_faces\232774_face0.jpg,Middle Eastern,White,Male,30-39,"[4.8025727e-02 1.4861734e-04 2.1710680e-01 2.8297448e-04 6.4485968e-04
 1.0761729e-01 6.2617379e-01]",[6.8406212e-01 6.6571299e-04 3.4270771e-03 3.1184512e-01],[9.9990809e-01 9.1887545e-05],"[1.1639755e-04 6.1157730e-04 4.8032720e-03 2.4910402e-01 6.1715263e-01
 1.2535933e-01 2.8094517e-03 4.2313401e-05 9.6561484e-07]"
D:\Uni\Ulm\Master\Hiwi-Forschung-und-Lehre\FairFace\detected_faces\233114_face0.jpg,Middle Eastern,White,Male,20-29,"[7.9191282e-02 2.4782382e-03 5.7272598e-02 6.4376160e-05 1.6682930e-04
 2.3525963e-03 8.5847408e-01]",[0.7002573  0.07336276 0.00228505 0.22409485],[9.9996352e-01 3.6469304e-05],"[2.7795960e-04 2.2719565e-03 1.9924369e-02 6.1387259e-01 3.2915679e-01
 3.3641361e-02 8.2046818e-04 3.3884131e-05 7.0845357e-07]"
D:\Uni\Ulm\Master\Hiwi-Forschung-und-Lehre\FairFace\detected_faces\233180_face0.jpg,Latino_Hispanic,Indian,Male,30-39,"[1.3579565e-01 4.0109053e-02 5.0892651e-01 3.8636141e-04 1.9298026e-03
 4.9564421e-02 2.6328811e-01]",[0.20558824 0.25418198 0.01934646 0.5208834 ],[9.9970615e-01 2.9379383e-04],"[2.5498459e-06 6.2255967e-05 3.9824005e-03 4.7148061e-01 5.0005126e-01
 2.4246605e-02 1.7212797e-04 2.2906941e-06 5.1203788e-08]"
D:\Uni\Ulm\Master\Hiwi-Forschung-und-Lehre\FairFace\detected_faces\233252_face0.jpg,Middle Eastern,White,Male,30-39,"[2.6819098e-01 2.2001837e-04 2.9628554e-03 5.4697484e-06 2.1363461e-05
 8.1410421e-05 7.2851795e-01]",[9.9353170e-01 4.1886289e-03 1.4242375e-03 8.5533998e-04],[9.9999446e-01 5.5600481e-06],"[1.7624320e-06 3.9382714e-05 1.3260492e-03 1.9982049e-01 7.1007788e-01
 8.8043675e-02 6.8499101e-04 5.6989020e-06 1.1207043e-07]"
D:\Uni\Ulm\Master\Hiwi-Forschung-und-Lehre\FairFace\detected_faces\233286_face0.jpg,White,White,Male,20-29,"[7.8498435e-01 1.5886859e-03 1.8515900e-01 2.2991115e-04 4.9995130e-04
 7.1352144e-04 2.6824554e-02]",[9.8057055e-01 1.7125150e-02 9.1732497e-04 1.3870021e-03],[9.999993e-01 7.236189e-07],"[3.9556998e-08 9.5633222e-06 2.1465132e-02 8.9412010e-01 8.3276726e-02
 1.1224732e-03 5.8982823e-06 7.6034915e-08 1.2192316e-09]"
D:\Uni\Ulm\Master\Hiwi-Forschung-und-Lehre\FairFace\detected_faces\233328_face0.jpg,Middle Eastern,White,Male,20-29,"[1.02498956e-01 8.25591502e-04 1.05222814e-01 1.39389318e-04
 4.42772376e-04 1.08777760e-02 7.79992640e-01]",[9.5512551e-01 9.5020368e-04 5.5913096e-03 3.8332988e-02],[9.9998915e-01 1.0841261e-05],"[1.9428825e-07 4.5102624e-06 1.4701597e-03 4.9628165e-01 4.8955229e-01
 1.2640849e-02 4.9664162e-05 6.0069311e-07 9.5740260e-09]"
D:\Uni\Ulm\Master\Hiwi-Forschung-und-Lehre\FairFace\detected_faces\233406_face0.jpg,White,White,Male,30-39,"[6.5229368e-01 5.8872992e-04 1.2645552e-01 3.0941312e-04 1.2657745e-03
 7.2787626e-04 2.1835898e-01]",[0.99280244 0.00179141 0.00133228 0.00407383],[9.9999970e-01 3.4117463e-07],"[1.0407107e-05 6.3523548e-05 1.6491070e-03 2.2334085e-01 6.9185412e-01
 8.1748739e-02 1.3124425e-03 2.0586460e-05 2.1595628e-07]"
D:\Uni\Ulm\Master\Hiwi-Forschung-und-Lehre\FairFace\detected_faces\233826_face0.jpg,Indian,Black,Male,20-29,"[2.2388229e-03 2.8093418e-01 2.4413943e-01 9.5337906e-05 1.9535508e-03
 4.6271518e-01 7.9235258e-03]",[0.00213634 0.7678358  0.00490974 0.22511813],[9.9998736e-01 1.2606922e-05],"[8.9761454e-07 3.4135825e-05 9.5158555e-03 6.8403888e-01 2.9897514e-01
 7.3994370e-03 3.5109300e-05 4.8055699e-07 8.9775316e-09]"
D:\Uni\Ulm\Master\Hiwi-Forschung-und-Lehre\FairFace\detected_faces\233856_face0.jpg,White,White,Male,20-29,"[0.35955524 0.01020341 0.35771948 0.00080788 0.00183488 0.00609815
 0.26378083]",[0.94298744 0.00335316 0.0039149  0.04974453],[1.0000000e+00 3.4707977e-08],"[7.3113995e-07 1.5666541e-05 2.3297612e-03 6.5293801e-01 3.3775300e-01
 6.9259661e-03 3.6240130e-05 6.8021041e-07 7.7944486e-09]"
D:\Uni\Ulm\Master\Hiwi-Forschung-und-Lehre\FairFace\detected_faces\234148_face0.jpg,Black,Black,Male,20-29,"[9.50771948e-07 9.99992728e-01 5.19508376e-06 1.25579813e-08
 1.07219016e-07 7.74268813e-07 1.43217534e-07]",[5.4485838e-07 9.9999875e-01 4.2616537e-07 2.9311798e-07],[9.9928421e-01 7.1582024e-04],"[4.6690974e-07 1.2166747e-04 3.5735838e-02 7.6747841e-01 1.8372959e-01
 1.2754785e-02 1.7694419e-04 2.0963591e-06 2.1935267e-07]"
D:\Uni\Ulm\Master\Hiwi-Forschung-und-Lehre\FairFace\detected_faces\234230_face0.jpg,White,White,Male,30-39,"[9.99973357e-01 1.40136549e-07 2.22076164e-06 1.05569036e-07
 3.09053917e-07 3.33238233e-07 2.35243078e-05]",[9.9994737e-01 2.0754735e-06 1.2599346e-05 3.7900216e-05],[9.9999994e-01 6.2725874e-08],"[5.1204843e-06 2.1042451e-05 5.2815024e-04 1.5595661e-01 6.9706494e-01
 1.4081399e-01 5.5331686e-03 7.3912779e-05 2.9830198e-06]"
D:\Uni\Ulm\Master\Hiwi-Forschung-und-Lehre\FairFace\detected_faces\234232_face0.jpg,White,White,Male,20-29,"[9.9019331e-01 1.6429998e-05 6.3280069e-04 3.4452275e-06 8.0574173e-06
 4.6061803e-05 9.0998979e-03]",[9.9959052e-01 2.0115077e-04 5.6086214e-06 2.0264769e-04],[9.9995744e-01 4.2574022e-05],"[3.4775215e-07 2.9510091e-05 5.4375930e-03 8.0387419e-01 1.8932201e-01
 1.3325842e-03 3.6980639e-06 4.9038359e-08 2.3332238e-09]"
D:\Uni\Ulm\Master\Hiwi-Forschung-und-Lehre\FairFace\detected_faces\235386_face0.jpg,Middle Eastern,White,Male,30-39,"[2.8028154e-01 1.0764545e-03 3.9378617e-02 4.3428507e-05 1.3086190e-04
 7.4754714e-04 6.7834157e-01]",[9.9821460e-01 3.7032022e-04 2.9288072e-04 1.1221659e-03],[9.9999970e-01 3.1747126e-07],"[1.3089471e-05 4.6330810e-05 7.7185652e-04 9.0994865e-02 6.5294242e-01
 2.4421884e-01 1.0831019e-02 1.7965760e-04 1.9487629e-06]"
D:\Uni\Ulm\Master\Hiwi-Forschung-und-Lehre\FairFace\detected_faces\235400_face0.jpg,White,White,Male,20-29,"[3.8499287e-01 2.6119375e-03 3.0042630e-01 8.2238919e-05 6.1189855e-04
 1.1003145e-02 3.0027163e-01]",[0.971836   0.00648221 0.00315629 0.01852552],[9.9999720e-01 2.7768926e-06],"[1.1977236e-06 7.4498152e-05 3.9832294e-03 5.4570121e-01 4.3709403e-01
 1.3097212e-02 4.8055990e-05 5.1156707e-07 6.6655095e-09]"
D:\Uni\Ulm\Master\Hiwi-Forschung-und-Lehre\FairFace\detected_faces\235404_face0.jpg,Latino_Hispanic,White,Male,20-29,"[7.5790554e-02 5.4309531e-03 8.8251513e-01 4.2344018e-05 6.1919278e-04
 4.3618851e-03 3.1239988e-02]",[0.7420594  0.08547407 0.00323621 0.16923027],[9.9999946e-01 5.3103940e-07],"[4.4932627e-08 2.9182281e-06 9.3439706e-03 6.4833170e-01 3.1815588e-01
 2.3751674e-02 4.1071675e-04 3.0420485e-06 2.2894275e-08]"
D:\Uni\Ulm\Master\Hiwi-Forschung-und-Lehre\FairFace\detected_faces\235408_face0.jpg,White,White,Male,20-29,"[9.9966472e-01 9.8307703e-07 1.5163138e-04 2.9691023e-06 5.2161363e-06
 1.1021543e-06 1.7349194e-04]",[9.9912959e-01 6.9870026e-04 1.5592949e-04 1.5786720e-05],[9.9999720e-01 2.7470471e-06],"[1.6558485e-07 7.9882957e-05 3.2310273e-02 7.6131862e-01 2.0229906e-01
 3.9621405e-03 2.9676128e-05 1.7820878e-07 6.2129244e-09]"
D:\Uni\Ulm\Master\Hiwi-Forschung-und-Lehre\FairFace\detected_faces\235444_face0.jpg,White,White,Male,30-39,"[5.0600034e-01 1.2541423e-02 3.4759861e-01 3.3545417e-05 2.6359368e-04
 2.4112819e-02 1.0944964e-01]",[9.0551686e-01 1.8855181e-02 2.9101397e-04 7.5336985e-02],[9.9997300e-01 2.6963206e-05],"[1.7734310e-06 1.9184472e-05 1.4136008e-03 3.3303642e-01 6.1307377e-01
 5.1587503e-02 8.5335330e-04 1.4119742e-05 2.4347671e-07]"
D:\Uni\Ulm\Master\Hiwi-Forschung-und-Lehre\FairFace\detected_faces\235460_face0.jpg,White,White,Male,30-39,"[8.7371820e-01 1.6423305e-04 5.2110851e-02 1.0745583e-04 1.4415923e-04
 1.0722110e-02 6.3033000e-02]",[9.1903996e-01 5.0425355e-04 1.6075084e-03 7.8848280e-02],[9.9951530e-01 4.8470055e-04],"[2.9103353e-07 5.4913580e-06 2.7772569e-04 2.0513478e-01 7.1877211e-01
 7.5098969e-02 7.0763915e-04 2.8971940e-06 1.0039278e-07]"
D:\Uni\Ulm\Master\Hiwi-Forschung-und-Lehre\FairFace\detected_faces\235644_face0.jpg,Middle Eastern,White,Male,30-39,"[8.6330280e-02 5.4232043e-04 7.7160165e-02 9.3747738e-05 2.5716153e-04
 1.1835165e-02 8.2378119e-01]",[0.820486   0.01462542 0.021989   0.14289953],[9.9989760e-01 1.0239165e-04],"[1.6292983e-05 1.2419555e-04 3.8795818e-03 4.3987149e-01 5.2569205e-01
 3.0087676e-02 3.2436391e-04 4.1866078e-06 8.8002245e-08]"
D:\Uni\Ulm\Master\Hiwi-Forschung-und-Lehre\FairFace\detected_faces\235648_face0.jpg,Middle Eastern,Indian,Male,30-39,"[1.2912594e-01 1.3931337e-02 2.5964102e-01 6.2029490e-06 1.0506066e-04
 2.2179310e-01 3.7539732e-01]",[2.2590758e-02 3.6767658e-02 2.7294288e-04 9.4036859e-01],[9.9999642e-01 3.5908643e-06],"[1.0142645e-07 2.6882462e-06 5.6117459e-04 2.1309495e-01 7.4001724e-01
 4.6054687e-02 2.6632979e-04 2.8500071e-06 3.0827650e-08]"
D:\Uni\Ulm\Master\Hiwi-Forschung-und-Lehre\FairFace\detected_faces\235656_face0.jpg,White,White,Male,30-39,"[9.8524874e-01 5.7749792e-05 3.5910553e-04 2.3316263e-06 4.0559012e-06
 6.6224666e-06 1.4321392e-02]",[9.9824011e-01 1.2673676e-03 2.6954824e-04 2.2304706e-04],[9.999920e-01 8.032375e-06],"[1.02283093e-06 1.53395904e-05 2.33107858e-04 1.16720647e-01
 7.66574860e-01 1.15238644e-01 1.19870168e-03 1.71149404e-05
 5.46047545e-07]"
D:\Uni\Ulm\Master\Hiwi-Forschung-und-Lehre\FairFace\detected_faces\235672_face0.jpg,White,White,Male,30-39,"[0.5379009  0.00310864 0.22960396 0.00094169 0.00257159 0.0018305
 0.22404267]",[0.97608954 0.01949657 0.00277159 0.00164224],[9.9997771e-01 2.2292917e-05],"[3.3762726e-06 6.9625828e-05 4.3247310e-03 4.7992226e-01 4.9396908e-01
 2.1490231e-02 2.1734547e-04 3.2482335e-06 6.0339019e-08]"
D:\Uni\Ulm\Master\Hiwi-Forschung-und-Lehre\FairFace\detected_faces\237048_face0.jpg,White,White,Male,30-39,"[9.9993736e-01 2.2273090e-07 8.4116273e-06 7.6683961e-08 1.8770525e-07
 1.7218963e-07 5.3537333e-05]",[9.9998188e-01 8.3334608e-06 6.7147539e-06 3.1037146e-06],[9.9999774e-01 2.3328630e-06],"[2.5290714e-07 4.0555969e-06 3.6640457e-04 3.5094112e-01 6.2850124e-01
 2.0118088e-02 6.8017122e-05 8.3981081e-07 3.5897404e-08]"
D:\Uni\Ulm\Master\Hiwi-Forschung-und-Lehre\FairFace\detected_faces\237064_face0.jpg,Middle Eastern,White,Male,20-29,"[2.3946726e-01 2.6732122e-03 2.9063457e-01 1.4467552e-04 6.7608920e-04
 2.1031527e-03 4.6430108e-01]",[0.84249175 0.13450958 0.01219889 0.01079978],[9.9999851e-01 1.4814648e-06],"[1.89847071e-06 5.35695348e-04 9.61452425e-02 7.77902663e-01
 1.21829174e-01 3.54233244e-03 4.20118631e-05 8.98122039e-07
 1.02477538e-08]"
D:\Uni\Ulm\Master\Hiwi-Forschung-und-Lehre\FairFace\detected_faces\237068_face0.jpg,Latino_Hispanic,White,Male,20-29,"[3.0739221e-01 2.0994855e-02 6.5000027e-01 7.3753734e-05 6.6320552e-04
 1.5951777e-03 1.9280607e-02]",[0.683343   0.29236463 0.00868952 0.0156028 ],[9.9999994e-01 5.3745978e-08],"[2.1670836e-07 5.0468461e-06 3.1031622e-03 8.0282575e-01 1.9124311e-01
 2.8027771e-03 1.9655796e-05 3.1899447e-07 2.8701692e-09]"
D:\Uni\Ulm\Master\Hiwi-Forschung-und-Lehre\FairFace\detected_faces\238408_face0.jpg,Black,Black,Male,30-39,"[7.4245173e-07 9.9997956e-01 7.6478827e-06 1.5160863e-08 1.5170833e-07
 1.0815466e-05 1.0104226e-06]",[4.3222582e-07 9.9998993e-01 5.7997572e-06 3.8699500e-06],[9.9999535e-01 4.6486580e-06],"[4.1206297e-07 4.9378782e-06 5.5996142e-04 3.0555642e-01 6.1446720e-01
 7.8082785e-02 1.3074393e-03 1.9660365e-05 1.2099924e-06]"
D:\Uni\Ulm\Master\Hiwi-Forschung-und-Lehre\FairFace\detected_faces\238708_face0.jpg,Middle Eastern,White,Male,30-39,"[3.6528334e-02 8.4361173e-03 7.1361330e-03 9.0008996e-07 6.3981925e-06
 1.9553863e-04 9.4769657e-01]",[8.4618205e-01 1.5188029e-01 2.2765501e-04 1.7099656e-03],[1.0000000e+00 4.0703043e-08],"[2.95570271e-06 1.83188822e-04 5.86770801e-03 2.82223612e-01
 6.09010518e-01 1.00362666e-01 2.29517301e-03 5.33419079e-05
 7.66281460e-07]"
D:\Uni\Ulm\Master\Hiwi-Forschung-und-Lehre\FairFace\detected_faces\239632_face0.jpg,Black,Black,Male,20-29,"[5.3675658e-06 9.9930155e-01 3.6187455e-04 3.0292532e-07 8.7550270e-06
 2.6632086e-04 5.5925131e-05]",[4.9314272e-06 9.9993747e-01 1.3570494e-05 4.4030607e-05],[9.9999756e-01 2.4577018e-06],"[2.6245976e-08 6.3498492e-06 5.3140968e-03 5.7513118e-01 3.9679074e-01
 2.2567160e-02 1.8919799e-04 1.2893939e-06 2.3410447e-08]"
D:\Uni\Ulm\Master\Hiwi-Forschung-und-Lehre\FairFace\detected_faces\240256_face0.jpg,White,White,Male,20-29,"[9.9973798e-01 4.7764297e-05 7.1292685e-05 2.6269996e-05 6.3500549e-05
 1.8926088e-06 5.1331059e-05]",[9.9863613e-01 1.1254649e-03 2.2787639e-04 1.0585541e-05],[9.9999893e-01 1.1185302e-06],"[2.0826053e-06 9.2275339e-05 8.7267254e-03 5.4398239e-01 4.0487224e-01
 3.9262906e-02 2.9905622e-03 6.6538618e-05 4.2884485e-06]"
D:\Uni\Ulm\Master\Hiwi-Forschung-und-Lehre\FairFace\detected_faces\240560_face0.jpg,Black,Black,Male,30-39,"[5.3089952e-06 9.9991578e-01 2.7744583e-05 2.7654552e-09 6.9104154e-08
 3.2328397e-05 1.8653791e-05]",[3.3482170e-06 9.9998033e-01 3.6063298e-06 1.2735621e-05],[9.9999988e-01 1.1972001e-07],"[1.8609954e-08 3.4387633e-06 1.3377687e-03 3.4962976e-01 5.9715742e-01
 5.1552124e-02 3.1689162e-04 2.5042073e-06 4.0149231e-08]"
D:\Uni\Ulm\Master\Hiwi-Forschung-und-Lehre\FairFace\detected_faces\241488_face0.jpg,White,White,Male,20-29,"[7.1333927e-01 1.7199520e-02 7.5667337e-02 2.6973645e-04 1.6915664e-03
 6.4171123e-04 1.9119091e-01]",[0.5070862  0.45822987 0.02302103 0.01166284],[9.999649e-01 3.512730e-05],"[8.5202901e-06 7.6563499e-04 3.5327826e-02 4.1824549e-01 4.1350988e-01
 1.2046549e-01 1.1345686e-02 3.2009496e-04 1.1358009e-05]"
D:\Uni\Ulm\Master\Hiwi-Forschung-und-Lehre\FairFace\detected_faces\241812_face0.jpg,White,White,Male,20-29,"[4.8836714e-01 3.2957725e-04 1.1338466e-01 1.2529269e-04 4.1204621e-04
 9.2864281e-04 3.9645270e-01]",[0.944465   0.00958348 0.00614891 0.03980267],[9.9999017e-01 9.8419141e-06],"[4.6677282e-08 1.0008100e-05 9.3711093e-03 8.6678088e-01 1.2303125e-01
 8.0548314e-04 1.2389802e-06 1.5004611e-08 2.7953015e-10]"
D:\Uni\Ulm\Master\Hiwi-Forschung-und-Lehre\FairFace\detected_faces\242211_face0.jpg,White,White,Male,30-39,"[6.1255080e-01 3.3775412e-02 2.4654940e-01 8.6893873e-05 3.6806666e-04
 6.1681792e-03 1.0050130e-01]",[0.93798727 0.04168553 0.0081977  0.01212951],[9.9999779e-01 2.2340919e-06],"[4.1517200e-07 3.3642709e-06 7.2795228e-05 4.9822632e-02 7.1806008e-01
 2.2909828e-01 2.9257797e-03 1.6447071e-05 1.8639922e-07]"
D:\Uni\Ulm\Master\Hiwi-Forschung-und-Lehre\FairFace\detected_faces\242327_face0.jpg,White,White,Male,30-39,"[5.5815315e-01 8.4575404e-05 1.5845628e-02 3.9500997e-06 3.0392193e-05
 1.1831817e-03 4.2469916e-01]",[9.9279082e-01 9.5254614e-04 1.0015910e-04 6.1564543e-03],[9.9999923e-01 8.1547876e-07],"[4.7610357e-07 1.0091279e-05 8.7329221e-04 4.0788814e-01 5.7008672e-01
 2.1063956e-02 7.6527584e-05 8.0231797e-07 1.0875952e-08]"
D:\Uni\Ulm\Master\Hiwi-Forschung-und-Lehre\FairFace\detected_faces\243049_face0.jpg,White,White,Male,30-39,"[7.8064388e-01 1.4145523e-03 4.6037510e-02 3.9778279e-05 8.7230052e-05
 6.1795895e-04 1.7115916e-01]",[0.97616976 0.00385972 0.01184802 0.00812249],[9.9999821e-01 1.7771555e-06],"[8.39052007e-07 4.63748347e-06 1.43173282e-04 1.11712046e-01
 7.84520149e-01 1.02414191e-01 1.19332364e-03 1.14787790e-05
 1.47206904e-07]"
D:\Uni\Ulm\Master\Hiwi-Forschung-und-Lehre\FairFace\detected_faces\243175_face0.jpg,Latino_Hispanic,Black,Male,30-39,"[5.3923778e-02 2.6999894e-01 4.6582964e-01 1.1864477e-04 7.4247591e-04
 2.3082793e-03 2.0707823e-01]",[0.16090932 0.80293125 0.01764683 0.01851255],[9.9999797e-01 2.0189216e-06],"[3.0096608e-06 2.7310904e-04 1.1855787e-02 3.2175431e-01 5.9256947e-01
 7.2649404e-02 8.8803220e-04 6.8485938e-06 8.9185122e-08]"
D:\Uni\Ulm\Master\Hiwi-Forschung-und-Lehre\FairFace\detected_faces\243181_face0.jpg,White,White,Male,20-29,"[4.9811161e-01 1.4493555e-04 1.4729850e-01 2.8816139e-04 5.7615008e-04
 5.5818763e-03 3.4799883e-01]",[9.9370825e-01 3.9023880e-04 1.8830155e-03 4.0185419e-03],[9.9993163e-01 6.8375550e-05],"[1.0680832e-05 3.3346273e-04 1.0199146e-02 5.3168082e-01 4.4140089e-01
 1.6284660e-02 8.8951529e-05 1.3817378e-06 2.2673889e-08]"
D:\Uni\Ulm\Master\Hiwi-Forschung-und-Lehre\FairFace\detected_faces\243585_face0.jpg,Black,Black,Male,20-29,"[3.0162860e-02 7.7007419e-01 1.8046699e-01 3.7040008e-05 4.6108817e-04
 2.4503781e-03 1.6347436e-02]",[4.8617505e-02 9.2417836e-01 5.3181901e-04 2.6672376e-02],[9.9999964e-01 3.5845233e-07],"[1.27339854e-06 1.51580989e-05 7.15413596e-03 5.96122444e-01
 3.47399235e-01 4.71256264e-02 2.07801652e-03 1.01832695e-04
 2.28015665e-06]"
D:\Uni\Ulm\Master\Hiwi-Forschung-und-Lehre\FairFace\detected_faces\243609_face0.jpg,White,White,Male,30-39,"[8.95941198e-01 2.97184219e-04 4.89238538e-02 6.05656933e-05
 1.15225084e-04 3.84779787e-03 5.08141741e-02]",[9.9500835e-01 1.5797532e-04 9.0578076e-04 3.9278986e-03],[9.998623e-01 1.376454e-04],"[1.4389144e-06 2.4984884e-05 5.2480382e-04 1.1001106e-01 7.3637897e-01
 1.5114151e-01 1.9053709e-03 1.1651955e-05 2.2488409e-07]"
D:\Uni\Ulm\Master\Hiwi-Forschung-und-Lehre\FairFace\detected_faces\243623_face0.jpg,Black,Black,Male,20-29,"[4.7471140e-06 9.9908227e-01 7.5767988e-05 5.9652074e-08 2.6332564e-06
 8.0760469e-04 2.6976322e-05]",[1.6671096e-05 9.9945372e-01 1.2755945e-04 4.0203243e-04],[1.000000e+00 3.800622e-08],"[3.4045069e-08 1.6914350e-05 7.9967910e-03 6.6236013e-01 3.0451006e-01
 2.4736900e-02 3.7517556e-04 3.8707917e-06 6.5238098e-08]"
D:\Uni\Ulm\Master\Hiwi-Forschung-und-Lehre\FairFace\detected_faces\243693_face0.jpg,Black,Black,Male,30-39,"[6.27056463e-03 5.14210761e-01 4.60947484e-01 8.24313684e-05
 1.80319615e-03 6.62324345e-03 1.00623155e-02]",[0.00744945 0.95973426 0.00188126 0.03093507],[9.9999988e-01 1.6917745e-07],"[7.2369903e-06 2.5842841e-05 4.6653152e-03 3.7591052e-01 5.1757175e-01
 9.7597234e-02 4.1029505e-03 1.1737149e-04 1.8021649e-06]"
D:\Uni\Ulm\Master\Hiwi-Forschung-und-Lehre\FairFace\detected_faces\243719_face0.jpg,Black,Black,Male,20-29,"[9.3901884e-03 6.8103415e-01 2.1323146e-01 9.0714002e-06 1.9320873e-04
 2.2992162e-02 7.3149785e-02]",[1.6685372e-03 9.9189931e-01 3.2228992e-05 6.3999100e-03],[9.9999982e-01 2.1198842e-07],"[1.9644126e-08 2.3824507e-06 3.0631649e-03 6.5542185e-01 3.3600605e-01
 5.4837456e-03 2.2553999e-05 1.5869558e-07 2.5875588e-09]"
D:\Uni\Ulm\Master\Hiwi-Forschung-und-Lehre\FairFace\detected_faces\245159_face0.jpg,White,White,Male,20-29,"[4.7478163e-01 6.6554471e-04 9.0271212e-02 5.6361954e-05 2.4704056e-04
 2.8176166e-03 4.3116057e-01]",[9.5574909e-01 5.8771959e-03 6.5106433e-04 3.7722602e-02],[9.9996668e-01 3.3306922e-05],"[5.3237005e-07 4.8869406e-05 3.5277130e-03 5.6799686e-01 4.2104608e-01
 7.3644863e-03 1.5362408e-05 1.2886784e-07 2.8197296e-09]"
D:\Uni\Ulm\Master\Hiwi-Forschung-und-Lehre\FairFace\detected_faces\246319_face0.jpg,White,White,Male,20-29,"[9.9712944e-01 7.8932979e-05 1.4444940e-03 8.2408871e-05 1.6222600e-04
 1.3747944e-05 1.0887543e-03]",[9.9496323e-01 3.9926660e-03 9.6083159e-04 8.3265244e-05],[9.999997e-01 3.071102e-07],"[1.9769072e-06 2.0828853e-04 1.4245575e-02 7.6911008e-01 2.1192442e-01
 4.4726003e-03 3.6436442e-05 5.8766886e-07 1.9626157e-08]"
D:\Uni\Ulm\Master\Hiwi-Forschung-und-Lehre\FairFace\detected_faces\246431_face0.jpg,White,White,Male,50-59,"[9.9308878e-01 2.4602261e-05 7.9638080e-04 1.5068913e-04 1.4638690e-04
 2.5048577e-05 5.7681459e-03]",[9.9411029e-01 4.0061581e-03 1.6362702e-03 2.4728006e-04],[9.999994e-01 5.770582e-07],"[1.5914005e-05 1.0619348e-05 2.6513290e-04 6.3393526e-03 5.9042674e-02
 3.0382854e-01 5.4329962e-01 8.6029366e-02 1.1687974e-03]"
D:\Uni\Ulm\Master\Hiwi-Forschung-und-Lehre\FairFace\detected_faces\246999_face0.jpg,Latino_Hispanic,White,Male,20-29,"[0.16117771 0.01120594 0.7278491  0.00082312 0.00441388 0.00214421
 0.09238598]",[0.8243675  0.12695673 0.03621338 0.01246241],[9.999993e-01 7.695856e-07],"[1.3922256e-06 2.9025383e-05 6.2883222e-03 6.5638357e-01 3.2839251e-01
 8.8122906e-03 9.1248017e-05 1.5414487e-06 2.1925414e-08]"
D:\Uni\Ulm\Master\Hiwi-Forschung-und-Lehre\FairFace\detected_faces\247327_face0.jpg,White,White,Male,20-29,"[9.9952042e-01 7.9505817e-06 2.0147035e-04 6.1743305e-07 2.3043401e-06
 2.8188640e-06 2.6453589e-04]",[9.9984503e-01 1.2736009e-04 1.6592077e-05 1.1029905e-05],[9.9999994e-01 1.0515346e-07],"[1.6330459e-07 2.2735636e-05 2.1842761e-02 8.1499285e-01 1.5460910e-01
 8.3707916e-03 1.5895817e-04 2.5797494e-06 4.6890552e-08]"
D:\Uni\Ulm\Master\Hiwi-Forschung-und-Lehre\FairFace\detected_faces\247419_face0.jpg,Black,Black,Male,30-39,"[1.8459748e-03 9.7845191e-01 1.3472999e-02 7.9860156e-06 5.9185229e-05
 4.7366481e-04 5.6883288e-03]",[4.7931483e-04 9.9868757e-01 5.8914203e-04 2.4402329e-04],[9.999927e-01 7.269102e-06],"[2.73578030e-06 3.86851716e-05 8.24154064e-04 1.75183386e-01
 7.12072372e-01 1.11035168e-01 8.30122619e-04 1.30604985e-05
 3.03765745e-07]"
D:\Uni\Ulm\Master\Hiwi-Forschung-und-Lehre\FairFace\detected_faces\247459_face0.jpg,White,White,Male,20-29,"[9.9113792e-01 1.4176297e-04 1.2956845e-03 6.0339738e-07 5.1386628e-06
 5.4644068e-05 7.3643792e-03]",[9.9079329e-01 6.6668703e-03 7.2146329e-05 2.4676938e-03],[9.9999964e-01 3.5764799e-07],"[3.9293982e-07 1.9102248e-05 3.9276588e-03 6.6443831e-01 3.1862465e-01
 1.2665952e-02 3.1378295e-04 9.8840655e-06 2.1045635e-07]"
D:\Uni\Ulm\Master\Hiwi-Forschung-und-Lehre\FairFace\detected_faces\248125_face0.jpg,White,White,Male,30-39,"[5.4305887e-01 3.5631415e-04 2.5529219e-02 1.1142407e-06 1.4371590e-05
 7.0942892e-04 4.3033072e-01]",[9.6835291e-01 2.5850335e-02 2.8634511e-04 5.5103800e-03],[1.0000000e+00 1.4823191e-08],"[3.1220873e-09 4.2181614e-07 4.5969526e-04 4.9028578e-01 4.9660525e-01
 1.2602560e-02 4.6122830e-05 1.3983252e-07 1.4247181e-09]"
D:\Uni\Ulm\Master\Hiwi-Forschung-und-Lehre\FairFace\detected_faces\249251_face0.jpg,Middle Eastern,Black,Male,30-39,"[1.0009323e-01 8.9530544e-03 4.9323598e-03 1.4672711e-06 1.7039101e-05
 1.5641865e-03 8.8443869e-01]",[4.5950505e-01 5.3203553e-01 5.0002818e-05 8.4094433e-03],[9.9999917e-01 7.9073089e-07],"[5.1305648e-07 5.0442245e-06 3.9489716e-04 1.0392018e-01 7.0147741e-01
 1.8490474e-01 9.1743898e-03 1.1981768e-04 3.0060435e-06]"
D:\Uni\Ulm\Master\Hiwi-Forschung-und-Lehre\FairFace\detected_faces\249393_face0.jpg,White,White,Male,30-39,"[7.8328878e-01 4.0238694e-04 8.3818667e-02 6.5800406e-05 1.1040300e-04
 2.1348281e-03 1.3017915e-01]",[9.9776620e-01 6.9639971e-04 5.6179217e-04 9.7556075e-04],[9.9999917e-01 8.2456393e-07],"[7.9770473e-07 4.0810628e-06 1.9150411e-04 7.2770931e-02 7.1563482e-01
 2.0917284e-01 2.2056815e-03 1.9288269e-05 1.5298235e-07]"
D:\Uni\Ulm\Master\Hiwi-Forschung-und-Lehre\FairFace\detected_faces\249399_face0.jpg,White,White,Male,20-29,"[9.2247373e-01 9.3499315e-05 1.5639720e-02 1.0315020e-04 2.0458319e-04
 7.5746779e-05 6.1409548e-02]",[9.9948317e-01 4.5061479e-05 2.3195017e-04 2.3980311e-04],[9.9999923e-01 7.5507177e-07],"[5.3938902e-07 1.3608496e-05 2.1407090e-03 5.8822751e-01 3.9915222e-01
 1.0407165e-02 5.7060308e-05 1.2064280e-06 1.7618277e-08]"
D:\Uni\Ulm\Master\Hiwi-Forschung-und-Lehre\FairFace\detected_faces\249437_face0.jpg,Middle Eastern,White,Male,20-29,"[0.23590964 0.00534631 0.37049666 0.00047209 0.0018965  0.00565062
 0.3802281 ]",[0.9637541  0.0178259  0.01361392 0.00480609],[9.999475e-01 5.255143e-05],"[4.0754426e-06 5.3953860e-05 3.4564179e-03 5.1757413e-01 4.6649781e-01
 1.2320639e-02 9.0346693e-05 2.6204123e-06 6.1991841e-08]"
D:\Uni\Ulm\Master\Hiwi-Forschung-und-Lehre\FairFace\detected_faces\249627_face0.jpg,Black,Black,Male,20-29,"[2.5572979e-06 9.9983096e-01 2.0171497e-05 1.0127744e-06 6.1747298e-05
 8.2706771e-05 7.7492444e-07]",[1.2842952e-05 9.9993098e-01 4.4820834e-05 1.1355326e-05],[9.9982941e-01 1.7059295e-04],"[7.5568263e-09 4.4677896e-07 1.5220131e-03 5.4524577e-01 4.3126813e-01
 2.1439705e-02 5.1787600e-04 5.6334475e-06 4.2359605e-07]"
D:\Uni\Ulm\Master\Hiwi-Forschung-und-Lehre\FairFace\detected_faces\249629_face0.jpg,Middle Eastern,White,Male,30-39,"[5.6975201e-02 2.8176329e-04 1.8430565e-02 4.0839967e-07 7.0361093e-06
 1.4524538e-02 9.0978050e-01]",[5.8912194e-01 1.8197380e-02 2.0196124e-04 3.9247873e-01],[9.9999964e-01 3.5753956e-07],"[1.2404569e-08 2.8003504e-07 6.9783484e-05 1.2051412e-01 7.9973578e-01
 7.9417191e-02 2.6163273e-04 1.1992198e-06 1.0789410e-08]"
D:\Uni\Ulm\Master\Hiwi-Forschung-und-Lehre\FairFace\detected_faces\249657_face0.jpg,White,White,Male,30-39,"[9.03008521e-01 1.09716246e-04 2.59859320e-02 5.63700814e-06
 2.50318190e-05 4.83051444e-05 7.08168447e-02]",[9.9508953e-01 3.5188196e-03 6.3605921e-04 7.5563032e-04],[9.999957e-01 4.297743e-06],"[8.1080287e-08 1.8915059e-06 8.2290306e-04 3.5946772e-01 6.1147553e-01
 2.8021198e-02 2.0733310e-04 3.3412193e-06 4.1644032e-08]"
D:\Uni\Ulm\Master\Hiwi-Forschung-und-Lehre\FairFace\detected_faces\249829_face0.jpg,Latino_Hispanic,White,Male,20-29,"[0.16645293 0.01108627 0.7424201  0.00193142 0.00797593 0.0019901
 0.06814322]",[0.59050685 0.27225426 0.1291561  0.00808275],[9.9997985e-01 2.0158537e-05],"[1.6500321e-07 5.4456204e-06 2.0531567e-02 6.6160548e-01 2.8583881e-01
 3.0618899e-02 1.3798631e-03 1.9504865e-05 2.6350418e-07]"
D:\Uni\Ulm\Master\Hiwi-Forschung-und-Lehre\FairFace\detected_faces\249893_face0.jpg,Middle Eastern,White,Male,30-39,"[2.5125480e-01 1.0825031e-03 1.4216378e-01 7.4676667e-05 2.5617331e-04
 4.8407698e-03 6.0032731e-01]",[0.9909383  0.00519136 0.00123066 0.0026397 ],[9.996930e-01 3.070313e-04],"[6.6032553e-06 1.4467181e-04 2.3834126e-03 2.5279567e-01 6.8980306e-01
 5.4326415e-02 5.3187116e-04 8.1513745e-06 1.5880271e-07]"
D:\Uni\Ulm\Master\Hiwi-Forschung-und-Lehre\FairFace\detected_faces\249929_face0.jpg,Latino_Hispanic,White,Male,10-19,"[0.24055624 0.00120047 0.6819842  0.00776705 0.01989681 0.00800186
 0.04059338]",[0.8431941  0.01152506 0.03012417 0.11515662],[9.9999982e-01 1.8665908e-07],"[4.2195683e-07 2.1756843e-03 7.7160645e-01 2.2114654e-01 4.9758358e-03
 9.4331925e-05 5.7724844e-07 1.8255422e-08 1.8853148e-10]"
D:\Uni\Ulm\Master\Hiwi-Forschung-und-Lehre\FairFace\detected_faces\250133_face0.jpg,Middle Eastern,Indian,Male,30-39,"[4.4010751e-02 1.9012190e-02 3.8461906e-01 6.5553591e-05 6.4347219e-04
 1.0952031e-01 4.4212866e-01]",[0.15493795 0.14417778 0.01332862 0.6875556 ],[9.9999595e-01 4.0756076e-06],"[8.5433697e-07 1.2176288e-05 4.1682218e-04 1.7472391e-01 7.5129205e-01
 7.3101394e-02 4.5043012e-04 2.3341054e-06 3.1481513e-08]"
D:\Uni\Ulm\Master\Hiwi-Forschung-und-Lehre\FairFace\detected_faces\250211_face0.jpg,Middle Eastern,White,Male,30-39,"[7.2122850e-03 1.1397268e-06 7.8391226e-04 3.6048587e-07 1.7310056e-06
 9.8695431e-04 9.9101365e-01]",[9.5272803e-01 1.1530975e-04 1.2575991e-04 4.7030892e-02],[9.9994636e-01 5.3657623e-05],"[3.1728970e-04 1.6523584e-03 1.7366007e-02 1.8002771e-01 4.4631112e-01
 3.3433694e-01 1.9491799e-02 4.8349562e-04 1.3336521e-05]"
D:\Uni\Ulm\Master\Hiwi-Forschung-und-Lehre\FairFace\detected_faces\250219_face0.jpg,White,White,Male,20-29,"[9.6212357e-01 1.4246069e-05 2.0894574e-02 6.7413307e-06 2.3192091e-05
 8.0059901e-05 1.6857592e-02]",[9.9986076e-01 4.4824128e-06 5.9573009e-05 7.5137665e-05],[1.0000000e+00 1.5102165e-08],"[4.7027521e-07 2.5809906e-05 2.5655849e-02 7.8001857e-01 1.9027711e-01
 4.0073711e-03 1.4636146e-05 2.0000765e-07 1.0363651e-09]"
D:\Uni\Ulm\Master\Hiwi-Forschung-und-Lehre\FairFace\detected_faces\250223_face0.jpg,White,White,Male,20-29,"[9.3624902e-01 5.3543001e-05 2.3089400e-03 9.8039854e-05 1.5043309e-04
 9.6313321e-05 6.1043814e-02]",[9.9366647e-01 5.7808118e-04 2.1464890e-03 3.6090170e-03],[9.999997e-01 2.823847e-07],"[4.8181852e-07 1.3490711e-05 2.0857651e-03 5.8648849e-01 4.0017423e-01
 1.1175755e-02 6.0598846e-05 1.2621630e-06 2.2131502e-08]"
D:\Uni\Ulm\Master\Hiwi-Forschung-und-Lehre\FairFace\detected_faces\250423_face0.jpg,Middle Eastern,White,Male,20-29,"[3.1293887e-01 3.6358514e-03 1.6295007e-01 1.0918655e-04 3.8469970e-04
 2.2636105e-03 5.1771772e-01]",[0.9560724  0.01645347 0.00887695 0.01859719],[9.999854e-01 1.459907e-05],"[5.5487203e-07 1.6736767e-05 3.3940205e-03 5.6862861e-01 4.1071424e-01
 1.7114937e-02 1.2799221e-04 2.8477623e-06 5.7537953e-08]"
D:\Uni\Ulm\Master\Hiwi-Forschung-und-Lehre\FairFace\detected_faces\250425_face0.jpg,White,White,Male,20-29,"[5.9990346e-01 5.7496619e-04 1.7058519e-01 7.4990174e-05 2.4475504e-04
 2.9413039e-03 2.2567537e-01]",[9.9644870e-01 7.8704552e-04 3.7780424e-04 2.3864983e-03],[9.9996156e-01 3.8399725e-05],"[6.0165316e-06 2.9929506e-04 1.6405158e-02 5.4088962e-01 4.1997176e-01
 2.2228828e-02 1.9751412e-04 1.8524324e-06 2.2580128e-08]"
D:\Uni\Ulm\Master\Hiwi-Forschung-und-Lehre\FairFace\detected_faces\250477_face0.jpg,Black,Black,Male,20-29,"[1.0584241e-04 9.8500413e-01 1.2509373e-02 5.4124484e-06 2.7178045e-04
 1.9947209e-03 1.0873822e-04]",[7.8476813e-05 9.9800116e-01 4.9187586e-04 1.4284914e-03],[9.9985075e-01 1.4927881e-04],"[1.4847489e-06 4.4447759e-05 1.4364048e-02 5.6029069e-01 3.6401486e-01
 5.8627430e-02 2.6133764e-03 4.2554064e-05 1.1377929e-06]"
D:\Uni\Ulm\Master\Hiwi-Forschung-und-Lehre\FairFace\detected_faces\250501_face0.jpg,Black,Black,Male,20-29,"[3.8504922e-07 9.9998045e-01 7.5555154e-06 4.4291659e-09 8.9190841e-08
 1.0479897e-05 1.0039437e-06]",[6.3353076e-07 9.9999464e-01 8.1243536e-07 3.9676015e-06],[9.9999487e-01 5.1202064e-06],"[1.8430327e-08 1.1867019e-05 2.1994539e-02 8.5198569e-01 1.2269370e-01
 3.2906390e-03 2.3283406e-05 2.4978326e-07 9.5973780e-09]"
D:\Uni\Ulm\Master\Hiwi-Forschung-und-Lehre\FairFace\detected_faces\250547_face0.jpg,White,White,Male,20-29,"[7.3642355e-01 9.2391174e-06 5.3656418e-03 1.0457363e-05 2.5370204e-05
 1.4538261e-04 2.5802043e-01]",[9.9673772e-01 5.7982863e-04 2.6639874e-04 2.4161027e-03],[9.9999970e-01 2.8857667e-07],"[1.1082427e-07 1.4527557e-05 3.4671819e-03 6.8816465e-01 3.0378899e-01
 4.5585930e-03 5.8548962e-06 3.4368934e-08 3.6190009e-10]"
D:\Uni\Ulm\Master\Hiwi-Forschung-und-Lehre\FairFace\detected_faces\250567_face0.jpg,White,White,Male,20-29,"[9.9773866e-01 1.9763854e-04 2.2644614e-04 2.9391981e-07 8.5962796e-07
 2.5208492e-06 1.8334930e-03]",[9.6110320e-01 3.8358171e-02 2.0830749e-04 3.3036905e-04],[9.999385e-01 6.152492e-05],"[1.3923842e-07 7.1973955e-05 4.5414343e-03 6.4992964e-01 3.4198424e-01
 3.4655817e-03 6.9404364e-06 6.1858074e-08 1.5010518e-09]"
D:\Uni\Ulm\Master\Hiwi-Forschung-und-Lehre\FairFace\detected_faces\250737_face0.jpg,White,White,Male,20-29,"[9.7398108e-01 5.4387860e-05 1.2729386e-02 2.9400107e-05 5.4909771e-05
 1.2275246e-04 1.3028076e-02]",[9.9851710e-01 7.6290533e-05 1.1581148e-03 2.4850282e-04],[9.9999946e-01 5.6326104e-07],"[5.0665726e-08 2.0206473e-06 3.0341424e-04 5.8896899e-01 4.0749207e-01
 3.2295557e-03 3.8596463e-06 2.5318240e-08 3.6162848e-10]"
D:\Uni\Ulm\Master\Hiwi-Forschung-und-Lehre\FairFace\detected_faces\250909_face0.jpg,White,White,Male,30-39,"[9.3727386e-01 1.3982836e-05 3.5733522e-03 4.1768176e-06 6.4304854e-06
 4.8213545e-04 5.8646109e-02]",[9.9983150e-01 7.3736146e-07 2.7893248e-06 1.6503216e-04],[9.999903e-01 9.744467e-06],"[2.11848274e-07 5.02409148e-06 1.15170275e-04 9.99697149e-02
 8.39263439e-01 6.05547875e-02 9.13105105e-05 2.96686380e-07
 4.27559366e-09]"
D:\Uni\Ulm\Master\Hiwi-Forschung-und-Lehre\FairFace\detected_faces\250931_face0.jpg,White,White,Male,30-39,"[9.8218179e-01 5.7051016e-06 3.2908968e-03 1.0940154e-06 8.8979014e-06
 6.6650490e-04 1.3845175e-02]",[9.9351782e-01 5.8133690e-05 3.0118104e-05 6.3939248e-03],[9.9933094e-01 6.6901668e-04],"[2.1842338e-07 1.6808097e-05 1.3983240e-03 2.5716096e-01 6.8308187e-01
 5.8140468e-02 2.0055591e-04 7.9952360e-07 1.7824878e-08]"
D:\Uni\Ulm\Master\Hiwi-Forschung-und-Lehre\FairFace\detected_faces\251907_face0.jpg,Latino_Hispanic,White,Male,30-39,"[9.5491171e-02 1.5584935e-04 4.7521392e-01 2.3708860e-03 4.6153953e-03
 5.9291486e-02 3.6286125e-01]",[9.032462e-01 7.635559e-05 8.031853e-03 8.864561e-02],[9.9997211e-01 2.7888107e-05],"[8.7557291e-06 9.6461350e-05 1.9575979e-03 2.0178781e-01 6.8450534e-01
 1.1060201e-01 1.0300004e-03 1.1870170e-05 1.4523076e-07]"
D:\Uni\Ulm\Master\Hiwi-Forschung-und-Lehre\FairFace\detected_faces\252095_face0.jpg,Latino_Hispanic,White,Male,30-39,"[2.4433480e-01 3.7580810e-02 4.5584410e-01 5.4624807e-06 4.2007221e-05
 4.8937295e-02 2.1325554e-01]",[0.5106473  0.22072974 0.00349452 0.26512837],[9.999974e-01 2.622026e-06],"[2.4145425e-07 8.8054878e-07 3.3328473e-05 4.3315120e-02 7.3117471e-01
 2.2203892e-01 3.4166675e-03 2.0119445e-05 1.1454063e-07]"
D:\Uni\Ulm\Master\Hiwi-Forschung-und-Lehre\FairFace\detected_faces\252123_face0.jpg,White,White,Male,20-29,"[9.9260265e-01 8.2950237e-06 2.3248638e-03 2.3436471e-04 2.4527396e-04
 1.1787520e-05 4.5728213e-03]",[9.9308461e-01 7.8390591e-04 3.8612150e-03 2.2702983e-03],[1.0000000e+00 7.8010585e-09],"[3.5593317e-08 2.4209930e-06 1.6223792e-03 7.3624170e-01 2.5881448e-01
 3.3054315e-03 1.3369905e-05 1.3036043e-07 1.2993198e-09]"
D:\Uni\Ulm\Master\Hiwi-Forschung-und-Lehre\FairFace\detected_faces\252215_face0.jpg,White,White,Male,20-29,"[9.9869674e-01 1.8015457e-05 6.4056524e-04 1.4623142e-05 5.5142726e-05
 3.5900189e-06 5.7130947e-04]",[9.9878830e-01 7.2554010e-04 4.6107284e-04 2.5024992e-05],[9.9997652e-01 2.3516528e-05],"[3.03846832e-08 6.37518087e-06 1.19774025e-02 8.35287809e-01
 1.49035394e-01 3.64860543e-03 4.38239804e-05 5.12675570e-07
 2.23888605e-08]"
D:\Uni\Ulm\Master\Hiwi-Forschung-und-Lehre\FairFace\detected_faces\252313_face0.jpg,Latino_Hispanic,White,Male,20-29,"[3.8463560e-01 8.7579126e-03 5.3327227e-01 1.3775814e-04 3.4403527e-04
 6.5263552e-03 6.6326074e-02]",[0.58298886 0.36682278 0.00310519 0.04708311],[9.9999899e-01 1.0068903e-06],"[1.2702087e-06 6.9986192e-05 9.3659163e-03 5.6026703e-01 4.0221858e-01
 2.7753022e-02 3.1952231e-04 4.5685128e-06 6.7607154e-08]"
D:\Uni\Ulm\Master\Hiwi-Forschung-und-Lehre\FairFace\detected_faces\252343_face0.jpg,Latino_Hispanic,White,Male,30-39,"[1.3631913e-01 1.1937193e-02 6.9649923e-01 2.3170078e-05 2.6170717e-04
 2.6021354e-02 1.2893823e-01]",[0.8291073  0.1047425  0.00466055 0.0614897 ],[9.9999756e-01 2.4370709e-06],"[1.7390972e-05 1.3587091e-04 3.6915070e-03 3.4762341e-01 5.8939976e-01
 5.8207944e-02 9.0216956e-04 2.1701895e-05 2.2393829e-07]"
D:\Uni\Ulm\Master\Hiwi-Forschung-und-Lehre\FairFace\detected_faces\252457_face0.jpg,Latino_Hispanic,White,Male,30-39,"[2.7229905e-01 1.7425038e-02 5.0809449e-01 1.1661445e-05 9.4292322e-05
 1.8289804e-02 1.8378572e-01]",[9.7176170e-01 6.0634417e-03 3.3564912e-04 2.1839110e-02],[9.9999827e-01 1.7377405e-06],"[1.09788391e-06 1.05886593e-05 1.06987974e-03 3.76891434e-01
 6.01601481e-01 2.02948675e-02 1.29643420e-04 9.53365145e-07
 1.13826255e-08]"
D:\Uni\Ulm\Master\Hiwi-Forschung-und-Lehre\FairFace\detected_faces\252613_face0.jpg,White,White,Male,20-29,"[4.6638805e-01 2.0853458e-04 3.2014486e-01 5.3893623e-04 1.1274719e-03
 2.9971169e-03 2.0859511e-01]",[0.9634503  0.00177583 0.00160834 0.03316556],[9.9999344e-01 6.5663489e-06],"[1.7510889e-08 1.0623895e-06 1.7124988e-03 7.2321981e-01 2.7196291e-01
 3.0980220e-03 5.6406780e-06 5.4283952e-08 7.1800116e-10]"
D:\Uni\Ulm\Master\Hiwi-Forschung-und-Lehre\FairFace\detected_faces\252669_face0.jpg,White,White,Male,30-39,"[9.97108936e-01 5.72543941e-05 1.29636726e-03 1.13650934e-07
 6.18261595e-07 1.46498560e-05 1.52207376e-03]",[9.9870294e-01 8.0552587e-04 5.5094919e-05 4.3646529e-04],[9.9999905e-01 9.7949817e-07],"[4.5269464e-09 2.5463154e-07 3.8261665e-04 3.6316365e-01 5.7886130e-01
 5.6795519e-02 7.9144549e-04 5.1383226e-06 7.0172817e-08]"
D:\Uni\Ulm\Master\Hiwi-Forschung-und-Lehre\FairFace\detected_faces\252777_face0.jpg,White,White,Male,20-29,"[7.5940287e-01 2.9472154e-05 9.2489691e-03 9.0332003e-05 1.1317732e-04
 7.6041928e-05 2.3103914e-01]",[9.96774375e-01 1.15065995e-04 5.35814557e-04 2.57479539e-03],[9.9988544e-01 1.1459478e-04],"[2.4128652e-09 1.4950538e-06 4.9129654e-02 9.2660540e-01 2.4058860e-02
 2.0384805e-04 8.1675364e-07 1.3267204e-08 2.5321348e-10]"
D:\Uni\Ulm\Master\Hiwi-Forschung-und-Lehre\FairFace\detected_faces\252821_face0.jpg,Black,Black,Male,30-39,"[2.2457646e-06 9.9982607e-01 7.3239091e-05 8.9511126e-08 3.0857930e-06
 9.2761016e-05 2.5314821e-06]",[7.7138820e-06 9.9942416e-01 3.3480861e-05 5.3459359e-04],[9.9999535e-01 4.6739065e-06],"[5.1271547e-07 9.7655457e-06 1.3340479e-03 1.1868999e-01 5.2349442e-01
 3.2353473e-01 3.2285377e-02 6.2589010e-04 2.5250152e-05]"
D:\Uni\Ulm\Master\Hiwi-Forschung-und-Lehre\FairFace\detected_faces\252857_face0.jpg,White,White,Male,30-39,"[9.3570697e-01 4.1379091e-05 8.4406640e-03 1.2741095e-05 4.3312986e-05
 4.5234343e-04 5.5302627e-02]",[9.9571753e-01 5.2427477e-04 1.6510648e-04 3.5931224e-03],[9.999916e-01 8.383485e-06],"[2.00471064e-07 5.30490479e-06 6.82657119e-04 4.30414528e-01
 5.56383729e-01 1.24786245e-02 3.47453242e-05 2.41781947e-07
 4.72305173e-09]"
D:\Uni\Ulm\Master\Hiwi-Forschung-und-Lehre\FairFace\detected_faces\252863_face0.jpg,Latino_Hispanic,Asian,Male,20-29,"[0.10062283 0.02644254 0.71387523 0.02807119 0.10834445 0.00600043
 0.01664335]",[0.11713814 0.23007132 0.6421425  0.01064809],[1.000000e+00 1.077988e-09],"[9.88326505e-08 2.32744806e-05 1.11841755e-02 8.77068222e-01
 1.10199913e-01 1.51479978e-03 9.24430060e-06 2.08398319e-07
 1.80971027e-09]"
D:\Uni\Ulm\Master\Hiwi-Forschung-und-Lehre\FairFace\detected_faces\252893_face0.jpg,Black,Black,Male,30-39,"[2.3756473e-05 9.9982941e-01 7.5204043e-05 6.7240556e-08 8.1301869e-07
 5.2364547e-05 1.8285569e-05]",[3.0687566e-05 9.9992180e-01 1.9306884e-05 2.8231811e-05],[9.9999958e-01 4.1654624e-07],"[2.1743067e-07 4.8182046e-06 2.6634178e-04 2.0789912e-01 7.4055713e-01
 5.1021904e-02 2.4916965e-04 1.3963106e-06 3.9806181e-08]"
D:\Uni\Ulm\Master\Hiwi-Forschung-und-Lehre\FairFace\detected_faces\252999_face0.jpg,White,White,Male,30-39,"[9.0060341e-01 1.9010748e-03 1.9834161e-02 1.7977133e-06 9.5846272e-06
 7.6802983e-04 7.6881938e-02]",[9.9707407e-01 1.3872654e-03 4.4658038e-05 1.4939228e-03],[9.9999958e-01 4.1764073e-07],"[2.8748133e-07 2.8840054e-06 3.1476535e-04 1.1415437e-01 6.9268692e-01
 1.8630037e-01 6.4401953e-03 9.9210250e-05 9.8744886e-07]"
D:\Uni\Ulm\Master\Hiwi-Forschung-und-Lehre\FairFace\detected_faces\253367_face0.jpg,White,White,Male,20-29,"[4.5521334e-01 5.6863675e-04 2.8598750e-01 8.9568130e-05 6.9249875e-04
 7.7911136e-03 2.4965741e-01]",[0.8959882  0.00231394 0.00384271 0.09785512],[9.9999928e-01 7.1735855e-07],"[4.1250320e-08 7.2797616e-06 1.8007376e-03 7.1285635e-01 2.8246686e-01
 2.8652528e-03 3.3809542e-06 2.6547147e-08 3.6340778e-10]"
D:\Uni\Ulm\Master\Hiwi-Forschung-und-Lehre\FairFace\detected_faces\253369_face0.jpg,White,White,Male,30-39,"[7.2594506e-01 5.3396786e-04 3.4771524e-02 5.1188888e-03 5.0952523e-03
 8.7567855e-04 2.2765958e-01]",[0.8743258  0.00477653 0.11730938 0.00358823],[9.9999529e-01 4.7238855e-06],"[1.0744195e-05 2.1284872e-05 1.6541553e-03 4.6050748e-01 5.0628084e-01
 3.1021649e-02 4.7852611e-04 2.4742882e-05 5.7457612e-07]"
D:\Uni\Ulm\Master\Hiwi-Forschung-und-Lehre\FairFace\detected_faces\253387_face0.jpg,White,White,Male,30-39,"[7.6954281e-01 9.6877142e-05 7.9884067e-02 5.4387446e-04 4.1143721e-04
 2.4173816e-03 1.4710353e-01]",[0.9918691  0.00111292 0.00534245 0.00167553],[9.9989563e-01 1.0431613e-04],"[1.4427641e-05 1.5273165e-04 2.9610083e-03 4.4584727e-01 5.2087063e-01
 2.9983448e-02 1.6804617e-04 2.4793951e-06 3.9103380e-08]"
D:\Uni\Ulm\Master\Hiwi-Forschung-und-Lehre\FairFace\detected_faces\253391_face0.jpg,White,White,Male,30-39,"[8.4059125e-01 6.6251087e-05 1.3917148e-02 8.3012099e-05 1.2914024e-04
 1.8780197e-04 1.4502540e-01]",[9.952269e-01 2.657193e-04 4.009457e-03 4.979120e-04],[9.9999917e-01 7.9041280e-07],"[8.9695641e-06 1.1199426e-04 3.0984615e-03 3.2345679e-01 6.2778527e-01
 4.5140691e-02 3.9278544e-04 5.0149306e-06 6.1423052e-08]"
D:\Uni\Ulm\Master\Hiwi-Forschung-und-Lehre\FairFace\detected_faces\253415_face0.jpg,White,White,Male,30-39,"[6.1736166e-01 4.3621412e-03 9.4714224e-02 1.3249250e-04 2.9987161e-04
 3.5689045e-03 2.7956066e-01]",[0.95925033 0.00264551 0.0135461  0.02455804],[9.9998981e-01 1.0191774e-05],"[1.0233628e-06 1.3988210e-05 3.3835616e-04 7.8718007e-02 7.7294308e-01
 1.4665088e-01 1.3232644e-03 1.1253721e-05 1.3106087e-07]"
D:\Uni\Ulm\Master\Hiwi-Forschung-und-Lehre\FairFace\detected_faces\253469_face0.jpg,White,White,Male,20-29,"[9.1793686e-01 1.7646054e-04 4.1869069e-03 1.7764731e-06 1.3104589e-05
 2.6865953e-05 7.7658162e-02]",[9.9940604e-01 3.1564882e-04 3.9329996e-05 2.3898296e-04],[1.0000000e+00 8.6090015e-09],"[4.9392384e-08 1.7853229e-06 1.6283881e-03 6.5670758e-01 3.3424774e-01
 7.3799375e-03 3.4096563e-05 4.4861139e-07 5.0889040e-09]"
D:\Uni\Ulm\Master\Hiwi-Forschung-und-Lehre\FairFace\detected_faces\253513_face0.jpg,White,White,Male,10-19,"[9.4173187e-01 1.2969277e-05 5.7344134e-03 4.9377995e-05 1.2034937e-04
 1.0600379e-04 5.2245036e-02]",[9.9967283e-01 8.4046980e-05 1.0803261e-04 1.3504369e-04],[9.9999791e-01 2.0835728e-06],"[1.2425289e-08 8.6505868e-05 7.5678164e-01 2.4215531e-01 9.6785853e-04
 8.6773925e-06 2.9046136e-08 1.0402079e-09 1.9364578e-11]"
D:\Uni\Ulm\Master\Hiwi-Forschung-und-Lehre\FairFace\detected_faces\253515_face0.jpg,Middle Eastern,White,Male,20-29,"[1.26169354e-01 1.64323568e-03 1.55240178e-01 1.72835462e-05
 1.06089596e-04 5.55957807e-03 7.11264253e-01]",[0.8580565  0.07907507 0.00321993 0.05964855],[9.9999505e-01 4.9626951e-06],"[3.7670182e-07 1.6834614e-05 2.7900285e-03 6.6920543e-01 3.2287389e-01
 5.0924974e-03 2.0651816e-05 3.3999669e-07 5.5219385e-09]"
D:\Uni\Ulm\Master\Hiwi-Forschung-und-Lehre\FairFace\detected_faces\253517_face0.jpg,Middle Eastern,Indian,Male,30-39,"[7.5366502e-03 5.1073794e-04 4.8680320e-02 6.8508984e-05 6.3108111e-04
 7.0266426e-02 8.7230629e-01]",[0.00874828 0.00669808 0.00169631 0.98285735],[9.9999237e-01 7.5936514e-06],"[5.3330621e-07 8.8110537e-06 1.1524630e-03 4.1012350e-01 5.5183226e-01
 3.6677230e-02 2.0362700e-04 1.5771185e-06 3.5846355e-08]"
D:\Uni\Ulm\Master\Hiwi-Forschung-und-Lehre\FairFace\detected_faces\253687_face0.jpg,White,White,Male,30-39,"[9.4142550e-01 2.0117650e-05 8.1308773e-03 4.4665758e-05 9.8422381e-05
 3.5506324e-04 4.9925376e-02]",[9.9823380e-01 1.3032624e-04 1.1769319e-04 1.5181639e-03],[9.9999976e-01 2.5192125e-07],"[7.6376746e-06 2.8711320e-05 6.9891510e-04 5.0797578e-02 5.4503888e-01
 3.7766153e-01 2.5002237e-02 7.5645495e-04 8.0179352e-06]"
D:\Uni\Ulm\Master\Hiwi-Forschung-und-Lehre\FairFace\detected_faces\253809_face0.jpg,Middle Eastern,Indian,Male,20-29,"[3.0594787e-02 2.9427500e-04 1.2625724e-01 3.0512689e-05 2.0172251e-04
 1.8879132e-01 6.5383017e-01]",[0.09475055 0.04930799 0.00115305 0.8547884 ],[9.9996650e-01 3.3542838e-05],"[2.5275011e-07 2.4861280e-05 3.7724220e-03 6.8490106e-01 3.0634496e-01
 4.9476796e-03 8.6646833e-06 1.1705043e-07 1.7111684e-09]"
D:\Uni\Ulm\Master\Hiwi-Forschung-und-Lehre\FairFace\detected_faces\253837_face0.jpg,Black,Black,Male,30-39,"[3.3233678e-06 9.9998689e-01 6.8780823e-06 1.9742670e-09 1.8539554e-08
 1.1209602e-06 1.7919718e-06]",[4.3434574e-07 9.9999917e-01 7.3189838e-08 2.6702790e-07],[9.999624e-01 3.764952e-05],"[1.1487296e-06 8.9185603e-05 9.3769105e-03 4.0792704e-01 4.6110624e-01
 1.1615575e-01 5.2097994e-03 1.2827672e-04 5.6315780e-06]"
D:\Uni\Ulm\Master\Hiwi-Forschung-und-Lehre\FairFace\detected_faces\253987_face0.jpg,White,White,Male,20-29,"[8.1787574e-01 7.5711985e-04 1.5848456e-01 1.1761252e-04 3.1408342e-04
 4.8038512e-04 2.1970604e-02]",[9.978129e-01 8.739690e-04 6.648856e-04 6.482016e-04],[9.9997300e-01 2.6995149e-05],"[2.9121592e-08 2.3650980e-05 9.3410574e-02 8.8687378e-01 1.9482171e-02
 2.0829069e-04 1.4287019e-06 1.7018367e-08 3.9897724e-10]"
D:\Uni\Ulm\Master\Hiwi-Forschung-und-Lehre\FairFace\detected_faces\253993_face0.jpg,White,White,Male,20-29,"[8.0009484e-01 1.8451691e-02 7.2017722e-02 1.1847260e-05 1.7072333e-04
 8.4148394e-04 1.0841167e-01]",[6.5667129e-01 3.3440384e-01 3.6498965e-04 8.5598165e-03],[9.999992e-01 7.641357e-07],"[5.4596175e-08 8.6857281e-06 1.0511761e-02 9.1044986e-01 7.7690102e-02
 1.3211042e-03 1.7826294e-05 5.5471463e-07 9.2754417e-09]"
D:\Uni\Ulm\Master\Hiwi-Forschung-und-Lehre\FairFace\detected_faces\254001_face0.jpg,White,White,Male,20-29,"[9.9814701e-01 8.2458078e-05 2.3311205e-04 2.3104540e-06 9.5513115e-06
 2.3187811e-06 1.5232224e-03]",[9.9662566e-01 3.3640107e-03 6.8615445e-06 3.5186265e-06],[9.99999940e-01 1.05114026e-07],"[7.5361731e-07 3.3197735e-05 5.8638323e-03 6.8114859e-01 3.0365375e-01
 9.1536427e-03 1.4318524e-04 2.9614519e-06 8.0569976e-08]"
D:\Uni\Ulm\Master\Hiwi-Forschung-und-Lehre\FairFace\detected_faces\254003_face0.jpg,White,White,Male,20-29,"[9.9848455e-01 8.9181221e-06 3.4180997e-04 1.3246702e-05 2.1680447e-05
 5.2892739e-07 1.1292142e-03]",[9.9729562e-01 1.5016946e-03 1.1707272e-03 3.1909120e-05],[9.999666e-01 3.338278e-05],"[9.0282057e-09 5.5091982e-06 7.7208757e-02 8.9638466e-01 2.5913099e-02
 4.8407938e-04 3.9106435e-06 3.9585998e-08 7.2147960e-10]"
D:\Uni\Ulm\Master\Hiwi-Forschung-und-Lehre\FairFace\detected_faces\254015_face0.jpg,White,White,Male,20-29,"[9.6665049e-01 6.2611623e-05 2.4178547e-03 1.5042097e-05 4.8126982e-05
 5.0630529e-06 3.0800762e-02]",[9.9774879e-01 2.0285696e-03 1.9764877e-04 2.4937495e-05],[9.999942e-01 5.785469e-06],"[3.53104696e-07 1.01278361e-04 1.03160396e-01 7.70504057e-01
 1.21481806e-01 4.69927490e-03 5.15101929e-05 1.27667010e-06
 2.67395741e-08]"
D:\Uni\Ulm\Master\Hiwi-Forschung-und-Lehre\FairFace\detected_faces\254025_face0.jpg,Black,Black,Male,20-29,"[1.6697332e-04 9.9425662e-01 4.2316103e-03 3.5041526e-07 1.4169531e-05
 6.8383839e-04 6.4645620e-04]",[1.3046681e-05 9.9968785e-01 1.6818567e-05 2.8229627e-04],[9.9999976e-01 1.7232784e-07],"[1.1471651e-07 4.3115262e-05 4.9383074e-02 8.9705157e-01 5.2620597e-02
 8.9161895e-04 9.3979388e-06 4.7500083e-07 8.3424734e-09]"
D:\Uni\Ulm\Master\Hiwi-Forschung-und-Lehre\FairFace\detected_faces\254113_face0.jpg,White,White,Male,20-29,"[9.9777514e-01 1.5766214e-05 1.0229333e-03 4.2876418e-06 1.1156985e-05
 3.3326635e-06 1.1674064e-03]",[9.9833620e-01 1.2127596e-03 3.5766058e-04 9.3401388e-05],[9.9999702e-01 2.9165874e-06],"[3.2908662e-07 5.8523376e-05 6.3967928e-02 7.6153201e-01 1.5739578e-01
 1.6001519e-02 1.0218542e-03 2.1696314e-05 3.3163002e-07]"
D:\Uni\Ulm\Master\Hiwi-Forschung-und-Lehre\FairFace\detected_faces\254119_face0.jpg,White,White,Male,30-39,"[9.9326450e-01 5.8259629e-04 8.7488792e-04 6.2722520e-06 2.2977545e-05
 5.3402095e-05 5.1952838e-03]",[9.9940658e-01 4.3430636e-04 1.5365780e-05 1.4371487e-04],[9.9985296e-01 1.4709485e-04],"[3.8095789e-06 6.4787622e-05 3.0149317e-03 3.6152744e-01 5.8591807e-01
 4.8583079e-02 8.5373933e-04 3.1503285e-05 2.7158358e-06]"
D:\Uni\Ulm\Master\Hiwi-Forschung-und-Lehre\FairFace\detected_faces\254125_face0.jpg,White,White,Male,20-29,"[8.9510214e-01 1.3161061e-04 3.0068075e-02 1.4405461e-03 1.9582044e-03
 1.9307883e-04 7.1106464e-02]",[9.7737235e-01 5.1381014e-04 1.9672103e-02 2.4417653e-03],[9.9999970e-01 3.0077274e-07],"[1.42052352e-06 3.23301501e-05 5.46190096e-03 6.78353906e-01
 3.07888657e-01 8.14666692e-03 1.11636495e-04 3.46557317e-06
 4.51209878e-08]"
D:\Uni\Ulm\Master\Hiwi-Forschung-und-Lehre\FairFace\detected_faces\254133_face0.jpg,Middle Eastern,White,Male,20-29,"[1.1719634e-01 5.2253931e-04 5.0632931e-02 2.5493298e-05 4.5687593e-05
 3.0540689e-04 8.3127165e-01]",[9.6537954e-01 3.0052267e-02 7.5648306e-04 3.8116914e-03],[9.9999303e-01 7.0153965e-06],"[2.7748112e-07 1.9326719e-04 3.5590285e-01 6.2453067e-01 1.8954573e-02
 4.1334989e-04 4.6213613e-06 3.0633913e-07 3.7749954e-09]"
D:\Uni\Ulm\Master\Hiwi-Forschung-und-Lehre\FairFace\detected_faces\254135_face0.jpg,White,White,Male,20-29,"[9.0095955e-01 6.1206840e-05 3.2771525e-03 1.1739670e-04 3.7177425e-04
 2.0281981e-05 9.5192648e-02]",[9.9646354e-01 2.0442137e-03 1.2784331e-03 2.1377306e-04],[0.99714583 0.0028541 ],"[4.8622461e-08 3.1157928e-05 1.6333912e-01 7.6912659e-01 6.5156519e-02
 2.2894121e-03 5.5224136e-05 1.8632834e-06 3.8654381e-08]"
D:\Uni\Ulm\Master\Hiwi-Forschung-und-Lehre\FairFace\detected_faces\254159_face0.jpg,White,White,Male,50-59,"[8.82149756e-01 1.44340607e-04 2.14803945e-02 1.41931205e-05
 3.63062754e-05 8.24245159e-04 9.53507498e-02]",[0.775755   0.09277965 0.00360191 0.12786348],[9.9999881e-01 1.2267719e-06],"[4.7296885e-07 3.9302333e-07 5.9593847e-04 6.3088797e-02 1.9991519e-01
 3.4051606e-01 3.6134255e-01 3.4203738e-02 3.3689814e-04]"
D:\Uni\Ulm\Master\Hiwi-Forschung-und-Lehre\FairFace\detected_faces\254165_face0.jpg,White,White,Male,20-29,"[9.9285692e-01 2.4523744e-05 2.8333117e-03 1.4037437e-06 6.7996943e-06
 6.8276195e-06 4.2702788e-03]",[9.9976701e-01 1.7794993e-04 1.9845196e-05 3.5164911e-05],[9.999932e-01 6.801502e-06],"[2.4586935e-08 3.6024270e-05 2.3923475e-01 7.3871452e-01 2.1316718e-02
 6.9072115e-04 7.2295870e-06 1.0604334e-07 1.4514907e-09]"
D:\Uni\Ulm\Master\Hiwi-Forschung-und-Lehre\FairFace\detected_faces\254171_face0.jpg,White,White,Male,30-39,"[9.7152060e-01 1.2999325e-04 2.0034693e-02 1.5094274e-04 1.8045836e-04
 1.2874765e-04 7.8546312e-03]",[9.9821466e-01 1.2121204e-04 1.5323894e-03 1.3173820e-04],[9.9999833e-01 1.6681329e-06],"[3.0554006e-06 5.4395634e-05 3.2018819e-03 4.3978196e-01 5.2883118e-01
 2.7759233e-02 3.6484620e-04 3.3350466e-06 4.7324100e-08]"
D:\Uni\Ulm\Master\Hiwi-Forschung-und-Lehre\FairFace\detected_faces\254185_face0.jpg,Black,Black,Male,20-29,"[9.1153197e-05 9.9937969e-01 4.8331154e-04 3.9667535e-07 4.3866012e-06
 2.9851371e-05 1.1252749e-05]",[1.3120299e-06 9.9999231e-01 5.3307377e-07 5.8689816e-06],[9.9999976e-01 2.1590463e-07],"[1.2200634e-07 1.1565917e-05 1.5204665e-02 8.5237759e-01 1.2447171e-01
 7.6355692e-03 2.8757242e-04 1.0573557e-05 5.7314116e-07]"
D:\Uni\Ulm\Master\Hiwi-Forschung-und-Lehre\FairFace\detected_faces\254191_face0.jpg,Black,Black,Male,20-29,"[9.5064010e-05 9.9036169e-01 2.7713580e-03 3.3402591e-07 2.1292120e-05
 4.7786287e-03 1.9716802e-03]",[3.2201264e-05 9.9756688e-01 3.7788977e-05 2.3630713e-03],[9.999994e-01 6.298393e-07],"[2.7760828e-07 2.4248537e-05 9.1005163e-03 6.9268751e-01 2.8935117e-01
 8.7635638e-03 7.0320253e-05 2.2960353e-06 4.7246388e-08]"
D:\Uni\Ulm\Master\Hiwi-Forschung-und-Lehre\FairFace\detected_faces\254207_face0.jpg,Black,Black,Male,30-39,"[1.0815084e-05 9.9956405e-01 2.1841830e-04 1.2469313e-07 2.5216268e-06
 1.3854844e-04 6.5560860e-05]",[1.6891407e-06 9.9952060e-01 3.2056316e-05 4.4564731e-04],[9.999380e-01 6.201583e-05],"[2.3353070e-03 2.2005318e-02 2.8191362e-02 2.1997419e-01 4.9754637e-01
 2.2124422e-01 8.3971536e-03 2.8459780e-04 2.1489446e-05]"
D:\Uni\Ulm\Master\Hiwi-Forschung-und-Lehre\FairFace\detected_faces\254297_face0.jpg,Black,Black,Male,30-39,"[1.4379892e-06 9.9994588e-01 2.3911020e-05 3.0868627e-08 6.6733219e-07
 2.5114596e-05 2.9041003e-06]",[3.5017431e-06 9.9993449e-01 2.3228922e-05 3.8755024e-05],[9.9999404e-01 6.0017196e-06],"[1.5406430e-06 1.4615271e-04 4.2007724e-03 2.5194719e-01 5.9897214e-01
 1.4114571e-01 3.5428440e-03 4.1571882e-05 2.0870777e-06]"
D:\Uni\Ulm\Master\Hiwi-Forschung-und-Lehre\FairFace\detected_faces\254375_face0.jpg,Black,Black,Male,30-39,"[7.8805533e-06 9.9978244e-01 6.0556857e-05 6.5446940e-08 8.9558824e-07
 1.3147223e-04 1.6757820e-05]",[6.8084328e-06 9.9974251e-01 6.2590098e-06 2.4446816e-04],[9.991256e-01 8.744239e-04],"[1.3029336e-06 6.0279817e-05 1.5879618e-03 1.3747096e-01 7.6150662e-01
 9.7759165e-02 1.5953213e-03 1.7906183e-05 4.8400364e-07]"
D:\Uni\Ulm\Master\Hiwi-Forschung-und-Lehre\FairFace\detected_faces\254409_face0.jpg,Black,Black,Male,30-39,"[9.4186189e-06 9.7652507e-01 4.9271883e-04 1.3192991e-06 7.1754417e-05
 2.2840064e-02 5.9609240e-05]",[2.0340247e-05 9.8401821e-01 9.5270196e-04 1.5008703e-02],[9.9999881e-01 1.1697186e-06],"[4.9306966e-08 9.1614788e-07 3.2821114e-04 1.6265282e-01 7.3536891e-01
 1.0082842e-01 8.1122661e-04 9.3577328e-06 1.3127487e-07]"
D:\Uni\Ulm\Master\Hiwi-Forschung-und-Lehre\FairFace\detected_faces\254411_face0.jpg,Black,Black,Male,20-29,"[1.0351205e-03 9.8985195e-01 8.6172484e-03 6.0820230e-06 4.0949606e-05
 4.6199671e-05 4.0242364e-04]",[3.9128958e-05 9.9991864e-01 3.2549549e-05 9.6169224e-06],[9.9999386e-01 6.0951829e-06],"[2.36566320e-05 3.73901427e-03 1.38517246e-01 4.63427871e-01
 2.99627721e-01 8.92451033e-02 5.30689256e-03 1.09105764e-04
 3.42936073e-06]"
D:\Uni\Ulm\Master\Hiwi-Forschung-und-Lehre\FairFace\detected_faces\254429_face0.jpg,White,White,Male,30-39,"[9.9327505e-01 1.1196621e-05 6.1824650e-04 6.5880482e-07 2.6927546e-06
 9.1253187e-06 6.0830517e-03]",[9.9991995e-01 6.5274609e-05 3.7047994e-06 1.0992757e-05],[9.999953e-01 4.688555e-06],"[1.2634629e-07 3.6665274e-06 4.3439367e-04 4.2516190e-01 5.5948228e-01
 1.4865474e-02 5.1799190e-05 4.2582707e-07 8.4345446e-09]"
D:\Uni\Ulm\Master\Hiwi-Forschung-und-Lehre\FairFace\detected_faces\254445_face0.jpg,White,White,Male,20-29,"[9.9865985e-01 6.3511416e-06 2.3704523e-04 1.1604895e-05 3.3101933e-05
 1.8809615e-06 1.0501099e-03]",[9.9984252e-01 5.7301309e-05 9.4076386e-05 6.0246753e-06],[9.9999964e-01 3.3861548e-07],"[9.2414911e-07 1.6952723e-05 7.2639561e-03 5.1442593e-01 3.9130887e-01
 7.7587627e-02 9.0488084e-03 3.4117745e-04 5.8119253e-06]"
D:\Uni\Ulm\Master\Hiwi-Forschung-und-Lehre\FairFace\detected_faces\254449_face0.jpg,White,White,Male,20-29,"[9.8065460e-01 1.4227783e-04 2.8435844e-03 8.6992713e-06 3.2714484e-05
 2.3136874e-05 1.6294960e-02]",[9.5956081e-01 3.9592471e-02 3.7199163e-04 4.7472096e-04],[9.9999857e-01 1.3835570e-06],"[5.0358494e-08 4.2171732e-06 1.0912196e-03 6.4226848e-01 3.5137671e-01
 5.2423174e-03 1.6852509e-05 1.8737128e-07 5.6250244e-09]"
D:\Uni\Ulm\Master\Hiwi-Forschung-und-Lehre\FairFace\detected_faces\254461_face0.jpg,White,White,Male,20-29,"[9.9934053e-01 1.8141099e-06 1.7236068e-04 1.4304989e-06 2.3502832e-06
 3.6276231e-07 4.8109741e-04]",[9.9990493e-01 8.3304403e-05 8.0313403e-06 3.7482293e-06],[9.9972612e-01 2.7388567e-04],"[1.4144980e-08 2.4956862e-06 2.7507795e-02 8.5552269e-01 1.1379894e-01
 3.1087268e-03 5.8700814e-05 6.3943907e-07 1.2548201e-08]"
D:\Uni\Ulm\Master\Hiwi-Forschung-und-Lehre\FairFace\detected_faces\254491_face0.jpg,Latino_Hispanic,White,Male,20-29,"[0.24392226 0.00170352 0.5760592  0.00080877 0.0040312  0.00925515
 0.16421999]",[0.8578399  0.00408583 0.01491697 0.12315723],[9.9999797e-01 2.0148418e-06],"[1.1966974e-07 8.1889229e-06 1.7096225e-02 8.4665048e-01 1.3421936e-01
 2.0075741e-03 1.7513950e-05 5.5844026e-07 8.3030818e-09]"
D:\Uni\Ulm\Master\Hiwi-Forschung-und-Lehre\FairFace\detected_faces\254713_face0.jpg,White,White,Male,20-29,"[9.9763256e-01 5.8132846e-06 1.7601956e-04 7.7283069e-08 6.2219056e-07
 2.1963449e-06 2.1827361e-03]",[9.9986762e-01 8.6585918e-05 4.3434966e-06 4.1461390e-05],[1.00000e+00 2.66387e-08],"[5.9388743e-09 4.4761481e-07 4.7365655e-04 5.4641980e-01 4.4273007e-01
 1.0333084e-02 4.2636315e-05 2.3036711e-07 2.4976510e-09]"
D:\Uni\Ulm\Master\Hiwi-Forschung-und-Lehre\FairFace\detected_faces\254789_face0.jpg,White,White,Male,30-39,"[9.7922367e-01 2.8929728e-05 3.0716062e-03 4.6087284e-06 9.2633372e-06
 8.6805609e-05 1.7575102e-02]",[9.9981481e-01 4.7081146e-05 1.0208336e-05 1.2792670e-04],[9.999443e-01 5.566748e-05],"[7.4595249e-07 2.3350154e-05 6.4608344e-04 3.6285585e-01 6.1992842e-01
 1.6503751e-02 4.1622658e-05 2.7252534e-07 5.6729808e-09]"
D:\Uni\Ulm\Master\Hiwi-Forschung-und-Lehre\FairFace\detected_faces\254799_face0.jpg,White,White,Male,20-29,"[6.7099434e-01 5.0151342e-05 3.8542580e-02 1.2118081e-05 3.1063879e-05
 9.0876222e-03 2.8128216e-01]",[9.1437387e-01 7.6860172e-04 8.2013634e-05 8.4775493e-02],[9.999156e-01 8.445313e-05],"[1.3272259e-07 6.8217259e-06 1.1520931e-03 5.4821169e-01 4.4267434e-01
 7.9428097e-03 1.2090027e-05 6.3454983e-08 1.3358810e-09]"
D:\Uni\Ulm\Master\Hiwi-Forschung-und-Lehre\FairFace\detected_faces\254813_face0.jpg,Black,Black,Male,30-39,"[1.3694244e-06 9.9994749e-01 8.1788630e-06 4.9024628e-08 7.7673889e-07
 4.1397285e-05 7.2722173e-07]",[8.9410571e-07 9.9998063e-01 1.0036745e-06 1.7465803e-05],[9.99880135e-01 1.19876815e-04],"[1.5111473e-08 8.2149080e-07 1.0204148e-03 3.6042708e-01 5.4901361e-01
 8.6542390e-02 2.9540439e-03 3.9574814e-05 2.0555640e-06]"
D:\Uni\Ulm\Master\Hiwi-Forschung-und-Lehre\FairFace\detected_faces\254815_face0.jpg,Middle Eastern,White,Male,30-39,"[3.0323124e-01 3.0619116e-03 5.1172838e-02 1.1931503e-06 1.0968773e-05
 2.2140790e-03 6.4030778e-01]",[8.4307283e-01 1.5166745e-01 6.7315712e-05 5.1923720e-03],[9.9999803e-01 1.9634440e-06],"[3.7561087e-08 1.1545792e-06 2.2841891e-04 1.6742454e-01 7.7470088e-01
 5.7404090e-02 2.3970295e-04 1.1603071e-06 1.0758146e-08]"
D:\Uni\Ulm\Master\Hiwi-Forschung-und-Lehre\FairFace\detected_faces\254819_face0.jpg,Indian,White,Male,30-39,"[2.2028378e-01 2.6986506e-04 9.9854551e-02 2.4013998e-06 6.0595019e-05
 6.1574966e-01 6.3779101e-02]",[7.5156909e-01 3.8567701e-04 3.0840380e-04 2.4773683e-01],[9.9998313e-01 1.6865068e-05],"[4.5301312e-07 1.6537317e-05 4.3771038e-04 1.1257860e-01 7.4866396e-01
 1.3731438e-01 9.8450610e-04 3.7814855e-06 5.3135995e-08]"
D:\Uni\Ulm\Master\Hiwi-Forschung-und-Lehre\FairFace\detected_faces\254849_face0.jpg,Middle Eastern,White,Male,20-29,"[4.6615088e-01 2.0174487e-04 1.9734254e-02 2.1712318e-05 1.1353532e-04
 6.2890566e-04 5.1314896e-01]",[9.4619149e-01 1.5326844e-02 6.9873116e-04 3.7782986e-02],[9.9991333e-01 8.6666383e-05],"[3.7499728e-07 2.0703267e-04 2.1204185e-02 8.3386642e-01 1.4117238e-01
 3.5244718e-03 2.4780371e-05 3.8757051e-07 1.0135843e-08]"
D:\Uni\Ulm\Master\Hiwi-Forschung-und-Lehre\FairFace\detected_faces\255073_face0.jpg,White,White,Male,30-39,"[9.8793441e-01 2.2082891e-04 5.3201080e-04 2.6317693e-08 2.0561434e-07
 5.7237617e-06 1.1306821e-02]",[9.9514765e-01 4.5840195e-03 1.9333458e-05 2.4893362e-04],[9.999995e-01 4.847124e-07],"[7.8003417e-08 1.4507126e-06 1.4276197e-04 1.4566100e-01 7.5565642e-01
 9.6688166e-02 1.8107650e-03 3.8974162e-05 5.0769535e-07]"
D:\Uni\Ulm\Master\Hiwi-Forschung-und-Lehre\FairFace\detected_faces\255079_face0.jpg,White,White,Male,30-39,"[6.2065381e-01 6.5579795e-04 7.1547180e-03 2.7459937e-06 1.5814980e-05
 2.5562162e-04 3.7126148e-01]",[9.8859388e-01 9.8549500e-03 8.5698775e-05 1.4655065e-03],[9.9999887e-01 1.1356109e-06],"[1.9601398e-06 6.5336222e-05 1.1379604e-03 3.1022707e-01 6.5842545e-01
 3.0062174e-02 7.9054953e-05 9.2564937e-07 1.2513659e-08]"
D:\Uni\Ulm\Master\Hiwi-Forschung-und-Lehre\FairFace\detected_faces\255189_face0.jpg,Black,Black,Male,30-39,"[1.4505471e-05 9.9913949e-01 3.2989364e-04 3.8803569e-07 5.5428641e-06
 5.0538889e-04 4.7224921e-06]",[2.3421217e-06 9.9994868e-01 9.8517012e-06 3.9141076e-05],[9.9967933e-01 3.2070445e-04],"[2.7800841e-08 2.7843107e-06 4.0321718e-03 3.5414839e-01 5.0863159e-01
 1.2683205e-01 6.3254568e-03 2.6886912e-05 5.8448387e-07]"
D:\Uni\Ulm\Master\Hiwi-Forschung-und-Lehre\FairFace\detected_faces\255235_face0.jpg,White,White,Male,20-29,"[8.11516941e-01 1.18333718e-03 6.70002252e-02 4.74354492e-05
 1.25141669e-04 9.18057747e-04 1.19208895e-01]",[9.8844397e-01 9.7667966e-03 3.5616080e-04 1.4330484e-03],[9.9998969e-01 1.0299536e-05],"[3.1016469e-07 2.8649034e-05 5.3445487e-03 7.8632593e-01 2.0607743e-01
 2.2161319e-03 6.9044008e-06 6.8741578e-08 1.6307519e-09]"
D:\Uni\Ulm\Master\Hiwi-Forschung-und-Lehre\FairFace\detected_faces\255239_face0.jpg,White,White,Male,20-29,"[9.3939877e-01 3.0255350e-04 2.8986296e-02 1.2139905e-05 4.8431251e-05
 6.0910577e-05 3.1190848e-02]",[0.95684385 0.03768528 0.00125119 0.00421964],[9.9999988e-01 1.2597849e-07],"[2.7545161e-08 2.7869683e-06 2.3926804e-03 6.8954092e-01 2.9843944e-01
 9.5438585e-03 7.9556790e-05 6.4052080e-07 4.9932498e-09]"
D:\Uni\Ulm\Master\Hiwi-Forschung-und-Lehre\FairFace\detected_faces\255241_face0.jpg,White,White,Male,20-29,"[9.1163486e-01 9.8559933e-05 2.7278680e-02 1.7405373e-05 5.9130245e-05
 5.9760269e-04 6.0313705e-02]",[9.9895555e-01 4.1761264e-04 1.7895219e-04 4.4782448e-04],[9.9998671e-01 1.3332543e-05],"[2.1624595e-07 9.5460236e-06 9.3224249e-04 5.7088751e-01 4.2290139e-01
 5.2612396e-03 7.8589937e-06 5.8133079e-08 1.2779321e-09]"
D:\Uni\Ulm\Master\Hiwi-Forschung-und-Lehre\FairFace\detected_faces\255389_face0.jpg,White,White,Male,20-29,"[4.6476114e-01 4.0174350e-03 3.1796986e-01 4.7898095e-05 3.5891883e-04
 9.0085659e-03 2.0383622e-01]",[0.8815586  0.04029367 0.00227756 0.07587016],[9.9997854e-01 2.1465090e-05],"[6.5182985e-07 1.0234357e-05 2.7403252e-03 5.0296026e-01 4.7808799e-01
 1.5974464e-02 2.2133633e-04 4.6621117e-06 7.4913508e-08]"
D:\Uni\Ulm\Master\Hiwi-Forschung-und-Lehre\FairFace\detected_faces\255425_face0.jpg,White,White,Male,30-39,"[5.0027901e-01 9.7329612e-05 2.0045253e-02 8.8655943e-05 2.8268536e-04
 1.7611068e-03 4.7744602e-01]",[0.9380323  0.00197614 0.00564592 0.05434566],[9.9999934e-01 6.9036952e-07],"[1.0457751e-06 2.7829221e-05 1.4660981e-03 3.8255745e-01 5.7919443e-01
 3.6550138e-02 2.0190743e-04 1.1031764e-06 1.6193372e-08]"
D:\Uni\Ulm\Master\Hiwi-Forschung-und-Lehre\FairFace\detected_faces\255495_face0.jpg,Middle Eastern,White,Male,30-39,"[1.9487084e-01 2.9160068e-04 1.2963722e-03 1.4449936e-06 3.4945763e-06
 2.4619367e-05 8.0351162e-01]",[9.9887496e-01 8.3396601e-04 5.3101252e-05 2.3799406e-04],[9.999919e-01 8.105826e-06],"[1.2357973e-06 1.1667464e-05 1.3133191e-03 1.7237939e-01 6.0425758e-01
 2.0135647e-01 1.9930717e-02 7.3765183e-04 1.2080898e-05]"
D:\Uni\Ulm\Master\Hiwi-Forschung-und-Lehre\FairFace\detected_faces\255515_face0.jpg,Middle Eastern,White,Male,30-39,"[2.6704243e-01 3.8000988e-03 2.8691027e-01 1.3693096e-04 7.4030354e-04
 3.0203268e-03 4.3834960e-01]",[0.97666514 0.01037679 0.00290672 0.01005131],[9.9999964e-01 3.6057793e-07],"[1.3300606e-06 2.1737736e-05 1.5355216e-03 3.7963891e-01 5.9037709e-01
 2.8239382e-02 1.8335118e-04 2.6053051e-06 3.0526159e-08]"
D:\Uni\Ulm\Master\Hiwi-Forschung-und-Lehre\FairFace\detected_faces\255847_face0.jpg,White,White,Male,20-29,"[9.9737251e-01 4.0629620e-06 1.5237428e-03 1.6164097e-06 1.2178941e-05
 5.8695583e-05 1.0272533e-03]",[9.9975455e-01 1.6061216e-05 1.9871084e-05 2.0947905e-04],[1.0000000e+00 2.2962066e-08],"[2.9532518e-07 5.2408793e-04 3.5874024e-01 6.2327760e-01 1.7163429e-02
 2.9312330e-04 1.2587165e-06 1.7020934e-08 1.7370484e-10]"
D:\Uni\Ulm\Master\Hiwi-Forschung-und-Lehre\FairFace\detected_faces\255873_face0.jpg,Latino_Hispanic,White,Male,30-39,"[2.8114724e-01 4.7920523e-03 5.0683153e-01 8.3701794e-05 3.0868815e-04
 1.2119907e-02 1.9471690e-01]",[0.9268396  0.00653144 0.00557483 0.06105413],[9.9999833e-01 1.6479188e-06],"[2.0139844e-06 5.3528434e-05 1.5770446e-03 4.4631779e-01 5.2856451e-01
 2.3365952e-02 1.1776088e-04 1.3637388e-06 1.4509962e-08]"
D:\Uni\Ulm\Master\Hiwi-Forschung-und-Lehre\FairFace\detected_faces\255973_face0.jpg,White,White,Male,30-39,"[9.7647512e-01 5.5580393e-05 2.1004921e-03 5.2528662e-06 1.0436509e-05
 4.9677987e-05 2.1303426e-02]",[9.9965221e-01 1.7421362e-04 9.0289475e-05 8.3302570e-05],[9.9999982e-01 2.1277195e-07],"[9.5064411e-07 8.1502994e-06 4.1852580e-04 6.1100129e-02 6.8486053e-01
 2.4747440e-01 6.0873660e-03 4.9404352e-05 4.5413432e-07]"
D:\Uni\Ulm\Master\Hiwi-Forschung-und-Lehre\FairFace\detected_faces\255993_face0.jpg,Latino_Hispanic,White,Male,30-39,"[3.6469293e-01 5.3118158e-04 5.6311840e-01 6.1188306e-04 1.1429534e-03
 3.4286336e-03 6.6474132e-02]",[9.7949755e-01 4.6439236e-04 5.6406111e-03 1.4397474e-02],[9.9999696e-01 3.0152578e-06],"[6.5267398e-07 8.1002872e-06 2.6706601e-03 3.1254578e-01 6.0094303e-01
 8.1870057e-02 1.9433023e-03 1.8268905e-05 1.5082935e-07]"
D:\Uni\Ulm\Master\Hiwi-Forschung-und-Lehre\FairFace\detected_faces\255995_face0.jpg,Middle Eastern,White,Male,30-39,"[9.98474807e-02 2.77918968e-02 2.19154462e-01 1.13626083e-05
 9.51710754e-05 1.37769785e-02 6.39322639e-01]",[8.3557081e-01 1.1940788e-01 5.2347360e-04 4.4497855e-02],[9.999994e-01 5.975777e-07],"[4.7160502e-06 1.4864773e-05 7.7588466e-04 2.1058547e-01 6.8827230e-01
 9.8438941e-02 1.8799605e-03 2.7457550e-05 3.2109165e-07]"
D:\Uni\Ulm\Master\Hiwi-Forschung-und-Lehre\FairFace\detected_faces\255999_face0.jpg,Latino_Hispanic,White,Male,30-39,"[9.6815854e-02 1.4411694e-02 7.8423321e-01 2.2283917e-05 1.9424380e-04
 6.9686204e-02 3.4636516e-02]",[0.5608244  0.17557412 0.00266465 0.2609369 ],[9.999993e-01 6.980383e-07],"[2.3427641e-07 1.8065200e-06 2.4592137e-04 2.7353880e-01 7.0186275e-01
 2.4233846e-02 1.1593094e-04 7.0128891e-07 5.1083342e-09]"
D:\Uni\Ulm\Master\Hiwi-Forschung-und-Lehre\FairFace\detected_faces\256219_face0.jpg,White,White,Male,20-29,"[8.8257694e-01 5.3051635e-06 6.8263359e-02 1.6729762e-04 3.7442564e-04
 4.4033086e-04 4.8172385e-02]",[9.9735028e-01 2.0618134e-04 5.5834925e-04 1.8851485e-03],[9.9999976e-01 2.1972910e-07],"[2.90906019e-08 1.15710545e-05 6.75427169e-02 7.49605775e-01
 1.77420840e-01 5.39725134e-03 2.17363522e-05 1.04095108e-07
 6.03910477e-10]"
D:\Uni\Ulm\Master\Hiwi-Forschung-und-Lehre\FairFace\detected_faces\256415_face0.jpg,Black,Black,Male,20-29,"[1.6561407e-03 8.5399616e-01 9.6145466e-02 2.2820059e-04 4.9287165e-03
 3.9876241e-02 3.1691028e-03]",[0.00327546 0.8566803  0.01424132 0.1258029 ],[9.9999958e-01 3.7895228e-07],"[4.4913619e-07 2.0766274e-05 1.0901546e-02 7.7004570e-01 2.0712790e-01
 1.1763925e-02 1.3689634e-04 2.6960408e-06 5.2834618e-08]"
D:\Uni\Ulm\Master\Hiwi-Forschung-und-Lehre\FairFace\detected_faces\256667_face0.jpg,Middle Eastern,White,Male,30-39,"[3.8942659e-01 3.5383351e-04 7.0923127e-02 2.0392104e-04 4.1143151e-04
 2.8258238e-03 5.3585529e-01]",[0.98120856 0.00120493 0.00651663 0.0110699 ],[9.9999958e-01 4.1171452e-07],"[3.6024103e-06 3.6023928e-05 8.5150247e-04 3.3303422e-01 6.3665581e-01
 2.9276844e-02 1.4035108e-04 1.6000545e-06 1.7658637e-08]"
D:\Uni\Ulm\Master\Hiwi-Forschung-und-Lehre\FairFace\detected_faces\256683_face0.jpg,White,White,Male,20-29,"[9.9779153e-01 1.7402412e-05 1.2208713e-03 2.3052113e-05 7.1786606e-05
 6.4795975e-05 8.1056275e-04]",[0.98106045 0.0130861  0.00257931 0.00327408],[9.999518e-01 4.816247e-05],"[5.1496681e-07 7.5738153e-06 5.9270514e-03 3.9603361e-01 3.2741582e-01
 1.9444345e-01 7.3241785e-02 2.8903992e-03 3.9798048e-05]"
D:\Uni\Ulm\Master\Hiwi-Forschung-und-Lehre\FairFace\detected_faces\256959_face0.jpg,Middle Eastern,White,Male,30-39,"[4.7655973e-01 1.0901199e-03 3.9104622e-02 1.0875309e-05 4.1059779e-05
 3.9096313e-04 4.8280260e-01]",[9.8433840e-01 1.0941586e-02 4.2940141e-04 4.2906078e-03],[9.999960e-01 3.963628e-06],"[7.9682941e-06 1.1882567e-04 7.9835802e-03 3.1685656e-01 5.9680486e-01
 7.7367812e-02 8.4731093e-04 1.3022424e-05 9.6502738e-08]"
D:\Uni\Ulm\Master\Hiwi-Forschung-und-Lehre\FairFace\detected_faces\257091_face0.jpg,White,White,Male,30-39,"[9.9545145e-01 5.4041146e-05 6.6490169e-04 6.5714630e-06 1.5023203e-05
 3.1354128e-05 3.7767286e-03]",[9.9656123e-01 2.2155053e-03 2.3971320e-04 9.8350726e-04],[9.999749e-01 2.512588e-05],"[2.4334025e-07 1.3880001e-05 1.2176360e-03 4.2263705e-01 5.6401479e-01
 1.2073638e-02 4.2401753e-05 3.9121861e-07 1.6061605e-08]"
D:\Uni\Ulm\Master\Hiwi-Forschung-und-Lehre\FairFace\detected_faces\257153_face0.jpg,White,White,Male,20-29,"[8.8310885e-01 1.8716470e-04 6.7369208e-02 4.4619190e-03 4.4665774e-03
 1.5464639e-04 4.0251579e-02]",[9.7363937e-01 4.9761788e-05 2.6153617e-02 1.5725181e-04],[1.0000000e+00 7.0263413e-09],"[2.3413395e-07 2.0915848e-05 4.5574466e-03 5.7872969e-01 4.0237424e-01
 1.4240455e-02 7.5739219e-05 1.2827371e-06 8.4041272e-09]"
D:\Uni\Ulm\Master\Hiwi-Forschung-und-Lehre\FairFace\detected_faces\257205_face0.jpg,Latino_Hispanic,Indian,Male,20-29,"[7.6981694e-03 5.9347447e-02 5.1799387e-01 3.4652585e-05 7.9306052e-04
 1.9729452e-01 2.1683830e-01]",[0.0031048  0.16327193 0.00364125 0.829982  ],[9.9999857e-01 1.4333929e-06],"[7.1325212e-07 1.0209113e-05 2.3974415e-03 6.7272049e-01 3.1382078e-01
 1.1003341e-02 4.6381760e-05 6.0978135e-07 8.7689838e-09]"
D:\Uni\Ulm\Master\Hiwi-Forschung-und-Lehre\FairFace\detected_faces\257421_face0.jpg,Black,Black,Male,20-29,"[5.3579845e-07 9.9999440e-01 3.0599861e-06 1.4957653e-09 1.6345425e-08
 1.0881910e-06 7.9815106e-07]",[1.9898885e-06 9.9999595e-01 7.7887313e-07 1.3481166e-06],[9.999993e-01 7.615714e-07],"[2.7233341e-08 1.0210562e-05 6.5253275e-03 7.9821283e-01 1.9177407e-01
 3.4693130e-03 8.1371400e-06 4.7474419e-08 2.5324001e-09]"
D:\Uni\Ulm\Master\Hiwi-Forschung-und-Lehre\FairFace\detected_faces\257433_face0.jpg,Black,Black,Male,20-29,"[2.4970041e-06 9.9989867e-01 4.5987741e-05 1.8327906e-08 4.6814759e-07
 4.9374470e-05 2.8972754e-06]",[4.5363499e-06 9.9997461e-01 9.1570018e-06 1.1698732e-05],[9.9998599e-01 1.3979906e-05],"[6.4736816e-09 2.0329801e-06 2.9518523e-03 6.6876245e-01 3.2132497e-01
 6.9149495e-03 4.3034906e-05 6.3659905e-07 1.6726529e-08]"
D:\Uni\Ulm\Master\Hiwi-Forschung-und-Lehre\FairFace\detected_faces\257453_face0.jpg,White,White,Male,30-39,"[0.43349698 0.00085944 0.18614416 0.00084416 0.00137472 0.00926865
 0.36801192]",[9.7486591e-01 6.6181812e-03 8.1925554e-04 1.7696619e-02],[9.9982846e-01 1.7150726e-04],"[1.2446792e-05 9.4563860e-05 2.0290378e-03 2.9401970e-01 6.6347295e-01
 3.9991457e-02 3.7375852e-04 5.9456538e-06 1.5840550e-07]"
D:\Uni\Ulm\Master\Hiwi-Forschung-und-Lehre\FairFace\detected_faces\257497_face0.jpg,Middle Eastern,White,Male,30-39,"[7.8031935e-02 2.4157850e-04 1.3016130e-02 2.0024036e-06 1.0712723e-05
 4.2830172e-04 9.0826935e-01]",[9.9726474e-01 4.6693967e-04 2.0155412e-04 2.0667126e-03],[9.999994e-01 6.403914e-07],"[1.0224780e-06 1.9999599e-05 1.0219309e-03 2.4794430e-01 7.0620501e-01
 4.4648707e-02 1.5789086e-04 1.1366561e-06 1.3702990e-08]"
D:\Uni\Ulm\Master\Hiwi-Forschung-und-Lehre\FairFace\detected_faces\257587_face0.jpg,Latino_Hispanic,White,Male,20-29,"[2.6407140e-01 6.2492117e-03 6.5722930e-01 3.4431141e-05 1.9134600e-04
 2.8346675e-03 6.9389626e-02]",[0.9014715  0.03075952 0.0050781  0.06269091],[9.9999166e-01 8.3761879e-06],"[3.4980769e-08 9.0760432e-07 1.8258158e-03 4.9750009e-01 4.7141457e-01
 2.8925123e-02 3.2814287e-04 5.2521896e-06 4.8108699e-08]"
D:\Uni\Ulm\Master\Hiwi-Forschung-und-Lehre\FairFace\detected_faces\257975_face0.jpg,Middle Eastern,White,Male,20-29,"[8.1230737e-02 9.2315220e-04 1.0231558e-01 3.1070976e-04 7.8915543e-04
 6.1924178e-03 8.0823827e-01]",[0.9329567  0.04084555 0.01818037 0.00801736],[9.999227e-01 7.727661e-05],"[1.8592080e-05 1.2217532e-03 1.4423793e-02 7.3297411e-01 2.4685396e-01
 4.4886917e-03 1.8589952e-05 5.1105087e-07 1.5118488e-08]"
D:\Uni\Ulm\Master\Hiwi-Forschung-und-Lehre\FairFace\detected_faces\257983_face0.jpg,Black,Black,Male,20-29,"[4.0222381e-05 9.9719864e-01 8.9376658e-04 3.0870783e-07 5.7686948e-06
 2.7144159e-04 1.5900101e-03]",[1.9372558e-06 9.9998611e-01 9.9945373e-07 1.0986447e-05],[9.999974e-01 2.666583e-06],"[2.6890332e-08 2.7821372e-05 2.5678229e-02 7.9449415e-01 1.7727277e-01
 2.5182897e-03 8.5723696e-06 1.3535082e-07 3.1773408e-09]"
D:\Uni\Ulm\Master\Hiwi-Forschung-und-Lehre\FairFace\detected_faces\257993_face0.jpg,White,White,Male,20-29,"[9.9417883e-01 9.0689566e-05 2.4225791e-03 1.7385734e-06 1.5533034e-05
 1.3017967e-05 3.2775807e-03]",[9.9794656e-01 1.6308108e-03 1.4483440e-04 2.7782103e-04],[9.999999e-01 5.761360e-08],"[1.2262848e-08 6.6293376e-07 7.8279810e-04 6.7346823e-01 3.1901133e-01
 6.6922177e-03 4.4283595e-05 5.2531823e-07 7.8559355e-09]"
D:\Uni\Ulm\Master\Hiwi-Forschung-und-Lehre\FairFace\detected_faces\258325_face0.jpg,White,White,Male,30-39,"[9.9987149e-01 1.7416556e-07 8.9341302e-06 2.2109317e-07 5.2340334e-07
 5.6124003e-07 1.1814755e-04]",[9.9996638e-01 1.0336696e-05 8.0533109e-06 1.5269177e-05],[9.9999803e-01 1.9768902e-06],"[3.7460069e-08 5.0448068e-07 2.1513135e-04 2.9972088e-01 6.4995366e-01
 4.9663205e-02 4.4430120e-04 2.1462431e-06 7.9044661e-08]"
D:\Uni\Ulm\Master\Hiwi-Forschung-und-Lehre\FairFace\detected_faces\258913_face0.jpg,Latino_Hispanic,White,Male,30-39,"[0.12665252 0.00191436 0.8061014  0.00379189 0.01089989 0.01337929
 0.03726061]",[0.4456978  0.08482503 0.3569661  0.11251102],[1.000000e+00 2.072783e-08],"[1.1586244e-06 1.2828382e-05 1.0517796e-03 3.5699853e-01 5.9299785e-01
 4.8181716e-02 7.4797310e-04 8.1078788e-06 6.0032995e-08]"
D:\Uni\Ulm\Master\Hiwi-Forschung-und-Lehre\FairFace\detected_faces\259063_face0.jpg,Latino_Hispanic,White,Male,30-39,"[4.7317807e-02 5.3247227e-03 8.4564739e-01 8.7268614e-05 3.7855905e-04
 4.0309213e-02 6.0935054e-02]",[0.68937975 0.10264836 0.00699509 0.20097679],[9.9999928e-01 7.3795593e-07],"[4.7490498e-06 8.5429601e-05 4.3320367e-03 4.0680856e-01 5.4713327e-01
 4.1062001e-02 5.6708086e-04 6.8931322e-06 4.8656826e-08]"
D:\Uni\Ulm\Master\Hiwi-Forschung-und-Lehre\FairFace\detected_faces\259117_face0.jpg,White,White,Male,20-29,"[9.8405468e-01 1.1787730e-04 5.2203713e-03 3.5406643e-05 8.9585119e-05
 2.0038206e-05 1.0462136e-02]",[9.9513865e-01 4.7415518e-03 9.4585681e-05 2.5257808e-05],[9.9999976e-01 2.5030940e-07],"[9.1722075e-07 1.9196142e-04 4.2278316e-02 7.6731956e-01 1.8528895e-01
 4.8870272e-03 3.2892796e-05 3.6217580e-07 5.2575495e-09]"
D:\Uni\Ulm\Master\Hiwi-Forschung-und-Lehre\FairFace\detected_faces\259281_face0.jpg,White,White,Male,20-29,"[7.9192328e-01 2.5652396e-05 5.0396728e-03 3.9462593e-06 4.2147298e-05
 2.3055768e-04 2.0273466e-01]",[9.9719459e-01 5.2759750e-04 3.0900442e-04 1.9688727e-03],[1.0000000e+00 3.2121692e-09],"[1.2362176e-08 6.5566735e-07 9.2253945e-04 6.3105828e-01 3.5658327e-01
 1.1395914e-02 3.8991686e-05 3.2093115e-07 2.9188276e-09]"
D:\Uni\Ulm\Master\Hiwi-Forschung-und-Lehre\FairFace\detected_faces\259339_face0.jpg,White,White,Male,30-39,"[8.70534599e-01 3.98944656e-04 1.02007665e-01 1.50795240e-04
 5.82165027e-04 1.06625230e-04 2.62192152e-02]",[9.97190535e-01 2.39988975e-03 1.00518366e-04 3.09038180e-04],[9.99999940e-01 1.00857356e-07],"[1.16539056e-07 3.43345619e-06 1.74876209e-03 3.02486151e-01
 6.16075933e-01 7.84987658e-02 1.17580022e-03 1.09783978e-05
 5.98841083e-08]"
D:\Uni\Ulm\Master\Hiwi-Forschung-und-Lehre\FairFace\detected_faces\259449_face0.jpg,Middle Eastern,White,Male,20-29,"[1.3882278e-01 1.2828463e-03 1.1789870e-01 3.8694423e-05 1.9830758e-04
 2.5256122e-03 7.3923314e-01]",[0.7309928  0.08829964 0.00248679 0.17822085],[9.9999785e-01 2.1704116e-06],"[1.0448547e-07 8.9360692e-06 5.2886447e-03 6.9411737e-01 2.9601005e-01
 4.5520323e-03 2.2662145e-05 2.4211860e-07 5.0232822e-09]"
D:\Uni\Ulm\Master\Hiwi-Forschung-und-Lehre\FairFace\detected_faces\259473_face0.jpg,Middle Eastern,White,Male,20-29,"[1.00741886e-01 2.52331095e-03 1.80819094e-01 6.60098667e-05
 2.76918610e-04 1.20561542e-02 7.03516603e-01]",[6.9337440e-01 7.9231262e-02 5.1580893e-04 2.2687852e-01],[9.9996966e-01 3.0394025e-05],"[6.5863065e-07 1.0614424e-04 9.0651307e-03 7.3097527e-01 2.5658962e-01
 3.2569985e-03 6.0485249e-06 9.9192285e-08 1.7657088e-09]"
D:\Uni\Ulm\Master\Hiwi-Forschung-und-Lehre\FairFace\detected_faces\259553_face0.jpg,Latino_Hispanic,White,Male,30-39,"[3.3191183e-01 2.6204190e-03 3.6923382e-01 2.3009250e-04 9.2793407e-04
 1.3428660e-02 2.8164726e-01]",[0.97297615 0.01360079 0.00364245 0.00978066],[9.9997330e-01 2.6660686e-05],"[2.9608468e-06 9.5325697e-05 5.4776925e-03 3.9919162e-01 5.6500447e-01
 2.9845318e-02 3.7905618e-04 3.4469115e-06 5.2535263e-08]"
D:\Uni\Ulm\Master\Hiwi-Forschung-und-Lehre\FairFace\detected_faces\259559_face0.jpg,White,White,Male,20-29,"[9.9730736e-01 2.7616268e-06 1.7577261e-04 1.5397368e-06 2.8200495e-06
 2.3177131e-06 2.5073146e-03]",[9.9995059e-01 2.6772361e-05 1.0059081e-05 1.2643215e-05],[9.9997520e-01 2.4799438e-05],"[1.6610629e-08 1.9289387e-06 1.2161884e-03 6.2613571e-01 3.6780968e-01
 4.8252260e-03 1.1264607e-05 6.0186075e-08 1.7901232e-09]"
D:\Uni\Ulm\Master\Hiwi-Forschung-und-Lehre\FairFace\detected_faces\259803_face0.jpg,White,White,Male,20-29,"[8.5278755e-01 7.5686304e-04 5.8302496e-02 1.5426906e-04 2.6420821e-04
 2.7001716e-04 8.7464608e-02]",[9.8972803e-01 9.2356084e-03 1.3555418e-04 9.0088916e-04],[9.9999821e-01 1.7966256e-06],"[8.0535116e-08 1.4260858e-06 1.9087424e-03 6.1832523e-01 3.6983785e-01
 9.8359725e-03 8.9900401e-05 9.1547088e-07 1.3649869e-08]"
D:\Uni\Ulm\Master\Hiwi-Forschung-und-Lehre\FairFace\detected_faces\259851_face0.jpg,Middle Eastern,White,Male,20-29,"[3.7145797e-02 1.0752616e-03 5.9129119e-02 3.8901853e-06 3.1619838e-05
 2.4962302e-03 9.0011811e-01]",[9.6972072e-01 1.4688190e-02 3.7181200e-04 1.5219297e-02],[9.9999946e-01 5.8074784e-07],"[1.1382152e-06 3.8606478e-05 3.3967549e-03 4.9620542e-01 4.8090518e-01
 1.9338334e-02 1.1299166e-04 1.6029790e-06 1.6708771e-08]"
D:\Uni\Ulm\Master\Hiwi-Forschung-und-Lehre\FairFace\detected_faces\259959_face0.jpg,Latino_Hispanic,White,Male,20-29,"[3.4732017e-01 5.1380035e-02 5.7740206e-01 7.7652119e-05 4.8985478e-04
 2.5977571e-03 2.0732462e-02]",[0.5991881  0.38650185 0.00139199 0.01291804],[1.0000000e+00 3.1398503e-08],"[2.7487826e-07 9.3538192e-06 7.9643307e-03 5.5680215e-01 3.9742488e-01
 3.6799926e-02 9.8654453e-04 1.2400799e-05 1.0164175e-07]"
D:\Uni\Ulm\Master\Hiwi-Forschung-und-Lehre\FairFace\detected_faces\259995_face0.jpg,Black,Black,Male,20-29,"[1.1274392e-02 4.9781278e-01 2.3661751e-01 3.2975287e-05 4.2850201e-04
 1.1753937e-02 2.4207993e-01]",[0.00781608 0.95240223 0.00316227 0.03661938],[1.000000e+00 4.055619e-10],"[8.2930136e-08 9.6757840e-06 3.8274024e-03 7.4687475e-01 2.4180166e-01
 7.4337311e-03 5.2084222e-05 7.0187411e-07 4.8048046e-09]"
D:\Uni\Ulm\Master\Hiwi-Forschung-und-Lehre\FairFace\detected_faces\260031_face0.jpg,White,White,Male,30-39,"[6.9361639e-01 7.2841583e-05 3.4032952e-02 5.1077554e-04 4.3437342e-04
 1.1644503e-03 2.7016824e-01]",[9.9950933e-01 2.8831106e-05 3.2571025e-04 1.3611543e-04],[9.9998820e-01 1.1851111e-05],"[3.5487905e-05 1.4576752e-04 1.0924517e-03 1.6850597e-01 7.4185956e-01
 8.7508760e-02 8.3932967e-04 1.2485601e-05 2.5992128e-07]"
D:\Uni\Ulm\Master\Hiwi-Forschung-und-Lehre\FairFace\detected_faces\260065_face0.jpg,Black,Black,Male,20-29,"[8.6296706e-07 9.9999279e-01 5.0355543e-06 8.7572680e-08 3.0989946e-07
 2.9391589e-07 6.3551130e-07]",[5.7811667e-07 9.9999243e-01 6.5206186e-06 5.2296895e-07],[0.9960814  0.00391863],"[3.31324991e-04 3.80195715e-02 2.65975535e-01 3.19845289e-01
 2.46049762e-01 1.21051565e-01 8.14585947e-03 4.99871909e-04
 8.11820573e-05]"
D:\Uni\Ulm\Master\Hiwi-Forschung-und-Lehre\FairFace\detected_faces\260097_face0.jpg,Latino_Hispanic,White,Male,20-29,"[1.4963578e-01 5.2136974e-03 7.2683436e-01 1.3437284e-04 1.0342741e-03
 8.3753057e-03 1.0877214e-01]",[0.9671576  0.01685372 0.00663804 0.00935064],[1.000000e+00 3.236815e-08],"[5.8361434e-07 4.5899847e-05 1.2437193e-02 5.7580936e-01 3.7962180e-01
 3.1728260e-02 3.5465730e-04 2.2332488e-06 1.3414432e-08]"
D:\Uni\Ulm\Master\Hiwi-Forschung-und-Lehre\FairFace\detected_faces\260435_face0.jpg,White,White,Male,20-29,"[9.6563148e-01 3.5936496e-04 1.4742047e-02 9.5082914e-06 3.8091384e-05
 3.4562083e-05 1.9184856e-02]",[9.8728144e-01 7.3431996e-03 1.7661885e-04 5.1987064e-03],[9.9999958e-01 3.8999906e-07],"[3.9350958e-08 7.0548072e-07 8.0483704e-04 5.6074673e-01 4.2469648e-01
 1.3648528e-02 1.0145081e-04 1.2315684e-06 1.2862279e-08]"
D:\Uni\Ulm\Master\Hiwi-Forschung-und-Lehre\FairFace\detected_faces\260491_face0.jpg,White,White,Male,30-39,"[4.6009958e-01 4.5425640e-03 2.8773615e-01 1.2125118e-04 2.4894971e-04
 2.1184557e-03 2.4513303e-01]",[0.97347903 0.01745455 0.00106821 0.0079982 ],[9.9999887e-01 1.1579690e-06],"[9.7147595e-06 5.9096357e-05 1.5675655e-03 1.5820739e-01 6.6599697e-01
 1.6961233e-01 4.4575701e-03 8.8720277e-05 7.0934391e-07]"
D:\Uni\Ulm\Master\Hiwi-Forschung-und-Lehre\FairFace\detected_faces\260607_face0.jpg,White,White,Male,30-39,"[9.3068182e-01 5.8261619e-04 2.3891466e-02 9.7374214e-05 2.0240647e-04
 5.4189819e-05 4.4490226e-02]",[9.87361312e-01 1.22694345e-02 8.48608033e-05 2.84441048e-04],[1.000000e+00 1.572055e-08],"[1.3016931e-06 3.0762396e-05 4.0060105e-03 4.4896176e-01 5.2240831e-01
 2.4340725e-02 2.4745479e-04 3.6468575e-06 2.9505477e-08]"
D:\Uni\Ulm\Master\Hiwi-Forschung-und-Lehre\FairFace\detected_faces\260623_face0.jpg,White,White,Male,30-39,"[9.1824406e-01 3.3788114e-05 9.1174878e-03 1.9095196e-06 9.5075411e-06
 5.4428901e-04 7.2048895e-02]",[9.9904215e-01 1.2621938e-04 5.6776233e-05 7.7486917e-04],[9.9999696e-01 3.0619242e-06],"[8.9748731e-08 2.2235788e-07 3.5679997e-05 7.6334812e-02 8.3336091e-01
 8.9811020e-02 4.5492579e-04 2.3714656e-06 2.8848651e-08]"
D:\Uni\Ulm\Master\Hiwi-Forschung-und-Lehre\FairFace\detected_faces\260985_face0.jpg,White,White,Male,20-29,"[9.5657146e-01 3.3930995e-04 3.0145604e-02 4.0155859e-03 3.0583325e-03
 8.8622241e-05 5.7812147e-03]",[9.7212803e-01 7.5113459e-04 2.6764339e-02 3.5650679e-04],[9.9999696e-01 3.0200645e-06],"[1.4260929e-08 8.8928914e-07 1.2054486e-03 6.0713065e-01 3.8312420e-01
 8.4847119e-03 5.3631862e-05 4.4360650e-07 6.3240564e-09]"
D:\Uni\Ulm\Master\Hiwi-Forschung-und-Lehre\FairFace\detected_faces\261013_face0.jpg,White,White,Male,30-39,"[7.9382455e-01 1.1454611e-03 3.2649461e-02 6.0474163e-06 2.8811293e-05
 1.2085085e-03 1.7113720e-01]",[9.9234837e-01 5.6868750e-03 2.3502446e-04 1.7297100e-03],[9.9998403e-01 1.5908596e-05],"[1.8323275e-06 1.8960312e-05 8.7323203e-04 4.1892430e-01 5.6167626e-01
 1.8414419e-02 8.9350819e-05 1.6349910e-06 3.3371759e-08]"
D:\Uni\Ulm\Master\Hiwi-Forschung-und-Lehre\FairFace\detected_faces\262911_face0.jpg,White,White,Male,20-29,"[9.9956584e-01 1.1787857e-06 1.3334742e-04 4.1757301e-07 1.3838677e-06
 3.3568497e-06 2.9453693e-04]",[9.9993300e-01 8.7824783e-06 6.7186534e-06 5.1415878e-05],[9.9999940e-01 6.2016795e-07],"[1.6275697e-08 2.6578978e-06 1.0577494e-03 7.3667789e-01 2.5921753e-01
 3.0342187e-03 9.8582241e-06 6.7814696e-08 1.4442664e-09]"
D:\Uni\Ulm\Master\Hiwi-Forschung-und-Lehre\FairFace\detected_faces\263007_face0.jpg,Middle Eastern,White,Male,20-29,"[2.7157167e-01 1.6536640e-05 4.8891031e-03 4.5541779e-05 6.6288987e-05
 8.1174840e-05 7.2332972e-01]",[9.9940771e-01 5.9719507e-05 2.3718335e-04 2.9538476e-04],[0.990794 0.009206],"[2.7289511e-08 5.2430278e-06 1.8931666e-02 6.2557930e-01 3.3107370e-01
 2.3822719e-02 5.7642162e-04 1.0712742e-05 1.8283670e-07]"
D:\Uni\Ulm\Master\Hiwi-Forschung-und-Lehre\FairFace\detected_faces\263493_face0.jpg,White,White,Male,20-29,"[6.3613141e-01 1.0214017e-03 4.3280773e-02 1.4012123e-05 5.7002078e-05
 6.1931199e-04 3.1887615e-01]",[9.9646550e-01 1.6134146e-03 1.0277058e-04 1.8183176e-03],[9.9998838e-01 1.1563573e-05],"[6.1143930e-07 1.5089371e-05 1.6224175e-03 5.7530701e-01 4.1302425e-01
 9.9924440e-03 3.7870643e-05 3.4868847e-07 6.7970656e-09]"
D:\Uni\Ulm\Master\Hiwi-Forschung-und-Lehre\FairFace\detected_faces\263505_face0.jpg,White,White,Male,20-29,"[9.7706151e-01 1.5361124e-06 7.9530635e-04 3.2437481e-06 4.9769333e-06
 5.2772079e-06 2.2128168e-02]",[9.99961734e-01 1.19925635e-05 1.57398736e-05 1.04806350e-05],[9.999936e-01 6.376010e-06],"[1.9675021e-07 3.2050934e-04 2.8388432e-01 6.6933006e-01 4.3522861e-02
 2.9180034e-03 2.3911442e-05 2.1446674e-07 2.4918372e-09]"
D:\Uni\Ulm\Master\Hiwi-Forschung-und-Lehre\FairFace\detected_faces\263567_face0.jpg,Middle Eastern,White,Male,30-39,"[5.7731405e-02 3.8998926e-04 1.1236138e-01 2.6308667e-04 7.6462585e-04
 3.2013594e-03 8.2528818e-01]",[0.82330406 0.01891039 0.05719719 0.1005884 ],[9.9992424e-01 7.5805845e-05],"[8.0651789e-06 3.3405898e-04 1.4474024e-02 3.8697597e-01 5.1562780e-01
 8.1309855e-02 1.2380554e-03 3.1690626e-05 4.3722991e-07]"
D:\Uni\Ulm\Master\Hiwi-Forschung-und-Lehre\FairFace\detected_faces\263651_face0.jpg,Latino_Hispanic,White,Male,30-39,"[3.9128873e-01 9.7836892e-04 5.3959280e-01 4.2078306e-04 8.5455657e-04
 2.0542433e-02 4.6322379e-02]",[8.1772065e-01 1.0311698e-01 4.4843339e-04 7.8713968e-02],[9.999920e-01 7.965319e-06],"[2.6965517e-07 3.1810332e-06 1.1711230e-03 1.6322953e-01 6.5318495e-01
 1.7657147e-01 5.7887398e-03 5.0375362e-05 4.3405223e-07]"
D:\Uni\Ulm\Master\Hiwi-Forschung-und-Lehre\FairFace\detected_faces\265147_face0.jpg,Latino_Hispanic,White,Male,30-39,"[9.7201198e-02 1.5508542e-02 7.4510044e-01 9.5601434e-05 3.8666866e-04
 4.9528982e-02 9.2178516e-02]",[0.49481845 0.16247275 0.00675539 0.3359534 ],[9.9999827e-01 1.6822684e-06],"[2.3543619e-06 9.4023453e-06 4.9067807e-04 2.3812665e-01 6.6959298e-01
 9.0702020e-02 1.0606367e-03 1.5133874e-05 1.8209703e-07]"
D:\Uni\Ulm\Master\Hiwi-Forschung-und-Lehre\FairFace\detected_faces\265513_face0.jpg,White,White,Male,20-29,"[0.4683468  0.00234966 0.40894935 0.00083166 0.00269488 0.00094948
 0.11587822]",[0.9109566  0.07701433 0.00385986 0.00816917],[9.9999923e-01 7.8441474e-07],"[2.3676529e-08 2.6891437e-06 1.5634734e-02 9.0531617e-01 7.8095473e-02
 9.4384805e-04 6.8746162e-06 1.2709729e-07 1.5550484e-09]"
D:\Uni\Ulm\Master\Hiwi-Forschung-und-Lehre\FairFace\detected_faces\265573_face0.jpg,White,White,Male,20-29,"[9.1813201e-01 6.4322601e-05 6.8013906e-03 1.6275248e-05 4.3368651e-05
 2.8398700e-04 7.4658714e-02]",[9.99822915e-01 1.09975976e-04 9.59891349e-06 5.75458325e-05],[9.9999821e-01 1.7351329e-06],"[1.6769827e-06 3.1996835e-05 1.4178449e-03 4.9819615e-01 4.8352057e-01
 1.6700739e-02 1.2841783e-04 2.4821004e-06 1.0240651e-07]"
D:\Uni\Ulm\Master\Hiwi-Forschung-und-Lehre\FairFace\detected_faces\266899_face0.jpg,White,White,Male,20-29,"[8.4685916e-01 6.8571809e-04 4.3860618e-02 5.9799473e-05 1.7834746e-04
 3.5194479e-04 1.0800438e-01]",[9.9625194e-01 2.7211166e-03 5.0360512e-04 5.2335265e-04],[1.0000000e+00 3.0128167e-08],"[2.1239638e-08 2.4101716e-06 5.9066978e-03 7.8644681e-01 2.0514791e-01
 2.4860080e-03 9.9193721e-06 1.0034078e-07 1.4101093e-09]"
D:\Uni\Ulm\Master\Hiwi-Forschung-und-Lehre\FairFace\detected_faces\267619_face0.jpg,White,White,Male,20-29,"[5.5851603e-01 4.0361007e-05 8.3454866e-03 2.6937099e-05 5.6424004e-05
 8.3571598e-05 4.3293124e-01]",[9.9883431e-01 7.9055433e-04 1.5135552e-04 2.2373145e-04],[9.9999976e-01 1.9630848e-07],"[4.1155872e-08 1.7672786e-06 2.6833687e-03 6.0367429e-01 3.7589163e-01
 1.7657105e-02 9.0157257e-05 1.6529957e-06 1.9215191e-08]"
D:\Uni\Ulm\Master\Hiwi-Forschung-und-Lehre\FairFace\detected_faces\267621_face0.jpg,White,White,Male,30-39,"[9.1228920e-01 9.7438155e-05 6.3487962e-03 3.0002013e-07 3.7041289e-06
 1.5068207e-04 8.1109971e-02]",[9.9889994e-01 3.9911727e-05 3.2217731e-06 1.0570053e-03],[9.9999958e-01 4.0109188e-07],"[2.2795999e-07 1.1181466e-05 4.3019126e-03 4.2737210e-01 5.1012087e-01
 5.7490833e-02 6.9449720e-04 8.3757859e-06 9.2466763e-08]"
D:\Uni\Ulm\Master\Hiwi-Forschung-und-Lehre\FairFace\detected_faces\267703_face0.jpg,White,White,Male,30-39,"[9.3199867e-01 2.9117402e-05 6.4616017e-03 1.3331477e-06 5.2924875e-06
 1.3712705e-04 6.1366983e-02]",[9.9837494e-01 2.4439429e-04 1.0049386e-04 1.2802153e-03],[9.9999708e-01 2.9290975e-06],"[1.8678946e-08 6.6169878e-07 5.5159213e-05 9.3723513e-02 8.3670235e-01
 6.9426604e-02 9.1544920e-05 2.0461361e-07 1.8043969e-09]"
D:\Uni\Ulm\Master\Hiwi-Forschung-und-Lehre\FairFace\detected_faces\267747_face0.jpg,Middle Eastern,White,Male,20-29,"[3.6610910e-01 1.6977855e-03 1.7032439e-01 7.9639001e-05 4.2221090e-04
 1.0030475e-02 4.5133632e-01]",[9.4838989e-01 1.2499551e-02 7.9591241e-04 3.8314622e-02],[9.9999833e-01 1.6603519e-06],"[9.3201493e-07 8.8647219e-05 1.1623604e-02 8.1517684e-01 1.7126226e-01
 1.8435762e-03 4.1531030e-06 5.3270146e-08 1.0794002e-09]"
D:\Uni\Ulm\Master\Hiwi-Forschung-und-Lehre\FairFace\detected_faces\267755_face0.jpg,Middle Eastern,Black,Male,20-29,"[2.1574305e-02 1.8855339e-02 1.7948566e-01 6.6064810e-04 4.2012031e-03
 2.3981621e-02 7.5124121e-01]",[0.18950641 0.47204503 0.02655406 0.31189457],[0.9780506  0.02194943],"[6.4624226e-07 1.7526752e-04 8.0039494e-02 8.0276465e-01 1.0942916e-01
 7.2796717e-03 2.9115428e-04 1.9271485e-05 6.9704402e-07]"
D:\Uni\Ulm\Master\Hiwi-Forschung-und-Lehre\FairFace\detected_faces\267863_face0.jpg,White,White,Male,20-29,"[7.6574242e-01 1.3674937e-04 2.0152596e-01 1.5266120e-03 1.9955435e-03
 4.2453426e-04 2.8648162e-02]",[0.96790963 0.00136    0.02847022 0.00226011],[1.0000000e+00 2.7438654e-08],"[1.9062513e-07 1.0595371e-05 4.0927273e-03 6.8977141e-01 3.0105618e-01
 5.0466266e-03 2.1919612e-05 2.7591352e-07 1.9017425e-09]"
D:\Uni\Ulm\Master\Hiwi-Forschung-und-Lehre\FairFace\detected_faces\268127_face0.jpg,White,White,Male,20-29,"[5.47789812e-01 4.19189659e-04 6.34864196e-02 3.11017466e-05
 1.01511374e-04 7.81116192e-04 3.87390852e-01]",[9.4361097e-01 8.0306539e-03 2.8602712e-04 4.8072368e-02],[9.999909e-01 9.140258e-06],"[9.7093812e-07 4.4934299e-05 8.1546912e-03 5.0833964e-01 4.4442081e-01
 3.8614750e-02 4.1925086e-04 4.9060341e-06 9.0765049e-08]"
D:\Uni\Ulm\Master\Hiwi-Forschung-und-Lehre\FairFace\detected_faces\268169_face0.jpg,White,White,Male,30-39,"[9.9644417e-01 3.7169254e-06 4.6422309e-04 3.6190377e-07 2.0126831e-06
 3.3194523e-05 3.0523206e-03]",[9.9995106e-01 2.1924420e-06 3.9910697e-07 4.6414825e-05],[9.9994844e-01 5.1594434e-05],"[1.4141068e-08 4.1981411e-07 3.6269869e-04 3.7980440e-01 5.9587139e-01
 2.3785839e-02 1.7341573e-04 1.7601177e-06 6.2713902e-08]"
D:\Uni\Ulm\Master\Hiwi-Forschung-und-Lehre\FairFace\detected_faces\268791_face0.jpg,White,White,Male,30-39,"[4.3790746e-01 5.8473283e-03 1.7521666e-01 2.9936951e-04 5.8765523e-04
 6.4809439e-03 3.7366056e-01]",[0.9612232  0.00853789 0.00677583 0.02346308],[9.9999422e-01 5.7619322e-06],"[4.1801732e-06 2.7040726e-06 2.1401508e-04 7.7906914e-02 6.7349458e-01
 2.3861538e-01 9.5924232e-03 1.6830729e-04 1.4876748e-06]"
D:\Uni\Ulm\Master\Hiwi-Forschung-und-Lehre\FairFace\detected_faces\268903_face0.jpg,Latino_Hispanic,White,Male,30-39,"[1.3146645e-01 8.4480019e-03 5.3953916e-01 7.2479248e-05 3.2442278e-04
 2.1248391e-02 2.9890111e-01]",[0.867669   0.01742402 0.00357947 0.11132751],[9.9999970e-01 3.1436713e-07],"[3.1576698e-07 1.7032793e-05 1.2027203e-03 4.2368248e-01 5.4574949e-01
 2.9191833e-02 1.5511368e-04 9.7540442e-07 7.2869395e-09]"
D:\Uni\Ulm\Master\Hiwi-Forschung-und-Lehre\FairFace\detected_faces\270287_face0.jpg,Latino_Hispanic,Black,Male,20-29,"[1.03614524e-01 4.17649895e-01 4.36608344e-01 1.49283616e-04
 8.58970394e-04 4.29833867e-03 3.68206166e-02]",[0.08594028 0.8787663  0.00168753 0.03360603],[0.99890006 0.00109992],"[5.4607601e-05 1.9102606e-03 8.1942759e-02 4.7498888e-01 3.1173229e-01
 1.1241361e-01 1.6058542e-02 8.6908939e-04 3.0024459e-05]"
D:\Uni\Ulm\Master\Hiwi-Forschung-und-Lehre\FairFace\detected_faces\270817_face0.jpg,White,White,Male,20-29,"[9.9363118e-01 8.4779393e-05 3.7636149e-03 1.5598451e-06 4.6703581e-06
 1.8665880e-05 2.4954921e-03]",[9.990590e-01 7.019111e-04 8.316036e-05 1.559438e-04],[1.000000e+00 1.523784e-08],"[2.3123329e-07 1.0593969e-05 3.6106980e-03 5.8441132e-01 3.8179299e-01
 2.9527985e-02 6.3839776e-04 7.6402603e-06 7.9476592e-08]"
D:\Uni\Ulm\Master\Hiwi-Forschung-und-Lehre\FairFace\detected_faces\270885_face0.jpg,White,White,Male,20-29,"[6.31135404e-01 1.23121785e-02 2.06333876e-01 3.63603147e-04
 1.55602687e-03 3.57941783e-04 1.47940949e-01]",[0.5098962  0.48342186 0.00540677 0.0012751 ],[9.9999982e-01 2.2400863e-07],"[8.4543842e-08 2.3430768e-05 3.6631603e-02 8.8939500e-01 7.3077977e-02
 8.6699188e-04 4.7981771e-06 9.5834814e-08 1.1630510e-09]"
D:\Uni\Ulm\Master\Hiwi-Forschung-und-Lehre\FairFace\detected_faces\270897_face0.jpg,White,White,Male,20-29,"[6.2573534e-01 2.0540555e-04 2.7529567e-02 4.6948677e-05 1.2813414e-04
 5.2089500e-04 3.4583369e-01]",[9.8571330e-01 1.2517277e-02 2.2379737e-04 1.5455500e-03],[9.999956e-01 4.468956e-06],"[1.1955880e-08 8.5493235e-07 1.1951094e-03 6.4572203e-01 3.4943807e-01
 3.6340291e-03 9.8727351e-06 5.7575537e-08 9.7618236e-10]"
D:\Uni\Ulm\Master\Hiwi-Forschung-und-Lehre\FairFace\detected_faces\271017_face0.jpg,Middle Eastern,White,Male,20-29,"[3.6312908e-02 7.3163152e-05 1.7082294e-02 3.3863940e-05 8.2591912e-05
 4.9095349e-03 9.4150561e-01]",[9.4644028e-01 3.8256773e-04 2.7161874e-04 5.2905537e-02],[9.9996972e-01 3.0310171e-05],"[1.6685404e-05 8.3979347e-04 1.9594340e-02 7.9416674e-01 1.8202144e-01
 3.3485040e-03 1.2279818e-05 2.2159929e-07 4.8636837e-09]"
D:\Uni\Ulm\Master\Hiwi-Forschung-und-Lehre\FairFace\detected_faces\272761_face0.jpg,Middle Eastern,White,Male,30-39,"[4.3986696e-01 9.3268079e-04 8.2435466e-02 6.2914028e-06 4.4435070e-05
 6.8199006e-03 4.6989423e-01]",[9.6680719e-01 3.0184204e-03 6.6324294e-04 2.9511265e-02],[1.00000000e+00 1.23068125e-08],"[3.24654614e-08 8.45242823e-07 8.24323797e-05 1.06230214e-01
 8.10569763e-01 8.26523826e-02 4.62592550e-04 1.70055057e-06
 1.07085460e-08]"
D:\Uni\Ulm\Master\Hiwi-Forschung-und-Lehre\FairFace\detected_faces\272779_face0.jpg,Middle Eastern,White,Male,30-39,"[1.9134241e-01 2.4258660e-04 1.8310616e-02 4.2085530e-06 1.8792196e-05
 9.5342979e-04 7.8912795e-01]",[9.8901004e-01 2.4511775e-03 8.3010393e-04 7.7086505e-03],[9.9995762e-01 4.2356394e-05],"[3.0934357e-06 1.8997949e-05 6.5770367e-04 8.1248753e-02 6.6940904e-01
 2.4045710e-01 8.0587240e-03 1.4471394e-04 1.9896431e-06]"
D:\Uni\Ulm\Master\Hiwi-Forschung-und-Lehre\FairFace\detected_faces\272819_face0.jpg,White,White,Male,20-29,"[9.9110305e-01 1.1865606e-04 5.8677248e-03 1.3456271e-04 3.8491606e-04
 1.6568609e-05 2.3745422e-03]",[9.9749219e-01 6.4993370e-04 1.6054071e-03 2.5253434e-04],[9.9999136e-01 8.6785467e-06],"[4.4456320e-07 1.8830306e-03 4.5103800e-01 5.0763947e-01 3.7436116e-02
 1.9663658e-03 3.5878693e-05 6.5628103e-07 1.5774111e-08]"
D:\Uni\Ulm\Master\Hiwi-Forschung-und-Lehre\FairFace\detected_faces\273227_face0.jpg,Latino_Hispanic,Indian,Male,30-39,"[0.06568658 0.00260258 0.85372233 0.00104331 0.00589048 0.01552518
 0.0555295 ]",[0.17700893 0.04507717 0.02054577 0.75736815],[9.9999970e-01 2.7512135e-07],"[1.1794359e-06 3.2510579e-05 2.5024959e-03 4.0325308e-01 5.6157964e-01
 3.2334950e-02 2.9045483e-04 5.5947307e-06 5.2571789e-08]"
D:\Uni\Ulm\Master\Hiwi-Forschung-und-Lehre\FairFace\detected_faces\273393_face0.jpg,Middle Eastern,White,Male,30-39,"[3.2212171e-01 1.8554801e-03 7.4155547e-02 7.1493043e-05 2.0321738e-04
 3.5641671e-04 6.0123610e-01]",[9.9556512e-01 2.1920579e-03 1.6354496e-03 6.0739863e-04],[9.9995387e-01 4.6135181e-05],"[2.2505851e-06 1.7427268e-05 3.3785480e-03 4.5974648e-01 5.0357378e-01
 3.2845557e-02 4.2499014e-04 1.0851354e-05 1.8730594e-07]"
D:\Uni\Ulm\Master\Hiwi-Forschung-und-Lehre\FairFace\detected_faces\273405_face0.jpg,White,White,Male,20-29,"[8.4494936e-01 4.1741831e-04 1.6733775e-02 9.0587546e-06 7.0412250e-05
 3.1627790e-04 1.3750364e-01]",[9.9495310e-01 4.5238272e-03 1.9206732e-04 3.3103288e-04],[9.9999845e-01 1.5544988e-06],"[2.2018487e-07 9.0950225e-06 1.0105083e-03 6.1450279e-01 3.7972626e-01
 4.7428897e-03 8.1061416e-06 1.1077547e-07 2.7671652e-09]"
D:\Uni\Ulm\Master\Hiwi-Forschung-und-Lehre\FairFace\detected_faces\276007_face0.jpg,Latino_Hispanic,White,Male,30-39,"[7.2871357e-02 2.1705844e-03 7.1847564e-01 3.3494193e-04 1.5941632e-03
 6.7516919e-03 1.9780158e-01]",[0.88506234 0.01551131 0.05112413 0.04830221],[9.9999988e-01 1.0959133e-07],"[9.1539487e-06 1.5379541e-04 5.0018700e-03 3.5765499e-01 5.6439167e-01
 7.1802601e-02 9.7163866e-04 1.4134557e-05 8.3630781e-08]"
D:\Uni\Ulm\Master\Hiwi-Forschung-und-Lehre\FairFace\detected_faces\276217_face0.jpg,White,White,Male,20-29,"[7.75159359e-01 2.73903352e-05 1.85839012e-02 1.54949812e-05
 2.60307552e-05 1.02485865e-04 2.06085280e-01]",[9.9931270e-01 3.3880034e-04 8.7659369e-05 2.6084602e-04],[9.9997574e-01 2.4269902e-05],"[1.3398920e-07 3.7909860e-05 1.7941920e-02 8.8966161e-01 9.1646992e-02
 7.0990733e-04 1.5153514e-06 2.0487587e-08 2.5591734e-10]"
D:\Uni\Ulm\Master\Hiwi-Forschung-und-Lehre\FairFace\detected_faces\276367_face0.jpg,White,White,Male,20-29,"[9.9786603e-01 1.3417321e-05 4.4865851e-04 3.2692187e-06 1.0922930e-05
 1.9391723e-06 1.6557851e-03]",[9.9916929e-01 7.3045178e-04 7.6568387e-05 2.3643926e-05],[9.9999905e-01 9.5295013e-07],"[1.5043074e-07 3.3176071e-05 4.0497757e-02 8.4978598e-01 1.0520854e-01
 4.4056629e-03 6.6370492e-05 2.2692702e-06 7.2148829e-08]"
D:\Uni\Ulm\Master\Hiwi-Forschung-und-Lehre\FairFace\detected_faces\277331_face0.jpg,White,White,Male,20-29,"[9.9882454e-01 3.9179872e-06 2.4851062e-04 6.1820861e-06 1.2654393e-05
 3.3411419e-05 8.7081501e-04]",[9.9744183e-01 1.3492626e-04 1.6115456e-04 2.2620459e-03],[9.9997365e-01 2.6333433e-05],"[1.7945633e-08 6.0950424e-06 1.3483328e-02 9.0799987e-01 7.7649429e-02
 8.5821270e-04 3.0543454e-06 2.9729106e-08 6.5434752e-10]"
D:\Uni\Ulm\Master\Hiwi-Forschung-und-Lehre\FairFace\detected_faces\277463_face0.jpg,Middle Eastern,White,Male,30-39,"[3.2010913e-01 2.0577601e-05 1.2166326e-02 1.7667728e-05 3.0777243e-05
 1.6659340e-04 6.6748893e-01]",[9.9755234e-01 6.5057032e-04 3.2452872e-04 1.4725652e-03],[9.9999893e-01 1.0807204e-06],"[5.9169719e-07 7.5105963e-06 9.7386108e-04 1.7261505e-01 7.2862369e-01
 9.6981809e-02 7.9131464e-04 6.0998964e-06 4.6905207e-08]"
D:\Uni\Ulm\Master\Hiwi-Forschung-und-Lehre\FairFace\detected_faces\277861_face0.jpg,Middle Eastern,White,Male,30-39,"[0.12701747 0.01009535 0.2925953  0.00091233 0.00361974 0.04914488
 0.5166149 ]",[0.5668666  0.09821214 0.2291737  0.10574759],[9.9998838e-01 1.1656362e-05],"[1.4677136e-04 3.3205756e-04 2.9863417e-03 3.0744505e-01 5.7961297e-01
 1.0569974e-01 3.6431500e-03 1.3150214e-04 2.3857010e-06]"
D:\Uni\Ulm\Master\Hiwi-Forschung-und-Lehre\FairFace\detected_faces\278535_face0.jpg,White,White,Male,20-29,"[9.2911035e-01 7.8005419e-04 5.5108260e-02 8.3133724e-05 2.0843068e-04
 1.5540811e-04 1.4554318e-02]",[9.9493217e-01 4.9748407e-03 7.5691816e-05 1.7378316e-05],[9.9999428e-01 5.7134216e-06],"[6.6058997e-06 2.1961011e-04 2.5965510e-02 6.8475091e-01 2.7732617e-01
 1.1570431e-02 1.5769589e-04 3.0704709e-06 5.3625641e-08]"
D:\Uni\Ulm\Master\Hiwi-Forschung-und-Lehre\FairFace\detected_faces\279533_face0.jpg,White,White,Male,20-29,"[9.9850112e-01 3.0725209e-06 5.4112030e-04 3.0874332e-07 1.6226732e-06
 1.7288168e-05 9.3542086e-04]",[9.9913281e-01 5.0080667e-05 3.6972673e-05 7.8014017e-04],[9.9999774e-01 2.2736529e-06],"[8.0461596e-08 3.2657340e-06 8.4269565e-04 6.2138015e-01 3.7385648e-01
 3.9093588e-03 7.8483490e-06 8.7425995e-08 1.9544404e-09]"
D:\Uni\Ulm\Master\Hiwi-Forschung-und-Lehre\FairFace\detected_faces\279563_face0.jpg,White,White,Male,20-29,"[6.1262596e-01 8.3067518e-04 2.3895921e-01 5.6713988e-04 1.0914130e-03
 6.3048594e-04 1.4529514e-01]",[9.9760467e-01 7.1809761e-04 1.4474192e-03 2.2988793e-04],[9.9999988e-01 5.0804413e-08],"[2.2449285e-06 7.1030168e-05 9.4287638e-03 7.7443027e-01 2.1202028e-01
 4.0232586e-03 2.3583740e-05 5.3886197e-07 3.6396013e-09]"
D:\Uni\Ulm\Master\Hiwi-Forschung-und-Lehre\FairFace\detected_faces\279595_face0.jpg,Middle Eastern,White,Male,30-39,"[0.31693402 0.00040724 0.26691547 0.0027867  0.00408287 0.003606
 0.40526772]",[0.9535679  0.00204982 0.02200167 0.02238056],[9.9998903e-01 1.0977127e-05],"[3.9121492e-06 5.3999709e-05 5.0676246e-03 3.5683122e-01 5.7734793e-01
 5.9591006e-02 1.0877715e-03 1.6346639e-05 1.9784980e-07]"
D:\Uni\Ulm\Master\Hiwi-Forschung-und-Lehre\FairFace\detected_faces\280009_face0.jpg,White,White,Male,30-39,"[8.3432662e-01 1.0435249e-02 5.3401344e-02 1.3684531e-06 1.3673175e-05
 3.6116473e-03 9.8210141e-02]",[7.6518500e-01 2.2754578e-01 2.0986417e-04 7.0593813e-03],[9.999995e-01 4.855310e-07],"[1.34656775e-08 2.47566305e-07 5.21772854e-05 7.97099993e-02
 8.03185463e-01 1.15487091e-01 1.55719754e-03 7.76228717e-06
 9.54622408e-08]"
D:\Uni\Ulm\Master\Hiwi-Forschung-und-Lehre\FairFace\detected_faces\280025_face0.jpg,White,White,Male,20-29,"[9.9619836e-01 1.0881129e-05 1.1691485e-03 2.5587331e-05 8.7799730e-05
 6.5432382e-06 2.5016654e-03]",[9.98934984e-01 3.00502492e-04 6.61726750e-04 1.02784004e-04],[1.0000000e+00 1.2556738e-08],"[1.6505088e-06 4.4557211e-05 1.3579057e-02 4.8002261e-01 4.5698571e-01
 4.8229676e-02 1.1150071e-03 2.1597172e-05 2.5486617e-07]"
D:\Uni\Ulm\Master\Hiwi-Forschung-und-Lehre\FairFace\detected_faces\280087_face0.jpg,White,White,Male,30-39,"[5.7249963e-01 1.2649062e-04 5.2862439e-02 4.6637593e-04 3.7567332e-04
 1.4191114e-03 3.7225026e-01]",[9.9319506e-01 6.5943872e-04 5.1102758e-04 5.6345509e-03],[9.9995774e-01 4.2215270e-05],"[2.8262304e-05 2.5250865e-04 5.6066569e-03 3.1832665e-01 6.3757324e-01
 3.7890516e-02 3.1754246e-04 4.6164869e-06 8.6799268e-08]"
D:\Uni\Ulm\Master\Hiwi-Forschung-und-Lehre\FairFace\detected_faces\280435_face0.jpg,Black,Black,Male,30-39,"[0.00250489 0.65911984 0.24304855 0.0012638  0.02513153 0.06759858
 0.00133274]",[0.0014719  0.9418411  0.01961693 0.03707003],[9.9999565e-01 4.3276245e-06],"[4.3445652e-07 3.7563773e-06 8.4912416e-04 1.6152705e-01 6.8739045e-01
 1.4664009e-01 3.5555193e-03 3.3172037e-05 4.0915202e-07]"
D:\Uni\Ulm\Master\Hiwi-Forschung-und-Lehre\FairFace\detected_faces\280439_face0.jpg,Black,Black,Male,30-39,"[1.8319713e-07 9.9999344e-01 3.3747710e-06 3.0148135e-09 2.2008800e-08
 2.6815624e-06 2.8834188e-07]",[9.9901740e-07 9.9995965e-01 2.5669156e-06 3.6736474e-05],[9.9998981e-01 1.0162667e-05],"[9.9463932e-08 3.2489120e-06 1.0129433e-03 1.8923143e-01 5.4243392e-01
 2.5324062e-01 1.3880327e-02 1.9191127e-04 5.4846596e-06]"
D:\Uni\Ulm\Master\Hiwi-Forschung-und-Lehre\FairFace\detected_faces\280441_face0.jpg,Black,Black,Male,20-29,"[1.5229783e-04 9.9263632e-01 2.4084630e-03 8.0683276e-07 2.9052526e-05
 3.1416921e-03 1.6314446e-03]",[9.1871862e-06 9.9968946e-01 1.9315425e-05 2.8200183e-04],[9.999991e-01 8.937252e-07],"[5.5382020e-07 2.8880785e-04 6.1513349e-02 7.7292228e-01 1.5543146e-01
 9.6725561e-03 1.6494408e-04 5.8942524e-06 1.3047982e-07]"
D:\Uni\Ulm\Master\Hiwi-Forschung-und-Lehre\FairFace\detected_faces\280453_face0.jpg,Latino_Hispanic,White,Male,30-39,"[0.17823847 0.01059903 0.39991218 0.00049072 0.00230057 0.07629699
 0.33216196]",[0.7025024  0.15344667 0.04549497 0.09855593],[9.9988568e-01 1.1435791e-04],"[3.46888123e-06 1.32548175e-05 3.61278071e-04 9.29472521e-02
 7.79297292e-01 1.25840455e-01 1.52339786e-03 1.34363008e-05
 2.09625682e-07]"
D:\Uni\Ulm\Master\Hiwi-Forschung-und-Lehre\FairFace\detected_faces\280551_face0.jpg,Middle Eastern,Indian,Male,20-29,"[2.15426181e-02 3.47169203e-04 1.06737278e-01 1.02868595e-04
 3.74709925e-04 5.05984090e-02 8.20296884e-01]",[0.12270289 0.05823304 0.00786626 0.81119776],[9.9998969e-01 1.0271983e-05],"[6.9650096e-06 1.3237324e-04 3.4042611e-03 4.9724567e-01 4.7926596e-01
 1.9861219e-02 8.2481885e-05 1.0926520e-06 1.6531645e-08]"
D:\Uni\Ulm\Master\Hiwi-Forschung-und-Lehre\FairFace\detected_faces\280553_face0.jpg,White,White,Male,20-29,"[4.8372126e-01 1.9441363e-03 2.5903511e-01 6.8716887e-05 2.7312731e-04
 8.5946568e-04 2.5409818e-01]",[9.7911781e-01 1.8986268e-02 3.6101195e-04 1.5348392e-03],[9.999990e-01 9.825658e-07],"[3.3189934e-08 5.5007386e-06 1.8198829e-02 8.3485705e-01 1.4508131e-01
 1.8486519e-03 8.4978501e-06 1.0334959e-07 1.3755899e-09]"
D:\Uni\Ulm\Master\Hiwi-Forschung-und-Lehre\FairFace\detected_faces\280565_face0.jpg,White,White,Male,30-39,"[9.9168450e-01 2.1426269e-05 1.6058349e-03 3.1638165e-06 1.3707576e-05
 1.8229541e-05 6.6532819e-03]",[9.9873143e-01 7.2533876e-04 7.8412741e-05 4.6482144e-04],[9.999963e-01 3.665132e-06],"[5.7143506e-08 1.3931608e-06 7.9276803e-04 4.5369920e-01 5.1124632e-01
 3.3899125e-02 3.5611709e-04 4.8312668e-06 1.3211640e-07]"
D:\Uni\Ulm\Master\Hiwi-Forschung-und-Lehre\FairFace\detected_faces\280609_face0.jpg,White,White,Male,20-29,"[9.4490886e-01 1.4580868e-05 1.3952418e-02 3.2058172e-04 2.3273863e-04
 1.1676117e-04 4.0454019e-02]",[9.9572235e-01 1.0353481e-04 3.3854819e-03 7.8869442e-04],[9.999990e-01 9.935932e-07],"[1.64804902e-07 1.24468725e-05 1.04866596e-02 8.47164273e-01
 1.40396014e-01 1.93276629e-03 7.62226318e-06 9.18440648e-08
 1.12117604e-09]"
D:\Uni\Ulm\Master\Hiwi-Forschung-und-Lehre\FairFace\detected_faces\280613_face0.jpg,White,White,Male,30-39,"[7.9875195e-01 3.1195758e-04 1.1853880e-01 1.7410116e-03 1.7242101e-03
 4.5482633e-03 7.4383758e-02]",[0.9756212  0.00731801 0.00779114 0.00926967],[1.000000e+00 2.731516e-08],"[1.1697672e-05 1.5981548e-05 1.3136038e-03 9.9006362e-02 5.9961605e-01
 2.6654202e-01 3.2760926e-02 7.2976935e-04 3.6411664e-06]"
D:\Uni\Ulm\Master\Hiwi-Forschung-und-Lehre\FairFace\detected_faces\280631_face0.jpg,White,White,Male,20-29,"[8.6454123e-01 7.1247909e-05 3.9894050e-03 6.7899518e-06 4.5134129e-05
 2.0901833e-05 1.3132532e-01]",[9.9418509e-01 4.9403547e-03 5.8604847e-04 2.8848523e-04],[9.9992174e-01 7.8276265e-05],"[3.56947737e-07 6.07599832e-05 1.43815931e-02 7.25564659e-01
 2.55130887e-01 4.84079868e-03 2.04586468e-05 4.87445504e-07
 1.04556985e-08]"
D:\Uni\Ulm\Master\Hiwi-Forschung-und-Lehre\FairFace\detected_faces\280641_face0.jpg,White,White,Male,10-19,"[9.8274553e-01 5.4828030e-07 1.0508272e-03 9.7591737e-06 9.0189451e-06
 6.4098172e-06 1.6177902e-02]",[9.9977630e-01 3.9844206e-05 1.2544508e-04 5.8453574e-05],[9.9978775e-01 2.1222256e-04],"[8.5593882e-08 3.6504067e-04 6.6819429e-01 3.2845905e-01 2.9265236e-03
 5.4823962e-05 1.7041283e-07 3.1279361e-09 1.0509743e-10]"
D:\Uni\Ulm\Master\Hiwi-Forschung-und-Lehre\FairFace\detected_faces\280721_face0.jpg,White,White,Male,20-29,"[9.83927786e-01 1.10372544e-04 6.21066708e-03 1.93045230e-06
 1.23842156e-05 3.06008587e-04 9.43079963e-03]",[9.4617593e-01 2.8711563e-02 4.2692531e-04 2.4685580e-02],[9.9999642e-01 3.5283517e-06],"[4.2991769e-07 2.2495829e-05 4.5639849e-03 5.6387013e-01 3.9059773e-01
 3.9637096e-02 1.2809152e-03 2.6518132e-05 6.6686601e-07]"
D:\Uni\Ulm\Master\Hiwi-Forschung-und-Lehre\FairFace\detected_faces\280729_face0.jpg,White,White,Male,30-39,"[9.2090958e-01 8.6917782e-05 5.8615118e-02 3.0091813e-05 1.2621735e-04
 2.2012461e-03 1.8030813e-02]",[9.9090946e-01 1.1716154e-03 2.4043025e-04 7.6786107e-03],[9.9997610e-01 2.3907738e-05],"[1.3171261e-07 1.8513437e-06 8.9487055e-04 2.0328711e-01 7.1148247e-01
 8.3395079e-02 9.3174441e-04 6.6238017e-06 8.4951310e-08]"
D:\Uni\Ulm\Master\Hiwi-Forschung-und-Lehre\FairFace\detected_faces\280815_face0.jpg,White,White,Male,20-29,"[9.9842137e-01 6.9901336e-07 4.1248964e-04 9.2829168e-08 3.3300216e-07
 7.4464110e-06 1.1575294e-03]",[9.9975836e-01 1.6187249e-05 3.2643852e-06 2.2224369e-04],[9.9999964e-01 3.5486190e-07],"[2.4782114e-09 7.0131142e-07 2.2195396e-03 8.1284690e-01 1.8340993e-01
 1.5205296e-03 2.3746177e-06 1.4763237e-08 1.7656278e-10]"
D:\Uni\Ulm\Master\Hiwi-Forschung-und-Lehre\FairFace\detected_faces\280835_face0.jpg,Middle Eastern,Indian,Male,20-29,"[0.07575849 0.0009066  0.30453974 0.00203424 0.00695494 0.05325184
 0.5565542 ]",[0.39531663 0.01010354 0.03888669 0.5556931 ],[9.9999964e-01 3.6746843e-07],"[1.4867926e-06 5.6717239e-05 2.1957553e-03 5.6851488e-01 4.1447663e-01
 1.4698916e-02 5.4711538e-05 9.0281708e-07 1.2716420e-08]"
D:\Uni\Ulm\Master\Hiwi-Forschung-und-Lehre\FairFace\detected_faces\280949_face0.jpg,Latino_Hispanic,White,Male,30-39,"[1.71671346e-01 1.01411100e-02 6.76674664e-01 1.15571442e-04
 6.04563684e-04 2.60344073e-02 1.14758424e-01]",[0.6688254  0.13163097 0.01053798 0.1890056 ],[9.9997991e-01 2.0106067e-05],"[5.5945213e-07 6.4068540e-06 4.9963675e-04 2.6518396e-01 7.0158219e-01
 3.2624081e-02 1.0241591e-04 7.3019351e-07 8.0237834e-09]"
D:\Uni\Ulm\Master\Hiwi-Forschung-und-Lehre\FairFace\detected_faces\280955_face0.jpg,Middle Eastern,White,Male,30-39,"[2.9250640e-01 1.5426942e-04 3.1682979e-02 6.2542945e-06 2.2205702e-05
 5.9826225e-03 6.6964525e-01]",[9.6980953e-01 5.2266708e-04 7.9635378e-05 2.9588083e-02],[9.9990845e-01 9.1572503e-05],"[5.2676238e-08 4.5244957e-07 1.0568328e-04 8.8234648e-02 7.9294658e-01
 1.1791130e-01 7.9702411e-04 4.1326052e-06 7.2191021e-08]"
D:\Uni\Ulm\Master\Hiwi-Forschung-und-Lehre\FairFace\detected_faces\280979_face0.jpg,White,White,Male,20-29,"[4.0493563e-01 7.8302430e-05 1.4106607e-01 4.0384915e-05 1.5698071e-04
 7.9175375e-02 3.7454733e-01]",[9.1592157e-01 2.9067494e-04 8.8658492e-04 8.2901075e-02],[9.9995112e-01 4.8847487e-05],"[1.16113625e-07 3.90903324e-06 1.58789603e-03 6.26360416e-01
 3.64992559e-01 7.03105005e-03 2.37762597e-05 2.52389043e-07
 4.61002703e-09]"
D:\Uni\Ulm\Master\Hiwi-Forschung-und-Lehre\FairFace\detected_faces\280991_face0.jpg,White,White,Male,20-29,"[9.9990398e-01 8.9543607e-07 2.8671871e-05 1.6446265e-07 7.4110056e-07
 1.8654562e-06 6.3788088e-05]",[9.9976408e-01 2.0428399e-05 9.5002733e-06 2.0597973e-04],[9.999908e-01 9.216134e-06],"[1.5198455e-07 5.2665991e-06 1.4288031e-03 5.1245397e-01 4.7538194e-01
 1.0635754e-02 9.3277456e-05 8.2323260e-07 3.0895890e-08]"
D:\Uni\Ulm\Master\Hiwi-Forschung-und-Lehre\FairFace\detected_faces\280993_face0.jpg,White,White,Male,30-39,"[9.7076356e-01 1.8613912e-03 1.9168206e-02 1.3585442e-06 1.6039778e-05
 9.9993253e-04 7.1894052e-03]",[9.9426740e-01 4.5424089e-04 9.0502130e-05 5.1878328e-03],[9.9999982e-01 2.0726905e-07],"[3.6261806e-08 8.5851991e-07 1.9704441e-04 2.5491348e-01 7.0474511e-01
 3.9851651e-02 2.9041755e-04 1.4137513e-06 1.7328128e-08]"
D:\Uni\Ulm\Master\Hiwi-Forschung-und-Lehre\FairFace\detected_faces\281013_face0.jpg,White,White,Male,20-29,"[8.8577694e-01 4.2863754e-05 5.5002674e-02 1.1792368e-03 1.8111201e-03
 4.5204521e-04 5.5734973e-02]",[9.9796343e-01 1.9046024e-04 1.4845503e-03 3.6154245e-04],[9.9999994e-01 8.2093898e-08],"[8.4115385e-08 4.3856671e-06 2.9727987e-03 6.4025897e-01 3.4250504e-01
 1.4113342e-02 1.4397042e-04 1.3708590e-06 1.3349690e-08]"
D:\Uni\Ulm\Master\Hiwi-Forschung-und-Lehre\FairFace\detected_faces\281253_face0.jpg,Black,Black,Male,20-29,"[1.0595826e-06 9.9981767e-01 1.0024848e-04 2.0646819e-07 9.9928548e-06
 6.4193991e-05 6.6284783e-06]",[2.5912666e-06 9.9992537e-01 1.1458067e-05 6.0641389e-05],[9.999999e-01 8.102126e-08],"[3.5855842e-07 4.8388865e-06 3.1924841e-03 5.0594735e-01 4.1602194e-01
 7.2738498e-02 2.0428284e-03 4.9469501e-05 2.2116776e-06]"
D:\Uni\Ulm\Master\Hiwi-Forschung-und-Lehre\FairFace\detected_faces\281269_face0.jpg,White,White,Male,20-29,"[8.8698298e-01 1.2998244e-04 1.7359227e-02 4.2795713e-04 6.1996607e-04
 4.9673591e-04 9.3983166e-02]",[9.8807728e-01 8.0867289e-03 6.9545140e-04 3.1405783e-03],[9.9999899e-01 1.0305778e-06],"[8.06423106e-09 3.14346471e-06 1.08166886e-02 9.43603158e-01
 4.53781933e-02 1.97912581e-04 8.63365301e-07 1.13656995e-08
 2.15064841e-10]"
D:\Uni\Ulm\Master\Hiwi-Forschung-und-Lehre\FairFace\detected_faces\281275_face0.jpg,White,White,Male,20-29,"[9.87032235e-01 3.86046631e-05 5.80576994e-03 6.99983548e-06
 1.25879815e-05 6.20179562e-05 7.04183476e-03]",[9.9331737e-01 5.4805633e-03 1.2480149e-04 1.0772912e-03],[9.9999756e-01 2.4537071e-06],"[9.4491588e-09 3.4931892e-07 2.9560016e-03 8.9874262e-01 9.7221926e-02
 1.0720518e-03 6.9682342e-06 6.6595099e-08 1.0916696e-09]"
D:\Uni\Ulm\Master\Hiwi-Forschung-und-Lehre\FairFace\detected_faces\281277_face0.jpg,Latino_Hispanic,Black,Male,20-29,"[1.4602553e-02 2.7467263e-01 6.6776997e-01 3.6003308e-05 8.7049836e-04
 9.0259984e-03 3.3022366e-02]",[9.7683463e-03 9.8312867e-01 6.1913003e-04 6.4839446e-03],[1.0000000e+00 4.3889576e-09],"[6.6157162e-07 1.2683685e-04 4.7151987e-02 8.1370205e-01 1.3177270e-01
 7.1559306e-03 8.7663146e-05 2.1925828e-06 2.1985525e-08]"
D:\Uni\Ulm\Master\Hiwi-Forschung-und-Lehre\FairFace\detected_faces\282087_face0.jpg,White,White,Male,20-29,"[8.3536655e-01 3.4773555e-05 1.7748382e-02 6.3314283e-06 1.8412851e-05
 1.5125595e-04 1.4667431e-01]",[9.9935669e-01 2.1560653e-04 8.4436120e-05 3.4326621e-04],[9.9999923e-01 7.6376796e-07],"[1.8876539e-08 1.3428529e-05 3.0710828e-02 9.4325405e-01 2.5935220e-02
 8.6301559e-05 1.5518069e-07 1.8939101e-09 2.9946538e-11]"
D:\Uni\Ulm\Master\Hiwi-Forschung-und-Lehre\FairFace\detected_faces\282093_face0.jpg,Latino_Hispanic,White,Male,30-39,"[3.1800944e-01 1.8174759e-01 4.6195081e-01 3.4037723e-05 2.5889656e-04
 1.6908914e-02 2.1090193e-02]",[0.61231565 0.34802777 0.00566631 0.03399026],[1.000000e+00 4.943153e-09],"[9.0298279e-08 2.0364990e-07 7.9878904e-05 1.3126929e-01 7.3310733e-01
 1.2829000e-01 7.2005140e-03 5.2319909e-05 3.4732128e-07]"
D:\Uni\Ulm\Master\Hiwi-Forschung-und-Lehre\FairFace\detected_faces\282229_face0.jpg,White,White,Male,20-29,"[9.9869800e-01 3.2453285e-05 4.1071136e-04 5.4224593e-06 1.6348502e-05
 1.5273054e-06 8.3553710e-04]",[9.9796528e-01 1.5345644e-03 1.9980872e-04 3.0036451e-04],[1.0000000e+00 2.9818995e-08],"[5.1270643e-08 2.6267110e-06 4.3709530e-03 8.9968902e-01 9.5063552e-02
 8.6743536e-04 6.1827136e-06 1.2888295e-07 2.2623416e-09]"
D:\Uni\Ulm\Master\Hiwi-Forschung-und-Lehre\FairFace\detected_faces\282247_face0.jpg,Middle Eastern,White,Male,30-39,"[1.5574910e-01 2.1604942e-03 2.3734275e-01 4.7337027e-05 1.6826707e-04
 1.7083623e-02 5.8744842e-01]",[0.8883659  0.00911417 0.00196111 0.10055877],[9.9999893e-01 1.0731926e-06],"[4.0541768e-06 2.0125455e-05 4.8914540e-04 1.9415027e-01 6.9961649e-01
 1.0488645e-01 8.2371366e-04 9.5331343e-06 7.0474385e-08]"
D:\Uni\Ulm\Master\Hiwi-Forschung-und-Lehre\FairFace\detected_faces\282649_face0.jpg,White,White,Male,30-39,"[9.9313140e-01 8.7226217e-05 3.5187486e-04 9.5311134e-07 4.5611678e-06
 3.8006761e-05 6.3859071e-03]",[9.9870849e-01 8.7258813e-04 9.3183044e-06 4.0968516e-04],[9.9999934e-01 6.7256315e-07],"[3.9007350e-07 4.2078673e-06 1.0896276e-03 4.0579313e-01 5.0740975e-01
 7.8054056e-02 7.4138022e-03 2.2887479e-04 6.0909565e-06]"
D:\Uni\Ulm\Master\Hiwi-Forschung-und-Lehre\FairFace\detected_faces\282665_face0.jpg,White,White,Male,20-29,"[9.9973679e-01 8.4844316e-07 1.4919841e-04 9.0454896e-06 1.8071592e-05
 9.9362296e-07 8.5029897e-05]",[9.9980301e-01 3.7206426e-06 1.8498919e-04 8.4062694e-06],[1.0000e+00 1.4332e-08],"[1.2221010e-07 3.0185509e-05 3.1210933e-02 8.1470615e-01 1.4519672e-01
 8.7148827e-03 1.3870456e-04 2.3631912e-06 2.7440858e-08]"
D:\Uni\Ulm\Master\Hiwi-Forschung-und-Lehre\FairFace\detected_faces\282917_face0.jpg,Black,Black,Male,30-39,"[1.9724021e-07 9.9998933e-01 6.0843472e-06 1.5085446e-08 3.8861401e-07
 3.7478687e-06 2.9642337e-07]",[1.5322480e-06 9.9994618e-01 2.5491696e-05 2.6846554e-05],[9.9998140e-01 1.8588158e-05],"[5.7157541e-07 7.2455910e-06 1.0714154e-03 1.7149077e-01 5.7453483e-01
 2.4672630e-01 6.0836598e-03 7.9975274e-05 5.1373058e-06]"
D:\Uni\Ulm\Master\Hiwi-Forschung-und-Lehre\FairFace\detected_faces\282979_face0.jpg,White,White,Male,20-29,"[6.8717217e-01 5.5593322e-04 1.2468924e-01 6.2240630e-05 1.9950715e-04
 3.5077517e-04 1.8697010e-01]",[9.7786856e-01 1.8470909e-02 4.7314094e-04 3.1873526e-03],[9.9999869e-01 1.2534003e-06],"[3.0282508e-09 6.3251186e-06 5.9256114e-02 9.2148739e-01 1.9190587e-02
 5.9468064e-05 8.9455270e-08 6.9443229e-10 1.1567806e-11]"
D:\Uni\Ulm\Master\Hiwi-Forschung-und-Lehre\FairFace\detected_faces\283125_face0.jpg,White,White,Male,30-39,"[6.0417026e-01 1.6309067e-03 1.9990420e-01 3.4871069e-04 6.8169803e-04
 1.2003905e-03 1.9206381e-01]",[0.99145156 0.00206423 0.00488917 0.00159502],[9.9999309e-01 6.9246685e-06],"[7.4436583e-05 5.1541714e-04 1.2276209e-02 2.9250845e-01 5.5088198e-01
 1.3829482e-01 5.3502629e-03 9.7589364e-05 7.9436421e-07]"
D:\Uni\Ulm\Master\Hiwi-Forschung-und-Lehre\FairFace\detected_faces\283167_face0.jpg,White,White,Male,20-29,"[9.6800816e-01 8.2356717e-05 1.3124857e-02 2.5688410e-05 8.5903550e-05
 2.5978554e-05 1.8647125e-02]",[9.9720722e-01 2.5995302e-03 5.7961795e-05 1.3533085e-04],[9.9999988e-01 1.2498917e-07],"[2.0774250e-08 1.9945248e-06 2.2838758e-03 8.5397941e-01 1.4301804e-01
 7.1515457e-04 1.5031812e-06 1.8084611e-08 2.3745353e-10]"
D:\Uni\Ulm\Master\Hiwi-Forschung-und-Lehre\FairFace\detected_faces\283337_face0.jpg,White,White,Male,20-29,"[9.1141820e-01 1.2628917e-05 2.1942349e-03 1.9313670e-06 9.2032087e-06
 9.1492984e-05 8.6272329e-02]",[9.9818480e-01 5.5961177e-04 4.6064266e-05 1.2095383e-03],[9.9999815e-01 1.8667905e-06],"[1.6006442e-08 3.4224487e-07 3.1557409e-04 5.7754219e-01 4.1531125e-01
 6.8179434e-03 1.2631739e-05 7.4620992e-08 1.5037829e-09]"
D:\Uni\Ulm\Master\Hiwi-Forschung-und-Lehre\FairFace\detected_faces\283833_face0.jpg,White,White,Male,30-39,"[8.6933792e-01 6.9888472e-04 5.4170396e-02 2.8217817e-03 4.7352058e-03
 1.1353091e-03 6.7100592e-02]",[0.9842171  0.00101837 0.00883322 0.00593139],[9.999522e-01 4.783552e-05],"[7.1510069e-09 2.2408744e-07 5.8028306e-04 3.8405648e-01 5.9693068e-01
 1.8300258e-02 1.3081149e-04 1.2586836e-06 2.0829370e-08]"
D:\Uni\Ulm\Master\Hiwi-Forschung-und-Lehre\FairFace\detected_faces\283847_face0.jpg,White,White,Male,20-29,"[9.9634922e-01 2.8318156e-05 1.6429514e-04 7.1906345e-07 3.0630545e-06
 2.1785168e-06 3.4522030e-03]",[9.9985749e-01 9.5312877e-05 1.3617241e-05 3.3574972e-05],[9.9999905e-01 9.2599169e-07],"[1.9178475e-07 9.6423610e-06 2.3340667e-03 7.5232929e-01 2.4250127e-01
 2.8144852e-03 1.0934618e-05 1.5544153e-07 5.5293587e-09]"
D:\Uni\Ulm\Master\Hiwi-Forschung-und-Lehre\FairFace\detected_faces\283851_face0.jpg,White,White,Male,20-29,"[7.4680763e-01 1.8125892e-03 2.1391717e-01 1.7154642e-04 7.6852104e-04
 2.1239399e-04 3.6310323e-02]",[9.6489739e-01 3.3405989e-02 1.0466265e-03 6.5000734e-04],[9.9999917e-01 8.2788148e-07],"[9.8725707e-08 6.6123503e-06 1.0073826e-02 6.2963712e-01 3.3953264e-01
 2.0483479e-02 2.6287709e-04 3.3934330e-06 4.5266617e-08]"
D:\Uni\Ulm\Master\Hiwi-Forschung-und-Lehre\FairFace\detected_faces\284179_face0.jpg,Black,Black,Male,20-29,"[1.3800574e-03 8.1492865e-01 5.4566748e-02 2.4156427e-05 6.4403907e-04
 5.4004252e-02 7.4452102e-02]",[5.4955308e-04 9.7560883e-01 2.9857352e-04 2.3543084e-02],[9.9993712e-01 6.2902574e-05],"[5.1553975e-06 2.3577803e-04 1.5031749e-02 6.4549631e-01 3.2713816e-01
 1.2009255e-02 8.1839600e-05 1.7440069e-06 6.3456717e-08]"
D:\Uni\Ulm\Master\Hiwi-Forschung-und-Lehre\FairFace\detected_faces\284201_face0.jpg,White,White,Male,30-39,"[5.9812456e-01 1.5809661e-05 8.3387736e-03 2.1129723e-05 3.8515023e-05
 9.1562950e-04 3.9254558e-01]",[9.9896538e-01 5.3183894e-06 1.5622072e-06 1.0277805e-03],[0.9982051  0.00179489],"[9.3245268e-05 1.7714915e-03 1.1741026e-02 2.6452732e-01 5.6197464e-01
 1.5808107e-01 1.7949117e-03 1.5889700e-05 3.6463592e-07]"
D:\Uni\Ulm\Master\Hiwi-Forschung-und-Lehre\FairFace\detected_faces\284349_face0.jpg,White,White,Male,30-39,"[4.8589033e-01 3.4299807e-04 7.0390292e-02 1.8850471e-05 1.4841759e-04
 5.2410667e-03 4.3796805e-01]",[0.8769528  0.00137516 0.00143117 0.12024079],[9.9999982e-01 1.2370661e-07],"[7.6813581e-07 2.1440852e-05 2.7290082e-03 4.1717798e-01 5.2650177e-01
 5.3018790e-02 5.4375862e-04 6.3672951e-06 7.3133371e-08]"
D:\Uni\Ulm\Master\Hiwi-Forschung-und-Lehre\FairFace\detected_faces\284355_face0.jpg,Black,Black,Male,20-29,"[1.7846598e-04 9.3819505e-01 7.3308409e-03 1.8481423e-06 7.0266316e-05
 5.8152680e-03 4.8408259e-02]",[1.6488855e-05 9.9876028e-01 1.8112583e-05 1.2051504e-03],[1.0000000e+00 2.3422735e-09],"[1.2537448e-07 4.1624247e-05 9.2788301e-03 7.7824283e-01 2.0700617e-01
 5.4092123e-03 2.0840911e-05 4.4366408e-07 6.9577304e-09]"
D:\Uni\Ulm\Master\Hiwi-Forschung-und-Lehre\FairFace\detected_faces\284361_face0.jpg,White,White,Male,30-39,"[9.8733503e-01 2.6200496e-06 1.2653494e-04 3.3602892e-06 9.7844186e-06
 6.7491292e-06 1.2515931e-02]",[9.9987251e-01 1.7215447e-05 2.3330240e-05 8.6955413e-05],[1.0000000e+00 1.3486935e-09],"[1.5048471e-06 3.8901212e-06 2.2745105e-04 3.1814262e-01 6.4672178e-01
 3.4628034e-02 2.6990383e-04 4.7046055e-06 9.3364982e-08]"
D:\Uni\Ulm\Master\Hiwi-Forschung-und-Lehre\FairFace\detected_faces\284363_face0.jpg,White,White,Male,20-29,"[5.6910753e-01 1.3522974e-04 1.6626620e-01 9.1945607e-04 6.5674639e-04
 8.7568315e-04 2.6203915e-01]",[9.9330145e-01 4.6310891e-04 2.2855955e-03 3.9498867e-03],[9.999991e-01 8.658872e-07],"[4.5640886e-06 2.0922454e-04 3.8028553e-02 7.6411700e-01 1.9323409e-01
 4.3829018e-03 2.3180588e-05 4.8889672e-07 5.4236158e-09]"
D:\Uni\Ulm\Master\Hiwi-Forschung-und-Lehre\FairFace\detected_faces\284367_face0.jpg,White,White,Male,20-29,"[9.9232936e-01 6.8651789e-06 5.4233475e-03 2.1272297e-05 5.3213596e-05
 2.9686342e-05 2.1361806e-03]",[9.9987453e-01 1.0528341e-06 1.0786851e-04 1.6434906e-05],[9.999994e-01 5.840962e-07],"[2.2992378e-08 1.8574012e-06 1.8290663e-03 5.0595981e-01 4.7972593e-01
 1.2452160e-02 3.0954139e-05 2.4215240e-07 2.2392805e-09]"
D:\Uni\Ulm\Master\Hiwi-Forschung-und-Lehre\FairFace\detected_faces\284371_face0.jpg,Latino_Hispanic,White,Male,30-39,"[1.08058326e-01 3.51967290e-02 3.78245533e-01 2.13512576e-05
 2.57592852e-04 2.26527691e-01 2.51692772e-01]",[0.4145717  0.31061438 0.00371188 0.27110207],[9.9991906e-01 8.0983744e-05],"[5.3503891e-07 2.5271079e-06 7.7543067e-05 7.9203799e-02 8.2581419e-01
 9.4329715e-02 5.6813133e-04 3.5598136e-06 3.3542591e-08]"
D:\Uni\Ulm\Master\Hiwi-Forschung-und-Lehre\FairFace\detected_faces\284373_face0.jpg,Middle Eastern,White,Male,20-29,"[1.6874705e-01 4.4729179e-03 2.2867227e-01 1.1242806e-05 9.0715635e-05
 1.8865342e-03 5.9611923e-01]",[9.5784616e-01 3.6162704e-02 3.8151373e-04 5.6096045e-03],[1.0000000e+00 1.0155934e-08],"[1.2156503e-08 6.1537872e-07 3.7460055e-03 8.2001466e-01 1.7367320e-01
 2.5553079e-03 1.0039314e-05 1.5539415e-07 9.0772601e-10]"
D:\Uni\Ulm\Master\Hiwi-Forschung-und-Lehre\FairFace\detected_faces\284391_face0.jpg,White,White,Male,30-39,"[5.5375850e-01 2.0289283e-04 8.0165260e-02 1.9450497e-05 8.3000858e-05
 6.0690246e-03 3.5970187e-01]",[9.9177736e-01 4.5462858e-04 2.6908697e-04 7.4989717e-03],[9.9999976e-01 2.2592288e-07],"[2.4711984e-05 1.1066556e-03 1.9040806e-02 3.6156741e-01 5.5899274e-01
 5.8925692e-02 3.3876463e-04 3.1672407e-06 2.8822793e-08]"
D:\Uni\Ulm\Master\Hiwi-Forschung-und-Lehre\FairFace\detected_faces\284415_face0.jpg,White,White,Male,20-29,"[9.6347696e-01 3.4519544e-06 1.8898668e-04 2.4217659e-06 6.4189599e-06
 1.1628989e-05 3.6310077e-02]",[9.9957043e-01 2.7444888e-05 1.6607317e-04 2.3604800e-04],[9.999761e-01 2.388487e-05],"[2.0967409e-06 8.5695188e-05 2.0431981e-03 6.0621935e-01 3.8313040e-01
 8.4965080e-03 2.2509885e-05 2.4774855e-07 7.0111494e-09]"
D:\Uni\Ulm\Master\Hiwi-Forschung-und-Lehre\FairFace\detected_faces\284417_face0.jpg,White,White,Male,20-29,"[9.8681152e-01 3.0641866e-05 1.8984622e-03 9.8548198e-06 3.6743291e-05
 2.3456756e-05 1.1189379e-02]",[9.9674952e-01 3.5506452e-04 1.7447355e-03 1.1506407e-03],[9.9999756e-01 2.4309577e-06],"[3.7646217e-08 5.0161225e-06 1.6039475e-03 6.2753105e-01 3.6368188e-01
 7.1474542e-03 3.0357165e-05 2.7730442e-07 7.6318480e-09]"
D:\Uni\Ulm\Master\Hiwi-Forschung-und-Lehre\FairFace\detected_faces\284433_face0.jpg,Black,Black,Male,20-29,"[1.7242779e-05 9.9872971e-01 8.5978105e-04 4.7302069e-06 1.3663058e-04
 1.8143159e-04 7.0548434e-05]",[1.4734000e-05 9.9895871e-01 5.5677653e-04 4.6982366e-04],[9.9943274e-01 5.6721276e-04],"[3.2453368e-06 9.1112533e-04 1.4513060e-01 7.6342970e-01 8.8339128e-02
 2.1671636e-03 1.8772245e-05 3.3692413e-07 2.8522324e-08]"
D:\Uni\Ulm\Master\Hiwi-Forschung-und-Lehre\FairFace\detected_faces\284435_face0.jpg,Latino_Hispanic,Indian,Male,30-39,"[1.0638349e-01 2.8467089e-02 7.2473145e-01 2.2397890e-05 2.5582721e-04
 5.5146758e-02 8.4993087e-02]",[0.19172415 0.33090773 0.00665261 0.47071546],[9.999959e-01 4.108703e-06],"[4.6883841e-07 7.6561537e-06 6.0723966e-04 2.7841771e-01 6.5018916e-01
 6.9664806e-02 1.0931847e-03 1.9451558e-05 2.7043944e-07]"
D:\Uni\Ulm\Master\Hiwi-Forschung-und-Lehre\FairFace\detected_faces\284441_face0.jpg,Black,Black,Male,30-39,"[3.8822007e-03 7.4689120e-01 1.7410044e-01 3.5885267e-05 9.4602082e-04
 5.9583176e-02 1.4560991e-02]",[0.02922298 0.5895645  0.00842964 0.3727829 ],[9.9999964e-01 3.4224232e-07],"[3.6021819e-07 8.6888876e-06 1.5316326e-03 4.6212664e-01 5.2560258e-01
 1.0700821e-02 2.8972958e-05 2.7617017e-07 4.4711141e-09]"
D:\Uni\Ulm\Master\Hiwi-Forschung-und-Lehre\FairFace\detected_faces\284449_face0.jpg,Black,Black,Male,30-39,"[1.1647592e-07 9.9999571e-01 3.0896272e-06 1.4694965e-08 8.0186560e-08
 6.2084933e-07 3.8717153e-07]",[8.8934524e-07 9.9998480e-01 6.1692240e-06 8.1351145e-06],[0.9958299  0.00417017],"[4.3075193e-08 6.8071449e-07 2.7773678e-04 1.3439366e-01 6.3725698e-01
 2.2298080e-01 4.9934918e-03 9.1408481e-05 5.1712100e-06]"
D:\Uni\Ulm\Master\Hiwi-Forschung-und-Lehre\FairFace\detected_faces\284455_face0.jpg,Black,Black,Male,20-29,"[1.4146455e-04 9.9737555e-01 1.9908512e-03 5.0794250e-07 8.9341584e-06
 1.2792983e-04 3.5488963e-04]",[2.3910805e-05 9.9990851e-01 1.3086513e-05 5.4519831e-05],[9.9987757e-01 1.2243992e-04],"[5.8212545e-06 4.7413725e-04 1.7453771e-02 5.2122247e-01 4.3713766e-01
 2.3570823e-02 1.3406474e-04 1.1970551e-06 5.4822877e-08]"
D:\Uni\Ulm\Master\Hiwi-Forschung-und-Lehre\FairFace\detected_faces\284845_face0.jpg,White,White,Male,20-29,"[8.0082935e-01 9.9921002e-05 1.0644610e-01 2.1796532e-04 5.6194403e-04
 4.7208040e-04 9.1372639e-02]",[9.9901074e-01 1.8290291e-04 6.1334349e-04 1.9300917e-04],[9.9999744e-01 2.5469660e-06],"[8.6768338e-08 6.5841100e-06 2.4899365e-03 5.6354523e-01 4.2420778e-01
 9.7176507e-03 3.2432199e-05 2.6368920e-07 3.0013017e-09]"
D:\Uni\Ulm\Master\Hiwi-Forschung-und-Lehre\FairFace\detected_faces\284865_face0.jpg,Middle Eastern,White,Male,30-39,"[2.9289448e-01 5.1814143e-04 1.4441949e-01 2.8447448e-05 1.1736297e-04
 8.0321198e-03 5.5398995e-01]",[9.9241096e-01 6.8012794e-04 5.2912196e-04 6.3798097e-03],[9.9993712e-01 6.2943465e-05],"[5.4185562e-06 6.9938273e-05 1.2524073e-03 2.4374181e-01 6.8905687e-01
 6.5398559e-02 4.6937488e-04 5.6219515e-06 6.5269255e-08]"
D:\Uni\Ulm\Master\Hiwi-Forschung-und-Lehre\FairFace\detected_faces\285937_face0.jpg,Black,Black,Male,20-29,"[1.9013021e-07 9.9999559e-01 3.3403021e-06 4.5225725e-09 2.7971532e-07
 5.0486034e-07 8.1377124e-08]",[6.8825329e-07 9.9999565e-01 1.7084311e-06 1.9748184e-06],[9.9999952e-01 5.3574854e-07],"[2.2701460e-07 8.5593178e-04 2.8108263e-01 6.9357508e-01 2.4124391e-02
 3.5887162e-04 2.7955659e-06 7.1646987e-08 6.2208434e-09]"
D:\Uni\Ulm\Master\Hiwi-Forschung-und-Lehre\FairFace\detected_faces\285947_face0.jpg,Black,Black,Male,20-29,"[4.3960727e-06 9.9986398e-01 6.8672161e-05 4.9315091e-08 9.1442860e-07
 3.3389548e-05 2.8581379e-05]",[4.4637270e-07 9.9999255e-01 1.0978898e-06 5.9468844e-06],[9.9986541e-01 1.3451856e-04],"[1.9035910e-07 4.9714424e-04 3.2273403e-01 6.3849431e-01 3.7276749e-02
 9.8615955e-04 1.0983287e-05 3.2479090e-07 1.5117561e-08]"
D:\Uni\Ulm\Master\Hiwi-Forschung-und-Lehre\FairFace\detected_faces\285949_face0.jpg,Latino_Hispanic,Indian,Male,20-29,"[1.0265299e-01 1.5618311e-02 8.3063078e-01 1.3035184e-04 1.5676338e-03
 9.2401970e-03 4.0159725e-02]",[0.17167287 0.27968988 0.0157457  0.5328916 ],[9.9984986e-01 1.5011820e-04],"[3.8523069e-07 2.2631693e-05 1.7598633e-02 8.1259781e-01 1.6114233e-01
 8.2344534e-03 3.8890561e-04 1.4532924e-05 3.1019823e-07]"
D:\Uni\Ulm\Master\Hiwi-Forschung-und-Lehre\FairFace\detected_faces\285989_face0.jpg,Black,Black,Male,30-39,"[7.3476066e-04 7.6521456e-01 4.4795871e-02 3.2623284e-05 8.4281154e-04
 1.6837811e-01 2.0001272e-02]",[6.1123760e-04 9.1453856e-01 2.0421229e-03 8.2808048e-02],[0.9989822  0.00101781],"[1.1371091e-05 1.9507416e-04 3.8192754e-03 1.7502387e-01 6.9706500e-01
 1.2169422e-01 2.1578118e-03 3.2133656e-05 1.2343960e-06]"
D:\Uni\Ulm\Master\Hiwi-Forschung-und-Lehre\FairFace\detected_faces\285997_face0.jpg,Black,Black,Male,30-39,"[8.8379747e-06 9.9846500e-01 2.4823859e-04 4.0762231e-08 1.4779537e-06
 1.2421603e-03 3.4205525e-05]",[4.9023163e-07 9.9958366e-01 3.9010747e-06 4.1198661e-04],[9.9998462e-01 1.5384067e-05],"[1.8744640e-07 1.4101341e-06 2.8292064e-04 8.1186704e-02 6.5257066e-01
 2.5400418e-01 1.1818778e-02 1.3308247e-04 2.0026266e-06]"
D:\Uni\Ulm\Master\Hiwi-Forschung-und-Lehre\FairFace\detected_faces\286085_face0.jpg,White,White,Male,30-39,"[9.6189588e-01 5.7630491e-04 2.8571002e-02 8.8150919e-06 1.7920263e-05
 1.7218385e-04 8.7579479e-03]",[9.9526489e-01 2.6869546e-03 1.5644857e-04 1.8915930e-03],[9.9999630e-01 3.6438598e-06],"[4.1049642e-08 1.4015527e-06 1.6389434e-03 4.3739757e-01 5.2894360e-01
 3.1592727e-02 4.2328177e-04 2.4099863e-06 3.6756152e-08]"
D:\Uni\Ulm\Master\Hiwi-Forschung-und-Lehre\FairFace\detected_faces\286087_face0.jpg,White,White,Male,30-39,"[0.5476917  0.00082327 0.22273119 0.00596448 0.00878103 0.00500352
 0.20900482]",[0.9458706  0.00546607 0.04722738 0.00143602],[9.9995035e-01 4.9671318e-05],"[4.5549286e-06 7.1230694e-05 6.6190405e-04 2.2486059e-01 7.1272486e-01
 6.1254296e-02 4.1396450e-04 8.4249632e-06 1.5975944e-07]"
D:\Uni\Ulm\Master\Hiwi-Forschung-und-Lehre\FairFace\detected_faces\286103_face0.jpg,Latino_Hispanic,White,Male,30-39,"[3.9439791e-01 3.5221028e-04 5.5623060e-01 9.2004001e-04 2.8441553e-03
 1.1261473e-02 3.3993609e-02]",[0.9201916  0.00114042 0.02545251 0.05321545],[9.9982804e-01 1.7198027e-04],"[7.2478077e-05 6.3032919e-04 8.1987567e-03 1.2914404e-01 6.2037778e-01
 2.3093770e-01 1.0446328e-02 1.9024966e-04 2.2532145e-06]"
D:\Uni\Ulm\Master\Hiwi-Forschung-und-Lehre\FairFace\detected_faces\286153_face0.jpg,White,White,Male,30-39,"[7.5216240e-01 1.2769441e-03 4.7240335e-02 1.2825314e-05 7.7319433e-05
 1.8156446e-03 1.9741450e-01]",[9.7076702e-01 5.3826906e-03 1.3645609e-04 2.3713823e-02],[9.9999952e-01 4.9960596e-07],"[3.7491263e-06 1.2505661e-04 3.5606592e-03 4.7080076e-01 4.8496291e-01
 3.9959710e-02 5.7734596e-04 9.7703678e-06 1.0606970e-07]"
D:\Uni\Ulm\Master\Hiwi-Forschung-und-Lehre\FairFace\detected_faces\286165_face0.jpg,Black,Black,Male,30-39,"[8.2823550e-07 9.9997801e-01 1.6624968e-05 3.7766977e-08 5.1749203e-07
 3.3376589e-06 5.7573152e-07]",[8.4617085e-07 9.9996942e-01 1.3195448e-05 1.6563437e-05],[9.9997801e-01 2.1949814e-05],"[1.49087089e-08 3.45541594e-07 8.21989379e-04 3.11048239e-01
 5.84236383e-01 1.00241825e-01 3.60986544e-03 3.93124574e-05
 2.06362711e-06]"
D:\Uni\Ulm\Master\Hiwi-Forschung-und-Lehre\FairFace\detected_faces\286167_face0.jpg,White,White,Male,20-29,"[8.1619960e-01 7.2668074e-04 1.0333317e-01 2.1864784e-05 1.2095400e-04
 1.5335354e-04 7.9444431e-02]",[9.8516202e-01 1.2854738e-02 3.2955583e-04 1.6537191e-03],[1.0000000e+00 4.7234296e-09],"[2.8814782e-09 2.0036687e-06 1.2349191e-02 9.4292313e-01 4.4562187e-02
 1.6326288e-04 2.6130454e-07 2.8147042e-09 2.3564701e-11]"
D:\Uni\Ulm\Master\Hiwi-Forschung-und-Lehre\FairFace\detected_faces\286805_face0.jpg,White,White,Male,20-29,"[9.7606921e-01 5.5823497e-05 1.8012760e-02 1.2108953e-05 3.5680379e-05
 7.9631594e-05 5.7347347e-03]",[9.9922645e-01 2.0038697e-04 1.9615472e-04 3.7695540e-04],[1.0000000e+00 2.0391143e-08],"[6.6547386e-08 2.6903090e-06 3.4319835e-03 5.4373014e-01 4.2676851e-01
 2.5761724e-02 3.0322728e-04 1.6279547e-06 1.1395299e-08]"
D:\Uni\Ulm\Master\Hiwi-Forschung-und-Lehre\FairFace\detected_faces\286807_face0.jpg,White,White,Male,20-29,"[9.6677077e-01 5.8101234e-04 2.1834573e-02 8.5513508e-05 2.6743629e-04
 1.1998151e-05 1.0448672e-02]",[9.9641597e-01 2.4212345e-03 1.1292497e-03 3.3504140e-05],[9.9979424e-01 2.0576928e-04],"[6.2469411e-08 5.2056213e-05 1.8635613e-01 7.3588306e-01 7.5140007e-02
 2.5346249e-03 3.3391629e-05 6.8893559e-07 1.5341614e-08]"
D:\Uni\Ulm\Master\Hiwi-Forschung-und-Lehre\FairFace\detected_faces\287057_face0.jpg,White,White,Male,30-39,"[5.1938415e-01 1.9438647e-03 4.8410498e-02 6.0523894e-06 3.9692448e-05
 9.1952627e-04 4.2929623e-01]",[9.8076874e-01 1.6509455e-02 2.4477553e-04 2.4770186e-03],[9.9999833e-01 1.6517256e-06],"[9.3897924e-08 8.7766266e-06 1.0457642e-03 4.7049665e-01 5.1683760e-01
 1.1578686e-02 3.2265907e-05 1.8674260e-07 2.5544016e-09]"
D:\Uni\Ulm\Master\Hiwi-Forschung-und-Lehre\FairFace\detected_faces\287555_face0.jpg,White,White,Male,20-29,"[9.9911058e-01 6.6719855e-07 4.3163105e-05 5.4061252e-07 1.1391895e-06
 2.0221012e-06 8.4185350e-04]",[9.99962628e-01 1.82640233e-05 5.38708173e-06 1.36516865e-05],[9.999977e-01 2.335155e-06],"[3.6949199e-08 1.5415650e-06 5.7636114e-04 6.2938976e-01 3.6685184e-01
 3.1744898e-03 5.9489757e-06 4.0408711e-08 1.0297214e-09]"
D:\Uni\Ulm\Master\Hiwi-Forschung-und-Lehre\FairFace\detected_faces\287571_face0.jpg,White,White,Male,20-29,"[9.88731205e-01 5.02124458e-05 2.15902366e-03 6.32860520e-06
 1.39454805e-05 5.88598368e-06 9.03342105e-03]",[9.9658906e-01 3.3391526e-03 2.7408973e-05 4.4453325e-05],[9.9999684e-01 3.1583359e-06],"[2.6496136e-07 5.7145039e-06 9.1304788e-03 6.0280752e-01 3.5300714e-01
 3.4482960e-02 5.5898342e-04 6.8225363e-06 9.2122647e-08]"
D:\Uni\Ulm\Master\Hiwi-Forschung-und-Lehre\FairFace\detected_faces\287573_face0.jpg,White,White,Male,30-39,"[9.9394476e-01 5.3949621e-05 4.0608118e-03 2.7623895e-05 1.6033313e-04
 6.3491207e-05 1.6890063e-03]",[0.99410474 0.00243046 0.00153694 0.00192786],[1.000000e+00 3.636474e-08],"[2.0480115e-06 1.2984607e-04 6.8714530e-03 4.2028084e-01 5.3717142e-01
 3.5193097e-02 3.4764491e-04 3.5710466e-06 5.6974454e-08]"
D:\Uni\Ulm\Master\Hiwi-Forschung-und-Lehre\FairFace\detected_faces\287643_face0.jpg,White,White,Male,20-29,"[9.9917620e-01 1.8540635e-05 3.9729776e-04 2.4069807e-06 9.7688235e-06
 2.0543994e-05 3.7521953e-04]",[9.9989319e-01 2.2740958e-05 5.6168519e-05 2.7938675e-05],[0.9962552  0.00374479],"[1.0930857e-05 2.8703993e-04 2.5424628e-02 4.2209992e-01 4.1263720e-01
 1.2235979e-01 1.6226543e-02 8.9035381e-04 6.3624735e-05]"
D:\Uni\Ulm\Master\Hiwi-Forschung-und-Lehre\FairFace\detected_faces\287659_face0.jpg,White,White,Male,20-29,"[9.9501830e-01 9.7401553e-06 1.3445081e-03 1.8311033e-04 1.8512065e-04
 2.3460727e-06 3.2569638e-03]",[9.9576825e-01 2.0610266e-04 4.0017664e-03 2.3794728e-05],[9.9994576e-01 5.4255670e-05],"[1.9062802e-06 1.8922347e-04 5.1021468e-02 6.9509411e-01 2.4391960e-01
 9.6564721e-03 1.1525986e-04 1.9491206e-06 4.0989743e-08]"
D:\Uni\Ulm\Master\Hiwi-Forschung-und-Lehre\FairFace\detected_faces\287897_face0.jpg,White,White,Male,30-39,"[9.8890120e-01 2.1424093e-03 4.7235400e-03 1.2321194e-06 8.3490540e-06
 2.4675371e-04 3.9765034e-03]",[9.9880552e-01 1.0284554e-03 1.7120454e-05 1.4890292e-04],[9.999974e-01 2.648074e-06],"[3.2295017e-07 6.8092113e-06 1.6622990e-03 3.8015822e-01 5.1854098e-01
 8.9498132e-02 9.8314891e-03 2.9260089e-04 9.0807571e-06]"
D:\Uni\Ulm\Master\Hiwi-Forschung-und-Lehre\FairFace\detected_faces\287899_face0.jpg,Latino_Hispanic,White,Male,30-39,"[1.5353160e-01 5.4529044e-03 4.2921185e-01 7.6447628e-05 7.9938123e-04
 3.5758412e-01 5.3343587e-02]",[0.7749831  0.01735249 0.00327736 0.20438705],[9.999930e-01 6.988753e-06],"[1.2321477e-06 2.6990587e-05 9.0775144e-04 6.4481050e-02 6.0150504e-01
 3.1875008e-01 1.4250534e-02 7.5908683e-05 1.3850436e-06]"
D:\Uni\Ulm\Master\Hiwi-Forschung-und-Lehre\FairFace\detected_faces\287943_face0.jpg,Black,Black,Male,20-29,"[3.4839962e-07 9.9996811e-01 7.3736010e-06 8.3883812e-08 4.3936584e-06
 1.9363813e-05 1.7369328e-07]",[8.2707538e-07 9.9991536e-01 6.8204841e-05 1.5569971e-05],[9.999992e-01 7.632502e-07],"[9.8276889e-09 3.6899490e-07 1.1722475e-03 4.9475354e-01 4.7109595e-01
 3.2476906e-02 4.9741752e-04 3.3717190e-06 1.5693921e-07]"
D:\Uni\Ulm\Master\Hiwi-Forschung-und-Lehre\FairFace\detected_faces\288013_face0.jpg,White,Black,Male,20-29,"[3.7046942e-01 9.6125200e-02 2.6990137e-01 1.1063126e-05 9.3634226e-05
 1.5019680e-03 2.6189733e-01]",[0.44213855 0.5298036  0.00062055 0.02743741],[9.9999994e-01 5.8552704e-08],"[2.1528725e-08 1.2179953e-05 9.7340923e-03 9.0056068e-01 8.9203306e-02
 4.8878603e-04 8.7996085e-07 8.1431972e-09 1.0830506e-10]"
D:\Uni\Ulm\Master\Hiwi-Forschung-und-Lehre\FairFace\detected_faces\288019_face0.jpg,White,White,Male,30-39,"[9.5660543e-01 2.3074237e-04 3.3887147e-03 1.9841587e-05 5.9302351e-05
 6.6936802e-05 3.9629035e-02]",[9.9907285e-01 6.9195218e-04 8.2289072e-05 1.5286249e-04],[9.999264e-01 7.358923e-05],"[6.7231116e-07 1.6150794e-05 1.7442809e-03 3.8524616e-01 5.8089685e-01
 3.1643040e-02 4.4620904e-04 6.3641428e-06 2.7114987e-07]"
D:\Uni\Ulm\Master\Hiwi-Forschung-und-Lehre\FairFace\detected_faces\288073_face0.jpg,White,White,Male,30-39,"[8.5892707e-01 4.6577284e-04 6.8741821e-02 1.7897938e-04 4.2802567e-04
 3.5329221e-04 7.0905082e-02]",[9.9827778e-01 6.5580395e-04 4.8634771e-04 5.8008131e-04],[9.999558e-01 4.422258e-05],"[2.8877837e-06 6.7662368e-05 1.1291413e-02 3.6725307e-01 5.4684556e-01
 7.3126957e-02 1.3773337e-03 3.4375222e-05 8.2742230e-07]"
D:\Uni\Ulm\Master\Hiwi-Forschung-und-Lehre\FairFace\detected_faces\288205_face0.jpg,Latino_Hispanic,White,Male,30-39,"[1.6894181e-01 1.8596392e-02 4.2733687e-01 3.9351480e-06 3.9727638e-05
 1.7033666e-02 3.6804751e-01]",[0.60117036 0.2660222  0.00100507 0.13180234],[9.999943e-01 5.759606e-06],"[8.5359275e-08 2.1406870e-06 3.6519571e-04 2.4027888e-01 7.0999908e-01
 4.8998758e-02 3.5246866e-04 3.3792703e-06 2.7061915e-08]"
D:\Uni\Ulm\Master\Hiwi-Forschung-und-Lehre\FairFace\detected_faces\288321_face0.jpg,White,White,Male,30-39,"[9.9903184e-01 1.6250848e-07 3.2775794e-04 4.1725102e-06 6.9424227e-06
 3.4013010e-06 6.2564691e-04]",[9.9997997e-01 2.9057560e-06 1.3896156e-05 3.1999389e-06],[9.9999994e-01 7.0381681e-08],"[1.0016567e-05 6.2397815e-04 3.4388784e-02 3.8363716e-01 5.2103931e-01
 5.9719812e-02 5.7501631e-04 5.8941323e-06 9.3701836e-08]"
D:\Uni\Ulm\Master\Hiwi-Forschung-und-Lehre\FairFace\detected_faces\288423_face0.jpg,Middle Eastern,White,Male,30-39,"[2.3843439e-01 2.1272176e-03 1.2531886e-01 3.2066670e-05 1.9404685e-04
 8.2209352e-03 6.2567246e-01]",[9.6618599e-01 6.9938722e-04 4.4657051e-04 3.2668017e-02],[9.9999744e-01 2.5892145e-06],"[1.30549245e-06 1.18758635e-05 8.55384103e-04 4.69633728e-01
 5.15595496e-01 1.38260899e-02 7.50281324e-05 1.09171640e-06
 2.06060218e-08]"
D:\Uni\Ulm\Master\Hiwi-Forschung-und-Lehre\FairFace\detected_faces\288439_face0.jpg,Black,Black,Male,30-39,"[1.5688946e-06 9.9998200e-01 7.9887277e-06 1.9313275e-09 2.1071147e-08
 8.2422530e-06 2.3748311e-07]",[5.4511015e-06 9.9998903e-01 1.5613575e-06 3.9145216e-06],[9.9997509e-01 2.4935513e-05],"[3.4453414e-08 1.1026970e-05 4.9922802e-03 4.8593032e-01 4.8790261e-01
 2.1064170e-02 9.9260724e-05 3.2266152e-07 8.3777865e-09]"
D:\Uni\Ulm\Master\Hiwi-Forschung-und-Lehre\FairFace\detected_faces\288459_face0.jpg,White,White,Male,20-29,"[9.5847380e-01 7.1232789e-05 9.7576566e-03 4.1633837e-05 7.6102646e-05
 1.3831789e-04 3.1441130e-02]",[9.9791467e-01 1.2252473e-03 2.2017764e-04 6.4003095e-04],[9.9996346e-01 3.6592264e-05],"[4.82304969e-08 2.28044405e-06 1.03360019e-03 5.83097696e-01
 4.10665005e-01 5.19006792e-03 1.11552135e-05 7.70441915e-08
 1.63761837e-09]"
D:\Uni\Ulm\Master\Hiwi-Forschung-und-Lehre\FairFace\detected_faces\288957_face0.jpg,White,White,Male,20-29,"[9.9765402e-01 7.1942018e-06 2.3803291e-04 3.2790836e-06 6.1308629e-06
 4.5722591e-06 2.0868250e-03]",[9.9729121e-01 5.7246408e-04 1.3880910e-03 7.4824365e-04],[9.999286e-01 7.143181e-05],"[5.6069851e-08 4.3394557e-06 1.2246693e-03 5.3703493e-01 4.5201728e-01
 9.6959621e-03 2.2594288e-05 1.5666964e-07 4.7869180e-09]"
D:\Uni\Ulm\Master\Hiwi-Forschung-und-Lehre\FairFace\detected_faces\288997_face0.jpg,White,White,Male,30-39,"[9.9980104e-01 2.1978689e-05 2.0758196e-05 1.2596227e-07 9.7193890e-07
 2.2516972e-06 1.5276385e-04]",[9.9940836e-01 1.6589773e-04 7.1239039e-05 3.5444301e-04],[9.9999642e-01 3.5061987e-06],"[3.9513975e-06 2.1345517e-05 1.0694986e-03 2.0351343e-01 5.9039706e-01
 1.7410861e-01 2.9673882e-02 1.1442672e-03 6.8003283e-05]"
D:\Uni\Ulm\Master\Hiwi-Forschung-und-Lehre\FairFace\detected_faces\289203_face0.jpg,White,White,Male,20-29,"[5.8687776e-01 3.3923604e-03 2.3259264e-01 7.1517687e-05 3.9657953e-04
 3.2315377e-04 1.7634591e-01]",[0.8677081  0.11692148 0.00522114 0.01014943],[9.9997640e-01 2.3570838e-05],"[2.6463019e-07 8.0414313e-05 1.3016579e-01 7.7243370e-01 9.1792673e-02
 5.4492620e-03 7.6321325e-05 1.5721558e-06 2.7399542e-08]"
D:\Uni\Ulm\Master\Hiwi-Forschung-und-Lehre\FairFace\detected_faces\290927_face0.jpg,Black,Black,Male,30-39,"[5.3804473e-07 9.9987888e-01 2.0819214e-05 2.4970429e-08 2.1178316e-06
 9.7028133e-05 6.7138535e-07]",[1.72440821e-06 9.99922156e-01 1.09696675e-05 6.51576192e-05],[9.999921e-01 7.910579e-06],"[4.6802766e-09 1.7920483e-07 5.4398912e-04 3.6683586e-01 5.9327078e-01
 3.8753990e-02 5.8909395e-04 5.9578092e-06 1.8612862e-07]"
D:\Uni\Ulm\Master\Hiwi-Forschung-und-Lehre\FairFace\detected_faces\291027_face0.jpg,White,White,Male,20-29,"[9.9982351e-01 3.2293386e-07 4.1971565e-05 3.1880326e-08 8.1983927e-08
 3.3388471e-07 1.3378981e-04]",[9.9941158e-01 4.3104772e-04 2.4073210e-05 1.3333143e-04],[9.9999982e-01 2.1914086e-07],"[3.3738221e-10 5.5122193e-08 5.4814736e-04 7.1968120e-01 2.7297154e-01
 6.7651141e-03 3.3835520e-05 1.4343728e-07 1.7222196e-09]"
D:\Uni\Ulm\Master\Hiwi-Forschung-und-Lehre\FairFace\detected_faces\291237_face0.jpg,Black,Black,Male,20-29,"[9.0307940e-06 9.9964064e-01 1.7538412e-04 3.0810156e-07 3.9154697e-06
 1.3802094e-04 3.2716016e-05]",[1.6979551e-06 9.9996173e-01 1.6988672e-06 3.4902689e-05],[0.9825756  0.01742436],"[9.3780011e-07 6.9810536e-05 1.3815848e-02 5.1699096e-01 4.1027024e-01
 5.5629984e-02 3.0364150e-03 1.7844263e-04 7.2979942e-06]"
D:\Uni\Ulm\Master\Hiwi-Forschung-und-Lehre\FairFace\detected_faces\291279_face0.jpg,White,White,Male,20-29,"[9.6341491e-01 6.0988452e-05 2.6669672e-02 1.6650408e-04 3.8059719e-04
 1.3863157e-04 9.1686929e-03]",[9.9851340e-01 1.1661056e-05 1.0248264e-03 4.5004423e-04],[9.9999928e-01 6.8069903e-07],"[1.78222201e-08 3.40900533e-06 1.32651841e-02 8.75513017e-01
 1.10080846e-01 1.13325543e-03 4.20450215e-06 3.97807263e-08
 5.33000033e-10]"
D:\Uni\Ulm\Master\Hiwi-Forschung-und-Lehre\FairFace\detected_faces\291483_face0.jpg,Black,Black,Male,20-29,"[6.6765295e-03 7.5236690e-01 7.7007011e-02 1.2220832e-04 2.0180317e-03
 1.2848555e-01 3.3323802e-02]",[1.8957989e-04 9.7749871e-01 4.8182782e-04 2.1829890e-02],[9.9999374e-01 6.2226140e-06],"[1.1426296e-07 1.0207479e-05 6.7536174e-03 7.2966623e-01 2.5644758e-01
 7.0322119e-03 8.7899782e-05 2.0858135e-06 5.0130470e-08]"
D:\Uni\Ulm\Master\Hiwi-Forschung-und-Lehre\FairFace\detected_faces\291611_face0.jpg,White,White,Male,30-39,"[9.8341978e-01 3.2740118e-06 3.6301950e-04 6.6126155e-08 4.7200092e-07
 6.1281748e-06 1.6207181e-02]",[9.99526799e-01 1.06704036e-04 5.99311279e-05 3.06510396e-04],[9.9990737e-01 9.2658425e-05],"[6.3540728e-09 2.7242862e-07 4.7327776e-05 5.4821942e-02 8.5840607e-01
 8.6442143e-02 2.8145191e-04 7.9390696e-07 7.8801792e-09]"
D:\Uni\Ulm\Master\Hiwi-Forschung-und-Lehre\FairFace\detected_faces\291667_face0.jpg,White,White,Male,30-39,"[8.0748677e-01 5.5476779e-04 1.4911851e-02 1.2160280e-05 5.0224142e-05
 2.2260929e-04 1.7676163e-01]",[9.9848431e-01 9.2645513e-04 1.2198828e-04 4.6727186e-04],[9.9999982e-01 1.5437362e-07],"[6.0847395e-07 1.4217410e-06 1.5500150e-04 1.2961455e-01 7.2689539e-01
 1.3907370e-01 4.0236725e-03 2.3160754e-04 4.0799637e-06]"
D:\Uni\Ulm\Master\Hiwi-Forschung-und-Lehre\FairFace\detected_faces\291715_face0.jpg,White,White,Male,30-39,"[9.5115191e-01 1.7337911e-04 2.2532161e-02 7.8904020e-05 1.9216166e-04
 1.9563755e-03 2.3915147e-02]",[9.9366993e-01 1.3784571e-04 3.8360158e-05 6.1538103e-03],[9.9996144e-01 3.8576200e-05],"[5.3821202e-07 8.9618634e-06 1.7300758e-03 4.4977507e-01 5.2796352e-01
 2.0352026e-02 1.6752179e-04 2.1294047e-06 7.7646980e-08]"
D:\Uni\Ulm\Master\Hiwi-Forschung-und-Lehre\FairFace\detected_faces\292377_face0.jpg,Middle Eastern,White,Male,30-39,"[7.8603245e-02 2.5021264e-04 4.5568239e-02 7.5074597e-05 1.9061900e-04
 1.7331307e-03 8.7357950e-01]",[9.8788321e-01 4.2901165e-04 2.2288132e-03 9.4589489e-03],[9.9976110e-01 2.3890726e-04],"[3.7229707e-05 7.1758652e-05 1.2379808e-03 8.5270666e-02 6.1253363e-01
 2.8719035e-01 1.3209397e-02 4.4008315e-04 8.9010127e-06]"
D:\Uni\Ulm\Master\Hiwi-Forschung-und-Lehre\FairFace\detected_faces\292665_face0.jpg,Black,Black,Male,20-29,"[5.3193480e-06 9.9958146e-01 4.1908163e-05 1.4063679e-07 2.5403608e-06
 3.4659877e-04 2.2055643e-05]",[4.9311160e-07 9.9997169e-01 1.7920428e-06 2.6053229e-05],[9.994718e-01 5.281706e-04],"[7.1050914e-07 4.7085062e-04 7.5872995e-02 6.1799407e-01 2.8295943e-01
 2.2223106e-02 4.6995457e-04 8.5657930e-06 4.0623902e-07]"
D:\Uni\Ulm\Master\Hiwi-Forschung-und-Lehre\FairFace\detected_faces\292737_face0.jpg,Black,Black,Male,30-39,"[5.7931462e-05 9.9971861e-01 4.4056531e-05 1.0381267e-08 1.4855449e-07
 9.9698824e-05 7.9552301e-05]",[1.2348399e-04 9.9975371e-01 1.5228949e-06 1.2132470e-04],[9.9999464e-01 5.3710623e-06],"[2.0776008e-07 1.8896262e-05 2.2407931e-03 3.3953708e-01 6.0263926e-01
 5.4130930e-02 1.4021135e-03 3.0046867e-05 7.0319743e-07]"
D:\Uni\Ulm\Master\Hiwi-Forschung-und-Lehre\FairFace\detected_faces\293115_face0.jpg,Black,Black,Male,30-39,"[4.56866610e-06 9.99981403e-01 1.14447075e-05 9.44139211e-10
 1.49418860e-08 1.67170992e-06 9.65699428e-07]",[2.0267551e-05 9.9997193e-01 6.8869070e-07 7.1880904e-06],[9.9999970e-01 3.1272526e-07],"[1.0600450e-07 9.3781346e-06 1.2452693e-03 3.6291507e-01 5.7287282e-01
 6.2189456e-02 7.5380696e-04 1.3708521e-05 3.8976003e-07]"
D:\Uni\Ulm\Master\Hiwi-Forschung-und-Lehre\FairFace\detected_faces\293127_face0.jpg,White,White,Male,30-39,"[9.9977875e-01 4.9946666e-06 3.6313795e-05 4.0787285e-07 1.3007379e-06
 2.5862369e-06 1.7555022e-04]",[9.9813056e-01 1.4427069e-03 2.4662854e-04 1.8008368e-04],[9.9999994e-01 8.0095354e-08],"[6.0714583e-06 3.5336961e-05 8.4396172e-04 1.7772523e-01 6.7532378e-01
 1.3942590e-01 6.5733036e-03 6.4636806e-05 1.7094885e-06]"
D:\Uni\Ulm\Master\Hiwi-Forschung-und-Lehre\FairFace\detected_faces\293249_face0.jpg,Black,Black,Male,30-39,"[2.7225431e-05 9.9909133e-01 4.1768447e-04 9.0480262e-07 1.4233967e-05
 1.6443078e-04 2.8423627e-04]",[4.7348396e-05 9.9927247e-01 2.5984904e-04 4.2032948e-04],[9.999999e-01 6.637127e-08],"[6.1442350e-08 1.6773826e-06 2.8220779e-04 1.6584688e-01 7.0721960e-01
 1.2459273e-01 2.0365401e-03 1.9834884e-05 4.0498779e-07]"
D:\Uni\Ulm\Master\Hiwi-Forschung-und-Lehre\FairFace\detected_faces\293295_face0.jpg,White,White,Male,20-29,"[9.2900991e-01 1.6317918e-04 1.1221174e-02 7.4233867e-06 2.9083894e-05
 1.2669108e-04 5.9442557e-02]",[9.9960029e-01 5.8652702e-05 9.3644332e-05 2.4745942e-04],[1.0000000e+00 1.4989828e-08],"[1.2695817e-07 6.4806609e-06 2.5127628e-03 6.7062819e-01 3.1470102e-01
 1.2069762e-02 8.0692371e-05 9.0994558e-07 9.9893285e-09]"
D:\Uni\Ulm\Master\Hiwi-Forschung-und-Lehre\FairFace\detected_faces\293519_face0.jpg,Black,Black,Male,20-29,"[1.3527335e-03 9.0808576e-01 8.8096485e-02 2.0014437e-05 8.2732149e-04
 1.0666215e-03 5.5111130e-04]",[1.8483998e-04 9.9924713e-01 1.4453224e-04 4.2346632e-04],[9.9965447e-01 3.4550237e-04],"[8.2205287e-07 8.8261557e-05 5.7381570e-02 7.9552084e-01 1.4277001e-01
 4.1663940e-03 7.1419934e-05 6.3591574e-07 1.4596249e-08]"
D:\Uni\Ulm\Master\Hiwi-Forschung-und-Lehre\FairFace\detected_faces\293581_face0.jpg,Middle Eastern,Indian,Male,30-39,"[3.0629894e-02 1.3356461e-03 3.0233696e-01 8.1497514e-05 6.4941752e-04
 4.5819629e-02 6.1914694e-01]",[0.29490033 0.11502164 0.01142025 0.5786578 ],[9.9999857e-01 1.3965623e-06],"[1.0986743e-06 6.8493828e-05 3.8212666e-03 4.1062471e-01 5.3629816e-01
 4.8803054e-02 3.7848382e-04 4.6679584e-06 5.2310945e-08]"
D:\Uni\Ulm\Master\Hiwi-Forschung-und-Lehre\FairFace\detected_faces\294313_face0.jpg,Middle Eastern,White,Male,30-39,"[3.5505715e-01 6.3627888e-04 1.6625160e-01 2.4451865e-04 8.1402727e-04
 2.1720505e-03 4.7482434e-01]",[0.9835428  0.00552819 0.00264265 0.00828635],[9.9999994e-01 8.0638230e-08],"[6.8941836e-07 1.9860503e-05 1.6449727e-03 3.2162419e-01 6.4030546e-01
 3.6167666e-02 2.3543926e-04 1.7278090e-06 1.2608365e-08]"
D:\Uni\Ulm\Master\Hiwi-Forschung-und-Lehre\FairFace\detected_faces\294317_face0.jpg,Middle Eastern,Black,Male,30-39,"[2.7080894e-02 4.0571182e-03 6.8208933e-02 3.8483072e-06 3.5424415e-05
 1.1064853e-01 7.8996527e-01]",[0.16213925 0.4883355  0.00169126 0.34783402],[9.9999934e-01 6.7006056e-07],"[5.0972663e-08 3.0335091e-06 3.6158718e-04 4.6185896e-01 5.2732271e-01
 1.0432966e-02 2.0523392e-05 1.5072484e-07 1.8427325e-09]"
D:\Uni\Ulm\Master\Hiwi-Forschung-und-Lehre\FairFace\detected_faces\294341_face0.jpg,Middle Eastern,White,Male,30-39,"[3.0656414e-02 1.2701029e-04 1.2561440e-02 3.1066225e-05 5.5982633e-05
 6.4365042e-04 9.5592445e-01]",[9.8544443e-01 2.3020490e-03 5.6715030e-04 1.1686375e-02],[9.9995381e-01 4.6238205e-05],"[2.5916586e-05 3.8247643e-04 6.5157274e-03 3.5678881e-01 5.7217878e-01
 6.3292131e-02 7.8854780e-04 2.7171023e-05 4.6173378e-07]"
D:\Uni\Ulm\Master\Hiwi-Forschung-und-Lehre\FairFace\detected_faces\294351_face0.jpg,White,White,Male,20-29,"[9.9888122e-01 2.2482723e-06 3.2807791e-04 1.1394575e-06 1.7330848e-06
 2.0448788e-05 7.6512556e-04]",[9.9951917e-01 3.2289983e-05 5.5296387e-05 3.9325253e-04],[9.9999976e-01 2.4638655e-07],"[2.6248713e-07 2.0966723e-05 6.8086023e-03 8.6572093e-01 1.2617604e-01
 1.2692254e-03 3.9670113e-06 2.6228482e-08 5.5559429e-10]"
D:\Uni\Ulm\Master\Hiwi-Forschung-und-Lehre\FairFace\detected_faces\294377_face0.jpg,White,White,Male,30-39,"[8.3332080e-01 1.8112913e-04 6.9678970e-02 6.3031752e-05 1.6938792e-04
 1.6634115e-03 9.4923265e-02]",[9.9875045e-01 2.0494616e-04 4.6778261e-04 5.7670922e-04],[9.999937e-01 6.287938e-06],"[9.8015200e-08 2.2236800e-06 6.4199773e-04 4.7154522e-01 5.1090872e-01
 1.6797595e-02 1.0326535e-04 8.5094200e-07 1.0625663e-08]"
D:\Uni\Ulm\Master\Hiwi-Forschung-und-Lehre\FairFace\detected_faces\294593_face0.jpg,White,White,Male,20-29,"[7.1468663e-01 3.5701841e-03 7.2949491e-02 1.2607251e-06 1.1957171e-05
 1.6284916e-03 2.0715199e-01]",[9.8030251e-01 1.6589779e-02 1.7302895e-04 2.9346980e-03],[9.9999809e-01 1.9202164e-06],"[5.6218741e-09 8.4525703e-07 6.1187602e-04 6.0584146e-01 3.9073431e-01
 2.8087287e-03 2.7786512e-06 1.2743988e-08 1.6603138e-10]"
D:\Uni\Ulm\Master\Hiwi-Forschung-und-Lehre\FairFace\detected_faces\294597_face0.jpg,White,White,Male,30-39,"[9.0146869e-01 9.9724821e-05 6.7518525e-02 2.5797862e-04 2.7814924e-04
 5.7304685e-04 2.9803861e-02]",[0.99016315 0.00105513 0.00735449 0.00142717],[9.9999774e-01 2.2398274e-06],"[9.7865939e-07 7.0279862e-06 1.5911072e-03 2.0953117e-01 6.1285114e-01
 1.7046064e-01 5.4646251e-03 9.2576352e-05 7.3593571e-07]"
D:\Uni\Ulm\Master\Hiwi-Forschung-und-Lehre\FairFace\detected_faces\295123_face0.jpg,Black,Black,Male,20-29,"[2.0529612e-06 9.9997514e-01 1.9407327e-05 8.3554184e-08 1.5369442e-06
 1.2091997e-06 5.5544047e-07]",[1.2764214e-06 9.9999571e-01 1.8360427e-06 1.1932825e-06],[9.9984020e-01 1.5985648e-04],"[8.5549550e-07 2.3625948e-04 5.6410111e-02 7.4822176e-01 1.8045637e-01
 1.4254224e-02 4.0495396e-04 1.4159361e-05 1.2921799e-06]"
D:\Uni\Ulm\Master\Hiwi-Forschung-und-Lehre\FairFace\detected_faces\295133_face0.jpg,Middle Eastern,White,Male,20-29,"[8.1109628e-02 8.1023877e-04 4.1927209e-01 1.0496836e-04 7.3862873e-04
 3.3053234e-02 4.6491116e-01]",[0.6960565  0.00466739 0.0101421  0.289134  ],[9.9999839e-01 1.5463097e-06],"[2.19723233e-07 1.14934310e-05 1.98397273e-03 5.49043596e-01
 4.40397978e-01 8.54806229e-03 1.45696167e-05 1.15623344e-07
 1.30494793e-09]"
D:\Uni\Ulm\Master\Hiwi-Forschung-und-Lehre\FairFace\detected_faces\295137_face0.jpg,Black,Black,Male,20-29,"[4.7681159e-03 8.7702823e-01 1.0916962e-01 3.6972957e-05 1.0304638e-03
 5.2001853e-03 2.7662849e-03]",[2.8727599e-04 9.9859601e-01 9.5921998e-05 1.0207995e-03],[9.9999857e-01 1.4789607e-06],"[6.2860539e-07 3.9105795e-05 1.9203156e-02 9.0082872e-01 7.8081116e-02
 1.8245179e-03 2.1995938e-05 7.4993881e-07 2.3992342e-08]"
D:\Uni\Ulm\Master\Hiwi-Forschung-und-Lehre\FairFace\detected_faces\295289_face0.jpg,White,White,Male,30-39,"[8.3889002e-01 9.9249373e-06 1.9908154e-02 1.9954941e-05 6.1697916e-05
 1.8380680e-03 1.3927224e-01]",[9.8389012e-01 1.4793250e-04 1.7155785e-04 1.5790464e-02],[9.999555e-01 4.448862e-05],"[3.4432165e-07 9.2794216e-06 1.5011476e-03 3.4554276e-01 6.0619289e-01
 4.6538685e-02 2.1413797e-04 7.9594253e-07 1.1944500e-08]"
D:\Uni\Ulm\Master\Hiwi-Forschung-und-Lehre\FairFace\detected_faces\295361_face0.jpg,Latino_Hispanic,White,Male,30-39,"[0.11735415 0.02076619 0.7165641  0.00127462 0.00528534 0.01238565
 0.1263699 ]",[0.41106075 0.3811989  0.05518107 0.15255925],[9.9999964e-01 3.8308494e-07],"[1.1929267e-06 1.7972452e-05 5.4068636e-04 3.2321489e-01 6.4737034e-01
 2.8747821e-02 1.0624362e-04 7.9738351e-07 8.2326412e-09]"
D:\Uni\Ulm\Master\Hiwi-Forschung-und-Lehre\FairFace\detected_faces\295973_face0.jpg,White,White,Male,30-39,"[4.1598833e-01 5.1091374e-03 1.5211129e-01 3.7074447e-04 8.2494505e-04
 2.2474883e-02 4.0312067e-01]",[0.59834677 0.0448338  0.039424   0.31739542],[9.9999845e-01 1.5283895e-06],"[6.0647650e-08 5.3721953e-07 4.2640218e-05 7.8023508e-02 8.3546233e-01
 8.6204134e-02 2.6554326e-04 1.2713734e-06 9.3318731e-09]"
D:\Uni\Ulm\Master\Hiwi-Forschung-und-Lehre\FairFace\detected_faces\296432_face0.jpg,Middle Eastern,White,Male,30-39,"[2.2972697e-01 9.2494622e-04 2.6852442e-02 2.4013618e-05 9.5039075e-05
 4.8790490e-03 7.3749751e-01]",[0.95895225 0.00970959 0.0016707  0.02966744],[9.9983174e-01 1.6823370e-04],"[5.1272236e-06 4.2348416e-05 1.0083172e-03 1.6463958e-01 7.4938232e-01
 8.4098801e-02 8.1488176e-04 8.4456669e-06 1.6157661e-07]"
D:\Uni\Ulm\Master\Hiwi-Forschung-und-Lehre\FairFace\detected_faces\296438_face0.jpg,Black,Black,Male,20-29,"[3.8373849e-04 9.7494525e-01 1.5394190e-02 8.4846295e-07 3.4008965e-05
 4.9485369e-03 4.2934613e-03]",[2.8264860e-05 9.9780101e-01 1.0843998e-04 2.0622795e-03],[1.0000000e+00 3.0012853e-08],"[1.74751989e-07 1.18900534e-04 4.36133146e-02 8.63432646e-01
 9.09831300e-02 1.84298190e-03 8.61720309e-06 2.48426176e-07
 4.69763206e-09]"
D:\Uni\Ulm\Master\Hiwi-Forschung-und-Lehre\FairFace\detected_faces\297150_face0.jpg,Black,Black,Male,20-29,"[1.7677149e-06 9.9982250e-01 7.6322518e-05 1.7440760e-08 2.0884400e-07
 6.4558968e-05 3.4630200e-05]",[1.2547199e-06 9.9998778e-01 1.0967711e-06 9.8322789e-06],[9.993094e-01 6.905438e-04],"[4.3170395e-08 3.6445756e-05 8.0034181e-02 8.0011249e-01 1.1755697e-01
 2.2348578e-03 2.4660667e-05 3.7503139e-07 6.4878516e-09]"
D:\Uni\Ulm\Master\Hiwi-Forschung-und-Lehre\FairFace\detected_faces\298226_face0.jpg,Black,Black,Male,20-29,"[2.2056713e-03 7.2622800e-01 2.3583513e-01 2.5960166e-04 6.3665118e-03
 9.6488437e-03 1.9456176e-02]",[0.00128577 0.9883155  0.00704663 0.00335206],[9.9999994e-01 4.2139597e-08],"[3.0150954e-07 1.8271408e-05 9.5183402e-03 7.2952878e-01 2.4615721e-01
 1.4552486e-02 2.1917949e-04 5.3708518e-06 9.0542194e-08]"
D:\Uni\Ulm\Master\Hiwi-Forschung-und-Lehre\FairFace\detected_faces\298366_face0.jpg,White,White,Male,30-39,"[7.4788535e-01 1.6540019e-03 2.2787644e-01 4.1099306e-04 2.8360467e-03
 2.4951193e-03 1.6842121e-02]",[0.9308112  0.00219503 0.0110791  0.05591471],[1.0000000e+00 3.4956752e-08],"[9.0935565e-08 1.5030597e-06 1.0393938e-03 3.4258157e-01 5.9233856e-01
 6.2163115e-02 1.8346473e-03 4.0709565e-05 3.8265111e-07]"
D:\Uni\Ulm\Master\Hiwi-Forschung-und-Lehre\FairFace\detected_faces\298920_face0.jpg,Latino_Hispanic,White,Male,20-29,"[1.3516836e-01 2.2660444e-02 5.8292913e-01 5.1760409e-05 2.8325859e-04
 9.9565717e-04 2.5791144e-01]",[0.9765555  0.02078084 0.00097866 0.00168498],[9.9999851e-01 1.4661384e-06],"[8.6509026e-06 2.9858726e-04 4.5417160e-02 6.3279599e-01 2.8914106e-01
 3.1406347e-02 9.0483302e-04 2.7194754e-05 1.9535067e-07]"
D:\Uni\Ulm\Master\Hiwi-Forschung-und-Lehre\FairFace\detected_faces\299870_face0.jpg,Latino_Hispanic,White,Male,20-29,"[0.43079615 0.00921377 0.5118047  0.00094148 0.00393343 0.00163384
 0.04167657]",[0.5695642  0.32499492 0.04575855 0.05968228],[9.9999893e-01 1.0889695e-06],"[3.8845107e-07 1.2164952e-04 2.7903574e-02 9.1680986e-01 5.4668311e-02
 4.9420068e-04 1.9875174e-06 5.1587023e-08 9.8499842e-10]"
D:\Uni\Ulm\Master\Hiwi-Forschung-und-Lehre\FairFace\detected_faces\300522_face0.jpg,White,White,Male,20-29,"[6.1262351e-01 1.3391352e-03 1.5251340e-01 1.7879230e-04 5.1504053e-04
 2.1023571e-03 2.3072778e-01]",[0.98945296 0.00341672 0.0027871  0.00434322],[9.9999964e-01 3.5475668e-07],"[5.3206230e-07 2.4830562e-05 2.7565877e-03 7.3781753e-01 2.5691748e-01
 2.4754617e-03 7.3632996e-06 1.3055136e-07 1.6215612e-09]"
D:\Uni\Ulm\Master\Hiwi-Forschung-und-Lehre\FairFace\detected_faces\301162_face0.jpg,White,White,Male,30-39,"[7.4062496e-01 1.1122898e-03 1.7697172e-01 1.7648843e-05 1.6524937e-04
 2.7331585e-02 5.3776573e-02]",[9.9644971e-01 1.6138218e-04 1.8816791e-05 3.3701283e-03],[9.9992234e-01 7.7638804e-05],"[7.5536195e-07 1.3395171e-05 9.0473762e-04 1.8410283e-01 7.2669512e-01
 8.7687552e-02 5.8987649e-04 5.6185791e-06 7.1995217e-08]"
D:\Uni\Ulm\Master\Hiwi-Forschung-und-Lehre\FairFace\detected_faces\301164_face0.jpg,White,White,Male,30-39,"[5.2705276e-01 1.6086360e-03 3.1708166e-01 1.0315520e-04 5.5251381e-04
 1.1428273e-02 1.4217293e-01]",[0.9428806  0.00926493 0.00492126 0.04293333],[9.9999464e-01 5.4045659e-06],"[2.3343394e-07 3.1747861e-06 2.7833754e-04 2.4552886e-01 7.1761948e-01
 3.6399886e-02 1.6880971e-04 1.2355594e-06 1.4278481e-08]"
D:\Uni\Ulm\Master\Hiwi-Forschung-und-Lehre\FairFace\detected_faces\301288_face0.jpg,White,White,Male,20-29,"[9.9920356e-01 5.6728589e-07 3.1680538e-05 2.0643182e-07 3.5189052e-07
 1.3214122e-07 7.6346955e-04]",[9.9995190e-01 2.7619213e-05 1.4674071e-05 5.8877276e-06],[9.9999994e-01 7.0365978e-08],"[3.9910159e-08 1.5585850e-06 3.0723624e-03 7.1327841e-01 2.6211041e-01
 2.1045599e-02 4.8218499e-04 9.3000162e-06 9.9806961e-08]"
D:\Uni\Ulm\Master\Hiwi-Forschung-und-Lehre\FairFace\detected_faces\302676_face0.jpg,White,White,Male,10-19,"[9.96733010e-01 1.10468536e-05 2.83648871e-04 7.54972598e-06
 1.35985465e-05 1.53435201e-06 2.94958660e-03]",[9.9743348e-01 2.3421696e-03 1.3030235e-04 9.4078554e-05],[9.9988824e-01 1.1171576e-04],"[8.3120621e-09 1.2707293e-04 5.1854563e-01 4.7653952e-01 4.7382731e-03
 4.9184917e-05 2.3054901e-07 3.9547690e-09 1.2616180e-10]"
D:\Uni\Ulm\Master\Hiwi-Forschung-und-Lehre\FairFace\detected_faces\303450_face0.jpg,Black,Black,Male,30-39,"[3.5601929e-06 9.9976087e-01 6.0854138e-05 9.6083710e-09 4.2923847e-07
 1.0506269e-04 6.9251240e-05]",[6.9670132e-06 9.9940121e-01 1.9873778e-05 5.7194754e-04],[1.0000000e+00 1.6763813e-08],"[1.02956953e-07 1.14509212e-05 1.91938924e-03 4.76607054e-01
 4.94452238e-01 2.69019101e-02 1.06659325e-04 1.14463967e-06
 2.68394391e-08]"
D:\Uni\Ulm\Master\Hiwi-Forschung-und-Lehre\FairFace\detected_faces\303604_face0.jpg,White,White,Male,20-29,"[6.2054199e-01 3.0185587e-03 7.1711026e-02 8.4413747e-05 1.5663035e-04
 5.7888748e-03 2.9869854e-01]",[9.8335707e-01 1.1058512e-02 5.5282365e-04 5.0315992e-03],[9.9993587e-01 6.4167398e-05],"[1.93114192e-06 1.75508685e-04 2.02859472e-03 5.11468828e-01
 4.77192104e-01 9.11599770e-03 1.69047671e-05 1.08081714e-07
 2.79181478e-09]"
D:\Uni\Ulm\Master\Hiwi-Forschung-und-Lehre\FairFace\detected_faces\303638_face0.jpg,Indian,Indian,Male,20-29,"[0.04316107 0.08722542 0.368714   0.00161028 0.02256648 0.42899722
 0.04772541]",[0.02119896 0.04076121 0.01945078 0.91858906],[9.9999952e-01 4.7173333e-07],"[5.6226509e-07 1.2290844e-04 2.8932692e-02 8.1595850e-01 1.5300198e-01
 1.9729650e-03 1.0193727e-05 1.8005777e-07 3.5375785e-09]"
D:\Uni\Ulm\Master\Hiwi-Forschung-und-Lehre\FairFace\detected_faces\305128_face0.jpg,Black,Black,Male,30-39,"[4.1950156e-07 9.9998343e-01 1.0730125e-05 6.0092895e-09 1.9388045e-07
 4.5561496e-06 7.1088056e-07]",[9.8451642e-07 9.9998009e-01 3.3026074e-06 1.5591726e-05],[9.9999988e-01 1.7116677e-07],"[1.68242070e-06 1.00639292e-04 2.47338577e-03 2.99527884e-01
 5.75415254e-01 1.19909555e-01 2.53949105e-03 3.07944902e-05
 1.25888948e-06]"
D:\Uni\Ulm\Master\Hiwi-Forschung-und-Lehre\FairFace\detected_faces\305230_face0.jpg,Middle Eastern,White,Male,20-29,"[1.7589755e-01 4.1305128e-05 1.0534977e-01 7.7353849e-05 1.8153845e-04
 4.3546950e-04 7.1801692e-01]",[0.9703754  0.01356121 0.00354958 0.01251383],[1.0000000e+00 4.0170374e-08],"[2.4265859e-07 1.8281328e-04 1.1189456e-01 8.3080667e-01 5.6263272e-02
 8.5039280e-04 2.0821460e-06 2.7412497e-08 1.8456715e-10]"
D:\Uni\Ulm\Master\Hiwi-Forschung-und-Lehre\FairFace\detected_faces\305278_face0.jpg,White,White,Male,30-39,"[9.9629343e-01 1.8224582e-06 4.9823325e-04 2.6758705e-06 7.4331338e-06
 4.2892120e-06 3.1920373e-03]",[9.9983948e-01 7.5919757e-05 2.3503668e-05 6.1139865e-05],[1.000000e+00 9.424468e-09],"[2.8230139e-07 3.3552349e-06 1.0157273e-03 3.2414648e-01 6.2526774e-01
 4.8948511e-02 6.1271660e-04 5.1334628e-06 4.5051763e-08]"
D:\Uni\Ulm\Master\Hiwi-Forschung-und-Lehre\FairFace\detected_faces\305282_face0.jpg,Black,Black,Male,40-49,"[5.3283850e-07 9.9749804e-01 3.6429723e-05 3.0878311e-08 9.2482003e-07
 2.4569742e-03 7.1584604e-06]",[1.6902381e-05 9.9409544e-01 8.0601567e-06 5.8795814e-03],[9.9986768e-01 1.3228318e-04],"[2.0076854e-05 9.2779650e-05 5.4379593e-04 7.3102401e-03 1.5275392e-01
 5.1623338e-01 2.9672524e-01 2.5756199e-02 5.6435255e-04]"
