face_name_align,race,race4,gender,age,race_scores_fair,race_scores_fair_4,gender_scores_fair,age_scores_fair
D:\Uni\Ulm\Master\Hiwi-Forschung-und-Lehre\FairFace\detected_faces\553412_face0.jpg,White,White,Male,20-29,"[9.8896986e-01 3.7328916e-06 9.4712840e-04 4.1894749e-05 3.5113622e-05
 2.1695078e-05 9.9806376e-03]",[9.9881798e-01 3.2951811e-04 7.3343981e-04 1.1907703e-04],[9.9977046e-01 2.2955713e-04],"[3.5622782e-07 2.7063581e-05 2.6667069e-03 6.2474436e-01 3.6878535e-01
 3.7683684e-03 7.7902869e-06 6.2383805e-08 2.5668991e-09]"
D:\Uni\Ulm\Master\Hiwi-Forschung-und-Lehre\FairFace\detected_faces\553488_face0.jpg,Black,Black,Male,30-39,"[8.7407074e-08 9.9996942e-01 7.2001109e-07 5.3138365e-09 1.8066866e-07
 2.9398230e-05 8.8299274e-08]",[1.7489151e-07 9.9998611e-01 3.0781794e-06 1.0624448e-05],[9.999376e-01 6.243054e-05],"[1.3445040e-09 8.2324931e-08 3.1286618e-04 2.8089979e-01 6.5405542e-01
 6.3483097e-02 1.2400367e-03 8.4990515e-06 2.3101728e-07]"
D:\Uni\Ulm\Master\Hiwi-Forschung-und-Lehre\FairFace\detected_faces\553508_face0.jpg,Middle Eastern,White,Male,30-39,"[2.0896012e-01 9.4193511e-04 9.2825487e-02 3.2433937e-04 7.8045274e-04
 4.1047963e-03 6.9206285e-01]",[0.84516    0.06479274 0.00763592 0.08241134],[9.9995065e-01 4.9334027e-05],"[8.4241299e-07 1.6800945e-05 4.2284682e-04 2.0432776e-01 7.6258409e-01
 3.2565452e-02 8.1385981e-05 7.8564676e-07 1.4901323e-08]"
D:\Uni\Ulm\Master\Hiwi-Forschung-und-Lehre\FairFace\detected_faces\553606_face0.jpg,White,White,Male,30-39,"[9.5905560e-01 1.8108894e-04 5.9396024e-03 9.9815793e-07 3.5022340e-06
 1.4810314e-04 3.4671094e-02]",[9.9809909e-01 1.5478322e-03 3.6005440e-05 3.1708958e-04],[9.9999839e-01 1.5751426e-06],"[4.3246299e-08 4.3518634e-07 7.4059331e-05 8.5395738e-02 7.7210945e-01
 1.4095587e-01 1.4546395e-03 9.7346647e-06 8.9837044e-08]"
D:\Uni\Ulm\Master\Hiwi-Forschung-und-Lehre\FairFace\detected_faces\553686_face0.jpg,Black,Black,Male,20-29,"[4.5813658e-04 9.6457535e-01 1.3192058e-02 7.9276469e-07 3.6509307e-05
 4.8379404e-03 1.6899135e-02]",[1.9930767e-04 9.7357184e-01 1.1190103e-04 2.6116930e-02],[9.999307e-01 6.934392e-05],"[9.4263004e-07 8.6476968e-05 1.6031977e-02 5.5167067e-01 3.9856720e-01
 3.3033807e-02 5.9864938e-04 9.9952149e-06 2.6769993e-07]"
D:\Uni\Ulm\Master\Hiwi-Forschung-und-Lehre\FairFace\detected_faces\553688_face0.jpg,White,White,Male,20-29,"[9.9693036e-01 4.1949306e-06 3.2617443e-04 4.3673349e-06 9.6931381e-06
 1.9547570e-06 2.7232547e-03]",[9.9903429e-01 3.7130254e-04 4.9774908e-04 9.6555152e-05],[9.9999988e-01 6.2626526e-08],"[3.94967437e-08 1.24042781e-05 5.24464548e-02 9.14700568e-01
 3.23795974e-02 4.56208480e-04 4.66442498e-06 1.04862615e-07
 1.44512347e-09]"
D:\Uni\Ulm\Master\Hiwi-Forschung-und-Lehre\FairFace\detected_faces\555372_face0.jpg,Indian,Indian,Male,30-39,"[1.6581530e-03 1.6007448e-02 2.6342565e-02 1.4192468e-05 3.8650123e-04
 9.5200962e-01 3.5815365e-03]",[8.6693582e-04 7.3023655e-02 2.4539987e-03 9.2365539e-01],[9.9999952e-01 4.5461948e-07],"[6.5059105e-08 9.7782197e-07 1.3931043e-04 9.8350778e-02 7.3200017e-01
 1.6742106e-01 2.0696381e-03 1.7742732e-05 1.6511103e-07]"
D:\Uni\Ulm\Master\Hiwi-Forschung-und-Lehre\FairFace\detected_faces\555386_face0.jpg,Black,Black,Male,20-29,"[4.4374121e-03 8.2151037e-01 1.6739936e-01 4.2372071e-06 7.6650445e-05
 5.1018707e-03 1.4699872e-03]",[4.7874326e-04 9.9468911e-01 4.4057200e-05 4.7880937e-03],[9.999946e-01 5.441027e-06],"[4.2218088e-07 4.3777472e-06 5.8313091e-03 5.1496500e-01 4.1797647e-01
 5.8734190e-02 2.4609212e-03 2.6942960e-05 3.7644236e-07]"
D:\Uni\Ulm\Master\Hiwi-Forschung-und-Lehre\FairFace\detected_faces\555406_face0.jpg,White,White,Male,20-29,"[9.9788570e-01 5.8871007e-07 1.2352807e-03 7.2183320e-07 4.5567867e-06
 3.2052554e-05 8.4112876e-04]",[9.9977851e-01 1.4265436e-06 1.4631991e-05 2.0540337e-04],[9.9999970e-01 2.7445333e-07],"[4.0119797e-08 6.7159067e-06 1.4042836e-02 7.6291633e-01 2.0853834e-01
 1.4251912e-02 2.4134491e-04 2.4726050e-06 2.7339137e-08]"
D:\Uni\Ulm\Master\Hiwi-Forschung-und-Lehre\FairFace\detected_faces\555540_face0.jpg,White,White,Male,20-29,"[5.9467673e-01 1.6098213e-03 1.5097480e-01 1.9723950e-05 1.6982733e-04
 2.6644834e-03 2.4988461e-01]",[9.6026355e-01 8.7715071e-03 9.2938868e-04 3.0035548e-02],[9.999991e-01 9.529455e-07],"[6.6123988e-08 2.6839789e-06 1.3657875e-03 5.4892665e-01 4.4006780e-01
 9.5964773e-03 4.0119292e-05 3.9759081e-07 5.2608566e-09]"
D:\Uni\Ulm\Master\Hiwi-Forschung-und-Lehre\FairFace\detected_faces\555740_face0.jpg,White,White,Male,30-39,"[8.1468153e-01 6.5598701e-04 4.7843419e-02 2.7584494e-05 7.5656288e-05
 2.3240656e-04 1.3648342e-01]",[9.8349488e-01 1.2732776e-02 7.2668825e-04 3.0456146e-03],[9.9999976e-01 2.4189990e-07],"[1.1542261e-06 1.6325552e-05 2.8144391e-03 4.4949099e-01 5.1511240e-01
 3.2252148e-02 3.0693301e-04 5.4599909e-06 5.7103822e-08]"
D:\Uni\Ulm\Master\Hiwi-Forschung-und-Lehre\FairFace\detected_faces\556866_face0.jpg,White,White,Male,20-29,"[6.96462750e-01 2.07019257e-04 9.60826725e-02 1.59671254e-05
 1.02799495e-04 2.68755271e-03 2.04441130e-01]",[9.9833864e-01 4.2567928e-05 2.7532096e-05 1.5912363e-03],[9.999976e-01 2.401852e-06],"[1.0744117e-07 1.4826953e-05 3.9367490e-03 5.5679137e-01 4.2947671e-01
 9.7542657e-03 2.5530018e-05 3.6573761e-07 4.5452970e-09]"
D:\Uni\Ulm\Master\Hiwi-Forschung-und-Lehre\FairFace\detected_faces\556884_face0.jpg,Middle Eastern,White,Male,20-29,"[3.74115348e-01 2.14541418e-04 5.40567376e-02 1.48744275e-05
 7.25288119e-05 9.74343217e-04 5.70551634e-01]",[9.8840570e-01 1.7162689e-03 2.6488502e-04 9.6132243e-03],[9.9999982e-01 1.8778707e-07],"[4.6352877e-09 5.1590115e-07 2.1841109e-03 8.8089430e-01 1.1645166e-01
 4.6865104e-04 7.2004696e-07 6.9284809e-09 1.0915259e-10]"
D:\Uni\Ulm\Master\Hiwi-Forschung-und-Lehre\FairFace\detected_faces\556904_face0.jpg,Black,Black,Male,20-29,"[2.4365083e-06 9.9991310e-01 5.9925376e-05 1.6743138e-07 2.0492223e-06
 1.9514589e-05 2.6712187e-06]",[1.8044741e-06 9.9992335e-01 3.6910426e-06 7.1150891e-05],[0.949075   0.05092499],"[8.6696900e-06 3.1986749e-03 2.0789614e-01 4.6174002e-01 2.6444557e-01
 5.8724444e-02 3.7792632e-03 1.9345082e-04 1.3821950e-05]"
D:\Uni\Ulm\Master\Hiwi-Forschung-und-Lehre\FairFace\detected_faces\556948_face0.jpg,East Asian,Asian,Male,20-29,"[1.9207972e-03 5.9887989e-06 4.8164595e-03 8.7635589e-01 1.1529198e-01
 5.9298123e-04 1.0159953e-03]",[3.0294721e-04 1.1207119e-05 9.9954778e-01 1.3798478e-04],[9.9982768e-01 1.7231314e-04],"[5.2424111e-06 4.8733572e-04 5.7664141e-02 7.1404445e-01 2.2214518e-01
 5.5903038e-03 5.7011697e-05 6.2624395e-06 9.4165529e-08]"
D:\Uni\Ulm\Master\Hiwi-Forschung-und-Lehre\FairFace\detected_faces\556960_face0.jpg,Black,Black,Male,30-39,"[6.6390698e-04 7.3833138e-01 3.4225326e-02 9.1348938e-06 2.4650514e-04
 4.1922480e-02 1.8460129e-01]",[0.00626532 0.77611583 0.00345187 0.214167  ],[9.9999988e-01 1.4688673e-07],"[3.5701882e-07 6.7977185e-06 4.8417022e-04 2.7515441e-01 6.7697382e-01
 4.7235221e-02 1.4360367e-04 1.5924312e-06 2.7139523e-08]"
D:\Uni\Ulm\Master\Hiwi-Forschung-und-Lehre\FairFace\detected_faces\556988_face0.jpg,White,White,Male,20-29,"[8.1391096e-01 6.3276100e-05 3.2419562e-02 1.2485043e-04 2.4155102e-04
 4.1442885e-04 1.5282540e-01]",[9.9889106e-01 3.2513472e-05 8.1589806e-04 2.6057396e-04],[9.9998909e-01 1.0926416e-05],"[1.4931713e-08 1.7319727e-06 4.2722952e-02 9.0010828e-01 5.5531241e-02
 1.6112301e-03 2.3929220e-05 6.4774446e-07 1.0410286e-08]"
D:\Uni\Ulm\Master\Hiwi-Forschung-und-Lehre\FairFace\detected_faces\557008_face0.jpg,White,White,Male,20-29,"[9.9641192e-01 1.6009518e-06 2.6141517e-03 4.4145640e-05 6.6450011e-05
 4.2248983e-05 8.1948377e-04]",[9.9910545e-01 2.6151482e-05 6.5557641e-04 2.1278697e-04],[9.9999958e-01 3.6849477e-07],"[1.9556444e-06 2.9294577e-04 5.5612013e-02 4.6841854e-01 3.9255375e-01
 8.1270419e-02 1.8364755e-03 1.3723409e-05 1.2916944e-07]"
D:\Uni\Ulm\Master\Hiwi-Forschung-und-Lehre\FairFace\detected_faces\557614_face0.jpg,Black,Black,Male,20-29,"[1.2960652e-07 9.9998993e-01 6.3794137e-06 2.1481627e-08 4.1791463e-07
 2.3942202e-06 8.2239370e-07]",[1.4134325e-07 9.9999118e-01 3.1102081e-06 5.6256999e-06],[9.999364e-01 6.360781e-05],"[8.1522239e-07 2.0366990e-04 2.6248837e-02 7.2265416e-01 2.3381227e-01
 1.6946539e-02 1.3197142e-04 1.5670604e-06 1.0218380e-07]"
D:\Uni\Ulm\Master\Hiwi-Forschung-und-Lehre\FairFace\detected_faces\558524_face0.jpg,Latino_Hispanic,Black,Male,20-29,"[8.8395849e-02 1.2916758e-02 7.3291022e-01 2.7214584e-05 2.1441845e-04
 2.6313618e-02 1.3922186e-01]",[0.03281669 0.86942303 0.00213611 0.09562413],[9.999995e-01 5.042017e-07],"[1.8096189e-08 5.5681824e-07 2.5039602e-03 7.9716599e-01 1.9666280e-01
 3.6475477e-03 1.8815708e-05 2.9880434e-07 3.7585126e-09]"
D:\Uni\Ulm\Master\Hiwi-Forschung-und-Lehre\FairFace\detected_faces\558536_face0.jpg,Black,Black,Male,20-29,"[1.3636492e-06 9.9990696e-01 7.7549077e-05 7.4588414e-08 1.8050208e-06
 1.0510940e-05 1.7340549e-06]",[2.6026269e-06 9.9998719e-01 5.8399819e-06 4.3462278e-06],[9.9999851e-01 1.5114535e-06],"[5.2184629e-07 8.5490814e-05 2.3449743e-02 8.5474437e-01 1.1702478e-01
 4.6596662e-03 3.4507546e-05 8.6893596e-07 4.4219323e-08]"
D:\Uni\Ulm\Master\Hiwi-Forschung-und-Lehre\FairFace\detected_faces\558552_face0.jpg,White,White,Male,30-39,"[9.7941226e-01 9.9562210e-05 5.0227372e-03 1.1888775e-05 6.3095380e-05
 1.2113323e-04 1.5269283e-02]",[9.9914306e-01 2.2573804e-04 3.2207527e-04 3.0909845e-04],[1.00000000e+00 1.02420525e-08],"[7.4295517e-06 6.9485286e-05 1.3772510e-03 1.1242401e-01 6.9354492e-01
 1.8639188e-01 6.1114612e-03 7.2671355e-05 8.8776505e-07]"
D:\Uni\Ulm\Master\Hiwi-Forschung-und-Lehre\FairFace\detected_faces\558680_face0.jpg,Indian,Indian,Male,20-29,"[4.1737612e-03 4.0610015e-02 1.6150032e-01 2.1439449e-05 8.8413461e-04
 7.9011095e-01 2.6994119e-03]",[0.00531954 0.1724772  0.01127327 0.81092995],[9.9999017e-01 9.8668224e-06],"[1.2064166e-05 2.7872951e-04 1.2206067e-02 4.8248971e-01 4.6423501e-01
 4.0046219e-02 7.1443256e-04 1.7417819e-05 2.7908274e-07]"
D:\Uni\Ulm\Master\Hiwi-Forschung-und-Lehre\FairFace\detected_faces\558738_face0.jpg,White,White,Male,30-39,"[8.1852865e-01 9.6654403e-04 1.6772126e-01 5.6250399e-05 2.8893890e-04
 5.1145547e-04 1.1927006e-02]",[9.9646461e-01 2.2788432e-03 2.9907448e-04 9.5745595e-04],[1.0000000e+00 4.9643777e-08],"[3.7924804e-07 4.9292426e-06 1.2904638e-03 2.5744599e-01 6.1803877e-01
 1.2032683e-01 2.8668328e-03 2.5594401e-05 1.7141146e-07]"
D:\Uni\Ulm\Master\Hiwi-Forschung-und-Lehre\FairFace\detected_faces\558798_face0.jpg,White,White,Male,20-29,"[9.8405927e-01 2.9635843e-04 9.9853724e-03 3.4881854e-05 9.5057665e-05
 4.1515779e-04 5.1137959e-03]",[9.8481041e-01 9.5663872e-03 2.6037113e-04 5.3627770e-03],[9.9998993e-01 1.0062419e-05],"[1.8291628e-09 7.1453729e-07 4.7324882e-03 9.4528478e-01 4.9790781e-02
 1.9079604e-04 4.8421083e-07 5.1974101e-09 1.4268969e-10]"
D:\Uni\Ulm\Master\Hiwi-Forschung-und-Lehre\FairFace\detected_faces\558896_face0.jpg,Middle Eastern,White,Male,20-29,"[2.1035293e-01 8.7190992e-06 6.0416464e-02 7.5157173e-04 8.1256981e-04
 4.5121148e-02 6.8253654e-01]",[6.5621608e-01 3.3975759e-04 8.7427162e-03 3.3470145e-01],[9.9999636e-01 3.6233544e-06],"[4.7315953e-07 1.6024407e-05 3.3178681e-03 7.9680622e-01 1.9810133e-01
 1.7553860e-03 2.6780365e-06 5.1235176e-08 8.2658114e-10]"
D:\Uni\Ulm\Master\Hiwi-Forschung-und-Lehre\FairFace\detected_faces\559036_face0.jpg,Latino_Hispanic,Black,Male,30-39,"[0.05355285 0.16132918 0.6230486  0.01065085 0.09909697 0.04758013
 0.00474136]",[0.13884094 0.37439    0.26852176 0.21824734],[9.9992847e-01 7.1490314e-05],"[1.4678899e-05 3.5780494e-04 1.1189401e-02 3.3941177e-01 5.5476618e-01
 9.0750352e-02 3.3875864e-03 1.1932580e-04 2.9285175e-06]"
D:\Uni\Ulm\Master\Hiwi-Forschung-und-Lehre\FairFace\detected_faces\559058_face0.jpg,Middle Eastern,White,Male,20-29,"[5.0577570e-02 2.5696334e-04 1.7072765e-02 1.0606835e-06 7.0594829e-06
 5.7822751e-04 9.3150634e-01]",[9.8821074e-01 8.1538195e-03 1.4184433e-04 3.4935779e-03],[9.9999940e-01 5.9516594e-07],"[1.6848876e-06 1.1722186e-04 1.2934460e-02 8.2470435e-01 1.6000457e-01
 2.2310112e-03 6.5911427e-06 1.5452056e-07 2.1157451e-09]"
D:\Uni\Ulm\Master\Hiwi-Forschung-und-Lehre\FairFace\detected_faces\559470_face0.jpg,Latino_Hispanic,White,Male,20-29,"[0.3456169  0.00341588 0.42303026 0.0008374  0.00276875 0.00601942
 0.21831135]",[0.74611366 0.22625767 0.00796934 0.01965929],[9.9999982e-01 1.8320577e-07],"[1.02195872e-06 1.26008352e-04 1.48129705e-02 7.66702056e-01
 2.15165868e-01 3.18207499e-03 9.92171863e-06 1.41124275e-07
 1.44422030e-09]"
D:\Uni\Ulm\Master\Hiwi-Forschung-und-Lehre\FairFace\detected_faces\559508_face0.jpg,Black,Black,Male,30-39,"[0.00304501 0.54117465 0.2178521  0.00239504 0.0487455  0.1830046
 0.00378304]",[0.00317339 0.89635944 0.03549709 0.06497008],[9.9997789e-01 2.2134154e-05],"[1.0978889e-06 9.0545782e-06 3.7253040e-03 4.6096277e-01 4.6862411e-01
 6.2849313e-02 3.6431937e-03 1.7765678e-04 7.5277721e-06]"
D:\Uni\Ulm\Master\Hiwi-Forschung-und-Lehre\FairFace\detected_faces\560116_face0.jpg,Middle Eastern,White,Male,20-29,"[9.6086361e-02 7.1936351e-04 1.5971571e-01 2.1584598e-04 5.3742900e-04
 4.5363791e-03 7.3818886e-01]",[9.9238551e-01 2.6834831e-03 1.4606598e-04 4.7849864e-03],[9.9999976e-01 2.5303618e-07],"[1.6934758e-06 5.0640032e-05 4.2474507e-03 5.0291848e-01 4.6384192e-01
 2.8729267e-02 2.0893023e-04 1.5480805e-06 1.4918784e-08]"
D:\Uni\Ulm\Master\Hiwi-Forschung-und-Lehre\FairFace\detected_faces\560128_face0.jpg,Black,Black,Male,20-29,"[2.84705940e-03 8.71091843e-01 1.21948965e-01 4.15487993e-05
 7.08837819e-04 2.48710020e-03 8.74782330e-04]",[0.00165663 0.9751655  0.01564098 0.00753687],[1.0000000e+00 5.0833915e-09],"[3.42225462e-07 4.14669239e-06 1.76670949e-03 4.69583720e-01
 4.16156679e-01 1.02445394e-01 9.77441762e-03 2.65244482e-04
 3.35412801e-06]"
D:\Uni\Ulm\Master\Hiwi-Forschung-und-Lehre\FairFace\detected_faces\560196_face0.jpg,White,White,Male,20-29,"[9.8877549e-01 8.8350089e-06 1.2055808e-03 3.1599814e-06 8.6429282e-06
 4.2786928e-06 9.9940263e-03]",[9.9958807e-01 1.4482338e-04 5.1819090e-05 2.1530599e-04],[9.9999917e-01 8.7480953e-07],"[5.0068114e-09 2.5580905e-06 9.0651428e-03 9.1799235e-01 7.2451733e-02
 4.8705578e-04 1.0824280e-06 2.2915762e-08 4.5623744e-10]"
D:\Uni\Ulm\Master\Hiwi-Forschung-und-Lehre\FairFace\detected_faces\560432_face0.jpg,Latino_Hispanic,Black,Male,20-29,"[0.02439542 0.09915602 0.4217315  0.00225416 0.00643373 0.06109472
 0.38493446]",[0.01515633 0.61961114 0.02111252 0.34412006],[0.91933167 0.08066837],"[3.0628228e-06 3.0924875e-04 7.4004263e-02 6.1267668e-01 2.7259615e-01
 3.7785474e-02 2.4252774e-03 1.8622956e-04 1.3672870e-05]"
D:\Uni\Ulm\Master\Hiwi-Forschung-und-Lehre\FairFace\detected_faces\560756_face0.jpg,Middle Eastern,White,Male,20-29,"[7.2283097e-02 2.3704612e-05 6.7568757e-03 5.1468674e-06 1.3773634e-05
 9.2503011e-05 9.2082494e-01]",[9.9581170e-01 2.7270329e-03 1.3197048e-04 1.3293542e-03],[9.999991e-01 8.646090e-07],"[1.0125043e-06 2.4417363e-04 8.1585251e-02 7.7144128e-01 1.4228912e-01
 4.4160639e-03 2.2642174e-05 4.3257361e-07 4.0825738e-09]"
D:\Uni\Ulm\Master\Hiwi-Forschung-und-Lehre\FairFace\detected_faces\561124_face0.jpg,Black,Black,Male,20-29,"[1.5215969e-06 9.9995005e-01 3.2363725e-05 5.4522957e-08 6.3189628e-07
 1.4331841e-05 1.0589388e-06]",[6.2299534e-07 9.9998289e-01 3.1318375e-06 1.3246231e-05],[9.9998719e-01 1.2828992e-05],"[5.4108018e-08 2.2111312e-06 6.6049788e-03 7.8914338e-01 1.9431078e-01
 9.8644430e-03 7.2914358e-05 1.1642572e-06 6.7893197e-08]"
D:\Uni\Ulm\Master\Hiwi-Forschung-und-Lehre\FairFace\detected_faces\561430_face0.jpg,White,White,Male,30-39,"[9.9985486e-01 8.7293020e-06 3.9316197e-05 2.4870388e-07 7.7211109e-07
 3.0501399e-06 9.2966780e-05]",[9.9827987e-01 1.6260073e-03 3.2949836e-05 6.1173771e-05],[9.9998099e-01 1.9038576e-05],"[1.6437794e-07 7.8929152e-06 6.3212233e-04 2.5839490e-01 6.9412738e-01
 4.6026375e-02 8.0281997e-04 7.6282386e-06 7.1500585e-07]"
D:\Uni\Ulm\Master\Hiwi-Forschung-und-Lehre\FairFace\detected_faces\562194_face0.jpg,White,White,Male,20-29,"[9.7870815e-01 9.4645338e-06 1.5766889e-02 1.1941856e-03 1.2391444e-03
 2.1215570e-05 3.0609106e-03]",[9.8022479e-01 3.0634407e-04 1.9371342e-02 9.7540935e-05],[1.0000000e+00 1.2819022e-08],"[4.2975042e-08 4.8148477e-06 9.0497453e-03 7.3560154e-01 2.4657144e-01
 8.7175434e-03 5.4258351e-05 5.3513389e-07 3.1163843e-09]"
D:\Uni\Ulm\Master\Hiwi-Forschung-und-Lehre\FairFace\detected_faces\563734_face0.jpg,White,White,Male,10-19,"[9.9992114e-01 7.1494735e-09 9.0054400e-06 3.8679406e-07 3.3309996e-07
 9.2021722e-08 6.9080699e-05]",[9.9998951e-01 2.4674677e-07 8.3812756e-06 1.7819722e-06],[9.999911e-01 8.873914e-06],"[1.6983408e-07 1.0472487e-03 8.2254249e-01 1.7439792e-01 1.9382164e-03
 7.3728028e-05 2.6279443e-07 3.6545424e-09 1.0807718e-10]"
D:\Uni\Ulm\Master\Hiwi-Forschung-und-Lehre\FairFace\detected_faces\564370_face0.jpg,Middle Eastern,White,Male,20-29,"[5.9402537e-02 3.7704128e-06 3.4014403e-03 3.6643665e-05 6.1487153e-05
 1.7053662e-04 9.3692362e-01]",[9.9584478e-01 9.0257156e-05 9.3309267e-04 3.1318145e-03],[0.9982731  0.00172694],"[3.5929670e-08 7.4689007e-05 1.6474247e-01 8.2096255e-01 1.4162171e-02
 5.8001115e-05 9.4651057e-08 2.5095357e-09 7.0748685e-11]"
D:\Uni\Ulm\Master\Hiwi-Forschung-und-Lehre\FairFace\detected_faces\565686_face0.jpg,White,White,Male,20-29,"[8.83442461e-01 1.18246804e-04 3.91536281e-02 5.19087946e-04
 2.65785580e-04 1.60876996e-04 7.63398409e-02]",[0.9818421  0.00647244 0.00778429 0.00390117],[9.9999577e-01 4.2749557e-06],"[8.8279256e-07 3.2306439e-04 1.4443374e-01 8.2093692e-01 3.3934370e-02
 3.6953395e-04 1.4146816e-06 5.0161539e-08 7.3954382e-10]"
D:\Uni\Ulm\Master\Hiwi-Forschung-und-Lehre\FairFace\detected_faces\566102_face0.jpg,Black,Black,Male,30-39,"[1.3293979e-06 9.9994498e-01 1.2731406e-05 9.6416173e-09 1.0473505e-07
 3.6679980e-05 4.2009228e-06]",[1.0829487e-05 9.9991620e-01 8.6074328e-07 7.2129973e-05],[9.9959660e-01 4.0344143e-04],"[1.9906201e-07 2.8857908e-06 1.4416466e-04 4.1476842e-02 5.6150872e-01
 3.7228727e-01 2.4185602e-02 3.8459472e-04 9.7835627e-06]"
D:\Uni\Ulm\Master\Hiwi-Forschung-und-Lehre\FairFace\detected_faces\566894_face0.jpg,Black,Asian,Male,30-39,"[6.7873985e-02 7.7331132e-01 8.9397676e-02 2.9233925e-04 2.7966846e-03
 1.2037764e-02 5.4290313e-02]",[0.26015025 0.32621735 0.3840136  0.02961889],[1.000000e+00 4.754184e-09],"[4.8148922e-07 3.1622867e-06 3.3709046e-04 2.3945990e-01 6.7547935e-01
 8.1904560e-02 2.7522023e-03 6.2548141e-05 7.3931875e-07]"
D:\Uni\Ulm\Master\Hiwi-Forschung-und-Lehre\FairFace\detected_faces\569556_face0.jpg,White,White,Male,20-29,"[9.7465527e-01 3.6742800e-05 1.1289344e-02 4.7650607e-04 9.8187220e-04
 1.9636416e-05 1.2540640e-02]",[9.9694335e-01 4.2463033e-04 2.5995336e-03 3.2529788e-05],[9.9997443e-01 2.5562178e-05],"[4.4099456e-06 7.6461100e-04 4.7435164e-02 8.0077517e-01 1.4897329e-01
 2.0350041e-03 1.1971332e-05 3.1119424e-07 8.2898595e-09]"
D:\Uni\Ulm\Master\Hiwi-Forschung-und-Lehre\FairFace\detected_faces\569684_face0.jpg,Black,Black,Male,30-39,"[4.8461761e-03 8.2857043e-01 1.0495710e-01 6.5631316e-06 1.4677290e-04
 4.0676001e-02 2.0796979e-02]",[2.9844213e-03 9.5534545e-01 3.1741732e-04 4.1352779e-02],[9.9999756e-01 2.4149781e-06],"[9.0752741e-07 5.5461755e-06 4.6784605e-04 1.8629296e-01 7.3113906e-01
 8.1054665e-02 1.0327185e-03 6.2357808e-06 6.9153295e-08]"
D:\Uni\Ulm\Master\Hiwi-Forschung-und-Lehre\FairFace\detected_faces\569784_face0.jpg,White,White,Male,20-29,"[9.0145385e-01 7.2024399e-05 1.3077671e-02 3.4692109e-06 2.4418292e-05
 8.8099820e-05 8.5280523e-02]",[9.97974396e-01 8.28037621e-04 1.12067435e-04 1.08554261e-03],[1.0000000e+00 1.2078991e-08],"[6.5399286e-09 8.8582840e-07 2.1699648e-03 7.9517043e-01 1.9979262e-01
 2.8593163e-03 6.7392043e-06 6.0953695e-08 6.5803535e-10]"
D:\Uni\Ulm\Master\Hiwi-Forschung-und-Lehre\FairFace\detected_faces\571622_face0.jpg,White,White,Male,30-39,"[9.89229262e-01 1.02030790e-04 7.75351748e-03 1.16669335e-05
 6.59338475e-05 8.02799113e-05 2.75727105e-03]",[9.9885976e-01 8.0283789e-04 1.1387497e-04 2.2355237e-04],[1.0000000e+00 4.0573056e-08],"[2.5552781e-06 3.3764596e-04 2.1883572e-02 4.5471445e-01 4.6222243e-01
 5.9593763e-02 1.2330197e-03 1.2396956e-05 1.2862249e-07]"
D:\Uni\Ulm\Master\Hiwi-Forschung-und-Lehre\FairFace\detected_faces\571772_face0.jpg,White,White,Male,30-39,"[5.5929941e-01 1.3285903e-04 2.0692950e-02 7.7826480e-05 2.6281105e-04
 3.4732898e-04 4.1918683e-01]",[0.9952165  0.00162412 0.00214038 0.0010189 ],[9.9999744e-01 2.5278960e-06],"[1.0157658e-05 6.3617881e-05 1.0649781e-03 3.0062008e-01 6.7296147e-01
 2.5187857e-02 9.0551490e-05 1.2994149e-06 2.0339188e-08]"
D:\Uni\Ulm\Master\Hiwi-Forschung-und-Lehre\FairFace\detected_faces\572198_face0.jpg,Middle Eastern,White,Male,30-39,"[6.1974399e-02 7.2177791e-05 1.5360828e-02 1.6577628e-06 7.3277838e-06
 1.5044186e-03 9.2107922e-01]",[9.899441e-01 5.699058e-04 8.303213e-05 9.403000e-03],[9.9999845e-01 1.5172681e-06],"[2.3545094e-07 9.3869858e-06 1.3979529e-03 2.2106570e-01 7.3173106e-01
 4.5659643e-02 1.3530673e-04 7.9134514e-07 5.0796474e-09]"
D:\Uni\Ulm\Master\Hiwi-Forschung-und-Lehre\FairFace\detected_faces\572744_face0.jpg,White,White,Male,20-29,"[7.9081029e-01 4.4101598e-03 1.5457843e-01 1.0170963e-04 3.0521530e-04
 1.5595210e-03 4.8234656e-02]",[0.8507516  0.11657301 0.00516282 0.02751257],[9.999994e-01 5.554703e-07],"[1.2490304e-07 4.1751769e-06 6.7650792e-03 7.7004474e-01 2.1051328e-01
 1.2419534e-02 2.5000237e-04 2.9976848e-06 4.3284885e-08]"
D:\Uni\Ulm\Master\Hiwi-Forschung-und-Lehre\FairFace\detected_faces\572922_face0.jpg,Latino_Hispanic,White,Male,30-39,"[0.38536444 0.00881923 0.4212934  0.00361081 0.04655727 0.0903262
 0.04402868]",[0.9297542  0.0140882  0.02495663 0.03120093],[1.000000e+00 7.771135e-09],"[5.58726861e-05 5.48709300e-04 4.19228896e-03 1.08282976e-01
 6.00698411e-01 2.60182142e-01 2.54520159e-02 5.81687025e-04
 5.99303576e-06]"
D:\Uni\Ulm\Master\Hiwi-Forschung-und-Lehre\FairFace\detected_faces\572976_face0.jpg,White,White,Male,30-39,"[4.8713416e-01 2.0979028e-03 1.0200071e-01 7.5301956e-05 1.9224860e-04
 1.1606877e-03 4.0733898e-01]",[9.9527317e-01 3.4422376e-03 1.9806786e-04 1.0865552e-03],[9.9996954e-01 3.0446416e-05],"[3.1724315e-07 5.2010932e-06 9.2953717e-04 3.3930451e-01 6.2979871e-01
 2.9794862e-02 1.6513477e-04 1.7342771e-06 3.1743397e-08]"
D:\Uni\Ulm\Master\Hiwi-Forschung-und-Lehre\FairFace\detected_faces\573596_face0.jpg,White,White,Male,30-39,"[8.7250757e-01 4.9965578e-04 7.5271294e-02 8.8714041e-06 5.8121033e-05
 5.4521873e-03 4.6202317e-02]",[9.9691510e-01 2.7838990e-04 4.7216221e-05 2.7593651e-03],[9.998331e-01 1.668882e-04],"[5.60318085e-08 2.35417156e-06 1.26486900e-03 4.41173077e-01
 5.42468965e-01 1.50221065e-02 6.81099336e-05 4.77878189e-07
 6.64493305e-09]"
D:\Uni\Ulm\Master\Hiwi-Forschung-und-Lehre\FairFace\detected_faces\573616_face0.jpg,Middle Eastern,White,Male,20-29,"[2.9922166e-01 1.6266260e-03 7.8640066e-02 4.1103031e-05 1.4185706e-04
 2.5960251e-03 6.1773270e-01]",[0.9440528  0.02632365 0.00232537 0.02729818],[9.999416e-01 5.841851e-05],"[1.0013842e-06 3.0238192e-05 3.5468214e-03 5.6994736e-01 4.1548565e-01
 1.0918995e-02 6.8814858e-05 1.0881571e-06 2.5583905e-08]"
D:\Uni\Ulm\Master\Hiwi-Forschung-und-Lehre\FairFace\detected_faces\573696_face0.jpg,White,White,Male,20-29,"[8.89571309e-01 8.18733170e-05 1.00981537e-02 2.09709160e-05
 7.39532697e-05 3.90430469e-05 1.00114614e-01]",[9.9760485e-01 1.2064592e-03 3.4453551e-04 8.4412150e-04],[9.9999911e-01 8.9847333e-07],"[3.5793729e-08 1.3020521e-05 1.9666919e-02 8.9582539e-01 8.3704472e-02
 7.8758813e-04 2.5058978e-06 4.7229751e-08 7.4090684e-10]"
D:\Uni\Ulm\Master\Hiwi-Forschung-und-Lehre\FairFace\detected_faces\573812_face0.jpg,Middle Eastern,White,Male,20-29,"[2.8124410e-01 4.5115830e-04 2.5126476e-02 6.5268896e-06 3.2086227e-05
 8.1130318e-05 6.9305861e-01]",[0.8945286  0.10297421 0.0013958  0.00110132],[9.9999833e-01 1.6540666e-06],"[3.5684756e-08 6.6579261e-05 1.3775790e-01 8.2523829e-01 3.6424547e-02
 5.1113282e-04 1.5057519e-06 2.3724700e-08 3.8573497e-10]"
D:\Uni\Ulm\Master\Hiwi-Forschung-und-Lehre\FairFace\detected_faces\573958_face0.jpg,White,White,Male,20-29,"[9.9989927e-01 1.0282589e-07 1.3092415e-05 7.3186840e-08 3.1895897e-07
 3.1286066e-07 8.6853310e-05]",[9.9999654e-01 2.0917494e-06 8.4998521e-07 4.8712610e-07],[9.999962e-01 3.803284e-06],"[3.9768688e-07 2.3941757e-05 1.1014154e-02 6.7843091e-01 2.9393259e-01
 1.6322242e-02 2.7256939e-04 3.0599508e-06 1.4088721e-07]"
D:\Uni\Ulm\Master\Hiwi-Forschung-und-Lehre\FairFace\detected_faces\574732_face0.jpg,Middle Eastern,White,Male,30-39,"[2.8786454e-01 3.2433409e-03 7.8159414e-02 1.2290362e-05 5.7940983e-05
 3.4958178e-03 6.2716669e-01]",[0.97264653 0.0169661  0.00137466 0.00901268],[9.9999422e-01 5.7800726e-06],"[5.7967195e-06 1.9757041e-04 2.5447495e-03 3.4605610e-01 6.1861187e-01
 3.2399107e-02 1.8233797e-04 2.5145689e-06 4.0209411e-08]"
D:\Uni\Ulm\Master\Hiwi-Forschung-und-Lehre\FairFace\detected_faces\575054_face0.jpg,White,White,Male,20-29,"[9.3288791e-01 2.4367825e-04 1.9033266e-02 5.1507855e-06 3.3182838e-05
 1.3141363e-04 4.7665328e-02]",[9.9114358e-01 6.6348249e-03 6.1549339e-04 1.6061331e-03],[9.9999821e-01 1.8106157e-06],"[1.0752228e-08 2.5741444e-06 1.2361291e-02 9.1284639e-01 7.3888719e-02
 8.9590554e-04 5.0563708e-06 7.0306584e-08 1.2758344e-09]"
D:\Uni\Ulm\Master\Hiwi-Forschung-und-Lehre\FairFace\detected_faces\575534_face0.jpg,White,White,Male,10-19,"[9.6635532e-01 6.4823762e-05 2.7748330e-03 4.1753669e-06 1.7323382e-05
 1.8899698e-05 3.0764580e-02]",[9.7574234e-01 2.3712862e-02 4.0498751e-04 1.3982109e-04],[0.99886143 0.00113859],"[8.5813582e-07 6.3074324e-03 8.5177261e-01 1.3224070e-01 8.7204892e-03
 9.1916265e-04 3.7217593e-05 1.4840725e-06 4.1223647e-08]"
D:\Uni\Ulm\Master\Hiwi-Forschung-und-Lehre\FairFace\detected_faces\575852_face0.jpg,White,White,Male,20-29,"[8.5463148e-01 2.3106125e-04 3.2047842e-02 1.1245038e-05 4.2415872e-05
 1.2544094e-04 1.1291052e-01]",[9.9917531e-01 4.3485651e-04 1.2920405e-04 2.6067969e-04],[9.9999982e-01 1.3186728e-07],"[6.6394459e-09 4.5763801e-07 4.5568426e-04 6.7473048e-01 3.2138747e-01
 3.4201883e-03 5.6575518e-06 3.3055958e-08 2.8988267e-10]"
D:\Uni\Ulm\Master\Hiwi-Forschung-und-Lehre\FairFace\detected_faces\575952_face0.jpg,White,White,Male,20-29,"[8.6033022e-01 1.1363567e-04 6.9607161e-02 5.1042338e-05 1.6201881e-04
 7.6863311e-05 6.9659062e-02]",[9.9482977e-01 3.7574507e-03 8.8716781e-04 5.2555092e-04],[9.999999e-01 4.856468e-08],"[1.5980750e-07 4.4550201e-05 6.8595164e-02 8.6151105e-01 6.8540737e-02
 1.3012266e-03 6.9886642e-06 1.1639500e-07 8.4317420e-10]"
D:\Uni\Ulm\Master\Hiwi-Forschung-und-Lehre\FairFace\detected_faces\575956_face0.jpg,Black,Black,Male,20-29,"[5.4419193e-06 9.9991137e-01 5.7109737e-05 1.2110150e-06 1.2877383e-05
 7.6954002e-06 4.2385082e-06]",[5.1458946e-06 9.9997836e-01 1.3019714e-05 3.4530046e-06],[0.9890767  0.01092329],"[4.4765502e-06 6.9178594e-04 1.0443324e-01 6.2070090e-01 2.3933530e-01
 3.3748209e-02 1.0612676e-03 2.1729336e-05 3.1559273e-06]"
D:\Uni\Ulm\Master\Hiwi-Forschung-und-Lehre\FairFace\detected_faces\576078_face0.jpg,White,White,Male,20-29,"[9.9916422e-01 2.0194720e-05 2.5339922e-04 5.4754209e-06 1.1657647e-05
 1.6514491e-06 5.4344611e-04]",[9.8425609e-01 1.3923947e-02 1.7048168e-03 1.1509635e-04],[9.999997e-01 2.848732e-07],"[6.8240644e-07 1.1568656e-04 2.5986815e-02 7.8325468e-01 1.8664563e-01
 3.9625168e-03 3.3601002e-05 3.8057422e-07 1.3586308e-08]"
D:\Uni\Ulm\Master\Hiwi-Forschung-und-Lehre\FairFace\detected_faces\576154_face0.jpg,White,White,Male,20-29,"[9.9607742e-01 2.9771310e-05 1.4000634e-03 8.2293218e-06 1.3340422e-05
 1.2243351e-06 2.4700421e-03]",[9.9878979e-01 8.8277040e-04 2.9709199e-04 3.0327517e-05],[9.9999839e-01 1.6083193e-06],"[6.5208802e-08 8.1882654e-06 1.2842320e-02 8.3345699e-01 1.5052442e-01
 3.1419201e-03 2.5452950e-05 5.5680727e-07 6.8214230e-09]"
D:\Uni\Ulm\Master\Hiwi-Forschung-und-Lehre\FairFace\detected_faces\576266_face0.jpg,White,White,Male,10-19,"[9.4742292e-01 9.4237464e-04 3.3660784e-02 1.9537224e-04 2.7240918e-04
 3.0705469e-05 1.7475449e-02]",[9.9786365e-01 1.8070645e-03 3.0672600e-04 2.2537708e-05],[9.9994087e-01 5.9094684e-05],"[1.4286338e-05 8.9139845e-03 7.0847225e-01 2.4320832e-01 3.1092376e-02
 7.3657534e-03 8.5748022e-04 7.2870775e-05 2.6532082e-06]"
D:\Uni\Ulm\Master\Hiwi-Forschung-und-Lehre\FairFace\detected_faces\576276_face0.jpg,White,White,Male,30-39,"[5.5090499e-01 5.9112287e-03 2.8356898e-01 1.7352130e-04 6.3704356e-04
 1.1631457e-02 1.4717273e-01]",[0.92721933 0.01685249 0.01083628 0.04509187],[9.9987394e-01 1.2607020e-04],"[2.3982234e-06 2.0546886e-05 9.7700197e-04 3.5422128e-01 6.1217850e-01
 3.2211341e-02 3.8304442e-04 5.8430714e-06 1.4197512e-07]"
D:\Uni\Ulm\Master\Hiwi-Forschung-und-Lehre\FairFace\detected_faces\576324_face0.jpg,Latino_Hispanic,White,Male,30-39,"[2.2271043e-01 3.0431750e-03 6.8532848e-01 6.1302725e-04 1.7974114e-03
 5.5645150e-03 8.0942899e-02]",[0.9354204  0.01264927 0.0136081  0.03832223],[9.99987900e-01 1.20638115e-05],"[2.7960360e-07 4.6430587e-06 5.1277606e-03 4.6949029e-01 4.8004732e-01
 4.4463780e-02 8.5424981e-04 1.1616096e-05 4.9194089e-08]"
D:\Uni\Ulm\Master\Hiwi-Forschung-und-Lehre\FairFace\detected_faces\576382_face0.jpg,White,White,Male,20-29,"[9.6614122e-01 9.2817208e-05 2.2744838e-02 4.3829418e-06 2.6731916e-05
 3.3973542e-04 1.0650277e-02]",[9.9515653e-01 2.0453576e-03 2.9120286e-04 2.5068864e-03],[1.0000000e+00 3.3227678e-09],"[1.4447333e-07 6.6481889e-06 6.6063958e-03 5.8521748e-01 3.7878394e-01
 2.8915385e-02 4.6784652e-04 2.1400263e-06 1.2015099e-08]"
D:\Uni\Ulm\Master\Hiwi-Forschung-und-Lehre\FairFace\detected_faces\576384_face0.jpg,White,White,Male,30-39,"[9.8573703e-01 7.9693878e-04 2.8981948e-03 3.8945786e-06 3.2224660e-05
 3.6891935e-05 1.0494806e-02]",[9.8824704e-01 1.1548787e-02 6.0419548e-05 1.4362553e-04],[9.9999994e-01 7.3385820e-08],"[6.8146892e-07 1.5765361e-05 1.6335642e-03 4.3394223e-01 5.3628623e-01
 2.7757881e-02 3.5507727e-04 8.3486566e-06 1.8442940e-07]"
D:\Uni\Ulm\Master\Hiwi-Forschung-und-Lehre\FairFace\detected_faces\576438_face0.jpg,White,White,Male,30-39,"[9.9954510e-01 1.4204719e-06 4.5039160e-05 4.2181117e-07 1.5737367e-06
 2.0093923e-06 4.0437211e-04]",[9.9962819e-01 2.3421472e-04 8.9242792e-05 4.8387410e-05],[9.9999994e-01 6.8473405e-08],"[3.4816264e-07 1.0235524e-05 2.2100462e-03 3.8634142e-01 4.5949489e-01
 1.3610333e-01 1.5561183e-02 2.7274771e-04 5.7253806e-06]"
D:\Uni\Ulm\Master\Hiwi-Forschung-und-Lehre\FairFace\detected_faces\576752_face0.jpg,Black,Black,Male,30-39,"[3.4275746e-07 9.9995601e-01 9.6254153e-06 4.0016777e-09 1.5830653e-07
 3.2392716e-05 1.4763081e-06]",[2.2222710e-06 9.9986130e-01 1.8860859e-06 1.3467517e-04],[1.000000e+00 7.398428e-09],"[2.8699019e-09 1.7775260e-07 3.1472027e-04 4.0834710e-01 5.6968594e-01
 2.1589674e-02 6.2143423e-05 2.0992326e-07 4.7027910e-09]"
D:\Uni\Ulm\Master\Hiwi-Forschung-und-Lehre\FairFace\detected_faces\577008_face0.jpg,White,White,Male,20-29,"[9.9980634e-01 1.7357481e-05 3.4951299e-05 4.6865395e-07 3.9644883e-06
 1.1655006e-06 1.3577283e-04]",[9.9972016e-01 1.6841378e-04 1.0190806e-04 9.5697942e-06],[9.9997342e-01 2.6562753e-05],"[1.16545436e-07 2.08352249e-05 3.08715403e-02 8.15448463e-01
 1.43733621e-01 9.47342068e-03 4.38068120e-04 1.29772061e-05
 8.44119540e-07]"
D:\Uni\Ulm\Master\Hiwi-Forschung-und-Lehre\FairFace\detected_faces\577194_face0.jpg,Latino_Hispanic,Black,Male,20-29,"[1.7547293e-01 7.9081111e-02 6.6568476e-01 1.2422887e-04 5.4923998e-04
 1.5531641e-03 7.7534549e-02]",[0.32789236 0.66544807 0.00303635 0.00362318],[9.9999970e-01 2.6515602e-07],"[1.7408260e-07 5.2952764e-06 1.2626203e-02 7.5092870e-01 2.1422742e-01
 2.1262458e-02 9.3311392e-04 1.6487691e-05 1.5383760e-07]"
D:\Uni\Ulm\Master\Hiwi-Forschung-und-Lehre\FairFace\detected_faces\577726_face0.jpg,Middle Eastern,White,Male,20-29,"[1.2579566e-01 1.1844349e-03 1.0588875e-01 3.0869525e-04 9.8714978e-04
 8.1834998e-03 7.5765187e-01]",[0.7489071  0.09718423 0.02035275 0.13355595],[9.9983668e-01 1.6333358e-04],"[6.75869600e-08 5.04690615e-06 4.15882515e-03 7.49343514e-01
 2.44011641e-01 2.47315923e-03 7.71703253e-06 1.03575985e-07
 2.71936806e-09]"
D:\Uni\Ulm\Master\Hiwi-Forschung-und-Lehre\FairFace\detected_faces\578166_face0.jpg,White,White,Male,20-29,"[9.9983561e-01 3.3129550e-07 2.2091252e-05 9.2778336e-08 3.3313862e-07
 5.9824146e-08 1.4150453e-04]",[9.9962699e-01 3.1370990e-04 1.2581995e-05 4.6738449e-05],[1.0000000e+00 2.4189047e-08],"[2.3232598e-08 2.2455093e-05 4.3851361e-02 9.1298079e-01 4.2788312e-02
 3.5632154e-04 6.8280855e-07 8.2584934e-09 1.0657766e-10]"
D:\Uni\Ulm\Master\Hiwi-Forschung-und-Lehre\FairFace\detected_faces\578202_face0.jpg,Middle Eastern,White,Male,30-39,"[1.2805519e-01 7.5205759e-04 3.9967105e-01 9.1193229e-05 2.3611341e-04
 2.3362121e-02 4.4783226e-01]",[0.8238933  0.06740178 0.01050262 0.09820234],[9.9994040e-01 5.9622955e-05],"[3.5031835e-06 3.2362957e-05 5.3331733e-04 2.1060978e-01 7.4117893e-01
 4.7422502e-02 2.1714316e-04 2.3917985e-06 3.6678244e-08]"
D:\Uni\Ulm\Master\Hiwi-Forschung-und-Lehre\FairFace\detected_faces\578380_face0.jpg,Latino_Hispanic,White,Male,30-39,"[0.1982334  0.02495554 0.5301368  0.00104789 0.00198771 0.01719084
 0.22644778]",[0.516999   0.35703087 0.00457422 0.12139598],[9.9999976e-01 2.5990570e-07],"[3.2234297e-07 7.7591784e-07 2.0513427e-04 9.4168209e-02 6.8103856e-01
 2.1337275e-01 1.1053854e-02 1.5928250e-04 1.1276463e-06]"
D:\Uni\Ulm\Master\Hiwi-Forschung-und-Lehre\FairFace\detected_faces\578560_face0.jpg,Middle Eastern,White,Male,30-39,"[0.1120626  0.01239979 0.38464382 0.00193021 0.00403138 0.009894
 0.4750382 ]",[0.8887502  0.0388651  0.01808063 0.05430405],[9.9999493e-01 5.0480080e-06],"[6.8008753e-06 7.1492832e-05 4.3330505e-03 3.7763944e-01 5.6378484e-01
 5.3041700e-02 1.1058078e-03 1.6588114e-05 2.9746593e-07]"
D:\Uni\Ulm\Master\Hiwi-Forschung-und-Lehre\FairFace\detected_faces\579042_face0.jpg,White,White,Male,20-29,"[9.6984625e-01 1.1905743e-03 2.4799269e-02 3.7755890e-05 2.8498651e-04
 5.8808841e-04 3.2530618e-03]",[9.8269582e-01 1.4434829e-02 1.9183545e-03 9.5101487e-04],[9.999988e-01 1.222052e-06],"[6.0004782e-06 2.4886650e-03 3.0642021e-01 5.2118975e-01 1.4766976e-01
 2.1334052e-02 8.8215969e-04 9.1268039e-06 2.0212903e-07]"
D:\Uni\Ulm\Master\Hiwi-Forschung-und-Lehre\FairFace\detected_faces\579254_face0.jpg,White,White,Male,20-29,"[9.9341834e-01 5.0350453e-05 1.9807091e-03 8.0720820e-06 2.4260078e-05
 5.0735616e-06 4.5132171e-03]",[9.9910593e-01 7.5999199e-04 9.7895740e-05 3.6191224e-05],[9.9999988e-01 1.6097903e-07],"[2.55096992e-08 8.41656401e-06 1.32424645e-02 8.80261481e-01
 1.05387747e-01 1.09447748e-03 5.34855235e-06 6.02406232e-08
 9.84948345e-10]"
D:\Uni\Ulm\Master\Hiwi-Forschung-und-Lehre\FairFace\detected_faces\579260_face0.jpg,White,White,Male,30-39,"[6.3665801e-01 1.4794868e-04 1.6434483e-02 2.2919490e-05 6.6369517e-05
 4.6420185e-04 3.4620604e-01]",[9.9862915e-01 9.2527125e-04 4.9901744e-05 3.9565371e-04],[9.9996656e-01 3.3421671e-05],"[1.7096448e-06 9.7316743e-06 4.0802540e-04 1.7064282e-01 7.4834448e-01
 7.9648189e-02 9.3383045e-04 1.1057651e-05 1.5203740e-07]"
D:\Uni\Ulm\Master\Hiwi-Forschung-und-Lehre\FairFace\detected_faces\580368_face0.jpg,White,White,Male,30-39,"[9.8128623e-01 2.1407640e-04 4.5876312e-03 7.5633097e-06 3.5284182e-05
 3.9553717e-05 1.3829718e-02]",[9.9278086e-01 6.3387617e-03 3.9431598e-04 4.8609864e-04],[9.9999374e-01 6.2474633e-06],"[9.5970606e-08 3.5806615e-06 1.5375725e-03 3.4401613e-01 5.7909459e-01
 7.3564105e-02 1.7611833e-03 2.2282118e-05 5.1198163e-07]"
D:\Uni\Ulm\Master\Hiwi-Forschung-und-Lehre\FairFace\detected_faces\580512_face0.jpg,Black,Black,Male,20-29,"[2.5624170e-03 7.8432047e-01 1.0969104e-01 1.6712726e-03 6.3613817e-02
 3.7787564e-02 3.5340933e-04]",[0.00189358 0.9780179  0.01274997 0.00733849],[9.9976963e-01 2.3037763e-04],"[3.0794294e-09 1.5494508e-07 1.3363946e-03 5.6000751e-01 4.2855445e-01
 1.0034312e-02 6.6753753e-05 3.8806246e-07 9.4107957e-09]"
D:\Uni\Ulm\Master\Hiwi-Forschung-und-Lehre\FairFace\detected_faces\580550_face0.jpg,White,White,Male,20-29,"[7.5606018e-01 1.6298650e-03 5.1740620e-02 1.9536282e-04 6.7577534e-04
 5.3822011e-04 1.8915994e-01]",[0.97993255 0.01482252 0.00196721 0.00327767],[9.9999994e-01 1.1616141e-07],"[7.0526346e-07 9.1155707e-05 8.4725060e-03 7.5252873e-01 2.3320027e-01
 5.6772260e-03 2.8985623e-05 4.2867705e-07 9.0135170e-09]"
D:\Uni\Ulm\Master\Hiwi-Forschung-und-Lehre\FairFace\detected_faces\580638_face0.jpg,White,White,Male,30-39,"[9.3103516e-01 5.1956653e-04 1.6526313e-02 2.6358242e-04 3.3405950e-04
 8.1653074e-05 5.1239662e-02]",[9.9607855e-01 1.5181698e-03 2.1846928e-03 2.1857848e-04],[1.0000000e+00 1.2738006e-08],"[1.3788624e-06 3.1711008e-06 6.3264981e-04 2.8349790e-01 6.5050346e-01
 6.3454308e-02 1.8661106e-03 4.0523679e-05 4.5235851e-07]"
D:\Uni\Ulm\Master\Hiwi-Forschung-und-Lehre\FairFace\detected_faces\580658_face0.jpg,Middle Eastern,White,Male,30-39,"[1.6430457e-01 3.9453880e-04 1.9757794e-01 8.2817773e-05 2.6995767e-04
 1.5200728e-02 6.2216944e-01]",[0.74742293 0.03342409 0.00194306 0.21720992],[9.999817e-01 1.824809e-05],"[1.9266257e-05 1.4155779e-04 2.5427344e-03 2.7520746e-01 6.4855099e-01
 7.2877318e-02 6.5462361e-04 5.8404144e-06 7.7865906e-08]"
D:\Uni\Ulm\Master\Hiwi-Forschung-und-Lehre\FairFace\detected_faces\580750_face0.jpg,Black,Black,Male,30-39,"[2.6710870e-07 9.9990618e-01 7.8279427e-06 2.2431610e-08 6.3516927e-07
 8.4911509e-05 1.9943123e-07]",[2.4686003e-07 9.9993229e-01 2.5704094e-06 6.4940497e-05],[9.9998301e-01 1.7001637e-05],"[4.1035253e-08 4.3753573e-07 1.8245105e-04 1.6118959e-01 7.0314550e-01
 1.3314626e-01 2.3209727e-03 1.4260486e-05 5.2933092e-07]"
D:\Uni\Ulm\Master\Hiwi-Forschung-und-Lehre\FairFace\detected_faces\580802_face0.jpg,White,White,Male,20-29,"[7.8488451e-01 2.3174287e-04 1.7411537e-01 2.0065811e-04 5.8241573e-04
 1.1815410e-03 3.8803816e-02]",[0.97508633 0.01684381 0.00316408 0.00490582],[9.9999869e-01 1.3022784e-06],"[6.49309939e-09 3.10242217e-06 1.10495845e-02 9.19301748e-01
 6.90023601e-02 6.41375082e-04 1.80974268e-06 1.42367886e-08
 1.81815743e-10]"
D:\Uni\Ulm\Master\Hiwi-Forschung-und-Lehre\FairFace\detected_faces\580836_face0.jpg,White,White,Male,20-29,"[8.72342050e-01 2.42893439e-04 7.44068390e-03 4.36723485e-06
 2.76044211e-05 1.88665726e-05 1.19923584e-01]",[9.9955773e-01 2.7414790e-04 1.3100420e-04 3.7146299e-05],[9.9999863e-01 1.3469243e-06],"[1.1129863e-08 7.4698974e-06 3.3801522e-02 9.0541381e-01 5.9677817e-02
 1.0927110e-03 6.5750210e-06 1.3814974e-07 1.7212323e-09]"
D:\Uni\Ulm\Master\Hiwi-Forschung-und-Lehre\FairFace\detected_faces\580952_face0.jpg,Black,Black,Male,30-39,"[6.9551916e-06 9.9959135e-01 1.7909799e-04 7.4025121e-07 1.2184618e-05
 1.3246870e-04 7.7229575e-05]",[5.4754641e-06 9.9971819e-01 1.9747269e-05 2.5654986e-04],[9.9999815e-01 1.8620281e-06],"[3.6154684e-06 6.0383161e-05 1.3478134e-03 2.1948518e-01 6.5136790e-01
 1.2622009e-01 1.4944050e-03 1.9780200e-05 8.4562237e-07]"
D:\Uni\Ulm\Master\Hiwi-Forschung-und-Lehre\FairFace\detected_faces\581032_face0.jpg,Black,Black,Male,20-29,"[2.5879850e-05 9.9647641e-01 1.2444878e-03 3.1586301e-06 1.8676509e-04
 1.8380089e-03 2.2531634e-04]",[1.0796083e-04 9.7203690e-01 2.5027053e-04 2.7604865e-02],[0.9656301  0.03436986],"[4.5728999e-08 2.4825134e-05 1.8281220e-02 6.1973631e-01 3.5807431e-01
 3.8667945e-03 1.6395821e-05 9.5917606e-08 2.9906913e-09]"
D:\Uni\Ulm\Master\Hiwi-Forschung-und-Lehre\FairFace\detected_faces\581302_face0.jpg,Latino_Hispanic,White,Male,30-39,"[1.1840287e-01 2.1341969e-03 8.6950880e-01 2.4818428e-04 1.1108612e-03
 1.0119921e-03 7.5830910e-03]",[0.56865984 0.1146319  0.29846212 0.01824616],[9.9999958e-01 4.0772102e-07],"[1.5624788e-06 6.6612854e-05 1.5391706e-02 4.0311089e-01 5.1593345e-01
 6.4537562e-02 9.4936090e-04 8.7953213e-06 5.5385172e-08]"
D:\Uni\Ulm\Master\Hiwi-Forschung-und-Lehre\FairFace\detected_faces\581310_face0.jpg,Latino_Hispanic,Indian,Male,30-39,"[1.9059943e-01 1.2031310e-02 3.7571114e-01 7.1122697e-05 5.8239495e-04
 1.0271650e-01 3.1828815e-01]",[0.14707461 0.11942738 0.0084352  0.7250628 ],[9.9999487e-01 5.1655697e-06],"[2.3110510e-07 2.2496937e-05 1.7423688e-03 4.8907772e-01 4.9854413e-01
 1.0573579e-02 3.8724873e-05 7.1266356e-07 1.0606773e-08]"
D:\Uni\Ulm\Master\Hiwi-Forschung-und-Lehre\FairFace\detected_faces\581606_face0.jpg,Black,Black,Male,20-29,"[9.5922314e-07 9.9995720e-01 2.1900785e-05 2.7861185e-08 2.7699267e-07
 1.6191774e-05 3.5375162e-06]",[4.7423072e-07 9.9999207e-01 4.4589610e-06 3.0098238e-06],[9.999492e-01 5.083342e-05],"[1.7136712e-08 1.2059505e-06 2.8393329e-03 5.6501293e-01 3.9647427e-01
 3.4968872e-02 6.8603619e-04 1.6819697e-05 4.6997107e-07]"
D:\Uni\Ulm\Master\Hiwi-Forschung-und-Lehre\FairFace\detected_faces\581610_face0.jpg,White,White,Male,30-39,"[7.7629948e-01 8.5015310e-04 1.4554200e-02 1.7878177e-06 1.3320212e-05
 1.0763347e-03 2.0720467e-01]",[9.9215889e-01 3.2026237e-03 1.9859115e-04 4.4399225e-03],[9.9998271e-01 1.7287444e-05],"[1.0978248e-07 1.0936800e-06 1.4845263e-04 1.5657727e-01 7.7835214e-01
 6.4457551e-02 4.5939672e-04 3.8715980e-06 6.1081778e-08]"
D:\Uni\Ulm\Master\Hiwi-Forschung-und-Lehre\FairFace\detected_faces\581620_face0.jpg,Middle Eastern,White,Male,30-39,"[1.10881135e-01 1.24210739e-04 8.29548538e-02 2.22104863e-04
 6.24868262e-04 2.96004140e-03 8.02232802e-01]",[9.6646261e-01 1.2563463e-04 6.3120951e-03 2.7099626e-02],[9.9999952e-01 5.0156467e-07],"[4.0873167e-07 2.3925336e-06 4.2878609e-04 2.9403406e-01 6.6455877e-01
 4.0757947e-02 2.1431294e-04 3.2854887e-06 4.4424198e-08]"
D:\Uni\Ulm\Master\Hiwi-Forschung-und-Lehre\FairFace\detected_faces\582190_face0.jpg,Latino_Hispanic,Black,Male,20-29,"[0.18580762 0.02124287 0.67616963 0.0046361  0.02277227 0.00611901
 0.0832525 ]",[0.23626965 0.6067446  0.12831141 0.02867432],[9.9999875e-01 1.2819930e-06],"[2.6837740e-06 2.4130235e-03 1.9454782e-01 7.0736295e-01 9.3142845e-02
 2.5081676e-03 2.2184613e-05 2.9318284e-07 5.1991114e-09]"
D:\Uni\Ulm\Master\Hiwi-Forschung-und-Lehre\FairFace\detected_faces\582228_face0.jpg,Middle Eastern,White,Male,30-39,"[1.4681910e-01 4.2243509e-04 2.3672572e-01 9.5775875e-04 1.2025328e-03
 5.2300397e-02 5.6157207e-01]",[0.72922146 0.00281525 0.00324088 0.2647224 ],[9.9950194e-01 4.9806089e-04],"[2.2376096e-05 2.2084173e-04 2.4781292e-03 3.4662199e-01 5.9877920e-01
 5.1352523e-02 5.1711750e-04 7.6188608e-06 1.9033588e-07]"
D:\Uni\Ulm\Master\Hiwi-Forschung-und-Lehre\FairFace\detected_faces\582242_face0.jpg,Middle Eastern,White,Male,30-39,"[2.4162886e-01 1.4878665e-04 1.4045034e-01 3.5507037e-04 6.5599754e-04
 3.0977109e-02 5.8578384e-01]",[9.9178010e-01 6.6549145e-04 4.2084150e-04 7.1336813e-03],[9.9995857e-01 4.1473024e-05],"[6.9401876e-06 3.5798622e-04 7.5225672e-03 4.1974309e-01 5.4730964e-01
 2.4971355e-02 8.7604953e-05 8.1825863e-07 1.7313187e-08]"
D:\Uni\Ulm\Master\Hiwi-Forschung-und-Lehre\FairFace\detected_faces\583450_face0.jpg,White,White,Male,20-29,"[9.9732399e-01 9.0054600e-06 2.5536542e-04 6.0327775e-06 1.5003220e-05
 6.4760507e-06 2.3840650e-03]",[9.9952292e-01 3.0528416e-04 7.5567019e-05 9.6189629e-05],[9.9999958e-01 3.9704952e-07],"[2.7043740e-07 2.4043533e-05 9.2878323e-03 5.6531286e-01 3.7519282e-01
 4.8905879e-02 1.2638004e-03 1.2390912e-05 1.8847102e-07]"
D:\Uni\Ulm\Master\Hiwi-Forschung-und-Lehre\FairFace\detected_faces\583506_face0.jpg,White,White,Male,20-29,"[6.6208100e-01 9.3484536e-04 2.4791156e-01 8.1734215e-06 6.4126973e-05
 2.8036030e-03 8.6196765e-02]",[0.9387834  0.01614931 0.00124407 0.04382318],[9.9999964e-01 3.9837798e-07],"[1.5350756e-09 3.7042739e-07 8.4761891e-04 6.7479378e-01 3.2254103e-01
 1.8161580e-03 1.0055543e-06 4.4200372e-09 3.2147805e-11]"
D:\Uni\Ulm\Master\Hiwi-Forschung-und-Lehre\FairFace\detected_faces\583608_face0.jpg,Middle Eastern,White,Male,20-29,"[2.3076381e-01 2.8890208e-05 1.6864769e-01 6.6775363e-04 1.0443853e-03
 1.7674427e-03 5.9707999e-01]",[9.2573446e-01 6.4166915e-04 3.1484444e-02 4.2139348e-02],[9.9998009e-01 1.9895586e-05],"[5.2618073e-08 1.4488926e-04 4.2392462e-01 5.6804478e-01 7.7857943e-03
 9.9545447e-05 3.6264564e-07 8.1995202e-09 1.4108485e-10]"
D:\Uni\Ulm\Master\Hiwi-Forschung-und-Lehre\FairFace\detected_faces\583836_face0.jpg,White,White,Male,20-29,"[9.1812664e-01 2.5905529e-03 4.6090513e-02 5.9677865e-03 1.7459191e-02
 4.0303127e-04 9.3623390e-03]",[9.9430174e-01 3.8262762e-03 1.5809889e-03 2.9092253e-04],[9.9983495e-01 1.6506498e-04],"[7.8180921e-07 1.8743534e-03 3.3975613e-01 6.1591375e-01 4.1303236e-02
 1.1311141e-03 1.9860599e-05 7.7847011e-07 4.3392170e-08]"
D:\Uni\Ulm\Master\Hiwi-Forschung-und-Lehre\FairFace\detected_faces\583838_face0.jpg,Latino_Hispanic,Indian,Male,30-39,"[1.4003606e-01 4.7450112e-03 7.6579487e-01 6.1447310e-05 2.6409101e-04
 8.0945328e-02 8.1531797e-03]",[0.17374882 0.02817838 0.00765659 0.79041624],[9.99987602e-01 1.23642885e-05],"[1.6087737e-06 2.0521004e-05 1.3856157e-03 1.7341229e-01 6.8950397e-01
 1.3386880e-01 1.7948301e-03 1.2229542e-05 7.6102779e-08]"
D:\Uni\Ulm\Master\Hiwi-Forschung-und-Lehre\FairFace\detected_faces\584428_face0.jpg,White,White,Male,20-29,"[0.56236184 0.00134524 0.17357284 0.00148825 0.00226738 0.00157512
 0.25738934]",[0.98120284 0.00946115 0.00400795 0.00532808],[1.0000000e+00 7.4890885e-09],"[2.7222045e-06 2.6792497e-05 1.9783736e-03 5.3940904e-01 4.4216862e-01
 1.6239019e-02 1.7337075e-04 2.0451448e-06 1.5095029e-08]"
D:\Uni\Ulm\Master\Hiwi-Forschung-und-Lehre\FairFace\detected_faces\584722_face0.jpg,White,White,Male,30-39,"[9.9986547e-01 1.0705107e-06 9.9626202e-05 3.9979486e-06 5.9364556e-06
 7.1984124e-07 2.3333083e-05]",[9.9765813e-01 6.8385352e-04 1.6523395e-03 5.6044537e-06],[1.0000000e+00 1.7184579e-08],"[1.8574126e-06 3.9588751e-05 4.8453999e-03 2.8761637e-01 6.1160642e-01
 9.1566481e-02 4.2886883e-03 3.4699398e-05 4.8746699e-07]"
D:\Uni\Ulm\Master\Hiwi-Forschung-und-Lehre\FairFace\detected_faces\586156_face0.jpg,Middle Eastern,White,Male,20-29,"[1.7622519e-01 3.2363723e-03 1.4487714e-01 7.5189732e-06 3.9096372e-05
 7.3446427e-03 6.6827011e-01]",[9.5714706e-01 1.2543907e-02 1.9544330e-04 3.0113634e-02],[9.9997801e-01 2.2010225e-05],"[1.8566038e-07 3.9981478e-06 2.4770375e-03 6.4059865e-01 3.4921139e-01
 7.6718992e-03 3.6146288e-05 6.2081097e-07 7.8149025e-09]"
D:\Uni\Ulm\Master\Hiwi-Forschung-und-Lehre\FairFace\detected_faces\586304_face0.jpg,Latino_Hispanic,White,Male,20-29,"[1.7046735e-01 3.5457835e-02 6.4572704e-01 5.6234334e-05 2.7293406e-04
 7.7699735e-03 1.4024869e-01]",[0.64248455 0.27673736 0.00277085 0.07800724],[9.9999034e-01 9.6794165e-06],"[2.0441642e-07 2.1240030e-06 2.6557092e-03 6.0600978e-01 3.8115126e-01
 1.0125301e-02 5.4061395e-05 1.5175983e-06 2.7662775e-08]"
D:\Uni\Ulm\Master\Hiwi-Forschung-und-Lehre\FairFace\detected_faces\586354_face0.jpg,White,White,Male,20-29,"[9.7245282e-01 2.2482721e-03 1.5550696e-02 3.6267968e-04 9.7444630e-04
 4.4933669e-05 8.3662225e-03]",[9.906240e-01 8.208382e-03 1.093185e-03 7.439150e-05],[9.9999994e-01 7.0733876e-08],"[1.2308326e-06 1.3709570e-04 9.3287947e-03 6.5179718e-01 3.2284451e-01
 1.5662346e-02 2.2437607e-04 4.4032608e-06 7.9505710e-08]"
D:\Uni\Ulm\Master\Hiwi-Forschung-und-Lehre\FairFace\detected_faces\586596_face0.jpg,Latino_Hispanic,White,Male,30-39,"[1.16794646e-01 9.89749911e-04 4.81867820e-01 3.30305978e-04
 1.18530949e-03 1.83734491e-01 2.15097621e-01]",[0.5075335  0.00972002 0.03115857 0.45158786],[9.9993980e-01 6.0217357e-05],"[4.8933443e-06 2.9505818e-05 6.9901539e-04 1.6638996e-01 7.4815440e-01
 8.3983511e-02 7.3311856e-04 5.5271762e-06 6.8520627e-08]"
D:\Uni\Ulm\Master\Hiwi-Forschung-und-Lehre\FairFace\detected_faces\587018_face0.jpg,Southeast Asian,Asian,Male,20-29,"[0.00244127 0.00114144 0.35397872 0.04422257 0.4581451  0.13564895
 0.00442198]",[0.00301408 0.0052411  0.6740362  0.31770864],[1.0000000e+00 2.9116546e-08],"[2.0097628e-08 1.0490866e-05 1.7698204e-02 9.1060227e-01 7.0991233e-02
 6.9616066e-04 1.6515102e-06 2.4585693e-08 2.0173188e-10]"
D:\Uni\Ulm\Master\Hiwi-Forschung-und-Lehre\FairFace\detected_faces\587074_face0.jpg,Middle Eastern,White,Male,20-29,"[0.08802408 0.0082633  0.09441645 0.00149844 0.0032016  0.00158156
 0.8030146 ]",[0.95991904 0.00886822 0.03002362 0.00118913],[9.9999642e-01 3.6406072e-06],"[2.2869228e-06 1.1686849e-04 2.2384081e-02 7.8445470e-01 1.8758653e-01
 5.3787255e-03 7.2743060e-05 4.0544969e-06 8.1213642e-08]"
D:\Uni\Ulm\Master\Hiwi-Forschung-und-Lehre\FairFace\detected_faces\587086_face0.jpg,White,White,Male,20-29,"[9.5615345e-01 2.0207168e-04 3.1285621e-02 3.9626120e-06 2.4347484e-05
 4.9666476e-05 1.2280900e-02]",[9.9411559e-01 3.7700585e-03 4.1540852e-04 1.6989303e-03],[1.00000e+00 8.96984e-09],"[1.3005387e-08 1.7917463e-06 6.4228708e-03 8.4238929e-01 1.4750063e-01
 3.6557652e-03 2.9341500e-05 3.6613864e-07 1.9399169e-09]"
D:\Uni\Ulm\Master\Hiwi-Forschung-und-Lehre\FairFace\detected_faces\587102_face0.jpg,Latino_Hispanic,Black,Male,20-29,"[7.63146132e-02 1.01809256e-01 4.19458747e-01 2.28865742e-04
 3.06315697e-03 1.07258402e-01 2.91867018e-01]",[5.0584517e-02 9.3841487e-01 8.1177370e-04 1.0188878e-02],[9.9995828e-01 4.1655334e-05],"[9.5512610e-07 1.2163903e-03 1.4929700e-01 8.2981706e-01 1.9486222e-02
 1.8167442e-04 7.1344323e-07 3.0396453e-08 9.2744495e-10]"
D:\Uni\Ulm\Master\Hiwi-Forschung-und-Lehre\FairFace\detected_faces\587126_face0.jpg,White,White,Male,20-29,"[9.9994248e-01 4.5356487e-08 1.4553577e-05 4.1610670e-07 8.7011460e-07
 2.9730069e-07 4.1259173e-05]",[9.9996138e-01 8.7870176e-06 2.2196058e-05 7.6007373e-06],[9.9988055e-01 1.1943748e-04],"[4.3376144e-08 7.0417309e-06 6.4559258e-03 6.7075837e-01 3.1150329e-01
 1.1203762e-02 7.1325689e-05 2.6735771e-07 7.7427549e-09]"
D:\Uni\Ulm\Master\Hiwi-Forschung-und-Lehre\FairFace\detected_faces\587608_face0.jpg,Latino_Hispanic,Indian,Male,30-39,"[1.9236693e-01 2.9497712e-03 7.0207441e-01 1.0975071e-04 4.1874338e-04
 2.4632446e-02 7.7447996e-02]",[0.26324642 0.01990037 0.00301398 0.71383923],[9.9999654e-01 3.3973135e-06],"[2.2810318e-06 1.1422178e-05 1.0404290e-03 3.3075762e-01 6.1849093e-01
 4.9133163e-02 5.5895711e-04 5.2208811e-06 5.4621925e-08]"
D:\Uni\Ulm\Master\Hiwi-Forschung-und-Lehre\FairFace\detected_faces\587628_face0.jpg,Middle Eastern,White,Male,20-29,"[7.7663530e-03 2.8941606e-03 5.5951919e-02 2.2316866e-05 2.0325325e-04
 5.0345971e-03 9.2812741e-01]",[0.69319296 0.24567121 0.00610625 0.05502965],[9.9999660e-01 3.4132704e-06],"[4.4132967e-06 4.9201120e-04 1.7532285e-02 6.5339679e-01 3.1829885e-01
 1.0227826e-02 4.6870340e-05 1.0282417e-06 1.6735978e-08]"
D:\Uni\Ulm\Master\Hiwi-Forschung-und-Lehre\FairFace\detected_faces\587682_face0.jpg,Middle Eastern,White,Male,30-39,"[0.20762953 0.00550718 0.30064708 0.00092965 0.00325145 0.01142817
 0.47060698]",[0.6528893  0.04369399 0.01063953 0.29277715],[9.999953e-01 4.694528e-06],"[3.3509161e-05 6.1357816e-05 6.8709452e-04 1.3587035e-01 6.0406023e-01
 2.4511075e-01 1.3624511e-02 5.3935719e-04 1.2811693e-05]"
D:\Uni\Ulm\Master\Hiwi-Forschung-und-Lehre\FairFace\detected_faces\587708_face0.jpg,White,White,Male,30-39,"[6.2623036e-01 1.2933969e-02 3.0648610e-01 3.2212556e-05 1.5701602e-04
 3.1579684e-03 5.1002424e-02]",[8.3807337e-01 1.6054542e-01 5.8385838e-05 1.3228342e-03],[9.999991e-01 8.734070e-07],"[2.7406325e-06 3.3104370e-05 3.2508171e-03 2.2354473e-01 6.3028020e-01
 1.2711258e-01 1.5324107e-02 4.4288277e-04 8.7707022e-06]"
D:\Uni\Ulm\Master\Hiwi-Forschung-und-Lehre\FairFace\detected_faces\587716_face0.jpg,Middle Eastern,White,Male,20-29,"[4.7577430e-02 8.8311750e-03 3.4621176e-01 4.8693102e-05 3.4069704e-04
 1.0563393e-02 5.8642691e-01]",[0.63652647 0.09145354 0.00408602 0.267934  ],[9.9999505e-01 4.9221749e-06],"[9.6955428e-06 1.0525019e-04 4.7835116e-03 5.2904868e-01 4.4526288e-01
 2.0615747e-02 1.7103045e-04 3.1574591e-06 4.6825505e-08]"
D:\Uni\Ulm\Master\Hiwi-Forschung-und-Lehre\FairFace\detected_faces\587720_face0.jpg,White,White,Male,30-39,"[9.5418823e-01 3.1780955e-04 1.0294343e-02 1.6832802e-05 6.5074382e-05
 2.4622821e-04 3.4871515e-02]",[0.98981744 0.00276399 0.00131687 0.00610171],[9.9999976e-01 1.7573299e-07],"[3.9334259e-07 2.4652654e-06 6.8716268e-05 4.5763191e-02 6.2045360e-01
 3.2228604e-01 1.1309594e-02 1.1374026e-04 2.1822932e-06]"
D:\Uni\Ulm\Master\Hiwi-Forschung-und-Lehre\FairFace\detected_faces\587764_face0.jpg,White,White,Male,20-29,"[5.4537207e-01 3.2444296e-03 3.4319991e-01 1.0515636e-05 8.0513637e-05
 2.8193713e-04 1.0781058e-01]",[7.1794701e-01 2.5500724e-01 2.5927080e-04 2.6786515e-02],[1.0000000e+00 4.0013724e-08],"[2.10813234e-08 7.24565280e-06 2.82811299e-02 8.63224387e-01
 1.07288234e-01 1.19432353e-03 4.57884789e-06 3.89197936e-08
 1.92081323e-10]"
D:\Uni\Ulm\Master\Hiwi-Forschung-und-Lehre\FairFace\detected_faces\587824_face0.jpg,Latino_Hispanic,White,Male,20-29,"[0.12681875 0.00089241 0.7357111  0.0014152  0.0060901  0.01624486
 0.11282759]",[0.8656658  0.00871546 0.03928469 0.08633409],[9.998238e-01 1.761629e-04],"[4.5967504e-06 1.6806736e-04 2.3362838e-02 7.0192659e-01 2.6376054e-01
 1.0612832e-02 1.5843492e-04 6.0121138e-06 1.7314846e-07]"
D:\Uni\Ulm\Master\Hiwi-Forschung-und-Lehre\FairFace\detected_faces\587830_face0.jpg,Latino_Hispanic,Indian,Male,20-29,"[0.14028294 0.00333057 0.6536206  0.00074611 0.00265906 0.01945723
 0.1799034 ]",[0.3703026  0.06792856 0.10944732 0.4523215 ],[9.9999976e-01 2.9063401e-07],"[3.1784484e-07 2.0986574e-05 6.8613095e-03 8.1015551e-01 1.7974980e-01
 3.1922027e-03 1.9472993e-05 4.0674610e-07 4.8318145e-09]"
D:\Uni\Ulm\Master\Hiwi-Forschung-und-Lehre\FairFace\detected_faces\587882_face0.jpg,Latino_Hispanic,White,Male,20-29,"[0.1840839  0.02142284 0.601795   0.00155412 0.00587637 0.00432231
 0.18094538]",[0.779762   0.06746446 0.07096875 0.08180473],[1.0000000e+00 2.1739384e-08],"[7.44705289e-07 2.93516114e-05 1.15998304e-02 8.24656129e-01
 1.60298586e-01 3.37915285e-03 3.50377850e-05 1.21384016e-06
 1.08445875e-08]"
D:\Uni\Ulm\Master\Hiwi-Forschung-und-Lehre\FairFace\detected_faces\587906_face0.jpg,Latino_Hispanic,White,Male,30-39,"[0.3227874  0.00804127 0.505109   0.00645606 0.02292024 0.07954949
 0.0551365 ]",[0.6435242  0.14653361 0.07243492 0.13750724],[9.9999255e-01 7.4321952e-06],"[9.0947327e-07 2.0633854e-05 1.0152197e-03 1.8508850e-01 7.1440387e-01
 9.7736649e-02 1.7268442e-03 7.3981128e-06 7.6042582e-08]"
D:\Uni\Ulm\Master\Hiwi-Forschung-und-Lehre\FairFace\detected_faces\587956_face0.jpg,White,White,Male,20-29,"[8.4590042e-01 5.1118346e-04 7.7791549e-02 1.2285430e-04 2.6966250e-04
 2.2715234e-04 7.5177304e-02]",[9.904344e-01 7.766030e-03 8.793420e-04 9.201838e-04],[9.9999082e-01 9.1872835e-06],"[5.1605934e-07 3.4867029e-05 1.4135364e-02 8.0230892e-01 1.7934535e-01
 4.1229618e-03 5.1042105e-05 9.2552807e-07 1.4011596e-08]"
D:\Uni\Ulm\Master\Hiwi-Forschung-und-Lehre\FairFace\detected_faces\587962_face0.jpg,White,White,Male,30-39,"[7.3123419e-01 4.8131793e-04 1.8913263e-01 1.0128146e-03 1.6862664e-03
 1.3792954e-03 7.5073518e-02]",[9.9393147e-01 3.8431527e-04 1.0322218e-03 4.6519786e-03],[1.000000e+00 3.513486e-08],"[5.7988109e-07 2.4856452e-05 3.8339491e-03 4.3590179e-01 5.2122182e-01
 3.8595576e-02 4.1838887e-04 2.9958965e-06 2.1778117e-08]"
D:\Uni\Ulm\Master\Hiwi-Forschung-und-Lehre\FairFace\detected_faces\587986_face0.jpg,White,White,Male,30-39,"[9.4024366e-01 7.0557749e-06 6.7036739e-03 2.7258802e-05 5.9777813e-05
 6.8083924e-04 5.2277740e-02]",[9.9915963e-01 2.0947911e-05 1.4867725e-04 6.7075336e-04],[9.9999702e-01 3.0057683e-06],"[1.7742595e-08 9.8321323e-07 8.8336623e-05 3.2020393e-01 6.7112082e-01
 8.5794609e-03 6.3713287e-06 1.9975245e-08 3.9067430e-10]"
D:\Uni\Ulm\Master\Hiwi-Forschung-und-Lehre\FairFace\detected_faces\588096_face0.jpg,White,White,Male,30-39,"[5.7581478e-01 1.1185110e-03 2.9448854e-02 4.8403363e-06 2.1137666e-05
 7.7139615e-04 3.9282048e-01]",[9.9511534e-01 1.2645046e-03 1.3364546e-04 3.4865267e-03],[9.9999690e-01 3.1090951e-06],"[3.37246206e-06 1.12806365e-05 3.35085584e-04 1.30144253e-01
 7.23439395e-01 1.43059567e-01 2.94675422e-03 5.92688739e-05
 1.02789465e-06]"
D:\Uni\Ulm\Master\Hiwi-Forschung-und-Lehre\FairFace\detected_faces\588160_face0.jpg,Middle Eastern,White,Male,20-29,"[4.6561202e-01 4.1567157e-05 5.2210506e-02 2.4979034e-05 8.4289000e-05
 2.7444020e-03 4.7928220e-01]",[9.8338693e-01 4.0693971e-04 2.9365503e-04 1.5912471e-02],[9.9997807e-01 2.1947388e-05],"[3.5862857e-07 1.1576055e-05 3.3520758e-03 6.9563228e-01 2.9472709e-01
 6.2593464e-03 1.7050736e-05 2.1945638e-07 3.4782284e-09]"
D:\Uni\Ulm\Master\Hiwi-Forschung-und-Lehre\FairFace\detected_faces\588162_face0.jpg,Black,Black,Male,20-29,"[3.2191804e-07 9.9942547e-01 2.2090751e-05 2.1898263e-07 1.2947966e-05
 5.3836987e-04 6.7390528e-07]",[2.1950834e-07 9.9997824e-01 3.9005927e-06 1.7620319e-05],[9.9929637e-01 7.0362299e-04],"[9.06736020e-08 6.88516011e-05 4.37108651e-02 8.33969772e-01
 1.19550437e-01 2.68186023e-03 1.80371244e-05 1.05595696e-07
 3.86095778e-09]"
D:\Uni\Ulm\Master\Hiwi-Forschung-und-Lehre\FairFace\detected_faces\588566_face0.jpg,White,White,Male,30-39,"[0.7205855  0.00081207 0.12623298 0.00101392 0.00115234 0.00274118
 0.14746192]",[0.94445354 0.0013179  0.04923167 0.00499691],[9.999889e-01 1.103848e-05],"[3.2135538e-06 8.0643396e-05 7.6509325e-04 2.0816994e-01 7.2597110e-01
 6.4654864e-02 3.5200000e-04 3.1511245e-06 3.0110275e-08]"
D:\Uni\Ulm\Master\Hiwi-Forschung-und-Lehre\FairFace\detected_faces\588572_face0.jpg,White,White,Male,20-29,"[3.84364814e-01 1.38510112e-03 3.09589535e-01 1.19278375e-04
 2.48397497e-04 3.11185746e-03 3.01181048e-01]",[0.97210133 0.00699792 0.00504959 0.01585111],[1.0000000e+00 2.7010168e-08],"[2.3934410e-07 3.4702637e-06 3.3340207e-03 5.8553851e-01 3.9140669e-01
 1.9489134e-02 2.2500005e-04 3.0028380e-06 1.7759382e-08]"
D:\Uni\Ulm\Master\Hiwi-Forschung-und-Lehre\FairFace\detected_faces\589100_face0.jpg,Middle Eastern,White,Male,20-29,"[4.0760404e-01 5.0176802e-04 8.5383222e-02 8.2277053e-05 4.1130936e-04
 4.3321592e-03 5.0168514e-01]",[0.9825346  0.00551094 0.00165458 0.01029987],[9.9999988e-01 4.9174414e-08],"[1.7217248e-07 9.5310024e-06 4.6349578e-03 8.2658535e-01 1.6614746e-01
 2.6031001e-03 1.9183150e-05 2.6898263e-07 3.5232417e-09]"
D:\Uni\Ulm\Master\Hiwi-Forschung-und-Lehre\FairFace\detected_faces\589620_face0.jpg,Middle Eastern,White,Male,30-39,"[1.5788813e-01 2.5986925e-02 7.7708632e-02 1.6764554e-05 1.1931833e-04
 2.4637668e-03 7.3581648e-01]",[9.8571068e-01 1.1859433e-02 2.3746592e-04 2.1924386e-03],[9.9999899e-01 1.0160429e-06],"[1.25170789e-06 3.06842194e-05 6.31387578e-04 1.98657826e-01
 7.33905852e-01 6.62631765e-02 5.03586605e-04 6.14596001e-06
 1.11126624e-07]"
D:\Uni\Ulm\Master\Hiwi-Forschung-und-Lehre\FairFace\detected_faces\590150_face0.jpg,Black,Black,Male,20-29,"[1.4061370e-06 9.9995059e-01 2.0353084e-05 1.3310341e-08 2.4042646e-07
 2.6281738e-05 1.1589071e-06]",[8.9691812e-06 9.9990809e-01 2.3804969e-06 8.0641352e-05],[9.999393e-01 6.070565e-05],"[3.1265822e-07 2.7818469e-05 1.1855776e-02 5.4858547e-01 3.9124286e-01
 4.6290122e-02 1.9680010e-03 2.8526274e-05 1.1734645e-06]"
D:\Uni\Ulm\Master\Hiwi-Forschung-und-Lehre\FairFace\detected_faces\590262_face0.jpg,White,White,Male,20-29,"[0.3917314  0.00336169 0.32994297 0.04159866 0.04733198 0.00235497
 0.18367827]",[0.56087697 0.02611901 0.37885442 0.03414953],[9.9999964e-01 3.8985533e-07],"[2.0496442e-08 1.4095881e-05 5.8420870e-02 9.1747332e-01 2.3873435e-02
 2.1721036e-04 1.0391357e-06 5.0305559e-08 8.7580287e-10]"
D:\Uni\Ulm\Master\Hiwi-Forschung-und-Lehre\FairFace\detected_faces\590404_face0.jpg,White,White,Male,20-29,"[9.6284693e-01 2.5605868e-06 7.8137228e-03 2.9165991e-05 3.9373583e-05
 5.7685305e-04 2.8691441e-02]",[9.99874711e-01 1.53702160e-06 2.10302987e-05 1.02770355e-04],[9.9999982e-01 2.2432073e-07],"[6.0791099e-06 2.1149248e-03 1.7594276e-01 7.3113906e-01 8.8139541e-02
 2.6476413e-03 9.9290528e-06 7.0025123e-08 8.5791979e-10]"
D:\Uni\Ulm\Master\Hiwi-Forschung-und-Lehre\FairFace\detected_faces\591044_face0.jpg,Middle Eastern,White,Male,20-29,"[3.8720340e-01 2.4623002e-04 1.9210801e-01 8.4055250e-04 1.1271407e-03
 1.5131658e-03 4.1696152e-01]",[0.96650594 0.00734755 0.00798515 0.01816132],[9.9999934e-01 7.0893753e-07],"[6.9441387e-07 8.7089778e-05 2.6564168e-02 8.8450104e-01 8.7923840e-02
 9.2093984e-04 2.2725503e-06 3.5469647e-08 4.0932946e-10]"
D:\Uni\Ulm\Master\Hiwi-Forschung-und-Lehre\FairFace\detected_faces\591132_face0.jpg,White,White,Male,30-39,"[9.8615962e-01 6.0462877e-05 4.2810137e-03 4.1243029e-06 1.0575992e-05
 1.5936146e-04 9.3248226e-03]",[9.9970555e-01 1.6448132e-04 3.2675041e-05 9.7317738e-05],[9.9999857e-01 1.3647889e-06],"[2.6983281e-07 1.7036802e-05 1.0387036e-03 4.3879557e-01 5.4524660e-01
 1.4849549e-02 5.1963445e-05 3.0011131e-07 4.0555483e-09]"
D:\Uni\Ulm\Master\Hiwi-Forschung-und-Lehre\FairFace\detected_faces\591136_face0.jpg,White,White,Male,20-29,"[9.7876018e-01 9.7870416e-06 4.8742956e-03 2.4333365e-04 1.8274588e-04
 2.5641975e-05 1.5903994e-02]",[9.9984109e-01 3.7165533e-05 9.0603040e-05 3.1122760e-05],[1.000000e+00 1.708389e-08],"[2.2348956e-06 1.4169722e-04 5.0633796e-03 6.3451022e-01 3.5506734e-01
 5.1941760e-03 2.0651696e-05 2.3636387e-07 3.5401606e-09]"
D:\Uni\Ulm\Master\Hiwi-Forschung-und-Lehre\FairFace\detected_faces\591140_face0.jpg,White,White,Male,30-39,"[6.3422084e-01 1.7292620e-04 1.4644942e-01 4.7536148e-04 5.1337644e-04
 7.4241208e-03 2.1074398e-01]",[9.9100888e-01 1.9202442e-05 8.4685618e-03 5.0331827e-04],[9.9999774e-01 2.2557933e-06],"[4.6088326e-06 4.7085221e-05 4.8089348e-04 2.1118054e-01 7.2637475e-01
 6.1638407e-02 2.7090262e-04 2.7461069e-06 2.9163434e-08]"
D:\Uni\Ulm\Master\Hiwi-Forschung-und-Lehre\FairFace\detected_faces\591358_face0.jpg,Southeast Asian,Asian,Male,20-29,"[5.0377380e-03 6.2541105e-04 1.5602553e-01 1.1242872e-01 6.8821591e-01
 3.5999894e-02 1.6668114e-03]",[0.00497578 0.00210915 0.67328876 0.31962627],[9.999997e-01 3.178925e-07],"[7.8636752e-08 1.0756067e-05 1.2406282e-02 8.8463330e-01 1.0164293e-01
 1.2992618e-03 7.2432381e-06 1.3243499e-07 1.5156302e-09]"
D:\Uni\Ulm\Master\Hiwi-Forschung-und-Lehre\FairFace\detected_faces\591588_face0.jpg,White,White,Male,20-29,"[9.71850336e-01 1.11471945e-05 8.03130493e-03 8.59157353e-06
 2.81888642e-05 2.71574791e-05 2.00432707e-02]",[9.9976587e-01 4.3675391e-05 9.2851442e-05 9.7613374e-05],[9.9999785e-01 2.1319920e-06],"[1.2291508e-06 5.5383565e-04 1.1906565e-01 7.6157725e-01 1.1602086e-01
 2.7680777e-03 1.2889151e-05 1.6806742e-07 3.4451764e-09]"
D:\Uni\Ulm\Master\Hiwi-Forschung-und-Lehre\FairFace\detected_faces\591620_face0.jpg,White,White,Male,30-39,"[9.9990821e-01 7.0587384e-07 3.5563764e-05 6.1375238e-07 1.0984867e-06
 1.4574463e-06 5.2292082e-05]",[9.9914545e-01 4.2519660e-04 2.1797768e-04 2.1131920e-04],[9.999998e-01 1.376868e-07],"[3.3946097e-08 6.1301574e-07 1.3766735e-04 1.7404962e-01 6.9852185e-01
 1.2510341e-01 2.1663269e-03 2.0125226e-05 3.3455095e-07]"
D:\Uni\Ulm\Master\Hiwi-Forschung-und-Lehre\FairFace\detected_faces\591696_face0.jpg,White,White,Male,20-29,"[9.9569392e-01 6.9309135e-06 3.0575390e-03 2.0662148e-05 5.5694323e-05
 2.9419947e-05 1.1358322e-03]",[9.973704e-01 2.209917e-04 1.902601e-03 5.059770e-04],[1.000000e+00 4.149349e-08],"[1.7181038e-06 1.6695166e-03 4.0705290e-01 4.8491555e-01 9.3056291e-02
 1.3026396e-02 2.7478786e-04 2.7270416e-06 2.3350903e-08]"
D:\Uni\Ulm\Master\Hiwi-Forschung-und-Lehre\FairFace\detected_faces\591706_face0.jpg,Middle Eastern,White,Male,20-29,"[7.1315564e-02 9.7857424e-05 1.5711188e-02 3.5944972e-06 1.5787684e-05
 7.9376809e-04 9.1206223e-01]",[9.7253525e-01 1.2553495e-02 1.9831261e-04 1.4712987e-02],[9.999997e-01 2.920280e-07],"[1.2375408e-07 1.1584968e-05 5.4059769e-03 8.5818148e-01 1.3492292e-01
 1.4728274e-03 4.9809364e-06 8.6530150e-08 1.2700938e-09]"
D:\Uni\Ulm\Master\Hiwi-Forschung-und-Lehre\FairFace\detected_faces\591738_face0.jpg,White,White,Male,10-19,"[7.0182908e-01 5.8378446e-06 2.0898632e-03 2.4156518e-05 2.7578229e-05
 3.0615993e-05 2.9599282e-01]",[9.9995232e-01 2.9617366e-05 6.4948017e-06 1.1504378e-05],[0.9967474  0.00325265],"[1.5335910e-06 1.5987657e-02 8.7926298e-01 9.9917658e-02 4.7008754e-03
 1.2850878e-04 7.6547775e-07 2.2046736e-08 1.2420126e-09]"
D:\Uni\Ulm\Master\Hiwi-Forschung-und-Lehre\FairFace\detected_faces\591740_face0.jpg,White,White,Male,20-29,"[6.6075081e-01 6.9428323e-04 1.8333633e-01 9.5644333e-05 3.5237821e-04
 3.3285436e-03 1.5144211e-01]",[9.8687750e-01 1.0588192e-02 1.3344029e-04 2.4008374e-03],[9.999999e-01 1.010694e-07],"[9.2093478e-07 1.3636347e-04 2.2529338e-02 7.9852551e-01 1.7534164e-01
 3.4492891e-03 1.6716473e-05 1.8153972e-07 1.9538615e-09]"
D:\Uni\Ulm\Master\Hiwi-Forschung-und-Lehre\FairFace\detected_faces\591750_face0.jpg,Middle Eastern,White,Male,20-29,"[1.5108925e-01 2.6264407e-03 1.6501005e-01 2.7967890e-04 1.2045443e-03
 1.9069090e-03 6.7788315e-01]",[0.9467347  0.04537648 0.00332385 0.00456495],[9.9996626e-01 3.3778688e-05],"[3.1004304e-06 4.6854941e-05 5.1023746e-03 6.4978987e-01 3.3837548e-01
 6.6291741e-03 5.1467916e-05 1.7636901e-06 4.5882171e-08]"
D:\Uni\Ulm\Master\Hiwi-Forschung-und-Lehre\FairFace\detected_faces\591774_face0.jpg,Middle Eastern,White,Male,30-39,"[1.6560759e-01 1.3765285e-04 4.7412228e-02 2.7092194e-05 4.4882880e-05
 1.7260682e-03 7.8504449e-01]",[9.9603260e-01 1.3026942e-03 6.2939536e-05 2.6018531e-03],[9.9984372e-01 1.5626095e-04],"[8.4841449e-06 3.5225130e-05 1.9858796e-03 1.2370315e-01 6.0323864e-01
 2.6193655e-01 8.9484835e-03 1.4186140e-04 1.7844962e-06]"
D:\Uni\Ulm\Master\Hiwi-Forschung-und-Lehre\FairFace\detected_faces\592010_face0.jpg,Middle Eastern,White,Male,30-39,"[6.2059544e-02 6.9598539e-04 6.7559518e-02 6.4566229e-06 4.2071006e-05
 1.8709030e-02 8.5092741e-01]",[0.7095961  0.01345278 0.00098769 0.27596346],[9.999994e-01 6.236711e-07],"[1.4461109e-07 2.9364373e-06 7.7982061e-04 4.6557757e-01 5.1028001e-01
 2.3178805e-02 1.7920781e-04 1.5158662e-06 1.5760753e-08]"
D:\Uni\Ulm\Master\Hiwi-Forschung-und-Lehre\FairFace\detected_faces\592012_face0.jpg,Middle Eastern,White,Male,20-29,"[1.4004970e-01 1.6365953e-04 3.0415650e-02 1.9619612e-04 3.7445864e-04
 3.1212045e-04 8.2848829e-01]",[9.9521166e-01 1.7955110e-03 8.9499552e-04 2.0978474e-03],[9.9999905e-01 9.5792825e-07],"[5.6091403e-07 1.3409719e-04 5.1745817e-02 8.2232976e-01 1.2368020e-01
 2.1017594e-03 7.6781089e-06 1.9270004e-07 1.9575608e-09]"
D:\Uni\Ulm\Master\Hiwi-Forschung-und-Lehre\FairFace\detected_faces\592064_face0.jpg,Middle Eastern,White,Male,20-29,"[2.80765146e-01 1.54798245e-03 1.56497527e-02 3.06890365e-06
 1.09947105e-05 3.22757522e-03 6.98795497e-01]",[9.8415810e-01 1.0153840e-02 4.0238476e-05 5.6478530e-03],[9.999995e-01 4.488472e-07],"[1.2664729e-07 1.1514345e-05 3.2911261e-03 5.9879434e-01 3.8958144e-01
 8.2811713e-03 3.9802668e-05 4.1381355e-07 4.5262656e-09]"
D:\Uni\Ulm\Master\Hiwi-Forschung-und-Lehre\FairFace\detected_faces\592068_face0.jpg,White,White,Male,20-29,"[9.1919822e-01 1.2277746e-05 8.7713078e-04 3.9824554e-06 8.8107245e-06
 9.7177443e-05 7.9802401e-02]",[9.9988967e-01 1.9397159e-05 2.2837814e-05 6.8043351e-05],[9.9999940e-01 6.1464266e-07],"[3.8348284e-07 3.3429584e-05 3.1275121e-03 8.1981033e-01 1.7532824e-01
 1.6940302e-03 6.0440102e-06 5.9621442e-08 1.3897478e-09]"
D:\Uni\Ulm\Master\Hiwi-Forschung-und-Lehre\FairFace\detected_faces\592098_face0.jpg,White,White,Male,20-29,"[9.9784392e-01 4.1084318e-06 1.1254977e-04 2.9669897e-07 7.7230288e-07
 2.4803878e-06 2.0359366e-03]",[9.9988919e-01 4.7850397e-05 2.2663231e-05 4.0266801e-05],[9.9999976e-01 2.5422469e-07],"[1.3885538e-07 2.0517731e-05 7.0682936e-03 7.8708220e-01 2.0038882e-01
 5.4092477e-03 3.0617077e-05 1.9351198e-07 2.6723452e-09]"
D:\Uni\Ulm\Master\Hiwi-Forschung-und-Lehre\FairFace\detected_faces\592100_face0.jpg,White,White,Male,20-29,"[9.0188956e-01 1.5147982e-04 8.7665893e-02 7.3930563e-04 2.0393897e-03
 9.7784199e-05 7.4165650e-03]",[0.99066204 0.00317881 0.00444774 0.00171145],[1.0000000e+00 2.3745554e-09],"[1.5646492e-08 9.2719995e-07 2.2794702e-03 5.7158804e-01 4.1285244e-01
 1.3185733e-02 9.2794326e-05 6.7757418e-07 4.4412802e-09]"
D:\Uni\Ulm\Master\Hiwi-Forschung-und-Lehre\FairFace\detected_faces\592688_face0.jpg,Middle Eastern,White,Male,20-29,"[3.8968649e-02 3.5093253e-04 7.1108602e-02 1.3471783e-05 5.3848395e-05
 9.5607070e-03 8.7994385e-01]",[0.87057513 0.01881146 0.00798453 0.10262889],[9.999969e-01 3.096184e-06],"[1.4749907e-07 6.6753246e-06 1.0895695e-03 6.7153662e-01 3.2388276e-01
 3.4780612e-03 6.0228417e-06 1.1052649e-07 1.7426971e-09]"
D:\Uni\Ulm\Master\Hiwi-Forschung-und-Lehre\FairFace\detected_faces\592710_face0.jpg,White,White,Male,20-29,"[6.5187293e-01 1.6958250e-04 4.3741550e-02 3.2424327e-04 5.1536376e-04
 1.6120182e-04 3.0321512e-01]",[0.99115676 0.00456925 0.00211516 0.00215887],[1.0000000e+00 2.8578633e-08],"[1.1033065e-06 6.8502275e-05 2.7387125e-02 8.1898463e-01 1.5069266e-01
 2.8493525e-03 1.6406908e-05 2.6901395e-07 2.1945437e-09]"
D:\Uni\Ulm\Master\Hiwi-Forschung-und-Lehre\FairFace\detected_faces\592794_face0.jpg,Middle Eastern,White,Male,20-29,"[3.3747768e-01 6.1372999e-04 1.3146564e-01 2.2372880e-04 6.2507205e-04
 6.0635745e-03 5.2353066e-01]",[9.6197873e-01 5.5988152e-03 7.0473104e-04 3.1717725e-02],[9.9999815e-01 1.8050124e-06],"[3.9747338e-06 4.3967555e-04 1.5943620e-02 7.1257317e-01 2.6632756e-01
 4.6984907e-03 1.3285172e-05 2.1357069e-07 2.8973792e-09]"
D:\Uni\Ulm\Master\Hiwi-Forschung-und-Lehre\FairFace\detected_faces\592844_face0.jpg,White,White,Male,30-39,"[8.7945634e-01 4.8803595e-05 5.6902571e-03 6.6661792e-06 1.7595377e-05
 9.4211799e-05 1.1468611e-01]",[9.9879801e-01 6.8755058e-04 2.8418776e-04 2.3020912e-04],[1.0000000e+00 3.7294328e-08],"[1.6869066e-07 8.2926408e-06 1.1379941e-03 4.5565343e-01 5.2451366e-01
 1.8592380e-02 9.3343566e-05 7.5871526e-07 7.8344398e-09]"
D:\Uni\Ulm\Master\Hiwi-Forschung-und-Lehre\FairFace\detected_faces\592876_face0.jpg,White,White,Male,20-29,"[9.9303687e-01 1.1332103e-05 3.7794688e-04 7.8561388e-05 8.7783432e-05
 6.8911945e-06 6.4005554e-03]",[9.9891633e-01 2.2567732e-04 7.8690733e-04 7.1063885e-05],[9.9999851e-01 1.5013271e-06],"[2.4044159e-06 2.9624163e-04 5.3507544e-02 5.1279324e-01 2.9557252e-01
 1.2646587e-01 1.1056014e-02 2.9972263e-04 6.4315072e-06]"
D:\Uni\Ulm\Master\Hiwi-Forschung-und-Lehre\FairFace\detected_faces\593526_face0.jpg,Black,Black,Male,30-39,"[3.9366444e-07 9.9996853e-01 1.6082486e-05 5.8703851e-09 1.4652191e-07
 3.8323496e-06 1.1016993e-05]",[1.7421486e-06 9.9999160e-01 1.6395757e-06 4.9971936e-06],[9.9996942e-01 3.0611227e-05],"[6.8442446e-06 1.8187119e-04 5.2439799e-03 3.6180305e-01 5.4265088e-01
 8.8692263e-02 1.3766177e-03 4.2633354e-05 1.8406317e-06]"
D:\Uni\Ulm\Master\Hiwi-Forschung-und-Lehre\FairFace\detected_faces\594426_face0.jpg,Middle Eastern,White,Male,30-39,"[6.3176341e-02 3.9147856e-03 2.6677236e-02 7.0447240e-06 5.0955412e-05
 7.8231224e-04 9.0539128e-01]",[0.8124453  0.15150625 0.00599947 0.03004892],[9.9999183e-01 8.1624921e-06],"[1.2533654e-06 8.2619117e-05 4.6261889e-03 3.6944878e-01 5.8654654e-01
 3.8740069e-02 5.4550444e-04 8.7764893e-06 2.3004965e-07]"
D:\Uni\Ulm\Master\Hiwi-Forschung-und-Lehre\FairFace\detected_faces\594874_face0.jpg,Middle Eastern,White,Male,20-29,"[2.9519081e-01 1.5331931e-04 1.9738692e-01 1.8420228e-04 5.1035784e-04
 6.8291700e-03 4.9974531e-01]",[0.9485332  0.00233861 0.00251987 0.04660835],[9.9999666e-01 3.3369060e-06],"[1.10869685e-07 6.30070326e-06 1.62720028e-03 7.52257109e-01
 2.44282812e-01 1.82433741e-03 2.18169453e-06 2.25658248e-08
 3.36726841e-10]"
D:\Uni\Ulm\Master\Hiwi-Forschung-und-Lehre\FairFace\detected_faces\595160_face0.jpg,White,White,Male,20-29,"[6.07518196e-01 1.94691835e-04 1.01044156e-01 3.08421950e-05
 1.72215558e-04 3.43867647e-03 2.87601262e-01]",[9.8738390e-01 6.9459283e-04 4.5057479e-04 1.1470919e-02],[9.9999982e-01 1.5863729e-07],"[5.5198967e-07 8.5052132e-05 1.2194769e-02 5.6155008e-01 4.1244924e-01
 1.3668831e-02 5.1160998e-05 2.7666093e-07 2.3093516e-09]"
D:\Uni\Ulm\Master\Hiwi-Forschung-und-Lehre\FairFace\detected_faces\595572_face0.jpg,Latino_Hispanic,White,Male,20-29,"[2.9233301e-01 3.6780935e-04 3.7429056e-01 2.8205759e-04 1.2350163e-03
 1.2215495e-02 3.1927606e-01]",[0.6103882  0.02759475 0.00977826 0.35223877],[1.000000e+00 2.829243e-08],"[1.7238862e-07 1.4517801e-04 1.5854938e-01 7.7414185e-01 6.5951124e-02
 1.2077392e-03 4.5279230e-06 5.5701431e-08 3.6555156e-10]"
D:\Uni\Ulm\Master\Hiwi-Forschung-und-Lehre\FairFace\detected_faces\595576_face0.jpg,Black,Black,Male,30-39,"[2.7197984e-06 9.9992794e-01 5.5936292e-05 6.2012894e-08 2.0361508e-06
 1.0957447e-05 2.5686478e-07]",[1.29403625e-05 9.99849737e-01 1.00988720e-04 3.62991268e-05],[9.9999905e-01 9.7267446e-07],"[1.7794864e-07 1.4115565e-06 1.3689505e-04 6.7780100e-02 6.2488610e-01
 2.9422259e-01 1.2879249e-02 9.1074959e-05 2.4642177e-06]"
D:\Uni\Ulm\Master\Hiwi-Forschung-und-Lehre\FairFace\detected_faces\595578_face0.jpg,Middle Eastern,White,Male,30-39,"[8.76958892e-02 3.45850131e-04 1.05570726e-01 4.64359691e-05
 3.75982374e-04 1.18759712e-02 7.94089139e-01]",[9.6818984e-01 8.6699752e-04 4.1847487e-04 3.0524641e-02],[9.9986827e-01 1.3176721e-04],"[1.2116067e-07 2.3897949e-06 5.4827315e-04 2.3347642e-01 7.3177993e-01
 3.4046650e-02 1.4387033e-04 2.3105049e-06 3.4952954e-08]"
D:\Uni\Ulm\Master\Hiwi-Forschung-und-Lehre\FairFace\detected_faces\595900_face0.jpg,White,White,Male,30-39,"[4.0873101e-01 7.6872832e-03 3.1681442e-01 1.8558766e-04 6.8363390e-04
 2.2629520e-02 2.4326846e-01]",[9.3630821e-01 3.4060761e-02 4.9545692e-04 2.9135652e-02],[9.9999952e-01 4.7105578e-07],"[3.4455225e-06 4.5109253e-05 6.0105510e-04 2.8534633e-01 6.7408168e-01
 3.9577283e-02 3.4247260e-04 2.6955047e-06 3.0728337e-08]"
D:\Uni\Ulm\Master\Hiwi-Forschung-und-Lehre\FairFace\detected_faces\595934_face0.jpg,White,White,Male,30-39,"[4.1929609e-01 5.4690233e-03 3.2362950e-01 4.9503109e-05 2.8397675e-04
 5.7023740e-03 2.4556959e-01]",[0.8616092  0.09197658 0.0042202  0.04219396],[9.9999970e-01 3.0001016e-07],"[1.53841768e-07 1.41719136e-06 1.85011711e-04 9.71312597e-02
 7.29831636e-01 1.70601934e-01 2.23716861e-03 1.14160985e-05
 1.14741432e-07]"
D:\Uni\Ulm\Master\Hiwi-Forschung-und-Lehre\FairFace\detected_faces\596008_face0.jpg,Middle Eastern,White,Male,20-29,"[1.19501986e-01 6.84287079e-06 4.10400145e-03 2.81181133e-06
 6.21825302e-06 1.94403474e-04 8.76183689e-01]",[9.9781662e-01 8.1517105e-04 3.1911146e-05 1.3362684e-03],[9.9999774e-01 2.2163806e-06],"[5.7429705e-09 7.8510675e-06 3.4028903e-02 9.5033312e-01 1.5603110e-02
 2.6928126e-05 1.4666758e-08 2.1975453e-10 3.1700161e-12]"
D:\Uni\Ulm\Master\Hiwi-Forschung-und-Lehre\FairFace\detected_faces\596178_face0.jpg,Middle Eastern,White,Male,20-29,"[2.4066311e-01 2.1143880e-05 2.5924155e-02 2.2606328e-05 7.0299255e-05
 2.8012875e-03 7.3049742e-01]",[9.7494823e-01 4.1378341e-03 1.5169296e-04 2.0762198e-02],[9.9999857e-01 1.4464654e-06],"[1.2157454e-06 6.1069775e-05 2.8700768e-03 5.7330954e-01 4.1084707e-01
 1.2869705e-02 4.1031366e-05 3.2609222e-07 6.0659424e-09]"
D:\Uni\Ulm\Master\Hiwi-Forschung-und-Lehre\FairFace\detected_faces\596322_face0.jpg,Black,Black,Male,30-39,"[5.1475672e-07 9.9982542e-01 1.2508248e-05 2.1369315e-09 7.0228488e-08
 1.5671441e-04 4.7645785e-06]",[2.7056421e-06 9.9992770e-01 9.5601678e-08 6.9509530e-05],[9.9999845e-01 1.5611129e-06],"[2.3828777e-08 1.4394419e-06 7.2672026e-04 3.4302261e-01 6.2717354e-01
 2.8981932e-02 9.3225128e-05 4.7920253e-07 8.8444896e-09]"
D:\Uni\Ulm\Master\Hiwi-Forschung-und-Lehre\FairFace\detected_faces\596736_face0.jpg,White,White,Male,30-39,"[8.9789283e-01 1.1974425e-05 6.4870007e-03 1.4349313e-04 1.7832380e-04
 9.4297568e-05 9.5192105e-02]",[9.9910957e-01 1.4830770e-05 6.1056181e-04 2.6504838e-04],[9.9994659e-01 5.3389605e-05],"[4.9141695e-06 7.3527786e-05 4.8356806e-03 2.0495160e-01 7.2494423e-01
 6.4860046e-02 3.2664195e-04 3.2685828e-06 4.1634124e-08]"
D:\Uni\Ulm\Master\Hiwi-Forschung-und-Lehre\FairFace\detected_faces\597618_face0.jpg,Middle Eastern,White,Male,20-29,"[4.5811713e-01 6.5492321e-05 7.0577145e-02 7.9465104e-04 1.0909237e-03
 3.0862330e-04 4.6904594e-01]",[9.9188262e-01 2.9346877e-04 4.7740624e-03 3.0498693e-03],[9.9999648e-01 3.5366277e-06],"[1.9459182e-07 2.4527171e-05 4.3974254e-02 8.1880343e-01 1.3319623e-01
 3.9710486e-03 2.9855628e-05 5.0223787e-07 7.2317898e-09]"
D:\Uni\Ulm\Master\Hiwi-Forschung-und-Lehre\FairFace\detected_faces\597630_face0.jpg,White,White,Male,20-29,"[5.4638034e-01 1.3628321e-04 4.3501675e-02 2.0800840e-06 9.0129843e-06
 1.2089942e-02 3.9788055e-01]",[9.9894178e-01 3.2142008e-05 1.9407855e-05 1.0066996e-03],[9.999824e-01 1.755232e-05],"[6.9137951e-07 1.3353393e-05 2.4494447e-03 5.1577675e-01 4.5572585e-01
 2.5730327e-02 2.9931439e-04 4.2275092e-06 6.9641175e-08]"
D:\Uni\Ulm\Master\Hiwi-Forschung-und-Lehre\FairFace\detected_faces\597716_face0.jpg,White,White,Male,20-29,"[8.2145357e-01 1.1775932e-04 7.5487874e-02 1.5772838e-04 5.8783736e-04
 5.3158852e-05 1.0214210e-01]",[9.9689364e-01 1.8797399e-03 1.0785952e-03 1.4800107e-04],[1.000000e+00 2.448758e-08],"[1.05537275e-07 4.71097701e-05 5.93667850e-02 7.98533916e-01
 1.37976155e-01 4.04507946e-03 3.04054320e-05 4.50473408e-07
 3.71390185e-09]"
D:\Uni\Ulm\Master\Hiwi-Forschung-und-Lehre\FairFace\detected_faces\597732_face0.jpg,Middle Eastern,White,Male,20-29,"[6.25205040e-02 1.38110423e-03 5.42641468e-02 1.32123805e-05
 9.15373676e-05 1.65674055e-03 8.80072773e-01]",[0.83152974 0.0184831  0.00436809 0.14561912],[1.000000e+00 3.006607e-09],"[1.4074617e-07 6.5137192e-06 2.2568922e-03 6.1903912e-01 3.6239371e-01
 1.6135264e-02 1.6611296e-04 2.2315605e-06 1.7103980e-08]"
D:\Uni\Ulm\Master\Hiwi-Forschung-und-Lehre\FairFace\detected_faces\597742_face0.jpg,Middle Eastern,White,Male,30-39,"[4.5564514e-01 1.0582134e-04 1.3727452e-02 1.3811931e-04 1.4303657e-04
 1.8030015e-03 5.2843744e-01]",[9.92642760e-01 1.13292015e-04 8.69761803e-04 6.37415191e-03],[9.9996156e-01 3.8401206e-05],"[3.8586927e-06 8.0626793e-05 1.9793266e-03 3.8441271e-01 5.9056842e-01
 2.2861164e-02 9.2643211e-05 1.3093880e-06 2.6423331e-08]"
D:\Uni\Ulm\Master\Hiwi-Forschung-und-Lehre\FairFace\detected_faces\597756_face0.jpg,Latino_Hispanic,White,Male,20-29,"[1.18788436e-01 3.60510312e-04 7.47682691e-01 6.85591775e-04
 1.28712913e-03 5.31538809e-03 1.25880271e-01]",[0.94391626 0.01256452 0.01145151 0.03206771],[1.0000000e+00 1.0660933e-08],"[1.09761324e-07 2.49756545e-06 9.86072235e-03 6.06206536e-01
 3.68502170e-01 1.52626075e-02 1.63197197e-04 2.14876718e-06
 8.24051138e-09]"
D:\Uni\Ulm\Master\Hiwi-Forschung-und-Lehre\FairFace\detected_faces\597856_face0.jpg,White,White,Male,20-29,"[7.5138086e-01 4.3194352e-05 2.5497987e-03 4.9433629e-06 1.0873325e-05
 1.6888819e-04 2.4584138e-01]",[9.9893880e-01 4.0330572e-04 1.9798679e-05 6.3815661e-04],[9.9999893e-01 1.1251867e-06],"[1.1029378e-08 1.0973714e-06 1.1869292e-03 8.1617475e-01 1.8175116e-01
 8.8482653e-04 1.1984175e-06 1.0922069e-08 1.7161961e-10]"
D:\Uni\Ulm\Master\Hiwi-Forschung-und-Lehre\FairFace\detected_faces\597876_face0.jpg,White,White,Male,30-39,"[7.4543446e-01 2.7412834e-04 3.3038486e-02 4.1729290e-05 9.5707757e-05
 6.4071710e-04 2.2047468e-01]",[9.8628849e-01 3.6229752e-03 9.0500386e-04 9.1835298e-03],[9.9999994e-01 1.0719538e-07],"[3.8646181e-07 2.5218555e-06 3.6530706e-04 2.9309866e-01 6.7083681e-01
 3.5391312e-02 3.0128795e-04 3.7165335e-06 3.8302215e-08]"
D:\Uni\Ulm\Master\Hiwi-Forschung-und-Lehre\FairFace\detected_faces\597948_face0.jpg,Middle Eastern,White,Male,20-29,"[1.1553626e-01 1.5288148e-04 1.0326407e-01 7.1464681e-05 2.0977823e-04
 1.5085002e-02 7.6568049e-01]",[9.8469573e-01 2.4154114e-03 7.4341521e-04 1.2145467e-02],[9.9999905e-01 9.4395784e-07],"[1.2350289e-06 5.6900881e-05 3.3498441e-03 6.4948797e-01 3.3675534e-01
 1.0302424e-02 4.5875557e-05 5.1545953e-07 6.1631269e-09]"
D:\Uni\Ulm\Master\Hiwi-Forschung-und-Lehre\FairFace\detected_faces\597982_face0.jpg,White,White,Male,20-29,"[9.7002316e-01 2.7933281e-06 1.2433119e-03 8.3344270e-07 1.9101626e-06
 1.7120568e-04 2.8556811e-02]",[9.9955857e-01 8.7390017e-06 4.4711223e-06 4.2825082e-04],[9.999993e-01 6.810371e-07],"[1.2993564e-08 2.2751869e-06 9.1498112e-04 7.5471854e-01 2.4249899e-01
 1.8635766e-03 1.5435002e-06 4.6940745e-09 7.6344951e-11]"
D:\Uni\Ulm\Master\Hiwi-Forschung-und-Lehre\FairFace\detected_faces\598000_face0.jpg,White,White,Male,30-39,"[7.8432029e-01 2.0775155e-03 8.5656971e-02 1.2732678e-05 8.9187997e-05
 4.7628186e-03 1.2308039e-01]",[9.9141014e-01 2.2311592e-03 1.8571001e-05 6.3401186e-03],[9.9999982e-01 1.9580334e-07],"[1.7736322e-07 4.6974874e-06 1.1982446e-03 3.3961639e-01 6.0944438e-01
 4.9041416e-02 6.8293489e-04 1.1653828e-05 1.1996887e-07]"
D:\Uni\Ulm\Master\Hiwi-Forschung-und-Lehre\FairFace\detected_faces\598044_face0.jpg,White,White,Male,20-29,"[7.69147158e-01 7.76933972e-04 1.05140045e-01 9.16447825e-05
 1.68975312e-04 1.10798725e-03 1.23567291e-01]",[9.9599177e-01 1.5899709e-03 1.8787374e-04 2.2304980e-03],[9.998641e-01 1.359188e-04],"[2.54761233e-07 8.97381597e-06 5.58227533e-03 5.66226363e-01
 4.13156331e-01 1.49103217e-02 1.13676564e-04 1.81399264e-06
 3.11485344e-08]"
D:\Uni\Ulm\Master\Hiwi-Forschung-und-Lehre\FairFace\detected_faces\598950_face0.jpg,Middle Eastern,White,Male,30-39,"[4.8235598e-01 2.5253167e-04 2.0452317e-02 2.6081272e-05 8.6871893e-05
 9.5481478e-04 4.9587131e-01]",[9.97326314e-01 1.03107464e-04 1.96326844e-04 2.37425114e-03],[9.9994355e-01 5.6465378e-05],"[2.5061766e-07 3.3163096e-06 1.9589056e-04 1.1812426e-01 7.8478193e-01
 9.6213706e-02 6.7504455e-04 5.5716778e-06 8.3826478e-08]"
D:\Uni\Ulm\Master\Hiwi-Forschung-und-Lehre\FairFace\detected_faces\599076_face0.jpg,White,White,Male,20-29,"[8.8328016e-01 2.7749702e-05 3.2125559e-02 1.3491980e-04 2.4263693e-04
 4.0752497e-05 8.4148347e-02]",[9.9485493e-01 9.5032871e-04 1.7706017e-03 2.4241826e-03],[1.0000000e+00 2.1530811e-08],"[5.4101408e-09 1.7416121e-06 2.7164998e-02 9.2511731e-01 4.7316771e-02
 3.9783813e-04 1.3338824e-06 1.7215786e-08 1.1118283e-10]"
D:\Uni\Ulm\Master\Hiwi-Forschung-und-Lehre\FairFace\detected_faces\599128_face0.jpg,Black,Black,Male,20-29,"[6.3725500e-05 9.9639356e-01 1.4629788e-03 3.1798072e-07 1.0940316e-05
 1.3589780e-03 7.0954423e-04]",[8.103162e-05 9.963935e-01 5.480885e-05 3.470657e-03],[9.9999988e-01 1.5459764e-07],"[7.1770392e-06 1.0949643e-03 1.6517481e-02 5.9593016e-01 3.6841580e-01
 1.7929219e-02 1.0262311e-04 2.4470960e-06 6.1138870e-08]"
D:\Uni\Ulm\Master\Hiwi-Forschung-und-Lehre\FairFace\detected_faces\599378_face0.jpg,White,White,Male,20-29,"[9.6919006e-01 3.6749811e-05 5.8966065e-03 1.2164710e-05 8.5163250e-05
 2.5311710e-05 2.4753898e-02]",[9.9930537e-01 4.9568381e-04 1.6674263e-04 3.2180400e-05],[9.9999779e-01 2.2096428e-06],"[1.94227301e-08 2.35421558e-05 1.48123711e-01 8.06808531e-01
 4.41220626e-02 9.16934456e-04 5.15531246e-06 1.08602414e-07
 1.64676828e-09]"
D:\Uni\Ulm\Master\Hiwi-Forschung-und-Lehre\FairFace\detected_faces\599606_face0.jpg,White,White,Male,20-29,"[6.4638698e-01 3.5830028e-05 6.7364909e-02 1.1213648e-04 2.0361922e-04
 3.6046730e-04 2.8553608e-01]",[9.9829435e-01 1.0300784e-03 2.3731511e-04 4.3826082e-04],[9.9998611e-01 1.3870176e-05],"[1.49742778e-08 1.28209695e-05 7.03559741e-02 8.94239604e-01
 3.49657647e-02 4.24567814e-04 1.21238588e-06 1.75279222e-08
 2.23666363e-10]"
D:\Uni\Ulm\Master\Hiwi-Forschung-und-Lehre\FairFace\detected_faces\599788_face0.jpg,White,White,Male,30-39,"[8.1602389e-01 8.2501722e-03 2.4252893e-02 1.2141263e-06 8.3038949e-06
 1.5949218e-03 1.4986858e-01]",[9.8421162e-01 1.3430772e-02 4.4424003e-05 2.3131932e-03],[9.9999970e-01 2.7208233e-07],"[5.35591873e-08 5.93461948e-07 5.05914759e-05 1.14094086e-01
 8.38124096e-01 4.75323871e-02 1.96647161e-04 1.53394421e-06
 1.40524072e-08]"
D:\Uni\Ulm\Master\Hiwi-Forschung-und-Lehre\FairFace\detected_faces\600604_face0.jpg,Latino_Hispanic,White,Male,20-29,"[3.2482022e-01 1.4907771e-02 4.7287226e-01 6.8930231e-06 9.1327609e-05
 2.8023606e-03 1.8449922e-01]",[6.3176537e-01 3.5087633e-01 4.4609443e-04 1.6912255e-02],[9.9999970e-01 2.7266327e-07],"[9.39751104e-08 7.30514148e-05 1.04319394e-01 8.57238710e-01
 3.80695276e-02 2.98170926e-04 9.98864721e-07 1.40974565e-08
 1.73290257e-10]"
D:\Uni\Ulm\Master\Hiwi-Forschung-und-Lehre\FairFace\detected_faces\600620_face0.jpg,White,White,Male,20-29,"[9.9174440e-01 3.0623128e-06 1.7454389e-04 1.2662210e-05 1.5493611e-05
 2.3884870e-06 8.0474131e-03]",[9.9854439e-01 6.4858916e-04 7.7950058e-04 2.7468886e-05],[9.9989843e-01 1.0156924e-04],"[5.8957305e-08 4.6072919e-06 3.6463302e-03 7.6458031e-01 2.2894387e-01
 2.8101653e-03 1.4446182e-05 1.8109075e-07 7.7854860e-09]"
D:\Uni\Ulm\Master\Hiwi-Forschung-und-Lehre\FairFace\detected_faces\601962_face0.jpg,Latino_Hispanic,Black,Male,20-29,"[4.1670769e-02 2.1711238e-01 6.1483330e-01 1.9454886e-04 2.0158316e-03
 1.7509462e-03 1.2242228e-01]",[0.02767056 0.93600047 0.02348601 0.01284298],[9.999996e-01 3.610667e-07],"[5.4005753e-08 4.1582539e-06 2.0840572e-02 9.2451847e-01 5.3920399e-02
 7.0812943e-04 7.9751908e-06 2.8986659e-07 4.3884905e-09]"
D:\Uni\Ulm\Master\Hiwi-Forschung-und-Lehre\FairFace\detected_faces\602050_face0.jpg,Middle Eastern,White,Male,20-29,"[3.8017463e-02 1.8362165e-04 1.7243025e-03 7.4459592e-07 3.8676612e-06
 6.6433036e-05 9.6000355e-01]",[9.8728639e-01 1.1496869e-02 6.1294966e-05 1.1554041e-03],[9.9999982e-01 1.7484652e-07],"[1.6210180e-07 1.7581972e-04 5.4534253e-02 8.6908227e-01 7.5010099e-02
 1.1931760e-03 4.1490516e-06 7.1051232e-08 1.1022073e-09]"
D:\Uni\Ulm\Master\Hiwi-Forschung-und-Lehre\FairFace\detected_faces\602164_face0.jpg,Latino_Hispanic,White,Male,30-39,"[3.2933462e-01 5.4425010e-03 6.0651916e-01 5.0652354e-05 1.7218868e-04
 2.7672846e-02 3.0807951e-02]",[0.95213586 0.00196817 0.00095898 0.04493699],[9.999582e-01 4.177991e-05],"[1.4942080e-06 2.2776479e-05 5.9018168e-04 1.3211998e-01 7.7688205e-01
 8.9800969e-02 5.7837134e-04 4.1474582e-06 3.2550339e-08]"
D:\Uni\Ulm\Master\Hiwi-Forschung-und-Lehre\FairFace\detected_faces\602178_face0.jpg,Latino_Hispanic,White,Male,20-29,"[1.3230395e-01 6.8313824e-03 8.0090362e-01 2.4830384e-05 1.7684115e-04
 4.1633444e-03 5.5596065e-02]",[0.8147421  0.03762256 0.0024979  0.14513744],[9.9999988e-01 1.1874033e-07],"[7.0226484e-08 1.1541762e-06 2.7608869e-03 5.4497105e-01 4.2162690e-01
 3.0248286e-02 3.8855101e-04 3.0898948e-06 1.9350113e-08]"
D:\Uni\Ulm\Master\Hiwi-Forschung-und-Lehre\FairFace\detected_faces\602242_face0.jpg,Middle Eastern,White,Male,20-29,"[7.0149750e-02 1.8420073e-04 4.5595851e-02 2.1081947e-05 1.1054298e-04
 5.1392528e-04 8.8342464e-01]",[0.9577585  0.02284393 0.00128927 0.01810828],[9.999378e-01 6.224853e-05],"[1.9378113e-07 5.3010543e-04 3.7692246e-01 6.0642129e-01 1.5816031e-02
 3.0783014e-04 2.0253124e-06 8.9951484e-08 2.1233024e-09]"
D:\Uni\Ulm\Master\Hiwi-Forschung-und-Lehre\FairFace\detected_faces\602264_face0.jpg,White,White,Male,20-29,"[9.7180378e-01 1.5110574e-05 4.6634818e-03 1.3471861e-06 7.8735584e-06
 1.1261722e-04 2.3395751e-02]",[9.9763739e-01 6.8510440e-04 1.1462363e-04 1.5629375e-03],[9.9996150e-01 3.8546612e-05],"[1.7235161e-08 1.8783024e-06 3.4927940e-03 7.5372738e-01 2.3534547e-01
 7.3740208e-03 5.7986337e-05 4.1105588e-07 1.1117355e-08]"
D:\Uni\Ulm\Master\Hiwi-Forschung-und-Lehre\FairFace\detected_faces\602392_face0.jpg,White,White,Male,30-39,"[7.2473431e-01 8.2586339e-05 3.0260794e-03 4.7626445e-06 3.1281612e-05
 4.3125816e-05 2.7207789e-01]",[0.9834677  0.00320676 0.00107297 0.01225254],[9.9999976e-01 1.7828484e-07],"[3.5685780e-08 1.8052245e-06 1.3129254e-03 3.4440380e-01 5.8609283e-01
 6.7515187e-02 6.6621462e-04 7.0676124e-06 8.8055366e-08]"
D:\Uni\Ulm\Master\Hiwi-Forschung-und-Lehre\FairFace\detected_faces\603736_face0.jpg,Black,Black,Male,30-39,"[4.24412406e-07 9.99974072e-01 5.97159078e-06 7.87265531e-10
 1.38805003e-08 1.21313005e-05 7.45128000e-06]",[4.4206780e-07 9.9999589e-01 2.2109138e-07 3.4371608e-06],[9.9999964e-01 3.2142083e-07],"[1.7558378e-08 6.6186089e-06 1.7426285e-03 4.3271405e-01 5.4448235e-01
 2.0959323e-02 9.4018505e-05 9.4870865e-07 1.9627803e-08]"
D:\Uni\Ulm\Master\Hiwi-Forschung-und-Lehre\FairFace\detected_faces\603738_face0.jpg,Black,Black,Male,20-29,"[1.1191166e-05 9.9974561e-01 1.6756519e-04 1.4595602e-07 2.2782306e-06
 3.3982316e-05 3.9080362e-05]",[1.2460218e-06 9.9998665e-01 1.6398014e-06 1.0490106e-05],[9.999500e-01 5.006432e-05],"[1.1318264e-06 3.9841048e-04 3.0416492e-02 7.9034275e-01 1.7470315e-01
 4.1099167e-03 2.7729207e-05 4.2764634e-07 2.8599464e-08]"
D:\Uni\Ulm\Master\Hiwi-Forschung-und-Lehre\FairFace\detected_faces\603922_face0.jpg,White,White,Male,30-39,"[9.7741717e-01 1.5107685e-04 7.0815850e-03 5.8727989e-07 2.8706877e-06
 6.5444899e-04 1.4692334e-02]",[9.9423099e-01 8.6903357e-04 4.7735248e-05 4.8522623e-03],[9.9997276e-01 2.7262709e-05],"[1.1878434e-07 1.4516495e-06 8.4058433e-05 9.6119978e-02 7.6659793e-01
 1.3509424e-01 2.0943501e-03 7.7190180e-06 1.2951089e-07]"
D:\Uni\Ulm\Master\Hiwi-Forschung-und-Lehre\FairFace\detected_faces\604168_face0.jpg,Black,Black,Male,20-29,"[1.3677732e-06 9.9990308e-01 2.4692052e-05 1.0650171e-08 7.7285705e-07
 6.8612710e-05 1.4806583e-06]",[3.5970852e-06 9.9997133e-01 1.2421996e-06 2.3784567e-05],[1.000000e+00 5.053098e-08],"[6.9574280e-09 4.0111186e-06 1.7111182e-02 8.9689654e-01 8.4913455e-02
 1.0717886e-03 2.9373341e-06 2.6607847e-08 7.2381651e-10]"
D:\Uni\Ulm\Master\Hiwi-Forschung-und-Lehre\FairFace\detected_faces\604232_face0.jpg,Latino_Hispanic,White,Male,20-29,"[2.0500691e-01 9.5800562e-03 7.2052473e-01 3.6712518e-05 2.6767305e-04
 2.9125600e-03 6.1671440e-02]",[0.8062687  0.1752314  0.00181485 0.01668512],[9.9999946e-01 4.9401859e-07],"[9.8326920e-09 1.0640043e-06 3.1308192e-03 8.0412382e-01 1.8967795e-01
 3.0539369e-03 1.2402283e-05 5.6912707e-08 5.8019600e-10]"
D:\Uni\Ulm\Master\Hiwi-Forschung-und-Lehre\FairFace\detected_faces\604258_face0.jpg,White,White,Male,20-29,"[9.7968298e-01 2.8326153e-04 1.0774129e-02 2.5314299e-04 4.1898573e-04
 1.5864687e-05 8.5716713e-03]",[9.9379337e-01 5.7484084e-03 3.9616355e-04 6.2003950e-05],[9.999993e-01 7.052574e-07],"[8.1997960e-08 2.1442374e-05 2.1500545e-02 8.2602125e-01 1.4885017e-01
 3.5697229e-03 3.6373694e-05 4.1626629e-07 6.2939267e-09]"
D:\Uni\Ulm\Master\Hiwi-Forschung-und-Lehre\FairFace\detected_faces\604274_face0.jpg,Latino_Hispanic,Black,Male,20-29,"[2.2592455e-02 6.6613488e-02 8.4313095e-01 2.5519449e-04 2.8958921e-03
 1.3293903e-02 5.1218089e-02]",[0.10853764 0.7620166  0.01011193 0.1193338 ],[9.9999839e-01 1.5657124e-06],"[1.1500231e-07 1.9816241e-06 1.8241147e-03 6.3987446e-01 3.4822428e-01
 1.0000962e-02 7.3350471e-05 7.2946955e-07 1.1288121e-08]"
D:\Uni\Ulm\Master\Hiwi-Forschung-und-Lehre\FairFace\detected_faces\604884_face0.jpg,White,White,Male,30-39,"[5.6478065e-01 8.2599488e-04 1.5857635e-01 6.7342640e-05 1.7236038e-04
 3.6906821e-03 2.7188656e-01]",[9.9533576e-01 9.1691560e-04 4.3353665e-04 3.3137521e-03],[9.9996716e-01 3.2858272e-05],"[3.72792044e-07 3.47651803e-06 1.14716844e-04 4.98535670e-02
 7.59881914e-01 1.88816234e-01 1.32233370e-03 7.33593151e-06
 4.73880561e-08]"
D:\Uni\Ulm\Master\Hiwi-Forschung-und-Lehre\FairFace\detected_faces\604898_face0.jpg,White,White,Male,20-29,"[9.9071050e-01 8.5368883e-05 1.4887170e-03 7.3406222e-06 1.9238987e-05
 2.0864129e-05 7.6679140e-03]",[9.9480605e-01 3.0442942e-03 6.6213403e-04 1.4874890e-03],[9.9999994e-01 8.8307246e-08],"[1.2608816e-06 1.6381034e-04 1.9478725e-02 7.8720552e-01 1.8632738e-01
 6.7671137e-03 5.4900236e-05 1.2830470e-06 4.0932864e-08]"
D:\Uni\Ulm\Master\Hiwi-Forschung-und-Lehre\FairFace\detected_faces\604954_face0.jpg,Middle Eastern,White,Male,30-39,"[2.3741123e-01 4.1767266e-03 1.7524944e-01 1.5855274e-05 6.3923093e-05
 1.7090529e-02 5.6599224e-01]",[9.6933377e-01 2.2259194e-02 4.3198179e-05 8.3638346e-03],[9.999194e-01 8.052926e-05],"[2.1388123e-06 2.3253382e-05 8.9407415e-04 2.8419772e-01 6.8135530e-01
 3.3254609e-02 2.6954288e-04 3.3289530e-06 5.2543847e-08]"
D:\Uni\Ulm\Master\Hiwi-Forschung-und-Lehre\FairFace\detected_faces\605338_face0.jpg,Black,Black,Male,20-29,"[1.5892277e-07 9.9999189e-01 1.0438587e-06 1.9080695e-09 6.4377552e-08
 6.8226004e-06 4.0707363e-08]",[3.1818283e-07 9.9999559e-01 1.5410876e-07 3.9646029e-06],[9.9996704e-01 3.2995951e-05],"[7.3874524e-09 5.3197737e-06 1.5796078e-02 8.5311466e-01 1.2901148e-01
 2.0647615e-03 7.5931498e-06 6.8289260e-08 3.4982823e-09]"
D:\Uni\Ulm\Master\Hiwi-Forschung-und-Lehre\FairFace\detected_faces\605374_face0.jpg,White,White,Male,30-39,"[0.46167907 0.00643047 0.41402152 0.00082523 0.00373952 0.00361421
 0.10968995]",[0.7781642  0.20401181 0.00958283 0.00824116],[9.9998891e-01 1.1076584e-05],"[3.7611802e-08 1.0186977e-06 2.5530579e-04 3.0342713e-01 6.7880213e-01
 1.7478529e-02 3.5622586e-05 2.5459238e-07 2.8101177e-09]"
D:\Uni\Ulm\Master\Hiwi-Forschung-und-Lehre\FairFace\detected_faces\605426_face0.jpg,Middle Eastern,Indian,Male,20-29,"[0.0250092  0.00247074 0.33084407 0.00683849 0.03109745 0.1204023
 0.48333776]",[0.04961988 0.0373521  0.0261324  0.88689566],[0.99772435 0.0022757 ],"[1.9723939e-06 1.6709346e-03 2.2707343e-01 7.2837210e-01 4.1325573e-02
 1.5422448e-03 1.3130764e-05 6.0877431e-07 1.6009663e-08]"
D:\Uni\Ulm\Master\Hiwi-Forschung-und-Lehre\FairFace\detected_faces\605510_face0.jpg,Middle Eastern,White,Male,20-29,"[2.5394738e-02 1.5693145e-04 1.9791909e-02 9.6579206e-06 5.0484279e-05
 3.4575907e-03 9.5113868e-01]",[7.6329124e-01 4.3996014e-02 7.5498410e-04 1.9195780e-01],[9.9995351e-01 4.6496607e-05],"[1.6087303e-06 7.6913573e-05 2.7142707e-03 5.3252006e-01 4.5604292e-01
 8.6202212e-03 2.3784907e-05 2.8943688e-07 7.5204989e-09]"
D:\Uni\Ulm\Master\Hiwi-Forschung-und-Lehre\FairFace\detected_faces\605512_face0.jpg,Middle Eastern,White,Male,20-29,"[8.1928276e-02 4.2444223e-04 1.5521476e-02 4.3833235e-05 1.2130786e-04
 1.5246724e-03 9.0043604e-01]",[9.9817359e-01 6.0473813e-04 2.9285133e-04 9.2891091e-04],[9.9995375e-01 4.6198093e-05],"[2.28185636e-05 4.42228327e-03 1.50010914e-01 6.44895315e-01
 1.87074021e-01 1.32599035e-02 3.03281064e-04 1.10133033e-05
 3.88310980e-07]"
D:\Uni\Ulm\Master\Hiwi-Forschung-und-Lehre\FairFace\detected_faces\605552_face0.jpg,White,White,Male,20-29,"[9.1796255e-01 4.1447909e-04 2.7641820e-02 1.0046557e-05 7.7134144e-05
 5.4065073e-05 5.3839907e-02]",[9.7861928e-01 2.1015311e-02 1.4698718e-04 2.1841124e-04],[9.999924e-01 7.679969e-06],"[1.0767884e-07 2.7475302e-04 1.4711416e-01 8.0557185e-01 4.6649907e-02
 3.8823331e-04 9.6234771e-07 1.3728240e-08 3.8731970e-10]"
D:\Uni\Ulm\Master\Hiwi-Forschung-und-Lehre\FairFace\detected_faces\605580_face0.jpg,Middle Eastern,White,Male,30-39,"[1.2766363e-01 5.9851822e-03 1.1871020e-01 1.7429835e-05 9.8670767e-05
 1.5132588e-02 7.3239231e-01]",[0.6575623  0.19661996 0.00266964 0.1431481 ],[9.9993855e-01 6.1474988e-05],"[7.02914008e-07 6.71907765e-06 2.43943461e-04 9.79950204e-02
 7.84667253e-01 1.15921296e-01 1.15502044e-03 9.88516786e-06
 2.10575365e-07]"
D:\Uni\Ulm\Master\Hiwi-Forschung-und-Lehre\FairFace\detected_faces\605650_face0.jpg,White,White,Male,20-29,"[9.5136166e-01 1.2071772e-05 6.7178989e-03 2.9634186e-06 3.7285104e-06
 1.4383362e-04 4.1757904e-02]",[9.9948287e-01 4.9146180e-05 1.1763702e-05 4.5625833e-04],[9.9999946e-01 4.8479933e-07],"[7.7414171e-08 8.5259035e-06 1.9124148e-02 8.8338476e-01 9.6206814e-02
 1.2691808e-03 6.3487118e-06 7.7242042e-08 9.1181473e-10]"
D:\Uni\Ulm\Master\Hiwi-Forschung-und-Lehre\FairFace\detected_faces\605672_face0.jpg,White,White,Male,30-39,"[8.9270008e-01 7.7231307e-05 1.0997043e-02 2.6929414e-05 4.5630346e-05
 2.3247418e-05 9.6129701e-02]",[9.9797833e-01 1.4811341e-03 3.6646114e-04 1.7407264e-04],[1.000000e+00 6.799113e-09],"[1.1387452e-06 3.2457661e-05 4.7495589e-03 3.5826799e-01 6.0100752e-01
 3.5722382e-02 2.1716970e-04 1.7092783e-06 8.1509208e-09]"
D:\Uni\Ulm\Master\Hiwi-Forschung-und-Lehre\FairFace\detected_faces\605674_face0.jpg,White,White,Male,20-29,"[6.3081467e-01 7.1269465e-06 1.5940432e-02 5.7020250e-05 7.7541568e-05
 1.6781807e-04 3.5293537e-01]",[9.9932218e-01 1.5115947e-04 2.6801863e-04 2.5869813e-04],[9.9999976e-01 2.0492378e-07],"[4.63503028e-07 3.46085551e-04 1.13806844e-01 8.23341429e-01
 6.15636930e-02 9.38759884e-04 2.69012048e-06 2.87867934e-08
 4.16284757e-10]"
D:\Uni\Ulm\Master\Hiwi-Forschung-und-Lehre\FairFace\detected_faces\606164_face0.jpg,White,White,Male,20-29,"[8.8116825e-01 7.2060071e-04 1.2552209e-02 8.1929911e-06 2.2531445e-05
 3.5035849e-04 1.0517785e-01]",[9.880463e-01 4.670908e-03 2.259189e-04 7.056959e-03],[9.9999964e-01 3.3673879e-07],"[8.2552901e-08 4.5774545e-06 2.4081743e-03 6.9411922e-01 2.9316577e-01
 1.0170567e-02 1.2962756e-04 2.0013958e-06 2.5329756e-08]"
D:\Uni\Ulm\Master\Hiwi-Forschung-und-Lehre\FairFace\detected_faces\606222_face0.jpg,White,White,Male,20-29,"[9.9777478e-01 7.6513004e-07 6.4738508e-04 2.0090758e-05 2.6226184e-05
 1.3238367e-06 1.5294517e-03]",[9.9840063e-01 1.2270659e-04 1.4244302e-03 5.2165764e-05],[1.0000000e+00 1.3525894e-08],"[6.97298006e-08 1.04475575e-05 1.69599894e-02 8.73750687e-01
 1.08097419e-01 1.17681222e-03 4.57450369e-06 4.57267824e-08
 5.04089381e-10]"
D:\Uni\Ulm\Master\Hiwi-Forschung-und-Lehre\FairFace\detected_faces\606346_face0.jpg,Black,Black,Male,20-29,"[9.5259713e-07 9.9987990e-01 6.4895212e-05 2.5826344e-07 5.1996735e-06
 2.9238878e-05 1.9477282e-05]",[3.0314604e-05 9.9978107e-01 7.6777920e-05 1.1187189e-04],[9.9998915e-01 1.0854053e-05],"[3.7615450e-06 5.4883386e-04 1.5144831e-02 4.7584179e-01 4.6314731e-01
 4.4656873e-02 6.3438562e-04 2.0986980e-05 1.2528305e-06]"
D:\Uni\Ulm\Master\Hiwi-Forschung-und-Lehre\FairFace\detected_faces\606920_face0.jpg,Latino_Hispanic,White,Male,30-39,"[2.1903658e-01 2.5556614e-03 4.1738790e-01 1.5197424e-04 4.0659399e-04
 2.5732076e-02 3.3472919e-01]",[0.9604006  0.005622   0.00157213 0.03240525],[9.9996346e-01 3.6569640e-05],"[1.2377875e-06 2.0473009e-05 7.1200641e-04 3.0253211e-01 6.6854024e-01
 2.8061736e-02 1.3064541e-04 1.5230886e-06 2.1680588e-08]"
D:\Uni\Ulm\Master\Hiwi-Forschung-und-Lehre\FairFace\detected_faces\606940_face0.jpg,White,White,Male,30-39,"[8.3498728e-01 2.4702921e-04 4.4279512e-02 7.8584371e-06 2.7937820e-05
 1.3902249e-03 1.1906029e-01]",[9.7488225e-01 8.2788654e-03 2.7203938e-04 1.6566809e-02],[9.9999946e-01 5.7217073e-07],"[2.8494776e-07 4.4265130e-06 8.4705395e-04 3.8379002e-01 5.7879150e-01
 3.6290340e-02 2.7435226e-04 1.9526537e-06 2.1281735e-08]"
D:\Uni\Ulm\Master\Hiwi-Forschung-und-Lehre\FairFace\detected_faces\608362_face0.jpg,White,White,Male,30-39,"[9.9942148e-01 8.5617376e-07 7.6494885e-05 2.4779765e-06 5.4293246e-06
 1.2887874e-06 4.9199973e-04]",[9.9974400e-01 1.2232953e-05 1.8906945e-04 5.4764943e-05],[9.9999845e-01 1.5225332e-06],"[3.9204772e-07 5.4602287e-06 5.8484118e-04 2.5222480e-01 7.0041370e-01
 4.6484806e-02 2.8327396e-04 2.6222410e-06 7.6765318e-08]"
D:\Uni\Ulm\Master\Hiwi-Forschung-und-Lehre\FairFace\detected_faces\608370_face0.jpg,White,White,Male,20-29,"[9.7316879e-01 5.4786076e-05 2.1447705e-02 1.2416263e-05 3.6177669e-05
 6.2944433e-05 5.2171680e-03]",[9.9985284e-01 9.6466920e-06 1.0664607e-04 3.0863586e-05],[9.999993e-01 6.528952e-07],"[2.8772246e-07 1.4087677e-05 3.2026307e-03 5.9288120e-01 3.9303082e-01
 1.0827866e-02 4.2732252e-05 4.0886314e-07 4.1904431e-09]"
D:\Uni\Ulm\Master\Hiwi-Forschung-und-Lehre\FairFace\detected_faces\609206_face0.jpg,Black,Black,Male,20-29,"[8.5947448e-08 9.9999374e-01 5.2493233e-06 1.3235832e-09 4.3869555e-08
 4.8776343e-07 3.8203771e-07]",[7.3618946e-07 9.9999768e-01 1.0881457e-06 4.5922036e-07],[1.0000000e+00 7.4135085e-09],"[9.6307588e-08 1.9150870e-05 3.5947666e-03 6.6356099e-01 3.2222527e-01
 1.0552032e-02 4.6869300e-05 8.4490705e-07 3.0071536e-08]"
D:\Uni\Ulm\Master\Hiwi-Forschung-und-Lehre\FairFace\detected_faces\609594_face0.jpg,White,White,Male,30-39,"[9.9993551e-01 4.0792281e-07 1.4395929e-05 5.9891669e-08 2.5676701e-07
 2.1759742e-07 4.9185048e-05]",[9.9999285e-01 3.5290859e-06 6.0959246e-07 3.1299735e-06],[9.9999744e-01 2.5995494e-06],"[4.4970096e-07 4.7180569e-05 5.9099565e-03 3.2935989e-01 4.9283329e-01
 1.6745962e-01 4.3196320e-03 6.7472589e-05 2.5200154e-06]"
D:\Uni\Ulm\Master\Hiwi-Forschung-und-Lehre\FairFace\detected_faces\609596_face0.jpg,Middle Eastern,Black,Male,20-29,"[4.4919620e-03 2.9107568e-01 2.1201992e-01 2.9829704e-05 9.1070781e-04
 3.2905933e-02 4.5856592e-01]",[0.00291097 0.91559994 0.01155086 0.0699382 ],[9.9996966e-01 3.0365862e-05],"[4.8846350e-06 1.4337401e-04 6.5557123e-03 5.3786254e-01 4.3882063e-01
 1.6439803e-02 1.6643538e-04 6.4197279e-06 1.7508897e-07]"
D:\Uni\Ulm\Master\Hiwi-Forschung-und-Lehre\FairFace\detected_faces\609642_face0.jpg,Middle Eastern,White,Male,10-19,"[4.3984380e-01 5.0039576e-05 2.9471414e-02 4.0341554e-05 7.2024559e-05
 3.2659134e-04 5.3019577e-01]",[9.9876219e-01 3.6874488e-05 1.0373605e-04 1.0971867e-03],[9.9968463e-01 3.1531756e-04],"[4.0507709e-07 2.1925271e-03 8.3261728e-01 1.6362268e-01 1.5430725e-03
 2.3926792e-05 1.0281877e-07 5.7937712e-09 1.9615633e-10]"
D:\Uni\Ulm\Master\Hiwi-Forschung-und-Lehre\FairFace\detected_faces\609706_face0.jpg,Black,Black,Male,30-39,"[1.0942741e-07 9.9999148e-01 3.4549103e-06 1.4561216e-09 2.7494158e-08
 4.4259355e-06 4.9573129e-07]",[8.8642810e-07 9.9986058e-01 9.1436777e-06 1.2940457e-04],[9.9999976e-01 2.4340605e-07],"[2.0041185e-07 3.4729248e-06 2.3574987e-04 6.2519960e-02 5.3785026e-01
 3.8434169e-01 1.4732282e-02 3.0845637e-04 7.8861076e-06]"
D:\Uni\Ulm\Master\Hiwi-Forschung-und-Lehre\FairFace\detected_faces\609752_face0.jpg,Middle Eastern,White,Male,30-39,"[1.5830387e-01 1.7187922e-03 1.9046062e-01 1.3219773e-04 1.4252882e-03
 6.9548846e-03 6.4100432e-01]",[0.7867717  0.04564076 0.08218681 0.08540068],[9.9999696e-01 3.0280646e-06],"[5.2427129e-07 1.9918605e-06 4.6327064e-04 1.5310523e-01 6.6200680e-01
 1.7671010e-01 7.5372779e-03 1.7242662e-04 2.3589230e-06]"
D:\Uni\Ulm\Master\Hiwi-Forschung-und-Lehre\FairFace\detected_faces\610766_face0.jpg,Black,Black,Male,30-39,"[9.7676411e-06 9.9985152e-01 1.2927233e-04 7.2082734e-08 8.2192855e-07
 3.4941390e-06 5.0433346e-06]",[9.6891688e-07 9.9999285e-01 3.9339639e-06 2.2068268e-06],[9.999190e-01 8.107431e-05],"[1.5740007e-06 3.5304951e-05 1.7911462e-03 3.0772069e-01 6.2001646e-01
 6.9808401e-02 6.1896152e-04 7.1408203e-06 3.3873698e-07]"
D:\Uni\Ulm\Master\Hiwi-Forschung-und-Lehre\FairFace\detected_faces\611210_face0.jpg,White,White,Male,20-29,"[4.5733821e-01 9.4891229e-04 1.5970266e-01 2.4680719e-05 9.2495968e-05
 4.5968266e-04 3.8143334e-01]",[9.9687427e-01 2.3612960e-03 1.3362480e-04 6.3082535e-04],[9.9999940e-01 6.1379745e-07],"[1.9376444e-06 5.6936082e-05 8.3986269e-03 4.9382967e-01 4.6138197e-01
 3.5907842e-02 4.1935738e-04 3.6434365e-06 2.6303196e-08]"
D:\Uni\Ulm\Master\Hiwi-Forschung-und-Lehre\FairFace\detected_faces\611764_face0.jpg,Black,Black,Male,20-29,"[1.2940463e-02 6.6108650e-01 2.4806945e-01 4.2245621e-05 7.8039919e-04
 1.7148001e-02 5.9932936e-02]",[6.3215703e-04 9.9566197e-01 2.6650165e-04 3.4393442e-03],[9.9999964e-01 3.4690149e-07],"[1.1545403e-07 2.5570518e-05 2.2379445e-02 8.5941732e-01 1.1530783e-01
 2.8460254e-03 2.3284299e-05 4.4877956e-07 6.1663883e-09]"
D:\Uni\Ulm\Master\Hiwi-Forschung-und-Lehre\FairFace\detected_faces\611798_face0.jpg,Southeast Asian,Asian,Male,20-29,"[0.02912735 0.01308056 0.15786992 0.2621011  0.52259284 0.00228615
 0.01294207]",[0.07601608 0.06657781 0.8314766  0.02592944],[9.999992e-01 7.501510e-07],"[3.4784815e-08 2.9412249e-05 2.1761091e-01 7.7139091e-01 1.0908987e-02
 5.9386708e-05 3.2900618e-07 2.9668730e-08 4.1320752e-10]"
D:\Uni\Ulm\Master\Hiwi-Forschung-und-Lehre\FairFace\detected_faces\611880_face0.jpg,Black,Black,Male,20-29,"[6.4523934e-05 9.9571544e-01 3.2422675e-03 1.7114641e-06 5.7409034e-05
 8.2240894e-04 9.6378804e-05]",[6.943264e-05 9.905288e-01 2.147345e-04 9.186990e-03],[9.9999946e-01 5.2491083e-07],"[2.9405635e-07 6.2962986e-06 5.8518588e-03 5.8812541e-01 3.3057839e-01
 6.9911659e-02 5.4323832e-03 9.1788046e-05 2.0365726e-06]"
D:\Uni\Ulm\Master\Hiwi-Forschung-und-Lehre\FairFace\detected_faces\753122_face0.jpg,White,White,Male,30-39,"[9.9477249e-01 5.2887917e-05 3.0697221e-03 2.4297565e-06 2.1338143e-05
 2.6858585e-05 2.0542077e-03]",[9.9519163e-01 4.0813107e-03 3.0258796e-04 4.2457963e-04],[9.9999982e-01 1.3500839e-07],"[2.2799989e-07 3.0000347e-06 1.3961890e-04 1.2551276e-01 8.2413536e-01
 4.9894165e-02 3.1134300e-04 3.3804042e-06 8.1342165e-08]"
D:\Uni\Ulm\Master\Hiwi-Forschung-und-Lehre\FairFace\detected_faces\754698_face0.jpg,Middle Eastern,White,Male,20-29,"[5.6256063e-02 3.2473898e-03 1.6835980e-01 2.9723378e-04 1.2160443e-03
 1.7051012e-03 7.6891834e-01]",[0.7707075  0.13554162 0.03883991 0.05491104],[1.0000000e+00 3.8620158e-08],"[8.0530889e-08 6.8186341e-06 2.1245682e-03 6.6757029e-01 3.2534835e-01
 4.9346294e-03 1.5056715e-05 1.7617383e-07 1.6116402e-09]"
D:\Uni\Ulm\Master\Hiwi-Forschung-und-Lehre\FairFace\detected_faces\754710_face0.jpg,Black,Black,Male,20-29,"[4.8156954e-07 9.9328947e-01 2.6031792e-05 2.7261402e-08 8.6429884e-07
 6.6655241e-03 1.7615688e-05]",[4.9217747e-06 9.9347490e-01 4.6167247e-06 6.5155341e-03],[0.9979776  0.00202236],"[9.11060051e-05 1.31204687e-02 1.36455998e-01 4.14300472e-01
 3.55463892e-01 7.58348554e-02 4.46970155e-03 2.53000908e-04
 1.05003355e-05]"
D:\Uni\Ulm\Master\Hiwi-Forschung-und-Lehre\FairFace\detected_faces\754794_face0.jpg,Middle Eastern,White,Male,20-29,"[3.2316527e-01 1.4619336e-02 3.2768199e-01 2.0080789e-04 9.6818863e-04
 3.1366786e-03 3.3022770e-01]",[8.8916200e-01 1.0735544e-01 3.9009875e-04 3.0924573e-03],[9.9999988e-01 1.0632659e-07],"[8.7009576e-06 4.2384033e-04 3.9229717e-02 7.4149388e-01 2.1268137e-01
 6.0385517e-03 1.2051183e-04 3.2810804e-06 4.4416606e-08]"
D:\Uni\Ulm\Master\Hiwi-Forschung-und-Lehre\FairFace\detected_faces\756344_face0.jpg,White,White,Male,20-29,"[6.1637181e-01 7.9718325e-04 6.6210970e-02 1.4271989e-05 6.7231311e-05
 2.2430765e-03 3.1429553e-01]",[9.8360121e-01 6.5766647e-04 1.3599436e-04 1.5605149e-02],[9.9998927e-01 1.0705827e-05],"[1.1287960e-07 6.8936706e-06 8.5040908e-03 7.6614541e-01 2.1975790e-01
 5.5247415e-03 6.0158640e-05 6.9419099e-07 1.5598010e-08]"
D:\Uni\Ulm\Master\Hiwi-Forschung-und-Lehre\FairFace\detected_faces\756520_face0.jpg,Middle Eastern,White,Male,30-39,"[1.0811354e-02 9.0922105e-05 6.3072639e-03 2.6290395e-06 9.9673889e-06
 2.6626773e-03 9.8011518e-01]",[9.6572834e-01 2.6528544e-03 4.8245821e-04 3.1136349e-02],[9.99988854e-01 1.12013395e-05],"[7.2466297e-05 9.0924033e-04 3.9500413e-03 2.9930899e-01 6.0011256e-01
 9.4391041e-02 1.2323551e-03 2.2838214e-05 4.8165282e-07]"
D:\Uni\Ulm\Master\Hiwi-Forschung-und-Lehre\FairFace\detected_faces\758136_face0.jpg,Latino_Hispanic,Black,Male,20-29,"[1.2246346e-01 1.5458003e-01 6.1675310e-01 5.7411384e-05 3.8798488e-04
 8.9874687e-03 9.6770555e-02]",[0.24997735 0.7218901  0.00116891 0.02696373],[9.9999839e-01 1.6178965e-06],"[1.0095810e-05 6.6456624e-04 1.7730139e-02 7.3331040e-01 2.4203752e-01
 6.2131886e-03 3.3543965e-05 5.0511767e-07 9.6258290e-09]"
D:\Uni\Ulm\Master\Hiwi-Forschung-und-Lehre\FairFace\detected_faces\758168_face0.jpg,Black,Black,Male,30-39,"[7.3305830e-07 9.9981248e-01 3.8882594e-05 3.8178811e-08 1.6293098e-06
 1.3623862e-04 1.0013499e-05]",[6.6920688e-06 9.9986953e-01 2.2425027e-05 1.0134831e-04],[9.9999577e-01 4.2461938e-06],"[1.0086761e-08 4.2508037e-07 6.3948880e-04 3.9714292e-01 5.8124501e-01
 2.0796075e-02 1.7342676e-04 2.6204498e-06 7.3477317e-08]"
D:\Uni\Ulm\Master\Hiwi-Forschung-und-Lehre\FairFace\detected_faces\758438_face0.jpg,White,White,Male,20-29,"[9.9966115e-01 6.0513685e-07 3.6959904e-05 7.6616629e-08 2.0345955e-07
 6.9843344e-07 3.0024408e-04]",[9.9996644e-01 2.7413173e-05 2.8957816e-06 3.2397609e-06],[9.9999970e-01 3.2120815e-07],"[7.6335098e-08 3.3061187e-06 7.6301937e-04 6.3838434e-01 3.5424662e-01
 6.5690200e-03 3.3321045e-05 2.8050948e-07 9.5200239e-09]"
D:\Uni\Ulm\Master\Hiwi-Forschung-und-Lehre\FairFace\detected_faces\758446_face0.jpg,Black,Black,Male,30-39,"[5.5910918e-06 9.9935228e-01 2.2333971e-04 8.2955211e-07 2.3355327e-05
 3.8886350e-04 5.7211946e-06]",[6.3000616e-06 9.9988246e-01 3.0556635e-05 8.0773854e-05],[0.9958975  0.00410256],"[4.5272591e-06 2.4093490e-05 3.5363901e-03 2.9010555e-01 5.8237553e-01
 1.1671311e-01 6.7794402e-03 4.3888119e-04 2.2510168e-05]"
D:\Uni\Ulm\Master\Hiwi-Forschung-und-Lehre\FairFace\detected_faces\758608_face0.jpg,White,White,Male,20-29,"[5.5097556e-01 3.9241867e-04 4.1123933e-01 5.8320697e-05 2.2629004e-04
 7.0460411e-03 3.0062065e-02]",[0.89090323 0.0026171  0.01303245 0.09344721],[0.9949867  0.00501326],"[2.26299662e-07 7.52591905e-06 5.89256454e-03 6.25388324e-01
 3.59883398e-01 8.78346339e-03 4.38027018e-05 7.41293775e-07
 1.33902995e-08]"
D:\Uni\Ulm\Master\Hiwi-Forschung-und-Lehre\FairFace\detected_faces\758664_face0.jpg,Latino_Hispanic,Black,Male,20-29,"[6.9731418e-03 3.8664296e-01 5.8751374e-01 3.6297573e-05 9.8867470e-04
 6.4699990e-03 1.1375181e-02]",[0.0301486  0.8419514  0.00840396 0.119496  ],[9.9999994e-01 8.0402174e-08],"[2.8696856e-08 3.7560617e-06 1.9472180e-02 9.0736347e-01 7.2009213e-02
 1.1449001e-03 6.2760173e-06 1.2557184e-07 1.4514696e-09]"
D:\Uni\Ulm\Master\Hiwi-Forschung-und-Lehre\FairFace\detected_faces\758666_face0.jpg,White,White,Male,20-29,"[8.63788664e-01 7.44534282e-06 4.16110875e-03 1.04432016e-04
 9.62989216e-05 7.29694366e-05 1.31769016e-01]",[9.9984825e-01 6.8998725e-06 6.4203210e-05 8.0647987e-05],[9.999933e-01 6.672317e-06],"[1.8196613e-07 3.6206264e-05 2.9453980e-02 9.1515088e-01 5.5101283e-02
 2.5708231e-04 3.4961275e-07 3.8035251e-09 9.4426598e-11]"
D:\Uni\Ulm\Master\Hiwi-Forschung-und-Lehre\FairFace\detected_faces\758876_face0.jpg,Middle Eastern,White,Male,20-29,"[5.9157580e-02 1.3726604e-03 2.7625716e-01 2.0035116e-04 7.2006002e-04
 9.7597875e-03 6.5253234e-01]",[0.80853945 0.02103242 0.03322994 0.13719812],[9.9999964e-01 3.2490345e-07],"[2.1069414e-05 4.4442934e-04 1.3369827e-02 5.9342670e-01 3.6790749e-01
 2.4615757e-02 2.1102454e-04 3.6707984e-06 3.3561140e-08]"
D:\Uni\Ulm\Master\Hiwi-Forschung-und-Lehre\FairFace\detected_faces\759284_face0.jpg,White,White,Male,30-39,"[9.9845707e-01 1.4114396e-04 7.1693998e-04 5.2025712e-06 2.4462224e-05
 9.2065884e-06 6.4583606e-04]",[9.9449670e-01 5.3133229e-03 1.1555862e-04 7.4334843e-05],[1.000000e+00 9.463698e-09],"[1.04977789e-06 1.48591635e-05 8.41372239e-04 2.54759043e-01
 6.76143289e-01 6.68130517e-02 1.40117120e-03 2.55404575e-05
 6.25546761e-07]"
D:\Uni\Ulm\Master\Hiwi-Forschung-und-Lehre\FairFace\detected_faces\759520_face0.jpg,Black,Black,Male,30-39,"[1.3419740e-06 9.9991149e-01 6.0166203e-05 4.9186148e-08 1.7779658e-06
 2.3532777e-05 1.5663966e-06]",[2.7802873e-06 9.9998087e-01 5.1941324e-06 1.1166126e-05],[9.9999994e-01 4.3877918e-08],"[1.4267117e-08 3.9861209e-07 5.1685725e-04 3.9925191e-01 5.5630344e-01
 4.3559875e-02 3.6530563e-04 2.1845590e-06 4.7654535e-08]"
D:\Uni\Ulm\Master\Hiwi-Forschung-und-Lehre\FairFace\detected_faces\759650_face0.jpg,Latino_Hispanic,Indian,Male,30-39,"[8.3819292e-02 3.5540198e-04 7.5970149e-01 1.6066406e-03 8.6357472e-03
 8.7123729e-02 5.8757693e-02]",[0.4786014  0.0009134  0.00784016 0.51264507],[9.999097e-01 9.036084e-05],"[7.4756645e-06 1.6600000e-04 1.0340760e-02 3.6626670e-01 5.6777239e-01
 5.4861490e-02 5.7948160e-04 5.6352319e-06 7.0454675e-08]"
D:\Uni\Ulm\Master\Hiwi-Forschung-und-Lehre\FairFace\detected_faces\760692_face0.jpg,Middle Eastern,White,Male,20-29,"[3.8850600e-01 7.3516334e-05 9.3813678e-03 5.7918996e-06 2.4734089e-05
 5.0707499e-04 6.0150158e-01]",[9.8788208e-01 4.5844307e-04 5.6951780e-05 1.1602512e-02],[9.9999952e-01 4.5363095e-07],"[4.0007038e-08 1.7710066e-05 7.1756835e-03 8.5131407e-01 1.4051908e-01
 9.7221811e-04 1.1951754e-06 9.6548547e-09 1.4775048e-10]"
D:\Uni\Ulm\Master\Hiwi-Forschung-und-Lehre\FairFace\detected_faces\761248_face0.jpg,Middle Eastern,White,Male,20-29,"[3.3448732e-01 6.8825705e-07 2.5841622e-03 3.4568653e-05 4.6760484e-05
 1.8856774e-05 6.6282767e-01]",[9.9816918e-01 4.9913491e-05 4.3116196e-04 1.3497159e-03],[0.9937956  0.00620446],"[8.5191709e-07 7.0647313e-04 4.7345123e-01 5.0462776e-01 2.0769704e-02
 4.4257578e-04 1.3192587e-06 2.9749295e-08 7.2923978e-10]"
D:\Uni\Ulm\Master\Hiwi-Forschung-und-Lehre\FairFace\detected_faces\761382_face0.jpg,Black,Black,Male,20-29,"[7.0229896e-07 9.9957812e-01 6.4144777e-05 7.3262822e-07 3.3106349e-05
 3.1989909e-04 3.3359336e-06]",[1.5225907e-06 9.9977952e-01 3.2583655e-05 1.8634398e-04],[9.9979895e-01 2.0107093e-04],"[3.09152774e-08 9.05360139e-05 1.38761550e-01 8.33906651e-01
 2.70230249e-02 2.17441280e-04 6.62127320e-07 1.02106545e-08
 6.81208756e-10]"
D:\Uni\Ulm\Master\Hiwi-Forschung-und-Lehre\FairFace\detected_faces\761426_face0.jpg,Latino_Hispanic,White,Male,20-29,"[0.24511223 0.0141959  0.37346184 0.00037464 0.00100363 0.01153116
 0.35432062]",[0.94939023 0.01487311 0.01466621 0.02107032],[9.9998432e-01 1.5744748e-05],"[3.7637933e-06 2.2765610e-04 5.0701904e-03 5.8102161e-01 4.0053207e-01
 1.3084016e-02 5.9252012e-05 1.3676746e-06 3.2442227e-08]"
D:\Uni\Ulm\Master\Hiwi-Forschung-und-Lehre\FairFace\detected_faces\769333_face0.jpg,Black,Black,Male,20-29,"[2.3444962e-05 9.9490005e-01 3.6275880e-03 8.4185431e-06 4.6605291e-04
 8.6825207e-04 1.0619114e-04]",[1.2286078e-05 9.9932337e-01 1.4292447e-04 5.2143115e-04],[9.9998927e-01 1.0740833e-05],"[1.5370750e-05 3.0403903e-03 2.6309583e-01 6.5185732e-01 7.7366374e-02
 4.5385049e-03 8.2442995e-05 3.6537745e-06 1.7333379e-07]"
D:\Uni\Ulm\Master\Hiwi-Forschung-und-Lehre\FairFace\detected_faces\769775_face0.jpg,White,White,Male,20-29,"[9.6824974e-01 1.0072074e-04 3.3904172e-03 5.0661752e-06 2.1029644e-05
 4.5630636e-06 2.8228415e-02]",[9.7626096e-01 2.2952337e-02 7.3821982e-04 4.8505102e-05],[9.999970e-01 3.014015e-06],"[6.2288017e-08 3.5054643e-05 9.7538397e-02 8.1016511e-01 8.8166699e-02
 4.0053027e-03 8.6063163e-05 3.2746318e-06 6.5549649e-08]"
D:\Uni\Ulm\Master\Hiwi-Forschung-und-Lehre\FairFace\detected_faces\769783_face0.jpg,Middle Eastern,White,Male,20-29,"[8.0181435e-02 2.9176411e-03 1.6610514e-01 6.4199106e-05 3.0909176e-04
 9.6137207e-03 7.4080878e-01]",[0.6570568  0.21862596 0.00835484 0.11596234],[9.9998498e-01 1.5032855e-05],"[5.25528003e-06 1.84042717e-03 1.23478018e-01 6.07130766e-01
 2.54081547e-01 1.32489065e-02 2.10775615e-04 4.23834172e-06
 4.74931667e-08]"
D:\Uni\Ulm\Master\Hiwi-Forschung-und-Lehre\FairFace\detected_faces\770083_face0.jpg,Latino_Hispanic,White,Male,30-39,"[4.6414904e-02 8.6840698e-03 9.0370578e-01 1.6461398e-05 1.7527505e-04
 1.9630695e-02 2.1372657e-02]",[0.9132765  0.03084575 0.00512137 0.05075641],[9.9999970e-01 2.8075516e-07],"[4.5741734e-07 3.6789045e-06 4.1166664e-04 1.2428385e-01 7.0646429e-01
 1.6636781e-01 2.4546576e-03 1.3541079e-05 6.5901368e-08]"
D:\Uni\Ulm\Master\Hiwi-Forschung-und-Lehre\FairFace\detected_faces\770235_face0.jpg,White,White,Male,20-29,"[9.92877245e-01 8.00143025e-05 6.06960268e-04 2.30126443e-06
 1.49775633e-05 1.07365995e-05 6.40775030e-03]",[9.97254431e-01 2.37636617e-03 2.65020091e-04 1.04190534e-04],[9.9999893e-01 1.1057641e-06],"[3.8907814e-08 6.1683875e-04 3.9126202e-01 5.9990108e-01 8.1979344e-03
 2.2011154e-05 4.5625082e-08 1.1826552e-09 4.8957415e-11]"
D:\Uni\Ulm\Master\Hiwi-Forschung-und-Lehre\FairFace\detected_faces\770677_face0.jpg,Black,Black,Male,20-29,"[2.4976507e-06 9.9997842e-01 1.7975675e-05 4.5295150e-09 8.2492377e-08
 6.2730732e-07 4.0169613e-07]",[1.7883254e-06 9.9999732e-01 5.2131338e-07 2.7619922e-07],[9.999999e-01 8.570663e-08],"[2.2119676e-07 3.5006757e-05 1.2882839e-02 7.3037839e-01 2.3833710e-01
 1.8114304e-02 2.4763026e-04 4.2507422e-06 2.3065975e-07]"
D:\Uni\Ulm\Master\Hiwi-Forschung-und-Lehre\FairFace\detected_faces\770737_face0.jpg,Middle Eastern,White,Male,20-29,"[2.68891871e-01 6.84525061e-04 1.01048976e-01 7.55536457e-05
 2.04544413e-04 2.48169340e-03 6.26612842e-01]",[0.8529994  0.05150801 0.00649152 0.08900112],[9.9998987e-01 1.0122840e-05],"[1.2861524e-07 2.9610803e-05 2.5831159e-02 9.0792781e-01 6.5524317e-02
 6.8426621e-04 2.6390976e-06 5.7731210e-08 1.0684542e-09]"
D:\Uni\Ulm\Master\Hiwi-Forschung-und-Lehre\FairFace\detected_faces\772421_face0.jpg,Middle Eastern,White,Male,20-29,"[1.6316701e-01 6.3164340e-04 2.4560511e-02 2.3463368e-05 7.0039823e-05
 2.5221464e-04 8.1129515e-01]",[9.6185613e-01 1.4999620e-02 7.7023375e-04 2.2373971e-02],[9.9999958e-01 4.1980388e-07],"[5.28330816e-07 3.91068570e-05 2.35954300e-02 8.50186408e-01
 1.23266116e-01 2.87539116e-03 3.56687160e-05 1.35643438e-06
 1.73259274e-08]"
D:\Uni\Ulm\Master\Hiwi-Forschung-und-Lehre\FairFace\detected_faces\772685_face0.jpg,White,White,Male,20-29,"[8.54526818e-01 1.15869509e-04 1.18548736e-01 3.79148452e-03
 3.12633463e-03 1.32394096e-04 1.97583344e-02]",[9.9808568e-01 1.7415680e-04 1.6602298e-03 7.9910940e-05],[9.9999523e-01 4.7413296e-06],"[6.0613411e-07 8.6125096e-05 8.1590429e-02 7.8463209e-01 1.3066719e-01
 3.0039793e-03 1.9312385e-05 2.0536518e-07 2.0616304e-09]"
D:\Uni\Ulm\Master\Hiwi-Forschung-und-Lehre\FairFace\detected_faces\773409_face0.jpg,Latino_Hispanic,White,Male,30-39,"[7.2521046e-02 2.6829638e-02 8.0040717e-01 7.7725970e-04 4.2009479e-03
 5.6702532e-03 8.9593649e-02]",[0.6936634  0.24066077 0.0350232  0.03065262],[9.9999940e-01 5.7476103e-07],"[1.4187856e-06 1.7123837e-05 1.4233725e-03 3.4540686e-01 5.8697766e-01
 6.4453878e-02 1.6747821e-03 4.4355664e-05 5.4048184e-07]"
D:\Uni\Ulm\Master\Hiwi-Forschung-und-Lehre\FairFace\detected_faces\773591_face0.jpg,White,White,Male,30-39,"[9.9999613e-01 1.7483694e-08 1.2830451e-06 1.5317008e-07 4.0067184e-07
 5.3754896e-08 2.0187954e-06]",[9.9998099e-01 1.9728973e-06 1.5598625e-05 1.4582174e-06],[9.999993e-01 6.921126e-07],"[2.1138399e-06 2.9571578e-05 5.1929741e-03 3.5664639e-01 5.0926489e-01
 1.1530223e-01 1.3352001e-02 2.0660438e-04 3.2393189e-06]"
D:\Uni\Ulm\Master\Hiwi-Forschung-und-Lehre\FairFace\detected_faces\773651_face0.jpg,Middle Eastern,White,Male,20-29,"[1.18556455e-01 7.62282871e-03 2.42363989e-01 2.26108696e-05
 1.87661048e-04 2.32746378e-02 6.07971847e-01]",[0.6515561  0.04590599 0.00179634 0.3007416 ],[9.9999756e-01 2.4472829e-06],"[4.8695625e-07 9.8625387e-06 1.7257611e-03 5.0982505e-01 4.7253132e-01
 1.5829859e-02 7.6647964e-05 1.0299203e-06 1.5744945e-08]"
D:\Uni\Ulm\Master\Hiwi-Forschung-und-Lehre\FairFace\detected_faces\775063_face0.jpg,White,White,Male,30-39,"[9.6799117e-01 4.1697978e-05 7.6422468e-04 3.5355100e-07 1.3565377e-06
 6.7279275e-06 3.1194376e-02]",[9.9986857e-01 8.9222449e-05 4.5319143e-06 3.7644397e-05],[9.9998486e-01 1.5126533e-05],"[1.6894442e-07 2.0672884e-05 2.4791807e-03 4.3010911e-01 5.4437989e-01
 2.2869693e-02 1.3960605e-04 1.6784045e-06 3.1188073e-08]"
D:\Uni\Ulm\Master\Hiwi-Forschung-und-Lehre\FairFace\detected_faces\777067_face0.jpg,Middle Eastern,White,Male,20-29,"[2.9146624e-01 2.0500140e-04 1.4869654e-01 8.5775442e-05 2.2349473e-04
 5.8576926e-03 5.5346531e-01]",[0.9077994  0.00102584 0.00356746 0.08760724],[9.9999964e-01 2.8534402e-07],"[1.5803349e-07 4.3679329e-06 1.8626521e-03 6.5482521e-01 3.3532149e-01
 7.9616327e-03 2.4296618e-05 1.6858183e-07 1.7133576e-09]"
D:\Uni\Ulm\Master\Hiwi-Forschung-und-Lehre\FairFace\detected_faces\777093_face0.jpg,Middle Eastern,Black,Male,20-29,"[3.9573549e-03 1.1628873e-02 1.0357592e-01 8.8286506e-05 9.4756705e-04
 8.7302245e-02 7.9249972e-01]",[0.0102611  0.49658966 0.01760978 0.47553948],[9.9994934e-01 5.0628711e-05],"[1.6745050e-06 1.5032502e-04 1.4042168e-02 7.9726386e-01 1.8426454e-01
 4.2586001e-03 1.8333070e-05 4.9434539e-07 1.3674080e-08]"
D:\Uni\Ulm\Master\Hiwi-Forschung-und-Lehre\FairFace\detected_faces\780014_face0.jpg,Black,Black,Male,20-29,"[1.1211798e-06 9.9998170e-01 1.0771113e-05 1.6501300e-09 4.8831538e-08
 5.6318581e-06 5.8460620e-07]",[3.6910302e-07 9.9999726e-01 3.4021201e-07 2.0035141e-06],[9.9999964e-01 3.8135101e-07],"[8.52819824e-08 1.74409961e-05 1.06058456e-02 6.71638191e-01
 2.88578689e-01 2.85182502e-02 6.30236347e-04 1.09561015e-05
 2.82988168e-07]"
D:\Uni\Ulm\Master\Hiwi-Forschung-und-Lehre\FairFace\detected_faces\780206_face0.jpg,Latino_Hispanic,Black,Male,20-29,"[2.1590108e-02 5.4444756e-02 8.8623434e-01 2.1704689e-04 4.0938621e-03
 1.3110891e-02 2.0309072e-02]",[0.10012314 0.547936   0.03264209 0.3192987 ],[9.9999976e-01 2.2927541e-07],"[1.4194121e-06 4.2307158e-05 1.2914313e-02 7.6460093e-01 2.1481593e-01
 7.5418539e-03 8.0935279e-05 2.2341417e-06 3.7230986e-08]"
D:\Uni\Ulm\Master\Hiwi-Forschung-und-Lehre\FairFace\detected_faces\781544_face0.jpg,Latino_Hispanic,Black,Male,20-29,"[8.1822174e-03 2.9878926e-01 4.8605111e-01 1.0489660e-04 3.7439214e-03
 1.9926995e-01 3.8587186e-03]",[0.00343516 0.9752017  0.00168259 0.01968056],[1.0000000e+00 2.0989328e-08],"[2.5765752e-08 2.5344521e-06 1.8480538e-03 7.5719666e-01 2.3790343e-01
 3.0382671e-03 1.0881026e-05 9.6589282e-08 1.2564239e-09]"
D:\Uni\Ulm\Master\Hiwi-Forschung-und-Lehre\FairFace\detected_faces\782296_face0.jpg,Middle Eastern,White,Male,30-39,"[9.3231395e-02 1.0547587e-03 1.2740602e-01 6.7704336e-06 4.9504975e-05
 3.1473886e-02 7.4677765e-01]",[8.3878648e-01 1.3976229e-02 7.4956915e-05 1.4716235e-01],[9.9999523e-01 4.8105207e-06],"[9.6224305e-08 3.7144875e-06 2.1166727e-04 2.2759999e-01 7.5303197e-01
 1.9126864e-02 2.5532312e-05 1.1441226e-07 1.3285364e-09]"
D:\Uni\Ulm\Master\Hiwi-Forschung-und-Lehre\FairFace\detected_faces\782332_face0.jpg,Middle Eastern,White,Male,20-29,"[1.34357857e-02 9.56456934e-04 9.02585834e-02 2.64681785e-05
 1.58856856e-04 1.18248975e-02 8.83338928e-01]",[0.79748774 0.04741501 0.00492184 0.15017535],[9.9997926e-01 2.0770785e-05],"[5.6184035e-06 6.3233578e-04 1.4696266e-02 7.6855916e-01 2.0996238e-01
 6.1249090e-03 1.8661012e-05 6.1443802e-07 1.1331517e-08]"
D:\Uni\Ulm\Master\Hiwi-Forschung-und-Lehre\FairFace\detected_faces\782396_face0.jpg,White,White,Male,20-29,"[7.81883001e-01 1.00959878e-05 2.54571922e-02 1.87855203e-05
 6.10666830e-05 1.12634276e-04 1.92457244e-01]",[0.99123013 0.00208707 0.00186656 0.00481624],[9.9999958e-01 4.1896675e-07],"[2.4406848e-09 1.9157410e-06 5.0458517e-03 8.6862510e-01 1.2548250e-01
 8.4387150e-04 8.3159830e-07 5.9595044e-09 4.9947189e-11]"
D:\Uni\Ulm\Master\Hiwi-Forschung-und-Lehre\FairFace\detected_faces\782636_face0.jpg,White,White,Male,30-39,"[6.9196439e-01 3.2087072e-04 3.0476173e-02 3.2943888e-03 2.3597397e-03
 9.8737690e-04 2.7059707e-01]",[9.8726869e-01 7.9233985e-04 8.2392246e-03 3.6998014e-03],[1.0000000e+00 2.3883693e-08],"[7.6551660e-06 2.1335853e-05 8.3405618e-04 2.0821336e-01 6.5979755e-01
 1.2550981e-01 5.3643524e-03 2.4879884e-04 3.0510548e-06]"
D:\Uni\Ulm\Master\Hiwi-Forschung-und-Lehre\FairFace\detected_faces\783120_face0.jpg,White,White,Male,30-39,"[8.9459300e-01 3.7376990e-04 5.2844092e-02 9.0702408e-04 1.0569965e-03
 5.5187789e-04 4.9673259e-02]",[0.963026   0.0032903  0.03212564 0.00155802],[9.9999970e-01 3.1266725e-07],"[2.6154478e-06 4.6991943e-05 2.0363384e-03 4.7620511e-01 4.9936599e-01
 2.2106091e-02 2.3073438e-04 6.0554094e-06 7.7765080e-08]"
D:\Uni\Ulm\Master\Hiwi-Forschung-und-Lehre\FairFace\detected_faces\783126_face0.jpg,Middle Eastern,White,Male,20-29,"[2.4334605e-01 4.5378078e-04 7.3224917e-02 1.1855649e-05 5.1811629e-05
 9.8507211e-04 6.8192649e-01]",[9.9806362e-01 4.8734812e-04 3.9203468e-04 1.0569845e-03],[9.999943e-01 5.654446e-06],"[1.3551721e-07 6.0662569e-06 1.2790912e-03 5.7559520e-01 4.1754696e-01
 5.5647460e-03 7.7505292e-06 6.1933818e-08 8.4570378e-10]"
D:\Uni\Ulm\Master\Hiwi-Forschung-und-Lehre\FairFace\detected_faces\783326_face0.jpg,White,White,Male,30-39,"[9.9566829e-01 2.9956968e-06 1.3853819e-03 1.5838721e-06 1.1847592e-05
 5.7984249e-05 2.8718361e-03]",[9.9985880e-01 1.1222557e-05 4.4401422e-06 1.2553846e-04],[9.9998975e-01 1.0285364e-05],"[1.9106452e-07 3.8197090e-06 1.3623762e-04 5.8437750e-02 7.9220837e-01
 1.4852363e-01 6.8825460e-04 1.7720643e-06 3.0570785e-08]"
D:\Uni\Ulm\Master\Hiwi-Forschung-und-Lehre\FairFace\detected_faces\783374_face0.jpg,Black,Black,Male,30-39,"[1.0277409e-05 9.9989504e-01 5.7356494e-05 2.3361522e-09 4.5057526e-08
 5.7772968e-06 3.1502954e-05]",[3.0809963e-06 9.9999464e-01 5.6954701e-07 1.7022938e-06],[9.9999928e-01 7.1454957e-07],"[2.8919285e-07 4.4784148e-05 3.2024393e-03 4.4752866e-01 5.2059764e-01
 2.8351430e-02 2.7106522e-04 3.6681815e-06 8.7628557e-08]"
D:\Uni\Ulm\Master\Hiwi-Forschung-und-Lehre\FairFace\detected_faces\783478_face0.jpg,Black,Black,Male,20-29,"[2.1460030e-06 9.9996859e-01 5.2574278e-06 2.2354065e-07 1.1214638e-06
 2.2388775e-05 3.0415040e-07]",[1.2895800e-05 9.9938679e-01 3.7914247e-04 2.2116245e-04],[0.99829906 0.00170092],"[1.4694054e-08 5.9971044e-06 6.4067640e-03 6.6184527e-01 3.1514251e-01
 1.6200975e-02 3.9634047e-04 2.0594789e-06 5.8914271e-08]"
D:\Uni\Ulm\Master\Hiwi-Forschung-und-Lehre\FairFace\detected_faces\783716_face0.jpg,White,White,Male,20-29,"[4.2180538e-01 5.9613650e-04 1.7683864e-01 2.1035159e-05 9.8887125e-05
 2.1701401e-02 3.7893847e-01]",[0.8707054  0.0099092  0.00099797 0.11838741],[9.9999976e-01 2.2565465e-07],"[6.2005506e-07 7.4132004e-05 5.3050164e-02 7.5860447e-01 1.8406895e-01
 4.1845720e-03 1.6666925e-05 4.4608745e-07 3.3100080e-09]"
D:\Uni\Ulm\Master\Hiwi-Forschung-und-Lehre\FairFace\detected_faces\784501_face0.jpg,White,White,Male,20-29,"[9.9086380e-01 5.9757207e-07 6.5694377e-04 1.3486613e-06 2.8060067e-06
 5.3685071e-06 8.4690871e-03]",[9.9973655e-01 4.9311559e-05 3.4100249e-05 1.8001642e-04],[9.9999982e-01 1.4275246e-07],"[1.8734470e-09 2.2128413e-07 3.0143268e-04 6.2489420e-01 3.7120783e-01
 3.5935338e-03 2.7177757e-06 1.1464111e-08 1.4706894e-10]"
D:\Uni\Ulm\Master\Hiwi-Forschung-und-Lehre\FairFace\detected_faces\784503_face0.jpg,White,Black,Male,30-39,"[9.7480720e-01 5.2795693e-04 1.9280130e-02 3.3243869e-06 2.1786127e-05
 7.5828761e-04 4.6013189e-03]",[4.6609697e-01 5.1410627e-01 2.4071102e-04 1.9556107e-02],[9.9999136e-01 8.6078071e-06],"[9.0646317e-08 1.8671030e-06 8.6806202e-04 1.2765591e-01 5.8751434e-01
 2.6807857e-01 1.5789539e-02 9.0569200e-05 1.0982615e-06]"
D:\Uni\Ulm\Master\Hiwi-Forschung-und-Lehre\FairFace\detected_faces\784625_face0.jpg,White,White,Male,30-39,"[9.41004157e-01 5.34098782e-03 1.01956995e-02 1.10137908e-05
 5.36118059e-05 3.54963675e-04 4.30396460e-02]",[0.944839   0.04523741 0.00133231 0.00859126],[9.9999166e-01 8.3863115e-06],"[7.4900282e-07 9.9464942e-06 5.4490624e-04 1.9064191e-01 7.3550534e-01
 7.1871780e-02 1.3985243e-03 2.6312253e-05 6.3940178e-07]"
D:\Uni\Ulm\Master\Hiwi-Forschung-und-Lehre\FairFace\detected_faces\784655_face0.jpg,White,White,Male,30-39,"[7.72574425e-01 5.56657976e-03 1.18023157e-01 1.54887243e-06
 1.14488375e-05 1.95019916e-02 8.43208879e-02]",[9.5179826e-01 1.1077432e-02 6.6411390e-05 3.7057895e-02],[9.9999791e-01 2.1355756e-06],"[5.2735766e-07 5.2895057e-06 6.7313889e-04 2.3303127e-01 7.0215356e-01
 6.3262686e-02 8.6690538e-04 6.5330660e-06 9.8223857e-08]"
D:\Uni\Ulm\Master\Hiwi-Forschung-und-Lehre\FairFace\detected_faces\784675_face0.jpg,Black,Black,Male,20-29,"[1.1069774e-05 9.9671978e-01 3.4399264e-04 1.9541546e-06 1.1645118e-04
 2.7547472e-03 5.2115411e-05]",[2.5243311e-05 9.9872631e-01 6.2051207e-05 1.1865611e-03],[9.9997765e-01 2.2391268e-05],"[1.3467117e-07 3.2747610e-04 1.1302950e-01 8.0250895e-01 8.2869291e-02
 1.2541987e-03 1.0266805e-05 1.2366066e-07 4.6699675e-09]"
D:\Uni\Ulm\Master\Hiwi-Forschung-und-Lehre\FairFace\detected_faces\785444_face0.jpg,White,White,Male,30-39,"[9.4625747e-01 6.8907243e-06 1.9705389e-03 3.3068438e-05 4.2954609e-05
 7.6302247e-05 5.1612750e-02]",[9.9874651e-01 8.8901879e-06 3.9783944e-04 8.4678992e-04],[9.9999815e-01 1.8921039e-06],"[1.8212879e-05 3.9761147e-04 7.0997756e-03 3.7606457e-01 5.4321605e-01
 7.1984708e-02 1.2041371e-03 1.4553215e-05 3.2663232e-07]"
D:\Uni\Ulm\Master\Hiwi-Forschung-und-Lehre\FairFace\detected_faces\785447_face0.jpg,White,White,Male,20-29,"[9.9798918e-01 4.0002655e-05 3.2063387e-04 7.0952740e-07 2.3270329e-06
 2.3521998e-06 1.6448017e-03]",[9.9967992e-01 2.8728868e-04 2.4918276e-05 7.8219600e-06],[9.9942613e-01 5.7392294e-04],"[4.3848271e-08 3.4025896e-05 7.0451990e-02 8.5426724e-01 7.3578365e-02
 1.6320440e-03 3.5584297e-05 7.4244610e-07 2.9180312e-08]"
D:\Uni\Ulm\Master\Hiwi-Forschung-und-Lehre\FairFace\detected_faces\785468_face0.jpg,White,White,Male,20-29,"[9.9707747e-01 1.3375862e-06 7.8474439e-04 8.0440384e-07 2.9921782e-06
 2.0095435e-05 2.1126228e-03]",[9.9826545e-01 1.7003284e-04 5.2670459e-04 1.0378389e-03],[1.000000e+00 7.808551e-10],"[8.2187324e-09 1.4429005e-06 4.6468512e-03 7.5855762e-01 2.2746547e-01
 9.2706988e-03 5.7645779e-05 3.2917521e-07 1.9449935e-09]"
D:\Uni\Ulm\Master\Hiwi-Forschung-und-Lehre\FairFace\detected_faces\785799_face0.jpg,Latino_Hispanic,Black,Male,20-29,"[0.2476744  0.0178235  0.44562203 0.00221871 0.00695433 0.0204803
 0.25922677]",[0.3602085  0.369139   0.01795853 0.252694  ],[9.9979192e-01 2.0806552e-04],"[2.5477918e-06 9.0505646e-06 3.3421619e-03 4.8139018e-01 4.1609597e-01
 8.6677812e-02 1.1563046e-02 8.9983590e-04 1.9424546e-05]"
D:\Uni\Ulm\Master\Hiwi-Forschung-und-Lehre\FairFace\detected_faces\785989_face0.jpg,Latino_Hispanic,Indian,Male,30-39,"[1.3491137e-01 6.1042127e-03 5.0685841e-01 3.1009389e-05 2.4892183e-04
 2.8318438e-01 6.8661690e-02]",[0.26243183 0.1897946  0.0009825  0.546791  ],[9.9999964e-01 3.7405775e-07],"[6.0267148e-08 1.8807370e-06 1.7129206e-04 2.0492895e-01 7.3691344e-01
 5.7763498e-02 2.1943980e-04 1.5323451e-06 9.9733182e-09]"
D:\Uni\Ulm\Master\Hiwi-Forschung-und-Lehre\FairFace\detected_faces\786011_face0.jpg,White,White,Male,20-29,"[9.9808782e-01 1.6211226e-05 2.3747962e-04 9.0150650e-05 7.3352683e-05
 2.2309046e-06 1.4928286e-03]",[9.9497384e-01 2.4216035e-03 2.4597521e-03 1.4487069e-04],[9.999957e-01 4.254214e-06],"[1.1877179e-08 5.3284549e-07 2.0027366e-03 7.4351066e-01 2.4889658e-01
 5.5410522e-03 4.7989175e-05 4.5912122e-07 1.1983835e-08]"
D:\Uni\Ulm\Master\Hiwi-Forschung-und-Lehre\FairFace\detected_faces\786022_face0.jpg,Black,Black,Male,30-39,"[3.6469087e-04 9.5785570e-01 1.3624438e-02 1.7777838e-06 7.6973120e-05
 8.2941568e-03 1.9782299e-02]",[2.2537446e-04 9.9769580e-01 3.8381197e-04 1.6949989e-03],[9.9999642e-01 3.5563357e-06],"[5.8436166e-07 6.6777075e-06 1.5405056e-03 3.0389169e-01 6.3480830e-01
 5.8552545e-02 1.1627107e-03 3.6292440e-05 6.6890078e-07]"
D:\Uni\Ulm\Master\Hiwi-Forschung-und-Lehre\FairFace\detected_faces\786028_face0.jpg,Latino_Hispanic,White,Male,30-39,"[2.6401314e-01 6.6575296e-02 6.4903349e-01 1.3283369e-04 7.5316941e-04
 2.1634474e-03 1.7328754e-02]",[0.87847877 0.11305346 0.006892   0.00157571],[1.0000000e+00 4.9128643e-09],"[1.1366550e-06 1.3909123e-05 1.1564839e-03 3.0858204e-01 5.8912867e-01
 9.7093940e-02 3.9620022e-03 6.1417697e-05 3.9886231e-07]"
D:\Uni\Ulm\Master\Hiwi-Forschung-und-Lehre\FairFace\detected_faces\786061_face0.jpg,White,White,Male,20-29,"[7.67521501e-01 4.69284045e-04 1.94850117e-01 7.71498587e-03
 1.61865614e-02 4.59824398e-04 1.27978185e-02]",[9.7771603e-01 8.6564349e-04 2.0603366e-02 8.1500120e-04],[9.9999899e-01 1.0513206e-06],"[1.8755161e-08 3.7739323e-07 4.3331538e-03 6.2943971e-01 3.4642720e-01
 1.9390436e-02 4.0609096e-04 2.9891996e-06 2.2915753e-08]"
D:\Uni\Ulm\Master\Hiwi-Forschung-und-Lehre\FairFace\detected_faces\786122_face0.jpg,Middle Eastern,White,Male,20-29,"[5.9609402e-02 7.3411094e-05 2.0683033e-02 3.1459997e-05 8.3397397e-05
 5.4026698e-03 9.1411662e-01]",[9.4855160e-01 1.6565595e-04 5.5570086e-05 5.1227182e-02],[9.9998045e-01 1.9525784e-05],"[4.3481083e-05 2.3173809e-03 1.5126946e-02 5.9753180e-01 3.7297943e-01
 1.1960496e-02 3.9784067e-05 7.3973797e-07 1.8878561e-08]"
D:\Uni\Ulm\Master\Hiwi-Forschung-und-Lehre\FairFace\detected_faces\786175_face0.jpg,White,White,Male,20-29,"[9.9265558e-01 1.0803573e-06 3.5848753e-03 2.5814118e-06 1.6230113e-05
 3.0290021e-06 3.7366927e-03]",[9.9957144e-01 2.0635087e-04 1.9635854e-04 2.5798636e-05],[9.9999851e-01 1.4764224e-06],"[2.1412065e-08 3.5486396e-06 6.5529104e-03 5.1083171e-01 4.5264968e-01
 2.9751647e-02 2.0942508e-04 1.0803177e-06 6.7731287e-09]"
D:\Uni\Ulm\Master\Hiwi-Forschung-und-Lehre\FairFace\detected_faces\786186_face0.jpg,East Asian,Asian,Male,20-29,"[2.0107940e-05 1.5715736e-05 1.8282073e-04 7.2753549e-01 2.7217004e-01
 7.4515097e-05 1.3063267e-06]",[8.935490e-06 2.093840e-04 9.993926e-01 3.890461e-04],[9.9999726e-01 2.7373162e-06],"[1.07048685e-07 3.90661444e-05 6.97236881e-02 7.50155449e-01
 1.72204569e-01 7.68634770e-03 1.78139569e-04 1.25868492e-05
 1.66488832e-07]"
D:\Uni\Ulm\Master\Hiwi-Forschung-und-Lehre\FairFace\detected_faces\786187_face0.jpg,Black,Black,Male,20-29,"[2.0788564e-06 9.9984914e-01 3.1316704e-05 5.1499433e-07 2.0957279e-05
 8.9327295e-05 6.6479352e-06]",[8.4882384e-07 9.9997365e-01 8.0832615e-06 1.7410048e-05],[9.9999803e-01 1.9551076e-06],"[3.2344911e-07 5.6189507e-05 1.6370943e-02 7.0292580e-01 2.6846677e-01
 1.2076632e-02 1.0106036e-04 2.1058790e-06 8.8129298e-08]"
D:\Uni\Ulm\Master\Hiwi-Forschung-und-Lehre\FairFace\detected_faces\786259_face0.jpg,Latino_Hispanic,White,Male,30-39,"[2.0511265e-01 4.1421130e-02 6.7691261e-01 1.7753478e-04 4.0212169e-04
 2.0128696e-03 7.3961154e-02]",[0.7365012  0.2400825  0.00323755 0.02017868],[9.9986744e-01 1.3254101e-04],"[1.32407251e-06 2.70478486e-05 1.08895758e-02 3.59737694e-01
 5.11482716e-01 1.11386806e-01 6.28278125e-03 1.89671890e-04
 2.33606738e-06]"
D:\Uni\Ulm\Master\Hiwi-Forschung-und-Lehre\FairFace\detected_faces\786274_face0.jpg,White,White,Male,20-29,"[9.8823470e-01 1.2802264e-05 1.3368119e-03 1.4261749e-06 8.8605893e-06
 4.0818418e-06 1.0401299e-02]",[9.9964499e-01 1.4269075e-04 5.4700475e-05 1.5756405e-04],[9.9999994e-01 6.5464199e-08],"[4.1602256e-08 1.5766813e-05 6.9150627e-03 7.7757037e-01 2.1196122e-01
 3.5271824e-03 1.0258569e-05 8.3719378e-08 9.4940977e-10]"
D:\Uni\Ulm\Master\Hiwi-Forschung-und-Lehre\FairFace\detected_faces\786305_face0.jpg,Black,Black,Male,30-39,"[1.7408373e-06 9.9989682e-01 3.0131188e-05 2.3662640e-08 1.2202029e-06
 6.4975538e-05 5.0975368e-06]",[4.0926257e-06 9.9984235e-01 6.0451448e-06 1.4751847e-04],[9.9999982e-01 1.5999704e-07],"[1.0008528e-08 5.1323980e-07 7.0393021e-04 3.6192936e-01 5.8034056e-01
 5.6148913e-02 8.6873455e-04 7.6651013e-06 2.4603281e-07]"
D:\Uni\Ulm\Master\Hiwi-Forschung-und-Lehre\FairFace\detected_faces\786969_face0.jpg,White,White,Male,20-29,"[5.98588288e-01 1.04566854e-04 2.62330938e-02 1.78093615e-05
 3.09766147e-05 1.36115961e-03 3.73663962e-01]",[8.8492215e-01 8.6069002e-04 2.4407900e-04 1.1397306e-01],[9.999824e-01 1.758760e-05],"[3.1359971e-06 3.8081678e-05 2.9175372e-03 6.0380626e-01 3.7241125e-01
 2.0513447e-02 3.0188676e-04 8.2434844e-06 1.7387721e-07]"
D:\Uni\Ulm\Master\Hiwi-Forschung-und-Lehre\FairFace\detected_faces\787367_face0.jpg,White,White,Male,20-29,"[5.2094054e-01 1.4657564e-03 3.2296044e-01 2.4578041e-05 1.0600549e-04
 4.4862302e-03 1.5001643e-01]",[9.6720928e-01 7.9769436e-03 2.2968282e-04 2.4584029e-02],[9.9999446e-01 5.5564133e-06],"[2.3314826e-08 5.2399487e-06 5.0459411e-03 8.6323392e-01 1.3066764e-01
 1.0447738e-03 2.4095384e-06 3.5262872e-08 4.7584781e-10]"
D:\Uni\Ulm\Master\Hiwi-Forschung-und-Lehre\FairFace\detected_faces\787372_face0.jpg,White,White,Male,20-29,"[8.3128691e-01 2.0043672e-05 1.3094976e-02 6.2854117e-05 8.9427245e-05
 4.6090729e-05 1.5539972e-01]",[9.9867165e-01 2.2691183e-04 6.4004870e-04 4.6140712e-04],[9.999999e-01 7.308871e-08],"[4.8809319e-08 1.1550502e-04 2.6006693e-01 7.1530652e-01 2.4038495e-02
 4.7074156e-04 1.7215120e-06 2.0850804e-08 1.9526362e-10]"
D:\Uni\Ulm\Master\Hiwi-Forschung-und-Lehre\FairFace\detected_faces\787404_face0.jpg,Middle Eastern,White,Male,20-29,"[1.6981934e-01 1.1577097e-03 3.5972095e-01 2.9654603e-04 1.0511414e-03
 1.1783244e-02 4.5617113e-01]",[0.8952266  0.00123023 0.00918377 0.09435938],[9.9999785e-01 2.1108012e-06],"[5.1480606e-07 1.8063201e-05 8.0775227e-03 8.2525021e-01 1.6263488e-01
 3.9846632e-03 3.3062584e-05 1.0978927e-06 1.5180190e-08]"
D:\Uni\Ulm\Master\Hiwi-Forschung-und-Lehre\FairFace\detected_faces\787422_face0.jpg,White,White,Male,20-29,"[9.9623036e-01 7.8767124e-07 1.9705326e-03 7.2539377e-05 1.5668100e-04
 3.7936174e-05 1.5311782e-03]",[9.9975497e-01 1.4699622e-06 1.9097756e-04 5.2621661e-05],[9.9999988e-01 1.0582514e-07],"[3.41820197e-07 4.88073492e-05 3.36267613e-02 6.45061314e-01
 3.09403688e-01 1.18109025e-02 4.77393332e-05 4.00586401e-07
 3.60990304e-09]"
D:\Uni\Ulm\Master\Hiwi-Forschung-und-Lehre\FairFace\detected_faces\787448_face0.jpg,Black,Black,Male,40-49,"[2.1196154e-06 9.9985433e-01 7.4202612e-06 2.4599290e-08 3.5427553e-07
 1.3460714e-04 1.1950204e-06]",[7.3254737e-06 9.9980152e-01 2.7723576e-05 1.6351367e-04],[9.9999225e-01 7.7409622e-06],"[6.7678265e-08 3.9892174e-07 3.3520355e-05 1.5635340e-02 2.8501630e-01
 5.3835511e-01 1.5733671e-01 3.5338097e-03 8.8678964e-05]"
D:\Uni\Ulm\Master\Hiwi-Forschung-und-Lehre\FairFace\detected_faces\787498_face0.jpg,Black,Black,Male,20-29,"[1.1705313e-07 9.9999732e-01 2.0710361e-06 1.4483972e-09 2.4009081e-08
 3.7384342e-07 1.2736800e-07]",[2.1893391e-07 9.9999762e-01 3.4711474e-07 1.8000279e-06],[9.999892e-01 1.082925e-05],"[5.2055626e-08 4.9675568e-06 3.8895439e-03 5.7575142e-01 3.8394174e-01
 3.5741709e-02 6.5485679e-04 1.4981129e-05 7.2877589e-07]"
D:\Uni\Ulm\Master\Hiwi-Forschung-und-Lehre\FairFace\detected_faces\787505_face0.jpg,White,White,Male,20-29,"[9.7231865e-01 6.0322072e-06 7.4120322e-03 2.2057828e-04 1.9219406e-04
 1.5358395e-05 1.9835163e-02]",[9.9748105e-01 6.0326216e-05 2.3642911e-03 9.4327457e-05],[9.9999982e-01 1.3421183e-07],"[3.3604376e-08 1.0568759e-05 3.5956141e-02 8.8754922e-01 7.5346857e-02
 1.1334381e-03 3.6856468e-06 3.0543926e-08 2.7979380e-10]"
D:\Uni\Ulm\Master\Hiwi-Forschung-und-Lehre\FairFace\detected_faces\787540_face0.jpg,Latino_Hispanic,Indian,Male,30-39,"[0.09254151 0.02159376 0.52001154 0.00351271 0.00951623 0.17853652
 0.1742877 ]",[0.10519997 0.13004361 0.02341133 0.74134505],[9.9999934e-01 7.0256431e-07],"[1.5586076e-05 5.3590273e-05 4.2695258e-04 1.0719708e-01 7.3311967e-01
 1.5609819e-01 3.0470416e-03 4.1425417e-05 4.8756351e-07]"
D:\Uni\Ulm\Master\Hiwi-Forschung-und-Lehre\FairFace\detected_faces\787543_face0.jpg,White,White,Male,30-39,"[9.8742795e-01 3.1375319e-05 5.1598945e-03 8.1344428e-05 1.4386750e-04
 5.4248623e-05 7.1013109e-03]",[9.9807644e-01 4.7741836e-04 8.5708214e-04 5.8903120e-04],[9.9999946e-01 5.2833752e-07],"[3.4426935e-06 2.8914154e-05 4.0485365e-03 1.6105455e-01 6.8842429e-01
 1.4192967e-01 4.4538998e-03 5.6250781e-05 4.9077732e-07]"
D:\Uni\Ulm\Master\Hiwi-Forschung-und-Lehre\FairFace\detected_faces\787586_face0.jpg,White,White,Male,30-39,"[6.8320531e-01 4.8859062e-07 7.1568543e-04 2.1639701e-06 7.7326058e-06
 1.1215509e-04 3.1595641e-01]",[9.9827272e-01 4.2865395e-06 1.4442271e-05 1.7085400e-03],[9.9977618e-01 2.2382167e-04],"[2.6874298e-07 4.2639936e-06 1.1971956e-03 9.7640559e-02 5.0531334e-01
 3.8001412e-01 1.5696749e-02 1.3082888e-04 2.6889054e-06]"
D:\Uni\Ulm\Master\Hiwi-Forschung-und-Lehre\FairFace\detected_faces\787634_face0.jpg,White,White,Male,20-29,"[6.0262042e-01 1.4415337e-04 6.3453019e-02 1.2484763e-04 4.5637807e-04
 8.3407038e-04 3.3236718e-01]",[9.6608388e-01 7.0049269e-03 8.5241027e-04 2.6058871e-02],[9.9996853e-01 3.1500247e-05],"[6.1573807e-08 4.9700084e-06 3.7974291e-03 6.0214466e-01 3.8333493e-01
 1.0679411e-02 3.8221893e-05 3.6431297e-07 7.7821634e-09]"
D:\Uni\Ulm\Master\Hiwi-Forschung-und-Lehre\FairFace\detected_faces\787640_face0.jpg,Black,Black,Male,20-29,"[4.0536775e-04 9.8517179e-01 5.3490768e-03 1.4173474e-06 4.1410356e-05
 2.1280036e-03 6.9029881e-03]",[1.2590110e-03 9.8857945e-01 8.7678200e-04 9.2847971e-03],[9.9999994e-01 6.2979900e-08],"[2.9605488e-07 2.1017688e-05 3.7740918e-03 5.3709984e-01 4.3255776e-01
 2.6220873e-02 3.2032793e-04 5.6268727e-06 1.4855928e-07]"
D:\Uni\Ulm\Master\Hiwi-Forschung-und-Lehre\FairFace\detected_faces\787642_face0.jpg,White,White,Male,20-29,"[9.5827818e-01 1.3002662e-05 5.7797879e-03 2.9318314e-06 9.5619425e-06
 8.5349609e-05 3.5831247e-02]",[9.966800e-01 4.634466e-04 7.987312e-05 2.776547e-03],[9.9997854e-01 2.1462440e-05],"[1.9449544e-07 7.2856719e-06 2.2636841e-03 5.7511896e-01 4.1023007e-01
 1.2338332e-02 4.1113533e-05 3.0912469e-07 4.8475441e-09]"
D:\Uni\Ulm\Master\Hiwi-Forschung-und-Lehre\FairFace\detected_faces\787751_face0.jpg,White,White,Male,20-29,"[9.8490494e-01 3.5165533e-06 1.0361820e-02 2.0776966e-05 5.2437335e-05
 1.2621423e-04 4.5302729e-03]",[9.9701786e-01 8.9405937e-04 7.3705259e-04 1.3510691e-03],[9.9999988e-01 1.2524576e-07],"[9.9670263e-09 2.2355196e-05 1.8138137e-01 7.8276354e-01 3.5082884e-02
 7.4734044e-04 2.4114527e-06 3.1235167e-08 3.1345879e-10]"
D:\Uni\Ulm\Master\Hiwi-Forschung-und-Lehre\FairFace\detected_faces\787816_face0.jpg,White,White,Male,20-29,"[9.9839073e-01 6.8111808e-06 7.2249694e-04 1.4733515e-05 7.3058465e-05
 3.6017220e-06 7.8855717e-04]",[9.9846321e-01 2.5226970e-04 1.2360037e-03 4.8559043e-05],[1.0000000e+00 1.1620728e-08],"[4.7354780e-07 8.1446131e-05 4.5492398e-03 5.7946509e-01 4.0859023e-01
 7.2797337e-03 3.3499986e-05 2.8063525e-07 5.8072431e-09]"
D:\Uni\Ulm\Master\Hiwi-Forschung-und-Lehre\FairFace\detected_faces\787830_face0.jpg,Middle Eastern,White,Male,20-29,"[4.0731776e-01 6.5355357e-03 1.2985820e-01 1.9101321e-05 1.4425298e-04
 1.0632244e-03 4.5506188e-01]",[9.85700727e-01 1.28651159e-02 1.21566096e-04 1.31250767e-03],[9.9981499e-01 1.8501696e-04],"[3.9408684e-07 2.9624680e-05 9.0845628e-03 6.7144412e-01 3.1413370e-01
 5.2715535e-03 3.5164732e-05 8.6541939e-07 1.5856772e-08]"
D:\Uni\Ulm\Master\Hiwi-Forschung-und-Lehre\FairFace\detected_faces\787885_face0.jpg,Black,Black,Male,30-39,"[1.0247732e-06 9.9994558e-01 1.2141703e-05 1.4097160e-08 1.4530852e-07
 3.7913247e-05 3.2198348e-06]",[1.2719752e-06 9.9994195e-01 9.0550913e-07 5.5890181e-05],[9.9999464e-01 5.4171410e-06],"[5.1636821e-08 4.0506848e-07 1.4687394e-04 7.3846743e-02 5.2184963e-01
 3.6442605e-01 3.8222358e-02 1.4538993e-03 5.3996668e-05]"
D:\Uni\Ulm\Master\Hiwi-Forschung-und-Lehre\FairFace\detected_faces\787889_face0.jpg,White,White,Male,30-39,"[8.1479937e-01 6.6181587e-05 5.8636688e-02 4.2517269e-03 2.0470682e-03
 1.5801863e-03 1.1861887e-01]",[9.880964e-01 5.190385e-05 9.500286e-03 2.351447e-03],[9.9996680e-01 3.3232303e-05],"[2.9718214e-07 7.1578593e-06 3.4346335e-04 1.6464201e-01 7.9505956e-01
 3.9849553e-02 9.7213073e-05 7.6019717e-07 8.2963103e-09]"
D:\Uni\Ulm\Master\Hiwi-Forschung-und-Lehre\FairFace\detected_faces\787893_face0.jpg,White,White,Male,20-29,"[5.76841831e-01 1.12727529e-03 3.08954448e-01 2.68653792e-04
 9.47078574e-04 1.17915438e-03 1.10681534e-01]",[0.98934823 0.00493    0.00366287 0.00205881],[0.99888766 0.00111235],"[7.3473480e-08 9.4930037e-06 2.6095439e-02 6.1333573e-01 3.3697110e-01
 2.3198180e-02 3.8606938e-04 3.8644362e-06 5.8900270e-08]"
D:\Uni\Ulm\Master\Hiwi-Forschung-und-Lehre\FairFace\detected_faces\787909_face0.jpg,White,White,Male,20-29,"[9.8224729e-01 1.3568758e-06 2.4729746e-04 1.0790729e-06 4.5653314e-06
 4.7903236e-06 1.7493766e-02]",[9.99846697e-01 3.90414825e-05 1.21491448e-05 1.02112885e-04],[9.999331e-01 6.691238e-05],"[7.2412725e-08 2.7118196e-05 5.5200900e-03 8.3050495e-01 1.6284092e-01
 1.1052870e-03 1.5823100e-06 1.8005196e-08 7.5816275e-10]"
D:\Uni\Ulm\Master\Hiwi-Forschung-und-Lehre\FairFace\detected_faces\787931_face0.jpg,Latino_Hispanic,White,Male,20-29,"[3.6079636e-01 1.3107016e-03 6.1023188e-01 1.1423175e-04 7.6399813e-04
 1.3944713e-03 2.5388429e-02]",[0.96520674 0.00524717 0.01570732 0.01383868],[9.9999964e-01 4.0268205e-07],"[1.4411191e-06 7.0563648e-05 1.8433647e-02 6.1037105e-01 3.4889463e-01
 2.2008536e-02 2.1718259e-04 2.9673067e-06 2.3328580e-08]"
D:\Uni\Ulm\Master\Hiwi-Forschung-und-Lehre\FairFace\detected_faces\787941_face0.jpg,Black,Black,Male,30-39,"[6.6031716e-05 9.8732430e-01 2.3460924e-03 1.0982038e-06 2.6708556e-05
 9.8685091e-03 3.6736066e-04]",[7.5189314e-06 9.9914432e-01 4.8091730e-05 8.0004806e-04],[9.9999315e-01 6.8349791e-06],"[1.2560141e-06 1.5119678e-05 3.7756769e-04 8.3692595e-02 7.7259177e-01
 1.4218266e-01 1.1313118e-03 7.6863153e-06 1.0488053e-07]"
D:\Uni\Ulm\Master\Hiwi-Forschung-und-Lehre\FairFace\detected_faces\787959_face0.jpg,Middle Eastern,White,Male,30-39,"[1.68233141e-01 4.44957688e-02 1.74473584e-01 1.88493432e-05
 1.01932725e-04 4.68666814e-02 5.65810025e-01]",[0.5042992  0.0718615  0.0016985  0.42214075],[9.999086e-01 9.142457e-05],"[7.6134156e-06 1.7863660e-05 1.5198380e-04 2.4516735e-02 5.1594317e-01
 4.3000221e-01 2.8709367e-02 6.3914707e-04 1.1802447e-05]"
D:\Uni\Ulm\Master\Hiwi-Forschung-und-Lehre\FairFace\detected_faces\787962_face0.jpg,Middle Eastern,White,Male,10-19,"[2.0673130e-01 3.6669744e-04 7.6681256e-02 1.2157289e-04 6.6458451e-04
 2.1404112e-03 7.1329415e-01]",[9.8933381e-01 2.5590153e-03 7.8349939e-04 7.3235985e-03],[9.9997741e-01 2.2574286e-05],"[2.3894614e-07 1.0216562e-03 5.5114174e-01 4.4013044e-01 7.5644399e-03
 1.4034343e-04 1.0581297e-06 4.2837424e-08 1.3432047e-09]"
D:\Uni\Ulm\Master\Hiwi-Forschung-und-Lehre\FairFace\detected_faces\788027_face0.jpg,White,White,Male,20-29,"[3.8571328e-01 8.2279451e-04 2.3654000e-01 2.0079484e-04 3.9109463e-04
 9.0026492e-03 3.6732942e-01]",[9.8773521e-01 5.2857108e-04 1.0106469e-03 1.0725533e-02],[9.9983406e-01 1.6596782e-04],"[2.4629364e-06 6.0103142e-05 3.3654785e-03 5.9952074e-01 3.9109209e-01
 5.9447517e-03 1.4177626e-05 1.8309088e-07 3.1190552e-09]"
D:\Uni\Ulm\Master\Hiwi-Forschung-und-Lehre\FairFace\detected_faces\788028_face0.jpg,White,White,Male,20-29,"[7.8134722e-01 1.3794412e-03 1.0423533e-01 2.2414148e-04 8.9948199e-04
 2.2725232e-03 1.0964188e-01]",[0.9801696  0.00577201 0.00410272 0.00995566],[9.9999964e-01 3.2095215e-07],"[7.1566507e-07 3.9955692e-05 7.9487432e-03 8.5952377e-01 1.3111085e-01
 1.3682215e-03 7.5706962e-06 1.5599076e-07 2.4633571e-09]"
D:\Uni\Ulm\Master\Hiwi-Forschung-und-Lehre\FairFace\detected_faces\788042_face0.jpg,Middle Eastern,White,Male,20-29,"[6.9935650e-02 1.2515648e-02 2.1091758e-01 3.6356094e-05 2.2164168e-04
 3.9650174e-03 7.0240808e-01]",[0.79991597 0.18437015 0.00307201 0.01264196],[9.9997497e-01 2.5046560e-05],"[2.0087219e-07 1.6479013e-05 1.3589059e-02 8.8884062e-01 9.7070277e-02
 4.8228100e-04 1.0852966e-06 3.1721793e-08 5.4744359e-10]"
D:\Uni\Ulm\Master\Hiwi-Forschung-und-Lehre\FairFace\detected_faces\788061_face0.jpg,Black,Black,Male,40-49,"[9.6335170e-06 9.9988437e-01 8.1039288e-05 1.1421879e-07 3.1147397e-07
 2.1038662e-05 3.4569200e-06]",[1.5537905e-06 9.9998653e-01 5.2013675e-06 6.7409874e-06],[9.9955690e-01 4.4315116e-04],"[5.4507143e-07 2.7809367e-06 1.6832132e-04 3.4399044e-02 3.4526980e-01
 5.7888943e-01 4.0756177e-02 5.0329667e-04 1.0638001e-05]"
D:\Uni\Ulm\Master\Hiwi-Forschung-und-Lehre\FairFace\detected_faces\788097_face0.jpg,White,White,Male,20-29,"[4.7889730e-01 1.5647246e-03 5.1950652e-02 3.6243298e-06 2.6929238e-05
 2.1360020e-04 4.6734321e-01]",[0.5489228  0.4464716  0.00060303 0.00400245],[9.9999887e-01 1.1537597e-06],"[1.6978891e-08 4.6594501e-05 1.3791174e-01 8.2898527e-01 3.2473467e-02
 5.7915284e-04 3.6968199e-06 4.2183689e-08 6.7071015e-10]"
D:\Uni\Ulm\Master\Hiwi-Forschung-und-Lehre\FairFace\detected_faces\788099_face0.jpg,Middle Eastern,White,Male,20-29,"[8.8761866e-02 1.2994455e-03 4.1127838e-02 5.8407124e-05 1.7709241e-04
 6.5202904e-03 8.6205506e-01]",[0.8501533  0.08782844 0.00320266 0.0588157 ],[9.9999964e-01 3.4751073e-07],"[2.06756113e-07 7.61331394e-05 3.87648679e-02 8.48551095e-01
 1.11123085e-01 1.47841126e-03 6.10791676e-06 1.36746621e-07
 1.49394375e-09]"
D:\Uni\Ulm\Master\Hiwi-Forschung-und-Lehre\FairFace\detected_faces\788106_face0.jpg,White,White,Male,20-29,"[9.9659359e-01 5.9067492e-07 7.2136980e-05 4.4893793e-07 1.5699057e-06
 1.0595728e-06 3.3304980e-03]",[9.9968994e-01 2.2630942e-04 5.9156817e-05 2.4679348e-05],[9.9997741e-01 2.2605025e-05],"[1.7769678e-07 1.9819690e-04 1.0923525e-01 8.5834032e-01 3.1746097e-02
 4.7854017e-04 1.4169830e-06 1.4849009e-08 4.8658599e-10]"
D:\Uni\Ulm\Master\Hiwi-Forschung-und-Lehre\FairFace\detected_faces\788109_face0.jpg,White,White,Male,20-29,"[9.8428315e-01 3.4360171e-05 2.1560476e-03 3.5034614e-06 1.2771204e-05
 8.3192506e-05 1.3426971e-02]",[9.9952322e-01 2.9989879e-04 4.9446440e-05 1.2749076e-04],[9.9999982e-01 1.7301437e-07],"[1.02895889e-07 1.01010737e-05 4.16561775e-03 6.32320225e-01
 3.50435346e-01 1.29568772e-02 1.10919296e-04 7.62771208e-07
 1.49756811e-08]"
D:\Uni\Ulm\Master\Hiwi-Forschung-und-Lehre\FairFace\detected_faces\788130_face0.jpg,White,White,Male,20-29,"[9.8256385e-01 6.2752865e-06 1.4628241e-03 1.5834244e-06 5.9935060e-06
 9.2799573e-06 1.5950214e-02]",[9.9953091e-01 2.7031676e-04 3.8030576e-05 1.6067371e-04],[9.9999988e-01 1.1938556e-07],"[8.9210602e-08 2.5986936e-05 1.4014926e-02 7.6315528e-01 2.1702482e-01
 5.7516904e-03 2.7017990e-05 2.3631142e-07 3.6841779e-09]"
D:\Uni\Ulm\Master\Hiwi-Forschung-und-Lehre\FairFace\detected_faces\788134_face0.jpg,White,White,Male,20-29,"[9.9990594e-01 7.5483592e-07 4.5688947e-05 2.0653427e-07 9.9824001e-07
 2.6521614e-06 4.3824555e-05]",[9.9991375e-01 1.1836740e-05 1.8849585e-05 5.5584609e-05],[9.9995834e-01 4.1686810e-05],"[2.1858078e-08 2.9745829e-06 2.8938856e-03 7.3513180e-01 2.5376731e-01
 8.1057204e-03 9.7621705e-05 6.8767099e-07 3.3403190e-08]"
D:\Uni\Ulm\Master\Hiwi-Forschung-und-Lehre\FairFace\detected_faces\788135_face0.jpg,Middle Eastern,White,Male,20-29,"[4.8205338e-02 6.6790328e-04 2.1426812e-01 5.2968611e-05 3.0105378e-04
 3.0776507e-03 7.3342699e-01]",[0.8952901  0.02119077 0.00230665 0.08121253],[9.9999952e-01 4.5554174e-07],"[9.2462624e-09 8.2014403e-06 3.1301945e-02 9.3417901e-01 3.4290522e-02
 2.1978281e-04 5.5112690e-07 6.9628840e-09 7.4627637e-11]"
D:\Uni\Ulm\Master\Hiwi-Forschung-und-Lehre\FairFace\detected_faces\788141_face0.jpg,White,White,Male,20-29,"[9.9955791e-01 6.3391062e-06 1.4404191e-04 5.0910867e-06 1.3814743e-05
 2.1188191e-06 2.7077473e-04]",[9.9996060e-01 8.2002725e-06 3.0173227e-05 1.0604529e-06],[1.0000000e+00 2.6347163e-08],"[1.4348610e-06 2.0510779e-05 2.2603301e-03 5.7801545e-01 4.0842065e-01
 1.1124247e-02 1.5392264e-04 3.4029156e-06 8.3898115e-08]"
D:\Uni\Ulm\Master\Hiwi-Forschung-und-Lehre\FairFace\detected_faces\788145_face0.jpg,White,White,Male,20-29,"[8.4961230e-01 6.2060870e-05 6.0433671e-02 4.3228873e-05 1.4126481e-04
 4.0697758e-04 8.9300595e-02]",[0.9863696  0.0022609  0.00347219 0.00789722],[9.999993e-01 7.377178e-07],"[5.3356102e-09 4.6617248e-07 2.3651603e-03 8.3425969e-01 1.6186602e-01
 1.5050741e-03 3.4810841e-06 2.4814302e-08 3.1168423e-10]"
D:\Uni\Ulm\Master\Hiwi-Forschung-und-Lehre\FairFace\detected_faces\788151_face0.jpg,White,White,Male,20-29,"[7.9714239e-01 5.0123496e-04 7.2475687e-02 2.9790412e-05 1.4836127e-04
 6.3372159e-04 1.2906882e-01]",[0.93831515 0.0015027  0.00188268 0.05829949],[9.9999982e-01 1.9763893e-07],"[2.4379771e-08 8.8068264e-06 1.3381296e-02 9.3383902e-01 5.2512430e-02
 2.5791611e-04 4.6386037e-07 6.7321668e-09 1.0732486e-10]"
D:\Uni\Ulm\Master\Hiwi-Forschung-und-Lehre\FairFace\detected_faces\788170_face0.jpg,Black,Black,Male,30-39,"[5.8365295e-06 9.9996895e-01 1.7830222e-05 8.4989376e-09 6.9987607e-08
 6.6972425e-06 6.1986060e-07]",[7.4230661e-07 9.9999774e-01 5.4958508e-07 9.3723946e-07],[9.9998897e-01 1.1037842e-05],"[3.9785570e-07 4.4105968e-06 4.0169246e-04 9.5640287e-02 5.7636189e-01
 3.1067926e-01 1.6766611e-02 1.4146703e-04 3.9576130e-06]"
D:\Uni\Ulm\Master\Hiwi-Forschung-und-Lehre\FairFace\detected_faces\788185_face0.jpg,Middle Eastern,Indian,Male,20-29,"[1.9841187e-02 3.9740587e-03 2.6555568e-01 1.0614709e-05 1.0779528e-04
 1.4596626e-01 5.6454438e-01]",[1.0833367e-01 3.6064632e-02 7.9363678e-04 8.5480803e-01],[9.9999279e-01 7.2395546e-06],"[1.2720575e-06 7.5910095e-05 8.2245674e-03 6.1218679e-01 3.6460078e-01
 1.4841056e-02 6.8634305e-05 9.1022116e-07 1.0396262e-08]"
D:\Uni\Ulm\Master\Hiwi-Forschung-und-Lehre\FairFace\detected_faces\788197_face0.jpg,Middle Eastern,White,Male,30-39,"[2.9478019e-01 6.7366107e-04 1.8106677e-01 3.6215719e-05 1.3108685e-04
 2.3375988e-02 4.9993604e-01]",[0.6158199  0.00987013 0.00363207 0.37067786],[9.9999720e-01 2.7409221e-06],"[8.4577511e-07 2.9032311e-05 1.0358579e-03 3.6443603e-01 6.1459154e-01
 1.9876825e-02 2.9665585e-05 1.8991585e-07 1.5527734e-09]"
D:\Uni\Ulm\Master\Hiwi-Forschung-und-Lehre\FairFace\detected_faces\788216_face0.jpg,White,White,Male,20-29,"[9.6915317e-01 1.1880850e-04 2.4984924e-02 3.1679912e-04 7.5635174e-04
 1.0967952e-04 4.5602601e-03]",[9.9606276e-01 5.7307923e-05 3.7385295e-03 1.4135188e-04],[9.9999756e-01 2.4774588e-06],"[2.3078562e-06 5.1554147e-05 6.6534998e-03 7.4831593e-01 2.4141902e-01
 3.5375189e-03 1.9578090e-05 6.1004755e-07 9.7785993e-09]"
D:\Uni\Ulm\Master\Hiwi-Forschung-und-Lehre\FairFace\detected_faces\788238_face0.jpg,Middle Eastern,White,Male,20-29,"[4.5665581e-02 8.0486346e-04 1.8911740e-02 1.3395967e-06 1.3860213e-05
 9.1250520e-04 9.3369013e-01]",[0.7541082  0.10998701 0.00353192 0.13237295],[9.9999249e-01 7.5227586e-06],"[3.4511195e-06 2.3432155e-04 6.1910637e-03 5.1258433e-01 4.6194834e-01
 1.8938042e-02 9.8825090e-05 1.5720804e-06 2.7575979e-08]"
D:\Uni\Ulm\Master\Hiwi-Forschung-und-Lehre\FairFace\detected_faces\788255_face0.jpg,Black,Black,Male,30-39,"[4.2570701e-08 9.9999845e-01 6.1861999e-07 1.5081322e-10 4.6485895e-09
 7.7465290e-07 5.0207532e-08]",[3.1752037e-08 9.9999964e-01 4.4283176e-08 3.3689190e-07],[1.0000000e+00 1.4348165e-08],"[1.4588153e-08 1.9737563e-06 9.9895964e-04 3.6212090e-01 5.8909255e-01
 4.7572441e-02 2.1160692e-04 1.5391067e-06 3.3197686e-08]"
D:\Uni\Ulm\Master\Hiwi-Forschung-und-Lehre\FairFace\detected_faces\788259_face0.jpg,White,White,Male,20-29,"[9.8245156e-01 1.8088380e-05 3.1408374e-03 6.9028670e-06 3.2702152e-05
 7.6144250e-05 1.4273784e-02]",[9.9970371e-01 8.3322746e-05 1.3752327e-05 1.9928295e-04],[9.9999982e-01 1.6598351e-07],"[1.6894036e-08 2.4410508e-06 1.9952187e-03 6.6461360e-01 3.2780683e-01
 5.5622575e-03 1.9417759e-05 1.8864435e-07 3.2204694e-09]"
D:\Uni\Ulm\Master\Hiwi-Forschung-und-Lehre\FairFace\detected_faces\788260_face0.jpg,Black,Black,Male,30-39,"[1.9813970e-06 9.9991900e-01 2.4713894e-05 1.3154437e-07 7.0900333e-06
 4.3334527e-05 3.8048486e-06]",[5.4100383e-06 9.9986720e-01 8.3742285e-05 4.3618737e-05],[0.9934399  0.00656004],"[8.4585025e-08 4.3863143e-05 6.9923257e-03 3.6722553e-01 6.0268360e-01
 2.2903603e-02 1.4986443e-04 1.0451536e-06 6.7726312e-08]"
D:\Uni\Ulm\Master\Hiwi-Forschung-und-Lehre\FairFace\detected_faces\788265_face0.jpg,Black,Black,Male,20-29,"[1.2558502e-06 9.9994618e-01 9.7307475e-06 1.8394566e-08 2.6755933e-07
 3.9460017e-05 3.1451334e-06]",[5.6880958e-07 9.9997103e-01 5.3285521e-07 2.7877566e-05],[9.9995065e-01 4.9311351e-05],"[2.1999554e-06 4.0884917e-03 3.8969240e-01 5.5614811e-01 4.7957521e-02
 2.0804910e-03 2.9665673e-05 1.0850771e-06 6.7255748e-08]"
D:\Uni\Ulm\Master\Hiwi-Forschung-und-Lehre\FairFace\detected_faces\788281_face0.jpg,Middle Eastern,White,Male,20-29,"[6.3149482e-02 5.0611547e-03 3.8261551e-01 1.6855237e-04 9.3104126e-04
 2.5304824e-02 5.2276945e-01]",[0.5197458  0.12636526 0.00499221 0.34889665],[9.9999785e-01 2.1486683e-06],"[2.1092148e-07 3.3512912e-05 3.6171528e-03 7.5322926e-01 2.3985425e-01
 3.2601103e-03 5.4539128e-06 6.3666626e-08 7.3906364e-10]"
D:\Uni\Ulm\Master\Hiwi-Forschung-und-Lehre\FairFace\detected_faces\788284_face0.jpg,White,White,Male,20-29,"[9.0028739e-01 7.7656579e-05 1.8587599e-02 5.3521554e-04 3.7857692e-04
 7.1562463e-05 8.0061957e-02]",[9.9339670e-01 1.4347641e-03 4.3984223e-03 7.7002414e-04],[1.0000000e+00 1.1694549e-08],"[3.0228698e-08 1.5339165e-05 2.4862567e-02 9.4583517e-01 2.9208913e-02
 7.7823810e-05 9.9728311e-08 1.9488628e-09 2.3240500e-11]"
D:\Uni\Ulm\Master\Hiwi-Forschung-und-Lehre\FairFace\detected_faces\788286_face0.jpg,White,White,Male,20-29,"[9.9945796e-01 1.3298927e-07 3.9679377e-05 5.8738812e-07 7.4799482e-07
 3.7386064e-07 5.0056732e-04]",[9.99945283e-01 1.02508575e-05 2.43407503e-05 2.00892682e-05],[9.9998397e-01 1.6072177e-05],"[9.8307034e-09 8.3203702e-07 2.2609653e-03 7.9707587e-01 1.9868526e-01
 1.9735405e-03 3.4877660e-06 2.9257452e-08 8.8265212e-10]"
D:\Uni\Ulm\Master\Hiwi-Forschung-und-Lehre\FairFace\detected_faces\788306_face0.jpg,White,White,Male,20-29,"[5.5299139e-01 5.4542223e-05 2.3278125e-02 3.0632864e-04 4.3788226e-04
 9.6009573e-04 4.2197159e-01]",[9.8817104e-01 2.0774741e-04 3.3504942e-03 8.2707293e-03],[9.9996912e-01 3.0940293e-05],"[1.38704505e-04 1.60286285e-03 1.60232894e-02 6.92184687e-01
 2.76260495e-01 1.36534395e-02 1.31918510e-04 4.52849918e-06
 1.33337068e-07]"
D:\Uni\Ulm\Master\Hiwi-Forschung-und-Lehre\FairFace\detected_faces\788312_face0.jpg,Middle Eastern,White,Male,20-29,"[2.95711339e-01 1.58837793e-04 2.46110298e-02 6.40496801e-05
 1.18801196e-04 6.66454958e-04 6.78669453e-01]",[9.9650699e-01 2.3705703e-03 2.1319247e-04 9.0931519e-04],[9.9999994e-01 3.5737369e-08],"[5.1674753e-08 2.3291101e-05 2.5858864e-02 9.3256617e-01 4.1420452e-02
 1.3097969e-04 1.8234375e-07 3.5156462e-09 3.9772650e-11]"
D:\Uni\Ulm\Master\Hiwi-Forschung-und-Lehre\FairFace\detected_faces\788319_face0.jpg,White,White,Male,20-29,"[9.9993128e-01 3.0579945e-06 3.7466540e-05 6.3902831e-08 3.0383006e-07
 4.4484420e-07 2.7481534e-05]",[9.9974597e-01 2.3294259e-04 8.9747582e-06 1.2086963e-05],[9.9999535e-01 4.6113214e-06],"[7.6385838e-08 4.3917357e-06 6.9751968e-03 6.9702041e-01 2.7781609e-01
 1.7693585e-02 4.8456196e-04 5.5224173e-06 1.7370810e-07]"
D:\Uni\Ulm\Master\Hiwi-Forschung-und-Lehre\FairFace\detected_faces\788344_face0.jpg,Black,Black,Male,30-39,"[3.5547043e-06 9.9994773e-01 1.5999376e-05 2.2829389e-09 3.9878035e-08
 1.9397687e-05 1.3292260e-05]",[1.5365529e-06 9.9999142e-01 4.1792208e-07 6.6027919e-06],[9.9999577e-01 4.2699035e-06],"[3.9018873e-06 8.6110062e-04 2.3212776e-02 4.0790179e-01 5.0320834e-01
 6.3355193e-02 1.4134122e-03 4.1943946e-05 1.5749333e-06]"
D:\Uni\Ulm\Master\Hiwi-Forschung-und-Lehre\FairFace\detected_faces\788352_face0.jpg,Black,Black,Male,20-29,"[5.1662319e-05 9.9843907e-01 1.4319093e-03 3.7546837e-07 5.8799992e-06
 1.7307639e-05 5.3770054e-05]",[5.1019608e-05 9.9990553e-01 1.0768769e-05 3.2668428e-05],[9.9999970e-01 3.1456105e-07],"[1.2908086e-07 1.3793509e-05 1.1099230e-02 8.0065405e-01 1.8233211e-01
 5.8601690e-03 4.0268791e-05 2.5711731e-07 6.6049335e-09]"
D:\Uni\Ulm\Master\Hiwi-Forschung-und-Lehre\FairFace\detected_faces\788354_face0.jpg,White,White,Male,20-29,"[7.8990787e-01 1.5781568e-04 9.0218000e-03 3.1127074e-06 8.3702289e-06
 3.2738838e-04 2.0057365e-01]",[9.9805623e-01 1.2004826e-03 2.5666875e-05 7.1762892e-04],[9.9999982e-01 1.8079717e-07],"[3.3404618e-08 6.3395387e-06 1.8449442e-03 8.3713418e-01 1.6039824e-01
 6.1555131e-04 6.7714069e-07 4.7075255e-09 6.1970838e-11]"
D:\Uni\Ulm\Master\Hiwi-Forschung-und-Lehre\FairFace\detected_faces\788365_face0.jpg,Middle Eastern,White,Male,20-29,"[3.7394640e-01 1.2399466e-04 8.6103462e-02 3.6495429e-05 1.8293582e-04
 2.9086173e-04 5.3931594e-01]",[0.9540976  0.0041383  0.00199887 0.03976515],[9.9999708e-01 2.9393968e-06],"[1.9126826e-08 2.0599777e-05 9.7091779e-02 8.7016863e-01 3.2375846e-02
 3.4230819e-04 8.6631979e-07 9.6629611e-09 1.4142254e-10]"
D:\Uni\Ulm\Master\Hiwi-Forschung-und-Lehre\FairFace\detected_faces\788375_face0.jpg,White,White,Male,20-29,"[9.9882364e-01 1.1203621e-06 7.3744290e-05 3.7653987e-08 2.0106448e-07
 8.9121777e-06 1.0925030e-03]",[9.9928445e-01 4.6436707e-04 1.0535004e-05 2.4064076e-04],[9.9999690e-01 3.0628466e-06],"[1.0919907e-09 4.2313849e-07 1.3150665e-03 8.0889595e-01 1.8859904e-01
 1.1867478e-03 2.7207914e-06 1.0398598e-08 3.6926925e-10]"
D:\Uni\Ulm\Master\Hiwi-Forschung-und-Lehre\FairFace\detected_faces\788768_face0.jpg,Black,Black,Male,20-29,"[9.1799111e-06 9.9888921e-01 8.6691341e-04 3.0649369e-07 2.4574269e-05
 1.5381824e-04 5.6051249e-05]",[2.91177162e-06 9.99825895e-01 5.65332957e-05 1.14723734e-04],[1.0000000e+00 2.0368638e-08],"[3.9523556e-08 1.1261248e-05 1.9815931e-02 8.5162359e-01 1.2563719e-01
 2.8921990e-03 1.9349847e-05 4.8410101e-07 1.1066028e-08]"
D:\Uni\Ulm\Master\Hiwi-Forschung-und-Lehre\FairFace\detected_faces\788786_face0.jpg,Black,Black,Male,30-39,"[1.0296608e-06 9.9986023e-01 4.3965832e-05 2.4924482e-08 8.9219259e-07
 8.3968000e-05 9.9017952e-06]",[3.6353347e-07 9.9998534e-01 2.1532501e-06 1.2153101e-05],[9.9999946e-01 5.6046059e-07],"[2.2242796e-07 3.0928488e-05 3.0642068e-03 3.9503518e-01 5.4407394e-01
 5.7137489e-02 6.4997573e-04 7.8459989e-06 2.0965055e-07]"
D:\Uni\Ulm\Master\Hiwi-Forschung-und-Lehre\FairFace\detected_faces\788789_face0.jpg,White,White,Male,30-39,"[8.4375906e-01 1.0506069e-04 2.7235199e-02 6.7491746e-05 9.7768854e-05
 1.6202879e-04 1.2857328e-01]",[9.9525273e-01 3.4415482e-03 6.7410007e-04 6.3168653e-04],[9.9999970e-01 2.5610146e-07],"[2.5748836e-06 5.8971167e-05 3.4970443e-03 3.9996564e-01 5.8234131e-01
 1.4095767e-02 3.8394592e-05 3.1279887e-07 2.9889231e-09]"
D:\Uni\Ulm\Master\Hiwi-Forschung-und-Lehre\FairFace\detected_faces\788801_face0.jpg,White,White,Male,20-29,"[9.9812293e-01 1.6197084e-05 1.1725099e-04 3.7804634e-07 1.6315763e-06
 9.2119552e-07 1.7408074e-03]",[9.9601007e-01 3.8933824e-03 2.4166402e-05 7.2391216e-05],[9.999999e-01 6.687841e-08],"[3.7590063e-08 8.0876489e-06 4.5322469e-03 8.4408498e-01 1.4974102e-01
 1.6278345e-03 5.8119476e-06 5.1403049e-08 9.3227071e-10]"
D:\Uni\Ulm\Master\Hiwi-Forschung-und-Lehre\FairFace\detected_faces\788834_face0.jpg,Black,Black,Male,20-29,"[6.4462526e-08 9.9999672e-01 1.3379624e-06 2.1669662e-09 4.1589050e-08
 1.7594296e-06 1.1323517e-07]",[1.5223394e-07 9.9999762e-01 2.4533773e-07 2.0703176e-06],[9.9999988e-01 1.1767351e-07],"[4.2825064e-08 3.9297820e-06 3.5062353e-03 6.4291883e-01 3.2505283e-01
 2.8199239e-02 3.1545389e-04 3.2856449e-06 1.4997764e-07]"
D:\Uni\Ulm\Master\Hiwi-Forschung-und-Lehre\FairFace\detected_faces\788884_face0.jpg,Middle Eastern,White,Male,20-29,"[2.5573167e-01 5.6559700e-03 2.0945777e-01 4.8570496e-06 3.2394539e-05
 5.3789308e-03 5.2373844e-01]",[9.8602712e-01 2.9703511e-03 6.7893568e-05 1.0934677e-02],[9.9999905e-01 9.5722703e-07],"[9.6058180e-08 4.6099594e-06 1.1003469e-03 5.2096629e-01 4.6653134e-01
 1.1339666e-02 5.6730245e-05 9.0701167e-07 9.1807522e-09]"
D:\Uni\Ulm\Master\Hiwi-Forschung-und-Lehre\FairFace\detected_faces\788895_face0.jpg,Black,Black,Male,20-29,"[1.5478864e-06 9.9968040e-01 5.2412219e-05 1.8937335e-08 6.3079710e-07
 2.6191378e-04 3.1925645e-06]",[2.8232469e-06 9.9980789e-01 1.9969887e-06 1.8730556e-04],[9.9999988e-01 1.4084785e-07],"[1.4848732e-07 1.0655268e-05 7.0806663e-03 5.2270341e-01 4.1232687e-01
 5.6898870e-02 9.5884281e-04 2.0244524e-05 3.2976419e-07]"
D:\Uni\Ulm\Master\Hiwi-Forschung-und-Lehre\FairFace\detected_faces\788949_face0.jpg,White,White,Male,30-39,"[9.52000141e-01 1.73706934e-03 3.66200581e-02 5.32012746e-05
 1.39109296e-04 1.20900455e-04 9.32970643e-03]",[9.98200893e-01 1.61730032e-03 1.13262475e-04 6.85672348e-05],[1.0000000e+00 1.5966592e-08],"[1.2752921e-06 2.3405668e-05 2.4777646e-03 4.1406789e-01 5.5153859e-01
 3.1399928e-02 4.8686986e-04 4.2539223e-06 3.5125577e-08]"
D:\Uni\Ulm\Master\Hiwi-Forschung-und-Lehre\FairFace\detected_faces\788971_face0.jpg,Black,Black,Male,20-29,"[1.8043997e-05 9.9627477e-01 1.7939896e-03 1.3148140e-06 5.5319815e-05
 1.2235008e-03 6.3303660e-04]",[6.3606349e-06 9.9951100e-01 6.1126724e-05 4.2145469e-04],[9.9999613e-01 3.8421326e-06],"[3.4246419e-08 3.2723649e-06 1.0252362e-02 7.4302536e-01 2.4057911e-01
 6.1020465e-03 3.7237016e-05 5.8465480e-07 1.8968340e-08]"
D:\Uni\Ulm\Master\Hiwi-Forschung-und-Lehre\FairFace\detected_faces\789000_face0.jpg,Black,Black,Male,20-29,"[3.7595436e-07 9.9998432e-01 9.0654394e-06 8.5883238e-09 1.9174028e-07
 4.1436592e-06 1.8641958e-06]",[1.8130805e-07 9.9999630e-01 5.8099596e-07 2.8634970e-06],[9.9999988e-01 1.0049391e-07],"[2.0112236e-07 1.0423758e-04 2.2346057e-02 7.3222446e-01 2.3122972e-01
 1.3976815e-02 1.1709524e-04 1.3462466e-06 5.3558747e-08]"
D:\Uni\Ulm\Master\Hiwi-Forschung-und-Lehre\FairFace\detected_faces\789067_face0.jpg,Middle Eastern,White,Male,20-29,"[4.4027492e-02 5.1081963e-03 9.4485067e-02 6.2055224e-05 2.4331236e-04
 4.8228242e-03 8.5125107e-01]",[0.67038804 0.254063   0.00140404 0.07414494],[9.999978e-01 2.217110e-06],"[1.0135942e-06 9.3156523e-05 9.1012120e-03 7.6039559e-01 2.2723967e-01
 3.1606043e-03 8.4920030e-06 1.7741637e-07 4.0294506e-09]"
D:\Uni\Ulm\Master\Hiwi-Forschung-und-Lehre\FairFace\detected_faces\789071_face0.jpg,White,White,Male,20-29,"[9.9949008e-01 3.9797819e-06 2.3168608e-04 2.4410620e-06 1.9557954e-05
 3.5250564e-06 2.4882634e-04]",[9.9928939e-01 2.2460618e-04 4.6957642e-04 1.6446736e-05],[9.9999988e-01 5.7845174e-08],"[4.7177537e-07 1.4091685e-04 5.9392821e-02 8.5241371e-01 8.5047208e-02
 2.9643762e-03 3.9675651e-05 8.3243884e-07 1.5750503e-08]"
D:\Uni\Ulm\Master\Hiwi-Forschung-und-Lehre\FairFace\detected_faces\789138_face0.jpg,White,White,Male,20-29,"[9.76319969e-01 1.54902140e-04 1.05934097e-02 1.14658314e-05
 4.16656876e-05 1.31621355e-05 1.28654055e-02]",[9.9236357e-01 6.1574797e-03 5.7629350e-04 9.0262725e-04],[9.9999267e-01 7.3313063e-06],"[5.2469364e-08 1.4995004e-05 9.0597413e-02 8.5861921e-01 4.8442084e-02
 2.2698331e-03 5.5241057e-05 1.1907866e-06 1.1803237e-08]"
D:\Uni\Ulm\Master\Hiwi-Forschung-und-Lehre\FairFace\detected_faces\789162_face0.jpg,White,White,Male,20-29,"[8.6040694e-01 1.2226231e-04 8.1740692e-03 2.1046565e-04 3.7668820e-04
 4.1396724e-04 1.3029553e-01]",[9.8748887e-01 5.9651094e-04 4.2036781e-03 7.7108750e-03],[0.9964149  0.00358513],"[6.2520149e-07 7.3772550e-05 5.0750386e-02 8.2236987e-01 1.2382885e-01
 2.9120098e-03 6.0704715e-05 3.5055327e-06 2.2399652e-07]"
D:\Uni\Ulm\Master\Hiwi-Forschung-und-Lehre\FairFace\detected_faces\789192_face0.jpg,Black,Black,Male,20-29,"[1.2902769e-06 9.9998415e-01 6.4509777e-06 1.3363013e-08 1.8073236e-07
 7.5079047e-06 4.0086738e-07]",[4.7491463e-07 9.9999666e-01 3.8029549e-07 2.5187185e-06],[9.999908e-01 9.192393e-06],"[3.4546281e-07 2.3890646e-04 6.6544235e-02 7.0765597e-01 2.0666866e-01
 1.8211966e-02 6.4345397e-04 3.4428176e-05 2.0411730e-06]"
D:\Uni\Ulm\Master\Hiwi-Forschung-und-Lehre\FairFace\detected_faces\789193_face0.jpg,Black,Black,Male,30-39,"[1.7484499e-06 9.9998713e-01 8.7430253e-06 2.1183209e-10 2.4096418e-09
 1.3031884e-06 1.0897211e-06]",[8.6624260e-07 9.9999821e-01 1.1244956e-07 8.6697895e-07],[1.0000000e+00 3.5207794e-09],"[1.8305409e-08 3.4119986e-07 2.3692432e-04 2.0056543e-01 6.6367441e-01
 1.3277392e-01 2.7196014e-03 2.8989436e-05 3.1466251e-07]"
D:\Uni\Ulm\Master\Hiwi-Forschung-und-Lehre\FairFace\detected_faces\789199_face0.jpg,Black,Black,Male,30-39,"[1.3073170e-06 9.9994648e-01 1.2339969e-05 1.0660869e-08 1.5790555e-07
 3.4936664e-05 4.7573858e-06]",[1.2910239e-05 9.9986511e-01 7.6229861e-07 1.2122731e-04],[9.999279e-01 7.208318e-05],"[6.1652133e-07 4.2032101e-05 2.6256377e-03 2.1778443e-01 6.6439521e-01
 1.1353542e-01 1.6068777e-03 9.5519481e-06 2.5484846e-07]"
D:\Uni\Ulm\Master\Hiwi-Forschung-und-Lehre\FairFace\detected_faces\789229_face0.jpg,White,White,Male,20-29,"[9.99655306e-01 1.32183766e-06 1.06145635e-04 3.79036919e-07
 1.53158055e-06 8.01021997e-07 2.34659179e-04]",[9.9994510e-01 3.3414344e-05 8.3817868e-06 1.3181225e-05],[9.999578e-01 4.214159e-05],"[2.1627017e-08 1.8692134e-06 3.2933233e-03 7.9222929e-01 1.9434777e-01
 9.8801926e-03 2.4345636e-04 4.0143473e-06 1.0957140e-07]"
D:\Uni\Ulm\Master\Hiwi-Forschung-und-Lehre\FairFace\detected_faces\789233_face0.jpg,Black,Black,Male,20-29,"[4.0106661e-06 9.9963003e-01 2.2279174e-04 1.9938275e-07 1.1955532e-05
 1.1496502e-04 1.6012465e-05]",[1.9247170e-06 9.9988574e-01 8.4129264e-05 2.8221057e-05],[9.999997e-01 3.111127e-07],"[7.0823359e-07 1.4835894e-04 2.2202654e-02 7.6716667e-01 2.0214963e-01
 8.2407547e-03 8.8820154e-05 2.3407592e-06 1.2350534e-07]"
D:\Uni\Ulm\Master\Hiwi-Forschung-und-Lehre\FairFace\detected_faces\789234_face0.jpg,Middle Eastern,White,Male,30-39,"[1.0370143e-02 1.4032134e-04 7.4000550e-03 1.3279258e-06 5.6029244e-06
 1.3673940e-03 9.8071510e-01]",[9.9751872e-01 3.7959366e-04 2.8514685e-05 2.0732067e-03],[9.9999881e-01 1.2003114e-06],"[1.4777072e-05 4.5820845e-05 3.1293981e-04 6.3440092e-02 6.5565723e-01
 2.7665168e-01 3.8436707e-03 3.3366734e-05 4.5353246e-07]"
D:\Uni\Ulm\Master\Hiwi-Forschung-und-Lehre\FairFace\detected_faces\789381_face0.jpg,White,White,Male,20-29,"[7.8276962e-01 8.3524799e-05 1.4620030e-01 3.8252999e-03 3.5869586e-03
 3.7352854e-04 6.3160852e-02]",[9.8619181e-01 4.0031687e-04 1.2572830e-02 8.3502330e-04],[9.9999988e-01 1.3479193e-07],"[2.3890468e-07 2.5353356e-05 1.4007111e-02 8.5409713e-01 1.3037516e-01
 1.4881168e-03 6.9223570e-06 1.1039252e-07 9.8471797e-10]"
D:\Uni\Ulm\Master\Hiwi-Forschung-und-Lehre\FairFace\detected_faces\789446_face0.jpg,White,White,Male,20-29,"[9.7421241e-01 1.5656049e-05 6.3366879e-04 2.4086910e-06 2.0891492e-05
 1.9538189e-05 2.5095345e-02]",[9.9599743e-01 2.8383965e-03 5.1545538e-04 6.4872496e-04],[1.000000e+00 7.526205e-09],"[2.43992506e-08 1.31435645e-05 3.42940097e-03 6.48189664e-01
 3.42345327e-01 6.00643875e-03 1.60072523e-05 7.30570520e-08
 9.74403891e-10]"
D:\Uni\Ulm\Master\Hiwi-Forschung-und-Lehre\FairFace\detected_faces\789711_face0.jpg,White,White,Male,20-29,"[9.9999523e-01 3.2856042e-09 7.8974303e-08 3.1822882e-08 8.2181167e-08
 2.3596665e-09 4.5721158e-06]",[9.9997896e-01 5.3927811e-06 1.4551342e-05 1.0697109e-06],[9.9998164e-01 1.8327657e-05],"[2.3057665e-07 1.2841774e-05 1.1007068e-02 8.2265383e-01 1.6186152e-01
 4.4222274e-03 4.1542487e-05 7.6081983e-07 4.0589580e-08]"
D:\Uni\Ulm\Master\Hiwi-Forschung-und-Lehre\FairFace\detected_faces\789712_face0.jpg,White,White,Male,10-19,"[9.9176866e-01 9.6558972e-07 1.0267310e-03 1.4024563e-04 4.1402356e-05
 5.8020987e-06 7.0161070e-03]",[9.9982494e-01 2.2420569e-05 9.9312441e-05 5.3342523e-05],[9.9977422e-01 2.2579936e-04],"[1.92654966e-07 4.25622333e-03 9.35633898e-01 5.95623292e-02
 5.36160602e-04 1.10726069e-05 7.67623192e-08 2.40472642e-09
 1.01427526e-10]"
D:\Uni\Ulm\Master\Hiwi-Forschung-und-Lehre\FairFace\detected_faces\789714_face0.jpg,White,White,Male,20-29,"[9.9891627e-01 1.2502603e-06 1.9370037e-04 1.7397514e-06 3.0745264e-06
 6.6054969e-07 8.8338478e-04]",[9.9986762e-01 2.8032779e-05 9.5875788e-05 8.4565099e-06],[1.0000000e+00 7.6391016e-10],"[3.1018433e-07 1.3068542e-04 1.6807988e-01 7.7068061e-01 5.8546472e-02
 2.5420371e-03 1.9876681e-05 1.4811881e-07 8.5064206e-10]"
D:\Uni\Ulm\Master\Hiwi-Forschung-und-Lehre\FairFace\detected_faces\789859_face0.jpg,White,White,Male,20-29,"[9.9079621e-01 4.8533679e-05 1.9152897e-03 6.5990830e-06 8.5834736e-06
 9.6370408e-05 7.1284343e-03]",[9.9846572e-01 9.2457904e-04 1.9484807e-05 5.9022818e-04],[9.9999976e-01 2.2956948e-07],"[2.2720956e-08 3.3529479e-06 3.9686617e-03 8.9932626e-01 9.6128732e-02
 5.7076814e-04 2.1619742e-06 2.8640793e-08 6.6824807e-10]"
D:\Uni\Ulm\Master\Hiwi-Forschung-und-Lehre\FairFace\detected_faces\789886_face0.jpg,White,White,Male,30-39,"[4.8475710e-01 4.5417244e-05 1.6295402e-01 3.2166048e-04 6.2985020e-04
 2.4214072e-02 3.2707784e-01]",[9.6249354e-01 1.8223155e-04 1.1014966e-03 3.6222715e-02],[9.999946e-01 5.397830e-06],"[2.6283201e-06 2.1673668e-05 6.9376238e-04 2.0995167e-01 7.1759546e-01
 7.1261369e-02 4.6966161e-04 3.7034586e-06 4.8168111e-08]"
D:\Uni\Ulm\Master\Hiwi-Forschung-und-Lehre\FairFace\detected_faces\789958_face0.jpg,Latino_Hispanic,White,Male,20-29,"[1.6979635e-01 1.1425670e-03 8.1023026e-01 5.9198588e-04 2.6255853e-03
 2.3057547e-03 1.3307484e-02]",[0.95829254 0.02704799 0.00496067 0.00969876],[1.0000000e+00 3.1442418e-09],"[1.5140584e-07 8.0193677e-06 1.5872128e-02 7.5849533e-01 2.1714340e-01
 8.3548771e-03 1.2508502e-04 1.0204806e-06 5.6783449e-09]"
D:\Uni\Ulm\Master\Hiwi-Forschung-und-Lehre\FairFace\detected_faces\790031_face0.jpg,Latino_Hispanic,Indian,Male,20-29,"[8.5418820e-02 4.6982882e-03 4.5321146e-01 6.6919485e-05 8.9755096e-04
 3.2694802e-02 4.2301217e-01]",[0.32088718 0.07359356 0.01240352 0.5931157 ],[9.9998170e-01 1.8310919e-05],"[7.9576310e-08 9.3678946e-06 1.1268715e-02 7.1907473e-01 2.6206160e-01
 7.4980757e-03 8.6533124e-05 9.5159885e-07 1.7307446e-08]"
