face_name_align,race,race4,gender,age,race_scores_fair,race_scores_fair_4,gender_scores_fair,age_scores_fair
D:\Uni\Ulm\Master\Hiwi-Forschung-und-Lehre\FairFace\detected_faces\1011486_face0.jpg,White,White,Male,20-29,"[6.9499063e-01 1.5032559e-04 8.9228787e-02 9.0536516e-05 3.6855327e-04
 4.3069146e-04 2.1474043e-01]",[0.99335474 0.00205226 0.00260708 0.00198595],[9.9999964e-01 3.4171680e-07],"[1.1263592e-07 1.2183669e-05 4.9533276e-03 8.2184386e-01 1.7125389e-01
 1.9310258e-03 5.5352066e-06 9.4889401e-08 1.0677760e-09]"
D:\Uni\Ulm\Master\Hiwi-Forschung-und-Lehre\FairFace\detected_faces\1011488_face0.jpg,White,White,Male,20-29,"[9.8863953e-01 2.0551340e-06 4.3563358e-04 3.5287889e-07 1.3501274e-06
 3.6895281e-06 1.0917432e-02]",[9.9992007e-01 3.3544427e-05 2.7605488e-06 4.3631768e-05],[9.9997860e-01 2.1397784e-05],"[7.7200883e-07 1.8014117e-04 2.3982478e-02 8.6608410e-01 1.0819245e-01
 1.5568985e-03 3.1625518e-06 3.5995317e-08 8.9919022e-10]"
D:\Uni\Ulm\Master\Hiwi-Forschung-und-Lehre\FairFace\detected_faces\1011491_face0.jpg,White,White,Male,10-19,"[8.4872818e-01 5.8545365e-06 4.5082406e-03 2.6035323e-05 3.0332112e-05
 1.4093564e-05 1.4668721e-01]",[9.9985003e-01 1.0416739e-04 1.7592538e-05 2.8263396e-05],[9.9998599e-01 1.3983179e-05],"[1.3401837e-08 4.0721358e-04 9.1507030e-01 8.4149696e-02 3.6899393e-04
 3.8186749e-06 7.7888327e-09 1.8876073e-10 3.0957038e-12]"
D:\Uni\Ulm\Master\Hiwi-Forschung-und-Lehre\FairFace\detected_faces\1011492_face0.jpg,White,White,Male,20-29,"[9.6408468e-01 2.4997544e-06 1.6584625e-03 2.3470193e-04 1.5397600e-04
 3.9051240e-05 3.3826686e-02]",[9.6991318e-01 3.0593063e-05 2.9919781e-02 1.3648903e-04],[9.9999994e-01 5.6916001e-08],"[3.6740914e-08 1.3876313e-04 3.4887007e-01 6.4586776e-01 5.1001669e-03
 2.3197968e-05 3.7798291e-08 5.1597221e-10 1.0298487e-11]"
D:\Uni\Ulm\Master\Hiwi-Forschung-und-Lehre\FairFace\detected_faces\1011494_face0.jpg,White,White,Male,20-29,"[9.5836437e-01 3.3371023e-05 7.4602184e-03 1.7145500e-04 2.1421697e-04
 1.4159443e-05 3.3742201e-02]",[9.9746454e-01 3.6754319e-04 2.1168683e-03 5.1002120e-05],[0.99840665 0.00159336],"[1.2259970e-06 3.2724795e-04 1.5742896e-01 6.9871736e-01 1.2929727e-01
 1.3985457e-02 2.3562572e-04 6.7132673e-06 1.8684233e-07]"
D:\Uni\Ulm\Master\Hiwi-Forschung-und-Lehre\FairFace\detected_faces\1011495_face0.jpg,White,White,Male,20-29,"[9.9419588e-01 2.9950203e-07 1.0547906e-03 1.1809321e-04 6.6101959e-05
 3.9536117e-06 4.5609297e-03]",[9.9663866e-01 1.2778811e-05 3.1263935e-03 2.2223539e-04],[9.9999934e-01 6.8354905e-07],"[2.5329104e-08 5.9622598e-06 1.4373266e-02 9.3652362e-01 4.8896082e-02
 2.0077493e-04 2.4241814e-07 2.7232003e-09 3.9313493e-11]"
D:\Uni\Ulm\Master\Hiwi-Forschung-und-Lehre\FairFace\detected_faces\1011498_face0.jpg,White,White,Male,20-29,"[7.6570964e-01 7.8055746e-06 2.6063663e-03 1.0895227e-05 2.4082672e-05
 1.7950875e-05 2.3162320e-01]",[9.9899358e-01 9.0557843e-04 7.7958954e-05 2.2803482e-05],[9.9999982e-01 1.8066395e-07],"[4.7487316e-09 9.0398146e-07 3.8688492e-03 8.1196618e-01 1.8231949e-01
 1.8399978e-03 4.4577901e-06 3.2695262e-08 5.9328947e-10]"
D:\Uni\Ulm\Master\Hiwi-Forschung-und-Lehre\FairFace\detected_faces\1011521_face0.jpg,White,White,Male,20-29,"[6.3031846e-01 6.3325017e-05 2.7252655e-02 1.5816644e-04 1.9696646e-04
 4.1790729e-04 3.4159252e-01]",[9.9654984e-01 1.4123078e-04 3.2043864e-04 2.9884295e-03],[9.9999619e-01 3.7632624e-06],"[1.0450161e-05 1.2384083e-03 4.3688126e-02 8.5008341e-01 1.0395725e-01
 1.0198343e-03 2.5255661e-06 4.7487926e-08 9.4419406e-10]"
D:\Uni\Ulm\Master\Hiwi-Forschung-und-Lehre\FairFace\detected_faces\1011560_face0.jpg,Middle Eastern,White,Male,20-29,"[7.4123710e-02 2.0420492e-04 3.0922301e-02 9.4832039e-06 4.5106266e-05
 3.0789408e-04 8.9438730e-01]",[0.9663969  0.00740769 0.00330903 0.02288634],[9.9999994e-01 9.0671691e-08],"[3.8585895e-07 1.8640656e-04 6.3582160e-02 7.3658121e-01 1.8999599e-01
 9.5651997e-03 8.6895765e-05 1.7720506e-06 1.4186358e-08]"
D:\Uni\Ulm\Master\Hiwi-Forschung-und-Lehre\FairFace\detected_faces\1011562_face0.jpg,White,White,Male,20-29,"[9.8970145e-01 1.4879154e-06 6.4282520e-03 6.2401305e-05 1.6002006e-04
 4.7660760e-05 3.5987783e-03]",[9.8339772e-01 7.3530871e-05 5.3177248e-03 1.1210976e-02],[9.9999750e-01 2.5066086e-06],"[1.1002181e-08 1.7868049e-05 2.1767233e-01 7.5604141e-01 2.5705986e-02
 5.5907946e-04 3.3487404e-06 3.2694906e-08 5.2479904e-10]"
D:\Uni\Ulm\Master\Hiwi-Forschung-und-Lehre\FairFace\detected_faces\1011563_face0.jpg,Latino_Hispanic,Asian,Male,10-19,"[0.13220523 0.04342216 0.7323313  0.01324612 0.06393093 0.00771782
 0.00714639]",[0.05350056 0.05214781 0.84828234 0.04606932],[0.998517   0.00148303],"[4.8568467e-08 2.3057495e-04 6.5853423e-01 3.3655539e-01 4.6135485e-03
 6.5753011e-05 4.4878260e-07 2.4934590e-08 9.1897828e-10]"
D:\Uni\Ulm\Master\Hiwi-Forschung-und-Lehre\FairFace\detected_faces\1011568_face0.jpg,Middle Eastern,White,Male,20-29,"[2.0966844e-01 1.0499675e-03 7.0829034e-02 4.1539617e-05 1.6165433e-04
 1.8590422e-03 7.1639031e-01]",[9.8470336e-01 1.2788751e-02 9.2470320e-04 1.5831960e-03],[9.9999487e-01 5.1530646e-06],"[4.4342090e-07 2.9478977e-05 1.8734325e-02 8.3990097e-01 1.3748392e-01
 3.8218501e-03 2.8450870e-05 6.0064576e-07 1.0933486e-08]"
D:\Uni\Ulm\Master\Hiwi-Forschung-und-Lehre\FairFace\detected_faces\1011628_face0.jpg,Middle Eastern,White,Male,20-29,"[3.3497044e-01 1.1348448e-02 1.2266468e-01 1.1166039e-05 9.2654118e-05
 1.4398777e-03 5.2947271e-01]",[9.4296038e-01 4.9543317e-02 1.5357455e-04 7.3426850e-03],[9.9999988e-01 5.1153396e-08],"[3.0107770e-07 1.9686468e-05 2.5061111e-03 5.8677936e-01 4.0048259e-01
 1.0167788e-02 4.3512511e-05 6.6295462e-07 5.9930949e-09]"
D:\Uni\Ulm\Master\Hiwi-Forschung-und-Lehre\FairFace\detected_faces\1011634_face0.jpg,White,White,Male,20-29,"[7.4233294e-01 5.4622599e-04 2.0678055e-01 1.1813190e-04 3.6296339e-04
 1.3856018e-03 4.8473645e-02]",[0.9872564  0.00623858 0.0010366  0.00546846],[9.999997e-01 2.892689e-07],"[9.8630853e-06 1.7191551e-03 1.3340943e-01 5.2515650e-01 3.1594449e-01
 2.3396304e-02 3.5682201e-04 7.3233796e-06 6.5608980e-08]"
D:\Uni\Ulm\Master\Hiwi-Forschung-und-Lehre\FairFace\detected_faces\1011639_face0.jpg,Middle Eastern,White,Male,10-19,"[2.9625311e-01 3.3819542e-05 5.6599144e-02 1.8889339e-04 8.3672121e-04
 3.1231823e-03 6.4296514e-01]",[0.73435706 0.00363341 0.0873009  0.1747086 ],[9.999958e-01 4.196536e-06],"[6.9928797e-07 4.6969168e-03 7.4062645e-01 2.4854885e-01 5.9056147e-03
 2.2002003e-04 1.3894957e-06 5.6203000e-08 1.0279527e-09]"
D:\Uni\Ulm\Master\Hiwi-Forschung-und-Lehre\FairFace\detected_faces\1011815_face0.jpg,Black,Black,Male,20-29,"[3.24220821e-07 9.99981999e-01 5.27306520e-06 5.03632513e-08
 5.75735044e-07 1.17438885e-05 9.39591800e-08]",[4.0595191e-06 9.9983978e-01 1.4616557e-05 1.4156145e-04],[0.9907843  0.00921567],"[3.4231967e-08 1.0439560e-04 8.6631902e-02 8.1815058e-01 9.3573675e-02
 1.5294600e-03 9.8514101e-06 1.0976294e-07 5.8008798e-09]"
D:\Uni\Ulm\Master\Hiwi-Forschung-und-Lehre\FairFace\detected_faces\1011831_face0.jpg,Latino_Hispanic,White,Male,20-29,"[1.5646514e-01 2.3991535e-03 5.9307247e-01 5.2784267e-04 2.4060921e-03
 4.5437776e-03 2.4058551e-01]",[0.42973125 0.10206614 0.41954607 0.04865661],[9.999308e-01 6.913789e-05],"[1.2109319e-07 9.5674535e-05 2.5790793e-01 7.0668018e-01 3.4618679e-02
 6.9352268e-04 3.8425414e-06 7.4706868e-08 1.2133595e-09]"
D:\Uni\Ulm\Master\Hiwi-Forschung-und-Lehre\FairFace\detected_faces\1011911_face0.jpg,Middle Eastern,White,Male,20-29,"[2.5809577e-01 2.0072852e-04 3.5534076e-02 2.1453596e-04 4.4821104e-04
 8.5465697e-04 7.0465213e-01]",[0.9872399  0.00448836 0.00272129 0.00555048],[9.9999976e-01 2.7037697e-07],"[1.1196604e-06 9.1448237e-05 7.4646603e-03 7.7449787e-01 2.1535736e-01
 2.5787672e-03 8.6042292e-06 1.5078714e-07 2.5638487e-09]"
D:\Uni\Ulm\Master\Hiwi-Forschung-und-Lehre\FairFace\detected_faces\1012114_face0.jpg,Latino_Hispanic,White,Male,20-29,"[0.15759987 0.00117333 0.64423484 0.00099196 0.00269362 0.02384727
 0.16945907]",[0.9046282  0.00858854 0.03185273 0.05493055],[9.9999928e-01 7.2622794e-07],"[3.2106123e-05 1.1872599e-03 3.3543061e-02 7.5450313e-01 2.0353177e-01
 7.1369624e-03 6.4154250e-05 1.4618051e-06 1.8448381e-08]"
D:\Uni\Ulm\Master\Hiwi-Forschung-und-Lehre\FairFace\detected_faces\1012133_face0.jpg,White,White,Male,20-29,"[8.0013674e-01 3.7870105e-04 7.9851918e-02 1.0700894e-04 2.4690104e-04
 6.9632930e-05 1.1920914e-01]",[9.9351263e-01 3.5666276e-03 2.2114315e-03 7.0932484e-04],[1.0000000e+00 3.6972146e-08],"[1.3375929e-07 1.9470246e-05 2.0687403e-02 8.0839550e-01 1.6644977e-01
 4.4134823e-03 3.3896693e-05 4.4099693e-07 2.9486276e-09]"
D:\Uni\Ulm\Master\Hiwi-Forschung-und-Lehre\FairFace\detected_faces\1012165_face0.jpg,Middle Eastern,White,Male,20-29,"[3.3982822e-01 5.8464560e-04 7.6401509e-02 4.2238251e-05 1.5619512e-04
 9.5253083e-04 5.8203465e-01]",[0.9558447  0.01355038 0.00217487 0.02843007],[1.0000000e+00 5.5444445e-09],"[6.7022889e-08 3.1959407e-05 2.6537659e-02 9.5280689e-01 2.0567512e-02
 5.5850574e-05 6.4736128e-08 1.2465216e-09 1.0603411e-11]"
D:\Uni\Ulm\Master\Hiwi-Forschung-und-Lehre\FairFace\detected_faces\1012170_face0.jpg,Middle Eastern,White,Male,20-29,"[2.3724355e-01 3.7692527e-05 1.3588382e-02 1.0495506e-04 1.0973079e-04
 6.8543799e-04 7.4823022e-01]",[9.8732567e-01 2.7994908e-04 4.6289116e-03 7.7655166e-03],[9.9998724e-01 1.2779782e-05],"[1.6485690e-05 1.2173523e-03 3.9781854e-02 8.6753362e-01 9.0047747e-02
 1.3975804e-03 5.2212295e-06 1.6070651e-07 3.4181116e-09]"
D:\Uni\Ulm\Master\Hiwi-Forschung-und-Lehre\FairFace\detected_faces\1012172_face0.jpg,White,White,Male,20-29,"[9.9892932e-01 4.5737605e-07 3.3005537e-04 1.3371242e-06 4.9489668e-06
 8.1643147e-06 7.2569476e-04]",[9.9959463e-01 1.1034712e-05 5.5519376e-05 3.3874589e-04],[1.000000e+00 1.764198e-08],"[2.5357374e-09 2.7493556e-06 2.5353229e-02 8.7643415e-01 9.6913099e-02
 1.2945180e-03 2.2808658e-06 1.1727378e-08 9.1235755e-11]"
D:\Uni\Ulm\Master\Hiwi-Forschung-und-Lehre\FairFace\detected_faces\1012175_face0.jpg,White,White,Male,20-29,"[8.0000925e-01 3.3181769e-04 1.1851861e-01 1.8395327e-03 2.3692076e-03
 1.4667101e-04 7.6784909e-02]",[9.9496984e-01 4.2804881e-04 4.3328549e-03 2.6929687e-04],[9.9999547e-01 4.5640354e-06],"[2.2953999e-07 5.1933678e-04 3.1574476e-01 6.6027421e-01 2.3056982e-02
 4.0208161e-04 2.2962922e-06 4.6293788e-08 1.2120179e-09]"
D:\Uni\Ulm\Master\Hiwi-Forschung-und-Lehre\FairFace\detected_faces\1012176_face0.jpg,White,White,Male,20-29,"[9.9749458e-01 7.5285852e-06 1.0183895e-03 5.5225532e-06 2.6099870e-05
 2.6566460e-05 1.4212650e-03]",[9.9947435e-01 6.9225112e-05 1.2635258e-04 3.3001555e-04],[9.999386e-01 6.141194e-05],"[7.5913601e-07 1.3506961e-03 4.8013669e-01 5.0258899e-01 1.5351963e-02
 5.6526472e-04 5.5550358e-06 1.1889185e-07 4.4458193e-09]"
D:\Uni\Ulm\Master\Hiwi-Forschung-und-Lehre\FairFace\detected_faces\1012177_face0.jpg,White,White,Male,20-29,"[6.3079101e-01 5.1298422e-05 1.2545120e-02 6.0321426e-04 5.2134466e-04
 3.0393078e-04 3.5518408e-01]",[9.9266899e-01 2.8770788e-05 4.9845898e-03 2.3176842e-03],[1.0000000e+00 2.4881034e-08],"[2.1836136e-06 7.2963384e-04 7.6021574e-02 8.0274415e-01 1.1852746e-01
 1.9704560e-03 4.3854907e-06 1.0771189e-07 1.3755160e-09]"
D:\Uni\Ulm\Master\Hiwi-Forschung-und-Lehre\FairFace\detected_faces\1012179_face0.jpg,White,White,Male,20-29,"[9.5496386e-01 8.1285274e-05 1.9204507e-02 1.4089650e-05 7.4319672e-05
 1.6763789e-04 2.5494378e-02]",[9.9978435e-01 3.7402293e-05 1.2721359e-04 5.1067367e-05],[9.9999881e-01 1.2272861e-06],"[5.8904340e-07 4.1881501e-04 1.8824492e-01 7.3830616e-01 7.0936248e-02
 2.0787017e-03 1.4326286e-05 2.0138712e-07 2.8561447e-09]"
D:\Uni\Ulm\Master\Hiwi-Forschung-und-Lehre\FairFace\detected_faces\1012182_face0.jpg,White,White,Male,20-29,"[9.8964202e-01 9.4841835e-06 4.7164757e-04 6.3294993e-07 1.6716901e-06
 1.4297790e-05 9.8602148e-03]",[9.9956506e-01 1.7699432e-04 7.9436817e-05 1.7856162e-04],[9.9999952e-01 4.9175173e-07],"[2.3903362e-05 6.2092962e-03 2.5765601e-01 6.4479619e-01 8.7052241e-02
 4.2453757e-03 1.6895077e-05 2.0888467e-07 4.0054156e-09]"
D:\Uni\Ulm\Master\Hiwi-Forschung-und-Lehre\FairFace\detected_faces\1012234_face0.jpg,White,White,Male,20-29,"[3.9601713e-01 1.7981615e-03 2.8135288e-01 1.2315089e-02 1.8844208e-02
 3.6044899e-04 2.8931209e-01]",[0.8671419  0.08969577 0.04190076 0.00126158],[9.9999964e-01 2.9681030e-07],"[4.2474833e-09 1.9409534e-05 3.6666444e-01 6.2797850e-01 5.3134221e-03
 2.4207142e-05 6.2854568e-08 1.3617759e-09 1.4248969e-11]"
D:\Uni\Ulm\Master\Hiwi-Forschung-und-Lehre\FairFace\detected_faces\1012235_face0.jpg,Black,Black,Male,20-29,"[2.4383735e-05 9.9344862e-01 3.9291196e-03 6.2976324e-06 5.8254105e-04
 1.9884813e-03 2.0558677e-05]",[1.6982722e-05 9.9794793e-01 3.1881619e-04 1.7162971e-03],[9.9999428e-01 5.7721463e-06],"[3.5796094e-07 2.1224996e-04 1.6702940e-01 7.9058331e-01 4.1151412e-02
 1.0149069e-03 8.2707220e-06 1.1928145e-07 3.3476033e-09]"
D:\Uni\Ulm\Master\Hiwi-Forschung-und-Lehre\FairFace\detected_faces\1012248_face0.jpg,Black,Black,Male,20-29,"[5.1421171e-06 9.9989009e-01 8.1378937e-05 1.1291911e-07 1.3244145e-06
 1.6596818e-05 5.3880012e-06]",[4.2647930e-06 9.9999315e-01 8.1478231e-07 1.8038544e-06],[0.99201924 0.00798072],"[1.7124872e-06 1.1913283e-03 1.8030211e-01 7.1859705e-01 9.6422598e-02
 3.4472342e-03 3.7136837e-05 7.2678887e-07 5.2747161e-08]"
D:\Uni\Ulm\Master\Hiwi-Forschung-und-Lehre\FairFace\detected_faces\1012352_face0.jpg,White,White,Male,20-29,"[9.9937886e-01 3.8737372e-07 1.5561581e-04 2.4894234e-06 1.9371437e-06
 4.3176833e-06 4.5643569e-04]",[9.9989384e-01 9.4446241e-06 1.3709689e-05 8.3029663e-05],[9.9996835e-01 3.1698000e-05],"[1.38052219e-08 5.17348190e-06 3.50568220e-02 9.33554411e-01
 3.11338995e-02 2.48564495e-04 1.10956069e-06 1.38304195e-08
 2.55607868e-10]"
D:\Uni\Ulm\Master\Hiwi-Forschung-und-Lehre\FairFace\detected_faces\1012383_face0.jpg,White,White,Male,20-29,"[5.0541586e-01 1.9357669e-05 1.5349162e-02 1.3275541e-04 1.4371250e-04
 2.1887537e-04 4.7872031e-01]",[9.9814659e-01 3.6374267e-04 5.4469227e-04 9.4500958e-04],[9.9980003e-01 2.0000093e-04],"[2.9555848e-08 2.0554349e-05 3.9262082e-02 9.1624850e-01 4.4108275e-02
 3.5964136e-04 8.7211595e-07 9.7548902e-09 2.0012625e-10]"
D:\Uni\Ulm\Master\Hiwi-Forschung-und-Lehre\FairFace\detected_faces\1012390_face0.jpg,Black,Black,Male,20-29,"[2.16726463e-07 9.99992788e-01 1.05809170e-06 1.13881455e-08
 1.34606807e-07 5.78789513e-06 4.01981382e-08]",[7.5499236e-07 9.9999106e-01 1.0434001e-06 7.1579075e-06],[9.9978042e-01 2.1954847e-04],"[3.5819341e-09 3.2778742e-06 1.1352196e-02 8.4094602e-01 1.4509559e-01
 2.5885480e-03 1.4187980e-05 1.0341531e-07 6.0906005e-09]"
D:\Uni\Ulm\Master\Hiwi-Forschung-und-Lehre\FairFace\detected_faces\1012394_face0.jpg,White,White,Male,20-29,"[9.9526298e-01 1.3516045e-05 9.4838935e-04 3.9317210e-06 1.4087547e-05
 3.8248759e-06 3.7532228e-03]",[9.9970996e-01 1.0862875e-04 1.0235565e-04 7.8970130e-05],[0.98793876 0.01206123],"[5.8605605e-09 5.2069045e-05 3.1423268e-01 6.7164928e-01 1.3972827e-02
 9.2826464e-05 2.4644473e-07 3.5396912e-09 1.2400454e-10]"
D:\Uni\Ulm\Master\Hiwi-Forschung-und-Lehre\FairFace\detected_faces\1012407_face0.jpg,White,White,Male,10-19,"[9.8739153e-01 4.5816919e-06 8.2217855e-03 3.3066153e-06 1.0373017e-05
 5.0459101e-05 4.3179151e-03]",[9.9971646e-01 3.8370810e-05 3.6325768e-05 2.0882348e-04],[9.9999988e-01 1.4747371e-07],"[3.1324337e-06 1.2571822e-03 4.7245187e-01 4.6726844e-01 5.5987172e-02
 3.0034124e-03 2.8416271e-05 3.5528265e-07 3.2789402e-09]"
D:\Uni\Ulm\Master\Hiwi-Forschung-und-Lehre\FairFace\detected_faces\1012408_face0.jpg,White,White,Male,10-19,"[6.6495007e-01 1.6321718e-03 2.6331595e-01 3.2658241e-04 1.2036512e-03
 1.5457815e-03 6.7025907e-02]",[0.9525282  0.00698246 0.00890874 0.03158057],[9.9998009e-01 1.9966381e-05],"[1.06897255e-08 4.73516666e-05 6.43141329e-01 3.53872806e-01
 2.90906802e-03 2.92776531e-05 1.16052327e-07 3.61527519e-09
 6.74501219e-11]"
D:\Uni\Ulm\Master\Hiwi-Forschung-und-Lehre\FairFace\detected_faces\1012409_face0.jpg,White,White,Male,20-29,"[6.2996674e-01 1.2033670e-04 8.0170169e-02 2.0301111e-05 9.2140886e-05
 2.1388682e-03 2.8749147e-01]",[9.9362803e-01 2.7961913e-03 1.8578174e-04 3.3900479e-03],[9.9999988e-01 6.7706445e-08],"[7.0032468e-07 8.8841171e-04 1.6919796e-01 7.3787749e-01 8.9666098e-02
 2.3587199e-03 1.0492134e-05 1.0837353e-07 1.0205489e-09]"
D:\Uni\Ulm\Master\Hiwi-Forschung-und-Lehre\FairFace\detected_faces\1012410_face0.jpg,Middle Eastern,White,Male,20-29,"[1.8679829e-01 2.5784143e-04 1.7130855e-01 1.0813859e-04 3.7233767e-04
 9.0139918e-04 6.4025348e-01]",[0.9730988  0.00366882 0.00865215 0.0145802 ],[9.9999982e-01 2.2174771e-07],"[7.3145245e-08 1.8375090e-04 3.2535118e-01 6.6708124e-01 7.3329620e-03
 5.0663228e-05 9.7432768e-08 1.7821675e-09 1.7962753e-11]"
D:\Uni\Ulm\Master\Hiwi-Forschung-und-Lehre\FairFace\detected_faces\1012415_face0.jpg,White,White,Male,20-29,"[8.4650671e-01 2.9502818e-04 1.3165200e-01 1.2522678e-04 5.1379210e-04
 1.1866302e-03 1.9720644e-02]",[9.9875915e-01 1.7338264e-04 2.1116651e-04 8.5631973e-04],[9.9999964e-01 3.6813086e-07],"[7.8956724e-08 1.2469504e-04 2.3047146e-01 7.4547708e-01 2.3595588e-02
 3.2977722e-04 1.2837764e-06 2.2747994e-08 2.9213376e-10]"
D:\Uni\Ulm\Master\Hiwi-Forschung-und-Lehre\FairFace\detected_faces\1012424_face0.jpg,White,White,Male,20-29,"[9.4971377e-01 2.9072777e-04 6.1343634e-03 1.1308193e-04 2.6450152e-04
 5.5839279e-05 4.3427616e-02]",[9.9638611e-01 1.6597431e-03 1.5316152e-03 4.2260968e-04],[9.9999386e-01 6.0628681e-06],"[7.36707362e-09 1.84536948e-05 1.10763535e-01 8.73775840e-01
 1.53564159e-02 8.53893434e-05 3.30488973e-07 6.39799458e-09
 1.63815836e-10]"
D:\Uni\Ulm\Master\Hiwi-Forschung-und-Lehre\FairFace\detected_faces\1012440_face0.jpg,Middle Eastern,White,Male,10-19,"[1.8950750e-01 2.8556693e-04 1.8379389e-01 7.4401614e-04 1.4147847e-03
 4.3357231e-04 6.2382072e-01]",[0.8216913  0.03530839 0.1394227  0.00357774],[9.9999779e-01 2.1779915e-06],"[6.3161644e-07 3.3635900e-03 6.2232620e-01 3.5772669e-01 1.6150145e-02
 4.3076873e-04 1.8261899e-06 3.5617362e-08 4.3223247e-10]"
D:\Uni\Ulm\Master\Hiwi-Forschung-und-Lehre\FairFace\detected_faces\1012444_face0.jpg,White,White,Male,20-29,"[7.7952510e-01 8.0137042e-04 1.1062807e-01 5.9421122e-04 6.5869867e-04
 1.3802473e-03 1.0641227e-01]",[9.8529226e-01 6.3210637e-03 8.0531358e-04 7.5814370e-03],[9.9999940e-01 5.4835016e-07],"[1.4212444e-06 1.6139090e-04 2.0865386e-02 7.8421384e-01 1.9156770e-01
 3.1742377e-03 1.5646694e-05 3.9061302e-07 4.9424655e-09]"
D:\Uni\Ulm\Master\Hiwi-Forschung-und-Lehre\FairFace\detected_faces\1012448_face0.jpg,Black,Black,Male,20-29,"[3.3615903e-05 9.9815530e-01 2.9035608e-04 8.4507479e-07 1.6577349e-05
 1.4072373e-03 9.6024916e-05]",[9.7038726e-05 9.9828809e-01 2.8064418e-05 1.5868258e-03],[0.9987064 0.0012936],"[2.9277246e-07 9.7738870e-05 1.5022688e-02 4.8109508e-01 4.5924926e-01
 4.2680625e-02 1.7552925e-03 9.4297255e-05 4.6506275e-06]"
D:\Uni\Ulm\Master\Hiwi-Forschung-und-Lehre\FairFace\detected_faces\1012622_face0.jpg,Middle Eastern,Indian,Male,20-29,"[1.6475057e-02 6.4074637e-05 1.2293517e-01 9.8291996e-05 4.3714663e-04
 1.6462868e-02 8.4352744e-01]",[0.11986285 0.01120492 0.02895119 0.839981  ],[9.9999970e-01 3.6385762e-07],"[4.8166616e-08 4.1676092e-05 5.3402741e-02 9.2277557e-01 2.3694051e-02
 8.5880558e-05 7.0882223e-08 2.0361843e-09 1.4723193e-11]"
D:\Uni\Ulm\Master\Hiwi-Forschung-und-Lehre\FairFace\detected_faces\1012658_face0.jpg,White,White,Male,20-29,"[9.7357064e-01 3.6015692e-05 1.3835984e-03 1.8048370e-06 5.4492125e-06
 4.2064607e-06 2.4998309e-02]",[9.9853051e-01 1.2520972e-03 1.2832170e-04 8.9088360e-05],[9.999938e-01 6.185889e-06],"[1.0950187e-07 2.7204873e-05 2.6019922e-02 9.1967010e-01 5.3913333e-02
 3.6802053e-04 1.3078222e-06 1.8973106e-08 4.7980242e-10]"
D:\Uni\Ulm\Master\Hiwi-Forschung-und-Lehre\FairFace\detected_faces\1012898_face0.jpg,Black,Black,Male,20-29,"[9.3907065e-06 9.9981624e-01 7.1869050e-05 2.1921746e-08 3.1767576e-07
 6.7733774e-05 3.4400582e-05]",[3.8528032e-07 9.9999869e-01 1.6785953e-07 7.7851621e-07],[9.9998921e-01 1.0761527e-05],"[7.91790811e-08 1.34552916e-04 4.19354029e-02 7.93640196e-01
 1.61830842e-01 2.44041509e-03 1.81841515e-05 4.07888308e-07
 1.31682265e-08]"
D:\Uni\Ulm\Master\Hiwi-Forschung-und-Lehre\FairFace\detected_faces\1013041_face0.jpg,White,White,Male,10-19,"[7.6809818e-01 7.0886781e-05 5.2620538e-02 2.5938163e-04 3.6854981e-04
 4.6175875e-05 1.7853624e-01]",[9.8714972e-01 2.2637965e-04 1.2465088e-02 1.5884807e-04],[9.9999833e-01 1.6699793e-06],"[1.8328709e-06 3.3711907e-03 5.5737871e-01 4.1175935e-01 2.6752762e-02
 7.3238299e-04 3.5616229e-06 9.7815359e-08 1.2425517e-09]"
D:\Uni\Ulm\Master\Hiwi-Forschung-und-Lehre\FairFace\detected_faces\1013188_face0.jpg,Black,Black,Male,20-29,"[2.1075432e-06 9.9994504e-01 2.5821604e-05 3.1227141e-09 6.8205566e-08
 1.9241814e-05 7.7041232e-06]",[3.8735570e-06 9.9996674e-01 2.4943433e-06 2.6929671e-05],[9.9999833e-01 1.6202728e-06],"[9.7278589e-06 1.0746869e-03 1.5606738e-02 5.2580732e-01 4.2173442e-01
 3.5444491e-02 3.1787905e-04 4.4662306e-06 1.9550544e-07]"
D:\Uni\Ulm\Master\Hiwi-Forschung-und-Lehre\FairFace\detected_faces\1013239_face0.jpg,White,White,Male,10-19,"[4.7546011e-01 5.4836080e-05 6.7954749e-02 1.2502717e-04 3.3162846e-04
 1.3562436e-03 4.5471749e-01]",[0.9655018  0.00382649 0.00362264 0.02704908],[9.9999958e-01 3.9048157e-07],"[1.1827947e-07 5.2497047e-04 6.3019860e-01 3.6625400e-01 2.9963180e-03
 2.5887379e-05 4.5066351e-08 9.7519581e-10 1.1080746e-11]"
D:\Uni\Ulm\Master\Hiwi-Forschung-und-Lehre\FairFace\detected_faces\1013296_face0.jpg,White,White,Male,20-29,"[9.3734944e-01 3.0452617e-05 1.0436099e-02 2.1901515e-05 8.2661187e-05
 1.2100986e-04 5.1958404e-02]",[9.9965346e-01 8.4487852e-05 1.2124648e-04 1.4083397e-04],[1.0000000e+00 5.0625593e-09],"[1.11812746e-07 6.48220812e-05 6.87893108e-02 8.80947173e-01
 4.98049594e-02 3.92526650e-04 1.06361745e-06 1.85004723e-08
 1.92112659e-10]"
D:\Uni\Ulm\Master\Hiwi-Forschung-und-Lehre\FairFace\detected_faces\1013409_face0.jpg,Black,Black,Male,20-29,"[1.3662483e-06 9.9999154e-01 3.6722683e-06 7.9715576e-09 1.1468224e-07
 1.0161170e-06 2.2473312e-06]",[4.4356995e-07 9.9999863e-01 3.0187002e-07 5.6867543e-07],[9.9925828e-01 7.4166484e-04],"[7.3320064e-07 3.2026891e-04 2.9543692e-02 6.7017621e-01 2.8969967e-01
 1.0207521e-02 5.1177438e-05 6.5774100e-07 6.8099695e-08]"
D:\Uni\Ulm\Master\Hiwi-Forschung-und-Lehre\FairFace\detected_faces\1013418_face0.jpg,White,White,Male,20-29,"[9.9657053e-01 1.6868597e-05 1.7398222e-04 5.0043695e-06 9.3325998e-06
 2.4225019e-06 3.2218525e-03]",[9.9987400e-01 6.7644833e-05 3.0548308e-05 2.7809505e-05],[1.00000e+00 6.49254e-10],"[1.2685651e-06 1.4164459e-03 1.7346121e-01 7.5871837e-01 6.4755686e-02
 1.6365218e-03 1.0274531e-05 2.6646444e-07 3.0878240e-09]"
D:\Uni\Ulm\Master\Hiwi-Forschung-und-Lehre\FairFace\detected_faces\1013422_face0.jpg,Middle Eastern,Indian,Male,20-29,"[3.3428892e-02 3.7362985e-05 6.2256943e-02 1.4020797e-04 4.8198100e-04
 1.5366970e-01 7.4998486e-01]",[0.2646829  0.00110553 0.02636759 0.70784396],[9.995536e-01 4.463763e-04],"[1.2386678e-05 2.1725469e-03 3.0464333e-02 8.8743848e-01 7.9278439e-02
 6.3294271e-04 8.7190284e-07 3.7345629e-08 7.9908985e-10]"
D:\Uni\Ulm\Master\Hiwi-Forschung-und-Lehre\FairFace\detected_faces\1013452_face0.jpg,White,White,Male,20-29,"[8.2595026e-01 1.4694505e-04 2.1164969e-02 1.4079420e-05 9.5236799e-05
 4.0441749e-04 1.5222403e-01]",[9.9905199e-01 2.0099207e-04 2.9724251e-05 7.1723986e-04],[9.9999690e-01 3.0749075e-06],"[3.0619158e-09 4.5904180e-06 6.1903909e-02 9.2300791e-01 1.5036793e-02
 4.6724475e-05 9.3689678e-08 1.8356706e-09 4.4193090e-11]"
D:\Uni\Ulm\Master\Hiwi-Forschung-und-Lehre\FairFace\detected_faces\1013928_face0.jpg,White,White,Male,20-29,"[8.6733490e-01 2.5625929e-04 6.4680934e-02 8.0812533e-06 4.7475853e-05
 3.1086598e-03 6.4563684e-02]",[9.7638202e-01 5.5279507e-04 8.6957822e-05 2.2978291e-02],[9.9999988e-01 1.1807544e-07],"[6.7458181e-08 7.9594629e-06 1.9359291e-02 8.4023446e-01 1.3508719e-01
 5.2718427e-03 3.8159542e-05 9.8326029e-07 9.9058655e-09]"
D:\Uni\Ulm\Master\Hiwi-Forschung-und-Lehre\FairFace\detected_faces\1013987_face0.jpg,White,White,Male,40-49,"[9.9937451e-01 7.6693993e-07 2.6996754e-04 7.5071939e-06 8.8966926e-06
 1.5640725e-06 3.3683915e-04]",[9.9873638e-01 7.6546293e-04 4.3465316e-04 6.3565501e-05],[9.9999923e-01 7.9805454e-07],"[1.4708889e-06 6.6686916e-06 1.3439441e-03 8.0882929e-02 3.6007398e-01
 4.0819097e-01 1.4533162e-01 4.1208197e-03 4.7603589e-05]"
D:\Uni\Ulm\Master\Hiwi-Forschung-und-Lehre\FairFace\detected_faces\1013992_face0.jpg,Black,Black,Male,20-29,"[5.63993012e-07 9.99995172e-01 3.12051679e-06 1.37777727e-08
 6.90519641e-08 9.66858238e-07 1.10751806e-07]",[4.3129521e-07 9.9999899e-01 2.8192318e-07 2.7898668e-07],[0.7473832 0.2526168],"[6.3227901e-07 7.3771743e-04 1.5281177e-01 6.5706468e-01 1.7739427e-01
 1.1482974e-02 4.8669323e-04 1.9841078e-05 1.4182456e-06]"
D:\Uni\Ulm\Master\Hiwi-Forschung-und-Lehre\FairFace\detected_faces\1013994_face0.jpg,Black,Black,Male,20-29,"[4.0573784e-04 9.5531845e-01 2.2723993e-02 1.7058736e-06 6.6405431e-05
 1.9446088e-02 2.0376116e-03]",[5.4970745e-04 9.9673623e-01 5.7027548e-05 2.6570961e-03],[1.0000000e+00 5.1707314e-09],"[7.73978481e-09 2.31399622e-06 4.36132168e-03 7.10570931e-01
 2.74423718e-01 1.05671715e-02 7.41765471e-05 2.87622072e-07
 2.08632955e-09]"
D:\Uni\Ulm\Master\Hiwi-Forschung-und-Lehre\FairFace\detected_faces\1014042_face0.jpg,Middle Eastern,White,Male,20-29,"[3.3990854e-01 4.2799072e-04 9.4262138e-02 8.0607118e-05 1.3639897e-04
 2.1224872e-03 5.6306183e-01]",[9.9405015e-01 3.2341885e-03 2.1145763e-03 6.0104538e-04],[9.9999958e-01 4.1755152e-07],"[3.3304502e-06 1.7603987e-04 9.7496966e-03 7.6187640e-01 2.2201706e-01
 6.1471658e-03 2.9180645e-05 1.1368862e-06 1.2681634e-08]"
D:\Uni\Ulm\Master\Hiwi-Forschung-und-Lehre\FairFace\detected_faces\1014085_face0.jpg,White,White,Male,10-19,"[7.0680559e-01 3.5042453e-05 1.2923975e-02 7.0338298e-05 8.2406295e-05
 1.2300481e-04 2.7995974e-01]",[9.9760234e-01 4.8762435e-04 8.8079728e-04 1.0292374e-03],[9.9988568e-01 1.1427104e-04],"[3.2090629e-08 8.5846015e-04 8.7803483e-01 1.2080369e-01 3.0065179e-04
 2.3709890e-06 4.7990119e-09 2.4632277e-10 7.0030496e-12]"
D:\Uni\Ulm\Master\Hiwi-Forschung-und-Lehre\FairFace\detected_faces\1014098_face0.jpg,Black,Black,Male,20-29,"[2.8315555e-06 9.9903172e-01 1.8226913e-04 1.8642825e-07 5.3680556e-06
 7.5846864e-04 1.9135332e-05]",[9.5163659e-07 9.9963588e-01 3.5199614e-06 3.5966208e-04],[9.9997181e-01 2.8148906e-05],"[3.7408171e-07 9.7320706e-04 2.3472537e-01 7.1490824e-01 4.8262540e-02
 1.1201254e-03 9.9073204e-06 3.4114848e-07 1.1288255e-08]"
D:\Uni\Ulm\Master\Hiwi-Forschung-und-Lehre\FairFace\detected_faces\1014099_face0.jpg,White,White,Male,20-29,"[9.9894059e-01 1.6616908e-05 2.2898892e-04 2.3893605e-07 3.7000809e-06
 3.3951342e-06 8.0643955e-04]",[9.9993235e-01 2.0845617e-05 2.4592311e-05 2.2190708e-05],[9.9999887e-01 1.1657095e-06],"[5.0563010e-08 9.1603688e-06 8.8853994e-03 8.3350176e-01 1.5188354e-01
 5.6473501e-03 7.0613882e-05 1.9255631e-06 5.7270761e-08]"
D:\Uni\Ulm\Master\Hiwi-Forschung-und-Lehre\FairFace\detected_faces\1014104_face0.jpg,White,White,Male,30-39,"[9.9877340e-01 6.7398241e-06 1.0009575e-04 8.0806979e-07 1.9654549e-06
 1.4361227e-06 1.1155002e-03]",[9.9948460e-01 3.6012783e-04 5.6211509e-05 9.9070538e-05],[9.9999970e-01 2.8646724e-07],"[3.5633374e-08 1.4945483e-06 2.2236227e-04 3.5934991e-01 6.1938983e-01
 2.0928491e-02 1.0677063e-04 1.1578031e-06 3.2063049e-08]"
D:\Uni\Ulm\Master\Hiwi-Forschung-und-Lehre\FairFace\detected_faces\1014118_face0.jpg,White,White,Male,20-29,"[8.11330438e-01 1.80769013e-04 7.67818019e-02 3.19076190e-03
 3.86445574e-03 1.06372300e-03 1.03588045e-01]",[0.9487237  0.00102846 0.04473973 0.00550819],[9.9999672e-01 3.2319049e-06],"[7.5897944e-08 1.3467462e-05 2.6108816e-02 9.1309321e-01 6.0546145e-02
 2.3733993e-04 8.3491165e-07 3.0588605e-08 4.7744492e-10]"
D:\Uni\Ulm\Master\Hiwi-Forschung-und-Lehre\FairFace\detected_faces\1014119_face0.jpg,Middle Eastern,White,Male,30-39,"[2.9446429e-01 3.4302400e-05 4.6853120e-03 9.8666624e-06 2.5738414e-05
 1.5637914e-04 7.0062411e-01]",[9.9891347e-01 2.6984769e-04 1.1444581e-04 7.0218818e-04],[9.9997997e-01 2.0030282e-05],"[5.8726982e-07 4.8734164e-06 1.9777482e-03 3.3282468e-01 5.9082216e-01
 7.2867438e-02 1.4618869e-03 3.9870723e-05 7.7810716e-07]"
D:\Uni\Ulm\Master\Hiwi-Forschung-und-Lehre\FairFace\detected_faces\1014209_face0.jpg,Latino_Hispanic,Black,Male,20-29,"[0.07259406 0.18521947 0.49757692 0.00260394 0.01048246 0.0063106
 0.22521256]",[0.04303279 0.8967661  0.03346411 0.0267371 ],[9.9968714e-01 3.1284173e-04],"[3.1885324e-07 1.4754842e-05 1.7492546e-02 6.8359423e-01 2.7769062e-01
 2.0693090e-02 5.0326466e-04 1.0727141e-05 4.1415325e-07]"
D:\Uni\Ulm\Master\Hiwi-Forschung-und-Lehre\FairFace\detected_faces\1014210_face0.jpg,Black,Black,Male,20-29,"[1.9612442e-07 9.9997771e-01 5.2422233e-06 5.2408314e-08 5.2787686e-07
 1.5967320e-05 2.1737003e-07]",[2.5121940e-07 9.9997401e-01 1.0526967e-06 2.4708050e-05],[0.8152415  0.18475845],"[3.3281140e-07 8.5855281e-04 2.8051558e-01 6.6266084e-01 5.4509182e-02
 1.4346306e-03 2.0501435e-05 3.8610403e-07 2.1964210e-08]"
D:\Uni\Ulm\Master\Hiwi-Forschung-und-Lehre\FairFace\detected_faces\1014212_face0.jpg,White,White,Male,20-29,"[9.9999142e-01 5.6708327e-08 6.9198893e-07 8.0246174e-08 1.2821370e-07
 1.8361789e-08 7.6767792e-06]",[9.9999362e-01 7.8651419e-07 5.4800803e-06 1.6081739e-07],[9.9999934e-01 6.4068087e-07],"[1.5423674e-06 1.1172259e-03 7.7830821e-02 7.7904338e-01 1.3416265e-01
 7.7163833e-03 1.2574693e-04 2.1389733e-06 7.9872294e-08]"
D:\Uni\Ulm\Master\Hiwi-Forschung-und-Lehre\FairFace\detected_faces\1014214_face0.jpg,White,White,Male,10-19,"[9.9952430e-01 3.3002311e-07 1.5957556e-05 1.6572343e-07 3.2180756e-07
 2.9680461e-07 4.5862875e-04]",[9.9998975e-01 2.7025233e-06 1.5978846e-06 5.8574092e-06],[9.9999857e-01 1.4471239e-06],"[3.0860406e-08 3.0170265e-04 7.2823113e-01 2.6996085e-01 1.4745154e-03
 3.1640539e-05 1.3069095e-07 1.8493144e-09 4.4474448e-11]"
D:\Uni\Ulm\Master\Hiwi-Forschung-und-Lehre\FairFace\detected_faces\1014222_face0.jpg,Black,Black,Male,20-29,"[2.7346814e-03 9.5093966e-01 4.2922325e-02 3.1340119e-06 1.1198268e-04
 2.7868012e-03 5.0146563e-04]",[1.6891659e-03 9.7147870e-01 2.4193575e-04 2.6590213e-02],[9.9999756e-01 2.4625435e-06],"[6.8236403e-07 5.8239562e-05 5.7198629e-02 7.5912553e-01 1.6034912e-01
 2.1889675e-02 1.3496560e-03 2.7927554e-05 4.7225066e-07]"
D:\Uni\Ulm\Master\Hiwi-Forschung-und-Lehre\FairFace\detected_faces\1014225_face0.jpg,Latino_Hispanic,Indian,Male,20-29,"[1.3085737e-02 1.0622861e-02 3.9759180e-01 8.0355479e-05 1.7863780e-03
 3.3518139e-01 2.4165159e-01]",[0.02061794 0.08215133 0.0033435  0.8938872 ],[9.9999797e-01 2.0357809e-06],"[5.1315993e-08 1.1955936e-05 1.1987337e-02 8.7679762e-01 1.1044914e-01
 7.5203716e-04 1.7196307e-06 4.0357325e-08 6.2692662e-10]"
D:\Uni\Ulm\Master\Hiwi-Forschung-und-Lehre\FairFace\detected_faces\1014286_face0.jpg,Black,Black,Male,20-29,"[1.4310018e-03 9.5236868e-01 4.5198258e-02 3.8826829e-06 7.1897717e-05
 2.6893208e-04 6.5732893e-04]",[1.0236319e-04 9.9979943e-01 2.8444403e-05 6.9710411e-05],[9.9997228e-01 2.7728001e-05],"[5.2574427e-07 3.8914710e-05 4.3820065e-02 8.6455506e-01 8.9750938e-02
 1.8186296e-03 1.5553938e-05 3.3169442e-07 9.8877697e-09]"
D:\Uni\Ulm\Master\Hiwi-Forschung-und-Lehre\FairFace\detected_faces\1014287_face0.jpg,Black,Black,Male,20-29,"[8.7429327e-04 9.4192749e-01 5.1899794e-02 3.2164455e-05 1.0080208e-03
 2.0303077e-03 2.2279765e-03]",[0.00302099 0.99012184 0.00209544 0.00476168],[9.9999267e-01 7.2811918e-06],"[4.7067210e-06 1.4388928e-04 1.1460872e-02 6.2189168e-01 3.5615394e-01
 1.0250271e-02 9.3019720e-05 1.5079431e-06 5.2318445e-08]"
D:\Uni\Ulm\Master\Hiwi-Forschung-und-Lehre\FairFace\detected_faces\1014290_face0.jpg,White,White,Male,20-29,"[9.0122348e-01 6.4342821e-05 1.5761979e-02 1.5931395e-05 3.9582665e-05
 1.7808972e-05 8.2876801e-02]",[9.9366707e-01 5.8328784e-03 3.1044395e-04 1.8960265e-04],[9.9998373e-01 1.6283617e-05],"[9.1767918e-09 5.0010087e-05 4.3663138e-01 5.5916846e-01 4.1258335e-03
 2.4219495e-05 5.9279120e-08 1.2388018e-09 2.0785949e-11]"
D:\Uni\Ulm\Master\Hiwi-Forschung-und-Lehre\FairFace\detected_faces\1014375_face0.jpg,White,White,Male,20-29,"[9.9763268e-01 2.7694077e-06 6.1101618e-04 1.6953138e-06 3.6622785e-06
 1.3449948e-06 1.7467270e-03]",[9.9997461e-01 1.6110977e-05 7.7138275e-06 1.5930876e-06],[9.9999666e-01 3.3435176e-06],"[2.1923757e-08 1.6781067e-05 1.4027581e-01 8.4183753e-01 1.7474258e-02
 3.9278899e-04 2.7392091e-06 3.8377120e-08 7.2449169e-10]"
D:\Uni\Ulm\Master\Hiwi-Forschung-und-Lehre\FairFace\detected_faces\1014412_face0.jpg,White,White,Male,30-39,"[9.8903626e-01 4.0855593e-05 1.3637786e-03 1.3155166e-05 1.5148977e-05
 3.3982787e-06 9.5273126e-03]",[9.9910128e-01 2.8799867e-04 5.7371310e-04 3.7028181e-05],[1.0000000e+00 3.3548702e-09],"[3.1398440e-07 3.1934698e-05 5.7704067e-03 4.6362782e-01 5.0772482e-01
 2.2717727e-02 1.2599301e-04 9.3243602e-07 5.0169970e-09]"
D:\Uni\Ulm\Master\Hiwi-Forschung-und-Lehre\FairFace\detected_faces\1014429_face0.jpg,White,White,Male,10-19,"[9.9996549e-01 2.9493082e-08 5.2069686e-06 8.9473950e-08 2.0098625e-07
 3.1067565e-08 2.8980961e-05]",[9.9999088e-01 5.8463384e-06 2.4153815e-06 7.7340133e-07],[9.993485e-01 6.514992e-04],"[3.8218278e-07 2.4975431e-03 7.3076403e-01 2.6240566e-01 4.2069443e-03
 1.2435571e-04 1.0245401e-06 3.6753857e-08 1.2953308e-09]"
D:\Uni\Ulm\Master\Hiwi-Forschung-und-Lehre\FairFace\detected_faces\1014441_face0.jpg,Black,Black,Male,20-29,"[5.5460523e-06 9.9961478e-01 2.1115404e-04 6.7521199e-07 2.2946513e-05
 1.2944198e-04 1.5378559e-05]",[1.7814335e-06 9.9995166e-01 2.2179307e-05 2.4403393e-05],[9.998930e-01 1.069646e-04],"[1.3200153e-08 2.4283212e-05 9.6627340e-02 8.5403174e-01 4.8997685e-02
 3.1796333e-04 9.5107708e-07 1.3512927e-08 6.3084460e-10]"
D:\Uni\Ulm\Master\Hiwi-Forschung-und-Lehre\FairFace\detected_faces\1014451_face0.jpg,Black,Black,Male,30-39,"[6.5735627e-08 9.9998647e-01 4.6214200e-06 1.2276650e-08 4.2351203e-07
 8.0588497e-06 3.3557325e-07]",[7.4609225e-08 9.9999118e-01 9.0921435e-07 7.8391040e-06],[9.9999964e-01 4.0859024e-07],"[6.0199317e-09 2.6599577e-07 6.7978015e-04 4.7683790e-01 4.8147553e-01
 4.0333167e-02 6.5891561e-04 1.3731289e-05 6.9830838e-07]"
D:\Uni\Ulm\Master\Hiwi-Forschung-und-Lehre\FairFace\detected_faces\1014453_face0.jpg,White,White,Male,10-19,"[8.8526660e-01 1.8597118e-05 1.2787623e-02 9.3246081e-06 1.3671503e-05
 3.0122053e-05 1.0187403e-01]",[9.998981e-01 3.437408e-05 5.913545e-05 8.447515e-06],[9.998999e-01 1.000913e-04],"[3.42533576e-06 6.10923767e-02 9.30362701e-01 8.10768083e-03
 3.92518385e-04 4.09811582e-05 3.05224972e-07 1.25650566e-08
 4.50242399e-10]"
D:\Uni\Ulm\Master\Hiwi-Forschung-und-Lehre\FairFace\detected_faces\1014459_face0.jpg,Black,Black,Male,10-19,"[7.9445431e-07 9.9999422e-01 3.6033557e-06 8.6225418e-09 9.8930776e-08
 9.4299901e-07 3.1093535e-07]",[2.8862664e-07 9.9999809e-01 3.3628885e-07 1.2289794e-06],[0.9983169 0.0016831],"[5.1894567e-06 1.1161331e-02 5.0312960e-01 4.4985649e-01 3.4571208e-02
 1.2506470e-03 2.4162033e-05 1.2132014e-06 1.2136231e-07]"
D:\Uni\Ulm\Master\Hiwi-Forschung-und-Lehre\FairFace\detected_faces\1014461_face0.jpg,Black,Black,Male,20-29,"[1.1969311e-06 9.9996185e-01 2.5169757e-05 7.4657777e-08 4.0976361e-06
 7.0732676e-06 4.8756527e-07]",[7.9764948e-07 9.9998915e-01 4.6917203e-06 5.4070847e-06],[9.9998498e-01 1.4991637e-05],"[1.6048355e-07 6.2319406e-05 1.6691243e-02 7.6066226e-01 2.1461749e-01
 7.8219529e-03 1.4293646e-04 1.5158724e-06 1.2464297e-07]"
D:\Uni\Ulm\Master\Hiwi-Forschung-und-Lehre\FairFace\detected_faces\1014463_face0.jpg,White,White,Male,20-29,"[9.9998742e-01 1.7349484e-08 4.2686452e-06 2.3733548e-07 2.9666873e-07
 6.3777179e-08 7.6299657e-06]",[9.9999744e-01 1.7813428e-06 7.4085312e-07 7.7143298e-08],[9.9999970e-01 3.1252608e-07],"[3.4044415e-06 1.6765932e-03 3.8876060e-01 5.4985398e-01 5.6901854e-02
 2.7738637e-03 2.9404415e-05 2.9506950e-07 1.1261076e-08]"
D:\Uni\Ulm\Master\Hiwi-Forschung-und-Lehre\FairFace\detected_faces\1014486_face0.jpg,White,White,Male,20-29,"[9.7969097e-01 3.5018838e-06 1.8113896e-03 1.2885750e-04 6.7127934e-05
 2.5116498e-05 1.8273041e-02]",[9.9964821e-01 4.9247096e-06 3.3407361e-04 1.2806463e-05],[9.9998212e-01 1.7936472e-05],"[3.9957644e-07 4.9567418e-05 1.2275986e-02 8.4191889e-01 1.4410870e-01
 1.6379457e-03 8.4726780e-06 6.5137499e-08 1.6467020e-09]"
D:\Uni\Ulm\Master\Hiwi-Forschung-und-Lehre\FairFace\detected_faces\1014493_face0.jpg,White,White,Male,20-29,"[9.9578410e-01 4.1352955e-06 1.1782346e-03 5.1789488e-07 2.1509836e-06
 3.4901022e-05 2.9959055e-03]",[9.9927849e-01 4.8849332e-05 8.2995408e-05 5.8972876e-04],[1.00000e+00 9.98674e-09],"[8.0821010e-08 3.5071705e-05 2.7365463e-02 8.7569946e-01 9.3321823e-02
 3.5593593e-03 1.8595785e-05 1.9070831e-07 2.0383997e-09]"
D:\Uni\Ulm\Master\Hiwi-Forschung-und-Lehre\FairFace\detected_faces\1014507_face0.jpg,White,White,Male,20-29,"[9.9806011e-01 2.8322007e-05 5.3107535e-04 1.3135326e-05 4.5351037e-05
 9.5080003e-07 1.3211122e-03]",[9.9904454e-01 8.8193972e-04 7.0698276e-05 2.8107136e-06],[9.9999511e-01 4.8737206e-06],"[4.5800757e-08 2.4363593e-05 4.4788577e-02 8.9302015e-01 6.1267354e-02
 8.8964164e-04 9.5394098e-06 2.5795637e-07 8.3805816e-09]"
D:\Uni\Ulm\Master\Hiwi-Forschung-und-Lehre\FairFace\detected_faces\1014513_face0.jpg,Black,Black,Male,20-29,"[8.2718873e-07 9.9984139e-01 9.7108386e-06 3.4739987e-08 1.2128527e-06
 1.4626526e-04 6.6129786e-07]",[5.2790966e-07 9.9999219e-01 1.1590389e-06 6.0980447e-06],[9.9999881e-01 1.2224608e-06],"[7.6397711e-08 1.1023354e-04 6.3047543e-02 7.8677875e-01 1.4227274e-01
 7.6988535e-03 9.0938767e-05 8.6307784e-07 2.2050079e-08]"
D:\Uni\Ulm\Master\Hiwi-Forschung-und-Lehre\FairFace\detected_faces\1014528_face0.jpg,White,White,Male,10-19,"[4.6844715e-01 3.6028549e-02 4.3530974e-01 4.5771015e-04 1.6997990e-03
 3.7695232e-04 5.7680134e-02]",[9.6583706e-01 3.3397101e-02 4.9558841e-04 2.7022400e-04],[0.8294425  0.17055753],"[5.8647753e-09 3.9091188e-05 5.8789670e-01 4.0558815e-01 6.4230394e-03
 5.2605516e-05 3.7659592e-07 1.3461436e-08 2.7165478e-10]"
D:\Uni\Ulm\Master\Hiwi-Forschung-und-Lehre\FairFace\detected_faces\1014556_face0.jpg,Black,Black,Male,20-29,"[7.0776059e-06 9.9418432e-01 5.5987999e-04 1.5889636e-05 8.8904245e-04
 4.3345410e-03 9.2672299e-06]",[8.4405037e-06 9.9872017e-01 3.4749968e-04 9.2382170e-04],[9.9999803e-01 1.9688966e-06],"[2.3531950e-08 1.0252337e-05 3.8295787e-02 8.5530150e-01 1.0234174e-01
 3.9854711e-03 6.4027721e-05 1.2182080e-06 3.4586130e-08]"
D:\Uni\Ulm\Master\Hiwi-Forschung-und-Lehre\FairFace\detected_faces\1014566_face0.jpg,White,White,Male,20-29,"[7.73299217e-01 1.55698857e-04 1.10765606e-01 1.35449867e-03
 1.53480936e-03 3.36478028e-04 1.12553641e-01]",[0.97781825 0.01054501 0.00970756 0.00192919],[9.9998498e-01 1.5007999e-05],"[4.6347939e-08 1.5216738e-04 3.5724708e-01 6.2459141e-01 1.7613592e-02
 3.9372369e-04 1.8778411e-06 3.0106822e-08 4.3793719e-10]"
D:\Uni\Ulm\Master\Hiwi-Forschung-und-Lehre\FairFace\detected_faces\1014595_face0.jpg,Middle Eastern,White,Male,10-19,"[4.6003178e-01 3.1488450e-04 1.1623838e-02 5.7444065e-03 9.8359934e-04
 2.8192488e-04 5.2101964e-01]",[0.97331125 0.00853941 0.01678549 0.00136393],[9.992838e-01 7.162634e-04],"[2.3775898e-05 2.3344934e-02 7.1025711e-01 2.5640014e-01 9.7084139e-03
 2.6210863e-04 3.2278883e-06 3.2250696e-07 1.3240059e-08]"
D:\Uni\Ulm\Master\Hiwi-Forschung-und-Lehre\FairFace\detected_faces\1014609_face0.jpg,White,White,Male,10-19,"[9.0671027e-01 3.6587950e-05 8.3731161e-03 8.9771820e-05 1.8410628e-04
 6.9670787e-05 8.4536634e-02]",[9.9800193e-01 8.3905959e-04 1.0022565e-03 1.5675687e-04],[9.9985194e-01 1.4804110e-04],"[3.62120971e-07 4.83579293e-04 5.41190386e-01 4.45436060e-01
 1.24760838e-02 4.09479602e-04 3.86912734e-06 1.03751276e-07
 2.82825940e-09]"
D:\Uni\Ulm\Master\Hiwi-Forschung-und-Lehre\FairFace\detected_faces\1014622_face0.jpg,White,White,Male,20-29,"[9.99996841e-01 2.94581834e-08 1.02698152e-06 3.45206708e-08
 6.41763620e-08 1.01783355e-08 2.07340918e-06]",[9.9999547e-01 3.0420201e-06 1.1667465e-06 3.1021551e-07],[9.9998027e-01 1.9771473e-05],"[3.9573504e-08 2.3720782e-05 2.1425016e-02 8.5024917e-01 1.2605749e-01
 2.2312128e-03 1.3228951e-05 7.9902719e-08 4.9407025e-09]"
D:\Uni\Ulm\Master\Hiwi-Forschung-und-Lehre\FairFace\detected_faces\1014681_face0.jpg,White,White,Male,20-29,"[7.5075376e-01 1.6494537e-03 1.5600546e-01 7.0424855e-04 1.0442345e-03
 7.9824077e-04 8.9044668e-02]",[0.83082116 0.12912937 0.03367558 0.00637389],[9.9999237e-01 7.6018096e-06],"[2.4224775e-07 7.0837654e-05 1.6349076e-01 8.1566042e-01 2.0511607e-02
 2.6354386e-04 2.4872768e-06 6.8640915e-08 1.5642866e-09]"
D:\Uni\Ulm\Master\Hiwi-Forschung-und-Lehre\FairFace\detected_faces\1014682_face0.jpg,White,White,Male,10-19,"[6.4464450e-01 1.6540461e-04 1.1631705e-01 1.5983622e-05 8.9778157e-05
 2.0394220e-03 2.3672782e-01]",[9.9744135e-01 3.7950202e-04 4.7501750e-04 1.7042273e-03],[9.99999881e-01 1.05416326e-07],"[1.0141129e-07 4.3215332e-04 5.3781867e-01 4.5479360e-01 6.8973950e-03
 5.8037069e-05 9.9378710e-08 2.8002209e-09 3.3464013e-11]"
D:\Uni\Ulm\Master\Hiwi-Forschung-und-Lehre\FairFace\detected_faces\1014687_face0.jpg,Middle Eastern,White,Male,10-19,"[2.7802238e-02 6.2149024e-06 1.9602396e-03 7.5509182e-05 5.4307289e-05
 6.2643085e-05 9.7003889e-01]",[0.99153286 0.00114248 0.00495989 0.00236478],[0.9908562  0.00914384],"[6.91617998e-08 9.40803089e-04 8.20694447e-01 1.76568538e-01
 1.77757512e-03 1.84664641e-05 4.82888005e-08 2.51811816e-09
 1.03963206e-10]"
D:\Uni\Ulm\Master\Hiwi-Forschung-und-Lehre\FairFace\detected_faces\1014694_face0.jpg,Latino_Hispanic,Indian,Male,10-19,"[0.11667836 0.00501101 0.35621622 0.00422041 0.01470328 0.22627217
 0.27689856]",[0.24235672 0.24279188 0.01079324 0.5040582 ],[0.9979658  0.00203412],"[4.5093304e-07 2.2533908e-03 6.3887316e-01 3.5337234e-01 5.4210522e-03
 7.8736135e-05 7.1141358e-07 7.3943347e-08 3.2904497e-09]"
D:\Uni\Ulm\Master\Hiwi-Forschung-und-Lehre\FairFace\detected_faces\1014711_face0.jpg,White,White,Male,10-19,"[7.8334808e-01 1.3088050e-05 2.4788401e-03 9.2507826e-06 1.9305779e-05
 2.9827374e-05 2.1410157e-01]",[9.9931973e-01 2.7171828e-04 4.3389813e-05 3.6516326e-04],[9.9991727e-01 8.2742648e-05],"[8.5966172e-07 1.6682656e-03 6.4023954e-01 3.3892539e-01 1.7948780e-02
 1.2000903e-03 1.6603468e-05 5.6071832e-07 1.1751281e-08]"
D:\Uni\Ulm\Master\Hiwi-Forschung-und-Lehre\FairFace\detected_faces\1014726_face0.jpg,White,White,Male,20-29,"[9.7677767e-01 2.9524172e-05 1.7275626e-02 5.3487292e-05 7.7401797e-05
 3.4247099e-05 5.7520326e-03]",[9.9123979e-01 5.9481681e-04 3.1083582e-03 5.0570602e-03],[9.9995869e-01 4.1275114e-05],"[1.0822923e-08 4.8013968e-05 4.0207902e-01 5.9289330e-01 4.8899488e-03
 8.9094516e-05 6.1472014e-07 1.9049590e-08 3.8550207e-10]"
D:\Uni\Ulm\Master\Hiwi-Forschung-und-Lehre\FairFace\detected_faces\1014740_face0.jpg,White,White,Male,20-29,"[9.9307996e-01 4.3621851e-05 1.3480509e-03 9.6983131e-06 2.5276642e-05
 1.8296311e-04 5.3103738e-03]",[9.9748939e-01 1.9798799e-04 7.0578831e-06 2.3055174e-03],[9.999835e-01 1.646988e-05],"[8.77737083e-09 3.83522129e-05 1.94729790e-01 7.93107629e-01
 1.20183425e-02 1.05333966e-04 5.68644055e-07 7.62084529e-09
 2.05149328e-10]"
D:\Uni\Ulm\Master\Hiwi-Forschung-und-Lehre\FairFace\detected_faces\1014801_face0.jpg,Latino_Hispanic,White,Male,20-29,"[1.5930587e-01 2.6980098e-04 8.1268841e-01 9.8275708e-04 2.5729071e-03
 3.5507213e-03 2.0629426e-02]",[0.81119055 0.00375518 0.13393995 0.05111427],[9.999994e-01 6.242689e-07],"[4.3473659e-07 2.4685070e-05 3.5157997e-02 6.9405651e-01 2.4884343e-01
 2.1353506e-02 5.5536319e-04 7.9274887e-06 5.8902508e-08]"
D:\Uni\Ulm\Master\Hiwi-Forschung-und-Lehre\FairFace\detected_faces\1014806_face0.jpg,White,White,Male,20-29,"[9.3453348e-01 2.4057098e-04 1.6411321e-02 9.2548498e-06 3.9716670e-05
 5.5595970e-05 4.8710037e-02]",[9.84693587e-01 1.25676645e-02 2.68702803e-04 2.47002975e-03],[9.9999982e-01 2.4166448e-07],"[6.9128463e-09 3.7258028e-06 3.0887449e-02 8.9082426e-01 7.7285886e-02
 9.9598477e-04 2.6267612e-06 1.2609711e-08 9.8427384e-11]"
D:\Uni\Ulm\Master\Hiwi-Forschung-und-Lehre\FairFace\detected_faces\1014812_face0.jpg,White,White,Male,20-29,"[8.9207399e-01 3.2148107e-06 4.0124217e-03 1.9506522e-06 3.3159095e-06
 2.6169527e-04 1.0364344e-01]",[9.9962002e-01 4.4143599e-06 7.6440665e-06 3.6799398e-04],[9.9999988e-01 1.2797676e-07],"[1.8118341e-08 8.3277073e-06 7.6032467e-03 9.3036932e-01 6.1737366e-02
 2.8138759e-04 3.1445674e-07 4.5736654e-09 4.6013499e-11]"
D:\Uni\Ulm\Master\Hiwi-Forschung-und-Lehre\FairFace\detected_faces\1014835_face0.jpg,Black,Black,Male,30-39,"[2.4507101e-05 9.9964046e-01 2.8637683e-04 6.5613712e-08 9.5883775e-07
 3.6544996e-05 1.1088711e-05]",[1.6660830e-05 9.9976212e-01 1.7844499e-05 2.0336945e-04],[9.999990e-01 9.612822e-07],"[5.7245052e-07 1.5511105e-05 3.6648999e-03 3.8088495e-01 4.6603203e-01
 1.3906403e-01 1.0068106e-02 2.6176215e-04 8.0490045e-06]"
D:\Uni\Ulm\Master\Hiwi-Forschung-und-Lehre\FairFace\detected_faces\1014987_face0.jpg,White,White,Male,20-29,"[9.0623105e-01 2.6371930e-05 5.0479206e-03 2.1416645e-05 8.1790182e-05
 1.4553119e-04 8.8445924e-02]",[9.997003e-01 6.975676e-06 7.095389e-05 2.217921e-04],[9.9993795e-01 6.2064348e-05],"[1.3834281e-07 7.5905766e-05 4.6140578e-02 8.8188004e-01 7.1146570e-02
 7.5449736e-04 2.1720246e-06 3.8839165e-08 8.9563496e-10]"
D:\Uni\Ulm\Master\Hiwi-Forschung-und-Lehre\FairFace\detected_faces\1015011_face0.jpg,Indian,Black,Male,20-29,"[1.5814311e-03 3.9442194e-01 5.0686825e-02 7.4664669e-05 6.1194302e-04
 5.4148072e-01 1.1142537e-02]",[1.1736692e-03 6.5635872e-01 2.4671241e-04 3.4222090e-01],[0.8883616 0.1116384],"[1.0248215e-06 4.7662141e-04 1.0489439e-01 5.9822756e-01 2.7942824e-01
 1.6471418e-02 4.8886338e-04 1.1603023e-05 2.4560063e-07]"
D:\Uni\Ulm\Master\Hiwi-Forschung-und-Lehre\FairFace\detected_faces\1015172_face0.jpg,White,White,Male,10-19,"[9.1972226e-01 4.9942711e-05 2.0913837e-02 1.8426728e-04 2.8744937e-04
 8.9318689e-04 5.7948966e-02]",[9.8880434e-01 5.0351192e-04 7.1259867e-03 3.5661226e-03],[9.999904e-01 9.603460e-06],"[1.7044299e-07 8.0614758e-04 5.9179235e-01 4.0417051e-01 3.1847975e-03
 4.5731016e-05 2.2844668e-07 8.6554950e-09 1.9141853e-10]"
D:\Uni\Ulm\Master\Hiwi-Forschung-und-Lehre\FairFace\detected_faces\1015211_face0.jpg,Middle Eastern,White,Male,20-29,"[4.4023520e-01 2.2951904e-04 2.8504942e-02 5.6307577e-05 7.8327081e-05
 1.8817313e-03 5.2901399e-01]",[9.82739449e-01 2.04801559e-03 1.68684564e-04 1.50437765e-02],[9.9999827e-01 1.7082427e-06],"[1.29881655e-05 3.18547274e-04 5.66680916e-02 6.14178360e-01
 3.00778061e-01 2.69184392e-02 1.07457349e-03 5.01415525e-05
 7.89747730e-07]"
D:\Uni\Ulm\Master\Hiwi-Forschung-und-Lehre\FairFace\detected_faces\1015227_face0.jpg,Black,Black,Male,30-39,"[1.7762229e-06 9.9997956e-01 1.4494484e-05 2.1666057e-08 2.2682542e-07
 2.2146423e-06 1.6930073e-06]",[6.6363924e-07 9.9998915e-01 5.4797056e-06 4.7087083e-06],[9.9999470e-01 5.3120048e-06],"[4.3320501e-06 5.7633912e-05 1.9334351e-03 2.2955474e-01 6.0901350e-01
 1.5708223e-01 2.3217176e-03 3.0871975e-05 1.4984977e-06]"
D:\Uni\Ulm\Master\Hiwi-Forschung-und-Lehre\FairFace\detected_faces\1015240_face0.jpg,Middle Eastern,White,Male,20-29,"[4.2217150e-01 4.3882971e-04 3.7734807e-02 5.7410245e-05 1.3965550e-04
 2.0387869e-04 5.3925389e-01]",[9.9655879e-01 4.6681613e-04 1.1895351e-03 1.7848396e-03],[9.9999994e-01 5.3470792e-08],"[6.1985432e-08 3.4323628e-05 2.8034078e-02 9.4076926e-01 3.1056499e-02
 1.0560783e-04 1.6500219e-07 6.1503562e-09 6.6361763e-11]"
D:\Uni\Ulm\Master\Hiwi-Forschung-und-Lehre\FairFace\detected_faces\1015256_face0.jpg,Black,Black,Male,20-29,"[4.4095954e-03 6.7927629e-01 1.9711129e-01 7.7329547e-05 2.0135911e-03
 1.1617382e-01 9.3800569e-04]",[6.5823406e-04 9.3399316e-01 4.5806370e-04 6.4890578e-02],[9.9999964e-01 4.0710893e-07],"[4.7077513e-08 1.7745642e-06 5.0572292e-03 6.4077902e-01 3.3235806e-01
 2.1316640e-02 4.7933566e-04 7.6831639e-06 1.0102868e-07]"
D:\Uni\Ulm\Master\Hiwi-Forschung-und-Lehre\FairFace\detected_faces\1015267_face0.jpg,Latino_Hispanic,Black,Male,20-29,"[8.4930077e-02 2.0291044e-01 6.0814691e-01 3.6855745e-05 3.6876817e-04
 5.0217830e-02 5.3389180e-02]",[0.08652748 0.6508366  0.00200044 0.26063552],[9.9999994e-01 5.4046748e-08],"[4.0775301e-08 1.9371000e-06 2.8582837e-03 7.7711976e-01 2.1568429e-01
 4.2956858e-03 3.9282131e-05 7.4899799e-07 7.3695272e-09]"
D:\Uni\Ulm\Master\Hiwi-Forschung-und-Lehre\FairFace\detected_faces\1015274_face0.jpg,Middle Eastern,White,Male,20-29,"[0.27488527 0.02389787 0.21499246 0.00302264 0.01557703 0.01969857
 0.44792616]",[0.7233584  0.03941281 0.09660488 0.14062391],[1.0000000e+00 1.1740828e-09],"[3.1030442e-07 9.1903876e-06 4.1349358e-03 6.2186676e-01 3.5803992e-01
 1.5674300e-02 2.6561439e-04 8.8795305e-06 7.5185959e-08]"
D:\Uni\Ulm\Master\Hiwi-Forschung-und-Lehre\FairFace\detected_faces\1015287_face0.jpg,Black,Black,Male,20-29,"[2.7044892e-04 9.7480398e-01 1.1464081e-02 2.3426244e-06 9.8596131e-05
 6.9404575e-03 6.4200582e-03]",[8.5275416e-05 9.9633700e-01 8.3443738e-05 3.4943307e-03],[9.9999017e-01 9.8236223e-06],"[1.4229386e-07 9.5221048e-06 1.0274603e-02 8.1920755e-01 1.6690645e-01
 3.5779597e-03 2.3375727e-05 4.5996057e-07 1.5349881e-08]"
D:\Uni\Ulm\Master\Hiwi-Forschung-und-Lehre\FairFace\detected_faces\1015368_face0.jpg,White,White,Male,20-29,"[9.9998581e-01 1.1937080e-07 2.9885575e-06 1.5138291e-07 4.4555875e-07
 3.1145238e-08 1.0429700e-05]",[9.9952346e-01 2.7912346e-04 1.4326007e-04 5.4204902e-05],[9.9998808e-01 1.1934034e-05],"[8.2576781e-09 2.0139578e-05 7.7758767e-02 8.9970922e-01 2.1988219e-02
 5.1827129e-04 5.3152316e-06 8.1236834e-08 2.7173368e-09]"
D:\Uni\Ulm\Master\Hiwi-Forschung-und-Lehre\FairFace\detected_faces\1015654_face0.jpg,Middle Eastern,White,Male,10-19,"[2.6759428e-01 3.8397795e-04 2.1376127e-01 3.0366567e-04 9.8272017e-04
 1.2605720e-03 5.1571345e-01]",[0.9554828  0.00686271 0.00962431 0.02803022],[9.999575e-01 4.252448e-05],"[2.0645228e-07 7.8588392e-04 5.0932193e-01 4.8231775e-01 7.5158812e-03
 5.8046524e-05 2.2936966e-07 8.3957792e-09 1.5038477e-10]"
D:\Uni\Ulm\Master\Hiwi-Forschung-und-Lehre\FairFace\detected_faces\1015657_face0.jpg,White,White,Male,20-29,"[8.64386678e-01 1.08498134e-04 1.41175790e-02 2.56566291e-05
 8.67114795e-05 3.82613252e-05 1.21236712e-01]",[9.9915057e-01 3.5630006e-04 4.0957468e-04 8.3620900e-05],[9.998995e-01 1.004990e-04],"[1.09785816e-07 2.12876432e-04 6.72071576e-02 8.74560654e-01
 5.74874692e-02 5.30831050e-04 9.06274863e-07 1.22144996e-08
 3.31883659e-10]"
D:\Uni\Ulm\Master\Hiwi-Forschung-und-Lehre\FairFace\detected_faces\1015712_face0.jpg,White,White,Male,20-29,"[9.8301417e-01 2.0293099e-05 2.7953451e-03 6.3290921e-05 1.0215153e-04
 2.8214014e-05 1.3976564e-02]",[9.9611360e-01 2.4499925e-04 3.0374492e-03 6.0394034e-04],[9.999999e-01 6.668544e-08],"[1.47222465e-08 2.01946441e-05 4.28920209e-01 5.63909590e-01
 7.02833524e-03 1.20704346e-04 9.43699945e-07 2.46651393e-08
 2.44348042e-10]"
D:\Uni\Ulm\Master\Hiwi-Forschung-und-Lehre\FairFace\detected_faces\1015826_face0.jpg,Black,Black,Male,20-29,"[4.01886354e-07 9.99976933e-01 3.75760146e-06 6.94802864e-08
 9.33441811e-07 1.77420898e-05 1.18408536e-07]",[3.6911828e-07 9.9999660e-01 6.7099245e-07 2.3673974e-06],[0.97530574 0.02469426],"[3.1960376e-08 1.5148904e-05 1.2738675e-02 5.9330261e-01 3.6167899e-01
 3.1052707e-02 1.1935080e-03 1.7118231e-05 1.2055331e-06]"
D:\Uni\Ulm\Master\Hiwi-Forschung-und-Lehre\FairFace\detected_faces\1015833_face0.jpg,Middle Eastern,Indian,Male,20-29,"[1.3704429e-03 3.8996955e-06 3.1688274e-03 3.0737463e-06 3.3609285e-05
 6.0522300e-03 9.8936790e-01]",[0.17236821 0.00124342 0.00225576 0.8241326 ],[9.9972534e-01 2.7462476e-04],"[2.46654440e-06 1.22896384e-03 8.54846388e-02 7.88471043e-01
 1.20998375e-01 3.80251324e-03 1.16753226e-05 3.64797501e-07
 1.20752093e-08]"
D:\Uni\Ulm\Master\Hiwi-Forschung-und-Lehre\FairFace\detected_faces\1015849_face0.jpg,Black,Black,Male,20-29,"[5.6926825e-04 9.2623883e-01 4.8695467e-02 6.5940403e-05 3.2704053e-03
 1.9218396e-02 1.9417387e-03]",[7.9866470e-05 9.9268085e-01 3.8307975e-04 6.8562157e-03],[9.9999839e-01 1.5498923e-06],"[1.8427205e-07 1.4006527e-04 6.5883540e-02 8.9607835e-01 3.7519105e-02
 3.7773693e-04 9.4444687e-07 1.7109546e-08 4.6375118e-10]"
D:\Uni\Ulm\Master\Hiwi-Forschung-und-Lehre\FairFace\detected_faces\1015856_face0.jpg,White,White,Male,20-29,"[9.2306137e-01 2.5685755e-05 6.6847220e-02 4.2583383e-04 7.2153733e-04
 2.0744251e-04 8.7109236e-03]",[9.7223145e-01 2.8222386e-04 2.1314461e-02 6.1717443e-03],[9.9999905e-01 9.0904564e-07],"[3.68667514e-08 5.19462719e-06 3.50353830e-02 8.08231473e-01
 1.54139385e-01 2.57521169e-03 1.30355065e-05 1.55801075e-07
 1.07457987e-09]"
D:\Uni\Ulm\Master\Hiwi-Forschung-und-Lehre\FairFace\detected_faces\1015858_face0.jpg,White,White,Male,20-29,"[9.9856532e-01 2.1779529e-06 1.0222308e-03 2.7025783e-06 6.2671825e-06
 2.5254531e-05 3.7603153e-04]",[9.9941468e-01 8.7538901e-05 4.7347945e-05 4.5042325e-04],[9.9999994e-01 5.4360928e-08],"[5.3859659e-09 2.7764002e-06 3.2594617e-02 9.0688974e-01 5.8980573e-02
 1.5254165e-03 6.8159343e-06 6.9943447e-08 6.8732253e-10]"
D:\Uni\Ulm\Master\Hiwi-Forschung-und-Lehre\FairFace\detected_faces\1015861_face0.jpg,White,White,Male,20-29,"[9.9948138e-01 1.9080279e-04 2.0210173e-04 2.6856096e-05 3.8083694e-05
 1.6765709e-06 5.9184116e-05]",[9.6666664e-01 3.2001309e-02 1.2462225e-03 8.5836014e-05],[9.999905e-01 9.475821e-06],"[1.8522520e-07 5.4724725e-05 5.3095203e-02 8.2597411e-01 1.1681876e-01
 3.8421496e-03 2.0885120e-04 5.5833293e-06 3.6562389e-07]"
D:\Uni\Ulm\Master\Hiwi-Forschung-und-Lehre\FairFace\detected_faces\1015993_face0.jpg,Middle Eastern,White,Male,10-19,"[2.2741434e-01 1.0767109e-03 1.6822557e-01 2.9254257e-04 8.1146753e-04
 8.5827633e-04 6.0132104e-01]",[0.89447665 0.09265077 0.01001115 0.00286141],[9.9999958e-01 4.5134087e-07],"[2.2376474e-07 3.8433168e-03 8.2847363e-01 1.6545290e-01 2.1974123e-03
 3.2355278e-05 1.3575475e-07 3.0509737e-09 5.0653853e-11]"
D:\Uni\Ulm\Master\Hiwi-Forschung-und-Lehre\FairFace\detected_faces\1016019_face0.jpg,White,White,Male,20-29,"[5.5704010e-01 1.1153578e-05 4.4796493e-02 6.0368489e-05 1.4505906e-04
 1.9286202e-02 3.7866062e-01]",[9.8320633e-01 4.0328981e-05 1.8152202e-04 1.6571788e-02],[9.9999505e-01 4.9369014e-06],"[2.6717882e-07 4.0063202e-05 8.6855739e-03 8.4017217e-01 1.4950436e-01
 1.5956373e-03 1.9004609e-06 3.0481498e-08 3.9183198e-10]"
D:\Uni\Ulm\Master\Hiwi-Forschung-und-Lehre\FairFace\detected_faces\1016047_face0.jpg,Latino_Hispanic,White,Male,20-29,"[0.11950553 0.00273774 0.42679822 0.00715468 0.01716506 0.01148967
 0.4151491 ]",[0.52355254 0.02968885 0.19075647 0.2560021 ],[9.999999e-01 8.162250e-08],"[2.6741216e-07 6.8350950e-05 6.0824748e-02 8.6990654e-01 6.8309449e-02
 8.8488357e-04 5.4961038e-06 2.3786171e-07 2.5557239e-09]"
D:\Uni\Ulm\Master\Hiwi-Forschung-und-Lehre\FairFace\detected_faces\1016159_face0.jpg,Black,Black,Male,20-29,"[0.00353465 0.5600102  0.06424074 0.00071829 0.0083498  0.0498561
 0.3132902 ]",[3.7774668e-04 9.9827003e-01 6.5442774e-04 6.9783576e-04],[9.999991e-01 9.335951e-07],"[4.0649141e-08 6.7886212e-05 9.8776720e-02 8.4899926e-01 5.1532235e-02
 6.2170398e-04 2.1076885e-06 6.5939169e-08 1.1435579e-09]"
D:\Uni\Ulm\Master\Hiwi-Forschung-und-Lehre\FairFace\detected_faces\1016788_face0.jpg,White,White,Male,20-29,"[9.9905950e-01 8.5122423e-08 7.9779777e-05 9.2545555e-08 2.6260844e-07
 3.9983567e-07 8.5993810e-04]",[9.9999738e-01 1.7206908e-07 2.0848756e-07 2.2545123e-06],[9.9987680e-01 1.2322697e-04],"[3.8462988e-09 7.6238302e-06 7.3809169e-02 9.0412509e-01 2.1647088e-02
 4.0954805e-04 1.4318416e-06 1.5603323e-08 1.8172190e-10]"
D:\Uni\Ulm\Master\Hiwi-Forschung-und-Lehre\FairFace\detected_faces\1016810_face0.jpg,Latino_Hispanic,Black,Male,10-19,"[2.6320718e-02 1.9622450e-01 4.9761882e-01 2.9498156e-05 1.0553254e-03
 6.3315898e-02 2.1543524e-01]",[0.02025063 0.7647359  0.00312917 0.21188425],[9.9995911e-01 4.0916362e-05],"[1.2672987e-07 1.9738276e-03 8.7300885e-01 1.2361309e-01 1.3847051e-03
 1.9304633e-05 7.5444277e-08 4.3060933e-09 8.2956378e-11]"
D:\Uni\Ulm\Master\Hiwi-Forschung-und-Lehre\FairFace\detected_faces\1017194_face0.jpg,White,White,Male,20-29,"[9.7362661e-01 1.0776837e-06 2.0264885e-04 2.7025910e-06 1.8892376e-06
 1.9617517e-06 2.6162978e-02]",[9.9973768e-01 1.0240260e-04 9.9003919e-05 6.0880673e-05],[0.9529056  0.04709439],"[3.45630262e-08 8.34098028e-05 3.28364313e-01 6.60111487e-01
 1.13323415e-02 1.07934073e-04 4.21249382e-07 1.32968632e-08
 7.95975563e-10]"
D:\Uni\Ulm\Master\Hiwi-Forschung-und-Lehre\FairFace\detected_faces\1017203_face0.jpg,Middle Eastern,White,Male,20-29,"[2.2184278e-01 1.7004878e-04 4.5270249e-03 3.4386783e-05 1.1942577e-04
 3.6098561e-04 7.7294540e-01]",[9.9602556e-01 2.2465601e-03 1.1836169e-03 5.4425327e-04],[9.9979651e-01 2.0345712e-04],"[1.3193553e-05 6.3391391e-04 9.7718630e-03 5.4051203e-01 4.3907520e-01
 9.9260118e-03 6.6482746e-05 1.2666110e-06 5.2546604e-08]"
D:\Uni\Ulm\Master\Hiwi-Forschung-und-Lehre\FairFace\detected_faces\1017206_face0.jpg,White,White,Male,20-29,"[9.3546432e-01 3.5542958e-05 4.7317389e-03 2.8879801e-04 3.0621199e-04
 3.0878998e-04 5.8864638e-02]",[9.8933727e-01 5.9819676e-04 2.4569738e-03 7.6076183e-03],[9.9999762e-01 2.3556781e-06],"[2.54399822e-07 8.74310426e-05 7.15386420e-02 8.70197237e-01
 5.61394319e-02 2.02283449e-03 1.37702855e-05 3.26985628e-07
 1.12244436e-08]"
D:\Uni\Ulm\Master\Hiwi-Forschung-und-Lehre\FairFace\detected_faces\1017225_face0.jpg,Black,Black,Male,10-19,"[2.2388950e-03 8.1660509e-01 6.1512388e-02 4.1800123e-04 2.9839819e-02
 8.4525257e-02 4.8605697e-03]",[1.3450871e-04 9.9835134e-01 6.2392431e-04 8.9014327e-04],[9.9999440e-01 5.6036047e-06],"[3.3209098e-08 1.3977466e-03 8.2945204e-01 1.6721480e-01 1.9217198e-03
 1.3651234e-05 5.9762925e-08 2.3892681e-09 6.0648521e-11]"
D:\Uni\Ulm\Master\Hiwi-Forschung-und-Lehre\FairFace\detected_faces\1017312_face0.jpg,Middle Eastern,White,Male,20-29,"[2.6852465e-01 1.1130003e-04 2.3119615e-01 1.1357313e-04 4.1405740e-04
 1.9514872e-02 4.8012531e-01]",[9.6952814e-01 7.1514153e-04 1.6959197e-03 2.8060721e-02],[9.9987489e-01 1.2510782e-04],"[3.4720904e-07 2.0790547e-04 1.1058025e-01 8.5585517e-01 3.3060770e-02
 2.9485146e-04 6.6557374e-07 3.1014977e-08 6.3688987e-10]"
D:\Uni\Ulm\Master\Hiwi-Forschung-und-Lehre\FairFace\detected_faces\1017327_face0.jpg,White,White,Male,20-29,"[9.70043004e-01 7.83304222e-06 5.66344243e-03 7.31394975e-05
 1.09556764e-04 6.25300891e-05 2.40404047e-02]",[9.9604696e-01 3.6510662e-04 3.1316797e-03 4.5624326e-04],[1.0000000e+00 2.9587166e-08],"[3.3940134e-06 3.4551094e-03 2.0282228e-01 7.4178433e-01 5.1335663e-02
 5.9775350e-04 1.3945443e-06 2.8131344e-08 4.4483922e-10]"
D:\Uni\Ulm\Master\Hiwi-Forschung-und-Lehre\FairFace\detected_faces\1017339_face0.jpg,White,White,Male,20-29,"[9.9693012e-01 4.1541324e-07 5.5710581e-05 4.0721684e-06 3.5738080e-06
 5.7654006e-07 3.0054359e-03]",[9.9999368e-01 2.1056599e-06 2.7184069e-06 1.5545974e-06],[9.9981713e-01 1.8285352e-04],"[9.1020252e-07 2.7262047e-04 1.1085543e-01 7.4074829e-01 1.4039636e-01
 7.6199505e-03 1.0356417e-04 2.8772376e-06 7.9711953e-08]"
D:\Uni\Ulm\Master\Hiwi-Forschung-und-Lehre\FairFace\detected_faces\1017372_face0.jpg,White,White,Male,20-29,"[5.3423268e-01 1.4813920e-04 1.6289251e-01 7.7374431e-04 1.3915680e-03
 1.6827241e-02 2.8373417e-01]",[0.9296674  0.0014986  0.00255555 0.06627847],[9.9999875e-01 1.2757814e-06],"[6.28231049e-08 3.34547804e-05 4.30133305e-02 9.28986311e-01
 2.78500356e-02 1.16541334e-04 2.25465342e-07 5.72005732e-09
 7.90447291e-11]"
D:\Uni\Ulm\Master\Hiwi-Forschung-und-Lehre\FairFace\detected_faces\1017392_face0.jpg,Latino_Hispanic,White,Male,20-29,"[0.16420525 0.00375592 0.75225806 0.01723275 0.0433242  0.00737953
 0.01184432]",[0.6626529  0.04552949 0.24798651 0.04383106],[9.999995e-01 4.973868e-07],"[2.6797497e-07 3.4574219e-05 1.3899673e-02 7.8365618e-01 1.9212176e-01
 1.0041096e-02 2.4141796e-04 4.9836849e-06 5.4221008e-08]"
D:\Uni\Ulm\Master\Hiwi-Forschung-und-Lehre\FairFace\detected_faces\1017501_face0.jpg,White,White,Male,30-39,"[9.9984092e-01 4.5123167e-07 1.4300897e-05 3.5641882e-05 4.4763805e-05
 6.7041235e-08 6.3778192e-05]",[9.9976701e-01 1.6783831e-06 2.3046391e-04 8.1050621e-07],[9.9998742e-01 1.2568412e-05],"[1.9195033e-06 5.5975372e-05 1.2067878e-02 4.3118158e-01 4.4610196e-01
 1.0654311e-01 3.9556688e-03 8.8725377e-05 3.1655504e-06]"
D:\Uni\Ulm\Master\Hiwi-Forschung-und-Lehre\FairFace\detected_faces\1017522_face0.jpg,White,White,Male,10-19,"[9.3736362e-01 7.6160864e-06 5.8385530e-03 7.2561807e-06 1.4049279e-05
 8.3807601e-05 5.6685150e-02]",[9.9989855e-01 2.2517891e-06 2.6787337e-05 7.2320363e-05],[9.9996161e-01 3.8402566e-05],"[1.0378486e-07 3.0880043e-04 4.9935204e-01 4.9298006e-01 7.2356509e-03
 1.2288120e-04 4.0380081e-07 1.1271936e-08 3.4227551e-10]"
D:\Uni\Ulm\Master\Hiwi-Forschung-und-Lehre\FairFace\detected_faces\1017534_face0.jpg,Middle Eastern,White,Male,30-39,"[1.5091026e-01 5.6400593e-05 1.8387653e-02 7.0333517e-05 1.6846442e-04
 6.8364275e-04 8.2972324e-01]",[9.9750912e-01 5.0107112e-05 1.6878380e-03 7.5298466e-04],[9.999030e-01 9.698183e-05],"[6.2977142e-06 1.8440970e-04 4.7730613e-03 3.6595178e-01 5.8229232e-01
 4.6477694e-02 3.1129876e-04 3.0263091e-06 6.3455424e-08]"
D:\Uni\Ulm\Master\Hiwi-Forschung-und-Lehre\FairFace\detected_faces\1017541_face0.jpg,White,White,Male,20-29,"[9.9211770e-01 8.6563130e-05 1.7557999e-03 6.8646509e-06 2.6281285e-05
 5.0446492e-05 5.9562251e-03]",[9.9923831e-01 1.2797014e-04 5.8714487e-04 4.6495057e-05],[9.999995e-01 4.655541e-07],"[3.9190678e-07 4.7653073e-05 3.7742078e-02 8.4384274e-01 1.1283628e-01
 5.4419134e-03 8.7197608e-05 1.6293081e-06 1.7574498e-08]"
D:\Uni\Ulm\Master\Hiwi-Forschung-und-Lehre\FairFace\detected_faces\1017599_face0.jpg,Black,Black,Male,10-19,"[3.5154687e-07 9.9965048e-01 6.6807384e-06 4.0349981e-08 7.3804023e-07
 3.3986074e-04 1.8786595e-06]",[2.5301640e-07 9.9986583e-01 2.9432399e-06 1.3098028e-04],[0.99093693 0.00906307],"[2.3991524e-06 9.5925584e-02 8.3881336e-01 6.3837625e-02 1.3950279e-03
 2.5844649e-05 1.1045161e-07 2.9526770e-09 1.3421041e-10]"
D:\Uni\Ulm\Master\Hiwi-Forschung-und-Lehre\FairFace\detected_faces\1017649_face0.jpg,White,White,Male,20-29,"[7.1563566e-01 3.9035268e-04 8.7481044e-02 8.3751140e-05 2.3482426e-04
 1.0330795e-03 1.9514127e-01]",[0.959232   0.0034439  0.0018145  0.03550963],[9.9998933e-01 1.0672311e-05],"[1.1119018e-07 7.8044241e-06 2.2276023e-02 8.8784432e-01 8.9251630e-02
 6.1691273e-04 3.0921826e-06 8.9548365e-08 1.6708551e-09]"
D:\Uni\Ulm\Master\Hiwi-Forschung-und-Lehre\FairFace\detected_faces\1017660_face0.jpg,White,White,Male,20-29,"[9.5945501e-01 6.0731727e-06 6.9230786e-03 6.4530519e-05 1.3962488e-04
 5.2360621e-05 3.3359293e-02]",[9.9837804e-01 2.0031074e-04 8.9164218e-04 5.3002645e-04],[9.9999994e-01 6.1842329e-08],"[5.5343349e-07 1.0697627e-04 7.3096491e-02 8.3925337e-01 8.5427664e-02
 2.1062933e-03 8.6097971e-06 1.1442572e-07 1.2746657e-09]"
D:\Uni\Ulm\Master\Hiwi-Forschung-und-Lehre\FairFace\detected_faces\1017915_face0.jpg,Black,Black,Male,20-29,"[4.1379451e-07 9.9999511e-01 1.8014647e-06 4.9858417e-10 1.1719635e-08
 2.3867185e-06 2.9329419e-07]",[9.9318619e-08 9.9999940e-01 3.2306733e-08 4.8939023e-07],[9.9994111e-01 5.8862573e-05],"[1.9938227e-08 3.7250229e-05 1.9189527e-02 7.3522794e-01 2.4155670e-01
 3.9749257e-03 1.3594435e-05 5.9405572e-08 1.7154314e-09]"
D:\Uni\Ulm\Master\Hiwi-Forschung-und-Lehre\FairFace\detected_faces\1017981_face0.jpg,White,White,Male,20-29,"[9.9974012e-01 1.7166373e-07 3.5456753e-05 4.1906819e-07 9.7952238e-07
 2.3517482e-07 2.2256048e-04]",[9.9994266e-01 3.0384066e-05 4.7192416e-06 2.2232203e-05],[9.9999779e-01 2.2008182e-06],"[7.3474676e-10 1.0321234e-06 3.3618107e-02 9.5407182e-01 1.2269969e-02
 3.8942668e-05 7.8985984e-08 8.3145441e-10 1.4173302e-11]"
D:\Uni\Ulm\Master\Hiwi-Forschung-und-Lehre\FairFace\detected_faces\1017991_face0.jpg,Middle Eastern,White,Male,10-19,"[1.7192977e-02 2.6070894e-04 2.2408670e-02 7.8789499e-06 8.9983652e-05
 3.0702085e-03 9.5696962e-01]",[0.5423177  0.06719427 0.00154073 0.3889473 ],[9.9999982e-01 2.2855001e-07],"[3.4693500e-08 5.6281086e-04 7.1460068e-01 2.8234407e-01 2.4796289e-03
 1.2791864e-05 1.8966864e-08 1.2429257e-09 1.5212356e-11]"
D:\Uni\Ulm\Master\Hiwi-Forschung-und-Lehre\FairFace\detected_faces\1017998_face0.jpg,White,White,Male,20-29,"[9.9775046e-01 1.1555301e-05 8.6046639e-05 6.2974170e-05 5.7352670e-05
 2.7112803e-06 2.0288413e-03]",[9.9994892e-01 3.0021632e-05 2.0780662e-05 2.4766049e-07],[0.95147204 0.04852795],"[1.2353214e-06 1.0539193e-04 6.5251336e-02 7.3038119e-01 1.8606474e-01
 1.6850606e-02 1.2444535e-03 9.1914735e-05 9.1365991e-06]"
D:\Uni\Ulm\Master\Hiwi-Forschung-und-Lehre\FairFace\detected_faces\1017999_face0.jpg,White,White,Male,20-29,"[9.99901533e-01 1.05138000e-07 4.47569619e-06 8.58527699e-07
 1.16195940e-06 1.05666736e-07 9.17970538e-05]",[9.9999321e-01 5.9037399e-07 5.9677618e-06 2.5057892e-07],[9.9999714e-01 2.8606516e-06],"[1.49409132e-07 1.50720516e-04 1.03805944e-01 8.40616167e-01
 5.40227965e-02 1.38912420e-03 1.48974050e-05 2.25480377e-07
 8.43578452e-09]"
D:\Uni\Ulm\Master\Hiwi-Forschung-und-Lehre\FairFace\detected_faces\1018087_face0.jpg,White,White,Male,20-29,"[5.1682949e-01 1.6221739e-04 4.0256832e-02 9.5446767e-06 4.1899151e-05
 1.0890920e-03 4.4161090e-01]",[9.9176627e-01 2.9447868e-03 1.3707549e-04 5.1519144e-03],[9.9998438e-01 1.5576556e-05],"[1.1738598e-07 7.9489037e-05 6.7100778e-02 8.8409132e-01 4.8324991e-02
 4.0244785e-04 9.6316421e-07 2.0840902e-08 4.3662771e-10]"
D:\Uni\Ulm\Master\Hiwi-Forschung-und-Lehre\FairFace\detected_faces\1018190_face0.jpg,Middle Eastern,White,Male,20-29,"[6.3071415e-02 3.1881369e-04 1.3599566e-01 1.6215135e-04 6.4518017e-04
 2.1329107e-02 7.7847773e-01]",[0.5514474  0.02362663 0.01698548 0.40794048],[1.0000000e+00 9.4735055e-09],"[3.4315113e-07 5.0099366e-05 9.0235379e-03 9.2582989e-01 6.4759314e-02
 3.3634386e-04 4.5222831e-07 1.5156500e-08 1.2711100e-10]"
D:\Uni\Ulm\Master\Hiwi-Forschung-und-Lehre\FairFace\detected_faces\1018197_face0.jpg,Middle Eastern,White,Male,20-29,"[1.0618271e-01 1.1609332e-05 1.3122408e-02 8.5757449e-05 3.8618248e-04
 2.7500247e-04 8.7993634e-01]",[0.96978736 0.00249445 0.0195598  0.00815839],[9.9999505e-01 4.9567348e-06],"[9.9194364e-10 6.2440363e-06 2.4209163e-01 7.5479412e-01 3.0995067e-03
 8.5293541e-06 1.3975719e-08 2.5004940e-10 2.6358917e-12]"
D:\Uni\Ulm\Master\Hiwi-Forschung-und-Lehre\FairFace\detected_faces\1018201_face0.jpg,White,White,Male,20-29,"[8.0070496e-01 4.4155931e-06 1.3907279e-02 6.3951070e-06 2.5753732e-05
 2.5192639e-04 1.8509923e-01]",[9.9542725e-01 3.6548663e-05 5.9606635e-05 4.4765687e-03],[9.9999875e-01 1.3001538e-06],"[8.4217486e-09 1.9070609e-06 2.4639771e-03 7.1977782e-01 2.7503300e-01
 2.7207152e-03 2.4511132e-06 9.3954631e-09 1.0168959e-10]"
D:\Uni\Ulm\Master\Hiwi-Forschung-und-Lehre\FairFace\detected_faces\1018216_face0.jpg,Middle Eastern,White,Male,20-29,"[2.26252764e-01 7.23286503e-05 1.13868855e-01 6.23531872e-04
 5.57574560e-04 2.29586614e-03 6.56329095e-01]",[9.5479381e-01 4.3107927e-04 4.3992307e-03 4.0375885e-02],[9.9999964e-01 3.6038929e-07],"[1.9096316e-05 9.0593216e-04 2.3828126e-02 7.4947798e-01 2.1926478e-01
 6.4611793e-03 4.2317606e-05 6.4097316e-07 6.2160743e-09]"
D:\Uni\Ulm\Master\Hiwi-Forschung-und-Lehre\FairFace\detected_faces\1018226_face0.jpg,White,White,Male,10-19,"[9.6581578e-01 1.0317903e-04 2.5019400e-02 5.6614058e-06 4.5180266e-05
 1.1432734e-04 8.8963713e-03]",[9.9546969e-01 3.3276656e-03 3.9483930e-04 8.0779166e-04],[9.9999994e-01 7.4048543e-08],"[2.9709847e-08 1.8155131e-04 6.4071310e-01 3.5422081e-01 4.8038978e-03
 8.0321377e-05 2.5090011e-07 4.4071520e-09 3.6766042e-11]"
D:\Uni\Ulm\Master\Hiwi-Forschung-und-Lehre\FairFace\detected_faces\1018242_face0.jpg,White,White,Male,10-19,"[9.6316445e-01 1.4291536e-06 1.1961943e-03 6.7204473e-06 1.6097392e-05
 3.0431123e-05 3.5584670e-02]",[9.9863034e-01 5.3048028e-05 4.6125779e-04 8.5533800e-04],[9.9998665e-01 1.3329467e-05],"[1.0050006e-07 5.3890696e-04 8.5391098e-01 1.4205091e-01 3.1635326e-03
 3.2882896e-04 6.4320748e-06 3.1948508e-07 9.7004786e-09]"
D:\Uni\Ulm\Master\Hiwi-Forschung-und-Lehre\FairFace\detected_faces\1018254_face0.jpg,White,White,Male,20-29,"[9.4843513e-01 4.0821160e-05 1.9710168e-02 6.3440252e-06 1.2056371e-05
 1.8219627e-04 3.1613242e-02]",[9.9849713e-01 1.6350785e-04 1.8636117e-04 1.1529910e-03],[9.9997437e-01 2.5665426e-05],"[7.4109847e-09 9.2826252e-07 2.4610276e-03 8.6183721e-01 1.3474981e-01
 9.4902178e-04 1.9848076e-06 2.8951490e-08 5.3671062e-10]"
D:\Uni\Ulm\Master\Hiwi-Forschung-und-Lehre\FairFace\detected_faces\1018321_face0.jpg,White,White,Male,20-29,"[9.8875403e-01 8.0243772e-06 1.3554303e-03 5.7559578e-06 1.4494814e-05
 7.3552023e-05 9.7887749e-03]",[9.9754810e-01 8.6709646e-05 1.6521061e-03 7.1304693e-04],[1.0000000e+00 2.1473351e-08],"[3.2573841e-08 7.9712745e-06 1.0412113e-02 9.0490901e-01 8.2778580e-02
 1.8837998e-03 8.3796840e-06 9.9327316e-08 1.0430310e-09]"
D:\Uni\Ulm\Master\Hiwi-Forschung-und-Lehre\FairFace\detected_faces\1018367_face0.jpg,Latino_Hispanic,Black,Male,20-29,"[0.06020431 0.11961155 0.70118624 0.00697886 0.09746623 0.01098273
 0.00357004]",[0.09974428 0.51968384 0.24530531 0.13526653],[9.9919140e-01 8.0860127e-04],"[2.8219944e-07 7.5169708e-05 2.6020691e-01 7.0938826e-01 2.9737920e-02
 5.8177480e-04 9.1140191e-06 5.6438245e-07 3.0350122e-08]"
D:\Uni\Ulm\Master\Hiwi-Forschung-und-Lehre\FairFace\detected_faces\1018510_face0.jpg,Latino_Hispanic,Indian,Male,20-29,"[1.2387821e-02 7.8214742e-02 7.5918591e-01 5.3463952e-04 8.3846627e-03
 1.0027859e-01 4.1013677e-02]",[0.1077913  0.12986432 0.05532545 0.7070189 ],[9.9999851e-01 1.5184166e-06],"[4.8149434e-07 1.4181485e-05 3.7280929e-03 6.2877178e-01 3.6006749e-01
 7.3911413e-03 2.6357908e-05 5.2521744e-07 1.0561679e-08]"
D:\Uni\Ulm\Master\Hiwi-Forschung-und-Lehre\FairFace\detected_faces\1018516_face0.jpg,White,White,Male,20-29,"[6.5771735e-01 1.9525981e-03 2.1491542e-01 9.8529095e-03 6.1147749e-02
 1.8311257e-04 5.4230835e-02]",[0.8539763  0.04554486 0.09607603 0.00440279],[9.9998915e-01 1.0873702e-05],"[5.0334755e-08 4.3383039e-05 1.2036863e-01 8.4333670e-01 3.5551954e-02
 6.8798754e-04 1.1093645e-05 2.6758542e-07 5.4373150e-09]"
D:\Uni\Ulm\Master\Hiwi-Forschung-und-Lehre\FairFace\detected_faces\1018519_face0.jpg,Black,Black,Male,20-29,"[3.0574569e-07 9.9998307e-01 4.1707190e-06 5.9280595e-08 1.2607456e-06
 1.0518674e-05 6.1664389e-07]",[2.1384435e-06 9.9996006e-01 3.1481897e-05 6.3121706e-06],[0.9939594  0.00604057],"[1.3221253e-07 1.9510491e-04 1.2902932e-01 7.9725325e-01 7.2691567e-02
 8.2507235e-04 5.3841536e-06 1.1311433e-07 7.5337843e-09]"
D:\Uni\Ulm\Master\Hiwi-Forschung-und-Lehre\FairFace\detected_faces\1018684_face0.jpg,White,White,Male,20-29,"[9.987632e-01 4.819780e-06 6.442535e-04 5.228788e-06 8.926263e-06
 1.071623e-06 5.724793e-04]",[9.9972016e-01 2.3812398e-04 3.7524569e-05 4.1362614e-06],[9.9999994e-01 4.3130768e-08],"[1.0899522e-07 3.0401850e-04 4.3835777e-01 5.3980255e-01 2.0730810e-02
 7.9819496e-04 6.3806101e-06 1.2463241e-07 1.5422430e-09]"
D:\Uni\Ulm\Master\Hiwi-Forschung-und-Lehre\FairFace\detected_faces\1018847_face0.jpg,White,White,Male,20-29,"[7.37002671e-01 1.21786550e-03 2.19671220e-01 2.80596414e-05
 1.05837324e-04 3.99589742e-04 4.15748619e-02]",[9.4326198e-01 4.5055307e-02 4.7587743e-04 1.1206820e-02],[9.9987507e-01 1.2497841e-04],"[4.0886157e-08 2.7178869e-05 1.1196999e-01 8.3972454e-01 4.7573920e-02
 6.9853058e-04 5.6719982e-06 1.4223279e-07 2.4270179e-09]"
D:\Uni\Ulm\Master\Hiwi-Forschung-und-Lehre\FairFace\detected_faces\1019011_face0.jpg,White,White,Male,10-19,"[9.9725997e-01 3.2433439e-07 4.1347602e-04 1.2134534e-05 9.2566297e-06
 1.5821931e-06 2.3032243e-03]",[9.9977225e-01 8.0759683e-06 1.9771451e-04 2.1921456e-05],[9.9999887e-01 1.1150653e-06],"[3.93455764e-07 2.46406556e-03 8.80321920e-01 1.14807576e-01
 2.27413513e-03 1.30702261e-04 1.19200422e-06 3.13914263e-08
 8.56319626e-10]"
D:\Uni\Ulm\Master\Hiwi-Forschung-und-Lehre\FairFace\detected_faces\1019064_face0.jpg,White,White,Male,10-19,"[9.9937046e-01 2.2007041e-06 1.2691131e-04 4.9135851e-06 4.3238961e-06
 2.8460900e-06 4.8832089e-04]",[9.9999094e-01 1.3489931e-06 6.8668810e-06 7.6208266e-07],[9.9990034e-01 9.9714918e-05],"[1.9521476e-06 3.2327073e-03 6.8304485e-01 3.0518988e-01 8.2066944e-03
 3.1928334e-04 4.5464722e-06 1.3725771e-07 8.1772669e-09]"
D:\Uni\Ulm\Master\Hiwi-Forschung-und-Lehre\FairFace\detected_faces\1019090_face0.jpg,White,White,Male,20-29,"[9.9809563e-01 4.0064675e-05 1.1247613e-03 1.2889590e-04 4.9089862e-04
 2.0121226e-05 9.9668971e-05]",[9.893895e-01 4.386408e-04 9.304002e-03 8.678323e-04],[9.9999797e-01 2.0013485e-06],"[2.9965797e-08 2.5334244e-05 1.1327741e-01 8.6120254e-01 2.4905687e-02
 5.7302474e-04 1.5808768e-05 2.5143660e-07 7.5426048e-09]"
D:\Uni\Ulm\Master\Hiwi-Forschung-und-Lehre\FairFace\detected_faces\1019097_face0.jpg,White,White,Male,20-29,"[9.88290727e-01 2.00800559e-06 1.23586028e-03 2.68399617e-06
 6.60584874e-06 8.47470874e-05 1.03773605e-02]",[9.9963617e-01 6.6777371e-05 3.0503228e-05 2.6655308e-04],[9.9999791e-01 2.0890295e-06],"[1.0935918e-08 1.0433051e-06 8.1381231e-04 7.9658037e-01 2.0149542e-01
 1.1080618e-03 1.1951398e-06 6.0188490e-09 1.4977393e-10]"
D:\Uni\Ulm\Master\Hiwi-Forschung-und-Lehre\FairFace\detected_faces\1019207_face0.jpg,Black,Black,Male,20-29,"[2.6022719e-06 9.9960738e-01 7.2986200e-05 9.3173497e-07 1.3129447e-05
 3.0116929e-04 1.8032640e-06]",[4.4193589e-06 9.9978024e-01 1.3636317e-05 2.0177041e-04],[0.9446822 0.0553178],"[6.2844450e-08 9.9089948e-06 1.4610886e-02 5.9168559e-01 3.7374213e-01
 1.9596525e-02 3.5158297e-04 3.2343892e-06 1.0702923e-07]"
D:\Uni\Ulm\Master\Hiwi-Forschung-und-Lehre\FairFace\detected_faces\1019236_face0.jpg,White,White,Male,20-29,"[9.8772800e-01 1.1524395e-06 3.7606581e-04 1.1091466e-06 1.8589350e-06
 3.7127196e-05 1.1854731e-02]",[9.9992019e-01 1.6858652e-06 1.1714872e-05 6.6421730e-05],[1.000000e+00 3.433831e-08],"[9.1496204e-08 3.4661774e-05 7.8822207e-03 8.8789964e-01 1.0362471e-01
 5.5835868e-04 3.3079334e-07 3.0520206e-09 4.1732767e-11]"
D:\Uni\Ulm\Master\Hiwi-Forschung-und-Lehre\FairFace\detected_faces\1019312_face0.jpg,Middle Eastern,Asian,Male,20-29,"[0.03485377 0.00515531 0.08775902 0.0135728  0.01951691 0.0019078
 0.8372344 ]",[0.21720846 0.11611959 0.6175477  0.04912432],[9.9999744e-01 2.5148513e-06],"[6.4286678e-07 5.2175974e-04 2.4723755e-01 7.3295778e-01 1.8879289e-02
 3.9920959e-04 3.4965415e-06 2.3586996e-07 4.2229327e-09]"
D:\Uni\Ulm\Master\Hiwi-Forschung-und-Lehre\FairFace\detected_faces\1019318_face0.jpg,White,White,Male,20-29,"[8.5368782e-01 6.3971318e-05 7.3684767e-02 5.3482293e-04 3.9277261e-04
 1.9107886e-04 7.1444988e-02]",[9.9707115e-01 2.3323226e-04 2.1118305e-03 5.8388041e-04],[9.9999815e-01 1.8041285e-06],"[2.6404780e-07 5.7117901e-05 2.1100184e-02 9.0513885e-01 7.3359579e-02
 3.4338588e-04 6.0250250e-07 1.2097749e-08 1.5444726e-10]"
D:\Uni\Ulm\Master\Hiwi-Forschung-und-Lehre\FairFace\detected_faces\1019319_face0.jpg,White,White,Male,10-19,"[4.7984108e-01 4.8857200e-04 3.9442891e-01 1.9669384e-03 3.3260055e-03
 4.3096335e-04 1.1951758e-01]",[0.9802585  0.00496716 0.01207479 0.00269954],[9.9998224e-01 1.7803128e-05],"[3.9224813e-07 6.8964978e-04 5.3837293e-01 4.2972612e-01 3.0033210e-02
 1.1665996e-03 1.0965286e-05 1.3441944e-07 1.7837511e-09]"
D:\Uni\Ulm\Master\Hiwi-Forschung-und-Lehre\FairFace\detected_faces\1019320_face0.jpg,White,White,Male,20-29,"[9.8385024e-01 2.8470115e-04 1.3721191e-02 1.1926195e-04 2.0835189e-04
 1.5147488e-05 1.8011297e-03]",[9.8936522e-01 6.4501846e-03 3.5123292e-03 6.7226938e-04],[9.9967897e-01 3.2097349e-04],"[8.16283645e-08 2.56334224e-05 1.15786396e-01 7.58098066e-01
 1.16728112e-01 9.04456899e-03 3.11310316e-04 5.71185228e-06
 9.45512397e-08]"
D:\Uni\Ulm\Master\Hiwi-Forschung-und-Lehre\FairFace\detected_faces\1019321_face0.jpg,White,White,Male,20-29,"[7.7578741e-01 1.7524518e-04 1.2398228e-01 1.8803144e-05 9.5034280e-05
 8.7640510e-04 9.9064708e-02]",[9.2608941e-01 1.2125103e-02 4.4940470e-04 6.1336119e-02],[1.0000000e+00 7.1297357e-10],"[9.3812096e-09 5.0926083e-06 1.5349753e-02 9.3686634e-01 4.7485985e-02
 2.9229932e-04 5.2629161e-07 6.8212462e-09 4.4817837e-11]"
D:\Uni\Ulm\Master\Hiwi-Forschung-und-Lehre\FairFace\detected_faces\1019322_face0.jpg,White,White,Male,20-29,"[9.6919584e-01 2.1824300e-04 1.8162308e-02 1.0680366e-05 3.0982275e-05
 3.8225535e-05 1.2343709e-02]",[9.9435091e-01 5.1067821e-03 1.7864458e-04 3.6377611e-04],[9.9999917e-01 9.0360049e-07],"[3.1171769e-08 3.8920036e-05 8.4234454e-02 8.6254019e-01 5.1927857e-02
 1.2497954e-03 8.5529236e-06 1.8109259e-07 2.8279856e-09]"
D:\Uni\Ulm\Master\Hiwi-Forschung-und-Lehre\FairFace\detected_faces\1019324_face0.jpg,White,White,Male,20-29,"[7.9345220e-01 3.0877502e-04 1.3195091e-01 1.1831976e-03 2.4971154e-03
 1.3437746e-04 7.0473462e-02]",[0.9862844  0.00385826 0.00822445 0.00163284],[9.9995536e-01 4.4600845e-05],"[1.5605734e-08 8.5469164e-06 1.4283797e-01 8.2632369e-01 3.0146634e-02
 6.7443238e-04 8.5062948e-06 2.2323324e-07 2.5054927e-09]"
D:\Uni\Ulm\Master\Hiwi-Forschung-und-Lehre\FairFace\detected_faces\1019442_face0.jpg,Black,Black,Male,20-29,"[1.5223468e-07 9.9999654e-01 2.7777489e-06 4.7791628e-09 2.3756915e-08
 4.9421573e-07 7.7622389e-08]",[6.4015531e-08 9.9999827e-01 1.7499337e-07 1.4090075e-06],[9.9996763e-01 3.2323947e-05],"[2.6054383e-07 2.0452357e-05 1.0982372e-02 5.7952613e-01 3.4289995e-01
 6.4684339e-02 1.8596947e-03 2.5087664e-05 1.7377218e-06]"
D:\Uni\Ulm\Master\Hiwi-Forschung-und-Lehre\FairFace\detected_faces\1019663_face0.jpg,White,White,Male,20-29,"[9.9544096e-01 3.8105482e-04 2.2856430e-03 5.2020143e-05 2.3660358e-04
 2.7028629e-05 1.5767482e-03]",[9.9758518e-01 1.2949440e-03 9.4013603e-04 1.7974398e-04],[9.999969e-01 3.113150e-06],"[6.4590623e-08 7.2730480e-05 8.4712982e-02 8.8788468e-01 2.6803801e-02
 5.1515648e-04 1.0178199e-05 3.8545380e-07 1.2304563e-08]"
D:\Uni\Ulm\Master\Hiwi-Forschung-und-Lehre\FairFace\detected_faces\1019666_face0.jpg,Middle Eastern,White,Male,20-29,"[3.0147117e-01 4.3829627e-04 5.7269368e-02 1.4125268e-04 3.2039676e-04
 1.0217546e-03 6.3933772e-01]",[9.5197397e-01 1.1132422e-03 8.0643693e-04 4.6106387e-02],[9.999249e-01 7.505167e-05],"[6.2265594e-06 2.5829824e-04 1.8665971e-02 6.6841805e-01 3.0715421e-01
 5.4741977e-03 2.2320743e-05 7.2352515e-07 2.6466660e-08]"
D:\Uni\Ulm\Master\Hiwi-Forschung-und-Lehre\FairFace\detected_faces\1019892_face0.jpg,White,White,Male,20-29,"[5.4474479e-01 1.0113774e-04 2.0601903e-01 1.8472430e-04 3.9606512e-04
 1.7682743e-03 2.4678595e-01]",[0.994798   0.00132701 0.00107966 0.00279535],[9.9999976e-01 1.8552096e-07],"[9.5674736e-08 2.3637257e-04 4.4611946e-01 5.4774529e-01 5.8310949e-03
 6.7544614e-05 1.9627045e-07 5.0743338e-09 6.9354543e-11]"
D:\Uni\Ulm\Master\Hiwi-Forschung-und-Lehre\FairFace\detected_faces\1019953_face0.jpg,White,White,Male,20-29,"[9.8458856e-01 1.2687211e-04 1.3297757e-02 1.7693375e-05 7.7406090e-05
 3.2707987e-05 1.8590095e-03]",[9.9504375e-01 2.9073851e-03 1.7381529e-03 3.1068234e-04],[9.9999553e-01 4.4369144e-06],"[2.0303219e-07 8.0227503e-05 2.0423888e-01 7.4890101e-01 4.4546068e-02
 2.1840816e-03 4.8503862e-05 9.6456472e-07 1.3054021e-08]"
D:\Uni\Ulm\Master\Hiwi-Forschung-und-Lehre\FairFace\detected_faces\1019955_face0.jpg,White,White,Male,20-29,"[5.2627510e-01 2.6867180e-03 2.0415619e-01 5.1232881e-05 3.2626555e-04
 3.0068622e-04 2.6620373e-01]",[0.9247291  0.06008824 0.00965009 0.00553253],[9.9999982e-01 1.9718935e-07],"[1.07895175e-07 5.39795474e-05 2.20431350e-02 9.01463747e-01
 7.54326284e-02 1.00328110e-03 3.08341237e-06 4.62931204e-08
 5.71267200e-10]"
D:\Uni\Ulm\Master\Hiwi-Forschung-und-Lehre\FairFace\detected_faces\1020019_face0.jpg,White,White,Male,20-29,"[6.5399605e-01 1.6146544e-03 1.7509353e-01 3.5895713e-04 1.5280903e-03
 7.1077433e-04 1.6669792e-01]",[0.9790106  0.01379131 0.00545639 0.00174172],[9.9999994e-01 6.7181894e-08],"[2.4267004e-08 6.3226767e-06 2.1982742e-02 9.2158407e-01 5.6100499e-02
 3.2520361e-04 1.1069537e-06 1.5516402e-08 1.9001013e-10]"
D:\Uni\Ulm\Master\Hiwi-Forschung-und-Lehre\FairFace\detected_faces\1020141_face0.jpg,White,White,Male,20-29,"[9.9937850e-01 3.0606911e-06 1.6766203e-04 2.9854884e-04 5.9581071e-05
 1.1895365e-06 9.1416485e-05]",[9.9723709e-01 2.7039579e-05 2.7293153e-03 6.5165354e-06],[9.9980909e-01 1.9091624e-04],"[3.94624567e-06 1.46233337e-03 1.17420010e-01 7.44938016e-01
 1.29267856e-01 6.79623848e-03 1.08903754e-04 2.57440797e-06
 1.29848544e-07]"
D:\Uni\Ulm\Master\Hiwi-Forschung-und-Lehre\FairFace\detected_faces\1020198_face0.jpg,Black,Black,Male,10-19,"[6.24193708e-05 9.88321543e-01 1.24858925e-03 1.12400365e-07
 3.04198625e-06 5.12499013e-04 9.85178351e-03]",[9.9742829e-06 9.9996704e-01 2.6457419e-06 2.0397905e-05],[9.9998140e-01 1.8637504e-05],"[1.8431606e-06 2.7615854e-03 4.9613464e-01 3.9578587e-01 9.3978480e-02
 1.0906183e-02 4.1304823e-04 1.7996279e-05 3.6142245e-07]"
D:\Uni\Ulm\Master\Hiwi-Forschung-und-Lehre\FairFace\detected_faces\1020203_face0.jpg,White,White,Male,20-29,"[7.4617964e-01 4.9484544e-05 6.1336942e-02 8.3814552e-03 7.6733422e-03
 3.4822302e-04 1.7603086e-01]",[9.7602493e-01 3.2611567e-04 2.1641057e-02 2.0079052e-03],[9.999994e-01 5.942755e-07],"[5.1721520e-07 1.4400574e-03 4.3486640e-01 5.3953004e-01 2.3695037e-02
 4.6582392e-04 2.1896230e-06 4.4748806e-08 5.3672344e-10]"
D:\Uni\Ulm\Master\Hiwi-Forschung-und-Lehre\FairFace\detected_faces\1020222_face0.jpg,Black,Black,Male,20-29,"[2.1210451e-04 9.3430650e-01 1.4720095e-02 4.3189607e-06 1.7202669e-04
 5.0081108e-02 5.0379301e-04]",[1.2565595e-04 9.6393061e-01 1.7921659e-04 3.5764463e-02],[9.9993944e-01 6.0560502e-05],"[2.5495149e-07 8.1311337e-05 6.3200288e-02 8.2755214e-01 1.0614751e-01
 2.9884574e-03 2.9051054e-05 9.6349083e-07 2.5510287e-08]"
D:\Uni\Ulm\Master\Hiwi-Forschung-und-Lehre\FairFace\detected_faces\1020251_face0.jpg,White,White,Male,20-29,"[6.9049948e-01 1.7619153e-03 1.3636929e-01 8.7072556e-05 3.9980205e-04
 4.5316052e-04 1.7042929e-01]",[0.96178144 0.03540396 0.00109657 0.00171803],[1.0000000e+00 1.0965025e-08],"[3.0289882e-09 3.6264763e-07 5.0544115e-03 8.9279413e-01 1.0151554e-01
 6.3336443e-04 2.1130470e-06 2.4325459e-08 1.6447864e-10]"
D:\Uni\Ulm\Master\Hiwi-Forschung-und-Lehre\FairFace\detected_faces\1020336_face0.jpg,White,White,Male,20-29,"[9.9736476e-01 5.2295927e-06 1.6121273e-03 4.4297540e-06 6.8997201e-06
 2.3215487e-05 9.8340947e-04]",[9.9616170e-01 2.0936027e-03 1.3675651e-03 3.7714044e-04],[9.9989063e-01 1.0932395e-04],"[5.8053024e-06 4.5271544e-04 9.6652083e-02 3.1971982e-01 2.5844386e-01
 2.8072208e-01 4.2830996e-02 1.1558078e-03 1.6839545e-05]"
D:\Uni\Ulm\Master\Hiwi-Forschung-und-Lehre\FairFace\detected_faces\1020449_face0.jpg,Black,Black,Male,20-29,"[1.0269626e-05 9.9938530e-01 2.2768730e-04 3.9055877e-07 2.6330506e-06
 3.3911326e-04 3.4627821e-05]",[2.1378371e-06 9.9990720e-01 2.8988470e-06 8.7759705e-05],[0.99729705 0.00270291],"[1.0813307e-06 3.9261443e-04 8.8615000e-02 5.4442817e-01 3.1056249e-01
 5.2003194e-02 3.8533539e-03 1.3975574e-04 4.3492009e-06]"
D:\Uni\Ulm\Master\Hiwi-Forschung-und-Lehre\FairFace\detected_faces\1020617_face0.jpg,White,White,Male,20-29,"[9.9312216e-01 1.9995036e-07 1.8070439e-04 2.8969821e-06 5.7051930e-06
 1.1551583e-05 6.6767815e-03]",[9.9996632e-01 2.7841631e-06 2.3530010e-06 2.8581699e-05],[9.9998784e-01 1.2180083e-05],"[6.2686024e-07 4.0705243e-04 7.6910220e-02 8.4904963e-01 7.2619140e-02
 1.0117176e-03 1.6166815e-06 2.0270914e-08 8.1465606e-10]"
D:\Uni\Ulm\Master\Hiwi-Forschung-und-Lehre\FairFace\detected_faces\1020642_face0.jpg,Black,Black,Male,20-29,"[3.2591001e-07 9.9999362e-01 4.0323193e-06 8.8798235e-10 2.1862807e-08
 1.7784278e-06 2.9959384e-07]",[1.1982704e-07 9.9999946e-01 1.2124787e-07 2.5198977e-07],[9.9999374e-01 6.2988261e-06],"[9.85886750e-09 4.04191451e-06 1.47977425e-02 7.96424508e-01
 1.83197454e-01 5.55239758e-03 2.36531305e-05 1.65485119e-07
 5.23611998e-09]"
D:\Uni\Ulm\Master\Hiwi-Forschung-und-Lehre\FairFace\detected_faces\1020645_face0.jpg,Black,Black,Male,20-29,"[2.4022859e-07 9.9997067e-01 3.7793238e-06 1.0854462e-08 6.5463695e-07
 2.4181702e-05 3.3875116e-07]",[4.7669805e-06 9.9996185e-01 1.4597686e-05 1.8781056e-05],[9.9999946e-01 5.3452192e-07],"[2.2674978e-07 1.7625348e-04 6.1855514e-02 7.0007014e-01 2.2181237e-01
 1.5632929e-02 4.4536480e-04 7.0705541e-06 2.1333945e-07]"
D:\Uni\Ulm\Master\Hiwi-Forschung-und-Lehre\FairFace\detected_faces\1020647_face0.jpg,White,White,Male,10-19,"[9.9742538e-01 3.1304892e-06 1.1914843e-03 4.8120323e-06 1.6181857e-05
 1.9213929e-05 1.3398476e-03]",[9.9899209e-01 3.4749749e-04 4.9050734e-04 1.6993035e-04],[1.0000000e+00 4.1427537e-08],"[3.1781206e-06 3.2205395e-03 5.1077402e-01 4.4608891e-01 3.8047280e-02
 1.8477500e-03 1.7991208e-05 3.3328931e-07 6.2324741e-09]"
D:\Uni\Ulm\Master\Hiwi-Forschung-und-Lehre\FairFace\detected_faces\1020650_face0.jpg,Black,Black,Male,20-29,"[4.751066e-07 9.999646e-01 9.116165e-06 8.585731e-09 2.493925e-07
 2.517992e-05 3.920390e-07]",[7.1068655e-07 9.9999261e-01 1.8989623e-07 6.4929272e-06],[9.9990743e-01 9.2571638e-05],"[1.8580934e-08 2.2546397e-05 2.3145339e-02 7.1903598e-01 2.5230333e-01
 5.4545337e-03 3.8110382e-05 1.4314192e-07 1.9960715e-09]"
D:\Uni\Ulm\Master\Hiwi-Forschung-und-Lehre\FairFace\detected_faces\1020651_face0.jpg,Black,Black,Male,20-29,"[2.5758537e-04 9.1633391e-01 9.1240434e-03 2.0743100e-04 6.9698626e-03
 6.6724584e-02 3.8270879e-04]",[2.3384411e-05 9.9407321e-01 9.8303251e-04 4.9203029e-03],[9.9999696e-01 3.0617896e-06],"[2.3187852e-08 6.2968982e-05 1.7336817e-01 7.9458141e-01 3.1318508e-02
 6.6482823e-04 4.0131190e-06 1.1274768e-07 2.8624203e-09]"
D:\Uni\Ulm\Master\Hiwi-Forschung-und-Lehre\FairFace\detected_faces\1020667_face0.jpg,White,White,Male,20-29,"[9.6554732e-01 9.3134113e-06 4.6965098e-03 7.0202390e-05 8.2306935e-05
 4.5767058e-05 2.9548733e-02]",[9.9449486e-01 4.8469403e-04 2.3980809e-03 2.6224896e-03],[9.9995327e-01 4.6724723e-05],"[3.1301141e-08 6.3795895e-05 1.6304231e-01 8.1361502e-01 2.2672979e-02
 5.9914211e-04 6.5520876e-06 1.3378933e-07 3.2657934e-09]"
D:\Uni\Ulm\Master\Hiwi-Forschung-und-Lehre\FairFace\detected_faces\1020672_face0.jpg,White,White,Male,10-19,"[9.9996793e-01 3.6495500e-08 7.4388249e-06 4.7755972e-08 1.5117676e-07
 6.2864324e-08 2.4318299e-05]",[9.9999833e-01 4.9798791e-07 8.2677951e-07 3.8905347e-07],[9.9995512e-01 4.4898632e-05],"[8.9228202e-08 3.5477045e-04 5.3467089e-01 4.4698453e-01 1.5925428e-02
 2.0284147e-03 3.5036068e-05 7.5363414e-07 2.2718400e-08]"
D:\Uni\Ulm\Master\Hiwi-Forschung-und-Lehre\FairFace\detected_faces\1020678_face0.jpg,White,White,Male,20-29,"[9.5186937e-01 3.1223884e-04 3.1813961e-02 3.0526218e-05 8.8023640e-05
 3.3383627e-04 1.5552023e-02]",[9.2818356e-01 6.5934099e-02 2.6763193e-04 5.6147901e-03],[9.9999893e-01 1.0308593e-06],"[7.5843381e-08 9.6769327e-06 7.6501006e-03 7.6444513e-01 2.2083174e-01
 7.0053721e-03 5.7187659e-05 6.5692001e-07 1.0909865e-08]"
D:\Uni\Ulm\Master\Hiwi-Forschung-und-Lehre\FairFace\detected_faces\1020680_face0.jpg,Black,Black,Male,20-29,"[3.3195331e-06 9.9989897e-01 4.9847393e-05 5.6949136e-07 2.1385842e-05
 2.2875260e-05 3.0161805e-06]",[3.3869214e-06 9.9997443e-01 1.1672911e-05 1.0527632e-05],[9.999010e-01 9.899978e-05],"[7.2218505e-08 1.8813425e-05 1.8187970e-02 8.0501455e-01 1.7013164e-01
 6.5475642e-03 9.7524047e-05 1.8109946e-06 1.6533753e-07]"
D:\Uni\Ulm\Master\Hiwi-Forschung-und-Lehre\FairFace\detected_faces\1020718_face0.jpg,Black,Black,Male,20-29,"[2.3882969e-05 9.9735141e-01 1.2553403e-03 3.0429092e-05 7.4166933e-04
 5.8678369e-04 1.0606656e-05]",[1.0072491e-05 9.9945521e-01 4.7872504e-04 5.5991000e-05],[9.9999267e-01 7.2837925e-06],"[1.8958318e-07 3.2482025e-05 3.3795215e-02 8.1388861e-01 1.4315429e-01
 8.9161154e-03 2.1128799e-04 1.7298122e-06 5.3185811e-08]"
D:\Uni\Ulm\Master\Hiwi-Forschung-und-Lehre\FairFace\detected_faces\1020724_face0.jpg,Black,Black,Male,20-29,"[2.4356328e-07 9.9999321e-01 3.7991488e-06 8.2084700e-10 2.6058485e-08
 8.3686655e-07 1.8360980e-06]",[4.8835932e-07 9.9999589e-01 1.1722839e-06 2.5011132e-06],[9.9999976e-01 2.1814175e-07],"[9.1427497e-09 4.5455004e-06 1.0733660e-02 8.2348943e-01 1.6284898e-01
 2.9107512e-03 1.2458646e-05 1.4205929e-07 5.6591922e-09]"
D:\Uni\Ulm\Master\Hiwi-Forschung-und-Lehre\FairFace\detected_faces\1020726_face0.jpg,Black,Black,Male,30-39,"[2.9193790e-05 9.9835098e-01 8.1543723e-04 1.5313614e-07 4.4093654e-06
 5.5534847e-04 2.4455681e-04]",[4.9275975e-05 9.9948496e-01 8.2823586e-05 3.8288892e-04],[9.999994e-01 6.405136e-07],"[1.7169414e-08 6.2882731e-07 2.5152831e-04 3.7570080e-01 6.0752475e-01
 1.6452493e-02 6.9370231e-05 4.5112449e-07 9.5335162e-09]"
D:\Uni\Ulm\Master\Hiwi-Forschung-und-Lehre\FairFace\detected_faces\1020732_face0.jpg,Black,Black,Male,20-29,"[8.7233466e-06 9.9986643e-01 6.6794324e-05 2.0580856e-07 1.7815610e-06
 3.1164316e-05 2.4883133e-05]",[1.8402763e-05 9.9992883e-01 3.5019060e-05 1.7723667e-05],[9.999131e-01 8.689084e-05],"[5.2017185e-08 6.5570721e-06 5.7298690e-03 5.4849523e-01 4.1870987e-01
 2.6523281e-02 5.2725460e-04 7.6402039e-06 3.3245900e-07]"
D:\Uni\Ulm\Master\Hiwi-Forschung-und-Lehre\FairFace\detected_faces\1020734_face0.jpg,White,White,Male,20-29,"[9.9177653e-01 2.8524806e-05 1.1232182e-03 2.2079090e-04 2.0000966e-04
 8.2381703e-06 6.6426881e-03]",[9.9897397e-01 4.2662641e-04 5.7333667e-04 2.6083948e-05],[9.9997342e-01 2.6599484e-05],"[1.5682267e-06 9.2425464e-05 1.9296864e-02 6.4334393e-01 3.2142836e-01
 1.5504019e-02 3.1928139e-04 1.3038959e-05 4.5380978e-07]"
D:\Uni\Ulm\Master\Hiwi-Forschung-und-Lehre\FairFace\detected_faces\1020744_face0.jpg,White,White,Male,20-29,"[9.9962586e-01 4.9011242e-06 5.7269433e-05 8.7253220e-06 7.9550036e-06
 8.9546440e-08 2.9532670e-04]",[9.9986207e-01 1.1661920e-04 2.0050296e-05 1.2003692e-06],[9.9999982e-01 1.3480737e-07],"[1.7181785e-08 8.1335820e-06 4.4677351e-02 9.1891384e-01 3.5730250e-02
 6.6275540e-04 7.6091096e-06 1.2937146e-07 1.8001849e-09]"
D:\Uni\Ulm\Master\Hiwi-Forschung-und-Lehre\FairFace\detected_faces\1020747_face0.jpg,Black,Black,Male,30-39,"[2.4741794e-05 9.9950063e-01 1.8843077e-04 1.3905701e-07 2.1016981e-06
 2.3474672e-04 4.9172348e-05]",[1.9660392e-05 9.9983674e-01 1.5224237e-05 1.2841669e-04],[9.9997526e-01 2.4765570e-05],"[2.7370479e-07 5.9799245e-06 2.2176837e-03 3.0679289e-01 6.0378867e-01
 8.4273666e-02 2.8610458e-03 5.7896857e-05 1.8969043e-06]"
D:\Uni\Ulm\Master\Hiwi-Forschung-und-Lehre\FairFace\detected_faces\1020748_face0.jpg,White,White,Male,20-29,"[9.9997044e-01 3.7799052e-07 1.2751132e-05 6.7309492e-07 2.0142345e-06
 7.4281701e-07 1.2992141e-05]",[9.9999261e-01 1.3458887e-06 1.2475076e-06 4.8836141e-06],[9.9984622e-01 1.5379276e-04],"[9.1107665e-08 2.1544829e-04 2.6319540e-01 6.9858944e-01 3.5334501e-02
 2.5914100e-03 7.1706098e-05 1.9381703e-06 1.1759550e-07]"
D:\Uni\Ulm\Master\Hiwi-Forschung-und-Lehre\FairFace\detected_faces\1020765_face0.jpg,Middle Eastern,White,Male,20-29,"[3.8559115e-01 2.7090393e-04 4.5794126e-02 1.0380245e-04 2.5222643e-04
 4.7621105e-04 5.6751156e-01]",[0.95294225 0.04359476 0.00153539 0.00192763],[9.9999768e-01 2.2879162e-06],"[4.5400186e-09 4.5331135e-06 3.0953376e-02 9.4988579e-01 1.9131010e-02
 2.5205152e-05 2.3064365e-08 5.2702637e-10 9.3686335e-12]"
D:\Uni\Ulm\Master\Hiwi-Forschung-und-Lehre\FairFace\detected_faces\1020828_face0.jpg,Middle Eastern,Indian,Male,30-39,"[3.0436717e-02 4.6411511e-03 3.3144569e-01 1.3307402e-04 7.5214409e-04
 2.6484278e-01 3.6774841e-01]",[0.15316431 0.07651974 0.00307122 0.76724476],[0.99702555 0.00297449],"[5.9514455e-06 5.2072926e-05 1.6452731e-03 2.0038621e-01 7.0296860e-01
 9.3341559e-02 1.5818471e-03 1.8124281e-05 3.5439621e-07]"
D:\Uni\Ulm\Master\Hiwi-Forschung-und-Lehre\FairFace\detected_faces\1020897_face0.jpg,Middle Eastern,White,Male,10-19,"[2.67751664e-01 8.51762234e-05 1.20545737e-01 5.11579965e-05
 1.13370384e-04 1.30079163e-04 6.11322820e-01]",[9.9949944e-01 9.7808857e-05 3.4145403e-04 6.1276842e-05],[9.9999326e-01 6.7161886e-06],"[4.7482747e-08 2.2096250e-03 9.6441036e-01 3.3220887e-02 1.5783873e-04
 1.2566034e-06 2.3041933e-09 6.5058840e-11 1.0610049e-12]"
D:\Uni\Ulm\Master\Hiwi-Forschung-und-Lehre\FairFace\detected_faces\1020900_face0.jpg,Black,Black,Male,20-29,"[1.8670771e-04 9.8384088e-01 2.2440203e-03 4.6835867e-05 8.7541575e-04
 1.2532172e-02 2.7409269e-04]",[2.0853391e-04 9.9149936e-01 4.6851422e-04 7.8236116e-03],[9.9999958e-01 4.6151322e-07],"[3.0246913e-08 2.3289113e-05 1.0275708e-02 7.9613155e-01 1.9085285e-01
 2.7079356e-03 8.5736920e-06 9.1265235e-08 3.0078537e-09]"
D:\Uni\Ulm\Master\Hiwi-Forschung-und-Lehre\FairFace\detected_faces\1020921_face0.jpg,Middle Eastern,White,Male,20-29,"[2.6813716e-01 1.6932348e-04 9.2550397e-02 1.1491012e-04 3.4425542e-04
 7.3482869e-03 6.3133562e-01]",[9.5628709e-01 6.8358373e-04 5.5250823e-03 3.7504293e-02],[1.0000000e+00 4.0955786e-08],"[1.9370530e-06 3.4330430e-04 1.1453552e-02 8.3159858e-01 1.5430355e-01
 2.2959842e-03 3.0972681e-06 3.9668151e-08 3.5868197e-10]"
D:\Uni\Ulm\Master\Hiwi-Forschung-und-Lehre\FairFace\detected_faces\1021074_face0.jpg,White,White,Male,20-29,"[9.8918700e-01 3.0289587e-04 2.9170001e-03 1.6869873e-06 1.3260063e-05
 4.9198501e-05 7.5289444e-03]",[9.9193048e-01 8.0131739e-03 8.2968345e-06 4.8029095e-05],[0.9962448  0.00375526],"[2.5967540e-07 1.7137028e-04 3.6435068e-02 8.1610948e-01 1.4554483e-01
 1.7240134e-03 1.4785944e-05 2.5456615e-07 1.2606631e-08]"
D:\Uni\Ulm\Master\Hiwi-Forschung-und-Lehre\FairFace\detected_faces\1021093_face0.jpg,Latino_Hispanic,White,Male,20-29,"[0.10598906 0.00111534 0.60479283 0.00080018 0.00228632 0.0143108
 0.2707055 ]",[0.52725786 0.12291817 0.04174089 0.30808306],[9.9999893e-01 1.0762935e-06],"[1.5011069e-06 9.4012049e-04 1.4599934e-01 8.2034141e-01 3.2418601e-02
 2.9809878e-04 8.4847284e-07 3.0845584e-08 5.9887711e-10]"
D:\Uni\Ulm\Master\Hiwi-Forschung-und-Lehre\FairFace\detected_faces\1021101_face0.jpg,Middle Eastern,Black,Male,20-29,"[1.6931891e-02 1.1735294e-01 3.9540550e-01 1.0907646e-05 1.6946939e-04
 4.5116141e-02 4.2501315e-01]",[2.1541078e-02 7.9615694e-01 2.7977247e-04 1.8202223e-01],[9.9999994e-01 5.1730343e-08],"[2.2479838e-07 1.8508445e-05 3.4622862e-03 7.5062257e-01 2.4259029e-01
 3.2978766e-03 8.1960661e-06 1.2429045e-07 1.2455458e-09]"
D:\Uni\Ulm\Master\Hiwi-Forschung-und-Lehre\FairFace\detected_faces\1021117_face0.jpg,Black,Black,Male,20-29,"[4.6008369e-03 8.6201155e-01 9.0318032e-02 8.2026454e-05 1.2038090e-03
 9.6074007e-03 3.2176416e-02]",[1.1156447e-04 9.9824655e-01 2.9813789e-04 1.3437766e-03],[9.999734e-01 2.656497e-05],"[5.5971049e-07 1.5070366e-05 7.9518976e-03 4.8269337e-01 4.4850489e-01
 5.6512002e-02 4.1999039e-03 1.1829838e-04 3.9952879e-06]"
D:\Uni\Ulm\Master\Hiwi-Forschung-und-Lehre\FairFace\detected_faces\1021125_face0.jpg,Latino_Hispanic,White,Male,20-29,"[2.8901732e-01 9.4009358e-03 5.4244310e-01 5.0734280e-04 2.5303832e-03
 2.2218295e-03 1.5387900e-01]",[0.49554002 0.44877243 0.0149584  0.04072908],[9.9999893e-01 1.0430917e-06],"[2.7035913e-08 4.8116879e-05 1.6624822e-01 8.0193251e-01 3.1383041e-02
 3.8586988e-04 2.1760131e-06 3.0959693e-08 5.3764199e-10]"
D:\Uni\Ulm\Master\Hiwi-Forschung-und-Lehre\FairFace\detected_faces\1021165_face0.jpg,Latino_Hispanic,Black,Male,20-29,"[9.8717459e-02 7.5304289e-03 6.1508566e-01 4.1390496e-04 2.3817488e-03
 3.7927094e-03 2.7207822e-01]",[0.42135864 0.49187508 0.05589795 0.03086833],[9.9999785e-01 2.0719681e-06],"[2.9336528e-07 1.5044535e-04 7.3156722e-02 8.6758667e-01 5.8323186e-02
 7.7981589e-04 2.8367417e-06 7.4563651e-08 7.9088408e-10]"
D:\Uni\Ulm\Master\Hiwi-Forschung-und-Lehre\FairFace\detected_faces\1021217_face0.jpg,White,White,Male,20-29,"[5.9426802e-01 4.2025520e-05 1.2671701e-02 1.3784614e-05 3.3005614e-05
 3.2042130e-04 3.9265102e-01]",[9.9852049e-01 7.4872572e-04 1.1360126e-04 6.1718264e-04],[9.99999940e-01 1.03442446e-07],"[1.4810713e-06 1.0107916e-04 1.4842594e-02 7.5879622e-01 2.2090144e-01
 5.3060907e-03 4.9046088e-05 2.0498321e-06 2.1209582e-08]"
D:\Uni\Ulm\Master\Hiwi-Forschung-und-Lehre\FairFace\detected_faces\1021219_face0.jpg,Latino_Hispanic,Black,Male,10-19,"[0.29178384 0.09592219 0.4948187  0.00068825 0.00516016 0.00445468
 0.10717231]",[0.07313193 0.9227549  0.00196838 0.00214475],[9.9999815e-01 1.8818376e-06],"[9.5414080e-06 1.5576203e-02 7.9944271e-01 1.7905140e-01 5.5162776e-03
 3.8318714e-04 1.9022174e-05 1.6835033e-06 3.8834418e-08]"
D:\Uni\Ulm\Master\Hiwi-Forschung-und-Lehre\FairFace\detected_faces\1021220_face0.jpg,White,White,Male,20-29,"[9.6214157e-01 6.3742329e-05 2.9214250e-02 1.3764837e-04 3.4860149e-04
 2.5759210e-04 7.8365970e-03]",[0.9957772  0.00099721 0.00162438 0.0016012 ],[9.9999934e-01 6.4753112e-07],"[2.0164050e-07 6.6811620e-04 2.8657290e-01 6.9823849e-01 1.4388236e-02
 1.3153430e-04 4.7126775e-07 1.7547297e-08 3.3789285e-10]"
D:\Uni\Ulm\Master\Hiwi-Forschung-und-Lehre\FairFace\detected_faces\1021255_face0.jpg,White,White,Male,20-29,"[0.37212044 0.00111571 0.3562744  0.03728732 0.02221701 0.00846854
 0.20251662]",[0.7559853  0.00690437 0.02666295 0.21044734],[9.9999434e-01 5.6462559e-06],"[1.0296802e-07 1.6762828e-05 2.4266532e-02 9.0121561e-01 7.3687904e-02
 8.0809818e-04 4.8549400e-06 1.5383300e-07 2.2656605e-09]"
D:\Uni\Ulm\Master\Hiwi-Forschung-und-Lehre\FairFace\detected_faces\1021274_face0.jpg,Latino_Hispanic,Black,Male,20-29,"[1.2995622e-02 4.0525347e-02 5.4129058e-01 2.0627700e-05 4.6678219e-04
 1.4269151e-01 2.6200947e-01]",[0.09449311 0.6308473  0.00504493 0.2696147 ],[9.9999958e-01 4.1144747e-07],"[4.6915574e-07 2.2832444e-05 2.1576078e-03 6.2910891e-01 3.6335129e-01
 5.3464845e-03 1.2259868e-05 2.0021223e-07 2.6816687e-09]"
D:\Uni\Ulm\Master\Hiwi-Forschung-und-Lehre\FairFace\detected_faces\1021987_face0.jpg,White,White,Male,20-29,"[9.3582791e-01 5.7898155e-06 1.3212357e-03 5.3386513e-05 3.5301986e-05
 2.5372012e-05 6.2731065e-02]",[9.9981260e-01 1.8744468e-05 6.4446955e-05 1.0417910e-04],[9.9999946e-01 4.8468792e-07],"[7.8062303e-09 1.2033078e-05 1.9616601e-01 7.9728007e-01 6.5136608e-03
 2.8163560e-05 6.4130504e-08 1.5917488e-09 1.7629153e-11]"
D:\Uni\Ulm\Master\Hiwi-Forschung-und-Lehre\FairFace\detected_faces\1022041_face0.jpg,Middle Eastern,White,Male,20-29,"[3.4235753e-02 6.1987135e-05 2.5193554e-03 1.8800232e-05 4.3311298e-05
 1.6676651e-05 9.6310407e-01]",[9.9877620e-01 7.0251833e-04 4.9393473e-04 2.7291906e-05],[9.9999946e-01 4.9366173e-07],"[3.9118601e-07 2.7330976e-04 9.6591853e-02 8.2527900e-01 7.6290995e-02
 1.5572724e-03 6.9679345e-06 1.3084609e-07 1.3461672e-09]"
D:\Uni\Ulm\Master\Hiwi-Forschung-und-Lehre\FairFace\detected_faces\1022084_face0.jpg,White,White,Male,20-29,"[9.9553132e-01 8.3204613e-05 2.8996069e-03 1.4084129e-05 5.8926482e-05
 9.8995275e-05 1.3139228e-03]",[9.9565977e-01 8.1078621e-04 1.6759733e-03 1.8534757e-03],[9.999902e-01 9.773780e-06],"[8.2523833e-08 1.5554045e-04 1.8938057e-01 7.9398221e-01 1.6321460e-02
 1.5941133e-04 6.1389761e-07 1.6894555e-08 7.0269757e-10]"
D:\Uni\Ulm\Master\Hiwi-Forschung-und-Lehre\FairFace\detected_faces\1022109_face0.jpg,Black,Black,Male,20-29,"[5.7602949e-07 9.9997985e-01 5.7454727e-06 1.2422785e-07 1.6407362e-06
 1.1941880e-05 1.9636859e-07]",[1.50934954e-06 9.99973178e-01 1.47205064e-05 1.05880235e-05],[0.9731604 0.0268396],"[4.1080722e-07 5.1796454e-04 1.3555455e-01 7.4454510e-01 1.1451649e-01
 4.7931517e-03 7.0593924e-05 1.5482689e-06 1.2792749e-07]"
D:\Uni\Ulm\Master\Hiwi-Forschung-und-Lehre\FairFace\detected_faces\1022204_face0.jpg,Black,Black,Male,20-29,"[1.03798004e-04 9.67564523e-01 5.43551613e-03 1.81397320e-06
 1.23399819e-04 2.64970846e-02 2.73936952e-04]",[8.1649559e-05 9.9091297e-01 1.5241215e-05 8.9901304e-03],[1.0000000e+00 1.5963941e-08],"[2.0522943e-08 8.1238704e-06 1.2437964e-02 9.1746062e-01 6.9332436e-02
 7.5816893e-04 2.6356950e-06 3.9173450e-08 6.7915706e-10]"
D:\Uni\Ulm\Master\Hiwi-Forschung-und-Lehre\FairFace\detected_faces\1022223_face0.jpg,Latino_Hispanic,Indian,Male,10-19,"[1.0180268e-01 3.7351216e-03 7.6995480e-01 3.9229143e-04 2.0960176e-03
 4.8917960e-02 7.3101066e-02]",[0.09019329 0.06126211 0.00769993 0.84084463],[9.999248e-01 7.523166e-05],"[1.8024246e-05 2.2784507e-02 5.3298354e-01 3.7957278e-01 5.9359182e-02
 5.1932400e-03 8.5903179e-05 2.7501590e-06 5.6814820e-08]"
D:\Uni\Ulm\Master\Hiwi-Forschung-und-Lehre\FairFace\detected_faces\1022248_face0.jpg,White,White,Male,20-29,"[7.6801205e-01 8.7813960e-06 3.9023925e-02 2.7418150e-06 1.0049248e-05
 1.6994278e-04 1.9277249e-01]",[9.9430573e-01 1.8301626e-03 1.3763242e-04 3.7264840e-03],[9.9998975e-01 1.0290235e-05],"[3.2911001e-09 8.2609331e-06 9.7125217e-02 8.9302337e-01 9.8155169e-03
 2.7647322e-05 2.4934275e-08 3.2460282e-10 4.0322494e-12]"
D:\Uni\Ulm\Master\Hiwi-Forschung-und-Lehre\FairFace\detected_faces\1022353_face0.jpg,Black,Black,Male,20-29,"[1.5155501e-06 9.9996030e-01 2.5787014e-05 1.0454925e-08 1.8445573e-07
 8.2047281e-06 3.9314154e-06]",[5.0205399e-06 9.9998593e-01 2.3891930e-06 6.6865159e-06],[9.9999845e-01 1.5894394e-06],"[4.78087941e-07 7.47544473e-05 1.31888855e-02 7.68979132e-01
 2.09482059e-01 8.21012817e-03 6.33416275e-05 1.05892491e-06
 7.51060227e-08]"
D:\Uni\Ulm\Master\Hiwi-Forschung-und-Lehre\FairFace\detected_faces\1022354_face0.jpg,White,White,Male,10-19,"[8.7526786e-01 4.3735316e-05 3.8908862e-02 1.5224458e-04 1.1316520e-04
 2.1597531e-04 8.5298233e-02]",[9.9886662e-01 6.9400115e-04 1.3167123e-04 3.0773034e-04],[9.9994779e-01 5.2205523e-05],"[1.8131244e-07 6.7685242e-04 6.3531291e-01 3.6211795e-01 1.8795489e-03
 1.2474210e-05 4.1180616e-08 1.7156792e-09 4.5170881e-11]"
D:\Uni\Ulm\Master\Hiwi-Forschung-und-Lehre\FairFace\detected_faces\1022355_face0.jpg,Black,Black,Male,20-29,"[8.0295490e-07 9.9993867e-01 1.2483568e-05 6.6153092e-08 6.0640326e-07
 3.7640475e-05 9.6579679e-06]",[1.7858861e-06 9.9998111e-01 4.0727396e-06 1.3119186e-05],[9.9960917e-01 3.9083374e-04],"[3.4098704e-07 1.5910032e-03 4.2031384e-01 5.4578859e-01 3.1422134e-02
 8.7816105e-04 5.8320156e-06 1.0836809e-07 5.3070397e-09]"
D:\Uni\Ulm\Master\Hiwi-Forschung-und-Lehre\FairFace\detected_faces\1022357_face0.jpg,White,White,Male,20-29,"[9.77107525e-01 5.75901549e-06 1.37167505e-03 5.52709707e-06
 1.22494275e-05 1.94357035e-05 2.14777738e-02]",[9.9976754e-01 7.6614546e-05 7.6008313e-05 7.9781705e-05],[9.9997580e-01 2.4201685e-05],"[1.5958440e-08 6.7681704e-06 1.3814983e-02 9.4010723e-01 4.5787025e-02
 2.8332503e-04 6.2258670e-07 6.4755228e-09 1.8189823e-10]"
D:\Uni\Ulm\Master\Hiwi-Forschung-und-Lehre\FairFace\detected_faces\1022459_face0.jpg,White,White,Male,10-19,"[9.9993843e-01 6.7545409e-07 3.2402859e-05 1.3466074e-07 2.5223201e-07
 1.9120153e-08 2.8127979e-05]",[9.9999410e-01 3.9413544e-06 1.1322787e-06 8.3628458e-07],[9.9999535e-01 4.6803798e-06],"[1.1553700e-08 2.7812875e-04 8.6469305e-01 1.3380653e-01 1.1737917e-03
 4.8193306e-05 3.2533077e-07 7.8896916e-09 1.6014233e-10]"
D:\Uni\Ulm\Master\Hiwi-Forschung-und-Lehre\FairFace\detected_faces\1022499_face0.jpg,Black,Black,Male,20-29,"[3.1884581e-02 4.3932119e-01 4.1893989e-01 3.8169030e-05 7.5051934e-04
 1.7870856e-02 9.1194876e-02]",[2.1152140e-03 9.8355758e-01 3.7179323e-04 1.3955399e-02],[9.9998456e-01 1.5418877e-05],"[2.4697235e-07 1.8073394e-04 2.3525892e-01 7.2221178e-01 4.0455710e-02
 1.8514153e-03 4.0031275e-05 1.2953341e-06 2.8953503e-08]"
D:\Uni\Ulm\Master\Hiwi-Forschung-und-Lehre\FairFace\detected_faces\1022845_face0.jpg,White,White,Male,20-29,"[9.9863034e-01 2.5927216e-06 1.4445109e-04 2.3580553e-06 7.8087751e-06
 1.1937599e-06 1.2112212e-03]",[9.9898005e-01 7.0151553e-04 3.0397766e-04 1.4387245e-05],[1.000000e+00 5.322499e-09],"[7.1094419e-06 6.6038757e-04 3.8515594e-02 5.6101865e-01 3.7299201e-01
 2.6480205e-02 3.2179194e-04 4.2359970e-06 5.5957194e-08]"
D:\Uni\Ulm\Master\Hiwi-Forschung-und-Lehre\FairFace\detected_faces\1022881_face0.jpg,Middle Eastern,White,Male,20-29,"[4.55965027e-02 3.52208299e-05 6.90663233e-02 1.01610865e-04
 3.17298400e-04 7.01841386e-03 8.77864599e-01]",[0.93283474 0.00163851 0.00692256 0.05860421],[9.999999e-01 6.607675e-08],"[2.7785748e-06 1.9716701e-04 2.9453546e-02 5.9725511e-01 3.4801733e-01
 2.4839154e-02 2.3238524e-04 2.5177276e-06 1.5708547e-08]"
D:\Uni\Ulm\Master\Hiwi-Forschung-und-Lehre\FairFace\detected_faces\1022974_face0.jpg,White,White,Male,10-19,"[8.8145763e-01 7.9438641e-06 2.3337293e-03 2.0116699e-05 1.9040703e-05
 1.2227676e-05 1.1614935e-01]",[9.9974650e-01 6.7122040e-05 1.2160353e-04 6.4763488e-05],[9.9976403e-01 2.3593326e-04],"[2.6677046e-07 2.2549729e-03 7.6152515e-01 2.3341067e-01 2.7627577e-03
 4.5980865e-05 1.8583643e-07 9.0666097e-09 2.8844854e-10]"
D:\Uni\Ulm\Master\Hiwi-Forschung-und-Lehre\FairFace\detected_faces\1022977_face0.jpg,Middle Eastern,White,Male,20-29,"[2.5048715e-01 8.8051021e-02 2.4777402e-01 1.8619830e-05 1.8536628e-04
 7.9315417e-03 4.0555227e-01]",[0.4843863  0.474721   0.00103952 0.03985318],[9.9999994e-01 4.5007649e-08],"[1.2467089e-07 5.0142240e-05 4.2037260e-02 8.8095248e-01 7.5562507e-02
 1.3843476e-03 1.2731866e-05 4.2662356e-07 4.9694262e-09]"
D:\Uni\Ulm\Master\Hiwi-Forschung-und-Lehre\FairFace\detected_faces\1023056_face0.jpg,Black,Black,Male,20-29,"[1.4965550e-05 9.9921972e-01 2.1314240e-04 1.3572183e-07 5.6159906e-06
 5.2902708e-04 1.7378467e-05]",[9.5781243e-06 9.9994564e-01 5.1317975e-06 3.9609156e-05],[9.9988109e-01 1.1892069e-04],"[1.93830090e-07 1.50501955e-05 8.69638100e-03 5.99264562e-01
 3.63091052e-01 2.79821698e-02 9.40638129e-04 9.77723266e-06
 2.03100043e-07]"
D:\Uni\Ulm\Master\Hiwi-Forschung-und-Lehre\FairFace\detected_faces\1023080_face0.jpg,White,White,Male,20-29,"[4.7764143e-01 3.4338984e-04 5.6291580e-02 4.7400150e-05 8.4326057e-05
 5.8809400e-04 4.6500373e-01]",[9.927592e-01 2.556868e-03 2.969215e-04 4.386976e-03],[1.0000000e+00 2.1069088e-08],"[1.6729433e-06 1.2009297e-04 1.5952939e-02 7.7905720e-01 2.0143679e-01
 3.4204335e-03 1.0734421e-05 1.0721801e-07 6.9915485e-10]"
D:\Uni\Ulm\Master\Hiwi-Forschung-und-Lehre\FairFace\detected_faces\1023567_face0.jpg,White,White,Male,20-29,"[9.9524140e-01 1.1929631e-05 4.5817494e-04 5.4384309e-08 2.4994196e-07
 8.6999216e-06 4.2794337e-03]",[9.9992669e-01 4.3165066e-05 2.1216379e-06 2.7990956e-05],[9.9999964e-01 3.6164599e-07],"[3.0075288e-08 2.2068889e-06 2.4119765e-03 5.9240121e-01 3.7297177e-01
 3.1517532e-02 6.8944506e-04 5.7459970e-06 6.7235632e-08]"
D:\Uni\Ulm\Master\Hiwi-Forschung-und-Lehre\FairFace\detected_faces\1025190_face0.jpg,Latino_Hispanic,Indian,Male,20-29,"[0.03320617 0.0038517  0.9193906  0.00110063 0.01121684 0.02951281
 0.00172123]",[0.24394515 0.07264894 0.29641697 0.38698903],[9.9999946e-01 5.2413623e-07],"[9.1967792e-08 4.3878208e-05 1.8499456e-01 7.5651640e-01 5.7098761e-02
 1.3312967e-03 1.4569013e-05 4.2947224e-07 5.0534648e-09]"
D:\Uni\Ulm\Master\Hiwi-Forschung-und-Lehre\FairFace\detected_faces\1025266_face0.jpg,Latino_Hispanic,White,Male,20-29,"[1.9923942e-01 1.5768658e-03 7.7693731e-01 5.9783637e-05 4.6370938e-04
 5.3374600e-03 1.6385453e-02]",[9.9256253e-01 1.3905589e-03 7.2486891e-04 5.3219697e-03],[9.9999976e-01 2.6184824e-07],"[3.85520622e-07 4.48348903e-04 3.84933650e-01 5.53263724e-01
 5.91280498e-02 2.21446622e-03 1.13076085e-05 1.33500720e-07
 1.10492693e-09]"
D:\Uni\Ulm\Master\Hiwi-Forschung-und-Lehre\FairFace\detected_faces\1028993_face0.jpg,White,White,Male,20-29,"[9.9994040e-01 1.5579323e-07 2.2125376e-05 2.1834724e-06 2.5029904e-06
 2.8531699e-07 3.2339118e-05]",[9.9980539e-01 9.9473009e-06 1.6491461e-04 1.9801862e-05],[9.9999714e-01 2.8588929e-06],"[5.5165927e-08 6.2278050e-05 2.5895840e-01 7.1455145e-01 2.5470039e-02
 9.4902440e-04 8.7305561e-06 7.3628783e-08 1.5280029e-09]"
D:\Uni\Ulm\Master\Hiwi-Forschung-und-Lehre\FairFace\detected_faces\1029018_face0.jpg,Black,Black,Male,20-29,"[4.3024650e-07 9.9997914e-01 4.7555363e-06 1.2343446e-08 6.8576946e-07
 1.3856860e-05 1.0964666e-06]",[1.8815193e-06 9.9997455e-01 1.0476293e-05 1.3084631e-05],[1.000000e+00 5.854727e-09],"[6.9808486e-08 1.2350306e-05 4.0626312e-03 5.9113568e-01 3.7037936e-01
 3.3598665e-02 7.8605703e-04 2.4369834e-05 8.4281800e-07]"
D:\Uni\Ulm\Master\Hiwi-Forschung-und-Lehre\FairFace\detected_faces\1029175_face0.jpg,White,White,Male,20-29,"[8.7361437e-01 2.8214506e-06 4.8976676e-03 4.6537261e-05 2.5035626e-05
 1.4780834e-04 1.2126569e-01]",[9.9991775e-01 1.6022475e-05 1.2287326e-05 5.3912616e-05],[9.9999934e-01 7.1701874e-07],"[7.7249393e-07 6.0083496e-04 2.3237598e-01 7.5710273e-01 9.8730652e-03
 4.6482292e-05 8.6542400e-08 2.0647779e-09 6.3382140e-11]"
D:\Uni\Ulm\Master\Hiwi-Forschung-und-Lehre\FairFace\detected_faces\1029719_face0.jpg,Latino_Hispanic,Black,Male,20-29,"[6.4426348e-02 1.0781676e-02 6.1283791e-01 1.1553439e-04 9.5680356e-04
 1.1417569e-03 3.0974001e-01]",[0.13377312 0.81297874 0.00781306 0.04543507],[9.9999994e-01 8.7928505e-08],"[1.5353322e-08 5.2768588e-05 2.9123810e-01 7.0417994e-01 4.5125987e-03
 1.6529537e-05 3.1225724e-08 1.1270270e-09 1.4355135e-11]"
D:\Uni\Ulm\Master\Hiwi-Forschung-und-Lehre\FairFace\detected_faces\1029969_face0.jpg,White,White,Male,20-29,"[6.81353688e-01 1.42779306e-03 7.04832748e-02 2.82342353e-05
 1.13155904e-04 2.35305168e-04 2.46358514e-01]",[9.9219614e-01 6.7566670e-03 5.2780047e-04 5.1942153e-04],[9.9999845e-01 1.5737635e-06],"[5.6384823e-07 2.9006836e-04 1.0013777e-01 8.2059640e-01 7.5990334e-02
 2.9445549e-03 3.9389295e-05 8.7980220e-07 1.4995154e-08]"
D:\Uni\Ulm\Master\Hiwi-Forschung-und-Lehre\FairFace\detected_faces\1029975_face0.jpg,White,White,Male,20-29,"[9.9326468e-01 8.9102360e-07 1.0765419e-04 7.7796437e-07 1.1426812e-06
 1.6175676e-06 6.6231778e-03]",[9.99942124e-01 3.02878543e-05 1.32497435e-05 1.43318603e-05],[9.9999684e-01 3.1666198e-06],"[6.2316019e-08 3.1969153e-05 2.9034974e-02 9.3588227e-01 3.4849934e-02
 2.0050202e-04 2.9034760e-07 2.3907862e-09 6.3527246e-11]"
D:\Uni\Ulm\Master\Hiwi-Forschung-und-Lehre\FairFace\detected_faces\1030200_face0.jpg,White,White,Male,20-29,"[9.9523884e-01 1.5407417e-05 2.3909844e-03 2.2754817e-05 4.8489590e-05
 3.6495321e-06 2.2797759e-03]",[9.9961925e-01 3.3379611e-04 1.6012555e-05 3.0975061e-05],[9.9901927e-01 9.8076288e-04],"[2.4237972e-08 2.8838282e-05 3.0803716e-01 6.7891377e-01 1.2893043e-02
 1.2624124e-04 9.2267578e-07 2.1313250e-08 5.1034438e-10]"
D:\Uni\Ulm\Master\Hiwi-Forschung-und-Lehre\FairFace\detected_faces\1030711_face0.jpg,White,White,Male,20-29,"[6.9300497e-01 5.7232816e-04 1.1384917e-01 4.1624135e-05 9.4796858e-05
 2.7756870e-03 1.8966146e-01]",[9.9199653e-01 1.8859744e-03 7.0519593e-05 6.0469555e-03],[9.9998659e-01 1.3371367e-05],"[2.2987166e-08 2.9908454e-06 4.7408179e-03 9.2655432e-01 6.8510674e-02
 1.9092493e-04 2.4687066e-07 3.3534133e-09 6.0405722e-11]"
D:\Uni\Ulm\Master\Hiwi-Forschung-und-Lehre\FairFace\detected_faces\1030829_face0.jpg,White,White,Male,20-29,"[6.5731043e-01 8.1550487e-04 2.2326729e-01 4.4802783e-04 1.0768240e-03
 1.1008447e-03 1.1598108e-01]",[0.973691   0.01499231 0.00488169 0.00643498],[1.0000000e+00 1.2855714e-08],"[1.0728057e-08 3.7688806e-06 1.3923072e-02 9.1795254e-01 6.7551270e-02
 5.6797772e-04 1.3949548e-06 1.8069436e-08 1.4471091e-10]"
D:\Uni\Ulm\Master\Hiwi-Forschung-und-Lehre\FairFace\detected_faces\1031258_face0.jpg,White,White,Male,20-29,"[9.8840797e-01 1.9768477e-05 8.4872050e-03 7.4605770e-05 8.6279528e-05
 5.1653755e-05 2.8724528e-03]",[9.9966383e-01 2.2643930e-05 1.3290117e-04 1.8065119e-04],[9.9999952e-01 4.3305857e-07],"[4.4950298e-08 7.4944728e-06 3.1159312e-02 8.7613875e-01 9.0739951e-02
 1.9363665e-03 1.7809993e-05 2.3515467e-07 2.0248028e-09]"
D:\Uni\Ulm\Master\Hiwi-Forschung-und-Lehre\FairFace\detected_faces\1031259_face0.jpg,White,White,Male,20-29,"[9.6650267e-01 1.1469477e-04 1.3718046e-02 9.3873068e-06 3.8277325e-05
 6.2947176e-05 1.9554034e-02]",[0.9940238  0.00289885 0.00100403 0.00207337],[9.9995512e-01 4.4866807e-05],"[3.1011257e-07 5.3428193e-05 5.4915193e-02 7.8812349e-01 1.4449203e-01
 1.2210362e-02 1.9993696e-04 5.1827360e-06 1.0500217e-07]"
D:\Uni\Ulm\Master\Hiwi-Forschung-und-Lehre\FairFace\detected_faces\1031421_face0.jpg,White,White,Male,20-29,"[8.7069988e-01 1.3560543e-03 1.0551947e-01 3.3446620e-05 1.3279307e-04
 9.5707976e-04 2.1301219e-02]",[9.9720109e-01 2.5693660e-03 4.4901735e-05 1.8455368e-04],[9.9999690e-01 3.1155396e-06],"[3.0627228e-07 1.9204845e-05 2.6179824e-03 6.6060072e-01 3.3130327e-01
 5.4443153e-03 1.3994900e-05 1.9419323e-07 1.9273032e-09]"
D:\Uni\Ulm\Master\Hiwi-Forschung-und-Lehre\FairFace\detected_faces\1031481_face0.jpg,White,White,Male,20-29,"[6.8655151e-01 5.8666334e-05 2.7820149e-03 4.0373848e-06 9.5631631e-06
 3.6529418e-05 3.1055754e-01]",[9.99764204e-01 2.00919705e-04 1.03747125e-05 2.45260107e-05],[9.9999076e-01 9.1979737e-06],"[4.1048293e-06 9.9511899e-04 4.4583108e-02 7.5979722e-01 1.9073926e-01
 3.8686609e-03 1.2323159e-05 2.4028915e-07 6.0536540e-09]"
D:\Uni\Ulm\Master\Hiwi-Forschung-und-Lehre\FairFace\detected_faces\1031482_face0.jpg,Middle Eastern,White,Male,20-29,"[6.2177017e-02 3.0756921e-03 3.6209203e-02 3.8859551e-05 1.4723458e-04
 2.8586775e-04 8.9806616e-01]",[9.6830738e-01 2.0718638e-02 4.2320546e-04 1.0550815e-02],[9.9999958e-01 4.0862045e-07],"[5.1961638e-06 2.9592647e-04 8.6912224e-03 6.7261136e-01 3.1199965e-01
 6.3584256e-03 3.7237569e-05 9.4988320e-07 2.0054005e-08]"
D:\Uni\Ulm\Master\Hiwi-Forschung-und-Lehre\FairFace\detected_faces\1031483_face0.jpg,Middle Eastern,White,Male,20-29,"[3.8933516e-01 1.3680159e-04 9.9964522e-02 3.0380129e-04 4.8609645e-04
 8.5517252e-03 5.0122190e-01]",[9.8847318e-01 2.7300099e-05 5.2314380e-04 1.0976370e-02],[9.9995232e-01 4.7694677e-05],"[8.6364857e-08 3.4275829e-06 1.3635458e-03 6.3837248e-01 3.5697103e-01
 3.2844571e-03 4.8252177e-06 7.9001254e-08 1.5247057e-09]"
D:\Uni\Ulm\Master\Hiwi-Forschung-und-Lehre\FairFace\detected_faces\1031484_face0.jpg,Latino_Hispanic,Black,Male,20-29,"[0.25986412 0.022748   0.43237564 0.00165411 0.00713548 0.00111703
 0.27510563]",[0.21597947 0.7419751  0.01891962 0.02312581],[9.9999809e-01 1.8493047e-06],"[1.1922253e-07 2.4961701e-04 2.5591770e-01 7.3166442e-01 1.2097359e-02
 7.0539994e-05 2.8725054e-07 7.4216921e-09 1.4776247e-10]"
D:\Uni\Ulm\Master\Hiwi-Forschung-und-Lehre\FairFace\detected_faces\1031485_face0.jpg,Black,Black,Male,20-29,"[1.4592286e-05 9.9957353e-01 2.8623355e-04 1.0750274e-06 1.3773869e-05
 6.7171881e-05 4.3654971e-05]",[2.6681479e-05 9.9972540e-01 2.5352469e-05 2.2260811e-04],[9.999906e-01 9.414031e-06],"[3.4143795e-08 1.0043410e-06 1.6292275e-03 4.8698387e-01 4.6116066e-01
 4.9101938e-02 1.1057699e-03 1.6980699e-05 5.6781369e-07]"
D:\Uni\Ulm\Master\Hiwi-Forschung-und-Lehre\FairFace\detected_faces\1031495_face0.jpg,White,White,Male,10-19,"[8.49605620e-01 1.79159426e-04 1.20184444e-01 2.11510469e-05
 5.77760729e-05 2.67052645e-04 2.96847541e-02]",[9.9444807e-01 4.2710146e-03 3.6721511e-04 9.1368548e-04],[9.9999994e-01 5.6660724e-08],"[1.0405219e-07 2.1155491e-04 5.5206013e-01 4.3439829e-01 1.2979961e-02
 3.4785975e-04 2.0545358e-06 2.4443104e-08 1.7858431e-10]"
D:\Uni\Ulm\Master\Hiwi-Forschung-und-Lehre\FairFace\detected_faces\1031499_face0.jpg,White,White,Male,20-29,"[9.9699533e-01 2.8443044e-06 4.8324250e-04 4.3746336e-06 6.4417495e-06
 1.8729378e-06 2.5059469e-03]",[9.99556541e-01 3.10154108e-04 2.77367690e-05 1.05537176e-04],[9.9999994e-01 7.9618914e-08],"[3.0710532e-07 6.2327774e-05 1.4420192e-02 8.6831689e-01 1.1663493e-01
 5.6427170e-04 1.1331489e-06 1.6085599e-08 3.6094255e-10]"
D:\Uni\Ulm\Master\Hiwi-Forschung-und-Lehre\FairFace\detected_faces\1031523_face0.jpg,Middle Eastern,Black,Male,10-19,"[5.8448915e-03 6.1364677e-03 1.7802911e-01 8.0358106e-05 1.7489729e-03
 3.2041876e-03 8.0495602e-01]",[0.05719899 0.8720599  0.03152114 0.03922004],[9.9999386e-01 6.1215605e-06],"[4.3487006e-08 2.1139390e-03 9.1470891e-01 8.1471108e-02 1.6777443e-03
 2.8157447e-05 1.0668831e-07 4.1570827e-09 5.4726692e-11]"
D:\Uni\Ulm\Master\Hiwi-Forschung-und-Lehre\FairFace\detected_faces\1031543_face0.jpg,White,White,Male,20-29,"[9.7598195e-01 3.9024007e-06 3.6976046e-03 1.7967948e-05 5.6598747e-05
 5.2934429e-06 2.0236678e-02]",[9.9982327e-01 6.9867388e-06 1.4895588e-04 2.0774258e-05],[9.9999756e-01 2.4098522e-06],"[8.20991608e-10 2.05296669e-06 7.76143819e-02 9.09237504e-01
 1.30803175e-02 6.55485637e-05 1.18872876e-07 1.23850341e-09
 1.68901004e-11]"
D:\Uni\Ulm\Master\Hiwi-Forschung-und-Lehre\FairFace\detected_faces\1031566_face0.jpg,Black,Black,Male,20-29,"[2.3065000e-07 9.9998397e-01 1.1913684e-05 7.7365087e-08 1.5765248e-06
 2.0646632e-06 1.7753737e-07]",[7.0101851e-07 9.9999112e-01 6.3477692e-06 1.8690838e-06],[9.9999660e-01 3.3982433e-06],"[2.7692292e-07 2.1530335e-05 1.4506995e-02 6.8825251e-01 2.7143681e-01
 2.5395328e-02 3.8003642e-04 6.2890017e-06 2.9269231e-07]"
D:\Uni\Ulm\Master\Hiwi-Forschung-und-Lehre\FairFace\detected_faces\1031567_face0.jpg,White,White,Male,20-29,"[9.88958418e-01 7.17107753e-07 7.57181959e-04 1.02325509e-06
 1.57274303e-06 6.91375499e-06 1.02742575e-02]",[9.9955374e-01 2.3279790e-05 1.1372742e-05 4.1160942e-04],[9.9999988e-01 1.0905003e-07],"[4.6127508e-07 1.9242991e-04 9.6739545e-02 7.8893316e-01 1.1166130e-01
 2.4679813e-03 5.0947451e-06 4.8749747e-08 3.7807288e-10]"
D:\Uni\Ulm\Master\Hiwi-Forschung-und-Lehre\FairFace\detected_faces\1031631_face0.jpg,White,White,Male,20-29,"[5.8346552e-01 4.3677635e-04 3.1518209e-01 1.6222554e-04 5.1757443e-04
 3.4299283e-04 9.9892683e-02]",[0.9904183  0.00359064 0.00169144 0.00429958],[9.9999970e-01 3.2774966e-07],"[1.4765748e-08 1.2436327e-05 6.5836675e-02 8.7640089e-01 5.6688949e-02
 1.0547390e-03 6.2067461e-06 6.7042123e-08 6.0825789e-10]"
D:\Uni\Ulm\Master\Hiwi-Forschung-und-Lehre\FairFace\detected_faces\1031632_face0.jpg,White,White,Male,20-29,"[3.9602914e-01 7.9132868e-03 2.4221922e-01 4.1995165e-05 3.1128837e-04
 1.3204416e-03 3.5216457e-01]",[0.88867366 0.09256955 0.00871741 0.01003935],[1.0000000e+00 3.4834535e-09],"[1.7950266e-07 3.9804498e-05 1.8816262e-02 8.1591165e-01 1.5950924e-01
 5.6824968e-03 3.9967927e-05 4.6654125e-07 3.3273266e-09]"
D:\Uni\Ulm\Master\Hiwi-Forschung-und-Lehre\FairFace\detected_faces\1031637_face0.jpg,Latino_Hispanic,White,Male,20-29,"[4.3035662e-01 3.3699132e-03 4.4875911e-01 8.6987391e-05 2.6574236e-04
 6.0967924e-03 1.1106486e-01]",[0.79138786 0.11693037 0.00358372 0.08809798],[9.9998188e-01 1.8126344e-05],"[8.8616481e-08 3.8059323e-05 3.9627295e-02 8.8589418e-01 7.3545069e-02
 8.9086610e-04 4.3447330e-06 6.8741457e-08 8.9742674e-10]"
D:\Uni\Ulm\Master\Hiwi-Forschung-und-Lehre\FairFace\detected_faces\1031658_face0.jpg,White,White,Male,30-39,"[4.2375883e-01 1.2282889e-04 4.0155700e-01 3.8183318e-04 5.6897470e-04
 3.5601144e-03 1.7005043e-01]",[0.928976   0.00110729 0.04857095 0.02134572],[9.9999911e-01 9.3090046e-07],"[2.4246694e-06 1.6536853e-05 2.7325652e-03 3.5085610e-01 5.9672350e-01
 4.8973277e-02 6.8595773e-04 9.6004005e-06 7.2810558e-08]"
D:\Uni\Ulm\Master\Hiwi-Forschung-und-Lehre\FairFace\detected_faces\1031662_face0.jpg,Latino_Hispanic,White,Male,30-39,"[2.74951100e-01 8.60824063e-03 6.06901109e-01 4.14931768e-04
 9.56772594e-04 2.39297515e-03 1.05774894e-01]",[0.894175   0.09421337 0.00270057 0.00891102],[9.9993962e-01 6.0314454e-05],"[6.3674515e-06 2.5714250e-04 3.9180610e-02 3.9737940e-01 4.5892781e-01
 9.8831221e-02 5.3309794e-03 8.5117077e-05 1.3009504e-06]"
D:\Uni\Ulm\Master\Hiwi-Forschung-und-Lehre\FairFace\detected_faces\1031756_face0.jpg,Middle Eastern,Indian,Male,20-29,"[3.2851841e-02 2.8970079e-03 6.6192821e-02 1.5604304e-05 8.3670522e-05
 5.3202249e-03 8.9263880e-01]",[0.44075653 0.04068928 0.00209711 0.5164571 ],[9.999942e-01 5.750832e-06],"[4.7080121e-06 6.1104179e-04 2.4651788e-02 7.7358180e-01 1.9828074e-01
 2.8601801e-03 9.5114156e-06 2.2440531e-07 3.0075979e-09]"
D:\Uni\Ulm\Master\Hiwi-Forschung-und-Lehre\FairFace\detected_faces\1032022_face0.jpg,White,White,Male,20-29,"[5.1305491e-01 9.8850316e-05 8.1805147e-02 2.6852274e-03 3.8617903e-03
 4.8473803e-04 3.9800939e-01]",[9.8210877e-01 4.1003572e-05 1.7143784e-02 7.0640014e-04],[9.9999791e-01 2.0779485e-06],"[6.7076593e-07 1.6152694e-04 1.4615236e-01 7.4773830e-01 1.0077173e-01
 5.1167225e-03 5.7424510e-05 1.2594434e-06 1.4102795e-08]"
D:\Uni\Ulm\Master\Hiwi-Forschung-und-Lehre\FairFace\detected_faces\1032038_face0.jpg,White,White,Male,20-29,"[7.7758121e-01 7.6349052e-06 1.0187054e-02 1.3850012e-04 1.5678167e-04
 1.6534544e-04 2.1176346e-01]",[9.9709392e-01 1.5441394e-05 2.7890853e-04 2.6117428e-03],[9.9995661e-01 4.3394706e-05],"[2.7778340e-06 7.7658932e-04 3.2432112e-01 6.1325318e-01 5.7456244e-02
 4.0940186e-03 9.3031100e-05 2.9278110e-06 6.0163138e-08]"
D:\Uni\Ulm\Master\Hiwi-Forschung-und-Lehre\FairFace\detected_faces\1032159_face0.jpg,White,White,Male,20-29,"[9.7276068e-01 1.0531087e-03 2.2258591e-02 5.0062939e-05 1.9100007e-04
 6.2176216e-05 3.6244451e-03]",[9.5918632e-01 3.8662344e-02 1.9287686e-03 2.2270615e-04],[9.9998885e-01 1.1167933e-05],"[8.2797249e-07 7.7344099e-04 2.1966322e-01 7.3553258e-01 4.3261189e-02
 7.6112495e-04 7.3486390e-06 1.6924007e-07 9.2312664e-09]"
D:\Uni\Ulm\Master\Hiwi-Forschung-und-Lehre\FairFace\detected_faces\1032284_face0.jpg,White,White,Male,10-19,"[9.9994969e-01 2.3597567e-08 2.5327577e-06 5.2156888e-06 4.3122723e-06
 1.5079509e-08 3.8338407e-05]",[9.9999470e-01 2.9537809e-08 5.2012738e-06 5.4166033e-08],[9.9987435e-01 1.2567184e-04],"[3.1034702e-08 3.3660629e-04 5.7757789e-01 4.1380104e-01 7.9883877e-03
 2.9238794e-04 3.4494287e-06 8.7419728e-08 3.0167870e-09]"
D:\Uni\Ulm\Master\Hiwi-Forschung-und-Lehre\FairFace\detected_faces\1032324_face0.jpg,Middle Eastern,White,Male,20-29,"[1.6768957e-02 1.1107452e-02 2.0771712e-01 1.1524369e-05 2.2629600e-04
 4.3910507e-02 7.2025818e-01]",[0.6102277  0.17042935 0.01410993 0.20523302],[9.9999660e-01 3.4598872e-06],"[3.3213912e-08 7.4224390e-06 7.4458690e-03 7.9841387e-01 1.9145027e-01
 2.6737412e-03 8.7036160e-06 1.3232408e-07 1.6246736e-09]"
D:\Uni\Ulm\Master\Hiwi-Forschung-und-Lehre\FairFace\detected_faces\1032325_face0.jpg,Black,Black,Male,20-29,"[1.4252500e-07 9.9998945e-01 2.7741448e-06 1.1154619e-07 3.0598544e-06
 4.4024937e-06 5.6058077e-08]",[3.56219743e-07 9.99982297e-01 1.09594575e-05 6.36622826e-06],[0.9743967  0.02560327],"[7.3948775e-07 1.8858191e-03 2.9669002e-01 6.6397858e-01 3.6802866e-02
 6.3734216e-04 4.5868528e-06 9.2527209e-08 1.0220943e-08]"
D:\Uni\Ulm\Master\Hiwi-Forschung-und-Lehre\FairFace\detected_faces\1032327_face0.jpg,White,White,Male,20-29,"[9.8087090e-01 5.9914464e-06 6.5217813e-04 7.1204347e-05 3.3601755e-05
 1.0215875e-05 1.8355899e-02]",[9.9472755e-01 1.8249275e-05 5.1343376e-03 1.1983747e-04],[9.9999911e-01 8.7925997e-07],"[1.0184581e-06 1.3539700e-04 5.2728754e-02 8.9780456e-01 4.8396941e-02
 9.2367578e-04 9.2156242e-06 5.1792625e-07 1.8616195e-08]"
D:\Uni\Ulm\Master\Hiwi-Forschung-und-Lehre\FairFace\detected_faces\1032538_face0.jpg,White,White,Male,20-29,"[6.3570434e-01 2.2573951e-04 5.8575947e-02 2.0019390e-04 4.0257801e-04
 2.5859210e-03 3.0230534e-01]",[9.9553514e-01 7.4367534e-04 1.1429938e-03 2.5781658e-03],[9.999977e-01 2.308625e-06],"[1.1143038e-07 6.1918076e-06 1.2935903e-03 6.3580298e-01 3.5822544e-01
 4.6569863e-03 1.4558503e-05 1.1671613e-07 1.9060808e-09]"
D:\Uni\Ulm\Master\Hiwi-Forschung-und-Lehre\FairFace\detected_faces\1032938_face0.jpg,Latino_Hispanic,White,Male,20-29,"[6.6929594e-02 4.0744878e-03 8.6220145e-01 4.9520086e-04 2.1583214e-03
 1.0167723e-02 5.3973183e-02]",[0.4725121  0.3316254  0.04945426 0.14640823],[9.9995726e-01 4.2714648e-05],"[2.5516300e-08 3.2144328e-06 1.5881931e-02 8.9724720e-01 8.5905708e-02
 9.5900847e-04 2.8838372e-06 4.7570950e-08 8.0454821e-10]"
D:\Uni\Ulm\Master\Hiwi-Forschung-und-Lehre\FairFace\detected_faces\1032939_face0.jpg,White,White,Male,20-29,"[4.2335731e-01 3.5619034e-04 2.3903382e-01 4.4059678e-04 8.9222955e-04
 6.9008052e-04 3.3522969e-01]",[0.9758096  0.00284555 0.00405897 0.0172859 ],[9.9999875e-01 1.2941626e-06],"[1.16120646e-07 7.35926587e-05 1.01907708e-01 8.48664582e-01
 4.82214764e-02 1.12430309e-03 8.08228106e-06 1.09112094e-07
 1.35846978e-09]"
D:\Uni\Ulm\Master\Hiwi-Forschung-und-Lehre\FairFace\detected_faces\1033035_face0.jpg,White,White,Male,10-19,"[9.9589634e-01 1.1684421e-04 1.1313121e-03 2.1603287e-06 3.7936938e-06
 3.7254756e-06 2.8458273e-03]",[9.6907288e-01 3.0850483e-02 6.7099871e-05 9.5916621e-06],[9.9999881e-01 1.1774231e-06],"[3.0114919e-08 4.4136806e-04 5.7927758e-01 4.1802663e-01 2.2457878e-03
 8.5807587e-06 2.2308397e-08 6.6472650e-10 2.9294699e-11]"
D:\Uni\Ulm\Master\Hiwi-Forschung-und-Lehre\FairFace\detected_faces\1033202_face0.jpg,White,White,Male,20-29,"[9.9984783e-01 4.3011210e-06 3.6003326e-05 5.0601802e-06 2.1780459e-05
 7.2616263e-07 8.4301893e-05]",[9.9732393e-01 2.1089625e-03 5.4450799e-04 2.2578142e-05],[1.000000e+00 5.874576e-09],"[1.1596853e-07 5.6884666e-05 2.5127431e-02 8.1037891e-01 1.6018622e-01
 4.2010830e-03 4.8889724e-05 4.8703760e-07 1.2053698e-08]"
D:\Uni\Ulm\Master\Hiwi-Forschung-und-Lehre\FairFace\detected_faces\1033247_face0.jpg,White,White,Male,20-29,"[0.45913684 0.00094967 0.22272721 0.00132284 0.00240169 0.01612573
 0.29733598]",[9.9327481e-01 2.3490353e-04 2.4076755e-04 6.2494893e-03],[9.9971688e-01 2.8318446e-04],"[6.99035991e-06 2.64580216e-04 3.08842864e-02 6.60951138e-01
 2.92827129e-01 1.47271566e-02 3.25022818e-04 1.32628675e-05
 4.35473396e-07]"
D:\Uni\Ulm\Master\Hiwi-Forschung-und-Lehre\FairFace\detected_faces\1033349_face0.jpg,Middle Eastern,White,Male,20-29,"[9.4967373e-02 3.7073536e-04 3.4359772e-02 6.5873843e-05 1.5374350e-04
 2.0961550e-03 8.6798638e-01]",[0.93601996 0.01275945 0.01586138 0.03535921],[1.0000000e+00 1.4028294e-08],"[4.9849277e-08 1.9514402e-04 4.0618101e-01 5.8973545e-01 3.8673689e-03
 2.0999611e-05 5.5315954e-08 4.5393289e-09 3.8959610e-11]"
D:\Uni\Ulm\Master\Hiwi-Forschung-und-Lehre\FairFace\detected_faces\1033351_face0.jpg,White,White,Male,20-29,"[9.9718654e-01 4.8765887e-05 6.3850306e-04 4.7825181e-04 3.3970503e-04
 1.8286084e-05 1.2898691e-03]",[9.7587264e-01 4.8219422e-03 1.8812736e-02 4.9266557e-04],[9.9999702e-01 2.9733264e-06],"[8.5974498e-06 1.0653960e-03 7.5039983e-02 8.1487715e-01 1.0599138e-01
 2.9660473e-03 5.0131559e-05 1.2172376e-06 6.5580963e-08]"
D:\Uni\Ulm\Master\Hiwi-Forschung-und-Lehre\FairFace\detected_faces\1033352_face0.jpg,White,White,Male,20-29,"[6.2515730e-01 6.9321104e-04 8.8296287e-02 5.1963015e-04 9.7229058e-04
 4.3005764e-04 2.8393123e-01]",[0.9303457  0.00735    0.05956507 0.00273915],[1.0000000e+00 4.3177604e-08],"[1.2449209e-07 1.1882399e-05 9.3822610e-03 8.3833343e-01 1.4969249e-01
 2.5598297e-03 1.9609195e-05 3.7140643e-07 3.2556775e-09]"
D:\Uni\Ulm\Master\Hiwi-Forschung-und-Lehre\FairFace\detected_faces\1033353_face0.jpg,White,White,Male,10-19,"[9.8263705e-01 3.5586036e-06 6.6665527e-03 1.5142444e-04 7.4105286e-05
 3.9994022e-05 1.0427256e-02]",[9.9750900e-01 5.6494132e-04 1.4599115e-03 4.6606871e-04],[9.9996275e-01 3.7257243e-05],"[1.8521328e-07 4.9190051e-03 9.5571828e-01 3.9259613e-02 1.0204517e-04
 7.9457732e-07 2.0575730e-09 5.8941151e-11 2.2351693e-12]"
D:\Uni\Ulm\Master\Hiwi-Forschung-und-Lehre\FairFace\detected_faces\1033694_face0.jpg,White,White,Male,20-29,"[8.6931241e-01 4.3438082e-05 2.5454534e-02 5.1711039e-03 3.7680729e-03
 3.0693764e-04 9.5943607e-02]",[9.4937581e-01 9.4501083e-05 4.9024392e-02 1.5052020e-03],[9.9989820e-01 1.0179283e-04],"[2.4079137e-07 3.5318724e-05 3.9159350e-02 8.5553008e-01 1.0338323e-01
 1.8662192e-03 2.5032385e-05 5.4444854e-07 1.6540298e-08]"
D:\Uni\Ulm\Master\Hiwi-Forschung-und-Lehre\FairFace\detected_faces\1033801_face0.jpg,Black,Black,Male,20-29,"[5.51107132e-06 9.99179542e-01 4.65392019e-04 3.96662614e-07
 6.07574111e-05 2.75326573e-04 1.31766765e-05]",[4.6210116e-06 9.9934328e-01 2.8257295e-05 6.2385882e-04],[9.9999946e-01 5.1724498e-07],"[2.9211897e-09 1.6303546e-05 1.4613657e-01 8.4531367e-01 8.5045416e-03
 2.8934803e-05 4.5288328e-08 6.2817518e-10 1.4780999e-11]"
D:\Uni\Ulm\Master\Hiwi-Forschung-und-Lehre\FairFace\detected_faces\1033980_face0.jpg,White,White,Male,10-19,"[9.5499796e-01 2.8601708e-06 2.5195617e-04 2.5833340e-04 6.6345994e-05
 1.5470845e-05 4.4407092e-02]",[9.9855703e-01 2.1688085e-05 1.3636259e-03 5.7630299e-05],[9.9976200e-01 2.3797096e-04],"[2.4608675e-05 1.7084006e-02 8.7194681e-01 1.0600136e-01 4.6557235e-03
 2.8291999e-04 4.2106299e-06 3.4246480e-07 1.5747146e-08]"
D:\Uni\Ulm\Master\Hiwi-Forschung-und-Lehre\FairFace\detected_faces\1034124_face0.jpg,White,White,Male,10-19,"[9.9545014e-01 2.9619982e-06 6.2366460e-05 7.0744557e-07 9.2404963e-07
 3.4008690e-07 4.4825459e-03]",[9.9986225e-01 1.2214310e-04 1.2335157e-05 3.2334037e-06],[9.999668e-01 3.317548e-05],"[8.1647272e-07 2.5104566e-03 6.4895421e-01 3.3812270e-01 1.0076549e-02
 3.3145788e-04 3.7208897e-06 1.1807821e-07 3.3166581e-09]"
D:\Uni\Ulm\Master\Hiwi-Forschung-und-Lehre\FairFace\detected_faces\1034137_face0.jpg,Middle Eastern,White,Male,20-29,"[3.0395216e-01 6.9706737e-05 7.6397411e-03 5.5505941e-04 4.0919936e-04
 1.9851192e-05 6.8735427e-01]",[9.8984647e-01 3.3212963e-03 6.6973199e-03 1.3486305e-04],[9.999956e-01 4.477032e-06],"[4.8966349e-08 4.7149191e-05 8.1663191e-02 8.4075302e-01 7.6898560e-02
 6.3568930e-04 2.3438531e-06 5.3173512e-08 8.8140595e-10]"
D:\Uni\Ulm\Master\Hiwi-Forschung-und-Lehre\FairFace\detected_faces\1034138_face0.jpg,Middle Eastern,White,Male,20-29,"[8.1363134e-02 3.8718270e-05 9.2049418e-03 8.3646613e-05 1.1010053e-04
 1.5862445e-04 9.0904081e-01]",[9.9927652e-01 1.0984318e-04 1.6213433e-04 4.5153126e-04],[9.9984747e-01 1.5252191e-04],"[2.8397392e-07 3.3549781e-04 2.6644659e-01 7.1718049e-01 1.5916714e-02
 1.2018774e-04 2.8211383e-07 9.4257198e-09 2.4017641e-10]"
D:\Uni\Ulm\Master\Hiwi-Forschung-und-Lehre\FairFace\detected_faces\1034139_face0.jpg,White,White,Male,20-29,"[0.7325004  0.00125228 0.16064748 0.00079694 0.00087815 0.00086081
 0.10306405]",[0.99169236 0.00122134 0.00377622 0.00331008],[9.999991e-01 9.079653e-07],"[6.2178408e-08 1.3028190e-05 4.9375156e-03 8.3142358e-01 1.6239208e-01
 1.2298735e-03 3.7271575e-06 4.5558416e-08 8.4064972e-10]"
D:\Uni\Ulm\Master\Hiwi-Forschung-und-Lehre\FairFace\detected_faces\1034248_face0.jpg,White,White,Male,20-29,"[8.5883266e-01 9.2530818e-06 4.0064547e-03 8.3820654e-05 1.2902895e-04
 8.7519293e-04 1.3606355e-01]",[9.9773115e-01 7.5862852e-05 1.2732572e-03 9.1963873e-04],[9.999982e-01 1.764790e-06],"[6.3410312e-07 1.0903307e-05 1.3619236e-03 7.4565464e-01 2.4878418e-01
 4.1667810e-03 2.0557663e-05 3.0119855e-07 6.9081598e-09]"
D:\Uni\Ulm\Master\Hiwi-Forschung-und-Lehre\FairFace\detected_faces\1034303_face0.jpg,White,White,Male,20-29,"[9.0541977e-01 6.6405119e-05 1.8428952e-02 4.2290078e-05 1.3184604e-04
 1.1499440e-04 7.5795822e-02]",[9.9683672e-01 1.5701416e-03 1.2023557e-03 3.9075862e-04],[9.9999815e-01 1.8757161e-06],"[1.5406877e-07 2.1992100e-05 1.3068342e-02 7.7828473e-01 2.0408759e-01
 4.5203771e-03 1.6625112e-05 1.7269585e-07 2.0972322e-09]"
D:\Uni\Ulm\Master\Hiwi-Forschung-und-Lehre\FairFace\detected_faces\1034420_face0.jpg,Middle Eastern,White,Male,20-29,"[4.4472545e-01 6.6456763e-04 2.0382509e-02 6.4076507e-05 1.9102187e-04
 3.2388768e-04 5.3364843e-01]",[0.9717736  0.01056223 0.00245195 0.01521221],[9.9999595e-01 4.0653299e-06],"[9.1586628e-08 5.0599614e-05 3.3417631e-02 9.2565548e-01 4.0680222e-02
 1.9559158e-04 4.2514250e-07 1.4322732e-08 3.3206843e-10]"
D:\Uni\Ulm\Master\Hiwi-Forschung-und-Lehre\FairFace\detected_faces\1034421_face0.jpg,White,White,Male,20-29,"[4.8490980e-01 1.2758742e-04 3.0259818e-02 7.1303359e-05 1.7313661e-04
 3.0082397e-04 4.8415750e-01]",[0.9840657  0.00304318 0.00151243 0.01137869],[1.0000000e+00 2.8336311e-08],"[1.00857356e-07 2.83053869e-05 5.01613282e-02 8.92853856e-01
 5.63962013e-02 5.58486732e-04 1.58645173e-06 4.14924770e-08
 3.90917021e-10]"
D:\Uni\Ulm\Master\Hiwi-Forschung-und-Lehre\FairFace\detected_faces\1034704_face0.jpg,White,White,Male,20-29,"[9.6802974e-01 1.6981447e-06 2.0221220e-03 5.2752130e-04 3.7367584e-04
 2.6612339e-05 2.9018734e-02]",[9.9959433e-01 7.3977576e-06 3.8598117e-04 1.2287760e-05],[9.9977750e-01 2.2243043e-04],"[9.4119338e-07 1.2867029e-04 3.4376606e-02 8.3848548e-01 1.2558632e-01
 1.4142825e-03 7.5303869e-06 1.8815430e-07 5.3630900e-09]"
D:\Uni\Ulm\Master\Hiwi-Forschung-und-Lehre\FairFace\detected_faces\1034705_face0.jpg,Middle Eastern,White,Male,20-29,"[3.0676631e-02 9.7955008e-06 1.2477001e-03 1.6617811e-06 7.6340202e-06
 3.2968426e-04 9.6772689e-01]",[9.8484129e-01 1.0894703e-03 4.1396200e-04 1.3655294e-02],[0.998984 0.001016],"[1.0577962e-06 1.5519976e-04 1.0812410e-01 8.3371866e-01 5.6014694e-02
 1.9328564e-03 4.9122478e-05 4.1641442e-06 1.9269358e-07]"
D:\Uni\Ulm\Master\Hiwi-Forschung-und-Lehre\FairFace\detected_faces\1034877_face0.jpg,Middle Eastern,White,Male,20-29,"[7.8834422e-02 1.0475183e-04 4.2062096e-02 7.1731646e-04 1.5693869e-03
 1.5606188e-03 8.7515140e-01]",[0.97889453 0.00529989 0.00952988 0.00627567],[1.0000000e+00 1.8742595e-08],"[1.2306872e-06 3.6874943e-04 7.6654240e-02 7.9739618e-01 1.2221617e-01
 3.3494793e-03 1.3513090e-05 3.9575795e-07 4.1037485e-09]"
D:\Uni\Ulm\Master\Hiwi-Forschung-und-Lehre\FairFace\detected_faces\1035013_face0.jpg,White,White,Male,20-29,"[0.45039645 0.0005923  0.29643878 0.0006004  0.00167893 0.00050973
 0.24978343]",[0.9555477  0.00523775 0.00934546 0.02986907],[9.999999e-01 8.057015e-08],"[3.2036462e-09 5.9946851e-06 6.6057801e-02 9.2031062e-01 1.3583741e-02
 4.1740339e-05 6.2944004e-08 1.2054912e-09 1.1957573e-11]"
D:\Uni\Ulm\Master\Hiwi-Forschung-und-Lehre\FairFace\detected_faces\1035087_face0.jpg,White,White,Male,20-29,"[9.9817961e-01 2.3165863e-05 7.5687055e-04 1.1224879e-05 3.7444843e-05
 1.5159039e-06 9.9019927e-04]",[9.9975967e-01 1.4454301e-04 8.5792832e-05 9.9563003e-06],[9.9999976e-01 2.6836196e-07],"[3.1856342e-08 1.6288530e-05 1.7562687e-02 8.8870943e-01 9.1990799e-02
 1.7095226e-03 1.1046663e-05 1.6999572e-07 5.1165774e-09]"
D:\Uni\Ulm\Master\Hiwi-Forschung-und-Lehre\FairFace\detected_faces\1035120_face0.jpg,Middle Eastern,Indian,Male,20-29,"[1.2081310e-01 1.4750854e-04 2.1777773e-01 3.4938438e-04 1.1861196e-03
 3.1327549e-01 3.4645063e-01]",[3.6756366e-01 2.3713964e-04 3.4819066e-04 6.3185102e-01],[9.9998760e-01 1.2363563e-05],"[2.7431557e-05 3.0171830e-04 3.1985643e-03 5.1354140e-01 4.6240261e-01
 2.0385873e-02 1.3893856e-04 3.4521784e-06 7.8717058e-08]"
D:\Uni\Ulm\Master\Hiwi-Forschung-und-Lehre\FairFace\detected_faces\1035121_face0.jpg,White,White,Male,20-29,"[5.8593750e-01 4.0296515e-04 1.0773386e-01 7.1352450e-03 8.3782738e-03
 3.0944874e-03 2.8731775e-01]",[0.5416738  0.00477846 0.32073438 0.13281336],[9.9907649e-01 9.2347275e-04],"[4.0722371e-06 3.0910275e-03 2.9496253e-01 6.7795241e-01 2.3640119e-02
 3.4735640e-04 2.2556346e-06 2.3075138e-07 9.6311972e-09]"
D:\Uni\Ulm\Master\Hiwi-Forschung-und-Lehre\FairFace\detected_faces\1035287_face0.jpg,Middle Eastern,Black,Male,30-39,"[4.0776342e-01 3.6354538e-02 7.8547284e-02 5.4338168e-05 2.1762375e-04
 9.7396206e-03 4.6732312e-01]",[0.399305   0.49671018 0.00777964 0.0962052 ],[9.9999607e-01 3.9767529e-06],"[1.1125270e-05 1.8390156e-05 3.0171944e-04 4.4232104e-02 4.8384622e-01
 4.2277357e-01 4.7491252e-02 1.2951202e-03 3.0524283e-05]"
D:\Uni\Ulm\Master\Hiwi-Forschung-und-Lehre\FairFace\detected_faces\1035365_face0.jpg,Middle Eastern,Black,Male,30-39,"[1.0547749e-02 1.8301085e-01 1.9074920e-01 2.2401042e-05 4.2266786e-04
 2.1981291e-02 5.9326583e-01]",[0.06614075 0.9092978  0.00514967 0.01941179],[9.999994e-01 5.451047e-07],"[8.5850888e-07 2.6935411e-05 4.6024946e-03 3.9661974e-01 5.5568296e-01
 4.2176306e-02 8.7516563e-04 1.5323869e-05 1.7685606e-07]"
D:\Uni\Ulm\Master\Hiwi-Forschung-und-Lehre\FairFace\detected_faces\1035515_face0.jpg,White,White,Male,20-29,"[9.6880007e-01 7.2409966e-06 2.0532925e-02 3.2164375e-04 4.8450206e-04
 3.2687574e-04 9.5267901e-03]",[9.9822891e-01 1.8810377e-05 3.4882824e-04 1.4034422e-03],[9.9993056e-01 6.9421636e-05],"[6.8817417e-07 3.0892983e-04 4.1163310e-01 5.3069317e-01 5.3838171e-02
 3.4784586e-03 4.6680001e-05 7.3525786e-07 9.3354293e-09]"
D:\Uni\Ulm\Master\Hiwi-Forschung-und-Lehre\FairFace\detected_faces\1035619_face0.jpg,Black,Black,Male,20-29,"[2.5063002e-02 8.1157041e-01 1.2989967e-01 5.0320665e-05 3.1717209e-04
 1.7569324e-02 1.5530021e-02]",[0.00532965 0.97407246 0.00110199 0.01949588],[9.9999332e-01 6.6985594e-06],"[1.5139298e-08 2.3475006e-06 8.1958855e-03 7.6186621e-01 2.2664759e-01
 3.2456634e-03 4.1705276e-05 5.2163921e-07 6.0275807e-09]"
D:\Uni\Ulm\Master\Hiwi-Forschung-und-Lehre\FairFace\detected_faces\1035696_face0.jpg,Black,Black,Male,20-29,"[7.3588089e-05 9.9110734e-01 4.0840250e-03 6.1454971e-06 2.0633137e-04
 4.3950444e-03 1.2749087e-04]",[8.3495579e-06 9.9936014e-01 7.7451507e-05 5.5404560e-04],[9.9996322e-01 3.6730515e-05],"[1.7351913e-06 8.2101003e-04 1.4754577e-01 7.5565410e-01 9.0956092e-02
 4.9385359e-03 8.0025849e-05 2.7381329e-06 1.1099446e-07]"
D:\Uni\Ulm\Master\Hiwi-Forschung-und-Lehre\FairFace\detected_faces\1035699_face0.jpg,Middle Eastern,White,Male,20-29,"[3.13963532e-01 5.09178972e-05 2.19971184e-02 5.43748465e-05
 1.10958485e-04 1.88967132e-03 6.61933422e-01]",[9.9597108e-01 2.4768201e-04 3.7631908e-04 3.4048709e-03],[1.0000000e+00 2.2432417e-08],"[8.7955812e-08 5.3375221e-05 1.4181774e-02 9.1942686e-01 6.6111848e-02
 2.2583929e-04 1.6438186e-07 1.7423440e-09 1.5302900e-11]"
D:\Uni\Ulm\Master\Hiwi-Forschung-und-Lehre\FairFace\detected_faces\1035896_face0.jpg,White,White,Male,20-29,"[9.8257238e-01 2.2931306e-06 1.8938427e-03 1.3262912e-04 1.9290361e-04
 4.0386592e-05 1.5165594e-02]",[9.9942005e-01 5.5523160e-05 3.7185132e-04 1.5256235e-04],[9.9984330e-01 1.5671816e-04],"[6.6772699e-08 4.9778697e-05 1.1099976e-01 8.2389355e-01 6.4193532e-02
 8.5869845e-04 4.5702282e-06 7.2886934e-08 1.9700257e-09]"
D:\Uni\Ulm\Master\Hiwi-Forschung-und-Lehre\FairFace\detected_faces\1035995_face0.jpg,Black,Black,Male,20-29,"[2.91410561e-06 9.99975502e-01 1.48250565e-05 1.25096129e-08
 1.54890543e-07 5.39998609e-06 1.12166299e-06]",[1.4413242e-06 9.9999505e-01 8.8722430e-07 2.5694465e-06],[9.9994344e-01 5.6598768e-05],"[5.6582661e-07 1.4893395e-04 2.5395023e-02 6.4935488e-01 2.8670606e-01
 3.6977224e-02 1.3671748e-03 4.7510417e-05 2.5768227e-06]"
D:\Uni\Ulm\Master\Hiwi-Forschung-und-Lehre\FairFace\detected_faces\1036005_face0.jpg,White,Indian,Male,20-29,"[3.5820317e-01 4.0702417e-04 3.0387118e-01 8.6510217e-06 6.8334688e-05
 2.5287608e-02 3.1215408e-01]",[0.40043828 0.01741213 0.00125273 0.58089685],[9.9999958e-01 3.8645143e-07],"[2.4911986e-07 5.4477132e-05 1.1446919e-02 8.4301621e-01 1.4392382e-01
 1.5564286e-03 1.8439557e-06 1.6784711e-08 1.6886839e-10]"
D:\Uni\Ulm\Master\Hiwi-Forschung-und-Lehre\FairFace\detected_faces\1036263_face0.jpg,White,White,Male,20-29,"[9.9795485e-01 3.5253975e-06 8.6902227e-04 1.7047862e-06 2.7799938e-06
 1.0469665e-05 1.1576908e-03]",[9.99801397e-01 1.14410526e-04 3.60871491e-05 4.80708986e-05],[0.99755037 0.00244962],"[5.8087263e-08 9.6592819e-05 2.3064885e-01 7.4588239e-01 2.2716887e-02
 6.4916135e-04 5.9748145e-06 1.1309618e-07 4.0090531e-09]"
D:\Uni\Ulm\Master\Hiwi-Forschung-und-Lehre\FairFace\detected_faces\1036269_face0.jpg,Latino_Hispanic,Black,Male,20-29,"[4.8471458e-02 7.8383796e-02 8.3408684e-01 1.3531129e-04 1.3184680e-03
 4.0752636e-03 3.3528864e-02]",[0.07696937 0.76071507 0.00479324 0.15752229],[9.9999988e-01 1.3486985e-07],"[3.8408274e-08 8.3422783e-06 5.7918515e-02 9.1726375e-01 2.4511265e-02
 2.9435460e-04 3.6900210e-06 7.7093780e-08 1.0669728e-09]"
D:\Uni\Ulm\Master\Hiwi-Forschung-und-Lehre\FairFace\detected_faces\1046097_face0.jpg,Black,Black,Male,20-29,"[7.7829543e-05 9.9528986e-01 3.5028595e-03 4.1263429e-06 1.2897661e-04
 7.6736725e-04 2.2899332e-04]",[5.8904127e-04 9.9519283e-01 6.3718657e-04 3.5809083e-03],[9.9999475e-01 5.2178602e-06],"[2.0971076e-08 2.1275671e-06 1.5576681e-02 8.1594992e-01 1.6394058e-01
 4.4321972e-03 9.5909731e-05 2.4525134e-06 5.9793472e-08]"
D:\Uni\Ulm\Master\Hiwi-Forschung-und-Lehre\FairFace\detected_faces\1046214_face0.jpg,White,White,Male,10-19,"[8.6846179e-01 6.0465482e-05 2.8864596e-02 6.6034979e-04 2.4943103e-04
 3.0988976e-04 1.0139341e-01]",[9.9847555e-01 9.8601275e-05 1.0895899e-03 3.3627145e-04],[9.9999982e-01 2.3735576e-07],"[7.4770994e-04 1.4352091e-01 5.5906105e-01 1.5193748e-01 1.1974775e-01
 2.4393430e-02 5.7684700e-04 1.4649938e-05 2.6760108e-07]"
D:\Uni\Ulm\Master\Hiwi-Forschung-und-Lehre\FairFace\detected_faces\1046241_face0.jpg,White,White,Male,20-29,"[9.9997813e-01 4.0044672e-08 2.9678397e-06 7.1571499e-08 8.3784158e-08
 3.3891915e-08 1.8718787e-05]",[9.9999726e-01 1.5338892e-06 7.1042234e-07 4.5607237e-07],[9.999944e-01 5.594124e-06],"[6.9070973e-07 6.9951790e-04 1.5105847e-01 8.2777154e-01 2.0378526e-02
 9.1070062e-05 2.3927129e-07 2.9192482e-09 1.6209395e-10]"
D:\Uni\Ulm\Master\Hiwi-Forschung-und-Lehre\FairFace\detected_faces\1046320_face0.jpg,Middle Eastern,White,Male,20-29,"[2.2875980e-01 2.6955274e-03 3.7372861e-02 4.1818075e-05 9.4958952e-05
 4.4631225e-04 7.3058867e-01]",[9.3673784e-01 6.1068512e-02 2.6969120e-04 1.9240002e-03],[9.9997348e-01 2.6485892e-05],"[3.9159986e-06 1.3820168e-03 1.0003880e-01 8.4978771e-01 4.8401602e-02
 3.8456707e-04 1.4349448e-06 5.4048733e-08 1.1107778e-09]"
D:\Uni\Ulm\Master\Hiwi-Forschung-und-Lehre\FairFace\detected_faces\1046321_face0.jpg,Middle Eastern,White,Male,30-39,"[1.3030209e-01 2.1167296e-04 1.6890859e-02 1.3794041e-05 2.8086140e-05
 1.5498319e-04 8.5239851e-01]",[9.9271142e-01 6.6794027e-03 1.1663348e-04 4.9264054e-04],[9.99897540e-01 1.02428414e-04],"[3.6265970e-05 8.1291399e-04 2.5123186e-02 2.6307836e-01 5.4792625e-01
 1.5496744e-01 7.7932370e-03 2.5899897e-04 3.2984487e-06]"
D:\Uni\Ulm\Master\Hiwi-Forschung-und-Lehre\FairFace\detected_faces\1046322_face0.jpg,Middle Eastern,White,Male,30-39,"[1.9079511e-01 1.1376382e-03 2.0541286e-01 2.7616418e-04 7.4800418e-04
 2.9148582e-02 5.7248169e-01]",[0.76395845 0.00643854 0.00696584 0.2226372 ],[9.9983442e-01 1.6555567e-04],"[4.3553036e-06 3.5915466e-05 2.9094149e-03 4.6825475e-01 5.0475812e-01
 2.3751447e-02 2.7773477e-04 8.0288828e-06 2.1900269e-07]"
D:\Uni\Ulm\Master\Hiwi-Forschung-und-Lehre\FairFace\detected_faces\1046323_face0.jpg,White,White,Male,20-29,"[8.5675186e-01 2.7502561e-04 4.4128098e-02 1.6402172e-04 4.5452642e-04
 3.0393436e-05 9.8196067e-02]",[9.9790448e-01 9.0175215e-04 1.1551874e-03 3.8623584e-05],[9.9999768e-01 2.2936956e-06],"[4.8160917e-08 7.0580070e-05 4.7150064e-01 5.2217346e-01 6.1637298e-03
 9.0982379e-05 5.0689420e-07 1.3522148e-08 1.2227548e-10]"
D:\Uni\Ulm\Master\Hiwi-Forschung-und-Lehre\FairFace\detected_faces\1046384_face0.jpg,White,White,Male,20-29,"[9.6249110e-01 7.7919585e-06 3.3586703e-03 3.1735601e-06 1.2219035e-05
 8.7126555e-06 3.4118358e-02]",[9.9959081e-01 2.9423265e-04 7.8875011e-05 3.6065241e-05],[9.999955e-01 4.533487e-06],"[6.2799842e-08 1.2125420e-04 2.7708489e-01 6.6669059e-01 5.3654321e-02
 2.4309319e-03 1.7601225e-05 3.1076749e-07 2.4041633e-09]"
D:\Uni\Ulm\Master\Hiwi-Forschung-und-Lehre\FairFace\detected_faces\1046390_face0.jpg,Black,Black,Male,20-29,"[4.2740532e-05 9.9503505e-01 3.5162668e-03 8.8614670e-06 4.5450454e-04
 9.3316362e-04 9.3651697e-06]",[1.1973760e-04 9.9781471e-01 1.2580475e-03 8.0756372e-04],[9.9999660e-01 3.3982565e-06],"[1.8782856e-08 2.4698042e-07 1.6242543e-03 4.9851736e-01 4.7764015e-01
 2.1772405e-02 4.4023214e-04 5.1158408e-06 1.7980395e-07]"
D:\Uni\Ulm\Master\Hiwi-Forschung-und-Lehre\FairFace\detected_faces\1046448_face0.jpg,White,White,Male,20-29,"[9.9964637e-01 6.6480885e-07 5.3881446e-05 3.1358463e-06 2.8138177e-06
 5.3565545e-06 2.8780478e-04]",[9.9998653e-01 6.7434821e-06 4.2861993e-06 2.4574388e-06],[9.9978501e-01 2.1501275e-04],"[1.4868899e-05 9.7714562e-04 5.1751379e-02 6.2385678e-01 2.9497024e-01
 2.7810061e-02 6.0380582e-04 1.4543810e-05 1.0562544e-06]"
D:\Uni\Ulm\Master\Hiwi-Forschung-und-Lehre\FairFace\detected_faces\1046449_face0.jpg,Black,Black,Male,20-29,"[1.5768281e-07 9.9998623e-01 4.4170779e-06 3.8384137e-08 1.2685867e-06
 7.6591314e-06 1.8702167e-07]",[4.4534437e-07 9.9997598e-01 1.7406666e-05 6.2002900e-06],[0.99792063 0.0020794 ],"[2.7147900e-08 2.4612968e-06 4.6800561e-03 5.9092546e-01 3.7326059e-01
 3.0592619e-02 5.3312170e-04 5.5316291e-06 2.3500276e-07]"
D:\Uni\Ulm\Master\Hiwi-Forschung-und-Lehre\FairFace\detected_faces\1046461_face0.jpg,White,White,Male,10-19,"[9.8742390e-01 1.2561328e-07 4.7889003e-04 8.4407337e-05 6.1556188e-05
 9.7131182e-05 1.1853968e-02]",[9.9927336e-01 1.7338670e-06 3.0472333e-04 4.2008189e-04],[9.9999946e-01 5.1664011e-07],"[9.6336917e-06 7.4289059e-03 4.8611626e-01 4.6971574e-01 3.5607621e-02
 1.1166713e-03 5.0989279e-06 9.2234785e-08 1.4404994e-09]"
D:\Uni\Ulm\Master\Hiwi-Forschung-und-Lehre\FairFace\detected_faces\1046484_face0.jpg,Black,Black,Male,20-29,"[1.9953530e-05 9.9992108e-01 5.0719682e-05 6.7495044e-08 8.7443851e-07
 5.8823407e-06 1.3409551e-06]",[4.9741225e-06 9.9997115e-01 3.3238994e-06 2.0557096e-05],[0.99580187 0.00419811],"[2.4850717e-06 3.3976481e-04 4.5548581e-02 6.3935089e-01 2.7270243e-01
 4.0383305e-02 1.6293444e-03 4.1135816e-05 2.1105764e-06]"
D:\Uni\Ulm\Master\Hiwi-Forschung-und-Lehre\FairFace\detected_faces\1046487_face0.jpg,Black,Black,Male,20-29,"[1.8719807e-05 9.9767309e-01 9.8182622e-04 1.4739390e-05 5.4655364e-04
 7.5955800e-04 5.6247004e-06]",[1.5204283e-05 9.9963391e-01 2.2473736e-04 1.2611377e-04],[9.9999928e-01 7.0328844e-07],"[2.3122238e-08 3.7773859e-06 2.8883364e-02 8.0124521e-01 1.6334797e-01
 6.4228824e-03 9.5549454e-05 1.1704279e-06 3.6578854e-08]"
D:\Uni\Ulm\Master\Hiwi-Forschung-und-Lehre\FairFace\detected_faces\1046711_face0.jpg,East Asian,Asian,Male,20-29,"[5.1557727e-04 5.8295564e-06 1.1681477e-03 8.2776445e-01 1.7051147e-01
 1.5543523e-05 1.9013660e-05]",[7.5809243e-05 5.3039075e-06 9.9990958e-01 9.2944538e-06],[9.9999774e-01 2.2894922e-06],"[2.4759135e-08 1.0650921e-05 4.0808342e-02 8.2023984e-01 1.3482182e-01
 4.0409281e-03 7.5694392e-05 2.7019178e-06 2.3636039e-08]"
D:\Uni\Ulm\Master\Hiwi-Forschung-und-Lehre\FairFace\detected_faces\1046788_face0.jpg,White,White,Male,10-19,"[8.5219884e-01 7.4816155e-05 1.6901702e-02 4.2795027e-03 1.0104380e-03
 2.5240885e-04 1.2528235e-01]",[0.98249084 0.00368381 0.01260395 0.00122152],[0.9052071  0.09479287],"[1.4804413e-06 1.5471185e-02 8.9996380e-01 8.2686782e-02 1.8482686e-03
 2.8278280e-05 1.6976792e-07 6.2888010e-09 4.3376297e-10]"
D:\Uni\Ulm\Master\Hiwi-Forschung-und-Lehre\FairFace\detected_faces\1046795_face0.jpg,Black,Black,Male,20-29,"[8.9318032e-04 9.4556320e-01 4.6753142e-02 2.7006072e-06 7.0467904e-05
 5.6873946e-03 1.0299168e-03]",[1.2462793e-04 9.8970699e-01 1.7110370e-04 9.9972468e-03],[9.9999994e-01 7.6456175e-08],"[2.5281372e-07 1.8198771e-05 2.2896918e-02 7.5134975e-01 2.0353031e-01
 2.1039842e-02 1.1405010e-03 2.3878525e-05 3.1400108e-07]"
D:\Uni\Ulm\Master\Hiwi-Forschung-und-Lehre\FairFace\detected_faces\1046799_face0.jpg,White,White,Male,20-29,"[9.9521774e-01 3.7294703e-05 7.6795759e-04 2.7071360e-06 6.2866557e-06
 7.5541898e-06 3.9603789e-03]",[9.9876434e-01 1.1622288e-03 3.0000716e-05 4.3423843e-05],[9.9999684e-01 3.2099074e-06],"[1.13503155e-07 8.14627128e-05 9.98938531e-02 8.90441060e-01
 9.52275563e-03 6.03935005e-05 3.23029752e-07 1.23676864e-08
 2.73736728e-10]"
D:\Uni\Ulm\Master\Hiwi-Forschung-und-Lehre\FairFace\detected_faces\1046802_face0.jpg,Latino_Hispanic,White,Male,20-29,"[3.2994300e-01 2.4919653e-02 4.9397331e-01 3.3905680e-04 1.5940294e-03
 2.9650176e-04 1.4893451e-01]",[0.52601093 0.45235828 0.01916534 0.00246542],[9.9999994e-01 7.2600876e-08],"[1.8046890e-08 1.1138255e-05 1.0200273e-01 8.6673921e-01 3.0875087e-02
 3.6935534e-04 2.3681484e-06 6.1563362e-08 5.9534949e-10]"
D:\Uni\Ulm\Master\Hiwi-Forschung-und-Lehre\FairFace\detected_faces\1047268_face0.jpg,White,White,Male,20-29,"[8.1622803e-01 2.4180084e-03 1.0664704e-01 1.4990265e-03 2.0161720e-03
 1.5103049e-04 7.1040563e-02]",[0.92519426 0.04885749 0.02083402 0.0051142 ],[9.9961603e-01 3.8392414e-04],"[6.6537638e-07 2.5946580e-04 4.6796823e-01 5.1666421e-01 1.4482676e-02
 6.0398242e-04 1.9583991e-05 1.0933854e-06 2.7036240e-08]"
D:\Uni\Ulm\Master\Hiwi-Forschung-und-Lehre\FairFace\detected_faces\1047334_face0.jpg,Middle Eastern,White,Male,20-29,"[2.0741645e-01 1.1052970e-05 1.2376258e-02 3.3091768e-05 4.4754306e-05
 2.6714950e-04 7.7985126e-01]",[9.9909145e-01 3.1031427e-04 4.2727252e-04 1.7096048e-04],[9.999996e-01 4.505186e-07],"[4.6850272e-07 3.2208214e-04 9.1495499e-02 8.7833107e-01 2.9616181e-02
 2.3414557e-04 5.5607694e-07 1.1098583e-08 1.3787575e-10]"
D:\Uni\Ulm\Master\Hiwi-Forschung-und-Lehre\FairFace\detected_faces\1047343_face0.jpg,Middle Eastern,White,Male,20-29,"[5.0519105e-02 9.7430818e-04 4.6031903e-02 7.3358860e-05 2.3026447e-04
 6.4357799e-03 8.9573526e-01]",[0.8387822  0.00351037 0.00626522 0.15144219],[9.9999821e-01 1.7740956e-06],"[2.36166197e-05 1.26639381e-03 1.03163175e-01 4.91378695e-01
 3.05241823e-01 8.76766816e-02 1.01387287e-02 1.08732237e-03
 2.36528886e-05]"
D:\Uni\Ulm\Master\Hiwi-Forschung-und-Lehre\FairFace\detected_faces\1047484_face0.jpg,Latino_Hispanic,Indian,Male,20-29,"[0.01957677 0.1766661  0.5633953  0.00521312 0.07627068 0.15700522
 0.00187281]",[0.05007044 0.16096391 0.15311769 0.635848  ],[9.999978e-01 2.160878e-06],"[1.7323616e-07 1.5362402e-05 1.5740057e-02 8.4001327e-01 1.4214996e-01
 2.0650164e-03 1.5790485e-05 4.3905038e-07 6.5355632e-09]"
D:\Uni\Ulm\Master\Hiwi-Forschung-und-Lehre\FairFace\detected_faces\1047855_face0.jpg,White,White,Male,20-29,"[9.99643445e-01 6.02555303e-08 1.22419815e-05 9.25481004e-07
 7.51232449e-07 3.97800477e-08 3.42454267e-04]",[9.9999565e-01 1.7527412e-06 1.9945223e-06 5.6029825e-07],[9.9998337e-01 1.6662509e-05],"[3.26416005e-10 3.07734877e-06 3.58451754e-01 6.39575720e-01
 1.95856905e-03 1.09121265e-05 4.25158682e-08 6.17152607e-10
 1.26793420e-11]"
D:\Uni\Ulm\Master\Hiwi-Forschung-und-Lehre\FairFace\detected_faces\1047988_face0.jpg,Southeast Asian,Asian,Male,20-29,"[2.3459515e-03 1.0507731e-01 4.6733513e-02 1.4076720e-01 7.0381171e-01
 1.1810423e-03 8.3322600e-05]",[5.8642629e-04 9.3676843e-02 8.9207458e-01 1.3662174e-02],[9.9945658e-01 5.4338766e-04],"[3.4783704e-06 1.4774237e-03 1.9577146e-01 7.3701406e-01 6.3976556e-02
 1.7368924e-03 1.9256049e-05 7.6164349e-07 6.1053235e-08]"
D:\Uni\Ulm\Master\Hiwi-Forschung-und-Lehre\FairFace\detected_faces\1048009_face0.jpg,Black,Black,Male,20-29,"[3.9826102e-07 9.9998462e-01 6.1157575e-06 4.0947816e-07 2.7318986e-06
 5.3662611e-06 3.3862003e-07]",[9.7891489e-06 9.9969697e-01 2.7250266e-04 2.0753161e-05],[0.90866345 0.09133656],"[1.1409504e-06 1.6709883e-04 1.7377108e-02 5.6737638e-01 3.7691858e-01
 3.6693729e-02 1.4238741e-03 3.9176673e-05 2.9666537e-06]"
D:\Uni\Ulm\Master\Hiwi-Forschung-und-Lehre\FairFace\detected_faces\1048011_face0.jpg,White,White,Male,20-29,"[9.4749218e-01 1.9258761e-05 1.9638545e-03 7.9177080e-05 9.1946429e-05
 4.2109832e-06 5.0349366e-02]",[9.9773365e-01 1.8199423e-03 4.3681453e-04 9.6033245e-06],[9.9999750e-01 2.5063707e-06],"[8.9427594e-08 7.1676957e-05 1.8394910e-01 7.9935586e-01 1.6482498e-02
 1.4036738e-04 4.5044638e-07 1.0494198e-08 2.6724090e-10]"
D:\Uni\Ulm\Master\Hiwi-Forschung-und-Lehre\FairFace\detected_faces\1048122_face0.jpg,Latino_Hispanic,Black,Male,10-19,"[0.1309376  0.04201239 0.76432186 0.00081997 0.00739483 0.00530819
 0.04920517]",[0.14352004 0.84229857 0.00374488 0.0104365 ],[9.9998581e-01 1.4189915e-05],"[1.0372507e-06 2.2631744e-03 5.9524590e-01 3.8263720e-01 1.9365244e-02
 4.7791196e-04 9.1915363e-06 3.4806561e-07 1.2380263e-08]"
D:\Uni\Ulm\Master\Hiwi-Forschung-und-Lehre\FairFace\detected_faces\1048123_face0.jpg,White,White,Male,20-29,"[9.9678046e-01 9.3184644e-06 2.1633074e-04 1.0262238e-03 1.9197798e-04
 3.2064625e-06 1.7724136e-03]",[9.9971259e-01 5.1980183e-05 2.2431518e-04 1.1122606e-05],[9.9995315e-01 4.6854922e-05],"[1.1499855e-06 1.3141580e-04 1.5844037e-01 7.5125504e-01 8.5087784e-02
 4.9056332e-03 1.7016121e-04 8.2251117e-06 2.2512884e-07]"
D:\Uni\Ulm\Master\Hiwi-Forschung-und-Lehre\FairFace\detected_faces\1048124_face0.jpg,Middle Eastern,White,Male,20-29,"[0.05535603 0.00126707 0.07102121 0.03959605 0.03637772 0.00354518
 0.7928367 ]",[0.5617969  0.01192639 0.3634281  0.06284866],[9.9999976e-01 2.5358977e-07],"[6.1236420e-07 2.8915847e-05 1.6440958e-02 6.7444170e-01 2.9029942e-01
 1.7959159e-02 7.4382953e-04 8.3859544e-05 1.5394543e-06]"
D:\Uni\Ulm\Master\Hiwi-Forschung-und-Lehre\FairFace\detected_faces\1048239_face0.jpg,White,White,Male,20-29,"[9.9650949e-01 1.3581851e-05 1.1352900e-03 2.6915375e-06 7.2957823e-06
 1.9312483e-06 2.3297172e-03]",[9.9976212e-01 1.1606311e-04 1.1712888e-04 4.7019898e-06],[9.9999976e-01 2.5459906e-07],"[1.04710914e-07 7.68132159e-05 2.21876174e-01 7.60606706e-01
 1.71281863e-02 3.07871174e-04 3.94880271e-06 8.58791438e-08
 1.15241761e-09]"
D:\Uni\Ulm\Master\Hiwi-Forschung-und-Lehre\FairFace\detected_faces\1048265_face0.jpg,White,White,Male,20-29,"[9.9909490e-01 2.3251725e-06 5.0775830e-05 1.7804907e-06 3.6282231e-06
 3.6225438e-07 8.4614649e-04]",[9.9997169e-01 1.8305242e-05 8.2207935e-06 1.7620564e-06],[9.9999982e-01 1.5671831e-07],"[1.7611143e-07 9.5673677e-05 1.9270623e-02 9.1173923e-01 6.8657018e-02
 2.3685003e-04 4.5311549e-07 2.6211533e-09 5.7045726e-11]"
D:\Uni\Ulm\Master\Hiwi-Forschung-und-Lehre\FairFace\detected_faces\1048324_face0.jpg,Black,Black,Male,20-29,"[1.3589286e-04 9.7142524e-01 1.7253311e-02 3.8040271e-05 3.0631858e-03
 7.8352354e-03 2.4910466e-04]",[3.7362181e-05 9.7858161e-01 6.3248951e-04 2.0748561e-02],[9.999204e-01 7.952143e-05],"[1.15217392e-06 1.13563542e-03 3.25555384e-01 6.48649871e-01
 2.40624193e-02 5.90768002e-04 4.73842783e-06 1.11041345e-07
 3.48438611e-09]"
D:\Uni\Ulm\Master\Hiwi-Forschung-und-Lehre\FairFace\detected_faces\1048388_face0.jpg,Middle Eastern,Black,Male,20-29,"[2.1123199e-02 1.4390330e-03 3.1212457e-02 9.6546810e-06 5.0477582e-05
 5.3744129e-04 9.4562769e-01]",[0.15161358 0.8341502  0.00196357 0.01227271],[9.9997896e-01 2.1012713e-05],"[1.9632259e-06 2.2973574e-04 3.1261832e-02 8.2393146e-01 1.4278340e-01
 1.7863411e-03 5.1416191e-06 1.1221896e-07 2.3511060e-09]"
D:\Uni\Ulm\Master\Hiwi-Forschung-und-Lehre\FairFace\detected_faces\1048422_face0.jpg,Black,Black,Male,20-29,"[8.17076827e-04 9.49606180e-01 4.36358266e-02 1.34373595e-05
 5.83407586e-04 3.57171800e-03 1.77218358e-03]",[1.7557094e-04 9.9886519e-01 2.1092735e-04 7.4831437e-04],[9.99899030e-01 1.00942336e-04],"[1.5245996e-08 9.9580402e-06 5.7417482e-02 8.6324978e-01 7.8490548e-02
 8.2749198e-04 4.7466801e-06 8.3998252e-08 2.1463882e-09]"
D:\Uni\Ulm\Master\Hiwi-Forschung-und-Lehre\FairFace\detected_faces\1048510_face0.jpg,White,White,Male,20-29,"[9.4818872e-01 2.5235489e-05 2.2131523e-02 7.3069765e-05 8.7751636e-05
 2.9405573e-04 2.9199690e-02]",[9.9710816e-01 8.1111433e-04 5.1190337e-04 1.5688199e-03],[1.0000000e+00 2.3131328e-08],"[3.5562360e-07 1.8537052e-04 1.6961519e-01 7.9457438e-01 3.5296366e-02
 3.2749391e-04 8.4549123e-07 1.7908096e-08 1.5085164e-10]"
D:\Uni\Ulm\Master\Hiwi-Forschung-und-Lehre\FairFace\detected_faces\1048569_face0.jpg,Black,Black,Male,20-29,"[7.5464917e-04 9.6719068e-01 2.5034310e-02 1.5312074e-04 4.2732200e-03
 1.1409464e-03 1.4530640e-03]",[2.6995054e-04 9.9765205e-01 1.7922742e-03 2.8581411e-04],[9.999155e-01 8.456275e-05],"[8.3412303e-08 3.8828061e-06 1.2411721e-02 7.3514438e-01 2.4799563e-01
 4.3885158e-03 5.5054465e-05 7.0980354e-07 2.7275618e-08]"
D:\Uni\Ulm\Master\Hiwi-Forschung-und-Lehre\FairFace\detected_faces\1048650_face0.jpg,White,White,Male,20-29,"[8.80941570e-01 2.09007063e-03 1.03996299e-01 8.13985243e-04
 5.84326626e-04 8.36118415e-05 1.14900945e-02]",[0.9907445  0.0065968  0.00150639 0.00115238],[9.999122e-01 8.780455e-05],"[8.1650150e-08 2.7680935e-05 2.8870496e-01 6.5841138e-01 5.0352611e-02
 2.4074926e-03 9.4202194e-05 1.6411948e-06 1.4487086e-08]"
D:\Uni\Ulm\Master\Hiwi-Forschung-und-Lehre\FairFace\detected_faces\1048651_face0.jpg,Middle Eastern,White,Male,10-19,"[2.0543535e-01 1.7319397e-04 1.9583137e-01 1.7773662e-05 9.7423072e-05
 1.5966238e-03 5.9684825e-01]",[9.9484098e-01 2.3455292e-03 8.6343993e-04 1.9500045e-03],[9.999990e-01 9.982103e-07],"[3.7585659e-07 2.0050372e-03 6.5742517e-01 3.3055440e-01 9.7839106e-03
 2.3005556e-04 1.0079017e-06 1.8151134e-08 2.1553628e-10]"
D:\Uni\Ulm\Master\Hiwi-Forschung-und-Lehre\FairFace\detected_faces\1048678_face0.jpg,White,White,Male,20-29,"[8.5217553e-01 5.6578115e-06 2.9203154e-03 8.9681539e-04 4.4869530e-04
 2.3316160e-04 1.4331988e-01]",[9.8735607e-01 9.2343660e-05 6.4822030e-03 6.0694064e-03],[9.9999869e-01 1.3428695e-06],"[8.9446883e-05 2.4098807e-03 1.7805327e-02 4.6581921e-01 4.6105063e-01
 5.1769629e-02 1.0213932e-03 3.3190219e-05 1.2840165e-06]"
D:\Uni\Ulm\Master\Hiwi-Forschung-und-Lehre\FairFace\detected_faces\1048819_face0.jpg,White,White,Male,20-29,"[9.8333216e-01 9.2686332e-06 2.0402569e-04 3.0171708e-07 1.0413622e-06
 2.5449117e-06 1.6450707e-02]",[9.9987298e-01 1.1672997e-04 1.4552737e-06 8.8221659e-06],[9.999958e-01 4.155425e-06],"[1.6820927e-07 6.3053427e-05 1.5155065e-02 9.3025506e-01 5.4259859e-02
 2.6611786e-04 6.1967575e-07 1.0725903e-08 1.9481849e-10]"
D:\Uni\Ulm\Master\Hiwi-Forschung-und-Lehre\FairFace\detected_faces\1048820_face0.jpg,White,White,Male,10-19,"[5.9688991e-01 1.3026459e-03 3.3548811e-01 9.4718016e-05 6.6532497e-04
 1.9989163e-03 6.3560218e-02]",[0.91622967 0.00179744 0.00548544 0.0764875 ],[9.9999744e-01 2.5589384e-06],"[1.2932631e-07 2.8413234e-04 7.2259015e-01 2.6934364e-01 7.2505660e-03
 5.1799475e-04 1.2845274e-05 4.8613293e-07 5.6834204e-09]"
D:\Uni\Ulm\Master\Hiwi-Forschung-und-Lehre\FairFace\detected_faces\1048888_face0.jpg,Black,Black,Male,20-29,"[3.5479165e-06 9.9926025e-01 1.2231445e-04 3.3738029e-06 2.3730173e-04
 3.7163837e-04 1.6536386e-06]",[1.5805670e-05 9.9296349e-01 1.3169216e-03 5.7037696e-03],[9.9986321e-01 1.3681012e-04],"[6.6798627e-08 2.6801549e-04 2.3606469e-01 7.1502447e-01 4.7517851e-02
 1.1095252e-03 1.4985840e-05 3.5336677e-07 2.4073687e-08]"
D:\Uni\Ulm\Master\Hiwi-Forschung-und-Lehre\FairFace\detected_faces\1048916_face0.jpg,Black,Black,Male,20-29,"[1.9712704e-06 9.9997735e-01 1.8395185e-05 2.5711011e-09 1.6462685e-08
 2.1056287e-06 1.8796955e-07]",[1.0226411e-06 9.9999660e-01 1.8823275e-07 2.1334070e-06],[0.98377436 0.01622563],"[3.1778384e-08 7.6011697e-06 4.7780881e-03 5.2346456e-01 4.4741952e-01
 2.3685962e-02 6.3778699e-04 6.2917211e-06 1.0521833e-07]"
D:\Uni\Ulm\Master\Hiwi-Forschung-und-Lehre\FairFace\detected_faces\1048927_face0.jpg,Black,Black,Male,20-29,"[2.1473500e-03 9.5901608e-01 2.7449850e-02 4.9294449e-05 7.9723756e-04
 1.0342778e-02 1.9736320e-04]",[1.4658003e-03 9.3343824e-01 7.2223262e-04 6.4373620e-02],[0.9967606  0.00323944],"[7.3430806e-07 7.6182187e-04 2.8119290e-01 6.4776623e-01 6.5500356e-02
 4.6466766e-03 1.2897802e-04 2.2341153e-06 7.2602695e-08]"
D:\Uni\Ulm\Master\Hiwi-Forschung-und-Lehre\FairFace\detected_faces\1049166_face0.jpg,Black,Black,Male,20-29,"[1.24277244e-06 9.99975860e-01 7.31866749e-06 8.71566073e-08
 2.20404877e-06 1.28498905e-05 4.37285166e-07]",[1.4721662e-07 9.9999738e-01 1.1978111e-06 1.2721889e-06],[9.9998367e-01 1.6346778e-05],"[4.46661119e-07 1.55252143e-04 1.64120179e-02 7.32319176e-01
 2.38435954e-01 1.22528430e-02 4.08822554e-04 1.41700275e-05
 1.33248193e-06]"
D:\Uni\Ulm\Master\Hiwi-Forschung-und-Lehre\FairFace\detected_faces\1049177_face0.jpg,White,White,Male,20-29,"[9.9945658e-01 1.2852164e-05 3.3176853e-04 2.1856708e-06 9.5840505e-06
 1.7369224e-05 1.6969605e-04]",[9.9969214e-01 7.8580284e-05 4.8662758e-05 1.8056827e-04],[9.9998355e-01 1.6432112e-05],"[1.1530856e-07 3.9972401e-06 6.0976758e-03 6.5468866e-01 3.0378434e-01
 3.3184495e-02 2.2051514e-03 3.4277506e-05 1.3421383e-06]"
D:\Uni\Ulm\Master\Hiwi-Forschung-und-Lehre\FairFace\detected_faces\1049178_face0.jpg,White,White,Male,20-29,"[9.9998838e-01 5.3775847e-07 2.9630055e-06 1.1157282e-06 2.9617531e-06
 3.6183579e-08 3.9634774e-06]",[9.99897897e-01 1.24447815e-05 8.89116491e-05 7.04805132e-07],[1.0000000e+00 3.2995857e-08],"[1.6366846e-08 2.0418933e-05 5.3726904e-02 9.1726911e-01 2.8695595e-02
 2.8507671e-04 2.8336392e-06 4.2117261e-08 1.6155960e-09]"
D:\Uni\Ulm\Master\Hiwi-Forschung-und-Lehre\FairFace\detected_faces\1049228_face0.jpg,Middle Eastern,White,Male,20-29,"[2.8296599e-01 1.8455239e-04 3.7124228e-02 7.9213794e-05 1.6344394e-04
 7.5753231e-04 6.7872500e-01]",[0.945255   0.02771113 0.00302388 0.02401002],[9.9999845e-01 1.5814741e-06],"[4.3648473e-08 2.3838080e-05 2.0963771e-02 8.6863798e-01 1.0893353e-01
 1.4364686e-03 4.2975721e-06 6.3648088e-08 1.1979070e-09]"
D:\Uni\Ulm\Master\Hiwi-Forschung-und-Lehre\FairFace\detected_faces\1049432_face0.jpg,Black,Black,Male,10-19,"[2.2341834e-02 4.8766863e-01 4.5665422e-01 2.7595033e-04 8.4620956e-03
 1.4062410e-02 1.0534981e-02]",[0.01187805 0.9507577  0.00928021 0.02808407],[9.9997240e-01 2.7622971e-05],"[5.4228245e-08 1.8661855e-04 5.3209871e-01 4.6497950e-01 2.7079310e-03
 2.7067452e-05 1.4054378e-07 4.0903831e-09 1.2899858e-10]"
D:\Uni\Ulm\Master\Hiwi-Forschung-und-Lehre\FairFace\detected_faces\1049434_face0.jpg,Black,Black,Male,10-19,"[1.72469730e-03 8.71709883e-01 1.14116296e-01 1.73276319e-04
 4.09130845e-03 5.02134347e-03 3.16312560e-03]",[1.5708782e-05 9.9810857e-01 9.0079782e-05 1.7857134e-03],[9.999643e-01 3.568574e-05],"[1.12517405e-07 1.35162624e-03 8.94726157e-01 1.02960505e-01
 9.51797643e-04 9.72607722e-06 4.39198118e-08 3.12613047e-09
 1.78275936e-10]"
D:\Uni\Ulm\Master\Hiwi-Forschung-und-Lehre\FairFace\detected_faces\1049459_face0.jpg,White,White,Male,20-29,"[9.9992448e-01 1.0263552e-07 7.0939759e-06 3.1518056e-07 5.8998376e-07
 1.0253740e-07 6.7245091e-05]",[9.9996543e-01 1.4954540e-05 1.6470327e-05 3.1838044e-06],[9.9999678e-01 3.1619797e-06],"[5.3952391e-07 1.5320911e-03 4.7382107e-01 4.8726305e-01 3.5900455e-02
 1.4709207e-03 1.1634550e-05 1.6222464e-07 5.2602207e-09]"
D:\Uni\Ulm\Master\Hiwi-Forschung-und-Lehre\FairFace\detected_faces\1049492_face0.jpg,White,White,Male,20-29,"[8.2023597e-01 3.9796865e-05 2.6143758e-02 3.1327538e-02 1.4995848e-02
 2.1399662e-03 1.0511712e-01]",[9.8487937e-01 6.3392636e-04 1.1708487e-02 2.7782847e-03],[0.9939462  0.00605374],"[7.3742848e-07 4.9455737e-04 1.6894460e-01 7.9512900e-01 3.4763075e-02
 6.6266011e-04 5.1569109e-06 1.8155521e-07 7.2846049e-09]"
D:\Uni\Ulm\Master\Hiwi-Forschung-und-Lehre\FairFace\detected_faces\1049495_face0.jpg,White,White,Male,20-29,"[6.2210351e-01 2.8293852e-03 1.0292768e-01 5.8732915e-04 1.7356994e-03
 3.8710391e-04 2.6942936e-01]",[0.95517766 0.03691563 0.00647082 0.00143582],[9.9999994e-01 8.1517058e-08],"[7.8869544e-07 3.3032970e-04 8.0727667e-02 8.4364498e-01 7.3924832e-02
 1.3624411e-03 8.8065080e-06 1.9521431e-07 2.3418234e-09]"
D:\Uni\Ulm\Master\Hiwi-Forschung-und-Lehre\FairFace\detected_faces\1049557_face0.jpg,White,White,Male,20-29,"[9.9703431e-01 3.6833737e-06 6.1770342e-04 1.3831872e-05 1.5804797e-05
 3.4323161e-06 2.3111908e-03]",[9.9361444e-01 1.8274703e-04 6.1255638e-03 7.7302830e-05],[9.9999756e-01 2.4742067e-06],"[1.4856624e-06 3.5346727e-04 1.0760934e-01 6.9074547e-01 1.8198632e-01
 1.9005200e-02 2.9262749e-04 5.9222598e-06 5.8748839e-08]"
D:\Uni\Ulm\Master\Hiwi-Forschung-und-Lehre\FairFace\detected_faces\1049628_face0.jpg,White,White,Male,20-29,"[6.0731179e-01 1.8071245e-03 5.6973796e-02 4.0530923e-04 1.2410010e-03
 1.6975694e-04 3.3209127e-01]",[6.4739519e-01 3.5053968e-01 1.8013703e-03 2.6371726e-04],[9.999942e-01 5.765777e-06],"[1.2372961e-05 3.9376089e-04 3.2724887e-02 6.8243486e-01 2.7148154e-01
 1.2723660e-02 2.2109301e-04 7.5696303e-06 2.1466897e-07]"
D:\Uni\Ulm\Master\Hiwi-Forschung-und-Lehre\FairFace\detected_faces\1049696_face0.jpg,White,White,Male,20-29,"[9.9462628e-01 3.6170607e-06 1.7413140e-04 7.2545697e-07 1.9437753e-06
 9.8846249e-07 5.1923105e-03]",[9.9816209e-01 1.7549997e-03 2.8618746e-05 5.4370397e-05],[1.0000000e+00 6.8235364e-09],"[1.1090436e-07 2.5208616e-05 1.9622991e-02 8.7325197e-01 1.0498906e-01
 2.0969147e-03 1.3656863e-05 1.7268560e-07 1.2813753e-09]"
D:\Uni\Ulm\Master\Hiwi-Forschung-und-Lehre\FairFace\detected_faces\1049699_face0.jpg,Black,Black,Male,20-29,"[6.95219705e-06 9.99897003e-01 5.85249472e-05 1.08907399e-08
 1.92838300e-07 1.41899945e-05 2.30340065e-05]",[4.5829211e-06 9.9997586e-01 1.8970075e-06 1.7620470e-05],[9.9999988e-01 1.0399506e-07],"[1.2566217e-07 2.5490697e-05 1.2824993e-02 7.4943709e-01 2.2395243e-01
 1.3578407e-02 1.7682902e-04 4.5899492e-06 1.4440774e-07]"
D:\Uni\Ulm\Master\Hiwi-Forschung-und-Lehre\FairFace\detected_faces\1049730_face0.jpg,Middle Eastern,White,Male,30-39,"[3.8224551e-01 1.1715785e-03 1.9185460e-01 1.2337354e-04 2.9720354e-04
 1.4516215e-02 4.0979147e-01]",[9.8186117e-01 6.3887954e-04 5.7184801e-04 1.6928103e-02],[9.9977690e-01 2.2303974e-04],"[6.93027414e-06 6.24839886e-05 6.31568721e-04 1.19803265e-01
 7.35018134e-01 1.42845735e-01 1.61566748e-03 1.59203591e-05
 2.75470939e-07]"
D:\Uni\Ulm\Master\Hiwi-Forschung-und-Lehre\FairFace\detected_faces\1049788_face0.jpg,White,White,Male,20-29,"[7.0401651e-01 1.9629209e-05 2.7122933e-02 1.4728666e-04 3.7609649e-04
 6.8158266e-04 2.6763594e-01]",[9.9223936e-01 1.9023857e-04 1.2666372e-03 6.3037463e-03],[9.9989516e-01 1.0482028e-04],"[6.2730705e-09 4.0538985e-06 7.4843347e-02 9.0059209e-01 2.4427814e-02
 1.3243391e-04 3.1412767e-07 4.9943116e-09 1.2764931e-10]"
D:\Uni\Ulm\Master\Hiwi-Forschung-und-Lehre\FairFace\detected_faces\1049851_face0.jpg,White,White,Male,20-29,"[9.9770880e-01 2.1864612e-06 6.5276929e-04 1.2632964e-05 1.7123524e-05
 1.0481756e-06 1.6055094e-03]",[9.9853987e-01 9.9004814e-05 1.2881359e-03 7.2959716e-05],[9.999996e-01 3.731965e-07],"[8.4474392e-09 3.8548882e-05 4.0370768e-01 5.9085208e-01 5.2991989e-03
 1.0145262e-04 1.0145675e-06 1.4073622e-08 1.6920816e-10]"
D:\Uni\Ulm\Master\Hiwi-Forschung-und-Lehre\FairFace\detected_faces\1049858_face0.jpg,Black,Black,Male,10-19,"[2.4259713e-04 9.8870564e-01 8.4127830e-03 2.3519080e-05 1.3244051e-03
 5.4193079e-04 7.4912648e-04]",[3.1733143e-04 9.8564517e-01 1.3369954e-02 6.6755596e-04],[9.9999475e-01 5.2715918e-06],"[3.5136466e-08 6.0075591e-04 6.4707094e-01 3.4969634e-01 2.6095782e-03
 2.2163858e-05 1.2992309e-07 7.2550055e-09 1.9058492e-10]"
D:\Uni\Ulm\Master\Hiwi-Forschung-und-Lehre\FairFace\detected_faces\1049860_face0.jpg,Black,Black,Male,20-29,"[2.0796605e-04 9.7739452e-01 1.6803985e-02 9.9591824e-05 1.0812016e-03
 3.9132596e-03 4.9947191e-04]",[6.4138570e-05 9.9724668e-01 1.5036131e-03 1.1855414e-03],[0.99536055 0.00463942],"[5.8454634e-06 1.5921845e-03 1.3167772e-01 5.5775625e-01 2.7089778e-01
 3.6668055e-02 1.3703277e-03 3.0239273e-05 1.5906925e-06]"
D:\Uni\Ulm\Master\Hiwi-Forschung-und-Lehre\FairFace\detected_faces\1050126_face0.jpg,White,White,Male,10-19,"[9.8816913e-01 2.1761489e-05 9.6452265e-04 5.8153369e-06 1.0809187e-05
 7.6084279e-06 1.0820324e-02]",[9.9884272e-01 9.3681278e-04 1.8775440e-04 3.2588854e-05],[9.9999803e-01 1.9670740e-06],"[7.2344078e-06 7.6281684e-03 5.2071476e-01 4.4748652e-01 2.3575090e-02
 5.8510446e-04 2.9736561e-06 7.1397707e-08 3.2902912e-09]"
D:\Uni\Ulm\Master\Hiwi-Forschung-und-Lehre\FairFace\detected_faces\1050128_face0.jpg,Middle Eastern,White,Male,20-29,"[2.20251888e-01 8.87914444e-04 1.07229896e-01 1.16057099e-05
 6.92441099e-05 1.70851301e-03 6.69840932e-01]",[9.7525638e-01 2.2431821e-02 3.1249292e-04 1.9993144e-03],[9.9999708e-01 2.9271287e-06],"[7.7377756e-08 2.2713430e-04 2.9701877e-01 6.9294316e-01 9.7360322e-03
 7.4629388e-05 1.5456018e-07 3.4006753e-09 4.8820181e-11]"
D:\Uni\Ulm\Master\Hiwi-Forschung-und-Lehre\FairFace\detected_faces\1050349_face0.jpg,White,White,Male,20-29,"[9.9879575e-01 1.3793590e-06 8.7461864e-05 1.8339006e-06 2.2261427e-06
 7.7171291e-07 1.1105461e-03]",[9.9993068e-01 4.2200765e-05 2.5850582e-05 1.2759969e-06],[1.0000000e+00 1.6626727e-08],"[1.5708480e-07 9.7667093e-05 7.2804406e-02 8.5988581e-01 6.5775193e-02
 1.4271373e-03 9.5163341e-06 1.0369827e-07 1.7718575e-09]"
D:\Uni\Ulm\Master\Hiwi-Forschung-und-Lehre\FairFace\detected_faces\1050692_face0.jpg,Middle Eastern,White,Male,20-29,"[2.8134778e-01 1.8710056e-05 1.2363026e-02 3.9203485e-04 5.0442433e-04
 1.9849977e-04 7.0517552e-01]",[9.8364174e-01 3.3930264e-04 1.4535619e-02 1.4833097e-03],[9.9999934e-01 6.5961495e-07],"[1.05803124e-07 5.59253422e-05 3.83590236e-02 9.29470837e-01
 3.19056846e-02 2.07885183e-04 4.39295235e-07 1.16338210e-08
 1.72805173e-10]"
D:\Uni\Ulm\Master\Hiwi-Forschung-und-Lehre\FairFace\detected_faces\1050694_face0.jpg,Middle Eastern,White,Male,20-29,"[4.5721206e-01 2.5051513e-05 1.0111182e-02 2.1130103e-04 1.9380315e-04
 1.8503946e-03 5.3039628e-01]",[9.9755669e-01 4.9568154e-04 3.5448594e-04 1.5930774e-03],[9.9999660e-01 3.3845708e-06],"[3.1045084e-07 2.7755335e-05 8.4283305e-03 9.0845972e-01 8.2489707e-02
 5.9236871e-04 1.7553976e-06 2.6880826e-08 6.8422529e-10]"
D:\Uni\Ulm\Master\Hiwi-Forschung-und-Lehre\FairFace\detected_faces\1050695_face0.jpg,Middle Eastern,White,Male,20-29,"[2.3903155e-01 7.0324095e-05 2.8151998e-01 2.9378084e-03 2.5506450e-03
 3.9860319e-02 4.3402940e-01]",[8.0217588e-01 5.5351388e-04 3.8530685e-03 1.9341756e-01],[9.9999815e-01 1.8510216e-06],"[2.32142156e-06 5.72885874e-05 5.46418736e-03 5.69769681e-01
 4.07591671e-01 1.70015097e-02 1.11978414e-04 1.40520456e-06
 1.68480661e-08]"
D:\Uni\Ulm\Master\Hiwi-Forschung-und-Lehre\FairFace\detected_faces\1050768_face0.jpg,Black,Black,Male,20-29,"[5.4902534e-07 9.9998510e-01 2.7293331e-06 1.2759027e-08 9.6930080e-08
 1.1401066e-05 7.3484671e-08]",[1.2155979e-06 9.9995804e-01 5.2456488e-07 4.0263738e-05],[0.96937126 0.0306287 ],"[3.9858810e-07 6.6719316e-05 1.1052210e-02 5.3386229e-01 4.1749412e-01
 3.6345556e-02 1.1623512e-03 1.5825968e-05 6.8156220e-07]"
D:\Uni\Ulm\Master\Hiwi-Forschung-und-Lehre\FairFace\detected_faces\1050818_face0.jpg,White,White,Male,20-29,"[6.1989391e-01 4.2197785e-06 1.4237834e-03 1.0393503e-05 1.5145325e-05
 1.3758055e-05 3.7863877e-01]",[9.9969095e-01 1.3760839e-06 2.4868533e-04 5.9046677e-05],[9.9999946e-01 5.1839521e-07],"[2.0991230e-08 9.3961935e-06 3.6406469e-02 7.8525716e-01 1.7284656e-01
 5.4531428e-03 2.7063646e-05 3.1303776e-07 2.4625457e-09]"
D:\Uni\Ulm\Master\Hiwi-Forschung-und-Lehre\FairFace\detected_faces\1050819_face0.jpg,Middle Eastern,White,Male,20-29,"[3.8546747e-01 7.0553715e-06 3.0193096e-03 1.7117933e-05 3.7962320e-05
 3.7001271e-05 6.1141407e-01]",[9.9991816e-01 7.6306333e-06 1.6658501e-05 5.7523510e-05],[0.99875194 0.0012481 ],"[1.13787708e-08 4.18286982e-06 2.68692262e-02 8.72085690e-01
 1.00320116e-01 7.19066535e-04 1.71339559e-06 3.66951660e-08
 8.55852056e-10]"
D:\Uni\Ulm\Master\Hiwi-Forschung-und-Lehre\FairFace\detected_faces\1050820_face0.jpg,White,White,Male,20-29,"[9.7647810e-01 2.7415404e-04 1.5832245e-02 4.7820602e-05 1.4122475e-04
 2.7106080e-05 7.1994099e-03]",[9.9978191e-01 5.7663481e-05 1.2347607e-04 3.6993522e-05],[9.9999994e-01 1.0476898e-07],"[1.5907432e-08 8.1645419e-05 4.5319197e-01 5.4217815e-01 4.5251674e-03
 2.2849654e-05 1.2985119e-07 3.3490066e-09 8.4423232e-11]"
D:\Uni\Ulm\Master\Hiwi-Forschung-und-Lehre\FairFace\detected_faces\1062967_face0.jpg,Black,Black,Male,20-29,"[5.2067782e-03 6.0455918e-01 2.3441242e-01 2.9760378e-05 1.3405778e-03
 7.5076826e-02 7.9374596e-02]",[0.00541369 0.8741271  0.00101823 0.11944095],[9.9999994e-01 7.6827163e-08],"[2.5274633e-09 9.0478636e-07 9.0572806e-03 9.2720538e-01 6.3477822e-02
 2.5809210e-04 5.0747457e-07 1.1434856e-08 1.8473331e-10]"
D:\Uni\Ulm\Master\Hiwi-Forschung-und-Lehre\FairFace\detected_faces\1063015_face0.jpg,Latino_Hispanic,White,Male,20-29,"[1.1267743e-01 5.5559203e-02 7.1144122e-01 2.5210838e-04 9.8104181e-04
 1.2345795e-02 1.0674325e-01]",[0.7769237  0.15147083 0.032485   0.0391204 ],[0.9828903  0.01710971],"[2.2854798e-07 2.5482475e-05 1.5479601e-02 7.7834785e-01 2.0456067e-01
 1.5792825e-03 6.6808102e-06 1.7427935e-07 4.0223460e-09]"
D:\Uni\Ulm\Master\Hiwi-Forschung-und-Lehre\FairFace\detected_faces\1063235_face0.jpg,Black,Black,Male,20-29,"[2.3675263e-06 9.9955177e-01 6.4439722e-05 9.9778008e-09 4.3120198e-07
 2.8100645e-04 9.9916870e-05]",[8.1874703e-07 9.9992543e-01 2.1451117e-06 7.1560513e-05],[1.0000000e+00 3.4625374e-09],"[8.9031600e-09 3.2420328e-06 4.1675703e-03 7.3155910e-01 2.5438920e-01
 9.8016486e-03 7.7833844e-05 1.4444848e-06 2.1286928e-08]"
D:\Uni\Ulm\Master\Hiwi-Forschung-und-Lehre\FairFace\detected_faces\1063311_face0.jpg,Middle Eastern,White,Male,20-29,"[1.7281356e-01 7.6831948e-06 5.9871776e-03 2.6975129e-05 5.5040240e-05
 1.2473888e-03 8.1986219e-01]",[9.9707741e-01 2.3964132e-04 3.1324243e-04 2.3697666e-03],[9.9999952e-01 4.6650945e-07],"[1.3910688e-06 4.4117958e-04 6.1324503e-02 8.8822335e-01 4.9660333e-02
 3.4878132e-04 4.2246364e-07 9.1467864e-09 1.5687328e-10]"
D:\Uni\Ulm\Master\Hiwi-Forschung-und-Lehre\FairFace\detected_faces\1063312_face0.jpg,Middle Eastern,White,Male,20-29,"[1.0037801e-01 4.4962876e-03 2.1795954e-01 1.6856521e-04 5.6663610e-04
 1.8086486e-03 6.7462230e-01]",[0.9312689  0.03224168 0.00227189 0.03421757],[9.9980456e-01 1.9543341e-04],"[7.1990820e-07 3.1943241e-04 2.1712132e-01 7.1694821e-01 6.2792711e-02
 2.7612138e-03 5.4638469e-05 1.7703283e-06 4.7204029e-08]"
D:\Uni\Ulm\Master\Hiwi-Forschung-und-Lehre\FairFace\detected_faces\1063364_face0.jpg,Black,Black,Male,20-29,"[4.4198599e-04 7.3061508e-01 1.3002363e-01 3.2005575e-03 1.1110597e-01
 2.4333687e-02 2.7911406e-04]",[5.0897495e-04 9.4440901e-01 4.9303804e-02 5.7781655e-03],[9.9999988e-01 6.2502004e-08],"[3.29637942e-06 4.14451642e-05 1.19265625e-02 5.10510206e-01
 4.07261103e-01 6.74869493e-02 2.70304899e-03 6.63125174e-05
 1.10584017e-06]"
D:\Uni\Ulm\Master\Hiwi-Forschung-und-Lehre\FairFace\detected_faces\1063373_face0.jpg,White,White,Male,20-29,"[9.9993628e-01 1.4642984e-08 7.0743949e-06 1.0322086e-08 7.3122003e-08
 3.2276984e-07 5.6230561e-05]",[9.99952972e-01 1.42433555e-05 5.16250111e-06 2.76154460e-05],[9.999999e-01 9.334481e-08],"[1.5867764e-09 2.8741076e-06 1.3939398e-02 9.3750811e-01 4.7970690e-02
 5.7782081e-04 1.1505265e-06 5.0512985e-09 9.4974424e-11]"
D:\Uni\Ulm\Master\Hiwi-Forschung-und-Lehre\FairFace\detected_faces\1063718_face0.jpg,White,White,Male,20-29,"[9.9875754e-01 6.8436668e-07 9.2192502e-05 3.1994930e-06 3.0547030e-06
 1.5935344e-06 1.1417995e-03]",[9.9998826e-01 1.9113741e-06 2.4935930e-06 7.4185982e-06],[9.999999e-01 8.205195e-08],"[1.1280826e-08 4.8548177e-06 9.4817514e-03 9.5196611e-01 3.8465124e-02
 8.2086401e-05 1.0717535e-07 1.3072672e-09 2.6269721e-11]"
D:\Uni\Ulm\Master\Hiwi-Forschung-und-Lehre\FairFace\detected_faces\1063722_face0.jpg,Black,Black,Male,20-29,"[7.1405921e-05 9.9529684e-01 1.7749369e-03 3.2382252e-07 2.4843068e-05
 2.7667822e-03 6.4936845e-05]",[6.0872786e-05 9.9979937e-01 4.1162686e-05 9.8615295e-05],[1.0000000e+00 1.4897134e-09],"[1.4628865e-08 1.5797277e-05 1.2220304e-02 8.1033248e-01 1.7316815e-01
 4.2390507e-03 2.4128278e-05 1.1401379e-07 1.2593450e-09]"
D:\Uni\Ulm\Master\Hiwi-Forschung-und-Lehre\FairFace\detected_faces\1063761_face0.jpg,White,White,Male,20-29,"[6.2278551e-01 1.6612492e-03 2.6219434e-01 1.2586426e-05 1.6111392e-04
 1.2179750e-03 1.1196725e-01]",[9.5991236e-01 1.5678048e-02 7.8220019e-04 2.3627406e-02],[1.0000000e+00 7.2409323e-09],"[6.21687946e-09 4.44304396e-06 1.55991055e-02 9.01849627e-01
 8.16041827e-02 9.39903199e-04 2.74920035e-06 3.17352615e-08
 2.30355471e-10]"
D:\Uni\Ulm\Master\Hiwi-Forschung-und-Lehre\FairFace\detected_faces\1063936_face0.jpg,White,White,Male,20-29,"[8.07552576e-01 3.29395640e-04 7.58489892e-02 1.09205794e-04
 2.86854192e-04 2.44718773e-04 1.15628287e-01]",[9.9724251e-01 1.4176273e-03 1.0025294e-03 3.3736185e-04],[9.9999881e-01 1.2255166e-06],"[7.2606426e-08 4.6075304e-05 2.6893679e-02 9.3980020e-01 3.3187605e-02
 7.2261770e-05 8.5878582e-08 1.3391055e-09 1.8207543e-11]"
D:\Uni\Ulm\Master\Hiwi-Forschung-und-Lehre\FairFace\detected_faces\1063937_face0.jpg,White,White,Male,20-29,"[9.9942935e-01 3.6675588e-06 1.2503998e-04 1.0292592e-05 3.6676021e-05
 5.4524719e-07 3.9448863e-04]",[9.9936229e-01 3.0333083e-04 3.0176860e-04 3.2647291e-05],[1.0000000e+00 3.3542417e-08],"[3.7751482e-09 2.3013549e-06 2.0626228e-02 9.1859913e-01 5.9110880e-02
 1.6374069e-03 2.3755822e-05 2.4561612e-07 2.4214115e-09]"
D:\Uni\Ulm\Master\Hiwi-Forschung-und-Lehre\FairFace\detected_faces\1063977_face0.jpg,White,White,Male,20-29,"[9.9733955e-01 1.1108068e-06 2.6636827e-04 5.7248970e-05 3.7555918e-05
 3.3423858e-06 2.2947711e-03]",[9.9957561e-01 3.6102385e-06 4.0355019e-04 1.7174876e-05],[9.9999982e-01 2.1571346e-07],"[5.7626551e-07 1.4997151e-04 1.3671403e-02 8.7137669e-01 1.1414506e-01
 6.5476686e-04 1.5333761e-06 1.7893745e-08 3.5844372e-10]"
D:\Uni\Ulm\Master\Hiwi-Forschung-und-Lehre\FairFace\detected_faces\1064009_face0.jpg,White,White,Male,20-29,"[9.9831080e-01 1.8416782e-05 1.3318554e-03 1.1444591e-05 1.2121527e-05
 3.2139369e-06 3.1217051e-04]",[9.9992120e-01 6.7654393e-05 6.6531543e-06 4.4983994e-06],[1.0000000e+00 1.2789569e-08],"[3.8716006e-08 9.3084591e-06 1.7258504e-02 8.9165938e-01 9.0123437e-02
 9.4258913e-04 6.6347311e-06 7.8621802e-08 7.8743284e-10]"
D:\Uni\Ulm\Master\Hiwi-Forschung-und-Lehre\FairFace\detected_faces\1064024_face0.jpg,Black,Black,Male,20-29,"[2.9551837e-05 9.9962378e-01 2.0333563e-04 1.9762293e-08 8.5390309e-07
 6.6935077e-05 7.5508491e-05]",[1.3430566e-05 9.9998498e-01 2.5544367e-07 1.2774942e-06],[1.000000e+00 9.106022e-09],"[1.2673064e-09 1.0737197e-06 6.4633549e-03 8.3042520e-01 1.6165951e-01
 1.4464693e-03 4.2995139e-06 4.4293003e-08 6.2002303e-10]"
D:\Uni\Ulm\Master\Hiwi-Forschung-und-Lehre\FairFace\detected_faces\1064026_face0.jpg,Latino_Hispanic,Asian,Male,20-29,"[0.02039307 0.00253555 0.65029573 0.00418306 0.02645994 0.18459186
 0.11154076]",[0.04813491 0.05534475 0.494056   0.40246436],[1.0000000e+00 3.4323433e-09],"[1.3128582e-06 1.1026225e-04 2.0840799e-02 7.8555298e-01 1.8839090e-01
 5.0798748e-03 2.3235032e-05 5.9225795e-07 3.9302068e-09]"
D:\Uni\Ulm\Master\Hiwi-Forschung-und-Lehre\FairFace\detected_faces\1064039_face0.jpg,Black,Black,Male,20-29,"[6.6305115e-06 9.9872577e-01 5.0476991e-04 5.6554200e-07 3.1214578e-05
 7.2904647e-04 1.8724276e-06]",[1.0500968e-06 9.9945182e-01 3.1396474e-05 5.1568868e-04],[0.99871606 0.00128394],"[1.6899015e-06 8.3747196e-05 3.7366830e-02 5.1018810e-01 3.3301866e-01
 1.0643083e-01 1.2521292e-02 3.6992884e-04 1.8901090e-05]"
D:\Uni\Ulm\Master\Hiwi-Forschung-und-Lehre\FairFace\detected_faces\1064066_face0.jpg,White,White,Male,10-19,"[6.7972422e-01 2.7319693e-04 2.4866758e-01 2.3078537e-04 7.5557380e-04
 3.6639086e-04 6.9982313e-02]",[9.9670070e-01 5.5209489e-04 1.1138003e-03 1.6333245e-03],[9.999632e-01 3.675036e-05],"[2.3452541e-08 5.8733985e-05 5.5249286e-01 4.3740755e-01 9.9162785e-03
 1.2395563e-04 5.1977810e-07 1.1711613e-08 1.8448443e-10]"
D:\Uni\Ulm\Master\Hiwi-Forschung-und-Lehre\FairFace\detected_faces\1064068_face0.jpg,White,White,Male,10-19,"[9.90218699e-01 1.48631425e-05 2.40547839e-03 1.00318739e-05
 4.20848373e-05 3.20932372e-06 7.30557041e-03]",[9.9953914e-01 2.3579081e-04 1.5001855e-04 7.5100703e-05],[9.9999958e-01 4.4513277e-07],"[9.9134624e-08 9.4820105e-04 6.8435073e-01 3.1110424e-01 3.5411268e-03
 5.5231700e-05 2.6954268e-07 7.5880342e-09 1.8556807e-10]"
D:\Uni\Ulm\Master\Hiwi-Forschung-und-Lehre\FairFace\detected_faces\1064080_face0.jpg,White,White,Male,20-29,"[9.9416274e-01 1.3833506e-05 7.3254039e-04 6.1048586e-06 1.2660538e-05
 1.6116227e-06 5.0705411e-03]",[9.99060929e-01 7.81019218e-04 1.15635004e-04 4.23626843e-05],[9.9999881e-01 1.1964343e-06],"[6.1264771e-08 2.6591475e-05 4.6147168e-02 8.8610554e-01 6.6533789e-02
 1.1812652e-03 5.5930168e-06 6.9579961e-08 1.6298212e-09]"
D:\Uni\Ulm\Master\Hiwi-Forschung-und-Lehre\FairFace\detected_faces\1064081_face0.jpg,Black,Black,Male,20-29,"[2.0210813e-07 9.9998933e-01 1.9032133e-06 2.1940370e-09 9.0195712e-08
 8.4991625e-06 5.0678139e-08]",[3.1688961e-07 9.9999833e-01 8.0761616e-08 1.3080509e-06],[9.9999815e-01 1.7803412e-06],"[1.8455868e-08 6.3906314e-06 1.6494216e-02 8.8852632e-01 9.2719279e-02
 2.2391900e-03 1.4450482e-05 1.3680391e-07 7.6965074e-09]"
D:\Uni\Ulm\Master\Hiwi-Forschung-und-Lehre\FairFace\detected_faces\1064082_face0.jpg,White,White,Male,20-29,"[9.8754996e-01 1.5580919e-06 3.0533548e-03 4.8425168e-06 8.3505229e-06
 1.2499781e-06 9.3806544e-03]",[9.9994075e-01 1.6874681e-05 1.2839251e-05 2.9547660e-05],[9.9999672e-01 3.3152603e-06],"[9.1749530e-10 2.6703326e-06 2.2919907e-01 7.6162428e-01 9.1076223e-03
 6.6184148e-05 1.7578378e-07 1.7632121e-09 1.8362940e-11]"
D:\Uni\Ulm\Master\Hiwi-Forschung-und-Lehre\FairFace\detected_faces\1064084_face0.jpg,Latino_Hispanic,Indian,Male,20-29,"[5.5745549e-02 1.2261914e-02 5.8574837e-01 1.5735766e-04 1.1530787e-03
 1.3351811e-02 3.3158198e-01]",[0.08870839 0.41938597 0.01222577 0.4796799 ],[9.9999994e-01 5.0068291e-08],"[5.5397038e-08 2.2647137e-05 5.0465100e-02 9.2143297e-01 2.7805386e-02
 2.7249238e-04 1.2524854e-06 3.3216466e-08 3.8041881e-10]"
D:\Uni\Ulm\Master\Hiwi-Forschung-und-Lehre\FairFace\detected_faces\1064122_face0.jpg,Latino_Hispanic,White,Male,10-19,"[0.31115952 0.00802193 0.5925679  0.00538776 0.05113254 0.00460255
 0.02712779]",[0.8188113  0.03635816 0.12137153 0.02345908],[9.9982893e-01 1.7108547e-04],"[6.9077566e-07 4.9438520e-04 5.0928205e-01 4.3342766e-01 5.1073797e-02
 5.4856916e-03 2.2602870e-04 9.5070845e-06 1.7556712e-07]"
D:\Uni\Ulm\Master\Hiwi-Forschung-und-Lehre\FairFace\detected_faces\1064208_face0.jpg,White,White,Male,20-29,"[0.7194973  0.00165309 0.05954296 0.0372023  0.0206969  0.00111923
 0.16028817]",[9.6869004e-01 2.5315105e-03 2.8396659e-02 3.8178335e-04],[1.000000e+00 1.378161e-08],"[2.9495888e-07 9.4804171e-05 8.8533293e-03 7.4669713e-01 2.4219468e-01
 2.1544956e-03 5.1029765e-06 1.8209708e-07 2.4111271e-09]"
D:\Uni\Ulm\Master\Hiwi-Forschung-und-Lehre\FairFace\detected_faces\1064217_face0.jpg,Middle Eastern,White,Male,20-29,"[4.19627696e-01 6.81015808e-05 1.12403855e-01 5.50116505e-03
 6.99165883e-03 6.26813620e-03 4.49139357e-01]",[9.5502269e-01 2.1730926e-05 3.8833510e-02 6.1220401e-03],[9.9999356e-01 6.4308056e-06],"[2.39521910e-06 1.21861725e-04 2.77800951e-02 5.45195282e-01
 3.91534120e-01 3.48215774e-02 5.36091102e-04 8.56458428e-06
 8.44931307e-08]"
D:\Uni\Ulm\Master\Hiwi-Forschung-und-Lehre\FairFace\detected_faces\1064218_face0.jpg,Latino_Hispanic,Indian,Male,20-29,"[2.2045624e-02 9.6532777e-02 5.0758022e-01 1.6041158e-04 2.7177446e-03
 2.6501948e-01 1.0594375e-01]",[0.02963687 0.18921837 0.00753764 0.77360713],[1.00000e+00 2.19003e-08],"[1.2301362e-07 8.4292105e-06 1.0757961e-02 7.3878652e-01 2.3640405e-01
 1.3804761e-02 2.2947679e-04 8.6033806e-06 8.1465537e-08]"
D:\Uni\Ulm\Master\Hiwi-Forschung-und-Lehre\FairFace\detected_faces\1064239_face0.jpg,Black,Black,Male,30-39,"[4.7328746e-07 9.9994487e-01 4.9959654e-06 1.0652652e-08 2.0072734e-07
 4.8812042e-05 6.7214052e-07]",[1.2458916e-05 9.9984962e-01 4.2634415e-06 1.3355140e-04],[9.9997950e-01 2.0526795e-05],"[2.0035202e-07 2.8248545e-05 2.6957211e-03 4.3520716e-01 5.3264642e-01
 2.8587479e-02 8.2139851e-04 1.2576630e-05 7.3902504e-07]"
D:\Uni\Ulm\Master\Hiwi-Forschung-und-Lehre\FairFace\detected_faces\1064262_face0.jpg,White,White,Male,20-29,"[9.0347338e-01 4.7838382e-04 6.7330211e-02 2.9991639e-05 7.0535636e-05
 2.0040678e-04 2.8417122e-02]",[0.98108786 0.01575155 0.0020292  0.00113139],[9.9999779e-01 2.1851706e-06],"[1.5896161e-06 7.2155810e-05 1.6305070e-02 7.2713637e-01 2.4751385e-01
 8.9121517e-03 5.8049420e-05 7.3416271e-07 1.1294156e-08]"
D:\Uni\Ulm\Master\Hiwi-Forschung-und-Lehre\FairFace\detected_faces\1064263_face0.jpg,White,White,Male,20-29,"[9.4426024e-01 5.8753162e-06 2.3842452e-03 2.5536407e-05 6.8994188e-05
 4.3081982e-05 5.3211961e-02]",[0.9882532  0.00297002 0.00562009 0.00315671],[1.000000e+00 8.659634e-09],"[1.2729942e-06 4.2129584e-04 9.1960557e-02 7.5947738e-01 1.4325269e-01
 4.8554260e-03 3.0620482e-05 6.6594521e-07 5.6743081e-09]"
D:\Uni\Ulm\Master\Hiwi-Forschung-und-Lehre\FairFace\detected_faces\1064265_face0.jpg,White,White,Male,10-19,"[9.9918807e-01 9.3907812e-07 3.1092131e-04 8.0003281e-07 1.9341117e-06
 7.6091482e-07 4.9668434e-04]",[9.9932688e-01 3.7095466e-04 1.8271618e-04 1.1946885e-04],[9.9974173e-01 2.5824597e-04],"[3.4875475e-07 5.1201074e-03 9.3633145e-01 5.7302646e-02 1.1582887e-03
 8.6051412e-05 1.0678382e-06 5.5466984e-08 2.8586895e-09]"
D:\Uni\Ulm\Master\Hiwi-Forschung-und-Lehre\FairFace\detected_faces\1064266_face0.jpg,White,White,Male,10-19,"[8.3275318e-01 2.9972276e-05 9.2649842e-03 2.4552745e-04 1.9418093e-04
 2.5392788e-05 1.5748680e-01]",[9.9059880e-01 5.7301801e-03 3.6003436e-03 7.0657923e-05],[9.9999905e-01 9.9585804e-07],"[9.0681328e-07 3.2540236e-03 5.7719284e-01 4.0600425e-01 1.3358524e-02
 1.8889426e-04 6.3692488e-07 1.1960498e-08 1.9911031e-10]"
D:\Uni\Ulm\Master\Hiwi-Forschung-und-Lehre\FairFace\detected_faces\1064293_face0.jpg,White,White,Male,20-29,"[9.1744322e-01 9.8495402e-06 4.2772409e-02 1.5534608e-05 5.9952697e-05
 3.2539421e-05 3.9666537e-02]",[9.9927330e-01 4.3206851e-06 6.4583198e-04 7.6430944e-05],[9.9999946e-01 4.9183706e-07],"[1.4697670e-08 1.7192709e-05 1.3218617e-01 8.1968158e-01 4.7545359e-02
 5.6838180e-04 1.3058424e-06 8.8249159e-09 6.4967719e-11]"
D:\Uni\Ulm\Master\Hiwi-Forschung-und-Lehre\FairFace\detected_faces\1064298_face0.jpg,Middle Eastern,White,Male,30-39,"[3.0217007e-02 2.7705170e-04 3.4825470e-02 1.7723232e-04 2.5017894e-04
 4.1429655e-04 9.3383878e-01]",[9.7870237e-01 3.5844374e-04 9.8427543e-03 1.1096453e-02],[9.9989629e-01 1.0371106e-04],"[3.1485812e-05 3.3684721e-04 4.8012394e-03 1.6420357e-01 6.2398630e-01
 2.0043725e-01 6.0497015e-03 1.5141639e-04 2.2203617e-06]"
D:\Uni\Ulm\Master\Hiwi-Forschung-und-Lehre\FairFace\detected_faces\1064299_face0.jpg,Black,Black,Male,30-39,"[1.2100340e-07 9.9999636e-01 2.5036222e-06 1.6266762e-08 3.1063493e-07
 6.8247743e-07 8.8735455e-08]",[7.6453597e-07 9.9999666e-01 1.6530811e-06 9.3551273e-07],[9.9999970e-01 2.9137402e-07],"[3.8655944e-08 1.3974044e-06 4.1073296e-04 2.2830704e-01 6.3484645e-01
 1.3325372e-01 3.1693927e-03 1.0514066e-05 6.6293859e-07]"
D:\Uni\Ulm\Master\Hiwi-Forschung-und-Lehre\FairFace\detected_faces\1064305_face0.jpg,White,White,Male,10-19,"[8.7632310e-01 3.9405073e-04 5.6604840e-02 2.0404207e-03 2.5243738e-03
 7.3285511e-05 6.2039904e-02]",[9.9336219e-01 4.3985141e-03 1.7743900e-03 4.6492094e-04],[9.999999e-01 5.330898e-08],"[3.04608783e-08 1.04333536e-04 6.22583091e-01 3.71250600e-01
 5.96068241e-03 1.00451121e-04 7.23100015e-07 1.71760473e-08
 1.81838017e-10]"
D:\Uni\Ulm\Master\Hiwi-Forschung-und-Lehre\FairFace\detected_faces\1064328_face0.jpg,Middle Eastern,White,Male,20-29,"[1.5226212e-01 9.1909078e-06 2.9845087e-02 2.8345785e-03 3.1683845e-03
 2.8847789e-03 8.0899590e-01]",[9.9302632e-01 1.7199323e-05 8.3808845e-04 6.1184601e-03],[9.994296e-01 5.704293e-04],"[6.2699222e-08 5.5213699e-05 5.4777913e-02 8.7227553e-01 7.1972691e-02
 9.1607409e-04 2.4927140e-06 4.1234131e-08 9.4505559e-10]"
D:\Uni\Ulm\Master\Hiwi-Forschung-und-Lehre\FairFace\detected_faces\1064337_face0.jpg,White,White,Male,20-29,"[6.4189583e-01 1.8565232e-05 2.8721360e-03 5.8658077e-07 2.2402792e-06
 1.5591244e-04 3.5505474e-01]",[9.9853969e-01 6.9647816e-05 3.7414437e-05 1.3531713e-03],[9.99988139e-01 1.18600765e-05],"[1.8251779e-08 4.1576632e-06 5.5529028e-03 8.6427385e-01 1.2858510e-01
 1.5777807e-03 6.1501205e-06 7.1423997e-08 1.1783881e-09]"
D:\Uni\Ulm\Master\Hiwi-Forschung-und-Lehre\FairFace\detected_faces\1064344_face0.jpg,White,White,Male,20-29,"[9.9994212e-01 2.3624469e-09 5.5526234e-06 4.1068539e-08 5.1880306e-08
 6.8635529e-08 5.2136609e-05]",[9.9998581e-01 2.3803513e-07 8.1479739e-06 5.8216365e-06],[0.792379   0.20762098],"[4.1651361e-08 1.4543859e-04 4.3224645e-01 5.5562335e-01 1.1605042e-02
 3.7828318e-04 1.3232940e-06 1.0899740e-08 7.2283846e-10]"
D:\Uni\Ulm\Master\Hiwi-Forschung-und-Lehre\FairFace\detected_faces\1064348_face0.jpg,Black,Black,Male,20-29,"[3.2063039e-07 9.9958628e-01 6.6228431e-06 1.4368042e-07 1.0247554e-05
 3.9491072e-04 1.4409924e-06]",[4.0926921e-06 9.9978387e-01 3.6942078e-05 1.7506718e-04],[9.9997455e-01 2.5404424e-05],"[1.4197623e-09 1.1922834e-06 9.9142520e-03 7.6987630e-01 2.1629201e-01
 3.8945845e-03 2.1407579e-05 1.8047697e-07 7.1478867e-09]"
D:\Uni\Ulm\Master\Hiwi-Forschung-und-Lehre\FairFace\detected_faces\1064350_face0.jpg,Black,Black,Male,20-29,"[1.5056806e-05 9.9642897e-01 1.3953624e-03 3.5513776e-06 1.9656069e-04
 1.9242942e-03 3.6134828e-05]",[2.5988907e-06 9.9751222e-01 3.7970476e-05 2.4472068e-03],[9.9999845e-01 1.5280469e-06],"[5.6060031e-08 9.7235774e-05 1.4036223e-01 8.3972937e-01 1.9662652e-02
 1.4809337e-04 3.4731787e-07 4.9453579e-09 1.7680880e-10]"
D:\Uni\Ulm\Master\Hiwi-Forschung-und-Lehre\FairFace\detected_faces\1064359_face0.jpg,Black,Black,Male,20-29,"[1.5063647e-07 9.9994308e-01 9.2292858e-06 1.5778059e-09 1.3315459e-07
 4.5701199e-05 1.6755577e-06]",[1.0002402e-07 9.9997437e-01 9.4277880e-07 2.4631892e-05],[1.0000000e+00 3.1789472e-08],"[9.1408969e-10 1.0535176e-07 7.4560766e-04 6.0187656e-01 3.9037135e-01
 6.9777854e-03 2.8351775e-05 2.4086205e-07 4.8494910e-09]"
D:\Uni\Ulm\Master\Hiwi-Forschung-und-Lehre\FairFace\detected_faces\1064371_face0.jpg,Black,Black,Male,20-29,"[9.6827387e-07 9.9982959e-01 1.9126319e-05 2.2825941e-07 7.1217301e-06
 1.4243263e-04 5.0779710e-07]",[2.7038618e-07 9.9999708e-01 1.2636350e-06 1.3965521e-06],[9.9999660e-01 3.3833296e-06],"[4.5104147e-09 1.7333501e-06 7.8329556e-03 7.9105318e-01 1.9640829e-01
 4.6641231e-03 3.9299277e-05 4.0846751e-07 1.6971732e-08]"
D:\Uni\Ulm\Master\Hiwi-Forschung-und-Lehre\FairFace\detected_faces\1064373_face0.jpg,Middle Eastern,White,Male,20-29,"[1.9414085e-01 5.9164590e-03 3.3150592e-01 1.3248946e-05 7.7480916e-05
 2.9205676e-02 4.3914032e-01]",[0.5435778  0.07322802 0.00176809 0.38142607],[9.9999809e-01 1.8645824e-06],"[1.2515853e-06 5.0638235e-05 4.2130258e-03 6.8281186e-01 3.0320761e-01
 9.6713211e-03 4.3844408e-05 4.6169092e-07 3.6042422e-09]"
D:\Uni\Ulm\Master\Hiwi-Forschung-und-Lehre\FairFace\detected_faces\1064385_face0.jpg,Black,Black,Male,10-19,"[5.8968095e-03 7.5441551e-01 4.7528435e-02 7.1919944e-06 1.4446996e-04
 1.4595945e-01 4.6048097e-02]",[2.2655574e-03 9.6694428e-01 1.4643584e-04 3.0643741e-02],[0.99727136 0.00272869],"[6.25254074e-07 1.25121931e-03 5.82430959e-01 3.63999516e-01
 4.86385599e-02 3.51930503e-03 1.55270478e-04 4.41272141e-06
 1.01724375e-07]"
D:\Uni\Ulm\Master\Hiwi-Forschung-und-Lehre\FairFace\detected_faces\1064410_face0.jpg,White,White,Male,20-29,"[7.4541968e-01 1.4004461e-04 2.5225040e-02 2.9691322e-05 5.4694250e-05
 5.0405861e-04 2.2862688e-01]",[9.9457538e-01 8.2461850e-04 4.2537166e-04 4.1745864e-03],[1.0000000e+00 6.2281527e-09],"[1.1817503e-06 1.0931372e-04 2.1849472e-02 8.6746389e-01 1.0900112e-01
 1.5691924e-03 5.6728513e-06 9.5019949e-08 8.0607154e-10]"
D:\Uni\Ulm\Master\Hiwi-Forschung-und-Lehre\FairFace\detected_faces\1064413_face0.jpg,White,White,Male,20-29,"[4.2510504e-01 1.6645856e-03 1.8267746e-01 9.6058640e-05 1.5053702e-04
 6.7225989e-04 3.8963404e-01]",[9.7675514e-01 1.9415919e-02 9.3289389e-04 2.8961156e-03],[9.9997771e-01 2.2345022e-05],"[4.1966956e-07 2.5712501e-04 1.7242770e-01 7.3700619e-01 8.7817080e-02
 2.4742708e-03 1.6841646e-05 4.1795485e-07 4.0540682e-09]"
D:\Uni\Ulm\Master\Hiwi-Forschung-und-Lehre\FairFace\detected_faces\1064426_face0.jpg,White,White,Male,20-29,"[7.4562734e-01 1.9329551e-04 5.7733804e-02 4.3413191e-05 2.4738078e-04
 1.1469849e-04 1.9604011e-01]",[9.9895990e-01 1.9561326e-04 5.8433559e-04 2.6013484e-04],[9.9999595e-01 4.0875066e-06],"[1.2009247e-07 1.6408725e-05 3.8542833e-02 8.8317156e-01 7.7299923e-02
 9.6555706e-04 3.4705661e-06 9.0218798e-08 1.4010857e-09]"
D:\Uni\Ulm\Master\Hiwi-Forschung-und-Lehre\FairFace\detected_faces\1064579_face0.jpg,Middle Eastern,White,Male,20-29,"[3.7743759e-01 1.8932296e-04 4.0666543e-02 1.1143944e-04 2.7990600e-04
 4.5159695e-04 5.8086365e-01]",[9.9715859e-01 1.6804277e-03 4.2822663e-04 7.3278538e-04],[9.9999964e-01 3.4987343e-07],"[5.3955905e-06 1.7022090e-03 2.0752543e-01 6.2095058e-01 1.5475129e-01
 1.4851812e-02 2.0694510e-04 6.2918266e-06 7.7109064e-08]"
D:\Uni\Ulm\Master\Hiwi-Forschung-und-Lehre\FairFace\detected_faces\1064630_face0.jpg,White,White,Male,20-29,"[9.9924541e-01 4.7267221e-07 7.7759731e-05 6.0492516e-07 1.7570212e-06
 1.0325087e-05 6.6372729e-04]",[9.9986362e-01 7.0646643e-06 3.4308203e-05 9.5030264e-05],[9.9999988e-01 1.1061342e-07],"[8.5567819e-09 2.8676883e-05 8.8069029e-02 8.9958411e-01 1.2238717e-02
 7.9341626e-05 1.4689189e-07 1.4113165e-09 2.4381035e-11]"
D:\Uni\Ulm\Master\Hiwi-Forschung-und-Lehre\FairFace\detected_faces\1064640_face0.jpg,White,White,Male,20-29,"[9.9986249e-01 3.3931331e-06 3.8216054e-05 9.1928837e-07 9.7262182e-07
 2.0740308e-06 9.1946757e-05]",[9.9965984e-01 2.9186430e-04 2.0652225e-05 2.7680824e-05],[9.99999881e-01 1.09205935e-07],"[1.9890796e-09 2.7808454e-07 3.7040771e-03 9.4836831e-01 4.7680952e-02
 2.4389567e-04 2.4816734e-06 2.7580350e-08 8.5840263e-10]"
D:\Uni\Ulm\Master\Hiwi-Forschung-und-Lehre\FairFace\detected_faces\1064671_face0.jpg,Black,Black,Male,20-29,"[2.2230493e-06 9.9105191e-01 9.3970048e-05 1.8978480e-07 1.2516729e-05
 8.8288244e-03 1.0291158e-05]",[3.4672337e-06 9.9294347e-01 4.8851674e-05 7.0042191e-03],[9.9986315e-01 1.3685286e-04],"[3.6008746e-08 2.3972912e-04 3.7362123e-01 6.0786456e-01 1.7829798e-02
 4.4103924e-04 3.6263855e-06 6.5199693e-08 1.4092186e-09]"
D:\Uni\Ulm\Master\Hiwi-Forschung-und-Lehre\FairFace\detected_faces\1064762_face0.jpg,White,White,Male,20-29,"[9.9668550e-01 2.1945803e-05 8.5546990e-04 1.5239574e-05 2.2880669e-05
 2.0129969e-06 2.3969880e-03]",[9.9970502e-01 2.2650747e-04 6.3826563e-05 4.6634214e-06],[9.9999863e-01 1.4032223e-06],"[2.9921253e-08 4.5389119e-05 1.8001856e-01 8.0704963e-01 1.2719169e-02
 1.6615482e-04 9.8301359e-07 1.7523242e-08 3.6670350e-10]"
D:\Uni\Ulm\Master\Hiwi-Forschung-und-Lehre\FairFace\detected_faces\1064801_face0.jpg,White,White,Male,20-29,"[9.6711755e-01 4.9123290e-05 2.7037375e-02 1.9508348e-05 3.8735296e-05
 1.7169597e-04 5.5660158e-03]",[9.9972004e-01 4.9851704e-05 6.9907008e-05 1.6020906e-04],[9.999958e-01 4.212278e-06],"[1.3759950e-06 1.2385946e-04 3.9297860e-02 5.6901777e-01 3.5911199e-01
 3.2048974e-02 3.9091532e-04 7.0954111e-06 6.3357426e-08]"
D:\Uni\Ulm\Master\Hiwi-Forschung-und-Lehre\FairFace\detected_faces\1064802_face0.jpg,Black,Black,Male,20-29,"[9.7795282e-07 9.9995166e-01 1.1585336e-05 4.2661114e-07 3.8955486e-06
 3.0179846e-05 1.3254632e-06]",[5.5074673e-07 9.9998695e-01 1.0305056e-05 2.1128396e-06],[9.994098e-01 5.901912e-04],"[1.2462282e-07 3.0447543e-05 2.5594579e-02 8.0412656e-01 1.6261555e-01
 7.5443694e-03 8.6639848e-05 1.6323295e-06 1.4479419e-07]"
D:\Uni\Ulm\Master\Hiwi-Forschung-und-Lehre\FairFace\detected_faces\1064812_face0.jpg,Middle Eastern,White,Male,20-29,"[2.1594797e-01 2.4509802e-03 8.3204292e-02 6.1627047e-04 1.4829920e-03
 1.1980911e-03 6.9509941e-01]",[0.98351395 0.00523226 0.0100833  0.00117052],[9.9999934e-01 7.0768817e-07],"[2.1580515e-06 7.2221563e-04 5.2357733e-02 8.4235221e-01 1.0346253e-01
 1.0993694e-03 3.7360492e-06 1.4041008e-07 2.2247342e-09]"
D:\Uni\Ulm\Master\Hiwi-Forschung-und-Lehre\FairFace\detected_faces\1064842_face0.jpg,Latino_Hispanic,White,Male,20-29,"[4.3422514e-01 2.4153304e-04 5.5272335e-01 1.3949601e-03 2.5632789e-03
 1.4670782e-03 7.3846648e-03]",[0.9351811  0.00511828 0.01139144 0.04830923],[9.9999624e-01 3.7212856e-06],"[8.5245922e-08 5.4219804e-06 1.4812880e-02 6.4294499e-01 3.2205474e-01
 1.9753953e-02 4.2502774e-04 2.9087978e-06 2.1220764e-08]"
D:\Uni\Ulm\Master\Hiwi-Forschung-und-Lehre\FairFace\detected_faces\1064852_face0.jpg,East Asian,Asian,Male,20-29,"[6.6797802e-04 9.6907488e-06 1.2488525e-02 6.7346579e-01 3.1252694e-01
 5.8365241e-04 2.5746357e-04]",[5.8529607e-04 4.6546389e-05 9.9889284e-01 4.7529823e-04],[9.9999982e-01 1.5342404e-07],"[2.4848387e-07 5.1829923e-04 1.1601730e-01 8.2621944e-01 5.6389742e-02
 8.4914721e-04 5.6581157e-06 2.1787315e-07 1.5496000e-09]"
D:\Uni\Ulm\Master\Hiwi-Forschung-und-Lehre\FairFace\detected_faces\1064986_face0.jpg,White,White,Male,20-29,"[9.9886489e-01 1.2433111e-05 7.5126748e-04 3.0513844e-05 1.3775176e-04
 3.6684578e-06 1.9954596e-04]",[9.9990034e-01 1.3745021e-05 7.1103619e-05 1.4844329e-05],[9.9999410e-01 5.8899914e-06],"[3.6108087e-08 8.3944524e-06 3.3388074e-02 8.4675300e-01 1.1475536e-01
 4.9786787e-03 1.1480238e-04 1.6407735e-06 3.4516603e-08]"
D:\Uni\Ulm\Master\Hiwi-Forschung-und-Lehre\FairFace\detected_faces\1065019_face0.jpg,Black,Black,Male,20-29,"[2.0411308e-05 9.9943078e-01 2.9257065e-04 2.4695177e-07 6.5665422e-06
 1.6394156e-04 8.5487292e-05]",[2.1485203e-06 9.9981338e-01 3.2715209e-06 1.8126816e-04],[9.9998975e-01 1.0174584e-05],"[1.0768213e-06 1.0337414e-03 2.4482013e-01 7.0629579e-01 4.5348655e-02
 2.4559801e-03 4.2762138e-05 1.7902039e-06 6.5029496e-08]"
D:\Uni\Ulm\Master\Hiwi-Forschung-und-Lehre\FairFace\detected_faces\1065040_face0.jpg,White,White,Male,20-29,"[9.9821782e-01 1.6665268e-04 8.4588322e-04 2.7539116e-07 2.8451070e-06
 2.3479299e-06 7.6417928e-04]",[9.9761534e-01 2.0316916e-03 1.1517883e-04 2.3773839e-04],[9.9993736e-01 6.2665575e-05],"[2.6881539e-08 1.6259713e-05 2.8057730e-02 8.7591696e-01 9.4048940e-02
 1.9414972e-03 1.8049755e-05 5.2426685e-07 1.8242707e-08]"
D:\Uni\Ulm\Master\Hiwi-Forschung-und-Lehre\FairFace\detected_faces\1065134_face0.jpg,Southeast Asian,Asian,Male,20-29,"[0.00735288 0.03650524 0.06849437 0.1994721  0.6856483  0.00143485
 0.00109229]",[0.00427293 0.27522513 0.7190918  0.00141015],[9.9998116e-01 1.8853245e-05],"[5.5271698e-07 8.3641637e-05 5.4059248e-02 7.0644224e-01 2.1895640e-01
 1.9824721e-02 6.1289634e-04 1.9849576e-05 5.2797839e-07]"
D:\Uni\Ulm\Master\Hiwi-Forschung-und-Lehre\FairFace\detected_faces\1065137_face0.jpg,White,White,Male,20-29,"[5.0968528e-01 2.1545347e-05 1.0884648e-02 6.2652871e-05 1.1248183e-04
 2.5527881e-04 4.7897807e-01]",[9.9746650e-01 1.4479727e-03 1.4736707e-04 9.3809061e-04],[9.9999964e-01 3.4864055e-07],"[9.4827435e-09 8.7700028e-05 3.5382798e-01 6.4394879e-01 2.1302465e-03
 5.3196677e-06 7.3178836e-09 1.8426165e-10 3.0966180e-12]"
D:\Uni\Ulm\Master\Hiwi-Forschung-und-Lehre\FairFace\detected_faces\1065138_face0.jpg,White,White,Male,10-19,"[9.9354440e-01 3.1260690e-05 1.2525235e-03 6.2383856e-06 6.6285061e-06
 4.4682165e-06 5.1544695e-03]",[9.9993145e-01 4.0819261e-05 1.9913081e-05 7.8375333e-06],[9.9996525e-01 3.4761630e-05],"[1.4689575e-08 2.5332818e-04 8.6025274e-01 1.3918078e-01 3.0856699e-04
 4.5540937e-06 3.8715129e-08 3.5036043e-09 1.1230785e-10]"
D:\Uni\Ulm\Master\Hiwi-Forschung-und-Lehre\FairFace\detected_faces\1065140_face0.jpg,East Asian,Asian,Male,20-29,"[1.8924590e-03 1.0140562e-04 1.5895491e-02 5.5277759e-01 4.2876396e-01
 1.2266477e-04 4.4641041e-04]",[1.9302322e-03 9.4729337e-05 9.9791116e-01 6.3866093e-05],[1.000000e+00 8.685993e-09],"[1.9891593e-07 2.1804866e-05 8.6869346e-03 8.3044958e-01 1.5901734e-01
 1.8121394e-03 1.1636984e-05 3.4907438e-07 2.8706379e-09]"
D:\Uni\Ulm\Master\Hiwi-Forschung-und-Lehre\FairFace\detected_faces\1065175_face0.jpg,White,White,Male,10-19,"[4.8387384e-01 1.4786652e-04 5.3971630e-02 1.0447444e-05 7.7135490e-05
 6.8005473e-05 4.6185112e-01]",[9.9938112e-01 3.4201215e-04 1.5158867e-04 1.2524234e-04],[9.9999744e-01 2.5466256e-06],"[2.8574199e-08 2.2018788e-04 5.0992125e-01 4.7827533e-01 1.1345879e-02
 2.3637291e-04 8.2344843e-07 1.4505356e-08 1.5515517e-10]"
D:\Uni\Ulm\Master\Hiwi-Forschung-und-Lehre\FairFace\detected_faces\1065202_face0.jpg,White,White,Male,20-29,"[7.6972872e-01 1.3725161e-04 3.0848457e-02 1.2546405e-02 1.1553177e-02
 3.7495626e-04 1.7481104e-01]",[0.50201595 0.001053   0.4939478  0.0029832 ],[9.999059e-01 9.411587e-05],"[3.6877765e-07 2.7271814e-04 2.0801857e-01 7.3202419e-01 5.7465751e-02
 2.1960200e-03 2.1815187e-05 6.0828302e-07 8.4827789e-09]"
D:\Uni\Ulm\Master\Hiwi-Forschung-und-Lehre\FairFace\detected_faces\1065210_face0.jpg,Black,Black,Male,10-19,"[6.8418103e-06 9.9979997e-01 4.7326335e-05 1.1919880e-06 6.5109384e-06
 1.1073730e-04 2.7382208e-05]",[6.672671e-07 9.999678e-01 1.568867e-05 1.579651e-05],[0.9828171  0.01718291],"[3.67344319e-06 3.08027919e-02 8.38000357e-01 1.20526835e-01
 9.85921826e-03 7.86675839e-04 1.93241176e-05 1.01224668e-06
 6.63662405e-08]"
D:\Uni\Ulm\Master\Hiwi-Forschung-und-Lehre\FairFace\detected_faces\1065214_face0.jpg,Latino_Hispanic,Black,Male,20-29,"[0.17060943 0.15321994 0.56294173 0.00120793 0.00425368 0.00494203
 0.10282525]",[0.01407318 0.96981245 0.0105679  0.00554656],[9.9998534e-01 1.4678483e-05],"[9.8827293e-08 7.1323802e-06 9.9783428e-03 7.2647679e-01 2.5807938e-01
 5.3916555e-03 6.5559281e-05 9.7377597e-07 2.1935799e-08]"
D:\Uni\Ulm\Master\Hiwi-Forschung-und-Lehre\FairFace\detected_faces\1065216_face0.jpg,Black,Black,Male,20-29,"[3.0969300e-03 8.0327487e-01 1.2282800e-01 2.6256657e-05 1.0499507e-03
 6.6215143e-02 3.5088281e-03]",[1.51678349e-03 8.93214047e-01 5.44645009e-04 1.04724504e-01],[9.9999940e-01 6.4436676e-07],"[7.6898864e-08 3.8199534e-05 8.9481369e-02 8.2583034e-01 8.2778737e-02
 1.8573733e-03 1.3748174e-05 1.6122054e-07 2.6023061e-09]"
D:\Uni\Ulm\Master\Hiwi-Forschung-und-Lehre\FairFace\detected_faces\1065217_face0.jpg,Black,Black,Male,20-29,"[2.5041723e-07 9.9999237e-01 4.4711596e-06 6.3543184e-09 9.8886893e-08
 2.5190909e-06 3.3903973e-07]",[1.9662373e-07 9.9999869e-01 3.4639154e-07 7.6003306e-07],[9.9999064e-01 9.3795034e-06],"[3.2178267e-08 2.8685606e-06 4.1765771e-03 6.3176751e-01 3.3210546e-01
 3.1018965e-02 8.9835288e-04 2.8531334e-05 1.6617543e-06]"
D:\Uni\Ulm\Master\Hiwi-Forschung-und-Lehre\FairFace\detected_faces\1065225_face0.jpg,Latino_Hispanic,Black,Male,10-19,"[5.8212046e-02 3.9956471e-01 4.9274871e-01 2.9702456e-04 3.7234703e-03
 4.2495798e-02 2.9582907e-03]",[0.00181849 0.97339064 0.00118309 0.0236078 ],[0.9890396  0.01096039],"[1.1582827e-06 9.8731567e-04 5.8167821e-01 3.9192763e-01 2.4640853e-02
 7.5341895e-04 1.0925318e-05 4.7406888e-07 1.5486854e-08]"
D:\Uni\Ulm\Master\Hiwi-Forschung-und-Lehre\FairFace\detected_faces\1065227_face0.jpg,White,White,Male,20-29,"[9.9702919e-01 6.7711171e-06 3.8433095e-04 1.7436469e-06 2.9722962e-06
 9.7107807e-07 2.5741125e-03]",[9.9952853e-01 3.7415771e-04 1.4881069e-05 8.2485574e-05],[9.999912e-01 8.816217e-06],"[4.3373007e-08 4.9313039e-06 5.6625474e-03 7.4260855e-01 2.4852091e-01
 3.1877141e-03 1.5175268e-05 1.7457182e-07 2.3271527e-09]"
D:\Uni\Ulm\Master\Hiwi-Forschung-und-Lehre\FairFace\detected_faces\1065237_face0.jpg,White,White,Male,20-29,"[9.9907672e-01 2.0500402e-06 2.0265841e-04 4.3031521e-04 1.3205573e-04
 9.4800534e-06 1.4677717e-04]",[9.9614090e-01 1.8033956e-04 3.6351094e-03 4.3752923e-05],[9.999579e-01 4.215013e-05],"[8.5971033e-07 2.5299483e-04 2.8336680e-01 6.1253899e-01 8.8939093e-02
 1.4055569e-02 8.2657102e-04 1.8670578e-05 3.5242087e-07]"
D:\Uni\Ulm\Master\Hiwi-Forschung-und-Lehre\FairFace\detected_faces\1065260_face0.jpg,White,White,Male,20-29,"[9.9745715e-01 3.0502339e-05 1.7560869e-03 8.6090668e-06 1.5978429e-05
 6.7556803e-06 7.2473689e-04]",[9.9989456e-01 9.0104731e-05 5.2317509e-06 1.0106590e-05],[9.9999624e-01 3.7901145e-06],"[1.8985913e-09 1.5053181e-05 4.4049764e-01 5.5615735e-01 3.2784548e-03
 5.1051498e-05 4.5335864e-07 1.0492985e-08 2.4418800e-10]"
D:\Uni\Ulm\Master\Hiwi-Forschung-und-Lehre\FairFace\detected_faces\1065261_face0.jpg,Black,Black,Male,30-39,"[1.7834263e-05 9.9552226e-01 2.5531315e-04 3.5006755e-07 8.1321050e-06
 4.1503552e-03 4.5672499e-05]",[1.2980787e-06 9.9991703e-01 7.8378762e-06 7.3810545e-05],[0.99019724 0.00980276],"[1.8292296e-08 1.3199721e-06 3.6967866e-04 1.5200719e-01 7.7650321e-01
 7.0145682e-02 9.6675061e-04 6.0040597e-06 1.7465665e-07]"
D:\Uni\Ulm\Master\Hiwi-Forschung-und-Lehre\FairFace\detected_faces\1065330_face0.jpg,White,White,Male,20-29,"[9.8039782e-01 6.6327906e-05 4.1781408e-03 1.0082454e-03 6.8209082e-04
 2.4862678e-05 1.3642536e-02]",[9.9248868e-01 1.5225468e-03 5.1233894e-03 8.6538610e-04],[1.000000e+00 1.560778e-08],"[3.4099354e-08 5.7892496e-05 2.9411864e-01 6.9820470e-01 7.5820088e-03
 3.6590853e-05 1.2708024e-07 4.5901207e-09 5.3130368e-11]"
D:\Uni\Ulm\Master\Hiwi-Forschung-und-Lehre\FairFace\detected_faces\1065342_face0.jpg,White,White,Male,10-19,"[9.9961931e-01 1.8075620e-07 2.4045654e-05 9.9603619e-07 7.0938495e-07
 8.7481133e-08 3.5469909e-04]",[9.9999094e-01 2.8621891e-06 3.2562814e-06 2.9342666e-06],[9.9988222e-01 1.1778109e-04],"[1.0431465e-08 1.9409120e-04 8.3256620e-01 1.6647115e-01 7.5436779e-04
 1.4009541e-05 5.6173775e-08 2.0517652e-09 4.6321315e-11]"
D:\Uni\Ulm\Master\Hiwi-Forschung-und-Lehre\FairFace\detected_faces\1065453_face0.jpg,White,White,Male,20-29,"[9.4770640e-01 5.0786446e-04 2.7322631e-02 1.9068561e-05 5.6020475e-05
 5.3825341e-05 2.4334211e-02]",[9.7712237e-01 2.1599868e-02 4.6321139e-04 8.1456738e-04],[9.9999923e-01 7.6725036e-07],"[2.5033768e-07 1.0094685e-04 1.1022432e-01 8.4363258e-01 4.4628132e-02
 1.3938828e-03 1.9551702e-05 3.6681212e-07 5.5942944e-09]"
D:\Uni\Ulm\Master\Hiwi-Forschung-und-Lehre\FairFace\detected_faces\1065525_face0.jpg,White,White,Male,20-29,"[9.8429465e-01 2.4102152e-05 9.1595598e-04 1.3244315e-05 3.7418893e-05
 6.5909549e-06 1.4708008e-02]",[9.9903733e-01 3.3191347e-04 5.8624678e-04 4.4547553e-05],[0.9962377  0.00376237],"[2.6802269e-08 5.1207571e-05 1.9385678e-01 7.6395869e-01 4.1018710e-02
 1.1017327e-03 1.2543805e-05 4.4822877e-07 1.6114020e-08]"
D:\Uni\Ulm\Master\Hiwi-Forschung-und-Lehre\FairFace\detected_faces\1065637_face0.jpg,White,White,Male,20-29,"[7.8835249e-01 1.3060987e-03 1.5815789e-01 1.6329926e-05 9.8128192e-05
 1.3565426e-02 3.8503714e-02]",[9.8895031e-01 3.5741352e-03 1.9453678e-04 7.2809421e-03],[9.9999988e-01 1.0514038e-07],"[8.2303131e-07 4.5460951e-05 1.3856884e-02 7.3875898e-01 2.3194370e-01
 1.5143541e-02 2.4652289e-04 3.9419474e-06 4.9549865e-08]"
D:\Uni\Ulm\Master\Hiwi-Forschung-und-Lehre\FairFace\detected_faces\1065748_face0.jpg,Black,Black,Male,30-39,"[1.2405626e-06 9.9997848e-01 1.2708086e-05 1.4146534e-07 1.1789961e-06
 5.0393246e-06 1.1270985e-06]",[4.3990482e-07 9.9999642e-01 2.4376059e-06 7.2846245e-07],[9.9952400e-01 4.7598124e-04],"[2.1336646e-06 1.2025518e-04 1.0174815e-02 4.0107509e-01 4.9912894e-01
 8.7795705e-02 1.6490740e-03 5.0981154e-05 3.0149474e-06]"
D:\Uni\Ulm\Master\Hiwi-Forschung-und-Lehre\FairFace\detected_faces\1065752_face0.jpg,Latino_Hispanic,White,Male,30-39,"[1.1208984e-01 7.1380832e-03 6.5569961e-01 3.2315101e-04 7.5514830e-04
 1.9567626e-02 2.0442651e-01]",[0.83220893 0.09950736 0.00726099 0.06102273],[9.9996620e-01 3.3776418e-05],"[1.5504251e-05 1.1914455e-04 3.6622304e-03 1.8300793e-01 6.4520860e-01
 1.6207592e-01 5.7739341e-03 1.3529144e-04 1.5556517e-06]"
D:\Uni\Ulm\Master\Hiwi-Forschung-und-Lehre\FairFace\detected_faces\1065758_face0.jpg,Black,Black,Male,20-29,"[1.0742284e-05 9.9890321e-01 6.4802944e-04 1.2911569e-06 8.2022969e-05
 3.3882185e-04 1.5822343e-05]",[8.6880336e-06 9.9943596e-01 8.5774758e-05 4.6957089e-04],[9.9999821e-01 1.8204995e-06],"[2.9333509e-07 3.8241258e-05 4.4794030e-02 8.9621174e-01 5.8311366e-02
 6.4160093e-04 2.6828118e-06 5.4087533e-08 2.0344324e-09]"
D:\Uni\Ulm\Master\Hiwi-Forschung-und-Lehre\FairFace\detected_faces\1065811_face0.jpg,White,White,Male,20-29,"[4.6627215e-01 1.3928743e-04 9.2221811e-02 1.0803277e-02 8.5137608e-03
 2.5272029e-04 4.2179698e-01]",[0.91219956 0.05515631 0.02933577 0.00330833],[9.9995667e-01 4.3385524e-05],"[3.2836289e-07 6.8521005e-04 3.2736301e-01 6.3589317e-01 3.5284460e-02
 7.6891656e-04 4.7515746e-06 9.0130740e-08 1.7407318e-09]"
D:\Uni\Ulm\Master\Hiwi-Forschung-und-Lehre\FairFace\detected_faces\1065812_face0.jpg,Middle Eastern,White,Male,20-29,"[4.8370346e-01 2.9330475e-05 5.2666888e-03 8.0892479e-04 3.3501396e-04
 4.6717643e-04 5.0938940e-01]",[9.9429053e-01 3.3868809e-04 2.2072869e-03 3.1634851e-03],[0.9974161 0.0025839],"[4.7123426e-06 1.2746830e-03 1.4281970e-01 8.1690019e-01 3.8399428e-02
 5.9784658e-04 3.2069456e-06 1.9701659e-07 1.2926387e-08]"
D:\Uni\Ulm\Master\Hiwi-Forschung-und-Lehre\FairFace\detected_faces\1065813_face0.jpg,White,White,Male,20-29,"[9.26605999e-01 2.43091836e-06 7.81043840e-04 1.32279465e-05
 2.91124816e-05 1.33035610e-05 7.25549012e-02]",[9.99965966e-01 1.10672045e-05 1.12293174e-05 1.17600739e-05],[0.677965  0.3220351],"[5.8860778e-08 1.3477647e-05 2.6287515e-02 8.0528778e-01 1.6306584e-01
 5.2643204e-03 7.8278739e-05 2.6722503e-06 9.1380365e-08]"
D:\Uni\Ulm\Master\Hiwi-Forschung-und-Lehre\FairFace\detected_faces\1065838_face0.jpg,Middle Eastern,White,Male,20-29,"[1.0041005e-01 7.7478442e-05 3.9862379e-02 4.2399755e-05 1.5817607e-04
 1.9201791e-03 8.5752934e-01]",[0.9743059  0.01221073 0.00472749 0.00875579],[9.99987841e-01 1.21679695e-05],"[5.3288367e-08 1.4277283e-04 1.3494745e-01 8.4150106e-01 2.3271630e-02
 1.3676139e-04 2.7319220e-07 6.2558412e-09 1.2439719e-10]"
D:\Uni\Ulm\Master\Hiwi-Forschung-und-Lehre\FairFace\detected_faces\1065890_face0.jpg,Middle Eastern,White,Male,20-29,"[2.0361227e-01 5.0584273e-04 1.8229923e-01 4.3847389e-04 9.1978110e-04
 5.4892823e-03 6.0673511e-01]",[9.3599617e-01 1.2779403e-03 3.9171212e-04 6.2334187e-02],[9.9977541e-01 2.2466172e-04],"[2.8834459e-06 1.9249835e-03 1.0159061e-01 7.2196692e-01 1.7058076e-01
 3.9124647e-03 2.0810747e-05 5.9874355e-07 1.7616083e-08]"
D:\Uni\Ulm\Master\Hiwi-Forschung-und-Lehre\FairFace\detected_faces\1065891_face0.jpg,Middle Eastern,White,Male,20-29,"[0.09996432 0.00791722 0.4265483  0.00088485 0.00688531 0.02340925
 0.4343908 ]",[0.7786986  0.09971908 0.0406843  0.08089809],[9.9999833e-01 1.6762931e-06],"[3.48554494e-07 8.64282338e-05 1.26431063e-02 8.82130742e-01
 1.04434706e-01 7.02815480e-04 1.85681495e-06 3.92306347e-08
 1.16418020e-09]"
D:\Uni\Ulm\Master\Hiwi-Forschung-und-Lehre\FairFace\detected_faces\1065937_face0.jpg,Middle Eastern,White,Male,20-29,"[3.9683372e-01 9.2828654e-05 6.1227284e-02 2.7748873e-04 6.0875894e-04
 3.9854473e-03 5.3697449e-01]",[0.95463854 0.00131781 0.01440995 0.02963374],[9.9999976e-01 2.7950742e-07],"[7.3837583e-07 4.8857288e-05 1.5682310e-02 8.3002007e-01 1.5151039e-01
 2.7221984e-03 1.5170571e-05 2.4752336e-07 3.4999621e-09]"
D:\Uni\Ulm\Master\Hiwi-Forschung-und-Lehre\FairFace\detected_faces\1065989_face0.jpg,White,White,Male,20-29,"[9.9852139e-01 3.8408647e-08 1.9899211e-05 1.4215614e-06 1.3575529e-06
 6.1306700e-08 1.4557879e-03]",[9.9986053e-01 6.2193030e-05 6.2109706e-05 1.5220092e-05],[9.9997389e-01 2.6105246e-05],"[2.1888227e-09 4.5697843e-06 1.2294823e-01 8.6654997e-01 1.0443906e-02
 5.3314670e-05 8.9361130e-08 7.5916784e-10 1.6079908e-11]"
D:\Uni\Ulm\Master\Hiwi-Forschung-und-Lehre\FairFace\detected_faces\1066011_face0.jpg,White,White,Male,10-19,"[9.9550390e-01 1.2832262e-06 1.3781407e-04 5.9755996e-07 8.8030316e-07
 1.0005234e-06 4.3544625e-03]",[9.9979687e-01 3.6190460e-05 8.9132067e-05 7.7821642e-05],[9.9998868e-01 1.1335909e-05],"[2.0929426e-07 1.4066353e-03 4.9484676e-01 4.8072428e-01 2.1412991e-02
 1.5822762e-03 2.6138403e-05 7.1852094e-07 1.8344855e-08]"
D:\Uni\Ulm\Master\Hiwi-Forschung-und-Lehre\FairFace\detected_faces\1066020_face0.jpg,East Asian,Asian,Male,20-29,"[1.9685544e-05 5.5032278e-06 6.1480171e-04 7.8645462e-01 2.1284211e-01
 6.2322142e-05 9.7075872e-07]",[2.3835570e-05 1.7627966e-04 9.9878168e-01 1.0182037e-03],[9.9999791e-01 2.1113087e-06],"[7.8157441e-08 2.5850208e-05 9.4201826e-02 8.3394271e-01 7.0354439e-02
 1.4546571e-03 1.8435272e-05 1.9623956e-06 1.4694173e-08]"
D:\Uni\Ulm\Master\Hiwi-Forschung-und-Lehre\FairFace\detected_faces\1066020_face1.jpg,White,White,Male,50-59,"[0.51128966 0.0357645  0.06372428 0.00197425 0.00126589 0.00498339
 0.38099808]",[0.8517031  0.12999915 0.01163598 0.00666176],[0.99563295 0.00436707],"[1.0910400e-04 3.8470671e-04 2.5779733e-03 4.2285953e-02 1.3417432e-01
 2.1513048e-01 4.0517116e-01 1.8699457e-01 1.3171746e-02]"
D:\Uni\Ulm\Master\Hiwi-Forschung-und-Lehre\FairFace\detected_faces\1066028_face0.jpg,White,White,Male,20-29,"[4.8127219e-01 7.4617134e-04 3.8416517e-01 1.6085645e-05 1.3548644e-04
 3.1566110e-03 1.3050830e-01]",[0.96894497 0.01032818 0.00160966 0.01911717],[9.9999988e-01 1.4121413e-07],"[8.8160412e-08 2.5716756e-04 2.1077614e-01 7.7583444e-01 1.3055589e-02
 7.6429758e-05 1.4355939e-07 4.3488075e-09 3.9752153e-11]"
D:\Uni\Ulm\Master\Hiwi-Forschung-und-Lehre\FairFace\detected_faces\1066030_face0.jpg,White,White,Male,20-29,"[8.6420459e-01 7.8797391e-05 9.8700477e-03 3.0362173e-05 5.2482388e-05
 1.6205886e-04 1.2560172e-01]",[9.9779636e-01 1.1333528e-03 4.3736218e-04 6.3293893e-04],[9.9999964e-01 2.9818548e-07],"[1.8582813e-06 3.7792465e-04 5.6922976e-02 8.4805506e-01 9.3203776e-02
 1.4316373e-03 6.6809503e-06 1.4062451e-07 1.5697897e-09]"
D:\Uni\Ulm\Master\Hiwi-Forschung-und-Lehre\FairFace\detected_faces\1066042_face0.jpg,White,White,Male,20-29,"[8.8157129e-01 3.0451163e-04 2.7459504e-02 4.2189356e-05 6.0456401e-05
 1.4500620e-04 9.0417065e-02]",[9.9648631e-01 3.2250104e-03 1.5793729e-04 1.3079190e-04],[9.999329e-01 6.709019e-05],"[2.5127488e-06 1.6864359e-04 7.9256957e-03 8.2245541e-01 1.6798027e-01
 1.4631873e-03 4.1442268e-06 1.2929686e-07 4.7129816e-09]"
D:\Uni\Ulm\Master\Hiwi-Forschung-und-Lehre\FairFace\detected_faces\1066045_face0.jpg,White,White,Male,20-29,"[4.9982771e-01 1.7327984e-04 3.4167536e-02 2.1888927e-05 3.5555269e-05
 3.7892614e-04 4.6539512e-01]",[9.984935e-01 5.673776e-04 3.325649e-05 9.058523e-04],[9.9999708e-01 2.8973607e-06],"[3.6165531e-07 2.0529258e-04 1.1352038e-01 8.6001641e-01 2.6120065e-02
 1.3728660e-04 2.1777821e-07 4.5678559e-09 6.9768018e-11]"
D:\Uni\Ulm\Master\Hiwi-Forschung-und-Lehre\FairFace\detected_faces\1066048_face0.jpg,White,White,Male,20-29,"[9.62198198e-01 8.23611335e-04 1.40612405e-02 1.44752967e-05
 5.41362351e-05 2.23774361e-04 2.26246174e-02]",[9.9500787e-01 4.3694959e-03 4.0720046e-05 5.8189733e-04],[1.0000000e+00 1.7682215e-09],"[3.5556045e-07 1.7609599e-04 4.1222759e-02 9.0913779e-01 4.9065609e-02
 3.9562982e-04 1.7310239e-06 2.6962493e-08 3.1007721e-10]"
D:\Uni\Ulm\Master\Hiwi-Forschung-und-Lehre\FairFace\detected_faces\1066059_face0.jpg,White,White,Male,10-19,"[9.9901372e-01 1.7634823e-06 8.6513930e-05 1.3584225e-06 4.0438736e-06
 1.7734870e-07 8.9240132e-04]",[9.9946338e-01 3.2458347e-04 1.9745574e-04 1.4547240e-05],[9.9999905e-01 9.4383779e-07],"[1.3289499e-08 1.0816889e-04 5.9749943e-01 4.0010929e-01 2.2456010e-03
 3.7201342e-05 2.1576737e-07 8.7849461e-09 1.3370974e-10]"
D:\Uni\Ulm\Master\Hiwi-Forschung-und-Lehre\FairFace\detected_faces\1066075_face0.jpg,Middle Eastern,White,Male,20-29,"[5.5038746e-02 1.1027723e-05 6.8141944e-03 9.8311211e-06 3.0906209e-05
 2.8525639e-04 9.3781006e-01]",[9.9897265e-01 1.5578017e-04 8.1472688e-05 7.9007581e-04],[9.9986351e-01 1.3648088e-04],"[1.1680297e-08 2.3209930e-05 1.5041395e-01 8.2855749e-01 2.0825446e-02
 1.7928609e-04 6.0285868e-07 1.4113118e-08 3.0524597e-10]"
D:\Uni\Ulm\Master\Hiwi-Forschung-und-Lehre\FairFace\detected_faces\1066078_face0.jpg,White,White,Male,10-19,"[5.7924664e-01 2.9594701e-04 1.8848401e-01 3.0312195e-04 7.5850147e-04
 4.2679668e-03 2.2664377e-01]",[0.6654851  0.03883521 0.01546789 0.2802118 ],[9.9984354e-01 1.5643686e-04],"[3.9391602e-05 3.7033532e-02 8.0303180e-01 1.2917668e-01 2.7097251e-02
 3.5568960e-03 6.2801744e-05 1.5802522e-06 2.3611349e-08]"
D:\Uni\Ulm\Master\Hiwi-Forschung-und-Lehre\FairFace\detected_faces\1066095_face0.jpg,Middle Eastern,Indian,Male,20-29,"[4.4095308e-02 1.7510100e-04 9.4273284e-02 5.0811359e-04 1.1841881e-03
 1.3117946e-02 8.4664607e-01]",[0.367579   0.00661137 0.00925119 0.61655843],[9.9999982e-01 2.3001012e-07],"[3.9495492e-07 1.4066251e-04 2.0317942e-02 9.0771592e-01 7.1196437e-02
 6.2726351e-04 1.3014554e-06 3.3219692e-08 3.9673692e-10]"
D:\Uni\Ulm\Master\Hiwi-Forschung-und-Lehre\FairFace\detected_faces\1066178_face0.jpg,White,White,Male,20-29,"[8.4021431e-01 5.1816675e-04 4.9373757e-02 1.2029867e-03 1.6890257e-03
 1.5700945e-03 1.0543175e-01]",[9.9816078e-01 2.5559941e-05 1.6701310e-03 1.4345818e-04],[9.9999923e-01 8.0124715e-07],"[2.6854215e-07 2.0208590e-05 1.0107090e-02 9.1690594e-01 7.2364405e-02
 5.9693574e-04 4.8260645e-06 3.3202963e-07 1.1336634e-08]"
D:\Uni\Ulm\Master\Hiwi-Forschung-und-Lehre\FairFace\detected_faces\1066179_face0.jpg,White,White,Male,10-19,"[0.64010286 0.00315394 0.07230777 0.04264105 0.06560289 0.00067928
 0.17551218]",[7.8377366e-01 4.5678616e-03 2.1126913e-01 3.8925500e-04],[9.999983e-01 1.729896e-06],"[6.2764718e-07 1.4445569e-03 5.8830452e-01 3.9312157e-01 1.5982987e-02
 1.0875207e-03 5.2699812e-05 5.3523636e-06 1.7867963e-07]"
D:\Uni\Ulm\Master\Hiwi-Forschung-und-Lehre\FairFace\detected_faces\1066180_face0.jpg,Middle Eastern,Black,Male,40-49,"[0.33278564 0.05784428 0.12072973 0.00767613 0.01168639 0.0405071
 0.4287707 ]",[0.14873329 0.5624926  0.16675328 0.12202083],[0.8180341  0.18196592],"[1.4906837e-05 9.9840028e-05 6.6467314e-03 1.5596214e-01 2.1312480e-01
 2.4548173e-01 2.4064107e-01 1.1306468e-01 2.4964066e-02]"
D:\Uni\Ulm\Master\Hiwi-Forschung-und-Lehre\FairFace\detected_faces\1066181_face0.jpg,White,White,Male,10-19,"[7.2829986e-01 1.4828035e-05 8.5208518e-03 9.9721656e-04 2.7275528e-04
 1.6402591e-04 2.6173052e-01]",[9.9962527e-01 1.5085226e-05 1.7948783e-04 1.8016348e-04],[9.9998325e-01 1.6749906e-05],"[8.7426124e-05 5.7147533e-02 7.2249764e-01 2.1368574e-01 6.4548943e-03
 1.2577407e-04 9.0458514e-07 4.3410559e-08 2.1189843e-09]"
D:\Uni\Ulm\Master\Hiwi-Forschung-und-Lehre\FairFace\detected_faces\1066182_face0.jpg,Black,Black,Male,30-39,"[2.2873081e-07 9.9995595e-01 2.4013336e-05 9.5243514e-08 3.7451462e-06
 1.5834274e-05 8.3691333e-08]",[1.2549077e-06 9.9994302e-01 2.5099271e-05 3.0681829e-05],[9.9999416e-01 5.8788914e-06],"[3.7939245e-08 4.7273531e-07 7.1267318e-04 3.2327843e-01 5.4283351e-01
 1.2968372e-01 3.4629037e-03 2.7124834e-05 1.1888566e-06]"
D:\Uni\Ulm\Master\Hiwi-Forschung-und-Lehre\FairFace\detected_faces\1066183_face0.jpg,White,White,Male,20-29,"[8.7945175e-01 1.9475854e-04 2.6160100e-02 2.0249265e-05 8.8465647e-05
 2.0155727e-04 9.3883112e-02]",[9.9911690e-01 6.2948116e-04 3.2932559e-05 2.2060382e-04],[9.9999696e-01 3.0090134e-06],"[2.3842448e-08 3.7442694e-06 5.3274529e-03 8.8201553e-01 1.1203549e-01
 6.1652763e-04 1.1834596e-06 1.9635545e-08 3.5509459e-10]"
D:\Uni\Ulm\Master\Hiwi-Forschung-und-Lehre\FairFace\detected_faces\1066184_face0.jpg,White,White,Male,20-29,"[9.5704323e-01 1.2039350e-05 1.4231366e-03 1.8827170e-06 7.6209808e-06
 4.6365407e-05 4.1465651e-02]",[9.9932325e-01 1.3377726e-04 4.6944420e-05 4.9602712e-04],[9.9999994e-01 4.8506408e-08],"[5.3152531e-09 3.8902003e-06 4.4197906e-03 9.4934338e-01 4.6101756e-02
 1.3098988e-04 1.4841680e-07 1.1833506e-09 2.2869470e-11]"
D:\Uni\Ulm\Master\Hiwi-Forschung-und-Lehre\FairFace\detected_faces\1066236_face0.jpg,White,White,Male,20-29,"[7.7194738e-01 5.2646309e-04 5.2423373e-02 1.7309388e-04 3.5376530e-04
 1.7470869e-04 1.7440113e-01]",[9.9932766e-01 2.7473274e-04 2.1642957e-04 1.8123278e-04],[9.999997e-01 2.978903e-07],"[8.2549036e-08 3.5142399e-05 4.6824887e-02 9.2676306e-01 2.6243966e-02
 1.3227848e-04 5.5510799e-07 1.3105372e-08 2.1432250e-10]"
D:\Uni\Ulm\Master\Hiwi-Forschung-und-Lehre\FairFace\detected_faces\1066238_face0.jpg,Middle Eastern,White,Male,20-29,"[1.6698918e-01 2.5054402e-04 4.8961844e-02 1.7213292e-04 3.6936509e-04
 8.6561004e-03 7.7460080e-01]",[9.9841613e-01 7.7265606e-05 6.2890234e-05 1.4436349e-03],[9.9996984e-01 3.0187599e-05],"[3.1714264e-04 7.6898327e-03 6.4903952e-02 7.3762780e-01 1.8218556e-01
 7.1868240e-03 8.3763465e-05 4.9861310e-06 1.6970547e-07]"
D:\Uni\Ulm\Master\Hiwi-Forschung-und-Lehre\FairFace\detected_faces\1066239_face0.jpg,White,White,Male,20-29,"[9.1689980e-01 9.5583979e-05 2.1423724e-02 2.1348300e-05 3.9809511e-05
 4.4060280e-04 6.1079141e-02]",[9.9869007e-01 7.9105876e-04 9.8255870e-05 4.2066362e-04],[9.9999821e-01 1.7297815e-06],"[1.8604557e-07 4.0429779e-05 2.2304581e-02 9.2341149e-01 5.3931985e-02
 3.1076034e-04 5.5481848e-07 1.0286554e-08 1.7514595e-10]"
D:\Uni\Ulm\Master\Hiwi-Forschung-und-Lehre\FairFace\detected_faces\1066311_face0.jpg,White,White,Male,10-19,"[8.5366696e-01 1.7068071e-05 6.7493757e-03 2.6794260e-05 9.8159464e-05
 1.6655808e-04 1.3927498e-01]",[0.9628951  0.00955991 0.01506158 0.01248342],[9.9999976e-01 2.3227703e-07],"[4.5161511e-07 2.0879798e-03 7.8258437e-01 2.0556727e-01 9.1075646e-03
 6.4390973e-04 8.1956541e-06 2.9404902e-07 3.7776120e-09]"
D:\Uni\Ulm\Master\Hiwi-Forschung-und-Lehre\FairFace\detected_faces\1066402_face0.jpg,White,White,Male,20-29,"[9.8876703e-01 1.6574753e-05 7.6756347e-03 8.0938498e-06 1.2626305e-05
 4.9682094e-05 3.4703775e-03]",[9.9919599e-01 3.7639325e-05 1.8248310e-04 5.8388762e-04],[9.999999e-01 1.091515e-07],"[1.3364329e-08 2.6198625e-06 3.1198455e-02 9.2938507e-01 3.9106432e-02
 3.0654331e-04 8.5005490e-07 8.8064587e-09 1.1646263e-10]"
D:\Uni\Ulm\Master\Hiwi-Forschung-und-Lehre\FairFace\detected_faces\1066403_face0.jpg,Black,Black,Male,20-29,"[2.0141497e-02 7.0830154e-01 2.4504040e-01 1.1766226e-05 2.3080007e-04
 7.8161882e-04 2.5492381e-02]",[0.01417899 0.9702812  0.00273875 0.01280106],[9.9999988e-01 1.4348821e-07],"[1.5157836e-08 2.7750040e-05 1.1989848e-01 8.6344898e-01 1.6539609e-02
 8.4920233e-05 2.1238863e-07 5.4040128e-09 8.7557482e-11]"
D:\Uni\Ulm\Master\Hiwi-Forschung-und-Lehre\FairFace\detected_faces\1066446_face0.jpg,Latino_Hispanic,Black,Male,20-29,"[2.8143960e-01 9.3749039e-02 5.3362304e-01 2.2854768e-04 2.3094979e-03
 1.6567191e-02 7.2083019e-02]",[0.21055396 0.64296633 0.00993369 0.1365461 ],[9.9999928e-01 6.9381724e-07],"[4.7888693e-09 2.7423237e-05 3.9224643e-01 6.0226870e-01 5.4348144e-03
 2.2595743e-05 6.3948363e-08 2.1713045e-09 4.0600450e-11]"
D:\Uni\Ulm\Master\Hiwi-Forschung-und-Lehre\FairFace\detected_faces\1066511_face0.jpg,White,White,Male,20-29,"[9.97868121e-01 3.58218495e-05 2.35810367e-04 1.05012305e-05
 1.34266975e-05 3.41649661e-06 1.83292793e-03]",[9.9992251e-01 5.9783481e-05 7.9772195e-07 1.6904243e-05],[9.9999636e-01 3.6290846e-06],"[9.5143022e-08 4.6470491e-04 2.8248003e-01 7.0984662e-01 7.1717482e-03
 3.6709182e-05 1.1542219e-07 4.3926605e-09 1.5430288e-10]"
D:\Uni\Ulm\Master\Hiwi-Forschung-und-Lehre\FairFace\detected_faces\1066587_face0.jpg,Black,Black,Male,30-39,"[4.9581117e-06 9.9985498e-01 1.1117334e-04 1.5832982e-06 1.3008746e-05
 1.0223571e-05 3.9019596e-06]",[2.5475915e-06 9.9996150e-01 2.8342107e-05 7.6131951e-06],[0.98797673 0.01202325],"[1.3034503e-06 1.3000793e-05 2.0570178e-03 2.3010652e-01 5.7336009e-01
 1.8341675e-01 1.0900567e-02 1.3892668e-04 5.7908228e-06]"
D:\Uni\Ulm\Master\Hiwi-Forschung-und-Lehre\FairFace\detected_faces\1066763_face0.jpg,Middle Eastern,White,Male,20-29,"[2.3092243e-01 5.7420057e-05 1.7989354e-02 5.6146033e-05 1.6451289e-04
 3.6106238e-03 7.4719954e-01]",[9.96490180e-01 5.50511817e-04 1.12209105e-04 2.84721190e-03],[9.999994e-01 6.165163e-07],"[1.7273410e-07 7.0362803e-05 2.7998401e-02 9.3466061e-01 3.7148371e-02
 1.2199409e-04 1.6728112e-07 4.0714507e-09 7.6802661e-11]"
D:\Uni\Ulm\Master\Hiwi-Forschung-und-Lehre\FairFace\detected_faces\1066796_face0.jpg,Middle Eastern,White,Male,20-29,"[4.6721138e-02 7.7936485e-05 5.0682481e-02 1.2112208e-04 4.9189082e-04
 9.2908489e-03 8.9261460e-01]",[0.85293347 0.00120249 0.01458287 0.13128118],[9.999999e-01 9.302363e-08],"[4.5577883e-07 4.4561391e-05 1.5471936e-02 8.9741218e-01 8.6203910e-02
 8.6351298e-04 3.4027667e-06 1.0693086e-07 1.3306796e-09]"
D:\Uni\Ulm\Master\Hiwi-Forschung-und-Lehre\FairFace\detected_faces\1066800_face0.jpg,Middle Eastern,White,Male,20-29,"[8.2183465e-02 2.5868021e-05 1.8662449e-02 3.0925843e-05 7.5567761e-05
 3.6168769e-03 8.9540482e-01]",[9.2690063e-01 3.6391072e-04 2.9851947e-04 7.2436944e-02],[9.999910e-01 9.042767e-06],"[8.6496391e-07 6.4663582e-05 4.5889216e-03 7.7543902e-01 2.1681385e-01
 3.0810228e-03 1.1539822e-05 1.8377895e-07 6.0364345e-09]"
D:\Uni\Ulm\Master\Hiwi-Forschung-und-Lehre\FairFace\detected_faces\1066802_face0.jpg,Middle Eastern,White,Male,20-29,"[3.8363031e-01 9.8176701e-05 4.2414788e-02 1.7302386e-04 4.1135837e-04
 6.3558784e-04 5.7263678e-01]",[9.9733591e-01 4.4570590e-04 1.0292545e-03 1.1891240e-03],[9.9999887e-01 1.0749594e-06],"[5.6891969e-07 3.7988884e-05 6.0383505e-03 7.0871812e-01 2.8017744e-01
 5.0162948e-03 1.1082081e-05 1.4572518e-07 2.5712101e-09]"
D:\Uni\Ulm\Master\Hiwi-Forschung-und-Lehre\FairFace\detected_faces\1066805_face0.jpg,White,White,Male,20-29,"[9.07547772e-01 3.33425426e-03 5.81704155e-02 2.35017051e-05
 1.11270325e-04 8.82102249e-05 3.07245646e-02]",[9.3446052e-01 6.4970426e-02 4.9005065e-04 7.9009464e-05],[1.0000000e+00 7.6626044e-10],"[1.7445410e-08 1.2289139e-06 6.6086641e-03 8.7721735e-01 1.1433492e-01
 1.8201765e-03 1.7484337e-05 1.9249110e-07 1.2132229e-09]"
D:\Uni\Ulm\Master\Hiwi-Forschung-und-Lehre\FairFace\detected_faces\1066808_face0.jpg,Black,Black,Male,20-29,"[1.05852738e-03 8.42786014e-01 1.11737974e-01 1.87045793e-04
 8.67367070e-03 3.49284448e-02 6.28303562e-04]",[4.2137990e-04 9.8052949e-01 9.8626185e-03 9.1865808e-03],[9.9998897e-01 1.1016905e-05],"[9.5699099e-05 2.1640104e-03 2.7870426e-02 6.1178917e-01 3.2617697e-01
 3.0604037e-02 1.2552663e-03 4.2732565e-05 1.6794105e-06]"
D:\Uni\Ulm\Master\Hiwi-Forschung-und-Lehre\FairFace\detected_faces\1066809_face0.jpg,Middle Eastern,White,Male,20-29,"[2.1814981e-01 2.0510884e-04 1.8380164e-01 1.3047032e-03 1.1267803e-03
 1.3514649e-03 5.9406048e-01]",[0.97381306 0.01504825 0.00677517 0.00436353],[1.000000e+00 5.279586e-08],"[1.7560590e-07 2.4714467e-05 1.6577808e-02 7.8990012e-01 1.8829589e-01
 5.1803272e-03 2.0743188e-05 1.9960355e-07 1.7889564e-09]"
D:\Uni\Ulm\Master\Hiwi-Forschung-und-Lehre\FairFace\detected_faces\1066810_face0.jpg,Black,Black,Male,10-19,"[4.2528040e-06 9.9973696e-01 1.1970513e-04 1.0179962e-06 3.8872698e-05
 9.4748328e-05 4.3988252e-06]",[1.7747918e-06 9.9994534e-01 1.6979333e-05 3.5951598e-05],[9.9993867e-01 6.1284860e-05],"[2.6081204e-06 3.4098399e-03 6.2272131e-01 3.6272538e-01 1.0783090e-02
 3.5338924e-04 4.1682633e-06 1.4782393e-07 1.4449993e-08]"
D:\Uni\Ulm\Master\Hiwi-Forschung-und-Lehre\FairFace\detected_faces\1066812_face0.jpg,Black,Black,Male,20-29,"[2.5516916e-02 5.0668716e-01 3.9177904e-01 2.3278195e-05 1.0152196e-03
 7.4539422e-03 6.7524478e-02]",[1.8771898e-03 9.8870826e-01 1.5411628e-04 9.2604943e-03],[9.9999714e-01 2.8792017e-06],"[3.1005243e-08 1.2532037e-04 4.8575363e-01 5.0327474e-01 1.0623514e-02
 2.2012547e-04 2.5304826e-06 7.0834915e-08 1.2379954e-09]"
D:\Uni\Ulm\Master\Hiwi-Forschung-und-Lehre\FairFace\detected_faces\1066814_face0.jpg,White,Asian,Male,20-29,"[6.0783535e-01 1.6149848e-03 2.0685732e-01 2.1590762e-02 4.9951576e-02
 5.5220298e-04 1.1159773e-01]",[0.13334982 0.00802184 0.85481465 0.00381374],[1.0000000e+00 1.6606728e-08],"[8.8406162e-09 1.8125900e-05 5.2516721e-02 9.0913630e-01 3.8093533e-02
 2.3452446e-04 8.1926567e-07 1.0496881e-08 1.0168843e-10]"
D:\Uni\Ulm\Master\Hiwi-Forschung-und-Lehre\FairFace\detected_faces\1067007_face0.jpg,Middle Eastern,White,Male,20-29,"[4.2348233e-01 2.1067797e-04 8.3686300e-02 4.1597607e-04 5.0211343e-04
 1.6045891e-04 4.9154210e-01]",[0.9474852  0.0384076  0.00844546 0.0056617 ],[9.999907e-01 9.267254e-06],"[5.4070108e-07 2.4114075e-04 8.8169821e-02 8.3385658e-01 7.6221369e-02
 1.4995362e-03 1.0780869e-05 2.8282591e-07 5.2006146e-09]"
D:\Uni\Ulm\Master\Hiwi-Forschung-und-Lehre\FairFace\detected_faces\1067043_face0.jpg,White,White,Male,10-19,"[8.6540484e-01 1.0439537e-05 4.8077172e-03 1.1681065e-05 1.1620470e-05
 1.7073642e-05 1.2973660e-01]",[9.9968594e-01 4.4240827e-05 1.8806398e-04 8.1769991e-05],[9.9999988e-01 1.5332829e-07],"[4.1674588e-09 2.5558415e-05 6.1284280e-01 3.8619733e-01 9.3075784e-04
 3.5084172e-06 7.2663613e-09 2.4339875e-10 2.1390387e-12]"
D:\Uni\Ulm\Master\Hiwi-Forschung-und-Lehre\FairFace\detected_faces\1067048_face0.jpg,White,White,Male,10-19,"[9.1348308e-01 4.4460289e-06 9.9537456e-03 2.0317381e-04 2.2138837e-04
 6.4777654e-05 7.6069400e-02]",[9.9918044e-01 3.1446023e-05 6.5761228e-04 1.3053518e-04],[9.9999976e-01 1.9825632e-07],"[7.1978104e-07 3.5026094e-03 8.9374101e-01 9.9046670e-02 3.5854285e-03
 1.2300530e-04 5.5411800e-07 1.7272999e-08 1.9035717e-10]"
D:\Uni\Ulm\Master\Hiwi-Forschung-und-Lehre\FairFace\detected_faces\1067053_face0.jpg,White,White,Male,20-29,"[9.9981701e-01 5.4151377e-07 2.0975078e-05 4.3509781e-06 2.7110914e-06
 1.6194522e-07 1.5410881e-04]",[9.9988788e-01 1.2461687e-05 9.6068798e-05 3.5939713e-06],[9.999961e-01 3.884148e-06],"[6.1652008e-09 1.3153551e-05 1.2586844e-01 8.6463004e-01 9.4428957e-03
 4.5295819e-05 1.6982233e-07 2.0848541e-09 5.7830483e-11]"
D:\Uni\Ulm\Master\Hiwi-Forschung-und-Lehre\FairFace\detected_faces\1067054_face0.jpg,Middle Eastern,White,Male,20-29,"[2.5536311e-01 1.8136091e-04 8.4849566e-02 2.9232548e-05 9.7038348e-05
 1.4696473e-03 6.5801001e-01]",[9.8883986e-01 3.1122722e-04 5.7289493e-04 1.0275976e-02],[9.9999994e-01 8.9697245e-08],"[7.8787826e-07 8.1641585e-05 2.1594740e-02 8.4939861e-01 1.2669122e-01
 2.2235173e-03 9.3165618e-06 1.2906189e-07 1.0519750e-09]"
D:\Uni\Ulm\Master\Hiwi-Forschung-und-Lehre\FairFace\detected_faces\1067063_face0.jpg,White,White,Male,20-29,"[9.8884094e-01 6.3080122e-05 3.7229210e-03 3.9803035e-05 1.2288180e-04
 5.8417310e-05 7.1519315e-03]",[0.93903434 0.04109799 0.01744433 0.00242333],[9.9999988e-01 1.4475337e-07],"[6.4298845e-08 1.4033506e-04 3.1047252e-01 6.7330408e-01 1.5808584e-02
 2.7305435e-04 1.2776869e-06 2.9109680e-08 4.0179129e-10]"
D:\Uni\Ulm\Master\Hiwi-Forschung-und-Lehre\FairFace\detected_faces\1067114_face0.jpg,Latino_Hispanic,Indian,Male,20-29,"[3.0721758e-02 8.7287249e-03 7.8973371e-01 1.0876399e-04 2.9954922e-03
 8.3051428e-02 8.4660143e-02]",[0.02867545 0.18164045 0.00592209 0.78376204],[9.99999881e-01 1.00999465e-07],"[7.13513781e-09 3.83235129e-05 4.18629169e-01 5.77223063e-01
 4.09811595e-03 1.13840915e-05 1.74389374e-08 6.21592444e-10
 5.51067568e-12]"
D:\Uni\Ulm\Master\Hiwi-Forschung-und-Lehre\FairFace\detected_faces\1067117_face0.jpg,Black,Black,Male,10-19,"[2.6026868e-07 9.9999571e-01 2.6878624e-06 7.3404955e-08 3.3772147e-07
 6.6064160e-07 2.9748463e-07]",[5.6677538e-07 9.9999297e-01 5.6101062e-06 8.9865841e-07],[0.9010148  0.09898517],"[1.8994481e-04 1.3634044e-01 4.6524972e-01 3.2842326e-01 6.5587863e-02
 4.0501729e-03 1.5329852e-04 4.7589888e-06 5.4073615e-07]"
D:\Uni\Ulm\Master\Hiwi-Forschung-und-Lehre\FairFace\detected_faces\1067119_face0.jpg,White,White,Male,20-29,"[6.5450621e-01 8.3738007e-05 1.9114299e-01 4.7113746e-05 1.5412633e-04
 1.5469175e-02 1.3859661e-01]",[0.81319374 0.00234574 0.00114236 0.1833182 ],[9.9999976e-01 2.2211914e-07],"[2.4085361e-07 1.5883036e-04 1.4073788e-01 8.1473255e-01 4.3647081e-02
 7.2040188e-04 2.9368755e-06 6.2623258e-08 6.8440043e-10]"
D:\Uni\Ulm\Master\Hiwi-Forschung-und-Lehre\FairFace\detected_faces\1067120_face0.jpg,Middle Eastern,Indian,Male,20-29,"[1.4380169e-02 1.4099557e-04 4.4847112e-02 1.9509902e-05 1.5857120e-04
 1.9228050e-01 7.4817318e-01]",[0.10696728 0.00265735 0.00114898 0.8892264 ],[9.9999666e-01 3.3236211e-06],"[2.9387363e-06 2.9293841e-04 1.1616430e-02 6.8036467e-01 2.9828778e-01
 9.4047217e-03 2.9927147e-05 5.5309818e-07 7.6981586e-09]"
D:\Uni\Ulm\Master\Hiwi-Forschung-und-Lehre\FairFace\detected_faces\1067191_face0.jpg,White,White,Male,20-29,"[9.9276215e-01 3.4964854e-05 2.2790350e-03 6.3411176e-04 2.7744801e-04
 1.2367955e-05 3.9999830e-03]",[9.9949735e-01 1.0178870e-05 4.7473240e-04 1.7757988e-05],[9.9999809e-01 1.8724722e-06],"[1.03213210e-07 1.95161610e-05 1.00336686e-01 8.59331012e-01
 3.95132117e-02 7.88285339e-04 1.09812963e-05 2.21564946e-07
 4.35732739e-09]"
D:\Uni\Ulm\Master\Hiwi-Forschung-und-Lehre\FairFace\detected_faces\1067192_face0.jpg,White,White,Male,10-19,"[4.18138325e-01 2.78062158e-04 2.80433953e-01 1.00670324e-04
 3.39460850e-04 2.74048112e-02 2.73304701e-01]",[0.97747177 0.00190962 0.00241749 0.01820108],[9.999998e-01 1.719830e-07],"[2.6969659e-07 9.0379349e-04 6.1768895e-01 3.7504300e-01 6.2991250e-03
 6.4736538e-05 1.6803867e-07 5.1932307e-09 5.3608465e-11]"
D:\Uni\Ulm\Master\Hiwi-Forschung-und-Lehre\FairFace\detected_faces\1067198_face0.jpg,Middle Eastern,White,Male,20-29,"[2.1134919e-01 4.7199745e-05 1.3606222e-01 2.1709192e-03 3.3881629e-03
 6.2104804e-04 6.4636129e-01]",[0.9745126  0.00112306 0.01544642 0.00891793],[9.9999976e-01 2.2000891e-07],"[1.9349386e-07 1.8858547e-04 2.2596523e-01 7.5186503e-01 2.1773104e-02
 2.0721080e-04 6.2518217e-07 1.9642036e-08 1.7860331e-10]"
D:\Uni\Ulm\Master\Hiwi-Forschung-und-Lehre\FairFace\detected_faces\1067202_face0.jpg,White,White,Male,10-19,"[9.5918125e-01 3.3208815e-04 2.8732419e-02 2.0969235e-03 1.9594219e-03
 5.8627887e-05 7.6393411e-03]",[0.7235542  0.00508615 0.26813027 0.00322939],[9.9998599e-01 1.3997436e-05],"[3.1605499e-08 2.1667208e-04 8.5287422e-01 1.4640176e-01 5.0045841e-04
 6.8635768e-06 4.8751780e-08 3.7410435e-09 1.0112180e-10]"
D:\Uni\Ulm\Master\Hiwi-Forschung-und-Lehre\FairFace\detected_faces\1067204_face0.jpg,White,White,Male,10-19,"[9.8794192e-01 1.1891366e-06 1.8335670e-03 3.9748801e-04 3.2965877e-04
 2.0294383e-05 9.4758803e-03]",[9.9952137e-01 5.5942064e-06 4.3790881e-04 3.5108878e-05],[9.9998558e-01 1.4389528e-05],"[1.5609093e-07 4.2797159e-04 5.6294262e-01 4.0865508e-01 2.6733745e-02
 1.2296418e-03 1.0574441e-05 2.4707975e-07 6.7615935e-09]"
D:\Uni\Ulm\Master\Hiwi-Forschung-und-Lehre\FairFace\detected_faces\1067207_face0.jpg,Latino_Hispanic,White,Male,20-29,"[2.3385446e-01 1.0844158e-02 6.9121629e-01 3.9885173e-04 1.6596128e-03
 6.7412836e-04 6.1352547e-02]",[0.9392311  0.05139659 0.00740373 0.00196859],[9.9931139e-01 6.8857434e-04],"[4.3078599e-05 1.0718445e-02 3.9158508e-01 5.5157578e-01 4.4404048e-02
 1.6456870e-03 2.6638265e-05 1.2560222e-06 3.0471558e-08]"
D:\Uni\Ulm\Master\Hiwi-Forschung-und-Lehre\FairFace\detected_faces\1067219_face0.jpg,Latino_Hispanic,White,Male,30-39,"[1.28547743e-01 5.47505841e-02 6.98700190e-01 5.48110751e-04
 1.48123142e-03 1.57503523e-02 1.00221686e-01]",[0.61235875 0.16444941 0.06643008 0.15676177],[9.9999440e-01 5.6394133e-06],"[4.2722586e-06 1.5102818e-05 3.4100581e-03 4.2627490e-01 4.7390243e-01
 8.8883691e-02 7.3094089e-03 1.9811712e-04 2.1154096e-06]"
D:\Uni\Ulm\Master\Hiwi-Forschung-und-Lehre\FairFace\detected_faces\1067220_face0.jpg,Latino_Hispanic,White,Male,20-29,"[3.6133984e-01 2.3231884e-02 5.4076314e-01 1.6387984e-04 7.5697136e-04
 4.0447200e-03 6.9699600e-02]",[0.90677094 0.06000036 0.00595805 0.02727065],[9.999992e-01 7.681171e-07],"[1.6427650e-07 3.2121081e-06 2.7353670e-03 6.6679144e-01 3.1845549e-01
 1.1848066e-02 1.6438920e-04 1.9247721e-06 2.5473009e-08]"
D:\Uni\Ulm\Master\Hiwi-Forschung-und-Lehre\FairFace\detected_faces\1067225_face0.jpg,Latino_Hispanic,Black,Male,20-29,"[0.02281892 0.40438643 0.4668632  0.00624741 0.03628134 0.01155603
 0.05184655]",[0.0191371  0.6768658  0.12257515 0.18142189],[9.9966443e-01 3.3558323e-04],"[2.1031970e-07 3.1428086e-04 2.9204708e-01 6.7813706e-01 2.8854821e-02
 6.3959131e-04 6.4845262e-06 3.4996646e-07 1.1097605e-08]"
D:\Uni\Ulm\Master\Hiwi-Forschung-und-Lehre\FairFace\detected_faces\1067231_face0.jpg,White,White,Male,10-19,"[9.77030396e-01 2.65470571e-05 8.01784825e-03 2.70756718e-05
 1.33403053e-04 2.69581506e-05 1.47378035e-02]",[9.9956375e-01 8.2716026e-05 1.2998391e-04 2.2350886e-04],[9.9999845e-01 1.5562395e-06],"[7.13758164e-09 1.16251213e-04 7.53570735e-01 2.44450256e-01
 1.83500221e-03 2.75848033e-05 1.14650916e-07 2.33561304e-09
 3.23521453e-11]"
D:\Uni\Ulm\Master\Hiwi-Forschung-und-Lehre\FairFace\detected_faces\1067318_face0.jpg,White,White,Male,20-29,"[9.9997348e-01 3.0241665e-08 4.4388116e-06 1.8170871e-07 5.5782505e-07
 2.5700620e-08 2.1307847e-05]",[9.9997026e-01 2.0727741e-05 7.8666208e-06 1.0961355e-06],[9.9949336e-01 5.0660450e-04],"[2.2665189e-07 1.2777107e-04 5.8013987e-02 7.8268754e-01 1.5614134e-01
 3.0051186e-03 2.3787965e-05 1.9128608e-07 1.2447584e-08]"
D:\Uni\Ulm\Master\Hiwi-Forschung-und-Lehre\FairFace\detected_faces\1067335_face0.jpg,White,White,Male,20-29,"[0.5159787  0.00086681 0.30415073 0.00144081 0.00405381 0.00110348
 0.1724057 ]",[0.990162   0.00385375 0.00431558 0.00166865],[9.9999833e-01 1.6301193e-06],"[4.17851851e-08 1.06471525e-05 1.54518876e-02 9.23206747e-01
 6.10717498e-02 2.58248474e-04 6.55368353e-07 1.67271246e-08
 3.03730541e-10]"
D:\Uni\Ulm\Master\Hiwi-Forschung-und-Lehre\FairFace\detected_faces\1067399_face0.jpg,White,White,Male,20-29,"[9.4743967e-01 1.1035511e-06 3.4397044e-03 9.7823113e-06 1.7648206e-05
 1.3173082e-04 4.8960283e-02]",[9.9962354e-01 7.8276906e-05 1.0803302e-05 2.8739678e-04],[9.9999917e-01 8.6062323e-07],"[2.6412865e-08 2.8419017e-05 4.2951908e-02 9.3890315e-01 1.8058458e-02
 5.7897614e-05 5.4760942e-08 5.6852617e-10 1.6620563e-11]"
D:\Uni\Ulm\Master\Hiwi-Forschung-und-Lehre\FairFace\detected_faces\1067409_face0.jpg,White,White,Male,20-29,"[9.7244656e-01 2.0845942e-05 1.0360034e-02 3.3472668e-05 1.1191904e-04
 5.1020845e-05 1.6976133e-02]",[9.9909419e-01 1.3248122e-04 6.3906057e-04 1.3433929e-04],[9.9999923e-01 7.7188866e-07],"[4.2587988e-07 2.2299205e-04 1.5549353e-01 7.9878199e-01 4.4690803e-02
 8.0752891e-04 2.6696787e-06 2.4879226e-08 4.4068563e-10]"
D:\Uni\Ulm\Master\Hiwi-Forschung-und-Lehre\FairFace\detected_faces\1067436_face0.jpg,White,White,Male,20-29,"[9.27116394e-01 2.23588813e-05 6.31382735e-03 1.55695737e-03
 1.55635574e-03 1.20430515e-04 6.33136109e-02]",[9.9089909e-01 2.4026593e-05 7.5661149e-03 1.5106674e-03],[1.0000000e+00 1.0510194e-08],"[6.6279382e-09 7.1556215e-06 1.5335651e-01 8.3673733e-01 9.8493062e-03
 4.9560815e-05 1.5033817e-07 3.7105121e-09 3.2436519e-11]"
D:\Uni\Ulm\Master\Hiwi-Forschung-und-Lehre\FairFace\detected_faces\1067437_face0.jpg,Middle Eastern,White,Male,20-29,"[3.4019911e-01 5.0070172e-04 1.6702761e-01 9.6360760e-05 2.6331822e-04
 3.3667882e-03 4.8854613e-01]",[9.7994787e-01 1.6720454e-03 1.0973162e-04 1.8270331e-02],[9.9998480e-01 1.5223259e-05],"[3.42978092e-06 4.76965652e-04 2.44460069e-02 8.04280519e-01
 1.68864250e-01 1.92365958e-03 5.04231639e-06 1.09924606e-07
 1.66872383e-09]"
D:\Uni\Ulm\Master\Hiwi-Forschung-und-Lehre\FairFace\detected_faces\1067439_face0.jpg,White,White,Male,20-29,"[8.3531141e-01 2.5190188e-06 4.4815913e-03 1.8595356e-05 4.0942359e-05
 4.9273785e-05 1.6009571e-01]",[9.9933356e-01 3.4009900e-06 3.9598823e-04 2.6706306e-04],[9.9999875e-01 1.2529425e-06],"[1.05803174e-07 3.76950593e-05 6.81163073e-02 8.24557841e-01
 1.02165617e-01 5.10140043e-03 2.07504017e-05 2.52744115e-07
 2.39258191e-09]"
D:\Uni\Ulm\Master\Hiwi-Forschung-und-Lehre\FairFace\detected_faces\1067485_face0.jpg,White,White,Male,20-29,"[6.7355031e-01 6.3213165e-04 3.7021443e-02 4.8342445e-05 8.7227367e-05
 5.4118416e-04 2.8811938e-01]",[9.7629946e-01 1.9010955e-02 3.3702768e-04 4.3526082e-03],[9.9999964e-01 3.2386015e-07],"[2.3211597e-07 2.9563800e-05 2.2777211e-02 8.9862847e-01 7.7507794e-02
 1.0509444e-03 5.6573394e-06 8.1225892e-08 8.6399465e-10]"
D:\Uni\Ulm\Master\Hiwi-Forschung-und-Lehre\FairFace\detected_faces\1067582_face0.jpg,Black,Black,Male,30-39,"[1.3291389e-05 9.9876392e-01 3.7840829e-04 6.3883817e-07 4.7511630e-06
 8.0830342e-04 3.0737290e-05]",[5.5373745e-05 9.9796587e-01 5.3793419e-04 1.4407880e-03],[9.9992836e-01 7.1652074e-05],"[2.1503025e-07 1.2042558e-06 5.9829891e-04 1.9829749e-01 5.8628452e-01
 2.0430708e-01 1.0400644e-02 1.0867377e-04 1.8977487e-06]"
D:\Uni\Ulm\Master\Hiwi-Forschung-und-Lehre\FairFace\detected_faces\1067639_face0.jpg,Black,Black,Male,20-29,"[2.4570951e-03 8.5406679e-01 1.0757299e-01 1.1653757e-05 3.6586419e-04
 3.1330578e-02 4.1952338e-03]",[2.8371238e-04 9.7775340e-01 1.4273565e-04 2.1820109e-02],[9.999913e-01 8.714433e-06],"[1.5501536e-08 8.4707672e-06 6.1090499e-02 8.8932920e-01 4.8821144e-02
 7.4534374e-04 5.3051413e-06 5.8466547e-08 1.3645496e-09]"
D:\Uni\Ulm\Master\Hiwi-Forschung-und-Lehre\FairFace\detected_faces\1067648_face0.jpg,White,White,Male,20-29,"[5.4668868e-01 1.9302001e-03 4.1882750e-01 2.4076709e-05 1.3349864e-04
 6.0575791e-03 2.6338505e-02]",[9.8976654e-01 5.3878413e-03 3.0955375e-04 4.5361067e-03],[1.0000000e+00 1.9817508e-08],"[1.4703058e-07 3.2104754e-06 2.8843347e-03 4.8281947e-01 4.8165479e-01
 3.2169521e-02 4.6437600e-04 4.1382950e-06 2.0779680e-08]"
D:\Uni\Ulm\Master\Hiwi-Forschung-und-Lehre\FairFace\detected_faces\1067716_face0.jpg,White,White,Male,10-19,"[4.7939241e-01 4.3171094e-04 2.8228298e-01 8.3835021e-04 2.7686215e-03
 1.7366159e-03 2.3254940e-01]",[0.90457225 0.02311906 0.06419832 0.00811031],[1.000000e+00 3.303077e-08],"[4.9971084e-07 5.5504561e-04 5.0385028e-01 4.7546840e-01 1.9748017e-02
 3.7456478e-04 3.0734031e-06 1.2881138e-07 1.1327934e-09]"
D:\Uni\Ulm\Master\Hiwi-Forschung-und-Lehre\FairFace\detected_faces\1067801_face0.jpg,Black,Black,Male,10-19,"[2.6564778e-06 9.9954724e-01 5.4073545e-05 1.4408254e-06 1.5883459e-05
 3.7074104e-04 7.9680976e-06]",[8.6334904e-07 9.9998528e-01 5.4172483e-06 8.5060310e-06],[0.9970767 0.0029233],"[2.9362574e-05 1.4124675e-01 7.7907884e-01 7.3452450e-02 5.6515555e-03
 5.2811013e-04 1.2362633e-05 5.5211768e-07 6.4404873e-08]"
D:\Uni\Ulm\Master\Hiwi-Forschung-und-Lehre\FairFace\detected_faces\1068045_face0.jpg,Middle Eastern,White,Male,20-29,"[2.6377445e-01 1.9772831e-05 9.7540831e-03 1.8660518e-05 4.8505859e-05
 1.9629918e-04 7.2618824e-01]",[9.96543705e-01 2.44255830e-03 1.20926175e-04 8.92725657e-04],[9.9999988e-01 1.3122583e-07],"[7.9796791e-09 6.9852642e-05 3.6549115e-01 6.3295829e-01 1.4785813e-03
 2.1575083e-06 2.3480069e-09 8.6372284e-11 1.0323822e-12]"
D:\Uni\Ulm\Master\Hiwi-Forschung-und-Lehre\FairFace\detected_faces\1068047_face0.jpg,Middle Eastern,White,Male,10-19,"[1.7419341e-01 4.2407552e-04 2.9358163e-01 1.7544274e-04 1.2860822e-03
 1.8363100e-03 5.2850306e-01]",[0.93654    0.00497158 0.03316174 0.02532664],[9.999794e-01 2.065515e-05],"[2.7948435e-08 7.8488461e-04 8.7178701e-01 1.2660344e-01 8.1783306e-04
 6.8555878e-06 2.0380485e-08 1.2543538e-09 1.7558562e-11]"
D:\Uni\Ulm\Master\Hiwi-Forschung-und-Lehre\FairFace\detected_faces\1068049_face0.jpg,White,White,Male,20-29,"[8.1757879e-01 2.7337973e-04 2.5263593e-02 1.9186018e-05 7.5490781e-05
 1.2578596e-03 1.5553163e-01]",[9.9386895e-01 2.5264199e-03 3.6774582e-05 3.5678865e-03],[9.9999988e-01 1.3341624e-07],"[1.1406980e-07 4.5486744e-05 3.6349926e-02 8.6276174e-01 9.9678382e-02
 1.1611657e-03 3.2087612e-06 9.2331007e-08 1.2381249e-09]"
D:\Uni\Ulm\Master\Hiwi-Forschung-und-Lehre\FairFace\detected_faces\1068068_face0.jpg,Middle Eastern,White,Male,20-29,"[4.0230790e-01 3.3168381e-04 8.5392341e-02 2.5517938e-06 1.3997206e-05
 9.0029452e-04 5.1105118e-01]",[9.1451180e-01 7.3694438e-02 5.2440388e-04 1.1269295e-02],[9.9999940e-01 5.2367636e-07],"[4.3410764e-09 4.8032757e-07 3.3260239e-03 8.9649087e-01 9.9627160e-02
 5.5430294e-04 1.0605687e-06 1.0722985e-08 1.3623265e-10]"
D:\Uni\Ulm\Master\Hiwi-Forschung-und-Lehre\FairFace\detected_faces\1068070_face0.jpg,Latino_Hispanic,White,Male,20-29,"[6.8037145e-02 5.8456860e-04 5.2611965e-01 9.2933624e-05 4.8496661e-04
 2.6328801e-03 4.0204790e-01]",[0.9492333  0.01563737 0.00634613 0.02878324],[9.9999839e-01 1.5511225e-06],"[1.3530487e-07 1.2660312e-04 1.0918499e-01 8.3994293e-01 5.0389104e-02
 3.5536449e-04 8.1406904e-07 1.7265409e-08 1.5390818e-10]"
D:\Uni\Ulm\Master\Hiwi-Forschung-und-Lehre\FairFace\detected_faces\1068243_face0.jpg,Middle Eastern,White,Male,20-29,"[1.8586428e-01 1.0698362e-03 7.2843038e-02 3.2754171e-05 1.3527265e-04
 3.6632547e-03 7.3639154e-01]",[9.8791838e-01 6.4985487e-03 4.2899678e-04 5.1541356e-03],[9.9999970e-01 2.3772206e-07],"[7.33563297e-07 4.94215579e-04 2.80380156e-02 8.28965425e-01
 1.39752850e-01 2.73836940e-03 1.02389195e-05 1.52098849e-07
 2.41959075e-09]"
D:\Uni\Ulm\Master\Hiwi-Forschung-und-Lehre\FairFace\detected_faces\1068248_face0.jpg,Middle Eastern,White,Male,20-29,"[4.2853110e-02 1.4690455e-04 3.0635122e-02 5.1004108e-06 3.0277886e-05
 1.5382972e-04 9.2617565e-01]",[0.9830079  0.01469089 0.00131106 0.00099019],[9.9999970e-01 2.7596823e-07],"[3.7174448e-08 3.6304908e-05 6.1236151e-02 9.1669059e-01 2.1941580e-02
 9.5156291e-05 1.1590120e-07 2.1106923e-09 1.9569268e-11]"
D:\Uni\Ulm\Master\Hiwi-Forschung-und-Lehre\FairFace\detected_faces\1068255_face0.jpg,Black,Black,Male,10-19,"[5.4986402e-04 9.8201734e-01 1.4144727e-02 8.5099855e-06 2.5754518e-04
 1.9373805e-03 1.0844902e-03]",[6.9929287e-05 9.9762923e-01 1.3902466e-04 2.1618602e-03],[9.9999738e-01 2.6362225e-06],"[4.2321292e-07 1.9473280e-03 6.8376958e-01 3.0679032e-01 7.3185642e-03
 1.7118957e-04 2.4513231e-06 1.0970302e-07 4.0441490e-09]"
D:\Uni\Ulm\Master\Hiwi-Forschung-und-Lehre\FairFace\detected_faces\1068323_face0.jpg,White,White,Male,10-19,"[9.3444687e-01 1.7624579e-05 6.5972987e-03 3.4839224e-05 8.3786654e-05
 1.1745939e-03 5.7644870e-02]",[9.9439979e-01 1.0168661e-04 1.1250438e-03 4.3734708e-03],[9.999468e-01 5.319644e-05],"[6.6282803e-07 2.3554799e-03 6.4435601e-01 3.3893946e-01 1.3162890e-02
 1.1743266e-03 1.0939709e-05 2.4165428e-07 9.8735464e-09]"
D:\Uni\Ulm\Master\Hiwi-Forschung-und-Lehre\FairFace\detected_faces\1068343_face0.jpg,White,White,Male,20-29,"[6.96907043e-01 2.07463512e-03 1.15409754e-01 5.50413315e-05
 1.80890187e-04 7.52991938e-04 1.84619725e-01]",[9.7823548e-01 1.4745305e-02 2.7323936e-04 6.7459592e-03],[9.999999e-01 8.515384e-08],"[2.2775470e-08 1.6740589e-05 1.6756469e-02 9.3753135e-01 4.5484435e-02
 2.1057740e-04 3.6060129e-07 3.4163317e-09 4.2057521e-11]"
D:\Uni\Ulm\Master\Hiwi-Forschung-und-Lehre\FairFace\detected_faces\1068355_face0.jpg,White,White,Male,20-29,"[7.5470722e-01 1.6797656e-05 8.5653178e-03 6.6475568e-06 2.6391515e-05
 5.0806580e-03 2.3159698e-01]",[8.8016653e-01 1.3673096e-04 2.5750996e-04 1.1943917e-01],[9.9999076e-01 9.2552964e-06],"[1.7531598e-06 7.8991259e-04 8.3400853e-02 8.1085950e-01 1.0138442e-01
 3.5499765e-03 1.3426057e-05 1.5592251e-07 3.9793728e-09]"
D:\Uni\Ulm\Master\Hiwi-Forschung-und-Lehre\FairFace\detected_faces\1068357_face0.jpg,Middle Eastern,White,Male,20-29,"[2.4518685e-01 4.8130978e-04 1.2039024e-01 2.6581994e-05 1.4062464e-04
 1.8387949e-03 6.3193560e-01]",[9.8420799e-01 7.6982711e-04 1.8673561e-03 1.3154763e-02],[9.9999875e-01 1.2249621e-06],"[2.7958587e-08 6.4371896e-05 2.6608714e-01 7.2526962e-01 8.5130222e-03
 6.5557855e-05 2.3382530e-07 5.8972836e-09 7.2229334e-11]"
D:\Uni\Ulm\Master\Hiwi-Forschung-und-Lehre\FairFace\detected_faces\1068358_face0.jpg,White,White,Male,10-19,"[8.7817264e-01 7.6842945e-05 9.6434876e-02 8.9101166e-05 2.0075137e-04
 8.6828618e-04 2.4157519e-02]",[9.9376386e-01 4.1043264e-04 2.7659908e-03 3.0597073e-03],[9.995917e-01 4.083120e-04],"[2.96960138e-07 6.32430194e-04 7.08474100e-01 2.82402873e-01
 8.06217734e-03 4.23248654e-04 4.84718657e-06 1.14486795e-07
 6.65184796e-09]"
D:\Uni\Ulm\Master\Hiwi-Forschung-und-Lehre\FairFace\detected_faces\1068575_face0.jpg,White,White,Male,10-19,"[9.9999779e-01 1.2835913e-09 2.0261312e-07 3.1946112e-07 2.7675546e-07
 1.3200213e-09 1.3470410e-06]",[9.9997044e-01 7.8451450e-07 2.8776669e-05 8.9224457e-08],[9.9997288e-01 2.7131136e-05],"[1.2836488e-05 1.8343324e-02 8.8036394e-01 8.2036451e-02 1.5077169e-02
 4.0395330e-03 1.2250486e-04 4.0988184e-06 2.0486861e-07]"
D:\Uni\Ulm\Master\Hiwi-Forschung-und-Lehre\FairFace\detected_faces\1068577_face0.jpg,White,White,Male,10-19,"[9.4767058e-01 8.8077959e-06 4.6659340e-03 7.1941926e-05 6.4054970e-05
 6.2939325e-05 4.7455695e-02]",[9.9967796e-01 4.4453915e-05 1.7794322e-04 9.9649638e-05],[9.9999779e-01 2.1870594e-06],"[6.7397976e-09 1.4425567e-04 9.0196478e-01 9.7660452e-02 2.2809747e-04
 2.3661430e-06 1.0527449e-08 4.0170217e-10 7.1538326e-12]"
D:\Uni\Ulm\Master\Hiwi-Forschung-und-Lehre\FairFace\detected_faces\1068581_face0.jpg,White,White,Male,10-19,"[9.8941267e-01 9.2091642e-07 5.1730743e-04 1.1702392e-04 6.4932232e-05
 3.5185847e-06 9.8836431e-03]",[9.9730146e-01 9.2133760e-06 2.6509683e-03 3.8319671e-05],[9.9995363e-01 4.6327914e-05],"[3.3286113e-08 1.3576230e-04 5.9499466e-01 4.0115803e-01 3.6600323e-03
 5.1178646e-05 2.1806503e-07 5.7250440e-09 1.1589274e-10]"
D:\Uni\Ulm\Master\Hiwi-Forschung-und-Lehre\FairFace\detected_faces\1068591_face0.jpg,White,White,Male,20-29,"[8.4036982e-01 5.2865627e-05 4.4606127e-02 4.4386372e-05 8.4237618e-05
 1.2388472e-04 1.1471875e-01]",[9.9899876e-01 2.1670679e-04 3.6114780e-04 4.2335389e-04],[9.9999887e-01 1.1632510e-06],"[7.8138396e-07 1.5721957e-03 4.0084261e-01 5.5060089e-01 4.6187479e-02
 7.9287525e-04 3.0675844e-06 5.1991197e-08 1.2524459e-09]"
D:\Uni\Ulm\Master\Hiwi-Forschung-und-Lehre\FairFace\detected_faces\1068629_face0.jpg,White,White,Male,10-19,"[9.3102676e-01 3.7195616e-06 9.5713447e-04 3.7539307e-06 1.4383482e-05
 3.4582656e-05 6.7959614e-02]",[9.9863178e-01 4.9854032e-05 9.0865615e-05 1.2275312e-03],[9.9999714e-01 2.8690436e-06],"[2.2109802e-08 1.2890009e-03 9.7728425e-01 2.1362344e-02 6.2928244e-05
 1.4485983e-06 4.4766244e-09 2.5420643e-10 7.0449306e-12]"
D:\Uni\Ulm\Master\Hiwi-Forschung-und-Lehre\FairFace\detected_faces\1068632_face0.jpg,White,White,Male,10-19,"[9.2658401e-01 6.1157539e-07 7.2128600e-03 2.6861989e-04 1.5368250e-04
 2.2084260e-04 6.5559335e-02]",[9.99823987e-01 1.83220379e-06 6.74706462e-05 1.06713574e-04],[9.9976522e-01 2.3478802e-04],"[8.9167943e-06 5.7037540e-02 9.3187845e-01 1.0326041e-02 6.9821131e-04
 5.0405495e-05 3.9287289e-07 1.5782559e-08 4.6322138e-10]"
D:\Uni\Ulm\Master\Hiwi-Forschung-und-Lehre\FairFace\detected_faces\1068666_face0.jpg,Middle Eastern,White,Male,10-19,"[1.3158382e-01 2.6629245e-05 3.4388479e-02 6.0511866e-06 4.0640778e-05
 1.9288666e-03 8.3202553e-01]",[9.9571490e-01 1.0186024e-03 1.5660738e-04 3.1098742e-03],[9.999998e-01 2.047630e-07],"[1.7306835e-08 7.1531557e-04 8.5735631e-01 1.4151143e-01 4.1466969e-04
 2.2123486e-06 2.2624553e-09 5.9916780e-11 7.8778715e-13]"
D:\Uni\Ulm\Master\Hiwi-Forschung-und-Lehre\FairFace\detected_faces\1068684_face0.jpg,White,White,Male,10-19,"[9.5673877e-01 5.9889077e-05 1.8718414e-02 6.8914385e-05 8.6006155e-05
 4.7971866e-05 2.4280114e-02]",[9.9218005e-01 4.2691152e-03 2.6443710e-03 9.0644229e-04],[9.9999791e-01 2.0835164e-06],"[2.7842665e-08 3.1624213e-04 6.5942705e-01 3.3875981e-01 1.4839607e-03
 1.2817650e-05 3.8491603e-08 1.0155093e-09 1.9475043e-11]"
D:\Uni\Ulm\Master\Hiwi-Forschung-und-Lehre\FairFace\detected_faces\1068690_face0.jpg,White,White,Male,20-29,"[9.9978787e-01 1.3839647e-07 1.2889118e-05 1.7459615e-06 1.1648087e-06
 6.8382695e-07 1.9552273e-04]",[9.9998713e-01 2.7096046e-06 3.8709636e-06 6.2622062e-06],[9.9999970e-01 2.3732179e-07],"[4.3815498e-07 7.5758508e-05 7.2248201e-03 8.8704580e-01 1.0540901e-01
 2.4390123e-04 3.3447773e-07 3.1964615e-09 9.7327299e-11]"
D:\Uni\Ulm\Master\Hiwi-Forschung-und-Lehre\FairFace\detected_faces\1068706_face0.jpg,White,White,Male,10-19,"[4.8238334e-01 2.7747167e-04 7.9358578e-02 4.5400015e-05 1.3876746e-04
 7.4593060e-02 3.6320335e-01]",[0.82074463 0.00707216 0.00096611 0.17121708],[0.99714696 0.00285306],"[5.8451762e-05 9.3035147e-02 7.4640805e-01 1.5676442e-01 3.5996540e-03
 1.3329191e-04 8.8910701e-07 7.4422502e-08 5.1446083e-09]"
D:\Uni\Ulm\Master\Hiwi-Forschung-und-Lehre\FairFace\detected_faces\1068706_face1.jpg,White,White,Male,20-29,"[0.40386426 0.09074737 0.15490027 0.00988342 0.0104936  0.07603857
 0.2540725 ]",[0.9364135  0.00360538 0.00160615 0.05837502],[0.9036721 0.0963279],"[0.00376887 0.15628996 0.22850648 0.3551172  0.15748228 0.07932685
 0.01500787 0.00395136 0.00054911]"
D:\Uni\Ulm\Master\Hiwi-Forschung-und-Lehre\FairFace\detected_faces\1068707_face0.jpg,White,White,Male,20-29,"[8.51527095e-01 3.42182902e-04 1.07455075e-01 1.24220212e-04
 2.24986128e-04 4.70313273e-04 3.98560986e-02]",[9.9920303e-01 8.4445710e-05 2.0013250e-04 5.1241665e-04],[9.9998212e-01 1.7831324e-05],"[1.8777085e-07 1.2642343e-05 2.2637496e-02 9.0526545e-01 7.1674667e-02
 4.0825352e-04 1.2648836e-06 3.9859561e-08 6.9112349e-10]"
D:\Uni\Ulm\Master\Hiwi-Forschung-und-Lehre\FairFace\detected_faces\1068715_face0.jpg,White,White,Male,20-29,"[9.5501906e-01 2.4393390e-04 8.4086424e-03 2.0292931e-05 4.3999680e-05
 1.6254733e-05 3.6247894e-02]",[9.8957324e-01 9.9538518e-03 1.2565596e-04 3.4719973e-04],[9.999991e-01 9.389584e-07],"[1.5215043e-07 6.6345069e-06 1.2994116e-02 8.4609544e-01 1.3746645e-01
 3.3948799e-03 4.1283314e-05 1.0782884e-06 1.4169954e-08]"
D:\Uni\Ulm\Master\Hiwi-Forschung-und-Lehre\FairFace\detected_faces\1068801_face0.jpg,Black,Black,Male,20-29,"[4.1150808e-05 8.0973679e-01 1.4875684e-03 3.6574576e-05 5.9020467e-04
 1.8788143e-01 2.2635596e-04]",[3.2199224e-04 7.3372912e-01 5.9399563e-03 2.6000890e-01],[0.7643961  0.23560394],"[1.1387235e-04 6.4241635e-03 1.5986745e-01 6.6298026e-01 1.5450796e-01
 1.5510618e-02 5.5697485e-04 3.6365487e-05 2.3457712e-06]"
D:\Uni\Ulm\Master\Hiwi-Forschung-und-Lehre\FairFace\detected_faces\1068853_face0.jpg,Latino_Hispanic,White,Male,20-29,"[2.6128793e-01 1.0343332e-02 3.7266412e-01 2.5105709e-04 5.0188985e-04
 8.9405486e-03 3.4601116e-01]",[0.8086037  0.15966158 0.00208155 0.0296532 ],[9.999544e-01 4.561705e-05],"[1.9969777e-06 6.5468083e-04 2.8964033e-02 8.9903057e-01 7.0939280e-02
 4.0793384e-04 1.3974296e-06 6.8765488e-08 1.9971642e-09]"
D:\Uni\Ulm\Master\Hiwi-Forschung-und-Lehre\FairFace\detected_faces\1068885_face0.jpg,Latino_Hispanic,Black,Male,20-29,"[0.02703998 0.14304589 0.59311026 0.00061327 0.00785935 0.07302667
 0.1553047 ]",[0.00820518 0.79468817 0.00333605 0.19377063],[9.9998182e-01 1.8143975e-05],"[1.4553194e-07 3.2338743e-05 4.1175537e-02 9.1370547e-01 4.4779211e-02
 3.0634282e-04 9.7062252e-07 2.3430863e-08 5.1107757e-10]"
D:\Uni\Ulm\Master\Hiwi-Forschung-und-Lehre\FairFace\detected_faces\1068891_face0.jpg,Middle Eastern,White,Male,20-29,"[2.3888361e-02 6.1604114e-05 5.8356035e-03 2.2084450e-05 4.7069014e-05
 5.4625253e-04 9.6959901e-01]",[9.9453717e-01 3.7693894e-03 1.1199641e-04 1.5814238e-03],[9.999203e-01 7.972320e-05],"[3.5610353e-06 3.2524971e-04 3.3364587e-02 8.4101623e-01 1.2335246e-01
 1.9271962e-03 1.0321044e-05 3.2531472e-07 1.0190017e-08]"
D:\Uni\Ulm\Master\Hiwi-Forschung-und-Lehre\FairFace\detected_faces\1068976_face0.jpg,Middle Eastern,White,Male,20-29,"[2.9233396e-01 3.3903067e-05 3.5920989e-02 2.9058698e-05 1.1460761e-04
 2.7289188e-03 6.6883856e-01]",[9.9007285e-01 3.2210434e-04 5.1340414e-04 9.0915980e-03],[9.9999988e-01 1.2851784e-07],"[4.08854284e-08 1.71691339e-04 4.38937813e-01 5.56518316e-01
 4.35260450e-03 1.95842240e-05 2.19590071e-08 8.33186520e-10
 1.10817735e-11]"
D:\Uni\Ulm\Master\Hiwi-Forschung-und-Lehre\FairFace\detected_faces\1068982_face0.jpg,White,White,Male,10-19,"[8.8335699e-01 3.4435354e-05 1.8581409e-02 2.2343376e-05 8.2503648e-05
 2.5495247e-04 9.7667426e-02]",[9.9983943e-01 4.5729186e-05 3.0292771e-05 8.4528183e-05],[9.9999982e-01 1.8569929e-07],"[4.0032431e-09 4.9772010e-05 4.9864149e-01 4.9804908e-01 3.2321971e-03
 2.7346947e-05 7.0048934e-08 2.2015076e-09 2.8234722e-11]"
D:\Uni\Ulm\Master\Hiwi-Forschung-und-Lehre\FairFace\detected_faces\1068987_face0.jpg,Latino_Hispanic,White,Male,20-29,"[1.2116062e-01 5.8295419e-03 5.9657776e-01 5.9587095e-04 1.4146070e-03
 4.4027399e-02 2.3039430e-01]",[0.70880425 0.03595518 0.00654053 0.24870001],[9.999943e-01 5.723915e-06],"[2.8862900e-07 4.1370626e-05 9.6900593e-03 7.1265614e-01 2.6242808e-01
 1.5022268e-02 1.5984736e-04 1.9692450e-06 2.3440375e-08]"
D:\Uni\Ulm\Master\Hiwi-Forschung-und-Lehre\FairFace\detected_faces\1068991_face0.jpg,Middle Eastern,White,Male,10-19,"[6.5222159e-02 2.5495973e-03 2.6395112e-01 3.6571478e-04 1.4562981e-03
 7.6321536e-03 6.5882289e-01]",[0.56853235 0.24839406 0.04097345 0.14210013],[9.9999964e-01 3.7324526e-07],"[8.0756581e-07 2.3809781e-03 7.1755755e-01 2.6873913e-01 1.0896279e-02
 4.2031804e-04 4.6948094e-06 2.3097266e-07 3.9525148e-09]"
D:\Uni\Ulm\Master\Hiwi-Forschung-und-Lehre\FairFace\detected_faces\1069011_face0.jpg,White,White,Male,20-29,"[9.8159456e-01 2.9099476e-05 8.9896712e-03 4.1089324e-06 1.6309148e-05
 1.7375579e-04 9.1925683e-03]",[9.9616390e-01 2.2227388e-04 1.3448774e-04 3.4793925e-03],[9.9999881e-01 1.1728324e-06],"[8.1248439e-09 2.6940819e-05 1.6892229e-01 8.1702816e-01 1.3850008e-02
 1.7186192e-04 6.9752275e-07 9.9225508e-09 1.3184086e-10]"
D:\Uni\Ulm\Master\Hiwi-Forschung-und-Lehre\FairFace\detected_faces\1069015_face0.jpg,Middle Eastern,White,Male,20-29,"[1.3787162e-01 4.3596662e-04 1.0387402e-01 3.1549389e-05 1.7320011e-04
 4.7396161e-03 7.5287408e-01]",[0.845984   0.02568802 0.00123586 0.12709214],[9.9999964e-01 3.7942530e-07],"[4.1373298e-07 7.9733691e-05 2.6948629e-02 8.9363825e-01 7.8562066e-02
 7.6798245e-04 2.8493680e-06 9.0875886e-08 1.1483778e-09]"
D:\Uni\Ulm\Master\Hiwi-Forschung-und-Lehre\FairFace\detected_faces\1069028_face0.jpg,White,White,Male,20-29,"[8.5785437e-01 5.8331829e-05 9.2473570e-03 3.3485401e-05 5.1827701e-05
 1.7209911e-04 1.3258253e-01]",[9.9855602e-01 1.0834485e-03 6.1289822e-05 2.9924410e-04],[9.9993169e-01 6.8251895e-05],"[5.2545410e-08 8.0273523e-05 1.2051642e-01 8.6496818e-01 1.4346598e-02
 8.8251974e-05 2.0597173e-07 2.8998339e-09 1.0353900e-10]"
D:\Uni\Ulm\Master\Hiwi-Forschung-und-Lehre\FairFace\detected_faces\1069034_face0.jpg,White,White,Male,20-29,"[9.9623638e-01 1.6305617e-06 4.5375398e-04 2.0269745e-06 2.8172742e-06
 1.0804197e-06 3.3023090e-03]",[9.9989522e-01 3.1025782e-05 3.0013307e-05 4.3754757e-05],[9.999957e-01 4.308279e-06],"[4.0862194e-08 1.2987787e-05 3.8350590e-02 9.0906435e-01 5.1726695e-02
 8.4147666e-04 3.7734949e-06 6.5383091e-08 1.0620953e-09]"
D:\Uni\Ulm\Master\Hiwi-Forschung-und-Lehre\FairFace\detected_faces\1069101_face0.jpg,White,White,Male,20-29,"[9.60720003e-01 1.04137594e-04 2.33466141e-02 2.05559099e-05
 7.70812476e-05 1.06802280e-03 1.46636581e-02]",[9.9308163e-01 1.8067958e-03 2.0457106e-04 4.9070097e-03],[9.9999988e-01 7.7345355e-08],"[3.1103801e-07 4.4282459e-04 1.4712068e-01 7.6492047e-01 8.5976869e-02
 1.5334961e-03 5.2731407e-06 7.5255912e-08 8.7235213e-10]"
D:\Uni\Ulm\Master\Hiwi-Forschung-und-Lehre\FairFace\detected_faces\1069112_face0.jpg,White,White,Male,20-29,"[8.3975434e-01 2.8455156e-06 8.2866615e-04 2.2250499e-06 2.9703622e-06
 7.6085998e-05 1.5933284e-01]",[9.9978393e-01 5.0146227e-06 1.0663890e-05 2.0042011e-04],[9.9999976e-01 2.6636965e-07],"[6.7199942e-08 5.9902515e-05 7.3131576e-02 9.1467839e-01 1.2078133e-02
 5.1841947e-05 8.8012456e-08 3.7461638e-09 4.7139306e-11]"
D:\Uni\Ulm\Master\Hiwi-Forschung-und-Lehre\FairFace\detected_faces\1069125_face0.jpg,White,White,Male,20-29,"[8.1241739e-01 2.8564918e-04 5.2651558e-02 1.4859005e-05 2.5422616e-05
 5.0695297e-05 1.3455440e-01]",[9.9519396e-01 4.4395989e-03 1.5015333e-04 2.1630482e-04],[9.9999857e-01 1.4536251e-06],"[2.7853403e-07 1.1377225e-04 2.2655481e-01 7.4303836e-01 2.9690163e-02
 5.9978804e-04 2.7666151e-06 4.0785832e-08 4.5833562e-10]"
D:\Uni\Ulm\Master\Hiwi-Forschung-und-Lehre\FairFace\detected_faces\1069244_face0.jpg,Black,Black,Male,10-19,"[5.8538433e-07 9.9997389e-01 8.0397322e-06 5.6372619e-07 1.0144107e-05
 6.5827553e-06 1.6992526e-07]",[2.9001217e-07 9.9998039e-01 1.6503140e-05 2.8535801e-06],[9.9938226e-01 6.1778858e-04],"[8.7028559e-07 7.0910673e-03 7.8980857e-01 1.9936433e-01 3.5909964e-03
 1.4270267e-04 1.3948301e-06 6.3542338e-08 9.8304804e-09]"
D:\Uni\Ulm\Master\Hiwi-Forschung-und-Lehre\FairFace\detected_faces\1069436_face0.jpg,Middle Eastern,White,Male,20-29,"[5.5168509e-02 1.6258325e-03 4.9962975e-02 2.0356327e-05 8.2698243e-05
 1.6266250e-04 8.9297700e-01]",[0.8487492  0.13695668 0.00655468 0.00773938],[9.9999732e-01 2.6753821e-06],"[1.4691847e-07 3.5379711e-05 5.2567545e-02 7.9326981e-01 1.4759636e-01
 6.4730160e-03 5.6536723e-05 1.1174534e-06 1.9787157e-08]"
D:\Uni\Ulm\Master\Hiwi-Forschung-und-Lehre\FairFace\detected_faces\1069488_face0.jpg,Black,Black,Male,30-39,"[6.7346178e-08 9.9999666e-01 7.2591314e-07 6.4504424e-10 1.3475788e-08
 2.5864765e-06 2.1077623e-08]",[1.7937033e-07 9.9999702e-01 4.2538329e-07 2.3599375e-06],[0.9900115  0.00998849],"[2.8545593e-09 8.9335026e-07 2.5851054e-03 4.6998280e-01 5.0669581e-01
 2.0508585e-02 2.2597713e-04 8.2232606e-07 1.7599309e-08]"
D:\Uni\Ulm\Master\Hiwi-Forschung-und-Lehre\FairFace\detected_faces\1069547_face0.jpg,White,White,Male,20-29,"[4.9726802e-01 2.9857254e-05 1.4434858e-02 7.6880810e-05 1.4198593e-04
 1.4764793e-03 4.8657197e-01]",[9.9315703e-01 8.5766500e-05 1.2461679e-03 5.5109141e-03],[1.0000000e+00 1.9886457e-08],"[8.5321325e-08 2.1846447e-04 3.9809075e-01 5.9600490e-01 5.6470139e-03
 3.8756407e-05 8.2105629e-08 4.0345141e-09 4.2955493e-11]"
D:\Uni\Ulm\Master\Hiwi-Forschung-und-Lehre\FairFace\detected_faces\1069548_face0.jpg,White,White,Male,20-29,"[0.48487997 0.00090101 0.34558424 0.00329911 0.0088664  0.01448648
 0.14198287]",[9.2403680e-01 3.5682038e-04 1.5032450e-02 6.0573924e-02],[9.99894679e-01 1.05283296e-04],"[1.6638287e-08 4.6161704e-06 4.2488731e-02 9.0438050e-01 5.2747667e-02
 3.7692196e-04 1.4974227e-06 4.4715733e-08 9.5639774e-10]"
D:\Uni\Ulm\Master\Hiwi-Forschung-und-Lehre\FairFace\detected_faces\1069554_face0.jpg,Latino_Hispanic,White,Male,20-29,"[0.35701188 0.0005194  0.4453707  0.00381685 0.01078233 0.00944371
 0.17305516]",[0.8440831  0.00473289 0.08642577 0.06475825],[9.9999994e-01 7.4211997e-08],"[3.8874880e-08 5.3671825e-05 1.2979637e-01 8.4737939e-01 2.2666076e-02
 1.0425757e-04 2.1684734e-07 5.7444551e-09 5.2691112e-11]"
D:\Uni\Ulm\Master\Hiwi-Forschung-und-Lehre\FairFace\detected_faces\1069557_face0.jpg,White,White,Male,20-29,"[7.0407736e-01 2.7955955e-04 5.1426556e-02 1.8024226e-05 6.2435793e-05
 7.7436296e-03 2.3639247e-01]",[9.7118515e-01 2.3796505e-04 2.1867653e-04 2.8358219e-02],[9.994014e-01 5.986218e-04],"[1.0205852e-06 6.0194343e-05 1.1127692e-02 8.0389857e-01 1.8333052e-01
 1.5752218e-03 6.6352150e-06 1.6970897e-07 6.7380554e-09]"
D:\Uni\Ulm\Master\Hiwi-Forschung-und-Lehre\FairFace\detected_faces\1069558_face0.jpg,Middle Eastern,White,Male,20-29,"[3.3270162e-02 3.8563227e-05 1.3962761e-02 1.1156720e-04 2.2549908e-04
 1.1791109e-02 9.4060034e-01]",[9.6148032e-01 6.6620827e-04 2.2429614e-03 3.5610501e-02],[0.9965166  0.00348342],"[1.4231026e-05 4.7705520e-04 1.3329975e-02 5.5751967e-01 4.1479063e-01
 1.3805954e-02 6.0917315e-05 1.4799872e-06 7.8574516e-08]"
D:\Uni\Ulm\Master\Hiwi-Forschung-und-Lehre\FairFace\detected_faces\1069560_face0.jpg,White,White,Male,10-19,"[9.2593676e-01 7.1936223e-04 4.0001187e-02 7.9393955e-03 5.9969085e-03
 4.6401267e-04 1.8942302e-02]",[0.654821   0.01643897 0.30652577 0.02221434],[9.999965e-01 3.526645e-06],"[2.3764146e-08 5.5718825e-05 5.2541178e-01 4.7094283e-01 3.5780554e-03
 1.1596381e-05 4.1746492e-08 1.3010140e-09 2.6474220e-11]"
D:\Uni\Ulm\Master\Hiwi-Forschung-und-Lehre\FairFace\detected_faces\1069563_face0.jpg,White,White,Male,20-29,"[6.1522865e-01 1.0169965e-04 7.0365239e-03 1.2573241e-01 7.0006684e-03
 1.7443068e-04 2.4472575e-01]",[8.98512721e-01 1.10871762e-04 1.00424245e-01 9.52149159e-04],[0.9543052  0.04569485],"[4.2060023e-04 3.2523435e-03 1.2482823e-01 3.6687025e-01 3.0667281e-01
 1.7147443e-01 2.2343334e-02 3.9245198e-03 2.1352968e-04]"
D:\Uni\Ulm\Master\Hiwi-Forschung-und-Lehre\FairFace\detected_faces\1069627_face0.jpg,Black,Black,Male,20-29,"[7.4200648e-06 9.9977702e-01 1.5843743e-04 3.1991775e-07 7.4343293e-06
 4.2465563e-05 6.7303249e-06]",[4.6099854e-06 9.9983847e-01 2.6972826e-05 1.2992020e-04],[9.9998957e-01 1.0469888e-05],"[2.5832199e-07 1.3591333e-05 4.3459716e-03 5.7014608e-01 3.8846561e-01
 3.5849605e-02 1.1607648e-03 1.7088574e-05 1.0601063e-06]"
D:\Uni\Ulm\Master\Hiwi-Forschung-und-Lehre\FairFace\detected_faces\1069703_face0.jpg,White,White,Male,20-29,"[9.0170932e-01 8.6140426e-05 4.0443383e-02 9.7625321e-05 1.7239788e-04
 8.9178560e-05 5.7401922e-02]",[9.9748355e-01 2.1820795e-03 9.2668786e-05 2.4171329e-04],[9.9999982e-01 2.0932404e-07],"[3.5164494e-08 4.6122900e-06 5.3057731e-03 9.0732968e-01 8.7012269e-02
 3.4697820e-04 6.0476862e-07 1.0876313e-08 1.2020980e-10]"
D:\Uni\Ulm\Master\Hiwi-Forschung-und-Lehre\FairFace\detected_faces\1069705_face0.jpg,White,White,Male,20-29,"[9.2334992e-01 1.6848267e-05 1.2908317e-03 2.5489322e-05 1.9131987e-05
 3.3452900e-05 7.5264372e-02]",[9.9974847e-01 8.8730039e-06 1.1928960e-05 2.3081560e-04],[9.9998486e-01 1.5108473e-05],"[5.6720910e-06 1.7726092e-03 1.0427424e-01 7.8286213e-01 1.0913340e-01
 1.9450304e-03 6.8267686e-06 1.2232755e-07 3.0830136e-09]"
D:\Uni\Ulm\Master\Hiwi-Forschung-und-Lehre\FairFace\detected_faces\1069713_face0.jpg,White,White,Male,10-19,"[8.0477971e-01 1.3636588e-04 5.3662494e-02 1.0313007e-05 7.4362972e-05
 1.4962818e-03 1.3984051e-01]",[9.9817961e-01 3.6089410e-04 2.1593671e-04 1.2435884e-03],[9.9995416e-01 4.5829634e-05],"[2.3697012e-07 4.5594815e-03 9.3109268e-01 6.3286178e-02 1.0030051e-03
 5.7869885e-05 5.4313091e-07 1.4974988e-08 4.9742266e-10]"
D:\Uni\Ulm\Master\Hiwi-Forschung-und-Lehre\FairFace\detected_faces\1069725_face0.jpg,White,White,Male,20-29,"[9.5306206e-01 6.2085346e-05 1.3693245e-02 2.7127262e-05 5.7893147e-05
 5.1406445e-05 3.3046231e-02]",[9.997826e-01 7.749935e-05 6.125189e-05 7.864988e-05],[9.999146e-01 8.540564e-05],"[9.0874344e-08 9.7952925e-06 2.0700740e-02 8.1837636e-01 1.5498532e-01
 5.8751083e-03 5.1582210e-05 9.8333339e-07 2.1044247e-08]"
D:\Uni\Ulm\Master\Hiwi-Forschung-und-Lehre\FairFace\detected_faces\1082213_face0.jpg,Middle Eastern,White,Male,10-19,"[4.5007929e-01 2.0714221e-04 4.9554773e-02 2.1957525e-04 2.0127260e-04
 1.5383959e-03 4.9819955e-01]",[0.9677946  0.01262244 0.00575699 0.01382599],[9.9999994e-01 1.1161576e-07],"[1.3659420e-05 5.1717181e-03 4.6000001e-01 4.5118135e-01 7.9470500e-02
 4.1057249e-03 5.5643999e-05 1.4077112e-06 1.1364237e-08]"
D:\Uni\Ulm\Master\Hiwi-Forschung-und-Lehre\FairFace\detected_faces\1082215_face0.jpg,White,White,Male,20-29,"[9.2952496e-01 2.7150023e-05 2.0523001e-02 5.1910160e-05 8.0871025e-05
 3.7228554e-05 4.9754936e-02]",[9.9975866e-01 2.7476592e-05 1.5347032e-04 6.0451217e-05],[9.999992e-01 8.118622e-07],"[5.7286609e-08 2.7152235e-05 2.4010127e-02 8.9768702e-01 7.7718966e-02
 5.5584620e-04 8.2454534e-07 8.5475031e-09 9.5810609e-11]"
D:\Uni\Ulm\Master\Hiwi-Forschung-und-Lehre\FairFace\detected_faces\1082406_face0.jpg,White,White,Male,20-29,"[7.2049534e-01 2.6551692e-04 2.3467302e-01 2.7623822e-03 5.1298337e-03
 2.1812809e-04 3.6455862e-02]",[9.952708e-01 9.908272e-04 3.365826e-03 3.725577e-04],[9.9999374e-01 6.1956503e-06],"[2.5985520e-08 1.5103290e-05 6.4719245e-02 8.1668377e-01 1.1679011e-01
 1.7818619e-03 9.8241126e-06 1.0166788e-07 1.0321426e-09]"
D:\Uni\Ulm\Master\Hiwi-Forschung-und-Lehre\FairFace\detected_faces\1082407_face0.jpg,Middle Eastern,White,Male,20-29,"[3.4814650e-01 3.3743017e-05 1.5038276e-02 2.0936075e-07 2.7175079e-06
 5.2064243e-03 6.3157213e-01]",[9.4439882e-01 5.2448444e-04 9.2926501e-05 5.4983795e-02],[1.0000000e+00 4.5189278e-08],"[2.0253037e-08 7.8894103e-05 1.3757050e-01 8.4286332e-01 1.9211847e-02
 2.7478029e-04 6.2760614e-07 1.0674189e-08 1.1087941e-10]"
D:\Uni\Ulm\Master\Hiwi-Forschung-und-Lehre\FairFace\detected_faces\1082466_face0.jpg,Middle Eastern,White,Male,10-19,"[1.0021690e-01 2.1973851e-03 2.3206688e-01 1.7518661e-05 6.5577340e-05
 2.1224132e-02 6.4421171e-01]",[7.3011577e-01 3.0536221e-02 4.9854518e-04 2.3884945e-01],[9.9929500e-01 7.0495525e-04],"[9.6488766e-06 7.8466311e-03 6.4841998e-01 3.1735840e-01 2.4650121e-02
 1.6805093e-03 3.2632768e-05 1.9650893e-06 4.8303292e-08]"
D:\Uni\Ulm\Master\Hiwi-Forschung-und-Lehre\FairFace\detected_faces\1082480_face0.jpg,White,White,Male,20-29,"[5.0818402e-01 4.8139174e-03 4.1551021e-01 2.2447419e-04 6.6753663e-04
 1.3684373e-03 6.9231302e-02]",[0.97047    0.01943821 0.00635436 0.00373744],[9.9999970e-01 3.1363368e-07],"[1.5402680e-06 2.4981449e-05 6.0181436e-03 4.9076596e-01 4.3918449e-01
 6.1427340e-02 2.5498974e-03 2.7391487e-05 2.6049096e-07]"
D:\Uni\Ulm\Master\Hiwi-Forschung-und-Lehre\FairFace\detected_faces\1082512_face0.jpg,White,White,Male,10-19,"[8.0808717e-01 5.6152276e-06 2.6399372e-03 2.7336633e-05 2.2883738e-05
 2.0144844e-05 1.8919685e-01]",[9.9997050e-01 8.5226930e-06 1.6582922e-05 4.4826215e-06],[9.9988538e-01 1.1463512e-04],"[3.5984203e-06 3.0980823e-03 5.8562744e-01 4.0483090e-01 6.3111340e-03
 1.2831629e-04 5.2336014e-07 2.0273706e-08 1.1724230e-09]"
D:\Uni\Ulm\Master\Hiwi-Forschung-und-Lehre\FairFace\detected_faces\1082555_face0.jpg,Latino_Hispanic,Indian,Male,20-29,"[2.5212530e-02 3.3313762e-02 6.9209516e-01 1.0372112e-05 3.8209540e-04
 2.0820010e-01 4.0785946e-02]",[1.6526036e-02 1.3987531e-01 4.9723958e-04 8.4310138e-01],[1.000000e+00 8.715011e-09],"[5.59643105e-08 4.31194821e-05 6.18800335e-02 8.27671051e-01
 1.07263744e-01 3.12900194e-03 1.27479361e-05 1.95662949e-07
 9.27411592e-10]"
D:\Uni\Ulm\Master\Hiwi-Forschung-und-Lehre\FairFace\detected_faces\1082668_face0.jpg,Middle Eastern,White,Male,10-19,"[2.7915743e-01 1.2338499e-04 2.3977036e-02 1.7597743e-04 3.7129014e-04
 1.0021871e-03 6.9519269e-01]",[9.9949080e-01 1.0775144e-04 1.5589870e-04 2.4550193e-04],[9.9940264e-01 5.9736660e-04],"[4.9507315e-07 9.0915589e-03 8.9231825e-01 9.5397741e-02 3.0866256e-03
 1.0458028e-04 7.8085304e-07 4.3773525e-08 1.4941013e-09]"
D:\Uni\Ulm\Master\Hiwi-Forschung-und-Lehre\FairFace\detected_faces\1082693_face0.jpg,Black,Black,Male,20-29,"[1.7087814e-06 9.9988627e-01 6.6193454e-05 7.2974395e-08 4.4747080e-06
 3.7888974e-05 3.3391786e-06]",[1.9432259e-06 9.9990177e-01 3.0271965e-05 6.6150205e-05],[1.000000e+00 9.883587e-09],"[3.2698452e-08 4.2119054e-06 5.6772125e-03 7.8582019e-01 2.0233028e-01
 6.1049778e-03 6.2137289e-05 9.4515963e-07 2.9142855e-08]"
D:\Uni\Ulm\Master\Hiwi-Forschung-und-Lehre\FairFace\detected_faces\1082694_face0.jpg,Latino_Hispanic,Black,Male,20-29,"[0.42961374 0.01051353 0.48379233 0.01003396 0.01311627 0.00496789
 0.04796237]",[0.05701115 0.6174693  0.30066133 0.0248582 ],[9.9999982e-01 1.8712649e-07],"[5.0892325e-08 1.2274729e-06 8.3396891e-03 7.3257709e-01 2.3774119e-01
 2.0474128e-02 8.3794701e-04 2.8491329e-05 1.5884564e-07]"
D:\Uni\Ulm\Master\Hiwi-Forschung-und-Lehre\FairFace\detected_faces\1082714_face0.jpg,Black,Black,Male,20-29,"[1.3357232e-05 9.9907523e-01 3.8885936e-04 3.1145947e-07 1.3576466e-05
 5.0473661e-04 3.8293579e-06]",[1.3162504e-05 9.9854439e-01 5.6189932e-05 1.3862659e-03],[0.99809563 0.00190434],"[9.0274668e-08 1.0347496e-04 1.5210907e-01 7.0131046e-01 1.4110200e-01
 5.3018834e-03 7.2566108e-05 5.1114574e-07 1.4581268e-08]"
D:\Uni\Ulm\Master\Hiwi-Forschung-und-Lehre\FairFace\detected_faces\1082734_face0.jpg,White,White,Male,20-29,"[9.8773873e-01 3.7179284e-06 8.4397302e-04 1.5367808e-06 2.9074072e-06
 4.2222473e-06 1.1404983e-02]",[9.9989223e-01 3.6952770e-05 4.5490793e-05 2.5386433e-05],[9.9999964e-01 3.1226719e-07],"[2.7345763e-07 2.8150274e-05 1.6724288e-02 8.9107984e-01 9.1052115e-02
 1.1103075e-03 4.9391488e-06 5.8745144e-08 7.5559420e-10]"
D:\Uni\Ulm\Master\Hiwi-Forschung-und-Lehre\FairFace\detected_faces\1082797_face0.jpg,White,White,Male,20-29,"[9.8268718e-01 1.0806367e-04 1.0073329e-02 9.6467820e-06 4.1775766e-05
 8.3388106e-05 6.9965948e-03]",[0.9868874  0.00878526 0.00105113 0.00327616],[9.9999994e-01 3.5619436e-08],"[8.0945306e-08 2.9321051e-05 7.5267747e-02 8.8092399e-01 4.2938057e-02
 8.3461497e-04 6.1326214e-06 1.2026966e-07 1.3256009e-09]"
D:\Uni\Ulm\Master\Hiwi-Forschung-und-Lehre\FairFace\detected_faces\1082894_face0.jpg,Black,Black,Male,20-29,"[1.0036795e-05 9.9910116e-01 8.8935805e-05 5.5111304e-06 4.5179615e-05
 7.4514968e-04 4.1653229e-06]",[1.8781438e-04 9.9169022e-01 1.4046683e-03 6.7173997e-03],[9.999979e-01 2.143325e-06],"[2.3965174e-07 2.8689454e-05 2.0913312e-02 5.9878808e-01 2.8523725e-01
 9.0464383e-02 4.4911737e-03 7.5505814e-05 1.3778531e-06]"
D:\Uni\Ulm\Master\Hiwi-Forschung-und-Lehre\FairFace\detected_faces\1082900_face0.jpg,White,White,Male,20-29,"[9.8802537e-01 4.9595296e-06 3.0599020e-03 3.8764567e-05 8.3128281e-05
 7.9611027e-06 8.7799374e-03]",[9.9939901e-01 1.1527137e-05 5.2956387e-04 5.9878308e-05],[9.9999547e-01 4.5777861e-06],"[2.5721580e-08 5.5005996e-05 3.6065975e-01 6.2208563e-01 1.6707120e-02
 4.8945443e-04 2.9805860e-06 5.3382976e-08 7.1413281e-10]"
D:\Uni\Ulm\Master\Hiwi-Forschung-und-Lehre\FairFace\detected_faces\1082961_face0.jpg,White,White,Male,20-29,"[9.9308926e-01 4.5473807e-05 1.1504261e-03 4.4761805e-06 6.0249240e-06
 2.8120214e-05 5.6761838e-03]",[9.9896026e-01 8.6748839e-04 3.9416198e-05 1.3287968e-04],[9.9999893e-01 1.0688769e-06],"[7.5271771e-09 1.3131350e-06 1.1683504e-02 8.8322145e-01 1.0383931e-01
 1.2469303e-03 7.3456026e-06 1.3507281e-07 2.4280109e-09]"
D:\Uni\Ulm\Master\Hiwi-Forschung-und-Lehre\FairFace\detected_faces\1082963_face0.jpg,Black,Black,Male,20-29,"[1.1796351e-06 9.9999583e-01 2.1406777e-06 1.9142594e-09 2.8293487e-08
 5.3290785e-07 3.5711238e-07]",[1.5223529e-05 9.9998254e-01 8.0059431e-07 1.4344457e-06],[9.9999905e-01 9.6093413e-07],"[1.6590615e-06 1.1956032e-03 3.7354644e-02 6.4111555e-01 3.0324236e-01
 1.6716091e-02 3.6414224e-04 9.3047647e-06 5.8630235e-07]"
D:\Uni\Ulm\Master\Hiwi-Forschung-und-Lehre\FairFace\detected_faces\1082965_face0.jpg,Middle Eastern,White,Male,10-19,"[3.6068380e-01 1.1693132e-05 8.5032955e-03 5.1274310e-05 5.2176143e-05
 8.0883940e-04 6.2988895e-01]",[9.9928367e-01 4.1102714e-05 1.6473529e-04 5.1054050e-04],[9.9991769e-01 8.2291226e-05],"[7.5456647e-08 1.8052662e-03 8.0409962e-01 1.9287395e-01 1.2100104e-03
 1.1015149e-05 2.8308735e-08 1.0204405e-09 2.7211408e-11]"
D:\Uni\Ulm\Master\Hiwi-Forschung-und-Lehre\FairFace\detected_faces\1082968_face0.jpg,White,White,Male,30-39,"[7.7594805e-01 7.9225568e-04 1.4126776e-01 3.3667457e-04 7.1869552e-04
 1.7931482e-02 6.3004971e-02]",[9.7128004e-01 1.9172530e-03 6.5591017e-04 2.6146736e-02],[9.9999964e-01 3.7260082e-07],"[3.47205784e-08 2.82746612e-07 1.16124775e-05 2.58698817e-02
 7.44732916e-01 2.27396637e-01 1.98339229e-03 5.18794832e-06
 3.16807807e-08]"
D:\Uni\Ulm\Master\Hiwi-Forschung-und-Lehre\FairFace\detected_faces\1082981_face0.jpg,White,White,Male,20-29,"[9.9059582e-01 3.9301653e-06 1.8824750e-03 1.7880657e-06 4.7755793e-06
 4.3565428e-06 7.5068548e-03]",[9.9974990e-01 1.3725783e-04 6.9477690e-05 4.3435812e-05],[9.9999994e-01 3.1757928e-08],"[6.1055502e-08 2.8193626e-05 5.5642348e-02 9.0049505e-01 4.3489963e-02
 3.4362590e-04 7.5621352e-07 9.1429619e-09 8.8789441e-11]"
D:\Uni\Ulm\Master\Hiwi-Forschung-und-Lehre\FairFace\detected_faces\1082997_face0.jpg,White,Asian,Male,20-29,"[5.8908594e-01 9.5433454e-05 5.5228669e-02 1.8295152e-01 9.5285840e-02
 1.8907092e-04 7.7163458e-02]",[1.7605454e-01 3.0621799e-04 8.2297885e-01 6.6038728e-04],[9.9989110e-01 1.0891077e-04],"[1.5080101e-07 2.7680647e-04 4.6777222e-01 5.2256995e-01 9.2887124e-03
 9.1631315e-05 5.3568385e-07 3.5249517e-08 6.4516936e-10]"
D:\Uni\Ulm\Master\Hiwi-Forschung-und-Lehre\FairFace\detected_faces\1083007_face0.jpg,White,White,Male,20-29,"[9.9982542e-01 8.1674943e-07 7.9774996e-05 2.3502953e-06 5.8432383e-06
 1.7735792e-07 8.5510204e-05]",[9.9998689e-01 7.9689717e-06 4.8488546e-06 2.8713842e-07],[9.9999976e-01 2.7715160e-07],"[2.8701135e-07 2.5453520e-04 1.8094003e-01 7.2139663e-01 8.9057215e-02
 8.1416676e-03 2.0502137e-04 4.5903953e-06 6.8079046e-08]"
D:\Uni\Ulm\Master\Hiwi-Forschung-und-Lehre\FairFace\detected_faces\1083022_face0.jpg,Black,Black,Male,10-19,"[3.3198453e-06 9.9990225e-01 4.3780059e-05 1.0885103e-08 1.1838959e-07
 1.2100661e-05 3.8447644e-05]",[2.3234993e-07 9.9999571e-01 1.6687430e-07 3.8288531e-06],[0.9974747  0.00252533],"[2.3770370e-05 4.1941088e-02 7.2792542e-01 1.8906204e-01 3.6484197e-02
 4.4154045e-03 1.4186258e-04 5.8879150e-06 3.8749590e-07]"
D:\Uni\Ulm\Master\Hiwi-Forschung-und-Lehre\FairFace\detected_faces\1083026_face0.jpg,White,White,Male,10-19,"[9.7883332e-01 1.8294135e-05 8.0418615e-03 3.7694795e-06 1.7548346e-05
 1.1056998e-05 1.3074127e-02]",[9.9948204e-01 2.5387132e-04 2.0471150e-04 5.9286995e-05],[9.9999994e-01 4.5573852e-08],"[7.1958359e-09 5.5649558e-05 5.3257412e-01 4.6453640e-01 2.8013145e-03
 3.2369844e-05 1.7404462e-07 3.7264773e-09 2.8223002e-11]"
D:\Uni\Ulm\Master\Hiwi-Forschung-und-Lehre\FairFace\detected_faces\1083027_face0.jpg,White,White,Male,10-19,"[6.6156328e-01 2.3670269e-05 2.3746781e-02 1.9397437e-04 3.3155677e-04
 3.5415500e-04 3.1378657e-01]",[9.9188191e-01 2.8029329e-04 6.4823329e-03 1.3554478e-03],[9.9999875e-01 1.2751130e-06],"[1.9042041e-06 2.5297273e-02 9.4872183e-01 2.5056606e-02 8.4560667e-04
 7.6215409e-05 5.5437511e-07 2.3201027e-08 4.4532009e-10]"
D:\Uni\Ulm\Master\Hiwi-Forschung-und-Lehre\FairFace\detected_faces\1083045_face0.jpg,Black,Black,Male,20-29,"[1.1821034e-03 7.9593205e-01 4.1625541e-02 7.9089823e-06 3.1595409e-04
 1.5568063e-01 5.2558072e-03]",[1.56409235e-03 8.86656761e-01 4.68501879e-04 1.11310676e-01],[9.9999976e-01 2.7069342e-07],"[9.2647198e-08 1.7807151e-05 2.0098999e-02 7.5817299e-01 2.1218905e-01
 9.3782861e-03 1.3819277e-04 4.5498705e-06 9.1659203e-08]"
D:\Uni\Ulm\Master\Hiwi-Forschung-und-Lehre\FairFace\detected_faces\1083104_face0.jpg,White,White,Male,20-29,"[8.03002357e-01 3.01550521e-04 7.76196644e-02 5.13844599e-04
 1.35808997e-03 2.17776440e-04 1.16986744e-01]",[9.9226362e-01 4.5983266e-04 6.0870755e-03 1.1895022e-03],[9.9999106e-01 8.9906280e-06],"[3.5717317e-08 1.1503713e-05 1.6194621e-02 9.1827148e-01 6.5212265e-02
 3.0962488e-04 4.5327118e-07 1.0180146e-08 1.7660509e-10]"
D:\Uni\Ulm\Master\Hiwi-Forschung-und-Lehre\FairFace\detected_faces\1083107_face0.jpg,Black,Black,Male,10-19,"[3.1419826e-05 9.9775696e-01 7.4806513e-04 5.4818379e-06 4.1510033e-05
 1.1864167e-03 2.3017962e-04]",[4.1986686e-06 9.9993652e-01 1.5626380e-05 4.3581098e-05],[0.9964166 0.0035834],"[6.8106606e-06 1.5428104e-02 6.0041571e-01 3.4921488e-01 3.2848477e-02
 2.0041324e-03 7.7466648e-05 4.1284843e-06 2.4380495e-07]"
D:\Uni\Ulm\Master\Hiwi-Forschung-und-Lehre\FairFace\detected_faces\1083278_face0.jpg,Black,Black,Male,10-19,"[9.4800143e-06 9.9924093e-01 1.4403691e-04 3.8676696e-08 9.9411375e-07
 1.7926077e-04 4.2526593e-04]",[2.1570067e-05 9.9960381e-01 6.9850328e-05 3.0474146e-04],[9.9997014e-01 2.9879022e-05],"[8.6047476e-07 2.3994600e-02 7.9542416e-01 1.7733845e-01 3.1967950e-03
 4.5060449e-05 1.4212009e-07 7.2340542e-09 2.6538149e-10]"
D:\Uni\Ulm\Master\Hiwi-Forschung-und-Lehre\FairFace\detected_faces\1083338_face0.jpg,White,White,Male,20-29,"[8.8929218e-01 1.1005249e-03 3.2575570e-02 1.5401206e-04 4.6557817e-04
 8.9890294e-05 7.6322377e-02]",[9.5226765e-01 4.0769320e-02 6.2207989e-03 7.4227515e-04],[9.9999559e-01 4.4060594e-06],"[7.4714151e-08 2.5285137e-04 4.8773050e-01 5.0631618e-01 5.6565204e-03
 4.3690659e-05 2.0525957e-07 8.5973850e-09 1.8129255e-10]"
D:\Uni\Ulm\Master\Hiwi-Forschung-und-Lehre\FairFace\detected_faces\1083358_face0.jpg,Black,Black,Male,20-29,"[1.8910125e-04 8.6307502e-01 2.7844103e-02 7.4332935e-04 4.4150900e-02
 6.3784324e-02 2.1312009e-04]",[4.7926395e-04 9.2566109e-01 1.5849514e-02 5.8010142e-02],[1.0000000e+00 1.9945606e-08],"[7.1877970e-08 3.0248257e-05 4.1613009e-02 7.8818548e-01 1.6254230e-01
 7.5052311e-03 1.2097901e-04 2.6757136e-06 4.9119325e-08]"
D:\Uni\Ulm\Master\Hiwi-Forschung-und-Lehre\FairFace\detected_faces\1083359_face0.jpg,White,White,Male,20-29,"[9.9013209e-01 1.2350247e-05 8.5002783e-04 1.6154960e-05 1.8642475e-05
 1.3897131e-06 8.9693265e-03]",[9.9968642e-01 2.6000434e-04 4.6531586e-05 7.0263168e-06],[9.9999076e-01 9.3013623e-06],"[2.36721824e-08 1.96688306e-05 2.06821397e-01 7.84094632e-01
 8.94537196e-03 1.18052834e-04 8.09637584e-07 1.93649061e-08
 3.51429469e-10]"
D:\Uni\Ulm\Master\Hiwi-Forschung-und-Lehre\FairFace\detected_faces\1083361_face0.jpg,Middle Eastern,White,Male,20-29,"[4.6376083e-03 8.7479741e-05 1.5516896e-02 4.6266227e-06 3.6060574e-05
 1.1406355e-03 9.7857672e-01]",[0.48223442 0.0579447  0.00333474 0.4564861 ],[1.000000e+00 1.869337e-09],"[8.5896204e-08 5.6746561e-05 5.3639602e-02 9.0920669e-01 3.6708139e-02
 3.8788415e-04 7.9622004e-07 3.6028037e-08 2.1787933e-10]"
D:\Uni\Ulm\Master\Hiwi-Forschung-und-Lehre\FairFace\detected_faces\1083364_face0.jpg,White,White,Male,20-29,"[9.7633654e-01 8.4872754e-06 6.6653858e-03 3.4975982e-04 5.6914595e-04
 2.5628715e-05 1.6044991e-02]",[9.9619645e-01 2.3173990e-04 3.3708946e-03 2.0095549e-04],[1.00000e+00 6.20344e-09],"[7.34349214e-07 1.02716069e-04 7.23577961e-02 6.58794940e-01
 2.47946873e-01 2.02513970e-02 5.35144354e-04 1.02591885e-05
 4.96762063e-08]"
D:\Uni\Ulm\Master\Hiwi-Forschung-und-Lehre\FairFace\detected_faces\1083382_face0.jpg,White,White,Male,20-29,"[9.6353453e-01 7.6783245e-04 1.9186895e-02 5.0223469e-05 1.8225249e-04
 3.3052424e-05 1.6245229e-02]",[9.8481047e-01 1.4757696e-02 3.2945690e-04 1.0237161e-04],[1.0000000e+00 2.8479356e-08],"[1.2142593e-07 9.6333351e-05 1.8189391e-01 7.7998799e-01 3.7396882e-02
 6.1804312e-04 6.6728721e-06 1.4927045e-07 1.5930737e-09]"
D:\Uni\Ulm\Master\Hiwi-Forschung-und-Lehre\FairFace\detected_faces\1083387_face0.jpg,White,White,Male,20-29,"[9.9995434e-01 2.3408894e-07 1.3000377e-05 3.0599585e-07 5.2349293e-07
 5.4441276e-08 3.1462077e-05]",[9.9998367e-01 1.3667550e-05 2.0404373e-06 6.3369134e-07],[9.9997342e-01 2.6539054e-05],"[2.7837259e-06 3.7813224e-04 1.6367945e-01 7.6858902e-01 6.3934520e-02
 3.3229694e-03 9.0271300e-05 2.7623844e-06 1.1114819e-07]"
D:\Uni\Ulm\Master\Hiwi-Forschung-und-Lehre\FairFace\detected_faces\1083390_face0.jpg,Southeast Asian,Asian,Male,20-29,"[0.1105211  0.00927572 0.3105217  0.22505695 0.33770588 0.00177382
 0.00514487]",[0.265722   0.21664147 0.5120595  0.00557699],[9.9999982e-01 1.5345434e-07],"[3.8658374e-08 1.8053646e-05 6.0245637e-02 9.0806067e-01 3.1428888e-02
 2.4492748e-04 1.7481005e-06 5.3384948e-08 1.0297081e-09]"
D:\Uni\Ulm\Master\Hiwi-Forschung-und-Lehre\FairFace\detected_faces\1083398_face0.jpg,Latino_Hispanic,White,Male,10-19,"[2.8442851e-01 7.7996973e-04 4.9831918e-01 9.6126554e-05 7.8947068e-04
 5.2783354e-03 2.1030837e-01]",[0.876238   0.02053148 0.01074069 0.09248988],[9.999997e-01 3.147465e-07],"[1.2600866e-09 1.0803931e-04 9.2666924e-01 7.3080108e-02 1.4198766e-04
 6.0776040e-07 8.5273916e-10 4.5000843e-11 5.0293737e-13]"
D:\Uni\Ulm\Master\Hiwi-Forschung-und-Lehre\FairFace\detected_faces\1083404_face0.jpg,Black,Black,Male,20-29,"[2.0426016e-05 9.9954063e-01 3.4099977e-04 2.8269305e-06 2.9844135e-05
 4.6271267e-05 1.8963327e-05]",[2.1351607e-05 9.9975675e-01 1.3582269e-04 8.6103311e-05],[9.999206e-01 7.937377e-05],"[9.8406623e-08 1.9730205e-05 2.7419081e-02 8.5684109e-01 1.1191385e-01
 3.7639870e-03 4.0810653e-05 1.2762819e-06 8.0767101e-08]"
D:\Uni\Ulm\Master\Hiwi-Forschung-und-Lehre\FairFace\detected_faces\1083408_face0.jpg,White,White,Male,20-29,"[9.4927746e-01 7.5793985e-05 3.7587641e-03 7.9706278e-06 2.1537604e-05
 3.0046116e-05 4.6828415e-02]",[9.9102384e-01 8.4629813e-03 2.9893464e-04 2.1427499e-04],[9.9999517e-01 4.9002024e-06],"[1.4115258e-06 2.3098422e-04 4.8404340e-02 8.3050591e-01 1.1859454e-01
 2.2430434e-03 1.9242023e-05 5.1077683e-07 1.3371260e-08]"
D:\Uni\Ulm\Master\Hiwi-Forschung-und-Lehre\FairFace\detected_faces\1083410_face0.jpg,Middle Eastern,Black,Male,20-29,"[2.3707883e-02 2.3923656e-02 2.8405914e-01 1.2928986e-05 1.0553517e-04
 1.3521687e-02 6.5466923e-01]",[0.12486175 0.8460414  0.00111099 0.02798584],[9.9999827e-01 1.7298161e-06],"[2.4611047e-05 3.4827928e-04 8.6964490e-03 5.4361242e-01 4.0804899e-01
 3.8529463e-02 7.1249623e-04 2.6926027e-05 3.2794262e-07]"
D:\Uni\Ulm\Master\Hiwi-Forschung-und-Lehre\FairFace\detected_faces\1083423_face0.jpg,White,White,Male,20-29,"[9.7618544e-01 4.9123893e-05 1.4575988e-02 2.6368813e-05 5.2310246e-05
 9.2039327e-06 9.1016367e-03]",[9.9952137e-01 3.8537142e-04 8.2232902e-05 1.0983735e-05],[0.7349165 0.2650835],"[1.0820565e-07 1.8924341e-04 3.4632996e-01 6.2203866e-01 3.0827157e-02
 6.0988846e-04 4.8338925e-06 1.4744217e-07 3.8222110e-09]"
D:\Uni\Ulm\Master\Hiwi-Forschung-und-Lehre\FairFace\detected_faces\1083957_face0.jpg,Latino_Hispanic,White,Male,20-29,"[1.6247076e-01 1.1227289e-03 6.3368386e-01 2.1187623e-04 7.7534223e-04
 3.5923647e-03 1.9814306e-01]",[0.7430688  0.10189139 0.05360751 0.10143241],[9.9997771e-01 2.2301083e-05],"[2.82625501e-06 3.14663863e-04 3.88105437e-02 6.79527879e-01
 2.71366239e-01 9.86112282e-03 1.13594404e-04 3.02650983e-06
 6.42418456e-08]"
D:\Uni\Ulm\Master\Hiwi-Forschung-und-Lehre\FairFace\detected_faces\1084005_face0.jpg,White,White,Male,20-29,"[9.9707413e-01 1.0217477e-05 5.0688314e-04 1.1581714e-06 4.2332949e-06
 1.3244198e-05 2.3901251e-03]",[9.9924374e-01 1.1238542e-04 2.3733774e-05 6.2017230e-04],[9.9999911e-01 8.9514384e-07],"[9.4366911e-08 5.4017048e-05 4.9626071e-02 8.9058477e-01 5.8466289e-02
 1.2618111e-03 6.8163481e-06 1.3508674e-07 2.2644180e-09]"
D:\Uni\Ulm\Master\Hiwi-Forschung-und-Lehre\FairFace\detected_faces\1084005_face1.jpg,White,White,Male,20-29,"[9.9523222e-01 1.3830225e-05 6.8418420e-04 1.2500976e-06 4.8315969e-06
 1.9378680e-05 4.0443656e-03]",[9.9887681e-01 1.4823323e-04 2.5419886e-05 9.4950903e-04],[9.9999863e-01 1.4254375e-06],"[1.12170305e-07 6.96655115e-05 5.71401753e-02 8.85645628e-01
 5.59552349e-02 1.18289189e-03 6.15754334e-06 1.22718660e-07
 2.14550555e-09]"
D:\Uni\Ulm\Master\Hiwi-Forschung-und-Lehre\FairFace\detected_faces\1084043_face0.jpg,Black,Black,Male,20-29,"[1.0177150e-06 9.9992174e-01 1.6491786e-05 2.5024741e-08 8.6569236e-07
 5.3853160e-05 6.0438979e-06]",[4.8003221e-07 9.9997455e-01 4.9982987e-06 1.9942516e-05],[9.9998862e-01 1.1315609e-05],"[5.2069264e-08 4.3184398e-05 4.1067980e-02 7.9278511e-01 1.5760052e-01
 8.4041981e-03 9.5367788e-05 3.4590735e-06 1.5335783e-07]"
D:\Uni\Ulm\Master\Hiwi-Forschung-und-Lehre\FairFace\detected_faces\1084081_face0.jpg,White,White,Male,20-29,"[7.9414624e-01 1.4008929e-04 4.0994793e-02 1.6935648e-04 4.3514269e-04
 1.5125728e-04 1.6396311e-01]",[9.9755442e-01 3.6030999e-04 1.0738848e-03 1.0114148e-03],[9.9999291e-01 7.1091476e-06],"[2.1283531e-08 4.5214465e-06 1.1817587e-02 9.2169112e-01 6.6170335e-02
 3.1565514e-04 7.3557999e-07 1.0277616e-08 1.6098076e-10]"
D:\Uni\Ulm\Master\Hiwi-Forschung-und-Lehre\FairFace\detected_faces\1084122_face0.jpg,Black,Indian,Male,10-19,"[8.3624525e-03 5.1451290e-01 2.1351896e-01 1.6207928e-04 8.7047834e-03
 1.8772438e-01 6.7014523e-02]",[0.00149581 0.09535651 0.00694624 0.89620143],[0.99528605 0.00471399],"[2.5821089e-06 4.1002963e-02 9.2371094e-01 3.2884475e-02 2.2432231e-03
 1.5254055e-04 3.1410284e-06 1.8343275e-07 7.7691240e-09]"
D:\Uni\Ulm\Master\Hiwi-Forschung-und-Lehre\FairFace\detected_faces\1084268_face0.jpg,White,White,Male,20-29,"[9.9899203e-01 7.4103934e-07 2.8338822e-05 1.9852857e-06 2.4750718e-06
 4.1460919e-07 9.7409589e-04]",[9.9873537e-01 1.1183481e-03 1.2989984e-04 1.6404536e-05],[9.999987e-01 1.277924e-06],"[7.2343120e-08 5.4773627e-06 4.5209089e-03 6.1785930e-01 3.5644302e-01
 2.0514121e-02 6.4727833e-04 9.6678195e-06 2.2646901e-07]"
D:\Uni\Ulm\Master\Hiwi-Forschung-und-Lehre\FairFace\detected_faces\1084284_face0.jpg,White,White,Male,20-29,"[9.9337459e-01 5.5579847e-05 3.1918797e-03 1.3959078e-05 2.4332632e-05
 2.0968500e-06 3.3375917e-03]",[9.9973637e-01 6.4577755e-05 1.8000000e-04 1.9063556e-05],[9.998859e-01 1.140905e-04],"[4.1055412e-08 1.6437314e-04 4.1059092e-01 5.7301790e-01 1.5674904e-02
 5.4303010e-04 8.5257197e-06 3.2751825e-07 8.4960279e-09]"
D:\Uni\Ulm\Master\Hiwi-Forschung-und-Lehre\FairFace\detected_faces\1084293_face0.jpg,Black,Black,Male,20-29,"[2.0167047e-06 9.9989945e-01 5.5288463e-05 1.5656322e-08 5.4874999e-07
 3.5048564e-05 7.6683082e-06]",[8.5777237e-06 9.9978071e-01 9.1323454e-06 2.0153525e-04],[9.9999994e-01 5.2260393e-08],"[2.0685867e-07 5.1026436e-05 1.7653946e-02 7.2614259e-01 2.4183761e-01
 1.4092710e-02 2.1711645e-04 4.6427881e-06 1.2492883e-07]"
D:\Uni\Ulm\Master\Hiwi-Forschung-und-Lehre\FairFace\detected_faces\1084295_face0.jpg,White,White,Male,20-29,"[8.0603909e-01 5.8884641e-05 9.1334388e-02 3.4048803e-02 8.7525146e-03
 5.1006913e-04 5.9256267e-02]",[0.78001606 0.00110596 0.21370754 0.00517043],[9.9999785e-01 2.1432247e-06],"[3.6316663e-08 3.0367923e-05 1.6653143e-01 7.8918123e-01 4.3547835e-02
 7.0497440e-04 4.0323207e-06 9.2224894e-08 7.8453194e-10]"
D:\Uni\Ulm\Master\Hiwi-Forschung-und-Lehre\FairFace\detected_faces\1084356_face0.jpg,White,White,Male,20-29,"[9.9995387e-01 1.4006606e-07 1.2011222e-05 1.2228033e-07 2.5308410e-07
 3.1185775e-07 3.3268592e-05]",[9.9999899e-01 2.4370371e-07 5.0169206e-07 3.0108151e-07],[9.999999e-01 1.306604e-07],"[2.5085834e-08 3.3460397e-05 9.8369308e-02 8.5937607e-01 4.0498897e-02
 1.7030512e-03 1.8889861e-05 2.5285397e-07 4.7548578e-09]"
D:\Uni\Ulm\Master\Hiwi-Forschung-und-Lehre\FairFace\detected_faces\1084367_face0.jpg,White,White,Male,20-29,"[8.8947439e-01 7.6378339e-05 1.0139635e-02 4.9376704e-05 7.3298448e-05
 5.7374389e-04 9.9613115e-02]",[9.9188966e-01 1.3792746e-03 8.0792321e-04 5.9231566e-03],[9.999992e-01 7.290202e-07],"[4.79602977e-06 1.34563292e-04 3.35996598e-03 5.44480741e-01
 4.38747197e-01 1.32168615e-02 5.51184858e-05 7.83246719e-07
 1.79456645e-08]"
D:\Uni\Ulm\Master\Hiwi-Forschung-und-Lehre\FairFace\detected_faces\1084381_face0.jpg,White,White,Male,20-29,"[9.9792057e-01 1.6866499e-06 5.5277441e-04 4.1513067e-06 1.1828950e-05
 3.9281917e-06 1.5050352e-03]",[9.998934e-01 8.706473e-06 9.000880e-05 7.917342e-06],[9.9999982e-01 1.2794037e-07],"[8.4334533e-07 1.6648372e-04 2.0996591e-02 7.1387118e-01 2.5578648e-01
 9.1131413e-03 6.4630367e-05 7.2523568e-07 1.2508169e-08]"
D:\Uni\Ulm\Master\Hiwi-Forschung-und-Lehre\FairFace\detected_faces\1084399_face0.jpg,White,White,Male,30-39,"[9.9957526e-01 3.3999495e-06 7.7779012e-05 1.4971232e-04 8.9239489e-05
 1.0425748e-06 1.0359738e-04]",[9.7747272e-01 1.7813728e-04 2.2333661e-02 1.5449819e-05],[1.0000000e+00 1.2038141e-08],"[4.8769471e-07 4.8511029e-06 2.4608563e-04 2.5463310e-01 6.7326742e-01
 7.0681319e-02 1.1454548e-03 2.0660054e-05 6.6230655e-07]"
D:\Uni\Ulm\Master\Hiwi-Forschung-und-Lehre\FairFace\detected_faces\1084416_face0.jpg,Middle Eastern,White,Male,20-29,"[2.8306586e-01 4.0376332e-04 1.7771819e-01 1.9265683e-03 5.1568411e-03
 1.2055712e-03 5.3052324e-01]",[0.9673273  0.00186343 0.0263587  0.00445066],[9.999940e-01 6.035893e-06],"[1.4649714e-07 2.8935896e-04 3.0223188e-01 6.6975939e-01 2.7487395e-02
 2.3093761e-04 8.2104560e-07 3.6730867e-08 5.7477645e-10]"
D:\Uni\Ulm\Master\Hiwi-Forschung-und-Lehre\FairFace\detected_faces\1084423_face0.jpg,White,White,Male,10-19,"[6.8954599e-01 8.0191458e-05 1.3390368e-01 4.3434370e-03 5.5337413e-03
 4.5023137e-03 1.6209064e-01]",[9.7417277e-01 3.4929591e-04 1.1339396e-02 1.4138549e-02],[1.0000000e+00 1.1859038e-08],"[4.0772261e-07 1.0660285e-03 6.4680260e-01 3.4134850e-01 1.0572659e-02
 2.0856479e-04 1.2793092e-06 3.7510890e-08 3.2273464e-10]"
D:\Uni\Ulm\Master\Hiwi-Forschung-und-Lehre\FairFace\detected_faces\1084463_face0.jpg,White,White,Male,30-39,"[9.6145684e-01 8.1617606e-04 8.7926621e-03 2.7137257e-05 1.2334576e-04
 1.2284939e-04 2.8661024e-02]",[9.8548448e-01 1.2357667e-02 1.4018696e-03 7.5602875e-04],[1.000000e+00 9.149877e-09],"[3.8477076e-08 1.2996875e-06 1.5367579e-04 2.2554126e-01 7.2971541e-01
 4.4401132e-02 1.8568190e-04 1.4535945e-06 1.7512253e-08]"
D:\Uni\Ulm\Master\Hiwi-Forschung-und-Lehre\FairFace\detected_faces\1084464_face0.jpg,Latino_Hispanic,Black,Male,20-29,"[3.95910665e-02 1.04706556e-01 8.39634120e-01 2.39272180e-04
 3.81852756e-03 6.81031728e-04 1.13295289e-02]",[0.41027808 0.5138452  0.01302771 0.06284903],[9.999999e-01 9.111479e-08],"[6.7063311e-08 2.5333377e-06 5.9866938e-03 6.9637239e-01 2.8894874e-01
 8.6010788e-03 8.7346321e-05 1.2157997e-06 1.2351883e-08]"
D:\Uni\Ulm\Master\Hiwi-Forschung-und-Lehre\FairFace\detected_faces\1084651_face0.jpg,Middle Eastern,White,Male,20-29,"[4.7618899e-02 1.5639882e-05 2.2469364e-02 8.5634289e-05 1.9965530e-04
 3.1845106e-03 9.2642629e-01]",[0.6853027  0.00120479 0.0268313  0.28666127],[9.9999857e-01 1.4622850e-06],"[6.3253392e-06 2.7081068e-03 5.4580279e-02 8.7919587e-01 6.2747717e-02
 7.6046522e-04 1.1321732e-06 2.4680281e-08 4.6080964e-10]"
D:\Uni\Ulm\Master\Hiwi-Forschung-und-Lehre\FairFace\detected_faces\1084657_face0.jpg,Middle Eastern,White,Male,20-29,"[3.8195533e-01 6.0842437e-04 1.2786502e-01 1.6115280e-04 5.1186635e-04
 6.0343733e-03 4.8286378e-01]",[9.7755468e-01 8.1810978e-04 8.3169620e-03 1.3310199e-02],[9.9999982e-01 1.6684479e-07],"[9.3671241e-07 2.6431101e-04 3.4318101e-02 8.6296314e-01 1.0136448e-01
 1.0864844e-03 2.5343386e-06 4.5439119e-08 6.6829087e-10]"
D:\Uni\Ulm\Master\Hiwi-Forschung-und-Lehre\FairFace\detected_faces\1084659_face0.jpg,White,White,Male,20-29,"[9.7207469e-01 1.4175879e-04 1.8487887e-02 9.1621871e-05 1.8483991e-04
 2.3806405e-03 6.6385409e-03]",[9.9149323e-01 1.6965152e-04 4.0292038e-04 7.9342397e-03],[9.999313e-01 6.874487e-05],"[3.9304702e-08 9.7708662e-06 3.2415759e-02 9.0351760e-01 6.3457221e-02
 5.9667259e-04 2.9824237e-06 4.3804558e-08 1.1065143e-09]"
D:\Uni\Ulm\Master\Hiwi-Forschung-und-Lehre\FairFace\detected_faces\1084689_face0.jpg,White,White,Male,20-29,"[9.3246734e-01 5.4920938e-06 1.2191344e-03 2.2282175e-05 1.8861623e-05
 1.3854006e-05 6.6253059e-02]",[9.9898469e-01 3.2169477e-04 2.0556602e-04 4.8806626e-04],[9.9965286e-01 3.4710893e-04],"[2.4208425e-08 4.7647450e-06 3.1830881e-02 8.8810062e-01 7.8615464e-02
 1.4376919e-03 1.0366443e-05 1.6306059e-07 4.9790252e-09]"
D:\Uni\Ulm\Master\Hiwi-Forschung-und-Lehre\FairFace\detected_faces\1084706_face0.jpg,White,White,Male,20-29,"[9.85577166e-01 3.31678420e-05 9.98862181e-03 1.19509765e-04
 1.88206672e-04 9.14172924e-05 4.00186004e-03]",[9.9951398e-01 2.4460689e-05 1.9756109e-04 2.6406048e-04],[9.9998146e-01 1.8495697e-05],"[1.4775530e-07 9.2645614e-06 1.0951357e-02 6.7371768e-01 3.0315647e-01
 1.1995482e-02 1.6844105e-04 1.1830579e-06 2.6534023e-08]"
D:\Uni\Ulm\Master\Hiwi-Forschung-und-Lehre\FairFace\detected_faces\1084709_face0.jpg,White,White,Male,20-29,"[0.4641193  0.00601925 0.14784193 0.00212326 0.00298716 0.0028811
 0.37402806]",[0.80426925 0.10314613 0.01387551 0.07870905],[9.999731e-01 2.686766e-05],"[2.9658494e-07 1.0393840e-05 1.9368006e-02 6.9676214e-01 2.7018642e-01
 1.3446407e-02 2.2197906e-04 4.2563179e-06 7.5342967e-08]"
D:\Uni\Ulm\Master\Hiwi-Forschung-und-Lehre\FairFace\detected_faces\1084730_face0.jpg,Middle Eastern,White,Male,20-29,"[0.21099265 0.00502554 0.34336054 0.01636284 0.05220793 0.00352633
 0.36852422]",[0.5101731  0.02153959 0.4580831  0.01020416],[9.999999e-01 6.364770e-08],"[1.7577803e-06 4.5066576e-05 1.2528821e-02 7.7431273e-01 2.0469977e-01
 8.2401708e-03 1.6182526e-04 9.7801531e-06 1.1395538e-07]"
D:\Uni\Ulm\Master\Hiwi-Forschung-und-Lehre\FairFace\detected_faces\1084737_face0.jpg,Black,Black,Male,20-29,"[6.5345601e-05 9.9976218e-01 7.7649544e-05 3.6539323e-08 5.6085122e-07
 4.4211345e-05 4.9962775e-05]",[6.2966597e-04 9.9911278e-01 1.2628846e-04 1.3128846e-04],[1.0000000e+00 2.2319083e-08],"[1.5638730e-07 5.9485941e-05 3.9464002e-03 5.1874989e-01 4.6124333e-01
 1.5903732e-02 9.6105381e-05 8.6322069e-07 1.7103494e-08]"
D:\Uni\Ulm\Master\Hiwi-Forschung-und-Lehre\FairFace\detected_faces\1084746_face0.jpg,White,White,Male,10-19,"[7.49062777e-01 1.09489165e-05 1.89563422e-03 3.79488483e-05
 6.94058763e-05 4.15550312e-05 2.48881653e-01]",[9.9978793e-01 4.7215326e-05 1.1132280e-04 5.3562337e-05],[9.9999988e-01 8.1235655e-08],"[1.5242209e-08 1.8054277e-04 6.5593493e-01 3.4292513e-01 9.5544674e-04
 3.9911502e-06 5.3591847e-09 1.6020869e-10 1.7751284e-12]"
D:\Uni\Ulm\Master\Hiwi-Forschung-und-Lehre\FairFace\detected_faces\1084747_face0.jpg,White,White,Male,20-29,"[6.4231008e-01 2.4619300e-03 1.0410221e-01 1.5619711e-04 3.1568066e-04
 1.4100078e-03 2.4924386e-01]",[0.9453601  0.03828682 0.01218401 0.00416906],[9.9999988e-01 5.8322318e-08],"[7.67906627e-08 1.11579611e-05 1.57197174e-02 8.20295870e-01
 1.58279642e-01 5.62662398e-03 6.57425117e-05 1.17229706e-06
 1.24031985e-08]"
D:\Uni\Ulm\Master\Hiwi-Forschung-und-Lehre\FairFace\detected_faces\1084754_face0.jpg,White,White,Male,20-29,"[9.4916713e-01 6.4945125e-05 2.9950947e-02 1.8563165e-04 6.4097118e-04
 2.6597391e-04 1.9724511e-02]",[0.9667789  0.00229166 0.02514254 0.00578697],[1.0000000e+00 1.7668972e-08],"[1.77723862e-08 1.88604117e-05 1.08797744e-01 8.56739461e-01
 3.37005556e-02 7.38060044e-04 5.24865527e-06 1.11511937e-07
 8.91368312e-10]"
D:\Uni\Ulm\Master\Hiwi-Forschung-und-Lehre\FairFace\detected_faces\1084770_face0.jpg,Black,Black,Male,20-29,"[1.5840403e-06 9.9938554e-01 1.0749419e-04 6.7773897e-07 4.4065171e-05
 4.5888292e-04 1.8256704e-06]",[7.2129101e-06 9.9950325e-01 1.9660203e-05 4.6989555e-04],[9.9999934e-01 6.9885431e-07],"[3.1386511e-09 5.0672833e-07 1.6860306e-03 6.7342496e-01 3.1898567e-01
 5.8593871e-03 4.3276585e-05 1.9842253e-07 9.1944088e-09]"
D:\Uni\Ulm\Master\Hiwi-Forschung-und-Lehre\FairFace\detected_faces\1084771_face0.jpg,Middle Eastern,White,Male,20-29,"[1.8892764e-01 6.1735319e-04 2.9373416e-01 3.1950278e-04 7.8998104e-04
 1.3187303e-02 5.0242406e-01]",[0.5847478  0.00903876 0.00252697 0.4036865 ],[9.999991e-01 8.529597e-07],"[1.8302225e-06 4.1728310e-04 3.2257423e-02 7.6457465e-01 1.9177373e-01
 1.0840668e-02 1.3249110e-04 1.8980244e-06 2.4087388e-08]"
D:\Uni\Ulm\Master\Hiwi-Forschung-und-Lehre\FairFace\detected_faces\1084772_face0.jpg,White,White,Male,20-29,"[9.9821526e-01 3.3704634e-07 2.1107408e-05 2.3520313e-06 3.3990359e-06
 1.6264369e-07 1.7574644e-03]",[9.9994844e-01 4.4635144e-05 5.5421492e-06 1.3552523e-06],[9.999560e-01 4.396228e-05],"[1.1117636e-06 2.5712972e-04 9.2509247e-02 7.8304356e-01 1.1924603e-01
 4.9077733e-03 3.4708588e-05 5.3095732e-07 2.0374706e-08]"
D:\Uni\Ulm\Master\Hiwi-Forschung-und-Lehre\FairFace\detected_faces\1084779_face0.jpg,Middle Eastern,White,Male,30-39,"[1.2784854e-01 2.3056397e-03 2.7977762e-01 1.5506201e-04 5.6738395e-04
 1.0758151e-02 5.7858765e-01]",[0.96055794 0.01562459 0.00346968 0.02034783],[9.9999291e-01 7.0632027e-06],"[9.6974354e-06 9.8165117e-05 2.1112298e-03 3.3381113e-01 6.1595082e-01
 4.7536813e-02 4.7436752e-04 7.6197362e-06 9.7225872e-08]"
D:\Uni\Ulm\Master\Hiwi-Forschung-und-Lehre\FairFace\detected_faces\1084841_face0.jpg,White,White,Male,20-29,"[6.2939221e-01 7.7990728e-05 1.1084697e-01 9.3484338e-04 1.7156766e-03
 1.3381051e-03 2.5569427e-01]",[0.98986167 0.00146404 0.0050931  0.00358119],[9.999993e-01 6.942637e-07],"[2.6566249e-07 3.3388703e-04 1.1313244e-01 8.7423217e-01 1.2271467e-02
 2.9750172e-05 2.7223974e-08 8.6788660e-10 1.6026897e-11]"
D:\Uni\Ulm\Master\Hiwi-Forschung-und-Lehre\FairFace\detected_faces\1084846_face0.jpg,White,White,Male,20-29,"[9.9079096e-01 6.1098103e-06 2.7354651e-03 4.0233903e-05 8.2307386e-05
 1.3918437e-05 6.3311197e-03]",[9.9986476e-01 9.4631478e-06 7.5955242e-05 4.9770544e-05],[9.9999934e-01 6.3614061e-07],"[1.7541293e-08 1.3839757e-05 2.2516411e-02 8.9057082e-01 8.5083775e-02
 1.8077632e-03 7.3256374e-06 6.6423830e-08 1.1385662e-09]"
D:\Uni\Ulm\Master\Hiwi-Forschung-und-Lehre\FairFace\detected_faces\1084935_face0.jpg,Black,Black,Female,30-39,"[6.2498593e-06 9.9984568e-01 9.7658551e-05 1.6666235e-07 1.0330715e-06
 4.8934118e-05 2.1235634e-07]",[3.0974575e-06 9.9998337e-01 4.4572530e-06 9.0797839e-06],[0.20273028 0.79726976],"[2.6694731e-06 3.0632527e-04 2.3723548e-02 2.6762104e-01 4.5434329e-01
 2.1989097e-01 3.3392549e-02 7.0342782e-04 1.6238577e-05]"
D:\Uni\Ulm\Master\Hiwi-Forschung-und-Lehre\FairFace\detected_faces\1084936_face0.jpg,Black,Black,Male,20-29,"[5.3931115e-04 9.5550787e-01 3.7780903e-02 9.4762454e-06 4.3238525e-04
 4.8708911e-03 8.5918978e-04]",[1.4607451e-04 9.9162209e-01 6.7567779e-04 7.5561646e-03],[9.9999762e-01 2.4168867e-06],"[2.8624338e-06 4.1058037e-04 1.2514807e-01 7.0355481e-01 1.5679969e-01
 1.3676845e-02 3.9658803e-04 1.0477620e-05 2.1496524e-07]"
D:\Uni\Ulm\Master\Hiwi-Forschung-und-Lehre\FairFace\detected_faces\1084948_face0.jpg,White,White,Male,20-29,"[7.5063086e-01 5.7299541e-05 7.2049327e-02 2.0900965e-04 4.7265645e-04
 2.9443525e-02 1.4713743e-01]",[9.7674239e-01 2.2234875e-05 1.8299411e-03 2.1405429e-02],[9.9999905e-01 9.0260045e-07],"[7.8156182e-07 6.2095198e-05 6.3081118e-03 7.8252149e-01 2.0910895e-01
 1.9953435e-03 3.2125654e-06 5.7697132e-08 7.2683948e-10]"
D:\Uni\Ulm\Master\Hiwi-Forschung-und-Lehre\FairFace\detected_faces\1084967_face0.jpg,White,White,Male,20-29,"[8.2972652e-01 1.7205173e-04 6.6548817e-02 6.7756155e-05 2.1052988e-04
 3.0548457e-04 1.0296889e-01]",[0.98633873 0.00273153 0.00224734 0.00868245],[9.999996e-01 3.747656e-07],"[9.82386350e-09 1.30030985e-05 9.57518369e-02 8.68570268e-01
 3.52660380e-02 3.97761469e-04 1.00309876e-06 9.93103288e-09
 1.12439787e-10]"
D:\Uni\Ulm\Master\Hiwi-Forschung-und-Lehre\FairFace\detected_faces\1085031_face0.jpg,Middle Eastern,White,Male,20-29,"[1.20758004e-01 1.60957151e-03 2.94952821e-02 2.66449671e-04
 4.33036912e-04 6.16739446e-04 8.46820951e-01]",[0.9798553  0.00888399 0.00560612 0.00565457],[0.95290416 0.04709584],"[1.3041854e-07 7.4861258e-05 2.1960819e-01 7.1642703e-01 6.1423328e-02
 2.4217111e-03 4.2401418e-05 2.2907554e-06 7.6645115e-08]"
D:\Uni\Ulm\Master\Hiwi-Forschung-und-Lehre\FairFace\detected_faces\1085033_face0.jpg,White,White,Male,10-19,"[9.9433208e-01 1.7995515e-06 2.9572833e-04 4.5465469e-05 3.7541995e-05
 4.0937839e-06 5.2832537e-03]",[9.9783415e-01 3.8195137e-04 1.6369796e-03 1.4685730e-04],[9.9999756e-01 2.4627759e-06],"[3.4132614e-07 1.5484722e-03 8.2288140e-01 1.7362151e-01 1.8991554e-03
 4.8791328e-05 2.5662146e-07 9.2229984e-09 1.7757237e-10]"
D:\Uni\Ulm\Master\Hiwi-Forschung-und-Lehre\FairFace\detected_faces\1085034_face0.jpg,White,White,Male,20-29,"[6.8667293e-01 5.5378687e-04 2.3252320e-01 2.5918073e-04 5.4453831e-04
 5.6781434e-04 7.8878544e-02]",[0.9713302  0.01253571 0.01090947 0.00522472],[9.9995625e-01 4.3719025e-05],"[8.1382439e-07 1.9196264e-03 4.7434691e-01 5.1331550e-01 1.0298537e-02
 1.1820017e-04 4.2536800e-07 6.7710157e-09 1.7386412e-10]"
D:\Uni\Ulm\Master\Hiwi-Forschung-und-Lehre\FairFace\detected_faces\1085081_face0.jpg,White,White,Male,20-29,"[7.5996333e-01 5.3184177e-04 9.6007727e-02 1.0463366e-04 2.2798256e-04
 1.0532895e-03 1.4211120e-01]",[0.87646216 0.1030781  0.0042574  0.01620234],[0.8809114 0.1190886],"[4.4645446e-08 1.6465405e-05 4.3515168e-02 7.4237353e-01 2.0432140e-01
 9.6328016e-03 1.3797314e-04 2.5489096e-06 7.6102957e-08]"
D:\Uni\Ulm\Master\Hiwi-Forschung-und-Lehre\FairFace\detected_faces\1085103_face0.jpg,White,White,Male,20-29,"[7.21658289e-01 6.78914308e-04 1.04277775e-01 6.37351841e-05
 1.56673879e-04 9.44375293e-04 1.72220170e-01]",[9.8978114e-01 1.9300628e-03 6.8387197e-04 7.6049399e-03],[9.9999607e-01 3.9284869e-06],"[1.3792639e-07 3.1777541e-05 1.7157963e-02 9.0389591e-01 7.8209735e-02
 7.0108898e-04 3.3179783e-06 8.2973280e-08 1.4159137e-09]"
D:\Uni\Ulm\Master\Hiwi-Forschung-und-Lehre\FairFace\detected_faces\1085111_face0.jpg,White,White,Male,20-29,"[7.9566413e-01 1.0851231e-05 1.6000557e-01 8.1098184e-04 6.7210436e-04
 5.5535915e-03 3.7282702e-02]",[9.9572039e-01 5.8293037e-05 5.8390922e-04 3.6374950e-03],[9.9999344e-01 6.5790891e-06],"[5.7244290e-07 1.7978826e-04 1.0643887e-01 8.1342286e-01 7.8780584e-02
 1.1706314e-03 6.4833616e-06 1.7214265e-07 1.9309769e-09]"
D:\Uni\Ulm\Master\Hiwi-Forschung-und-Lehre\FairFace\detected_faces\1085180_face0.jpg,Latino_Hispanic,Black,Male,20-29,"[4.7765020e-02 3.4594472e-02 8.9788628e-01 1.9856366e-04 2.0399024e-03
 9.1596656e-03 8.3561148e-03]",[0.06647577 0.60616165 0.01682105 0.3105416 ],[9.9951530e-01 4.8472293e-04],"[4.6761386e-08 8.7010603e-06 5.0830197e-02 7.8961843e-01 1.5401655e-01
 5.4596169e-03 6.5693457e-05 8.1056254e-07 9.9761950e-09]"
D:\Uni\Ulm\Master\Hiwi-Forschung-und-Lehre\FairFace\detected_faces\1085199_face0.jpg,White,White,Male,20-29,"[0.45595157 0.00670981 0.4048069  0.00054643 0.00124406 0.00071197
 0.13002914]",[9.8063195e-01 1.1026782e-02 7.7452604e-03 5.9603911e-04],[9.9999982e-01 1.3517561e-07],"[2.8988175e-06 5.1269184e-05 2.5873901e-03 4.8914436e-01 4.8890701e-01
 1.9145647e-02 1.5892151e-04 2.5438778e-06 2.5396599e-08]"
D:\Uni\Ulm\Master\Hiwi-Forschung-und-Lehre\FairFace\detected_faces\1085223_face0.jpg,White,White,Male,20-29,"[8.9598280e-01 5.3154083e-04 3.4477359e-03 1.3509487e-06 8.7778890e-06
 1.2983891e-04 9.9897921e-02]",[9.9721169e-01 2.7180030e-03 1.4840486e-05 5.5484186e-05],[1.0000000e+00 1.2866882e-09],"[1.7596099e-09 8.9530852e-07 2.9207785e-03 9.3086499e-01 6.6042647e-02
 1.7046327e-04 2.2298332e-07 2.4784819e-09 3.3025045e-11]"
D:\Uni\Ulm\Master\Hiwi-Forschung-und-Lehre\FairFace\detected_faces\1085242_face0.jpg,Middle Eastern,Indian,Male,10-19,"[3.9517521e-03 6.7126166e-06 3.9608027e-03 3.5713681e-06 2.4648549e-05
 3.7442280e-03 9.8830831e-01]",[0.4138915  0.01451732 0.00266216 0.568929  ],[9.9999988e-01 1.4988169e-07],"[4.2429201e-06 6.4433232e-02 8.9035368e-01 4.2575374e-02 2.3942522e-03
 2.3789395e-04 1.2513691e-06 4.9600196e-08 5.6822180e-10]"
D:\Uni\Ulm\Master\Hiwi-Forschung-und-Lehre\FairFace\detected_faces\1085246_face0.jpg,Black,Black,Male,20-29,"[2.5103241e-03 9.0537661e-01 6.9294162e-02 3.0990730e-05 3.2355633e-04
 3.2198641e-03 1.9244501e-02]",[1.2463611e-03 9.9768555e-01 5.3970324e-04 5.2840170e-04],[9.999502e-01 4.981728e-05],"[4.5917980e-07 1.7441494e-05 1.0547771e-02 6.1175919e-01 3.5752776e-01
 1.9846009e-02 2.9617466e-04 5.0743529e-06 1.2960533e-07]"
D:\Uni\Ulm\Master\Hiwi-Forschung-und-Lehre\FairFace\detected_faces\1085252_face0.jpg,White,White,Male,20-29,"[9.7708952e-01 2.0720303e-05 3.9283559e-03 7.4283988e-04 2.3658076e-04
 1.0436703e-05 1.7971499e-02]",[9.9715447e-01 7.0600573e-04 1.3020412e-03 8.3755155e-04],[9.9999976e-01 1.6731053e-07],"[5.2456807e-07 3.1131692e-04 2.5651014e-01 6.7714143e-01 6.3723251e-02
 2.2766832e-03 3.5525311e-05 1.1077140e-06 1.1065419e-08]"
D:\Uni\Ulm\Master\Hiwi-Forschung-und-Lehre\FairFace\detected_faces\1085265_face0.jpg,White,White,Male,20-29,"[8.8726163e-01 5.2167925e-05 5.0000086e-02 2.4219532e-03 1.2887846e-03
 7.4482632e-05 5.8900744e-02]",[9.9823779e-01 2.2537680e-04 1.4419897e-03 9.4831295e-05],[9.9999928e-01 7.2759246e-07],"[8.5875473e-07 2.8616228e-04 1.6414018e-01 7.8990269e-01 4.4811785e-02
 8.5122389e-04 6.9813141e-06 1.4194130e-07 1.7435484e-09]"
D:\Uni\Ulm\Master\Hiwi-Forschung-und-Lehre\FairFace\detected_faces\1085304_face0.jpg,White,White,Male,20-29,"[5.9285140e-01 1.8759986e-04 5.6462210e-02 6.9321854e-05 9.5588868e-05
 2.9685183e-03 3.4736529e-01]",[9.9923015e-01 5.2111489e-05 1.4085133e-05 7.0364127e-04],[9.9980062e-01 1.9937105e-04],"[8.51770164e-04 7.97600448e-02 1.18611075e-01 5.00302672e-01
 2.81898469e-01 1.82873383e-02 2.77709303e-04 1.05232339e-05
 4.06163849e-07]"
D:\Uni\Ulm\Master\Hiwi-Forschung-und-Lehre\FairFace\detected_faces\1085345_face0.jpg,Black,Black,Male,20-29,"[3.90949754e-06 9.99633372e-01 9.61735641e-05 3.07336769e-08
 1.01416549e-06 1.12811846e-04 1.52680441e-04]",[2.169461e-06 9.999527e-01 7.296574e-07 4.432318e-05],[9.9999988e-01 1.4511973e-07],"[1.45760254e-07 1.96958586e-04 6.45185187e-02 8.19565058e-01
 1.12642914e-01 3.06230108e-03 1.37014267e-05 3.63370162e-07
 8.40407299e-09]"
D:\Uni\Ulm\Master\Hiwi-Forschung-und-Lehre\FairFace\detected_faces\1085371_face0.jpg,White,White,Male,10-19,"[9.9792910e-01 3.3825822e-07 6.3292403e-04 6.3571556e-06 1.1840766e-05
 1.0743437e-05 1.4086139e-03]",[9.9990302e-01 1.1125215e-05 6.3263244e-05 2.2613272e-05],[1.0000000e+00 1.9500295e-08],"[1.8567091e-07 6.6370063e-04 5.5816406e-01 4.3352291e-01 7.5505730e-03
 9.8326309e-05 2.2865525e-07 2.1942717e-09 2.3124971e-11]"
D:\Uni\Ulm\Master\Hiwi-Forschung-und-Lehre\FairFace\detected_faces\1085381_face0.jpg,Black,Black,Male,30-39,"[3.7960575e-07 9.9999446e-01 2.9682951e-06 4.6173914e-09 5.5035773e-08
 2.0010320e-06 2.3251289e-07]",[1.9675605e-07 9.9999952e-01 1.2196439e-07 1.5883519e-07],[9.9999672e-01 3.3027766e-06],"[3.2884673e-09 1.9070326e-07 5.6796713e-04 4.5843056e-01 5.0070775e-01
 3.9544173e-02 7.4090384e-04 8.1571216e-06 3.8011433e-07]"
D:\Uni\Ulm\Master\Hiwi-Forschung-und-Lehre\FairFace\detected_faces\1085400_face0.jpg,Black,Black,Male,10-19,"[6.6976376e-05 9.9502259e-01 1.2478486e-03 1.3716238e-04 2.7538138e-03
 7.5203256e-04 1.9540654e-05]",[2.5935551e-05 9.8734820e-01 9.5156152e-03 3.1102670e-03],[9.9998277e-01 1.7270484e-05],"[2.6696404e-07 3.0956175e-03 6.7715800e-01 3.1592667e-01 3.7503636e-03
 6.8203575e-05 7.5975589e-07 4.4525244e-08 2.6425240e-09]"
D:\Uni\Ulm\Master\Hiwi-Forschung-und-Lehre\FairFace\detected_faces\1085555_face0.jpg,White,White,Male,20-29,"[9.8996562e-01 2.4935791e-05 3.9855824e-03 6.9389243e-05 1.1772175e-04
 2.8286796e-04 5.5539194e-03]",[9.9539691e-01 1.5767380e-04 7.3734793e-04 3.7080511e-03],[9.9999982e-01 1.7017946e-07],"[9.38881239e-09 1.68146653e-05 1.15347028e-01 8.74388814e-01
 1.01747485e-02 7.23463236e-05 2.56339774e-07 4.44807036e-09
 6.96899968e-11]"
D:\Uni\Ulm\Master\Hiwi-Forschung-und-Lehre\FairFace\detected_faces\1085569_face0.jpg,White,White,Male,20-29,"[9.7050709e-01 2.1912756e-06 1.1720323e-02 2.3815180e-04 2.6128753e-04
 2.2966256e-05 1.7247973e-02]",[9.9956691e-01 3.2500833e-05 3.5562250e-04 4.4952554e-05],[9.999997e-01 2.795157e-07],"[7.1237270e-07 2.8770845e-04 5.2343968e-02 7.0625162e-01 2.3256414e-01
 8.5104946e-03 4.1072595e-05 2.9392859e-07 2.5336799e-09]"
D:\Uni\Ulm\Master\Hiwi-Forschung-und-Lehre\FairFace\detected_faces\1085570_face0.jpg,White,White,Male,20-29,"[6.5622610e-01 3.8476479e-05 1.0645792e-01 1.8977297e-04 6.1017333e-04
 2.3083768e-03 2.3416910e-01]",[0.9784254  0.00191422 0.01028759 0.00937284],[9.9999994e-01 3.6562007e-08],"[2.88180644e-07 1.10190675e-04 8.43658820e-02 8.34872305e-01
 7.91292191e-02 1.51605939e-03 5.89409819e-06 9.11268714e-08
 6.06542150e-10]"
D:\Uni\Ulm\Master\Hiwi-Forschung-und-Lehre\FairFace\detected_faces\1085572_face0.jpg,Middle Eastern,White,Male,10-19,"[1.7039679e-02 1.3851172e-05 9.3696332e-03 2.2524402e-05 7.1389601e-05
 1.1702066e-03 9.7231269e-01]",[0.9153564  0.00482576 0.0056284  0.07418948],[9.9997902e-01 2.1032763e-05],"[1.3305223e-05 1.0630423e-02 5.2888495e-01 4.3036634e-01 2.9042695e-02
 1.0549333e-03 7.0300835e-06 3.0319634e-07 5.1844142e-09]"
D:\Uni\Ulm\Master\Hiwi-Forschung-und-Lehre\FairFace\detected_faces\1085579_face0.jpg,Middle Eastern,White,Male,20-29,"[2.0231530e-01 2.8797109e-03 3.5988075e-01 2.3232140e-04 4.4478133e-04
 2.5683416e-03 4.3167880e-01]",[0.6959634  0.23653142 0.00876871 0.05873654],[9.999924e-01 7.662970e-06],"[1.1100162e-06 9.5441210e-05 3.3430807e-02 8.8636786e-01 7.8966409e-02
 1.1314608e-03 6.6453199e-06 3.0878556e-07 6.2067946e-09]"
D:\Uni\Ulm\Master\Hiwi-Forschung-und-Lehre\FairFace\detected_faces\1085739_face0.jpg,White,White,Male,20-29,"[7.9297179e-01 8.4501353e-06 1.7667075e-03 3.7946655e-05 5.0729035e-05
 1.6246170e-04 2.0500189e-01]",[9.9939042e-01 7.1948925e-06 1.7656820e-04 4.2575836e-04],[0.9893943 0.0106057],"[9.2556030e-07 5.4953984e-05 5.7705779e-02 8.1983721e-01 1.1204698e-01
 9.6825520e-03 6.1217794e-04 5.5871496e-05 3.5906319e-06]"
D:\Uni\Ulm\Master\Hiwi-Forschung-und-Lehre\FairFace\detected_faces\1085881_face0.jpg,White,White,Male,20-29,"[9.8178858e-01 1.1907032e-05 7.0359376e-03 1.7294602e-04 3.8144024e-04
 6.6765904e-05 1.0542502e-02]",[9.9920565e-01 2.4522193e-05 4.5880198e-04 3.1101459e-04],[9.9999988e-01 1.3574753e-07],"[3.4280951e-08 4.4158460e-05 3.0097327e-01 6.8162924e-01 1.6964629e-02
 3.8603391e-04 2.6342250e-06 3.7382208e-08 3.6849604e-10]"
D:\Uni\Ulm\Master\Hiwi-Forschung-und-Lehre\FairFace\detected_faces\1085938_face0.jpg,Middle Eastern,Indian,Male,20-29,"[6.7028268e-03 9.7463420e-03 1.3576955e-01 2.1255304e-05 3.0246057e-04
 1.7125336e-02 8.3033222e-01]",[0.11062332 0.1776722  0.06746034 0.64424413],[9.9999928e-01 7.1003564e-07],"[5.2889900e-06 2.1359265e-04 2.6246177e-02 7.6178068e-01 2.0307496e-01
 8.6043561e-03 7.3165429e-05 1.8533136e-06 1.7158863e-08]"
D:\Uni\Ulm\Master\Hiwi-Forschung-und-Lehre\FairFace\detected_faces\1085949_face0.jpg,Black,Black,Male,20-29,"[0.00493436 0.6548359  0.25947273 0.00263504 0.06129159 0.00982679
 0.00700356]",[0.00297337 0.9340755  0.05547632 0.00747475],[1.0000000e+00 3.0853432e-08],"[5.3078448e-08 1.5466551e-06 1.0694488e-02 7.9270619e-01 1.8882653e-01
 7.6182834e-03 1.4918717e-04 3.6612294e-06 4.6848854e-08]"
D:\Uni\Ulm\Master\Hiwi-Forschung-und-Lehre\FairFace\detected_faces\1085950_face0.jpg,Black,Black,Male,20-29,"[1.2745468e-06 9.9995267e-01 2.4748180e-05 1.6087814e-08 6.4301423e-07
 1.9133324e-05 1.5580541e-06]",[2.3874902e-06 9.9997950e-01 1.7434663e-06 1.6386219e-05],[9.9999988e-01 1.4886643e-07],"[5.0839763e-08 1.0742433e-05 6.7320629e-03 7.3689651e-01 2.4453364e-01
 1.1646634e-02 1.7523760e-04 4.8725601e-06 2.4237508e-07]"
D:\Uni\Ulm\Master\Hiwi-Forschung-und-Lehre\FairFace\detected_faces\1085982_face0.jpg,White,White,Male,20-29,"[6.6997731e-01 2.4932154e-04 2.9661957e-02 1.4714653e-05 3.6200723e-05
 3.5364958e-04 2.9970682e-01]",[9.9872231e-01 7.9927826e-04 6.2596868e-05 4.1570602e-04],[9.9999976e-01 2.9775293e-07],"[1.2726169e-05 5.2416464e-04 2.9061589e-02 6.7324036e-01 2.7595958e-01
 2.0758232e-02 4.3385703e-04 9.3396511e-06 1.2637138e-07]"
D:\Uni\Ulm\Master\Hiwi-Forschung-und-Lehre\FairFace\detected_faces\1086128_face0.jpg,White,White,Male,20-29,"[7.9794574e-01 1.0677520e-05 6.9506769e-03 2.3648267e-05 5.6055072e-05
 5.0842122e-05 1.9496229e-01]",[9.9712777e-01 8.9279818e-04 5.9087708e-04 1.3885825e-03],[9.9999762e-01 2.3556147e-06],"[2.71566961e-07 2.66225270e-05 1.27653675e-02 8.25589240e-01
 1.58591211e-01 3.01573426e-03 1.13872911e-05 2.05916862e-07
 2.83969603e-09]"
D:\Uni\Ulm\Master\Hiwi-Forschung-und-Lehre\FairFace\detected_faces\1086193_face0.jpg,White,White,Male,10-19,"[9.9994457e-01 9.0775938e-09 7.9588190e-06 1.6131166e-07 3.3318250e-07
 3.5744915e-08 4.6954654e-05]",[9.9995011e-01 6.0391085e-06 3.9563074e-05 4.2831771e-06],[9.9999768e-01 2.2720415e-06],"[8.5768477e-09 1.5777051e-04 8.2532835e-01 1.7307463e-01 1.3983906e-03
 4.0782437e-05 1.0879994e-07 1.2629707e-09 2.4796954e-11]"
D:\Uni\Ulm\Master\Hiwi-Forschung-und-Lehre\FairFace\detected_faces\1086199_face0.jpg,White,White,Male,20-29,"[9.0337723e-01 4.8414789e-04 6.0449678e-02 1.6709701e-04 1.1074240e-03
 4.2896132e-05 3.4371499e-02]",[9.9930024e-01 3.1930304e-04 3.6739657e-04 1.3027661e-05],[9.999944e-01 5.598674e-06],"[2.5132161e-08 2.7929817e-04 4.8967531e-01 5.0658756e-01 3.4387086e-03
 1.9091802e-05 7.1258569e-08 1.7919646e-09 4.2805242e-11]"
D:\Uni\Ulm\Master\Hiwi-Forschung-und-Lehre\FairFace\detected_faces\1086223_face0.jpg,Black,Black,Male,30-39,"[1.8798885e-07 9.9998248e-01 5.5739888e-06 1.1021452e-09 8.7045940e-08
 1.1392374e-05 2.7451867e-07]",[3.8651729e-06 9.9994200e-01 1.7729073e-05 3.6421614e-05],[1.0000000e+00 3.8162526e-09],"[1.8229446e-09 7.3179194e-08 1.7448807e-04 2.9392788e-01 6.5438497e-01
 5.0835293e-02 6.7373697e-04 3.4077723e-06 5.7994555e-08]"
D:\Uni\Ulm\Master\Hiwi-Forschung-und-Lehre\FairFace\detected_faces\1086252_face0.jpg,Middle Eastern,White,Male,20-29,"[4.1693696e-01 1.0119902e-04 4.7580704e-02 2.0441028e-06 2.5506917e-05
 2.9089533e-02 5.0626403e-01]",[9.5912063e-01 6.7393709e-04 7.9522833e-05 4.0125933e-02],[1.000000e+00 6.484374e-11],"[6.9899976e-08 6.4249129e-05 1.1378685e-01 8.4114009e-01 4.4465922e-02
 5.4156076e-04 1.2448337e-06 1.5343861e-08 6.9802941e-11]"
D:\Uni\Ulm\Master\Hiwi-Forschung-und-Lehre\FairFace\detected_faces\1086286_face0.jpg,White,White,Male,20-29,"[9.5398825e-01 2.4773044e-04 3.7043288e-02 7.2136259e-05 2.3318065e-04
 4.3925826e-05 8.3713606e-03]",[9.9800438e-01 2.2084349e-04 1.3341404e-03 4.4060155e-04],[9.9999893e-01 1.1353386e-06],"[3.1967321e-08 3.5870926e-05 3.0816075e-01 6.7534214e-01 1.6046997e-02
 4.0938274e-04 4.7029966e-06 1.1835294e-07 2.4379192e-09]"
D:\Uni\Ulm\Master\Hiwi-Forschung-und-Lehre\FairFace\detected_faces\1086346_face0.jpg,Latino_Hispanic,White,Male,20-29,"[0.18275553 0.0020073  0.72494197 0.00230899 0.00771162 0.01038015
 0.06989453]",[0.5533122  0.02644353 0.24948138 0.17076294],[1.000000e+00 7.830263e-09],"[8.2978978e-08 3.7838850e-05 1.8975673e-02 9.0480304e-01 7.4963115e-02
 1.2140004e-03 5.9726694e-06 2.4316492e-07 1.3798047e-09]"
D:\Uni\Ulm\Master\Hiwi-Forschung-und-Lehre\FairFace\detected_faces\1086347_face0.jpg,White,White,Male,20-29,"[9.9658382e-01 1.4354229e-05 1.9563469e-03 9.4216457e-06 1.5585983e-05
 1.7057636e-06 1.4186986e-03]",[9.9990851e-01 5.6901215e-05 2.7158298e-05 7.3842070e-06],[1.0000000e+00 1.0891541e-08],"[4.3582311e-08 9.5099886e-06 3.2637827e-02 9.2047888e-01 4.6411704e-02
 4.5913592e-04 2.8970117e-06 3.7727641e-08 4.9177917e-10]"
D:\Uni\Ulm\Master\Hiwi-Forschung-und-Lehre\FairFace\detected_faces\1086415_face0.jpg,Latino_Hispanic,White,Male,10-19,"[2.8475133e-01 7.3900367e-03 6.3103449e-01 3.3981446e-04 3.3518190e-03
 7.3696934e-03 6.5762870e-02]",[0.5785937  0.28569657 0.00607768 0.12963203],[9.9999946e-01 5.2123443e-07],"[1.1129258e-08 9.9062636e-05 5.4604578e-01 4.4937968e-01 4.4519673e-03
 2.3410876e-05 7.2927520e-08 2.3658868e-09 3.6689374e-11]"
D:\Uni\Ulm\Master\Hiwi-Forschung-und-Lehre\FairFace\detected_faces\1086417_face0.jpg,White,White,Male,20-29,"[9.9996668e-01 1.6490600e-07 9.3668932e-06 2.4287119e-06 1.3516031e-06
 8.5335877e-08 1.9935738e-05]",[9.9997926e-01 7.5599742e-06 1.0278418e-05 2.8521988e-06],[9.9999094e-01 9.0918475e-06],"[4.4389026e-08 5.7300298e-05 1.2550765e-01 8.4958583e-01 2.2945872e-02
 1.7746491e-03 1.2493950e-04 3.6427041e-06 8.9314625e-08]"
D:\Uni\Ulm\Master\Hiwi-Forschung-und-Lehre\FairFace\detected_faces\1086436_face0.jpg,White,White,Male,20-29,"[9.2731184e-01 2.6968920e-03 3.4853447e-02 2.0316518e-04 5.9328845e-04
 2.3163104e-05 3.4318112e-02]",[9.7844028e-01 1.9202704e-02 2.2858398e-03 7.1177914e-05],[1.0000000e+00 7.4110336e-09],"[3.1863428e-07 4.3411736e-05 7.7455924e-03 8.1403422e-01 1.7649180e-01
 1.6783254e-03 6.2389463e-06 1.5508051e-07 2.2797708e-09]"
D:\Uni\Ulm\Master\Hiwi-Forschung-und-Lehre\FairFace\detected_faces\1086439_face0.jpg,Black,Black,Male,20-29,"[2.9086782e-02 5.2987146e-01 2.1598624e-01 7.3826282e-05 8.7458157e-04
 1.0498435e-02 2.1360867e-01]",[0.02091754 0.963813   0.00337213 0.0118973 ],[9.9999940e-01 6.2385647e-07],"[6.8258409e-08 8.0850274e-05 9.7905800e-02 8.5121894e-01 5.0286774e-02
 5.0603907e-04 1.4479663e-06 3.8862556e-08 5.5388055e-10]"
D:\Uni\Ulm\Master\Hiwi-Forschung-und-Lehre\FairFace\detected_faces\1086581_face0.jpg,Middle Eastern,White,Male,20-29,"[8.3499022e-02 5.3135427e-05 1.3082903e-02 5.6336457e-06 4.3367247e-05
 2.0511082e-04 9.0311080e-01]",[0.98786545 0.00381745 0.00150157 0.00681553],[0.9802404  0.01975956],"[3.3231535e-07 5.6576612e-04 2.5670835e-01 6.4889616e-01 8.5656777e-02
 7.9996781e-03 1.6661979e-04 6.2372105e-06 9.9744838e-08]"
D:\Uni\Ulm\Master\Hiwi-Forschung-und-Lehre\FairFace\detected_faces\1086582_face0.jpg,White,White,Male,20-29,"[8.2965219e-01 2.1809238e-04 1.2843333e-01 1.2712282e-03 1.0805441e-03
 5.4688111e-04 3.8797781e-02]",[9.8241919e-01 2.9106167e-04 1.6208675e-02 1.0810016e-03],[9.99985874e-01 1.41282135e-05],"[4.8064319e-08 2.6186403e-06 2.0321082e-02 8.3066839e-01 1.3885584e-01
 9.9571189e-03 1.8889581e-04 5.9036461e-06 5.9080836e-08]"
D:\Uni\Ulm\Master\Hiwi-Forschung-und-Lehre\FairFace\detected_faces\1086583_face0.jpg,White,White,Male,20-29,"[9.8258275e-01 7.6309545e-05 1.0049298e-02 4.6839610e-05 1.2111021e-04
 8.1222515e-06 7.1155657e-03]",[9.9990767e-01 4.3060340e-05 2.1881020e-05 2.7458138e-05],[9.9959874e-01 4.0127628e-04],"[1.1521989e-08 2.1024618e-05 2.7002507e-01 7.1765637e-01 1.2034244e-02
 2.6011447e-04 3.0449658e-06 1.1205245e-07 3.0961840e-09]"
D:\Uni\Ulm\Master\Hiwi-Forschung-und-Lehre\FairFace\detected_faces\1086629_face0.jpg,Black,Black,Male,20-29,"[1.8665112e-06 9.9977654e-01 2.2888486e-05 2.4468162e-07 3.4946195e-06
 1.9302608e-04 1.9278182e-06]",[4.3065506e-07 9.9997932e-01 3.2660751e-06 1.6921771e-05],[0.98740727 0.01259277],"[2.0673535e-07 2.5066180e-04 8.9376628e-02 7.8440434e-01 1.2259128e-01
 3.3209436e-03 5.4558073e-05 1.3444926e-06 9.0139324e-08]"
D:\Uni\Ulm\Master\Hiwi-Forschung-und-Lehre\FairFace\detected_faces\1086805_face0.jpg,Black,Black,Female,40-49,"[6.6225685e-04 7.4819779e-01 1.0594575e-02 5.7647581e-04 7.8002391e-03
 2.3183346e-01 3.3520011e-04]",[7.693925e-05 9.954188e-01 6.007454e-05 4.444273e-03],[0.473384 0.526616],"[2.2530827e-05 3.8052822e-04 1.2436773e-02 9.6977249e-02 2.5722250e-01
 3.7410820e-01 2.3133315e-01 2.5254456e-02 2.2645779e-03]"
D:\Uni\Ulm\Master\Hiwi-Forschung-und-Lehre\FairFace\detected_faces\1086992_face0.jpg,White,White,Male,20-29,"[4.8427451e-01 3.3858637e-04 2.9224789e-01 3.1952623e-05 1.0104660e-04
 2.0513812e-03 2.2095470e-01]",[9.9607366e-01 8.9075140e-05 6.3423032e-04 3.2030314e-03],[9.9999946e-01 5.1243046e-07],"[4.5164261e-06 2.9521165e-03 3.3094841e-01 6.2641799e-01 3.8642328e-02
 1.0305507e-03 3.9786573e-06 7.2381653e-08 1.0499257e-09]"
D:\Uni\Ulm\Master\Hiwi-Forschung-und-Lehre\FairFace\detected_faces\1087043_face0.jpg,White,White,Male,20-29,"[6.3777268e-01 6.1191129e-04 3.1938994e-01 7.1274335e-03 6.1723962e-03
 4.4515836e-03 2.4473976e-02]",[0.992578   0.00122337 0.00209393 0.00410464],[9.9955887e-01 4.4118025e-04],"[2.9287080e-06 8.0679962e-04 3.8663620e-01 5.2680945e-01 7.8381188e-02
 7.1841460e-03 1.7479656e-04 4.3610057e-06 1.2798795e-07]"
D:\Uni\Ulm\Master\Hiwi-Forschung-und-Lehre\FairFace\detected_faces\1087267_face0.jpg,White,White,Male,10-19,"[7.2454095e-01 5.3984946e-05 4.5855530e-02 2.1733282e-05 3.1617139e-05
 7.8330748e-05 2.2941780e-01]",[9.9984789e-01 3.3365282e-05 4.1273765e-05 7.7487457e-05],[9.9998271e-01 1.7243152e-05],"[8.1723482e-07 4.0867841e-03 9.1714966e-01 7.4853756e-02 3.7638356e-03
 1.4435188e-04 7.7356896e-07 3.1785817e-08 6.7466055e-10]"
D:\Uni\Ulm\Master\Hiwi-Forschung-und-Lehre\FairFace\detected_faces\1087316_face0.jpg,White,White,Male,20-29,"[7.8404284e-01 2.9410305e-04 1.8341279e-01 3.0250771e-05 1.0922447e-04
 2.3081648e-04 3.1879909e-02]",[9.982450e-01 9.283383e-04 1.805520e-04 6.460041e-04],[9.9997705e-01 2.2964279e-05],"[7.6941111e-09 2.6673572e-06 3.5720479e-02 8.8838351e-01 7.4934006e-02
 9.5456489e-04 4.7614490e-06 4.7084967e-08 5.4830313e-10]"
D:\Uni\Ulm\Master\Hiwi-Forschung-und-Lehre\FairFace\detected_faces\1087359_face0.jpg,Black,Indian,Male,30-39,"[3.2789952e-03 5.5224127e-01 2.4732958e-01 2.6566070e-06 1.1270353e-04
 1.9089314e-01 6.1417897e-03]",[0.00304979 0.42017135 0.00307705 0.5737018 ],[1.000000e+00 3.646143e-08],"[2.8746555e-07 1.0477505e-06 2.8193466e-04 1.0466077e-01 6.8720710e-01
 2.0136410e-01 6.4222827e-03 6.2175168e-05 3.0696245e-07]"
D:\Uni\Ulm\Master\Hiwi-Forschung-und-Lehre\FairFace\detected_faces\1087380_face0.jpg,White,White,Male,10-19,"[7.3411244e-01 1.0687779e-03 4.0068433e-02 4.9352362e-05 1.2077014e-04
 5.8048896e-05 2.2452220e-01]",[9.9697560e-01 2.4402665e-03 5.3453277e-04 4.9542348e-05],[9.9999815e-01 1.8682831e-06],"[4.0055987e-05 4.3101244e-02 4.3824631e-01 4.1943449e-01 9.4742402e-02
 4.3487018e-03 8.1848120e-05 4.8021820e-06 1.3218633e-07]"
